Tanggal,NO INVOICE,Kode Customer / Vendor,Nama Customer / Vendor,Gabungan,Kode Barang,Stock,Kode Batch,Kode Mutasi,Jenis Barang,Nama Barang,Satuan,BATCH / ED,Qty, Harga Satuan (HNA) ,DISC, Nilai , TOTAL , PPN , TOTAL BAYAR ,Keterangan,Salesman,ALASAN RETUR
02/07/2026,INV.KMS.2602216,DK00292,APOTEK PINTU DUA,DV000031,DV00003,,1,2,0,Vicee Lemon Tab 100's,Dus,KX5A369 / Des-27,1," 63,688 ",," 63,688 "," 127,376 "," 14,011 "," 141,387 ",Penjualan,ANGGA,
02/07/2026,INV.KMS.2602216,DK00292,APOTEK PINTU DUA,DV000041,DV00004,,1,2,0,Vicee Orange Tab 100's,Dus,LX5A121 / Jan-28,1," 63,688 ",," 63,688 ",, - , - ,Penjualan,ANGGA,
02/07/2026,INV.KMS.2602217,DK00196,APOTEK MUKJIZAT ,DV000111,DV00011,,1,2,0,Natur E 100 IU Soft Cap 16's,Dus,5EF1288 / Jun-28,6," 17,703 ",3," 103,031 "," 765,061 "," 84,157 "," 849,218 ",Penjualan,ANGGA,
02/07/2026,INV.KMS.2602217,DK00196,APOTEK MUKJIZAT ,IJ000021,IJ00002,,1,2,0,Guaifenesin 100 mg (IMR) 100's,Dus,0151250 / Des-27,5," 15,000 ",," 75,000 ",, - , - ,Penjualan,ANGGA,
02/07/2026,INV.KMS.2602217,DK00196,APOTEK MUKJIZAT ,AF000201,AF00020,,1,2,0,Vitamin B12 50 mcg (AFI) 100's,Dus,B30616 / Feb-30,5," 10,000 ",," 50,000 ",, - , - ,Penjualan,ANGGA,
02/07/2026,INV.KMS.2602217,DK00196,APOTEK MUKJIZAT ,TF000071,TF00007,,1,2,0,Ibuprofen 400 mg (Trifa) 100's,Dus,2601144 / Jan-28,4," 29,500 ",," 118,000 ",, - , - ,Penjualan,ANGGA,
02/07/2026,INV.KMS.2602217,DK00196,APOTEK MUKJIZAT ,TF000072,TF00007,,2,2,0,Ibuprofen 400 mg (Trifa) 100's,Dus,2602051 / Feb-28,1," 29,500 ",," 29,500 ",, - , - ,Penjualan,ANGGA,
02/07/2026,INV.KMS.2602217,DK00196,APOTEK MUKJIZAT ,KF000471,KF00047,,1,2,OTC,Bedak Marcks Putih 40gr,Pot,K50843S / Nov-30,3," 18,165 ",," 54,495 ",, - , - ,Penjualan,ANGGA,
02/07/2026,INV.KMS.2602217,DK00196,APOTEK MUKJIZAT ,KF000481,KF00048,,1,2,OTC,Bedak Marcks Creme 40gr,Pot,H50579S / Aug-30,3," 18,165 ",," 54,495 ",, - , - ,Penjualan,ANGGA,
02/07/2026,INV.KMS.2602217,DK00196,APOTEK MUKJIZAT ,RM000121,RM00012,,1,2,0,Amlodipine Besilate 10 mg (Rama) 100's,Dus,T12005BE / Des-27,10," 15,554 ",," 155,540 ",, - , - ,Penjualan,ANGGA,
02/07/2026,INV.KMS.2602217,DK00196,APOTEK MUKJIZAT ,PS000011,PS00001,,1,2,0,Diclofenac Sodium 50 mg (Phapros) 50's,Dus ,96365002 / Mar-30,10," 12,500 ",," 125,000 ",, - , - ,Penjualan,ANGGA,
02/07/2026,INV.KMS.2602218,DK00196,APOTEK MUKJIZAT ,KF000321,KF00032,,1,2,Generik,Simvastatin 10 mg (KF) 50's,Dus,E50674N / Mei-27,10," 17,000 ",17.5," 140,250 "," 140,250 "," 15,428 "," 155,678 ",Penjualan,ANGGA,
02/07/2026,INV.KMS.2602219,DK00549,APOTEK AZHAM MEDIKA ,MC000011,MC00001,,1,2,0,Sangobion Caps 250's,Dus,L0792178 / Aug-27,1," 471,750 ",," 471,750 "," 509,046 "," 55,995 "," 565,041 ",Penjualan,ANGGA,
02/07/2026,INV.KMS.2602219,DK00549,APOTEK AZHAM MEDIKA ,EP000281,EP00028,,1,2,0,Norit Tab 40's ,Dus,PT00171 / Jun-30,2," 18,648 ",," 37,296 ",, - , - ,Penjualan,ANGGA,
02/07/2026,INV.KMS.2602220,DK00524,APOTEK K-24 PERINTIS,NP000381,NP00038,,1,2,0,Zinc Sulfate 20 mg (Nova) 100's,Dus,2512-06-350 / Des-27,2," 25,000 ",," 50,000 "," 202,453 "," 22,270 "," 224,723 ",Penjualan,ANGGA,
02/07/2026,INV.KMS.2602220,DK00524,APOTEK K-24 PERINTIS,DV000461,DV00046,,1,2,0,Aspilets Tab 100 mg 100's,Dus,JX5A200 / Okt-27,1," 64,000 ",," 64,000 ",, - , - ,Penjualan,ANGGA,
02/07/2026,INV.KMS.2602220,DK00524,APOTEK K-24 PERINTIS,FM000071,FM00007,,1,2,0,Piroxicam 20 mg (FM) 100's,Dus,086855 / Des-27,1," 24,703 ",," 24,703 ",, - , - ,Penjualan,ANGGA,
02/07/2026,INV.KMS.2602220,DK00524,APOTEK K-24 PERINTIS,KF001421,KF00142,,1,2,Generik,"Betametason 0,1% Krim (KF) 5g @25 Tube",Dus,K52217W / Nov-27,1," 63,750 ",," 63,750 ",, - , - ,Penjualan,ANGGA,
02/07/2026,INV.KMS.2602221,DK00220,APOTIK SUMBER REJEKI,SL000091,SL00009,,1,2,0,Prednisone 5 mg (SLF) 100's,Dus,54095 / Okt-28,4," 13,091 ",," 52,364 "," 215,910 "," 23,750 "," 239,660 ",Penjualan,ANGGA,
02/07/2026,INV.KMS.2602221,DK00220,APOTIK SUMBER REJEKI,SL000092,SL00009,,2,2,0,Prednisone 5 mg (SLF) 100's,Dus,61398 / Mar-29,6," 13,091 ",," 78,546 ",, - , - ,Penjualan,ANGGA,
02/07/2026,INV.KMS.2602221,DK00220,APOTIK SUMBER REJEKI,NP000461,NP00046,,1,2,0,"Meloxicam 7,5 mg (Nova) 100's",Dus,251103174 / Nov-27,5," 17,000 ",," 85,000 ",, - , - ,Penjualan,ANGGA,
02/07/2026,INV.KMS.2602222,DK00191,APOTIK PATTENE,HF000011,HF00001,,1,2,Mengandung Prekursor,Hufagripp Flu & Batuk Sirup 60 ml,Botol,A900616 / Mar-29,15," 21,620 ",," 324,300 "," 324,300 "," 35,673 "," 359,973 ",Penjualan,ANGGA,
02/07/2026,INV.KMS.2602222,DK00191,APOTIK PATTENE,HF000011,HF00001,,1,2,Mengandung Prekursor,Hufagripp Flu & Batuk Sirup 60 ml,Botol,A900616 / Mar-29,1," 21,620 ",100, - ,, - , - ,Penjualan,ANGGA,
02/07/2026,INV.KMS.2602223,DK00191,APOTIK PATTENE,EX000051,EX00005,,1,2,0,Domperidone Sirup (Erlimpex) 60 ml,Botol,S.23260018 / Mar-28,12," 5,000 ",," 60,000 "," 198,840 "," 21,872 "," 220,712 ",Penjualan,ANGGA,
02/07/2026,INV.KMS.2602223,DK00191,APOTIK PATTENE,TM000131,TM00013,,1,2,0,Vitamin C IPI 45's,Botol,040786 / Apr-28,24," 5,785 ",," 138,840 ",, - , - ,Penjualan,ANGGA,
02/07/2026,INV.KMS.2602224,DK00196,APOTEK MUKJIZAT ,DV000451,DV00045,,1,2,Mengandung Prekursor,Decolgen Kids Sirup 60 ml ,Botol,6FA0223 / Jan-28,3," 12,875 ",," 38,625 "," 184,625 "," 20,309 "," 204,934 ",Penjualan,ANGGA,
02/07/2026,INV.KMS.2602224,DK00196,APOTEK MUKJIZAT ,GS000101,GS00010,,1,2,Mengandung Prekursor,Panadol Cold Flu 100's,Dus,NM6U / Okt-28,1," 146,000 ",," 146,000 ",, - , - ,Penjualan,ANGGA,
02/07/2026,1610830067,APL0002,PT. Anugerah Pharmindo Lestari,GS000042,GS00004,,2,1,0,Panadol Extra 100's,Dus,UB8G / Des-28,10," 110,931 ",," 1,109,310 "," 2,116,650 "," 232,832 "," 2,349,482 ",Barang Masuk,APJ,
02/07/2026,1610830067,APL0002,PT. Anugerah Pharmindo Lestari,GS000032,GS00003,,2,1,0,Panadol Kaplet 100's,Dus,NL9W / Okt-28,1," 100,734 ",," 100,734 ",, - , - ,Barang Masuk,APJ,
02/07/2026,1610830067,APL0002,PT. Anugerah Pharmindo Lestari,GS000033,GS00003,,3,1,0,Panadol Kaplet 100's,Dus,TE8C / Des-28,9," 100,734 ",," 906,606 ",, - , - ,Barang Masuk,APJ,
02/07/2026,1610829935,APL0002,PT. Anugerah Pharmindo Lestari,GS000202,GS00020,,2,1,0,Polident Adhesive Fresh Mint 60 gr,Pcs,M69A / Sep-28,20," 77,271 ",," 1,545,420 "," 1,545,420 "," 169,996 "," 1,715,416 ",Barang Masuk,APJ,
02/07/2026,1610829634,APL0002,PT. Anugerah Pharmindo Lestari,DV000062,DV00006,,2,1,0,Vicee Grape Tab 100's,Dus,PX6A093 / Apr-28,20," 63,688 ",," 1,273,760 "," 9,280,260 "," 1,020,829 "," 10,301,089 ",Barang Masuk,APJ,
02/07/2026,1610829634,APL0002,PT. Anugerah Pharmindo Lestari,DV000032,DV00003,,2,1,0,Vicee Lemon Tab 100's,Dus,PX6A070 / Mei-28,60," 63,688 ",," 3,821,280 ",, - , - ,Barang Masuk,APJ,
02/07/2026,1610829634,APL0002,PT. Anugerah Pharmindo Lestari,DV000042,DV00004,,2,1,0,Vicee Orange Tab 100's,Dus,PX6A111 / Feb-28,40," 63,688 ",," 2,547,520 ",, - , - ,Barang Masuk,APJ,
02/07/2026,1610829634,APL0002,PT. Anugerah Pharmindo Lestari,DV000492,DV00049,,2,1,0,Decolgen PE Tab 100's,Dus,26055502 / Apr-28,30," 54,590 ",," 1,637,700 ",, - , - ,Barang Masuk,APJ,
02/07/2026,68260053455,AAM0004,PT. Anugrah Argon Medica,PS000042,PS00004,,2,1,Mengandung Prekursor,Noza Kaplet 100's,Dus,96046004 / Feb-28,30," 122,500 ",," 3,675,000 "," 3,675,000 "," 404,250 "," 4,079,250 ",Barang Masuk,APJ,
02/07/2026,INV.KMS.2602225,DK00281,"RUMAH SAKIT IBU DAN ANAK ""AMANAT""",SR000021,SR00002,,1,2,0,Ringer Lactate Infus (Satoria) 500 ml,Botol,2D1A6E036 / Mei-28,100," 8,602 ",," 860,200 "," 860,200 "," 94,622 "," 954,822 ",Penjualan,SYARIF,
02/07/2026,INV.KMS.2602226,DK00196,APOTEK MUKJIZAT ,KB000011,KB00001,,1,2,0,Kapsida Bersih Darah Kembang Bulan 12's,Pak,K145051003 / Okt-30,1," 205,000 ",," 205,000 "," 205,000 "," 22,550 "," 227,550 ",Penjualan,ANGGA,
02/07/2026,INV.KMS.2602227,DK00333,APOTEK ANUGERAH SEJATI ,AF000131,AF00013,,1,2,0,Vitamin B Complex 150 mg (AFI) 100's,Dus,K40505 / Nov-29,3," 11,500 ",," 34,500 "," 291,493 "," 32,064 "," 323,557 ",Penjualan,SYARIF,
02/07/2026,INV.KMS.2602227,DK00333,APOTEK ANUGERAH SEJATI ,TM000031,TM00003,,1,2,0,My Baby M. Telon Plus 90 ml,Botol,0553126 / Mei-28,4," 19,567 ",," 78,268 ",, - , - ,Penjualan,SYARIF,
02/07/2026,INV.KMS.2602227,DK00333,APOTEK ANUGERAH SEJATI ,US000181,US00018,,1,2,0,Freshcare Smash Inhaler Roll On 8 ml,Pcs,26E04211 / Mei-29,12," 11,560 ",," 138,720 ",, - , - ,Penjualan,SYARIF,
02/07/2026,INV.KMS.2602227,DK00333,APOTEK ANUGERAH SEJATI ,EP000461,EP00046,,1,2,0,MKP Bayi Lavender 60 ml,Botol,PN00509 / Nov-30,3," 13,335 ",," 40,005 ",, - , - ,Penjualan,SYARIF,
02/07/2026,INV.KMS.2602228,DK00591,APOTEK MULTI FAMILY,IF000241,IF00024,,1,2,0,Farsifen 400 mg 100's,Dus,CL0E8 / Jun-30,2," 44,725 ",," 89,450 "," 162,700 "," 17,897 "," 180,597 ",Penjualan,ANGGA,
02/07/2026,INV.KMS.2602228,DK00591,APOTEK MULTI FAMILY,KF000371,KF00037,,1,2,OTC,Bedak Salisil 2% 60gr,Pot,D60155S / Apr-31,5," 7,500 ",," 37,500 ",, - , - ,Penjualan,ANGGA,
02/07/2026,INV.KMS.2602228,DK00591,APOTEK MULTI FAMILY,NC000041,NC00004,,1,2,0,Bedak Salicyl Non Menthol (Nellco) 60gr,Pot,8035012 / Mar-29,5," 7,150 ",," 35,750 ",, - , - ,Penjualan,ANGGA,
02/07/2026,INV.KMS.2602229,DK00074,APOTIK JERIC FARMA,MF000021,MF00002,,1,2,0,Betadine Solutio 15 ml,Botol,DB26014 / Mar-30,3," 14,675 ",," 44,025 "," 632,688 "," 69,596 "," 702,284 ",Penjualan,SYARIF,
02/07/2026,INV.KMS.2602229,DK00074,APOTIK JERIC FARMA,MF000071,MF00007,,1,2,0,Betadine Solutio 30 ml,Botol,BB26060 / Jan-30,2," 25,066 ",," 50,132 ",, - , - ,Penjualan,SYARIF,
02/07/2026,INV.KMS.2602229,DK00074,APOTIK JERIC FARMA,TM000161,TM00016,,1,2,0,Bodrex Migra Kaplet 100's,Dus,021866 / Feb-29,1," 53,000 ",," 53,000 ",, - , - ,Penjualan,SYARIF,
02/07/2026,INV.KMS.2602229,DK00074,APOTIK JERIC FARMA,TM000051,TM00005,,1,2,0,Bodrex Tab 20's,Dus,111585 / Okt-30,12," 8,426 ",," 101,112 ",, - , - ,Penjualan,SYARIF,
02/07/2026,INV.KMS.2602229,DK00074,APOTIK JERIC FARMA,JJ000031,JJ00003,,1,2,0,Mylanta Liquid 150 ml,Botol,B14R0082 / Feb-29,1," 39,800 ",," 39,800 ",, - , - ,Penjualan,SYARIF,
02/07/2026,INV.KMS.2602229,DK00074,APOTIK JERIC FARMA,JJ000021,JJ00002,,1,2,0,Mylanta Liquid 50 ml,Botol,B14P0631 / Des-28,3," 15,007 ",," 45,021 ",, - , - ,Penjualan,SYARIF,
02/07/2026,INV.KMS.2602229,DK00074,APOTIK JERIC FARMA,JJ000011,JJ00001,,1,2,0,Mylanta Tab 100's,Dus,12R0041 / Jan-28,1," 80,546 ",," 80,546 ",, - , - ,Penjualan,SYARIF,
02/07/2026,INV.KMS.2602229,DK00074,APOTIK JERIC FARMA,JJ000041,JJ00004,,1,2,0,Combantrin Sirup Rasa Jeruk 10 ml,Botol,NK2113 / Okt-28,6," 18,312 ",," 109,872 ",, - , - ,Penjualan,SYARIF,
02/07/2026,INV.KMS.2602229,DK00074,APOTIK JERIC FARMA,DV000491,DV00049,,1,2,0,Decolgen PE Tab 100's,Dus,26035431 / Feb-28,2," 54,590 ",," 109,180 ",, - , - ,Penjualan,SYARIF,
02/07/2026,INV.KMS.2602230,DK00074,APOTIK JERIC FARMA,TM000151,TM00015,,1,2,OOT,Bodrex Flu Batuk Tidak Berdahak PE 100's,Dus,050135 / Apr-28,1," 50,845 ",," 50,845 "," 50,845 "," 5,593 "," 56,438 ",Penjualan,SYARIF,
02/07/2026,INV.KMS.2602231,DK00019,APOTEK K-24 MANNURUKI,CC000051,CC00005,,1,2,Mengandung Prekursor,Demacolin Tab 100's,Dus,26AA042 / Jan-30,2," 46,750 ",," 93,500 "," 206,160 "," 22,678 "," 228,838 ",Penjualan,SYARIF,
02/07/2026,INV.KMS.2602231,DK00019,APOTEK K-24 MANNURUKI,GS000022,GS00002,,2,2,Mengandung Prekursor,Actifed Plus Cough Suppressant 60 ml,Dus,T93E / Des-28,2," 56,330 ",," 112,660 ",, - , - ,Penjualan,SYARIF,
02/07/2026,INV.KMS.2602232,DK00019,APOTEK K-24 MANNURUKI,GS000041,GS00004,,1,2,0,Panadol Extra 100's,Dus,JE4W / Aug-28,1," 110,931 ",," 110,931 "," 110,931 "," 12,202 "," 123,133 ",Penjualan,SYARIF,
02/07/2026,INV.KMS.2602233,DK00294,APOTEK K-24 TAMALATE RAYA,US000181,US00018,,1,2,0,Freshcare Smash Inhaler Roll On 8 ml,Pcs,26E04211 / Mei-29,12," 11,560 ",," 138,720 "," 442,759 "," 48,703 "," 491,462 ",Penjualan,SYARIF,
02/07/2026,INV.KMS.2602233,DK00294,APOTEK K-24 TAMALATE RAYA,TM000271,TM00027,,1,2,0,Vitamin D3 1000 IU IPI 30's,Botol,040686 / Apr-28,12," 8,816 ",," 105,792 ",, - , - ,Penjualan,SYARIF,
02/07/2026,INV.KMS.2602233,DK00294,APOTEK K-24 TAMALATE RAYA,KF000371,KF00037,,1,2,OTC,Bedak Salisil 2% 60gr,Pot,D60155S / Apr-31,12," 7,500 ",," 90,000 ",, - , - ,Penjualan,SYARIF,
02/07/2026,INV.KMS.2602233,DK00294,APOTEK K-24 TAMALATE RAYA,SG000051,SG00005,,1,2,0,Cessa BABY Kuning Lenire EO 8 ml,Pcs,T200ABKY / Nov-28,3," 27,749 ",," 83,247 ",, - , - ,Penjualan,SYARIF,
02/07/2026,INV.KMS.2602233,DK00294,APOTEK K-24 TAMALATE RAYA,NP000531,NP00053,,1,2,0,Vitamin C 250 mg (Nova) 100's,Dus,2603-05-269 / Mar-28,1," 25,000 ",," 25,000 ",, - , - ,Penjualan,SYARIF,
02/07/2026,INV.KMS.2602234,DK00191,APOTIK PATTENE,NP000281,NP00028,,1,2,0,Ampicillin 500 mg (Nova) 100's,Dus,2506-20-116 / Jun-27,5," 51,000 ",," 255,000 "," 255,000 "," 28,050 "," 283,050 ",Penjualan,ANGGA,
02/07/2026,INV.KMS.2602235,DK00059,APOTIK ANTANG RAYA FARMA,PS000041,PS00004,,1,2,Mengandung Prekursor,Noza Kaplet 100's,Dus,86046043 / Okt-27,1," 122,500 ",," 122,500 "," 245,000 "," 26,950 "," 271,950 ",Penjualan,SYARIF,
02/07/2026,INV.KMS.2602235,DK00059,APOTIK ANTANG RAYA FARMA,PS000042,PS00004,,2,2,Mengandung Prekursor,Noza Kaplet 100's,Dus,96046004 / Feb-28,1," 122,500 ",," 122,500 ",, - , - ,Penjualan,SYARIF,
02/07/2026,INV.KMS.2602236,DK00220,APOTIK SUMBER REJEKI,BF000511,BF00051,,1,2,Generik,Aciclovir Krim 5% (Berno) 5g @25 Tube,Dus,LCK85454 / Sep-30,2," 75,000 ",10," 135,000 "," 201,380 "," 22,152 "," 223,532 ",Penjualan,ANGGA,
02/07/2026,INV.KMS.2602236,DK00220,APOTIK SUMBER REJEKI,KF001441,KF00144,,1,2,Generik,"Gentamicin Sulfate 0,1% Krim (KF) 5g @10 Tube",Dus,C60526W / Mar-28,2," 33,190 ",," 66,380 ",, - , - ,Penjualan,ANGGA,
03/07/2026,INV.KMS.2602237,DK00191,APOTIK PATTENE,SG000011,SG00001,,1,2,0,Cessa BABY Biru Happy Nose EO 8 ml,Pcs,T201AGDZ / Apr-29,6," 27,749 ",," 166,494 "," 699,653 "," 76,962 "," 776,615 ",Penjualan,ANGGA,
03/07/2026,INV.KMS.2602237,DK00191,APOTIK PATTENE,DV000471,DV00047,,1,2,0,Degirol Tab 100's ,Dus,KX5A394 / Nov-29,2," 120,564 ",," 241,128 ",, - , - ,Penjualan,ANGGA,
03/07/2026,INV.KMS.2602237,DK00191,APOTIK PATTENE,CM000081,CM00008,,1,2,0,OBHC Batuk Berdahak Menthol 100 ml,Botol,6OC022 / Mar-28,6," 16,107 ",," 96,642 ",, - , - ,Penjualan,ANGGA,
03/07/2026,INV.KMS.2602237,DK00191,APOTIK PATTENE,PH000011,PH00001,,1,2,0,Microlax Gel 5 ml,Tube,D5H813L / Aug-28,1," 20,000 ",," 20,000 ",, - , - ,Penjualan,ANGGA,
03/07/2026,INV.KMS.2602237,DK00191,APOTIK PATTENE,DX000031,DX00003,,1,2,0,Ketoconazole 200 mg (Dexa) 50's,Dus,4551070 / Mei-28,3," 28,463 ",," 85,389 ",, - , - ,Penjualan,ANGGA,
03/07/2026,INV.KMS.2602237,DK00191,APOTIK PATTENE,SC000021,SC00002,,1,2,0,Obat Sakit Gigi Cap Burung Kakak Tua 2 ml,Pcs,1602FB / Feb-29,6," 15,000 ",," 90,000 ",, - , - ,Penjualan,ANGGA,
03/07/2026,INV.KMS.2602238,DK00191,APOTIK PATTENE,CM000041,CM00004,,1,2,Mengandung Prekursor,OBHC Batuk Flu Jahe 100 ml,Botol,6OA160 / Jan-28,6," 21,179 ",," 127,074 "," 440,628 "," 48,469 "," 489,097 ",Penjualan,ANGGA,
03/07/2026,INV.KMS.2602238,DK00191,APOTIK PATTENE,CM000051,CM00005,,1,2,Mengandung Prekursor,OBHC Batuk Flu Jahe 60 ml,Botol,6OA042 / Jan-28,6," 15,540 ",," 93,240 ",, - , - ,Penjualan,ANGGA,
03/07/2026,INV.KMS.2602238,DK00191,APOTIK PATTENE,CM000061,CM00006,,1,2,Mengandung Prekursor,OBHC Batuk Flu Menthol 100 ml,Botol,6OB149 / Feb-28,6," 21,179 ",," 127,074 ",, - , - ,Penjualan,ANGGA,
03/07/2026,INV.KMS.2602238,DK00191,APOTIK PATTENE,CM000071,CM00007,,1,2,Mengandung Prekursor,OBHC Batuk Flu Menthol 60 ml,Botol,6OA014 / Jan-28,6," 15,540 ",," 93,240 ",, - , - ,Penjualan,ANGGA,
03/07/2026,INV.KMS.2602239,DK00191,APOTIK PATTENE,PG000041,PG00004,,1,2,OOT,Vicks Formula 44 Anak Strawberry 27 ml,Botol,52086298K1 / Jul-27,6," 11,440 ",," 68,640 "," 68,640 "," 7,550 "," 76,190 ",Penjualan,ANGGA,
03/07/2026,INV.KMS.2602240,DK00266,APOTEK KARTINI,KF000331,KF00033,,1,2,OTC,Asifit Kaplet-Blister 30's,Dus,G51080N / Jul-27,4," 61,640 ",," 246,560 "," 1,874,200 "," 206,162 "," 2,080,362 ",Penjualan,ANGGA,
03/07/2026,INV.KMS.2602240,DK00266,APOTEK KARTINI,KF000332,KF00033,,2,2,OTC,Asifit Kaplet-Blister 30's,Dus,I51472N / Sep-27,26," 61,640 ",," 1,602,640 ",, - , - ,Penjualan,ANGGA,
03/07/2026,INV.KMS.2602240,DK00266,APOTEK KARTINI,PS000011,PS00001,,1,2,0,Diclofenac Sodium 50 mg (Phapros) 50's,Dus ,96365002 / Mar-30,2," 12,500 ",," 25,000 ",, - , - ,Penjualan,ANGGA,
03/07/2026,INV.KMS.2602241,DK00336,RSIA CAHAYA MEDIKA,EL000061,EL00006,,1,2,0,Antasida Suspensi (Erela) 60 ml ,Botol,S.2361032 / Feb-28,5," 5,000 ",," 25,000 "," 552,155 "," 60,737 "," 612,892 ",Penjualan,ANGGA,
03/07/2026,INV.KMS.2602241,DK00336,RSIA CAHAYA MEDIKA,EL000062,EL00006,,2,2,0,Antasida Suspensi (Erela) 60 ml ,Botol,S.2361104 / Mei-28,25," 5,000 ",," 125,000 ",, - , - ,Penjualan,ANGGA,
03/07/2026,INV.KMS.2602241,DK00336,RSIA CAHAYA MEDIKA,SL000021,SL00002,,1,2,0,Ambroxol 30 mg (SLF) 100's,Dus,52867 / Mei-28,5," 20,631 ",," 103,155 ",, - , - ,Penjualan,ANGGA,
03/07/2026,INV.KMS.2602241,DK00336,RSIA CAHAYA MEDIKA,AF000131,AF00013,,1,2,0,Vitamin B Complex 150 mg (AFI) 100's,Dus,K40505 / Nov-29,26," 11,500 ",," 299,000 ",, - , - ,Penjualan,ANGGA,
03/07/2026,INV.KMS.2602242,DK00304,APOTEK K24 AZZAHRA SAMATA,SR000021,SR00002,,1,2,0,Ringer Lactate Infus (Satoria) 500 ml,Botol,2D1A6E036 / Mei-28,20," 8,602 ",," 172,040 "," 750,790 "," 82,587 "," 833,377 ",Penjualan,SYARIF,
03/07/2026,INV.KMS.2602242,DK00304,APOTEK K24 AZZAHRA SAMATA,NP000431,NP00043,,1,2,0,Mefenamic Acid 500 mg (Nova) 100's,Dus,2604-10-120 / Apr-28,3," 25,000 ",," 75,000 ",, - , - ,Penjualan,SYARIF,
03/07/2026,INV.KMS.2602242,DK00304,APOTEK K24 AZZAHRA SAMATA,TF000072,TF00007,,2,2,0,Ibuprofen 400 mg (Trifa) 100's,Dus,2602051 / Feb-28,2," 29,500 ",," 59,000 ",, - , - ,Penjualan,SYARIF,
03/07/2026,INV.KMS.2602242,DK00304,APOTEK K24 AZZAHRA SAMATA,TR000091,TR00009,,1,2,0,Ibuprofen 400 mg (Triman) 100's,Dus,B26111 / Feb-28,1," 28,750 ",," 28,750 ",, - , - ,Penjualan,SYARIF,
03/07/2026,INV.KMS.2602242,DK00304,APOTEK K24 AZZAHRA SAMATA,NP000281,NP00028,,1,2,0,Ampicillin 500 mg (Nova) 100's,Dus,2506-20-116 / Jun-27,2," 51,000 ",," 102,000 ",, - , - ,Penjualan,SYARIF,
03/07/2026,INV.KMS.2602242,DK00304,APOTEK K24 AZZAHRA SAMATA,NP000282,NP00028,,2,2,0,Ampicillin 500 mg (Nova) 100's,Dus,2506-21-116 / Jun-27,1," 51,000 ",," 51,000 ",, - , - ,Penjualan,SYARIF,
03/07/2026,INV.KMS.2602242,DK00304,APOTEK K24 AZZAHRA SAMATA,BF000531,BF00053,,1,2,0,Amoxicillin 500 mg (Berno) 100's,Dus,TPF81054 / Mei-30,3," 70,000 ",35," 136,500 ",, - , - ,Penjualan,SYARIF,
03/07/2026,INV.KMS.2602242,DK00304,APOTEK K24 AZZAHRA SAMATA,EL000111,EL00011,,1,2,0,Caviplex Kaplet 100's,Dus,F1461109 / Sep-28,1," 73,500 ",," 73,500 ",, - , - ,Penjualan,SYARIF,
03/07/2026,INV.KMS.2602242,DK00304,APOTEK K24 AZZAHRA SAMATA,TM000161,TM00016,,1,2,0,Bodrex Migra Kaplet 100's,Dus,021866 / Feb-29,1," 53,000 ",," 53,000 ",, - , - ,Penjualan,SYARIF,
03/07/2026,INV.KMS.2602243,DK00304,APOTEK K24 AZZAHRA SAMATA,EP000011,EP00001,,1,2,0,MKP (Cap Lang) 30 ml ,Botol,HM01517 / Jan-31,24," 12,075 ",," 289,800 "," 1,711,257 "," 188,238 "," 1,899,495 ",Penjualan,SYARIF,
03/07/2026,INV.KMS.2602243,DK00304,APOTEK K24 AZZAHRA SAMATA,KL000011,KL00001,,1,2,0,Bioplacenton Jelly 15 gr,Tube ,KCBPCA55250 / Sep-27,12," 30,000 ",," 360,000 ",, - , - ,Penjualan,SYARIF,
03/07/2026,INV.KMS.2602243,DK00304,APOTEK K24 AZZAHRA SAMATA,CC000081,CC00008,,1,2,0,Herocyn 85 gr,Pcs,26BD029 / Feb-30,5," 11,000 ",," 55,000 ",, - , - ,Penjualan,SYARIF,
03/07/2026,INV.KMS.2602243,DK00304,APOTEK K24 AZZAHRA SAMATA,MC000011,MC00001,,1,2,0,Sangobion Caps 250's,Dus,L0792178 / Aug-27,1," 471,750 ",," 471,750 ",, - , - ,Penjualan,SYARIF,
03/07/2026,INV.KMS.2602243,DK00304,APOTEK K24 AZZAHRA SAMATA,TM000061,TM00006,,1,2,0,Bodrex Extra Tab 100's,Dus,040266 / Mar-29,1," 51,000 ",," 51,000 ",, - , - ,Penjualan,SYARIF,
03/07/2026,INV.KMS.2602243,DK00304,APOTEK K24 AZZAHRA SAMATA,SM000011,SM00001,,1,2,0,Tolak Angin Cair 12's,Dus,TACD12 / Aug-27,5," 41,500 ",," 207,500 ",, - , - ,Penjualan,SYARIF,
03/07/2026,INV.KMS.2602243,DK00304,APOTEK K24 AZZAHRA SAMATA,CM000101,CM00010,,1,2,0,"Insto Reguler Tetes Mata 7,5 ml",Botol,2549070 / Des-29,6," 12,894 ",," 77,364 ",, - , - ,Penjualan,SYARIF,
03/07/2026,INV.KMS.2602243,DK00304,APOTEK K24 AZZAHRA SAMATA,CM000081,CM00008,,1,2,0,OBHC Batuk Berdahak Menthol 100 ml,Botol,6OC022 / Mar-28,6," 16,107 ",," 96,642 ",, - , - ,Penjualan,SYARIF,
03/07/2026,INV.KMS.2602243,DK00304,APOTEK K24 AZZAHRA SAMATA,MF000061,MF00006,,1,2,0,Betadine Obat Kumur 190 ml,Botol,CB26007 / Feb-29,3," 34,067 ",," 102,201 ",, - , - ,Penjualan,SYARIF,
03/07/2026,INV.KMS.2602244,DK00304,APOTEK K24 AZZAHRA SAMATA,DV000111,DV00011,,1,2,0,Natur E 100 IU Soft Cap 16's,Dus,5EF1288 / Jun-28,3," 17,703 ",3," 51,516 "," 780,719 "," 85,879 "," 866,598 ",Penjualan,SYARIF,
03/07/2026,INV.KMS.2602244,DK00304,APOTEK K24 AZZAHRA SAMATA,DV000391,DV00039,,1,2,0,Natur E White 16's ,Dus,5EF1243 / Jun-27,3," 44,802 ",3," 130,374 ",, - , - ,Penjualan,SYARIF,
03/07/2026,INV.KMS.2602244,DK00304,APOTEK K24 AZZAHRA SAMATA,EP000101,EP00010,,1,2,0,GPU Cair Sereh 30 ml,Botol,HR02605 / Mar-31,1," 9,933 ",," 9,933 ",, - , - ,Penjualan,SYARIF,
03/07/2026,INV.KMS.2602244,DK00304,APOTEK K24 AZZAHRA SAMATA,EP000102,EP00010,,2,2,0,GPU Cair Sereh 30 ml,Botol,HR02805 / Mar-31,2," 9,933 ",," 19,866 ",, - , - ,Penjualan,SYARIF,
03/07/2026,INV.KMS.2602244,DK00304,APOTEK K24 AZZAHRA SAMATA,PG000021,PG00002,,1,2,0,Vicks Vaporub 25gr,Pcs,52406298X1 / Aug-27,3," 18,976 ",," 56,928 ",, - , - ,Penjualan,SYARIF,
03/07/2026,INV.KMS.2602244,DK00304,APOTEK K24 AZZAHRA SAMATA,PG000022,PG00002,,2,2,0,Vicks Vaporub 25gr,Pcs,52536298X1 / Sep-27,2," 18,976 ",," 37,952 ",, - , - ,Penjualan,SYARIF,
03/07/2026,INV.KMS.2602244,DK00304,APOTEK K24 AZZAHRA SAMATA,EP000021,EP00002,,1,2,0,MKP (Cap Lang) 60 ml ,Botol,HA00216 / Feb-31,12," 22,260 ",," 267,120 ",, - , - ,Penjualan,SYARIF,
03/07/2026,INV.KMS.2602244,DK00304,APOTEK K24 AZZAHRA SAMATA,DV000051,DV00005,,1,2,0,Silex Sirup 100 ml,Botol,VE1253 / Mei-27,2," 76,220 ",," 152,440 ",, - , - ,Penjualan,SYARIF,
03/07/2026,INV.KMS.2602244,DK00304,APOTEK K24 AZZAHRA SAMATA,DV000491,DV00049,,1,2,0,Decolgen PE Tab 100's,Dus,26035431 / Feb-28,1," 54,590 ",," 54,590 ",, - , - ,Penjualan,SYARIF,
03/07/2026,INV.KMS.2602245,DK00304,APOTEK K24 AZZAHRA SAMATA,PG000081,PG00008,,1,2,OOT,Vicks Formula 44 Dewasa 100 ml,Botol,52126298B1 / Jul-27,6," 31,142 ",," 186,852 "," 221,172 "," 24,329 "," 245,501 ",Penjualan,SYARIF,
03/07/2026,INV.KMS.2602245,DK00304,APOTEK K24 AZZAHRA SAMATA,PG000041,PG00004,,1,2,OOT,Vicks Formula 44 Anak Strawberry 27 ml,Botol,52086298K1 / Jul-27,3," 11,440 ",," 34,320 ",, - , - ,Penjualan,SYARIF,
03/07/2026,INV.KMS.2602246,DK00333,APOTEK ANUGERAH SEJATI ,NU000021,NU00002,,1,2,0,Acetylcysteine 200 mg (Nulab) 50's,Dus,N2512060 / Jan-28,1," 100,000 ",," 100,000 "," 313,480 "," 34,483 "," 347,963 ",Penjualan,SYARIF,
03/07/2026,INV.KMS.2602246,DK00333,APOTEK ANUGERAH SEJATI ,SG000061,SG00006,,1,2,0,Cessa KIDS Biru Happy Nose EO 8 ml,Pcs,T216FKY / Nov-28,2," 24,775 ",," 49,550 ",, - , - ,Penjualan,SYARIF,
03/07/2026,INV.KMS.2602246,DK00333,APOTEK ANUGERAH SEJATI ,SG000062,SG00006,,2,2,0,Cessa KIDS Biru Happy Nose EO 8 ml,Pcs,T216MLY / Des-28,1," 24,775 ",," 24,775 ",, - , - ,Penjualan,SYARIF,
03/07/2026,INV.KMS.2602246,DK00333,APOTEK ANUGERAH SEJATI ,BF000511,BF00051,,1,2,Generik,Aciclovir Krim 5% (Berno) 5g @25 Tube,Dus,LCK85454 / Sep-30,1," 75,000 ",," 75,000 ",, - , - ,Penjualan,SYARIF,
03/07/2026,INV.KMS.2602246,DK00333,APOTEK ANUGERAH SEJATI ,IF000181,IF00018,,1,2,0,Cefadroxil Sirup Kering (Ifars) 60 ml,Botol,SF00K / Sep-28,3," 8,050 ",," 24,150 ",, - , - ,Penjualan,SYARIF,
03/07/2026,INV.KMS.2602246,DK00333,APOTEK ANUGERAH SEJATI ,EP000441,EP00044,,1,2,0,MKP Bayi Chamomile 60 ml,Botol,PI00615 / Okt-30,3," 13,335 ",," 40,005 ",, - , - ,Penjualan,SYARIF,
03/07/2026,INV.KMS.2602247,DK00430,APOTEK AORTA ,NU000041,NU00004,,1,2,0,Omeprazole 20 mg (Nulab) 100's,Dus,2603168 / Mar-28,2," 37,000 ",," 74,000 "," 567,245 "," 62,397 "," 629,642 ",Penjualan,SYARIF,
03/07/2026,INV.KMS.2602247,DK00430,APOTEK AORTA ,TR000091,TR00009,,1,2,0,Ibuprofen 400 mg (Triman) 100's,Dus,B26111 / Feb-28,2," 28,750 ",," 57,500 ",, - , - ,Penjualan,SYARIF,
03/07/2026,INV.KMS.2602247,DK00430,APOTEK AORTA ,US000181,US00018,,1,2,0,Freshcare Smash Inhaler Roll On 8 ml,Pcs,26E04211 / Mei-29,12," 11,560 ",," 138,720 ",, - , - ,Penjualan,SYARIF,
03/07/2026,INV.KMS.2602247,DK00430,APOTEK AORTA ,EP000211,EP00021,,1,2,0,Balsem Lang 10 gr,Pcs,PD00156 / Sep-30,6," 5,145 ",," 30,870 ",, - , - ,Penjualan,SYARIF,
03/07/2026,INV.KMS.2602247,DK00430,APOTEK AORTA ,EP000221,EP00022,,1,2,0,Balsem Lang 20 gr,Pcs,PD01053 / Sep-30,6," 9,030 ",," 54,180 ",, - , - ,Penjualan,SYARIF,
03/07/2026,INV.KMS.2602247,DK00430,APOTEK AORTA ,EP000081,EP00008,,1,2,0,Balsem Aktiv 20 gr,Pcs,HM00654 / Jan-31,5," 8,715 ",," 43,575 ",, - , - ,Penjualan,SYARIF,
03/07/2026,INV.KMS.2602247,DK00430,APOTEK AORTA ,MP000011,MP00001,,1,2,0,Cefadroxil Monohydrate 500 mg (Mepro) 100's,Dus,B5A092 / Jan-28,1," 100,000 ",," 100,000 ",, - , - ,Penjualan,SYARIF,
03/07/2026,INV.KMS.2602247,DK00430,APOTEK AORTA ,BM000011,BM00001,,1,2,0,MBK Silver 12's,Dus,Q127BPSS / Feb-33,2," 34,200 ",," 68,400 ",, - , - ,Penjualan,SYARIF,
03/07/2026,INV.KMS.2602248,DK00443,APOTEK ALBY CARE,TM000271,TM00027,,1,2,0,Vitamin D3 1000 IU IPI 30's,Botol,040686 / Apr-28,2," 8,816 ",," 17,632 "," 266,982 "," 29,368 "," 296,350 ",Penjualan,ANGGA,
03/07/2026,INV.KMS.2602248,DK00443,APOTEK ALBY CARE,AF000231,AF00023,,1,2,0,Dun Salep Ichtiol (AFI) 15 g,Pot,C27608 / Mar-29,6," 7,500 ",," 45,000 ",, - , - ,Penjualan,ANGGA,
03/07/2026,INV.KMS.2602248,DK00443,APOTEK ALBY CARE,MP000011,MP00001,,1,2,0,Cefadroxil Monohydrate 500 mg (Mepro) 100's,Dus,B5A092 / Jan-28,1," 100,000 ",," 100,000 ",, - , - ,Penjualan,ANGGA,
03/07/2026,INV.KMS.2602248,DK00443,APOTEK ALBY CARE,EP000091,EP00009,,1,2,0,Balsem Aktiv 40 gr,Pcs,PE00554 / Mei-30,6," 15,225 ",," 91,350 ",, - , - ,Penjualan,ANGGA,
03/07/2026,INV.KMS.2602248,DK00443,APOTEK ALBY CARE,MP000021,MP00002,,1,2,0,Zinc Sulfate Sirup (Mepro) 60 ml,Botol,E5L202 / Nov-27,2," 6,500 ",," 13,000 ",, - , - ,Penjualan,ANGGA,
03/07/2026,INV.KMS.2602249,DK00292,APOTEK PINTU DUA,US000031,US00003,,1,2,0,Freshcare Smash Matcha Inhaler Roll On 8 ml,Pcs,26E03634 / Mei-29,12," 11,560 ",," 138,720 "," 207,120 "," 22,783 "," 229,903 ",Penjualan,ANGGA,
03/07/2026,INV.KMS.2602249,DK00292,APOTEK PINTU DUA,BM000012,BM00001,,2,2,0,MBK Silver 12's,Dus,Q128BPSS / Feb-33,2," 34,200 ",," 68,400 ",, - , - ,Penjualan,ANGGA,
03/07/2026,INV.KMS.2602250,DK00553,APOTEK BUNGA FARMA,DV000391,DV00039,,1,2,0,Natur E White 16's ,Dus,5EF1243 / Jun-27,5," 44,802 ",3," 217,290 "," 217,290 "," 23,902 "," 241,192 ",Penjualan,ANGGA,
04/07/2026,8190654810,PPG0019,PT. Parit Padang Global,SH000011,SH00001,,1,1,0,Imbost Force Kaplet 30's ,Dus,26A0100 / Feb-28,30," 196,188 ",," 5,885,640 "," 13,425,530 "," 1,476,808 "," 14,902,338 ",Barang Masuk,APJ,
04/07/2026,8190654810,PPG0019,PT. Parit Padang Global,PH000062,PH00006,,2,1,0,Polysilane Suspensi 100 ml,Botol,D6A395A / Jan-29,50," 22,279 ",," 1,113,950 ",, - , - ,Barang Masuk,APJ,
04/07/2026,8190654810,PPG0019,PT. Parit Padang Global,PH000051,PH00005,,1,1,0,Proris Forte Suspensi 50 ml ,Dus,D6B693A / Feb-28,60," 29,484 ",," 1,769,040 ",, - , - ,Barang Masuk,APJ,
04/07/2026,8190654810,PPG0019,PT. Parit Padang Global,PH000031,PH00003,,1,1,0,Proris Suspensi 60 ml ,Botol,D6C138B / Mar-28,60," 27,615 ",," 1,656,900 ",, - , - ,Barang Masuk,APJ,
04/07/2026,8190654810,PPG0019,PT. Parit Padang Global,PH000081,PH00008,,1,1,0,Microlax Gel 5 ml @3 Pcs,Dus,D6B647A / Feb-29,11," 60,000 ",," 660,000 ",, - , - ,Barang Masuk,APJ,
04/07/2026,8190654810,PPG0019,PT. Parit Padang Global,PH000082,PH00008,,2,1,0,Microlax Gel 5 ml @3 Pcs,Dus,D6B735A / Feb-29,39," 60,000 ",," 2,340,000 ",, - , - ,Barang Masuk,APJ,
04/07/2026,1610831012,APL0002,PT. Anugerah Pharmindo Lestari,GS000023,GS00002,,3,1,Mengandung Prekursor,Actifed Plus Cough Suppressant 60 ml,Dus,X47N / Jan-29,25," 56,330 ",," 1,408,250 "," 1,408,250 "," 154,908 "," 1,563,158 ",Barang Masuk,APJ,
04/07/2026,INV.KMS.2602251,DK00539,APOTEK BAROKAH SELALU,SL000161,SL00016,,1,2,0,Vitamin B6 10 mg (SLF) 100's,Dus,54186 / Nov-28,1," 14,720 ",," 14,720 "," 157,101 "," 17,281 "," 174,382 ",Penjualan,SYARIF,
04/07/2026,INV.KMS.2602251,DK00539,APOTEK BAROKAH SELALU,DV000251,DV00025,,1,2,0,New Diatabs Tab 100's ,Dus,25145102 / Sep-27,1," 64,479 ",," 64,479 ",, - , - ,Penjualan,SYARIF,
04/07/2026,INV.KMS.2602251,DK00539,APOTEK BAROKAH SELALU,AF000121,AF00012,,1,2,0,Calcium Lactate 500 mg (AFI) 100's,Dus,A50615 / Feb-29,1," 21,708 ",," 21,708 ",, - , - ,Penjualan,SYARIF,
04/07/2026,INV.KMS.2602251,DK00539,APOTEK BAROKAH SELALU,KF000861,KF00086,,1,2,Generik,Vitamin B Complex 150 mg (KF) 100's,Dus,B60230N / Feb-28,1," 20,930 ",," 20,930 ",, - , - ,Penjualan,SYARIF,
04/07/2026,INV.KMS.2602251,DK00539,APOTEK BAROKAH SELALU,TM000271,TM00027,,1,2,0,Vitamin D3 1000 IU IPI 30's,Botol,040686 / Apr-28,4," 8,816 ",," 35,264 ",, - , - ,Penjualan,SYARIF,
04/07/2026,INV.KMS.2602252,DK00024,APOTEK KHAL MEDIKA,SR000021,SR00002,,1,2,0,Ringer Lactate Infus (Satoria) 500 ml,Botol,2D1A6E036 / Mei-28,40," 8,602 ",," 344,080 "," 344,080 "," 37,849 "," 381,929 ",Penjualan,ANGGA,
04/07/2026,INV.KMS.2602253,DK00400,APOTEK RSU HIKMAH,BF000491,BF00049,,1,2,0,Cefixime Sirup (Berno) 30 ml,Botol,SKN48154 / Des-27,20," 12,000 ",10," 216,000 "," 216,000 "," 23,760 "," 239,760 ",Penjualan,SYARIF,
04/07/2026,INV.KMS.2602254,DK00553,APOTEK BUNGA FARMA,MC000041,MC00004,,1,2,0,Neurobion Forte Tab 50's,Dus,L0770787 / Feb-28,1," 206,605 ",," 206,605 "," 206,605 "," 22,727 "," 229,332 ",Penjualan,ANGGA,
04/07/2026,INV.KMS.2602255,DK00213,APOTEK RIVAI HUSA FARMA,MC000071,MC00007,,1,2,0,Neurobion 5000 Injeksi 20's,Dus,5349D14352 / Des-27,1," 360,238 ",," 360,238 "," 449,598 "," 49,456 "," 499,054 ",Penjualan,SYARIF,
04/07/2026,INV.KMS.2602255,DK00213,APOTEK RIVAI HUSA FARMA,SE000031,SE00003,,1,2,0,Plossa Red Hot 10 ml,Pcs,012C25 / Mar-27,2," 10,000 ",," 20,000 ",, - , - ,Penjualan,SYARIF,
04/07/2026,INV.KMS.2602255,DK00213,APOTEK RIVAI HUSA FARMA,US000181,US00018,,1,2,0,Freshcare Smash Inhaler Roll On 8 ml,Pcs,26E04211 / Mei-29,6," 11,560 ",," 69,360 ",, - , - ,Penjualan,SYARIF,
04/07/2026,INV.KMS.2602256,DK00213,APOTEK RIVAI HUSA FARMA,PG000071,PG00007,,1,2,OOT,Vicks Formula 44 Dewasa 54 ml,Botol,53286298A1 / Nov-27,3," 19,097 ",," 57,291 "," 57,291 "," 6,302 "," 63,593 ",Penjualan,SYARIF,
04/07/2026,INV.KMS.2602257,DK00379,APOTEK RADIANS FARMA,NC000031,NC00003,,1,2,0,Bedak Salicyl Menthol (Nellco) 60gr,Pot,8026003 / Jun-30,6," 7,150 ",," 42,900 "," 415,078 "," 45,659 "," 460,737 ",Penjualan,SYARIF,
04/07/2026,INV.KMS.2602257,DK00379,APOTEK RADIANS FARMA,KF000061,KF00006,,1,2,Generik,Antihemoroid Suppo (KF) 10's,Dus,J52025W / Okt-27,2," 47,300 ",," 94,600 ",, - , - ,Penjualan,SYARIF,
04/07/2026,INV.KMS.2602257,DK00379,APOTEK RADIANS FARMA,KF000541,KF00054,,1,2,Generik,Acyclovir 400 mg (KF) 100's,Dus,B60176J / Feb-30,1," 102,952 ",," 102,952 ",, - , - ,Penjualan,SYARIF,
04/07/2026,INV.KMS.2602257,DK00379,APOTEK RADIANS FARMA,US000091,US00009,,1,2,0,Hot in DCL 30 gr,Tube,25M08094 / Nov-27,3," 12,244 ",," 36,732 ",, - , - ,Penjualan,SYARIF,
04/07/2026,INV.KMS.2602257,DK00379,APOTEK RADIANS FARMA,US000101,US00010,,1,2,0,Hot in DCL 60 gr,Tube,25N08251 / Nov-27,3," 18,458 ",," 55,374 ",, - , - ,Penjualan,SYARIF,
04/07/2026,INV.KMS.2602257,DK00379,APOTEK RADIANS FARMA,TM000201,TM00020,,1,2,0,My Baby M. Telon Plus Lavender 60 ml,Botol,0552625 / Mei-27,3," 14,462 ",," 43,386 ",, - , - ,Penjualan,SYARIF,
04/07/2026,INV.KMS.2602257,DK00379,APOTEK RADIANS FARMA,TM000211,TM00021,,1,2,0,My Baby M. Telon Plus Lavender 90 ml,Botol,0952725 / Sep-27,2," 19,567 ",," 39,134 ",, - , - ,Penjualan,SYARIF,
04/07/2026,INV.KMS.2602258,DK00132,APOTEK PERRENIAL,BF000511,BF00051,,1,2,Generik,Aciclovir Krim 5% (Berno) 5g @25 Tube,Dus,LCK85454 / Sep-30,1," 75,000 ",," 75,000 "," 343,247 "," 37,757 "," 381,004 ",Penjualan,ANGGA,
04/07/2026,INV.KMS.2602258,DK00132,APOTEK PERRENIAL,KF001431,KF00143,,1,2,Generik,Ketoconazole 2% Krim (KF) 10g @25 Tube,Dus,B60247W / Feb-28,1," 127,500 ",," 127,500 ",, - , - ,Penjualan,ANGGA,
04/07/2026,INV.KMS.2602258,DK00132,APOTEK PERRENIAL,TR000091,TR00009,,1,2,0,Ibuprofen 400 mg (Triman) 100's,Dus,B26111 / Feb-28,2," 28,750 ",," 57,500 ",, - , - ,Penjualan,ANGGA,
04/07/2026,INV.KMS.2602258,DK00132,APOTEK PERRENIAL,SG000011,SG00001,,1,2,0,Cessa BABY Biru Happy Nose EO 8 ml,Pcs,T201AGDZ / Apr-29,3," 27,749 ",," 83,247 ",, - , - ,Penjualan,ANGGA,
04/07/2026,INV.KMS.2602259,DK00333,APOTEK ANUGERAH SEJATI ,NP000282,NP00028,,2,2,0,Ampicillin 500 mg (Nova) 100's,Dus,2506-21-116 / Jun-27,1," 51,000 ",," 51,000 "," 436,454 "," 48,010 "," 484,464 ",Penjualan,SYARIF,
04/07/2026,INV.KMS.2602259,DK00333,APOTEK ANUGERAH SEJATI ,TR000091,TR00009,,1,2,0,Ibuprofen 400 mg (Triman) 100's,Dus,B26111 / Feb-28,3," 28,750 ",," 86,250 ",, - , - ,Penjualan,SYARIF,
04/07/2026,INV.KMS.2602259,DK00333,APOTEK ANUGERAH SEJATI ,MP000011,MP00001,,1,2,0,Cefadroxil Monohydrate 500 mg (Mepro) 100's,Dus,B5A092 / Jan-28,1," 100,000 ",," 100,000 ",, - , - ,Penjualan,SYARIF,
04/07/2026,INV.KMS.2602259,DK00333,APOTEK ANUGERAH SEJATI ,TM000251,TM00025,,1,2,0,Vitamin D3 + K2 IPI 25's,Botol,051066 / Mei-28,12," 9,517 ",," 114,204 ",, - , - ,Penjualan,SYARIF,
04/07/2026,INV.KMS.2602259,DK00333,APOTEK ANUGERAH SEJATI ,HJ000101,HJ00010,,1,2,0,Ranitidine HCl 150 mg (HJ) NEW 200's,Dus,HTRNTC55639 / Sep-27,2," 42,500 ",," 85,000 ",, - , - ,Penjualan,SYARIF,
04/07/2026,INV.KMS.2602260,DK00239,APOTEK ALFIAH,SR000021,SR00002,,1,2,0,Ringer Lactate Infus (Satoria) 500 ml,Botol,2D1A6E036 / Mei-28,20," 8,602 ",," 172,040 "," 172,040 "," 18,924 "," 190,964 ",Penjualan,ANGGA,
04/07/2026,INV.KMS.2602261,DK00216,APOTEK AL KAUTSAR,TM000121,TM00012,,1,2,0,Vitamin B Complex IPI 45's,Botol,050416 / Mei-28,12," 5,785 ",," 69,420 "," 307,494 "," 33,824 "," 341,318 ",Penjualan,SYARIF,
04/07/2026,INV.KMS.2602261,DK00216,APOTEK AL KAUTSAR,TM000261,TM00026,,1,2,0,Zinc IPI 45's,Botol,051026 / Mei-28,12," 9,517 ",," 114,204 ",, - , - ,Penjualan,SYARIF,
04/07/2026,INV.KMS.2602261,DK00216,APOTEK AL KAUTSAR,SM000011,SM00001,,1,2,0,Tolak Angin Cair 12's,Dus,TACD12 / Aug-27,1," 41,500 ",," 41,500 ",, - , - ,Penjualan,SYARIF,
04/07/2026,INV.KMS.2602261,DK00216,APOTEK AL KAUTSAR,PG000022,PG00002,,2,2,0,Vicks Vaporub 25gr,Pcs,52536298X1 / Sep-27,2," 18,976 ",," 37,952 ",, - , - ,Penjualan,SYARIF,
04/07/2026,INV.KMS.2602261,DK00216,APOTEK AL KAUTSAR,EP000421,EP00042,,1,2,0,Kool Fever Dewasa 6's,Dus ,XXXXX / Jan-29,1," 44,418 ",," 44,418 ",, - , - ,Penjualan,SYARIF,
04/07/2026,INV.KMS.2602262,DK00216,APOTEK AL KAUTSAR,GS000101,GS00010,,1,2,Mengandung Prekursor,Panadol Cold Flu 100's,Dus,NM6U / Okt-28,1," 146,000 ",," 146,000 "," 275,860 "," 30,345 "," 306,205 ",Penjualan,SYARIF,
04/07/2026,INV.KMS.2602262,DK00216,APOTEK AL KAUTSAR,DV000261,DV00026,,1,2,Mengandung Prekursor,Neozep Forte Tab 100's,Dus,25084901 / Mei-27,1," 63,860 ",," 63,860 ",, - , - ,Penjualan,SYARIF,
04/07/2026,INV.KMS.2602262,DK00216,APOTEK AL KAUTSAR,DV000481,DV00048,,1,2,Mengandung Prekursor,Paratusin DMP Sirup 60 ml,Botol,6FC0514 / Mar-28,2," 33,000 ",," 66,000 ",, - , - ,Penjualan,SYARIF,
04/07/2026,INV.KMS.2602263,DK00532,APOTEK CITRA SUDIANG,KF001441,KF00144,,1,2,Generik,"Gentamicin Sulfate 0,1% Krim (KF) 5g @10 Tube",Dus,C60526W / Mar-28,1," 33,190 ",," 33,190 "," 599,066 "," 65,897 "," 664,963 ",Penjualan,ANGGA,
04/07/2026,INV.KMS.2602263,DK00532,APOTEK CITRA SUDIANG,KF001401,KF00140,,1,2,Generik,Miconazole 2% Krim (KF) 10g @24 Tube,Dus,L52663W / Des-28,1," 103,512 ",," 103,512 ",, - , - ,Penjualan,ANGGA,
04/07/2026,INV.KMS.2602263,DK00532,APOTEK CITRA SUDIANG,DV000091,DV00009,,1,2,0,Enervon-C Tab 100's,Dus,25191601 / Okt-27,1," 112,382 ",," 112,382 ",, - , - ,Penjualan,ANGGA,
04/07/2026,INV.KMS.2602263,DK00532,APOTEK CITRA SUDIANG,NU000021,NU00002,,1,2,0,Acetylcysteine 200 mg (Nulab) 50's,Dus,N2512060 / Jan-28,1," 100,000 ",," 100,000 ",, - , - ,Penjualan,ANGGA,
04/07/2026,INV.KMS.2602263,DK00532,APOTEK CITRA SUDIANG,KF001071,KF00107,,1,2,Generik,Glimepiride 2 mg (KF) 50's,Dus,I32267J / Sep-27,2," 35,000 ",," 70,000 ",, - , - ,Penjualan,ANGGA,
04/07/2026,INV.KMS.2602263,DK00532,APOTEK CITRA SUDIANG,US000031,US00003,,1,2,0,Freshcare Smash Matcha Inhaler Roll On 8 ml,Pcs,26E03634 / Mei-29,12," 11,560 ",," 138,720 ",, - , - ,Penjualan,ANGGA,
04/07/2026,INV.KMS.2602263,DK00532,APOTEK CITRA SUDIANG,SL000021,SL00002,,1,2,0,Ambroxol 30 mg (SLF) 100's,Dus,52867 / Mei-28,2," 20,631 ",," 41,262 ",, - , - ,Penjualan,ANGGA,
06/07/2026,INV.KMS.2602264,DK00266,APOTEK KARTINI,SR000021,SR00002,,1,2,0,Ringer Lactate Infus (Satoria) 500 ml,Botol,2D1A6E036 / Mei-28,100," 8,602 ",," 860,200 "," 1,082,062 "," 119,027 "," 1,201,089 ",Penjualan,ANGGA,
06/07/2026,INV.KMS.2602264,DK00266,APOTEK KARTINI,GS000041,GS00004,,1,2,0,Panadol Extra 100's,Dus,JE4W / Aug-28,2," 110,931 ",," 221,862 ",, - , - ,Penjualan,ANGGA,
06/07/2026,INV.KMS.2602265,DK00407,APOTEK MENTARI FARMA,SR000021,SR00002,,1,2,0,Ringer Lactate Infus (Satoria) 500 ml,Botol,2D1A6E036 / Mei-28,60," 8,602 ",," 516,120 "," 516,120 "," 56,773 "," 572,893 ",Penjualan,SYARIF,
06/07/2026,INV.KMS.2602266,DK00333,APOTEK ANUGERAH SEJATI ,US000031,US00003,,1,2,0,Freshcare Smash Matcha Inhaler Roll On 8 ml,Pcs,26E03634 / Mei-29,12," 11,560 ",," 138,720 "," 138,720 "," 15,259 "," 153,979 ",Penjualan,SYARIF,
06/07/2026,INV.KMS.2602267,DK00535,APOTEK NUR AULIA,KF000861,KF00086,,1,2,Generik,Vitamin B Complex 150 mg (KF) 100's,Dus,B60230N / Feb-28,1," 20,930 ",," 20,930 "," 339,372 "," 37,331 "," 376,703 ",Penjualan,SYARIF,
06/07/2026,INV.KMS.2602267,DK00535,APOTEK NUR AULIA,KF001421,KF00142,,1,2,Generik,"Betametason 0,1% Krim (KF) 5g @25 Tube",Dus,K52217W / Nov-27,1," 63,750 ",," 63,750 ",, - , - ,Penjualan,SYARIF,
06/07/2026,INV.KMS.2602267,DK00535,APOTEK NUR AULIA,KF001411,KF00141,,1,2,Generik,"Hidrokortison 2,5% Krim (KF) 5g @24 Tube",Dus,C60542W / Mar-28,1," 95,448 ",," 95,448 ",, - , - ,Penjualan,SYARIF,
06/07/2026,INV.KMS.2602267,DK00535,APOTEK NUR AULIA,US000031,US00003,,1,2,0,Freshcare Smash Matcha Inhaler Roll On 8 ml,Pcs,26E03634 / Mei-29,2," 11,560 ",," 23,120 ",, - , - ,Penjualan,SYARIF,
06/07/2026,INV.KMS.2602267,DK00535,APOTEK NUR AULIA,US000181,US00018,,1,2,0,Freshcare Smash Inhaler Roll On 8 ml,Pcs,26E04211 / Mei-29,2," 11,560 ",," 23,120 ",, - , - ,Penjualan,SYARIF,
06/07/2026,INV.KMS.2602267,DK00535,APOTEK NUR AULIA,BM000011,BM00001,,1,2,0,MBK Silver 12's,Dus,Q127BPSS / Feb-33,2," 34,200 ",," 68,400 ",, - , - ,Penjualan,SYARIF,
06/07/2026,INV.KMS.2602267,DK00535,APOTEK NUR AULIA,GL000031,GL00003,,1,2,0,Caladine Lotion 95 ml,Botol,I25009 / Sep-27,2," 22,302 ",," 44,604 ",, - , - ,Penjualan,SYARIF,
06/07/2026,INV.KMS.2602268,DK00557,APOTEK K-24 BULU BULU,GS000011,GS00001,,1,2,Mengandung Prekursor,Actifed Plus Expectorant 60 ml,Dus,N46C / Okt-28,3," 56,330 ",," 168,990 "," 594,347 "," 65,378 "," 659,725 ",Penjualan,ANGGA,
06/07/2026,INV.KMS.2602268,DK00557,APOTEK K-24 BULU BULU,HF000011,HF00001,,1,2,Mengandung Prekursor,Hufagripp Flu & Batuk Sirup 60 ml,Botol,A900616 / Mar-29,10," 21,620 ",," 216,200 ",, - , - ,Penjualan,ANGGA,
06/07/2026,INV.KMS.2602268,DK00557,APOTEK K-24 BULU BULU,CM000051,CM00005,,1,2,Mengandung Prekursor,OBHC Batuk Flu Jahe 60 ml,Botol,6OA042 / Jan-28,3," 15,540 ",," 46,620 ",, - , - ,Penjualan,ANGGA,
06/07/2026,INV.KMS.2602268,DK00557,APOTEK K-24 BULU BULU,CM000061,CM00006,,1,2,Mengandung Prekursor,OBHC Batuk Flu Menthol 100 ml,Botol,6OB149 / Feb-28,3," 21,179 ",," 63,537 ",, - , - ,Penjualan,ANGGA,
06/07/2026,INV.KMS.2602268,DK00557,APOTEK K-24 BULU BULU,DV000481,DV00048,,1,2,Mengandung Prekursor,Paratusin DMP Sirup 60 ml,Botol,6FC0514 / Mar-28,3," 33,000 ",," 99,000 ",, - , - ,Penjualan,ANGGA,
06/07/2026,INV.KMS.2602269,DK00557,APOTEK K-24 BULU BULU,PS000201,PS00020,,1,2,0,Diclofenac Sodium 25 mg (Phapros) 50's,Dus,86364007 / Okt-27,5," 16,500 ",," 82,500 "," 500,689 "," 55,076 "," 555,765 ",Penjualan,ANGGA,
06/07/2026,INV.KMS.2602269,DK00557,APOTEK K-24 BULU BULU,FM000071,FM00007,,1,2,0,Piroxicam 20 mg (FM) 100's,Dus,086855 / Des-27,3," 24,703 ",," 74,109 ",, - , - ,Penjualan,ANGGA,
06/07/2026,INV.KMS.2602269,DK00557,APOTEK K-24 BULU BULU,SR000021,SR00002,,1,2,0,Ringer Lactate Infus (Satoria) 500 ml,Botol,2D1A6E036 / Mei-28,40," 8,602 ",," 344,080 ",, - , - ,Penjualan,ANGGA,
06/07/2026,INV.KMS.2602270,DK00281,"RUMAH SAKIT IBU DAN ANAK ""AMANAT""",SR000021,SR00002,,1,2,0,Ringer Lactate Infus (Satoria) 500 ml,Botol,2D1A6E036 / Mei-28,100," 8,602 ",," 860,200 "," 894,008 "," 98,341 "," 992,349 ",Penjualan,SYARIF,
06/07/2026,INV.KMS.2602270,DK00281,"RUMAH SAKIT IBU DAN ANAK ""AMANAT""",SR000041,SR00004,,1,2,0,Dextrose 10% Infus (Satoria) 500 ml,Botol,1B2A4J002 / Okt-27,4," 8,452 ",," 33,808 ",, - , - ,Penjualan,SYARIF,
06/07/2026,RETUR K PRINSIPAL,PPG0019,PT. Parit Padang Global,MY000011,MY00001,,1,3,0,Salep Kulit 88 6gram,Dus,2309182 / Sep-26,25," 146,000 ",," 3,650,000 "," 3,650,000 "," 401,500 "," 4,051,500 ",Barang Rusak / ED,APJ,SUDAH DIAMBIL
06/07/2026,INV.KMS.2602271,DK00391,APOTEK K-24 PACCERAKKANG FARMA,TM000261,TM00026,,1,2,0,Zinc IPI 45's,Botol,051026 / Mei-28,12," 9,517 ",," 114,204 "," 210,954 "," 23,205 "," 234,159 ",Penjualan,ANGGA,
06/07/2026,INV.KMS.2602271,DK00391,APOTEK K-24 PACCERAKKANG FARMA,KF000341,KF00034,,1,2,OTC,Batugin Elixir 120 ml,Botol,B60259N / Feb-28,3," 32,250 ",," 96,750 ",, - , - ,Penjualan,ANGGA,
06/07/2026,INV.KMS.2602272,DK00242,APOTEK K-24 PALLANGGA,KF001421,KF00142,,1,2,Generik,"Betametason 0,1% Krim (KF) 5g @25 Tube",Dus,K52217W / Nov-27,1," 63,750 ",," 63,750 "," 742,018 "," 81,622 "," 823,640 ",Penjualan,SYARIF,
06/07/2026,INV.KMS.2602272,DK00242,APOTEK K-24 PALLANGGA,NC000031,NC00003,,1,2,0,Bedak Salicyl Menthol (Nellco) 60gr,Pot,8026003 / Jun-30,6," 7,150 ",," 42,900 ",, - , - ,Penjualan,SYARIF,
06/07/2026,INV.KMS.2602272,DK00242,APOTEK K-24 PALLANGGA,MF000021,MF00002,,1,2,0,Betadine Solutio 15 ml,Botol,DB26014 / Mar-30,12," 14,675 ",," 176,100 ",, - , - ,Penjualan,SYARIF,
06/07/2026,INV.KMS.2602272,DK00242,APOTEK K-24 PALLANGGA,TM000251,TM00025,,1,2,0,Vitamin D3 + K2 IPI 25's,Botol,051066 / Mei-28,12," 9,517 ",," 114,204 ",, - , - ,Penjualan,SYARIF,
06/07/2026,INV.KMS.2602272,DK00242,APOTEK K-24 PALLANGGA,NP000431,NP00043,,1,2,0,Mefenamic Acid 500 mg (Nova) 100's,Dus,2604-10-120 / Apr-28,1," 25,000 ",," 25,000 ",, - , - ,Penjualan,SYARIF,
06/07/2026,INV.KMS.2602272,DK00242,APOTEK K-24 PALLANGGA,KF000341,KF00034,,1,2,OTC,Batugin Elixir 120 ml,Botol,B60259N / Feb-28,4," 32,250 ",," 129,000 ",, - , - ,Penjualan,SYARIF,
06/07/2026,INV.KMS.2602272,DK00242,APOTEK K-24 PALLANGGA,DV000041,DV00004,,1,2,0,Vicee Orange Tab 100's,Dus,LX5A121 / Jan-28,2," 63,688 ",," 127,376 ",, - , - ,Penjualan,SYARIF,
06/07/2026,INV.KMS.2602272,DK00242,APOTEK K-24 PALLANGGA,DV000071,DV00007,,1,2,0,Vicee Strawbery Tab 100's,Dus,KX5A298 / Nov-27,1," 63,688 ",," 63,688 ",, - , - ,Penjualan,SYARIF,
06/07/2026,INV.KMS.2602273,DK00416,APOTEK AVICENNA BTP,KF001431,KF00143,,1,2,Generik,Ketoconazole 2% Krim (KF) 10g @25 Tube,Dus,B60247W / Feb-28,2," 127,500 ",," 255,000 "," 255,000 "," 28,050 "," 283,050 ",Penjualan,ANGGA,
07/07/2026,5494124-01165,SGR0041,PT. Sagara Medika Indonesia,SR000011,SR00001,,1,1,0,Dextrose 5% Infus (Satoria) 500 ml,Botol,2B1A6E001 / Mei-28,100," 7,780 ",," 778,000 "," 947,040 "," 104,174 "," 1,051,214 ",Barang Masuk,APJ,
07/07/2026,5494124-01165,SGR0041,PT. Sagara Medika Indonesia,SR000042,SR00004,,2,1,0,Dextrose 10% Infus (Satoria) 500 ml,Botol,1B2A60006 / Apr-28,20," 8,452 ",," 169,040 ",, - , - ,Barang Masuk,APJ,
07/07/2026,INV.KMS.2602274,DK00281,"RUMAH SAKIT IBU DAN ANAK ""AMANAT""",SR000021,SR00002,,1,2,0,Ringer Lactate Infus (Satoria) 500 ml,Botol,2D1A6E036 / Mei-28,100," 8,602 ",," 860,200 "," 1,029,240 "," 113,216 "," 1,142,456 ",Penjualan,SYARIF,
07/07/2026,INV.KMS.2602274,DK00281,"RUMAH SAKIT IBU DAN ANAK ""AMANAT""",SR000042,SR00004,,2,2,0,Dextrose 10% Infus (Satoria) 500 ml,Botol,1B2A60006 / Apr-28,20," 8,452 ",," 169,040 ",, - , - ,Penjualan,SYARIF,
07/07/2026,INV.KMS.2602275,DK00346,APOTEK DELIMA,HF000011,HF00001,,1,2,Mengandung Prekursor,Hufagripp Flu & Batuk Sirup 60 ml,Botol,A900616 / Mar-29,15," 21,620 ",," 324,300 "," 467,728 "," 51,450 "," 519,178 ",Penjualan,ANGGA,
07/07/2026,INV.KMS.2602275,DK00346,APOTEK DELIMA,HF000011,HF00001,,1,2,Mengandung Prekursor,Hufagripp Flu & Batuk Sirup 60 ml,Botol,A900616 / Mar-29,1," 21,620 ",100, - ,, - , - ,Penjualan,ANGGA,
07/07/2026,INV.KMS.2602275,DK00346,APOTEK DELIMA,CM000051,CM00005,,1,2,Mengandung Prekursor,OBHC Batuk Flu Jahe 60 ml,Botol,6OA042 / Jan-28,3," 15,540 ",," 46,620 ",, - , - ,Penjualan,ANGGA,
07/07/2026,INV.KMS.2602275,DK00346,APOTEK DELIMA,CM000021,CM00002,,1,2,Mengandung Prekursor,OBHC Anak Jeruk 60 ml,Botol,6OB028 / Feb-28,4," 16,832 ",," 67,328 ",, - , - ,Penjualan,ANGGA,
07/07/2026,INV.KMS.2602275,DK00346,APOTEK DELIMA,CC000061,CC00006,,1,2,Mengandung Prekursor,Demacolin Sirup 60 ml,Botol,25LC054 / Nov-28,2," 14,740 ",," 29,480 ",, - , - ,Penjualan,ANGGA,
07/07/2026,INV.KMS.2602276,DK00346,APOTEK DELIMA,TW000011,TW00001,,1,2,0,Tawon Minyak Gosok CC 20 ml,Botol,25041 / Apr-30,8," 23,000 ",," 184,000 "," 1,040,068 "," 114,407 "," 1,154,475 ",Penjualan,ANGGA,
07/07/2026,INV.KMS.2602276,DK00346,APOTEK DELIMA,EP000021,EP00002,,1,2,0,MKP (Cap Lang) 60 ml ,Botol,HA00216 / Feb-31,7," 22,260 ",," 155,820 ",, - , - ,Penjualan,ANGGA,
07/07/2026,INV.KMS.2602276,DK00346,APOTEK DELIMA,JJ000041,JJ00004,,1,2,0,Combantrin Sirup Rasa Jeruk 10 ml,Botol,NK2113 / Okt-28,4," 18,312 ",," 73,248 ",, - , - ,Penjualan,ANGGA,
07/07/2026,INV.KMS.2602276,DK00346,APOTEK DELIMA,TJ000011,TJ00001,,1,2,0,Madu TJ Murni 150 gr,Botol,25P00232 / Des-29,7," 20,200 ",," 141,400 ",, - , - ,Penjualan,ANGGA,
07/07/2026,INV.KMS.2602276,DK00346,APOTEK DELIMA,EP000011,EP00001,,1,2,0,MKP (Cap Lang) 30 ml ,Botol,HM01517 / Jan-31,12," 12,075 ",," 144,900 ",, - , - ,Penjualan,ANGGA,
07/07/2026,INV.KMS.2602276,DK00346,APOTEK DELIMA,TW000031,TW00003,,1,2,0,Tawon Minyak Gosok EE 60 ml,Botol,26012 / Jan-31,2," 50,350 ",," 100,700 ",, - , - ,Penjualan,ANGGA,
07/07/2026,INV.KMS.2602276,DK00346,APOTEK DELIMA,DV000041,DV00004,,1,2,0,Vicee Orange Tab 100's,Dus,LX5A121 / Jan-28,1," 63,688 ",," 63,688 ",, - , - ,Penjualan,ANGGA,
07/07/2026,INV.KMS.2602276,DK00346,APOTEK DELIMA,TW000041,TW00004,,1,2,0,Tawon Minyak Gosok FF 90 ml,Botol,25122 / Des-30,2," 71,125 ",," 142,250 ",, - , - ,Penjualan,ANGGA,
07/07/2026,INV.KMS.2602276,DK00346,APOTEK DELIMA,EP000111,EP00011,,1,2,0,GPU Cair Sereh 60 ml,Botol,HR02407 / Mar-31,2," 17,031 ",," 34,062 ",, - , - ,Penjualan,ANGGA,
07/07/2026,INV.KMS.2602277,DK00346,APOTEK DELIMA,DV000031,DV00003,,1,2,0,Vicee Lemon Tab 100's,Dus,KX5A369 / Des-27,1," 63,688 ",," 63,688 "," 460,063 "," 50,607 "," 510,670 ",Penjualan,ANGGA,
07/07/2026,INV.KMS.2602277,DK00346,APOTEK DELIMA,US000071,US00007,,1,2,0,Hot in Cream Botol Strong 120 gr (Merah),Botol,26B01350 / Feb-29,2," 26,900 ",," 53,800 ",, - , - ,Penjualan,ANGGA,
07/07/2026,INV.KMS.2602277,DK00346,APOTEK DELIMA,CC000081,CC00008,,1,2,0,Herocyn 85 gr,Pcs,26BD029 / Feb-30,2," 11,000 ",," 22,000 ",, - , - ,Penjualan,ANGGA,
07/07/2026,INV.KMS.2602277,DK00346,APOTEK DELIMA,IF000231,IF00023,,1,2,0,Histigo 6 mg NEW 100's ,Dus,JC05N / Des-27,1," 50,000 ",," 50,000 ",, - , - ,Penjualan,ANGGA,
07/07/2026,INV.KMS.2602277,DK00346,APOTEK DELIMA,ME000051,ME00005,,1,2,0,"Dexamethasone 0,5 mg (MEF) 200's",Dus,1508527 / Aug-30,2," 30,000 ",," 60,000 ",, - , - ,Penjualan,ANGGA,
07/07/2026,INV.KMS.2602277,DK00346,APOTEK DELIMA,EP000141,EP00014,,1,2,0,Balsem Otot Geliga 20 gr,Pcs,HA02251 / Feb-31,5," 9,135 ",," 45,675 ",, - , - ,Penjualan,ANGGA,
07/07/2026,INV.KMS.2602277,DK00346,APOTEK DELIMA,SL000061,SL00006,,1,2,0,Allopurinol 100 mg (SLF) 100's ,Dus,61070 / Jan-28,1," 23,000 ",," 23,000 ",, - , - ,Penjualan,ANGGA,
07/07/2026,INV.KMS.2602277,DK00346,APOTEK DELIMA,BM000011,BM00001,,1,2,0,MBK Silver 12's,Dus,Q127BPSS / Feb-33,2," 34,200 ",," 68,400 ",, - , - ,Penjualan,ANGGA,
07/07/2026,INV.KMS.2602277,DK00346,APOTEK DELIMA,EL000111,EL00011,,1,2,0,Caviplex Kaplet 100's,Dus,F1461109 / Sep-28,1," 73,500 ",," 73,500 ",, - , - ,Penjualan,ANGGA,
07/07/2026,INV.KMS.2602278,DK00346,APOTEK DELIMA,EP000291,EP00029,,1,2,0,Minyak Gandapura 30 ml,Botol,PN01105 / Nov-30,4," 8,463 ",," 33,852 "," 172,572 "," 18,983 "," 191,555 ",Penjualan,ANGGA,
07/07/2026,INV.KMS.2602278,DK00346,APOTEK DELIMA,US000031,US00003,,1,2,0,Freshcare Smash Matcha Inhaler Roll On 8 ml,Pcs,26E03634 / Mei-29,12," 11,560 ",," 138,720 ",, - , - ,Penjualan,ANGGA,
07/07/2026,INV.KMS.2602279,DK00346,APOTEK DELIMA,PG000071,PG00007,,1,2,OOT,Vicks Formula 44 Dewasa 54 ml,Botol,53286298A1 / Nov-27,2," 19,097 ",," 38,194 "," 38,194 "," 4,201 "," 42,395 ",Penjualan,ANGGA,
07/07/2026,INV.KMS.2602280,DK00333,APOTEK ANUGERAH SEJATI ,DV000201,DV00020,,1,2,0,Natur E 100 IU Soft Cap 32's,Dus,5EF1231 / Jun-28,3," 30,632 ",3," 89,139 "," 156,639 "," 17,230 "," 173,869 ",Penjualan,SYARIF,
07/07/2026,INV.KMS.2602280,DK00333,APOTEK ANUGERAH SEJATI ,BF000511,BF00051,,1,2,Generik,Aciclovir Krim 5% (Berno) 5g @25 Tube,Dus,LCK85454 / Sep-30,1," 75,000 ",10," 67,500 ",, - , - ,Penjualan,SYARIF,
07/07/2026,INV.KMS.2602281,DK00333,APOTEK ANUGERAH SEJATI ,DV000441,DV00044,,1,2,Mengandung Prekursor,Decolgen FX Kaplet 100's,Dus,26014701 / Jan-29,1," 100,278 ",," 100,278 "," 100,278 "," 11,031 "," 111,309 ",Penjualan,SYARIF,
07/07/2026,INV.KMS.2602282,DK00553,APOTEK BUNGA FARMA,MC000011,MC00001,,1,2,0,Sangobion Caps 250's,Dus,L0792178 / Aug-27,1," 471,750 ",," 471,750 "," 471,750 "," 51,893 "," 523,643 ",Penjualan,ANGGA,
07/07/2026,INV.KMS.2602283,DK00222,APOTEK K-24 TODDOPULI,MF000151,MF00015,,1,2,0,Betadine Antiseptic Ointment 20 gr ,Tube,IB24001 / Aug-27,3," 34,118 ",," 102,354 "," 306,142 "," 33,676 "," 339,818 ",Penjualan,SYARIF,
07/07/2026,INV.KMS.2602283,DK00222,APOTEK K-24 TODDOPULI,KF001071,KF00107,,1,2,Generik,Glimepiride 2 mg (KF) 50's,Dus,I32267J / Sep-27,1," 35,000 ",," 35,000 ",, - , - ,Penjualan,SYARIF,
07/07/2026,INV.KMS.2602283,DK00222,APOTEK K-24 TODDOPULI,NC000031,NC00003,,1,2,0,Bedak Salicyl Menthol (Nellco) 60gr,Pot,8026003 / Jun-30,4," 7,150 ",," 28,600 ",, - , - ,Penjualan,SYARIF,
07/07/2026,INV.KMS.2602283,DK00222,APOTEK K-24 TODDOPULI,CC000091,CC00009,,1,2,0,Herocyn 150 gr,Pcs,26DD072 / Apr-30,5," 15,300 ",," 76,500 ",, - , - ,Penjualan,SYARIF,
07/07/2026,INV.KMS.2602283,DK00222,APOTEK K-24 TODDOPULI,DV000071,DV00007,,1,2,0,Vicee Strawbery Tab 100's,Dus,KX5A298 / Nov-27,1," 63,688 ",," 63,688 ",, - , - ,Penjualan,SYARIF,
07/07/2026,INV.KMS.2602284,DK00059,APOTIK ANTANG RAYA FARMA,SR000021,SR00002,,1,2,0,Ringer Lactate Infus (Satoria) 500 ml,Botol,2D1A6E036 / Mei-28,40," 8,602 ",," 344,080 "," 344,080 "," 37,849 "," 381,929 ",Penjualan,SYARIF,
07/07/2026,INV.KMS.2602285,DK00074,APOTIK JERIC FARMA,SH000011,SH00001,,1,2,0,Imbost Force Kaplet 30's ,Dus,26A0100 / Feb-28,2," 196,188 ",," 392,376 "," 392,376 "," 43,161 "," 435,537 ",Penjualan,SYARIF,
07/07/2026,826071311,PIS0021,PT. Pharma Indo Sukses,PM000021,PM00002,,1,1,0,Parasetamol 500 mg (PIM) 100's,Dus,05603134 / Mar-30,64," 20,900 ",," 1,337,600 "," 2,132,600 "," 234,586 "," 2,367,186 ",Barang Masuk,APJ,
07/07/2026,826071311,PIS0021,PT. Pharma Indo Sukses,BF000561,BF00056,,1,1,0,Betahistine Mesilate 6 mg (Berno) 100's,Dus,TPF09555 / Mei-28,20," 21,000 ",," 420,000 ",, - , - ,Barang Masuk,APJ,
07/07/2026,826071311,PIS0021,PT. Pharma Indo Sukses,PM000101,PM00010,,1,1,0,Vitamin B Complex 180 mg (PIM) 100's,Dus,24604205 / Apr-28,30," 12,500 ",," 375,000 ",, - , - ,Barang Masuk,APJ,
08/07/2026,INV.KMS.2602286,DK00001,APOTEK AL VARAN FARMA,NC000031,NC00003,,1,2,0,Bedak Salicyl Menthol (Nellco) 60gr,Pot,8026003 / Jun-30,36," 7,150 ",," 257,400 "," 257,400 "," 28,314 "," 285,714 ",Penjualan,ANGGA,
08/07/2026,INV.KMS.2602287,DK00290,APOTEK MAPALA MEDICAL CENTER,KF001421,KF00142,,1,2,Generik,"Betametason 0,1% Krim (KF) 5g @25 Tube",Dus,K52217W / Nov-27,3," 63,750 ",," 191,250 "," 668,250 "," 73,508 "," 741,758 ",Penjualan,SYARIF,
08/07/2026,INV.KMS.2602287,DK00290,APOTEK MAPALA MEDICAL CENTER,KF001441,KF00144,,1,2,Generik,"Gentamicin Sulfate 0,1% Krim (KF) 5g @10 Tube",Dus,C60526W / Mar-28,3," 33,190 ",," 99,570 ",, - , - ,Penjualan,SYARIF,
08/07/2026,INV.KMS.2602287,DK00290,APOTEK MAPALA MEDICAL CENTER,EL000062,EL00006,,2,2,0,Antasida Suspensi (Erela) 60 ml ,Botol,S.2361104 / Mei-28,10," 5,000 ",," 50,000 ",, - , - ,Penjualan,SYARIF,
08/07/2026,INV.KMS.2602287,DK00290,APOTEK MAPALA MEDICAL CENTER,PM000041,PM00004,,1,2,0,Paracetamol Sirup Rasa Strawberry (PIM) 60 ml,Botol,64512006 / Jun-28,20," 4,000 ",," 80,000 ",, - , - ,Penjualan,SYARIF,
08/07/2026,INV.KMS.2602287,DK00290,APOTEK MAPALA MEDICAL CENTER,BF000491,BF00049,,1,2,0,Cefixime Sirup (Berno) 30 ml,Botol,SKN48154 / Des-27,7," 12,000 ",," 84,000 ",, - , - ,Penjualan,SYARIF,
08/07/2026,INV.KMS.2602287,DK00290,APOTEK MAPALA MEDICAL CENTER,DV000401,DV00040,,1,2,0,Natur E White 32's ,Dus,5EE1026 / Mei-27,2," 81,715 ",," 163,430 ",, - , - ,Penjualan,SYARIF,
08/07/2026,INV.KMS.2602288,DK00546,APOTEK MEWAPRO,KF000711,KF00071,,1,2,Ethical,Nitrokaf Retard (KF) 100's,Dus,J51732N / Okt-27,1," 264,450 ",," 264,450 "," 300,780 "," 33,086 "," 333,866 ",Penjualan,SYARIF,
08/07/2026,INV.KMS.2602288,DK00546,APOTEK MEWAPRO,KF000481,KF00048,,1,2,OTC,Bedak Marcks Creme 40gr,Pot,H50579S / Aug-30,1," 18,165 ",," 18,165 ",, - , - ,Penjualan,SYARIF,
08/07/2026,INV.KMS.2602288,DK00546,APOTEK MEWAPRO,KF000651,KF00065,,1,2,OTC,Bedak Marcks Invisible 40gr,Pot,H50600S / Aug-30,1," 18,165 ",," 18,165 ",, - , - ,Penjualan,SYARIF,
08/07/2026,INV.KMS.2602289,DK00292,APOTEK PINTU DUA,SL000101,SL00010,,1,2,0,Allopurinol 300 mg (SLF) 100's,Dus,52882 / Mei-28,3," 45,000 ",," 135,000 "," 583,880 "," 64,227 "," 648,107 ",Penjualan,ANGGA,
08/07/2026,INV.KMS.2602289,DK00292,APOTEK PINTU DUA,KF001431,KF00143,,1,2,Generik,Ketoconazole 2% Krim (KF) 10g @25 Tube,Dus,B60247W / Feb-28,2," 127,500 ",," 255,000 ",, - , - ,Penjualan,ANGGA,
08/07/2026,INV.KMS.2602289,DK00292,APOTEK PINTU DUA,KF001441,KF00144,,1,2,Generik,"Gentamicin Sulfate 0,1% Krim (KF) 5g @10 Tube",Dus,C60526W / Mar-28,2," 33,190 ",," 66,380 ",, - , - ,Penjualan,ANGGA,
08/07/2026,INV.KMS.2602289,DK00292,APOTEK PINTU DUA,KF001421,KF00142,,1,2,Generik,"Betametason 0,1% Krim (KF) 5g @25 Tube",Dus,K52217W / Nov-27,2," 63,750 ",," 127,500 ",, - , - ,Penjualan,ANGGA,
08/07/2026,INV.KMS.2602290,DK00426,APOTEK ASYURA MEDIKA PANCIRO,KF000332,KF00033,,2,2,OTC,Asifit Kaplet-Blister 30's,Dus,I51472N / Sep-27,2," 61,640 ",," 123,280 "," 123,280 "," 13,561 "," 136,841 ",Penjualan,SYARIF,
08/07/2026,INV.KMS.2602291,DK00333,APOTEK ANUGERAH SEJATI ,PH000051,PH00005,,1,2,0,Proris Forte Suspensi 50 ml ,Dus,D6B693A / Feb-28,3," 29,484 ",," 88,452 "," 189,380 "," 20,832 "," 210,212 ",Penjualan,SYARIF,
08/07/2026,INV.KMS.2602291,DK00333,APOTEK ANUGERAH SEJATI ,PG000091,PG00009,,1,2,0,"Vicks Inhaler 0,5 ml",Pcs,60546298V1 / Aug-27,3," 17,701 ",," 53,103 ",, - , - ,Penjualan,SYARIF,
08/07/2026,INV.KMS.2602291,DK00333,APOTEK ANUGERAH SEJATI ,EX000051,EX00005,,1,2,0,Domperidone Sirup (Erlimpex) 60 ml,Botol,S.23260018 / Mar-28,6," 5,000 ",," 30,000 ",, - , - ,Penjualan,SYARIF,
08/07/2026,INV.KMS.2602291,DK00333,APOTEK ANUGERAH SEJATI ,FM000131,FM00013,,1,2,0,Loratadin 10 mg (FM) 100's,Dus,018953 / Jul-29,1," 17,825 ",," 17,825 ",, - , - ,Penjualan,SYARIF,
08/07/2026,INV.KMS.2602292,DK00411,APOTEK MEDIKA FARMA,NP000381,NP00038,,1,2,0,Zinc Sulfate 20 mg (Nova) 100's,Dus,2512-06-350 / Des-27,3," 25,000 ",," 75,000 "," 306,330 "," 33,696 "," 340,026 ",Penjualan,SYARIF,
08/07/2026,INV.KMS.2602292,DK00411,APOTEK MEDIKA FARMA,PM000101,PM00010,,1,2,0,Vitamin B Complex 180 mg (PIM) 100's,Dus,24604205 / Apr-28,5," 12,500 ",," 62,500 ",, - , - ,Penjualan,SYARIF,
08/07/2026,INV.KMS.2602292,DK00411,APOTEK MEDIKA FARMA,EP000071,EP00007,,1,2,0,MKP (Cap Lang) 15 ml ,Botol,HM01214 / Jan-31,12," 6,615 ",," 79,380 ",, - , - ,Penjualan,SYARIF,
08/07/2026,INV.KMS.2602292,DK00411,APOTEK MEDIKA FARMA,IF000241,IF00024,,1,2,0,Farsifen 400 mg 100's,Dus,CL0E8 / Jun-30,2," 44,725 ",," 89,450 ",, - , - ,Penjualan,SYARIF,
08/07/2026,INV.KMS.2602293,DK00222,APOTEK K-24 TODDOPULI,TM000021,TM00002,,1,2,0,My Baby M. Telon Plus 60 ml,Botol,0555426 / Mei-28,6," 14,462 ",," 86,772 "," 695,971 "," 76,557 "," 772,528 ",Penjualan,SYARIF,
08/07/2026,INV.KMS.2602293,DK00222,APOTEK K-24 TODDOPULI,TM000041,TM00004,,1,2,0,My Baby M. Telon Plus 150 ml,Botol,0304726 / Mar-28,4," 30,791 ",," 123,164 ",, - , - ,Penjualan,SYARIF,
08/07/2026,INV.KMS.2602293,DK00222,APOTEK K-24 TODDOPULI,GS000161,GS00016,,1,2,0,Polident Flavour Free 60 gr,Pcs,6E9A / Mar-28,2," 77,271 ",," 154,542 ",, - , - ,Penjualan,SYARIF,
08/07/2026,INV.KMS.2602293,DK00222,APOTEK K-24 TODDOPULI,GS000162,GS00016,,2,2,0,Polident Flavour Free 60 gr,Pcs,CH4T / Jun-28,1," 77,271 ",," 77,271 ",, - , - ,Penjualan,SYARIF,
08/07/2026,INV.KMS.2602293,DK00222,APOTEK K-24 TODDOPULI,EP000281,EP00028,,1,2,0,Norit Tab 40's ,Dus,PT00171 / Jun-30,2," 18,648 ",," 37,296 ",, - , - ,Penjualan,SYARIF,
08/07/2026,INV.KMS.2602293,DK00222,APOTEK K-24 TODDOPULI,EP000141,EP00014,,1,2,0,Balsem Otot Geliga 20 gr,Pcs,HA02251 / Feb-31,2," 9,135 ",," 18,270 ",, - , - ,Penjualan,SYARIF,
08/07/2026,INV.KMS.2602293,DK00222,APOTEK K-24 TODDOPULI,GL000031,GL00003,,1,2,0,Caladine Lotion 95 ml,Botol,I25009 / Sep-27,3," 22,302 ",," 66,906 ",, - , - ,Penjualan,SYARIF,
08/07/2026,INV.KMS.2602293,DK00222,APOTEK K-24 TODDOPULI,KF000341,KF00034,,1,2,OTC,Batugin Elixir 120 ml,Botol,B60259N / Feb-28,3," 32,250 ",," 96,750 ",, - , - ,Penjualan,SYARIF,
08/07/2026,INV.KMS.2602293,DK00222,APOTEK K-24 TODDOPULI,KF001071,KF00107,,1,2,Generik,Glimepiride 2 mg (KF) 50's,Dus,I32267J / Sep-27,1," 35,000 ",," 35,000 ",, - , - ,Penjualan,SYARIF,
08/07/2026,INV.KMS.2602294,DK00443,APOTEK ALBY CARE,NP000431,NP00043,,1,2,0,Mefenamic Acid 500 mg (Nova) 100's,Dus,2604-10-120 / Apr-28,2," 25,000 ",," 50,000 "," 348,188 "," 38,301 "," 386,489 ",Penjualan,ANGGA,
08/07/2026,INV.KMS.2602294,DK00443,APOTEK ALBY CARE,NP000461,NP00046,,1,2,0,"Meloxicam 7,5 mg (Nova) 100's",Dus,251103174 / Nov-27,1," 17,000 ",," 17,000 ",, - , - ,Penjualan,ANGGA,
08/07/2026,INV.KMS.2602294,DK00443,APOTEK ALBY CARE,HJ000101,HJ00010,,1,2,0,Ranitidine HCl 150 mg (HJ) NEW 200's,Dus,HTRNTC55639 / Sep-27,2," 42,500 ",," 85,000 ",, - , - ,Penjualan,ANGGA,
08/07/2026,INV.KMS.2602294,DK00443,APOTEK ALBY CARE,SH000011,SH00001,,1,2,0,Imbost Force Kaplet 30's ,Dus,26A0100 / Feb-28,1," 196,188 ",," 196,188 ",, - , - ,Penjualan,ANGGA,
08/07/2026,INV.KMS.2602295,DK00443,APOTEK ALBY CARE,PG000051,PG00005,,1,2,OOT,Vicks Formula 44 Anak Strawberry 54 ml,Botol,52426298G1 / Aug-27,2," 21,331 ",," 42,662 "," 42,662 "," 4,693 "," 47,355 ",Penjualan,ANGGA,
08/07/2026,INV.KMS.2602296,DK00548,APOTEK K-24 AROEPALA,MC000011,MC00001,,1,2,0,Sangobion Caps 250's,Dus,L0792178 / Aug-27,1," 471,750 ",," 471,750 "," 1,061,614 "," 116,778 "," 1,178,392 ",Penjualan,SYARIF,
08/07/2026,INV.KMS.2602296,DK00548,APOTEK K-24 AROEPALA,DV000251,DV00025,,1,2,0,New Diatabs Tab 100's ,Dus,25145102 / Sep-27,1," 64,479 ",," 64,479 ",, - , - ,Penjualan,SYARIF,
08/07/2026,INV.KMS.2602296,DK00548,APOTEK K-24 AROEPALA,GL000031,GL00003,,1,2,0,Caladine Lotion 95 ml,Botol,I25009 / Sep-27,6," 22,302 ",," 133,812 ",, - , - ,Penjualan,SYARIF,
08/07/2026,INV.KMS.2602296,DK00548,APOTEK K-24 AROEPALA,ME000051,ME00005,,1,2,0,"Dexamethasone 0,5 mg (MEF) 200's",Dus,1508527 / Aug-30,2," 30,000 ",," 60,000 ",, - , - ,Penjualan,SYARIF,
08/07/2026,INV.KMS.2602296,DK00548,APOTEK K-24 AROEPALA,EP000371,EP00037,,1,2,0,Inhaler Lang,Pcs,PD00119 / Sep-29,5," 8,243 ",," 41,215 ",, - , - ,Penjualan,SYARIF,
08/07/2026,INV.KMS.2602296,DK00548,APOTEK K-24 AROEPALA,PM000021,PM00002,,1,2,0,Parasetamol 500 mg (PIM) 100's,Dus,05603134 / Mar-30,3," 20,900 ",," 62,700 ",, - , - ,Penjualan,SYARIF,
08/07/2026,INV.KMS.2602296,DK00548,APOTEK K-24 AROEPALA,BM000011,BM00001,,1,2,0,MBK Silver 12's,Dus,Q127BPSS / Feb-33,3," 34,200 ",," 102,600 ",, - , - ,Penjualan,SYARIF,
08/07/2026,INV.KMS.2602296,DK00548,APOTEK K-24 AROEPALA,EP000411,EP00041,,1,2,0,Kool Fever Anak 12's,Dus ,XXXXX / Nov-28,1," 80,640 ",," 80,640 ",, - , - ,Penjualan,SYARIF,
08/07/2026,INV.KMS.2602296,DK00548,APOTEK K-24 AROEPALA,EP000421,EP00042,,1,2,0,Kool Fever Dewasa 6's,Dus ,XXXXX / Jan-29,1," 44,418 ",," 44,418 ",, - , - ,Penjualan,SYARIF,
08/07/2026,INV.KMS.2602297,DK00548,APOTEK K-24 AROEPALA,DV000391,DV00039,,1,2,0,Natur E White 16's ,Dus,5EF1243 / Jun-27,1," 44,802 ",," 44,802 "," 630,746 "," 69,382 "," 700,128 ",Penjualan,SYARIF,
08/07/2026,INV.KMS.2602297,DK00548,APOTEK K-24 AROEPALA,PH000011,PH00001,,1,2,0,Microlax Gel 5 ml,Tube,D5H813L / Aug-28,10," 20,000 ",," 200,000 ",, - , - ,Penjualan,SYARIF,
08/07/2026,INV.KMS.2602297,DK00548,APOTEK K-24 AROEPALA,GN000011,GN00001,,1,2,0,Beruang Minyak Gosok 30 ml,Botol,GEaY / Des-30,2," 14,700 ",," 29,400 ",, - , - ,Penjualan,SYARIF,
08/07/2026,INV.KMS.2602297,DK00548,APOTEK K-24 AROEPALA,GN000021,GN00002,,1,2,0,Beruang Minyak Gosok 120 ml,Botol,GEaY / Des-30,2," 51,750 ",," 103,500 ",, - , - ,Penjualan,SYARIF,
08/07/2026,INV.KMS.2602297,DK00548,APOTEK K-24 AROEPALA,TM000091,TM00009,,1,2,0,Vitamin A IPI 45's,Botol,061075 / Jun-27,6," 5,785 ",," 34,710 ",, - , - ,Penjualan,SYARIF,
08/07/2026,INV.KMS.2602297,DK00548,APOTEK K-24 AROEPALA,TM000111,TM00011,,1,2,0,Vitamin B12 IPI 45's,Botol,060565 / Jun-27,6," 5,785 ",," 34,710 ",, - , - ,Penjualan,SYARIF,
08/07/2026,INV.KMS.2602297,DK00548,APOTEK K-24 AROEPALA,TM000251,TM00025,,1,2,0,Vitamin D3 + K2 IPI 25's,Botol,051066 / Mei-28,9," 9,517 ",," 85,653 ",, - , - ,Penjualan,SYARIF,
08/07/2026,INV.KMS.2602297,DK00548,APOTEK K-24 AROEPALA,TM000252,TM00025,,2,2,0,Vitamin D3 + K2 IPI 25's,Botol,051076 / Mei-28,3," 9,517 ",," 28,551 ",, - , - ,Penjualan,SYARIF,
08/07/2026,INV.KMS.2602297,DK00548,APOTEK K-24 AROEPALA,TM000121,TM00012,,1,2,0,Vitamin B Complex IPI 45's,Botol,050416 / Mei-28,12," 5,785 ",," 69,420 ",, - , - ,Penjualan,SYARIF,
08/07/2026,INV.KMS.2602298,DK00548,APOTEK K-24 AROEPALA,CC000091,CC00009,,1,2,0,Herocyn 150 gr,Pcs,26DD072 / Apr-30,3," 15,300 ",," 45,900 "," 346,511 "," 38,116 "," 384,627 ",Penjualan,SYARIF,
08/07/2026,INV.KMS.2602298,DK00548,APOTEK K-24 AROEPALA,US000201,US00020,,1,2,0,Freshcare Vapobalm Matcha 10 gr,Pcs,26B00701 / Feb-29,2," 11,560 ",," 23,120 ",, - , - ,Penjualan,SYARIF,
08/07/2026,INV.KMS.2602298,DK00548,APOTEK K-24 AROEPALA,IF000241,IF00024,,1,2,0,Farsifen 400 mg 100's,Dus,CL0E8 / Jun-30,2," 44,725 ",," 89,450 ",, - , - ,Penjualan,SYARIF,
08/07/2026,INV.KMS.2602298,DK00548,APOTEK K-24 AROEPALA,EL000091,EL00009,,1,2,0,"Erlamycetin Salep Mata 3,5 gr",Tube ,0.0460131 / Jun-29,3," 12,000 ",," 36,000 ",, - , - ,Penjualan,SYARIF,
08/07/2026,INV.KMS.2602298,DK00548,APOTEK K-24 AROEPALA,SC000021,SC00002,,1,2,0,Obat Sakit Gigi Cap Burung Kakak Tua 2 ml,Pcs,1602FB / Feb-29,2," 15,000 ",," 30,000 ",, - , - ,Penjualan,SYARIF,
08/07/2026,INV.KMS.2602298,DK00548,APOTEK K-24 AROEPALA,PM000081,PM00008,,1,2,0,CTM Tab (PIM) 288's,Pack,09508106 / Aug-30,1," 19,084 ",," 19,084 ",, - , - ,Penjualan,SYARIF,
08/07/2026,INV.KMS.2602298,DK00548,APOTEK K-24 AROEPALA,MF000081,MF00008,,1,2,0,Betadine Feminine Hygiene 60 ml,Botol,BB26035 / Jan-28,1," 33,866 ",," 33,866 ",, - , - ,Penjualan,SYARIF,
08/07/2026,INV.KMS.2602298,DK00548,APOTEK K-24 AROEPALA,MF000021,MF00002,,1,2,0,Betadine Solutio 15 ml,Botol,DB26014 / Mar-30,3," 14,675 ",," 44,025 ",, - , - ,Penjualan,SYARIF,
08/07/2026,INV.KMS.2602298,DK00548,APOTEK K-24 AROEPALA,MF000071,MF00007,,1,2,0,Betadine Solutio 30 ml,Botol,BB26060 / Jan-30,1," 25,066 ",," 25,066 ",, - , - ,Penjualan,SYARIF,
08/07/2026,INV.KMS.2602299,DK00548,APOTEK K-24 AROEPALA,CC000051,CC00005,,1,2,Mengandung Prekursor,Demacolin Tab 100's,Dus,26AA042 / Jan-30,2," 46,750 ",," 93,500 "," 107,289 "," 11,802 "," 119,091 ",Penjualan,SYARIF,
08/07/2026,INV.KMS.2602299,DK00548,APOTEK K-24 AROEPALA,PM000031,PM00003,,1,2,Mengandung Prekursor,Pim-Tra-Kol Sirup Cherry 60 ml,Botol,B3512005 / Des-27,1," 13,789 ",," 13,789 ",, - , - ,Penjualan,SYARIF,
08/07/2026,INV.KMS.2602300,DK00294,APOTEK K-24 TAMALATE RAYA,KF000061,KF00006,,1,2,Generik,Antihemoroid Suppo (KF) 10's,Dus,J52025W / Okt-27,2," 47,300 ",," 94,600 "," 276,721 "," 30,439 "," 307,160 ",Penjualan,SYARIF,
08/07/2026,INV.KMS.2602300,DK00294,APOTEK K-24 TAMALATE RAYA,EP000281,EP00028,,1,2,0,Norit Tab 40's ,Dus,PT00171 / Jun-30,5," 18,648 ",," 93,240 ",, - , - ,Penjualan,SYARIF,
08/07/2026,INV.KMS.2602300,DK00294,APOTEK K-24 TAMALATE RAYA,DX000141,DX00014,,1,2,0,"Captopril 12,5 mg (Dexa) 100's",Dus,56D4298 / Apr-28,1," 15,180 ",," 15,180 ",, - , - ,Penjualan,SYARIF,
08/07/2026,INV.KMS.2602300,DK00294,APOTEK K-24 TAMALATE RAYA,ET000011,ET00001,,1,2,0,Captopril 25 mg (Errita) 100's,Dus,HR1065 / Aug-29,1," 15,000 ",," 15,000 ",, - , - ,Penjualan,SYARIF,
08/07/2026,INV.KMS.2602300,DK00294,APOTEK K-24 TAMALATE RAYA,TM000211,TM00021,,1,2,0,My Baby M. Telon Plus Lavender 90 ml,Botol,0952725 / Sep-27,3," 19,567 ",," 58,701 ",, - , - ,Penjualan,SYARIF,
08/07/2026,INV.KMS.2602301,DK00430,APOTEK AORTA ,EP000102,EP00010,,2,2,0,GPU Cair Sereh 30 ml,Botol,HR02805 / Mar-31,4," 9,933 ",," 39,732 "," 454,626 "," 50,009 "," 504,635 ",Penjualan,SYARIF,
08/07/2026,INV.KMS.2602301,DK00430,APOTEK AORTA ,US000031,US00003,,1,2,0,Freshcare Smash Matcha Inhaler Roll On 8 ml,Pcs,26E03634 / Mei-29,12," 11,560 ",," 138,720 ",, - , - ,Penjualan,SYARIF,
08/07/2026,INV.KMS.2602301,DK00430,APOTEK AORTA ,MF000011,MF00001,,1,2,0,Betadine Solutio 5 ml,Botol,CB26031 / Feb-30,6," 5,924 ",," 35,544 ",, - , - ,Penjualan,SYARIF,
08/07/2026,INV.KMS.2602301,DK00430,APOTEK AORTA ,EP000411,EP00041,,1,2,0,Kool Fever Anak 12's,Dus ,XXXXX / Nov-28,1," 80,640 ",," 80,640 ",, - , - ,Penjualan,SYARIF,
08/07/2026,INV.KMS.2602301,DK00430,APOTEK AORTA ,EP000412,EP00041,,2,2,0,Kool Fever Anak 12's,Dus ,XXXXX / Des-28,1," 80,640 ",," 80,640 ",, - , - ,Penjualan,SYARIF,
08/07/2026,INV.KMS.2602301,DK00430,APOTEK AORTA ,MU000041,MU00004,,1,2,0,Salbutamol 2 mg (MUS) 100's,Dus,2601041 / Jan-28,2," 13,800 ",," 27,600 ",, - , - ,Penjualan,SYARIF,
08/07/2026,INV.KMS.2602301,DK00430,APOTEK AORTA ,MU000061,MU00006,,1,2,0,Salbutamol 4 mg (MUS) 100's,Dus,2510017 / Okt-27,3," 17,250 ",," 51,750 ",, - , - ,Penjualan,SYARIF,
08/07/2026,INV.KMS.2602302,DK00234,APOTEK K-24 CENDRAWASIH,KF000481,KF00048,,1,2,OTC,Bedak Marcks Creme 40gr,Pot,H50579S / Aug-30,4," 18,165 ",," 72,660 "," 163,485 "," 17,983 "," 181,468 ",Penjualan,SYARIF,
08/07/2026,INV.KMS.2602302,DK00234,APOTEK K-24 CENDRAWASIH,KF000491,KF00049,,1,2,OTC,Bedak Marcks Rose 40gr,Pot,H50619S / Aug-30,5," 18,165 ",," 90,825 ",, - , - ,Penjualan,SYARIF,
08/07/2026,INV.KMS.2602303,DK00038,APOTEK PANAIKANG,TM000191,TM00019,,1,2,0,My Baby M. Telon Plus Lavender 30 ml,Botol,0452825 / Apr-27,6," 7,979 ",," 47,874 "," 632,187 "," 69,541 "," 701,728 ",Penjualan,ANGGA,
08/07/2026,INV.KMS.2602303,DK00038,APOTEK PANAIKANG,GS000201,GS00020,,1,2,0,Polident Adhesive Fresh Mint 60 gr,Pcs,BG5T / Mei-28,3," 77,271 ",," 231,813 ",, - , - ,Penjualan,ANGGA,
08/07/2026,INV.KMS.2602303,DK00038,APOTEK PANAIKANG,TR000091,TR00009,,1,2,0,Ibuprofen 400 mg (Triman) 100's,Dus,B26111 / Feb-28,6," 28,750 ",," 172,500 ",, - , - ,Penjualan,ANGGA,
08/07/2026,INV.KMS.2602303,DK00038,APOTEK PANAIKANG,NU000011,NU00001,,1,2,0,Cetirizine HCl 10 mg (Nulab) 100's,Dus,2601180 / Jan-28,5," 28,500 ",," 142,500 ",, - , - ,Penjualan,ANGGA,
08/07/2026,INV.KMS.2602303,DK00038,APOTEK PANAIKANG,PS000011,PS00001,,1,2,0,Diclofenac Sodium 50 mg (Phapros) 50's,Dus ,96365002 / Mar-30,3," 12,500 ",," 37,500 ",, - , - ,Penjualan,ANGGA,
08/07/2026,INV.KMS.2602304,DK00038,APOTEK PANAIKANG,HF000011,HF00001,,1,2,Mengandung Prekursor,Hufagripp Flu & Batuk Sirup 60 ml,Botol,A900616 / Mar-29,15," 21,620 ",," 324,300 "," 324,300 "," 35,673 "," 359,973 ",Penjualan,ANGGA,
08/07/2026,INV.KMS.2602304,DK00038,APOTEK PANAIKANG,HF000011,HF00001,,1,2,Mengandung Prekursor,Hufagripp Flu & Batuk Sirup 60 ml,Botol,A900616 / Mar-29,1," 21,620 ",100, - ,, - , - ,Penjualan,ANGGA,
08/07/2026,IVC/MKS/260700152,AAA0047,PT. Adya Artha Abadi,BF000512,BF00051,,2,1,Generik,Aciclovir Krim 5% (Berno) 5g @25 Tube,Dus,LCN22354 / Des-30,12," 75,000 ",," 900,000 "," 900,000 "," 99,000 "," 999,000 ",Barang Masuk,APJ,
08/07/2026,1274273653,TMP0044,PT. TEMPO ,TM000062,TM00006,,2,1,0,Bodrex Extra Tab 100's,Dus,050156 / Apr-29,10," 51,000 ",," 510,000 "," 2,259,151 "," 248,507 "," 2,507,658 ",Barang Masuk,APJ,
08/07/2026,1274273653,TMP0044,PT. TEMPO ,TM000152,TM00015,,2,1,OOT,Bodrex Flu Batuk Tidak Berdahak PE 100's,Dus,040016 / Mar-29,3," 50,845 ",," 152,535 ",, - , - ,Barang Masuk,APJ,
08/07/2026,1274273653,TMP0044,PT. TEMPO ,TM000162,TM00016,,2,1,0,Bodrex Migra Kaplet 100's,Dus,050146 / Apr-29,10," 55,693 ",," 556,930 ",, - , - ,Barang Masuk,APJ,
08/07/2026,1274273653,TMP0044,PT. TEMPO ,TM000112,TM00011,,2,1,0,Vitamin B12 IPI 45's,Botol,051106 / Mei-28,51," 5,785 ",," 295,035 ",, - , - ,Barang Masuk,APJ,
08/07/2026,1274273653,TMP0044,PT. TEMPO ,TM000132,TM00013,,2,1,0,Vitamin C IPI 45's,Botol,050736 / Mei-28,51," 5,785 ",," 295,035 ",, - , - ,Barang Masuk,APJ,
08/07/2026,1274273653,TMP0044,PT. TEMPO ,TM000272,TM00027,,2,1,0,Vitamin D3 1000 IU IPI 30's,Botol,050996 / Mei-28,51," 8,816 ",," 449,616 ",, - , - ,Barang Masuk,APJ,
09/07/2026,INV.KMS.2602305,DK00421,APOTEK JEDDAH,EP000291,EP00029,,1,2,0,Minyak Gandapura 30 ml,Botol,PN01105 / Nov-30,4," 8,463 ",," 33,852 "," 630,047 "," 69,305 "," 699,352 ",Penjualan,SYARIF,
09/07/2026,INV.KMS.2602305,DK00421,APOTEK JEDDAH,EP000292,EP00029,,2,2,0,Minyak Gandapura 30 ml,Botol,HR01204 / Mar-31,2," 8,463 ",," 16,926 ",, - , - ,Penjualan,SYARIF,
09/07/2026,INV.KMS.2602305,DK00421,APOTEK JEDDAH,EP000301,EP00030,,1,2,0,Minyak Gandapura 60 ml,Botol,HM03604 / Jan-31,3," 13,923 ",," 41,769 ",, - , - ,Penjualan,SYARIF,
09/07/2026,INV.KMS.2602305,DK00421,APOTEK JEDDAH,NP000431,NP00043,,1,2,0,Mefenamic Acid 500 mg (Nova) 100's,Dus,2604-10-120 / Apr-28,10," 25,000 ",," 250,000 ",, - , - ,Penjualan,SYARIF,
09/07/2026,INV.KMS.2602305,DK00421,APOTEK JEDDAH,TR000091,TR00009,,1,2,0,Ibuprofen 400 mg (Triman) 100's,Dus,B26111 / Feb-28,10," 28,750 ",," 287,500 ",, - , - ,Penjualan,SYARIF,
09/07/2026,INV.KMS.2602306,DK00333,APOTEK ANUGERAH SEJATI ,TM000011,TM00001,,1,2,0,My Baby M. Telon Plus 30 ml,Botol,0354126 / Mar-28,3," 7,979 ",," 23,937 "," 263,977 "," 29,037 "," 293,014 ",Penjualan,SYARIF,
09/07/2026,INV.KMS.2602306,DK00333,APOTEK ANUGERAH SEJATI ,TM000021,TM00002,,1,2,0,My Baby M. Telon Plus 60 ml,Botol,0555426 / Mei-28,3," 14,462 ",," 43,386 ",, - , - ,Penjualan,SYARIF,
09/07/2026,INV.KMS.2602306,DK00333,APOTEK ANUGERAH SEJATI ,TM000022,TM00002,,2,2,0,My Baby M. Telon Plus 60 ml,Botol,0555726 / Mei-28,3," 14,462 ",," 43,386 ",, - , - ,Penjualan,SYARIF,
09/07/2026,INV.KMS.2602306,DK00333,APOTEK ANUGERAH SEJATI ,TM000031,TM00003,,1,2,0,My Baby M. Telon Plus 90 ml,Botol,0553126 / Mei-28,4," 19,567 ",," 78,268 ",, - , - ,Penjualan,SYARIF,
09/07/2026,INV.KMS.2602306,DK00333,APOTEK ANUGERAH SEJATI ,BF000381,BF00038,,1,2,0,Paracetamol 1 g/100 ml Infus 100 ml,Botol,PID05255 / Mar-28,3," 25,000 ",," 75,000 ",, - , - ,Penjualan,SYARIF,
09/07/2026,INV.KMS.2602307,DK00123,APOTEK MANDIRI,PM000021,PM00002,,1,2,0,Parasetamol 500 mg (PIM) 100's,Dus,05603134 / Mar-30,1," 20,900 ",," 20,900 "," 210,796 "," 23,188 "," 233,984 ",Penjualan,SYARIF,
09/07/2026,INV.KMS.2602307,DK00123,APOTEK MANDIRI,NU000041,NU00004,,1,2,0,Omeprazole 20 mg (Nulab) 100's,Dus,2603168 / Mar-28,1," 37,000 ",," 37,000 ",, - , - ,Penjualan,SYARIF,
09/07/2026,INV.KMS.2602307,DK00123,APOTEK MANDIRI,NU000031,NU00003,,1,2,0,Lansoprazole 30 mg (Nulab ) 20's,Dus,N2602062 / Mar-28,1," 29,484 ",," 29,484 ",, - , - ,Penjualan,SYARIF,
09/07/2026,INV.KMS.2602307,DK00123,APOTEK MANDIRI,TR000091,TR00009,,1,2,0,Ibuprofen 400 mg (Triman) 100's,Dus,B26111 / Feb-28,1," 28,750 ",," 28,750 ",, - , - ,Penjualan,SYARIF,
09/07/2026,INV.KMS.2602307,DK00123,APOTEK MANDIRI,PG000011,PG00001,,1,2,0,Vicks Vaporub 10gr,Pcs,52436298X1 / Aug-27,2," 8,014 ",," 16,028 ",, - , - ,Penjualan,SYARIF,
09/07/2026,INV.KMS.2602307,DK00123,APOTEK MANDIRI,PH000051,PH00005,,1,2,0,Proris Forte Suspensi 50 ml ,Dus,D6B693A / Feb-28,1," 29,484 ",," 29,484 ",, - , - ,Penjualan,SYARIF,
09/07/2026,INV.KMS.2602307,DK00123,APOTEK MANDIRI,PH000011,PH00001,,1,2,0,Microlax Gel 5 ml,Tube,D5H813L / Aug-28,1," 20,000 ",," 20,000 ",, - , - ,Penjualan,SYARIF,
09/07/2026,INV.KMS.2602307,DK00123,APOTEK MANDIRI,NC000031,NC00003,,1,2,0,Bedak Salicyl Menthol (Nellco) 60gr,Pot,8026003 / Jun-30,2," 7,150 ",," 14,300 ",, - , - ,Penjualan,SYARIF,
09/07/2026,INV.KMS.2602307,DK00123,APOTEK MANDIRI,MP000041,MP00004,,1,2,0,Sucralfate Suspensi (Mepro) 100 ml,Botol,E26D590 / Apr-28,1," 14,850 ",," 14,850 ",, - , - ,Penjualan,SYARIF,
09/07/2026,INV.KMS.2602308,DK00123,APOTEK MANDIRI,BF000531,BF00053,,1,2,0,Amoxicillin 500 mg (Berno) 100's,Dus,TPF81054 / Mei-30,1," 70,000 ",35," 45,500 "," 232,113 "," 25,532 "," 257,645 ",Penjualan,SYARIF,
09/07/2026,INV.KMS.2602308,DK00123,APOTEK MANDIRI,NP000282,NP00028,,2,2,0,Ampicillin 500 mg (Nova) 100's,Dus,2506-21-116 / Jun-27,1," 51,000 ",," 51,000 ",, - , - ,Penjualan,SYARIF,
09/07/2026,INV.KMS.2602308,DK00123,APOTEK MANDIRI,GS000191,GS00019,,1,2,0,Polident Adhesive Fresh Mint 20 gr,Pcs,J89L / Aug-28,1," 32,177 ",," 32,177 ",, - , - ,Penjualan,SYARIF,
09/07/2026,INV.KMS.2602308,DK00123,APOTEK MANDIRI,GL000031,GL00003,,1,2,0,Caladine Lotion 95 ml,Botol,I25009 / Sep-27,1," 22,302 ",," 22,302 ",, - , - ,Penjualan,SYARIF,
09/07/2026,INV.KMS.2602308,DK00123,APOTEK MANDIRI,TR000101,TR00010,,1,2,0,Meloxicam 15 mg (Triman) 100's,Dus,X25115 / Nov-27,1," 25,000 ",," 25,000 ",, - , - ,Penjualan,SYARIF,
09/07/2026,INV.KMS.2602308,DK00123,APOTEK MANDIRI,NP000461,NP00046,,1,2,0,"Meloxicam 7,5 mg (Nova) 100's",Dus,251103174 / Nov-27,1," 17,000 ",," 17,000 ",, - , - ,Penjualan,SYARIF,
09/07/2026,INV.KMS.2602308,DK00123,APOTEK MANDIRI,TM000031,TM00003,,1,2,0,My Baby M. Telon Plus 90 ml,Botol,0553126 / Mei-28,2," 19,567 ",," 39,134 ",, - , - ,Penjualan,SYARIF,
09/07/2026,INV.KMS.2602309,DK00123,APOTEK MANDIRI,TM000041,TM00004,,1,2,0,My Baby M. Telon Plus 150 ml,Botol,0304726 / Mar-28,1," 30,791 ",," 30,791 "," 123,574 "," 13,593 "," 137,167 ",Penjualan,SYARIF,
09/07/2026,INV.KMS.2602309,DK00123,APOTEK MANDIRI,TM000011,TM00001,,1,2,0,My Baby M. Telon Plus 30 ml,Botol,0354126 / Mar-28,3," 7,979 ",," 23,937 ",, - , - ,Penjualan,SYARIF,
09/07/2026,INV.KMS.2602309,DK00123,APOTEK MANDIRI,PG000091,PG00009,,1,2,0,"Vicks Inhaler 0,5 ml",Pcs,60546298V1 / Aug-27,1," 17,701 ",," 17,701 ",, - , - ,Penjualan,SYARIF,
09/07/2026,INV.KMS.2602309,DK00123,APOTEK MANDIRI,NP000351,NP00035,,1,2,0,Simvastatin 20 mg (Nova) 100's,Dus,2509-13-335 / Sep-27,1," 25,000 ",," 25,000 ",, - , - ,Penjualan,SYARIF,
09/07/2026,INV.KMS.2602309,DK00123,APOTEK MANDIRI,EP000081,EP00008,,1,2,0,Balsem Aktiv 20 gr,Pcs,HM00654 / Jan-31,3," 8,715 ",," 26,145 ",, - , - ,Penjualan,SYARIF,
09/07/2026,INV.KMS.2602310,DK00123,APOTEK MANDIRI,PG000041,PG00004,,1,2,OOT,Vicks Formula 44 Anak Strawberry 27 ml,Botol,52086298K1 / Jul-27,2," 11,440 ",," 22,880 "," 61,074 "," 6,718 "," 67,792 ",Penjualan,SYARIF,
09/07/2026,INV.KMS.2602310,DK00123,APOTEK MANDIRI,PG000071,PG00007,,1,2,OOT,Vicks Formula 44 Dewasa 54 ml,Botol,53286298A1 / Nov-27,2," 19,097 ",," 38,194 ",, - , - ,Penjualan,SYARIF,
09/07/2026,INV.KMS.2602311,DK00292,APOTEK PINTU DUA,DV000071,DV00007,,1,2,0,Vicee Strawbery Tab 100's,Dus,KX5A298 / Nov-27,1," 63,688 ",," 63,688 "," 105,688 "," 11,626 "," 117,314 ",Penjualan,ANGGA,
09/07/2026,INV.KMS.2602311,DK00292,APOTEK PINTU DUA,IF000171,IF00017,,1,2,0,Cetirizine Sirup (Ifars) 60 ml,Botol,SM008 / Sep-29,7," 6,000 ",," 42,000 ",, - , - ,Penjualan,ANGGA,
09/07/2026,INV.KMS.2602312,DK00177,APOTEK SYAMSINAR,SR000021,SR00002,,1,2,0,Ringer Lactate Infus (Satoria) 500 ml,Botol,2D1A6E036 / Mei-28,20," 8,602 ",," 172,040 "," 309,354 "," 34,029 "," 343,383 ",Penjualan,ANGGA,
09/07/2026,INV.KMS.2602312,DK00177,APOTEK SYAMSINAR,RM000121,RM00012,,1,2,0,Amlodipine Besilate 10 mg (Rama) 100's,Dus,T12005BE / Des-27,5," 15,554 ",," 77,770 ",, - , - ,Penjualan,ANGGA,
09/07/2026,INV.KMS.2602312,DK00177,APOTEK SYAMSINAR,MF000011,MF00001,,1,2,0,Betadine Solutio 5 ml,Botol,CB26031 / Feb-30,6," 5,924 ",," 35,544 ",, - , - ,Penjualan,ANGGA,
09/07/2026,INV.KMS.2602312,DK00177,APOTEK SYAMSINAR,PM000041,PM00004,,1,2,0,Paracetamol Sirup Rasa Strawberry (PIM) 60 ml,Botol,64512006 / Jun-28,6," 4,000 ",," 24,000 ",, - , - ,Penjualan,ANGGA,
09/07/2026,INV.KMS.2602313,DK00391,APOTEK K-24 PACCERAKKANG FARMA,PM000021,PM00002,,1,2,0,Parasetamol 500 mg (PIM) 100's,Dus,05603134 / Mar-30,2," 20,900 ",," 41,800 "," 148,675 "," 16,354 "," 165,029 ",Penjualan,ANGGA,
09/07/2026,INV.KMS.2602313,DK00391,APOTEK K-24 PACCERAKKANG FARMA,NC000031,NC00003,,1,2,0,Bedak Salicyl Menthol (Nellco) 60gr,Pot,8026003 / Jun-30,5," 7,150 ",," 35,750 ",, - , - ,Penjualan,ANGGA,
09/07/2026,INV.KMS.2602313,DK00391,APOTEK K-24 PACCERAKKANG FARMA,TW000041,TW00004,,1,2,0,Tawon Minyak Gosok FF 90 ml,Botol,25122 / Des-30,1," 71,125 ",," 71,125 ",, - , - ,Penjualan,ANGGA,
09/07/2026,INV.KMS.2602314,DK00177,APOTEK SYAMSINAR,DV000361,DV00036,,1,2,Mengandung Prekursor,Decolsin Caps 100's,Dus,25035002 / Mar-28,1," 73,439 ",," 73,439 "," 181,539 "," 19,969 "," 201,508 ",Penjualan,ANGGA,
09/07/2026,INV.KMS.2602314,DK00177,APOTEK SYAMSINAR,HF000011,HF00001,,1,2,Mengandung Prekursor,Hufagripp Flu & Batuk Sirup 60 ml,Botol,A900616 / Mar-29,2," 21,620 ",," 43,240 ",, - , - ,Penjualan,ANGGA,
09/07/2026,INV.KMS.2602314,DK00177,APOTEK SYAMSINAR,HF000012,HF00001,,2,2,Mengandung Prekursor,Hufagripp Flu & Batuk Sirup 60 ml,Botol,A900626 / Mar-29,3," 21,620 ",," 64,860 ",, - , - ,Penjualan,ANGGA,
09/07/2026,INV.KMS.2602315,DK00266,APOTEK KARTINI,KF000332,KF00033,,2,2,OTC,Asifit Kaplet-Blister 30's,Dus,I51472N / Sep-27,20," 61,640 ",," 1,232,800 "," 1,232,800 "," 135,608 "," 1,368,408 ",Penjualan,ANGGA,
09/07/2026,INV.KMS.2602316,DK00216,APOTEK AL KAUTSAR,PH000051,PH00005,,1,2,0,Proris Forte Suspensi 50 ml ,Dus,D6B693A / Feb-28,3," 29,484 ",," 88,452 "," 540,305 "," 59,434 "," 599,739 ",Penjualan,SYARIF,
09/07/2026,INV.KMS.2602316,DK00216,APOTEK AL KAUTSAR,PH000031,PH00003,,1,2,0,Proris Suspensi 60 ml ,Botol,D6C138B / Mar-28,2," 27,615 ",," 55,230 ",, - , - ,Penjualan,SYARIF,
09/07/2026,INV.KMS.2602316,DK00216,APOTEK AL KAUTSAR,SC000021,SC00002,,1,2,0,Obat Sakit Gigi Cap Burung Kakak Tua 2 ml,Pcs,1602FB / Feb-29,2," 15,000 ",," 30,000 ",, - , - ,Penjualan,SYARIF,
09/07/2026,INV.KMS.2602316,DK00216,APOTEK AL KAUTSAR,JJ000041,JJ00004,,1,2,0,Combantrin Sirup Rasa Jeruk 10 ml,Botol,NK2113 / Okt-28,3," 18,312 ",," 54,936 ",, - , - ,Penjualan,SYARIF,
09/07/2026,INV.KMS.2602316,DK00216,APOTEK AL KAUTSAR,TM000081,TM00008,,1,2,0,Neo Rheumacyl Tab 480's,Dus,091774 / Sep-27,1," 212,313 ",," 212,313 ",, - , - ,Penjualan,SYARIF,
09/07/2026,INV.KMS.2602316,DK00216,APOTEK AL KAUTSAR,JJ000021,JJ00002,,1,2,0,Mylanta Liquid 50 ml,Botol,B14P0631 / Des-28,2," 15,007 ",," 30,014 ",, - , - ,Penjualan,SYARIF,
09/07/2026,INV.KMS.2602316,DK00216,APOTEK AL KAUTSAR,US000181,US00018,,1,2,0,Freshcare Smash Inhaler Roll On 8 ml,Pcs,26E04211 / Mei-29,6," 11,560 ",," 69,360 ",, - , - ,Penjualan,SYARIF,
09/07/2026,INV.KMS.2602316,DK00216,APOTEK AL KAUTSAR,PH000051,PH00005,,1,2,0,Proris Forte Suspensi 50 ml ,Dus,D6B693A / Feb-28,-3," 29,484 ",," (88,452)"," (173,682)"," (19,105)"," (192,787)",Penjualan,SYARIF,RETUR BATAL ORDER
09/07/2026,INV.KMS.2602316,DK00216,APOTEK AL KAUTSAR,PH000031,PH00003,,1,2,0,Proris Suspensi 60 ml ,Botol,D6C138B / Mar-28,-2," 27,615 ",," (55,230)",, - , - ,Penjualan,SYARIF,RETUR BATAL ORDER
09/07/2026,INV.KMS.2602316,DK00216,APOTEK AL KAUTSAR,SC000021,SC00002,,1,2,0,Obat Sakit Gigi Cap Burung Kakak Tua 2 ml,Pcs,1602FB / Feb-29,-2," 15,000 ",," (30,000)",, - , - ,Penjualan,SYARIF,RETUR BATAL ORDER
09/07/2026,INV.KMS.2602317,DK00216,APOTEK AL KAUTSAR,NP000431,NP00043,,1,2,0,Mefenamic Acid 500 mg (Nova) 100's,Dus,2604-10-120 / Apr-28,2," 25,000 ",," 50,000 "," 175,662 "," 19,323 "," 194,985 ",Penjualan,SYARIF,
09/07/2026,INV.KMS.2602317,DK00216,APOTEK AL KAUTSAR,PM000021,PM00002,,1,2,0,Parasetamol 500 mg (PIM) 100's,Dus,05603134 / Mar-30,1," 20,900 ",," 20,900 ",, - , - ,Penjualan,SYARIF,
09/07/2026,INV.KMS.2602317,DK00216,APOTEK AL KAUTSAR,PG000091,PG00009,,1,2,0,"Vicks Inhaler 0,5 ml",Pcs,60546298V1 / Aug-27,2," 17,701 ",," 35,402 ",, - , - ,Penjualan,SYARIF,
09/07/2026,INV.KMS.2602317,DK00216,APOTEK AL KAUTSAR,US000181,US00018,,1,2,0,Freshcare Smash Inhaler Roll On 8 ml,Pcs,26E04211 / Mei-29,6," 11,560 ",," 69,360 ",, - , - ,Penjualan,SYARIF,
09/07/2026,1.31226E+11,MPI0018,PT. Millennium Pharmacon International,SE000011,SE00001,,1,1,0,Plossa Eucalyptus 10 ml,Pcs,001D6 / Apr-28,72," 10,000 ",," 720,000 "," 3,709,920 "," 408,091 "," 4,118,011 ",Barang Masuk,APJ,
09/07/2026,1.31226E+11,MPI0018,PT. Millennium Pharmacon International,SE000012,SE00001,,2,1,0,Plossa Eucalyptus 10 ml,Pcs,016D6 / Apr-28,84," 10,000 ",," 840,000 ",, - , - ,Barang Masuk,APJ,
09/07/2026,1.31226E+11,MPI0018,PT. Millennium Pharmacon International,SE000022,SE00002,,2,1,0,Plossa Citrus Herbal 10 ml,Pcs,011AD6 / Apr-28,60," 10,000 ",," 600,000 ",, - , - ,Barang Masuk,APJ,
09/07/2026,1.31226E+11,MPI0018,PT. Millennium Pharmacon International,SE000032,SE00003,,2,1,0,Plossa Red Hot 10 ml,Pcs,005L5 / Des-27,48," 10,000 ",," 480,000 ",, - , - ,Barang Masuk,APJ,
09/07/2026,1.31226E+11,MPI0018,PT. Millennium Pharmacon International,SE000041,SE00004,,1,1,0,Plossa Blue Mountain 10 ml,Pcs,020C6 / Mar-28,48," 10,000 ",," 480,000 ",, - , - ,Barang Masuk,APJ,
09/07/2026,1.31226E+11,MPI0018,PT. Millennium Pharmacon International,SE000051,SE00005,,1,1,0,Plossa Sarangheo Korean Cherry 10 ml,Pcs,028D6 / Apr-28,48," 12,290 ",," 589,920 ",, - , - ,Barang Masuk,APJ,
09/07/2026,826071836,PIS0021,PT. Pharma Indo Sukses,BF000251,BF00025,,1,1,0,Ondansetron HCl Injeksi 4 mg/ 2 ml (Berno) 10's,Dus,PID13855 / Mar-28,2," 30,000 ",," 60,000 "," 810,000 "," 89,100 "," 899,100 ",Barang Masuk,APJ,
09/07/2026,826071836,PIS0021,PT. Pharma Indo Sukses,BF000382,BF00038,,2,1,0,Paracetamol 1 g/100 ml Infus 100 ml,Botol,PIC06555 / Feb-28,25," 25,000 ",," 625,000 ",, - , - ,Barang Masuk,APJ,
09/07/2026,826071836,PIS0021,PT. Pharma Indo Sukses,BF000383,BF00038,,3,1,0,Paracetamol 1 g/100 ml Infus 100 ml,Botol,PID04655 / Mar-28,5," 25,000 ",," 125,000 ",, - , - ,Barang Masuk,APJ,
09/07/2026,INV.KMS.2602318,LK00012,PUSKESMAS MONCONGLOE,KF001441,KF00144,,1,2,Generik,"Gentamicin Sulfate 0,1% Krim (KF) 5g @10 Tube",Dus,C60526W / Mar-28,2," 33,190 ",," 66,380 "," 943,273 "," 103,760 "," 1,047,033 ",Penjualan,TELESALES,
09/07/2026,INV.KMS.2602318,LK00012,PUSKESMAS MONCONGLOE,BF000041,BF00004,,1,2,0,Ranitidine HCl Injeksi 50 mg/2 ml (Berno) 100's,Dus,PIE21355 / Apr-29,1," 225,000 ",," 225,000 ",, - , - ,Penjualan,TELESALES,
09/07/2026,INV.KMS.2602318,LK00012,PUSKESMAS MONCONGLOE,SL000021,SL00002,,1,2,0,Ambroxol 30 mg (SLF) 100's,Dus,52867 / Mei-28,3," 20,631 ",," 61,893 ",, - , - ,Penjualan,TELESALES,
09/07/2026,INV.KMS.2602318,LK00012,PUSKESMAS MONCONGLOE,ET000011,ET00001,,1,2,0,Captopril 25 mg (Errita) 100's,Dus,HR1065 / Aug-29,2," 15,000 ",," 30,000 ",, - , - ,Penjualan,TELESALES,
09/07/2026,INV.KMS.2602318,LK00012,PUSKESMAS MONCONGLOE,BF000251,BF00025,,1,2,0,Ondansetron HCl Injeksi 4 mg/ 2 ml (Berno) 10's,Dus,PID13855 / Mar-28,2," 30,000 ",," 60,000 ",, - , - ,Penjualan,TELESALES,
09/07/2026,INV.KMS.2602318,LK00012,PUSKESMAS MONCONGLOE,BF000382,BF00038,,2,2,0,Paracetamol 1 g/100 ml Infus 100 ml,Botol,PIC06555 / Feb-28,20," 25,000 ",," 500,000 ",, - , - ,Penjualan,TELESALES,
10/07/2026,INV.KMS.2602319,DK00154,APOTEK PERINTIS TIGA,AF000211,AF00021,,1,2,0,Gentian Violet 1% (AFI) 10 ml,Botol,E16516 / Mei-28,24," 3,750 ",," 90,000 "," 255,975 "," 28,157 "," 284,132 ",Penjualan,ANGGA,
10/07/2026,INV.KMS.2602319,DK00154,APOTEK PERINTIS TIGA,TR000091,TR00009,,1,2,0,Ibuprofen 400 mg (Triman) 100's,Dus,B26111 / Feb-28,2," 28,750 ",," 57,500 ",, - , - ,Penjualan,ANGGA,
10/07/2026,INV.KMS.2602319,DK00154,APOTEK PERINTIS TIGA,KF001421,KF00142,,1,2,Generik,"Betametason 0,1% Krim (KF) 5g @25 Tube",Dus,K52217W / Nov-27,1," 63,750 ",," 63,750 ",, - , - ,Penjualan,ANGGA,
10/07/2026,INV.KMS.2602319,DK00154,APOTEK PERINTIS TIGA,IF000241,IF00024,,1,2,0,Farsifen 400 mg 100's,Dus,CL0E8 / Jun-30,1," 44,725 ",," 44,725 ",, - , - ,Penjualan,ANGGA,
10/07/2026,INV.KMS.2602320,DK00154,APOTEK PERINTIS TIGA,DV000481,DV00048,,1,2,Mengandung Prekursor,Paratusin DMP Sirup 60 ml,Botol,6FC0514 / Mar-28,3," 33,000 ",," 99,000 "," 99,000 "," 10,890 "," 109,890 ",Penjualan,ANGGA,
10/07/2026,INV.KMS.2602321,DK00336,RSIA CAHAYA MEDIKA,PM000101,PM00010,,1,2,0,Vitamin B Complex 180 mg (PIM) 100's,Dus,24604205 / Apr-28,25," 12,500 ",," 312,500 "," 830,000 "," 91,300 "," 921,300 ",Penjualan,ANGGA,
10/07/2026,INV.KMS.2602321,DK00336,RSIA CAHAYA MEDIKA,TR000091,TR00009,,1,2,0,Ibuprofen 400 mg (Triman) 100's,Dus,B26111 / Feb-28,6," 28,750 ",," 172,500 ",, - , - ,Penjualan,ANGGA,
10/07/2026,INV.KMS.2602321,DK00336,RSIA CAHAYA MEDIKA,TR000092,TR00009,,2,2,0,Ibuprofen 400 mg (Triman) 100's,Dus,D26073 / Apr-28,12," 28,750 ",," 345,000 ",, - , - ,Penjualan,ANGGA,
10/07/2026,INV.KMS.2602322,DK00238,APOTEK NEW CAHAYA,KF000332,KF00033,,2,2,OTC,Asifit Kaplet-Blister 30's,Dus,I51472N / Sep-27,6," 61,640 ",," 369,840 "," 1,143,840 "," 125,822 "," 1,269,662 ",Penjualan,ANGGA,
10/07/2026,INV.KMS.2602322,DK00238,APOTEK NEW CAHAYA,KF000341,KF00034,,1,2,OTC,Batugin Elixir 120 ml,Botol,B60259N / Feb-28,24," 32,250 ",," 774,000 ",, - , - ,Penjualan,ANGGA,
10/07/2026,INV.KMS.2602323,DK00425,APOTEK NURUL FITRIYAH,US000181,US00018,,1,2,0,Freshcare Smash Inhaler Roll On 8 ml,Pcs,26E04211 / Mei-29,22," 11,560 ",," 254,320 "," 254,320 "," 27,975 "," 282,295 ",Penjualan,SYARIF,
10/07/2026,INV.KMS.2602324,DK00191,APOTIK PATTENE,KF000061,KF00006,,1,2,Generik,Antihemoroid Suppo (KF) 10's,Dus,J52025W / Okt-27,1," 47,300 ",," 47,300 "," 1,014,860 "," 111,635 "," 1,126,495 ",Penjualan,ANGGA,
10/07/2026,INV.KMS.2602324,DK00191,APOTIK PATTENE,SL000021,SL00002,,1,2,0,Ambroxol 30 mg (SLF) 100's,Dus,52867 / Mei-28,6," 20,631 ",," 123,786 ",, - , - ,Penjualan,ANGGA,
10/07/2026,INV.KMS.2602324,DK00191,APOTIK PATTENE,MF000031,MF00003,,1,2,0,Betadine Obat Kumur 100 ml,Botol,BB26040 / Jan-29,3," 23,063 ",," 69,189 ",, - , - ,Penjualan,ANGGA,
10/07/2026,INV.KMS.2602324,DK00191,APOTIK PATTENE,MF000061,MF00006,,1,2,0,Betadine Obat Kumur 190 ml,Botol,CB26007 / Feb-29,3," 34,067 ",," 102,201 ",, - , - ,Penjualan,ANGGA,
10/07/2026,INV.KMS.2602324,DK00191,APOTIK PATTENE,KL000011,KL00001,,1,2,0,Bioplacenton Jelly 15 gr,Tube ,KCBPCA55250 / Sep-27,6," 30,000 ",," 180,000 ",, - , - ,Penjualan,ANGGA,
10/07/2026,INV.KMS.2602324,DK00191,APOTIK PATTENE,GL000031,GL00003,,1,2,0,Caladine Lotion 95 ml,Botol,I25009 / Sep-27,6," 22,302 ",," 133,812 ",, - , - ,Penjualan,ANGGA,
10/07/2026,INV.KMS.2602324,DK00191,APOTIK PATTENE,US000201,US00020,,1,2,0,Freshcare Vapobalm Matcha 10 gr,Pcs,26B00701 / Feb-29,6," 11,560 ",," 69,360 ",, - , - ,Penjualan,ANGGA,
10/07/2026,INV.KMS.2602324,DK00191,APOTIK PATTENE,KF001071,KF00107,,1,2,Generik,Glimepiride 2 mg (KF) 50's,Dus,I32267J / Sep-27,3," 35,000 ",," 105,000 ",, - , - ,Penjualan,ANGGA,
10/07/2026,INV.KMS.2602324,DK00191,APOTIK PATTENE,US000111,US00011,,1,2,0,Hot in DCL 120 gr,Tube,25K06984 / Sep-27,6," 30,702 ",," 184,212 ",, - , - ,Penjualan,ANGGA,
10/07/2026,INV.KMS.2602325,DK00222,APOTEK K-24 TODDOPULI,DV000481,DV00048,,1,2,Mengandung Prekursor,Paratusin DMP Sirup 60 ml,Botol,6FC0514 / Mar-28,10," 33,000 ",," 330,000 "," 667,980 "," 73,478 "," 741,458 ",Penjualan,SYARIF,
10/07/2026,INV.KMS.2602325,DK00222,APOTEK K-24 TODDOPULI,GS000022,GS00002,,2,2,Mengandung Prekursor,Actifed Plus Cough Suppressant 60 ml,Dus,T93E / Des-28,6," 56,330 ",," 337,980 ",, - , - ,Penjualan,SYARIF,
10/07/2026,INV.KMS.2602326,DK00222,APOTEK K-24 TODDOPULI,KF000711,KF00071,,1,2,Ethical,Nitrokaf Retard (KF) 100's,Dus,J51732N / Okt-27,3," 264,450 ",11," 706,082 "," 706,082 "," 77,669 "," 783,750 ",Penjualan,SYARIF,
10/07/2026,INV.KMS.2602327,DK00222,APOTEK K-24 TODDOPULI,MC000081,MC00008,,1,2,0,Neurobion Tab 250's,Dus,L0128298 / Jan-28,1," 582,320 ",," 582,320 "," 582,320 "," 64,055 "," 646,375 ",Penjualan,SYARIF,
10/07/2026,INV.KMS.2602328,DK00426,APOTEK ASYURA MEDIKA PANCIRO,SE000051,SE00005,,1,2,0,Plossa Sarangheo Korean Cherry 10 ml,Pcs,028D6 / Apr-28,12," 12,290 ",," 147,480 "," 147,480 "," 16,223 "," 163,703 ",Penjualan,SYARIF,
10/07/2026,INV.KMS.2602329,DK00554,APOTEK GUNUNG SARI MEDICAL KLINIK,KF001441,KF00144,,1,2,Generik,"Gentamicin Sulfate 0,1% Krim (KF) 5g @10 Tube",Dus,C60526W / Mar-28,2," 33,190 ",," 66,380 "," 327,955 "," 36,075 "," 364,030 ",Penjualan,SYARIF,
10/07/2026,INV.KMS.2602329,DK00554,APOTEK GUNUNG SARI MEDICAL KLINIK,MP000011,MP00001,,1,2,0,Cefadroxil Monohydrate 500 mg (Mepro) 100's,Dus,B5A092 / Jan-28,1," 100,000 ",," 100,000 ",, - , - ,Penjualan,SYARIF,
10/07/2026,INV.KMS.2602329,DK00554,APOTEK GUNUNG SARI MEDICAL KLINIK,BF000561,BF00056,,1,2,0,Betahistine Mesilate 6 mg (Berno) 100's,Dus,TPF09555 / Mei-28,1," 21,000 ",," 21,000 ",, - , - ,Penjualan,SYARIF,
10/07/2026,INV.KMS.2602329,DK00554,APOTEK GUNUNG SARI MEDICAL KLINIK,SL000151,SL00015,,1,2,0,Domperidone Maleat 10 mg (SLF) 100's,Dus,54960 / Okt-28,2," 17,250 ",," 34,500 ",, - , - ,Penjualan,SYARIF,
10/07/2026,INV.KMS.2602329,DK00554,APOTEK GUNUNG SARI MEDICAL KLINIK,NP000241,NP00024,,1,2,0,Ibuprofen 200 mg (Nova) 100's,Dus,241201177 / Des-27,1," 23,575 ",," 23,575 ",, - , - ,Penjualan,SYARIF,
10/07/2026,INV.KMS.2602329,DK00554,APOTEK GUNUNG SARI MEDICAL KLINIK,NP000381,NP00038,,1,2,0,Zinc Sulfate 20 mg (Nova) 100's,Dus,2512-06-350 / Des-27,1," 25,000 ",," 25,000 ",, - , - ,Penjualan,SYARIF,
10/07/2026,INV.KMS.2602329,DK00554,APOTEK GUNUNG SARI MEDICAL KLINIK,EL000022,EL00002,,2,2,0,Erlamycetin Tetes Telinga 1% 10 ml,Botol,D0660096 / Mei-27,1," 12,500 ",," 12,500 ",, - , - ,Penjualan,SYARIF,
10/07/2026,INV.KMS.2602329,DK00554,APOTEK GUNUNG SARI MEDICAL KLINIK,EL000021,EL00002,,1,2,0,Erlamycetin Tetes Telinga 1% 10 ml,Botol,D0660089 / Mei-27,2," 12,500 ",," 25,000 ",, - , - ,Penjualan,SYARIF,
10/07/2026,INV.KMS.2602329,DK00554,APOTEK GUNUNG SARI MEDICAL KLINIK,PM000041,PM00004,,1,2,0,Paracetamol Sirup Rasa Strawberry (PIM) 60 ml,Botol,64512006 / Jun-28,5," 4,000 ",," 20,000 ",, - , - ,Penjualan,SYARIF,
10/07/2026,INV.KMS.2602330,DK00554,APOTEK GUNUNG SARI MEDICAL KLINIK,EX000051,EX00005,,1,2,0,Domperidone Sirup (Erlimpex) 60 ml,Botol,S.23260018 / Mar-28,5," 5,000 ",," 25,000 "," 145,324 "," 15,986 "," 161,310 ",Penjualan,SYARIF,
10/07/2026,INV.KMS.2602330,DK00554,APOTEK GUNUNG SARI MEDICAL KLINIK,NP000171,NP00017,,1,2,0,Amoxicillin Sirup (Nova) 60 ml,Botol,26010196 / Jan-28,3," 6,000 ",," 18,000 ",, - , - ,Penjualan,SYARIF,
10/07/2026,INV.KMS.2602330,DK00554,APOTEK GUNUNG SARI MEDICAL KLINIK,NP000431,NP00043,,1,2,0,Mefenamic Acid 500 mg (Nova) 100's,Dus,2604-10-120 / Apr-28,1," 25,000 ",," 25,000 ",, - , - ,Penjualan,SYARIF,
10/07/2026,INV.KMS.2602330,DK00554,APOTEK GUNUNG SARI MEDICAL KLINIK,DV000031,DV00003,,1,2,0,Vicee Lemon Tab 100's,Dus,KX5A369 / Des-27,1," 63,688 ",," 63,688 ",, - , - ,Penjualan,SYARIF,
10/07/2026,INV.KMS.2602330,DK00554,APOTEK GUNUNG SARI MEDICAL KLINIK,NP000361,NP00036,,1,2,0,Loperamide HCl 2 mg (Nova) 100's,Dus,2511-01-328 / Nov-27,1," 13,636 ",," 13,636 ",, - , - ,Penjualan,SYARIF,
10/07/2026,INV.KMS.2602331,DK00283,APOTEK SALSABILA FARMA,RM000121,RM00012,,1,2,0,Amlodipine Besilate 10 mg (Rama) 100's,Dus,T12005BE / Des-27,5," 15,554 ",," 77,770 "," 409,320 "," 45,025 "," 454,345 ",Penjualan,SYARIF,
10/07/2026,INV.KMS.2602331,DK00283,APOTEK SALSABILA FARMA,AF000191,AF00019,,1,2,0,Vitamin C 50 mg (AFI) 100's,Dus,E30512 / Mei-28,3," 10,350 ",," 31,050 ",, - , - ,Penjualan,SYARIF,
10/07/2026,INV.KMS.2602331,DK00283,APOTEK SALSABILA FARMA,PS000011,PS00001,,1,2,0,Diclofenac Sodium 50 mg (Phapros) 50's,Dus ,96365002 / Mar-30,3," 12,500 ",," 37,500 ",, - , - ,Penjualan,SYARIF,
10/07/2026,INV.KMS.2602331,DK00283,APOTEK SALSABILA FARMA,MP000011,MP00001,,1,2,0,Cefadroxil Monohydrate 500 mg (Mepro) 100's,Dus,B5A092 / Jan-28,1," 100,000 ",," 100,000 ",, - , - ,Penjualan,SYARIF,
10/07/2026,INV.KMS.2602331,DK00283,APOTEK SALSABILA FARMA,NU000021,NU00002,,1,2,0,Acetylcysteine 200 mg (Nulab) 50's,Dus,N2512060 / Jan-28,1," 100,000 ",," 100,000 ",, - , - ,Penjualan,SYARIF,
10/07/2026,INV.KMS.2602331,DK00283,APOTEK SALSABILA FARMA,NP000171,NP00017,,1,2,0,Amoxicillin Sirup (Nova) 60 ml,Botol,26010196 / Jan-28,3," 6,000 ",," 18,000 ",, - , - ,Penjualan,SYARIF,
10/07/2026,INV.KMS.2602331,DK00283,APOTEK SALSABILA FARMA,PM000041,PM00004,,1,2,0,Paracetamol Sirup Rasa Strawberry (PIM) 60 ml,Botol,64512006 / Jun-28,3," 4,000 ",," 12,000 ",, - , - ,Penjualan,SYARIF,
10/07/2026,INV.KMS.2602331,DK00283,APOTEK SALSABILA FARMA,EX000051,EX00005,,1,2,0,Domperidone Sirup (Erlimpex) 60 ml,Botol,S.23260018 / Mar-28,3," 5,000 ",," 15,000 ",, - , - ,Penjualan,SYARIF,
10/07/2026,INV.KMS.2602331,DK00283,APOTEK SALSABILA FARMA,IF000171,IF00017,,1,2,0,Cetirizine Sirup (Ifars) 60 ml,Botol,SM008 / Sep-29,3," 6,000 ",," 18,000 ",, - , - ,Penjualan,SYARIF,
10/07/2026,INV.KMS.2602332,DK00283,APOTEK SALSABILA FARMA,US000031,US00003,,1,2,0,Freshcare Smash Matcha Inhaler Roll On 8 ml,Pcs,26E03634 / Mei-29,12," 11,560 ",," 138,720 "," 138,720 "," 15,259 "," 153,979 ",Penjualan,SYARIF,
10/07/2026,INV.KMS.2602333,DK00074,APOTIK JERIC FARMA,TM000051,TM00005,,1,2,0,Bodrex Tab 20's,Dus,111585 / Okt-30,12," 8,426 ",," 101,112 "," 101,112 "," 11,122 "," 112,234 ",Penjualan,SYARIF,
10/07/2026,INV.KMS.2602334,DK00400,APOTEK RSU HIKMAH,PM000041,PM00004,,1,2,0,Paracetamol Sirup Rasa Strawberry (PIM) 60 ml,Botol,64512006 / Jun-28,20," 4,000 ",," 80,000 "," 241,000 "," 26,510 "," 267,510 ",Penjualan,SYARIF,
10/07/2026,INV.KMS.2602334,DK00400,APOTEK RSU HIKMAH,IF000181,IF00018,,1,2,0,Cefadroxil Sirup Kering (Ifars) 60 ml,Botol,SF00K / Sep-28,20," 8,050 ",," 161,000 ",, - , - ,Penjualan,SYARIF,
10/07/2026,INV.KMS.2602335,DK00333,APOTEK ANUGERAH SEJATI ,AF000121,AF00012,,1,2,0,Calcium Lactate 500 mg (AFI) 100's,Dus,A50615 / Feb-29,1," 21,708 ",," 21,708 "," 201,069 "," 22,118 "," 223,187 ",Penjualan,SYARIF,
10/07/2026,INV.KMS.2602335,DK00333,APOTEK ANUGERAH SEJATI ,EP000381,EP00038,,1,2,0,MKP Roll On (Cap Lang) 15 ml,Botol,PC00212 / Jul-30,6," 6,668 ",," 40,008 ",, - , - ,Penjualan,SYARIF,
10/07/2026,INV.KMS.2602335,DK00333,APOTEK ANUGERAH SEJATI ,US000061,US00006,,1,2,0,Hot in Cream Botol Strong 60 gr (Merah),Botol,26C02036 / Mar-29,3," 14,200 ",," 42,600 ",, - , - ,Penjualan,SYARIF,
10/07/2026,INV.KMS.2602335,DK00333,APOTEK ANUGERAH SEJATI ,EL000121,EL00012,,1,2,0,Caviplex Kids Sirup 60 ml,Botol,S3761003 / Jan-28,2," 11,124 ",," 22,248 ",, - , - ,Penjualan,SYARIF,
10/07/2026,INV.KMS.2602335,DK00333,APOTEK ANUGERAH SEJATI ,MU000061,MU00006,,1,2,0,Salbutamol 4 mg (MUS) 100's,Dus,2510017 / Okt-27,2," 17,250 ",," 34,500 ",, - , - ,Penjualan,SYARIF,
10/07/2026,INV.KMS.2602335,DK00333,APOTEK ANUGERAH SEJATI ,EP000461,EP00046,,1,2,0,MKP Bayi Lavender 60 ml,Botol,PN00509 / Nov-30,3," 13,335 ",," 40,005 ",, - , - ,Penjualan,SYARIF,
11/07/2026,INV.KMS.2602336,DK00248,APOTEK PAJJAIANG FARMA,BF000531,BF00053,,1,2,0,Amoxicillin 500 mg (Berno) 100's,Dus,TPF81054 / Mei-30,2," 70,000 ",35," 91,000 "," 362,598 "," 39,886 "," 402,484 ",Penjualan,ANGGA,
11/07/2026,INV.KMS.2602336,DK00248,APOTEK PAJJAIANG FARMA,US000111,US00011,,1,2,0,Hot in DCL 120 gr,Tube,25K06984 / Sep-27,2," 30,702 ",," 61,404 ",, - , - ,Penjualan,ANGGA,
11/07/2026,INV.KMS.2602336,DK00248,APOTEK PAJJAIANG FARMA,US000091,US00009,,1,2,0,Hot in DCL 30 gr,Tube,25M08094 / Nov-27,2," 12,244 ",," 24,488 ",, - , - ,Penjualan,ANGGA,
11/07/2026,INV.KMS.2602336,DK00248,APOTEK PAJJAIANG FARMA,US000101,US00010,,1,2,0,Hot in DCL 60 gr,Tube,25N08251 / Nov-27,2," 18,458 ",," 36,916 ",, - , - ,Penjualan,ANGGA,
11/07/2026,INV.KMS.2602336,DK00248,APOTEK PAJJAIANG FARMA,US000031,US00003,,1,2,0,Freshcare Smash Matcha Inhaler Roll On 8 ml,Pcs,26E03634 / Mei-29,5," 11,560 ",," 57,800 ",, - , - ,Penjualan,ANGGA,
11/07/2026,INV.KMS.2602336,DK00248,APOTEK PAJJAIANG FARMA,US000201,US00020,,1,2,0,Freshcare Vapobalm Matcha 10 gr,Pcs,26B00701 / Feb-29,5," 11,560 ",," 57,800 ",, - , - ,Penjualan,ANGGA,
11/07/2026,INV.KMS.2602336,DK00248,APOTEK PAJJAIANG FARMA,KF001441,KF00144,,1,2,Generik,"Gentamicin Sulfate 0,1% Krim (KF) 5g @10 Tube",Dus,C60526W / Mar-28,1," 33,190 ",," 33,190 ",, - , - ,Penjualan,ANGGA,
11/07/2026,INV.KMS.2602337,DK00405,APOTEK BERKAH JAYA FARMA,PG000022,PG00002,,2,2,0,Vicks Vaporub 25gr,Pcs,52536298X1 / Sep-27,3," 18,976 ",," 56,928 "," 753,312 "," 82,864 "," 836,176 ",Penjualan,SYARIF,
11/07/2026,INV.KMS.2602337,DK00405,APOTEK BERKAH JAYA FARMA,TW000011,TW00001,,1,2,0,Tawon Minyak Gosok CC 20 ml,Botol,25041 / Apr-30,6," 23,000 ",," 138,000 ",, - , - ,Penjualan,SYARIF,
11/07/2026,INV.KMS.2602337,DK00405,APOTEK BERKAH JAYA FARMA,TW000021,TW00002,,1,2,0,Tawon Minyak Gosok DD 30 ml,Botol,24111 / Nov-29,4," 31,058 ",," 124,232 ",, - , - ,Penjualan,SYARIF,
11/07/2026,INV.KMS.2602337,DK00405,APOTEK BERKAH JAYA FARMA,TW000031,TW00003,,1,2,0,Tawon Minyak Gosok EE 60 ml,Botol,26012 / Jan-31,2," 50,350 ",," 100,700 ",, - , - ,Penjualan,SYARIF,
11/07/2026,INV.KMS.2602337,DK00405,APOTEK BERKAH JAYA FARMA,TM000061,TM00006,,1,2,0,Bodrex Extra Tab 100's,Dus,040266 / Mar-29,1," 51,000 ",," 51,000 ",, - , - ,Penjualan,SYARIF,
11/07/2026,INV.KMS.2602337,DK00405,APOTEK BERKAH JAYA FARMA,KF001431,KF00143,,1,2,Generik,Ketoconazole 2% Krim (KF) 10g @25 Tube,Dus,B60247W / Feb-28,1," 127,500 ",," 127,500 ",, - , - ,Penjualan,SYARIF,
11/07/2026,INV.KMS.2602337,DK00405,APOTEK BERKAH JAYA FARMA,TJ000021,TJ00002,,1,2,0,Madu TJ Murni 250 gr,Botol,25P09588 / Des-29,2," 31,000 ",," 62,000 ",, - , - ,Penjualan,SYARIF,
11/07/2026,INV.KMS.2602337,DK00405,APOTEK BERKAH JAYA FARMA,IF000081,IF00008,,1,2,0,Scopma Kaplet 100's,Dus,GK014 / Nov-27,1," 92,952 ",," 92,952 ",, - , - ,Penjualan,SYARIF,
11/07/2026,INV.KMS.2602338,DK00405,APOTEK BERKAH JAYA FARMA,MC000071,MC00007,,1,2,0,Neurobion 5000 Injeksi 20's,Dus,5349D14352 / Des-27,1," 360,238 ",," 360,238 "," 395,638 "," 43,520 "," 439,158 ",Penjualan,SYARIF,
11/07/2026,INV.KMS.2602338,DK00405,APOTEK BERKAH JAYA FARMA,CC000111,CC00011,,1,2,0,Herocyn Baby 200 gr,Pcs,25AK113 / Jan-29,3," 11,800 ",," 35,400 ",, - , - ,Penjualan,SYARIF,
11/07/2026,INV.KMS.2602339,DK00507,APOTEK BERKAT REJEKI,KF000341,KF00034,,1,2,OTC,Batugin Elixir 120 ml,Botol,B60259N / Feb-28,24," 32,250 ",," 774,000 "," 774,000 "," 85,140 "," 859,140 ",Penjualan,ANGGA,
11/07/2026,INV.KMS.2602340,DK00038,APOTEK PANAIKANG,KF000661,KF00066,,1,2,Generik,Azithromycin 500 mg (KF) 20's,Dus,G51932J / Jul-27,3," 68,659 ",," 205,977 "," 768,165 "," 84,498 "," 852,663 ",Penjualan,ANGGA,
11/07/2026,INV.KMS.2602340,DK00038,APOTEK PANAIKANG,NP000521,NP00052,,1,2,0,Cefixime 200 mg (Nova) 100's,Dus,260309258 / Mar-28,3," 110,000 ",," 330,000 ",, - , - ,Penjualan,ANGGA,
11/07/2026,INV.KMS.2602340,DK00038,APOTEK PANAIKANG,SH000011,SH00001,,1,2,0,Imbost Force Kaplet 30's ,Dus,26A0100 / Feb-28,1," 196,188 ",," 196,188 ",, - , - ,Penjualan,ANGGA,
11/07/2026,INV.KMS.2602340,DK00038,APOTEK PANAIKANG,BF000491,BF00049,,1,2,0,Cefixime Sirup (Berno) 30 ml,Botol,SKN48154 / Des-27,3," 12,000 ",," 36,000 ",, - , - ,Penjualan,ANGGA,
11/07/2026,INV.KMS.2602341,DK00038,APOTEK PANAIKANG,GS000011,GS00001,,1,2,Mengandung Prekursor,Actifed Plus Expectorant 60 ml,Dus,N46C / Okt-28,2," 56,330 ",," 112,660 "," 112,660 "," 12,393 "," 125,053 ",Penjualan,ANGGA,
11/07/2026,INV.KMS.2602342,DK00400,APOTEK RSU HIKMAH,NP000171,NP00017,,1,2,0,Amoxicillin Sirup (Nova) 60 ml,Botol,26010196 / Jan-28,20," 6,000 ",," 120,000 "," 862,200 "," 94,842 "," 957,042 ",Penjualan,SYARIF,
11/07/2026,INV.KMS.2602342,DK00400,APOTEK RSU HIKMAH,SL000061,SL00006,,1,2,0,Allopurinol 100 mg (SLF) 100's ,Dus,61070 / Jan-28,5," 23,000 ",," 115,000 ",, - , - ,Penjualan,SYARIF,
11/07/2026,INV.KMS.2602342,DK00400,APOTEK RSU HIKMAH,DV000461,DV00046,,1,2,0,Aspilets Tab 100 mg 100's,Dus,JX5A200 / Okt-27,10," 64,000 ",2," 627,200 ",, - , - ,Penjualan,SYARIF,
11/07/2026,INV.KMS.2602343,DK00281,"RUMAH SAKIT IBU DAN ANAK ""AMANAT""",SR000021,SR00002,,1,2,0,Ringer Lactate Infus (Satoria) 500 ml,Botol,2D1A6E036 / Mei-28,100," 8,602 ",," 860,200 "," 860,200 "," 94,622 "," 954,822 ",Penjualan,SYARIF,
11/07/2026,INV.KMS.2602344,DK00074,APOTIK JERIC FARMA,KF001401,KF00140,,1,2,Generik,Miconazole 2% Krim (KF) 10g @24 Tube,Dus,L52663W / Des-28,2," 103,512 ",," 207,024 "," 327,024 "," 35,973 "," 362,997 ",Penjualan,SYARIF,
11/07/2026,INV.KMS.2602344,DK00074,APOTIK JERIC FARMA,SE000011,SE00001,,1,2,0,Plossa Eucalyptus 10 ml,Pcs,001D6 / Apr-28,12," 10,000 ",," 120,000 ",, - , - ,Penjualan,SYARIF,
11/07/2026,INV.KMS.2602345,DK00292,APOTEK PINTU DUA,NP000241,NP00024,,1,2,0,Ibuprofen 200 mg (Nova) 100's,Dus,241201177 / Des-27,2," 23,575 ",," 47,150 "," 110,838 "," 12,192 "," 123,030 ",Penjualan,ANGGA,
11/07/2026,INV.KMS.2602345,DK00292,APOTEK PINTU DUA,DV000031,DV00003,,1,2,0,Vicee Lemon Tab 100's,Dus,KX5A369 / Des-27,1," 63,688 ",," 63,688 ",, - , - ,Penjualan,ANGGA,
11/07/2026,INV.KMS.2602346,DK00304,APOTEK K24 AZZAHRA SAMATA,US000201,US00020,,1,2,0,Freshcare Vapobalm Matcha 10 gr,Pcs,26B00701 / Feb-29,12," 11,560 ",," 138,720 "," 1,579,882 "," 173,787 "," 1,753,669 ",Penjualan,SYARIF,
11/07/2026,INV.KMS.2602346,DK00304,APOTEK K24 AZZAHRA SAMATA,DV000471,DV00047,,1,2,0,Degirol Tab 100's ,Dus,KX5A394 / Nov-29,2," 120,564 ",," 241,128 ",, - , - ,Penjualan,SYARIF,
11/07/2026,INV.KMS.2602346,DK00304,APOTEK K24 AZZAHRA SAMATA,PH000061,PH00006,,1,2,0,Polysilane Suspensi 100 ml,Botol,D5H604L / Aug-28,6," 22,279 ",," 133,674 ",, - , - ,Penjualan,SYARIF,
11/07/2026,INV.KMS.2602346,DK00304,APOTEK K24 AZZAHRA SAMATA,JJ000021,JJ00002,,1,2,0,Mylanta Liquid 50 ml,Botol,B14P0631 / Des-28,4," 15,007 ",," 60,028 ",, - , - ,Penjualan,SYARIF,
11/07/2026,INV.KMS.2602346,DK00304,APOTEK K24 AZZAHRA SAMATA,NU000011,NU00001,,1,2,0,Cetirizine HCl 10 mg (Nulab) 100's,Dus,2601180 / Jan-28,3," 28,500 ",," 85,500 ",, - , - ,Penjualan,SYARIF,
11/07/2026,INV.KMS.2602346,DK00304,APOTEK K24 AZZAHRA SAMATA,NP000431,NP00043,,1,2,0,Mefenamic Acid 500 mg (Nova) 100's,Dus,2604-10-120 / Apr-28,3," 25,000 ",," 75,000 ",, - , - ,Penjualan,SYARIF,
11/07/2026,INV.KMS.2602346,DK00304,APOTEK K24 AZZAHRA SAMATA,CM000081,CM00008,,1,2,0,OBHC Batuk Berdahak Menthol 100 ml,Botol,6OC022 / Mar-28,6," 16,107 ",," 96,642 ",, - , - ,Penjualan,SYARIF,
11/07/2026,INV.KMS.2602346,DK00304,APOTEK K24 AZZAHRA SAMATA,US000031,US00003,,1,2,0,Freshcare Smash Matcha Inhaler Roll On 8 ml,Pcs,26E03634 / Mei-29,24," 11,560 ",," 277,440 ",, - , - ,Penjualan,SYARIF,
11/07/2026,INV.KMS.2602346,DK00304,APOTEK K24 AZZAHRA SAMATA,MC000011,MC00001,,1,2,0,Sangobion Caps 250's,Dus,L0792178 / Aug-27,1," 471,750 ",," 471,750 ",, - , - ,Penjualan,SYARIF,
11/07/2026,INV.KMS.2602347,DK00304,APOTEK K24 AZZAHRA SAMATA,BF000531,BF00053,,1,2,0,Amoxicillin 500 mg (Berno) 100's,Dus,TPF81054 / Mei-30,3," 70,000 ",35," 136,500 "," 222,750 "," 24,503 "," 247,253 ",Penjualan,SYARIF,
11/07/2026,INV.KMS.2602347,DK00304,APOTEK K24 AZZAHRA SAMATA,TR000093,TR00009,,3,2,0,Ibuprofen 400 mg (Triman) 100's,Dus,B26110 / Feb-28,3," 28,750 ",," 86,250 ",, - , - ,Penjualan,SYARIF,
11/07/2026,INV.KMS.2602348,DK00304,APOTEK K24 AZZAHRA SAMATA,CC000051,CC00005,,1,2,Mengandung Prekursor,Demacolin Tab 100's,Dus,26AA042 / Jan-30,2," 46,750 ",," 93,500 "," 903,200 "," 99,352 "," 1,002,552 ",Penjualan,SYARIF,
11/07/2026,INV.KMS.2602348,DK00304,APOTEK K24 AZZAHRA SAMATA,CM000071,CM00007,,1,2,Mengandung Prekursor,OBHC Batuk Flu Menthol 60 ml,Botol,6OA014 / Jan-28,10," 15,540 ",," 155,400 ",, - , - ,Penjualan,SYARIF,
11/07/2026,INV.KMS.2602348,DK00304,APOTEK K24 AZZAHRA SAMATA,HF000012,HF00001,,2,2,Mengandung Prekursor,Hufagripp Flu & Batuk Sirup 60 ml,Botol,A900626 / Mar-29,15," 21,620 ",," 324,300 ",, - , - ,Penjualan,SYARIF,
11/07/2026,INV.KMS.2602348,DK00304,APOTEK K24 AZZAHRA SAMATA,HF000012,HF00001,,2,2,Mengandung Prekursor,Hufagripp Flu & Batuk Sirup 60 ml,Botol,A900626 / Mar-29,1," 21,620 ",100, - ,, - , - ,Penjualan,SYARIF,
11/07/2026,INV.KMS.2602348,DK00304,APOTEK K24 AZZAHRA SAMATA,DV000481,DV00048,,1,2,Mengandung Prekursor,Paratusin DMP Sirup 60 ml,Botol,6FC0514 / Mar-28,10," 33,000 ",," 330,000 ",, - , - ,Penjualan,SYARIF,
11/07/2026,826072179,PIS0021,PT. Pharma Indo Sukses,TR000093,TR00009,,3,1,0,Ibuprofen 400 mg (Triman) 100's,Dus,B26110 / Feb-28,100," 28,750 ",," 2,875,000 "," 4,125,000 "," 453,750 "," 4,578,750 ",Barang Masuk,APJ,
11/07/2026,826072179,PIS0021,PT. Pharma Indo Sukses,PM000101,PM00010,,1,1,0,Vitamin B Complex 180 mg (PIM) 100's,Dus,24604205 / Apr-28,100," 12,500 ",," 1,250,000 ",, - , - ,Barang Masuk,APJ,
11/07/2026,INV.KMS.2602349,DK00333,APOTEK ANUGERAH SEJATI ,NU000041,NU00004,,1,2,0,Omeprazole 20 mg (Nulab) 100's,Dus,2603168 / Mar-28,2," 37,000 ",," 74,000 "," 249,720 "," 27,469 "," 277,189 ",Penjualan,SYARIF,
11/07/2026,INV.KMS.2602349,DK00333,APOTEK ANUGERAH SEJATI ,NU000042,NU00004,,2,2,0,Omeprazole 20 mg (Nulab) 100's,Dus,2604055 / Apr-28,1," 37,000 ",," 37,000 ",, - , - ,Penjualan,SYARIF,
11/07/2026,INV.KMS.2602349,DK00333,APOTEK ANUGERAH SEJATI ,US000031,US00003,,1,2,0,Freshcare Smash Matcha Inhaler Roll On 8 ml,Pcs,26E03634 / Mei-29,12," 11,560 ",," 138,720 ",, - , - ,Penjualan,SYARIF,
11/07/2026,INV.KMS.2602350,DK00554,APOTEK GUNUNG SARI MEDICAL KLINIK,TR000093,TR00009,,3,2,0,Ibuprofen 400 mg (Triman) 100's,Dus,B26110 / Feb-28,3," 28,750 ",," 86,250 "," 173,430 "," 19,077 "," 192,507 ",Penjualan,SYARIF,
11/07/2026,INV.KMS.2602350,DK00554,APOTEK GUNUNG SARI MEDICAL KLINIK,PM000101,PM00010,,1,2,0,Vitamin B Complex 180 mg (PIM) 100's,Dus,24604205 / Apr-28,3," 12,500 ",," 37,500 ",, - , - ,Penjualan,SYARIF,
11/07/2026,INV.KMS.2602350,DK00554,APOTEK GUNUNG SARI MEDICAL KLINIK,US000031,US00003,,1,2,0,Freshcare Smash Matcha Inhaler Roll On 8 ml,Pcs,26E03634 / Mei-29,3," 11,560 ",," 34,680 ",, - , - ,Penjualan,SYARIF,
11/07/2026,INV.KMS.2602350,DK00554,APOTEK GUNUNG SARI MEDICAL KLINIK,KF000371,KF00037,,1,2,OTC,Bedak Salisil 2% 60gr,Pot,D60155S / Apr-31,2," 7,500 ",," 15,000 ",, - , - ,Penjualan,SYARIF,
11/07/2026,INV.KMS.2602351,DK00554,APOTEK GUNUNG SARI MEDICAL KLINIK,BF000531,BF00053,,1,2,0,Amoxicillin 500 mg (Berno) 100's,Dus,TPF81054 / Mei-30,3," 70,000 ",35," 136,500 "," 136,500 "," 15,015 "," 151,515 ",Penjualan,SYARIF,
13/07/2026,INV.KMS.2602352,DK00416,APOTEK AVICENNA BTP,KF001401,KF00140,,1,2,Generik,Miconazole 2% Krim (KF) 10g @24 Tube,Dus,L52663W / Des-28,3," 103,512 ",," 310,536 "," 310,536 "," 34,159 "," 344,695 ",Penjualan,ANGGA,
13/07/2026,INV.KMS.2602353,DK00304,APOTEK K24 AZZAHRA SAMATA,DV000061,DV00006,,1,2,0,Vicee Grape Tab 100's,Dus,KX5A328 / Nov-27,1," 63,688 ",," 63,688 "," 886,161 "," 97,478 "," 983,639 ",Penjualan,SYARIF,
13/07/2026,INV.KMS.2602353,DK00304,APOTEK K24 AZZAHRA SAMATA,DV000031,DV00003,,1,2,0,Vicee Lemon Tab 100's,Dus,KX5A369 / Des-27,1," 63,688 ",," 63,688 ",, - , - ,Penjualan,SYARIF,
13/07/2026,INV.KMS.2602353,DK00304,APOTEK K24 AZZAHRA SAMATA,DV000041,DV00004,,1,2,0,Vicee Orange Tab 100's,Dus,LX5A121 / Jan-28,1," 63,688 ",," 63,688 ",, - , - ,Penjualan,SYARIF,
13/07/2026,INV.KMS.2602353,DK00304,APOTEK K24 AZZAHRA SAMATA,DV000391,DV00039,,1,2,0,Natur E White 16's ,Dus,5EF1243 / Jun-27,3," 44,802 ",3," 130,374 ",, - , - ,Penjualan,SYARIF,
13/07/2026,INV.KMS.2602353,DK00304,APOTEK K24 AZZAHRA SAMATA,DV000401,DV00040,,1,2,0,Natur E White 32's ,Dus,5EE1026 / Mei-27,3," 81,715 ",3," 237,791 ",, - , - ,Penjualan,SYARIF,
13/07/2026,INV.KMS.2602353,DK00304,APOTEK K24 AZZAHRA SAMATA,DV000111,DV00011,,1,2,0,Natur E 100 IU Soft Cap 16's,Dus,5EF1288 / Jun-28,3," 17,703 ",3," 51,516 ",, - , - ,Penjualan,SYARIF,
13/07/2026,INV.KMS.2602353,DK00304,APOTEK K24 AZZAHRA SAMATA,DV000201,DV00020,,1,2,0,Natur E 100 IU Soft Cap 32's,Dus,5EF1231 / Jun-28,3," 30,632 ",3," 89,139 ",, - , - ,Penjualan,SYARIF,
13/07/2026,INV.KMS.2602353,DK00304,APOTEK K24 AZZAHRA SAMATA,DV000211,DV00021,,1,2,0,Natur E 300 IU Soft Cap 16's,Dus,4DA0079 / Jan-27,2," 32,003 ",," 64,006 ",, - , - ,Penjualan,SYARIF,
13/07/2026,INV.KMS.2602353,DK00304,APOTEK K24 AZZAHRA SAMATA,DV000221,DV00022,,1,2,0,Natur E 300 IU Soft Cap 32's,Dus,4DK2369 / Nov-27,2," 61,136 ",," 122,272 ",, - , - ,Penjualan,SYARIF,
13/07/2026,INV.KMS.2602354,DK00304,APOTEK K24 AZZAHRA SAMATA,DV000231,DV00023,,1,2,0,Natur E Advanced Soft Caps 16's,Dus,6FB0429 / Feb-28,3," 36,658 ",," 109,974 "," 672,197 "," 73,942 "," 746,139 ",Penjualan,SYARIF,
13/07/2026,INV.KMS.2602354,DK00304,APOTEK K24 AZZAHRA SAMATA,DV000251,DV00025,,1,2,0,New Diatabs Tab 100's ,Dus,25145102 / Sep-27,1," 64,479 ",," 64,479 ",, - , - ,Penjualan,SYARIF,
13/07/2026,INV.KMS.2602354,DK00304,APOTEK K24 AZZAHRA SAMATA,EP000271,EP00027,,1,2,0,Green Oil Herbal 10 ml,Pcs,HA00120 / Feb-31,1," 11,550 ",," 11,550 ",, - , - ,Penjualan,SYARIF,
13/07/2026,INV.KMS.2602354,DK00304,APOTEK K24 AZZAHRA SAMATA,EP000272,EP00027,,2,2,0,Green Oil Herbal 10 ml,Pcs,HK00120 / Apr-31,4," 11,550 ",," 46,200 ",, - , - ,Penjualan,SYARIF,
13/07/2026,INV.KMS.2602354,DK00304,APOTEK K24 AZZAHRA SAMATA,EP000241,EP00024,,1,2,0,Green Oil Herbal 3 ml,Pcs,PI00104 / Okt-30,5," 4,177 ",," 20,885 ",, - , - ,Penjualan,SYARIF,
13/07/2026,INV.KMS.2602354,DK00304,APOTEK K24 AZZAHRA SAMATA,EP000251,EP00025,,1,2,0,Green Oil Herbal 5 ml,Pcs,HM00420 / Jan-31,5," 6,405 ",," 32,025 ",, - , - ,Penjualan,SYARIF,
13/07/2026,INV.KMS.2602354,DK00304,APOTEK K24 AZZAHRA SAMATA,CM000111,CM00011,,1,2,0,"Insto Dry Tetes Mata 7,5 ml",Botol,2638001 / Feb-29,12," 13,578 ",," 162,936 ",, - , - ,Penjualan,SYARIF,
13/07/2026,INV.KMS.2602354,DK00304,APOTEK K24 AZZAHRA SAMATA,CM000101,CM00010,,1,2,0,"Insto Reguler Tetes Mata 7,5 ml",Botol,2549070 / Des-29,12," 12,894 ",," 154,728 ",, - , - ,Penjualan,SYARIF,
13/07/2026,INV.KMS.2602354,DK00304,APOTEK K24 AZZAHRA SAMATA,TM000131,TM00013,,1,2,0,Vitamin C IPI 45's,Botol,040786 / Apr-28,12," 5,785 ",," 69,420 ",, - , - ,Penjualan,SYARIF,
13/07/2026,INV.KMS.2602355,DK00304,APOTEK K24 AZZAHRA SAMATA,TW000011,TW00001,,1,2,0,Tawon Minyak Gosok CC 20 ml,Botol,25041 / Apr-30,5," 23,000 ",," 115,000 "," 1,158,486 "," 127,433 "," 1,285,919 ",Penjualan,SYARIF,
13/07/2026,INV.KMS.2602355,DK00304,APOTEK K24 AZZAHRA SAMATA,TW000021,TW00002,,1,2,0,Tawon Minyak Gosok DD 30 ml,Botol,24111 / Nov-29,4," 31,058 ",," 124,232 ",, - , - ,Penjualan,SYARIF,
13/07/2026,INV.KMS.2602355,DK00304,APOTEK K24 AZZAHRA SAMATA,TW000022,TW00002,,2,2,0,Tawon Minyak Gosok DD 30 ml,Botol,24121 / Des-29,1," 31,058 ",," 31,058 ",, - , - ,Penjualan,SYARIF,
13/07/2026,INV.KMS.2602355,DK00304,APOTEK K24 AZZAHRA SAMATA,DV000351,DV00035,,1,2,0,Enervon Active Tab 100's,Dus,25118502 / Jul-27,1," 124,900 ",," 124,900 ",, - , - ,Penjualan,SYARIF,
13/07/2026,INV.KMS.2602355,DK00304,APOTEK K24 AZZAHRA SAMATA,PG000091,PG00009,,1,2,0,"Vicks Inhaler 0,5 ml",Pcs,60546298V1 / Aug-27,6," 17,701 ",," 106,206 ",, - , - ,Penjualan,SYARIF,
13/07/2026,INV.KMS.2602355,DK00304,APOTEK K24 AZZAHRA SAMATA,PH000031,PH00003,,1,2,0,Proris Suspensi 60 ml ,Botol,D6C138B / Mar-28,6," 27,615 ",," 165,690 ",, - , - ,Penjualan,SYARIF,
13/07/2026,INV.KMS.2602355,DK00304,APOTEK K24 AZZAHRA SAMATA,EP000071,EP00007,,1,2,0,MKP (Cap Lang) 15 ml ,Botol,HM01214 / Jan-31,12," 6,615 ",," 79,380 ",, - , - ,Penjualan,SYARIF,
13/07/2026,INV.KMS.2602355,DK00304,APOTEK K24 AZZAHRA SAMATA,EP000011,EP00001,,1,2,0,MKP (Cap Lang) 30 ml ,Botol,HM01517 / Jan-31,12," 12,075 ",," 144,900 ",, - , - ,Penjualan,SYARIF,
13/07/2026,INV.KMS.2602355,DK00304,APOTEK K24 AZZAHRA SAMATA,EP000021,EP00002,,1,2,0,MKP (Cap Lang) 60 ml ,Botol,HA00216 / Feb-31,12," 22,260 ",," 267,120 ",, - , - ,Penjualan,SYARIF,
13/07/2026,INV.KMS.2602356,DK00557,APOTEK K-24 BULU BULU,SG000021,SG00002,,1,2,0,Cessa BABY Merah Fedrop EO 8 ml,Pcs,T202GBZ / Feb-29,6," 27,749 ",," 166,494 "," 687,841 "," 75,663 "," 763,504 ",Penjualan,ANGGA,
13/07/2026,INV.KMS.2602356,DK00557,APOTEK K-24 BULU BULU,NU000011,NU00001,,1,2,0,Cetirizine HCl 10 mg (Nulab) 100's,Dus,2601180 / Jan-28,8," 28,500 ",," 228,000 ",, - , - ,Penjualan,ANGGA,
13/07/2026,INV.KMS.2602356,DK00557,APOTEK K-24 BULU BULU,PS000011,PS00001,,1,2,0,Diclofenac Sodium 50 mg (Phapros) 50's,Dus ,96365002 / Mar-30,6," 12,500 ",," 75,000 ",, - , - ,Penjualan,ANGGA,
13/07/2026,INV.KMS.2602356,DK00557,APOTEK K-24 BULU BULU,NP000391,NP00039,,1,2,0,Loratadine 10 mg (Nova) 100's,Dus,2510-03-331 / Okt-27,1," 17,600 ",," 17,600 ",, - , - ,Penjualan,ANGGA,
13/07/2026,INV.KMS.2602356,DK00557,APOTEK K-24 BULU BULU,EP000441,EP00044,,1,2,0,MKP Bayi Chamomile 60 ml,Botol,PI00615 / Okt-30,2," 13,335 ",," 26,670 ",, - , - ,Penjualan,ANGGA,
13/07/2026,INV.KMS.2602356,DK00557,APOTEK K-24 BULU BULU,EP000461,EP00046,,1,2,0,MKP Bayi Lavender 60 ml,Botol,PN00509 / Nov-30,2," 13,335 ",," 26,670 ",, - , - ,Penjualan,ANGGA,
13/07/2026,INV.KMS.2602356,DK00557,APOTEK K-24 BULU BULU,HJ000101,HJ00010,,1,2,0,Ranitidine HCl 150 mg (HJ) NEW 200's,Dus,HTRNTC55639 / Sep-27,2," 42,500 ",," 85,000 ",, - , - ,Penjualan,ANGGA,
13/07/2026,INV.KMS.2602356,DK00557,APOTEK K-24 BULU BULU,PM000061,PM00006,,1,2,0,Pim-Tra-Kol Kids Sirup 60 ml,Botol,63506002 / Des-27,3," 12,075 ",," 36,225 ",, - , - ,Penjualan,ANGGA,
13/07/2026,INV.KMS.2602356,DK00557,APOTEK K-24 BULU BULU,SL000092,SL00009,,2,2,0,Prednisone 5 mg (SLF) 100's,Dus,61398 / Mar-29,2," 13,091 ",," 26,182 ",, - , - ,Penjualan,ANGGA,
13/07/2026,INV.KMS.2602357,DK00557,APOTEK K-24 BULU BULU,CC000051,CC00005,,1,2,Mengandung Prekursor,Demacolin Tab 100's,Dus,26AA042 / Jan-30,2," 46,750 ",," 93,500 "," 457,695 "," 50,346 "," 508,041 ",Penjualan,ANGGA,
13/07/2026,INV.KMS.2602357,DK00557,APOTEK K-24 BULU BULU,CC000061,CC00006,,1,2,Mengandung Prekursor,Demacolin Sirup 60 ml,Botol,25LC054 / Nov-28,2," 14,740 ",," 29,480 ",, - , - ,Penjualan,ANGGA,
13/07/2026,INV.KMS.2602357,DK00557,APOTEK K-24 BULU BULU,HF000041,HF00004,,1,2,Mengandung Prekursor,Hufagripp Pilek Sirup 60 ml,Botol,C600285 / Nov-28,1," 15,816 ",," 15,816 ",, - , - ,Penjualan,ANGGA,
13/07/2026,INV.KMS.2602357,DK00557,APOTEK K-24 BULU BULU,HF000042,HF00004,,2,2,Mengandung Prekursor,Hufagripp Pilek Sirup 60 ml,Botol,C600345 / Des-28,4," 15,816 ",," 63,264 ",, - , - ,Penjualan,ANGGA,
13/07/2026,INV.KMS.2602357,DK00557,APOTEK K-24 BULU BULU,HF000021,HF00002,,1,2,Mengandung Prekursor,Hufagripp BP Sirup 60 ml,Botol,A800276 / Apr-30,3," 19,019 ",," 57,057 ",, - , - ,Penjualan,ANGGA,
13/07/2026,INV.KMS.2602357,DK00557,APOTEK K-24 BULU BULU,KX000211,KX00021,,1,2,Mengandung Prekursor,Siladex Cough & Flu 60 ml,Botol,L25A10 / Des-27,2," 16,125 ",," 32,250 ",, - , - ,Penjualan,ANGGA,
13/07/2026,INV.KMS.2602357,DK00557,APOTEK K-24 BULU BULU,CM000031,CM00003,,1,2,Mengandung Prekursor,OBHC Anak Strawberry 60 ml,Botol,6OC132 / Mar-28,4," 16,832 ",," 67,328 ",, - , - ,Penjualan,ANGGA,
13/07/2026,INV.KMS.2602357,DK00557,APOTEK K-24 BULU BULU,DV000481,DV00048,,1,2,Mengandung Prekursor,Paratusin DMP Sirup 60 ml,Botol,6FC0514 / Mar-28,3," 33,000 ",," 99,000 ",, - , - ,Penjualan,ANGGA,
13/07/2026,INV.KMS.2602358,DK00333,APOTEK ANUGERAH SEJATI ,KF000061,KF00006,,1,2,Generik,Antihemoroid Suppo (KF) 10's,Dus,J52025W / Okt-27,2," 47,300 ",," 94,600 "," 606,109 "," 66,672 "," 672,781 ",Penjualan,SYARIF,
13/07/2026,INV.KMS.2602358,DK00333,APOTEK ANUGERAH SEJATI ,DV000031,DV00003,,1,2,0,Vicee Lemon Tab 100's,Dus,KX5A369 / Des-27,1," 63,688 ",," 63,688 ",, - , - ,Penjualan,SYARIF,
13/07/2026,INV.KMS.2602358,DK00333,APOTEK ANUGERAH SEJATI ,SG000071,SG00007,,1,2,0,Cessa KIDS Merah Fedrop EO 8 ml,Pcs,T204SKY / Nov-28,2," 24,775 ",," 49,550 ",, - , - ,Penjualan,SYARIF,
13/07/2026,INV.KMS.2602358,DK00333,APOTEK ANUGERAH SEJATI ,MP000041,MP00004,,1,2,0,Sucralfate Suspensi (Mepro) 100 ml,Botol,E26D590 / Apr-28,3," 14,850 ",," 44,550 ",, - , - ,Penjualan,SYARIF,
13/07/2026,INV.KMS.2602358,DK00333,APOTEK ANUGERAH SEJATI ,TM000161,TM00016,,1,2,0,Bodrex Migra Kaplet 100's,Dus,021866 / Feb-29,1," 55,693 ",," 55,693 ",, - , - ,Penjualan,SYARIF,
13/07/2026,INV.KMS.2602358,DK00333,APOTEK ANUGERAH SEJATI ,GS000181,GS00018,,1,2,0,Scott's Emulsion Original 400 ml,Botol ,6OB001 / Feb-28,1," 76,323 ",," 76,323 ",, - , - ,Penjualan,SYARIF,
13/07/2026,INV.KMS.2602358,DK00333,APOTEK ANUGERAH SEJATI ,GS000122,GS00012,,2,2,0,Scott's Emulsion Vita Rasa Jeruk 400 ml,Botol ,5NG055 / Jul-27,1," 72,821 ",," 72,821 ",, - , - ,Penjualan,SYARIF,
13/07/2026,INV.KMS.2602358,DK00333,APOTEK ANUGERAH SEJATI ,US000201,US00020,,1,2,0,Freshcare Vapobalm Matcha 10 gr,Pcs,26B00701 / Feb-29,3," 11,560 ",," 34,680 ",, - , - ,Penjualan,SYARIF,
13/07/2026,INV.KMS.2602358,DK00333,APOTEK ANUGERAH SEJATI ,TM000252,TM00025,,2,2,0,Vitamin D3 + K2 IPI 25's,Botol,051076 / Mei-28,12," 9,517 ",," 114,204 ",, - , - ,Penjualan,SYARIF,
13/07/2026,INV.KMS.2602359,DK00266,APOTEK KARTINI,SR000021,SR00002,,1,2,0,Ringer Lactate Infus (Satoria) 500 ml,Botol,2D1A6E036 / Mei-28,60," 8,602 ",," 516,120 "," 516,120 "," 56,773 "," 572,893 ",Penjualan,ANGGA,
13/07/2026,INV.KMS.2602360,DK00222,APOTEK K-24 TODDOPULI,MF000151,MF00015,,1,2,0,Betadine Antiseptic Ointment 20 gr ,Tube,IB24001 / Aug-27,1," 34,118 ",," 34,118 "," 310,370 "," 34,141 "," 344,511 ",Penjualan,SYARIF,
13/07/2026,INV.KMS.2602360,DK00222,APOTEK K-24 TODDOPULI,MF000152,MF00015,,2,2,0,Betadine Antiseptic Ointment 20 gr ,Tube,LB25023 / Nov-28,4," 34,118 ",," 136,472 ",, - , - ,Penjualan,SYARIF,
13/07/2026,INV.KMS.2602360,DK00222,APOTEK K-24 TODDOPULI,KF000481,KF00048,,1,2,OTC,Bedak Marcks Creme 40gr,Pot,H50579S / Aug-30,2," 18,165 ",," 36,330 ",, - , - ,Penjualan,SYARIF,
13/07/2026,INV.KMS.2602360,DK00222,APOTEK K-24 TODDOPULI,NC000031,NC00003,,1,2,0,Bedak Salicyl Menthol (Nellco) 60gr,Pot,8026003 / Jun-30,3," 7,150 ",," 21,450 ",, - , - ,Penjualan,SYARIF,
13/07/2026,INV.KMS.2602360,DK00222,APOTEK K-24 TODDOPULI,IF000191,IF00019,,1,2,0,Dohixat 100 mg Cap 100's,Dus,40330 / Okt-27,1," 49,000 ",," 49,000 ",, - , - ,Penjualan,SYARIF,
13/07/2026,INV.KMS.2602360,DK00222,APOTEK K-24 TODDOPULI,CC000081,CC00008,,1,2,0,Herocyn 85 gr,Pcs,26BD029 / Feb-30,3," 11,000 ",," 33,000 ",, - , - ,Penjualan,SYARIF,
13/07/2026,INV.KMS.2602361,DK00222,APOTEK K-24 TODDOPULI,GS000022,GS00002,,2,2,Mengandung Prekursor,Actifed Plus Cough Suppressant 60 ml,Dus,T93E / Des-28,7," 56,330 ",," 394,310 "," 487,810 "," 53,659 "," 541,469 ",Penjualan,SYARIF,
13/07/2026,INV.KMS.2602361,DK00222,APOTEK K-24 TODDOPULI,CC000051,CC00005,,1,2,Mengandung Prekursor,Demacolin Tab 100's,Dus,26AA042 / Jan-30,2," 46,750 ",," 93,500 ",, - , - ,Penjualan,SYARIF,
13/07/2026,INV.KMS.2602362,DK00242,APOTEK K-24 PALLANGGA,KF000481,KF00048,,1,2,OTC,Bedak Marcks Creme 40gr,Pot,H50579S / Aug-30,3," 18,165 ",," 54,495 "," 668,713 "," 73,558 "," 742,271 ",Penjualan,SYARIF,
13/07/2026,INV.KMS.2602362,DK00242,APOTEK K-24 PALLANGGA,DV000041,DV00004,,1,2,0,Vicee Orange Tab 100's,Dus,LX5A121 / Jan-28,1," 63,688 ",," 63,688 ",, - , - ,Penjualan,SYARIF,
13/07/2026,INV.KMS.2602362,DK00242,APOTEK K-24 PALLANGGA,KF000711,KF00071,,1,2,Ethical,Nitrokaf Retard (KF) 100's,Dus,J51732N / Okt-27,1," 246,014 ",," 246,014 ",, - , - ,Penjualan,SYARIF,
13/07/2026,INV.KMS.2602362,DK00242,APOTEK K-24 PALLANGGA,DV000391,DV00039,,1,2,0,Natur E White 16's ,Dus,5EF1243 / Jun-27,4," 44,802 ",3," 173,832 ",, - , - ,Penjualan,SYARIF,
13/07/2026,INV.KMS.2602362,DK00242,APOTEK K-24 PALLANGGA,DV000201,DV00020,,1,2,0,Natur E 100 IU Soft Cap 32's,Dus,5EF1231 / Jun-28,2," 30,632 ",," 61,264 ",, - , - ,Penjualan,SYARIF,
13/07/2026,INV.KMS.2602362,DK00242,APOTEK K-24 PALLANGGA,TM000131,TM00013,,1,2,0,Vitamin C IPI 45's,Botol,040786 / Apr-28,3," 5,785 ",," 17,355 ",, - , - ,Penjualan,SYARIF,
13/07/2026,INV.KMS.2602362,DK00242,APOTEK K-24 PALLANGGA,TM000132,TM00013,,2,2,0,Vitamin C IPI 45's,Botol,050736 / Mei-28,9," 5,785 ",," 52,065 ",, - , - ,Penjualan,SYARIF,
13/07/2026,INV.KMS.2602363,DK00191,APOTIK PATTENE,NC000031,NC00003,,1,2,0,Bedak Salicyl Menthol (Nellco) 60gr,Pot,8026003 / Jun-30,6," 7,150 ",," 42,900 "," 458,070 "," 50,388 "," 508,458 ",Penjualan,ANGGA,
13/07/2026,INV.KMS.2602363,DK00191,APOTIK PATTENE,AF000231,AF00023,,1,2,0,Dun Salep Ichtiol (AFI) 15 g,Pot,C27608 / Mar-29,24," 7,500 ",," 180,000 ",, - , - ,Penjualan,ANGGA,
13/07/2026,INV.KMS.2602363,DK00191,APOTIK PATTENE,MC000101,MC00010,,1,2,0,Dolo-Neurobion Tab 100's,Dus,L0796255 / Aug-28,1," 235,170 ",," 235,170 ",, - , - ,Penjualan,ANGGA,
13/07/2026,INV.KMS.2602364,DK00191,APOTIK PATTENE,CC000061,CC00006,,1,2,Mengandung Prekursor,Demacolin Sirup 60 ml,Botol,25LC054 / Nov-28,3," 14,740 ",," 44,220 "," 228,875 "," 25,176 "," 254,051 ",Penjualan,ANGGA,
13/07/2026,INV.KMS.2602364,DK00191,APOTIK PATTENE,CC000051,CC00005,,1,2,Mengandung Prekursor,Demacolin Tab 100's,Dus,26AA042 / Jan-30,2," 46,750 ",," 93,500 ",, - , - ,Penjualan,ANGGA,
13/07/2026,INV.KMS.2602364,DK00191,APOTIK PATTENE,DV000431,DV00043,,1,2,Mengandung Prekursor,Decolsin Sirup 60 ml,Botol,6FA0071 / Jan-28,3," 17,510 ",," 52,530 ",, - , - ,Penjualan,ANGGA,
13/07/2026,INV.KMS.2602364,DK00191,APOTIK PATTENE,DV000451,DV00045,,1,2,Mengandung Prekursor,Decolgen Kids Sirup 60 ml ,Botol,6FA0223 / Jan-28,3," 12,875 ",," 38,625 ",, - , - ,Penjualan,ANGGA,
13/07/2026,02G26I01791,RL00025,PT. Reski Laifasto,BM000021,BM00002,,1,1,0,MBK Putih 12's,Dus,Q106EPPS / Mei-33,50," 23,940 ",," 1,197,000 "," 9,667,206 "," 1,063,393 "," 10,730,599 ",Barang Masuk,APJ,
13/07/2026,02G26I01791,RL00025,PT. Reski Laifasto,BM000013,BM00001,,3,1,0,MBK Silver 12's,Dus,Q430DPSS / Apr-33,20," 34,200 ",," 684,000 ",, - , - ,Barang Masuk,APJ,
13/07/2026,02G26I01791,RL00025,PT. Reski Laifasto,BM000014,BM00001,,4,1,0,MBK Silver 12's,Dus,Q478DPSS / Apr-33,30," 34,200 ",," 1,026,000 ",, - , - ,Barang Masuk,APJ,
13/07/2026,02G26I01791,RL00025,PT. Reski Laifasto,GL000021,GL00002,,1,1,0,Caladine Lotion 60 ml,Botol,A26002 / Jan-28,96," 15,845 ",," 1,521,120 ",, - , - ,Barang Masuk,APJ,
13/07/2026,02G26I01791,RL00025,PT. Reski Laifasto,SM000012,SM00001,,2,1,0,Tolak Angin Cair 12's,Dus,EL50043 / Jan-28,60," 43,974 ",," 2,638,440 ",, - , - ,Barang Masuk,APJ,
13/07/2026,02G26I01791,RL00025,PT. Reski Laifasto,SM000013,SM00001,,3,1,0,Tolak Angin Cair 12's,Dus,EL40041 / Jan-28,30," 43,974 ",," 1,319,220 ",, - , - ,Barang Masuk,APJ,
13/07/2026,02G26I01791,RL00025,PT. Reski Laifasto,SM000042,SM00004,,2,1,0,Tolak Angin Cair Anak 12's,Dus,EL00064 / Nov-27,30," 30,807 ",," 924,210 ",, - , - ,Barang Masuk,APJ,
13/07/2026,02G26I01791,RL00025,PT. Reski Laifasto,SM000021,SM00002,,1,1,0,Tolak Angin Permen Herbal Peppermint 75's,Dus,EL00028 / Mar-28,12," 29,768 ",," 357,216 ",, - , - ,Barang Masuk,APJ,
14/07/2026,INV.KMS.2602365,DK00315,APOTEK REZKY ABADI,KF000341,KF00034,,1,2,OTC,Batugin Elixir 120 ml,Botol,B60259N / Feb-28,5," 32,250 ",," 161,250 "," 161,250 "," 17,738 "," 178,988 ",Penjualan,ANGGA,
14/07/2026,INV.KMS.2602366,DK00235,APOTEK SHAFIA MEDIKA,KF000061,KF00006,,1,2,Generik,Antihemoroid Suppo (KF) 10's,Dus,J52025W / Okt-27,3," 47,300 ",," 141,900 "," 141,900 "," 15,609 "," 157,509 ",Penjualan,ANGGA,
14/07/2026,INV.KMS.2602367,DK00333,APOTEK ANUGERAH SEJATI ,TR000101,TR00010,,1,2,0,Meloxicam 15 mg (Triman) 100's,Dus,X25115 / Nov-27,3," 25,000 ",," 75,000 "," 413,226 "," 45,455 "," 458,681 ",Penjualan,SYARIF,
14/07/2026,INV.KMS.2602367,DK00333,APOTEK ANUGERAH SEJATI ,TM000201,TM00020,,1,2,0,My Baby M. Telon Plus Lavender 60 ml,Botol,0552625 / Mei-27,3," 14,462 ",," 43,386 ",, - , - ,Penjualan,SYARIF,
14/07/2026,INV.KMS.2602367,DK00333,APOTEK ANUGERAH SEJATI ,NU000031,NU00003,,1,2,0,Lansoprazole 30 mg (Nulab ) 20's,Dus,N2602062 / Mar-28,10," 29,484 ",," 294,840 ",, - , - ,Penjualan,SYARIF,
14/07/2026,INV.KMS.2602367,DK00333,APOTEK ANUGERAH SEJATI ,NU000031,NU00003,,1,2,0,Lansoprazole 30 mg (Nulab ) 20's,Dus,N2602062 / Mar-28,5," 29,484 ",100, - ,, - , - ,Penjualan,SYARIF,
14/07/2026,INV.KMS.2602368,DK00292,APOTEK PINTU DUA,AA000011,AA00001,,1,2,0,Madu Vitabumin 130 ml,Botol,25092602 / Okt-27,4," 52,436 ",," 209,744 "," 209,744 "," 23,072 "," 232,816 ",Penjualan,ANGGA,
14/07/2026,INV.KMS.2602369,DK00346,APOTEK DELIMA,HF000012,HF00001,,2,2,Mengandung Prekursor,Hufagripp Flu & Batuk Sirup 60 ml,Botol,A900626 / Mar-29,5," 21,620 ",," 108,100 "," 269,076 "," 29,598 "," 298,674 ",Penjualan,ANGGA,
14/07/2026,INV.KMS.2602369,DK00346,APOTEK DELIMA,CM000051,CM00005,,1,2,Mengandung Prekursor,OBHC Batuk Flu Jahe 60 ml,Botol,6OA042 / Jan-28,3," 15,540 ",," 46,620 ",, - , - ,Penjualan,ANGGA,
14/07/2026,INV.KMS.2602369,DK00346,APOTEK DELIMA,CM000021,CM00002,,1,2,Mengandung Prekursor,OBHC Anak Jeruk 60 ml,Botol,6OB028 / Feb-28,3," 16,832 ",," 50,496 ",, - , - ,Penjualan,ANGGA,
14/07/2026,INV.KMS.2602369,DK00346,APOTEK DELIMA,DV000261,DV00026,,1,2,Mengandung Prekursor,Neozep Forte Tab 100's,Dus,25084901 / Mei-27,1," 63,860 ",," 63,860 ",, - , - ,Penjualan,ANGGA,
14/07/2026,INV.KMS.2602370,DK00346,APOTEK DELIMA,EP000021,EP00002,,1,2,0,MKP (Cap Lang) 60 ml ,Botol,HA00216 / Feb-31,6," 22,260 ",," 133,560 "," 819,550 "," 90,151 "," 909,701 ",Penjualan,ANGGA,
14/07/2026,INV.KMS.2602370,DK00346,APOTEK DELIMA,JJ000041,JJ00004,,1,2,0,Combantrin Sirup Rasa Jeruk 10 ml,Botol,NK2113 / Okt-28,5," 18,312 ",," 91,560 ",, - , - ,Penjualan,ANGGA,
14/07/2026,INV.KMS.2602370,DK00346,APOTEK DELIMA,TJ000011,TJ00001,,1,2,0,Madu TJ Murni 150 gr,Botol,25P00232 / Des-29,4," 20,200 ",," 80,800 ",, - , - ,Penjualan,ANGGA,
14/07/2026,INV.KMS.2602370,DK00346,APOTEK DELIMA,US000031,US00003,,1,2,0,Freshcare Smash Matcha Inhaler Roll On 8 ml,Pcs,26E03634 / Mei-29,8," 11,560 ",," 92,480 ",, - , - ,Penjualan,ANGGA,
14/07/2026,INV.KMS.2602370,DK00346,APOTEK DELIMA,EP000011,EP00001,,1,2,0,MKP (Cap Lang) 30 ml ,Botol,HM01517 / Jan-31,12," 12,075 ",," 144,900 ",, - , - ,Penjualan,ANGGA,
14/07/2026,INV.KMS.2602370,DK00346,APOTEK DELIMA,EP000111,EP00011,,1,2,0,GPU Cair Sereh 60 ml,Botol,HR02407 / Mar-31,5," 17,031 ",," 85,155 ",, - , - ,Penjualan,ANGGA,
14/07/2026,INV.KMS.2602370,DK00346,APOTEK DELIMA,EP000071,EP00007,,1,2,0,MKP (Cap Lang) 15 ml ,Botol,HM01214 / Jan-31,12," 6,615 ",," 79,380 ",, - , - ,Penjualan,ANGGA,
14/07/2026,INV.KMS.2602370,DK00346,APOTEK DELIMA,DV000401,DV00040,,1,2,0,Natur E White 32's ,Dus,5EE1026 / Mei-27,1," 81,715 ",," 81,715 ",, - , - ,Penjualan,ANGGA,
14/07/2026,INV.KMS.2602370,DK00346,APOTEK DELIMA,ME000051,ME00005,,1,2,0,"Dexamethasone 0,5 mg (MEF) 200's",Dus,1508527 / Aug-30,1," 30,000 ",," 30,000 ",, - , - ,Penjualan,ANGGA,
14/07/2026,INV.KMS.2602371,DK00346,APOTEK DELIMA,EP000141,EP00014,,1,2,0,Balsem Otot Geliga 20 gr,Pcs,HA02251 / Feb-31,7," 9,135 ",," 63,945 "," 255,514 "," 28,107 "," 283,621 ",Penjualan,ANGGA,
14/07/2026,INV.KMS.2602371,DK00346,APOTEK DELIMA,DV000061,DV00006,,1,2,0,Vicee Grape Tab 100's,Dus,KX5A328 / Nov-27,1," 63,688 ",," 63,688 ",, - , - ,Penjualan,ANGGA,
14/07/2026,INV.KMS.2602371,DK00346,APOTEK DELIMA,NU000043,NU00004,,3,2,0,Omeprazole 20 mg (Nulab) 100's,Dus,2604077 / Apr-28,1," 37,000 ",," 37,000 ",, - , - ,Penjualan,ANGGA,
14/07/2026,INV.KMS.2602371,DK00346,APOTEK DELIMA,CM000091,CM00009,,1,2,0,"Insto Cool Tetes Mata 7,5 ml",Botol,2661006 / Jan-28,3," 14,577 ",," 43,731 ",, - , - ,Penjualan,ANGGA,
14/07/2026,INV.KMS.2602371,DK00346,APOTEK DELIMA,PM000061,PM00006,,1,2,0,Pim-Tra-Kol Kids Sirup 60 ml,Botol,63506002 / Des-27,2," 12,075 ",," 24,150 ",, - , - ,Penjualan,ANGGA,
14/07/2026,INV.KMS.2602371,DK00346,APOTEK DELIMA,SL000061,SL00006,,1,2,0,Allopurinol 100 mg (SLF) 100's ,Dus,61070 / Jan-28,1," 23,000 ",," 23,000 ",, - , - ,Penjualan,ANGGA,
14/07/2026,INV.KMS.2602372,DK00346,APOTEK DELIMA,TR000093,TR00009,,3,2,0,Ibuprofen 400 mg (Triman) 100's,Dus,B26110 / Feb-28,2," 28,750 ",," 57,500 "," 142,315 "," 15,655 "," 157,970 ",Penjualan,ANGGA,
14/07/2026,INV.KMS.2602372,DK00346,APOTEK DELIMA,CC000101,CC00010,,1,2,0,Herocyn Baby 100 gr,Pcs,26BK123 / Feb-30,2," 7,500 ",," 15,000 ",, - , - ,Penjualan,ANGGA,
14/07/2026,INV.KMS.2602372,DK00346,APOTEK DELIMA,DV000111,DV00011,,1,2,0,Natur E 100 IU Soft Cap 16's,Dus,5EF1288 / Jun-28,3," 17,703 ",," 53,109 ",, - , - ,Penjualan,ANGGA,
14/07/2026,INV.KMS.2602372,DK00346,APOTEK DELIMA,EP000051,EP00005,,1,2,0,Telon Lang 60 ml,Botol,NO02401 / Aug-29,1," 16,706 ",," 16,706 ",, - , - ,Penjualan,ANGGA,
14/07/2026,INV.KMS.2602373,DK00346,APOTEK DELIMA,PG000071,PG00007,,1,2,OOT,Vicks Formula 44 Dewasa 54 ml,Botol,53286298A1 / Nov-27,2," 19,097 ",," 38,194 "," 72,514 "," 7,977 "," 80,491 ",Penjualan,ANGGA,
14/07/2026,INV.KMS.2602373,DK00346,APOTEK DELIMA,PG000041,PG00004,,1,2,OOT,Vicks Formula 44 Anak Strawberry 27 ml,Botol,52086298K1 / Jul-27,3," 11,440 ",," 34,320 ",, - , - ,Penjualan,ANGGA,
14/07/2026,INV.KMS.2602374,DK00191,APOTIK PATTENE,SM000012,SM00001,,2,2,0,Tolak Angin Cair 12's,Dus,EL50043 / Jan-28,6," 43,974 ",," 263,844 "," 623,592 "," 68,595 "," 692,187 ",Penjualan,ANGGA,
14/07/2026,INV.KMS.2602374,DK00191,APOTIK PATTENE,BM000021,BM00002,,1,2,0,MBK Putih 12's,Dus,Q106EPPS / Mei-33,6," 23,940 ",," 143,640 ",, - , - ,Penjualan,ANGGA,
14/07/2026,INV.KMS.2602374,DK00191,APOTIK PATTENE,SM000021,SM00002,,1,2,0,Tolak Angin Permen Herbal Peppermint 75's,Dus,EL00028 / Mar-28,6," 29,768 ",," 178,608 ",, - , - ,Penjualan,ANGGA,
14/07/2026,INV.KMS.2602374,DK00191,APOTIK PATTENE,PM000101,PM00010,,1,2,0,Vitamin B Complex 180 mg (PIM) 100's,Dus,24604205 / Apr-28,3," 12,500 ",," 37,500 ",, - , - ,Penjualan,ANGGA,
14/07/2026,INV.KMS.2602375,DK00304,APOTEK K24 AZZAHRA SAMATA,SM000012,SM00001,,2,2,0,Tolak Angin Cair 12's,Dus,EL50043 / Jan-28,5," 43,974 ",," 219,870 "," 921,567 "," 101,372 "," 1,022,939 ",Penjualan,SYARIF,
14/07/2026,INV.KMS.2602375,DK00304,APOTEK K24 AZZAHRA SAMATA,EL000111,EL00011,,1,2,0,Caviplex Kaplet 100's,Dus,F1461109 / Sep-28,1," 73,500 ",," 73,500 ",, - , - ,Penjualan,SYARIF,
14/07/2026,INV.KMS.2602375,DK00304,APOTEK K24 AZZAHRA SAMATA,EP000141,EP00014,,1,2,0,Balsem Otot Geliga 20 gr,Pcs,HA02251 / Feb-31,10," 9,135 ",," 91,350 ",, - , - ,Penjualan,SYARIF,
14/07/2026,INV.KMS.2602375,DK00304,APOTEK K24 AZZAHRA SAMATA,EL000062,EL00006,,2,2,0,Antasida Suspensi (Erela) 60 ml ,Botol,S.2361104 / Mei-28,5," 5,000 ",," 25,000 ",, - , - ,Penjualan,SYARIF,
14/07/2026,INV.KMS.2602375,DK00304,APOTEK K24 AZZAHRA SAMATA,PM000021,PM00002,,1,2,0,Parasetamol 500 mg (PIM) 100's,Dus,05603134 / Mar-30,6," 20,900 ",," 125,400 ",, - , - ,Penjualan,SYARIF,
14/07/2026,INV.KMS.2602375,DK00304,APOTEK K24 AZZAHRA SAMATA,PM000081,PM00008,,1,2,0,CTM Tab (PIM) 288's,Pack,09508106 / Aug-30,1," 19,084 ",," 19,084 ",, - , - ,Penjualan,SYARIF,
14/07/2026,INV.KMS.2602375,DK00304,APOTEK K24 AZZAHRA SAMATA,MC000101,MC00010,,1,2,0,Dolo-Neurobion Tab 100's,Dus,L0796255 / Aug-28,1," 235,170 ",," 235,170 ",, - , - ,Penjualan,SYARIF,
14/07/2026,INV.KMS.2602375,DK00304,APOTEK K24 AZZAHRA SAMATA,TM000161,TM00016,,1,2,0,Bodrex Migra Kaplet 100's,Dus,021866 / Feb-29,1," 55,693 ",," 55,693 ",, - , - ,Penjualan,SYARIF,
14/07/2026,INV.KMS.2602375,DK00304,APOTEK K24 AZZAHRA SAMATA,CC000091,CC00009,,1,2,0,Herocyn 150 gr,Pcs,26DD072 / Apr-30,5," 15,300 ",," 76,500 ",, - , - ,Penjualan,SYARIF,
14/07/2026,INV.KMS.2602376,DK00304,APOTEK K24 AZZAHRA SAMATA,GS000031,GS00003,,1,2,0,Panadol Kaplet 100's,Dus,B28A / Mei-28,1," 100,734 ",," 100,734 "," 1,258,560 "," 138,442 "," 1,397,002 ",Penjualan,SYARIF,
14/07/2026,INV.KMS.2602376,DK00304,APOTEK K24 AZZAHRA SAMATA,MC000071,MC00007,,1,2,0,Neurobion 5000 Injeksi 20's,Dus,5349D14352 / Des-27,1," 360,238 ",," 360,238 ",, - , - ,Penjualan,SYARIF,
14/07/2026,INV.KMS.2602376,DK00304,APOTEK K24 AZZAHRA SAMATA,TW000022,TW00002,,2,2,0,Tawon Minyak Gosok DD 30 ml,Botol,24121 / Des-29,6," 31,058 ",," 186,348 ",, - , - ,Penjualan,SYARIF,
14/07/2026,INV.KMS.2602376,DK00304,APOTEK K24 AZZAHRA SAMATA,SG000062,SG00006,,2,2,0,Cessa KIDS Biru Happy Nose EO 8 ml,Pcs,T216MLY / Des-28,6," 24,775 ",," 148,650 ",, - , - ,Penjualan,SYARIF,
14/07/2026,INV.KMS.2602376,DK00304,APOTEK K24 AZZAHRA SAMATA,CM000081,CM00008,,1,2,0,OBHC Batuk Berdahak Menthol 100 ml,Botol,6OC022 / Mar-28,5," 16,107 ",," 80,535 ",, - , - ,Penjualan,SYARIF,
14/07/2026,INV.KMS.2602376,DK00304,APOTEK K24 AZZAHRA SAMATA,CM000091,CM00009,,1,2,0,"Insto Cool Tetes Mata 7,5 ml",Botol,2661006 / Jan-28,6," 14,577 ",," 87,462 ",, - , - ,Penjualan,SYARIF,
14/07/2026,INV.KMS.2602376,DK00304,APOTEK K24 AZZAHRA SAMATA,DV000051,DV00005,,1,2,0,Silex Sirup 100 ml,Botol,VE1253 / Mei-27,2," 76,220 ",," 152,440 ",, - , - ,Penjualan,SYARIF,
14/07/2026,INV.KMS.2602376,DK00304,APOTEK K24 AZZAHRA SAMATA,MF000031,MF00003,,1,2,0,Betadine Obat Kumur 100 ml,Botol,BB26040 / Jan-29,3," 23,063 ",," 69,189 ",, - , - ,Penjualan,SYARIF,
14/07/2026,INV.KMS.2602376,DK00304,APOTEK K24 AZZAHRA SAMATA,DV000331,DV00033,,1,2,0,Enervon Active Tab 30's,Botol,25128503 / Jul-27,2," 36,482 ",," 72,964 ",, - , - ,Penjualan,SYARIF,
14/07/2026,INV.KMS.2602377,DK00304,APOTEK K24 AZZAHRA SAMATA,JJ000031,JJ00003,,1,2,0,Mylanta Liquid 150 ml,Botol,B14R0082 / Feb-29,3," 39,800 ",," 119,400 "," 144,789 "," 15,927 "," 160,716 ",Penjualan,SYARIF,
14/07/2026,INV.KMS.2602377,DK00304,APOTEK K24 AZZAHRA SAMATA,EP000292,EP00029,,2,2,0,Minyak Gandapura 30 ml,Botol,HR01204 / Mar-31,3," 8,463 ",," 25,389 ",, - , - ,Penjualan,SYARIF,
14/07/2026,INV.KMS.2602378,DK00304,APOTEK K24 AZZAHRA SAMATA,GS000022,GS00002,,2,2,Mengandung Prekursor,Actifed Plus Cough Suppressant 60 ml,Dus,T93E / Des-28,4," 56,330 ",," 225,320 "," 759,005 "," 83,491 "," 842,496 ",Penjualan,SYARIF,
14/07/2026,INV.KMS.2602378,DK00304,APOTEK K24 AZZAHRA SAMATA,PS000042,PS00004,,2,2,Mengandung Prekursor,Noza Kaplet 100's,Dus,96046004 / Feb-28,1," 122,500 ",," 122,500 ",, - , - ,Penjualan,SYARIF,
14/07/2026,INV.KMS.2602378,DK00304,APOTEK K24 AZZAHRA SAMATA,GS000011,GS00001,,1,2,Mengandung Prekursor,Actifed Plus Expectorant 60 ml,Dus,N46C / Okt-28,4," 56,330 ",," 225,320 ",, - , - ,Penjualan,SYARIF,
14/07/2026,INV.KMS.2602378,DK00304,APOTEK K24 AZZAHRA SAMATA,DV000441,DV00044,,1,2,Mengandung Prekursor,Decolgen FX Kaplet 100's,Dus,26014701 / Jan-29,1," 100,278 ",," 100,278 ",, - , - ,Penjualan,SYARIF,
14/07/2026,INV.KMS.2602378,DK00304,APOTEK K24 AZZAHRA SAMATA,PM000031,PM00003,,1,2,Mengandung Prekursor,Pim-Tra-Kol Sirup Cherry 60 ml,Botol,B3512005 / Des-27,3," 13,789 ",," 41,367 ",, - , - ,Penjualan,SYARIF,
14/07/2026,INV.KMS.2602378,DK00304,APOTEK K24 AZZAHRA SAMATA,CC000061,CC00006,,1,2,Mengandung Prekursor,Demacolin Sirup 60 ml,Botol,25LC054 / Nov-28,3," 14,740 ",," 44,220 ",, - , - ,Penjualan,SYARIF,
14/07/2026,INV.KMS.2602379,DK00304,APOTEK K24 AZZAHRA SAMATA,PG000081,PG00008,,1,2,OOT,Vicks Formula 44 Dewasa 100 ml,Botol,52126298B1 / Jul-27,6," 31,142 ",," 186,852 "," 186,852 "," 20,554 "," 207,406 ",Penjualan,SYARIF,
14/07/2026,INV.KMS.2602380,DK00212,APOTEK MARWAH FARMA,KF000341,KF00034,,1,2,OTC,Batugin Elixir 120 ml,Botol,B60259N / Feb-28,1," 32,250 ",," 32,250 "," 176,126 "," 19,374 "," 195,500 ",Penjualan,SYARIF,
14/07/2026,INV.KMS.2602380,DK00212,APOTEK MARWAH FARMA,US000101,US00010,,1,2,0,Hot in DCL 60 gr,Tube,25N08251 / Nov-27,3," 18,458 ",," 55,374 ",, - , - ,Penjualan,SYARIF,
14/07/2026,INV.KMS.2602380,DK00212,APOTEK MARWAH FARMA,US000111,US00011,,1,2,0,Hot in DCL 120 gr,Tube,25K06984 / Sep-27,1," 30,702 ",," 30,702 ",, - , - ,Penjualan,SYARIF,
14/07/2026,INV.KMS.2602380,DK00212,APOTEK MARWAH FARMA,US000031,US00003,,1,2,0,Freshcare Smash Matcha Inhaler Roll On 8 ml,Pcs,26E03634 / Mei-29,5," 11,560 ",," 57,800 ",, - , - ,Penjualan,SYARIF,
14/07/2026,INV.KMS.2602381,DK00196,APOTEK MUKJIZAT ,PG000061,PG00006,,1,2,OOT,Vicks Formula 44 Dewasa 27 ml,Botol,52046298A1 / Jul-27,6," 10,307 ",," 61,842 "," 176,424 "," 19,407 "," 195,831 ",Penjualan,ANGGA,
14/07/2026,INV.KMS.2602381,DK00196,APOTEK MUKJIZAT ,PG000071,PG00007,,1,2,OOT,Vicks Formula 44 Dewasa 54 ml,Botol,53286298A1 / Nov-27,6," 19,097 ",," 114,582 ",, - , - ,Penjualan,ANGGA,
14/07/2026,INV.KMS.2602382,DK00196,APOTEK MUKJIZAT ,PG000091,PG00009,,1,2,0,"Vicks Inhaler 0,5 ml",Pcs,60546298V1 / Aug-27,3," 17,701 ",," 53,103 "," 303,041 "," 33,335 "," 336,376 ",Penjualan,ANGGA,
14/07/2026,INV.KMS.2602382,DK00196,APOTEK MUKJIZAT ,GN000011,GN00001,,1,2,0,Beruang Minyak Gosok 30 ml,Botol,GEaY / Des-30,6," 14,700 ",," 88,200 ",, - , - ,Penjualan,ANGGA,
14/07/2026,INV.KMS.2602382,DK00196,APOTEK MUKJIZAT ,GN000021,GN00002,,1,2,0,Beruang Minyak Gosok 120 ml,Botol,GEaY / Des-30,1," 51,750 ",," 51,750 ",, - , - ,Penjualan,ANGGA,
14/07/2026,INV.KMS.2602382,DK00196,APOTEK MUKJIZAT ,BM000021,BM00002,,1,2,0,MBK Putih 12's,Dus,Q106EPPS / Mei-33,3," 23,940 ",," 71,820 ",, - , - ,Penjualan,ANGGA,
14/07/2026,INV.KMS.2602382,DK00196,APOTEK MUKJIZAT ,PM000081,PM00008,,1,2,0,CTM Tab (PIM) 288's,Pack,09508106 / Aug-30,2," 19,084 ",," 38,168 ",, - , - ,Penjualan,ANGGA,
14/07/2026,INV.KMS.2602382,DK00196,APOTEK MUKJIZAT ,SL000071,SL00007,,1,2,0,Antasida DOEN (SLF) 100's,Dus,52709 / Mei-28,4," 19,145 ",," 76,580 ",, - , - ,Penjualan,ANGGA,
14/07/2026,INV.KMS.2602382,DK00196,APOTEK MUKJIZAT ,SL000071,SL00007,,1,2,0,Antasida DOEN (SLF) 100's,Dus,52709 / Mei-28,-4," 19,145 ",," (76,580)"," (76,580)"," (8,424)"," (85,004)",Penjualan,ANGGA,RETUR BATAL ORDER
14/07/2026,INV.KMS.2602383,DK00196,APOTEK MUKJIZAT ,HF000012,HF00001,,2,2,Mengandung Prekursor,Hufagripp Flu & Batuk Sirup 60 ml,Botol,A900626 / Mar-29,15," 21,620 ",," 324,300 "," 393,207 "," 43,253 "," 436,460 ",Penjualan,ANGGA,
14/07/2026,INV.KMS.2602383,DK00196,APOTEK MUKJIZAT ,HF000012,HF00001,,2,2,Mengandung Prekursor,Hufagripp Flu & Batuk Sirup 60 ml,Botol,A900626 / Mar-29,1," 21,620 ",100, - ,, - , - ,Penjualan,ANGGA,
14/07/2026,INV.KMS.2602383,DK00196,APOTEK MUKJIZAT ,GS000131,GS00013,,1,2,Mengandung Prekursor,Actifed Plus Cough Suppressant 25 ml,Dus,T95H / Des-28,3," 22,969 ",," 68,907 ",, - , - ,Penjualan,ANGGA,
14/07/2026,INV.KMS.2602384,DK00430,APOTEK AORTA ,KX000181,KX00018,,1,2,0,Paramex Tab Sakit Kepala 200's,Dus,I25A75 / Nov-27,1," 108,000 ",," 108,000 "," 391,622 "," 43,078 "," 434,700 ",Penjualan,SYARIF,
14/07/2026,INV.KMS.2602384,DK00430,APOTEK AORTA ,EP000131,EP00013,,1,2,0,Balsem Otot Geliga 10 gr,Pcs,PI01855 / Okt-30,4," 5,103 ",," 20,412 ",, - , - ,Penjualan,SYARIF,
14/07/2026,INV.KMS.2602384,DK00430,APOTEK AORTA ,EP000141,EP00014,,1,2,0,Balsem Otot Geliga 20 gr,Pcs,HA02251 / Feb-31,3," 9,135 ",," 27,405 ",, - , - ,Penjualan,SYARIF,
14/07/2026,INV.KMS.2602384,DK00430,APOTEK AORTA ,CC000071,CC00007,,1,2,0,Herocyn 50 gr,Pcs,26BD061 / Feb-30,4," 7,300 ",," 29,200 ",, - , - ,Penjualan,SYARIF,
14/07/2026,INV.KMS.2602384,DK00430,APOTEK AORTA ,MC000041,MC00004,,1,2,0,Neurobion Forte Tab 50's,Dus,L0770787 / Feb-28,1," 206,605 ",," 206,605 ",, - , - ,Penjualan,SYARIF,
14/07/2026,INV.KMS.2602385,DK00248,APOTEK PAJJAIANG FARMA,ME000051,ME00005,,1,2,0,"Dexamethasone 0,5 mg (MEF) 200's",Dus,1508527 / Aug-30,1," 30,000 ",," 30,000 "," 289,406 "," 31,835 "," 321,241 ",Penjualan,ANGGA,
14/07/2026,INV.KMS.2602385,DK00248,APOTEK PAJJAIANG FARMA,MP000011,MP00001,,1,2,0,Cefadroxil Monohydrate 500 mg (Mepro) 100's,Dus,B5A092 / Jan-28,1," 100,000 ",," 100,000 ",, - , - ,Penjualan,ANGGA,
14/07/2026,INV.KMS.2602385,DK00248,APOTEK PAJJAIANG FARMA,EL000062,EL00006,,2,2,0,Antasida Suspensi (Erela) 60 ml ,Botol,S.2361104 / Mei-28,4," 5,000 ",," 20,000 ",, - , - ,Penjualan,ANGGA,
14/07/2026,INV.KMS.2602385,DK00248,APOTEK PAJJAIANG FARMA,BF000491,BF00049,,1,2,0,Cefixime Sirup (Berno) 30 ml,Botol,SKN48154 / Des-27,3," 12,000 ",," 36,000 ",, - , - ,Penjualan,ANGGA,
14/07/2026,INV.KMS.2602385,DK00248,APOTEK PAJJAIANG FARMA,SL000021,SL00002,,1,2,0,Ambroxol 30 mg (SLF) 100's,Dus,52867 / Mei-28,1," 20,631 ",," 20,631 ",, - , - ,Penjualan,ANGGA,
14/07/2026,INV.KMS.2602385,DK00248,APOTEK PAJJAIANG FARMA,PM000021,PM00002,,1,2,0,Parasetamol 500 mg (PIM) 100's,Dus,05603134 / Mar-30,1," 20,900 ",," 20,900 ",, - , - ,Penjualan,ANGGA,
14/07/2026,INV.KMS.2602385,DK00248,APOTEK PAJJAIANG FARMA,MU000041,MU00004,,1,2,0,Salbutamol 2 mg (MUS) 100's,Dus,2601041 / Jan-28,1," 13,800 ",," 13,800 ",, - , - ,Penjualan,ANGGA,
14/07/2026,INV.KMS.2602385,DK00248,APOTEK PAJJAIANG FARMA,NP000241,NP00024,,1,2,0,Ibuprofen 200 mg (Nova) 100's,Dus,241201177 / Des-27,1," 23,575 ",," 23,575 ",, - , - ,Penjualan,ANGGA,
14/07/2026,INV.KMS.2602385,DK00248,APOTEK PAJJAIANG FARMA,BF000551,BF00055,,1,2,0,Methylprednisolone 4 mg (Berno) 100's,Dus,TPM06354 / Nov-27,1," 49,000 ",50," 24,500 ",, - , - ,Penjualan,ANGGA,
14/07/2026,INV.KMS.2602386,DK00018,APOTEK K24 BAWAKARAENG,GS000181,GS00018,,1,2,0,Scott's Emulsion Original 400 ml,Botol ,6OB001 / Feb-28,1," 76,323 ",," 76,323 "," 776,277 "," 85,390 "," 861,667 ",Penjualan,ANGGA,
14/07/2026,INV.KMS.2602386,DK00018,APOTEK K24 BAWAKARAENG,GS000122,GS00012,,2,2,0,Scott's Emulsion Vita Rasa Jeruk 400 ml,Botol ,5NG055 / Jul-27,1," 72,821 ",," 72,821 ",, - , - ,Penjualan,ANGGA,
14/07/2026,INV.KMS.2602386,DK00018,APOTEK K24 BAWAKARAENG,EP000011,EP00001,,1,2,0,MKP (Cap Lang) 30 ml ,Botol,HM01517 / Jan-31,12," 12,075 ",," 144,900 ",, - , - ,Penjualan,ANGGA,
14/07/2026,INV.KMS.2602386,DK00018,APOTEK K24 BAWAKARAENG,IF000191,IF00019,,1,2,0,Dohixat 100 mg Cap 100's,Dus,40330 / Okt-27,1," 49,000 ",," 49,000 ",, - , - ,Penjualan,ANGGA,
14/07/2026,INV.KMS.2602386,DK00018,APOTEK K24 BAWAKARAENG,CC000071,CC00007,,1,2,0,Herocyn 50 gr,Pcs,26BD061 / Feb-30,3," 7,300 ",," 21,900 ",, - , - ,Penjualan,ANGGA,
14/07/2026,INV.KMS.2602386,DK00018,APOTEK K24 BAWAKARAENG,SH000011,SH00001,,1,2,0,Imbost Force Kaplet 30's ,Dus,26A0100 / Feb-28,1," 196,188 ",," 196,188 ",, - , - ,Penjualan,ANGGA,
14/07/2026,INV.KMS.2602386,DK00018,APOTEK K24 BAWAKARAENG,GS000191,GS00019,,1,2,0,Polident Adhesive Fresh Mint 20 gr,Pcs,J89L / Aug-28,1," 32,177 ",," 32,177 ",, - , - ,Penjualan,ANGGA,
14/07/2026,INV.KMS.2602386,DK00018,APOTEK K24 BAWAKARAENG,MC000031,MC00003,,1,2,0,Neurobion Tab 50's,Dus,L0892472 / Sep-28,1," 118,770 ",," 118,770 ",, - , - ,Penjualan,ANGGA,
14/07/2026,INV.KMS.2602386,DK00018,APOTEK K24 BAWAKARAENG,SH000021,SH00002,,1,2,0,Imbost Force Kids Sirup 60 ml,Botol,25A0264 / Feb-27,1," 64,198 ",," 64,198 ",, - , - ,Penjualan,ANGGA,
14/07/2026,INV.KMS.2602387,DK00213,APOTEK RIVAI HUSA FARMA,MC000011,MC00001,,1,2,0,Sangobion Caps 250's,Dus,L0792178 / Aug-27,1," 471,750 ",," 471,750 "," 581,518 "," 63,967 "," 645,485 ",Penjualan,SYARIF,
14/07/2026,INV.KMS.2602387,DK00213,APOTEK RIVAI HUSA FARMA,MP000031,MP00003,,1,2,0,Cefixime 100 mg (Mepro) 100's,Dus,B5F232 / Des-27,1," 80,000 ",," 80,000 ",, - , - ,Penjualan,SYARIF,
14/07/2026,INV.KMS.2602387,DK00213,APOTEK RIVAI HUSA FARMA,SM000021,SM00002,,1,2,0,Tolak Angin Permen Herbal Peppermint 75's,Dus,EL00028 / Mar-28,1," 29,768 ",," 29,768 ",, - , - ,Penjualan,SYARIF,
14/07/2026,INV.KMS.2602388,DK00290,APOTEK MAPALA MEDICAL CENTER,IF000181,IF00018,,1,2,0,Cefadroxil Sirup Kering (Ifars) 60 ml,Botol,SF00K / Sep-28,10," 8,050 ",," 80,500 "," 244,819 "," 26,930 "," 271,749 ",Penjualan,SYARIF,
14/07/2026,INV.KMS.2602388,DK00290,APOTEK MAPALA MEDICAL CENTER,NP000171,NP00017,,1,2,0,Amoxicillin Sirup (Nova) 60 ml,Botol,26010196 / Jan-28,10," 6,000 ",," 60,000 ",, - , - ,Penjualan,SYARIF,
14/07/2026,INV.KMS.2602388,DK00290,APOTEK MAPALA MEDICAL CENTER,EX000051,EX00005,,1,2,0,Domperidone Sirup (Erlimpex) 60 ml,Botol,S.23260018 / Mar-28,7," 5,000 ",," 35,000 ",, - , - ,Penjualan,SYARIF,
14/07/2026,INV.KMS.2602388,DK00290,APOTEK MAPALA MEDICAL CENTER,DV000241,DV00024,,1,2,0,Natur E Advanced Soft Caps 32's,Dus,5EG1588 / Aug-27,1," 69,319 ",," 69,319 ",, - , - ,Penjualan,SYARIF,
14/07/2026,INV.KMS.2602389,DK00266,APOTEK KARTINI,PS000011,PS00001,,1,2,0,Diclofenac Sodium 50 mg (Phapros) 50's,Dus ,96365002 / Mar-30,3," 12,500 ",," 37,500 "," 155,500 "," 17,105 "," 172,605 ",Penjualan,ANGGA,
14/07/2026,INV.KMS.2602389,DK00266,APOTEK KARTINI,HP000091,HP00009,,1,2,0,Cotrimoxazole Suspensi (Holi) 60 ml,Botol,2507058 / Jul-28,7," 5,000 ",," 35,000 ",, - , - ,Penjualan,ANGGA,
14/07/2026,INV.KMS.2602389,DK00266,APOTEK KARTINI,MP000021,MP00002,,1,2,0,Zinc Sulfate Sirup (Mepro) 60 ml,Botol,E5L202 / Nov-27,7," 6,500 ",," 45,500 ",, - , - ,Penjualan,ANGGA,
14/07/2026,INV.KMS.2602389,DK00266,APOTEK KARTINI,PM000101,PM00010,,1,2,0,Vitamin B Complex 180 mg (PIM) 100's,Dus,24604205 / Apr-28,3," 12,500 ",," 37,500 ",, - , - ,Penjualan,ANGGA,
15/07/2026,INV.KMS.2602390,DK00020,APOTEK K-24 PENGAYOMAN,KF001441,KF00144,,1,2,Generik,"Gentamicin Sulfate 0,1% Krim (KF) 5g @10 Tube",Dus,C60526W / Mar-28,1," 33,190 ",," 33,190 "," 151,435 "," 16,658 "," 168,093 ",Penjualan,SYARIF,
15/07/2026,INV.KMS.2602390,DK00020,APOTEK K-24 PENGAYOMAN,KF001421,KF00142,,1,2,Generik,"Betametason 0,1% Krim (KF) 5g @25 Tube",Dus,K52217W / Nov-27,1," 63,750 ",," 63,750 ",, - , - ,Penjualan,SYARIF,
15/07/2026,INV.KMS.2602390,DK00020,APOTEK K-24 PENGAYOMAN,KF000481,KF00048,,1,2,OTC,Bedak Marcks Creme 40gr,Pot,H50579S / Aug-30,3," 18,165 ",," 54,495 ",, - , - ,Penjualan,SYARIF,
15/07/2026,INV.KMS.2602391,DK00539,APOTEK BAROKAH SELALU,CC000091,CC00009,,1,2,0,Herocyn 150 gr,Pcs,26DD072 / Apr-30,3," 15,300 ",," 45,900 "," 350,294 "," 38,532 "," 388,826 ",Penjualan,SYARIF,
15/07/2026,INV.KMS.2602391,DK00539,APOTEK BAROKAH SELALU,CM000111,CM00011,,1,2,0,"Insto Dry Tetes Mata 7,5 ml",Botol,2638001 / Feb-29,4," 13,578 ",," 54,312 ",, - , - ,Penjualan,SYARIF,
15/07/2026,INV.KMS.2602391,DK00539,APOTEK BAROKAH SELALU,MF000021,MF00002,,1,2,0,Betadine Solutio 15 ml,Botol,DB26014 / Mar-30,2," 14,675 ",," 29,350 ",, - , - ,Penjualan,SYARIF,
15/07/2026,INV.KMS.2602391,DK00539,APOTEK BAROKAH SELALU,MF000071,MF00007,,1,2,0,Betadine Solutio 30 ml,Botol,BB26060 / Jan-30,2," 25,066 ",," 50,132 ",, - , - ,Penjualan,SYARIF,
15/07/2026,INV.KMS.2602391,DK00539,APOTEK BAROKAH SELALU,KF000371,KF00037,,1,2,OTC,Bedak Salisil 2% 60gr,Pot,D60155S / Apr-31,4," 7,500 ",," 30,000 ",, - , - ,Penjualan,SYARIF,
15/07/2026,INV.KMS.2602391,DK00539,APOTEK BAROKAH SELALU,PG000031,PG00003,,1,2,0,Vicks Vaporub 50gr,Pcs,51016298Y1 / Apr-27,2," 34,898 ",," 69,796 ",, - , - ,Penjualan,SYARIF,
15/07/2026,INV.KMS.2602391,DK00539,APOTEK BAROKAH SELALU,PG000091,PG00009,,1,2,0,"Vicks Inhaler 0,5 ml",Pcs,60546298V1 / Aug-27,4," 17,701 ",," 70,804 ",, - , - ,Penjualan,SYARIF,
15/07/2026,INV.KMS.2602392,DK00539,APOTEK BAROKAH SELALU,PG000041,PG00004,,1,2,OOT,Vicks Formula 44 Anak Strawberry 27 ml,Botol,52086298K1 / Jul-27,4," 11,440 ",," 45,760 "," 207,472 "," 22,822 "," 230,294 ",Penjualan,SYARIF,
15/07/2026,INV.KMS.2602392,DK00539,APOTEK BAROKAH SELALU,PG000051,PG00005,,1,2,OOT,Vicks Formula 44 Anak Strawberry 54 ml,Botol,52426298G1 / Aug-27,4," 21,331 ",," 85,324 ",, - , - ,Penjualan,SYARIF,
15/07/2026,INV.KMS.2602392,DK00539,APOTEK BAROKAH SELALU,PG000071,PG00007,,1,2,OOT,Vicks Formula 44 Dewasa 54 ml,Botol,53286298A1 / Nov-27,4," 19,097 ",," 76,388 ",, - , - ,Penjualan,SYARIF,
15/07/2026,INV.KMS.2602393,DK00553,APOTEK BUNGA FARMA,SM000012,SM00001,,2,2,0,Tolak Angin Cair 12's,Dus,EL50043 / Jan-28,5," 43,974 ",," 219,870 "," 219,870 "," 24,186 "," 244,056 ",Penjualan,ANGGA,
15/07/2026,INV.KMS.2602394,DK00175,APOTEK MANGGALA FARMA,KF000061,KF00006,,1,2,Generik,Antihemoroid Suppo (KF) 10's,Dus,J52025W / Okt-27,5," 47,300 ",," 236,500 "," 488,006 "," 53,681 "," 541,687 ",Penjualan,ANGGA,
15/07/2026,INV.KMS.2602394,DK00175,APOTEK MANGGALA FARMA,KB000011,KB00001,,1,2,0,Kapsida Bersih Darah Kembang Bulan 12's,Pak,K145051003 / Okt-30,1," 205,000 ",," 205,000 ",, - , - ,Penjualan,ANGGA,
15/07/2026,INV.KMS.2602394,DK00175,APOTEK MANGGALA FARMA,PG000141,PG00014,,1,2,0,Baby Balm 20 gr,Pcs,5063C56707 / Feb-27,2," 23,253 ",," 46,506 ",, - , - ,Penjualan,ANGGA,
15/07/2026,INV.KMS.2602395,DK00059,APOTIK ANTANG RAYA FARMA,PS000042,PS00004,,2,2,Mengandung Prekursor,Noza Kaplet 100's,Dus,96046004 / Feb-28,3," 122,500 ",," 367,500 "," 367,500 "," 40,425 "," 407,925 ",Penjualan,SYARIF,
15/07/2026,INV.KMS.2602396,DK00292,APOTEK PINTU DUA,KF000061,KF00006,,1,2,Generik,Antihemoroid Suppo (KF) 10's,Dus,J52025W / Okt-27,2," 47,300 ",," 94,600 "," 976,415 "," 107,406 "," 1,083,821 ",Penjualan,ANGGA,
15/07/2026,INV.KMS.2602396,DK00292,APOTEK PINTU DUA,NP000301,NP00030,,1,2,0,Metronidazole 500 mg (Nova) 100's,Dus,2507-111-29 / Jul-27,2," 30,188 ",," 60,376 ",, - , - ,Penjualan,ANGGA,
15/07/2026,INV.KMS.2602396,DK00292,APOTEK PINTU DUA,PZ000011,PZ00001,,1,2,0,Ponstan 500 mg Tab 100's,Dus,MR0822 / Jun-27,1," 276,949 ",," 276,949 ",, - , - ,Penjualan,ANGGA,
15/07/2026,INV.KMS.2602396,DK00292,APOTEK PINTU DUA,MC000071,MC00007,,1,2,0,Neurobion 5000 Injeksi 20's,Dus,5349D14352 / Des-27,1," 360,238 ",," 360,238 ",, - , - ,Penjualan,ANGGA,
15/07/2026,INV.KMS.2602396,DK00292,APOTEK PINTU DUA,DV000471,DV00047,,1,2,0,Degirol Tab 100's ,Dus,KX5A394 / Nov-29,1," 120,564 ",," 120,564 ",, - , - ,Penjualan,ANGGA,
15/07/2026,INV.KMS.2602396,DK00292,APOTEK PINTU DUA,DV000041,DV00004,,1,2,0,Vicee Orange Tab 100's,Dus,LX5A121 / Jan-28,1," 63,688 ",," 63,688 ",, - , - ,Penjualan,ANGGA,
15/07/2026,INV.KMS.2602397,DK00292,APOTEK PINTU DUA,HF000021,HF00002,,1,2,Mengandung Prekursor,Hufagripp BP Sirup 60 ml,Botol,A800276 / Apr-30,15," 19,019 ",," 285,285 "," 285,285 "," 31,381 "," 316,666 ",Penjualan,ANGGA,
15/07/2026,INV.KMS.2602397,DK00292,APOTEK PINTU DUA,HF000021,HF00002,,1,2,Mengandung Prekursor,Hufagripp BP Sirup 60 ml,Botol,A800276 / Apr-30,1," 19,019 ",100, - ,, - , - ,Penjualan,ANGGA,
15/07/2026,02G26I02103,RL00025,PT. Reski Laifasto,PM000051,PM00005,,1,1,0,Cetirizine HCl 10 mg (PIM) 100's,Dus,80506002 / Jun-29,30," 28,500 ",," 855,000 "," 10,861,632 "," 1,194,780 "," 12,056,412 ",Barang Masuk,APJ,
15/07/2026,02G26I02103,RL00025,PT. Reski Laifasto,PM000082,PM00008,,2,1,0,CTM Tab (PIM) 288's,Pack,09512103 / Des-30,66," 19,084 ",," 1,259,544 ",, - , - ,Barang Masuk,APJ,
15/07/2026,02G26I02103,RL00025,PT. Reski Laifasto,PM000022,PM00002,,2,1,0,Parasetamol 500 mg (PIM) 100's,Dus,05601104 / Jan-30,64," 20,900 ",," 1,337,600 ",, - , - ,Barang Masuk,APJ,
15/07/2026,02G26I02103,RL00025,PT. Reski Laifasto,PM000023,PM00002,,3,1,0,Parasetamol 500 mg (PIM) 100's,Dus,05601105 / Jan-30,296," 20,900 ",," 6,186,400 ",, - , - ,Barang Masuk,APJ,
15/07/2026,02G26I02103,RL00025,PT. Reski Laifasto,PM000043,PM00004,,3,1,0,Paracetamol Sirup Rasa Strawberry (PIM) 60 ml,Botol,64602023 / Aug-28,192," 4,000 ",," 768,000 ",, - , - ,Barang Masuk,APJ,
15/07/2026,02G26I02103,RL00025,PT. Reski Laifasto,PM000044,PM00004,,4,1,0,Paracetamol Sirup Rasa Strawberry (PIM) 60 ml,Botol,64602025 / Aug-28,48," 4,000 ",," 192,000 ",, - , - ,Barang Masuk,APJ,
15/07/2026,02G26I02103,RL00025,PT. Reski Laifasto,PM000111,PM00011,,1,1,0,Antalgin Tab (PIM) 100's,Dus,82506001 / Jan-29,12," 21,924 ",," 263,088 ",, - , - ,Barang Masuk,APJ,
15/07/2026,02G26I02104,RL00025,PT. Reski Laifasto,PM000032,PM00003,,2,1,Mengandung Prekursor,Pim-Tra-Kol Sirup Cherry 60 ml,Botol,B3603009 / Mar-28,96," 13,789 ",," 1,323,744 "," 3,971,232 "," 436,836 "," 4,408,068 ",Barang Masuk,APJ,
15/07/2026,02G26I02104,RL00025,PT. Reski Laifasto,PM000011,PM00001,,1,1,Mengandung Prekursor,Pim-Tra-Kol Sirup Lemon 60 ml,Botol,B1602011 / Feb-28,192," 13,789 ",," 2,647,488 ",, - , - ,Barang Masuk,APJ,
15/07/2026,INV.KMS.2602398,DK00446,APOTEK RUMAISHA HUSADA,NU000011,NU00001,,1,2,0,Cetirizine HCl 10 mg (Nulab) 100's,Dus,2601180 / Jan-28,2," 28,500 ",," 57,000 "," 657,598 "," 72,336 "," 729,934 ",Penjualan,ANGGA,
15/07/2026,INV.KMS.2602398,DK00446,APOTEK RUMAISHA HUSADA,EP000031,EP00003,,1,2,0,MKP (Cap Lang) 120 ml ,Botol,PN00108 / Nov-30,5," 42,840 ",," 214,200 ",, - , - ,Penjualan,ANGGA,
15/07/2026,INV.KMS.2602398,DK00446,APOTEK RUMAISHA HUSADA,IF000241,IF00024,,1,2,0,Farsifen 400 mg 100's,Dus,CL0E8 / Jun-30,2," 44,725 ",," 89,450 ",, - , - ,Penjualan,ANGGA,
15/07/2026,INV.KMS.2602398,DK00446,APOTEK RUMAISHA HUSADA,NU000043,NU00004,,3,2,0,Omeprazole 20 mg (Nulab) 100's,Dus,2604077 / Apr-28,1," 37,000 ",," 37,000 ",, - , - ,Penjualan,ANGGA,
15/07/2026,INV.KMS.2602398,DK00446,APOTEK RUMAISHA HUSADA,NU000042,NU00004,,2,2,0,Omeprazole 20 mg (Nulab) 100's,Dus,2604055 / Apr-28,1," 37,000 ",," 37,000 ",, - , - ,Penjualan,ANGGA,
15/07/2026,INV.KMS.2602398,DK00446,APOTEK RUMAISHA HUSADA,HJ000101,HJ00010,,1,2,0,Ranitidine HCl 150 mg (HJ) NEW 200's,Dus,HTRNTC55639 / Sep-27,2," 42,500 ",," 85,000 ",, - , - ,Penjualan,ANGGA,
15/07/2026,INV.KMS.2602398,DK00446,APOTEK RUMAISHA HUSADA,SM000012,SM00001,,2,2,0,Tolak Angin Cair 12's,Dus,EL50043 / Jan-28,2," 43,974 ",," 87,948 ",, - , - ,Penjualan,ANGGA,
15/07/2026,INV.KMS.2602398,DK00446,APOTEK RUMAISHA HUSADA,NP000351,NP00035,,1,2,0,Simvastatin 20 mg (Nova) 100's,Dus,2509-13-335 / Sep-27,2," 25,000 ",," 50,000 ",, - , - ,Penjualan,ANGGA,
15/07/2026,INV.KMS.2602398,DK00446,APOTEK RUMAISHA HUSADA,KF001431,KF00143,,1,2,Generik,Ketoconazole 2% Krim (KF) 10g @25 Tube,Dus,B60247W / Feb-28,2," 127,500 ",," 255,000 ",, - , - ,Penjualan,ANGGA,
15/07/2026,INV.KMS.2602398,DK00446,APOTEK RUMAISHA HUSADA,KF001431,KF00143,,1,2,Generik,Ketoconazole 2% Krim (KF) 10g @25 Tube,Dus,B60247W / Feb-28,-2," 127,500 ",," (255,000)"," (255,000)"," (28,050)"," (283,050)",Penjualan,ANGGA,
15/07/2026,INV.KMS.2602399,DK00446,APOTEK RUMAISHA HUSADA,NP000431,NP00043,,1,2,0,Mefenamic Acid 500 mg (Nova) 100's,Dus,2604-10-120 / Apr-28,2," 25,000 ",," 50,000 "," 704,968 "," 77,546 "," 782,514 ",Penjualan,ANGGA,
15/07/2026,INV.KMS.2602399,DK00446,APOTEK RUMAISHA HUSADA,SL000061,SL00006,,1,2,0,Allopurinol 100 mg (SLF) 100's ,Dus,61070 / Jan-28,2," 23,000 ",," 46,000 ",, - , - ,Penjualan,ANGGA,
15/07/2026,INV.KMS.2602399,DK00446,APOTEK RUMAISHA HUSADA,SL000071,SL00007,,1,2,0,Antasida DOEN (SLF) 100's,Dus,52709 / Mei-28,2," 19,145 ",," 38,290 ",, - , - ,Penjualan,ANGGA,
15/07/2026,INV.KMS.2602399,DK00446,APOTEK RUMAISHA HUSADA,EL000062,EL00006,,2,2,0,Antasida Suspensi (Erela) 60 ml ,Botol,S.2361104 / Mei-28,5," 5,000 ",," 25,000 ",, - , - ,Penjualan,ANGGA,
15/07/2026,INV.KMS.2602399,DK00446,APOTEK RUMAISHA HUSADA,PM000021,PM00002,,1,2,0,Parasetamol 500 mg (PIM) 100's,Dus,05603134 / Mar-30,3," 20,900 ",," 62,700 ",, - , - ,Penjualan,ANGGA,
15/07/2026,INV.KMS.2602399,DK00446,APOTEK RUMAISHA HUSADA,TW000022,TW00002,,2,2,0,Tawon Minyak Gosok DD 30 ml,Botol,24121 / Des-29,5," 31,058 ",," 155,290 ",, - , - ,Penjualan,ANGGA,
15/07/2026,INV.KMS.2602399,DK00446,APOTEK RUMAISHA HUSADA,CC000091,CC00009,,1,2,0,Herocyn 150 gr,Pcs,26DD072 / Apr-30,5," 15,300 ",," 76,500 ",, - , - ,Penjualan,ANGGA,
15/07/2026,INV.KMS.2602399,DK00446,APOTEK RUMAISHA HUSADA,CC000081,CC00008,,1,2,0,Herocyn 85 gr,Pcs,26BD029 / Feb-30,5," 11,000 ",," 55,000 ",, - , - ,Penjualan,ANGGA,
15/07/2026,INV.KMS.2602399,DK00446,APOTEK RUMAISHA HUSADA,SH000011,SH00001,,1,2,0,Imbost Force Kaplet 30's ,Dus,26A0100 / Feb-28,1," 196,188 ",," 196,188 ",, - , - ,Penjualan,ANGGA,
16/07/2026,INV.KMS.2602400,DK00446,APOTEK RUMAISHA HUSADA,KF000321,KF00032,,1,2,Generik,Simvastatin 10 mg (KF) 50's,Dus,E50674N / Mei-27,2," 17,000 ",15," 28,900 "," 28,900 "," 3,179 "," 32,079 ",Penjualan,ANGGA,
16/07/2026,INV.KMS.2602401,DK00446,APOTEK RUMAISHA HUSADA,RM000121,RM00012,,1,2,0,Amlodipine Besilate 10 mg (Rama) 100's,Dus,T12005BE / Des-27,2," 15,554 ",," 31,108 "," 71,104 "," 7,821 "," 78,925 ",Penjualan,ANGGA,
16/07/2026,INV.KMS.2602401,DK00446,APOTEK RUMAISHA HUSADA,RM000151,RM00015,,1,2,0,Amlodipine Besilate 5 mg (Rama) 100's,Dus,T01160BF / Feb-29,3," 13,332 ",," 39,996 ",, - , - ,Penjualan,ANGGA,
16/07/2026,INV.KMS.2602402,DK00074,APOTIK JERIC FARMA,TM000121,TM00012,,1,2,0,Vitamin B Complex IPI 45's,Botol,050416 / Mei-28,12," 5,785 ",," 69,420 "," 260,310 "," 28,634 "," 288,944 ",Penjualan,SYARIF,
16/07/2026,INV.KMS.2602402,DK00074,APOTIK JERIC FARMA,PH000051,PH00005,,1,2,0,Proris Forte Suspensi 50 ml ,Dus,D6B693A / Feb-28,2," 29,484 ",," 58,968 ",, - , - ,Penjualan,SYARIF,
16/07/2026,INV.KMS.2602402,DK00074,APOTIK JERIC FARMA,SM000012,SM00001,,2,2,0,Tolak Angin Cair 12's,Dus,EL50043 / Jan-28,3," 43,974 ",," 131,922 ",, - , - ,Penjualan,SYARIF,
16/07/2026,INV.KMS.2602403,DK00336,RSIA CAHAYA MEDIKA,AF000121,AF00012,,1,2,0,Calcium Lactate 500 mg (AFI) 100's,Dus,A50615 / Feb-29,21," 21,708 ",," 455,868 "," 754,752 "," 83,023 "," 837,775 ",Penjualan,ANGGA,
16/07/2026,INV.KMS.2602403,DK00336,RSIA CAHAYA MEDIKA,AF000122,AF00012,,2,2,0,Calcium Lactate 500 mg (AFI) 100's,Dus,A50616 / Feb-29,9," 21,708 ",," 195,372 ",, - , - ,Penjualan,ANGGA,
16/07/2026,INV.KMS.2602403,DK00336,RSIA CAHAYA MEDIKA,KF001401,KF00140,,1,2,Generik,Miconazole 2% Krim (KF) 10g @24 Tube,Dus,L52663W / Des-28,1," 103,512 ",," 103,512 ",, - , - ,Penjualan,ANGGA,
16/07/2026,INV.KMS.2602404,DK00430,APOTEK AORTA ,NC000031,NC00003,,1,2,0,Bedak Salicyl Menthol (Nellco) 60gr,Pot,8026003 / Jun-30,4," 7,150 ",," 28,600 "," 266,854 "," 29,354 "," 296,208 ",Penjualan,SYARIF,
16/07/2026,INV.KMS.2602404,DK00430,APOTEK AORTA ,SE000011,SE00001,,1,2,0,Plossa Eucalyptus 10 ml,Pcs,001D6 / Apr-28,6," 10,000 ",," 60,000 ",, - , - ,Penjualan,SYARIF,
16/07/2026,INV.KMS.2602404,DK00430,APOTEK AORTA ,DV000391,DV00039,,1,2,0,Natur E White 16's ,Dus,5EF1243 / Jun-27,2," 44,802 ",3," 86,916 ",, - , - ,Penjualan,SYARIF,
16/07/2026,INV.KMS.2602404,DK00430,APOTEK AORTA ,DV000392,DV00039,,2,2,0,Natur E White 16's ,Dus,5EJ2076 / Okt-27,1," 44,802 ",3," 43,458 ",, - , - ,Penjualan,SYARIF,
16/07/2026,INV.KMS.2602404,DK00430,APOTEK AORTA ,BM000021,BM00002,,1,2,0,MBK Putih 12's,Dus,Q106EPPS / Mei-33,2," 23,940 ",," 47,880 ",, - , - ,Penjualan,SYARIF,
16/07/2026,INV.KMS.2602405,DK00430,APOTEK AORTA ,HF000021,HF00002,,1,2,Mengandung Prekursor,Hufagripp BP Sirup 60 ml,Botol,A800276 / Apr-30,3," 19,019 ",," 57,057 "," 223,996 "," 24,640 "," 248,636 ",Penjualan,SYARIF,
16/07/2026,INV.KMS.2602405,DK00430,APOTEK AORTA ,DV000361,DV00036,,1,2,Mengandung Prekursor,Decolsin Caps 100's,Dus,25035002 / Mar-28,1," 73,439 ",," 73,439 ",, - , - ,Penjualan,SYARIF,
16/07/2026,INV.KMS.2602405,DK00430,APOTEK AORTA ,CC000051,CC00005,,1,2,Mengandung Prekursor,Demacolin Tab 100's,Dus,26AA042 / Jan-30,2," 46,750 ",," 93,500 ",, - , - ,Penjualan,SYARIF,
16/07/2026,INV.KMS.2602406,DK00220,APOTIK SUMBER REJEKI,HF000042,HF00004,,2,2,Mengandung Prekursor,Hufagripp Pilek Sirup 60 ml,Botol,C600345 / Des-28,15," 15,816 ",," 237,240 "," 237,240 "," 26,096 "," 263,336 ",Penjualan,ANGGA,
16/07/2026,INV.KMS.2602406,DK00220,APOTIK SUMBER REJEKI,HF000042,HF00004,,2,2,Mengandung Prekursor,Hufagripp Pilek Sirup 60 ml,Botol,C600345 / Des-28,1," 15,816 ",100, - ,, - , - ,Penjualan,ANGGA,
16/07/2026,INV.KMS.2602407,DK00115,APOTEK IRSAF,DV000481,DV00048,,1,2,Mengandung Prekursor,Paratusin DMP Sirup 60 ml,Botol,6FC0514 / Mar-28,2," 33,000 ",," 66,000 "," 134,907 "," 14,840 "," 149,747 ",Penjualan,ANGGA,
16/07/2026,INV.KMS.2602407,DK00115,APOTEK IRSAF,GS000131,GS00013,,1,2,Mengandung Prekursor,Actifed Plus Cough Suppressant 25 ml,Dus,T95H / Des-28,1," 22,969 ",," 22,969 ",, - , - ,Penjualan,ANGGA,
16/07/2026,INV.KMS.2602407,DK00115,APOTEK IRSAF,GS000171,GS00017,,1,2,Mengandung Prekursor,Actifed Plus Expectorant 25 ml,Dus,MP5E / Okt-28,2," 22,969 ",," 45,938 ",, - , - ,Penjualan,ANGGA,
16/07/2026,INV.KMS.2602408,DK00266,APOTEK KARTINI,KF000332,KF00033,,2,2,OTC,Asifit Kaplet-Blister 30's,Dus,I51472N / Sep-27,10," 61,640 ",," 616,400 "," 616,400 "," 67,804 "," 684,204 ",Penjualan,ANGGA,
16/07/2026,INV.KMS.2602409,DK00222,APOTEK K-24 TODDOPULI,DV000471,DV00047,,1,2,0,Degirol Tab 100's ,Dus,KX5A394 / Nov-29,2," 120,564 ",," 241,128 "," 530,370 "," 58,341 "," 588,711 ",Penjualan,SYARIF,
16/07/2026,INV.KMS.2602409,DK00222,APOTEK K-24 TODDOPULI,DV000041,DV00004,,1,2,0,Vicee Orange Tab 100's,Dus,LX5A121 / Jan-28,2," 63,688 ",," 127,376 ",, - , - ,Penjualan,SYARIF,
16/07/2026,INV.KMS.2602409,DK00222,APOTEK K-24 TODDOPULI,IF000192,IF00019,,2,2,0,Dohixat 100 mg Cap 100's,Dus,BU023 / Apr-28,2," 49,000 ",," 98,000 ",, - , - ,Penjualan,SYARIF,
16/07/2026,INV.KMS.2602409,DK00222,APOTEK K-24 TODDOPULI,EP000102,EP00010,,2,2,0,GPU Cair Sereh 30 ml,Botol,HR02805 / Mar-31,2," 9,933 ",," 19,866 ",, - , - ,Penjualan,SYARIF,
16/07/2026,INV.KMS.2602409,DK00222,APOTEK K-24 TODDOPULI,CC000081,CC00008,,1,2,0,Herocyn 85 gr,Pcs,26BD029 / Feb-30,4," 11,000 ",," 44,000 ",, - , - ,Penjualan,SYARIF,
16/07/2026,INV.KMS.2602410,DK00446,APOTEK RUMAISHA HUSADA,RM000121,RM00012,,1,2,0,Amlodipine Besilate 10 mg (Rama) 100's,Dus,T12005BE / Des-27,2," 15,554 ",," 31,108 "," 467,981 "," 51,478 "," 519,459 ",Penjualan,ANGGA,
16/07/2026,INV.KMS.2602410,DK00446,APOTEK RUMAISHA HUSADA,NU000011,NU00001,,1,2,0,Cetirizine HCl 10 mg (Nulab) 100's,Dus,2601180 / Jan-28,2," 28,500 ",," 57,000 ",, - , - ,Penjualan,ANGGA,
16/07/2026,INV.KMS.2602410,DK00446,APOTEK RUMAISHA HUSADA,IF000241,IF00024,,1,2,0,Farsifen 400 mg 100's,Dus,CL0E8 / Jun-30,1," 44,725 ",," 44,725 ",, - , - ,Penjualan,ANGGA,
16/07/2026,INV.KMS.2602410,DK00446,APOTEK RUMAISHA HUSADA,NU000042,NU00004,,2,2,0,Omeprazole 20 mg (Nulab) 100's,Dus,2604055 / Apr-28,1," 37,000 ",," 37,000 ",, - , - ,Penjualan,ANGGA,
16/07/2026,INV.KMS.2602410,DK00446,APOTEK RUMAISHA HUSADA,HJ000102,HJ00010,,2,2,0,Ranitidine HCl 150 mg (HJ) NEW 200's,Dus,TRNTC56718 / Nov-27,1," 42,500 ",," 42,500 ",, - , - ,Penjualan,ANGGA,
16/07/2026,INV.KMS.2602410,DK00446,APOTEK RUMAISHA HUSADA,SM000012,SM00001,,2,2,0,Tolak Angin Cair 12's,Dus,EL50043 / Jan-28,3," 43,974 ",," 131,922 ",, - , - ,Penjualan,ANGGA,
16/07/2026,INV.KMS.2602410,DK00446,APOTEK RUMAISHA HUSADA,DX000031,DX00003,,1,2,0,Ketoconazole 200 mg (Dexa) 50's,Dus,4551070 / Mei-28,2," 28,463 ",," 56,926 ",, - , - ,Penjualan,ANGGA,
16/07/2026,INV.KMS.2602410,DK00446,APOTEK RUMAISHA HUSADA,NP000431,NP00043,,1,2,0,Mefenamic Acid 500 mg (Nova) 100's,Dus,2604-10-120 / Apr-28,1," 25,000 ",," 25,000 ",, - , - ,Penjualan,ANGGA,
16/07/2026,INV.KMS.2602410,DK00446,APOTEK RUMAISHA HUSADA,PM000021,PM00002,,1,2,0,Parasetamol 500 mg (PIM) 100's,Dus,05603134 / Mar-30,2," 20,900 ",," 41,800 ",, - , - ,Penjualan,ANGGA,
16/07/2026,INV.KMS.2602411,DK00446,APOTEK RUMAISHA HUSADA,SL000061,SL00006,,1,2,0,Allopurinol 100 mg (SLF) 100's ,Dus,61070 / Jan-28,1," 23,000 ",," 23,000 "," 621,261 "," 68,339 "," 689,600 ",Penjualan,ANGGA,
16/07/2026,INV.KMS.2602411,DK00446,APOTEK RUMAISHA HUSADA,SL000101,SL00010,,1,2,0,Allopurinol 300 mg (SLF) 100's,Dus,52882 / Mei-28,1," 45,000 ",," 45,000 ",, - , - ,Penjualan,ANGGA,
16/07/2026,INV.KMS.2602411,DK00446,APOTEK RUMAISHA HUSADA,TR000041,TR00004,,1,2,0,Antasida DOEN (Triman) 100's,Dus,A26086 / Jan-29,1," 19,145 ",," 19,145 ",, - , - ,Penjualan,ANGGA,
16/07/2026,INV.KMS.2602411,DK00446,APOTEK RUMAISHA HUSADA,EL000062,EL00006,,2,2,0,Antasida Suspensi (Erela) 60 ml ,Botol,S.2361104 / Mei-28,5," 5,000 ",," 25,000 ",, - , - ,Penjualan,ANGGA,
16/07/2026,INV.KMS.2602411,DK00446,APOTEK RUMAISHA HUSADA,ME000051,ME00005,,1,2,0,"Dexamethasone 0,5 mg (MEF) 200's",Dus,1508527 / Aug-30,3," 30,000 ",," 90,000 ",, - , - ,Penjualan,ANGGA,
16/07/2026,INV.KMS.2602411,DK00446,APOTEK RUMAISHA HUSADA,GL000021,GL00002,,1,2,0,Caladine Lotion 60 ml,Botol,A26002 / Jan-28,5," 15,845 ",," 79,225 ",, - , - ,Penjualan,ANGGA,
16/07/2026,INV.KMS.2602411,DK00446,APOTEK RUMAISHA HUSADA,GL000031,GL00003,,1,2,0,Caladine Lotion 95 ml,Botol,I25009 / Sep-27,3," 22,302 ",," 66,906 ",, - , - ,Penjualan,ANGGA,
16/07/2026,INV.KMS.2602411,DK00446,APOTEK RUMAISHA HUSADA,MC000041,MC00004,,1,2,0,Neurobion Forte Tab 50's,Dus,L0770787 / Feb-28,1," 206,605 ",," 206,605 ",, - , - ,Penjualan,ANGGA,
16/07/2026,INV.KMS.2602411,DK00446,APOTEK RUMAISHA HUSADA,KF001441,KF00144,,1,2,Generik,"Gentamicin Sulfate 0,1% Krim (KF) 5g @10 Tube",Dus,C60526W / Mar-28,2," 33,190 ",," 66,380 ",, - , - ,Penjualan,ANGGA,
16/07/2026,INV.KMS.2602412,DK00446,APOTEK RUMAISHA HUSADA,KF000321,KF00032,,1,2,Generik,Simvastatin 10 mg (KF) 50's,Dus,E50674N / Mei-27,1," 17,000 ",15," 14,450 "," 14,450 "," 1,590 "," 16,040 ",Penjualan,ANGGA,
16/07/2026,INV.KMS.2602413,DK00165,APOTEK ORLANDO FARMA,SR000021,SR00002,,1,2,0,Ringer Lactate Infus (Satoria) 500 ml,Botol,2D1A6E036 / Mei-28,40," 8,602 ",," 344,080 "," 344,080 "," 37,849 "," 381,929 ",Penjualan,ANGGA,
17/07/2026,INV.KMS.2602414,DK00554,APOTEK GUNUNG SARI MEDICAL KLINIK,GS000031,GS00003,,1,2,0,Panadol Kaplet 100's,Dus,B28A / Mei-28,1," 100,734 ",," 100,734 "," 357,643 "," 39,341 "," 396,984 ",Penjualan,SYARIF,
17/07/2026,INV.KMS.2602414,DK00554,APOTEK GUNUNG SARI MEDICAL KLINIK,GS000041,GS00004,,1,2,0,Panadol Extra 100's,Dus,JE4W / Aug-28,1," 110,931 ",," 110,931 ",, - , - ,Penjualan,SYARIF,
17/07/2026,INV.KMS.2602414,DK00554,APOTEK GUNUNG SARI MEDICAL KLINIK,TM000161,TM00016,,1,2,0,Bodrex Migra Kaplet 100's,Dus,021866 / Feb-29,1," 55,693 ",," 55,693 ",, - , - ,Penjualan,SYARIF,
17/07/2026,INV.KMS.2602414,DK00554,APOTEK GUNUNG SARI MEDICAL KLINIK,DV000251,DV00025,,1,2,0,New Diatabs Tab 100's ,Dus,25145102 / Sep-27,1," 64,479 ",," 64,479 ",, - , - ,Penjualan,SYARIF,
17/07/2026,INV.KMS.2602414,DK00554,APOTEK GUNUNG SARI MEDICAL KLINIK,SR000021,SR00002,,1,2,0,Ringer Lactate Infus (Satoria) 500 ml,Botol,2D1A6E036 / Mei-28,3," 8,602 ",," 25,806 ",, - , - ,Penjualan,SYARIF,
17/07/2026,INV.KMS.2602415,DK00333,APOTEK ANUGERAH SEJATI ,GS000181,GS00018,,1,2,0,Scott's Emulsion Original 400 ml,Botol ,6OB001 / Feb-28,1," 76,323 ",," 76,323 "," 201,821 "," 22,200 "," 224,021 ",Penjualan,SYARIF,
17/07/2026,INV.KMS.2602415,DK00333,APOTEK ANUGERAH SEJATI ,SG000021,SG00002,,1,2,0,Cessa BABY Merah Fedrop EO 8 ml,Pcs,T202GBZ / Feb-29,2," 27,749 ",," 55,498 ",, - , - ,Penjualan,SYARIF,
17/07/2026,INV.KMS.2602415,DK00333,APOTEK ANUGERAH SEJATI ,KF001071,KF00107,,1,2,Generik,Glimepiride 2 mg (KF) 50's,Dus,I32267J / Sep-27,2," 35,000 ",," 70,000 ",, - , - ,Penjualan,SYARIF,
17/07/2026,INV.KMS.2602416,DK00346,APOTEK DELIMA,CC000051,CC00005,,1,2,Mengandung Prekursor,Demacolin Tab 100's,Dus,26AA042 / Jan-30,3," 46,750 ",," 140,250 "," 140,250 "," 15,428 "," 155,678 ",Penjualan,ANGGA,
17/07/2026,INV.KMS.2602417,DK00416,APOTEK AVICENNA BTP,HF000012,HF00001,,2,2,Mengandung Prekursor,Hufagripp Flu & Batuk Sirup 60 ml,Botol,A900626 / Mar-29,15," 21,620 ",," 324,300 "," 324,300 "," 35,673 "," 359,973 ",Penjualan,ANGGA,
17/07/2026,INV.KMS.2602417,DK00416,APOTEK AVICENNA BTP,HF000012,HF00001,,2,2,Mengandung Prekursor,Hufagripp Flu & Batuk Sirup 60 ml,Botol,A900626 / Mar-29,1," 21,620 ",100, - ,, - , - ,Penjualan,ANGGA,
17/07/2026,INV.KMS.2602418,DK00416,APOTEK AVICENNA BTP,CC000051,CC00005,,1,2,Mengandung Prekursor,Demacolin Tab 100's,Dus,26AA042 / Jan-30,2," 46,750 ",," 93,500 "," 93,500 "," 10,285 "," 103,785 ",Penjualan,ANGGA,
17/07/2026,INV.KMS.2602419,DK00294,APOTEK K-24 TAMALATE RAYA,TM000252,TM00025,,2,2,0,Vitamin D3 + K2 IPI 25's,Botol,051076 / Mei-28,12," 9,517 ",," 114,204 "," 516,202 "," 56,782 "," 572,984 ",Penjualan,SYARIF,
17/07/2026,INV.KMS.2602419,DK00294,APOTEK K-24 TAMALATE RAYA,PG000141,PG00014,,1,2,0,Baby Balm 20 gr,Pcs,5063C56707 / Feb-27,5," 23,253 ",," 116,265 ",, - , - ,Penjualan,SYARIF,
17/07/2026,INV.KMS.2602419,DK00294,APOTEK K-24 TAMALATE RAYA,NC000121,NC00012,,1,2,0,Tissue SuperMagic Man Casanova 60's,Pack,1224008T / Des-29,1," 100,422 ",," 100,422 ",, - , - ,Penjualan,SYARIF,
17/07/2026,INV.KMS.2602419,DK00294,APOTEK K-24 TAMALATE RAYA,TJ000021,TJ00002,,1,2,0,Madu TJ Murni 250 gr,Botol,25P09588 / Des-29,3," 31,000 ",," 93,000 ",, - , - ,Penjualan,SYARIF,
17/07/2026,INV.KMS.2602419,DK00294,APOTEK K-24 TAMALATE RAYA,KF000341,KF00034,,1,2,OTC,Batugin Elixir 120 ml,Botol,B60259N / Feb-28,2," 32,250 ",," 64,500 ",, - , - ,Penjualan,SYARIF,
17/07/2026,INV.KMS.2602419,DK00294,APOTEK K-24 TAMALATE RAYA,SL000161,SL00016,,1,2,0,Vitamin B6 10 mg (SLF) 100's,Dus,54186 / Nov-28,1," 14,720 ",," 14,720 ",, - , - ,Penjualan,SYARIF,
17/07/2026,INV.KMS.2602419,DK00294,APOTEK K-24 TAMALATE RAYA,SL000092,SL00009,,2,2,0,Prednisone 5 mg (SLF) 100's,Dus,61398 / Mar-29,1," 13,091 ",," 13,091 ",, - , - ,Penjualan,SYARIF,
17/07/2026,INV.KMS.2602420,DK00103,RUMAH SAKIT MITRA HUSADA,PM000041,PM00004,,1,2,0,Paracetamol Sirup Rasa Strawberry (PIM) 60 ml,Botol,64512006 / Jun-28,10," 4,000 ",," 40,000 "," 134,600 "," 14,806 "," 149,406 ",Penjualan,ANGGA,
17/07/2026,INV.KMS.2602420,DK00103,RUMAH SAKIT MITRA HUSADA,KF000061,KF00006,,1,2,Generik,Antihemoroid Suppo (KF) 10's,Dus,J52025W / Okt-27,2," 47,300 ",," 94,600 ",, - , - ,Penjualan,ANGGA,
18/07/2026,INV.KMS.2602421,DK00400,APOTEK RSU HIKMAH,DV000461,DV00046,,1,2,0,Aspilets Tab 100 mg 100's,Dus,JX5A200 / Okt-27,10," 64,000 ",2," 627,200 "," 627,200 "," 68,992 "," 696,192 ",Penjualan,SYARIF,
18/07/2026,INV.KMS.2602422,DK00333,APOTEK ANUGERAH SEJATI ,CC000051,CC00005,,1,2,Mengandung Prekursor,Demacolin Tab 100's,Dus,26AA042 / Jan-30,2," 46,750 ",," 93,500 "," 150,557 "," 16,561 "," 167,118 ",Penjualan,SYARIF,
18/07/2026,INV.KMS.2602422,DK00333,APOTEK ANUGERAH SEJATI ,HF000021,HF00002,,1,2,Mengandung Prekursor,Hufagripp BP Sirup 60 ml,Botol,A800276 / Apr-30,3," 19,019 ",," 57,057 ",, - , - ,Penjualan,SYARIF,
18/07/2026,INV.KMS.2602423,DK00333,APOTEK ANUGERAH SEJATI ,KF001401,KF00140,,1,2,Generik,Miconazole 2% Krim (KF) 10g @24 Tube,Dus,L52663W / Des-28,1," 103,512 ",," 103,512 "," 123,512 "," 13,586 "," 137,098 ",Penjualan,SYARIF,
18/07/2026,INV.KMS.2602423,DK00333,APOTEK ANUGERAH SEJATI ,HP000091,HP00009,,1,2,0,Cotrimoxazole Suspensi (Holi) 60 ml,Botol,2507058 / Jul-28,4," 5,000 ",," 20,000 ",, - , - ,Penjualan,SYARIF,
18/07/2026,INV.KMS.2602424,DK00248,APOTEK PAJJAIANG FARMA,BF000531,BF00053,,1,2,0,Amoxicillin 500 mg (Berno) 100's,Dus,TPF81054 / Mei-30,1," 70,000 ",35," 45,500 "," 194,023 "," 21,343 "," 215,366 ",Penjualan,ANGGA,
18/07/2026,INV.KMS.2602424,DK00248,APOTEK PAJJAIANG FARMA,SR000011,SR00001,,1,2,0,Dextrose 5% Infus (Satoria) 500 ml,Botol,2B1A6E001 / Mei-28,3," 7,780 ",," 23,340 ",, - , - ,Penjualan,ANGGA,
18/07/2026,INV.KMS.2602424,DK00248,APOTEK PAJJAIANG FARMA,EL000023,EL00002,,3,2,0,Erlamycetin Tetes Telinga 1% 10 ml,Botol,D0661008 / Feb-28 ,2," 12,500 ",," 25,000 ",, - , - ,Penjualan,ANGGA,
18/07/2026,INV.KMS.2602424,DK00248,APOTEK PAJJAIANG FARMA,SL000021,SL00002,,1,2,0,Ambroxol 30 mg (SLF) 100's,Dus,52867 / Mei-28,3," 20,631 ",," 61,893 ",, - , - ,Penjualan,ANGGA,
18/07/2026,INV.KMS.2602424,DK00248,APOTEK PAJJAIANG FARMA,SL000071,SL00007,,1,2,0,Antasida DOEN (SLF) 100's,Dus,52709 / Mei-28,2," 19,145 ",," 38,290 ",, - , - ,Penjualan,ANGGA,
18/07/2026,INV.KMS.2602425,DK00191,APOTIK PATTENE,PS000271,PS00027,,1,2,0,Antimo Tab Dewasa 720's,Dus,86002387 / Nov-30,1," 309,600 ",," 309,600 "," 309,600 "," 34,056 "," 343,656 ",Penjualan,ANGGA,
18/07/2026,INV.KMS.2602426,DK00191,APOTIK PATTENE,DV000231,DV00023,,1,2,0,Natur E Advanced Soft Caps 16's,Dus,6FB0429 / Feb-28,6," 36,658 ",3," 213,350 "," 913,606 "," 100,497 "," 1,014,103 ",Penjualan,ANGGA,
18/07/2026,INV.KMS.2602426,DK00191,APOTIK PATTENE,DV000241,DV00024,,1,2,0,Natur E Advanced Soft Caps 32's,Dus,5EG1588 / Aug-27,3," 69,319 ",3," 201,718 ",, - , - ,Penjualan,ANGGA,
18/07/2026,INV.KMS.2602426,DK00191,APOTIK PATTENE,DV000392,DV00039,,2,2,0,Natur E White 16's ,Dus,5EJ2076 / Okt-27,6," 44,802 ",3," 260,748 ",, - , - ,Penjualan,ANGGA,
18/07/2026,INV.KMS.2602426,DK00191,APOTIK PATTENE,DV000401,DV00040,,1,2,0,Natur E White 32's ,Dus,5EE1026 / Mei-27,3," 81,715 ",3," 237,791 ",, - , - ,Penjualan,ANGGA,
18/07/2026,INV.KMS.2602427,DK00191,APOTIK PATTENE,DV000481,DV00048,,1,2,Mengandung Prekursor,Paratusin DMP Sirup 60 ml,Botol,6FC0514 / Mar-28,6," 33,000 ",," 198,000 "," 198,000 "," 21,780 "," 219,780 ",Penjualan,ANGGA,
18/07/2026,INV.KMS.2602428,DK00520,APOTEK ASSYIFA MEDIKA 2,NP000241,NP00024,,1,2,0,Ibuprofen 200 mg (Nova) 100's,Dus,241201177 / Des-27,2," 23,575 ",," 47,150 "," 264,221 "," 29,064 "," 293,285 ",Penjualan,ANGGA,
18/07/2026,INV.KMS.2602428,DK00520,APOTEK ASSYIFA MEDIKA 2,EP000421,EP00042,,1,2,0,Kool Fever Dewasa 6's,Dus ,XXXXX / Jan-29,2," 44,418 ",," 88,836 ",, - , - ,Penjualan,ANGGA,
18/07/2026,INV.KMS.2602428,DK00520,APOTEK ASSYIFA MEDIKA 2,KF000481,KF00048,,1,2,OTC,Bedak Marcks Creme 40gr,Pot,H50579S / Aug-30,3," 18,165 ",," 54,495 ",, - , - ,Penjualan,ANGGA,
18/07/2026,INV.KMS.2602428,DK00520,APOTEK ASSYIFA MEDIKA 2,SE000051,SE00005,,1,2,0,Plossa Sarangheo Korean Cherry 10 ml,Pcs,028D6 / Apr-28,6," 12,290 ",," 73,740 ",, - , - ,Penjualan,ANGGA,
18/07/2026,INV.KMS.2602429,DK00248,APOTEK PAJJAIANG FARMA,CM000041,CM00004,,1,2,Mengandung Prekursor,OBHC Batuk Flu Jahe 100 ml,Botol,6OA160 / Jan-28,4," 21,179 ",," 84,716 "," 105,895 "," 11,648 "," 117,543 ",Penjualan,ANGGA,
18/07/2026,INV.KMS.2602429,DK00248,APOTEK PAJJAIANG FARMA,CM000061,CM00006,,1,2,Mengandung Prekursor,OBHC Batuk Flu Menthol 100 ml,Botol,6OB149 / Feb-28,1," 21,179 ",," 21,179 ",, - , - ,Penjualan,ANGGA,
18/07/2026,INV.KMS.2602430,DK00211,APOTEK WAHYUNI FARMA,US000071,US00007,,1,2,0,Hot in Cream Botol Strong 120 gr (Merah),Botol,26B01350 / Feb-29,3," 26,900 ",," 80,700 "," 235,242 "," 25,877 "," 261,119 ",Penjualan,SYARIF,
18/07/2026,INV.KMS.2602430,DK00211,APOTEK WAHYUNI FARMA,GS000162,GS00016,,2,2,0,Polident Flavour Free 60 gr,Pcs,CH4T / Jun-28,1," 77,271 ",," 77,271 ",, - , - ,Penjualan,SYARIF,
18/07/2026,INV.KMS.2602430,DK00211,APOTEK WAHYUNI FARMA,GS000201,GS00020,,1,2,0,Polident Adhesive Fresh Mint 60 gr,Pcs,BG5T / Mei-28,1," 77,271 ",," 77,271 ",, - , - ,Penjualan,SYARIF,
18/07/2026,INV.KMS.2602430,DK00211,APOTEK WAHYUNI FARMA,GS000201,GS00020,,1,2,0,Polident Adhesive Fresh Mint 60 gr,Pcs,BG5T / Mei-28,-1," 77,271 ",," (77,271)"," (77,271)"," (8,500)"," (85,771)",Penjualan,SYARIF,RETUR SALAH PESAN
18/07/2026,INV.KMS.2602431,DK00211,APOTEK WAHYUNI FARMA,CM000031,CM00003,,1,2,Mengandung Prekursor,OBHC Anak Strawberry 60 ml,Botol,6OC132 / Mar-28,2," 16,832 ",," 33,664 "," 107,102 "," 11,781 "," 118,883 ",Penjualan,SYARIF,
18/07/2026,INV.KMS.2602431,DK00211,APOTEK WAHYUNI FARMA,CM000051,CM00005,,1,2,Mengandung Prekursor,OBHC Batuk Flu Jahe 60 ml,Botol,6OA042 / Jan-28,2," 15,540 ",," 31,080 ",, - , - ,Penjualan,SYARIF,
18/07/2026,INV.KMS.2602431,DK00211,APOTEK WAHYUNI FARMA,CM000041,CM00004,,1,2,Mengandung Prekursor,OBHC Batuk Flu Jahe 100 ml,Botol,6OA160 / Jan-28,2," 21,179 ",," 42,358 ",, - , - ,Penjualan,SYARIF,
20/07/2026,INV.KMS.2602432,LK00057,APOTEK AFLAHAL BARRU,EL000023,EL00002,,3,2,0,Erlamycetin Tetes Telinga 1% 10 ml,Botol,D0661008 / Feb-28 ,3," 12,500 ",," 37,500 "," 240,720 "," 26,479 "," 267,199 ",Penjualan,ANGGA,
20/07/2026,INV.KMS.2602432,LK00057,APOTEK AFLAHAL BARRU,AF000231,AF00023,,1,2,0,Dun Salep Ichtiol (AFI) 15 g,Pot,C27608 / Mar-29,5," 7,500 ",," 37,500 ",, - , - ,Penjualan,ANGGA,
20/07/2026,INV.KMS.2602432,LK00057,APOTEK AFLAHAL BARRU,MF000031,MF00003,,1,2,0,Betadine Obat Kumur 100 ml,Botol,BB26040 / Jan-29,3," 23,063 ",," 69,189 ",, - , - ,Penjualan,ANGGA,
20/07/2026,INV.KMS.2602432,LK00057,APOTEK AFLAHAL BARRU,GS000191,GS00019,,1,2,0,Polident Adhesive Fresh Mint 20 gr,Pcs,J89L / Aug-28,3," 32,177 ",," 96,531 ",, - , - ,Penjualan,ANGGA,
20/07/2026,INV.KMS.2602433,LK00057,APOTEK AFLAHAL BARRU,HF000012,HF00001,,2,2,Mengandung Prekursor,Hufagripp Flu & Batuk Sirup 60 ml,Botol,A900626 / Mar-29,8," 21,620 ",," 172,960 "," 433,055 "," 47,636 "," 480,691 ",Penjualan,ANGGA,
20/07/2026,INV.KMS.2602433,LK00057,APOTEK AFLAHAL BARRU,HF000021,HF00002,,1,2,Mengandung Prekursor,Hufagripp BP Sirup 60 ml,Botol,A800276 / Apr-30,5," 19,019 ",," 95,095 ",, - , - ,Penjualan,ANGGA,
20/07/2026,INV.KMS.2602433,LK00057,APOTEK AFLAHAL BARRU,DV000481,DV00048,,1,2,Mengandung Prekursor,Paratusin DMP Sirup 60 ml,Botol,6FC0514 / Mar-28,5," 33,000 ",," 165,000 ",, - , - ,Penjualan,ANGGA,
20/07/2026,INV.KMS.2602434,DK00266,APOTEK KARTINI,SR000021,SR00002,,1,2,0,Ringer Lactate Infus (Satoria) 500 ml,Botol,2D1A6E036 / Mei-28,137," 8,602 ",," 1,178,474 "," 1,178,474 "," 129,632 "," 1,308,106 ",Penjualan,ANGGA,
20/07/2026,INV.KMS.2602435,DK00222,APOTEK K-24 TODDOPULI,EP000221,EP00022,,1,2,0,Balsem Lang 20 gr,Pcs,PD01053 / Sep-30,3," 9,030 ",," 27,090 "," 977,029 "," 107,473 "," 1,084,502 ",Penjualan,SYARIF,
20/07/2026,INV.KMS.2602435,DK00222,APOTEK K-24 TODDOPULI,EP000231,EP00023,,1,2,0,Balsem Lang 40 gr,Pcs,PK00754 / Apr-30,3," 17,640 ",," 52,920 ",, - , - ,Penjualan,SYARIF,
20/07/2026,INV.KMS.2602435,DK00222,APOTEK K-24 TODDOPULI,EP000301,EP00030,,1,2,0,Minyak Gandapura 60 ml,Botol,HM03604 / Jan-31,2," 13,923 ",," 27,846 ",, - , - ,Penjualan,SYARIF,
20/07/2026,INV.KMS.2602435,DK00222,APOTEK K-24 TODDOPULI,EP000031,EP00003,,1,2,0,MKP (Cap Lang) 120 ml ,Botol,PN00108 / Nov-30,12," 42,840 ",," 514,080 ",, - , - ,Penjualan,SYARIF,
20/07/2026,INV.KMS.2602435,DK00222,APOTEK K-24 TODDOPULI,GS000201,GS00020,,1,2,0,Polident Adhesive Fresh Mint 60 gr,Pcs,BG5T / Mei-28,3," 77,271 ",," 231,813 ",, - , - ,Penjualan,SYARIF,
20/07/2026,INV.KMS.2602435,DK00222,APOTEK K-24 TODDOPULI,KF000332,KF00033,,2,2,OTC,Asifit Kaplet-Blister 30's,Dus,I51472N / Sep-27,2," 61,640 ",," 123,280 ",, - , - ,Penjualan,SYARIF,
20/07/2026,INV.KMS.2602436,DK00333,APOTEK ANUGERAH SEJATI ,EP000461,EP00046,,1,2,0,MKP Bayi Lavender 60 ml,Botol,PN00509 / Nov-30,3," 13,335 ",," 40,005 "," 507,037 "," 55,774 "," 562,811 ",Penjualan,SYARIF,
20/07/2026,INV.KMS.2602436,DK00333,APOTEK ANUGERAH SEJATI ,EL000071,EL00007,,1,2,0,Ambroxol Sirup (Erela) 60 ml,Botol,S2960127 / Okt-27,6," 6,325 ",," 37,950 ",, - , - ,Penjualan,SYARIF,
20/07/2026,INV.KMS.2602436,DK00333,APOTEK ANUGERAH SEJATI ,BF000491,BF00049,,1,2,0,Cefixime Sirup (Berno) 30 ml,Botol,SKN48154 / Des-27,3," 12,000 ",," 36,000 ",, - , - ,Penjualan,SYARIF,
20/07/2026,INV.KMS.2602436,DK00333,APOTEK ANUGERAH SEJATI ,SG000062,SG00006,,2,2,0,Cessa KIDS Biru Happy Nose EO 8 ml,Pcs,T216MLY / Des-28,2," 24,775 ",," 49,550 ",, - , - ,Penjualan,SYARIF,
20/07/2026,INV.KMS.2602436,DK00333,APOTEK ANUGERAH SEJATI ,IF000231,IF00023,,1,2,0,Histigo 6 mg NEW 100's ,Dus,JC05N / Des-27,1," 50,000 ",," 50,000 ",, - , - ,Penjualan,SYARIF,
20/07/2026,INV.KMS.2602436,DK00333,APOTEK ANUGERAH SEJATI ,SL000151,SL00015,,1,2,0,Domperidone Maleat 10 mg (SLF) 100's,Dus,54960 / Okt-28,1," 17,250 ",," 17,250 ",, - , - ,Penjualan,SYARIF,
20/07/2026,INV.KMS.2602436,DK00333,APOTEK ANUGERAH SEJATI ,TM000011,TM00001,,1,2,0,My Baby M. Telon Plus 30 ml,Botol,0354126 / Mar-28,6," 7,979 ",," 47,874 ",, - , - ,Penjualan,SYARIF,
20/07/2026,INV.KMS.2602436,DK00333,APOTEK ANUGERAH SEJATI ,TM000261,TM00026,,1,2,0,Zinc IPI 45's,Botol,051026 / Mei-28,12," 9,517 ",," 114,204 ",, - , - ,Penjualan,SYARIF,
20/07/2026,INV.KMS.2602436,DK00333,APOTEK ANUGERAH SEJATI ,TM000252,TM00025,,2,2,0,Vitamin D3 + K2 IPI 25's,Botol,051076 / Mei-28,12," 9,517 ",," 114,204 ",, - , - ,Penjualan,SYARIF,
20/07/2026,INV.KMS.2602437,LK00063,APOTEK GANDAWATI,PS000321,PS00032,,1,2,0,Primaquine Phosphate 15 mg 100's,Dus,96386001 / Jan-28,15," 110,000 ",5," 1,567,500 "," 1,567,500 "," 172,425 "," 1,739,925 ",Penjualan,ANGGA,
20/07/2026,INV.KMS.2602438,DK00557,APOTEK K-24 BULU BULU,GS000011,GS00001,,1,2,Mengandung Prekursor,Actifed Plus Expectorant 60 ml,Dus,N46C / Okt-28,3," 56,330 ",," 168,990 "," 474,010 "," 52,141 "," 526,151 ",Penjualan,ANGGA,
20/07/2026,INV.KMS.2602438,DK00557,APOTEK K-24 BULU BULU,CM000021,CM00002,,1,2,Mengandung Prekursor,OBHC Anak Jeruk 60 ml,Botol,6OB028 / Feb-28,2," 16,832 ",," 33,664 ",, - , - ,Penjualan,ANGGA,
20/07/2026,INV.KMS.2602438,DK00557,APOTEK K-24 BULU BULU,PM000031,PM00003,,1,2,Mengandung Prekursor,Pim-Tra-Kol Sirup Cherry 60 ml,Botol,B3512005 / Des-27,2," 13,789 ",," 27,578 ",, - , - ,Penjualan,ANGGA,
20/07/2026,INV.KMS.2602438,DK00557,APOTEK K-24 BULU BULU,PM000011,PM00001,,1,2,Mengandung Prekursor,Pim-Tra-Kol Sirup Lemon 60 ml,Botol,B1602011 / Feb-28,2," 13,789 ",," 27,578 ",, - , - ,Penjualan,ANGGA,
20/07/2026,INV.KMS.2602438,DK00557,APOTEK K-24 BULU BULU,HF000012,HF00001,,2,2,Mengandung Prekursor,Hufagripp Flu & Batuk Sirup 60 ml,Botol,A900626 / Mar-29,10," 21,620 ",," 216,200 ",, - , - ,Penjualan,ANGGA,
20/07/2026,INV.KMS.2602439,DK00421,APOTEK JEDDAH,NC000031,NC00003,,1,2,0,Bedak Salicyl Menthol (Nellco) 60gr,Pot,8026003 / Jun-30,24," 7,150 ",," 171,600 "," 171,600 "," 18,876 "," 190,476 ",Penjualan,SYARIF,
20/07/2026,INV.KMS.2602440,DK00333,APOTEK ANUGERAH SEJATI ,US000161,US00016,,1,2,0,Hot in Cream Tube Aromatherapy 120 gr ,Tube,24F03822 / Jun-27,2," 30,000 ",," 60,000 "," 172,680 "," 18,995 "," 191,675 ",Penjualan,SYARIF,
20/07/2026,INV.KMS.2602440,DK00333,APOTEK ANUGERAH SEJATI ,US000151,US00015,,1,2,0,Hot in Cream Tube Aromatherapy 60 gr ,Tube,24F03834 / Jun-27,1," 18,000 ",," 18,000 ",, - , - ,Penjualan,SYARIF,
20/07/2026,INV.KMS.2602440,DK00333,APOTEK ANUGERAH SEJATI ,US000131,US00013,,1,2,0,Hot in Cream Tube 120 gr ,Tube,24F03852 / Jun-27,2," 30,000 ",," 60,000 ",, - , - ,Penjualan,SYARIF,
20/07/2026,INV.KMS.2602440,DK00333,APOTEK ANUGERAH SEJATI ,US000201,US00020,,1,2,0,Freshcare Vapobalm Matcha 10 gr,Pcs,26B00701 / Feb-29,3," 11,560 ",," 34,680 ",, - , - ,Penjualan,SYARIF,
20/07/2026,INV.KMS.2602441,DK00074,APOTIK JERIC FARMA,KF001431,KF00143,,1,2,Generik,Ketoconazole 2% Krim (KF) 10g @25 Tube,Dus,B60247W / Feb-28,2," 127,500 ",," 255,000 "," 255,000 "," 28,050 "," 283,050 ",Penjualan,SYARIF,
20/07/2026,INV.KMS.2602442,DK00074,APOTIK JERIC FARMA,BF000541,BF00054,,1,2,0,Biolysin Tab 100's,Dus,TSH79254 / Jul-28,1," 46,000 ",2," 45,080 "," 45,080 "," 4,959 "," 50,039 ",Penjualan,SYARIF,
20/07/2026,INV.KMS.2602443,DK00074,APOTIK JERIC FARMA,TM000151,TM00015,,1,2,OOT,Bodrex Flu Batuk Tidak Berdahak PE 100's,Dus,050135 / Apr-28,1," 50,845 ",," 50,845 "," 101,690 "," 11,186 "," 112,876 ",Penjualan,SYARIF,
20/07/2026,INV.KMS.2602443,DK00074,APOTIK JERIC FARMA,TM000152,TM00015,,2,2,OOT,Bodrex Flu Batuk Tidak Berdahak PE 100's,Dus,040016 / Mar-29,1," 50,845 ",," 50,845 ",, - , - ,Penjualan,SYARIF,
20/07/2026,INV.KMS.2602444,DK00242,APOTEK K-24 PALLANGGA,EP000241,EP00024,,1,2,0,Green Oil Herbal 3 ml,Pcs,PI00104 / Okt-30,5," 4,177 ",," 20,885 "," 255,004 "," 28,050 "," 283,054 ",Penjualan,SYARIF,
20/07/2026,INV.KMS.2602444,DK00242,APOTEK K-24 PALLANGGA,EP000242,EP00024,,2,2,0,Green Oil Herbal 3 ml,Pcs,PG00104 / Des-30,1," 4,177 ",," 4,177 ",, - , - ,Penjualan,SYARIF,
20/07/2026,INV.KMS.2602444,DK00242,APOTEK K-24 PALLANGGA,DV000241,DV00024,,1,2,0,Natur E Advanced Soft Caps 32's,Dus,5EG1588 / Aug-27,2," 69,319 ",," 138,638 ",, - , - ,Penjualan,SYARIF,
20/07/2026,INV.KMS.2602444,DK00242,APOTEK K-24 PALLANGGA,SM000021,SM00002,,1,2,0,Tolak Angin Permen Herbal Peppermint 75's,Dus,EL00028 / Mar-28,1," 29,768 ",," 29,768 ",, - , - ,Penjualan,SYARIF,
20/07/2026,INV.KMS.2602444,DK00242,APOTEK K-24 PALLANGGA,EP000401,EP00040,,1,2,0,Kool Fever Bayi 12's,Dus ,XXXXX / Sep-28,1," 61,536 ",," 61,536 ",, - , - ,Penjualan,SYARIF,
20/07/2026,INV.KMS.2602445,DK00430,APOTEK AORTA ,MC000011,MC00001,,1,2,0,Sangobion Caps 250's,Dus,L0792178 / Aug-27,1," 471,750 ",," 471,750 "," 471,750 "," 51,893 "," 523,643 ",Penjualan,SYARIF,
20/07/2026,INV.KMS.2602446,DK00228,APOTEK K-24 BTP TAMALANREA,KF000711,KF00071,,1,2,Ethical,Nitrokaf Retard (KF) 100's,Dus,J51732N / Okt-27,1," 264,450 ",," 264,450 "," 264,450 "," 29,090 "," 293,540 ",Penjualan,ANGGA,
21/07/2026,INV.KMS.2602447,DK00553,APOTEK BUNGA FARMA,DV000051,DV00005,,1,2,0,Silex Sirup 100 ml,Botol,VE1253 / Mei-27,2," 76,220 ",," 152,440 "," 152,440 "," 16,768 "," 169,208 ",Penjualan,ANGGA,
21/07/2026,INV.KMS.2602448,DK00553,APOTEK BUNGA FARMA,DV000441,DV00044,,1,2,Mengandung Prekursor,Decolgen FX Kaplet 100's,Dus,26014701 / Jan-29,1," 100,278 ",," 100,278 "," 100,278 "," 11,031 "," 111,309 ",Penjualan,ANGGA,
21/07/2026,INV.KMS.2602449,DK00553,APOTEK BUNGA FARMA,PG000071,PG00007,,1,2,OOT,Vicks Formula 44 Dewasa 54 ml,Botol,53286298A1 / Nov-27,5," 19,097 ",," 95,485 "," 95,485 "," 10,503 "," 105,988 ",Penjualan,ANGGA,
21/07/2026,INV.KMS.2602450,DK00346,APOTEK DELIMA,HF000012,HF00001,,2,2,Mengandung Prekursor,Hufagripp Flu & Batuk Sirup 60 ml,Botol,A900626 / Mar-29,15," 21,620 ",," 324,300 "," 497,841 "," 54,763 "," 552,604 ",Penjualan,ANGGA,
21/07/2026,INV.KMS.2602450,DK00346,APOTEK DELIMA,HF000012,HF00001,,2,2,Mengandung Prekursor,Hufagripp Flu & Batuk Sirup 60 ml,Botol,A900626 / Mar-29,1," 21,620 ",100, - ,, - , - ,Penjualan,ANGGA,
21/07/2026,INV.KMS.2602450,DK00346,APOTEK DELIMA,PM000011,PM00001,,1,2,Mengandung Prekursor,Pim-Tra-Kol Sirup Lemon 60 ml,Botol,B1602011 / Feb-28,7," 13,789 ",," 96,523 ",, - , - ,Penjualan,ANGGA,
21/07/2026,INV.KMS.2602450,DK00346,APOTEK DELIMA,CM000051,CM00005,,1,2,Mengandung Prekursor,OBHC Batuk Flu Jahe 60 ml,Botol,6OA042 / Jan-28,2," 15,540 ",," 31,080 ",, - , - ,Penjualan,ANGGA,
21/07/2026,INV.KMS.2602450,DK00346,APOTEK DELIMA,GS000131,GS00013,,1,2,Mengandung Prekursor,Actifed Plus Cough Suppressant 25 ml,Dus,T95H / Des-28,2," 22,969 ",," 45,938 ",, - , - ,Penjualan,ANGGA,
21/07/2026,INV.KMS.2602451,DK00346,APOTEK DELIMA,EP000021,EP00002,,1,2,0,MKP (Cap Lang) 60 ml ,Botol,HA00216 / Feb-31,4," 22,260 ",," 89,040 "," 826,199 "," 90,882 "," 917,081 ",Penjualan,ANGGA,
21/07/2026,INV.KMS.2602451,DK00346,APOTEK DELIMA,US000031,US00003,,1,2,0,Freshcare Smash Matcha Inhaler Roll On 8 ml,Pcs,26E03634 / Mei-29,8," 11,560 ",," 92,480 ",, - , - ,Penjualan,ANGGA,
21/07/2026,INV.KMS.2602451,DK00346,APOTEK DELIMA,TW000031,TW00003,,1,2,0,Tawon Minyak Gosok EE 60 ml,Botol,26012 / Jan-31,2," 50,350 ",," 100,700 ",, - , - ,Penjualan,ANGGA,
21/07/2026,INV.KMS.2602451,DK00346,APOTEK DELIMA,DV000031,DV00003,,1,2,0,Vicee Lemon Tab 100's,Dus,KX5A369 / Des-27,1," 63,688 ",," 63,688 ",, - , - ,Penjualan,ANGGA,
21/07/2026,INV.KMS.2602451,DK00346,APOTEK DELIMA,DV000041,DV00004,,1,2,0,Vicee Orange Tab 100's,Dus,LX5A121 / Jan-28,1," 63,688 ",," 63,688 ",, - , - ,Penjualan,ANGGA,
21/07/2026,INV.KMS.2602451,DK00346,APOTEK DELIMA,MC000101,MC00010,,1,2,0,Dolo-Neurobion Tab 100's,Dus,L0796255 / Aug-28,1," 235,170 ",," 235,170 ",, - , - ,Penjualan,ANGGA,
21/07/2026,INV.KMS.2602451,DK00346,APOTEK DELIMA,EP000141,EP00014,,1,2,0,Balsem Otot Geliga 20 gr,Pcs,HA02251 / Feb-31,7," 9,135 ",," 63,945 ",, - , - ,Penjualan,ANGGA,
21/07/2026,INV.KMS.2602451,DK00346,APOTEK DELIMA,US000071,US00007,,1,2,0,Hot in Cream Botol Strong 120 gr (Merah),Botol,26B01350 / Feb-29,2," 26,900 ",," 53,800 ",, - , - ,Penjualan,ANGGA,
21/07/2026,INV.KMS.2602451,DK00346,APOTEK DELIMA,DV000061,DV00006,,1,2,0,Vicee Grape Tab 100's,Dus,KX5A328 / Nov-27,1," 63,688 ",," 63,688 ",, - , - ,Penjualan,ANGGA,
21/07/2026,INV.KMS.2602452,DK00346,APOTEK DELIMA,PM000061,PM00006,,1,2,0,Pim-Tra-Kol Kids Sirup 60 ml,Botol,63506002 / Des-27,2," 12,075 ",," 24,150 "," 352,661 "," 38,793 "," 391,454 ",Penjualan,ANGGA,
21/07/2026,INV.KMS.2602452,DK00346,APOTEK DELIMA,SL000061,SL00006,,1,2,0,Allopurinol 100 mg (SLF) 100's ,Dus,61070 / Jan-28,1," 23,000 ",," 23,000 ",, - , - ,Penjualan,ANGGA,
21/07/2026,INV.KMS.2602452,DK00346,APOTEK DELIMA,EP000091,EP00009,,1,2,0,Balsem Aktiv 40 gr,Pcs,PE00554 / Mei-30,3," 15,225 ",," 45,675 ",, - , - ,Penjualan,ANGGA,
21/07/2026,INV.KMS.2602452,DK00346,APOTEK DELIMA,EP000092,EP00009,,2,2,0,Balsem Aktiv 40 gr,Pcs,PE00854 / Mei-30,2," 15,225 ",," 30,450 ",, - , - ,Penjualan,ANGGA,
21/07/2026,INV.KMS.2602452,DK00346,APOTEK DELIMA,IK000031,IK00003,,1,2,0,Lactulax Sirup 60 ml ,Botol,L25003A / Nov-27,1," 51,000 ",," 51,000 ",, - , - ,Penjualan,ANGGA,
21/07/2026,INV.KMS.2602452,DK00346,APOTEK DELIMA,EP000121,EP00012,,1,2,0,GPU Cair Sereh 100 ml,Botol,PD05805 / Sep-30,2," 25,410 ",," 50,820 ",, - , - ,Penjualan,ANGGA,
21/07/2026,INV.KMS.2602452,DK00346,APOTEK DELIMA,EP000412,EP00041,,2,2,0,Kool Fever Anak 12's,Dus ,XXXXX / Des-28,1," 80,640 ",," 80,640 ",, - , - ,Penjualan,ANGGA,
21/07/2026,INV.KMS.2602452,DK00346,APOTEK DELIMA,EP000292,EP00029,,2,2,0,Minyak Gandapura 30 ml,Botol,HR01204 / Mar-31,2," 8,463 ",," 16,926 ",, - , - ,Penjualan,ANGGA,
21/07/2026,INV.KMS.2602452,DK00346,APOTEK DELIMA,SE000041,SE00004,,1,2,0,Plossa Blue Mountain 10 ml,Pcs,020C6 / Mar-28,3," 10,000 ",," 30,000 ",, - , - ,Penjualan,ANGGA,
21/07/2026,INV.KMS.2602453,DK00346,APOTEK DELIMA,KF001441,KF00144,,1,2,Generik,"Gentamicin Sulfate 0,1% Krim (KF) 5g @10 Tube",Dus,C60526W / Mar-28,2," 33,190 ",," 66,380 "," 103,676 "," 11,404 "," 115,080 ",Penjualan,ANGGA,
21/07/2026,INV.KMS.2602453,DK00346,APOTEK DELIMA,EP000281,EP00028,,1,2,0,Norit Tab 40's ,Dus,PT00171 / Jun-30,2," 18,648 ",," 37,296 ",, - , - ,Penjualan,ANGGA,
21/07/2026,INV.KMS.2602454,DK00001,APOTEK AL VARAN FARMA,KF001441,KF00144,,1,2,Generik,"Gentamicin Sulfate 0,1% Krim (KF) 5g @10 Tube",Dus,C60526W / Mar-28,4," 33,190 ",," 132,760 "," 1,202,542 "," 132,280 "," 1,334,822 ",Penjualan,ANGGA,
21/07/2026,INV.KMS.2602454,DK00001,APOTEK AL VARAN FARMA,KF001421,KF00142,,1,2,Generik,"Betametason 0,1% Krim (KF) 5g @25 Tube",Dus,K52217W / Nov-27,4," 63,750 ",," 255,000 ",, - , - ,Penjualan,ANGGA,
21/07/2026,INV.KMS.2602454,DK00001,APOTEK AL VARAN FARMA,EP000412,EP00041,,2,2,0,Kool Fever Anak 12's,Dus ,XXXXX / Des-28,3," 80,640 ",," 241,920 ",, - , - ,Penjualan,ANGGA,
21/07/2026,INV.KMS.2602454,DK00001,APOTEK AL VARAN FARMA,EP000401,EP00040,,1,2,0,Kool Fever Bayi 12's,Dus ,XXXXX / Sep-28,3," 61,536 ",," 184,608 ",, - , - ,Penjualan,ANGGA,
21/07/2026,INV.KMS.2602454,DK00001,APOTEK AL VARAN FARMA,EP000421,EP00042,,1,2,0,Kool Fever Dewasa 6's,Dus ,XXXXX / Jan-29,3," 44,418 ",," 133,254 ",, - , - ,Penjualan,ANGGA,
21/07/2026,INV.KMS.2602454,DK00001,APOTEK AL VARAN FARMA,KF001431,KF00143,,1,2,Generik,Ketoconazole 2% Krim (KF) 10g @25 Tube,Dus,B60247W / Feb-28,2," 127,500 ",," 255,000 ",, - , - ,Penjualan,ANGGA,
21/07/2026,INV.KMS.2602455,DK00288,APOTEK TELEKOMEDIKA HEALTH CENTER RATULANGI,NP000381,NP00038,,1,2,0,Zinc Sulfate 20 mg (Nova) 100's,Dus,2512-06-350 / Des-27,2," 25,000 ",," 50,000 "," 219,625 "," 24,159 "," 243,784 ",Penjualan,SYARIF,
21/07/2026,INV.KMS.2602455,DK00288,APOTEK TELEKOMEDIKA HEALTH CENTER RATULANGI,ME000051,ME00005,,1,2,0,"Dexamethasone 0,5 mg (MEF) 200's",Dus,1508527 / Aug-30,1," 30,000 ",," 30,000 ",, - , - ,Penjualan,SYARIF,
21/07/2026,INV.KMS.2602455,DK00288,APOTEK TELEKOMEDIKA HEALTH CENTER RATULANGI,PM000101,PM00010,,1,2,0,Vitamin B Complex 180 mg (PIM) 100's,Dus,24604205 / Apr-28,1," 12,500 ",," 12,500 ",, - , - ,Penjualan,SYARIF,
21/07/2026,INV.KMS.2602455,DK00288,APOTEK TELEKOMEDIKA HEALTH CENTER RATULANGI,EX000051,EX00005,,1,2,0,Domperidone Sirup (Erlimpex) 60 ml,Botol,S.23260018 / Mar-28,5," 5,000 ",," 25,000 ",, - , - ,Penjualan,SYARIF,
21/07/2026,INV.KMS.2602455,DK00288,APOTEK TELEKOMEDIKA HEALTH CENTER RATULANGI,EL000071,EL00007,,1,2,0,Ambroxol Sirup (Erela) 60 ml,Botol,S2960127 / Okt-27,5," 6,325 ",," 31,625 ",, - , - ,Penjualan,SYARIF,
21/07/2026,INV.KMS.2602455,DK00288,APOTEK TELEKOMEDIKA HEALTH CENTER RATULANGI,MP000021,MP00002,,1,2,0,Zinc Sulfate Sirup (Mepro) 60 ml,Botol,E5L202 / Nov-27,3," 6,500 ",," 19,500 ",, - , - ,Penjualan,SYARIF,
21/07/2026,INV.KMS.2602455,DK00288,APOTEK TELEKOMEDIKA HEALTH CENTER RATULANGI,EL000062,EL00006,,2,2,0,Antasida Suspensi (Erela) 60 ml ,Botol,S.2361104 / Mei-28,3," 5,000 ",," 15,000 ",, - , - ,Penjualan,SYARIF,
21/07/2026,INV.KMS.2602455,DK00288,APOTEK TELEKOMEDIKA HEALTH CENTER RATULANGI,EL000091,EL00009,,1,2,0,"Erlamycetin Salep Mata 3,5 gr",Tube ,0.0460131 / Jun-29,3," 12,000 ",," 36,000 ",, - , - ,Penjualan,SYARIF,
21/07/2026,INV.KMS.2602456,DK00288,APOTEK TELEKOMEDIKA HEALTH CENTER RATULANGI,RM000121,RM00012,,1,2,0,Amlodipine Besilate 10 mg (Rama) 100's,Dus,T12005BE / Des-27,3," 15,554 ",," 46,662 "," 113,322 "," 12,465 "," 125,787 ",Penjualan,SYARIF,
21/07/2026,INV.KMS.2602456,DK00288,APOTEK TELEKOMEDIKA HEALTH CENTER RATULANGI,RM000151,RM00015,,1,2,0,Amlodipine Besilate 5 mg (Rama) 100's,Dus,T01160BF / Feb-29,5," 13,332 ",," 66,660 ",, - , - ,Penjualan,SYARIF,
21/07/2026,INV.KMS.2602457,DK00290,APOTEK MAPALA MEDICAL CENTER,IF000181,IF00018,,1,2,0,Cefadroxil Sirup Kering (Ifars) 60 ml,Botol,SF00K / Sep-28,10," 8,050 ",," 80,500 "," 348,000 "," 38,280 "," 386,280 ",Penjualan,SYARIF,
21/07/2026,INV.KMS.2602457,DK00290,APOTEK MAPALA MEDICAL CENTER,MP000021,MP00002,,1,2,0,Zinc Sulfate Sirup (Mepro) 60 ml,Botol,E5L202 / Nov-27,10," 6,500 ",," 65,000 ",, - , - ,Penjualan,SYARIF,
21/07/2026,INV.KMS.2602457,DK00290,APOTEK MAPALA MEDICAL CENTER,PM000041,PM00004,,1,2,0,Paracetamol Sirup Rasa Strawberry (PIM) 60 ml,Botol,64512006 / Jun-28,20," 4,000 ",," 80,000 ",, - , - ,Penjualan,SYARIF,
21/07/2026,INV.KMS.2602457,DK00290,APOTEK MAPALA MEDICAL CENTER,IF000171,IF00017,,1,2,0,Cetirizine Sirup (Ifars) 60 ml,Botol,SM008 / Sep-29,10," 6,000 ",," 60,000 ",, - , - ,Penjualan,SYARIF,
21/07/2026,INV.KMS.2602457,DK00290,APOTEK MAPALA MEDICAL CENTER,PS000011,PS00001,,1,2,0,Diclofenac Sodium 50 mg (Phapros) 50's,Dus ,96365002 / Mar-30,5," 12,500 ",," 62,500 ",, - , - ,Penjualan,SYARIF,
21/07/2026,INV.KMS.2602458,DK00186,APOTEK RANNU,PM000041,PM00004,,1,2,0,Paracetamol Sirup Rasa Strawberry (PIM) 60 ml,Botol,64512006 / Jun-28,5," 4,000 ",," 20,000 "," 106,075 "," 11,668 "," 117,743 ",Penjualan,SYARIF,
21/07/2026,INV.KMS.2602458,DK00186,APOTEK RANNU,NP000241,NP00024,,1,2,0,Ibuprofen 200 mg (Nova) 100's,Dus,241201177 / Des-27,1," 23,575 ",," 23,575 ",, - , - ,Penjualan,SYARIF,
21/07/2026,INV.KMS.2602458,DK00186,APOTEK RANNU,EX000051,EX00005,,1,2,0,Domperidone Sirup (Erlimpex) 60 ml,Botol,S.23260018 / Mar-28,5," 5,000 ",," 25,000 ",, - , - ,Penjualan,SYARIF,
21/07/2026,INV.KMS.2602458,DK00186,APOTEK RANNU,KF000371,KF00037,,1,2,OTC,Bedak Salisil 2% 60gr,Pot,D60155S / Apr-31,5," 7,500 ",," 37,500 ",, - , - ,Penjualan,SYARIF,
21/07/2026,INV.KMS.2602459,DK00186,APOTEK RANNU,KF000711,KF00071,,1,2,Ethical,Nitrokaf Retard (KF) 100's,Dus,J51732N / Okt-27,1," 264,450 ",10," 238,005 "," 238,005 "," 26,181 "," 264,186 ",Penjualan,SYARIF,
21/07/2026,INV.KMS.2602460,DK00333,APOTEK ANUGERAH SEJATI ,HP000041,HP00004,,1,2,0,Ibuprofen Sirup (Holi) 60 ml,Botol,2508085 / Aug-28,4," 6,000 ",," 24,000 "," 176,646 "," 19,431 "," 196,077 ",Penjualan,SYARIF,
21/07/2026,INV.KMS.2602460,DK00333,APOTEK ANUGERAH SEJATI ,GS000181,GS00018,,1,2,0,Scott's Emulsion Original 400 ml,Botol ,6OB001 / Feb-28,2," 76,323 ",," 152,646 ",, - , - ,Penjualan,SYARIF,
21/07/2026,INV.KMS.2602461,DK00248,APOTEK PAJJAIANG FARMA,NU000011,NU00001,,1,2,0,Cetirizine HCl 10 mg (Nulab) 100's,Dus,2601180 / Jan-28,1," 28,500 ",," 28,500 "," 404,475 "," 44,492 "," 448,967 ",Penjualan,ANGGA,
21/07/2026,INV.KMS.2602461,DK00248,APOTEK PAJJAIANG FARMA,KF001441,KF00144,,1,2,Generik,"Gentamicin Sulfate 0,1% Krim (KF) 5g @10 Tube",Dus,C60526W / Mar-28,1," 33,190 ",," 33,190 ",, - , - ,Penjualan,ANGGA,
21/07/2026,INV.KMS.2602461,DK00248,APOTEK PAJJAIANG FARMA,SH000021,SH00002,,1,2,0,Imbost Force Kids Sirup 60 ml,Botol,25A0264 / Feb-27,2," 64,198 ",," 128,396 ",, - , - ,Penjualan,ANGGA,
21/07/2026,INV.KMS.2602461,DK00248,APOTEK PAJJAIANG FARMA,KF001331,KF00133,,1,2,Generik,Permethrin 5% Krim (KF) 10g,Dus,E50890W / Mei-27,3," 20,347 ",," 61,041 ",, - , - ,Penjualan,ANGGA,
21/07/2026,INV.KMS.2602461,DK00248,APOTEK PAJJAIANG FARMA,SM000012,SM00001,,2,2,0,Tolak Angin Cair 12's,Dus,EL50043 / Jan-28,2," 43,974 ",," 87,948 ",, - , - ,Penjualan,ANGGA,
21/07/2026,INV.KMS.2602461,DK00248,APOTEK PAJJAIANG FARMA,NC000031,NC00003,,1,2,0,Bedak Salicyl Menthol (Nellco) 60gr,Pot,8026003 / Jun-30,3," 7,150 ",," 21,450 ",, - , - ,Penjualan,ANGGA,
21/07/2026,INV.KMS.2602461,DK00248,APOTEK PAJJAIANG FARMA,NC000041,NC00004,,1,2,0,Bedak Salicyl Non Menthol (Nellco) 60gr,Pot,8035012 / Mar-29,3," 7,150 ",," 21,450 ",, - , - ,Penjualan,ANGGA,
21/07/2026,INV.KMS.2602461,DK00248,APOTEK PAJJAIANG FARMA,KF000371,KF00037,,1,2,OTC,Bedak Salisil 2% 60gr,Pot,D60155S / Apr-31,3," 7,500 ",," 22,500 ",, - , - ,Penjualan,ANGGA,
21/07/2026,INV.KMS.2602462,DK00292,APOTEK PINTU DUA,KF000061,KF00006,,1,2,Generik,Antihemoroid Suppo (KF) 10's,Dus,J52025W / Okt-27,4," 47,300 ",," 189,200 "," 252,888 "," 27,818 "," 280,706 ",Penjualan,ANGGA,
21/07/2026,INV.KMS.2602462,DK00292,APOTEK PINTU DUA,DV000061,DV00006,,1,2,0,Vicee Grape Tab 100's,Dus,KX5A328 / Nov-27,1," 63,688 ",," 63,688 ",, - , - ,Penjualan,ANGGA,
22/07/2026,INV.KMS.2602463,DK00507,APOTEK BERKAT REJEKI,KF000481,KF00048,,1,2,OTC,Bedak Marcks Creme 40gr,Pot,H50579S / Aug-30,12," 18,165 ",," 217,980 "," 1,089,900 "," 119,889 "," 1,209,789 ",Penjualan,ANGGA,
22/07/2026,INV.KMS.2602463,DK00507,APOTEK BERKAT REJEKI,KF000651,KF00065,,1,2,OTC,Bedak Marcks Invisible 40gr,Pot,H50600S / Aug-30,12," 18,165 ",," 217,980 ",, - , - ,Penjualan,ANGGA,
22/07/2026,INV.KMS.2602463,DK00507,APOTEK BERKAT REJEKI,KF000501,KF00050,,1,2,OTC,Bedak Marcks Natural Beige 40gr,Pot,K50848S / Nov-30,12," 18,165 ",," 217,980 ",, - , - ,Penjualan,ANGGA,
22/07/2026,INV.KMS.2602463,DK00507,APOTEK BERKAT REJEKI,KF000471,KF00047,,1,2,OTC,Bedak Marcks Putih 40gr,Pot,K50843S / Nov-30,12," 18,165 ",," 217,980 ",, - , - ,Penjualan,ANGGA,
22/07/2026,INV.KMS.2602463,DK00507,APOTEK BERKAT REJEKI,KF000491,KF00049,,1,2,OTC,Bedak Marcks Rose 40gr,Pot,H50619S / Aug-30,12," 18,165 ",," 217,980 ",, - , - ,Penjualan,ANGGA,
22/07/2026,INV.KMS.2602464,DK00248,APOTEK PAJJAIANG FARMA,EP000412,EP00041,,2,2,0,Kool Fever Anak 12's,Dus ,XXXXX / Des-28,1," 80,640 ",," 80,640 "," 262,828 "," 28,911 "," 291,739 ",Penjualan,ANGGA,
22/07/2026,INV.KMS.2602464,DK00248,APOTEK PAJJAIANG FARMA,HJ000102,HJ00010,,2,2,0,Ranitidine HCl 150 mg (HJ) NEW 200's,Dus,TRNTC56718 / Nov-27,1," 42,500 ",," 42,500 ",, - , - ,Penjualan,ANGGA,
22/07/2026,INV.KMS.2602464,DK00248,APOTEK PAJJAIANG FARMA,NP000301,NP00030,,1,2,0,Metronidazole 500 mg (Nova) 100's,Dus,2507-111-29 / Jul-27,1," 30,188 ",," 30,188 ",, - , - ,Penjualan,ANGGA,
22/07/2026,INV.KMS.2602464,DK00248,APOTEK PAJJAIANG FARMA,NP000431,NP00043,,1,2,0,Mefenamic Acid 500 mg (Nova) 100's,Dus,2604-10-120 / Apr-28,1," 25,000 ",," 25,000 ",, - , - ,Penjualan,ANGGA,
22/07/2026,INV.KMS.2602464,DK00248,APOTEK PAJJAIANG FARMA,KL000011,KL00001,,1,2,0,Bioplacenton Jelly 15 gr,Tube ,KCBPCA55250 / Sep-27,2," 30,000 ",," 60,000 ",, - , - ,Penjualan,ANGGA,
22/07/2026,INV.KMS.2602464,DK00248,APOTEK PAJJAIANG FARMA,BF000551,BF00055,,1,2,0,Methylprednisolone 4 mg (Berno) 100's,Dus,TPM06354 / Nov-27,1," 49,000 ",50," 24,500 ",, - , - ,Penjualan,ANGGA,
22/07/2026,INV.KMS.2602465,DK00336,RSIA CAHAYA MEDIKA,PM000101,PM00010,,1,2,0,Vitamin B Complex 180 mg (PIM) 100's,Dus,24604205 / Apr-28,90," 12,500 ",," 1,125,000 "," 1,305,000 "," 143,550 "," 1,448,550 ",Penjualan,ANGGA,
22/07/2026,INV.KMS.2602465,DK00336,RSIA CAHAYA MEDIKA,EX000051,EX00005,,1,2,0,Domperidone Sirup (Erlimpex) 60 ml,Botol,S.23260018 / Mar-28,20," 5,000 ",," 100,000 ",, - , - ,Penjualan,ANGGA,
22/07/2026,INV.KMS.2602465,DK00336,RSIA CAHAYA MEDIKA,PM000041,PM00004,,1,2,0,Paracetamol Sirup Rasa Strawberry (PIM) 60 ml,Botol,64512006 / Jun-28,20," 4,000 ",," 80,000 ",, - , - ,Penjualan,ANGGA,
22/07/2026,INV.KMS.2602466,DK00501,APOTEK ALAM PANCIRO,CB000011,CB00001,,1,2,0,GOM Borax Gliserin 10% (CITO) 8 ml,Botol,Y01112 / Nov-28,5," 3,750 ",," 18,750 "," 189,940 "," 20,893 "," 210,833 ",Penjualan,SYARIF,
22/07/2026,INV.KMS.2602466,DK00501,APOTEK ALAM PANCIRO,AF000211,AF00021,,1,2,0,Gentian Violet 1% (AFI) 10 ml,Botol,E16516 / Mei-28,5," 3,750 ",," 18,750 ",, - , - ,Penjualan,SYARIF,
22/07/2026,INV.KMS.2602466,DK00501,APOTEK ALAM PANCIRO,DV000051,DV00005,,1,2,0,Silex Sirup 100 ml,Botol,VE1253 / Mei-27,2," 76,220 ",," 152,440 ",, - , - ,Penjualan,SYARIF,
22/07/2026,INV.KMS.2602467,DK00132,APOTEK PERRENIAL,DV000491,DV00049,,1,2,0,Decolgen PE Tab 100's,Dus,26035431 / Feb-28,1," 54,590 ",," 54,590 "," 267,090 "," 29,380 "," 296,470 ",Penjualan,ANGGA,
22/07/2026,INV.KMS.2602467,DK00132,APOTEK PERRENIAL,NP000431,NP00043,,1,2,0,Mefenamic Acid 500 mg (Nova) 100's,Dus,2604-10-120 / Apr-28,5," 25,000 ",," 125,000 ",, - , - ,Penjualan,ANGGA,
22/07/2026,INV.KMS.2602467,DK00132,APOTEK PERRENIAL,TR000093,TR00009,,3,2,0,Ibuprofen 400 mg (Triman) 100's,Dus,B26110 / Feb-28,2," 28,750 ",," 57,500 ",, - , - ,Penjualan,ANGGA,
22/07/2026,INV.KMS.2602467,DK00132,APOTEK PERRENIAL,ME000051,ME00005,,1,2,0,"Dexamethasone 0,5 mg (MEF) 200's",Dus,1508527 / Aug-30,1," 30,000 ",," 30,000 ",, - , - ,Penjualan,ANGGA,
22/07/2026,INV.KMS.2602468,DK00501,APOTEK ALAM PANCIRO,KF000521,KF00052,,1,2,OTC,Bedak Marcks Active Creme 20 gr,Pot,J50790S / Okt-30,3," 23,700 ",5," 67,545 "," 337,725 "," 37,150 "," 374,875 ",Penjualan,SYARIF,
22/07/2026,INV.KMS.2602468,DK00501,APOTEK ALAM PANCIRO,KF000631,KF00063,,1,2,OTC,Bedak Marcks Active Invisible 20 gr,Pot,A30274S / Jan-28,3," 23,700 ",5," 67,545 ",, - , - ,Penjualan,SYARIF,
22/07/2026,INV.KMS.2602468,DK00501,APOTEK ALAM PANCIRO,KF000511,KF00051,,1,2,OTC,Bedak Marcks Active Natural Beige 20 gr,Pot,F30873S / Jun-28,3," 23,700 ",5," 67,545 ",, - , - ,Penjualan,SYARIF,
22/07/2026,INV.KMS.2602468,DK00501,APOTEK ALAM PANCIRO,KF000621,KF00062,,1,2,OTC,Bedak Marcks Active Pink 20 gr,Pot,I21404S / Sep-27,3," 23,700 ",5," 67,545 ",, - , - ,Penjualan,SYARIF,
22/07/2026,INV.KMS.2602468,DK00501,APOTEK ALAM PANCIRO,KF000641,KF00064,,1,2,OTC,Bedak Marcks Active Putih 20 gr,Pot,L21933S / Des-27,3," 23,700 ",5," 67,545 ",, - , - ,Penjualan,SYARIF,
22/07/2026,INV.KMS.2602469,DK00024,APOTEK KHAL MEDIKA,SH000011,SH00001,,1,2,0,Imbost Force Kaplet 30's ,Dus,26A0100 / Feb-28,1," 196,188 ",," 196,188 "," 196,188 "," 21,581 "," 217,769 ",Penjualan,ANGGA,
23/07/2026,INV.KMS.2602470,DK00336,RSIA CAHAYA MEDIKA,PM000022,PM00002,,2,2,0,Parasetamol 500 mg (PIM) 100's,Dus,05601104 / Jan-30,64," 20,900 ",5," 1,270,720 "," 1,953,360 "," 214,870 "," 2,168,230 ",Penjualan,ANGGA,
23/07/2026,INV.KMS.2602470,DK00336,RSIA CAHAYA MEDIKA,EL000062,EL00006,,2,2,0,Antasida Suspensi (Erela) 60 ml ,Botol,S.2361104 / Mei-28,30," 5,000 ",," 150,000 ",, - , - ,Penjualan,ANGGA,
23/07/2026,INV.KMS.2602470,DK00336,RSIA CAHAYA MEDIKA,MU000041,MU00004,,1,2,0,Salbutamol 2 mg (MUS) 100's,Dus,2601041 / Jan-28,3," 13,800 ",," 41,400 ",, - , - ,Penjualan,ANGGA,
23/07/2026,INV.KMS.2602470,DK00336,RSIA CAHAYA MEDIKA,NP000381,NP00038,,1,2,0,Zinc Sulfate 20 mg (Nova) 100's,Dus,2512-06-350 / Des-27,1," 25,000 ",," 25,000 ",, - , - ,Penjualan,ANGGA,
23/07/2026,INV.KMS.2602470,DK00336,RSIA CAHAYA MEDIKA,HP000091,HP00009,,1,2,0,Cotrimoxazole Suspensi (Holi) 60 ml,Botol,2507058 / Jul-28,20," 5,000 ",," 100,000 ",, - , - ,Penjualan,ANGGA,
23/07/2026,INV.KMS.2602470,DK00336,RSIA CAHAYA MEDIKA,JJ000041,JJ00004,,1,2,0,Combantrin Sirup Rasa Jeruk 10 ml,Botol,NK2113 / Okt-28,20," 18,312 ",," 366,240 ",, - , - ,Penjualan,ANGGA,
23/07/2026,INV.KMS.2602470,DK00336,RSIA CAHAYA MEDIKA,JJ000041,JJ00004,,1,2,0,Combantrin Sirup Rasa Jeruk 10 ml,Botol,NK2113 / Okt-28,-20," 18,312 ",," (366,240)"," (366,240)"," (40,286)"," (406,526)",Penjualan,ANGGA,RETUR SALAH INPUT
23/07/2026,INV.KMS.2602471,DK00333,APOTEK ANUGERAH SEJATI ,KF000661,KF00066,,1,2,Generik,Azithromycin 500 mg (KF) 20's,Dus,G51932J / Jul-27,3," 68,659 ",," 205,977 "," 310,849 "," 34,193 "," 345,042 ",Penjualan,SYARIF,
23/07/2026,INV.KMS.2602471,DK00333,APOTEK ANUGERAH SEJATI ,AA000011,AA00001,,1,2,0,Madu Vitabumin 130 ml,Botol,25092602 / Okt-27,2," 52,436 ",," 104,872 ",, - , - ,Penjualan,SYARIF,
23/07/2026,INV.KMS.2602472,DK00333,APOTEK ANUGERAH SEJATI ,DV000481,DV00048,,1,2,Mengandung Prekursor,Paratusin DMP Sirup 60 ml,Botol,6FC0514 / Mar-28,12," 33,000 ",," 396,000 "," 396,000 "," 43,560 "," 439,560 ",Penjualan,SYARIF,
23/07/2026,INV.KMS.2602473,DK00520,APOTEK ASSYIFA MEDIKA 2,KF000481,KF00048,,1,2,OTC,Bedak Marcks Creme 40gr,Pot,H50579S / Aug-30,3," 18,165 ",," 54,495 "," 546,249 "," 60,087 "," 606,336 ",Penjualan,ANGGA,
23/07/2026,INV.KMS.2602473,DK00520,APOTEK ASSYIFA MEDIKA 2,MC000011,MC00001,,1,2,0,Sangobion Caps 250's,Dus,L0792178 / Aug-27,1," 471,750 ",," 471,750 ",, - , - ,Penjualan,ANGGA,
23/07/2026,INV.KMS.2602473,DK00520,APOTEK ASSYIFA MEDIKA 2,EP000381,EP00038,,1,2,0,MKP Roll On (Cap Lang) 15 ml,Botol,PC00212 / Jul-30,3," 6,668 ",," 20,004 ",, - , - ,Penjualan,ANGGA,
23/07/2026,INV.KMS.2602474,DK00228,APOTEK K-24 BTP TAMALANREA,KF000711,KF00071,,1,2,Ethical,Nitrokaf Retard (KF) 100's,Dus,J51732N / Okt-27,2," 264,450 ",10," 476,010 "," 476,010 "," 52,361 "," 528,371 ",Penjualan,ANGGA,
23/07/2026,INV.KMS.2602475,DK00292,APOTEK PINTU DUA,TR000093,TR00009,,3,2,0,Ibuprofen 400 mg (Triman) 100's,Dus,B26110 / Feb-28,5," 28,750 ",," 143,750 "," 428,216 "," 47,104 "," 475,320 ",Penjualan,ANGGA,
23/07/2026,INV.KMS.2602475,DK00292,APOTEK PINTU DUA,GS000201,GS00020,,1,2,0,Polident Adhesive Fresh Mint 60 gr,Pcs,BG5T / Mei-28,2," 77,271 ",," 154,542 ",, - , - ,Penjualan,ANGGA,
23/07/2026,INV.KMS.2602475,DK00292,APOTEK PINTU DUA,US000141,US00014,,1,2,0,Hot in Cream Tube Strong 60 gr ,Tube,24G04831 / Jul-27,6," 18,000 ",," 108,000 ",, - , - ,Penjualan,ANGGA,
23/07/2026,INV.KMS.2602475,DK00292,APOTEK PINTU DUA,PM000111,PM00011,,1,2,0,Antalgin Tab (PIM) 100's,Dus,82506001 / Jan-29,1," 21,924 ",," 21,924 ",, - , - ,Penjualan,ANGGA,
23/07/2026,INV.KMS.2602476,DK00304,APOTEK K24 AZZAHRA SAMATA,PH000061,PH00006,,1,2,0,Polysilane Suspensi 100 ml,Botol,D5H604L / Aug-28,6," 22,279 ",," 133,674 "," 1,062,376 "," 116,861 "," 1,179,237 ",Penjualan,SYARIF,
23/07/2026,INV.KMS.2602476,DK00304,APOTEK K24 AZZAHRA SAMATA,IF000192,IF00019,,2,2,0,Dohixat 100 mg Cap 100's,Dus,BU023 / Apr-28,1," 49,000 ",," 49,000 ",, - , - ,Penjualan,SYARIF,
23/07/2026,INV.KMS.2602476,DK00304,APOTEK K24 AZZAHRA SAMATA,TW000022,TW00002,,2,2,0,Tawon Minyak Gosok DD 30 ml,Botol,24121 / Des-29,6," 31,058 ",," 186,348 ",, - , - ,Penjualan,SYARIF,
23/07/2026,INV.KMS.2602476,DK00304,APOTEK K24 AZZAHRA SAMATA,MC000101,MC00010,,1,2,0,Dolo-Neurobion Tab 100's,Dus,L0796255 / Aug-28,1," 235,170 ",," 235,170 ",, - , - ,Penjualan,SYARIF,
23/07/2026,INV.KMS.2602476,DK00304,APOTEK K24 AZZAHRA SAMATA,DV000061,DV00006,,1,2,0,Vicee Grape Tab 100's,Dus,KX5A328 / Nov-27,1," 63,688 ",," 63,688 ",, - , - ,Penjualan,SYARIF,
23/07/2026,INV.KMS.2602476,DK00304,APOTEK K24 AZZAHRA SAMATA,DV000031,DV00003,,1,2,0,Vicee Lemon Tab 100's,Dus,KX5A369 / Des-27,1," 63,688 ",," 63,688 ",, - , - ,Penjualan,SYARIF,
23/07/2026,INV.KMS.2602476,DK00304,APOTEK K24 AZZAHRA SAMATA,DV000041,DV00004,,1,2,0,Vicee Orange Tab 100's,Dus,LX5A121 / Jan-28,1," 63,688 ",," 63,688 ",, - , - ,Penjualan,SYARIF,
23/07/2026,INV.KMS.2602476,DK00304,APOTEK K24 AZZAHRA SAMATA,EP000021,EP00002,,1,2,0,MKP (Cap Lang) 60 ml ,Botol,HA00216 / Feb-31,9," 22,260 ",," 200,340 ",, - , - ,Penjualan,SYARIF,
23/07/2026,INV.KMS.2602476,DK00304,APOTEK K24 AZZAHRA SAMATA,EP000022,EP00002,,2,2,0,MKP (Cap Lang) 60 ml ,Botol,HA01516 / Feb-31,3," 22,260 ",," 66,780 ",, - , - ,Penjualan,SYARIF,
23/07/2026,INV.KMS.2602477,DK00304,APOTEK K24 AZZAHRA SAMATA,KF000371,KF00037,,1,2,OTC,Bedak Salisil 2% 60gr,Pot,D60155S / Apr-31,6," 7,500 ",," 45,000 "," 1,130,604 "," 124,366 "," 1,254,970 ",Penjualan,SYARIF,
23/07/2026,INV.KMS.2602477,DK00304,APOTEK K24 AZZAHRA SAMATA,GL000031,GL00003,,1,2,0,Caladine Lotion 95 ml,Botol,I25009 / Sep-27,6," 22,302 ",," 133,812 ",, - , - ,Penjualan,SYARIF,
23/07/2026,INV.KMS.2602477,DK00304,APOTEK K24 AZZAHRA SAMATA,SM000013,SM00001,,3,2,0,Tolak Angin Cair 12's,Dus,EL40041 / Jan-28,3," 43,974 ",," 131,922 ",, - , - ,Penjualan,SYARIF,
23/07/2026,INV.KMS.2602477,DK00304,APOTEK K24 AZZAHRA SAMATA,TR000093,TR00009,,3,2,0,Ibuprofen 400 mg (Triman) 100's,Dus,B26110 / Feb-28,3," 28,750 ",," 86,250 ",, - , - ,Penjualan,SYARIF,
23/07/2026,INV.KMS.2602477,DK00304,APOTEK K24 AZZAHRA SAMATA,EP000121,EP00012,,1,2,0,GPU Cair Sereh 100 ml,Botol,PD05805 / Sep-30,5," 25,410 ",," 127,050 ",, - , - ,Penjualan,SYARIF,
23/07/2026,INV.KMS.2602477,DK00304,APOTEK K24 AZZAHRA SAMATA,EP000102,EP00010,,2,2,0,GPU Cair Sereh 30 ml,Botol,HR02805 / Mar-31,5," 9,933 ",," 49,665 ",, - , - ,Penjualan,SYARIF,
23/07/2026,INV.KMS.2602477,DK00304,APOTEK K24 AZZAHRA SAMATA,EP000111,EP00011,,1,2,0,GPU Cair Sereh 60 ml,Botol,HR02407 / Mar-31,5," 17,031 ",," 85,155 ",, - , - ,Penjualan,SYARIF,
23/07/2026,INV.KMS.2602477,DK00304,APOTEK K24 AZZAHRA SAMATA,MC000011,MC00001,,1,2,0,Sangobion Caps 250's,Dus,L0792178 / Aug-27,1," 471,750 ",," 471,750 ",, - , - ,Penjualan,SYARIF,
23/07/2026,INV.KMS.2602478,DK00304,APOTEK K24 AZZAHRA SAMATA,DV000481,DV00048,,1,2,Mengandung Prekursor,Paratusin DMP Sirup 60 ml,Botol,6FC0514 / Mar-28,6," 33,000 ",," 198,000 "," 374,234 "," 41,166 "," 415,400 ",Penjualan,SYARIF,
23/07/2026,INV.KMS.2602478,DK00304,APOTEK K24 AZZAHRA SAMATA,CC000051,CC00005,,1,2,Mengandung Prekursor,Demacolin Tab 100's,Dus,26AA042 / Jan-30,2," 46,750 ",," 93,500 ",, - , - ,Penjualan,SYARIF,
23/07/2026,INV.KMS.2602478,DK00304,APOTEK K24 AZZAHRA SAMATA,PM000031,PM00003,,1,2,Mengandung Prekursor,Pim-Tra-Kol Sirup Cherry 60 ml,Botol,B3512005 / Des-27,6," 13,789 ",," 82,734 ",, - , - ,Penjualan,SYARIF,
23/07/2026,INV.KMS.2602479,DK00123,APOTEK MANDIRI,KF001441,KF00144,,1,2,Generik,"Gentamicin Sulfate 0,1% Krim (KF) 5g @10 Tube",Dus,C60526W / Mar-28,1," 33,190 ",," 33,190 "," 296,505 "," 32,616 "," 329,121 ",Penjualan,SYARIF,
23/07/2026,INV.KMS.2602479,DK00123,APOTEK MANDIRI,NP000431,NP00043,,1,2,0,Mefenamic Acid 500 mg (Nova) 100's,Dus,2604-10-120 / Apr-28,1," 25,000 ",," 25,000 ",, - , - ,Penjualan,SYARIF,
23/07/2026,INV.KMS.2602479,DK00123,APOTEK MANDIRI,CM000101,CM00010,,1,2,0,"Insto Reguler Tetes Mata 7,5 ml",Botol,2549070 / Des-29,3," 12,894 ",," 38,682 ",, - , - ,Penjualan,SYARIF,
23/07/2026,INV.KMS.2602479,DK00123,APOTEK MANDIRI,GS000191,GS00019,,1,2,0,Polident Adhesive Fresh Mint 20 gr,Pcs,J89L / Aug-28,2," 32,177 ",," 64,354 ",, - , - ,Penjualan,SYARIF,
23/07/2026,INV.KMS.2602479,DK00123,APOTEK MANDIRI,SL000131,SL00013,,1,2,0,Methylprednisolone 8 mg (SLF) 100's,Dus,53415 / Jul-28,1," 29,500 ",," 29,500 ",, - , - ,Penjualan,SYARIF,
23/07/2026,INV.KMS.2602479,DK00123,APOTEK MANDIRI,PH000061,PH00006,,1,2,0,Polysilane Suspensi 100 ml,Botol,D5H604L / Aug-28,1," 22,279 ",," 22,279 ",, - , - ,Penjualan,SYARIF,
23/07/2026,INV.KMS.2602479,DK00123,APOTEK MANDIRI,PH000011,PH00001,,1,2,0,Microlax Gel 5 ml,Tube,D5H813L / Aug-28,2," 20,000 ",," 40,000 ",, - , - ,Penjualan,SYARIF,
23/07/2026,INV.KMS.2602479,DK00123,APOTEK MANDIRI,NU000011,NU00001,,1,2,0,Cetirizine HCl 10 mg (Nulab) 100's,Dus,2601180 / Jan-28,1," 28,500 ",," 28,500 ",, - , - ,Penjualan,SYARIF,
23/07/2026,INV.KMS.2602479,DK00123,APOTEK MANDIRI,KF000371,KF00037,,1,2,OTC,Bedak Salisil 2% 60gr,Pot,D60155S / Apr-31,2," 7,500 ",," 15,000 ",, - , - ,Penjualan,SYARIF,
23/07/2026,INV.KMS.2602480,DK00123,APOTEK MANDIRI,EL000071,EL00007,,1,2,0,Ambroxol Sirup (Erela) 60 ml,Botol,S2960127 / Okt-27,2," 6,325 ",," 12,650 "," 263,278 "," 28,961 "," 292,239 ",Penjualan,SYARIF,
23/07/2026,INV.KMS.2602480,DK00123,APOTEK MANDIRI,DV000051,DV00005,,1,2,0,Silex Sirup 100 ml,Botol,VE1253 / Mei-27,1," 76,220 ",," 76,220 ",, - , - ,Penjualan,SYARIF,
23/07/2026,INV.KMS.2602480,DK00123,APOTEK MANDIRI,EL000091,EL00009,,1,2,0,"Erlamycetin Salep Mata 3,5 gr",Tube ,0.0460131 / Jun-29,1," 12,000 ",," 12,000 ",, - , - ,Penjualan,SYARIF,
23/07/2026,INV.KMS.2602480,DK00123,APOTEK MANDIRI,EL000023,EL00002,,3,2,0,Erlamycetin Tetes Telinga 1% 10 ml,Botol,D0661008 / Feb-28 ,1," 12,500 ",," 12,500 ",, - , - ,Penjualan,SYARIF,
23/07/2026,INV.KMS.2602480,DK00123,APOTEK MANDIRI,MF000131,MF00013,,1,2,0,Betadine Antiseptic Ointment 5 gr ,Tube,BB26064 / Jan-29,1," 13,658 ",," 13,658 ",, - , - ,Penjualan,SYARIF,
23/07/2026,INV.KMS.2602480,DK00123,APOTEK MANDIRI,BF000531,BF00053,,1,2,0,Amoxicillin 500 mg (Berno) 100's,Dus,TPF81054 / Mei-30,1," 70,000 ",35," 45,500 ",, - , - ,Penjualan,SYARIF,
23/07/2026,INV.KMS.2602480,DK00123,APOTEK MANDIRI,BF000051,BF00005,,1,2,0,Cefadroxil 500 mg (Berno) 100's,Dus,KPH37354 / Jul-28,1," 110,000 ",17.5," 90,750 ",, - , - ,Penjualan,SYARIF,
23/07/2026,INV.KMS.2602481,DK00123,APOTEK MANDIRI,GS000022,GS00002,,2,2,Mengandung Prekursor,Actifed Plus Cough Suppressant 60 ml,Dus,T93E / Des-28,1," 56,330 ",," 56,330 "," 112,660 "," 12,393 "," 125,053 ",Penjualan,SYARIF,
23/07/2026,INV.KMS.2602481,DK00123,APOTEK MANDIRI,GS000011,GS00001,,1,2,Mengandung Prekursor,Actifed Plus Expectorant 60 ml,Dus,N46C / Okt-28,1," 56,330 ",," 56,330 ",, - , - ,Penjualan,SYARIF,
23/07/2026,INV.KMS.2602482,DK00411,APOTEK MEDIKA FARMA,EP000272,EP00027,,2,2,0,Green Oil Herbal 10 ml,Pcs,HK00120 / Apr-31,5," 11,550 ",," 57,750 "," 237,932 "," 26,173 "," 264,105 ",Penjualan,SYARIF,
23/07/2026,INV.KMS.2602482,DK00411,APOTEK MEDIKA FARMA,RM000121,RM00012,,1,2,0,Amlodipine Besilate 10 mg (Rama) 100's,Dus,T12005BE / Des-27,3," 15,554 ",," 46,662 ",, - , - ,Penjualan,SYARIF,
23/07/2026,INV.KMS.2602482,DK00411,APOTEK MEDIKA FARMA,GN000011,GN00001,,1,2,0,Beruang Minyak Gosok 30 ml,Botol,GEaY / Des-30,3," 14,700 ",," 44,100 ",, - , - ,Penjualan,SYARIF,
23/07/2026,INV.KMS.2602482,DK00411,APOTEK MEDIKA FARMA,PM000041,PM00004,,1,2,0,Paracetamol Sirup Rasa Strawberry (PIM) 60 ml,Botol,64512006 / Jun-28,5," 4,000 ",," 20,000 ",, - , - ,Penjualan,SYARIF,
23/07/2026,INV.KMS.2602482,DK00411,APOTEK MEDIKA FARMA,TM000132,TM00013,,2,2,0,Vitamin C IPI 45's,Botol,050736 / Mei-28,12," 5,785 ",," 69,420 ",, - , - ,Penjualan,SYARIF,
23/07/2026,INV.KMS.2602483,DK00383,APOTEK CAHAYA FARMA,KF000061,KF00006,,1,2,Generik,Antihemoroid Suppo (KF) 10's,Dus,J52025W / Okt-27,3," 47,300 ",," 141,900 "," 141,900 "," 15,609 "," 157,509 ",Penjualan,SYARIF,
24/07/2026,INV.KMS.2602484,DK00001,APOTEK AL VARAN FARMA,AF000201,AF00020,,1,2,0,Vitamin B12 50 mcg (AFI) 100's,Dus,B30616 / Feb-30,5," 10,000 ",," 50,000 "," 346,128 "," 38,074 "," 384,202 ",Penjualan,ANGGA,
24/07/2026,INV.KMS.2602484,DK00001,APOTEK AL VARAN FARMA,DV000471,DV00047,,1,2,0,Degirol Tab 100's ,Dus,KX5A394 / Nov-29,2," 120,564 ",," 241,128 ",, - , - ,Penjualan,ANGGA,
24/07/2026,INV.KMS.2602484,DK00001,APOTEK AL VARAN FARMA,FM000011,FM00001,,1,2,0,"Digoxin 0,25 mg (FM) 100's",Dus,010743 / Mei-28,2," 27,500 ",," 55,000 ",, - , - ,Penjualan,ANGGA,
24/07/2026,INV.KMS.2602485,DK00333,APOTEK ANUGERAH SEJATI ,US000041,US00004,,1,2,0,Hot in Cream Botol 60 gr (Putih),Botol,25D03070 / Apr-28,3," 14,200 ",," 42,600 "," 289,082 "," 31,799 "," 320,881 ",Penjualan,SYARIF,
24/07/2026,INV.KMS.2602485,DK00333,APOTEK ANUGERAH SEJATI ,PM000041,PM00004,,1,2,0,Paracetamol Sirup Rasa Strawberry (PIM) 60 ml,Botol,64512006 / Jun-28,6," 4,000 ",," 24,000 ",, - , - ,Penjualan,SYARIF,
24/07/2026,INV.KMS.2602485,DK00333,APOTEK ANUGERAH SEJATI ,US000121,US00012,,1,2,0,Hot in Cream Tube 60 gr ,Tube,26C02089 / Mar-29,2," 18,000 ",," 36,000 ",, - , - ,Penjualan,SYARIF,
24/07/2026,INV.KMS.2602485,DK00333,APOTEK ANUGERAH SEJATI ,TM000221,TM00022,,1,2,0,My Baby M. Telon Plus Lavender 150 ml,Botol,0551825 / Mei-27,2," 30,791 ",," 61,582 ",, - , - ,Penjualan,SYARIF,
24/07/2026,INV.KMS.2602485,DK00333,APOTEK ANUGERAH SEJATI ,DV000351,DV00035,,1,2,0,Enervon Active Tab 100's,Dus,25118502 / Jul-27,1," 124,900 ",," 124,900 ",, - , - ,Penjualan,SYARIF,
24/07/2026,INV.KMS.2602486,DK00013,APOTEK GOWA MEDIKA,KF000332,KF00033,,2,2,OTC,Asifit Kaplet-Blister 30's,Dus,I51472N / Sep-27,1," 61,640 ",," 61,640 "," 182,670 "," 20,094 "," 202,764 ",Penjualan,SYARIF,
24/07/2026,INV.KMS.2602486,DK00013,APOTEK GOWA MEDIKA,IF000192,IF00019,,2,2,0,Dohixat 100 mg Cap 100's,Dus,BU023 / Apr-28,1," 49,000 ",," 49,000 ",, - , - ,Penjualan,SYARIF,
24/07/2026,INV.KMS.2602486,DK00013,APOTEK GOWA MEDIKA,BM000021,BM00002,,1,2,0,MBK Putih 12's,Dus,Q106EPPS / Mei-33,2," 23,940 ",," 47,880 ",, - , - ,Penjualan,SYARIF,
24/07/2026,INV.KMS.2602486,DK00013,APOTEK GOWA MEDIKA,AF000171,AF00017,,1,2,0,Vitamin B1 50 mg (AFI) 100's,Dus,G30502 / Jul-29,2," 12,075 ",," 24,150 ",, - , - ,Penjualan,SYARIF,
24/07/2026,INV.KMS.2602487,DK00336,RSIA CAHAYA MEDIKA,TR000093,TR00009,,3,2,0,Ibuprofen 400 mg (Triman) 100's,Dus,B26110 / Feb-28,30," 28,750 ",," 862,500 "," 862,500 "," 94,875 "," 957,375 ",Penjualan,ANGGA,
24/07/2026,INV.KMS.2602488,DK00425,APOTEK NURUL FITRIYAH,PH000041,PH00004,,1,2,0,Proris 200 mg Kaplet 100's,Dus,D5C988I / Mar-28,1," 77,000 ",," 77,000 "," 302,924 "," 33,322 "," 336,246 ",Penjualan,SYARIF,
24/07/2026,INV.KMS.2602488,DK00425,APOTEK NURUL FITRIYAH,KL000011,KL00001,,1,2,0,Bioplacenton Jelly 15 gr,Tube ,KCBPCA55250 / Sep-27,3," 30,000 ",," 90,000 ",, - , - ,Penjualan,SYARIF,
24/07/2026,INV.KMS.2602488,DK00425,APOTEK NURUL FITRIYAH,NC000031,NC00003,,1,2,0,Bedak Salicyl Menthol (Nellco) 60gr,Pot,8026003 / Jun-30,12," 7,150 ",," 85,800 ",, - , - ,Penjualan,SYARIF,
24/07/2026,INV.KMS.2602488,DK00425,APOTEK NURUL FITRIYAH,EP000242,EP00024,,2,2,0,Green Oil Herbal 3 ml,Pcs,PG00104 / Des-30,12," 4,177 ",," 50,124 ",, - , - ,Penjualan,SYARIF,
24/07/2026,INV.KMS.2602489,DK00242,APOTEK K-24 PALLANGGA,SG000062,SG00006,,2,2,0,Cessa KIDS Biru Happy Nose EO 8 ml,Pcs,T216MLY / Des-28,6," 24,775 ",," 148,650 "," 544,968 "," 59,946 "," 604,914 ",Penjualan,SYARIF,
24/07/2026,INV.KMS.2602489,DK00242,APOTEK K-24 PALLANGGA,DV000401,DV00040,,1,2,0,Natur E White 32's ,Dus,5EE1026 / Mei-27,5," 81,715 ",3," 396,318 ",, - , - ,Penjualan,SYARIF,
24/07/2026,INV.KMS.2602490,DK00292,APOTEK PINTU DUA,SL000092,SL00009,,2,2,0,Prednisone 5 mg (SLF) 100's,Dus,61398 / Mar-29,6," 13,091 ",," 78,546 "," 188,796 "," 20,768 "," 209,564 ",Penjualan,ANGGA,
24/07/2026,INV.KMS.2602490,DK00292,APOTEK PINTU DUA,TR000093,TR00009,,3,2,0,Ibuprofen 400 mg (Triman) 100's,Dus,B26110 / Feb-28,3," 28,750 ",," 86,250 ",, - , - ,Penjualan,ANGGA,
24/07/2026,INV.KMS.2602490,DK00292,APOTEK PINTU DUA,HP000041,HP00004,,1,2,0,Ibuprofen Sirup (Holi) 60 ml,Botol,2508085 / Aug-28,4," 6,000 ",," 24,000 ",, - , - ,Penjualan,ANGGA,
24/07/2026,INV.KMS.2602491,DK00294,APOTEK K-24 TAMALATE RAYA,KF000491,KF00049,,1,2,OTC,Bedak Marcks Rose 40gr,Pot,H50619S / Aug-30,2," 18,165 ",," 36,330 "," 251,310 "," 27,644 "," 278,954 ",Penjualan,SYARIF,
24/07/2026,INV.KMS.2602491,DK00294,APOTEK K-24 TAMALATE RAYA,KF000481,KF00048,,1,2,OTC,Bedak Marcks Creme 40gr,Pot,H50579S / Aug-30,2," 18,165 ",," 36,330 ",, - , - ,Penjualan,SYARIF,
24/07/2026,INV.KMS.2602491,DK00294,APOTEK K-24 TAMALATE RAYA,SG000062,SG00006,,2,2,0,Cessa KIDS Biru Happy Nose EO 8 ml,Pcs,T216MLY / Des-28,6," 24,775 ",," 148,650 ",, - , - ,Penjualan,SYARIF,
24/07/2026,INV.KMS.2602491,DK00294,APOTEK K-24 TAMALATE RAYA,EL000062,EL00006,,2,2,0,Antasida Suspensi (Erela) 60 ml ,Botol,S.2361104 / Mei-28,6," 5,000 ",," 30,000 ",, - , - ,Penjualan,SYARIF,
24/07/2026,INV.KMS.2602492,DK00174,APOTEK MAMPO REJEKI,DV000041,DV00004,,1,2,0,Vicee Orange Tab 100's,Dus,LX5A121 / Jan-28,1," 63,688 ",," 63,688 "," 565,761 "," 62,234 "," 627,995 ",Penjualan,ANGGA,
24/07/2026,INV.KMS.2602492,DK00174,APOTEK MAMPO REJEKI,DV000061,DV00006,,1,2,0,Vicee Grape Tab 100's,Dus,KX5A328 / Nov-27,1," 63,688 ",," 63,688 ",, - , - ,Penjualan,ANGGA,
24/07/2026,INV.KMS.2602492,DK00174,APOTEK MAMPO REJEKI,TM000022,TM00002,,2,2,0,My Baby M. Telon Plus 60 ml,Botol,0555726 / Mei-28,4," 14,462 ",," 57,848 ",, - , - ,Penjualan,ANGGA,
24/07/2026,INV.KMS.2602492,DK00174,APOTEK MAMPO REJEKI,US000051,US00005,,1,2,0,Hot in Cream Botol 120 gr (Putih),Botol,25D02877 / Apr-28,2," 26,900 ",," 53,800 ",, - , - ,Penjualan,ANGGA,
24/07/2026,INV.KMS.2602492,DK00174,APOTEK MAMPO REJEKI,PZ000011,PZ00001,,1,2,0,Ponstan 500 mg Tab 100's,Dus,MR0822 / Jun-27,1," 276,949 ",," 276,949 ",, - , - ,Penjualan,ANGGA,
24/07/2026,INV.KMS.2602492,DK00174,APOTEK MAMPO REJEKI,PM000041,PM00004,,1,2,0,Paracetamol Sirup Rasa Strawberry (PIM) 60 ml,Botol,64512006 / Jun-28,6," 4,000 ",," 24,000 ",, - , - ,Penjualan,ANGGA,
24/07/2026,INV.KMS.2602492,DK00174,APOTEK MAMPO REJEKI,CM000101,CM00010,,1,2,0,"Insto Reguler Tetes Mata 7,5 ml",Botol,2549070 / Des-29,2," 12,894 ",," 25,788 ",, - , - ,Penjualan,ANGGA,
24/07/2026,INV.KMS.2602493,DK00222,APOTEK K-24 TODDOPULI,EL000062,EL00006,,2,2,0,Antasida Suspensi (Erela) 60 ml ,Botol,S.2361104 / Mei-28,2," 5,000 ",," 10,000 "," 326,895 "," 35,958 "," 362,853 ",Penjualan,SYARIF,
24/07/2026,INV.KMS.2602493,DK00222,APOTEK K-24 TODDOPULI,EP000102,EP00010,,2,2,0,GPU Cair Sereh 30 ml,Botol,HR02805 / Mar-31,3," 9,933 ",," 29,799 ",, - , - ,Penjualan,SYARIF,
24/07/2026,INV.KMS.2602493,DK00222,APOTEK K-24 TODDOPULI,EP000111,EP00011,,1,2,0,GPU Cair Sereh 60 ml,Botol,HR02407 / Mar-31,2," 17,031 ",," 34,062 ",, - , - ,Penjualan,SYARIF,
24/07/2026,INV.KMS.2602493,DK00222,APOTEK K-24 TODDOPULI,DV000392,DV00039,,2,2,0,Natur E White 16's ,Dus,5EJ2076 / Okt-27,2," 44,802 ",," 89,604 ",, - , - ,Penjualan,SYARIF,
24/07/2026,INV.KMS.2602493,DK00222,APOTEK K-24 TODDOPULI,DV000401,DV00040,,1,2,0,Natur E White 32's ,Dus,5EE1026 / Mei-27,2," 81,715 ",," 163,430 ",, - , - ,Penjualan,SYARIF,
25/07/2026,INV.KMS.2602494,DK00001,APOTEK AL VARAN FARMA,DV000471,DV00047,,1,2,0,Degirol Tab 100's ,Dus,KX5A394 / Nov-29,1," 120,564 ",," 120,564 "," 300,564 "," 33,062 "," 333,626 ",Penjualan,ANGGA,
25/07/2026,INV.KMS.2602494,DK00001,APOTEK AL VARAN FARMA,KF000371,KF00037,,1,2,OTC,Bedak Salisil 2% 60gr,Pot,D60155S / Apr-31,24," 7,500 ",," 180,000 ",, - , - ,Penjualan,ANGGA,
25/07/2026,INV.KMS.2602495,DK00074,APOTIK JERIC FARMA,PM000041,PM00004,,1,2,0,Paracetamol Sirup Rasa Strawberry (PIM) 60 ml,Botol,64512006 / Jun-28,12," 4,000 ",," 48,000 "," 111,688 "," 12,286 "," 123,974 ",Penjualan,SYARIF,
25/07/2026,INV.KMS.2602495,DK00074,APOTIK JERIC FARMA,DV000031,DV00003,,1,2,0,Vicee Lemon Tab 100's,Dus,KX5A369 / Des-27,1," 63,688 ",," 63,688 ",, - , - ,Penjualan,SYARIF,
25/07/2026,INV.KMS.2602496,DK00074,APOTIK JERIC FARMA,DV000201,DV00020,,1,2,0,Natur E 100 IU Soft Cap 32's,Dus,5EF1231 / Jun-28,3," 30,632 ",3," 89,139 "," 89,139 "," 9,805 "," 98,944 ",Penjualan,SYARIF,
25/07/2026,INV.KMS.2602497,DK00292,APOTEK PINTU DUA,GS000041,GS00004,,1,2,0,Panadol Extra 100's,Dus,JE4W / Aug-28,1," 110,931 ",," 110,931 "," 252,619 "," 27,788 "," 280,407 ",Penjualan,ANGGA,
25/07/2026,INV.KMS.2602497,DK00292,APOTEK PINTU DUA,DV000041,DV00004,,1,2,0,Vicee Orange Tab 100's,Dus,LX5A121 / Jan-28,1," 63,688 ",," 63,688 ",, - , - ,Penjualan,ANGGA,
25/07/2026,INV.KMS.2602497,DK00292,APOTEK PINTU DUA,MP000021,MP00002,,1,2,0,Zinc Sulfate Sirup (Mepro) 60 ml,Botol,E5L202 / Nov-27,8," 6,500 ",," 52,000 ",, - , - ,Penjualan,ANGGA,
25/07/2026,INV.KMS.2602497,DK00292,APOTEK PINTU DUA,MP000022,MP00002,,2,2,0,Zinc Sulfate Sirup (Mepro) 60 ml,Botol,E26D630 / Apr-28,4," 6,500 ",," 26,000 ",, - , - ,Penjualan,ANGGA,
27/07/2026,INV.KMS.2602498,DK00333,APOTEK ANUGERAH SEJATI ,TM000031,TM00003,,1,2,0,My Baby M. Telon Plus 90 ml,Botol,0553126 / Mei-28,6," 19,567 ",," 117,402 "," 276,988 "," 30,469 "," 307,457 ",Penjualan,SYARIF,
27/07/2026,INV.KMS.2602498,DK00333,APOTEK ANUGERAH SEJATI ,TM000041,TM00004,,1,2,0,My Baby M. Telon Plus 150 ml,Botol,0304726 / Mar-28,4," 30,791 ",," 123,164 ",, - , - ,Penjualan,SYARIF,
27/07/2026,INV.KMS.2602498,DK00333,APOTEK ANUGERAH SEJATI ,EX000051,EX00005,,1,2,0,Domperidone Sirup (Erlimpex) 60 ml,Botol,S.23260018 / Mar-28,4," 5,000 ",," 20,000 ",, - , - ,Penjualan,SYARIF,
27/07/2026,INV.KMS.2602498,DK00333,APOTEK ANUGERAH SEJATI ,GL000041,GL00004,,1,2,0,Caladine Baby Powder 55 gr,Botol,I24017 / Sep-27,2," 8,211 ",," 16,422 ",, - , - ,Penjualan,SYARIF,
27/07/2026,INV.KMS.2602499,DK00553,APOTEK BUNGA FARMA,DV000081,DV00008,,1,2,0,Enervon-C Tab 30's,Botol,25166101 / Okt-27,2," 33,101 ",," 66,202 "," 234,046 "," 25,745 "," 259,791 ",Penjualan,ANGGA,
27/07/2026,INV.KMS.2602499,DK00553,APOTEK BUNGA FARMA,DV000331,DV00033,,1,2,0,Enervon Active Tab 30's,Botol,25128503 / Jul-27,2," 36,482 ",," 72,964 ",, - , - ,Penjualan,ANGGA,
27/07/2026,INV.KMS.2602499,DK00553,APOTEK BUNGA FARMA,PG000022,PG00002,,2,2,0,Vicks Vaporub 25gr,Pcs,52536298X1 / Sep-27,5," 18,976 ",," 94,880 ",, - , - ,Penjualan,ANGGA,
27/07/2026,INV.KMS.2602500,DK00175,APOTEK MANGGALA FARMA,HF000021,HF00002,,1,2,Mengandung Prekursor,Hufagripp BP Sirup 60 ml,Botol,A800276 / Apr-30,15," 19,019 ",," 285,285 "," 311,035 "," 34,214 "," 345,249 ",Penjualan,ANGGA,
27/07/2026,INV.KMS.2602500,DK00175,APOTEK MANGGALA FARMA,HF000021,HF00002,,1,2,Mengandung Prekursor,Hufagripp BP Sirup 60 ml,Botol,A800276 / Apr-30,1," 19,019 ",100, - ,, - , - ,Penjualan,ANGGA,
27/07/2026,INV.KMS.2602500,DK00175,APOTEK MANGGALA FARMA,DV000451,DV00045,,1,2,Mengandung Prekursor,Decolgen Kids Sirup 60 ml ,Botol,6FA0223 / Jan-28,2," 12,875 ",," 25,750 ",, - , - ,Penjualan,ANGGA,
27/07/2026,INV.KMS.2602501,DK00175,APOTEK MANGGALA FARMA,CM000111,CM00011,,1,2,0,"Insto Dry Tetes Mata 7,5 ml",Botol,2638001 / Feb-29,3," 13,578 ",," 40,734 "," 257,653 "," 28,342 "," 285,995 ",Penjualan,ANGGA,
27/07/2026,INV.KMS.2602501,DK00175,APOTEK MANGGALA FARMA,DV000251,DV00025,,1,2,0,New Diatabs Tab 100's ,Dus,25145102 / Sep-27,1," 64,479 ",," 64,479 ",, - , - ,Penjualan,ANGGA,
27/07/2026,INV.KMS.2602501,DK00175,APOTEK MANGGALA FARMA,DV000051,DV00005,,1,2,0,Silex Sirup 100 ml,Botol,VE1253 / Mei-27,2," 76,220 ",," 152,440 ",, - , - ,Penjualan,ANGGA,
27/07/2026,INV.KMS.2602502,DK00400,APOTEK RSU HIKMAH,SL000061,SL00006,,1,2,0,Allopurinol 100 mg (SLF) 100's ,Dus,61070 / Jan-28,5," 23,000 ",," 115,000 "," 195,000 "," 21,450 "," 216,450 ",Penjualan,SYARIF,
27/07/2026,INV.KMS.2602502,DK00400,APOTEK RSU HIKMAH,PM000041,PM00004,,1,2,0,Paracetamol Sirup Rasa Strawberry (PIM) 60 ml,Botol,64512006 / Jun-28,20," 4,000 ",," 80,000 ",, - , - ,Penjualan,SYARIF,
27/07/2026,INV.KMS.2602503,DK00242,APOTEK K-24 PALLANGGA,EP000272,EP00027,,2,2,0,Green Oil Herbal 10 ml,Pcs,HK00120 / Apr-31,6," 11,550 ",," 69,300 "," 547,112 "," 60,182 "," 607,294 ",Penjualan,SYARIF,
27/07/2026,INV.KMS.2602503,DK00242,APOTEK K-24 PALLANGGA,KF001401,KF00140,,1,2,Generik,Miconazole 2% Krim (KF) 10g @24 Tube,Dus,L52663W / Des-28,1," 103,512 ",," 103,512 ",, - , - ,Penjualan,SYARIF,
27/07/2026,INV.KMS.2602503,DK00242,APOTEK K-24 PALLANGGA,DV000241,DV00024,,1,2,0,Natur E Advanced Soft Caps 32's,Dus,5EG1588 / Aug-27,2," 69,319 ",," 138,638 ",, - , - ,Penjualan,SYARIF,
27/07/2026,INV.KMS.2602503,DK00242,APOTEK K-24 PALLANGGA,DV000091,DV00009,,1,2,0,Enervon-C Tab 100's,Dus,25191601 / Okt-27,1," 112,382 ",," 112,382 ",, - , - ,Penjualan,SYARIF,
27/07/2026,INV.KMS.2602503,DK00242,APOTEK K-24 PALLANGGA,KF000332,KF00033,,2,2,OTC,Asifit Kaplet-Blister 30's,Dus,I51472N / Sep-27,2," 61,640 ",," 123,280 ",, - , - ,Penjualan,SYARIF,
27/07/2026,INV.KMS.2602504,DK00557,APOTEK K-24 BULU BULU,HP000051,HP00005,,1,2,0,Salep 2-4 (Holi) 30 g,Pot,4506005 / Jun-27,3," 5,091 ",," 15,273 "," 170,364 "," 18,740 "," 189,104 ",Penjualan,ANGGA,
27/07/2026,INV.KMS.2602504,DK00557,APOTEK K-24 BULU BULU,HP000052,HP00005,,2,2,0,Salep 2-4 (Holi) 30 g,Pot,4507046 / Jul-27,1," 5,091 ",," 5,091 ",, - , - ,Penjualan,ANGGA,
27/07/2026,INV.KMS.2602504,DK00557,APOTEK K-24 BULU BULU,KF001431,KF00143,,1,2,Generik,Ketoconazole 2% Krim (KF) 10g @25 Tube,Dus,B60247W / Feb-28,1," 127,500 ",," 127,500 ",, - , - ,Penjualan,ANGGA,
27/07/2026,INV.KMS.2602504,DK00557,APOTEK K-24 BULU BULU,KF000371,KF00037,,1,2,OTC,Bedak Salisil 2% 60gr,Pot,D60155S / Apr-31,3," 7,500 ",," 22,500 ",, - , - ,Penjualan,ANGGA,
27/07/2026,INV.KMS.2602505,DK00557,APOTEK K-24 BULU BULU,CM000031,CM00003,,1,2,Mengandung Prekursor,OBHC Anak Strawberry 60 ml,Botol,6OC132 / Mar-28,3," 16,832 ",," 50,496 "," 312,532 "," 34,379 "," 346,911 ",Penjualan,ANGGA,
27/07/2026,INV.KMS.2602505,DK00557,APOTEK K-24 BULU BULU,CM000071,CM00007,,1,2,Mengandung Prekursor,OBHC Batuk Flu Menthol 60 ml,Botol,6OA014 / Jan-28,3," 15,540 ",," 46,620 ",, - , - ,Penjualan,ANGGA,
27/07/2026,INV.KMS.2602505,DK00557,APOTEK K-24 BULU BULU,HF000021,HF00002,,1,2,Mengandung Prekursor,Hufagripp BP Sirup 60 ml,Botol,A800276 / Apr-30,8," 19,019 ",," 152,152 ",, - , - ,Penjualan,ANGGA,
27/07/2026,INV.KMS.2602505,DK00557,APOTEK K-24 BULU BULU,HF000042,HF00004,,2,2,Mengandung Prekursor,Hufagripp Pilek Sirup 60 ml,Botol,C600345 / Des-28,4," 15,816 ",," 63,264 ",, - , - ,Penjualan,ANGGA,
27/07/2026,INV.KMS.2602506,DK00234,APOTEK K-24 CENDRAWASIH,PS000321,PS00032,,1,2,0,Primaquine Phosphate 15 mg 100's,Dus,96386001 / Jan-28,2," 110,000 ",," 220,000 "," 460,000 "," 50,600 "," 510,600 ",Penjualan,SYARIF,
27/07/2026,INV.KMS.2602506,DK00234,APOTEK K-24 CENDRAWASIH,SE000011,SE00001,,1,2,0,Plossa Eucalyptus 10 ml,Pcs,001D6 / Apr-28,12," 10,000 ",," 120,000 ",, - , - ,Penjualan,SYARIF,
27/07/2026,INV.KMS.2602506,DK00234,APOTEK K-24 CENDRAWASIH,SE000032,SE00003,,2,2,0,Plossa Red Hot 10 ml,Pcs,005L5 / Des-27,12," 10,000 ",," 120,000 ",, - , - ,Penjualan,SYARIF,
27/07/2026,INV.KMS.2602507,DK00336,RSIA CAHAYA MEDIKA,JJ000041,JJ00004,,1,2,0,Combantrin Sirup Rasa Jeruk 10 ml,Botol,NK2113 / Okt-28,6," 18,312 ",," 109,872 "," 109,872 "," 12,086 "," 121,958 ",Penjualan,ANGGA,
27/07/2026,INV.KMS.2602508,DK00211,APOTEK WAHYUNI FARMA,EP000111,EP00011,,1,2,0,GPU Cair Sereh 60 ml,Botol,HR02407 / Mar-31,3," 17,031 ",," 51,093 "," 105,577 "," 11,613 "," 117,190 ",Penjualan,SYARIF,
27/07/2026,INV.KMS.2602508,DK00211,APOTEK WAHYUNI FARMA,SL000111,SL00011,,1,2,0,Cotrimoksazole 480 mg (SLF) 100's,Dus,54012 / Okt-28,1," 25,000 ",," 25,000 ",, - , - ,Penjualan,SYARIF,
27/07/2026,INV.KMS.2602508,DK00211,APOTEK WAHYUNI FARMA,PH000051,PH00005,,1,2,0,Proris Forte Suspensi 50 ml ,Dus,D6B693A / Feb-28,1," 29,484 ",," 29,484 ",, - , - ,Penjualan,SYARIF,
27/07/2026,INV.KMS.2602509,DK00211,APOTEK WAHYUNI FARMA,PG000071,PG00007,,1,2,OOT,Vicks Formula 44 Dewasa 54 ml,Botol,53286298A1 / Nov-27,3," 19,097 ",," 57,291 "," 57,291 "," 6,302 "," 63,593 ",Penjualan,SYARIF,
27/07/2026,INV.KMS.2602510,DK00281,"RUMAH SAKIT IBU DAN ANAK ""AMANAT""",SR000011,SR00001,,1,2,0,Dextrose 5% Infus (Satoria) 500 ml,Botol,2B1A6E001 / Mei-28,97," 7,780 ",," 754,660 "," 754,660 "," 83,013 "," 837,673 ",Penjualan,SYARIF,
27/07/2026,INV.KMS.2602511,DK00505,APOTEK SHALIKHA MEDIKA,NP000461,NP00046,,1,2,0,"Meloxicam 7,5 mg (Nova) 100's",Dus,251103174 / Nov-27,1," 17,000 ",," 17,000 "," 256,576 "," 28,223 "," 284,799 ",Penjualan,SYARIF,
27/07/2026,INV.KMS.2602511,DK00505,APOTEK SHALIKHA MEDIKA,EP000141,EP00014,,1,2,0,Balsem Otot Geliga 20 gr,Pcs,HA02251 / Feb-31,3," 9,135 ",," 27,405 ",, - , - ,Penjualan,SYARIF,
27/07/2026,INV.KMS.2602511,DK00505,APOTEK SHALIKHA MEDIKA,EP000142,EP00014,,2,2,0,Balsem Otot Geliga 20 gr,Pcs,HR01351 / Mar-31,1," 9,135 ",," 9,135 ",, - , - ,Penjualan,SYARIF,
27/07/2026,INV.KMS.2602511,DK00505,APOTEK SHALIKHA MEDIKA,JJ000041,JJ00004,,1,2,0,Combantrin Sirup Rasa Jeruk 10 ml,Botol,NK2113 / Okt-28,3," 18,312 ",," 54,936 ",, - , - ,Penjualan,SYARIF,
27/07/2026,INV.KMS.2602511,DK00505,APOTEK SHALIKHA MEDIKA,US000051,US00005,,1,2,0,Hot in Cream Botol 120 gr (Putih),Botol,25D02877 / Apr-28,3," 26,900 ",," 80,700 ",, - , - ,Penjualan,SYARIF,
27/07/2026,INV.KMS.2602511,DK00505,APOTEK SHALIKHA MEDIKA,PM000021,PM00002,,1,2,0,Parasetamol 500 mg (PIM) 100's,Dus,05603134 / Mar-30,1," 20,900 ",," 20,900 ",, - , - ,Penjualan,SYARIF,
27/07/2026,INV.KMS.2602511,DK00505,APOTEK SHALIKHA MEDIKA,NU000011,NU00001,,1,2,0,Cetirizine HCl 10 mg (Nulab) 100's,Dus,2601180 / Jan-28,1," 28,500 ",," 28,500 ",, - , - ,Penjualan,SYARIF,
27/07/2026,INV.KMS.2602511,DK00505,APOTEK SHALIKHA MEDIKA,EL000151,EL00015,,1,2,0,Diclofenac Sodium 50 mg (Erela) 100's,Dus,C2860245 / Nov-28,1," 18,000 ",," 18,000 ",, - , - ,Penjualan,SYARIF,
27/07/2026,INV.KMS.2602512,DK00505,APOTEK SHALIKHA MEDIKA,DV000392,DV00039,,2,2,0,Natur E White 16's ,Dus,5EJ2076 / Okt-27,1," 44,802 ",," 44,802 "," 135,236 "," 14,876 "," 150,112 ",Penjualan,SYARIF,
27/07/2026,INV.KMS.2602512,DK00505,APOTEK SHALIKHA MEDIKA,GS000111,GS00011,,1,2,0,Scott's Emulsion Vita Rasa Jeruk 200 ml,Botol ,5NF076 / Jun-27,2," 45,217 ",," 90,434 ",, - , - ,Penjualan,SYARIF,
27/07/2026,INV.KMS.2602513,DK00099,RSIA SENTOSA,IF000141,IF00014,,1,2,0,"Paracetamol Drops 60 mg/0,6 ml (Ifars) 15 ml",Botol,UF00L / Nov-27,20," 10,890 ",," 217,800 "," 217,800 "," 23,958 "," 241,758 ",Penjualan,ANGGA,
28/07/2026,INV.KMS.2602514,DK00292,APOTEK PINTU DUA,KF000332,KF00033,,2,2,OTC,Asifit Kaplet-Blister 30's,Dus,I51472N / Sep-27,1," 61,640 ",," 61,640 "," 1,094,778 "," 120,426 "," 1,215,204 ",Penjualan,ANGGA,
28/07/2026,INV.KMS.2602514,DK00292,APOTEK PINTU DUA,MC000091,MC00009,,1,2,0,Neurobion Forte Tab 250's,Dus,L0483714 / Nov-27,1," 1,033,138 ",," 1,033,138 ",, - , - ,Penjualan,ANGGA,
28/07/2026,INV.KMS.2602515,DK00346,APOTEK DELIMA,HF000012,HF00001,,2,2,Mengandung Prekursor,Hufagripp Flu & Batuk Sirup 60 ml,Botol,A900626 / Mar-29,15," 21,620 ",," 324,300 "," 515,351 "," 56,689 "," 572,040 ",Penjualan,ANGGA,
28/07/2026,INV.KMS.2602515,DK00346,APOTEK DELIMA,HF000012,HF00001,,2,2,Mengandung Prekursor,Hufagripp Flu & Batuk Sirup 60 ml,Botol,A900626 / Mar-29,1," 21,620 ",100, - ,, - , - ,Penjualan,ANGGA,
28/07/2026,INV.KMS.2602515,DK00346,APOTEK DELIMA,PM000011,PM00001,,1,2,Mengandung Prekursor,Pim-Tra-Kol Sirup Lemon 60 ml,Botol,B1602011 / Feb-28,7," 13,789 ",," 96,523 ",, - , - ,Penjualan,ANGGA,
28/07/2026,INV.KMS.2602515,DK00346,APOTEK DELIMA,CM000051,CM00005,,1,2,Mengandung Prekursor,OBHC Batuk Flu Jahe 60 ml,Botol,6OA042 / Jan-28,2," 15,540 ",," 31,080 ",, - , - ,Penjualan,ANGGA,
28/07/2026,INV.KMS.2602515,DK00346,APOTEK DELIMA,GS000131,GS00013,,1,2,Mengandung Prekursor,Actifed Plus Cough Suppressant 25 ml,Dus,T95H / Des-28,2," 22,969 ",," 45,938 ",, - , - ,Penjualan,ANGGA,
28/07/2026,INV.KMS.2602515,DK00346,APOTEK DELIMA,DV000431,DV00043,,1,2,Mengandung Prekursor,Decolsin Sirup 60 ml,Botol,6FA0071 / Jan-28,1," 17,510 ",," 17,510 ",, - , - ,Penjualan,ANGGA,
28/07/2026,INV.KMS.2602516,DK00346,APOTEK DELIMA,JJ000041,JJ00004,,1,2,0,Combantrin Sirup Rasa Jeruk 10 ml,Botol,NK2113 / Okt-28,5," 18,312 ",," 91,560 "," 576,683 "," 63,435 "," 640,118 ",Penjualan,ANGGA,
28/07/2026,INV.KMS.2602516,DK00346,APOTEK DELIMA,EP000011,EP00001,,1,2,0,MKP (Cap Lang) 30 ml ,Botol,HM01517 / Jan-31,12," 12,075 ",," 144,900 ",, - , - ,Penjualan,ANGGA,
28/07/2026,INV.KMS.2602516,DK00346,APOTEK DELIMA,DV000041,DV00004,,1,2,0,Vicee Orange Tab 100's,Dus,LX5A121 / Jan-28,1," 63,688 ",," 63,688 ",, - , - ,Penjualan,ANGGA,
28/07/2026,INV.KMS.2602516,DK00346,APOTEK DELIMA,IF000231,IF00023,,1,2,0,Histigo 6 mg NEW 100's ,Dus,JC05N / Des-27,1," 50,000 ",," 50,000 ",, - , - ,Penjualan,ANGGA,
28/07/2026,INV.KMS.2602516,DK00346,APOTEK DELIMA,EP000111,EP00011,,1,2,0,GPU Cair Sereh 60 ml,Botol,HR02407 / Mar-31,2," 17,031 ",," 34,062 ",, - , - ,Penjualan,ANGGA,
28/07/2026,INV.KMS.2602516,DK00346,APOTEK DELIMA,DV000031,DV00003,,1,2,0,Vicee Lemon Tab 100's,Dus,KX5A369 / Des-27,1," 63,688 ",," 63,688 ",, - , - ,Penjualan,ANGGA,
28/07/2026,INV.KMS.2602516,DK00346,APOTEK DELIMA,EP000142,EP00014,,2,2,0,Balsem Otot Geliga 20 gr,Pcs,HR01351 / Mar-31,3," 9,135 ",," 27,405 ",, - , - ,Penjualan,ANGGA,
28/07/2026,INV.KMS.2602516,DK00346,APOTEK DELIMA,EP000071,EP00007,,1,2,0,MKP (Cap Lang) 15 ml ,Botol,HM01214 / Jan-31,12," 6,615 ",," 79,380 ",, - , - ,Penjualan,ANGGA,
28/07/2026,INV.KMS.2602516,DK00346,APOTEK DELIMA,CC000081,CC00008,,1,2,0,Herocyn 85 gr,Pcs,26BD029 / Feb-30,2," 11,000 ",," 22,000 ",, - , - ,Penjualan,ANGGA,
28/07/2026,INV.KMS.2602517,DK00346,APOTEK DELIMA,ME000051,ME00005,,1,2,0,"Dexamethasone 0,5 mg (MEF) 200's",Dus,1508527 / Aug-30,1," 30,000 ",," 30,000 "," 228,456 "," 25,130 "," 253,586 ",Penjualan,ANGGA,
28/07/2026,INV.KMS.2602517,DK00346,APOTEK DELIMA,TR000093,TR00009,,3,2,0,Ibuprofen 400 mg (Triman) 100's,Dus,B26110 / Feb-28,2," 28,750 ",," 57,500 ",, - , - ,Penjualan,ANGGA,
28/07/2026,INV.KMS.2602517,DK00346,APOTEK DELIMA,NU000042,NU00004,,2,2,0,Omeprazole 20 mg (Nulab) 100's,Dus,2604055 / Apr-28,1," 37,000 ",," 37,000 ",, - , - ,Penjualan,ANGGA,
28/07/2026,INV.KMS.2602517,DK00346,APOTEK DELIMA,PM000061,PM00006,,1,2,0,Pim-Tra-Kol Kids Sirup 60 ml,Botol,63506002 / Des-27,3," 12,075 ",," 36,225 ",, - , - ,Penjualan,ANGGA,
28/07/2026,INV.KMS.2602517,DK00346,APOTEK DELIMA,CM000091,CM00009,,1,2,0,"Insto Cool Tetes Mata 7,5 ml",Botol,2661006 / Jan-28,3," 14,577 ",," 43,731 ",, - , - ,Penjualan,ANGGA,
28/07/2026,INV.KMS.2602517,DK00346,APOTEK DELIMA,EL000091,EL00009,,1,2,0,"Erlamycetin Salep Mata 3,5 gr",Tube ,0.0460131 / Jun-29,1," 12,000 ",," 12,000 ",, - , - ,Penjualan,ANGGA,
28/07/2026,INV.KMS.2602517,DK00346,APOTEK DELIMA,EL000092,EL00009,,2,2,0,"Erlamycetin Salep Mata 3,5 gr",Tube ,0.0461075 / Apr-30,1," 12,000 ",," 12,000 ",, - , - ,Penjualan,ANGGA,
28/07/2026,INV.KMS.2602518,DK00346,APOTEK DELIMA,SE000032,SE00003,,2,2,0,Plossa Red Hot 10 ml,Pcs,005L5 / Des-27,6," 10,000 ",," 60,000 "," 107,008 "," 11,771 "," 118,779 ",Penjualan,ANGGA,
28/07/2026,INV.KMS.2602518,DK00346,APOTEK DELIMA,EL000071,EL00007,,1,2,0,Ambroxol Sirup (Erela) 60 ml,Botol,S2960127 / Okt-27,4," 6,325 ",," 25,300 ",, - , - ,Penjualan,ANGGA,
28/07/2026,INV.KMS.2602518,DK00346,APOTEK DELIMA,AF000122,AF00012,,2,2,0,Calcium Lactate 500 mg (AFI) 100's,Dus,A50616 / Feb-29,1," 21,708 ",," 21,708 ",, - , - ,Penjualan,ANGGA,
28/07/2026,INV.KMS.2602519,DK00346,APOTEK DELIMA,PG000041,PG00004,,1,2,OOT,Vicks Formula 44 Anak Strawberry 27 ml,Botol,52086298K1 / Jul-27,3," 11,440 ",," 34,320 "," 34,320 "," 3,775 "," 38,095 ",Penjualan,ANGGA,
28/07/2026,INV.KMS.2602520,DK00346,APOTEK DELIMA,BF000541,BF00054,,1,2,0,Biolysin Tab 100's,Dus,TSH79254 / Jul-28,1," 46,000 ",2," 45,080 "," 45,080 "," 4,959 "," 50,039 ",Penjualan,ANGGA,
28/07/2026,INV.KMS.2602521,DK00103,RUMAH SAKIT MITRA HUSADA,KF000371,KF00037,,1,2,OTC,Bedak Salisil 2% 60gr,Pot,D60155S / Apr-31,6," 7,500 ",," 45,000 "," 101,000 "," 11,110 "," 112,110 ",Penjualan,ANGGA,
28/07/2026,INV.KMS.2602521,DK00103,RUMAH SAKIT MITRA HUSADA,PM000041,PM00004,,1,2,0,Paracetamol Sirup Rasa Strawberry (PIM) 60 ml,Botol,64512006 / Jun-28,14," 4,000 ",," 56,000 ",, - , - ,Penjualan,ANGGA,
28/07/2026,INV.KMS.2602522,DK00333,APOTEK ANUGERAH SEJATI ,AA000011,AA00001,,1,2,0,Madu Vitabumin 130 ml,Botol,25092602 / Okt-27,3," 52,436 ",," 157,308 "," 216,906 "," 23,860 "," 240,766 ",Penjualan,SYARIF,
28/07/2026,INV.KMS.2602522,DK00333,APOTEK ANUGERAH SEJATI ,EP000102,EP00010,,2,2,0,GPU Cair Sereh 30 ml,Botol,HR02805 / Mar-31,6," 9,933 ",," 59,598 ",, - , - ,Penjualan,SYARIF,
28/07/2026,INV.KMS.2602523,DK00391,APOTEK K-24 PACCERAKKANG FARMA,TM000291,TM00029,,1,2,0,Vitamin E IPI 30's,Botol,050386 / Apr-28,3," 9,517 ",," 28,551 "," 164,205 "," 18,063 "," 182,268 ",Penjualan,ANGGA,
28/07/2026,INV.KMS.2602523,DK00391,APOTEK K-24 PACCERAKKANG FARMA,TM000252,TM00025,,2,2,0,Vitamin D3 + K2 IPI 25's,Botol,051076 / Mei-28,12," 9,517 ",," 114,204 ",, - , - ,Penjualan,ANGGA,
28/07/2026,INV.KMS.2602523,DK00391,APOTEK K-24 PACCERAKKANG FARMA,NC000041,NC00004,,1,2,0,Bedak Salicyl Non Menthol (Nellco) 60gr,Pot,8035012 / Mar-29,3," 7,150 ",," 21,450 ",, - , - ,Penjualan,ANGGA,
28/07/2026,INV.KMS.2602524,DK00593,APOTEK AZHAM MEDIKA ROMANGPOLONG,MC000011,MC00001,,1,2,0,Sangobion Caps 250's,Dus,L0792178 / Aug-27,1," 471,750 ",," 471,750 "," 471,750 "," 51,893 "," 523,643 ",Penjualan,SYARIF,
28/07/2026,INV.KMS.2602525,LK00068,APOTEK MUGHNI FARMA,PS000271,PS00027,,1,2,0,Antimo Tab Dewasa 720's,Dus,86002387 / Nov-30,1," 309,600 ",," 309,600 "," 781,350 "," 85,949 "," 867,299 ",Penjualan,ANGGA,
28/07/2026,INV.KMS.2602525,LK00068,APOTEK MUGHNI FARMA,MC000011,MC00001,,1,2,0,Sangobion Caps 250's,Dus,L0792178 / Aug-27,1," 471,750 ",," 471,750 ",, - , - ,Penjualan,ANGGA,
28/07/2026,INV.KMS.2602526,DK00228,APOTEK K-24 BTP TAMALANREA,TR000041,TR00004,,1,2,0,Antasida DOEN (Triman) 100's,Dus,A26086 / Jan-29,2," 19,145 ",," 38,290 "," 152,205 "," 16,743 "," 168,948 ",Penjualan,ANGGA,
28/07/2026,INV.KMS.2602526,DK00228,APOTEK K-24 BTP TAMALANREA,KF001441,KF00144,,1,2,Generik,"Gentamicin Sulfate 0,1% Krim (KF) 5g @10 Tube",Dus,C60526W / Mar-28,2," 33,190 ",," 66,380 ",, - , - ,Penjualan,ANGGA,
28/07/2026,INV.KMS.2602526,DK00228,APOTEK K-24 BTP TAMALANREA,GL000021,GL00002,,1,2,0,Caladine Lotion 60 ml,Botol,A26002 / Jan-28,3," 15,845 ",," 47,535 ",, - , - ,Penjualan,ANGGA,
28/07/2026,INV.KMS.2602527,DK00411,APOTEK MEDIKA FARMA,PS000201,PS00020,,1,2,0,Diclofenac Sodium 25 mg (Phapros) 50's,Dus,86364007 / Okt-27,4," 16,500 ",," 66,000 "," 110,418 "," 12,146 "," 122,564 ",Penjualan,SYARIF,
28/07/2026,INV.KMS.2602527,DK00411,APOTEK MEDIKA FARMA,EP000421,EP00042,,1,2,0,Kool Fever Dewasa 6's,Dus ,XXXXX / Jan-29,1," 44,418 ",," 44,418 ",, - , - ,Penjualan,SYARIF,
29/07/2026,INV.KMS.2602528,DK00001,APOTEK AL VARAN FARMA,BF000511,BF00051,,1,2,Generik,Aciclovir Krim 5% (Berno) 5g @25 Tube,Dus,LCK85454 / Sep-30,1," 75,000 ",5," 71,250 "," 128,685 "," 14,155 "," 142,840 ",Penjualan,ANGGA,
29/07/2026,INV.KMS.2602528,DK00001,APOTEK AL VARAN FARMA,TR000041,TR00004,,1,2,0,Antasida DOEN (Triman) 100's,Dus,A26086 / Jan-29,5," 19,145 ",40," 57,435 ",, - , - ,Penjualan,ANGGA,
29/07/2026,INV.KMS.2602529,DK00001,APOTEK AL VARAN FARMA,DV000461,DV00046,,1,2,0,Aspilets Tab 100 mg 100's,Dus,JX5A200 / Okt-27,2," 64,000 ",," 128,000 "," 360,530 "," 39,658 "," 400,188 ",Penjualan,ANGGA,
29/07/2026,INV.KMS.2602529,DK00001,APOTEK AL VARAN FARMA,PG000141,PG00014,,1,2,0,Baby Balm 20 gr,Pcs,5063C56707 / Feb-27,10," 23,253 ",," 232,530 ",, - , - ,Penjualan,ANGGA,
29/07/2026,INV.KMS.2602530,DK00196,APOTEK MUKJIZAT ,PG000011,PG00001,,1,2,0,Vicks Vaporub 10gr,Pcs,52436298X1 / Aug-27,10," 8,014 ",," 80,140 "," 585,107 "," 64,362 "," 649,469 ",Penjualan,ANGGA,
29/07/2026,INV.KMS.2602530,DK00196,APOTEK MUKJIZAT ,KF000061,KF00006,,1,2,Generik,Antihemoroid Suppo (KF) 10's,Dus,J52025W / Okt-27,3," 47,300 ",," 141,900 ",, - , - ,Penjualan,ANGGA,
29/07/2026,INV.KMS.2602530,DK00196,APOTEK MUKJIZAT ,KF001401,KF00140,,1,2,Generik,Miconazole 2% Krim (KF) 10g @24 Tube,Dus,L52663W / Des-28,2," 103,512 ",," 207,024 ",, - , - ,Penjualan,ANGGA,
29/07/2026,INV.KMS.2602530,DK00196,APOTEK MUKJIZAT ,PM000081,PM00008,,1,2,0,CTM Tab (PIM) 288's,Pack,09508106 / Aug-30,2," 19,084 ",," 38,168 ",, - , - ,Penjualan,ANGGA,
29/07/2026,INV.KMS.2602530,DK00196,APOTEK MUKJIZAT ,NP000241,NP00024,,1,2,0,Ibuprofen 200 mg (Nova) 100's,Dus,241201177 / Des-27,5," 23,575 ",," 117,875 ",, - , - ,Penjualan,ANGGA,
29/07/2026,INV.KMS.2602531,DK00333,APOTEK ANUGERAH SEJATI ,EP000301,EP00030,,1,2,0,Minyak Gandapura 60 ml,Botol,HM03604 / Jan-31,3," 13,923 ",," 41,769 "," 298,045 "," 32,785 "," 330,830 ",Penjualan,SYARIF,
29/07/2026,INV.KMS.2602531,DK00333,APOTEK ANUGERAH SEJATI ,IF000181,IF00018,,1,2,0,Cefadroxil Sirup Kering (Ifars) 60 ml,Botol,SF00K / Sep-28,4," 8,050 ",," 32,200 ",, - , - ,Penjualan,SYARIF,
29/07/2026,INV.KMS.2602531,DK00333,APOTEK ANUGERAH SEJATI ,DV000471,DV00047,,1,2,0,Degirol Tab 100's ,Dus,KX5A394 / Nov-29,1," 120,564 ",," 120,564 ",, - , - ,Penjualan,SYARIF,
29/07/2026,INV.KMS.2602531,DK00333,APOTEK ANUGERAH SEJATI ,KF001401,KF00140,,1,2,Generik,Miconazole 2% Krim (KF) 10g @24 Tube,Dus,L52663W / Des-28,1," 103,512 ",," 103,512 ",, - , - ,Penjualan,SYARIF,
29/07/2026,INV.KMS.2602532,DK00248,APOTEK PAJJAIANG FARMA,PS000011,PS00001,,1,2,0,Diclofenac Sodium 50 mg (Phapros) 50's,Dus ,96365002 / Mar-30,2," 12,500 ",," 25,000 "," 187,750 "," 20,653 "," 208,403 ",Penjualan,ANGGA,
29/07/2026,INV.KMS.2602532,DK00248,APOTEK PAJJAIANG FARMA,TR000093,TR00009,,3,2,0,Ibuprofen 400 mg (Triman) 100's,Dus,B26110 / Feb-28,1," 28,750 ",," 28,750 ",, - , - ,Penjualan,ANGGA,
29/07/2026,INV.KMS.2602532,DK00248,APOTEK PAJJAIANG FARMA,ME000051,ME00005,,1,2,0,"Dexamethasone 0,5 mg (MEF) 200's",Dus,1508527 / Aug-30,1," 30,000 ",," 30,000 ",, - , - ,Penjualan,ANGGA,
29/07/2026,INV.KMS.2602532,DK00248,APOTEK PAJJAIANG FARMA,NU000042,NU00004,,2,2,0,Omeprazole 20 mg (Nulab) 100's,Dus,2604055 / Apr-28,1," 37,000 ",," 37,000 ",, - , - ,Penjualan,ANGGA,
29/07/2026,INV.KMS.2602532,DK00248,APOTEK PAJJAIANG FARMA,YR000011,YR00001,,1,2,0,Isosorbide Dinitrate 5 mg (Yarindo) 100's,Dus,A02302HC / Aug-27,2," 33,500 ",," 67,000 ",, - , - ,Penjualan,ANGGA,
29/07/2026,PENGGANTI BARANG RETUR KIDS UNGU,BLP0048,CV. BERKAT LUMBUNG PADI,SG000012,SG00001,,2,1,0,Cessa BABY Biru Happy Nose EO 8 ml,Pcs,T201ATFZ / Jun-29,1," 27,749 ",," 27,749 "," 638,227 "," 70,205 "," 708,432 ",Barang Masuk,APJ,
29/07/2026,PENGGANTI BARANG RETUR KIDS UNGU,BLP0048,CV. BERKAT LUMBUNG PADI,SG000013,SG00001,,3,1,0,Cessa BABY Biru Happy Nose EO 8 ml,Pcs,T201AUFZ / Jun-29,20," 27,749 ",," 554,980 ",, - , - ,Barang Masuk,APJ,
29/07/2026,PENGGANTI BARANG RETUR KIDS UNGU,BLP0048,CV. BERKAT LUMBUNG PADI,SG000014,SG00001,,4,1,0,Cessa BABY Biru Happy Nose EO 8 ml,Pcs,T201AVFZ / Jun-29,2," 27,749 ",," 55,498 ",, - , - ,Barang Masuk,APJ,
29/07/2026,INV.KMS.2602533,DK00304,APOTEK K24 AZZAHRA SAMATA,GS000041,GS00004,,1,2,0,Panadol Extra 100's,Dus,JE4W / Aug-28,1," 110,931 ",," 110,931 "," 637,867 "," 70,165 "," 708,032 ",Penjualan,SYARIF,
29/07/2026,INV.KMS.2602533,DK00304,APOTEK K24 AZZAHRA SAMATA,GS000031,GS00003,,1,2,0,Panadol Kaplet 100's,Dus,B28A / Mei-28,1," 100,734 ",," 100,734 ",, - , - ,Penjualan,SYARIF,
29/07/2026,INV.KMS.2602533,DK00304,APOTEK K24 AZZAHRA SAMATA,KL000011,KL00001,,1,2,0,Bioplacenton Jelly 15 gr,Tube ,KCBPCA55250 / Sep-27,12," 30,000 ",," 360,000 ",, - , - ,Penjualan,SYARIF,
29/07/2026,INV.KMS.2602533,DK00304,APOTEK K24 AZZAHRA SAMATA,DV000081,DV00008,,1,2,0,Enervon-C Tab 30's,Botol,25166101 / Okt-27,2," 33,101 ",," 66,202 ",, - , - ,Penjualan,SYARIF,
29/07/2026,INV.KMS.2602534,DK00304,APOTEK K24 AZZAHRA SAMATA,DV000481,DV00048,,1,2,Mengandung Prekursor,Paratusin DMP Sirup 60 ml,Botol,6FC0514 / Mar-28,6," 33,000 ",," 198,000 "," 198,000 "," 21,780 "," 219,780 ",Penjualan,SYARIF,
29/07/2026,INV.KMS.2602535,DK00304,APOTEK K24 AZZAHRA SAMATA,PG000051,PG00005,,1,2,OOT,Vicks Formula 44 Anak Strawberry 54 ml,Botol,52426298G1 / Aug-27,6," 21,331 ",," 127,986 "," 429,420 "," 47,236 "," 476,656 ",Penjualan,SYARIF,
29/07/2026,INV.KMS.2602535,DK00304,APOTEK K24 AZZAHRA SAMATA,PG000081,PG00008,,1,2,OOT,Vicks Formula 44 Dewasa 100 ml,Botol,52126298B1 / Jul-27,6," 31,142 ",," 186,852 ",, - , - ,Penjualan,SYARIF,
29/07/2026,INV.KMS.2602535,DK00304,APOTEK K24 AZZAHRA SAMATA,PG000071,PG00007,,1,2,OOT,Vicks Formula 44 Dewasa 54 ml,Botol,53286298A1 / Nov-27,6," 19,097 ",," 114,582 ",, - , - ,Penjualan,SYARIF,
29/07/2026,INV.KMS.2602536,DK00304,APOTEK K24 AZZAHRA SAMATA,DV000061,DV00006,,1,2,0,Vicee Grape Tab 100's,Dus,KX5A328 / Nov-27,1," 63,688 ",," 63,688 "," 584,124 "," 64,254 "," 648,377 ",Penjualan,SYARIF,
29/07/2026,INV.KMS.2602536,DK00304,APOTEK K24 AZZAHRA SAMATA,DV000031,DV00003,,1,2,0,Vicee Lemon Tab 100's,Dus,KX5A369 / Des-27,1," 63,688 ",," 63,688 ",, - , - ,Penjualan,SYARIF,
29/07/2026,INV.KMS.2602536,DK00304,APOTEK K24 AZZAHRA SAMATA,DV000041,DV00004,,1,2,0,Vicee Orange Tab 100's,Dus,LX5A121 / Jan-28,1," 63,688 ",," 63,688 ",, - , - ,Penjualan,SYARIF,
29/07/2026,INV.KMS.2602536,DK00304,APOTEK K24 AZZAHRA SAMATA,MC000101,MC00010,,1,2,0,Dolo-Neurobion Tab 100's,Dus,L0796255 / Aug-28,1," 235,170 ",," 235,170 ",, - , - ,Penjualan,SYARIF,
29/07/2026,INV.KMS.2602536,DK00304,APOTEK K24 AZZAHRA SAMATA,DV000111,DV00011,,1,2,0,Natur E 100 IU Soft Cap 16's,Dus,5EF1288 / Jun-28,3," 17,703 ",3," 51,516 ",, - , - ,Penjualan,SYARIF,
29/07/2026,INV.KMS.2602536,DK00304,APOTEK K24 AZZAHRA SAMATA,GN000011,GN00001,,1,2,0,Beruang Minyak Gosok 30 ml,Botol,GEaY / Des-30,2," 14,700 ",," 29,400 ",, - , - ,Penjualan,SYARIF,
29/07/2026,INV.KMS.2602536,DK00304,APOTEK K24 AZZAHRA SAMATA,CC000081,CC00008,,1,2,0,Herocyn 85 gr,Pcs,26BD029 / Feb-30,3," 11,000 ",," 33,000 ",, - , - ,Penjualan,SYARIF,
29/07/2026,INV.KMS.2602536,DK00304,APOTEK K24 AZZAHRA SAMATA,SM000013,SM00001,,3,2,0,Tolak Angin Cair 12's,Dus,EL40041 / Jan-28,1," 43,974 ",," 43,974 ",, - , - ,Penjualan,SYARIF,
29/07/2026,INV.KMS.2602537,DK00177,APOTEK SYAMSINAR,KX000181,KX00018,,1,2,0,Paramex Tab Sakit Kepala 200's,Dus,I25A75 / Nov-27,1," 108,000 ",," 108,000 "," 187,225 "," 20,595 "," 207,820 ",Penjualan,ANGGA,
29/07/2026,INV.KMS.2602537,DK00177,APOTEK SYAMSINAR,GL000021,GL00002,,1,2,0,Caladine Lotion 60 ml,Botol,A26002 / Jan-28,5," 15,845 ",," 79,225 ",, - , - ,Penjualan,ANGGA,
30/07/2026,INV.KMS.2602538,DK00001,APOTEK AL VARAN FARMA,DV000471,DV00047,,1,2,0,Degirol Tab 100's ,Dus,KX5A394 / Nov-29,2," 120,564 ",," 241,128 "," 241,128 "," 26,524 "," 267,652 ",Penjualan,ANGGA,
30/07/2026,INV.KMS.2602539,DK00532,APOTEK CITRA SUDIANG,HF000012,HF00001,,2,2,Mengandung Prekursor,Hufagripp Flu & Batuk Sirup 60 ml,Botol,A900626 / Mar-29,15," 21,620 ",," 324,300 "," 324,300 "," 35,673 "," 359,973 ",Penjualan,ANGGA,
30/07/2026,INV.KMS.2602539,DK00532,APOTEK CITRA SUDIANG,HF000012,HF00001,,2,2,Mengandung Prekursor,Hufagripp Flu & Batuk Sirup 60 ml,Botol,A900626 / Mar-29,1," 21,620 ",100, - ,, - , - ,Penjualan,ANGGA,
30/07/2026,INV.KMS.2602540,DK00532,APOTEK CITRA SUDIANG,TR000101,TR00010,,1,2,0,Meloxicam 15 mg (Triman) 100's,Dus,X25115 / Nov-27,4," 25,000 ",," 100,000 "," 192,373 "," 21,161 "," 213,534 ",Penjualan,ANGGA,
30/07/2026,INV.KMS.2602540,DK00532,APOTEK CITRA SUDIANG,TM000041,TM00004,,1,2,0,My Baby M. Telon Plus 150 ml,Botol,0304726 / Mar-28,3," 30,791 ",," 92,373 ",, - , - ,Penjualan,ANGGA,
30/07/2026,INV.KMS.2602541,DK00379,APOTEK RADIANS FARMA,PG000091,PG00009,,1,2,0,"Vicks Inhaler 0,5 ml",Pcs,60546298V1 / Aug-27,6," 17,701 ",," 106,206 "," 106,206 "," 11,683 "," 117,889 ",Penjualan,SYARIF,
30/07/2026,INV.KMS.2602542,DK00379,APOTEK RADIANS FARMA,PG000081,PG00008,,1,2,OOT,Vicks Formula 44 Dewasa 100 ml,Botol,52126298B1 / Jul-27,6," 31,142 ",," 186,852 "," 186,852 "," 20,554 "," 207,406 ",Penjualan,SYARIF,
30/07/2026,INV.KMS.2602543,DK00557,APOTEK K-24 BULU BULU,GS000011,GS00001,,1,2,Mengandung Prekursor,Actifed Plus Expectorant 60 ml,Dus,N46C / Okt-28,2," 56,330 ",," 112,660 "," 175,775 "," 19,335 "," 195,110 ",Penjualan,ANGGA,
30/07/2026,INV.KMS.2602543,DK00557,APOTEK K-24 BULU BULU,CC000061,CC00006,,1,2,Mengandung Prekursor,Demacolin Sirup 60 ml,Botol,25LC054 / Nov-28,1," 14,740 ",," 14,740 ",, - , - ,Penjualan,ANGGA,
30/07/2026,INV.KMS.2602543,DK00557,APOTEK K-24 BULU BULU,KX000211,KX00021,,1,2,Mengandung Prekursor,Siladex Cough & Flu 60 ml,Botol,L25A10 / Des-27,3," 16,125 ",," 48,375 ",, - , - ,Penjualan,ANGGA,
30/07/2026,INV.KMS.2602544,DK00400,APOTEK RSU HIKMAH,DV000461,DV00046,,1,2,0,Aspilets Tab 100 mg 100's,Dus,JX5A200 / Okt-27,10," 64,000 ",2," 627,200 "," 1,024,635 "," 112,710 "," 1,137,345 ",Penjualan,SYARIF,
30/07/2026,INV.KMS.2602544,DK00400,APOTEK RSU HIKMAH,TR000041,TR00004,,1,2,0,Antasida DOEN (Triman) 100's,Dus,A26086 / Jan-29,5," 19,145 ",40," 57,435 ",, - , - ,Penjualan,SYARIF,
30/07/2026,INV.KMS.2602544,DK00400,APOTEK RSU HIKMAH,SL000061,SL00006,,1,2,0,Allopurinol 100 mg (SLF) 100's ,Dus,61070 / Jan-28,5," 23,000 ",," 115,000 ",, - , - ,Penjualan,SYARIF,
30/07/2026,INV.KMS.2602544,DK00400,APOTEK RSU HIKMAH,SL000101,SL00010,,1,2,0,Allopurinol 300 mg (SLF) 100's,Dus,52882 / Mei-28,5," 45,000 ",," 225,000 ",, - , - ,Penjualan,SYARIF,
30/07/2026,INV.KMS.2602545,DK00557,APOTEK K-24 BULU BULU,TR000093,TR00009,,3,2,0,Ibuprofen 400 mg (Triman) 100's,Dus,B26110 / Feb-28,3," 28,750 ",," 86,250 "," 130,494 "," 14,354 "," 144,848 ",Penjualan,ANGGA,
30/07/2026,INV.KMS.2602545,DK00557,APOTEK K-24 BULU BULU,PM000041,PM00004,,1,2,0,Paracetamol Sirup Rasa Strawberry (PIM) 60 ml,Botol,64512006 / Jun-28,8," 4,000 ",," 32,000 ",, - , - ,Penjualan,ANGGA,
30/07/2026,INV.KMS.2602545,DK00557,APOTEK K-24 BULU BULU,US000091,US00009,,1,2,0,Hot in DCL 30 gr,Tube,25M08094 / Nov-27,1," 12,244 ",," 12,244 ",, - , - ,Penjualan,ANGGA,
30/07/2026,PENGGANTI ED DEKAT FITUNO,KF00015,PT. Kimia Farma Trading & Distribution,KF000333,KF00033,,3,1,OTC,Asifit Kaplet-Blister 30's,Dus,G51078N / Jul-27,31," 61,640 ",," 1,910,840 "," 1,910,840 "," 210,192 "," 2,121,032 ",Barang Masuk,APJ,
30/07/2026,GSM/07-26/08258,GSM0013,PT. Graha Sejati Medika,BF000252,BF00025,,2,1,0,Ondansetron HCl Injeksi 4 mg/ 2 ml (Berno) 10's,Dus,PID14155 / Mar-28,5," 30,000 ",," 150,000 "," 650,000 "," 71,500 "," 721,500 ",Barang Masuk,APJ,
30/07/2026,GSM/07-26/08258,GSM0013,PT. Graha Sejati Medika,BF000384,BF00038,,4,1,0,Paracetamol 1 g/100 ml Infus 100 ml,Botol,PID04855 / Mar-28,20," 25,000 ",," 500,000 ",, - , - ,Barang Masuk,APJ,
31/07/2026,INV.KMS.2602546,LK00599,PUSKESMAS MARUSU,KF001441,KF00144,,1,2,Generik,"Gentamicin Sulfate 0,1% Krim (KF) 5g @10 Tube",Dus,C60526W / Mar-28,10," 33,190 ",," 331,900 "," 981,900 "," 108,009 "," 1,089,909 ",Penjualan,ANGGA,
31/07/2026,INV.KMS.2602546,LK00599,PUSKESMAS MARUSU,BF000252,BF00025,,2,2,0,Ondansetron HCl Injeksi 4 mg/ 2 ml (Berno) 10's,Dus,PID14155 / Mar-28,5," 30,000 ",," 150,000 ",, - , - ,Penjualan,ANGGA,
31/07/2026,INV.KMS.2602546,LK00599,PUSKESMAS MARUSU,BF000382,BF00038,,2,2,0,Paracetamol 1 g/100 ml Infus 100 ml,Botol,PIC06555 / Feb-28,5," 25,000 ",," 125,000 ",, - , - ,Penjualan,ANGGA,
31/07/2026,INV.KMS.2602546,LK00599,PUSKESMAS MARUSU,BF000383,BF00038,,3,2,0,Paracetamol 1 g/100 ml Infus 100 ml,Botol,PID04655 / Mar-28,5," 25,000 ",," 125,000 ",, - , - ,Penjualan,ANGGA,
31/07/2026,INV.KMS.2602546,LK00599,PUSKESMAS MARUSU,BF000384,BF00038,,4,2,0,Paracetamol 1 g/100 ml Infus 100 ml,Botol,PID04855 / Mar-28,10," 25,000 ",," 250,000 ",, - , - ,Penjualan,ANGGA,
31/07/2026,INV.KMS.2602547,DK00103,RUMAH SAKIT MITRA HUSADA,BL000031,BL00003,,1,2,0,Ibuprofen 200 mg (Balatif) 100's,Dus,T260527A / Jun-31,5," 23,575 ",," 117,875 "," 117,875 "," 12,966 "," 130,841 ",Penjualan,ANGGA,
31/07/2026,INV.KMS.2602548,DK00175,APOTEK MANGGALA FARMA,PG000141,PG00014,,1,2,0,Baby Balm 20 gr,Pcs,5063C56707 / Feb-27,2," 23,253 ",," 46,506 "," 188,622 "," 20,748 "," 209,370 ",Penjualan,ANGGA,
31/07/2026,INV.KMS.2602548,DK00175,APOTEK MANGGALA FARMA,TM000241,TM00024,,1,2,0,Bodrexin Demam Tab 12's,Dus,110485 / Nov-27,12," 4,213 ",," 50,556 ",, - , - ,Penjualan,ANGGA,
31/07/2026,INV.KMS.2602548,DK00175,APOTEK MANGGALA FARMA,JJ000041,JJ00004,,1,2,0,Combantrin Sirup Rasa Jeruk 10 ml,Botol,NK2113 / Okt-28,5," 18,312 ",," 91,560 ",, - , - ,Penjualan,ANGGA,
31/07/2026,INV.KMS.2602549,DK00222,APOTEK K-24 TODDOPULI,BM000021,BM00002,,1,2,0,MBK Putih 12's,Dus,Q106EPPS / Mei-33,2," 23,940 ",," 47,880 "," 779,495 "," 85,744 "," 865,239 ",Penjualan,SYARIF,
31/07/2026,INV.KMS.2602549,DK00222,APOTEK K-24 TODDOPULI,EP000011,EP00001,,1,2,0,MKP (Cap Lang) 30 ml ,Botol,HM01517 / Jan-31,10," 12,075 ",," 120,750 ",, - , - ,Penjualan,SYARIF,
31/07/2026,INV.KMS.2602549,DK00222,APOTEK K-24 TODDOPULI,EP000012,EP00001,,2,2,0,MKP (Cap Lang) 30 ml ,Botol,HE00418 / Mei-31,14," 12,075 ",," 169,050 ",, - , - ,Penjualan,SYARIF,
31/07/2026,INV.KMS.2602549,DK00222,APOTEK K-24 TODDOPULI,EP000022,EP00002,,2,2,0,MKP (Cap Lang) 60 ml ,Botol,HA01516 / Feb-31,12," 22,260 ",," 267,120 ",, - , - ,Penjualan,SYARIF,
31/07/2026,INV.KMS.2602549,DK00222,APOTEK K-24 TODDOPULI,IF000192,IF00019,,2,2,0,Dohixat 100 mg Cap 100's,Dus,BU023 / Apr-28,1," 49,000 ",," 49,000 ",, - , - ,Penjualan,SYARIF,
31/07/2026,INV.KMS.2602549,DK00222,APOTEK K-24 TODDOPULI,EP000221,EP00022,,1,2,0,Balsem Lang 20 gr,Pcs,PD01053 / Sep-30,3," 9,030 ",," 27,090 ",, - , - ,Penjualan,SYARIF,
31/07/2026,INV.KMS.2602549,DK00222,APOTEK K-24 TODDOPULI,CC000111,CC00011,,1,2,0,Herocyn Baby 200 gr,Pcs,25AK113 / Jan-29,4," 11,800 ",," 47,200 ",, - , - ,Penjualan,SYARIF,
31/07/2026,INV.KMS.2602549,DK00222,APOTEK K-24 TODDOPULI,EL000092,EL00009,,2,2,0,"Erlamycetin Salep Mata 3,5 gr",Tube ,0.0461075 / Apr-30,2," 12,000 ",," 24,000 ",, - , - ,Penjualan,SYARIF,
31/07/2026,INV.KMS.2602549,DK00222,APOTEK K-24 TODDOPULI,EP000142,EP00014,,2,2,0,Balsem Otot Geliga 20 gr,Pcs,HR01351 / Mar-31,3," 9,135 ",," 27,405 ",, - , - ,Penjualan,SYARIF,
31/07/2026,INV.KMS.2602550,DK00222,APOTEK K-24 TODDOPULI,TM000031,TM00003,,1,2,0,My Baby M. Telon Plus 90 ml,Botol,0553126 / Mei-28,8," 19,567 ",," 156,536 "," 473,500 "," 52,085 "," 525,585 ",Penjualan,SYARIF,
31/07/2026,INV.KMS.2602550,DK00222,APOTEK K-24 TODDOPULI,AF000231,AF00023,,1,2,0,Dun Salep Ichtiol (AFI) 15 g,Pot,C27608 / Mar-29,12," 7,500 ",," 90,000 ",, - , - ,Penjualan,SYARIF,
31/07/2026,INV.KMS.2602550,DK00222,APOTEK K-24 TODDOPULI,DV000111,DV00011,,1,2,0,Natur E 100 IU Soft Cap 16's,Dus,5EF1288 / Jun-28,2," 17,703 ",," 35,406 ",, - , - ,Penjualan,SYARIF,
31/07/2026,INV.KMS.2602550,DK00222,APOTEK K-24 TODDOPULI,EP000231,EP00023,,1,2,0,Balsem Lang 40 gr,Pcs,PK00754 / Apr-30,3," 17,640 ",," 52,920 ",, - , - ,Penjualan,SYARIF,
31/07/2026,INV.KMS.2602550,DK00222,APOTEK K-24 TODDOPULI,DV000241,DV00024,,1,2,0,Natur E Advanced Soft Caps 32's,Dus,5EG1588 / Aug-27,2," 69,319 ",," 138,638 ",, - , - ,Penjualan,SYARIF,
31/07/2026,INV.KMS.2602551,DK00548,APOTEK K-24 AROEPALA,PG000071,PG00007,,1,2,OOT,Vicks Formula 44 Dewasa 54 ml,Botol,53286298A1 / Nov-27,3," 19,097 ",," 57,291 "," 323,029 "," 35,533 "," 358,562 ",Penjualan,SYARIF,
31/07/2026,INV.KMS.2602551,DK00548,APOTEK K-24 AROEPALA,PG000082,PG00008,,2,2,OOT,Vicks Formula 44 Dewasa 100 ml,Botol,52206298A1 / Aug-27,3," 31,142 ",," 93,426 ",, - , - ,Penjualan,SYARIF,
31/07/2026,INV.KMS.2602551,DK00548,APOTEK K-24 AROEPALA,PG000041,PG00004,,1,2,OOT,Vicks Formula 44 Anak Strawberry 27 ml,Botol,52086298K1 / Jul-27,3," 11,440 ",," 34,320 ",, - , - ,Penjualan,SYARIF,
31/07/2026,INV.KMS.2602551,DK00548,APOTEK K-24 AROEPALA,PG000042,PG00004,,2,2,OOT,Vicks Formula 44 Anak Strawberry 27 ml,Botol,52436298K1 / Aug-27,1," 11,440 ",," 11,440 ",, - , - ,Penjualan,SYARIF,
31/07/2026,INV.KMS.2602551,DK00548,APOTEK K-24 AROEPALA,PG000051,PG00005,,1,2,OOT,Vicks Formula 44 Anak Strawberry 54 ml,Botol,52426298G1 / Aug-27,4," 21,331 ",," 85,324 ",, - , - ,Penjualan,SYARIF,
31/07/2026,INV.KMS.2602551,DK00548,APOTEK K-24 AROEPALA,PG000061,PG00006,,1,2,OOT,Vicks Formula 44 Dewasa 27 ml,Botol,52046298A1 / Jul-27,4," 10,307 ",," 41,228 ",, - , - ,Penjualan,SYARIF,
31/07/2026,INV.KMS.2602552,DK00548,APOTEK K-24 AROEPALA,PG000031,PG00003,,1,2,0,Vicks Vaporub 50gr,Pcs,51016298Y1 / Apr-27,2," 34,898 ",," 69,796 "," 521,180 "," 57,330 "," 578,510 ",Penjualan,SYARIF,
31/07/2026,INV.KMS.2602552,DK00548,APOTEK K-24 AROEPALA,JJ000011,JJ00001,,1,2,0,Mylanta Tab 100's,Dus,12R0041 / Jan-28,1," 80,546 ",," 80,546 ",, - , - ,Penjualan,SYARIF,
31/07/2026,INV.KMS.2602552,DK00548,APOTEK K-24 AROEPALA,TM000201,TM00020,,1,2,0,My Baby M. Telon Plus Lavender 60 ml,Botol,0552625 / Mei-27,2," 14,462 ",," 28,924 ",, - , - ,Penjualan,SYARIF,
31/07/2026,INV.KMS.2602552,DK00548,APOTEK K-24 AROEPALA,TM000211,TM00021,,1,2,0,My Baby M. Telon Plus Lavender 90 ml,Botol,0952725 / Sep-27,2," 19,567 ",," 39,134 ",, - , - ,Penjualan,SYARIF,
31/07/2026,INV.KMS.2602552,DK00548,APOTEK K-24 AROEPALA,NC000031,NC00003,,1,2,0,Bedak Salicyl Menthol (Nellco) 60gr,Pot,8026003 / Jun-30,4," 7,150 ",," 28,600 ",, - , - ,Penjualan,SYARIF,
31/07/2026,INV.KMS.2602552,DK00548,APOTEK K-24 AROEPALA,CC000081,CC00008,,1,2,0,Herocyn 85 gr,Pcs,26BD029 / Feb-30,3," 11,000 ",," 33,000 ",, - , - ,Penjualan,SYARIF,
31/07/2026,INV.KMS.2602552,DK00548,APOTEK K-24 AROEPALA,TM000272,TM00027,,2,2,0,Vitamin D3 1000 IU IPI 30's,Botol,050996 / Mei-28,10," 8,816 ",," 88,160 ",, - , - ,Penjualan,SYARIF,
31/07/2026,INV.KMS.2602552,DK00548,APOTEK K-24 AROEPALA,TM000261,TM00026,,1,2,0,Zinc IPI 45's,Botol,051026 / Mei-28,10," 9,517 ",," 95,170 ",, - , - ,Penjualan,SYARIF,
31/07/2026,INV.KMS.2602552,DK00548,APOTEK K-24 AROEPALA,TM000121,TM00012,,1,2,0,Vitamin B Complex IPI 45's,Botol,050416 / Mei-28,10," 5,785 ",," 57,850 ",, - , - ,Penjualan,SYARIF,
31/07/2026,INV.KMS.2602553,DK00234,APOTEK K-24 CENDRAWASIH,KF000061,KF00006,,1,2,Generik,Antihemoroid Suppo (KF) 10's,Dus,J52025W / Okt-27,3," 47,300 ",," 141,900 "," 141,900 "," 15,609 "," 157,509 ",Penjualan,SYARIF,
31/07/2026,INV.KMS.2602554,DK00174,APOTEK MAMPO REJEKI,PM000081,PM00008,,1,2,0,CTM Tab (PIM) 288's,Pack,09508106 / Aug-30,1," 19,084 ",," 19,084 "," 330,277 "," 36,330 "," 366,607 ",Penjualan,ANGGA,
31/07/2026,INV.KMS.2602554,DK00174,APOTEK MAMPO REJEKI,NC000061,NC00006,,1,2,0,Nellco Sp OBH PE Menthol 55 ml,Botol,2085015 / Feb-27,2," 18,817 ",," 37,634 ",, - , - ,Penjualan,ANGGA,
31/07/2026,INV.KMS.2602554,DK00174,APOTEK MAMPO REJEKI,EP000012,EP00001,,2,2,0,MKP (Cap Lang) 30 ml ,Botol,HE00418 / Mei-31,12," 12,075 ",," 144,900 ",, - , - ,Penjualan,ANGGA,
31/07/2026,INV.KMS.2602554,DK00174,APOTEK MAMPO REJEKI,KL000011,KL00001,,1,2,0,Bioplacenton Jelly 15 gr,Tube ,KCBPCA55250 / Sep-27,2," 30,000 ",," 60,000 ",, - , - ,Penjualan,ANGGA,
31/07/2026,INV.KMS.2602554,DK00174,APOTEK MAMPO REJEKI,KF000661,KF00066,,1,2,Generik,Azithromycin 500 mg (KF) 20's,Dus,G51932J / Jul-27,1," 68,659 ",," 68,659 ",, - , - ,Penjualan,ANGGA,
01/08/2026,INV.KMS.2602555,DK00266,APOTEK KARTINI,TR000041,TR00004,,1,2,0,Antasida DOEN (Triman) 100's,Dus,A26086 / Jan-29,2," 19,145 ",," 38,290 "," 323,742 "," 35,612 "," 359,354 ",Penjualan,ANGGA,
01/08/2026,INV.KMS.2602555,DK00266,APOTEK KARTINI,HP000041,HP00004,,1,2,0,Ibuprofen Sirup (Holi) 60 ml,Botol,2508085 / Aug-28,10," 6,000 ",," 60,000 ",, - , - ,Penjualan,ANGGA,
01/08/2026,INV.KMS.2602555,DK00266,APOTEK KARTINI,EL000131,EL00013,,1,2,0,"Gentamicyn Sulfat 0,3% Salep Mata (Erela) 3,5g @24 Tube",Dus,O1460052 / Okt-28,1," 225,452 ",," 225,452 ",, - , - ,Penjualan,ANGGA,
01/08/2026,INV.KMS.2602556,DK00304,APOTEK K24 AZZAHRA SAMATA,PG000022,PG00002,,2,2,0,Vicks Vaporub 25gr,Pcs,52536298X1 / Sep-27,5," 19,819 ",," 99,095 "," 554,401 "," 60,984 "," 615,385 ",Penjualan,SYARIF,
01/08/2026,INV.KMS.2602556,DK00304,APOTEK K24 AZZAHRA SAMATA,PG000091,PG00009,,1,2,0,"Vicks Inhaler 0,5 ml",Pcs,60546298V1 / Aug-27,6," 17,701 ",," 106,206 ",, - , - ,Penjualan,SYARIF,
01/08/2026,INV.KMS.2602556,DK00304,APOTEK K24 AZZAHRA SAMATA,PH000011,PH00001,,1,2,0,Microlax Gel 5 ml,Tube,D5H813L / Aug-28,10," 20,000 ",," 200,000 ",, - , - ,Penjualan,SYARIF,
01/08/2026,INV.KMS.2602556,DK00304,APOTEK K24 AZZAHRA SAMATA,PG000031,PG00003,,1,2,0,Vicks Vaporub 50gr,Pcs,51016298Y1 / Apr-27,4," 37,275 ",," 149,100 ",, - , - ,Penjualan,SYARIF,
01/08/2026,INV.KMS.2602557,DK00524,APOTEK K-24 PERINTIS,KF001421,KF00142,,1,2,Generik,"Betametason 0,1% Krim (KF) 5g @25 Tube",Dus,K52217W / Nov-27,1," 63,750 ",," 63,750 "," 108,168 "," 11,898 "," 120,066 ",Penjualan,ANGGA,
01/08/2026,INV.KMS.2602557,DK00524,APOTEK K-24 PERINTIS,EP000421,EP00042,,1,2,0,Kool Fever Dewasa 6's,Dus ,XXXXX / Jan-29,1," 44,418 ",," 44,418 ",, - , - ,Penjualan,ANGGA,
01/08/2026,INV.KMS.2602558,DK00283,APOTEK SALSABILA FARMA,RM000122,RM00012,,2,2,0,Amlodipine Besilate 10 mg (Rama) 100's,Dus,T03052BF / Mar-28,5," 15,554 ",," 77,770 "," 430,268 "," 47,329 "," 477,597 ",Penjualan,SYARIF,
01/08/2026,INV.KMS.2602558,DK00283,APOTEK SALSABILA FARMA,RM000151,RM00015,,1,2,0,Amlodipine Besilate 5 mg (Rama) 100's,Dus,T01160BF / Feb-29,5," 13,332 ",," 66,660 ",, - , - ,Penjualan,SYARIF,
01/08/2026,INV.KMS.2602558,DK00283,APOTEK SALSABILA FARMA,BL000031,BL00003,,1,2,0,Ibuprofen 200 mg (Balatif) 100's,Dus,T260527A / Jun-31,2," 23,575 ",," 47,150 ",, - , - ,Penjualan,SYARIF,
01/08/2026,INV.KMS.2602558,DK00283,APOTEK SALSABILA FARMA,TR000093,TR00009,,3,2,0,Ibuprofen 400 mg (Triman) 100's,Dus,B26110 / Feb-28,2," 28,750 ",," 57,500 ",, - , - ,Penjualan,SYARIF,
01/08/2026,INV.KMS.2602558,DK00283,APOTEK SALSABILA FARMA,SL000111,SL00011,,1,2,0,Cotrimoksazole 480 mg (SLF) 100's,Dus,54012 / Okt-28,2," 25,000 ",," 50,000 ",, - , - ,Penjualan,SYARIF,
01/08/2026,INV.KMS.2602558,DK00283,APOTEK SALSABILA FARMA,NP000091,NP00009,,1,2,0,Ciprofloxacin 500 mg (Nova) 100's,Dus,2505-02-108 / Mei-29,1," 47,000 ",," 47,000 ",, - , - ,Penjualan,SYARIF,
01/08/2026,INV.KMS.2602558,DK00283,APOTEK SALSABILA FARMA,NP000301,NP00030,,1,2,0,Metronidazole 500 mg (Nova) 100's,Dus,2507-111-29 / Jul-27,1," 30,188 ",," 30,188 ",, - , - ,Penjualan,SYARIF,
01/08/2026,INV.KMS.2602558,DK00283,APOTEK SALSABILA FARMA,NU000042,NU00004,,2,2,0,Omeprazole 20 mg (Nulab) 100's,Dus,2604055 / Apr-28,1," 37,000 ",," 37,000 ",, - , - ,Penjualan,SYARIF,
01/08/2026,INV.KMS.2602558,DK00283,APOTEK SALSABILA FARMA,KF000321,KF00032,,1,2,Generik,Simvastatin 10 mg (KF) 50's,Dus,E50674N / Mei-27,1," 17,000 ",," 17,000 ",, - , - ,Penjualan,SYARIF,
01/08/2026,INV.KMS.2602559,DK00283,APOTEK SALSABILA FARMA,NP000351,NP00035,,1,2,0,Simvastatin 20 mg (Nova) 100's,Dus,2509-13-335 / Sep-27,2," 25,000 ",," 50,000 "," 669,090 "," 73,600 "," 742,690 ",Penjualan,SYARIF,
01/08/2026,INV.KMS.2602559,DK00283,APOTEK SALSABILA FARMA,AF000191,AF00019,,1,2,0,Vitamin C 50 mg (AFI) 100's,Dus,E30512 / Mei-28,3," 10,350 ",," 31,050 ",, - , - ,Penjualan,SYARIF,
01/08/2026,INV.KMS.2602559,DK00283,APOTEK SALSABILA FARMA,PM000041,PM00004,,1,2,0,Paracetamol Sirup Rasa Strawberry (PIM) 60 ml,Botol,64512006 / Jun-28,10," 4,000 ",," 40,000 ",, - , - ,Penjualan,SYARIF,
01/08/2026,INV.KMS.2602559,DK00283,APOTEK SALSABILA FARMA,EX000051,EX00005,,1,2,0,Domperidone Sirup (Erlimpex) 60 ml,Botol,S.23260018 / Mar-28,10," 5,000 ",," 50,000 ",, - , - ,Penjualan,SYARIF,
01/08/2026,INV.KMS.2602559,DK00283,APOTEK SALSABILA FARMA,EL000062,EL00006,,2,2,0,Antasida Suspensi (Erela) 60 ml ,Botol,S.2361104 / Mei-28,10," 5,000 ",," 50,000 ",, - , - ,Penjualan,SYARIF,
01/08/2026,INV.KMS.2602559,DK00283,APOTEK SALSABILA FARMA,EL000071,EL00007,,1,2,0,Ambroxol Sirup (Erela) 60 ml,Botol,S2960127 / Okt-27,10," 6,325 ",," 63,250 ",, - , - ,Penjualan,SYARIF,
01/08/2026,INV.KMS.2602559,DK00283,APOTEK SALSABILA FARMA,DV000051,DV00005,,1,2,0,Silex Sirup 100 ml,Botol,VE1253 / Mei-27,1," 76,220 ",," 76,220 ",, - , - ,Penjualan,SYARIF,
01/08/2026,INV.KMS.2602559,DK00283,APOTEK SALSABILA FARMA,SH000011,SH00001,,1,2,0,Imbost Force Kaplet 30's ,Dus,26A0100 / Feb-28,1," 196,188 ",," 196,188 ",, - , - ,Penjualan,SYARIF,
01/08/2026,INV.KMS.2602559,DK00283,APOTEK SALSABILA FARMA,DV000091,DV00009,,1,2,0,Enervon-C Tab 100's,Dus,25191601 / Okt-27,1," 112,382 ",," 112,382 ",, - , - ,Penjualan,SYARIF,
01/08/2026,INV.KMS.2602560,DK00283,APOTEK SALSABILA FARMA,EL000111,EL00011,,1,2,0,Caviplex Kaplet 100's,Dus,F1461109 / Sep-28,1," 73,500 ",," 73,500 "," 399,500 "," 43,945 "," 443,445 ",Penjualan,SYARIF,
01/08/2026,INV.KMS.2602560,DK00283,APOTEK SALSABILA FARMA,SM000013,SM00001,,3,2,0,Tolak Angin Cair 12's,Dus,EL40041 / Jan-28,1," 43,974 ",," 43,974 ",, - , - ,Penjualan,SYARIF,
01/08/2026,INV.KMS.2602560,DK00283,APOTEK SALSABILA FARMA,KF001401,KF00140,,1,2,Generik,Miconazole 2% Krim (KF) 10g @24 Tube,Dus,L52663W / Des-28,1," 103,512 ",," 103,512 ",, - , - ,Penjualan,SYARIF,
01/08/2026,INV.KMS.2602560,DK00283,APOTEK SALSABILA FARMA,EP000351,EP00035,,1,2,0,GPU Cair Pala 60 ml,Botol,NC00107 / Jul-29,1," 17,013 ",," 17,013 ",, - , - ,Penjualan,SYARIF,
01/08/2026,INV.KMS.2602560,DK00283,APOTEK SALSABILA FARMA,EP000352,EP00035,,2,2,0,GPU Cair Pala 60 ml,Botol,PO00107 / Aug-30,2," 17,013 ",," 34,026 ",, - , - ,Penjualan,SYARIF,
01/08/2026,INV.KMS.2602560,DK00283,APOTEK SALSABILA FARMA,CM000091,CM00009,,1,2,0,"Insto Cool Tetes Mata 7,5 ml",Botol,2661006 / Jan-28,5," 14,577 ",," 72,885 ",, - , - ,Penjualan,SYARIF,
01/08/2026,INV.KMS.2602560,DK00283,APOTEK SALSABILA FARMA,DV000491,DV00049,,1,2,0,Decolgen PE Tab 100's,Dus,26035431 / Feb-28,1," 54,590 ",," 54,590 ",, - , - ,Penjualan,SYARIF,
01/08/2026,INV.KMS.2602561,DK00283,APOTEK SALSABILA FARMA,PG000071,PG00007,,1,2,OOT,Vicks Formula 44 Dewasa 54 ml,Botol,53286298A1 / Nov-27,5," 20,273 ",," 101,365 "," 101,365 "," 11,150 "," 112,515 ",Penjualan,SYARIF,
01/08/2026,INV.KMS.2602562,DK00283,APOTEK SALSABILA FARMA,DV000361,DV00036,,1,2,Mengandung Prekursor,Decolsin Caps 100's,Dus,25035002 / Mar-28,1," 73,439 ",," 73,439 "," 120,189 "," 13,221 "," 133,410 ",Penjualan,SYARIF,
01/08/2026,INV.KMS.2602562,DK00283,APOTEK SALSABILA FARMA,CC000051,CC00005,,1,2,Mengandung Prekursor,Demacolin Tab 100's,Dus,26AA042 / Jan-30,1," 46,750 ",," 46,750 ",, - , - ,Penjualan,SYARIF,
01/08/2026,INV.KMS.2602563,DK00283,APOTEK SALSABILA FARMA,BF000551,BF00055,,1,2,0,Methylprednisolone 4 mg (Berno) 100's,Dus,TPM06354 / Nov-27,5," 49,000 ",50," 122,500 "," 193,750 "," 21,313 "," 215,063 ",Penjualan,SYARIF,
01/08/2026,INV.KMS.2602563,DK00283,APOTEK SALSABILA FARMA,BF000511,BF00051,,1,2,Generik,Aciclovir Krim 5% (Berno) 5g @25 Tube,Dus,LCK85454 / Sep-30,1," 75,000 ",5," 71,250 ",, - , - ,Penjualan,SYARIF,
01/08/2026,INV.KMS.2602564,DK00400,APOTEK RSU HIKMAH,IF000211,IF00021,,1,2,0,Cefixime Sirup (Ifars) 30 ml,Botol,SH018 / Nov-27,20," 12,000 ",," 240,000 "," 240,000 "," 26,400 "," 266,400 ",Penjualan,SYARIF,
03/08/2026,INV.KMS.2602565,DK00313,APOTEK ASSYAFA MARWA,PS000042,PS00004,,2,2,Mengandung Prekursor,Noza Kaplet 100's,Dus,96046004 / Feb-28,2," 122,500 ",," 245,000 "," 245,000 "," 26,950 "," 271,950 ",Penjualan,ANGGA,
03/08/2026,INV.KMS.2602566,DK00191,APOTIK PATTENE,NU000021,NU00002,,1,2,0,Acetylcysteine 200 mg (Nulab) 50's,Dus,N2512060 / Jan-28,2," 100,000 ",," 200,000 "," 712,376 "," 78,361 "," 790,737 ",Penjualan,ANGGA,
03/08/2026,INV.KMS.2602566,DK00191,APOTIK PATTENE,SL000111,SL00011,,1,2,0,Cotrimoksazole 480 mg (SLF) 100's,Dus,54012 / Okt-28,1," 25,000 ",," 25,000 ",, - , - ,Penjualan,ANGGA,
03/08/2026,INV.KMS.2602566,DK00191,APOTIK PATTENE,PS000201,PS00020,,1,2,0,Diclofenac Sodium 25 mg (Phapros) 50's,Dus,86364007 / Okt-27,6," 16,500 ",," 99,000 ",, - , - ,Penjualan,ANGGA,
03/08/2026,INV.KMS.2602566,DK00191,APOTIK PATTENE,PS000011,PS00001,,1,2,0,Diclofenac Sodium 50 mg (Phapros) 50's,Dus ,96365002 / Mar-30,6," 12,500 ",," 75,000 ",, - , - ,Penjualan,ANGGA,
03/08/2026,INV.KMS.2602566,DK00191,APOTIK PATTENE,KF001071,KF00107,,1,2,Generik,Glimepiride 2 mg (KF) 50's,Dus,I32267J / Sep-27,2," 35,000 ",," 70,000 ",, - , - ,Penjualan,ANGGA,
03/08/2026,INV.KMS.2602566,DK00191,APOTIK PATTENE,IJ000021,IJ00002,,1,2,0,Guaifenesin 100 mg (IMR) 100's,Dus,0151250 / Des-27,3," 15,000 ",," 45,000 ",, - , - ,Penjualan,ANGGA,
03/08/2026,INV.KMS.2602566,DK00191,APOTIK PATTENE,BL000031,BL00003,,1,2,0,Ibuprofen 200 mg (Balatif) 100's,Dus,T260527A / Jun-31,6," 23,575 ",," 141,450 ",, - , - ,Penjualan,ANGGA,
03/08/2026,INV.KMS.2602566,DK00191,APOTIK PATTENE,DX000031,DX00003,,1,2,0,Ketoconazole 200 mg (Dexa) 50's,Dus,4551070 / Mei-28,1," 28,463 ",," 28,463 ",, - , - ,Penjualan,ANGGA,
03/08/2026,INV.KMS.2602566,DK00191,APOTIK PATTENE,DX000032,DX00003,,2,2,0,Ketoconazole 200 mg (Dexa) 50's,Dus,4751564 / Jun-28,1," 28,463 ",," 28,463 ",, - , - ,Penjualan,ANGGA,
03/08/2026,INV.KMS.2602567,DK00191,APOTIK PATTENE,DX000033,DX00003,,3,2,0,Ketoconazole 200 mg (Dexa) 50's,Dus,4160279 / Des-28,1," 28,463 ",," 28,463 "," 825,055 "," 90,756 "," 915,811 ",Penjualan,ANGGA,
03/08/2026,INV.KMS.2602567,DK00191,APOTIK PATTENE,DX000011,DX00001,,1,2,0,Nifedipine 10 mg (Dexa) 100's,Dus,56K4027 / Nov-30,2," 21,500 ",," 43,000 ",, - , - ,Penjualan,ANGGA,
03/08/2026,INV.KMS.2602567,DK00191,APOTIK PATTENE,NU000042,NU00004,,2,2,0,Omeprazole 20 mg (Nulab) 100's,Dus,2604055 / Apr-28,6," 37,000 ",," 222,000 ",, - , - ,Penjualan,ANGGA,
03/08/2026,INV.KMS.2602567,DK00191,APOTIK PATTENE,SL000092,SL00009,,2,2,0,Prednisone 5 mg (SLF) 100's,Dus,61398 / Mar-29,2," 13,091 ",," 26,182 ",, - , - ,Penjualan,ANGGA,
03/08/2026,INV.KMS.2602567,DK00191,APOTIK PATTENE,HJ000102,HJ00010,,2,2,0,Ranitidine HCl 150 mg (HJ) NEW 200's,Dus,TRNTC56718 / Nov-27,3," 42,500 ",," 127,500 ",, - , - ,Penjualan,ANGGA,
03/08/2026,INV.KMS.2602567,DK00191,APOTIK PATTENE,NP000282,NP00028,,2,2,0,Ampicillin 500 mg (Nova) 100's,Dus,2506-21-116 / Jun-27,3," 51,000 ",," 153,000 ",, - , - ,Penjualan,ANGGA,
03/08/2026,INV.KMS.2602567,DK00191,APOTIK PATTENE,PM000111,PM00011,,1,2,0,Antalgin Tab (PIM) 100's,Dus,82506001 / Jan-29,3," 21,924 ",," 65,772 ",, - , - ,Penjualan,ANGGA,
03/08/2026,INV.KMS.2602567,DK00191,APOTIK PATTENE,MF000021,MF00002,,1,2,0,Betadine Solutio 15 ml,Botol,DB26014 / Mar-30,6," 14,675 ",," 88,050 ",, - , - ,Penjualan,ANGGA,
03/08/2026,INV.KMS.2602567,DK00191,APOTIK PATTENE,MF000012,MF00001,,2,2,0,Betadine Solutio 5 ml,Botol,DB26031 / Mar-30,12," 5,924 ",," 71,088 ",, - , - ,Penjualan,ANGGA,
03/08/2026,INV.KMS.2602568,DK00191,APOTIK PATTENE,MF000071,MF00007,,1,2,0,Betadine Solutio 30 ml,Botol,BB26060 / Jan-30,3," 25,066 ",," 75,198 "," 756,726 "," 83,240 "," 839,966 ",Penjualan,ANGGA,
03/08/2026,INV.KMS.2602568,DK00191,APOTIK PATTENE,MF000072,MF00007,,2,2,0,Betadine Solutio 30 ml,Botol,CB26020 / Feb-30,3," 25,066 ",," 75,198 ",, - , - ,Penjualan,ANGGA,
03/08/2026,INV.KMS.2602568,DK00191,APOTIK PATTENE,MF000031,MF00003,,1,2,0,Betadine Obat Kumur 100 ml,Botol,BB26040 / Jan-29,3," 23,063 ",," 69,189 ",, - , - ,Penjualan,ANGGA,
03/08/2026,INV.KMS.2602568,DK00191,APOTIK PATTENE,MF000061,MF00006,,1,2,0,Betadine Obat Kumur 190 ml,Botol,CB26007 / Feb-29,3," 34,067 ",," 102,201 ",, - , - ,Penjualan,ANGGA,
03/08/2026,INV.KMS.2602568,DK00191,APOTIK PATTENE,KF001421,KF00142,,1,2,Generik,"Betametason 0,1% Krim (KF) 5g @25 Tube",Dus,K52217W / Nov-27,1," 63,750 ",," 63,750 ",, - , - ,Penjualan,ANGGA,
03/08/2026,INV.KMS.2602568,DK00191,APOTIK PATTENE,KL000011,KL00001,,1,2,0,Bioplacenton Jelly 15 gr,Tube ,KCBPCA55250 / Sep-27,6," 30,000 ",," 180,000 ",, - , - ,Penjualan,ANGGA,
03/08/2026,INV.KMS.2602568,DK00191,APOTIK PATTENE,ZT000022,ZT00002,,2,2,0,Bronex Tab 100's,Dus,D2503 / Feb-29,1," 21,230 ",," 21,230 ",, - , - ,Penjualan,ANGGA,
03/08/2026,INV.KMS.2602568,DK00191,APOTIK PATTENE,ZT000021,ZT00002,,1,2,0,Bronex Tab 100's,Dus,D2502 / Feb-29,2," 21,230 ",," 42,460 ",, - , - ,Penjualan,ANGGA,
03/08/2026,INV.KMS.2602568,DK00191,APOTIK PATTENE,KF001431,KF00143,,1,2,Generik,Ketoconazole 2% Krim (KF) 10g @25 Tube,Dus,B60247W / Feb-28,1," 127,500 ",," 127,500 ",, - , - ,Penjualan,ANGGA,
03/08/2026,INV.KMS.2602569,DK00191,APOTIK PATTENE,ME000051,ME00005,,1,2,0,"Dexamethasone 0,5 mg (MEF) 200's",Dus,1508527 / Aug-30,6," 30,000 ",," 180,000 "," 341,250 "," 37,538 "," 378,788 ",Penjualan,ANGGA,
03/08/2026,INV.KMS.2602569,DK00191,APOTIK PATTENE,AF000211,AF00021,,1,2,0,Gentian Violet 1% (AFI) 10 ml,Botol,E16516 / Mei-28,24," 3,750 ",," 90,000 ",, - , - ,Penjualan,ANGGA,
03/08/2026,INV.KMS.2602569,DK00191,APOTIK PATTENE,BF000512,BF00051,,2,2,Generik,Aciclovir Krim 5% (Berno) 5g @25 Tube,Dus,LCN22354 / Des-30,1," 75,000 ",5," 71,250 ",, - , - ,Penjualan,ANGGA,
03/08/2026,INV.KMS.2602570,DK00038,APOTEK PANAIKANG,NP000282,NP00028,,2,2,0,Ampicillin 500 mg (Nova) 100's,Dus,2506-21-116 / Jun-27,6," 51,000 ",," 306,000 "," 651,896 "," 71,709 "," 723,605 ",Penjualan,ANGGA,
03/08/2026,INV.KMS.2602570,DK00038,APOTEK PANAIKANG,EL000071,EL00007,,1,2,0,Ambroxol Sirup (Erela) 60 ml,Botol,S2960127 / Okt-27,6," 6,325 ",," 37,950 ",, - , - ,Penjualan,ANGGA,
03/08/2026,INV.KMS.2602570,DK00038,APOTEK PANAIKANG,KX000181,KX00018,,1,2,0,Paramex Tab Sakit Kepala 200's,Dus,I25A75 / Nov-27,1," 108,000 ",," 108,000 ",, - , - ,Penjualan,ANGGA,
03/08/2026,INV.KMS.2602570,DK00038,APOTEK PANAIKANG,JJ000031,JJ00003,,1,2,0,Mylanta Liquid 150 ml,Botol,B14R0082 / Feb-29,3," 39,800 ",," 119,400 ",, - , - ,Penjualan,ANGGA,
03/08/2026,INV.KMS.2602570,DK00038,APOTEK PANAIKANG,JJ000011,JJ00001,,1,2,0,Mylanta Tab 100's,Dus,12R0041 / Jan-28,1," 80,546 ",," 80,546 ",, - , - ,Penjualan,ANGGA,
03/08/2026,INV.KMS.2602571,DK00038,APOTEK PANAIKANG,DV000211,DV00021,,1,2,0,Natur E 300 IU Soft Cap 16's,Dus,4DA0079 / Jan-27,3," 32,003 ",3," 93,129 "," 93,129 "," 10,244 "," 103,373 ",Penjualan,ANGGA,
03/08/2026,INV.KMS.2602572,DK00292,APOTEK PINTU DUA,SH000011,SH00001,,1,2,0,Imbost Force Kaplet 30's ,Dus,26A0100 / Feb-28,1," 196,188 ",," 196,188 "," 196,188 "," 21,581 "," 217,769 ",Penjualan,ANGGA,
03/08/2026,INV.KMS.2602573,DK00557,APOTEK K-24 BULU BULU,GS000022,GS00002,,2,2,Mengandung Prekursor,Actifed Plus Cough Suppressant 60 ml,Dus,T93E / Des-28,2," 56,330 ",," 112,660 "," 383,312 "," 42,164 "," 425,476 ",Penjualan,ANGGA,
03/08/2026,INV.KMS.2602573,DK00557,APOTEK K-24 BULU BULU,DV000481,DV00048,,1,2,Mengandung Prekursor,Paratusin DMP Sirup 60 ml,Botol,6FC0514 / Mar-28,5," 33,000 ",," 165,000 ",, - , - ,Penjualan,ANGGA,
03/08/2026,INV.KMS.2602573,DK00557,APOTEK K-24 BULU BULU,PM000031,PM00003,,1,2,Mengandung Prekursor,Pim-Tra-Kol Sirup Cherry 60 ml,Botol,B3512005 / Des-27,4," 13,789 ",," 55,156 ",, - , - ,Penjualan,ANGGA,
03/08/2026,INV.KMS.2602573,DK00557,APOTEK K-24 BULU BULU,CM000021,CM00002,,1,2,Mengandung Prekursor,OBHC Anak Jeruk 60 ml,Botol,6OB028 / Feb-28,3," 16,832 ",," 50,496 ",, - , - ,Penjualan,ANGGA,
03/08/2026,INV.KMS.2602574,DK00333,APOTEK ANUGERAH SEJATI ,IF000171,IF00017,,1,2,0,Cetirizine Sirup (Ifars) 60 ml,Botol,SM008 / Sep-29,6," 6,000 ",," 36,000 "," 193,924 "," 21,332 "," 215,256 ",Penjualan,SYARIF,
03/08/2026,INV.KMS.2602574,DK00333,APOTEK ANUGERAH SEJATI ,TM000121,TM00012,,1,2,0,Vitamin B Complex IPI 45's,Botol,050416 / Mei-28,12," 5,785 ",," 69,420 ",, - , - ,Penjualan,SYARIF,
03/08/2026,INV.KMS.2602574,DK00333,APOTEK ANUGERAH SEJATI ,TM000132,TM00013,,2,2,0,Vitamin C IPI 45's,Botol,050736 / Mei-28,12," 5,785 ",," 69,420 ",, - , - ,Penjualan,SYARIF,
03/08/2026,INV.KMS.2602574,DK00333,APOTEK ANUGERAH SEJATI ,PM000081,PM00008,,1,2,0,CTM Tab (PIM) 288's,Pack,09508106 / Aug-30,1," 19,084 ",," 19,084 ",, - , - ,Penjualan,SYARIF,
03/08/2026,INV.KMS.2602575,DK00001,APOTEK AL VARAN FARMA,GL000021,GL00002,,1,2,0,Caladine Lotion 60 ml,Botol,A26002 / Jan-28,12," 15,845 ",," 190,140 "," 621,400 "," 68,354 "," 689,754 ",Penjualan,ANGGA,
03/08/2026,INV.KMS.2602575,DK00001,APOTEK AL VARAN FARMA,KF000371,KF00037,,1,2,OTC,Bedak Salisil 2% 60gr,Pot,D60155S / Apr-31,12," 7,500 ",," 90,000 ",, - , - ,Penjualan,ANGGA,
03/08/2026,INV.KMS.2602575,DK00001,APOTEK AL VARAN FARMA,KF000481,KF00048,,1,2,OTC,Bedak Marcks Creme 40gr,Pot,H50579S / Aug-30,6," 18,165 ",," 108,990 ",, - , - ,Penjualan,ANGGA,
03/08/2026,INV.KMS.2602575,DK00001,APOTEK AL VARAN FARMA,KF000491,KF00049,,1,2,OTC,Bedak Marcks Rose 40gr,Pot,H50619S / Aug-30,6," 18,165 ",," 108,990 ",, - , - ,Penjualan,ANGGA,
03/08/2026,INV.KMS.2602575,DK00001,APOTEK AL VARAN FARMA,KF000333,KF00033,,3,2,OTC,Asifit Kaplet-Blister 30's,Dus,G51078N / Jul-27,2," 61,640 ",," 123,280 ",, - , - ,Penjualan,ANGGA,
03/08/2026,INV.KMS.2602576,DK00038,APOTEK PANAIKANG,CC000061,CC00006,,1,2,Mengandung Prekursor,Demacolin Sirup 60 ml,Botol,25LC054 / Nov-28,4," 14,740 ",," 58,960 "," 105,710 "," 11,628 "," 117,338 ",Penjualan,ANGGA,
03/08/2026,INV.KMS.2602576,DK00038,APOTEK PANAIKANG,CC000051,CC00005,,1,2,Mengandung Prekursor,Demacolin Tab 100's,Dus,26AA042 / Jan-30,1," 46,750 ",," 46,750 ",, - , - ,Penjualan,ANGGA,
03/08/2026,INV.KMS.2602577,DK00430,APOTEK AORTA ,ME000051,ME00005,,1,2,0,"Dexamethasone 0,5 mg (MEF) 200's",Dus,1508527 / Aug-30,2," 30,000 ",," 60,000 "," 793,356 "," 87,269 "," 880,625 ",Penjualan,SYARIF,
03/08/2026,INV.KMS.2602577,DK00430,APOTEK AORTA ,NU000031,NU00003,,1,2,0,Lansoprazole 30 mg (Nulab ) 20's,Dus,N2602062 / Mar-28,4," 29,484 ",," 117,936 ",, - , - ,Penjualan,SYARIF,
03/08/2026,INV.KMS.2602577,DK00430,APOTEK AORTA ,NU000031,NU00003,,1,2,0,Lansoprazole 30 mg (Nulab ) 20's,Dus,N2602062 / Mar-28,2," 29,484 ",100, - ,, - , - ,Penjualan,SYARIF,
03/08/2026,INV.KMS.2602577,DK00430,APOTEK AORTA ,US000031,US00003,,1,2,0,Freshcare Smash Matcha Inhaler Roll On 8 ml,Pcs,26E03634 / Mei-29,12," 11,560 ",," 138,720 ",, - , - ,Penjualan,SYARIF,
03/08/2026,INV.KMS.2602577,DK00430,APOTEK AORTA ,KF001401,KF00140,,1,2,Generik,Miconazole 2% Krim (KF) 10g @24 Tube,Dus,L52663W / Des-28,1," 103,512 ",," 103,512 ",, - , - ,Penjualan,SYARIF,
03/08/2026,INV.KMS.2602577,DK00430,APOTEK AORTA ,EP000412,EP00041,,2,2,0,Kool Fever Anak 12's,Dus ,XXXXX / Des-28,2," 80,640 ",," 161,280 ",, - , - ,Penjualan,SYARIF,
03/08/2026,INV.KMS.2602577,DK00430,APOTEK AORTA ,EP000401,EP00040,,1,2,0,Kool Fever Bayi 12's,Dus ,XXXXX / Sep-28,2," 61,536 ",," 123,072 ",, - , - ,Penjualan,SYARIF,
03/08/2026,INV.KMS.2602577,DK00430,APOTEK AORTA ,EP000421,EP00042,,1,2,0,Kool Fever Dewasa 6's,Dus ,XXXXX / Jan-29,2," 44,418 ",," 88,836 ",, - , - ,Penjualan,SYARIF,
03/08/2026,INV.KMS.2602578,DK00430,APOTEK AORTA ,GS000131,GS00013,,1,2,Mengandung Prekursor,Actifed Plus Cough Suppressant 25 ml,Dus,T95H / Des-28,2," 22,969 ",," 45,938 "," 369,536 "," 40,649 "," 410,185 ",Penjualan,SYARIF,
03/08/2026,INV.KMS.2602578,DK00430,APOTEK AORTA ,GS000022,GS00002,,2,2,Mengandung Prekursor,Actifed Plus Cough Suppressant 60 ml,Dus,T93E / Des-28,1," 56,330 ",," 56,330 ",, - , - ,Penjualan,SYARIF,
03/08/2026,INV.KMS.2602578,DK00430,APOTEK AORTA ,GS000171,GS00017,,1,2,Mengandung Prekursor,Actifed Plus Expectorant 25 ml,Dus,MP5E / Okt-28,2," 22,969 ",," 45,938 ",, - , - ,Penjualan,SYARIF,
03/08/2026,INV.KMS.2602578,DK00430,APOTEK AORTA ,GS000011,GS00001,,1,2,Mengandung Prekursor,Actifed Plus Expectorant 60 ml,Dus,N46C / Okt-28,1," 56,330 ",," 56,330 ",, - , - ,Penjualan,SYARIF,
03/08/2026,INV.KMS.2602578,DK00430,APOTEK AORTA ,DV000481,DV00048,,1,2,Mengandung Prekursor,Paratusin DMP Sirup 60 ml,Botol,6FC0514 / Mar-28,5," 33,000 ",," 165,000 ",, - , - ,Penjualan,SYARIF,
03/08/2026,INV.KMS.2602579,DK00338,APOTEK VITA FARMA,EX000051,EX00005,,1,2,0,Domperidone Sirup (Erlimpex) 60 ml,Botol,S.23260018 / Mar-28,10," 5,000 ",," 50,000 "," 258,500 "," 28,435 "," 286,935 ",Penjualan,SYARIF,
03/08/2026,INV.KMS.2602579,DK00338,APOTEK VITA FARMA,NP000171,NP00017,,1,2,0,Amoxicillin Sirup (Nova) 60 ml,Botol,26010196 / Jan-28,6," 6,000 ",," 36,000 ",, - , - ,Penjualan,SYARIF,
03/08/2026,INV.KMS.2602579,DK00338,APOTEK VITA FARMA,IJ000021,IJ00002,,1,2,0,Guaifenesin 100 mg (IMR) 100's,Dus,0151250 / Des-27,3," 15,000 ",," 45,000 ",, - , - ,Penjualan,SYARIF,
03/08/2026,INV.KMS.2602579,DK00338,APOTEK VITA FARMA,KF001421,KF00142,,1,2,Generik,"Betametason 0,1% Krim (KF) 5g @25 Tube",Dus,K52217W / Nov-27,2," 63,750 ",," 127,500 ",, - , - ,Penjualan,SYARIF,
04/08/2026,INV.KMS.2602580,DK00336,RSIA CAHAYA MEDIKA,BF000531,BF00053,,1,2,0,Amoxicillin 500 mg (Berno) 100's,Dus,TPF81054 / Mei-30,2," 70,000 ",35," 91,000 "," 454,375 "," 49,981 "," 504,356 ",Penjualan,ANGGA,
04/08/2026,INV.KMS.2602580,DK00336,RSIA CAHAYA MEDIKA,PM000051,PM00005,,1,2,0,Cetirizine HCl 10 mg (PIM) 100's,Dus,80506002 / Jun-29,15," 28,500 ",15," 363,375 ",, - , - ,Penjualan,ANGGA,
04/08/2026,INV.KMS.2602581,DK00346,APOTEK DELIMA,HF000012,HF00001,,2,2,Mengandung Prekursor,Hufagripp Flu & Batuk Sirup 60 ml,Botol,A900626 / Mar-29,15," 21,620 ",," 324,300 "," 434,910 "," 47,840 "," 482,750 ",Penjualan,ANGGA,
04/08/2026,INV.KMS.2602581,DK00346,APOTEK DELIMA,HF000012,HF00001,,2,2,Mengandung Prekursor,Hufagripp Flu & Batuk Sirup 60 ml,Botol,A900626 / Mar-29,1," 21,620 ",100, - ,, - , - ,Penjualan,ANGGA,
04/08/2026,INV.KMS.2602581,DK00346,APOTEK DELIMA,CC000051,CC00005,,1,2,Mengandung Prekursor,Demacolin Tab 100's,Dus,26AA042 / Jan-30,1," 46,750 ",," 46,750 ",, - , - ,Penjualan,ANGGA,
04/08/2026,INV.KMS.2602581,DK00346,APOTEK DELIMA,DV000261,DV00026,,1,2,Mengandung Prekursor,Neozep Forte Tab 100's,Dus,25084901 / Mei-27,1," 63,860 ",," 63,860 ",, - , - ,Penjualan,ANGGA,
04/08/2026,INV.KMS.2602582,DK00346,APOTEK DELIMA,EP000022,EP00002,,2,2,0,MKP (Cap Lang) 60 ml ,Botol,HA01516 / Feb-31,5," 22,260 ",," 111,300 "," 544,422 "," 59,886 "," 604,308 ",Penjualan,ANGGA,
04/08/2026,INV.KMS.2602582,DK00346,APOTEK DELIMA,JJ000041,JJ00004,,1,2,0,Combantrin Sirup Rasa Jeruk 10 ml,Botol,NK2113 / Okt-28,5," 18,312 ",," 91,560 ",, - , - ,Penjualan,ANGGA,
04/08/2026,INV.KMS.2602582,DK00346,APOTEK DELIMA,DV000041,DV00004,,1,2,0,Vicee Orange Tab 100's,Dus,LX5A121 / Jan-28,1," 63,688 ",," 63,688 ",, - , - ,Penjualan,ANGGA,
04/08/2026,INV.KMS.2602582,DK00346,APOTEK DELIMA,EP000111,EP00011,,1,2,0,GPU Cair Sereh 60 ml,Botol,HR02407 / Mar-31,3," 17,031 ",," 51,093 ",, - , - ,Penjualan,ANGGA,
04/08/2026,INV.KMS.2602582,DK00346,APOTEK DELIMA,IF000231,IF00023,,1,2,0,Histigo 6 mg NEW 100's ,Dus,JC05N / Des-27,1," 50,000 ",," 50,000 ",, - , - ,Penjualan,ANGGA,
04/08/2026,INV.KMS.2602582,DK00346,APOTEK DELIMA,DV000031,DV00003,,1,2,0,Vicee Lemon Tab 100's,Dus,KX5A369 / Des-27,1," 63,688 ",," 63,688 ",, - , - ,Penjualan,ANGGA,
04/08/2026,INV.KMS.2602582,DK00346,APOTEK DELIMA,DV000061,DV00006,,1,2,0,Vicee Grape Tab 100's,Dus,KX5A328 / Nov-27,1," 63,688 ",," 63,688 ",, - , - ,Penjualan,ANGGA,
04/08/2026,INV.KMS.2602582,DK00346,APOTEK DELIMA,EP000142,EP00014,,2,2,0,Balsem Otot Geliga 20 gr,Pcs,HR01351 / Mar-31,3," 9,135 ",," 27,405 ",, - , - ,Penjualan,ANGGA,
04/08/2026,INV.KMS.2602582,DK00346,APOTEK DELIMA,CC000081,CC00008,,1,2,0,Herocyn 85 gr,Pcs,26BD029 / Feb-30,2," 11,000 ",," 22,000 ",, - , - ,Penjualan,ANGGA,
04/08/2026,INV.KMS.2602583,DK00346,APOTEK DELIMA,NU000042,NU00004,,2,2,0,Omeprazole 20 mg (Nulab) 100's,Dus,2604055 / Apr-28,1," 37,000 ",," 37,000 "," 267,778 "," 29,456 "," 297,234 ",Penjualan,ANGGA,
04/08/2026,INV.KMS.2602583,DK00346,APOTEK DELIMA,CM000091,CM00009,,1,2,0,"Insto Cool Tetes Mata 7,5 ml",Botol,2661006 / Jan-28,4," 14,577 ",," 58,308 ",, - , - ,Penjualan,ANGGA,
04/08/2026,INV.KMS.2602583,DK00346,APOTEK DELIMA,PM000061,PM00006,,1,2,0,Pim-Tra-Kol Kids Sirup 60 ml,Botol,63506002 / Des-27,2," 12,075 ",," 24,150 ",, - , - ,Penjualan,ANGGA,
04/08/2026,INV.KMS.2602583,DK00346,APOTEK DELIMA,EL000092,EL00009,,2,2,0,"Erlamycetin Salep Mata 3,5 gr",Tube ,0.0461075 / Apr-30,2," 12,000 ",," 24,000 ",, - , - ,Penjualan,ANGGA,
04/08/2026,INV.KMS.2602583,DK00346,APOTEK DELIMA,EP000121,EP00012,,1,2,0,GPU Cair Sereh 100 ml,Botol,PD05805 / Sep-30,2," 25,410 ",," 50,820 ",, - , - ,Penjualan,ANGGA,
04/08/2026,INV.KMS.2602583,DK00346,APOTEK DELIMA,EL000111,EL00011,,1,2,0,Caviplex Kaplet 100's,Dus,F1461109 / Sep-28,1," 73,500 ",," 73,500 ",, - , - ,Penjualan,ANGGA,
04/08/2026,INV.KMS.2602584,DK00346,APOTEK DELIMA,KF001441,KF00144,,1,2,Generik,"Gentamicin Sulfate 0,1% Krim (KF) 5g @10 Tube",Dus,C60526W / Mar-28,2," 33,190 ",," 66,380 "," 150,104 "," 16,511 "," 166,615 ",Penjualan,ANGGA,
04/08/2026,INV.KMS.2602584,DK00346,APOTEK DELIMA,EP000041,EP00004,,1,2,0,Telon Lang 30 ml,Botol,PK01802 / Apr-30,1," 9,518 ",," 9,518 ",, - , - ,Penjualan,ANGGA,
04/08/2026,INV.KMS.2602584,DK00346,APOTEK DELIMA,EP000051,EP00005,,1,2,0,Telon Lang 60 ml,Botol,NO02401 / Aug-29,1," 16,706 ",," 16,706 ",, - , - ,Penjualan,ANGGA,
04/08/2026,INV.KMS.2602584,DK00346,APOTEK DELIMA,TR000093,TR00009,,3,2,0,Ibuprofen 400 mg (Triman) 100's,Dus,B26110 / Feb-28,2," 28,750 ",," 57,500 ",, - , - ,Penjualan,ANGGA,
04/08/2026,INV.KMS.2602585,DK00346,APOTEK DELIMA,PG000071,PG00007,,1,2,OOT,Vicks Formula 44 Dewasa 54 ml,Botol,53286298A1 / Nov-27,2," 20,273 ",," 40,546 "," 84,686 "," 9,315 "," 94,001 ",Penjualan,ANGGA,
04/08/2026,INV.KMS.2602585,DK00346,APOTEK DELIMA,PG000051,PG00005,,1,2,OOT,Vicks Formula 44 Anak Strawberry 54 ml,Botol,52426298G1 / Aug-27,2," 22,070 ",," 44,140 ",, - , - ,Penjualan,ANGGA,
04/08/2026,INV.KMS.2602586,DK00248,APOTEK PAJJAIANG FARMA,NP000431,NP00043,,1,2,0,Mefenamic Acid 500 mg (Nova) 100's,Dus,2604-10-120 / Apr-28,2," 25,000 ",," 50,000 "," 328,958 "," 36,185 "," 365,143 ",Penjualan,ANGGA,
04/08/2026,INV.KMS.2602586,DK00248,APOTEK PAJJAIANG FARMA,RM000122,RM00012,,2,2,0,Amlodipine Besilate 10 mg (Rama) 100's,Dus,T03052BF / Mar-28,3," 15,554 ",," 46,662 ",, - , - ,Penjualan,ANGGA,
04/08/2026,INV.KMS.2602586,DK00248,APOTEK PAJJAIANG FARMA,RM000151,RM00015,,1,2,0,Amlodipine Besilate 5 mg (Rama) 100's,Dus,T01160BF / Feb-29,3," 13,332 ",," 39,996 ",, - , - ,Penjualan,ANGGA,
04/08/2026,INV.KMS.2602586,DK00248,APOTEK PAJJAIANG FARMA,US000031,US00003,,1,2,0,Freshcare Smash Matcha Inhaler Roll On 8 ml,Pcs,26E03634 / Mei-29,5," 11,560 ",," 57,800 ",, - , - ,Penjualan,ANGGA,
04/08/2026,INV.KMS.2602586,DK00248,APOTEK PAJJAIANG FARMA,US000071,US00007,,1,2,0,Hot in Cream Botol Strong 120 gr (Merah),Botol,26B01350 / Feb-29,3," 26,900 ",," 80,700 ",, - , - ,Penjualan,ANGGA,
04/08/2026,INV.KMS.2602586,DK00248,APOTEK PAJJAIANG FARMA,US000081,US00008,,1,2,0,Hot in Cream Botol Aromatherapy 120 gr (Hijau),Botol,26C02171 / Mar-29,2," 26,900 ",," 53,800 ",, - , - ,Penjualan,ANGGA,
04/08/2026,INV.KMS.2602587,DK00333,APOTEK ANUGERAH SEJATI ,BF000531,BF00053,,1,2,0,Amoxicillin 500 mg (Berno) 100's,Dus,TPF81054 / Mei-30,6," 70,000 ",35," 273,000 "," 273,000 "," 30,030 "," 303,030 ",Penjualan,SYARIF,
04/08/2026,INV.KMS.2602588,DK00333,APOTEK ANUGERAH SEJATI ,DV000441,DV00044,,1,2,Mengandung Prekursor,Decolgen FX Kaplet 100's,Dus,26014701 / Jan-29,1," 100,278 ",," 100,278 "," 100,278 "," 11,031 "," 111,309 ",Penjualan,SYARIF,
04/08/2026,INV.KMS.2602589,DK00548,APOTEK K-24 AROEPALA,DV000061,DV00006,,1,2,0,Vicee Grape Tab 100's,Dus,KX5A328 / Nov-27,1," 63,688 ",," 63,688 "," 546,031 "," 60,063 "," 606,094 ",Penjualan,SYARIF,
04/08/2026,INV.KMS.2602589,DK00548,APOTEK K-24 AROEPALA,DV000031,DV00003,,1,2,0,Vicee Lemon Tab 100's,Dus,KX5A369 / Des-27,1," 63,688 ",," 63,688 ",, - , - ,Penjualan,SYARIF,
04/08/2026,INV.KMS.2602589,DK00548,APOTEK K-24 AROEPALA,DV000041,DV00004,,1,2,0,Vicee Orange Tab 100's,Dus,LX5A121 / Jan-28,1," 63,688 ",," 63,688 ",, - , - ,Penjualan,SYARIF,
04/08/2026,INV.KMS.2602589,DK00548,APOTEK K-24 AROEPALA,GN000022,GN00002,,2,2,0,Beruang Minyak Gosok 120 ml,Botol,GFaY / Des-30,2," 51,750 ",," 103,500 ",, - , - ,Penjualan,SYARIF,
04/08/2026,INV.KMS.2602589,DK00548,APOTEK K-24 AROEPALA,MF000021,MF00002,,1,2,0,Betadine Solutio 15 ml,Botol,DB26014 / Mar-30,3," 14,675 ",," 44,025 ",, - , - ,Penjualan,SYARIF,
04/08/2026,INV.KMS.2602589,DK00548,APOTEK K-24 AROEPALA,MF000072,MF00007,,2,2,0,Betadine Solutio 30 ml,Botol,CB26020 / Feb-30,1," 25,066 ",," 25,066 ",, - , - ,Penjualan,SYARIF,
04/08/2026,INV.KMS.2602589,DK00548,APOTEK K-24 AROEPALA,MF000061,MF00006,,1,2,0,Betadine Obat Kumur 190 ml,Botol,CB26007 / Feb-29,2," 34,067 ",," 68,134 ",, - , - ,Penjualan,SYARIF,
04/08/2026,INV.KMS.2602589,DK00548,APOTEK K-24 AROEPALA,MF000081,MF00008,,1,2,0,Betadine Feminine Hygiene 60 ml,Botol,BB26035 / Jan-28,2," 33,866 ",," 67,732 ",, - , - ,Penjualan,SYARIF,
04/08/2026,INV.KMS.2602589,DK00548,APOTEK K-24 AROEPALA,MF000141,MF00014,,1,2,0,Betadine Antiseptic Ointment 10 gr ,Tube,JB25039 / Sep-28,2," 23,255 ",," 46,510 ",, - , - ,Penjualan,SYARIF,
04/08/2026,INV.KMS.2602590,DK00548,APOTEK K-24 AROEPALA,MF000152,MF00015,,2,2,0,Betadine Antiseptic Ointment 20 gr ,Tube,LB25023 / Nov-28,2," 34,118 ",," 68,236 "," 900,298 "," 99,033 "," 999,331 ",Penjualan,SYARIF,
04/08/2026,INV.KMS.2602590,DK00548,APOTEK K-24 AROEPALA,KL000011,KL00001,,1,2,0,Bioplacenton Jelly 15 gr,Tube ,KCBPCA55250 / Sep-27,6," 30,000 ",," 180,000 ",, - , - ,Penjualan,SYARIF,
04/08/2026,INV.KMS.2602590,DK00548,APOTEK K-24 AROEPALA,TM000051,TM00005,,1,2,0,Bodrex Tab 20's,Dus,111585 / Okt-30,12," 8,426 ",," 101,112 ",, - , - ,Penjualan,SYARIF,
04/08/2026,INV.KMS.2602590,DK00548,APOTEK K-24 AROEPALA,GL000031,GL00003,,1,2,0,Caladine Lotion 95 ml,Botol,I25009 / Sep-27,6," 22,302 ",," 133,812 ",, - , - ,Penjualan,SYARIF,
04/08/2026,INV.KMS.2602590,DK00548,APOTEK K-24 AROEPALA,SG000012,SG00001,,2,2,0,Cessa BABY Biru Happy Nose EO 8 ml,Pcs,T201ATFZ / Jun-29,1," 27,749 ",," 27,749 ",, - , - ,Penjualan,SYARIF,
04/08/2026,INV.KMS.2602590,DK00548,APOTEK K-24 AROEPALA,SG000014,SG00001,,4,2,0,Cessa BABY Biru Happy Nose EO 8 ml,Pcs,T201AVFZ / Jun-29,2," 27,749 ",," 55,498 ",, - , - ,Penjualan,SYARIF,
04/08/2026,INV.KMS.2602590,DK00548,APOTEK K-24 AROEPALA,SG000013,SG00001,,3,2,0,Cessa BABY Biru Happy Nose EO 8 ml,Pcs,T201AUFZ / Jun-29,7," 27,749 ",," 194,243 ",, - , - ,Penjualan,SYARIF,
04/08/2026,INV.KMS.2602590,DK00548,APOTEK K-24 AROEPALA,PM000081,PM00008,,1,2,0,CTM Tab (PIM) 288's,Pack,09508106 / Aug-30,1," 19,084 ",," 19,084 ",, - , - ,Penjualan,SYARIF,
04/08/2026,INV.KMS.2602590,DK00548,APOTEK K-24 AROEPALA,DV000471,DV00047,,1,2,0,Degirol Tab 100's ,Dus,KX5A394 / Nov-29,1," 120,564 ",," 120,564 ",, - , - ,Penjualan,SYARIF,
04/08/2026,INV.KMS.2602591,DK00548,APOTEK K-24 AROEPALA,DV000331,DV00033,,1,2,0,Enervon Active Tab 30's,Botol,25128503 / Jul-27,2," 36,482 ",," 72,964 "," 432,573 "," 47,583 "," 480,156 ",Penjualan,SYARIF,
04/08/2026,INV.KMS.2602591,DK00548,APOTEK K-24 AROEPALA,EP000111,EP00011,,1,2,0,GPU Cair Sereh 60 ml,Botol,HR02407 / Mar-31,3," 17,031 ",," 51,093 ",, - , - ,Penjualan,SYARIF,
04/08/2026,INV.KMS.2602591,DK00548,APOTEK K-24 AROEPALA,CC000111,CC00011,,1,2,0,Herocyn Baby 200 gr,Pcs,25AK113 / Jan-29,1," 11,800 ",," 11,800 ",, - , - ,Penjualan,SYARIF,
04/08/2026,INV.KMS.2602591,DK00548,APOTEK K-24 AROEPALA,NC000081,NC00008,,1,2,0,Kalk Tab (Nellco) 30's,Botol,1024029 / Okt-27,1," 10,500 ",," 10,500 ",, - , - ,Penjualan,SYARIF,
04/08/2026,INV.KMS.2602591,DK00548,APOTEK K-24 AROEPALA,GS000042,GS00004,,2,2,0,Panadol Extra 100's,Dus,UB8G / Des-28,2," 110,931 ",," 221,862 ",, - , - ,Penjualan,SYARIF,
04/08/2026,INV.KMS.2602591,DK00548,APOTEK K-24 AROEPALA,GS000191,GS00019,,1,2,0,Polident Adhesive Fresh Mint 20 gr,Pcs,J89L / Aug-28,2," 32,177 ",," 64,354 ",, - , - ,Penjualan,SYARIF,
04/08/2026,INV.KMS.2602592,DK00548,APOTEK K-24 AROEPALA,GS000023,GS00002,,3,2,Mengandung Prekursor,Actifed Plus Cough Suppressant 60 ml,Dus,X47N / Jan-29,6," 56,330 ",," 337,980 "," 480,920 "," 52,901 "," 533,821 ",Penjualan,SYARIF,
04/08/2026,INV.KMS.2602592,DK00548,APOTEK K-24 AROEPALA,HF000042,HF00004,,2,2,Mengandung Prekursor,Hufagripp Pilek Sirup 60 ml,Botol,C600345 / Des-28,5," 15,816 ",," 79,080 ",, - , - ,Penjualan,SYARIF,
04/08/2026,INV.KMS.2602592,DK00548,APOTEK K-24 AROEPALA,DV000261,DV00026,,1,2,Mengandung Prekursor,Neozep Forte Tab 100's,Dus,25084901 / Mei-27,1," 63,860 ",," 63,860 ",, - , - ,Penjualan,SYARIF,
04/08/2026,INV.KMS.2602593,DK00304,APOTEK K24 AZZAHRA SAMATA,DV000261,DV00026,,1,2,Mengandung Prekursor,Neozep Forte Tab 100's,Dus,25084901 / Mei-27,1," 63,860 ",," 63,860 "," 296,338 "," 32,597 "," 328,935 ",Penjualan,SYARIF,
04/08/2026,INV.KMS.2602593,DK00304,APOTEK K24 AZZAHRA SAMATA,DV000481,DV00048,,1,2,Mengandung Prekursor,Paratusin DMP Sirup 60 ml,Botol,6FC0514 / Mar-28,6," 33,000 ",," 198,000 ",, - , - ,Penjualan,SYARIF,
04/08/2026,INV.KMS.2602593,DK00304,APOTEK K24 AZZAHRA SAMATA,HF000081,HF00008,,1,2,Mengandung Prekursor,Hufagripp BP Dewasa Sirup 60 ml,Botol,E000055 / Nov-27,2," 17,239 ",," 34,478 ",, - , - ,Penjualan,SYARIF,
04/08/2026,INV.KMS.2602594,DK00304,APOTEK K24 AZZAHRA SAMATA,DV000251,DV00025,,1,2,0,New Diatabs Tab 100's ,Dus,25145102 / Sep-27,1," 64,479 ",," 64,479 "," 3,070,422 "," 337,746 "," 3,408,168 ",Penjualan,SYARIF,
04/08/2026,INV.KMS.2602594,DK00304,APOTEK K24 AZZAHRA SAMATA,MC000082,MC00008,,2,2,0,Neurobion Tab 250's,Dus,L0296339 / Mar-28,1," 582,320 ",," 582,320 ",, - , - ,Penjualan,SYARIF,
04/08/2026,INV.KMS.2602594,DK00304,APOTEK K24 AZZAHRA SAMATA,MC000091,MC00009,,1,2,0,Neurobion Forte Tab 250's,Dus,L0483714 / Nov-27,1," 1,033,138 ",," 1,033,138 ",, - , - ,Penjualan,SYARIF,
04/08/2026,INV.KMS.2602594,DK00304,APOTEK K24 AZZAHRA SAMATA,MC000071,MC00007,,1,2,0,Neurobion 5000 Injeksi 20's,Dus,5349D14352 / Des-27,1," 360,238 ",," 360,238 ",, - , - ,Penjualan,SYARIF,
04/08/2026,INV.KMS.2602594,DK00304,APOTEK K24 AZZAHRA SAMATA,EP000281,EP00028,,1,2,0,Norit Tab 40's ,Dus,PT00171 / Jun-30,12," 18,648 ",," 223,776 ",, - , - ,Penjualan,SYARIF,
04/08/2026,INV.KMS.2602594,DK00304,APOTEK K24 AZZAHRA SAMATA,GS000042,GS00004,,2,2,0,Panadol Extra 100's,Dus,UB8G / Des-28,1," 110,931 ",," 110,931 ",, - , - ,Penjualan,SYARIF,
04/08/2026,INV.KMS.2602594,DK00304,APOTEK K24 AZZAHRA SAMATA,PM000021,PM00002,,1,2,0,Parasetamol 500 mg (PIM) 100's,Dus,05603134 / Mar-30,15," 20,900 ",," 313,500 ",, - , - ,Penjualan,SYARIF,
04/08/2026,INV.KMS.2602594,DK00304,APOTEK K24 AZZAHRA SAMATA,BF000384,BF00038,,4,2,0,Paracetamol 1 g/100 ml Infus 100 ml,Botol,PID04855 / Mar-28,5," 25,000 ",," 125,000 ",, - , - ,Penjualan,SYARIF,
04/08/2026,INV.KMS.2602594,DK00304,APOTEK K24 AZZAHRA SAMATA,EP000031,EP00003,,1,2,0,MKP (Cap Lang) 120 ml ,Botol,PN00108 / Nov-30,6," 42,840 ",," 257,040 ",, - , - ,Penjualan,SYARIF,
04/08/2026,INV.KMS.2602595,DK00304,APOTEK K24 AZZAHRA SAMATA,EP000071,EP00007,,1,2,0,MKP (Cap Lang) 15 ml ,Botol,HM01214 / Jan-31,12," 6,615 ",," 79,380 "," 1,127,855 "," 124,064 "," 1,251,919 ",Penjualan,SYARIF,
04/08/2026,INV.KMS.2602595,DK00304,APOTEK K24 AZZAHRA SAMATA,EP000012,EP00001,,2,2,0,MKP (Cap Lang) 30 ml ,Botol,HE00418 / Mei-31,12," 12,075 ",," 144,900 ",, - , - ,Penjualan,SYARIF,
04/08/2026,INV.KMS.2602595,DK00304,APOTEK K24 AZZAHRA SAMATA,EP000022,EP00002,,2,2,0,MKP (Cap Lang) 60 ml ,Botol,HA01516 / Feb-31,12," 22,260 ",," 267,120 ",, - , - ,Penjualan,SYARIF,
04/08/2026,INV.KMS.2602595,DK00304,APOTEK K24 AZZAHRA SAMATA,BM000021,BM00002,,1,2,0,MBK Putih 12's,Dus,Q106EPPS / Mei-33,2," 23,940 ",," 47,880 ",, - , - ,Penjualan,SYARIF,
04/08/2026,INV.KMS.2602595,DK00304,APOTEK K24 AZZAHRA SAMATA,TR000093,TR00009,,3,2,0,Ibuprofen 400 mg (Triman) 100's,Dus,B26110 / Feb-28,5," 28,750 ",," 143,750 ",, - , - ,Penjualan,SYARIF,
04/08/2026,INV.KMS.2602595,DK00304,APOTEK K24 AZZAHRA SAMATA,JJ000011,JJ00001,,1,2,0,Mylanta Tab 100's,Dus,12R0041 / Jan-28,1," 80,546 ",," 80,546 ",, - , - ,Penjualan,SYARIF,
04/08/2026,INV.KMS.2602595,DK00304,APOTEK K24 AZZAHRA SAMATA,GL000021,GL00002,,1,2,0,Caladine Lotion 60 ml,Botol,A26002 / Jan-28,5," 15,845 ",," 79,225 ",, - , - ,Penjualan,SYARIF,
04/08/2026,INV.KMS.2602595,DK00304,APOTEK K24 AZZAHRA SAMATA,GL000031,GL00003,,1,2,0,Caladine Lotion 95 ml,Botol,I25009 / Sep-27,5," 22,302 ",," 111,510 ",, - , - ,Penjualan,SYARIF,
04/08/2026,INV.KMS.2602595,DK00304,APOTEK K24 AZZAHRA SAMATA,TM000022,TM00002,,2,2,0,My Baby M. Telon Plus 60 ml,Botol,0555726 / Mei-28,12," 14,462 ",," 173,544 ",, - , - ,Penjualan,SYARIF,
04/08/2026,INV.KMS.2602596,DK00304,APOTEK K24 AZZAHRA SAMATA,TM000031,TM00003,,1,2,0,My Baby M. Telon Plus 90 ml,Botol,0553126 / Mei-28,5," 19,567 ",," 97,835 "," 1,195,067 "," 131,457 "," 1,326,524 ",Penjualan,SYARIF,
04/08/2026,INV.KMS.2602596,DK00304,APOTEK K24 AZZAHRA SAMATA,TM000032,TM00003,,2,2,0,My Baby M. Telon Plus 90 ml,Botol,0555626 / Mei-28,1," 19,567 ",," 19,567 ",, - , - ,Penjualan,SYARIF,
04/08/2026,INV.KMS.2602596,DK00304,APOTEK K24 AZZAHRA SAMATA,PH000031,PH00003,,1,2,0,Proris Suspensi 60 ml ,Botol,D6C138B / Mar-28,5," 27,615 ",," 138,075 ",, - , - ,Penjualan,SYARIF,
04/08/2026,INV.KMS.2602596,DK00304,APOTEK K24 AZZAHRA SAMATA,TW000031,TW00003,,1,2,0,Tawon Minyak Gosok EE 60 ml,Botol,26012 / Jan-31,3," 50,350 ",," 151,050 ",, - , - ,Penjualan,SYARIF,
04/08/2026,INV.KMS.2602596,DK00304,APOTEK K24 AZZAHRA SAMATA,TM000272,TM00027,,2,2,0,Vitamin D3 1000 IU IPI 30's,Botol,050996 / Mei-28,12," 8,816 ",," 105,792 ",, - , - ,Penjualan,SYARIF,
04/08/2026,INV.KMS.2602596,DK00304,APOTEK K24 AZZAHRA SAMATA,DV000471,DV00047,,1,2,0,Degirol Tab 100's ,Dus,KX5A394 / Nov-29,1," 120,564 ",," 120,564 ",, - , - ,Penjualan,SYARIF,
04/08/2026,INV.KMS.2602596,DK00304,APOTEK K24 AZZAHRA SAMATA,MC000011,MC00001,,1,2,0,Sangobion Caps 250's,Dus,L0792178 / Aug-27,1," 471,750 ",," 471,750 ",, - , - ,Penjualan,SYARIF,
04/08/2026,INV.KMS.2602596,DK00304,APOTEK K24 AZZAHRA SAMATA,GS000111,GS00011,,1,2,0,Scott's Emulsion Vita Rasa Jeruk 200 ml,Botol ,5NF076 / Jun-27,1," 45,217 ",," 45,217 ",, - , - ,Penjualan,SYARIF,
04/08/2026,INV.KMS.2602596,DK00304,APOTEK K24 AZZAHRA SAMATA,GS000112,GS00011,,2,2,0,Scott's Emulsion Vita Rasa Jeruk 200 ml,Botol ,6OA008 / Jan-28,1," 45,217 ",," 45,217 ",, - , - ,Penjualan,SYARIF,
04/08/2026,INV.KMS.2602597,DK00304,APOTEK K24 AZZAHRA SAMATA,PG000011,PG00001,,1,2,0,Vicks Vaporub 10gr,Pcs,52436298X1 / Aug-27,6," 8,317 ",," 49,902 "," 826,087 "," 90,870 "," 916,957 ",Penjualan,SYARIF,
04/08/2026,INV.KMS.2602597,DK00304,APOTEK K24 AZZAHRA SAMATA,PM000081,PM00008,,1,2,0,CTM Tab (PIM) 288's,Pack,09508106 / Aug-30,1," 19,084 ",," 19,084 ",, - , - ,Penjualan,SYARIF,
04/08/2026,INV.KMS.2602597,DK00304,APOTEK K24 AZZAHRA SAMATA,MC000101,MC00010,,1,2,0,Dolo-Neurobion Tab 100's,Dus,L0796255 / Aug-28,1," 235,170 ",," 235,170 ",, - , - ,Penjualan,SYARIF,
04/08/2026,INV.KMS.2602597,DK00304,APOTEK K24 AZZAHRA SAMATA,PG000141,PG00014,,1,2,0,Baby Balm 20 gr,Pcs,5063C56707 / Feb-27,3," 23,253 ",," 69,759 ",, - , - ,Penjualan,SYARIF,
04/08/2026,INV.KMS.2602597,DK00304,APOTEK K24 AZZAHRA SAMATA,EP000131,EP00013,,1,2,0,Balsem Otot Geliga 10 gr,Pcs,PI01855 / Okt-30,5," 5,103 ",," 25,515 ",, - , - ,Penjualan,SYARIF,
04/08/2026,INV.KMS.2602597,DK00304,APOTEK K24 AZZAHRA SAMATA,EP000142,EP00014,,2,2,0,Balsem Otot Geliga 20 gr,Pcs,HR01351 / Mar-31,5," 9,135 ",," 45,675 ",, - , - ,Penjualan,SYARIF,
04/08/2026,INV.KMS.2602597,DK00304,APOTEK K24 AZZAHRA SAMATA,KF000481,KF00048,,1,2,OTC,Bedak Marcks Creme 40gr,Pot,H50579S / Aug-30,3," 18,165 ",," 54,495 ",, - , - ,Penjualan,SYARIF,
04/08/2026,INV.KMS.2602597,DK00304,APOTEK K24 AZZAHRA SAMATA,GL000061,GL00006,,1,2,0,Caladine Powder Original 100 gr,Botol,H24017 / Aug-29,3," 16,349 ",," 49,047 ",, - , - ,Penjualan,SYARIF,
04/08/2026,INV.KMS.2602597,DK00304,APOTEK K24 AZZAHRA SAMATA,US000031,US00003,,1,2,0,Freshcare Smash Matcha Inhaler Roll On 8 ml,Pcs,26E03634 / Mei-29,24," 11,560 ",," 277,440 ",, - , - ,Penjualan,SYARIF,
04/08/2026,INV.KMS.2602598,DK00304,APOTEK K24 AZZAHRA SAMATA,KF001441,KF00144,,1,2,Generik,"Gentamicin Sulfate 0,1% Krim (KF) 5g @10 Tube",Dus,C60526W / Mar-28,1," 33,190 ",," 33,190 "," 738,307 "," 81,214 "," 819,521 ",Penjualan,SYARIF,
04/08/2026,INV.KMS.2602598,DK00304,APOTEK K24 AZZAHRA SAMATA,SC000021,SC00002,,1,2,0,Obat Sakit Gigi Cap Burung Kakak Tua 2 ml,Pcs,1602FB / Feb-29,5," 15,000 ",," 75,000 ",, - , - ,Penjualan,SYARIF,
04/08/2026,INV.KMS.2602598,DK00304,APOTEK K24 AZZAHRA SAMATA,DV000392,DV00039,,2,2,0,Natur E White 16's ,Dus,5EJ2076 / Okt-27,3," 44,802 ",," 134,406 ",, - , - ,Penjualan,SYARIF,
04/08/2026,INV.KMS.2602598,DK00304,APOTEK K24 AZZAHRA SAMATA,DV000401,DV00040,,1,2,0,Natur E White 32's ,Dus,5EE1026 / Mei-27,1," 81,715 ",," 81,715 ",, - , - ,Penjualan,SYARIF,
04/08/2026,INV.KMS.2602598,DK00304,APOTEK K24 AZZAHRA SAMATA,DV000402,DV00040,,2,2,0,Natur E White 32's ,Dus,6FB0290 / Feb-28,1," 81,715 ",," 81,715 ",, - , - ,Penjualan,SYARIF,
04/08/2026,INV.KMS.2602598,DK00304,APOTEK K24 AZZAHRA SAMATA,SE000041,SE00004,,1,2,0,Plossa Blue Mountain 10 ml,Pcs,020C6 / Mar-28,6," 10,000 ",," 60,000 ",, - , - ,Penjualan,SYARIF,
04/08/2026,INV.KMS.2602598,DK00304,APOTEK K24 AZZAHRA SAMATA,SE000051,SE00005,,1,2,0,Plossa Sarangheo Korean Cherry 10 ml,Pcs,028D6 / Apr-28,6," 12,290 ",," 73,740 ",, - , - ,Penjualan,SYARIF,
04/08/2026,INV.KMS.2602598,DK00304,APOTEK K24 AZZAHRA SAMATA,SM000013,SM00001,,3,2,0,Tolak Angin Cair 12's,Dus,EL40041 / Jan-28,3," 43,974 ",," 131,922 ",, - , - ,Penjualan,SYARIF,
04/08/2026,INV.KMS.2602598,DK00304,APOTEK K24 AZZAHRA SAMATA,TM000261,TM00026,,1,2,0,Zinc IPI 45's,Botol,051026 / Mei-28,7," 9,517 ",," 66,619 ",, - , - ,Penjualan,SYARIF,
04/08/2026,INV.KMS.2602599,DK00266,APOTEK KARTINI,KF001401,KF00140,,1,2,Generik,Miconazole 2% Krim (KF) 10g @24 Tube,Dus,L52663W / Des-28,3," 103,512 ",," 310,536 "," 310,536 "," 34,159 "," 344,695 ",Penjualan,ANGGA,
04/08/2026,INV.KMS.2602600,DK00191,APOTIK PATTENE,DV000091,DV00009,,1,2,0,Enervon-C Tab 100's,Dus,25191601 / Okt-27,2," 112,382 ",," 224,764 "," 331,714 "," 36,489 "," 368,203 ",Penjualan,ANGGA,
04/08/2026,INV.KMS.2602600,DK00191,APOTIK PATTENE,EL000071,EL00007,,1,2,0,Ambroxol Sirup (Erela) 60 ml,Botol,S2960127 / Okt-27,6," 6,325 ",," 37,950 ",, - , - ,Penjualan,ANGGA,
04/08/2026,INV.KMS.2602600,DK00191,APOTIK PATTENE,EL000062,EL00006,,2,2,0,Antasida Suspensi (Erela) 60 ml ,Botol,S.2361104 / Mei-28,6," 5,000 ",," 30,000 ",, - , - ,Penjualan,ANGGA,
04/08/2026,INV.KMS.2602600,DK00191,APOTIK PATTENE,MP000022,MP00002,,2,2,0,Zinc Sulfate Sirup (Mepro) 60 ml,Botol,E26D630 / Apr-28,6," 6,500 ",," 39,000 ",, - , - ,Penjualan,ANGGA,
04/08/2026,INV.KMS.2602601,DK00191,APOTIK PATTENE,DV000481,DV00048,,1,2,Mengandung Prekursor,Paratusin DMP Sirup 60 ml,Botol,6FC0514 / Mar-28,6," 33,000 ",," 198,000 "," 198,000 "," 21,780 "," 219,780 ",Penjualan,ANGGA,
04/08/2026,INV.KMS.2602602,DK00266,APOTEK KARTINI,AF000122,AF00012,,2,2,0,Calcium Lactate 500 mg (AFI) 100's,Dus,A50616 / Feb-29,7," 21,708 ",," 151,956 "," 151,956 "," 16,715 "," 168,671 ",Penjualan,ANGGA,
05/08/2026,INV.KMS.2602603,DK00266,APOTEK KARTINI,SL000021,SL00002,,1,2,0,Ambroxol 30 mg (SLF) 100's,Dus,52867 / Mei-28,5," 20,631 ",," 103,155 "," 513,517 "," 56,487 "," 570,004 ",Penjualan,ANGGA,
05/08/2026,INV.KMS.2602603,DK00266,APOTEK KARTINI,NU000011,NU00001,,1,2,0,Cetirizine HCl 10 mg (Nulab) 100's,Dus,2601180 / Jan-28,5," 28,500 ",," 142,500 ",, - , - ,Penjualan,ANGGA,
05/08/2026,INV.KMS.2602603,DK00266,APOTEK KARTINI,GS000042,GS00004,,2,2,0,Panadol Extra 100's,Dus,UB8G / Des-28,2," 110,931 ",," 221,862 ",, - , - ,Penjualan,ANGGA,
05/08/2026,INV.KMS.2602603,DK00266,APOTEK KARTINI,KF000301,KF00030,,1,2,Generik,Salbutamol 4 mg (KF) 100's,Dus,A60166N / Jan-28,2," 23,000 ",," 46,000 ",, - , - ,Penjualan,ANGGA,
05/08/2026,INV.KMS.2602604,DK00336,RSIA CAHAYA MEDIKA,CC000051,CC00005,,1,2,Mengandung Prekursor,Demacolin Tab 100's,Dus,26AA042 / Jan-30,4," 46,750 ",," 187,000 "," 233,750 "," 25,713 "," 259,463 ",Penjualan,ANGGA,
05/08/2026,INV.KMS.2602604,DK00336,RSIA CAHAYA MEDIKA,CC000052,CC00005,,2,2,Mengandung Prekursor,Demacolin Tab 100's,Dus,26BA001 / Feb-30,1," 46,750 ",," 46,750 ",, - , - ,Penjualan,ANGGA,
05/08/2026,INV.KMS.2602605,DK00336,RSIA CAHAYA MEDIKA,YR000011,YR00001,,1,2,0,Isosorbide Dinitrate 5 mg (Yarindo) 100's,Dus,A02302HC / Aug-27,1," 33,500 ",," 33,500 "," 127,000 "," 13,970 "," 140,970 ",Penjualan,ANGGA,
05/08/2026,INV.KMS.2602605,DK00336,RSIA CAHAYA MEDIKA,YR000012,YR00001,,2,2,0,Isosorbide Dinitrate 5 mg (Yarindo) 100's,Dus,A02350LC / Des-27,1," 33,500 ",," 33,500 ",, - , - ,Penjualan,ANGGA,
05/08/2026,INV.KMS.2602605,DK00336,RSIA CAHAYA MEDIKA,IF000171,IF00017,,1,2,0,Cetirizine Sirup (Ifars) 60 ml,Botol,SM008 / Sep-29,10," 6,000 ",," 60,000 ",, - , - ,Penjualan,ANGGA,
05/08/2026,INV.KMS.2602606,DK00333,APOTEK ANUGERAH SEJATI ,DV000471,DV00047,,1,2,0,Degirol Tab 100's ,Dus,KX5A394 / Nov-29,1," 120,564 ",," 120,564 "," 186,438 "," 20,508 "," 206,946 ",Penjualan,SYARIF,
05/08/2026,INV.KMS.2602606,DK00333,APOTEK ANUGERAH SEJATI ,TM000011,TM00001,,1,2,0,My Baby M. Telon Plus 30 ml,Botol,0354126 / Mar-28,6," 7,979 ",," 47,874 ",, - , - ,Penjualan,SYARIF,
05/08/2026,INV.KMS.2602606,DK00333,APOTEK ANUGERAH SEJATI ,HP000041,HP00004,,1,2,0,Ibuprofen Sirup (Holi) 60 ml,Botol,2508085 / Aug-28,3," 6,000 ",," 18,000 ",, - , - ,Penjualan,SYARIF,
05/08/2026,INV.KMS.2602607,DK00430,APOTEK AORTA ,US000071,US00007,,1,2,0,Hot in Cream Botol Strong 120 gr (Merah),Botol,26B01350 / Feb-29,2," 26,900 ",," 53,800 "," 549,699 "," 60,467 "," 610,166 ",Penjualan,SYARIF,
05/08/2026,INV.KMS.2602607,DK00430,APOTEK AORTA ,US000051,US00005,,1,2,0,Hot in Cream Botol 120 gr (Putih),Botol,25D02877 / Apr-28,2," 26,900 ",," 53,800 ",, - , - ,Penjualan,SYARIF,
05/08/2026,INV.KMS.2602607,DK00430,APOTEK AORTA ,US000221,US00022,,1,2,0,Hot in Cream Botol Aromatherapy 60 gr (Hijau),Botol,26A00585 / Jan-29,2," 14,200 ",," 28,400 ",, - , - ,Penjualan,SYARIF,
05/08/2026,INV.KMS.2602607,DK00430,APOTEK AORTA ,EP000102,EP00010,,2,2,0,GPU Cair Sereh 30 ml,Botol,HR02805 / Mar-31,3," 9,933 ",," 29,799 ",, - , - ,Penjualan,SYARIF,
05/08/2026,INV.KMS.2602607,DK00430,APOTEK AORTA ,US000041,US00004,,1,2,0,Hot in Cream Botol 60 gr (Putih),Botol,25D03070 / Apr-28,2," 14,200 ",," 28,400 ",, - , - ,Penjualan,SYARIF,
05/08/2026,INV.KMS.2602607,DK00430,APOTEK AORTA ,PS000271,PS00027,,1,2,0,Antimo Tab Dewasa 720's,Dus,86002387 / Nov-30,1," 309,600 ",," 309,600 ",, - , - ,Penjualan,SYARIF,
05/08/2026,INV.KMS.2602607,DK00430,APOTEK AORTA ,CC000091,CC00009,,1,2,0,Herocyn 150 gr,Pcs,26DD072 / Apr-30,3," 15,300 ",," 45,900 ",, - , - ,Penjualan,SYARIF,
05/08/2026,INV.KMS.2602608,DK00333,APOTEK ANUGERAH SEJATI ,EP000081,EP00008,,1,2,0,Balsem Aktiv 20 gr,Pcs,HM00654 / Jan-31,12," 8,715 ",," 104,580 "," 104,580 "," 11,504 "," 116,084 ",Penjualan,SYARIF,
06/08/2026,INV.KMS.2602609,DK00132,APOTEK PERRENIAL,SG000021,SG00002,,1,2,0,Cessa BABY Merah Fedrop EO 8 ml,Pcs,T202GBZ / Feb-29,3," 27,749 ",," 83,247 "," 425,117 "," 46,763 "," 471,880 ",Penjualan,ANGGA,
06/08/2026,INV.KMS.2602609,DK00132,APOTEK PERRENIAL,SG000013,SG00001,,3,2,0,Cessa BABY Biru Happy Nose EO 8 ml,Pcs,T201AUFZ / Jun-29,6," 27,749 ",," 166,494 ",, - , - ,Penjualan,ANGGA,
06/08/2026,INV.KMS.2602609,DK00132,APOTEK PERRENIAL,DV000041,DV00004,,1,2,0,Vicee Orange Tab 100's,Dus,LX5A121 / Jan-28,1," 63,688 ",," 63,688 ",, - , - ,Penjualan,ANGGA,
06/08/2026,INV.KMS.2602609,DK00132,APOTEK PERRENIAL,DV000061,DV00006,,1,2,0,Vicee Grape Tab 100's,Dus,KX5A328 / Nov-27,1," 63,688 ",," 63,688 ",, - , - ,Penjualan,ANGGA,
06/08/2026,INV.KMS.2602609,DK00132,APOTEK PERRENIAL,PM000041,PM00004,,1,2,0,Paracetamol Sirup Rasa Strawberry (PIM) 60 ml,Botol,64512006 / Jun-28,12," 4,000 ",," 48,000 ",, - , - ,Penjualan,ANGGA,
06/08/2026,INV.KMS.2602610,DK00443,APOTEK ALBY CARE,KL000011,KL00001,,1,2,0,Bioplacenton Jelly 15 gr,Tube ,KCBPCA55250 / Sep-27,4," 30,000 ",," 120,000 "," 194,606 "," 21,407 "," 216,013 ",Penjualan,ANGGA,
06/08/2026,INV.KMS.2602610,DK00443,APOTEK ALBY CARE,EP000421,EP00042,,1,2,0,Kool Fever Dewasa 6's,Dus ,XXXXX / Jan-29,1," 44,418 ",," 44,418 ",, - , - ,Penjualan,ANGGA,
06/08/2026,INV.KMS.2602610,DK00443,APOTEK ALBY CARE,NP000301,NP00030,,1,2,0,Metronidazole 500 mg (Nova) 100's,Dus,2507-111-29 / Jul-27,1," 30,188 ",," 30,188 ",, - , - ,Penjualan,ANGGA,
06/08/2026,INV.KMS.2602611,DK00099,RSIA SENTOSA,HJ000102,HJ00010,,2,2,0,Ranitidine HCl 150 mg (HJ) NEW 200's,Dus,TRNTC56718 / Nov-27,3," 42,500 ",," 127,500 "," 127,500 "," 14,025 "," 141,525 ",Penjualan,ANGGA,
06/08/2026,INV.KMS.2602612,DK00584,APOTEK AMINAH FARMA,SL000092,SL00009,,2,2,0,Prednisone 5 mg (SLF) 100's,Dus,61398 / Mar-29,2," 13,091 ",," 26,182 "," 204,552 "," 22,501 "," 227,053 ",Penjualan,SYARIF,
06/08/2026,INV.KMS.2602612,DK00584,APOTEK AMINAH FARMA,NP000101,NP00010,,1,2,0,Chlorphenamine Maleate 4 mg (Nova) 100's,Dus,2511-06-152 / Nov-28,2," 10,000 ",," 20,000 ",, - , - ,Penjualan,SYARIF,
06/08/2026,INV.KMS.2602612,DK00584,APOTEK AMINAH FARMA,PM000021,PM00002,,1,2,0,Parasetamol 500 mg (PIM) 100's,Dus,05603134 / Mar-30,1," 20,900 ",," 20,900 ",, - , - ,Penjualan,SYARIF,
06/08/2026,INV.KMS.2602612,DK00584,APOTEK AMINAH FARMA,PM000041,PM00004,,1,2,0,Paracetamol Sirup Rasa Strawberry (PIM) 60 ml,Botol,64512006 / Jun-28,2," 4,000 ",," 8,000 ",, - , - ,Penjualan,SYARIF,
06/08/2026,INV.KMS.2602612,DK00584,APOTEK AMINAH FARMA,EP000251,EP00025,,1,2,0,Green Oil Herbal 5 ml,Pcs,HM00420 / Jan-31,2," 6,405 ",," 12,810 ",, - , - ,Penjualan,SYARIF,
06/08/2026,INV.KMS.2602612,DK00584,APOTEK AMINAH FARMA,AF000191,AF00019,,1,2,0,Vitamin C 50 mg (AFI) 100's,Dus,E30512 / Mei-28,1," 10,350 ",," 10,350 ",, - , - ,Penjualan,SYARIF,
06/08/2026,INV.KMS.2602612,DK00584,APOTEK AMINAH FARMA,US000031,US00003,,1,2,0,Freshcare Smash Matcha Inhaler Roll On 8 ml,Pcs,26E03634 / Mei-29,2," 11,560 ",," 23,120 ",, - , - ,Penjualan,SYARIF,
06/08/2026,INV.KMS.2602612,DK00584,APOTEK AMINAH FARMA,NP000431,NP00043,,1,2,0,Mefenamic Acid 500 mg (Nova) 100's,Dus,2604-10-120 / Apr-28,2," 25,000 ",," 50,000 ",, - , - ,Penjualan,SYARIF,
06/08/2026,INV.KMS.2602612,DK00584,APOTEK AMINAH FARMA,KF001441,KF00144,,1,2,Generik,"Gentamicin Sulfate 0,1% Krim (KF) 5g @10 Tube",Dus,C60526W / Mar-28,1," 33,190 ",," 33,190 ",, - , - ,Penjualan,SYARIF,
06/08/2026,INV.KMS.2602613,DK00123,APOTEK MANDIRI,CM000031,CM00003,,1,2,Mengandung Prekursor,OBHC Anak Strawberry 60 ml,Botol,6OC132 / Mar-28,3," 16,832 ",," 50,496 "," 146,436 "," 16,108 "," 162,544 ",Penjualan,SYARIF,
06/08/2026,INV.KMS.2602613,DK00123,APOTEK MANDIRI,HF000012,HF00001,,2,2,Mengandung Prekursor,Hufagripp Flu & Batuk Sirup 60 ml,Botol,A900626 / Mar-29,3," 21,620 ",," 64,860 ",, - , - ,Penjualan,SYARIF,
06/08/2026,INV.KMS.2602613,DK00123,APOTEK MANDIRI,CM000071,CM00007,,1,2,Mengandung Prekursor,OBHC Batuk Flu Menthol 60 ml,Botol,6OA014 / Jan-28,2," 15,540 ",," 31,080 ",, - , - ,Penjualan,SYARIF,
06/08/2026,INV.KMS.2602614,DK00123,APOTEK MANDIRI,RM000152,RM00015,,2,2,0,Amlodipine Besilate 5 mg (Rama) 100's,Dus,T03029BF / Mar-29,2," 13,332 ",," 26,664 "," 485,867 "," 53,445 "," 539,312 ",Penjualan,SYARIF,
06/08/2026,INV.KMS.2602614,DK00123,APOTEK MANDIRI,ME000051,ME00005,,1,2,0,"Dexamethasone 0,5 mg (MEF) 200's",Dus,1508527 / Aug-30,1," 30,000 ",," 30,000 ",, - , - ,Penjualan,SYARIF,
06/08/2026,INV.KMS.2602614,DK00123,APOTEK MANDIRI,PZ000011,PZ00001,,1,2,0,Ponstan 500 mg Tab 100's,Dus,MR0822 / Jun-27,1," 276,949 ",," 276,949 ",, - , - ,Penjualan,SYARIF,
06/08/2026,INV.KMS.2602614,DK00123,APOTEK MANDIRI,GL000021,GL00002,,1,2,0,Caladine Lotion 60 ml,Botol,A26002 / Jan-28,2," 15,845 ",," 31,690 ",, - , - ,Penjualan,SYARIF,
06/08/2026,INV.KMS.2602614,DK00123,APOTEK MANDIRI,DV000471,DV00047,,1,2,0,Degirol Tab 100's ,Dus,KX5A394 / Nov-29,1," 120,564 ",," 120,564 ",, - , - ,Penjualan,SYARIF,
06/08/2026,INV.KMS.2602615,DK00264,APOTEK DIAN,NC000031,NC00003,,1,2,0,Bedak Salicyl Menthol (Nellco) 60gr,Pot,8026003 / Jun-30,36," 7,150 ",," 257,400 "," 257,400 "," 28,314 "," 285,714 ",Penjualan,SYARIF,
06/08/2026,INV.KMS.2602616,DK00212,APOTEK MARWAH FARMA,KF000333,KF00033,,3,2,OTC,Asifit Kaplet-Blister 30's,Dus,G51078N / Jul-27,1," 61,640 ",," 61,640 "," 109,225 "," 12,015 "," 121,240 ",Penjualan,SYARIF,
06/08/2026,INV.KMS.2602616,DK00212,APOTEK MARWAH FARMA,TM000291,TM00029,,1,2,0,Vitamin E IPI 30's,Botol,050386 / Apr-28,5," 9,517 ",," 47,585 ",, - , - ,Penjualan,SYARIF,
06/08/2026,INV.KMS.2602617,DK00025,APOTEK KLINIK BOTOLEMPANGANG,BF000561,BF00056,,1,2,0,Betahistine Mesilate 6 mg (Berno) 100's,Dus,TPF09555 / Mei-28,2," 21,000 ",," 42,000 "," 153,238 "," 16,856 "," 170,094 ",Penjualan,SYARIF,
06/08/2026,INV.KMS.2602617,DK00025,APOTEK KLINIK BOTOLEMPANGANG,PM000041,PM00004,,1,2,0,Paracetamol Sirup Rasa Strawberry (PIM) 60 ml,Botol,64512006 / Jun-28,10," 4,000 ",," 40,000 ",, - , - ,Penjualan,SYARIF,
06/08/2026,INV.KMS.2602617,DK00025,APOTEK KLINIK BOTOLEMPANGANG,EX000051,EX00005,,1,2,0,Domperidone Sirup (Erlimpex) 60 ml,Botol,S.23260018 / Mar-28,2," 5,000 ",," 10,000 ",, - , - ,Penjualan,SYARIF,
06/08/2026,INV.KMS.2602617,DK00025,APOTEK KLINIK BOTOLEMPANGANG,AF000191,AF00019,,1,2,0,Vitamin C 50 mg (AFI) 100's,Dus,E30512 / Mei-28,3," 10,350 ",," 31,050 ",, - , - ,Penjualan,SYARIF,
06/08/2026,INV.KMS.2602617,DK00025,APOTEK KLINIK BOTOLEMPANGANG,NP000301,NP00030,,1,2,0,Metronidazole 500 mg (Nova) 100's,Dus,2507-111-29 / Jul-27,1," 30,188 ",," 30,188 ",, - , - ,Penjualan,SYARIF,
06/08/2026,INV.KMS.2602618,DK00025,APOTEK KLINIK BOTOLEMPANGANG,BF000551,BF00055,,1,2,0,Methylprednisolone 4 mg (Berno) 100's,Dus,TPM06354 / Nov-27,8," 49,000 ",50," 196,000 "," 196,000 "," 21,560 "," 217,560 ",Penjualan,SYARIF,
07/08/2026,INV.KMS.2602619,DK00288,APOTEK TELEKOMEDIKA HEALTH CENTER RATULANGI,IJ000021,IJ00002,,1,2,0,Guaifenesin 100 mg (IMR) 100's,Dus,0151250 / Des-27,2," 15,000 ",," 30,000 "," 270,131 "," 29,714 "," 299,845 ",Penjualan,SYARIF,
07/08/2026,INV.KMS.2602619,DK00288,APOTEK TELEKOMEDIKA HEALTH CENTER RATULANGI,TR000093,TR00009,,3,2,0,Ibuprofen 400 mg (Triman) 100's,Dus,B26110 / Feb-28,2," 28,750 ",," 57,500 ",, - , - ,Penjualan,SYARIF,
07/08/2026,INV.KMS.2602619,DK00288,APOTEK TELEKOMEDIKA HEALTH CENTER RATULANGI,EL000111,EL00011,,1,2,0,Caviplex Kaplet 100's,Dus,F1461109 / Sep-28,1," 73,500 ",," 73,500 ",, - , - ,Penjualan,SYARIF,
07/08/2026,INV.KMS.2602619,DK00288,APOTEK TELEKOMEDIKA HEALTH CENTER RATULANGI,SL000021,SL00002,,1,2,0,Ambroxol 30 mg (SLF) 100's,Dus,52867 / Mei-28,1," 20,631 ",," 20,631 ",, - , - ,Penjualan,SYARIF,
07/08/2026,INV.KMS.2602619,DK00288,APOTEK TELEKOMEDIKA HEALTH CENTER RATULANGI,NP000431,NP00043,,1,2,0,Mefenamic Acid 500 mg (Nova) 100's,Dus,2604-10-120 / Apr-28,1," 25,000 ",," 25,000 ",, - , - ,Penjualan,SYARIF,
07/08/2026,INV.KMS.2602619,DK00288,APOTEK TELEKOMEDIKA HEALTH CENTER RATULANGI,HJ000102,HJ00010,,2,2,0,Ranitidine HCl 150 mg (HJ) NEW 200's,Dus,TRNTC56718 / Nov-27,1," 42,500 ",," 42,500 ",, - , - ,Penjualan,SYARIF,
07/08/2026,INV.KMS.2602619,DK00288,APOTEK TELEKOMEDIKA HEALTH CENTER RATULANGI,BF000561,BF00056,,1,2,0,Betahistine Mesilate 6 mg (Berno) 100's,Dus,TPF09555 / Mei-28,1," 21,000 ",," 21,000 ",, - , - ,Penjualan,SYARIF,
07/08/2026,INV.KMS.2602620,DK00288,APOTEK TELEKOMEDIKA HEALTH CENTER RATULANGI,KF000321,KF00032,,1,2,Generik,Simvastatin 10 mg (KF) 50's,Dus,E50674N / Mei-27,1," 17,000 ",15," 14,450 "," 14,450 "," 1,590 "," 16,040 ",Penjualan,SYARIF,
07/08/2026,INV.KMS.2602621,DK00288,APOTEK TELEKOMEDIKA HEALTH CENTER RATULANGI,CC000052,CC00005,,2,2,Mengandung Prekursor,Demacolin Tab 100's,Dus,26BA001 / Feb-30,3," 46,750 ",," 140,250 "," 140,250 "," 15,428 "," 155,678 ",Penjualan,SYARIF,
07/08/2026,INV.KMS.2602622,DK00292,APOTEK PINTU DUA,HP000041,HP00004,,1,2,0,Ibuprofen Sirup (Holi) 60 ml,Botol,2508085 / Aug-28,2," 6,000 ",," 12,000 "," 151,463 "," 16,661 "," 168,124 ",Penjualan,ANGGA,
07/08/2026,INV.KMS.2602622,DK00292,APOTEK PINTU DUA,HP000042,HP00004,,2,2,0,Ibuprofen Sirup (Holi) 60 ml,Botol,2510031 / Okt-28,4," 6,000 ",," 24,000 ",, - , - ,Penjualan,ANGGA,
07/08/2026,INV.KMS.2602622,DK00292,APOTEK PINTU DUA,BF000491,BF00049,,1,2,0,Cefixime Sirup (Berno) 30 ml,Botol,SKN48154 / Des-27,6," 12,000 ",," 72,000 ",, - , - ,Penjualan,ANGGA,
07/08/2026,INV.KMS.2602622,DK00292,APOTEK PINTU DUA,DX000033,DX00003,,3,2,0,Ketoconazole 200 mg (Dexa) 50's,Dus,4160279 / Des-28,1," 28,463 ",," 28,463 ",, - , - ,Penjualan,ANGGA,
07/08/2026,INV.KMS.2602622,DK00292,APOTEK PINTU DUA,EL000062,EL00006,,2,2,0,Antasida Suspensi (Erela) 60 ml ,Botol,S.2361104 / Mei-28,3," 5,000 ",," 15,000 ",, - , - ,Penjualan,ANGGA,
07/08/2026,INV.KMS.2602623,DK00333,APOTEK ANUGERAH SEJATI ,BF000491,BF00049,,1,2,0,Cefixime Sirup (Berno) 30 ml,Botol,SKN48154 / Des-27,4," 12,000 ",," 48,000 "," 315,120 "," 34,663 "," 349,783 ",Penjualan,SYARIF,
07/08/2026,INV.KMS.2602623,DK00333,APOTEK ANUGERAH SEJATI ,EP000022,EP00002,,2,2,0,MKP (Cap Lang) 60 ml ,Botol,HA01516 / Feb-31,12," 22,260 ",," 267,120 ",, - , - ,Penjualan,SYARIF,
07/08/2026,INV.KMS.2602624,DK00539,APOTEK BAROKAH SELALU,DV000241,DV00024,,1,2,0,Natur E Advanced Soft Caps 32's,Dus,5EG1588 / Aug-27,1," 69,319 ",," 69,319 "," 325,148 "," 35,766 "," 360,914 ",Penjualan,SYARIF,
07/08/2026,INV.KMS.2602624,DK00539,APOTEK BAROKAH SELALU,PM000061,PM00006,,1,2,0,Pim-Tra-Kol Kids Sirup 60 ml,Botol,63506002 / Des-27,4," 12,075 ",," 48,300 ",, - , - ,Penjualan,SYARIF,
07/08/2026,INV.KMS.2602624,DK00539,APOTEK BAROKAH SELALU,KX000181,KX00018,,1,2,0,Paramex Tab Sakit Kepala 200's,Dus,I25A75 / Nov-27,1," 108,000 ",," 108,000 ",, - , - ,Penjualan,SYARIF,
07/08/2026,INV.KMS.2602624,DK00539,APOTEK BAROKAH SELALU,CM000111,CM00011,,1,2,0,"Insto Dry Tetes Mata 7,5 ml",Botol,2638001 / Feb-29,4," 13,578 ",," 54,312 ",, - , - ,Penjualan,SYARIF,
07/08/2026,INV.KMS.2602624,DK00539,APOTEK BAROKAH SELALU,GS000112,GS00011,,2,2,0,Scott's Emulsion Vita Rasa Jeruk 200 ml,Botol ,6OA008 / Jan-28,1," 45,217 ",," 45,217 ",, - , - ,Penjualan,SYARIF,
07/08/2026,INV.KMS.2602625,DK00539,APOTEK BAROKAH SELALU,CC000052,CC00005,,2,2,Mengandung Prekursor,Demacolin Tab 100's,Dus,26BA001 / Feb-30,1," 46,750 ",," 46,750 "," 252,546 "," 27,780 "," 280,326 ",Penjualan,SYARIF,
07/08/2026,INV.KMS.2602625,DK00539,APOTEK BAROKAH SELALU,HF000012,HF00001,,2,2,Mengandung Prekursor,Hufagripp Flu & Batuk Sirup 60 ml,Botol,A900626 / Mar-29,6," 21,620 ",," 129,720 ",, - , - ,Penjualan,SYARIF,
07/08/2026,INV.KMS.2602625,DK00539,APOTEK BAROKAH SELALU,HF000021,HF00002,,1,2,Mengandung Prekursor,Hufagripp BP Sirup 60 ml,Botol,A800276 / Apr-30,4," 19,019 ",," 76,076 ",, - , - ,Penjualan,SYARIF,
07/08/2026,INV.KMS.2602626,DK00234,APOTEK K-24 CENDRAWASIH,DV000491,DV00049,,1,2,0,Decolgen PE Tab 100's,Dus,26035431 / Feb-28,2," 54,590 ",," 109,180 "," 163,770 "," 18,015 "," 181,785 ",Penjualan,SYARIF,
07/08/2026,INV.KMS.2602626,DK00234,APOTEK K-24 CENDRAWASIH,DV000492,DV00049,,2,2,0,Decolgen PE Tab 100's,Dus,26055502 / Apr-28,1," 54,590 ",," 54,590 ",, - , - ,Penjualan,SYARIF,
,,,,,,,,,,,,,,,,,,,,,,
,,,,,,,,,,,,,,  ,,  ,, - , - ,,,
,,,,,,,,,,,,,,  ,,  ,, - , - ,,,
,,,,,,,,,,,,,,  ,,  ,, - , - ,,,
,,,,,,,,,,,,,,  ,,  ,, - , - ,,,
,,,,,,,,,,,,,,  ,,  ,, - , - ,,,
,,,,,,,,,,,,,,  ,,  ,, - , - ,,,
,,,,,,,,,,,,,,  ,,  ,, - , - ,,,
,,,,,,,,,,,,,,  ,,  ,, - , - ,,,
,,,,,,,,,,,,,,  ,,  ,, - , - ,,,
,,,,,,,,,,,,,,  ,,  ,, - , - ,,,
,,,,,,,,,,,,,,  ,,  ,, - , - ,,,
,,,,,,,,,,,,,,  ,,  ,, - , - ,,,
,,,,,,,,,,,,,,  ,,  ,, - , - ,,,
,,,,,,,,,,,,,,  ,,  ,, - , - ,,,
,,,,,,,,,,,,,,  ,,  ,, - , - ,,,
,,,,,,,,,,,,,,  ,,  ,, - , - ,,,
,,,,,,,,,,,,,,  ,,  ,, - , - ,,,
,,,,,,,,,,,,,,  ,,  ,, - , - ,,,
,,,,,,,,,,,,,,,,,,,,,,
,,,,,,,,,,,,,,  ,,  ,, - , - ,,,
,,,,,,,,,,,,,,  ,,  ,, - , - ,,,
,,,,,,,,,,,,,,  ,,  ,, - , - ,,,
,,,,,,,,,,,,,,  ,,  ,, - , - ,,,
,,,,,,,,,,,,,,  ,,  ,, - , - ,,,
,,,,,,,,,,,,,,  ,,  ,, - , - ,,,
,,,,,,,,,,,,,,  ,,  ,, - , - ,,,
,,,,,,,,,,,,,,  ,,  ,, - , - ,,,
,,,,,,,,,,,,,,  ,,  ,, - , - ,,,
,,,,,,,,,,,,,,  ,,  ,, - , - ,,,
,,,,,,,,,,,,,,,,,,,,,,
,,,,,,,,,,,,,,,,,,,,,,
,,,,,,,,,,,,,,  ,,  ,, - , - ,,,
,,,,,,,,,,,,,,  ,,  ,, - , - ,,,
,,,,,,,,,,,,,,  ,,  ,, - , - ,,,
,,,,,,,,,,,,,,  ,,  ,, - , - ,,,
,,,,,,,,,,,,,,  ,,  ,, - , - ,,,
,,,,,,,,,,,,,,  ,,  ,, - , - ,,,
,,,,,,,,,,,,,,  ,,  ,, - , - ,,,
,,,,,,,,,,,,,,  ,,  ,, - , - ,,,
,,,,,,,,,,,,,,  ,,  ,, - , - ,,,
,,,,,,,,,,,,,,  ,,  ,, - , - ,,,
,,,,,,,,,,,,,,  ,,  ,, - , - ,,,
,,,,,,,,,,,,,,  ,,  ,, - , - ,,,
,,,,,,,,,,,,,,  ,,  ,, - , - ,,,
,,,,,,,,,,,,,,,,,,,,,,
,,,,,,,,,,,,,,  ,,  ,, - , - ,,,
,,,,,,,,,,,,,,  ,,  ,, - , - ,,,
,,,,,,,,,,,,,,  ,,  ,, - , - ,,,
,,,,,,,,,,,,,,  ,,  ,, - , - ,,,
,,,,,,,,,,,,,,  ,,  ,, - , - ,,,
,,,,,,,,,,,,,,,,,,,,,,
,,,,,,,,,,,,,,  ,,  ,, - , - ,,,
,,,,,,,,,,,,,,  ,,  ,, - , - ,,,
,,,,,,,,,,,,,,  ,,  ,, - , - ,,,
,,,,,,,,,,,,,,  ,,  ,, - , - ,,,
,,,,,,,,,,,,,,  ,,  ,, - , - ,,,
,,,,,,,,,,,,,,  ,,  ,, - , - ,,,
,,,,,,,,,,,,,,,,,,,,,,
,,,,,,,,,,,,,,  ,,  ,, - , - ,,,
,,,,,,,,,,,,,,  ,,  ,, - , - ,,,
,,,,,,,,,,,,,,  ,,  ,, - , - ,,,
,,,,,,,,,,,,,,  ,,  ,, - , - ,,,
,,,,,,,,,,,,,,  ,,  ,, - , - ,,,
,,,,,,,,,,,,,,  ,,  ,, - , - ,,,
,,,,,,,,,,,,,,  ,,  ,, - , - ,,,
,,,,,,,,,,,,,,  ,,  ,, - , - ,,,
,,,,,,,,,,,,,,,,,,,,,,
,,,,,,,,,,,,,,,,,,,,,,
,,,,,,,,,,,,,,,,,,,,,,
,,,,,,,,,,,,,,  ,,  ,, - , - ,,,
,,,,,,,,,,,,,,  ,,  ,, - , - ,,,
,,,,,,,,,,,,,,,,,,,,,,
,,,,,,,,,,,,,,  ,,  ,, - , - ,,,
,,,,,,,,,,,,,,  ,,  ,, - , - ,,,
,,,,,,,,,,,,,,  ,,  ,, - , - ,,,
,,,,,,,,,,,,,,  ,,  ,, - , - ,,,
,,,,,,,,,,,,,,  ,,  ,, - , - ,,,
,,,,,,,,,,,,,,  ,,  ,, - , - ,,,
,,,,,,,,,,,,,,  ,,  ,, - , - ,,,
,,,,,,,,,,,,,,  ,,  ,, - , - ,,,
,,,,,,,,,,,,,,  ,,  ,, - , - ,,,
,,,,,,,,,,,,,,  ,,  ,, - , - ,,,
,,,,,,,,,,,,,,  ,,  ,, - , - ,,,
,,,,,,,,,,,,,,  ,,  ,, - , - ,,,
,,,,,,,,,,,,,,  ,,  ,, - , - ,,,
,,,,,,,,,,,,,,  ,,  ,, - , - ,,,
,,,,,,,,,,,,,,  ,,  ,, - , - ,,,
,,,,,,,,,,,,,,  ,,  ,, - , - ,,,
,,,,,,,,,,,,,,,,,,,,,,
,,,,,,,,,,,,,,,,,,,,,,
,,,,,,,,,,,,,,  ,,  ,, - , - ,,,
,,,,,,,,,,,,,,  ,,  ,, - , - ,,,
,,,,,,,,,,,,,,  ,,  ,, - , - ,,,
,,,,,,,,,,,,,,  ,,  ,, - , - ,,,
,,,,,,,,,,,,,,  ,,  ,, - , - ,,,
,,,,,,,,,,,,,,,,,,,,,,
,,,,,,,,,,,,,,  ,,  ,, - , - ,,,
,,,,,,,,,,,,,,  ,,  ,, - , - ,,,
,,,,,,,,,,,,,,  ,,  ,, - , - ,,,
,,,,,,,,,,,,,,  ,,  ,, - , - ,,,
,,,,,,,,,,,,,,  ,,  ,, - , - ,,,
,,,,,,,,,,,,,,,,,,,,,,
,,,,,,,,,,,,,,,,,,,,,,
,,,,,,,,,,,,,,  ,,  ,, - , - ,,,
,,,,,,,,,,,,,,  ,,  ,, - , - ,,,
,,,,,,,,,,,,,,  ,,  ,, - , - ,,,
,,,,,,,,,,,,,,  ,,  ,, - , - ,,,
,,,,,,,,,,,,,,  ,,  ,, - , - ,,,
,,,,,,,,,,,,,,  ,,  ,, - , - ,,,
,,,,,,,,,,,,,,  ,,  ,, - , - ,,,
,,,,,,,,,,,,,,  ,,  ,, - , - ,,,
,,,,,,,,,,,,,,  ,,  ,, - , - ,,,
,,,,,,,,,,,,,,  ,,  ,, - , - ,,,
,,,,,,,,,,,,,,  ,,  ,, - , - ,,,
,,,,,,,,,,,,,,  ,,  ,, - , - ,,,
,,,,,,,,,,,,,,  ,,  ,, - , - ,,,
,,,,,,,,,,,,,,  ,,  ,, - , - ,,,
,,,,,,,,,,,,,,  ,,  ,, - , - ,,,
,,,,,,,,,,,,,,  ,,  ,, - , - ,,,
,,,,,,,,,,,,,,  ,,  ,, - , - ,,,
,,,,,,,,,,,,,,  ,,  ,, - , - ,,,
,,,,,,,,,,,,,,  ,,  ,, - , - ,,,
,,,,,,,,,,,,,,,,,,,,,,
,,,,,,,,,,,,,,  ,,  ,, - , - ,,,
,,,,,,,,,,,,,,  ,,  ,, - , - ,,,
,,,,,,,,,,,,,,,,,,,,,,
,,,,,,,,,,,,,,  ,,  ,, - , - ,,,
,,,,,,,,,,,,,,,,,,,,,,
,,,,,,,,,,,,,,  ,,  ,, - , - ,,,
,,,,,,,,,,,,,,  ,,  ,, - , - ,,,
,,,,,,,,,,,,,,  ,,  ,, - , - ,,,
,,,,,,,,,,,,,,  ,,  ,, - , - ,,,
,,,,,,,,,,,,,,  ,,  ,, - , - ,,,
,,,,,,,,,,,,,,,,,,,,,,
,,,,,,,,,,,,,,  ,,  ,, - , - ,,,
,,,,,,,,,,,,,,  ,,  ,, - , - ,,,
,,,,,,,,,,,,,,  ,,  ,, - , - ,,,
,,,,,,,,,,,,,,  ,,  ,, - , - ,,,
,,,,,,,,,,,,,,  ,,  ,, - , - ,,,
,,,,,,,,,,,,,,  ,,  ,, - , - ,,,
,,,,,,,,,,,,,,  ,,  ,, - , - ,,,
,,,,,,,,,,,,,,  ,,  ,, - , - ,,,
,,,,,,,,,,,,,,,,,,,,,,
,,,,,,,,,,,,,,  ,,  ,, - , - ,,,
,,,,,,,,,,,,,,  ,,  ,, - , - ,,,
,,,,,,,,,,,,,,  ,,  ,, - , - ,,,
,,,,,,,,,,,,,,  ,,  ,, - , - ,,,
,,,,,,,,,,,,,,  ,,  ,, - , - ,,,
,,,,,,,,,,,,,,  ,,  ,, - , - ,,,
,,,,,,,,,,,,,,  ,,  ,, - , - ,,,
,,,,,,,,,,,,,,,,,,,,,,
,,,,,,,,,,,,,,,,,,,,,,
,,,,,,,,,,,,,,  ,,  ,, - , - ,,,
,,,,,,,,,,,,,,,,,,,,,,
,,,,,,,,,,,,,,  ,,  ,, - , - ,,,
,,,,,,,,,,,,,,  ,,  ,, - , - ,,,
,,,,,,,,,,,,,,  ,,  ,, - , - ,,,
,,,,,,,,,,,,,,  ,,  ,, - , - ,,,
,,,,,,,,,,,,,,  ,,  ,, - , - ,,,
,,,,,,,,,,,,,,  ,,  ,, - , - ,,,
,,,,,,,,,,,,,,  ,,  ,, - , - ,,,
,,,,,,,,,,,,,,  ,,  ,, - , - ,,,
,,,,,,,,,,,,,,  ,,  ,, - , - ,,,
,,,,,,,,,,,,,,  ,,  ,, - , - ,,,
,,,,,,,,,,,,,,  ,,  ,, - , - ,,,
,,,,,,,,,,,,,,  ,,  ,, - , - ,,,
,,,,,,,,,,,,,,  ,,  ,, - , - ,,,
,,,,,,,,,,,,,,,,,,,,,,
,,,,,,,,,,,,,,,,,,,,,,
,,,,,,,,,,,,,,,,,,,,,,
,,,,,,,,,,,,,,  ,,  ,, - , - ,,,
,,,,,,,,,,,,,,  ,,  ,, - , - ,,,
,,,,,,,,,,,,,,  ,,  ,, - , - ,,,
,,,,,,,,,,,,,,,,,,,,,,
,,,,,,,,,,,,,,,,,,,,,,
,,,,,,,,,,,,,,  ,,  ,, - , - ,,,
,,,,,,,,,,,,,,  ,,  ,, - , - ,,,
,,,,,,,,,,,,,,  ,,  ,, - , - ,,,
,,,,,,,,,,,,,,  ,,  ,, - , - ,,,
,,,,,,,,,,,,,,,,,,,,,,
,,,,,,,,,,,,,,  ,,  ,, - , - ,,,
,,,,,,,,,,,,,,  ,,  ,, - , - ,,,
,,,,,,,,,,,,,,  ,,  ,, - , - ,,,
,,,,,,,,,,,,,,  ,,  ,, - , - ,,,
,,,,,,,,,,,,,,  ,,  ,, - , - ,,,
,,,,,,,,,,,,,,  ,,  ,, - , - ,,,
,,,,,,,,,,,,,,  ,,  ,, - , - ,,,
,,,,,,,,,,,,,,  ,,  ,, - , - ,,,
,,,,,,,,,,,,,,  ,,  ,, - , - ,,,
,,,,,,,,,,,,,,  ,,  ,, - , - ,,,
,,,,,,,,,,,,,,  ,,  ,, - , - ,,,
,,,,,,,,,,,,,,  ,,  ,, - , - ,,,
,,,,,,,,,,,,,,  ,,  ,, - , - ,,,
,,,,,,,,,,,,,,  ,,  ,, - , - ,,,
,,,,,,,,,,,,,,  ,,  ,, - , - ,,,
,,,,,,,,,,,,,,  ,,  ,, - , - ,,,
,,,,,,,,,,,,,,  ,,  ,, - , - ,,,
,,,,,,,,,,,,,,  ,,  ,, - , - ,,,
,,,,,,,,,,,,,,,,,,,,,,
,,,,,,,,,,,,,,  ,,  ,, - , - ,,,
,,,,,,,,,,,,,,,,,,,,,,
,,,,,,,,,,,,,,  ,,  ,, - , - ,,,
,,,,,,,,,,,,,,  ,,  ,, - , - ,,,
,,,,,,,,,,,,,,  ,,  ,, - , - ,,,
,,,,,,,,,,,,,,,,,,,,,,
,,,,,,,,,,,,,,  ,,  ,, - , - ,,,
,,,,,,,,,,,,,,  ,,  ,, - , - ,,,
,,,,,,,,,,,,,,  ,,  ,, - , - ,,,
,,,,,,,,,,,,,,  ,,  ,, - , - ,,,
,,,,,,,,,,,,,,  ,,  ,, - , - ,,,
,,,,,,,,,,,,,,,,,,,,,,
,,,,,,,,,,,,,,  ,,  ,, - , - ,,,
,,,,,,,,,,,,,,  ,,  ,, - , - ,,,
,,,,,,,,,,,,,,  ,,  ,, - , - ,,,
,,,,,,,,,,,,,,  ,,  ,, - , - ,,,
,,,,,,,,,,,,,,  ,,  ,, - , - ,,,
,,,,,,,,,,,,,,  ,,  ,, - , - ,,,
,,,,,,,,,,,,,,,,,,,,,,
,,,,,,,,,,,,,,  ,,  ,, - , - ,,,
,,,,,,,,,,,,,,  ,,  ,, - , - ,,,
,,,,,,,,,,,,,,  ,,  ,, - , - ,,,
,,,,,,,,,,,,,,  ,,  ,, - , - ,,,
,,,,,,,,,,,,,,,,,,,,,,
,,,,,,,,,,,,,,  ,,  ,, - , - ,,,
,,,,,,,,,,,,,,  ,,  ,, - , - ,,,
,,,,,,,,,,,,,,,,,,,,,,
,,,,,,,,,,,,,,,,,,,,,,
,,,,,,,,,,,,,,  ,,  ,, - , - ,,,
,,,,,,,,,,,,,,  ,,  ,, - , - ,,,
,,,,,,,,,,,,,,  ,,  ,, - , - ,,,
,,,,,,,,,,,,,,,,,,,,,,
,,,,,,,,,,,,,,  ,,  ,, - , - ,,,
,,,,,,,,,,,,,,  ,,  ,, - , - ,,,
,,,,,,,,,,,,,,  ,,  ,, - , - ,,,
,,,,,,,,,,,,,,  ,,  ,, - , - ,,,
,,,,,,,,,,,,,,  ,,  ,, - , - ,,,
,,,,,,,,,,,,,,  ,,  ,, - , - ,,,
,,,,,,,,,,,,,,  ,,  ,, - , - ,,,
,,,,,,,,,,,,,,  ,,  ,, - , - ,,,
,,,,,,,,,,,,,,  ,,  ,, - , - ,,,
,,,,,,,,,,,,,,  ,,  ,, - , - ,,,
,,,,,,,,,,,,,,,,,,,,,,
,,,,,,,,,,,,,,,,,,,,,,
,,,,,,,,,,,,,,  ,,  ,, - , - ,,,
,,,,,,,,,,,,,,  ,,  ,, - , - ,,,
,,,,,,,,,,,,,,  ,,  ,, - , - ,,,
,,,,,,,,,,,,,,  ,,  ,, - , - ,,,
,,,,,,,,,,,,,,  ,,  ,, - , - ,,,
,,,,,,,,,,,,,,  ,,  ,, - , - ,,,
,,,,,,,,,,,,,,  ,,  ,, - , - ,,,
,,,,,,,,,,,,,,,,,,,,,,
,,,,,,,,,,,,,,,,,,,,,,
,,,,,,,,,,,,,,,,,,,,,,
,,,,,,,,,,,,,,  ,,  ,, - , - ,,,
,,,,,,,,,,,,,,  ,,  ,, - , - ,,,
,,,,,,,,,,,,,,  ,,  ,, - , - ,,,
,,,,,,,,,,,,,,  ,,  ,, - , - ,,,
,,,,,,,,,,,,,,  ,,  ,, - , - ,,,
,,,,,,,,,,,,,,,,,,,,,,
,,,,,,,,,,,,,,  ,,  ,, - , - ,,,
,,,,,,,,,,,,,,  ,,  ,, - , - ,,,
,,,,,,,,,,,,,,  ,,  ,, - , - ,,,
,,,,,,,,,,,,,,  ,,  ,, - , - ,,,
,,,,,,,,,,,,,,  ,,  ,, - , - ,,,
,,,,,,,,,,,,,,  ,,  ,, - , - ,,,
,,,,,,,,,,,,,,  ,,  ,, - , - ,,,
,,,,,,,,,,,,,,  ,,  ,, - , - ,,,
,,,,,,,,,,,,,,  ,,  ,, - , - ,,,
,,,,,,,,,,,,,,  ,,  ,, - , - ,,,
,,,,,,,,,,,,,,  ,,  ,, - , - ,,,
,,,,,,,,,,,,,,  ,,  ,, - , - ,,,
,,,,,,,,,,,,,,,,,,,,,,
,,,,,,,,,,,,,,  ,,  ,, - , - ,,,
,,,,,,,,,,,,,,  ,,  ,, - , - ,,,
,,,,,,,,,,,,,,  ,,  ,, - , - ,,,
,,,,,,,,,,,,,,  ,,  ,, - , - ,,,
,,,,,,,,,,,,,,,,,,,,,,
,,,,,,,,,,,,,,  ,,  ,, - , - ,,,
,,,,,,,,,,,,,,  ,,  ,, - , - ,,,
,,,,,,,,,,,,,,,,,,,,,,
,,,,,,,,,,,,,,  ,,  ,, - , - ,,,
,,,,,,,,,,,,,,  ,,  ,, - , - ,,,
,,,,,,,,,,,,,,  ,,  ,, - , - ,,,
,,,,,,,,,,,,,,  ,,  ,, - , - ,,,
,,,,,,,,,,,,,,  ,,  ,, - , - ,,,
,,,,,,,,,,,,,,  ,,  ,, - , - ,,,
,,,,,,,,,,,,,,  ,,  ,, - , - ,,,
,,,,,,,,,,,,,,  ,,  ,, - , - ,,,
,,,,,,,,,,,,,,  ,,  ,, - , - ,,,
,,,,,,,,,,,,,,  ,,  ,, - , - ,,,
,,,,,,,,,,,,,,  ,,  ,, - , - ,,,
,,,,,,,,,,,,,,  ,,  ,, - , - ,,,
,,,,,,,,,,,,,,  ,,  ,, - , - ,,,
,,,,,,,,,,,,,,  ,,  ,, - , - ,,,
,,,,,,,,,,,,,,  ,,  ,, - , - ,,,
,,,,,,,,,,,,,,,,,,,,,,
,,,,,,,,,,,,,,  ,,  ,, - , - ,,,
,,,,,,,,,,,,,,  ,,  ,, - , - ,,,
,,,,,,,,,,,,,,  ,,  ,, - , - ,,,
,,,,,,,,,,,,,,  ,,  ,, - , - ,,,
,,,,,,,,,,,,,,,,,,,,,,
,,,,,,,,,,,,,,  ,,  ,, - , - ,,,
,,,,,,,,,,,,,,  ,,  ,, - , - ,,,
,,,,,,,,,,,,,,  ,,  ,, - , - ,,,
,,,,,,,,,,,,,,,,,,,,,,
,,,,,,,,,,,,,,  ,,  ,, - , - ,,,
,,,,,,,,,,,,,,  ,,  ,, - , - ,,,
,,,,,,,,,,,,,,  ,,  ,, - , - ,,,
,,,,,,,,,,,,,,  ,,  ,, - , - ,,,
,,,,,,,,,,,,,,  ,,  ,, - , - ,,,
,,,,,,,,,,,,,,  ,,  ,, - , - ,,,
,,,,,,,,,,,,,,,,,,,,,,
,,,,,,,,,,,,,,  ,,  ,, - , - ,,,
,,,,,,,,,,,,,,  ,,  ,, - , - ,,,
,,,,,,,,,,,,,,  ,,  ,, - , - ,,,
,,,,,,,,,,,,,,,,,,,,,,
,,,,,,,,,,,,,,,,,,,,,,
,,,,,,,,,,,,,,,,,,,,,,
,,,,,,,,,,,,,,  ,,  ,, - , - ,,,
,,,,,,,,,,,,,,  ,,  ,, - , - ,,,
,,,,,,,,,,,,,,  ,,  ,, - , - ,,,
,,,,,,,,,,,,,,  ,,  ,, - , - ,,,
,,,,,,,,,,,,,,  ,,  ,, - , - ,,,
,,,,,,,,,,,,,,  ,,  ,, - , - ,,,
,,,,,,,,,,,,,,  ,,  ,, - , - ,,,
,,,,,,,,,,,,,,  ,,  ,, - , - ,,,
,,,,,,,,,,,,,,  ,,  ,, - , - ,,,
,,,,,,,,,,,,,,  ,,  ,, - , - ,,,
,,,,,,,,,,,,,,,,,,,,,,
,,,,,,,,,,,,,,  ,,  ,, - , - ,,,
,,,,,,,,,,,,,,  ,,  ,, - , - ,,,
,,,,,,,,,,,,,,  ,,  ,, - , - ,,,
,,,,,,,,,,,,,,  ,,  ,, - , - ,,,
,,,,,,,,,,,,,,  ,,  ,, - , - ,,,
,,,,,,,,,,,,,,,,,,,,,,
,,,,,,,,,,,,,,,,,,,,,,
,,,,,,,,,,,,,,  ,,  ,, - , - ,,,
,,,,,,,,,,,,,,  ,,  ,, - , - ,,,
,,,,,,,,,,,,,,  ,,  ,, - , - ,,,
,,,,,,,,,,,,,,  ,,  ,, - , - ,,,
,,,,,,,,,,,,,,,,,,,,,,
,,,,,,,,,,,,,,  ,,  ,, - , - ,,,
,,,,,,,,,,,,,,  ,,  ,, - , - ,,,
,,,,,,,,,,,,,,  ,,  ,, - , - ,,,
,,,,,,,,,,,,,,,,,,,,,,
,,,,,,,,,,,,,,  ,,  ,, - , - ,,,
,,,,,,,,,,,,,,  ,,  ,, - , - ,,,
,,,,,,,,,,,,,,  ,,  ,, - , - ,,,
,,,,,,,,,,,,,,  ,,  ,, - , - ,,,
,,,,,,,,,,,,,,  ,,  ,, - , - ,,,
,,,,,,,,,,,,,,  ,,  ,, - , - ,,,
,,,,,,,,,,,,,,  ,,  ,, - , - ,,,
,,,,,,,,,,,,,,,,,,,,,,
,,,,,,,,,,,,,,  ,,  ,, - , - ,,,
,,,,,,,,,,,,,,,,,,,,,,
,,,,,,,,,,,,,,  ,,  ,, - , - ,,,
,,,,,,,,,,,,,,  ,,  ,, - , - ,,,
,,,,,,,,,,,,,,  ,,  ,, - , - ,,,
,,,,,,,,,,,,,,  ,,  ,, - , - ,,,
,,,,,,,,,,,,,,  ,,  ,, - , - ,,,
,,,,,,,,,,,,,,  ,,  ,, - , - ,,,
,,,,,,,,,,,,,,,,,,,,,,
,,,,,,,,,,,,,,,,,,,,,,
,,,,,,,,,,,,,,  ,,  ,, - , - ,,,
,,,,,,,,,,,,,,  ,,  ,, - , - ,,,
,,,,,,,,,,,,,,  ,,  ,, - , - ,,,
,,,,,,,,,,,,,,  ,,  ,, - , - ,,,
,,,,,,,,,,,,,,  ,,  ,, - , - ,,,
,,,,,,,,,,,,,,  ,,  ,, - , - ,,,
,,,,,,,,,,,,,,,,,,,,,,
,,,,,,,,,,,,,,,,,,,,,,
,,,,,,,,,,,,,,,,,,,,,,
,,,,,,,,,,,,,,  ,,  ,, - , - ,,,
,,,,,,,,,,,,,,,,,,,,,,
,,,,,,,,,,,,,,,,,,,,,,
,,,,,,,,,,,,,,  ,,  ,, - , - ,,,
,,,,,,,,,,,,,,  ,,  ,, - , - ,,,
,,,,,,,,,,,,,,  ,,  ,, - , - ,,,
,,,,,,,,,,,,,,  ,,  ,, - , - ,,,
,,,,,,,,,,,,,,  ,,  ,, - , - ,,,
,,,,,,,,,,,,,,,,,,,,,,
,,,,,,,,,,,,,,  ,,  ,, - , - ,,,
,,,,,,,,,,,,,,  ,,  ,, - , - ,,,
,,,,,,,,,,,,,,  ,,  ,, - , - ,,,
,,,,,,,,,,,,,,,,,,,,,,
,,,,,,,,,,,,,,,,,,,,,,
,,,,,,,,,,,,,,  ,,  ,, - , - ,,,
,,,,,,,,,,,,,,  ,,  ,, - , - ,,,
,,,,,,,,,,,,,,  ,,  ,, - , - ,,,
,,,,,,,,,,,,,,  ,,  ,, - , - ,,,
,,,,,,,,,,,,,,  ,,  ,, - , - ,,,
,,,,,,,,,,,,,,  ,,  ,, - , - ,,,
,,,,,,,,,,,,,,,,,,,,,,
,,,,,,,,,,,,,,,,,,,,,,
,,,,,,,,,,,,,,  ,,  ,, - , - ,,,
,,,,,,,,,,,,,,  ,,  ,, - , - ,,,
,,,,,,,,,,,,,,  ,,  ,, - , - ,,,
,,,,,,,,,,,,,,,,,,,,,,
,,,,,,,,,,,,,,,,,,,,,,
,,,,,,,,,,,,,,,,,,,,,,
,,,,,,,,,,,,,,,,,,,,,,
,,,,,,,,,,,,,,  ,,  ,, - , - ,,,
,,,,,,,,,,,,,,  ,,  ,, - , - ,,,
,,,,,,,,,,,,,,  ,,  ,, - , - ,,,
,,,,,,,,,,,,,,  ,,  ,, - , - ,,,
,,,,,,,,,,,,,,  ,,  ,, - , - ,,,
,,,,,,,,,,,,,,  ,,  ,, - , - ,,,
,,,,,,,,,,,,,,  ,,  ,, - , - ,,,
,,,,,,,,,,,,,,  ,,  ,, - , - ,,,
,,,,,,,,,,,,,,  ,,  ,, - , - ,,,
,,,,,,,,,,,,,,  ,,  ,, - , - ,,,
,,,,,,,,,,,,,,  ,,  ,, - , - ,,,
,,,,,,,,,,,,,,  ,,  ,, - , - ,,,
,,,,,,,,,,,,,,  ,,  ,, - , - ,,,
,,,,,,,,,,,,,,  ,,  ,, - , - ,,,
,,,,,,,,,,,,,,  ,,  ,, - , - ,,,
,,,,,,,,,,,,,,,,,,,,,,
,,,,,,,,,,,,,,  ,,  ,, - , - ,,,
,,,,,,,,,,,,,,  ,,  ,, - , - ,,,
,,,,,,,,,,,,,,  ,,  ,, - , - ,,,
,,,,,,,,,,,,,,  ,,  ,, - , - ,,,
,,,,,,,,,,,,,,  ,,  ,, - , - ,,,
,,,,,,,,,,,,,,  ,,  ,, - , - ,,,
,,,,,,,,,,,,,,  ,,  ,, - , - ,,,
,,,,,,,,,,,,,,  ,,  ,, - , - ,,,
,,,,,,,,,,,,,,  ,,  ,, - , - ,,,
,,,,,,,,,,,,,,  ,,  ,, - , - ,,,
,,,,,,,,,,,,,,  ,,  ,, - , - ,,,
,,,,,,,,,,,,,,  ,,  ,, - , - ,,,
,,,,,,,,,,,,,,  ,,  ,, - , - ,,,
,,,,,,,,,,,,,,  ,,  ,, - , - ,,,
,,,,,,,,,,,,,,  ,,  ,, - , - ,,,
,,,,,,,,,,,,,,  ,,  ,, - , - ,,,
,,,,,,,,,,,,,,  ,,  ,, - , - ,,,
,,,,,,,,,,,,,,  ,,  ,, - , - ,,,
,,,,,,,,,,,,,,  ,,  ,, - , - ,,,
,,,,,,,,,,,,,,  ,,  ,, - , - ,,,
,,,,,,,,,,,,,,  ,,  ,, - , - ,,,
,,,,,,,,,,,,,,  ,,  ,, - , - ,,,
,,,,,,,,,,,,,,  ,,  ,, - , - ,,,
,,,,,,,,,,,,,,  ,,  ,, - , - ,,,
,,,,,,,,,,,,,,  ,,  ,, - , - ,,,
,,,,,,,,,,,,,,  ,,  ,, - , - ,,,
,,,,,,,,,,,,,,  ,,  ,, - , - ,,,
,,,,,,,,,,,,,,  ,,  ,, - , - ,,,
,,,,,,,,,,,,,,  ,,  ,, - , - ,,,
,,,,,,,,,,,,,,  ,,  ,, - , - ,,,
,,,,,,,,,,,,,,  ,,  ,, - , - ,,,
,,,,,,,,,,,,,,  ,,  ,, - , - ,,,
,,,,,,,,,,,,,,  ,,  ,, - , - ,,,
,,,,,,,,,,,,,,  ,,  ,, - , - ,,,
,,,,,,,,,,,,,,  ,,  ,, - , - ,,,
,,,,,,,,,,,,,,  ,,  ,, - , - ,,,
,,,,,,,,,,,,,,  ,,  ,, - , - ,,,
,,,,,,,,,,,,,,  ,,  ,, - , - ,,,
,,,,,,,,,,,,,,  ,,  ,, - , - ,,,
,,,,,,,,,,,,,,  ,,  ,, - , - ,,,
,,,,,,,,,,,,,,  ,,  ,, - , - ,,,
,,,,,,,,,,,,,,  ,,  ,, - , - ,,,
,,,,,,,,,,,,,,  ,,  ,, - , - ,,,
,,,,,,,,,,,,,,  ,,  ,, - , - ,,,
,,,,,,,,,,,,,,  ,,  ,, - , - ,,,
,,,,,,,,,,,,,,  ,,  ,, - , - ,,,
,,,,,,,,,,,,,,  ,,  ,, - , - ,,,
,,,,,,,,,,,,,,  ,,  ,, - , - ,,,
,,,,,,,,,,,,,,  ,,  ,, - , - ,,,
,,,,,,,,,,,,,,  ,,  ,, - , - ,,,
,,,,,,,,,,,,,,  ,,  ,, - , - ,,,
,,,,,,,,,,,,,,  ,,  ,, - , - ,,,
,,,,,,,,,,,,,,  ,,  ,, - , - ,,,
,,,,,,,,,,,,,,  ,,  ,, - , - ,,,
,,,,,,,,,,,,,,  ,,  ,, - , - ,,,
,,,,,,,,,,,,,,  ,,  ,, - , - ,,,
,,,,,,,,,,,,,,  ,,  ,, - , - ,,,
,,,,,,,,,,,,,,  ,,  ,, - , - ,,,
,,,,,,,,,,,,,,  ,,  ,, - , - ,,,
,,,,,,,,,,,,,,  ,,  ,, - , - ,,,
,,,,,,,,,,,,,,  ,,  ,, - , - ,,,
,,,,,,,,,,,,,,  ,,  ,, - , - ,,,
,,,,,,,,,,,,,,  ,,  ,, - , - ,,,
,,,,,,,,,,,,,,  ,,  ,, - , - ,,,
,,,,,,,,,,,,,,  ,,  ,, - , - ,,,
,,,,,,,,,,,,,,  ,,  ,, - , - ,,,
,,,,,,,,,,,,,,  ,,  ,, - , - ,,,
,,,,,,,,,,,,,,  ,,  ,, - , - ,,,
,,,,,,,,,,,,,,  ,,  ,, - , - ,,,
,,,,,,,,,,,,,,  ,,  ,, - , - ,,,
,,,,,,,,,,,,,,  ,,  ,, - , - ,,,
,,,,,,,,,,,,,,  ,,  ,, - , - ,,,
,,,,,,,,,,,,,,  ,,  ,, - , - ,,,
,,,,,,,,,,,,,,  ,,  ,, - , - ,,,
,,,,,,,,,,,,,,  ,,  ,, - , - ,,,
,,,,,,,,,,,,,,  ,,  ,, - , - ,,,
,,,,,,,,,,,,,,  ,,  ,, - , - ,,,
,,,,,,,,,,,,,,  ,,  ,, - , - ,,,
,,,,,,,,,,,,,,  ,,  ,, - , - ,,,
,,,,,,,,,,,,,,  ,,  ,, - , - ,,,
,,,,,,,,,,,,,,  ,,  ,, - , - ,,,
,,,,,,,,,,,,,,  ,,  ,, - , - ,,,
,,,,,,,,,,,,,,  ,,  ,, - , - ,,,
,,,,,,,,,,,,,,  ,,  ,, - , - ,,,
,,,,,,,,,,,,,,  ,,  ,, - , - ,,,
,,,,,,,,,,,,,,  ,,  ,, - , - ,,,
,,,,,,,,,,,,,,  ,,  ,, - , - ,,,
,,,,,,,,,,,,,,  ,,  ,, - , - ,,,
,,,,,,,,,,,,,,  ,,  ,, - , - ,,,
