Order ID,Product,Quantity Ordered,Order Date
176558,USB-C Charging Cable,2,4/19/2019 8:46
,,,
176559,Bose SoundSport Headphones,1,4/7/2019 22:30
176560,Google Phone,1,4/12/2019 14:38
176560,Wired Headphones,1,4/12/2019 14:38
176561,Wired Headphones,1,4/30/2019 9:27
176562,USB-C Charging Cable,1,4/29/2019 13:03
176563,Bose SoundSport Headphones,1,4/2/2019 7:46
176564,USB-C Charging Cable,1,4/12/2019 10:58
176565,Macbook Pro Laptop,1,4/24/2019 10:38
176566,Wired Headphones,1,4/8/2019 14:05
176567,Google Phone,1,4/18/2019 17:18
176568,Lightning Charging Cable,1,4/15/2019 12:18
176569,27in 4K Gaming Monitor,1,4/16/2019 19:23
176570,AA Batteries (4-pack),1,4/22/2019 15:09
176571,Lightning Charging Cable,1,4/19/2019 14:29
176572,Apple Airpods Headphones,1,4/4/2019 20:30
176573,USB-C Charging Cable,1,4/27/2019 18:41
176574,Google Phone,1,4/3/2019 19:42
176574,USB-C Charging Cable,1,4/3/2019 19:42
176575,AAA Batteries (4-pack),1,4/27/2019 0:30
176576,Apple Airpods Headphones,1,4/28/2019 11:42
176577,Apple Airpods Headphones,1,4/4/2019 19:25
176578,Apple Airpods Headphones,1,4/9/2019 23:35
176579,AA Batteries (4-pack),1,4/11/2019 10:23
176580,USB-C Charging Cable,1,4/5/2019 0:35
176581,iPhone,1,4/9/2019 21:38
176582,Bose SoundSport Headphones,1,4/27/2019 12:20
176583,AAA Batteries (4-pack),2,4/20/2019 12:00
176584,Flatscreen TV,1,4/24/2019 20:39
176585,Bose SoundSport Headphones,1,4/7/2019 11:31
176585,Bose SoundSport Headphones,1,4/7/2019 11:31
176586,AAA Batteries (4-pack),2,4/10/2019 17:00
176586,Google Phone,1,4/10/2019 17:00
176587,27in FHD Monitor,1,4/29/2019 19:38
176588,20in Monitor,1,4/2/2019 4:00
176589,Lightning Charging Cable,1,4/4/2019 12:23
176590,Google Phone,1,4/11/2019 11:46
176591,Apple Airpods Headphones,1,4/21/2019 7:21
176592,USB-C Charging Cable,1,4/27/2019 13:04
176593,Lightning Charging Cable,2,4/15/2019 13:45
176594,Wired Headphones,1,4/17/2019 23:04
176595,Wired Headphones,3,4/2/2019 9:11
176596,Apple Airpods Headphones,1,4/27/2019 20:11
176597,USB-C Charging Cable,1,4/19/2019 13:39
176598,AAA Batteries (4-pack),2,4/21/2019 20:33
176599,Lightning Charging Cable,1,4/11/2019 15:25
176600,27in 4K Gaming Monitor,1,4/30/2019 15:54
176601,USB-C Charging Cable,1,4/2/2019 22:32
176602,Lightning Charging Cable,1,4/30/2019 9:39
176603,USB-C Charging Cable,1,4/1/2019 7:46
176604,USB-C Charging Cable,1,4/2/2019 10:57
176605,USB-C Charging Cable,1,4/15/2019 16:29
176606,LG Dryer,1,4/21/2019 14:16
176607,AAA Batteries (4-pack),2,4/18/2019 12:11
176608,iPhone,1,4/11/2019 12:01
176609,Apple Airpods Headphones,1,4/11/2019 16:59
176610,AAA Batteries (4-pack),1,4/26/2019 0:40
176611,Bose SoundSport Headphones,1,4/30/2019 13:16
176612,Apple Airpods Headphones,1,4/4/2019 19:48
176613,USB-C Charging Cable,2,4/26/2019 18:58
176614,AA Batteries (4-pack),1,4/7/2019 21:01
176615,Lightning Charging Cable,1,4/30/2019 10:35
176616,USB-C Charging Cable,1,4/5/2019 20:40
176617,Apple Airpods Headphones,1,4/25/2019 8:03
176618,Lightning Charging Cable,2,4/18/2019 21:44
176619,Flatscreen TV,1,4/16/2019 18:37
176620,USB-C Charging Cable,1,4/17/2019 10:39
176621,Lightning Charging Cable,1,4/11/2019 16:09
176622,AA Batteries (4-pack),1,4/11/2019 20:16
176623,27in FHD Monitor,1,4/20/2019 23:51
176624,AA Batteries (4-pack),1,4/28/2019 10:44
176625,AAA Batteries (4-pack),2,4/24/2019 19:00
176626,Bose SoundSport Headphones,1,4/1/2019 21:40
176627,Wired Headphones,1,4/21/2019 14:57
176628,Lightning Charging Cable,2,4/15/2019 4:03
176629,USB-C Charging Cable,1,4/24/2019 11:56
176630,Google Phone,1,4/10/2019 5:01
176631,USB-C Charging Cable,1,4/13/2019 18:48
176632,AAA Batteries (4-pack),1,4/14/2019 14:28
176633,ThinkPad Laptop,1,4/23/2019 14:03
176634,Lightning Charging Cable,1,4/10/2019 8:00
176635,Vareebadd Phone,1,4/26/2019 9:55
176636,AA Batteries (4-pack),1,4/30/2019 20:37
176637,AAA Batteries (4-pack),1,4/17/2019 10:03
176638,USB-C Charging Cable,1,4/20/2019 8:33
176639,Macbook Pro Laptop,1,4/28/2019 16:14
176640,Wired Headphones,2,4/27/2019 22:54
176641,Lightning Charging Cable,1,4/25/2019 21:36
176642,AA Batteries (4-pack),1,4/17/2019 18:38
176643,Macbook Pro Laptop,1,4/27/2019 21:32
176644,USB-C Charging Cable,1,4/23/2019 2:09
176645,AAA Batteries (4-pack),3,4/26/2019 18:38
176646,Macbook Pro Laptop,1,4/22/2019 7:14
176647,Google Phone,1,4/21/2019 19:40
176648,27in FHD Monitor,1,4/24/2019 1:17
176649,USB-C Charging Cable,1,4/9/2019 8:49
176650,Lightning Charging Cable,1,4/12/2019 16:47
176651,iPhone,1,4/7/2019 13:14
176652,LG Washing Machine,1,4/9/2019 20:04
176653,AA Batteries (4-pack),1,4/26/2019 19:20
176654,USB-C Charging Cable,1,4/15/2019 19:35
176655,Apple Airpods Headphones,1,4/11/2019 19:36
176656,Google Phone,1,4/12/2019 16:42
176657,ThinkPad Laptop,1,4/23/2019 10:16
176658,AAA Batteries (4-pack),2,4/22/2019 8:51
176659,20in Monitor,1,4/29/2019 14:40
176660,AA Batteries (4-pack),1,4/16/2019 17:10
176661,Wired Headphones,1,4/25/2019 20:40
176662,34in Ultrawide Monitor,1,4/5/2019 12:46
176663,Bose SoundSport Headphones,1,4/5/2019 11:48
176664,AAA Batteries (4-pack),1,4/13/2019 18:59
176665,ThinkPad Laptop,1,4/7/2019 14:15
176666,Wired Headphones,1,4/8/2019 16:50
176667,27in 4K Gaming Monitor,1,4/11/2019 0:39
176668,AA Batteries (4-pack),1,4/15/2019 20:46
176669,27in FHD Monitor,1,4/8/2019 12:57
176670,Apple Airpods Headphones,1,4/25/2019 21:23
176671,AAA Batteries (4-pack),2,4/23/2019 16:31
176672,Lightning Charging Cable,1,4/12/2019 11:07
176672,USB-C Charging Cable,1,4/12/2019 11:07
176673,20in Monitor,1,4/10/2019 8:17
176674,AAA Batteries (4-pack),3,4/20/2019 20:53
176675,AAA Batteries (4-pack),1,4/2/2019 9:02
176676,LG Dryer,1,4/9/2019 0:35
176677,34in Ultrawide Monitor,1,4/1/2019 11:50
176678,AA Batteries (4-pack),2,4/19/2019 22:12
176679,Apple Airpods Headphones,1,4/16/2019 11:12
176680,USB-C Charging Cable,1,4/13/2019 11:28
176681,Apple Airpods Headphones,1,4/20/2019 10:39
176681,ThinkPad Laptop,1,4/20/2019 10:39
176682,Lightning Charging Cable,1,4/27/2019 6:19
176683,AA Batteries (4-pack),1,4/3/2019 13:54
176684,USB-C Charging Cable,1,4/17/2019 0:51
176685,34in Ultrawide Monitor,1,4/23/2019 22:53
176686,Wired Headphones,1,4/17/2019 15:17
176687,Macbook Pro Laptop,1,4/30/2019 10:26
176688,Flatscreen TV,1,4/20/2019 18:25
176689,Bose SoundSport Headphones,1,4/24/2019 17:15
176689,AAA Batteries (4-pack),2,4/24/2019 17:15
176690,20in Monitor,1,4/4/2019 18:33
176691,AAA Batteries (4-pack),1,4/12/2019 11:57
176692,Wired Headphones,1,4/8/2019 18:21
176693,AA Batteries (4-pack),1,4/22/2019 9:00
176694,USB-C Charging Cable,1,4/5/2019 20:46
176695,AA Batteries (4-pack),2,4/12/2019 20:50
176696,iPhone,1,4/7/2019 12:41
176697,Wired Headphones,1,4/20/2019 22:38
176698,Bose SoundSport Headphones,1,4/2/2019 16:15
176699,Bose SoundSport Headphones,1,4/28/2019 18:04
176700,34in Ultrawide Monitor,1,4/7/2019 23:10
176701,USB-C Charging Cable,1,4/11/2019 13:05
176702,AA Batteries (4-pack),1,4/23/2019 19:44
176703,20in Monitor,1,4/17/2019 10:00
176704,AA Batteries (4-pack),2,4/17/2019 10:00
176705,Lightning Charging Cable,2,4/6/2019 9:38
176706,Lightning Charging Cable,1,4/13/2019 13:32
176707,Apple Airpods Headphones,1,4/13/2019 10:34
176708,Wired Headphones,1,4/28/2019 23:03
176709,AA Batteries (4-pack),1,4/24/2019 14:17
176710,20in Monitor,2,4/7/2019 10:00
176711,Flatscreen TV,1,4/30/2019 10:58
176712,Google Phone,1,4/20/2019 5:21
176713,Wired Headphones,1,4/21/2019 10:48
176714,USB-C Charging Cable,1,4/26/2019 23:34
176715,Apple Airpods Headphones,1,4/27/2019 16:43
176716,Wired Headphones,1,4/24/2019 14:43
176717,Apple Airpods Headphones,1,4/19/2019 10:34
176718,Lightning Charging Cable,1,4/22/2019 19:14
176719,Flatscreen TV,1,4/27/2019 13:07
176720,Lightning Charging Cable,1,4/21/2019 10:35
176721,AAA Batteries (4-pack),1,4/26/2019 21:08
176722,27in 4K Gaming Monitor,1,4/1/2019 10:57
176723,27in 4K Gaming Monitor,1,4/19/2019 21:31
176724,Lightning Charging Cable,1,4/26/2019 20:59
176725,AA Batteries (4-pack),2,4/15/2019 14:33
176726,USB-C Charging Cable,1,4/13/2019 18:14
176727,Lightning Charging Cable,1,4/14/2019 14:26
176728,Lightning Charging Cable,1,4/21/2019 7:38
176729,USB-C Charging Cable,1,4/24/2019 9:57
176730,Bose SoundSport Headphones,1,4/17/2019 8:27
176731,AAA Batteries (4-pack),2,4/21/2019 16:17
176732,iPhone,1,4/23/2019 9:33
176733,20in Monitor,1,4/11/2019 13:31
176734,Apple Airpods Headphones,1,4/3/2019 22:13
176735,27in FHD Monitor,1,4/16/2019 23:52
176736,AA Batteries (4-pack),1,4/17/2019 11:48
176737,Apple Airpods Headphones,1,4/7/2019 1:28
176738,AA Batteries (4-pack),1,4/3/2019 13:17
176739,34in Ultrawide Monitor,1,4/5/2019 17:38
176739,Google Phone,1,4/5/2019 17:38
176740,Bose SoundSport Headphones,1,4/24/2019 15:10
176741,USB-C Charging Cable,1,4/29/2019 18:49
176742,Wired Headphones,1,4/17/2019 9:54
176743,27in 4K Gaming Monitor,1,4/1/2019 9:17
176744,Lightning Charging Cable,1,4/14/2019 19:59
176745,Wired Headphones,1,4/24/2019 9:23
176746,27in 4K Gaming Monitor,1,4/8/2019 19:04
176747,Macbook Pro Laptop,1,4/27/2019 15:04
176748,Flatscreen TV,1,4/24/2019 15:28
176749,ThinkPad Laptop,1,4/26/2019 7:55
176750,AA Batteries (4-pack),1,4/13/2019 23:52
176751,AAA Batteries (4-pack),1,4/18/2019 13:01
176752,AA Batteries (4-pack),1,4/13/2019 23:59
176753,USB-C Charging Cable,1,4/1/2019 23:07
176754,34in Ultrawide Monitor,1,4/2/2019 17:07
176755,27in 4K Gaming Monitor,1,4/9/2019 16:21
176756,27in FHD Monitor,1,4/5/2019 17:06
176757,AA Batteries (4-pack),1,4/11/2019 20:28
176758,34in Ultrawide Monitor,1,4/18/2019 21:26
176759,Lightning Charging Cable,1,4/6/2019 12:46
176760,Wired Headphones,1,4/2/2019 20:32
176761,Apple Airpods Headphones,1,4/26/2019 20:00
176762,AA Batteries (4-pack),1,4/18/2019 14:06
176763,USB-C Charging Cable,1,4/25/2019 13:36
176764,Wired Headphones,1,4/16/2019 19:52
176765,USB-C Charging Cable,1,4/14/2019 20:44
176766,AA Batteries (4-pack),2,4/21/2019 19:52
176767,27in 4K Gaming Monitor,1,4/9/2019 14:18
176768,Wired Headphones,1,4/4/2019 0:03
176769,AA Batteries (4-pack),1,4/29/2019 14:14
176770,Wired Headphones,1,4/8/2019 17:38
176771,Lightning Charging Cable,1,4/24/2019 17:40
176772,AA Batteries (4-pack),1,4/10/2019 21:48
176773,AAA Batteries (4-pack),2,4/25/2019 20:07
176774,Lightning Charging Cable,1,4/25/2019 15:06
176774,USB-C Charging Cable,1,4/25/2019 15:06
176775,USB-C Charging Cable,2,4/1/2019 20:56
176776,Bose SoundSport Headphones,1,4/24/2019 23:28
176777,Apple Airpods Headphones,1,4/14/2019 16:53
176778,34in Ultrawide Monitor,1,4/12/2019 17:46
176779,27in FHD Monitor,1,4/4/2019 16:46
176780,Lightning Charging Cable,1,4/18/2019 23:51
176781,iPhone,1,4/3/2019 7:37
176781,Lightning Charging Cable,1,4/3/2019 7:37
176782,Apple Airpods Headphones,1,4/22/2019 13:42
176783,Apple Airpods Headphones,1,4/5/2019 11:40
176784,AAA Batteries (4-pack),1,4/8/2019 10:14
176785,Bose SoundSport Headphones,1,4/3/2019 15:39
176786,20in Monitor,1,4/6/2019 16:40
176787,Google Phone,1,4/14/2019 10:10
176788,Bose SoundSport Headphones,1,4/15/2019 4:39
176789,Lightning Charging Cable,1,4/21/2019 20:15
176790,AAA Batteries (4-pack),1,4/28/2019 12:07
176791,Google Phone,1,4/21/2019 11:43
176792,27in 4K Gaming Monitor,1,4/30/2019 19:29
176793,Wired Headphones,1,4/17/2019 17:09
176794,Lightning Charging Cable,1,4/10/2019 21:40
176795,Wired Headphones,1,4/13/2019 11:46
176796,Bose SoundSport Headphones,1,4/7/2019 8:44
176797,Google Phone,1,4/21/2019 8:54
176797,Bose SoundSport Headphones,1,4/21/2019 8:54
176797,Wired Headphones,1,4/21/2019 8:54
176798,iPhone,1,4/6/2019 10:31
176799,Wired Headphones,1,4/3/2019 14:24
176800,Lightning Charging Cable,1,4/9/2019 11:35
176801,Vareebadd Phone,1,4/28/2019 18:52
176802,AA Batteries (4-pack),1,4/29/2019 17:33
176803,AA Batteries (4-pack),1,4/1/2019 23:00
176804,Bose SoundSport Headphones,1,4/21/2019 21:56
176805,Google Phone,1,4/1/2019 15:50
176805,USB-C Charging Cable,1,4/1/2019 15:50
176806,Macbook Pro Laptop,1,4/22/2019 13:26
176807,USB-C Charging Cable,1,4/21/2019 17:13
176808,Google Phone,1,4/28/2019 18:03
176808,Wired Headphones,1,4/28/2019 18:03
176809,Bose SoundSport Headphones,2,4/19/2019 1:14
176810,AAA Batteries (4-pack),1,4/30/2019 14:57
176811,AA Batteries (4-pack),2,4/14/2019 23:02
176812,Wired Headphones,1,4/20/2019 16:40
176813,Google Phone,1,4/28/2019 18:01
176813,Wired Headphones,1,4/28/2019 18:01
176814,Lightning Charging Cable,1,4/9/2019 12:09
176815,AAA Batteries (4-pack),1,4/4/2019 13:36
176816,27in 4K Gaming Monitor,1,4/19/2019 20:14
176817,Lightning Charging Cable,1,4/26/2019 20:47
176818,Wired Headphones,1,4/9/2019 2:19
176819,AA Batteries (4-pack),2,4/15/2019 5:44
176820,USB-C Charging Cable,1,4/17/2019 12:10
176821,34in Ultrawide Monitor,1,4/18/2019 15:08
176822,AAA Batteries (4-pack),1,4/22/2019 19:50
176823,Wired Headphones,1,4/6/2019 20:18
176824,USB-C Charging Cable,2,4/3/2019 13:01
176825,LG Washing Machine,1,4/13/2019 22:31
176826,Bose SoundSport Headphones,1,4/11/2019 0:15
176827,AAA Batteries (4-pack),1,4/20/2019 13:36
176828,iPhone,1,4/7/2019 22:13
176829,Wired Headphones,1,4/30/2019 9:09
176830,Wired Headphones,1,4/18/2019 12:02
176831,USB-C Charging Cable,1,4/1/2019 7:39
176832,Apple Airpods Headphones,1,4/19/2019 20:21
176833,Wired Headphones,1,4/21/2019 19:32
176834,Lightning Charging Cable,1,4/15/2019 20:42
176835,USB-C Charging Cable,1,4/23/2019 16:55
176836,USB-C Charging Cable,2,4/10/2019 14:20
176837,Lightning Charging Cable,1,4/10/2019 12:29
176838,Lightning Charging Cable,1,4/5/2019 18:44
176839,20in Monitor,1,4/10/2019 7:19
176840,USB-C Charging Cable,1,4/2/2019 10:08
176841,AAA Batteries (4-pack),3,4/26/2019 22:50
176842,AA Batteries (4-pack),2,4/6/2019 23:16
176843,34in Ultrawide Monitor,1,4/21/2019 11:22
176844,AA Batteries (4-pack),1,4/23/2019 18:48
176845,USB-C Charging Cable,1,4/15/2019 14:26
176846,USB-C Charging Cable,1,4/19/2019 9:03
176847,AA Batteries (4-pack),3,4/3/2019 16:00
176848,27in FHD Monitor,1,4/28/2019 18:09
176849,34in Ultrawide Monitor,1,4/22/2019 10:59
176850,AA Batteries (4-pack),1,4/3/2019 12:40
176851,AA Batteries (4-pack),1,4/9/2019 22:58
176852,AA Batteries (4-pack),1,4/9/2019 13:58
176853,AA Batteries (4-pack),1,4/24/2019 11:41
176854,AA Batteries (4-pack),1,4/11/2019 22:05
176855,Wired Headphones,1,4/21/2019 16:42
176856,Lightning Charging Cable,1,4/13/2019 10:59
176857,Bose SoundSport Headphones,1,4/30/2019 7:18
176858,AAA Batteries (4-pack),1,4/16/2019 13:25
176859,AA Batteries (4-pack),1,4/15/2019 10:53
176860,USB-C Charging Cable,1,4/4/2019 11:00
176861,Bose SoundSport Headphones,1,4/14/2019 13:01
176862,AAA Batteries (4-pack),1,4/29/2019 11:37
176863,27in FHD Monitor,1,4/19/2019 17:18
176864,AAA Batteries (4-pack),2,4/2/2019 15:47
176865,AA Batteries (4-pack),1,4/18/2019 14:28
176866,ThinkPad Laptop,1,4/2/2019 11:42
176867,AAA Batteries (4-pack),1,4/25/2019 21:00
176868,20in Monitor,1,4/5/2019 7:37
176869,Apple Airpods Headphones,1,4/23/2019 18:33
176870,AAA Batteries (4-pack),3,4/5/2019 18:38
176871,AA Batteries (4-pack),1,4/29/2019 20:02
176872,AA Batteries (4-pack),1,4/15/2019 12:17
176873,AA Batteries (4-pack),1,4/6/2019 5:26
176874,AAA Batteries (4-pack),1,4/15/2019 11:04
176875,27in 4K Gaming Monitor,1,4/23/2019 19:26
176876,Bose SoundSport Headphones,1,4/23/2019 21:15
176877,Lightning Charging Cable,1,4/10/2019 15:48
176878,ThinkPad Laptop,1,4/13/2019 9:15
176879,Flatscreen TV,1,4/13/2019 14:15
176880,27in FHD Monitor,1,4/4/2019 8:36
176881,Wired Headphones,1,4/22/2019 20:59
176882,Wired Headphones,1,4/24/2019 20:16
176883,Wired Headphones,2,4/15/2019 9:24
176884,USB-C Charging Cable,1,4/11/2019 9:04
176885,34in Ultrawide Monitor,1,4/22/2019 21:26
176886,Flatscreen TV,1,4/19/2019 20:44
176887,AAA Batteries (4-pack),1,4/1/2019 12:59
176888,Wired Headphones,1,4/15/2019 13:57
176889,AAA Batteries (4-pack),1,4/17/2019 21:22
176890,USB-C Charging Cable,1,4/25/2019 17:35
176891,AAA Batteries (4-pack),1,4/7/2019 11:52
176892,AAA Batteries (4-pack),1,4/12/2019 22:50
176893,AAA Batteries (4-pack),1,4/23/2019 14:01
176894,Flatscreen TV,1,4/13/2019 17:23
176895,Apple Airpods Headphones,1,4/24/2019 8:44
176896,AAA Batteries (4-pack),2,4/24/2019 17:41
176897,Apple Airpods Headphones,1,4/2/2019 18:12
,,,
176898,Apple Airpods Headphones,1,4/18/2019 17:05
176899,Lightning Charging Cable,1,4/5/2019 18:17
176900,Bose SoundSport Headphones,1,4/21/2019 6:17
176901,Lightning Charging Cable,1,4/22/2019 14:37
176902,USB-C Charging Cable,1,4/11/2019 14:49
176903,iPhone,1,4/9/2019 11:10
176904,AAA Batteries (4-pack),1,4/13/2019 15:44
176905,27in FHD Monitor,1,4/12/2019 7:40
176906,27in FHD Monitor,1,4/7/2019 20:14
176907,27in FHD Monitor,1,4/11/2019 1:43
176908,AAA Batteries (4-pack),1,4/25/2019 20:53
176909,Wired Headphones,1,4/22/2019 9:53
176910,AAA Batteries (4-pack),2,4/19/2019 14:46
176911,AAA Batteries (4-pack),1,4/12/2019 10:29
176912,Apple Airpods Headphones,1,4/25/2019 14:33
176913,AAA Batteries (4-pack),1,4/20/2019 19:09
176914,Lightning Charging Cable,1,4/1/2019 15:54
176915,AAA Batteries (4-pack),1,4/4/2019 19:18
176916,34in Ultrawide Monitor,1,4/18/2019 7:45
176917,USB-C Charging Cable,1,4/14/2019 19:50
176918,USB-C Charging Cable,1,4/10/2019 9:57
176919,AAA Batteries (4-pack),1,4/29/2019 7:02
176920,Apple Airpods Headphones,1,4/30/2019 18:55
176921,Lightning Charging Cable,1,4/24/2019 17:56
176922,Bose SoundSport Headphones,1,4/2/2019 21:08
176923,LG Washing Machine,1,4/26/2019 12:48
176924,Bose SoundSport Headphones,1,4/14/2019 10:32
176925,Lightning Charging Cable,1,4/18/2019 15:31
176926,USB-C Charging Cable,1,4/14/2019 21:17
176927,Wired Headphones,1,4/18/2019 18:40
176928,AAA Batteries (4-pack),1,4/8/2019 21:08
176929,ThinkPad Laptop,1,4/11/2019 22:13
176930,USB-C Charging Cable,1,4/15/2019 9:41
176931,ThinkPad Laptop,1,4/13/2019 8:47
176932,34in Ultrawide Monitor,1,4/28/2019 17:02
176933,Flatscreen TV,1,4/24/2019 10:34
176934,AAA Batteries (4-pack),1,4/8/2019 19:44
176935,AAA Batteries (4-pack),1,4/3/2019 21:31
176935,27in FHD Monitor,1,4/3/2019 21:31
176936,Apple Airpods Headphones,1,4/15/2019 8:36
176937,Google Phone,1,4/30/2019 22:04
176938,AAA Batteries (4-pack),1,4/29/2019 21:08
176939,AAA Batteries (4-pack),1,4/6/2019 12:50
176940,Lightning Charging Cable,1,4/2/2019 23:59
176941,27in 4K Gaming Monitor,1,4/11/2019 18:46
176942,AA Batteries (4-pack),1,4/12/2019 10:02
176943,Lightning Charging Cable,1,4/9/2019 6:50
176944,Bose SoundSport Headphones,1,4/28/2019 6:22
176945,USB-C Charging Cable,1,4/24/2019 2:17
176946,Lightning Charging Cable,1,4/27/2019 16:36
176947,AA Batteries (4-pack),2,4/2/2019 18:40
176948,Wired Headphones,1,4/26/2019 9:46
176949,USB-C Charging Cable,1,4/27/2019 12:54
176950,Lightning Charging Cable,1,4/4/2019 8:54
176951,USB-C Charging Cable,2,4/15/2019 21:57
176952,AAA Batteries (4-pack),1,4/6/2019 18:47
176953,Flatscreen TV,1,4/29/2019 13:41
176954,Bose SoundSport Headphones,1,4/28/2019 14:49
176955,AAA Batteries (4-pack),1,4/2/2019 16:08
176956,AA Batteries (4-pack),1,4/1/2019 21:43
176957,Google Phone,1,4/6/2019 18:22
176958,Bose SoundSport Headphones,1,4/23/2019 9:26
176959,Wired Headphones,1,4/8/2019 18:32
176960,Bose SoundSport Headphones,1,4/8/2019 14:49
176961,27in FHD Monitor,1,4/16/2019 15:13
176962,Wired Headphones,1,4/7/2019 11:19
176963,AAA Batteries (4-pack),2,4/14/2019 13:17
176964,AAA Batteries (4-pack),1,4/5/2019 14:43
176965,Lightning Charging Cable,1,4/8/2019 9:00
176966,Bose SoundSport Headphones,1,4/22/2019 23:21
176967,27in 4K Gaming Monitor,1,4/13/2019 13:04
176968,Bose SoundSport Headphones,1,4/28/2019 8:30
176969,AA Batteries (4-pack),1,4/5/2019 9:27
176970,Bose SoundSport Headphones,1,4/6/2019 19:33
176971,AAA Batteries (4-pack),1,4/5/2019 22:56
176972,27in FHD Monitor,1,4/6/2019 17:36
176973,Wired Headphones,1,4/4/2019 21:49
176974,ThinkPad Laptop,1,4/5/2019 22:51
176975,USB-C Charging Cable,1,4/23/2019 15:46
176975,AAA Batteries (4-pack),1,4/23/2019 15:46
176976,27in FHD Monitor,1,4/18/2019 5:42
176977,Bose SoundSport Headphones,1,4/6/2019 13:57
176978,Apple Airpods Headphones,1,5/1/2019 3:29
176979,AAA Batteries (4-pack),2,4/28/2019 17:53
176980,Bose SoundSport Headphones,1,4/2/2019 11:20
176981,Google Phone,1,4/1/2019 11:29
176982,iPhone,1,4/14/2019 13:53
176983,AAA Batteries (4-pack),2,4/23/2019 10:18
176984,Apple Airpods Headphones,1,4/22/2019 19:39
176985,USB-C Charging Cable,1,4/15/2019 11:52
176986,Apple Airpods Headphones,1,4/12/2019 14:45
176987,AAA Batteries (4-pack),1,4/22/2019 9:28
176988,Lightning Charging Cable,1,4/30/2019 23:02
176989,Google Phone,1,4/9/2019 13:43
176989,USB-C Charging Cable,1,4/9/2019 13:43
176990,27in FHD Monitor,1,4/7/2019 0:15
176991,Bose SoundSport Headphones,1,4/15/2019 1:49
176992,AAA Batteries (4-pack),2,4/15/2019 12:22
176993,iPhone,1,4/7/2019 9:43
176993,Wired Headphones,1,4/7/2019 9:43
176994,Google Phone,1,4/15/2019 12:39
176995,AA Batteries (4-pack),2,4/20/2019 23:12
176996,Wired Headphones,1,4/23/2019 13:57
176997,AA Batteries (4-pack),1,4/25/2019 16:57
176998,Bose SoundSport Headphones,1,4/12/2019 12:54
176999,Lightning Charging Cable,1,4/28/2019 11:19
177000,USB-C Charging Cable,1,4/26/2019 16:08
177001,Wired Headphones,1,4/17/2019 9:49
177002,USB-C Charging Cable,1,4/15/2019 10:38
177003,USB-C Charging Cable,1,4/13/2019 16:09
177004,AAA Batteries (4-pack),1,4/24/2019 17:43
177005,Lightning Charging Cable,1,4/28/2019 11:38
177006,34in Ultrawide Monitor,1,4/2/2019 16:42
177007,AAA Batteries (4-pack),1,4/18/2019 13:10
177008,Apple Airpods Headphones,1,4/5/2019 21:19
177009,AA Batteries (4-pack),1,4/24/2019 11:08
177010,Apple Airpods Headphones,1,4/28/2019 13:42
177011,Wired Headphones,2,4/11/2019 11:18
177012,Lightning Charging Cable,3,4/29/2019 14:05
177013,AAA Batteries (4-pack),1,4/18/2019 18:52
177014,Lightning Charging Cable,1,4/17/2019 7:41
177015,Lightning Charging Cable,1,4/26/2019 13:55
177016,USB-C Charging Cable,1,4/23/2019 17:05
177017,AAA Batteries (4-pack),5,4/16/2019 0:04
177018,USB-C Charging Cable,1,4/25/2019 7:35
177019,USB-C Charging Cable,1,4/20/2019 15:44
177020,Macbook Pro Laptop,1,4/16/2019 22:31
177021,Bose SoundSport Headphones,1,4/8/2019 21:52
177022,iPhone,1,4/17/2019 18:14
177022,Wired Headphones,1,4/17/2019 18:14
177023,AAA Batteries (4-pack),1,4/23/2019 20:40
177024,Bose SoundSport Headphones,1,4/27/2019 15:00
177025,27in FHD Monitor,1,4/6/2019 14:42
177026,34in Ultrawide Monitor,1,4/11/2019 22:15
177027,USB-C Charging Cable,1,4/24/2019 9:12
177028,Bose SoundSport Headphones,1,4/4/2019 12:58
177029,Wired Headphones,1,4/29/2019 11:23
177030,USB-C Charging Cable,1,4/3/2019 10:55
177031,Apple Airpods Headphones,1,4/25/2019 13:50
177032,iPhone,1,4/22/2019 7:29
177033,USB-C Charging Cable,1,4/2/2019 18:13
177034,USB-C Charging Cable,1,4/30/2019 10:25
177035,Bose SoundSport Headphones,1,4/26/2019 12:15
177036,Lightning Charging Cable,2,4/27/2019 19:05
177037,34in Ultrawide Monitor,1,4/27/2019 1:44
177038,iPhone,1,4/3/2019 12:11
177039,AAA Batteries (4-pack),1,4/26/2019 20:44
177040,USB-C Charging Cable,1,4/15/2019 9:27
177041,Wired Headphones,1,4/11/2019 12:59
177042,Lightning Charging Cable,1,4/24/2019 6:57
177043,27in 4K Gaming Monitor,1,4/2/2019 22:02
177044,AA Batteries (4-pack),1,4/1/2019 20:31
177045,Flatscreen TV,1,4/7/2019 22:40
177046,Vareebadd Phone,1,4/29/2019 13:02
177047,Lightning Charging Cable,1,4/13/2019 11:52
177048,Bose SoundSport Headphones,1,4/12/2019 21:23
177049,Wired Headphones,1,4/3/2019 6:55
177050,Apple Airpods Headphones,1,4/8/2019 9:53
177051,Wired Headphones,2,4/7/2019 8:41
177052,USB-C Charging Cable,2,4/2/2019 9:30
177053,Wired Headphones,1,4/24/2019 20:45
177054,Apple Airpods Headphones,1,4/9/2019 19:18
Order ID,Product,Quantity Ordered,Order Date
177055,Lightning Charging Cable,1,4/9/2019 12:37
177056,Flatscreen TV,1,4/20/2019 23:52
177057,Bose SoundSport Headphones,1,4/9/2019 8:57
177058,20in Monitor,1,4/7/2019 9:24
177059,AAA Batteries (4-pack),1,4/19/2019 22:55
177060,AA Batteries (4-pack),1,4/2/2019 12:44
177061,Bose SoundSport Headphones,1,4/9/2019 9:33
177062,Apple Airpods Headphones,1,4/27/2019 19:16
177063,AAA Batteries (4-pack),1,4/5/2019 18:23
177064,Wired Headphones,1,4/2/2019 20:57
177065,AAA Batteries (4-pack),4,4/3/2019 21:04
177066,Macbook Pro Laptop,1,4/8/2019 20:02
177067,Lightning Charging Cable,1,4/24/2019 17:48
177068,27in FHD Monitor,1,4/2/2019 6:53
177069,iPhone,1,4/17/2019 13:40
177070,USB-C Charging Cable,1,4/17/2019 22:25
177071,34in Ultrawide Monitor,1,4/22/2019 22:28
177072,iPhone,1,4/1/2019 13:11
177073,AA Batteries (4-pack),3,4/1/2019 15:59
177074,27in FHD Monitor,1,4/21/2019 22:39
177075,Bose SoundSport Headphones,1,4/26/2019 5:30
177076,Wired Headphones,1,4/28/2019 19:45
177077,AAA Batteries (4-pack),1,4/10/2019 7:11
177078,USB-C Charging Cable,1,4/3/2019 14:31
177079,Lightning Charging Cable,1,4/28/2019 12:06
177080,AAA Batteries (4-pack),1,4/14/2019 17:33
177081,Flatscreen TV,1,4/9/2019 8:36
177082,34in Ultrawide Monitor,1,4/12/2019 2:30
177083,Flatscreen TV,1,4/12/2019 12:45
177084,AA Batteries (4-pack),1,4/18/2019 16:15
177085,iPhone,1,4/19/2019 20:31
177086,Lightning Charging Cable,1,4/8/2019 0:07
177087,Wired Headphones,1,4/27/2019 13:08
177088,AAA Batteries (4-pack),3,4/16/2019 6:57
177089,Apple Airpods Headphones,1,4/10/2019 17:46
177090,USB-C Charging Cable,1,4/9/2019 17:18
177091,Apple Airpods Headphones,1,4/5/2019 13:51
177092,AAA Batteries (4-pack),1,4/4/2019 15:00
177093,27in FHD Monitor,1,4/29/2019 12:29
177094,Flatscreen TV,1,4/30/2019 13:02
177095,Lightning Charging Cable,1,4/27/2019 18:11
177096,USB-C Charging Cable,1,4/6/2019 19:49
177097,Vareebadd Phone,1,4/21/2019 18:04
177098,Apple Airpods Headphones,1,4/30/2019 12:07
177099,AA Batteries (4-pack),1,4/28/2019 11:16
177100,ThinkPad Laptop,1,4/6/2019 15:28
177101,Flatscreen TV,1,4/9/2019 21:05
177102,iPhone,1,4/24/2019 5:19
177102,27in 4K Gaming Monitor,1,4/24/2019 5:19
177103,ThinkPad Laptop,1,4/12/2019 11:41
177104,Lightning Charging Cable,1,4/9/2019 19:28
177105,Bose SoundSport Headphones,1,4/10/2019 18:39
177106,USB-C Charging Cable,1,4/1/2019 17:10
177107,Bose SoundSport Headphones,1,4/20/2019 20:12
177108,Bose SoundSport Headphones,1,4/28/2019 19:34
177109,Bose SoundSport Headphones,1,4/8/2019 10:12
177110,AAA Batteries (4-pack),2,4/28/2019 12:56
177111,USB-C Charging Cable,1,4/15/2019 6:56
177112,USB-C Charging Cable,1,4/23/2019 11:40
177113,20in Monitor,1,4/2/2019 12:40
177114,Apple Airpods Headphones,1,4/14/2019 14:19
177115,iPhone,1,4/19/2019 19:10
177115,Lightning Charging Cable,1,4/19/2019 19:10
177116,Bose SoundSport Headphones,1,4/8/2019 12:46
177117,ThinkPad Laptop,1,4/16/2019 19:34
177117,AAA Batteries (4-pack),1,4/16/2019 19:34
177118,AA Batteries (4-pack),1,4/23/2019 5:12
177119,Vareebadd Phone,1,4/6/2019 20:13
177120,Macbook Pro Laptop,1,4/3/2019 9:46
177121,Lightning Charging Cable,1,4/23/2019 20:54
177122,Apple Airpods Headphones,1,4/30/2019 19:49
177123,Flatscreen TV,1,4/9/2019 11:54
177124,Lightning Charging Cable,1,4/2/2019 19:52
177125,Lightning Charging Cable,1,4/23/2019 21:40
177126,Bose SoundSport Headphones,1,4/28/2019 19:31
177127,27in FHD Monitor,1,4/16/2019 21:15
177128,Flatscreen TV,1,4/3/2019 20:10
177129,Apple Airpods Headphones,1,4/23/2019 17:48
177130,LG Washing Machine,1,4/1/2019 8:43
177131,Lightning Charging Cable,1,4/30/2019 10:25
177132,27in FHD Monitor,1,4/6/2019 13:56
177133,27in FHD Monitor,1,4/16/2019 11:54
177134,Lightning Charging Cable,1,4/16/2019 12:58
177135,iPhone,1,4/25/2019 6:18
177136,USB-C Charging Cable,1,4/14/2019 20:54
177137,AA Batteries (4-pack),1,4/6/2019 12:20
177138,AAA Batteries (4-pack),1,4/14/2019 19:56
177139,Apple Airpods Headphones,2,4/3/2019 14:05
177140,Lightning Charging Cable,1,4/24/2019 16:10
177141,AAA Batteries (4-pack),1,4/20/2019 16:12
177142,Lightning Charging Cable,1,4/8/2019 12:07
177143,Wired Headphones,1,4/12/2019 13:12
177144,27in 4K Gaming Monitor,1,4/3/2019 16:58
177145,LG Washing Machine,1,4/25/2019 9:50
177146,Lightning Charging Cable,1,4/7/2019 20:34
177147,20in Monitor,1,4/26/2019 14:06
177148,USB-C Charging Cable,1,4/6/2019 11:04
177149,34in Ultrawide Monitor,1,4/24/2019 6:23
177150,Wired Headphones,1,4/27/2019 10:05
177151,ThinkPad Laptop,1,4/11/2019 10:24
177152,ThinkPad Laptop,1,4/5/2019 23:20
177153,Flatscreen TV,1,4/10/2019 13:51
177154,AAA Batteries (4-pack),1,4/27/2019 15:40
177155,Lightning Charging Cable,1,4/19/2019 13:09
177156,Apple Airpods Headphones,1,4/5/2019 16:21
177157,AA Batteries (4-pack),1,4/14/2019 10:52
177158,Lightning Charging Cable,2,4/12/2019 7:16
177159,AAA Batteries (4-pack),1,4/14/2019 23:16
177160,AAA Batteries (4-pack),7,4/26/2019 11:37
177161,Wired Headphones,1,4/3/2019 9:38
177162,Bose SoundSport Headphones,1,4/22/2019 14:43
177163,Wired Headphones,1,4/19/2019 9:30
177164,Lightning Charging Cable,1,4/18/2019 15:51
177165,Wired Headphones,1,4/18/2019 23:18
177166,Wired Headphones,1,4/4/2019 16:13
177167,iPhone,1,4/28/2019 16:40
177167,Apple Airpods Headphones,1,4/28/2019 16:40
177167,AAA Batteries (4-pack),3,4/28/2019 16:40
177168,Google Phone,1,4/12/2019 10:22
177169,27in FHD Monitor,1,4/23/2019 15:59
177170,USB-C Charging Cable,1,4/21/2019 15:19
177171,Vareebadd Phone,1,4/6/2019 1:03
177172,Bose SoundSport Headphones,1,4/28/2019 16:23
177173,Lightning Charging Cable,1,4/25/2019 12:49
177174,AAA Batteries (4-pack),1,4/12/2019 14:49
177175,Macbook Pro Laptop,1,4/11/2019 7:49
177176,USB-C Charging Cable,1,4/1/2019 11:36
177177,AA Batteries (4-pack),1,4/8/2019 12:10
177178,iPhone,1,4/7/2019 0:02
177178,Lightning Charging Cable,1,4/7/2019 0:02
177179,Lightning Charging Cable,1,4/15/2019 8:32
177180,USB-C Charging Cable,1,4/18/2019 22:27
177181,Wired Headphones,1,4/9/2019 0:49
177181,Apple Airpods Headphones,1,4/9/2019 0:49
177182,Macbook Pro Laptop,1,4/10/2019 22:00
177182,ThinkPad Laptop,1,4/10/2019 22:00
177183,Wired Headphones,1,4/3/2019 19:38
177184,AA Batteries (4-pack),1,4/1/2019 16:49
177184,Flatscreen TV,1,4/1/2019 16:49
177185,Lightning Charging Cable,1,4/8/2019 9:57
177186,Bose SoundSport Headphones,1,4/11/2019 21:30
177187,Google Phone,1,4/4/2019 18:08
177188,AAA Batteries (4-pack),2,4/29/2019 23:34
177189,Bose SoundSport Headphones,1,4/4/2019 0:35
177190,Lightning Charging Cable,1,4/5/2019 15:16
177191,Bose SoundSport Headphones,1,4/26/2019 23:18
177192,AAA Batteries (4-pack),1,4/16/2019 11:14
177193,Apple Airpods Headphones,1,4/24/2019 10:22
177194,Lightning Charging Cable,1,4/10/2019 18:36
177195,AA Batteries (4-pack),1,4/25/2019 17:39
177196,Apple Airpods Headphones,1,4/3/2019 15:03
177197,ThinkPad Laptop,1,4/17/2019 16:01
177198,Vareebadd Phone,1,4/6/2019 16:07
177198,USB-C Charging Cable,2,4/6/2019 16:07
177199,iPhone,1,4/21/2019 1:09
177200,AAA Batteries (4-pack),1,4/19/2019 11:55
177201,USB-C Charging Cable,1,4/26/2019 16:13
177201,Lightning Charging Cable,1,4/26/2019 16:13
177202,USB-C Charging Cable,1,4/8/2019 7:26
177203,27in FHD Monitor,1,4/13/2019 18:29
177204,Lightning Charging Cable,1,4/24/2019 11:13
177205,AA Batteries (4-pack),2,4/18/2019 14:52
177206,Apple Airpods Headphones,1,4/14/2019 13:06
177207,USB-C Charging Cable,1,4/3/2019 11:41
177208,Vareebadd Phone,1,4/30/2019 18:04
177209,Lightning Charging Cable,1,4/22/2019 8:31
177210,AA Batteries (4-pack),1,4/21/2019 18:47
177211,AA Batteries (4-pack),3,4/29/2019 12:40
177212,Lightning Charging Cable,1,4/10/2019 18:45
177213,iPhone,1,4/25/2019 10:04
177213,Lightning Charging Cable,1,4/25/2019 10:04
177214,AAA Batteries (4-pack),2,4/9/2019 2:05
177215,Bose SoundSport Headphones,1,4/10/2019 9:01
177216,Macbook Pro Laptop,1,4/25/2019 17:45
177217,Macbook Pro Laptop,1,4/15/2019 16:13
177218,Wired Headphones,1,4/18/2019 22:28
177219,AA Batteries (4-pack),1,4/1/2019 7:59
177220,Wired Headphones,1,4/2/2019 19:09
177221,34in Ultrawide Monitor,1,4/12/2019 20:33
177222,AA Batteries (4-pack),3,4/20/2019 16:54
177223,27in 4K Gaming Monitor,1,4/13/2019 12:54
177224,Lightning Charging Cable,1,4/7/2019 20:31
177225,ThinkPad Laptop,1,4/5/2019 0:02
177226,Lightning Charging Cable,1,4/25/2019 18:22
177227,AA Batteries (4-pack),1,4/12/2019 7:28
177228,Google Phone,1,4/17/2019 19:38
177228,AA Batteries (4-pack),1,4/17/2019 19:38
177229,27in 4K Gaming Monitor,1,4/12/2019 20:56
177230,iPhone,1,4/6/2019 0:26
177231,USB-C Charging Cable,1,4/10/2019 13:44
177232,Wired Headphones,1,4/7/2019 22:41
177233,Google Phone,1,4/25/2019 15:59
177234,Lightning Charging Cable,1,4/10/2019 12:29
177235,AA Batteries (4-pack),2,4/1/2019 13:27
177236,Flatscreen TV,1,4/25/2019 18:52
177237,AA Batteries (4-pack),1,4/6/2019 16:36
177238,AA Batteries (4-pack),1,4/25/2019 19:04
177239,iPhone,1,4/13/2019 12:17
177240,27in FHD Monitor,1,4/13/2019 18:30
177241,Lightning Charging Cable,1,4/3/2019 17:58
177242,USB-C Charging Cable,1,4/12/2019 16:12
177243,AAA Batteries (4-pack),1,4/29/2019 20:37
177244,USB-C Charging Cable,1,4/3/2019 13:31
177245,Lightning Charging Cable,1,4/12/2019 16:27
177246,AA Batteries (4-pack),1,4/19/2019 18:06
177247,20in Monitor,1,4/5/2019 14:24
177248,Lightning Charging Cable,1,4/5/2019 15:29
177249,AA Batteries (4-pack),1,4/14/2019 20:05
177250,Apple Airpods Headphones,1,4/29/2019 18:50
177251,Lightning Charging Cable,1,4/18/2019 10:42
177252,Lightning Charging Cable,1,4/14/2019 16:36
177253,Apple Airpods Headphones,1,4/5/2019 13:57
177254,AA Batteries (4-pack),1,4/21/2019 2:12
177254,AAA Batteries (4-pack),2,4/21/2019 2:12
177255,USB-C Charging Cable,2,4/8/2019 9:19
,,,
177256,Bose SoundSport Headphones,1,4/28/2019 21:34
177256,AA Batteries (4-pack),1,4/28/2019 21:34
177257,AA Batteries (4-pack),1,4/27/2019 21:55
177258,Lightning Charging Cable,1,4/2/2019 16:13
177259,34in Ultrawide Monitor,1,4/8/2019 13:36
177260,Bose SoundSport Headphones,1,4/10/2019 13:39
177261,34in Ultrawide Monitor,1,4/16/2019 23:25
177262,USB-C Charging Cable,1,4/3/2019 13:57
177263,27in 4K Gaming Monitor,1,4/29/2019 11:18
177264,AAA Batteries (4-pack),2,4/5/2019 21:35
177265,Bose SoundSport Headphones,1,4/28/2019 15:45
177266,AA Batteries (4-pack),1,4/21/2019 19:20
177267,Bose SoundSport Headphones,1,4/23/2019 11:00
177268,AAA Batteries (4-pack),2,4/1/2019 21:21
177269,AAA Batteries (4-pack),1,4/16/2019 19:22
177270,Google Phone,1,4/22/2019 20:34
177271,AA Batteries (4-pack),1,4/21/2019 8:53
177272,Lightning Charging Cable,2,4/23/2019 15:28
177273,USB-C Charging Cable,1,4/17/2019 8:29
177274,AA Batteries (4-pack),1,4/23/2019 11:59
177275,AA Batteries (4-pack),2,4/22/2019 18:26
177276,AA Batteries (4-pack),1,4/29/2019 20:06
177277,Wired Headphones,1,4/2/2019 17:26
177278,AA Batteries (4-pack),1,4/19/2019 10:41
177279,27in 4K Gaming Monitor,1,4/22/2019 22:27
177280,Lightning Charging Cable,1,4/16/2019 20:02
177281,27in FHD Monitor,1,4/29/2019 11:51
177282,Wired Headphones,1,4/8/2019 23:44
177283,USB-C Charging Cable,1,4/4/2019 23:36
177284,Bose SoundSport Headphones,1,4/18/2019 12:15
177285,20in Monitor,1,4/2/2019 21:26
177286,AAA Batteries (4-pack),1,4/5/2019 11:10
177287,AA Batteries (4-pack),2,4/18/2019 13:17
177288,USB-C Charging Cable,1,4/3/2019 17:47
177289,Lightning Charging Cable,1,4/4/2019 9:18
177290,27in FHD Monitor,1,4/5/2019 22:23
177291,Apple Airpods Headphones,1,4/24/2019 11:19
177292,Wired Headphones,1,4/11/2019 19:10
177293,AA Batteries (4-pack),3,4/20/2019 12:04
177294,Lightning Charging Cable,1,4/21/2019 14:31
177295,AAA Batteries (4-pack),2,4/25/2019 10:47
177296,Lightning Charging Cable,1,4/5/2019 19:16
177297,Apple Airpods Headphones,1,4/21/2019 14:25
177298,34in Ultrawide Monitor,1,4/13/2019 14:44
177299,AAA Batteries (4-pack),1,4/30/2019 21:04
177300,20in Monitor,1,4/3/2019 21:33
177300,Apple Airpods Headphones,1,4/3/2019 21:33
177301,AA Batteries (4-pack),1,4/4/2019 16:11
177302,27in FHD Monitor,1,4/30/2019 21:10
177303,Wired Headphones,1,4/1/2019 23:19
177304,Lightning Charging Cable,1,4/27/2019 18:20
177305,20in Monitor,1,4/19/2019 11:25
177306,20in Monitor,1,4/2/2019 18:03
177307,Wired Headphones,1,4/24/2019 13:18
177308,AA Batteries (4-pack),2,4/5/2019 19:30
177309,27in 4K Gaming Monitor,1,4/3/2019 10:31
177310,iPhone,1,4/29/2019 20:03
177311,Lightning Charging Cable,1,4/25/2019 16:03
177312,AA Batteries (4-pack),3,4/22/2019 16:58
177313,Macbook Pro Laptop,1,4/11/2019 17:19
177314,Apple Airpods Headphones,1,4/18/2019 7:29
177315,27in FHD Monitor,1,4/4/2019 19:30
177316,iPhone,1,4/1/2019 10:25
177317,AAA Batteries (4-pack),1,4/18/2019 11:16
177318,iPhone,1,4/10/2019 20:44
177319,USB-C Charging Cable,1,4/9/2019 18:21
177320,Flatscreen TV,1,4/3/2019 12:55
177321,27in 4K Gaming Monitor,1,4/19/2019 22:02
177322,USB-C Charging Cable,1,4/28/2019 12:41
177323,Lightning Charging Cable,1,4/12/2019 20:15
177324,Wired Headphones,1,4/2/2019 18:24
177325,Apple Airpods Headphones,1,4/13/2019 20:54
177326,Bose SoundSport Headphones,1,4/28/2019 20:17
177327,Lightning Charging Cable,1,4/21/2019 20:41
177328,ThinkPad Laptop,1,4/17/2019 22:24
177329,iPhone,1,4/29/2019 8:12
177330,USB-C Charging Cable,1,4/30/2019 10:55
177331,USB-C Charging Cable,1,4/10/2019 19:55
177332,Apple Airpods Headphones,1,4/8/2019 12:24
177333,Apple Airpods Headphones,1,4/3/2019 7:28
177334,Wired Headphones,1,4/19/2019 22:37
177335,Wired Headphones,1,4/14/2019 21:59
177336,Apple Airpods Headphones,1,4/17/2019 12:50
177337,AAA Batteries (4-pack),1,4/15/2019 18:17
177338,Wired Headphones,1,4/21/2019 15:42
177339,Wired Headphones,1,4/5/2019 11:19
177340,27in 4K Gaming Monitor,1,4/8/2019 22:06
177341,AA Batteries (4-pack),2,4/13/2019 11:27
177342,Bose SoundSport Headphones,1,4/14/2019 20:59
177343,USB-C Charging Cable,1,4/7/2019 10:47
177344,Google Phone,1,4/20/2019 19:54
177345,Wired Headphones,1,4/12/2019 13:53
177346,27in 4K Gaming Monitor,1,4/13/2019 0:26
177347,Bose SoundSport Headphones,1,4/30/2019 8:00
177348,Macbook Pro Laptop,1,4/4/2019 18:11
177349,Lightning Charging Cable,1,4/17/2019 8:26
177350,Google Phone,1,4/21/2019 13:55
177351,iPhone,1,4/13/2019 7:52
177352,34in Ultrawide Monitor,1,4/30/2019 18:46
177353,Macbook Pro Laptop,1,4/4/2019 10:27
177354,Google Phone,1,4/11/2019 22:38
177355,34in Ultrawide Monitor,1,4/7/2019 13:52
177356,27in FHD Monitor,1,4/3/2019 20:19
177357,Wired Headphones,1,4/8/2019 20:26
177358,AAA Batteries (4-pack),1,4/4/2019 1:48
177359,Macbook Pro Laptop,1,4/18/2019 14:47
177360,AAA Batteries (4-pack),2,4/29/2019 19:12
177361,AA Batteries (4-pack),2,4/26/2019 11:23
177362,Flatscreen TV,1,4/13/2019 15:30
177363,Bose SoundSport Headphones,1,4/4/2019 13:55
177364,ThinkPad Laptop,1,4/29/2019 15:59
177365,AAA Batteries (4-pack),1,4/6/2019 15:22
177366,Apple Airpods Headphones,1,4/27/2019 14:47
177367,Google Phone,1,4/5/2019 7:52
177367,USB-C Charging Cable,1,4/5/2019 7:52
177367,Bose SoundSport Headphones,1,4/5/2019 7:52
177368,USB-C Charging Cable,1,4/3/2019 14:36
177369,27in FHD Monitor,1,4/12/2019 16:54
177370,Apple Airpods Headphones,1,4/10/2019 18:32
177371,Bose SoundSport Headphones,1,4/19/2019 20:15
177372,27in 4K Gaming Monitor,1,4/27/2019 15:23
177373,27in FHD Monitor,1,4/22/2019 12:14
177374,Lightning Charging Cable,1,4/25/2019 8:01
177375,Wired Headphones,1,4/2/2019 19:11
177376,AAA Batteries (4-pack),1,4/4/2019 0:31
177377,Wired Headphones,1,4/8/2019 11:46
177378,Bose SoundSport Headphones,1,4/4/2019 22:15
177379,Google Phone,1,4/19/2019 14:24
177380,Lightning Charging Cable,1,4/3/2019 20:56
177381,Bose SoundSport Headphones,1,4/25/2019 8:56
177382,Apple Airpods Headphones,1,4/12/2019 13:11
177383,LG Dryer,1,4/17/2019 18:52
177384,Flatscreen TV,1,4/24/2019 15:27
177385,Macbook Pro Laptop,1,4/11/2019 12:08
177386,34in Ultrawide Monitor,1,4/17/2019 15:44
177387,AA Batteries (4-pack),1,4/3/2019 22:10
177388,Lightning Charging Cable,1,4/24/2019 12:50
177389,Lightning Charging Cable,2,4/24/2019 12:07
177390,Wired Headphones,1,4/28/2019 17:14
177391,AA Batteries (4-pack),1,4/8/2019 11:47
177392,USB-C Charging Cable,1,4/23/2019 12:45
177393,27in FHD Monitor,1,4/18/2019 11:43
177394,Apple Airpods Headphones,1,4/22/2019 12:10
177395,34in Ultrawide Monitor,1,4/3/2019 0:08
177396,Wired Headphones,1,4/17/2019 14:29
177397,20in Monitor,1,4/27/2019 18:20
177398,27in FHD Monitor,1,4/13/2019 21:54
177398,AAA Batteries (4-pack),1,4/13/2019 21:54
177399,AAA Batteries (4-pack),1,4/30/2019 1:32
177400,USB-C Charging Cable,2,4/24/2019 6:44
177401,Flatscreen TV,1,4/24/2019 10:16
177402,AAA Batteries (4-pack),2,4/9/2019 21:06
177403,Bose SoundSport Headphones,1,4/18/2019 7:26
177404,Bose SoundSport Headphones,1,4/14/2019 19:03
177405,Lightning Charging Cable,1,4/9/2019 16:38
177406,AA Batteries (4-pack),2,4/5/2019 16:46
177407,USB-C Charging Cable,1,4/10/2019 21:40
177408,Bose SoundSport Headphones,1,4/21/2019 19:16
177409,USB-C Charging Cable,1,4/21/2019 19:57
177410,Lightning Charging Cable,1,4/5/2019 7:45
177411,Wired Headphones,1,4/5/2019 19:46
177412,Apple Airpods Headphones,1,4/15/2019 19:19
177413,Wired Headphones,1,4/7/2019 21:34
177414,AAA Batteries (4-pack),1,4/27/2019 18:18
177415,34in Ultrawide Monitor,1,4/7/2019 1:27
177416,AAA Batteries (4-pack),1,4/15/2019 12:58
177417,34in Ultrawide Monitor,1,4/10/2019 7:10
177418,Wired Headphones,1,4/18/2019 21:22
177419,Lightning Charging Cable,1,4/23/2019 8:49
177420,Lightning Charging Cable,1,4/14/2019 13:45
177421,AAA Batteries (4-pack),1,4/6/2019 21:55
177422,Macbook Pro Laptop,1,4/5/2019 19:52
177423,Wired Headphones,1,4/23/2019 10:14
177424,USB-C Charging Cable,1,4/21/2019 12:13
177425,AAA Batteries (4-pack),1,4/26/2019 10:50
177426,Wired Headphones,1,4/14/2019 20:07
177427,Bose SoundSport Headphones,1,4/10/2019 13:48
177428,Vareebadd Phone,1,4/15/2019 8:19
177428,USB-C Charging Cable,1,4/15/2019 8:19
177429,Wired Headphones,1,4/5/2019 18:07
177430,iPhone,1,4/8/2019 12:05
177431,AA Batteries (4-pack),2,4/28/2019 20:43
177432,Apple Airpods Headphones,1,4/8/2019 10:25
177433,27in FHD Monitor,1,4/29/2019 10:22
177434,USB-C Charging Cable,1,4/14/2019 19:47
177435,USB-C Charging Cable,1,4/3/2019 18:51
177436,Lightning Charging Cable,1,4/11/2019 20:37
177437,Wired Headphones,1,4/18/2019 15:54
177438,Wired Headphones,1,4/22/2019 8:59
177439,Lightning Charging Cable,1,4/14/2019 17:22
177440,Macbook Pro Laptop,1,4/20/2019 14:39
177441,iPhone,1,4/16/2019 14:38
177441,Lightning Charging Cable,1,4/16/2019 14:38
177442,AAA Batteries (4-pack),1,4/30/2019 6:59
177443,Apple Airpods Headphones,1,4/21/2019 16:42
177443,27in 4K Gaming Monitor,1,4/21/2019 16:42
177444,34in Ultrawide Monitor,1,4/19/2019 10:59
177445,Lightning Charging Cable,1,4/21/2019 2:24
177446,Lightning Charging Cable,1,4/10/2019 19:23
177447,AA Batteries (4-pack),3,4/29/2019 15:54
177448,Google Phone,1,4/24/2019 19:38
177448,USB-C Charging Cable,1,4/24/2019 19:38
177449,Macbook Pro Laptop,1,4/29/2019 14:07
177450,ThinkPad Laptop,1,4/17/2019 19:32
177451,USB-C Charging Cable,1,4/18/2019 0:52
177452,Wired Headphones,1,4/3/2019 13:22
177453,iPhone,1,4/16/2019 21:05
177454,Lightning Charging Cable,1,4/1/2019 23:13
177455,Bose SoundSport Headphones,1,4/5/2019 10:21
177456,Flatscreen TV,1,4/24/2019 23:54
177457,27in 4K Gaming Monitor,1,4/14/2019 20:45
177458,Macbook Pro Laptop,1,4/29/2019 8:17
177459,AA Batteries (4-pack),1,4/3/2019 19:31
177460,USB-C Charging Cable,2,4/20/2019 20:38
177461,27in 4K Gaming Monitor,1,4/26/2019 23:36
177462,34in Ultrawide Monitor,1,4/10/2019 16:25
177463,USB-C Charging Cable,1,4/30/2019 16:02
177464,Bose SoundSport Headphones,1,4/21/2019 10:05
177465,Macbook Pro Laptop,1,4/13/2019 9:13
177466,Apple Airpods Headphones,1,4/21/2019 17:09
177467,Lightning Charging Cable,1,4/4/2019 11:09
177468,Bose SoundSport Headphones,1,4/12/2019 10:12
177469,34in Ultrawide Monitor,1,4/22/2019 10:04
177470,Apple Airpods Headphones,1,4/30/2019 12:16
177471,Lightning Charging Cable,1,4/19/2019 18:39
177472,Bose SoundSport Headphones,1,4/23/2019 18:14
177473,Macbook Pro Laptop,1,4/2/2019 18:24
177474,Wired Headphones,1,4/30/2019 18:37
177475,AAA Batteries (4-pack),3,4/30/2019 8:40
177476,Bose SoundSport Headphones,1,4/3/2019 16:01
177477,AAA Batteries (4-pack),1,4/3/2019 19:49
177478,USB-C Charging Cable,1,4/28/2019 22:18
177479,ThinkPad Laptop,1,4/27/2019 10:39
177480,34in Ultrawide Monitor,1,4/24/2019 14:40
177481,iPhone,1,4/13/2019 16:54
177482,Bose SoundSport Headphones,1,4/15/2019 19:10
177483,27in FHD Monitor,1,4/28/2019 22:55
177484,USB-C Charging Cable,1,4/24/2019 19:47
177485,Bose SoundSport Headphones,1,4/6/2019 20:43
177486,ThinkPad Laptop,1,4/21/2019 16:24
177486,Google Phone,1,4/21/2019 16:24
177487,Bose SoundSport Headphones,1,4/23/2019 10:04
177488,27in FHD Monitor,1,4/3/2019 20:40
177489,Bose SoundSport Headphones,1,4/10/2019 20:18
177490,AA Batteries (4-pack),3,4/8/2019 16:31
177491,Apple Airpods Headphones,1,4/15/2019 20:42
177492,ThinkPad Laptop,1,4/15/2019 9:14
177493,Apple Airpods Headphones,1,4/27/2019 20:40
177494,AA Batteries (4-pack),1,4/22/2019 5:37
177495,Flatscreen TV,1,4/18/2019 23:01
177496,iPhone,1,4/7/2019 19:54
177497,ThinkPad Laptop,1,4/16/2019 10:30
177498,Lightning Charging Cable,1,4/22/2019 15:42
177499,Bose SoundSport Headphones,1,4/27/2019 13:18
177500,Bose SoundSport Headphones,1,4/24/2019 17:30
177501,Wired Headphones,1,4/10/2019 3:43
177502,AAA Batteries (4-pack),2,4/27/2019 18:42
177503,Wired Headphones,1,4/20/2019 20:07
177504,Google Phone,1,4/10/2019 14:39
177504,USB-C Charging Cable,1,4/10/2019 14:39
177505,ThinkPad Laptop,1,4/30/2019 16:04
177506,iPhone,1,4/2/2019 7:46
177506,Apple Airpods Headphones,1,4/2/2019 7:46
177507,AAA Batteries (4-pack),1,4/9/2019 20:13
177508,Bose SoundSport Headphones,1,4/7/2019 6:45
177509,AAA Batteries (4-pack),1,4/28/2019 19:03
177510,Bose SoundSport Headphones,1,4/15/2019 9:51
177511,iPhone,1,4/7/2019 17:38
177511,Lightning Charging Cable,1,4/7/2019 17:38
177512,Lightning Charging Cable,2,4/27/2019 18:41
177513,Apple Airpods Headphones,1,4/1/2019 11:00
177514,Flatscreen TV,1,4/5/2019 15:40
177515,AA Batteries (4-pack),1,4/30/2019 13:52
177516,USB-C Charging Cable,1,4/1/2019 13:35
177517,USB-C Charging Cable,1,4/17/2019 13:30
177518,Apple Airpods Headphones,1,4/5/2019 12:33
177519,27in 4K Gaming Monitor,1,4/9/2019 22:49
177520,34in Ultrawide Monitor,1,4/11/2019 22:43
177521,USB-C Charging Cable,1,4/14/2019 14:02
177522,iPhone,1,4/3/2019 22:41
177523,27in 4K Gaming Monitor,1,4/22/2019 1:04
177524,Wired Headphones,1,4/15/2019 17:14
177525,Wired Headphones,2,4/10/2019 9:35
177526,AAA Batteries (4-pack),1,4/10/2019 16:25
177527,Wired Headphones,2,4/26/2019 8:51
177528,Vareebadd Phone,1,4/2/2019 13:42
177529,Lightning Charging Cable,1,4/12/2019 16:28
177530,Wired Headphones,1,4/2/2019 14:37
177531,USB-C Charging Cable,1,4/8/2019 17:54
177532,AA Batteries (4-pack),2,4/12/2019 11:56
177533,Bose SoundSport Headphones,1,4/25/2019 2:01
177534,Macbook Pro Laptop,1,4/26/2019 16:49
177535,Macbook Pro Laptop,1,4/14/2019 9:26
177536,27in 4K Gaming Monitor,1,4/26/2019 16:20
177537,Bose SoundSport Headphones,1,4/30/2019 6:55
177538,AAA Batteries (4-pack),1,4/11/2019 13:26
177539,Bose SoundSport Headphones,1,4/26/2019 19:56
177540,Google Phone,1,4/2/2019 18:23
177541,Apple Airpods Headphones,1,4/23/2019 20:21
177542,AAA Batteries (4-pack),1,4/9/2019 13:44
177543,Macbook Pro Laptop,1,4/14/2019 16:45
177544,27in 4K Gaming Monitor,1,4/14/2019 9:04
177545,Wired Headphones,1,4/16/2019 16:36
177546,USB-C Charging Cable,2,4/25/2019 18:28
177547,Lightning Charging Cable,1,4/17/2019 18:46
177548,Apple Airpods Headphones,1,4/22/2019 22:36
177549,USB-C Charging Cable,1,4/17/2019 18:54
177550,Macbook Pro Laptop,1,4/27/2019 20:15
177551,27in FHD Monitor,1,5/1/2019 0:13
177552,Wired Headphones,1,4/5/2019 15:01
177553,AAA Batteries (4-pack),1,4/1/2019 8:00
177554,27in FHD Monitor,1,4/1/2019 10:21
177555,27in FHD Monitor,1,4/12/2019 11:44
177556,Lightning Charging Cable,1,4/8/2019 11:58
177557,AAA Batteries (4-pack),1,4/14/2019 17:19
177558,ThinkPad Laptop,1,4/10/2019 22:50
177559,Flatscreen TV,1,4/24/2019 11:46
177560,Bose SoundSport Headphones,1,4/19/2019 9:06
177561,AA Batteries (4-pack),1,4/28/2019 20:41
177562,Wired Headphones,1,4/23/2019 17:07
177563,AA Batteries (4-pack),1,4/24/2019 18:52
177564,Apple Airpods Headphones,1,4/2/2019 20:33
177565,AAA Batteries (4-pack),2,4/22/2019 9:10
177566,AAA Batteries (4-pack),1,4/27/2019 8:37
177567,Apple Airpods Headphones,1,4/5/2019 11:38
177568,Wired Headphones,1,4/6/2019 21:11
177569,Wired Headphones,1,4/27/2019 10:31
177569,Google Phone,1,4/27/2019 10:31
177570,Wired Headphones,1,4/29/2019 19:05
177571,AA Batteries (4-pack),3,4/26/2019 23:51
177572,Apple Airpods Headphones,1,4/21/2019 1:29
177573,AA Batteries (4-pack),1,4/2/2019 11:33
177574,Wired Headphones,2,4/18/2019 9:25
177575,AAA Batteries (4-pack),2,4/30/2019 6:32
177576,AA Batteries (4-pack),2,4/11/2019 17:09
177577,AAA Batteries (4-pack),1,4/15/2019 17:00
177578,Google Phone,1,4/28/2019 22:51
177578,USB-C Charging Cable,1,4/28/2019 22:51
177579,Apple Airpods Headphones,1,4/28/2019 21:33
177580,Apple Airpods Headphones,1,4/20/2019 15:08
177581,Lightning Charging Cable,1,4/7/2019 13:13
177582,Bose SoundSport Headphones,1,4/16/2019 17:19
177582,Wired Headphones,1,4/16/2019 17:19
177583,Lightning Charging Cable,1,4/19/2019 20:12
177584,AAA Batteries (4-pack),1,4/2/2019 21:54
177585,AA Batteries (4-pack),1,4/13/2019 1:49
177586,Bose SoundSport Headphones,1,4/14/2019 14:08
177587,USB-C Charging Cable,1,4/9/2019 20:38
177588,27in FHD Monitor,1,4/25/2019 16:08
177589,34in Ultrawide Monitor,1,4/16/2019 6:54
177590,Wired Headphones,1,4/26/2019 18:51
177591,ThinkPad Laptop,1,4/26/2019 22:04
177592,iPhone,1,4/19/2019 11:10
177592,Lightning Charging Cable,2,4/19/2019 11:10
177593,27in 4K Gaming Monitor,1,4/23/2019 20:26
177594,AA Batteries (4-pack),1,4/10/2019 21:41
177595,Bose SoundSport Headphones,1,4/21/2019 20:50
177596,Wired Headphones,1,4/3/2019 15:03
177597,34in Ultrawide Monitor,1,4/17/2019 20:31
177598,USB-C Charging Cable,1,4/25/2019 1:11
177599,Flatscreen TV,1,4/5/2019 23:01
177600,Google Phone,1,4/24/2019 23:05
177601,Bose SoundSport Headphones,1,4/18/2019 22:46
177602,Apple Airpods Headphones,1,4/20/2019 13:02
177603,Apple Airpods Headphones,1,4/29/2019 18:15
177604,Bose SoundSport Headphones,1,4/22/2019 19:13
177605,Google Phone,1,4/4/2019 7:41
177606,AAA Batteries (4-pack),1,4/19/2019 22:07
177607,27in 4K Gaming Monitor,1,4/28/2019 0:21
177608,Wired Headphones,1,4/9/2019 16:03
177609,AA Batteries (4-pack),1,4/12/2019 16:53
177610,Lightning Charging Cable,1,4/11/2019 20:18
177611,USB-C Charging Cable,1,4/1/2019 11:19
177612,AA Batteries (4-pack),1,4/22/2019 9:28
177613,USB-C Charging Cable,1,4/3/2019 9:39
177614,Apple Airpods Headphones,1,4/12/2019 8:50
177615,20in Monitor,1,4/25/2019 11:13
177616,Apple Airpods Headphones,1,4/30/2019 18:44
177617,AAA Batteries (4-pack),1,4/30/2019 20:24
177618,AAA Batteries (4-pack),1,4/4/2019 21:32
177619,Lightning Charging Cable,1,4/15/2019 9:36
177620,AA Batteries (4-pack),1,4/19/2019 11:56
177621,Bose SoundSport Headphones,1,4/29/2019 13:18
177622,AAA Batteries (4-pack),3,4/12/2019 23:11
177623,20in Monitor,1,4/20/2019 19:39
177624,Wired Headphones,1,4/28/2019 20:01
177625,AA Batteries (4-pack),2,4/14/2019 17:58
177626,iPhone,1,4/19/2019 7:53
177627,Wired Headphones,1,4/12/2019 10:13
177628,Lightning Charging Cable,1,4/24/2019 15:59
177629,Lightning Charging Cable,1,4/3/2019 16:41
177630,Macbook Pro Laptop,1,4/15/2019 9:29
177631,Bose SoundSport Headphones,1,4/5/2019 16:49
177632,Apple Airpods Headphones,1,4/27/2019 16:28
177633,Bose SoundSport Headphones,1,4/26/2019 1:30
177634,Lightning Charging Cable,1,4/23/2019 15:23
177635,Lightning Charging Cable,1,4/4/2019 9:16
177636,34in Ultrawide Monitor,1,4/18/2019 11:50
177637,Bose SoundSport Headphones,1,4/17/2019 15:28
177638,Apple Airpods Headphones,1,4/4/2019 12:44
177638,Google Phone,1,4/4/2019 12:44
177639,AA Batteries (4-pack),3,4/25/2019 16:22
177640,Apple Airpods Headphones,1,4/7/2019 10:12
177641,27in FHD Monitor,1,4/7/2019 12:32
177642,AA Batteries (4-pack),2,4/11/2019 20:57
177643,Lightning Charging Cable,2,4/30/2019 0:44
177644,Lightning Charging Cable,1,4/15/2019 22:06
177645,Lightning Charging Cable,1,4/6/2019 10:03
177646,AAA Batteries (4-pack),1,4/26/2019 13:25
177647,Apple Airpods Headphones,1,4/2/2019 20:45
177648,Bose SoundSport Headphones,1,4/6/2019 18:11
177649,20in Monitor,1,4/2/2019 12:33
177650,Macbook Pro Laptop,1,4/13/2019 13:54
Order ID,Product,Quantity Ordered,Order Date
177651,AA Batteries (4-pack),2,4/2/2019 15:44
177652,AA Batteries (4-pack),1,4/24/2019 20:22
177653,USB-C Charging Cable,1,4/16/2019 10:34
177654,AAA Batteries (4-pack),3,4/14/2019 13:31
177655,AA Batteries (4-pack),1,4/23/2019 9:28
Order ID,Product,Quantity Ordered,Order Date
177656,AAA Batteries (4-pack),1,4/12/2019 15:44
177657,AA Batteries (4-pack),1,4/8/2019 16:25
177658,Wired Headphones,1,4/1/2019 17:35
177659,Wired Headphones,1,4/5/2019 18:59
177660,27in 4K Gaming Monitor,1,4/20/2019 9:40
177661,ThinkPad Laptop,1,4/15/2019 21:07
177662,Lightning Charging Cable,1,4/13/2019 11:04
177663,USB-C Charging Cable,1,4/18/2019 20:12
177664,AA Batteries (4-pack),1,4/6/2019 8:41
177665,LG Washing Machine,1,4/25/2019 18:08
177666,Wired Headphones,1,4/25/2019 16:05
177667,Bose SoundSport Headphones,1,4/26/2019 20:14
177668,Macbook Pro Laptop,1,4/1/2019 9:20
177669,Lightning Charging Cable,1,4/16/2019 9:56
177670,34in Ultrawide Monitor,1,4/11/2019 10:25
177671,Apple Airpods Headphones,1,4/1/2019 16:14
177672,Macbook Pro Laptop,1,4/14/2019 21:12
177673,34in Ultrawide Monitor,1,4/6/2019 9:04
177674,USB-C Charging Cable,1,4/13/2019 23:09
177675,Wired Headphones,1,4/17/2019 12:36
177676,iPhone,1,4/27/2019 14:33
177677,Lightning Charging Cable,1,4/26/2019 16:29
177678,AA Batteries (4-pack),1,4/14/2019 12:34
177679,Vareebadd Phone,1,4/8/2019 17:21
177680,Wired Headphones,1,4/15/2019 10:44
177681,AAA Batteries (4-pack),1,4/1/2019 14:07
177681,Macbook Pro Laptop,1,4/1/2019 14:07
177682,Lightning Charging Cable,1,4/11/2019 7:48
177683,Lightning Charging Cable,1,4/23/2019 12:16
177684,Wired Headphones,2,4/19/2019 13:07
177685,Wired Headphones,1,4/2/2019 15:39
177686,Wired Headphones,1,4/12/2019 23:00
177687,Wired Headphones,1,4/1/2019 4:12
177688,Flatscreen TV,1,4/24/2019 19:18
177689,AAA Batteries (4-pack),3,4/17/2019 21:17
177690,Lightning Charging Cable,1,4/4/2019 9:14
177691,AAA Batteries (4-pack),1,4/4/2019 17:59
177692,Google Phone,1,4/8/2019 20:08
177693,Google Phone,1,4/4/2019 14:21
177694,Apple Airpods Headphones,1,4/8/2019 21:44
177695,Wired Headphones,1,4/4/2019 11:15
177696,AA Batteries (4-pack),2,4/12/2019 11:33
177697,27in FHD Monitor,1,4/21/2019 1:10
177698,AAA Batteries (4-pack),2,4/5/2019 8:30
177699,USB-C Charging Cable,1,4/18/2019 17:40
177700,Wired Headphones,1,4/23/2019 11:10
177701,Lightning Charging Cable,1,4/21/2019 6:02
177702,34in Ultrawide Monitor,1,4/3/2019 9:43
177703,20in Monitor,1,4/10/2019 15:45
177704,Apple Airpods Headphones,1,4/9/2019 16:41
177705,Bose SoundSport Headphones,1,4/18/2019 8:02
177706,27in 4K Gaming Monitor,1,4/29/2019 18:58
177707,Bose SoundSport Headphones,1,4/13/2019 12:29
177708,USB-C Charging Cable,1,4/23/2019 18:44
177709,Lightning Charging Cable,1,4/21/2019 8:13
177710,AAA Batteries (4-pack),1,4/2/2019 0:05
177711,AA Batteries (4-pack),1,4/6/2019 12:13
177712,USB-C Charging Cable,1,4/1/2019 8:53
177713,AAA Batteries (4-pack),1,4/26/2019 1:40
177714,Lightning Charging Cable,1,4/24/2019 7:16
177715,34in Ultrawide Monitor,1,4/29/2019 12:20
177716,Lightning Charging Cable,2,4/30/2019 13:41
177717,AA Batteries (4-pack),1,4/27/2019 20:18
177718,Google Phone,1,4/30/2019 15:06
177719,Google Phone,1,4/18/2019 23:41
177719,USB-C Charging Cable,1,4/18/2019 23:41
177720,27in FHD Monitor,1,4/30/2019 7:57
177721,Lightning Charging Cable,1,4/25/2019 8:26
177722,USB-C Charging Cable,1,4/23/2019 7:55
177723,AA Batteries (4-pack),2,4/4/2019 14:30
177724,USB-C Charging Cable,1,4/29/2019 21:48
177725,Apple Airpods Headphones,1,4/5/2019 10:29
177726,Apple Airpods Headphones,1,4/7/2019 14:39
177727,AA Batteries (4-pack),1,4/3/2019 20:33
177728,Lightning Charging Cable,1,4/29/2019 18:15
177729,iPhone,1,4/13/2019 20:25
177730,USB-C Charging Cable,1,4/30/2019 16:47
177731,Wired Headphones,1,4/2/2019 16:06
177732,27in 4K Gaming Monitor,1,4/25/2019 15:29
177733,Lightning Charging Cable,1,4/23/2019 17:03
177734,AA Batteries (4-pack),1,4/12/2019 17:08
177735,AAA Batteries (4-pack),1,4/4/2019 18:36
177736,27in 4K Gaming Monitor,1,4/6/2019 18:42
177737,AAA Batteries (4-pack),1,4/3/2019 17:27
177738,Bose SoundSport Headphones,1,4/28/2019 13:33
177739,ThinkPad Laptop,1,4/1/2019 9:39
177740,27in 4K Gaming Monitor,1,4/24/2019 23:17
177741,Bose SoundSport Headphones,1,4/4/2019 13:52
177742,Lightning Charging Cable,1,4/15/2019 17:28
177743,Lightning Charging Cable,1,4/5/2019 18:39
177744,34in Ultrawide Monitor,1,4/20/2019 22:45
177745,Bose SoundSport Headphones,1,4/16/2019 18:21
177746,AAA Batteries (4-pack),1,4/16/2019 10:22
177747,USB-C Charging Cable,2,4/6/2019 21:03
177748,Flatscreen TV,1,4/14/2019 21:32
177749,Apple Airpods Headphones,1,4/12/2019 10:02
177750,Wired Headphones,1,4/27/2019 1:09
177751,AA Batteries (4-pack),1,4/23/2019 14:51
177752,Google Phone,1,4/23/2019 13:42
177753,Wired Headphones,1,4/11/2019 21:58
177754,USB-C Charging Cable,1,4/3/2019 18:46
177755,Lightning Charging Cable,1,4/26/2019 6:24
177756,34in Ultrawide Monitor,1,4/16/2019 11:33
177757,AA Batteries (4-pack),4,4/25/2019 11:03
177758,USB-C Charging Cable,1,4/1/2019 19:21
177758,Lightning Charging Cable,1,4/1/2019 19:21
177759,AAA Batteries (4-pack),2,4/10/2019 16:35
177760,20in Monitor,1,4/24/2019 0:27
177761,USB-C Charging Cable,1,4/3/2019 2:51
177762,Lightning Charging Cable,1,4/18/2019 13:18
177763,AAA Batteries (4-pack),1,4/8/2019 12:06
177764,AA Batteries (4-pack),2,4/24/2019 12:43
177765,Bose SoundSport Headphones,2,4/16/2019 13:57
177766,34in Ultrawide Monitor,1,4/7/2019 11:49
177767,USB-C Charging Cable,1,4/30/2019 8:17
177768,Apple Airpods Headphones,1,4/8/2019 15:35
177769,iPhone,1,4/14/2019 22:54
177769,Lightning Charging Cable,1,4/14/2019 22:54
177770,AA Batteries (4-pack),1,4/25/2019 21:53
177771,USB-C Charging Cable,1,4/30/2019 20:29
177772,Lightning Charging Cable,1,4/21/2019 18:05
177773,iPhone,1,4/1/2019 20:03
177774,Flatscreen TV,1,4/11/2019 15:47
177775,Lightning Charging Cable,1,4/27/2019 2:16
177776,iPhone,1,4/21/2019 15:23
177777,Google Phone,1,4/6/2019 19:22
177778,iPhone,1,5/1/2019 0:48
177778,Apple Airpods Headphones,1,5/1/2019 0:48
177779,34in Ultrawide Monitor,1,4/11/2019 17:24
177780,Bose SoundSport Headphones,1,4/19/2019 13:51
177781,27in 4K Gaming Monitor,1,4/20/2019 16:29
177782,Lightning Charging Cable,2,4/17/2019 20:30
177782,27in 4K Gaming Monitor,1,4/17/2019 20:30
177783,Apple Airpods Headphones,1,4/26/2019 10:00
177784,Lightning Charging Cable,1,4/15/2019 19:03
177785,USB-C Charging Cable,1,4/5/2019 9:43
177786,20in Monitor,1,4/16/2019 9:50
177787,Lightning Charging Cable,2,4/18/2019 17:55
177788,Bose SoundSport Headphones,1,4/29/2019 9:40
177789,Wired Headphones,1,4/12/2019 12:34
177790,20in Monitor,1,4/19/2019 14:34
177791,Apple Airpods Headphones,1,4/21/2019 11:16
177792,Vareebadd Phone,1,4/11/2019 15:30
177793,Lightning Charging Cable,1,4/14/2019 23:38
177794,AAA Batteries (4-pack),2,4/30/2019 16:54
177795,Apple Airpods Headphones,1,4/27/2019 19:45
177795,Apple Airpods Headphones,1,4/27/2019 19:45
177796,34in Ultrawide Monitor,1,4/11/2019 12:53
177797,iPhone,1,4/27/2019 14:38
177798,20in Monitor,1,4/10/2019 13:47
177799,USB-C Charging Cable,1,4/13/2019 19:56
177800,Google Phone,1,4/3/2019 11:56
177800,USB-C Charging Cable,1,4/3/2019 11:56
177800,Wired Headphones,1,4/3/2019 11:56
177801,USB-C Charging Cable,1,4/29/2019 14:29
177802,Vareebadd Phone,1,4/16/2019 18:51
177803,AA Batteries (4-pack),1,4/4/2019 9:08
177804,AAA Batteries (4-pack),1,4/7/2019 12:48
177805,USB-C Charging Cable,1,4/4/2019 9:23
177806,AAA Batteries (4-pack),1,4/17/2019 10:49
177807,AA Batteries (4-pack),1,4/5/2019 14:19
177808,Wired Headphones,1,4/24/2019 12:56
177809,AA Batteries (4-pack),1,4/17/2019 10:35
177810,20in Monitor,1,4/11/2019 6:53
177811,USB-C Charging Cable,1,4/11/2019 10:33
177812,27in FHD Monitor,1,4/3/2019 9:42
177813,27in FHD Monitor,1,4/29/2019 18:25
177814,LG Washing Machine,1,4/11/2019 16:04
177815,Apple Airpods Headphones,1,4/19/2019 20:27
177815,Lightning Charging Cable,1,4/19/2019 20:27
177816,20in Monitor,1,4/29/2019 13:22
177817,ThinkPad Laptop,1,4/20/2019 22:46
177818,Wired Headphones,1,4/21/2019 11:08
177819,Flatscreen TV,1,4/21/2019 10:31
177820,AAA Batteries (4-pack),1,4/19/2019 19:40
177821,AA Batteries (4-pack),1,4/9/2019 6:06
177822,AA Batteries (4-pack),1,4/25/2019 12:29
177823,AA Batteries (4-pack),1,4/4/2019 15:40
177824,AAA Batteries (4-pack),1,4/10/2019 21:43
177825,USB-C Charging Cable,1,4/30/2019 18:54
177826,AA Batteries (4-pack),1,4/10/2019 12:57
177827,Lightning Charging Cable,1,4/18/2019 21:12
177828,AAA Batteries (4-pack),3,4/16/2019 21:08
177829,Lightning Charging Cable,1,4/22/2019 12:24
177830,27in FHD Monitor,1,4/7/2019 7:36
177831,Lightning Charging Cable,1,4/1/2019 3:09
177832,27in FHD Monitor,1,4/12/2019 21:14
177833,Apple Airpods Headphones,1,4/28/2019 22:17
177834,Lightning Charging Cable,1,4/7/2019 17:45
177835,USB-C Charging Cable,1,4/9/2019 0:02
177836,27in 4K Gaming Monitor,1,4/22/2019 11:21
177837,Apple Airpods Headphones,1,4/14/2019 21:51
177838,AAA Batteries (4-pack),6,4/29/2019 0:16
177839,ThinkPad Laptop,1,4/7/2019 14:36
177840,Lightning Charging Cable,1,4/20/2019 0:24
177841,20in Monitor,1,4/22/2019 8:05
177842,USB-C Charging Cable,1,4/19/2019 11:35
177843,Vareebadd Phone,1,4/20/2019 9:42
177844,Wired Headphones,1,4/18/2019 13:28
177845,Lightning Charging Cable,1,4/22/2019 13:21
177846,AA Batteries (4-pack),1,4/10/2019 21:29
177847,ThinkPad Laptop,1,4/11/2019 1:55
177848,Flatscreen TV,1,4/6/2019 9:23
177849,Wired Headphones,1,4/14/2019 10:08
177850,27in 4K Gaming Monitor,1,4/4/2019 16:20
177851,Bose SoundSport Headphones,1,4/23/2019 16:37
177852,Bose SoundSport Headphones,1,4/30/2019 16:33
177853,AAA Batteries (4-pack),1,4/10/2019 21:53
177854,Wired Headphones,1,4/5/2019 14:08
177855,Lightning Charging Cable,1,4/13/2019 13:51
177856,Vareebadd Phone,1,4/24/2019 8:56
177857,Wired Headphones,1,4/21/2019 10:13
177858,USB-C Charging Cable,1,4/20/2019 12:54
177859,Wired Headphones,1,4/2/2019 18:33
177860,AAA Batteries (4-pack),1,4/8/2019 10:51
177861,AA Batteries (4-pack),1,4/23/2019 6:32
177861,Apple Airpods Headphones,1,4/23/2019 6:32
177862,USB-C Charging Cable,1,4/3/2019 20:13
177863,Macbook Pro Laptop,1,4/29/2019 16:22
177864,AA Batteries (4-pack),1,4/21/2019 17:30
177865,Apple Airpods Headphones,1,4/4/2019 17:52
177866,Apple Airpods Headphones,2,4/6/2019 17:11
177867,USB-C Charging Cable,1,4/13/2019 15:05
177868,AA Batteries (4-pack),1,4/1/2019 10:17
177869,Apple Airpods Headphones,1,4/11/2019 21:03
177870,Flatscreen TV,1,4/30/2019 19:10
177871,AA Batteries (4-pack),2,4/25/2019 11:33
177872,27in 4K Gaming Monitor,1,4/15/2019 13:22
177873,27in FHD Monitor,1,4/10/2019 19:10
177874,iPhone,1,4/4/2019 18:23
177874,Apple Airpods Headphones,1,4/4/2019 18:23
177875,Apple Airpods Headphones,1,4/13/2019 13:50
177876,USB-C Charging Cable,1,4/14/2019 10:57
177877,Google Phone,1,4/24/2019 23:59
177878,Apple Airpods Headphones,1,4/20/2019 19:47
177879,Vareebadd Phone,1,4/9/2019 18:59
177880,AA Batteries (4-pack),1,4/18/2019 13:24
177881,20in Monitor,1,4/1/2019 10:52
177882,AA Batteries (4-pack),1,4/25/2019 14:50
177883,Wired Headphones,1,4/15/2019 17:17
177884,Apple Airpods Headphones,1,4/12/2019 20:49
177885,27in 4K Gaming Monitor,1,4/8/2019 19:57
177886,USB-C Charging Cable,1,4/20/2019 18:11
177887,AA Batteries (4-pack),1,4/16/2019 10:00
177888,iPhone,1,4/7/2019 18:11
177889,Lightning Charging Cable,1,4/18/2019 13:36
177890,Macbook Pro Laptop,1,4/8/2019 15:47
177891,Wired Headphones,1,4/4/2019 19:22
177892,Lightning Charging Cable,1,4/4/2019 5:16
177893,Lightning Charging Cable,1,4/13/2019 12:34
177894,27in FHD Monitor,1,4/29/2019 22:49
177895,Bose SoundSport Headphones,1,4/22/2019 18:12
177896,USB-C Charging Cable,2,4/12/2019 12:25
177897,Lightning Charging Cable,1,4/16/2019 0:10
177898,Google Phone,1,4/16/2019 13:38
177899,AA Batteries (4-pack),1,4/13/2019 18:17
177900,AA Batteries (4-pack),2,4/21/2019 21:36
177901,Apple Airpods Headphones,1,4/23/2019 21:51
177902,Vareebadd Phone,1,4/4/2019 11:54
177903,20in Monitor,1,4/26/2019 19:39
177904,Apple Airpods Headphones,1,4/26/2019 6:56
177905,Bose SoundSport Headphones,1,4/12/2019 11:19
177906,Google Phone,1,4/15/2019 4:59
177907,USB-C Charging Cable,1,4/5/2019 10:01
177908,Wired Headphones,1,4/8/2019 14:05
177909,AA Batteries (4-pack),1,4/11/2019 19:49
177910,LG Dryer,1,4/10/2019 10:17
177911,AAA Batteries (4-pack),1,4/5/2019 13:13
177912,USB-C Charging Cable,1,4/11/2019 20:23
177913,Apple Airpods Headphones,1,4/4/2019 18:49
177914,AAA Batteries (4-pack),1,4/11/2019 12:50
177915,Apple Airpods Headphones,1,4/25/2019 10:53
177916,Lightning Charging Cable,1,4/9/2019 12:39
177917,Wired Headphones,1,4/6/2019 15:49
177918,27in FHD Monitor,1,4/21/2019 9:57
177919,Lightning Charging Cable,1,4/25/2019 10:37
177920,Lightning Charging Cable,1,4/8/2019 19:53
,,,
177921,AAA Batteries (4-pack),2,4/14/2019 20:42
177922,AAA Batteries (4-pack),2,4/29/2019 17:34
177923,AA Batteries (4-pack),1,4/4/2019 17:43
177924,Lightning Charging Cable,1,4/16/2019 11:49
177925,27in 4K Gaming Monitor,1,4/17/2019 15:30
177926,Lightning Charging Cable,1,4/18/2019 11:48
177927,27in 4K Gaming Monitor,1,4/17/2019 10:37
177928,AAA Batteries (4-pack),2,4/25/2019 13:07
177929,27in FHD Monitor,1,4/21/2019 23:42
177930,AAA Batteries (4-pack),1,4/16/2019 19:23
177931,AAA Batteries (4-pack),1,4/17/2019 13:43
177932,AA Batteries (4-pack),1,4/26/2019 7:28
177933,USB-C Charging Cable,2,4/8/2019 20:15
177934,27in FHD Monitor,1,4/7/2019 17:15
177935,Bose SoundSport Headphones,1,4/23/2019 20:11
177936,Apple Airpods Headphones,1,4/8/2019 18:36
177937,AA Batteries (4-pack),1,4/1/2019 12:39
177938,Bose SoundSport Headphones,1,4/27/2019 23:14
177939,34in Ultrawide Monitor,1,4/10/2019 14:28
177940,AA Batteries (4-pack),1,4/2/2019 11:10
177941,AAA Batteries (4-pack),1,4/20/2019 22:14
177942,AA Batteries (4-pack),1,4/29/2019 19:01
177943,Lightning Charging Cable,1,4/7/2019 13:28
177944,USB-C Charging Cable,1,4/12/2019 21:34
177945,USB-C Charging Cable,2,4/9/2019 22:04
177946,Lightning Charging Cable,1,4/11/2019 18:28
177947,AA Batteries (4-pack),1,4/15/2019 20:35
177948,AAA Batteries (4-pack),1,4/8/2019 13:26
177949,USB-C Charging Cable,1,4/2/2019 20:40
177950,Bose SoundSport Headphones,1,4/28/2019 7:28
177951,34in Ultrawide Monitor,1,4/1/2019 19:45
177952,USB-C Charging Cable,1,4/22/2019 6:57
177953,Wired Headphones,1,4/14/2019 16:29
177954,AA Batteries (4-pack),1,4/17/2019 20:10
177955,34in Ultrawide Monitor,1,4/26/2019 12:11
177956,USB-C Charging Cable,1,4/20/2019 5:46
177957,USB-C Charging Cable,1,4/12/2019 21:02
177958,AA Batteries (4-pack),1,4/20/2019 17:40
177959,AAA Batteries (4-pack),1,4/5/2019 8:47
177960,20in Monitor,1,4/12/2019 13:14
177961,27in 4K Gaming Monitor,1,4/30/2019 20:00
177962,Wired Headphones,1,4/29/2019 9:35
177963,20in Monitor,1,4/29/2019 10:16
177964,34in Ultrawide Monitor,1,4/6/2019 16:48
177965,AAA Batteries (4-pack),2,4/19/2019 22:49
177966,34in Ultrawide Monitor,1,4/4/2019 13:43
177967,Lightning Charging Cable,1,4/23/2019 7:04
177968,Bose SoundSport Headphones,1,4/12/2019 23:33
177969,AAA Batteries (4-pack),1,4/13/2019 23:47
177970,AAA Batteries (4-pack),1,4/6/2019 11:14
177971,iPhone,1,4/30/2019 8:05
177971,Lightning Charging Cable,1,4/30/2019 8:05
177972,AAA Batteries (4-pack),1,4/29/2019 13:09
177973,Lightning Charging Cable,1,4/20/2019 10:44
177974,Bose SoundSport Headphones,1,4/23/2019 13:13
177975,AA Batteries (4-pack),3,4/30/2019 8:46
177976,USB-C Charging Cable,1,4/14/2019 22:21
177977,iPhone,1,4/3/2019 19:49
177978,Apple Airpods Headphones,1,4/30/2019 14:56
177979,AA Batteries (4-pack),2,4/23/2019 17:01
177980,Bose SoundSport Headphones,1,4/26/2019 2:36
177981,USB-C Charging Cable,1,4/9/2019 14:43
177982,AA Batteries (4-pack),1,4/15/2019 10:42
177983,USB-C Charging Cable,1,4/23/2019 15:21
177984,Apple Airpods Headphones,1,4/18/2019 10:43
177985,Lightning Charging Cable,1,4/4/2019 13:05
177986,Apple Airpods Headphones,1,4/26/2019 17:14
177987,Apple Airpods Headphones,1,4/7/2019 10:02
177988,20in Monitor,1,4/28/2019 18:32
177989,AA Batteries (4-pack),2,4/26/2019 22:19
177990,Lightning Charging Cable,1,4/2/2019 13:19
177991,34in Ultrawide Monitor,1,4/21/2019 21:42
177992,Bose SoundSport Headphones,1,4/27/2019 23:50
177993,AAA Batteries (4-pack),3,4/13/2019 21:53
177994,Lightning Charging Cable,1,4/1/2019 19:15
177995,AA Batteries (4-pack),3,4/13/2019 12:01
177996,iPhone,1,4/7/2019 17:20
177996,Lightning Charging Cable,1,4/7/2019 17:20
177997,Lightning Charging Cable,1,4/4/2019 19:47
177998,AAA Batteries (4-pack),1,4/9/2019 12:51
177999,ThinkPad Laptop,1,4/15/2019 11:04
178000,Lightning Charging Cable,1,4/27/2019 11:47
178001,USB-C Charging Cable,1,4/5/2019 10:50
178002,USB-C Charging Cable,1,4/13/2019 17:17
178003,iPhone,1,4/4/2019 18:52
178004,AA Batteries (4-pack),2,4/12/2019 19:10
178005,USB-C Charging Cable,1,4/7/2019 12:02
178006,Lightning Charging Cable,1,4/13/2019 22:52
178007,iPhone,1,4/14/2019 13:54
178008,Bose SoundSport Headphones,1,4/5/2019 7:42
178009,34in Ultrawide Monitor,1,4/10/2019 16:01
178009,USB-C Charging Cable,1,4/10/2019 16:01
178010,Wired Headphones,1,4/2/2019 16:30
178011,AAA Batteries (4-pack),2,4/21/2019 21:28
178012,Wired Headphones,2,4/13/2019 16:39
178013,Wired Headphones,1,4/4/2019 18:28
178014,Wired Headphones,1,4/27/2019 14:50
178015,USB-C Charging Cable,1,4/27/2019 10:30
178016,USB-C Charging Cable,1,4/17/2019 16:10
178017,USB-C Charging Cable,1,4/10/2019 17:35
178018,Macbook Pro Laptop,1,4/27/2019 15:23
178019,Apple Airpods Headphones,1,4/5/2019 14:19
178020,AAA Batteries (4-pack),1,4/20/2019 22:27
178021,Wired Headphones,1,4/28/2019 9:07
178022,Flatscreen TV,1,4/27/2019 20:55
178023,Google Phone,1,4/8/2019 21:03
178024,Bose SoundSport Headphones,1,4/8/2019 6:07
178025,USB-C Charging Cable,1,4/19/2019 17:46
178026,Macbook Pro Laptop,1,4/8/2019 23:11
178027,Lightning Charging Cable,1,4/6/2019 15:06
178028,20in Monitor,1,4/19/2019 13:21
178029,iPhone,1,4/6/2019 21:15
178029,Apple Airpods Headphones,1,4/6/2019 21:15
178030,USB-C Charging Cable,1,4/7/2019 11:58
178031,34in Ultrawide Monitor,1,4/11/2019 14:22
178032,AA Batteries (4-pack),1,4/10/2019 10:38
178033,AA Batteries (4-pack),1,4/20/2019 11:36
178034,Wired Headphones,1,4/5/2019 7:33
178035,AA Batteries (4-pack),1,4/25/2019 18:19
,,,
178036,Lightning Charging Cable,1,4/18/2019 10:03
178037,AAA Batteries (4-pack),3,4/1/2019 21:03
178038,34in Ultrawide Monitor,1,4/27/2019 19:09
178039,Apple Airpods Headphones,1,4/15/2019 11:36
178040,AA Batteries (4-pack),4,4/19/2019 11:29
178041,Lightning Charging Cable,1,4/11/2019 20:01
178042,34in Ultrawide Monitor,1,4/11/2019 20:37
178043,AAA Batteries (4-pack),1,4/20/2019 10:52
178044,USB-C Charging Cable,2,4/10/2019 21:40
178045,20in Monitor,1,4/30/2019 21:24
178046,iPhone,1,4/5/2019 10:26
178047,USB-C Charging Cable,1,4/17/2019 19:53
178048,Apple Airpods Headphones,1,4/4/2019 12:44
178049,USB-C Charging Cable,2,4/21/2019 20:05
178050,AAA Batteries (4-pack),2,4/25/2019 20:33
178051,Lightning Charging Cable,1,4/13/2019 21:49
178052,Flatscreen TV,1,4/10/2019 15:55
,,,
178053,Apple Airpods Headphones,1,4/19/2019 8:41
178054,AAA Batteries (4-pack),1,4/5/2019 14:12
178055,Lightning Charging Cable,1,4/12/2019 17:26
178056,USB-C Charging Cable,1,4/15/2019 15:27
178057,AA Batteries (4-pack),1,4/18/2019 16:22
178058,Macbook Pro Laptop,1,4/17/2019 17:12
178059,Wired Headphones,1,4/5/2019 11:18
178060,AAA Batteries (4-pack),1,4/10/2019 10:23
178061,Lightning Charging Cable,1,4/28/2019 15:27
178062,AA Batteries (4-pack),1,4/21/2019 23:19
178063,Lightning Charging Cable,1,4/6/2019 20:53
178064,27in 4K Gaming Monitor,1,4/20/2019 22:49
178065,iPhone,1,4/11/2019 10:10
178066,USB-C Charging Cable,1,4/20/2019 7:06
178067,AAA Batteries (4-pack),1,4/16/2019 23:48
178068,AAA Batteries (4-pack),1,4/15/2019 10:20
178069,Apple Airpods Headphones,1,4/22/2019 8:43
178070,Google Phone,1,4/19/2019 18:41
178071,AA Batteries (4-pack),5,4/20/2019 11:51
178072,Apple Airpods Headphones,1,4/26/2019 20:28
178073,27in FHD Monitor,1,4/27/2019 21:27
178074,AAA Batteries (4-pack),2,4/18/2019 13:00
178075,20in Monitor,1,4/17/2019 2:20
178076,20in Monitor,1,4/19/2019 14:22
178077,ThinkPad Laptop,1,4/6/2019 3:09
178078,USB-C Charging Cable,2,4/8/2019 19:31
178079,Lightning Charging Cable,1,4/20/2019 10:19
178080,27in 4K Gaming Monitor,1,4/17/2019 5:42
178081,34in Ultrawide Monitor,1,4/11/2019 8:07
178082,Wired Headphones,1,4/6/2019 17:08
178083,iPhone,1,4/28/2019 12:26
178084,27in FHD Monitor,1,4/4/2019 16:19
178085,Lightning Charging Cable,2,4/19/2019 16:51
178086,USB-C Charging Cable,1,4/7/2019 12:14
178087,Bose SoundSport Headphones,1,4/30/2019 20:28
178088,USB-C Charging Cable,1,4/14/2019 15:05
178089,USB-C Charging Cable,1,4/25/2019 15:36
178090,USB-C Charging Cable,1,4/21/2019 14:49
178091,AA Batteries (4-pack),1,4/12/2019 17:51
178092,Lightning Charging Cable,2,4/11/2019 18:38
178093,Lightning Charging Cable,1,4/18/2019 17:08
178094,34in Ultrawide Monitor,1,4/17/2019 4:39
178095,AA Batteries (4-pack),1,4/27/2019 22:32
178096,Bose SoundSport Headphones,1,4/29/2019 11:46
178097,Macbook Pro Laptop,1,4/3/2019 10:48
178098,AA Batteries (4-pack),1,4/23/2019 11:24
178099,AAA Batteries (4-pack),2,4/16/2019 16:31
178100,34in Ultrawide Monitor,1,4/11/2019 21:13
178101,Lightning Charging Cable,1,4/21/2019 16:32
178102,27in FHD Monitor,1,4/20/2019 16:33
178103,Wired Headphones,1,4/25/2019 12:08
178104,AA Batteries (4-pack),1,4/1/2019 11:20
178105,Lightning Charging Cable,1,4/16/2019 23:05
178106,AAA Batteries (4-pack),1,4/27/2019 19:11
178106,Wired Headphones,1,4/27/2019 19:11
178107,20in Monitor,1,4/2/2019 23:12
178108,AAA Batteries (4-pack),1,4/8/2019 21:42
178109,27in 4K Gaming Monitor,1,4/10/2019 19:15
178110,LG Dryer,1,4/17/2019 18:11
178111,Apple Airpods Headphones,1,4/29/2019 19:18
178112,AAA Batteries (4-pack),1,4/4/2019 12:35
178113,AAA Batteries (4-pack),1,4/29/2019 17:05
178114,Apple Airpods Headphones,1,4/2/2019 7:04
178115,AAA Batteries (4-pack),1,4/12/2019 16:36
178116,Wired Headphones,1,4/28/2019 9:07
178117,AAA Batteries (4-pack),1,4/29/2019 16:21
178118,iPhone,1,4/27/2019 11:48
178118,AAA Batteries (4-pack),1,4/27/2019 11:48
178119,iPhone,1,4/29/2019 0:48
178120,AA Batteries (4-pack),1,4/10/2019 20:33
178121,34in Ultrawide Monitor,1,4/7/2019 11:25
178122,AAA Batteries (4-pack),3,4/21/2019 22:22
178123,AA Batteries (4-pack),1,4/14/2019 14:17
178124,USB-C Charging Cable,1,4/30/2019 10:20
178125,27in 4K Gaming Monitor,1,4/21/2019 17:00
178126,USB-C Charging Cable,1,4/1/2019 16:09
178127,Wired Headphones,1,4/12/2019 20:31
178128,USB-C Charging Cable,1,4/1/2019 22:21
178129,ThinkPad Laptop,1,4/30/2019 8:19
178130,Bose SoundSport Headphones,1,4/23/2019 5:25
178131,iPhone,1,4/29/2019 9:04
178132,AAA Batteries (4-pack),4,4/18/2019 19:24
178133,USB-C Charging Cable,1,4/15/2019 9:13
178134,Bose SoundSport Headphones,1,4/7/2019 19:27
178135,Lightning Charging Cable,1,4/13/2019 22:31
178135,AA Batteries (4-pack),2,4/13/2019 22:31
178136,USB-C Charging Cable,1,4/28/2019 16:22
178137,Lightning Charging Cable,1,4/7/2019 5:46
178137,AA Batteries (4-pack),2,4/7/2019 5:46
178138,34in Ultrawide Monitor,1,4/15/2019 17:43
178139,Wired Headphones,1,4/6/2019 19:31
178140,Bose SoundSport Headphones,1,4/9/2019 16:30
178141,34in Ultrawide Monitor,1,4/3/2019 12:48
178142,AAA Batteries (4-pack),1,4/30/2019 18:55
178143,Macbook Pro Laptop,1,4/28/2019 13:41
178144,Apple Airpods Headphones,1,4/5/2019 14:43
178145,Bose SoundSport Headphones,1,4/10/2019 21:55
178146,AA Batteries (4-pack),1,4/7/2019 10:40
178147,Lightning Charging Cable,1,4/9/2019 18:59
178148,ThinkPad Laptop,1,4/24/2019 20:12
178149,AAA Batteries (4-pack),2,4/17/2019 18:40
178150,34in Ultrawide Monitor,1,4/30/2019 12:35
178151,Lightning Charging Cable,1,4/1/2019 21:28
178152,Apple Airpods Headphones,1,4/14/2019 16:54
178153,AAA Batteries (4-pack),1,4/10/2019 5:45
178154,ThinkPad Laptop,1,4/13/2019 9:48
178155,Flatscreen TV,1,4/24/2019 17:47
178156,Wired Headphones,1,4/15/2019 22:25
178157,34in Ultrawide Monitor,1,4/15/2019 20:56
178158,Google Phone,1,4/28/2019 21:13
178158,USB-C Charging Cable,1,4/28/2019 21:13
178158,Wired Headphones,1,4/28/2019 21:13
178158,USB-C Charging Cable,1,4/28/2019 21:13
178159,AA Batteries (4-pack),1,4/30/2019 6:06
178160,Bose SoundSport Headphones,1,4/3/2019 20:01
178161,Bose SoundSport Headphones,1,4/4/2019 10:16
178162,iPhone,1,4/9/2019 10:49
178162,Lightning Charging Cable,1,4/9/2019 10:49
178163,34in Ultrawide Monitor,1,4/17/2019 17:18
178164,Lightning Charging Cable,1,4/20/2019 12:31
178165,Wired Headphones,1,4/17/2019 13:16
178166,Flatscreen TV,1,4/3/2019 15:01
178167,AA Batteries (4-pack),2,4/30/2019 11:43
178168,AA Batteries (4-pack),1,4/21/2019 14:48
178168,Macbook Pro Laptop,1,4/21/2019 14:48
178169,AA Batteries (4-pack),1,4/5/2019 17:29
178170,Apple Airpods Headphones,1,4/4/2019 16:26
178171,Wired Headphones,1,4/19/2019 6:35
178172,USB-C Charging Cable,1,4/12/2019 18:09
178173,Apple Airpods Headphones,1,4/14/2019 9:09
178174,AAA Batteries (4-pack),1,4/11/2019 19:57
178175,Lightning Charging Cable,1,4/1/2019 11:28
178176,AA Batteries (4-pack),1,4/21/2019 15:54
178177,Lightning Charging Cable,1,4/2/2019 10:56
178178,AAA Batteries (4-pack),1,4/8/2019 12:30
178179,Lightning Charging Cable,1,4/2/2019 8:02
178180,AAA Batteries (4-pack),1,4/12/2019 6:14
178181,Apple Airpods Headphones,1,4/29/2019 18:28
178182,20in Monitor,1,4/28/2019 22:20
178183,AA Batteries (4-pack),2,4/6/2019 15:05
178184,Bose SoundSport Headphones,1,4/5/2019 19:25
178185,Bose SoundSport Headphones,1,4/14/2019 8:23
178186,Wired Headphones,1,4/10/2019 23:28
178187,20in Monitor,1,4/25/2019 8:32
178188,ThinkPad Laptop,1,4/18/2019 14:14
178189,AA Batteries (4-pack),1,4/12/2019 13:05
178190,Vareebadd Phone,1,4/2/2019 18:10
178190,Wired Headphones,1,4/2/2019 18:10
178191,Lightning Charging Cable,1,4/27/2019 10:35
178192,Wired Headphones,1,4/21/2019 1:43
178193,USB-C Charging Cable,1,4/3/2019 23:06
178194,ThinkPad Laptop,1,4/21/2019 11:18
178195,Google Phone,1,4/2/2019 13:21
178196,Wired Headphones,1,4/24/2019 17:59
178197,AA Batteries (4-pack),1,4/27/2019 16:44
178198,27in FHD Monitor,1,4/27/2019 13:14
178199,Lightning Charging Cable,1,4/21/2019 9:57
178200,USB-C Charging Cable,1,4/2/2019 14:18
178201,34in Ultrawide Monitor,1,4/7/2019 5:37
178202,Apple Airpods Headphones,1,4/15/2019 6:50
178203,27in 4K Gaming Monitor,1,4/16/2019 8:49
178204,34in Ultrawide Monitor,1,4/18/2019 20:40
178205,AAA Batteries (4-pack),2,4/28/2019 11:36
178206,ThinkPad Laptop,1,4/6/2019 20:55
178207,Lightning Charging Cable,2,4/28/2019 11:21
178208,Apple Airpods Headphones,1,4/22/2019 11:03
178209,Bose SoundSport Headphones,1,4/13/2019 7:15
178210,Wired Headphones,1,4/26/2019 17:32
178211,27in FHD Monitor,1,4/18/2019 0:46
178212,AAA Batteries (4-pack),1,4/17/2019 10:03
178213,USB-C Charging Cable,1,4/12/2019 21:43
178214,27in FHD Monitor,1,4/14/2019 9:49
178215,USB-C Charging Cable,1,4/15/2019 19:32
178216,AA Batteries (4-pack),1,4/20/2019 11:37
178217,AAA Batteries (4-pack),5,4/1/2019 10:09
178218,USB-C Charging Cable,1,4/4/2019 12:19
178219,Wired Headphones,2,4/28/2019 21:30
178220,Lightning Charging Cable,1,4/21/2019 20:41
178221,Flatscreen TV,1,4/21/2019 11:21
178221,Lightning Charging Cable,1,4/21/2019 11:21
178222,20in Monitor,1,4/14/2019 12:04
178223,Bose SoundSport Headphones,1,4/3/2019 14:14
178224,Wired Headphones,1,4/28/2019 5:37
178225,27in FHD Monitor,1,4/6/2019 9:55
178226,Bose SoundSport Headphones,1,4/9/2019 11:57
178227,AA Batteries (4-pack),2,4/11/2019 10:51
178228,ThinkPad Laptop,1,4/14/2019 0:10
178229,Wired Headphones,1,4/17/2019 9:22
178230,AA Batteries (4-pack),2,4/12/2019 14:40
178231,AAA Batteries (4-pack),1,4/2/2019 21:05
178232,AA Batteries (4-pack),1,4/28/2019 18:16
178233,Lightning Charging Cable,1,4/28/2019 18:14
178234,Lightning Charging Cable,1,4/13/2019 15:25
178235,Lightning Charging Cable,1,4/9/2019 6:43
178236,USB-C Charging Cable,1,4/22/2019 13:35
178237,Apple Airpods Headphones,1,4/22/2019 19:08
178238,iPhone,1,4/23/2019 22:09
178239,Flatscreen TV,1,4/1/2019 14:57
178240,Lightning Charging Cable,1,4/12/2019 21:36
178241,Lightning Charging Cable,2,4/7/2019 14:41
178242,iPhone,1,4/17/2019 15:29
178242,Lightning Charging Cable,1,4/17/2019 15:29
178243,Flatscreen TV,1,4/12/2019 19:45
178244,Wired Headphones,1,4/30/2019 13:50
178245,Wired Headphones,1,4/9/2019 16:03
178246,AA Batteries (4-pack),1,4/30/2019 21:01
178247,Lightning Charging Cable,1,4/22/2019 14:34
178248,Wired Headphones,1,4/15/2019 16:14
178249,34in Ultrawide Monitor,1,4/2/2019 13:08
178250,Apple Airpods Headphones,1,4/16/2019 20:34
178251,Apple Airpods Headphones,1,4/13/2019 21:29
178252,Wired Headphones,1,4/13/2019 23:12
178253,AAA Batteries (4-pack),2,4/6/2019 8:56
178254,USB-C Charging Cable,1,4/15/2019 12:50
178255,Lightning Charging Cable,1,4/17/2019 0:44
178256,27in 4K Gaming Monitor,1,4/25/2019 22:50
178257,20in Monitor,1,4/11/2019 19:47
178258,iPhone,1,4/22/2019 1:00
178258,Apple Airpods Headphones,1,4/22/2019 1:00
178259,Apple Airpods Headphones,1,4/15/2019 1:06
178260,Apple Airpods Headphones,1,4/14/2019 19:24
178261,AAA Batteries (4-pack),2,4/4/2019 16:42
178262,Lightning Charging Cable,1,4/29/2019 19:11
178263,Bose SoundSport Headphones,1,4/9/2019 19:27
178264,USB-C Charging Cable,1,4/9/2019 10:45
178265,AAA Batteries (4-pack),2,4/5/2019 10:32
178266,AAA Batteries (4-pack),3,4/15/2019 18:16
178267,Google Phone,1,4/17/2019 11:51
178268,Flatscreen TV,1,4/22/2019 21:00
178269,Lightning Charging Cable,1,4/14/2019 14:03
178270,USB-C Charging Cable,1,4/10/2019 15:44
178271,Wired Headphones,1,4/30/2019 14:59
178272,ThinkPad Laptop,1,4/17/2019 12:22
178273,20in Monitor,1,4/11/2019 8:55
178274,Wired Headphones,1,4/24/2019 13:26
178275,Lightning Charging Cable,1,4/2/2019 21:11
178276,Lightning Charging Cable,1,4/22/2019 23:24
178277,20in Monitor,1,4/29/2019 19:16
178278,Vareebadd Phone,1,4/14/2019 22:22
178279,ThinkPad Laptop,1,4/29/2019 11:21
178280,iPhone,1,4/8/2019 12:34
178280,Lightning Charging Cable,1,4/8/2019 12:34
178281,Apple Airpods Headphones,1,4/21/2019 15:07
178282,Bose SoundSport Headphones,1,4/3/2019 17:13
178283,Flatscreen TV,1,4/10/2019 15:16
178284,34in Ultrawide Monitor,1,4/10/2019 19:42
178285,AA Batteries (4-pack),1,4/8/2019 18:41
178286,USB-C Charging Cable,2,4/19/2019 23:29
178287,Lightning Charging Cable,1,4/21/2019 1:35
178288,Lightning Charging Cable,1,4/3/2019 3:22
178289,Wired Headphones,1,4/28/2019 14:17
178290,Wired Headphones,2,4/9/2019 17:37
178290,ThinkPad Laptop,1,4/9/2019 17:37
178291,Lightning Charging Cable,1,4/22/2019 7:50
178292,USB-C Charging Cable,1,4/3/2019 21:47
178293,USB-C Charging Cable,1,4/8/2019 12:59
178294,20in Monitor,1,4/4/2019 21:40
178295,Wired Headphones,1,4/23/2019 23:36
178296,AAA Batteries (4-pack),4,4/12/2019 6:20
178297,27in 4K Gaming Monitor,1,4/5/2019 22:56
178298,Bose SoundSport Headphones,1,4/9/2019 20:35
178299,AA Batteries (4-pack),1,4/10/2019 18:11
178300,AA Batteries (4-pack),1,4/5/2019 20:01
178301,AA Batteries (4-pack),2,4/20/2019 22:28
178302,AA Batteries (4-pack),1,4/3/2019 12:05
178303,Flatscreen TV,1,4/10/2019 15:46
178304,AA Batteries (4-pack),4,4/11/2019 15:13
178305,Lightning Charging Cable,1,4/29/2019 20:50
178306,Wired Headphones,1,4/6/2019 6:14
178307,Wired Headphones,1,4/3/2019 10:15
178308,Wired Headphones,1,4/2/2019 13:43
178309,AAA Batteries (4-pack),2,4/27/2019 12:09
178310,Apple Airpods Headphones,1,4/24/2019 10:28
178311,AAA Batteries (4-pack),2,4/4/2019 12:14
178312,Apple Airpods Headphones,1,4/13/2019 20:01
178313,iPhone,1,4/11/2019 12:27
178314,Lightning Charging Cable,1,4/22/2019 0:28
178315,27in FHD Monitor,1,4/22/2019 12:54
178316,Wired Headphones,1,4/23/2019 23:23
178317,Google Phone,1,4/19/2019 8:52
178318,Lightning Charging Cable,1,4/24/2019 19:23
178319,Lightning Charging Cable,1,4/5/2019 20:18
178320,AA Batteries (4-pack),1,4/6/2019 12:27
178321,AA Batteries (4-pack),1,4/22/2019 16:55
178322,Apple Airpods Headphones,1,4/5/2019 23:46
178323,USB-C Charging Cable,1,4/4/2019 16:39
178324,Apple Airpods Headphones,1,4/26/2019 14:24
178325,Vareebadd Phone,1,4/6/2019 23:09
178326,Google Phone,1,4/20/2019 21:21
178327,Apple Airpods Headphones,1,4/10/2019 15:55
178328,Google Phone,1,4/16/2019 8:18
178329,AA Batteries (4-pack),1,4/25/2019 17:40
178330,AA Batteries (4-pack),1,4/12/2019 6:56
178331,Bose SoundSport Headphones,1,4/16/2019 10:16
178332,Wired Headphones,1,4/16/2019 18:55
178333,Wired Headphones,2,4/14/2019 19:03
178334,AA Batteries (4-pack),2,4/16/2019 8:39
178335,AAA Batteries (4-pack),1,4/22/2019 13:27
178336,34in Ultrawide Monitor,1,4/4/2019 20:43
178337,Apple Airpods Headphones,1,4/27/2019 21:47
178338,AAA Batteries (4-pack),1,4/26/2019 14:16
178339,Bose SoundSport Headphones,1,4/22/2019 21:28
178340,AA Batteries (4-pack),3,4/4/2019 18:20
178341,Vareebadd Phone,1,4/7/2019 15:44
178342,Wired Headphones,1,4/19/2019 11:52
178343,Google Phone,1,4/23/2019 22:16
178344,Wired Headphones,1,4/24/2019 11:24
178345,LG Washing Machine,1,4/4/2019 15:16
178346,34in Ultrawide Monitor,1,4/14/2019 8:59
178347,27in FHD Monitor,1,4/9/2019 20:27
178348,AA Batteries (4-pack),2,4/13/2019 21:50
178349,AA Batteries (4-pack),1,4/28/2019 17:21
178350,AA Batteries (4-pack),1,4/15/2019 20:49
178351,USB-C Charging Cable,1,4/11/2019 9:04
178352,AA Batteries (4-pack),1,4/3/2019 13:58
178353,Apple Airpods Headphones,1,4/18/2019 11:40
178354,Google Phone,1,4/28/2019 13:56
178355,27in 4K Gaming Monitor,1,4/29/2019 21:08
178356,Bose SoundSport Headphones,1,4/5/2019 9:03
178357,27in 4K Gaming Monitor,1,4/29/2019 17:40
178358,Flatscreen TV,1,4/5/2019 17:20
178359,Wired Headphones,1,4/13/2019 8:56
178360,Apple Airpods Headphones,1,4/27/2019 20:20
178361,Lightning Charging Cable,1,4/6/2019 7:45
178362,AA Batteries (4-pack),1,4/16/2019 15:34
178363,34in Ultrawide Monitor,1,4/25/2019 20:45
178364,iPhone,1,4/16/2019 10:21
178365,Google Phone,1,4/10/2019 17:39
178366,Wired Headphones,1,4/8/2019 12:23
178367,AAA Batteries (4-pack),1,4/13/2019 18:01
178368,AAA Batteries (4-pack),2,4/27/2019 7:15
178369,20in Monitor,1,4/20/2019 10:55
178370,27in FHD Monitor,1,4/14/2019 13:40
178371,USB-C Charging Cable,1,4/14/2019 19:47
178372,USB-C Charging Cable,1,4/14/2019 15:02
178373,34in Ultrawide Monitor,1,4/8/2019 6:44
178374,Lightning Charging Cable,1,4/2/2019 20:56
178375,Apple Airpods Headphones,1,4/20/2019 10:24
178376,Apple Airpods Headphones,1,4/28/2019 22:39
178377,iPhone,1,4/20/2019 4:12
178378,AAA Batteries (4-pack),1,4/4/2019 23:59
178379,Wired Headphones,1,4/13/2019 20:55
178380,Wired Headphones,1,4/20/2019 12:55
178381,27in FHD Monitor,1,4/26/2019 13:24
178382,USB-C Charging Cable,1,4/13/2019 18:21
178383,USB-C Charging Cable,1,4/6/2019 21:00
178384,Wired Headphones,2,4/1/2019 13:12
178385,ThinkPad Laptop,1,4/18/2019 14:18
178386,34in Ultrawide Monitor,1,4/4/2019 12:10
178387,Wired Headphones,1,4/4/2019 22:52
178388,USB-C Charging Cable,1,4/4/2019 16:16
178389,USB-C Charging Cable,1,4/18/2019 17:03
178390,34in Ultrawide Monitor,1,4/1/2019 22:49
178391,AAA Batteries (4-pack),4,4/23/2019 8:16
178392,USB-C Charging Cable,1,4/29/2019 16:17
178393,34in Ultrawide Monitor,1,4/22/2019 10:07
178394,Google Phone,1,4/3/2019 11:16
178395,Wired Headphones,1,4/10/2019 13:06
178396,Wired Headphones,1,4/8/2019 15:19
178397,USB-C Charging Cable,1,4/16/2019 12:32
178398,USB-C Charging Cable,1,4/6/2019 20:42
178399,Lightning Charging Cable,1,4/23/2019 15:14
178400,USB-C Charging Cable,1,4/7/2019 17:37
178401,AA Batteries (4-pack),1,4/4/2019 0:03
178402,27in 4K Gaming Monitor,1,4/15/2019 20:05
178403,Google Phone,1,4/5/2019 1:07
178404,Bose SoundSport Headphones,1,4/6/2019 21:10
178404,USB-C Charging Cable,1,4/6/2019 21:10
178405,Wired Headphones,1,4/15/2019 9:16
178406,27in 4K Gaming Monitor,1,4/13/2019 19:07
178407,Lightning Charging Cable,1,4/1/2019 6:14
178408,AAA Batteries (4-pack),1,4/20/2019 22:30
178409,Lightning Charging Cable,1,4/19/2019 19:32
178410,34in Ultrawide Monitor,1,4/29/2019 20:32
178411,Bose SoundSport Headphones,1,4/29/2019 10:33
178412,Vareebadd Phone,1,4/5/2019 18:58
178412,Wired Headphones,1,4/5/2019 18:58
178413,ThinkPad Laptop,1,4/21/2019 19:10
178414,Lightning Charging Cable,1,4/14/2019 9:02
178415,Google Phone,1,4/8/2019 20:25
178416,AAA Batteries (4-pack),1,4/27/2019 18:19
178417,AAA Batteries (4-pack),2,4/11/2019 8:05
178418,AAA Batteries (4-pack),5,4/26/2019 11:09
178419,Lightning Charging Cable,1,4/18/2019 10:55
178420,USB-C Charging Cable,1,4/1/2019 23:13
178421,Flatscreen TV,1,4/7/2019 13:25
178422,Macbook Pro Laptop,1,4/14/2019 19:16
178423,Google Phone,1,4/8/2019 21:08
178424,AAA Batteries (4-pack),1,4/15/2019 13:59
178425,Apple Airpods Headphones,1,4/16/2019 22:51
178426,Lightning Charging Cable,1,4/2/2019 15:34
178427,Lightning Charging Cable,1,4/7/2019 17:53
178428,Apple Airpods Headphones,1,4/21/2019 6:48
178429,Lightning Charging Cable,1,4/17/2019 19:12
178430,USB-C Charging Cable,2,4/24/2019 13:25
178431,Apple Airpods Headphones,1,4/18/2019 22:07
178432,Bose SoundSport Headphones,1,4/13/2019 14:17
178432,USB-C Charging Cable,1,4/13/2019 14:17
178433,Lightning Charging Cable,1,4/17/2019 12:36
178434,Lightning Charging Cable,2,4/13/2019 19:39
178435,27in 4K Gaming Monitor,1,4/20/2019 22:31
178436,USB-C Charging Cable,1,4/25/2019 18:11
178437,Apple Airpods Headphones,1,4/16/2019 21:26
178438,Apple Airpods Headphones,1,4/25/2019 18:46
178439,Bose SoundSport Headphones,1,4/21/2019 16:59
178440,Bose SoundSport Headphones,1,4/8/2019 20:44
178441,Bose SoundSport Headphones,1,4/12/2019 13:54
178442,AA Batteries (4-pack),2,4/26/2019 9:07
178443,Bose SoundSport Headphones,1,4/13/2019 13:52
178444,AAA Batteries (4-pack),2,4/28/2019 2:11
178445,Wired Headphones,1,4/27/2019 22:27
178446,Wired Headphones,1,4/7/2019 17:09
178447,iPhone,1,4/29/2019 20:11
178448,ThinkPad Laptop,1,4/30/2019 16:21
178449,Apple Airpods Headphones,1,4/29/2019 11:57
178450,AAA Batteries (4-pack),1,4/28/2019 17:44
178451,AA Batteries (4-pack),2,4/15/2019 15:45
178452,34in Ultrawide Monitor,1,4/17/2019 15:00
178453,AA Batteries (4-pack),1,4/8/2019 15:25
178454,27in 4K Gaming Monitor,1,4/23/2019 15:18
,,,
178455,Apple Airpods Headphones,1,4/25/2019 10:59
178456,Flatscreen TV,1,4/21/2019 18:12
178457,Wired Headphones,2,4/3/2019 18:49
178458,Apple Airpods Headphones,1,4/8/2019 10:23
178459,Lightning Charging Cable,1,4/6/2019 22:43
178460,AAA Batteries (4-pack),2,4/21/2019 10:39
178461,USB-C Charging Cable,1,4/8/2019 11:01
178462,Flatscreen TV,1,4/20/2019 9:47
178463,Apple Airpods Headphones,1,4/19/2019 21:36
178464,AAA Batteries (4-pack),2,4/19/2019 20:05
178465,Bose SoundSport Headphones,1,4/5/2019 1:29
178466,USB-C Charging Cable,1,4/13/2019 15:08
178467,Lightning Charging Cable,1,4/16/2019 11:27
178468,AAA Batteries (4-pack),1,4/30/2019 14:24
178469,Lightning Charging Cable,1,4/21/2019 14:11
178470,USB-C Charging Cable,1,4/1/2019 20:15
178471,AA Batteries (4-pack),1,4/24/2019 17:16
178472,Macbook Pro Laptop,1,4/3/2019 12:35
178473,20in Monitor,1,4/18/2019 13:21
178474,Macbook Pro Laptop,1,4/21/2019 19:37
178475,Bose SoundSport Headphones,1,4/15/2019 12:52
178476,AA Batteries (4-pack),4,4/30/2019 11:46
178477,Apple Airpods Headphones,1,4/11/2019 18:51
178478,Wired Headphones,1,4/13/2019 9:08
178479,USB-C Charging Cable,1,4/5/2019 17:31
178480,27in FHD Monitor,1,4/30/2019 1:29
178481,Bose SoundSport Headphones,1,4/7/2019 17:21
178482,AAA Batteries (4-pack),1,4/23/2019 10:53
178483,27in 4K Gaming Monitor,1,4/8/2019 16:53
178484,Apple Airpods Headphones,1,4/16/2019 11:58
178485,Lightning Charging Cable,1,4/25/2019 18:05
178486,AA Batteries (4-pack),1,4/16/2019 10:36
178487,Lightning Charging Cable,1,4/17/2019 10:38
178488,AAA Batteries (4-pack),1,4/4/2019 20:19
178489,Wired Headphones,1,4/16/2019 11:03
178490,AAA Batteries (4-pack),1,4/18/2019 11:40
178491,USB-C Charging Cable,1,4/14/2019 16:59
178492,AA Batteries (4-pack),1,4/21/2019 22:33
178493,Flatscreen TV,1,4/14/2019 9:43
178494,34in Ultrawide Monitor,1,4/7/2019 17:33
178495,Lightning Charging Cable,1,4/19/2019 13:44
178496,Bose SoundSport Headphones,1,4/18/2019 16:52
178497,USB-C Charging Cable,1,4/7/2019 14:12
178498,ThinkPad Laptop,1,4/24/2019 19:31
178499,AAA Batteries (4-pack),3,4/25/2019 13:36
178500,Bose SoundSport Headphones,1,4/3/2019 20:49
178501,27in FHD Monitor,1,4/8/2019 19:00
178502,AAA Batteries (4-pack),1,4/21/2019 8:38
178503,Apple Airpods Headphones,1,4/20/2019 21:39
178504,USB-C Charging Cable,1,4/6/2019 12:07
178505,Apple Airpods Headphones,1,4/28/2019 14:57
178506,Apple Airpods Headphones,1,4/2/2019 13:24
178507,AAA Batteries (4-pack),1,4/26/2019 17:41
178508,Lightning Charging Cable,1,4/7/2019 16:54
178509,27in 4K Gaming Monitor,1,4/28/2019 23:26
178510,27in 4K Gaming Monitor,1,4/14/2019 20:37
178511,Apple Airpods Headphones,1,4/30/2019 21:12
178512,Apple Airpods Headphones,1,4/15/2019 19:41
178513,USB-C Charging Cable,1,4/12/2019 15:16
178514,34in Ultrawide Monitor,1,4/8/2019 19:24
178515,ThinkPad Laptop,1,4/16/2019 19:31
178516,Lightning Charging Cable,1,4/17/2019 23:43
178517,AA Batteries (4-pack),1,4/16/2019 21:46
178518,Bose SoundSport Headphones,1,4/4/2019 12:47
178519,20in Monitor,1,4/4/2019 12:13
178520,USB-C Charging Cable,2,4/15/2019 15:15
178521,Wired Headphones,1,4/8/2019 9:55
178522,AA Batteries (4-pack),2,4/20/2019 14:27
178523,USB-C Charging Cable,1,4/8/2019 13:54
178523,20in Monitor,1,4/8/2019 13:54
178524,27in 4K Gaming Monitor,1,4/15/2019 16:21
178525,AAA Batteries (4-pack),2,4/1/2019 15:55
178525,AA Batteries (4-pack),2,4/1/2019 15:55
178526,27in FHD Monitor,1,4/1/2019 21:10
178527,AA Batteries (4-pack),1,4/5/2019 23:17
178527,Bose SoundSport Headphones,1,4/5/2019 23:17
178528,AA Batteries (4-pack),1,4/27/2019 19:49
178529,AAA Batteries (4-pack),2,4/16/2019 18:44
178530,iPhone,1,4/21/2019 9:57
178531,Lightning Charging Cable,1,4/11/2019 10:10
178532,Bose SoundSport Headphones,1,4/3/2019 15:09
178533,AAA Batteries (4-pack),1,4/20/2019 18:05
178534,Apple Airpods Headphones,1,4/15/2019 16:10
178535,Bose SoundSport Headphones,1,4/26/2019 9:41
178536,20in Monitor,1,4/29/2019 19:22
178537,AA Batteries (4-pack),1,4/29/2019 20:48
178538,AA Batteries (4-pack),1,4/6/2019 7:18
178539,34in Ultrawide Monitor,1,4/29/2019 10:38
178540,Lightning Charging Cable,1,4/19/2019 14:56
178541,USB-C Charging Cable,1,4/17/2019 21:13
178542,34in Ultrawide Monitor,1,4/7/2019 12:34
178543,AA Batteries (4-pack),2,4/5/2019 11:47
178544,USB-C Charging Cable,1,4/21/2019 17:01
178545,Lightning Charging Cable,1,4/8/2019 15:35
178546,Wired Headphones,1,4/5/2019 5:21
178547,27in FHD Monitor,1,4/21/2019 14:13
178548,34in Ultrawide Monitor,1,4/12/2019 20:13
178549,Wired Headphones,1,4/5/2019 10:49
178550,Google Phone,1,4/17/2019 14:50
178551,Wired Headphones,1,4/11/2019 20:55
178552,Apple Airpods Headphones,1,4/16/2019 13:16
178553,Wired Headphones,1,4/30/2019 18:19
178554,Lightning Charging Cable,1,4/16/2019 16:08
178555,Wired Headphones,1,4/10/2019 12:18
178556,Bose SoundSport Headphones,1,4/10/2019 13:30
178557,AAA Batteries (4-pack),1,4/29/2019 20:26
178558,27in FHD Monitor,1,4/27/2019 19:43
178559,20in Monitor,1,4/13/2019 22:41
178560,Vareebadd Phone,1,4/27/2019 20:54
178561,34in Ultrawide Monitor,1,4/30/2019 12:22
178562,Apple Airpods Headphones,1,4/22/2019 11:43
178563,AAA Batteries (4-pack),3,4/8/2019 12:42
178564,Flatscreen TV,1,4/4/2019 16:57
178565,USB-C Charging Cable,1,4/14/2019 16:49
178566,AA Batteries (4-pack),1,4/15/2019 23:41
178567,Flatscreen TV,1,4/27/2019 20:16
178568,Apple Airpods Headphones,1,4/30/2019 5:31
178569,USB-C Charging Cable,2,4/21/2019 14:09
178570,27in 4K Gaming Monitor,1,4/5/2019 14:24
178571,34in Ultrawide Monitor,1,4/18/2019 13:46
178572,USB-C Charging Cable,1,4/21/2019 9:16
178572,27in 4K Gaming Monitor,1,4/21/2019 9:16
178573,ThinkPad Laptop,1,4/14/2019 10:07
178574,Wired Headphones,1,4/14/2019 6:25
178575,Lightning Charging Cable,1,4/20/2019 6:02
178576,AAA Batteries (4-pack),1,4/26/2019 10:40
178577,20in Monitor,1,4/6/2019 12:37
178578,AAA Batteries (4-pack),2,4/29/2019 17:18
178579,Bose SoundSport Headphones,1,4/7/2019 22:36
178580,Wired Headphones,1,4/11/2019 12:02
178581,Wired Headphones,1,4/19/2019 17:34
178582,AAA Batteries (4-pack),3,4/19/2019 8:58
178583,AAA Batteries (4-pack),1,4/9/2019 17:33
178584,Macbook Pro Laptop,1,4/30/2019 14:51
178585,Apple Airpods Headphones,1,4/5/2019 21:17
178586,20in Monitor,1,4/23/2019 23:59
178587,AA Batteries (4-pack),1,4/26/2019 10:05
178588,USB-C Charging Cable,1,4/3/2019 19:09
178589,27in 4K Gaming Monitor,1,4/2/2019 17:22
178590,27in FHD Monitor,1,4/6/2019 23:06
178591,Bose SoundSport Headphones,1,4/7/2019 19:00
178592,iPhone,1,4/5/2019 22:07
178593,AAA Batteries (4-pack),4,4/7/2019 13:32
178594,AAA Batteries (4-pack),1,4/1/2019 19:08
178595,Lightning Charging Cable,1,4/30/2019 23:11
178596,Lightning Charging Cable,1,4/17/2019 15:56
178597,27in 4K Gaming Monitor,1,4/25/2019 21:25
178598,Lightning Charging Cable,1,4/14/2019 19:16
178599,Flatscreen TV,1,4/17/2019 15:01
178600,Apple Airpods Headphones,1,4/18/2019 11:51
178601,Lightning Charging Cable,1,4/11/2019 13:36
178602,Lightning Charging Cable,1,4/5/2019 15:31
178603,USB-C Charging Cable,1,4/22/2019 22:54
178604,Wired Headphones,1,4/24/2019 23:00
178605,AAA Batteries (4-pack),1,4/7/2019 17:11
178606,AA Batteries (4-pack),1,4/6/2019 20:25
178607,Lightning Charging Cable,1,4/3/2019 20:15
178608,USB-C Charging Cable,1,4/25/2019 18:31
178609,Wired Headphones,1,4/29/2019 4:27
178610,Wired Headphones,1,4/9/2019 18:04
178611,AA Batteries (4-pack),1,4/14/2019 11:02
178612,AAA Batteries (4-pack),1,4/23/2019 10:41
178613,27in FHD Monitor,1,4/1/2019 18:06
178614,AA Batteries (4-pack),2,4/6/2019 16:17
178615,Lightning Charging Cable,1,4/17/2019 20:33
178616,34in Ultrawide Monitor,1,4/26/2019 14:25
178617,AA Batteries (4-pack),1,4/21/2019 15:50
178618,Apple Airpods Headphones,1,4/18/2019 1:50
178619,Lightning Charging Cable,1,4/13/2019 21:32
178620,Bose SoundSport Headphones,1,4/22/2019 23:06
178621,Apple Airpods Headphones,1,4/1/2019 13:43
178622,Bose SoundSport Headphones,1,4/1/2019 22:05
178623,Bose SoundSport Headphones,1,4/24/2019 17:44
178624,Lightning Charging Cable,1,4/6/2019 21:23
178625,Macbook Pro Laptop,1,4/27/2019 16:10
178626,AA Batteries (4-pack),1,4/7/2019 23:27
178627,Lightning Charging Cable,1,4/12/2019 10:15
178628,Lightning Charging Cable,1,4/13/2019 21:26
178629,Apple Airpods Headphones,1,4/4/2019 1:56
178630,AA Batteries (4-pack),1,4/23/2019 12:28
178631,AAA Batteries (4-pack),1,4/2/2019 10:58
178632,AA Batteries (4-pack),2,4/12/2019 13:42
178633,34in Ultrawide Monitor,1,4/12/2019 20:06
178634,Apple Airpods Headphones,1,4/25/2019 16:38
178635,Bose SoundSport Headphones,1,4/27/2019 13:21
178636,Macbook Pro Laptop,1,4/25/2019 13:53
178637,Lightning Charging Cable,1,4/17/2019 11:54
178638,ThinkPad Laptop,1,4/27/2019 0:24
178639,AA Batteries (4-pack),2,4/14/2019 7:29
178640,USB-C Charging Cable,1,4/13/2019 1:32
178641,USB-C Charging Cable,1,4/18/2019 13:09
178642,USB-C Charging Cable,1,4/1/2019 14:02
178643,Bose SoundSport Headphones,1,4/8/2019 14:05
178644,Wired Headphones,2,4/7/2019 20:45
178645,Lightning Charging Cable,1,4/16/2019 7:35
178646,20in Monitor,1,4/8/2019 12:27
178647,AAA Batteries (4-pack),1,4/20/2019 19:15
178648,Macbook Pro Laptop,1,4/23/2019 16:11
178649,20in Monitor,1,4/5/2019 16:37
178650,Apple Airpods Headphones,1,4/6/2019 18:54
178651,Google Phone,1,4/27/2019 6:18
178652,AAA Batteries (4-pack),1,4/28/2019 14:36
178653,AAA Batteries (4-pack),1,4/1/2019 21:41
178654,34in Ultrawide Monitor,1,4/21/2019 18:46
178655,Apple Airpods Headphones,1,4/7/2019 20:18
178656,USB-C Charging Cable,1,4/1/2019 19:47
178657,AAA Batteries (4-pack),1,4/26/2019 12:53
178658,USB-C Charging Cable,1,4/8/2019 10:53
178659,27in 4K Gaming Monitor,1,4/25/2019 21:57
178660,Lightning Charging Cable,1,4/28/2019 12:49
178661,27in FHD Monitor,1,4/29/2019 11:02
178662,Wired Headphones,1,4/21/2019 12:47
178663,USB-C Charging Cable,1,4/25/2019 14:40
178664,Apple Airpods Headphones,1,4/22/2019 13:24
178665,USB-C Charging Cable,2,4/29/2019 15:38
178666,20in Monitor,1,4/23/2019 19:37
178667,Wired Headphones,1,4/2/2019 23:41
178668,Bose SoundSport Headphones,1,4/2/2019 21:51
178669,AAA Batteries (4-pack),2,4/2/2019 13:57
178670,iPhone,1,4/20/2019 19:04
178671,iPhone,1,4/29/2019 7:22
178672,AAA Batteries (4-pack),1,4/27/2019 10:57
178673,USB-C Charging Cable,2,4/14/2019 23:01
178674,AAA Batteries (4-pack),1,4/18/2019 17:01
178675,27in FHD Monitor,1,4/8/2019 8:37
178676,Flatscreen TV,1,4/29/2019 8:50
178677,Bose SoundSport Headphones,1,4/20/2019 18:02
178678,AA Batteries (4-pack),1,4/8/2019 20:09
178679,Bose SoundSport Headphones,1,4/3/2019 21:11
178680,Lightning Charging Cable,1,4/18/2019 20:11
178681,USB-C Charging Cable,1,4/16/2019 23:29
178682,AA Batteries (4-pack),2,4/12/2019 6:46
178683,27in 4K Gaming Monitor,1,4/12/2019 18:49
178684,Wired Headphones,1,4/11/2019 14:32
178685,AAA Batteries (4-pack),1,4/29/2019 14:48
178686,Flatscreen TV,1,4/23/2019 19:07
178687,Wired Headphones,1,4/5/2019 20:51
178688,27in 4K Gaming Monitor,1,4/5/2019 19:56
178689,USB-C Charging Cable,2,4/26/2019 22:43
178690,AA Batteries (4-pack),1,4/11/2019 10:27
178691,27in 4K Gaming Monitor,1,4/21/2019 10:27
178692,USB-C Charging Cable,1,4/10/2019 12:59
178693,AA Batteries (4-pack),1,4/2/2019 0:45
178694,Lightning Charging Cable,1,4/15/2019 21:29
178695,Bose SoundSport Headphones,1,4/22/2019 22:07
178696,Macbook Pro Laptop,1,4/25/2019 17:45
178697,Apple Airpods Headphones,1,4/14/2019 18:06
178698,Lightning Charging Cable,1,4/30/2019 12:51
178699,Lightning Charging Cable,1,4/3/2019 21:59
178700,USB-C Charging Cable,1,4/12/2019 20:26
178701,Lightning Charging Cable,1,4/7/2019 17:48
178702,USB-C Charging Cable,1,4/7/2019 15:32
178703,AAA Batteries (4-pack),1,4/21/2019 19:21
178704,AA Batteries (4-pack),1,4/21/2019 19:29
178705,Lightning Charging Cable,1,4/7/2019 20:21
178706,34in Ultrawide Monitor,1,4/20/2019 21:51
178707,iPhone,1,4/11/2019 18:33
178708,AAA Batteries (4-pack),1,4/23/2019 14:51
178709,AAA Batteries (4-pack),1,4/3/2019 16:32
178710,Lightning Charging Cable,1,4/20/2019 21:15
178711,Lightning Charging Cable,1,4/14/2019 13:48
178712,Apple Airpods Headphones,1,4/1/2019 20:48
178713,Google Phone,1,4/27/2019 11:11
178714,AA Batteries (4-pack),1,4/8/2019 22:13
178715,Wired Headphones,1,4/1/2019 9:28
178716,34in Ultrawide Monitor,1,4/14/2019 22:20
178717,AA Batteries (4-pack),1,4/5/2019 3:09
178718,ThinkPad Laptop,1,4/23/2019 0:56
178719,ThinkPad Laptop,1,4/25/2019 7:54
178720,AA Batteries (4-pack),2,4/1/2019 7:55
178721,Apple Airpods Headphones,1,4/22/2019 22:10
178722,Apple Airpods Headphones,1,4/13/2019 23:05
,,,
178723,AAA Batteries (4-pack),1,4/29/2019 9:36
178724,AAA Batteries (4-pack),2,4/20/2019 21:51
178725,Lightning Charging Cable,1,4/3/2019 19:47
178726,27in 4K Gaming Monitor,1,4/10/2019 16:39
178727,Lightning Charging Cable,1,4/16/2019 21:28
178728,AA Batteries (4-pack),1,4/4/2019 12:45
178729,USB-C Charging Cable,1,4/29/2019 13:23
178730,Apple Airpods Headphones,1,4/6/2019 9:13
178731,Macbook Pro Laptop,1,4/2/2019 12:01
178732,Bose SoundSport Headphones,1,4/6/2019 16:24
178733,LG Dryer,1,4/22/2019 11:59
178734,ThinkPad Laptop,1,4/27/2019 14:04
178735,Lightning Charging Cable,1,4/12/2019 15:28
178736,27in 4K Gaming Monitor,1,4/30/2019 20:26
178737,AAA Batteries (4-pack),1,4/8/2019 8:48
178738,AAA Batteries (4-pack),1,4/28/2019 11:17
178739,AAA Batteries (4-pack),1,4/18/2019 22:10
178740,27in 4K Gaming Monitor,1,4/28/2019 13:04
178741,Apple Airpods Headphones,1,4/20/2019 16:22
178742,ThinkPad Laptop,1,4/6/2019 23:32
178743,Lightning Charging Cable,1,4/13/2019 10:43
178744,27in 4K Gaming Monitor,1,4/19/2019 15:59
178745,AAA Batteries (4-pack),1,4/22/2019 10:31
178746,27in FHD Monitor,1,4/5/2019 14:31
178747,Bose SoundSport Headphones,1,4/5/2019 20:01
178748,27in FHD Monitor,1,4/24/2019 17:24
178749,iPhone,1,4/30/2019 15:53
178749,Lightning Charging Cable,1,4/30/2019 15:53
178750,USB-C Charging Cable,1,4/3/2019 2:26
178751,AAA Batteries (4-pack),1,4/24/2019 12:26
178752,Apple Airpods Headphones,1,4/2/2019 15:27
178753,Apple Airpods Headphones,1,4/30/2019 14:59
178754,ThinkPad Laptop,1,4/21/2019 16:59
178755,AA Batteries (4-pack),1,4/5/2019 13:35
178756,AA Batteries (4-pack),1,4/24/2019 10:56
178757,Lightning Charging Cable,1,4/13/2019 17:28
178758,Bose SoundSport Headphones,1,4/24/2019 13:57
178759,Macbook Pro Laptop,1,4/19/2019 18:32
178760,AAA Batteries (4-pack),1,4/24/2019 19:12
178761,AAA Batteries (4-pack),1,4/29/2019 19:23
178762,27in FHD Monitor,1,4/9/2019 13:09
178763,AA Batteries (4-pack),1,4/18/2019 15:32
178764,34in Ultrawide Monitor,1,4/22/2019 14:42
178765,Vareebadd Phone,1,4/6/2019 20:24
178766,34in Ultrawide Monitor,1,4/16/2019 16:15
178767,AA Batteries (4-pack),2,4/24/2019 14:59
178768,AA Batteries (4-pack),3,4/9/2019 17:49
178769,Wired Headphones,1,4/17/2019 19:11
178770,Apple Airpods Headphones,1,4/8/2019 8:58
178771,Bose SoundSport Headphones,1,4/7/2019 16:14
178772,Apple Airpods Headphones,1,4/11/2019 9:06
178773,AA Batteries (4-pack),1,4/23/2019 16:22
178774,AA Batteries (4-pack),1,4/20/2019 13:07
178775,Lightning Charging Cable,1,4/30/2019 11:02
178776,Flatscreen TV,1,4/22/2019 21:25
178777,AAA Batteries (4-pack),1,4/20/2019 19:09
178778,Bose SoundSport Headphones,1,4/23/2019 21:10
178779,AA Batteries (4-pack),3,4/22/2019 12:50
178780,AA Batteries (4-pack),1,4/26/2019 18:36
178781,Google Phone,1,4/3/2019 16:47
178781,Wired Headphones,1,4/3/2019 16:47
178782,Lightning Charging Cable,1,4/24/2019 11:36
178783,Lightning Charging Cable,1,4/15/2019 20:45
178784,Apple Airpods Headphones,1,4/10/2019 16:01
178785,AAA Batteries (4-pack),2,4/8/2019 14:52
178786,AA Batteries (4-pack),1,4/26/2019 14:32
178787,Bose SoundSport Headphones,1,4/22/2019 18:37
178788,Bose SoundSport Headphones,1,4/6/2019 16:53
178789,Bose SoundSport Headphones,1,4/13/2019 17:36
178790,AAA Batteries (4-pack),2,4/9/2019 14:43
178791,AAA Batteries (4-pack),1,4/27/2019 12:56
178792,USB-C Charging Cable,1,4/19/2019 17:04
178793,AAA Batteries (4-pack),1,4/10/2019 19:34
178794,Lightning Charging Cable,1,4/25/2019 12:07
178795,Apple Airpods Headphones,1,4/17/2019 21:48
178796,USB-C Charging Cable,1,4/6/2019 22:54
178797,Wired Headphones,1,4/22/2019 12:05
178798,Apple Airpods Headphones,1,4/28/2019 10:02
178799,Google Phone,1,4/29/2019 18:22
178800,Lightning Charging Cable,1,4/5/2019 7:02
178801,AAA Batteries (4-pack),1,4/23/2019 7:45
178802,AA Batteries (4-pack),1,4/24/2019 21:50
178803,20in Monitor,1,4/26/2019 8:56
178804,AAA Batteries (4-pack),1,4/11/2019 14:48
178805,Apple Airpods Headphones,1,4/25/2019 22:16
178806,Apple Airpods Headphones,2,4/21/2019 10:15
178807,34in Ultrawide Monitor,1,4/12/2019 13:09
178808,USB-C Charging Cable,1,4/24/2019 1:26
178809,Lightning Charging Cable,1,4/3/2019 8:10
178810,AA Batteries (4-pack),3,4/16/2019 21:51
178811,Lightning Charging Cable,1,4/15/2019 12:23
178812,Wired Headphones,1,4/18/2019 8:57
178813,USB-C Charging Cable,1,4/22/2019 21:12
178814,AAA Batteries (4-pack),1,4/9/2019 15:28
178815,Lightning Charging Cable,1,4/11/2019 21:25
178816,ThinkPad Laptop,1,4/3/2019 8:59
178817,27in FHD Monitor,1,4/18/2019 6:07
178818,AA Batteries (4-pack),2,4/22/2019 18:43
178819,Google Phone,1,4/26/2019 16:35
178820,Apple Airpods Headphones,1,4/17/2019 19:03
178821,ThinkPad Laptop,1,4/6/2019 20:26
178822,34in Ultrawide Monitor,1,4/26/2019 13:09
178823,Lightning Charging Cable,1,4/26/2019 16:53
178824,USB-C Charging Cable,1,4/12/2019 20:05
178825,iPhone,1,4/2/2019 14:00
178825,Apple Airpods Headphones,1,4/2/2019 14:00
178826,34in Ultrawide Monitor,1,4/9/2019 7:20
178827,Wired Headphones,1,4/24/2019 22:53
178828,Flatscreen TV,1,4/26/2019 17:40
178829,ThinkPad Laptop,1,4/24/2019 12:36
178830,AA Batteries (4-pack),1,4/17/2019 21:10
178831,Flatscreen TV,1,4/2/2019 18:58
178832,USB-C Charging Cable,1,4/6/2019 22:15
178833,AA Batteries (4-pack),1,4/21/2019 23:46
178834,Wired Headphones,1,4/10/2019 0:25
178835,AA Batteries (4-pack),2,4/20/2019 21:50
178836,Wired Headphones,1,4/23/2019 13:07
178837,AAA Batteries (4-pack),1,4/16/2019 15:30
178838,ThinkPad Laptop,1,4/12/2019 11:22
178839,Bose SoundSport Headphones,1,4/30/2019 12:50
178840,27in 4K Gaming Monitor,1,4/24/2019 11:59
178841,AA Batteries (4-pack),1,4/25/2019 14:46
178842,USB-C Charging Cable,1,4/11/2019 9:19
178843,AAA Batteries (4-pack),2,4/11/2019 10:41
178844,Vareebadd Phone,1,4/8/2019 12:15
178845,Lightning Charging Cable,1,4/26/2019 14:19
178846,Apple Airpods Headphones,1,4/23/2019 11:07
178847,USB-C Charging Cable,1,4/2/2019 18:27
178848,Apple Airpods Headphones,1,4/19/2019 15:01
178849,AAA Batteries (4-pack),2,4/24/2019 8:51
178850,Apple Airpods Headphones,1,4/12/2019 12:53
178851,AA Batteries (4-pack),1,4/5/2019 12:08
178852,Bose SoundSport Headphones,1,4/12/2019 15:48
178853,USB-C Charging Cable,1,4/13/2019 0:12
178854,Macbook Pro Laptop,1,4/10/2019 12:35
178855,Wired Headphones,1,4/14/2019 20:21
178856,Apple Airpods Headphones,1,4/27/2019 11:44
178857,Apple Airpods Headphones,1,4/12/2019 4:25
178858,27in FHD Monitor,1,4/7/2019 10:33
178859,Apple Airpods Headphones,1,4/13/2019 12:06
178860,Bose SoundSport Headphones,1,4/24/2019 9:32
178861,Lightning Charging Cable,1,4/27/2019 1:00
178862,Google Phone,1,4/26/2019 12:20
178863,34in Ultrawide Monitor,1,4/1/2019 14:21
178864,Lightning Charging Cable,1,4/2/2019 15:12
178865,AAA Batteries (4-pack),2,4/20/2019 15:58
178866,AAA Batteries (4-pack),1,4/17/2019 20:18
178867,Google Phone,1,4/26/2019 15:06
178868,AAA Batteries (4-pack),1,4/25/2019 20:43
178869,USB-C Charging Cable,1,4/11/2019 20:59
178870,Apple Airpods Headphones,1,4/22/2019 8:20
178871,Apple Airpods Headphones,1,4/21/2019 20:19
178872,Wired Headphones,1,4/24/2019 0:31
178873,USB-C Charging Cable,3,4/17/2019 16:50
178874,27in FHD Monitor,1,4/30/2019 15:43
178875,Macbook Pro Laptop,1,4/26/2019 19:02
178876,USB-C Charging Cable,1,4/28/2019 6:40
178877,27in 4K Gaming Monitor,1,4/30/2019 16:57
178878,USB-C Charging Cable,1,4/15/2019 16:36
178879,LG Washing Machine,1,4/16/2019 15:33
178880,Lightning Charging Cable,1,4/10/2019 17:16
178881,Flatscreen TV,1,4/4/2019 18:47
178882,Lightning Charging Cable,1,4/2/2019 12:18
178883,LG Dryer,1,4/29/2019 21:44
178884,Bose SoundSport Headphones,1,4/12/2019 13:44
178885,iPhone,1,4/28/2019 19:16
178886,Google Phone,1,4/8/2019 16:11
178886,Wired Headphones,1,4/8/2019 16:11
178887,Lightning Charging Cable,2,4/17/2019 13:12
178888,USB-C Charging Cable,1,4/25/2019 22:28
178889,Lightning Charging Cable,1,4/24/2019 10:56
178890,USB-C Charging Cable,1,4/20/2019 18:41
178891,34in Ultrawide Monitor,1,4/15/2019 16:45
178892,Flatscreen TV,1,4/26/2019 17:01
178893,Lightning Charging Cable,1,4/14/2019 22:24
178894,AAA Batteries (4-pack),1,4/8/2019 2:55
178895,Apple Airpods Headphones,1,4/11/2019 13:15
178896,Apple Airpods Headphones,1,4/11/2019 10:42
178897,Google Phone,1,4/26/2019 12:00
178898,34in Ultrawide Monitor,1,4/6/2019 9:49
178899,20in Monitor,1,4/29/2019 22:18
178900,AA Batteries (4-pack),2,4/13/2019 21:11
178901,USB-C Charging Cable,1,4/28/2019 17:07
178902,27in FHD Monitor,1,4/13/2019 12:15
178903,USB-C Charging Cable,1,4/20/2019 10:46
178904,AAA Batteries (4-pack),1,4/16/2019 20:44
178905,LG Dryer,1,4/19/2019 13:33
178906,LG Washing Machine,1,4/7/2019 11:01
178907,AAA Batteries (4-pack),1,4/12/2019 18:39
178908,Lightning Charging Cable,1,4/22/2019 12:01
178909,Lightning Charging Cable,1,4/7/2019 17:10
178910,27in FHD Monitor,1,4/13/2019 14:49
178911,27in FHD Monitor,1,4/25/2019 19:11
178912,Wired Headphones,1,4/3/2019 23:29
178913,Lightning Charging Cable,1,4/6/2019 5:12
178914,Wired Headphones,1,4/4/2019 11:38
178915,AA Batteries (4-pack),1,4/25/2019 15:46
178916,USB-C Charging Cable,1,4/13/2019 19:11
178917,Lightning Charging Cable,1,4/24/2019 21:10
178918,AA Batteries (4-pack),1,4/23/2019 5:01
178919,Bose SoundSport Headphones,1,4/9/2019 15:26
178920,34in Ultrawide Monitor,1,4/21/2019 21:15
178921,Bose SoundSport Headphones,1,4/25/2019 20:51
178922,27in FHD Monitor,1,4/27/2019 10:42
178923,iPhone,1,4/17/2019 21:05
178924,Lightning Charging Cable,1,4/18/2019 7:53
178925,AA Batteries (4-pack),1,4/28/2019 1:09
178926,AA Batteries (4-pack),1,4/5/2019 15:40
178927,Wired Headphones,1,4/22/2019 11:32
178928,20in Monitor,1,4/7/2019 15:09
178929,Lightning Charging Cable,1,4/14/2019 10:35
178930,AA Batteries (4-pack),1,4/18/2019 20:44
178931,USB-C Charging Cable,1,4/3/2019 21:12
178932,Wired Headphones,1,4/4/2019 20:26
178933,Lightning Charging Cable,1,4/24/2019 22:57
178934,Bose SoundSport Headphones,1,4/24/2019 10:03
178935,Google Phone,1,4/16/2019 15:35
178936,AAA Batteries (4-pack),1,4/1/2019 19:54
178937,ThinkPad Laptop,1,4/4/2019 19:24
178938,AAA Batteries (4-pack),1,4/22/2019 9:53
178939,iPhone,1,4/3/2019 15:54
178940,Lightning Charging Cable,1,4/29/2019 19:45
178941,Apple Airpods Headphones,1,4/6/2019 10:22
178942,20in Monitor,1,4/25/2019 8:35
178943,20in Monitor,1,4/26/2019 7:35
178944,AAA Batteries (4-pack),1,4/9/2019 14:13
178945,Flatscreen TV,1,4/27/2019 16:48
178946,Wired Headphones,1,4/30/2019 12:45
178947,27in FHD Monitor,1,4/22/2019 17:27
178948,USB-C Charging Cable,1,4/9/2019 19:42
178949,27in FHD Monitor,1,4/12/2019 1:11
178950,Wired Headphones,1,4/19/2019 13:17
178951,AAA Batteries (4-pack),1,4/14/2019 21:31
178952,USB-C Charging Cable,1,4/28/2019 18:45
178953,27in FHD Monitor,1,4/24/2019 7:16
178954,Google Phone,1,4/17/2019 17:12
178954,USB-C Charging Cable,1,4/17/2019 17:12
178955,34in Ultrawide Monitor,1,4/21/2019 22:45
178956,USB-C Charging Cable,1,4/9/2019 20:20
178957,27in FHD Monitor,1,4/25/2019 15:17
178958,Wired Headphones,1,4/19/2019 14:16
178959,AAA Batteries (4-pack),1,4/7/2019 12:56
178960,Wired Headphones,1,4/14/2019 21:05
178961,Lightning Charging Cable,1,4/30/2019 16:00
178962,Google Phone,1,4/30/2019 22:54
178963,USB-C Charging Cable,1,4/27/2019 10:14
178964,AA Batteries (4-pack),1,4/5/2019 10:42
178965,Lightning Charging Cable,1,4/22/2019 8:34
178966,Lightning Charging Cable,2,4/15/2019 15:56
178967,Google Phone,1,4/27/2019 11:09
178968,34in Ultrawide Monitor,1,4/24/2019 18:40
178969,Bose SoundSport Headphones,1,4/24/2019 13:40
178970,ThinkPad Laptop,1,4/21/2019 21:26
178971,AA Batteries (4-pack),1,4/29/2019 15:44
178972,USB-C Charging Cable,1,4/28/2019 10:11
178973,Bose SoundSport Headphones,1,4/10/2019 22:55
178974,AAA Batteries (4-pack),1,4/24/2019 14:02
178975,27in 4K Gaming Monitor,1,4/3/2019 22:27
178976,iPhone,1,4/23/2019 8:54
178977,AAA Batteries (4-pack),1,4/11/2019 17:29
178978,20in Monitor,1,4/11/2019 10:41
178979,27in FHD Monitor,1,4/16/2019 12:37
178980,27in 4K Gaming Monitor,1,4/30/2019 22:48
178981,Wired Headphones,1,4/7/2019 13:02
178982,Wired Headphones,1,4/10/2019 13:18
178983,Lightning Charging Cable,1,4/1/2019 21:17
178984,AA Batteries (4-pack),1,4/16/2019 10:37
178985,Apple Airpods Headphones,1,4/24/2019 13:59
178986,AAA Batteries (4-pack),1,4/11/2019 9:20
178987,USB-C Charging Cable,1,4/10/2019 14:04
178988,AAA Batteries (4-pack),1,4/18/2019 20:29
178989,Vareebadd Phone,1,4/10/2019 12:30
178989,USB-C Charging Cable,1,4/10/2019 12:30
178990,Google Phone,1,4/10/2019 1:39
178990,USB-C Charging Cable,1,4/10/2019 1:39
178991,ThinkPad Laptop,1,4/27/2019 14:26
178992,AAA Batteries (4-pack),4,4/27/2019 14:00
178993,Lightning Charging Cable,1,4/19/2019 15:40
178994,Lightning Charging Cable,1,4/29/2019 19:36
178995,USB-C Charging Cable,1,4/7/2019 9:21
178996,Macbook Pro Laptop,1,4/16/2019 0:32
178997,Bose SoundSport Headphones,1,4/2/2019 19:10
178998,20in Monitor,1,4/11/2019 15:27
178999,LG Dryer,1,4/18/2019 20:56
179000,iPhone,1,4/23/2019 22:23
179000,Lightning Charging Cable,1,4/23/2019 22:23
179001,AAA Batteries (4-pack),1,4/5/2019 16:28
179002,AAA Batteries (4-pack),1,4/12/2019 10:56
179003,AA Batteries (4-pack),1,4/9/2019 20:00
179004,Wired Headphones,2,4/26/2019 12:15
179005,Apple Airpods Headphones,1,4/19/2019 9:29
179006,AA Batteries (4-pack),3,4/10/2019 20:53
179007,Apple Airpods Headphones,1,4/29/2019 8:41
179008,iPhone,1,4/16/2019 1:26
179009,AA Batteries (4-pack),1,4/14/2019 19:45
179010,Wired Headphones,1,4/17/2019 11:38
179011,Lightning Charging Cable,1,4/28/2019 7:13
179012,Lightning Charging Cable,1,4/18/2019 18:03
179013,27in FHD Monitor,1,4/9/2019 8:38
179014,Lightning Charging Cable,1,4/4/2019 11:56
179015,27in 4K Gaming Monitor,1,4/29/2019 20:00
179016,Apple Airpods Headphones,1,4/23/2019 10:39
179017,Apple Airpods Headphones,1,4/27/2019 12:37
179018,iPhone,1,4/23/2019 21:23
179019,Wired Headphones,1,4/11/2019 11:53
179020,Lightning Charging Cable,1,4/28/2019 13:04
179021,AA Batteries (4-pack),1,4/19/2019 19:46
179022,AA Batteries (4-pack),2,4/25/2019 8:09
179023,AA Batteries (4-pack),2,4/18/2019 18:50
179024,Google Phone,1,4/13/2019 20:02
179025,Flatscreen TV,1,4/20/2019 17:39
179026,AAA Batteries (4-pack),1,4/11/2019 16:58
179027,27in 4K Gaming Monitor,1,4/11/2019 12:23
179028,27in 4K Gaming Monitor,1,4/12/2019 14:56
179028,Bose SoundSport Headphones,1,4/12/2019 14:56
179029,Bose SoundSport Headphones,1,4/1/2019 16:01
179030,34in Ultrawide Monitor,1,4/26/2019 10:28
179031,Lightning Charging Cable,1,4/28/2019 0:10
179032,USB-C Charging Cable,1,4/3/2019 16:50
179033,Lightning Charging Cable,1,4/15/2019 17:05
179034,Flatscreen TV,1,4/21/2019 16:05
179035,34in Ultrawide Monitor,1,4/24/2019 8:10
179036,AA Batteries (4-pack),1,4/14/2019 14:28
179037,Apple Airpods Headphones,1,4/12/2019 10:47
179038,Wired Headphones,2,4/11/2019 18:25
179039,Wired Headphones,1,4/15/2019 15:37
179040,34in Ultrawide Monitor,1,4/4/2019 13:49
179041,Wired Headphones,1,4/4/2019 17:50
179042,AAA Batteries (4-pack),1,4/4/2019 11:14
179043,AA Batteries (4-pack),1,4/11/2019 19:04
179044,AAA Batteries (4-pack),1,4/16/2019 20:06
179045,Bose SoundSport Headphones,1,4/23/2019 21:06
179046,AA Batteries (4-pack),2,4/3/2019 17:57
179047,20in Monitor,1,4/26/2019 22:54
179048,27in FHD Monitor,1,4/25/2019 18:51
179049,20in Monitor,1,4/4/2019 21:32
179050,Bose SoundSport Headphones,1,4/26/2019 14:46
179051,Apple Airpods Headphones,1,4/5/2019 18:35
179052,20in Monitor,1,4/8/2019 17:06
179053,Apple Airpods Headphones,1,4/25/2019 5:54
179054,Google Phone,1,4/17/2019 16:12
179055,USB-C Charging Cable,1,4/22/2019 16:08
179056,Vareebadd Phone,1,4/19/2019 23:55
179057,Google Phone,1,4/10/2019 21:39
179057,USB-C Charging Cable,1,4/10/2019 21:39
179058,Apple Airpods Headphones,1,4/23/2019 20:30
179059,Apple Airpods Headphones,1,4/17/2019 11:42
179060,ThinkPad Laptop,1,4/3/2019 12:37
179061,AA Batteries (4-pack),2,4/22/2019 20:17
179062,Lightning Charging Cable,2,4/10/2019 13:43
179063,AAA Batteries (4-pack),2,4/5/2019 19:46
179064,AAA Batteries (4-pack),1,4/3/2019 16:47
179065,Lightning Charging Cable,1,4/24/2019 10:41
179066,Lightning Charging Cable,1,4/3/2019 13:36
179067,27in FHD Monitor,1,4/19/2019 11:18
179068,Bose SoundSport Headphones,1,4/18/2019 10:40
179069,Apple Airpods Headphones,1,4/1/2019 8:06
179070,AA Batteries (4-pack),4,4/2/2019 16:45
179071,AA Batteries (4-pack),1,4/25/2019 14:06
179072,AAA Batteries (4-pack),1,4/9/2019 11:15
179073,Wired Headphones,1,4/9/2019 15:42
179074,AA Batteries (4-pack),1,4/17/2019 1:36
179075,Wired Headphones,1,4/28/2019 17:49
179076,Google Phone,1,5/1/2019 0:17
179076,USB-C Charging Cable,1,5/1/2019 0:17
179077,Wired Headphones,1,4/11/2019 18:29
179078,Bose SoundSport Headphones,1,4/9/2019 14:38
179079,AAA Batteries (4-pack),1,4/8/2019 0:22
179080,Apple Airpods Headphones,1,4/10/2019 20:28
179081,27in FHD Monitor,1,4/27/2019 12:51
179082,USB-C Charging Cable,1,4/14/2019 22:57
179083,Google Phone,1,4/6/2019 21:59
179084,AAA Batteries (4-pack),1,4/8/2019 10:32
179085,Lightning Charging Cable,1,4/9/2019 15:11
179086,Wired Headphones,1,4/12/2019 14:36
179087,27in FHD Monitor,1,4/21/2019 20:42
179088,AAA Batteries (4-pack),1,4/18/2019 18:48
179089,AAA Batteries (4-pack),1,4/2/2019 12:14
179090,Apple Airpods Headphones,1,4/29/2019 21:32
179091,27in 4K Gaming Monitor,1,4/11/2019 6:31
179092,USB-C Charging Cable,1,4/29/2019 23:04
179093,AA Batteries (4-pack),1,4/24/2019 8:14
179094,Apple Airpods Headphones,1,4/6/2019 16:05
179095,Wired Headphones,1,4/25/2019 12:35
179096,USB-C Charging Cable,1,4/13/2019 16:35
179097,Apple Airpods Headphones,1,4/29/2019 11:27
179098,Lightning Charging Cable,1,4/20/2019 11:37
179099,Flatscreen TV,1,4/24/2019 15:48
179100,USB-C Charging Cable,1,4/15/2019 19:47
179101,USB-C Charging Cable,1,4/23/2019 11:34
179102,iPhone,1,4/13/2019 20:50
179103,Flatscreen TV,1,4/18/2019 20:52
179104,Lightning Charging Cable,1,4/10/2019 21:43
179105,iPhone,1,4/9/2019 21:49
179106,iPhone,1,4/26/2019 11:23
179107,Google Phone,1,4/7/2019 12:32
179108,Lightning Charging Cable,1,4/21/2019 15:09
179108,AAA Batteries (4-pack),1,4/21/2019 15:09
179109,Flatscreen TV,1,4/21/2019 19:44
179110,Bose SoundSport Headphones,1,4/1/2019 17:30
179111,Wired Headphones,1,4/15/2019 13:22
179112,Bose SoundSport Headphones,1,4/16/2019 1:16
179113,AA Batteries (4-pack),3,4/9/2019 21:22
179114,Lightning Charging Cable,1,4/22/2019 21:33
179115,Flatscreen TV,1,4/22/2019 20:03
179116,Wired Headphones,1,4/19/2019 13:34
179117,USB-C Charging Cable,2,4/16/2019 13:29
179118,Lightning Charging Cable,2,4/22/2019 19:45
179119,iPhone,1,4/8/2019 14:18
179120,AA Batteries (4-pack),3,4/28/2019 17:25
179121,Wired Headphones,1,4/19/2019 18:46
179122,27in FHD Monitor,1,4/19/2019 10:30
179123,27in FHD Monitor,1,4/3/2019 15:14
179124,27in FHD Monitor,1,4/26/2019 18:32
179125,AAA Batteries (4-pack),2,4/7/2019 13:04
179126,Wired Headphones,1,4/30/2019 19:53
179127,Lightning Charging Cable,1,4/21/2019 9:54
179128,iPhone,1,4/26/2019 19:20
179128,Apple Airpods Headphones,1,4/26/2019 19:20
179129,iPhone,1,4/12/2019 18:19
179130,27in FHD Monitor,1,4/15/2019 22:30
179131,Lightning Charging Cable,1,4/6/2019 8:07
179132,Wired Headphones,1,4/30/2019 8:57
179133,AAA Batteries (4-pack),1,4/4/2019 12:29
179134,Apple Airpods Headphones,1,5/1/2019 2:41
179135,Bose SoundSport Headphones,1,4/9/2019 10:00
179136,USB-C Charging Cable,1,4/4/2019 12:31
179137,Macbook Pro Laptop,1,4/16/2019 16:53
179138,Bose SoundSport Headphones,1,4/12/2019 19:44
179139,USB-C Charging Cable,1,4/2/2019 13:24
179140,AA Batteries (4-pack),1,4/14/2019 18:26
179141,Wired Headphones,1,4/27/2019 7:36
179142,27in 4K Gaming Monitor,1,4/12/2019 14:45
179143,USB-C Charging Cable,1,4/15/2019 1:52
179144,34in Ultrawide Monitor,1,4/14/2019 14:35
179145,27in FHD Monitor,1,4/5/2019 20:09
179146,USB-C Charging Cable,1,4/13/2019 13:10
179147,USB-C Charging Cable,1,4/2/2019 14:37
179148,ThinkPad Laptop,1,4/27/2019 10:56
179149,Wired Headphones,1,4/11/2019 15:09
179150,Bose SoundSport Headphones,1,4/29/2019 17:34
179151,Wired Headphones,2,4/13/2019 23:57
179152,USB-C Charging Cable,1,4/24/2019 12:29
179153,AAA Batteries (4-pack),2,4/24/2019 9:58
179154,Lightning Charging Cable,1,4/26/2019 12:37
179155,Wired Headphones,1,4/30/2019 12:16
179156,AAA Batteries (4-pack),2,4/23/2019 0:13
179157,Google Phone,1,4/16/2019 20:50
179158,Macbook Pro Laptop,1,4/3/2019 17:29
179159,Lightning Charging Cable,1,4/20/2019 19:11
179160,AA Batteries (4-pack),2,4/27/2019 12:51
179161,27in 4K Gaming Monitor,1,4/16/2019 16:35
179162,Google Phone,1,4/23/2019 16:51
179162,USB-C Charging Cable,1,4/23/2019 16:51
179163,AAA Batteries (4-pack),1,4/20/2019 9:33
179164,Macbook Pro Laptop,1,4/22/2019 9:47
179165,Lightning Charging Cable,1,4/27/2019 23:19
179166,Lightning Charging Cable,1,4/30/2019 1:41
179167,34in Ultrawide Monitor,1,4/7/2019 19:41
179168,Wired Headphones,1,4/14/2019 22:03
179169,34in Ultrawide Monitor,1,4/3/2019 22:21
179170,34in Ultrawide Monitor,1,4/29/2019 13:30
179171,AAA Batteries (4-pack),3,4/29/2019 21:27
179172,Lightning Charging Cable,1,4/22/2019 18:33
179173,Bose SoundSport Headphones,1,4/27/2019 0:03
179174,LG Washing Machine,1,4/4/2019 15:12
179175,AAA Batteries (4-pack),1,4/25/2019 9:14
179176,AAA Batteries (4-pack),1,4/20/2019 20:28
179177,USB-C Charging Cable,1,4/10/2019 10:07
179178,27in FHD Monitor,1,4/5/2019 17:45
179179,Bose SoundSport Headphones,1,4/8/2019 10:18
179180,27in 4K Gaming Monitor,1,4/21/2019 21:58
179181,USB-C Charging Cable,1,4/6/2019 19:16
179182,AA Batteries (4-pack),1,4/29/2019 19:35
179183,Bose SoundSport Headphones,1,4/22/2019 21:45
179184,Vareebadd Phone,1,4/24/2019 12:16
179185,Wired Headphones,1,4/15/2019 22:01
179186,ThinkPad Laptop,1,4/8/2019 17:44
179187,Lightning Charging Cable,1,4/28/2019 18:29
179188,34in Ultrawide Monitor,1,4/13/2019 12:37
179189,Apple Airpods Headphones,1,4/24/2019 16:44
179190,iPhone,1,4/25/2019 14:06
179191,Wired Headphones,1,4/28/2019 19:33
179192,AAA Batteries (4-pack),3,4/1/2019 12:57
179193,AAA Batteries (4-pack),1,4/22/2019 12:57
179194,ThinkPad Laptop,1,4/30/2019 20:20
179195,USB-C Charging Cable,1,4/26/2019 11:45
179196,USB-C Charging Cable,1,4/29/2019 10:31
179197,USB-C Charging Cable,1,4/15/2019 17:28
179198,Wired Headphones,1,4/4/2019 0:17
179199,Flatscreen TV,1,4/20/2019 15:49
179200,Lightning Charging Cable,1,4/3/2019 13:50
179201,Apple Airpods Headphones,1,4/24/2019 10:48
179202,AA Batteries (4-pack),2,4/20/2019 17:22
179203,AA Batteries (4-pack),1,4/22/2019 20:46
179204,AAA Batteries (4-pack),2,4/28/2019 11:03
179205,34in Ultrawide Monitor,1,4/2/2019 20:20
179206,Wired Headphones,1,4/1/2019 14:39
179207,34in Ultrawide Monitor,1,4/3/2019 9:43
179208,AA Batteries (4-pack),1,4/22/2019 20:22
179209,AA Batteries (4-pack),1,4/16/2019 17:27
179210,AA Batteries (4-pack),1,4/28/2019 9:07
179211,Wired Headphones,1,4/12/2019 16:32
179212,Lightning Charging Cable,2,4/18/2019 23:25
179213,Wired Headphones,1,4/12/2019 9:41
179214,Apple Airpods Headphones,1,4/2/2019 9:41
179215,Bose SoundSport Headphones,1,4/9/2019 20:40
179216,27in 4K Gaming Monitor,1,4/24/2019 17:33
179217,Bose SoundSport Headphones,1,4/25/2019 23:09
179218,Lightning Charging Cable,1,4/30/2019 18:59
179219,Lightning Charging Cable,2,4/20/2019 4:53
179220,34in Ultrawide Monitor,1,4/25/2019 8:14
179221,Lightning Charging Cable,1,4/6/2019 17:45
179222,Macbook Pro Laptop,1,4/22/2019 17:21
179223,34in Ultrawide Monitor,1,4/1/2019 22:09
179224,Lightning Charging Cable,1,4/12/2019 19:50
179225,20in Monitor,1,4/21/2019 23:16
179226,34in Ultrawide Monitor,1,4/9/2019 19:45
179226,Macbook Pro Laptop,1,4/9/2019 19:45
179227,Apple Airpods Headphones,1,4/25/2019 12:40
179228,27in FHD Monitor,1,4/8/2019 20:03
179229,27in FHD Monitor,1,4/5/2019 15:45
179230,AA Batteries (4-pack),1,4/25/2019 17:57
179231,Apple Airpods Headphones,1,4/19/2019 14:41
179232,Macbook Pro Laptop,1,4/12/2019 9:02
179233,Bose SoundSport Headphones,1,4/10/2019 19:31
179234,Lightning Charging Cable,1,4/6/2019 14:47
179235,27in 4K Gaming Monitor,1,4/6/2019 21:40
179236,Lightning Charging Cable,1,4/7/2019 23:08
179237,Google Phone,1,4/29/2019 16:16
179238,Flatscreen TV,1,4/15/2019 5:54
179239,AA Batteries (4-pack),2,4/11/2019 16:57
,,,
179240,Apple Airpods Headphones,1,4/14/2019 21:05
179241,USB-C Charging Cable,2,4/11/2019 9:48
179242,Macbook Pro Laptop,1,4/10/2019 21:45
179243,Wired Headphones,2,4/16/2019 23:20
179244,AAA Batteries (4-pack),1,4/4/2019 11:30
179245,Bose SoundSport Headphones,1,4/4/2019 21:24
179246,Lightning Charging Cable,2,4/13/2019 13:23
179247,AA Batteries (4-pack),1,4/2/2019 11:34
179248,AA Batteries (4-pack),1,4/7/2019 1:16
179249,Wired Headphones,1,4/6/2019 11:27
179250,Bose SoundSport Headphones,1,4/16/2019 17:33
179251,Wired Headphones,1,4/18/2019 13:33
179252,AA Batteries (4-pack),1,4/25/2019 5:12
179253,AAA Batteries (4-pack),1,4/23/2019 23:58
179254,Wired Headphones,1,4/30/2019 12:38
179255,Lightning Charging Cable,1,4/3/2019 20:44
179256,Lightning Charging Cable,1,4/17/2019 18:10
179257,Wired Headphones,1,4/17/2019 16:29
179258,AAA Batteries (4-pack),2,4/9/2019 14:44
179259,34in Ultrawide Monitor,1,4/7/2019 18:40
179260,AA Batteries (4-pack),1,4/8/2019 16:45
179261,Apple Airpods Headphones,1,4/23/2019 9:28
179262,USB-C Charging Cable,1,4/8/2019 19:57
179263,Lightning Charging Cable,1,4/15/2019 11:22
179264,AA Batteries (4-pack),1,4/29/2019 18:24
179265,USB-C Charging Cable,1,4/4/2019 1:07
179266,USB-C Charging Cable,1,4/27/2019 5:35
179267,27in FHD Monitor,1,4/27/2019 23:47
179268,AA Batteries (4-pack),1,4/25/2019 15:52
179269,USB-C Charging Cable,1,4/27/2019 22:58
179270,iPhone,1,4/1/2019 20:38
179270,Lightning Charging Cable,1,4/1/2019 20:38
179271,Apple Airpods Headphones,1,4/6/2019 16:03
179272,AA Batteries (4-pack),1,4/4/2019 10:27
179273,Lightning Charging Cable,1,4/18/2019 15:15
179274,20in Monitor,1,4/21/2019 8:41
179275,AA Batteries (4-pack),1,4/26/2019 15:13
179276,AA Batteries (4-pack),1,4/12/2019 11:16
179277,AA Batteries (4-pack),1,4/25/2019 12:39
179278,Apple Airpods Headphones,2,4/3/2019 8:18
179279,20in Monitor,1,4/22/2019 9:41
179280,iPhone,1,4/15/2019 5:52
179281,Macbook Pro Laptop,1,4/25/2019 16:06
179282,Flatscreen TV,1,4/2/2019 14:57
179283,Google Phone,1,4/30/2019 18:39
179284,USB-C Charging Cable,1,4/20/2019 7:31
179285,34in Ultrawide Monitor,1,4/3/2019 9:18
179286,AA Batteries (4-pack),1,4/28/2019 20:11
179287,Flatscreen TV,1,4/23/2019 23:00
179288,Lightning Charging Cable,1,4/30/2019 11:22
179289,iPhone,1,4/30/2019 16:13
179290,27in FHD Monitor,1,4/5/2019 11:58
179291,Lightning Charging Cable,1,4/21/2019 17:07
179292,AAA Batteries (4-pack),1,4/2/2019 18:47
179293,USB-C Charging Cable,1,4/4/2019 16:34
179294,Lightning Charging Cable,1,4/9/2019 23:55
179295,27in 4K Gaming Monitor,1,4/26/2019 21:47
179296,Apple Airpods Headphones,1,4/10/2019 9:54
179297,Lightning Charging Cable,1,4/22/2019 9:44
179298,27in 4K Gaming Monitor,1,4/20/2019 16:05
179299,USB-C Charging Cable,1,4/17/2019 18:57
179300,Wired Headphones,1,4/20/2019 18:14
179301,27in 4K Gaming Monitor,1,4/6/2019 13:04
179302,Lightning Charging Cable,1,4/3/2019 20:43
179303,Wired Headphones,1,4/15/2019 10:12
179304,34in Ultrawide Monitor,1,4/30/2019 20:56
179305,Wired Headphones,2,4/1/2019 17:29
179306,AAA Batteries (4-pack),1,4/19/2019 21:56
179307,34in Ultrawide Monitor,1,4/7/2019 19:11
179308,Apple Airpods Headphones,2,4/1/2019 19:47
179309,USB-C Charging Cable,1,4/2/2019 20:16
179310,USB-C Charging Cable,2,4/21/2019 16:54
179311,Wired Headphones,2,4/9/2019 1:35
179311,USB-C Charging Cable,1,4/9/2019 1:35
179312,Bose SoundSport Headphones,1,4/18/2019 15:54
179313,Apple Airpods Headphones,1,4/24/2019 16:18
179314,34in Ultrawide Monitor,1,4/4/2019 13:37
179315,AA Batteries (4-pack),1,4/28/2019 19:35
179316,Wired Headphones,1,4/8/2019 18:21
Order ID,Product,Quantity Ordered,Order Date
179317,ThinkPad Laptop,1,4/2/2019 17:30
179318,AA Batteries (4-pack),1,4/8/2019 10:20
179319,Bose SoundSport Headphones,1,4/6/2019 12:57
179320,AA Batteries (4-pack),1,4/23/2019 18:18
179321,USB-C Charging Cable,1,4/16/2019 14:01
179322,USB-C Charging Cable,1,4/11/2019 19:44
179323,AAA Batteries (4-pack),1,4/23/2019 10:52
179324,Lightning Charging Cable,1,4/2/2019 0:25
179325,LG Washing Machine,1,4/17/2019 13:09
179326,Lightning Charging Cable,1,4/25/2019 11:50
179327,Lightning Charging Cable,1,4/5/2019 13:14
179328,Wired Headphones,1,4/1/2019 19:19
179328,AA Batteries (4-pack),1,4/1/2019 19:19
179329,Bose SoundSport Headphones,1,4/30/2019 19:48
Order ID,Product,Quantity Ordered,Order Date
179330,Google Phone,1,4/16/2019 19:44
179331,20in Monitor,1,4/1/2019 15:08
179332,Flatscreen TV,1,4/22/2019 16:56
179333,Bose SoundSport Headphones,1,4/8/2019 17:41
179334,iPhone,1,4/10/2019 23:34
179335,AA Batteries (4-pack),1,4/23/2019 19:05
179336,AAA Batteries (4-pack),1,4/27/2019 12:20
179337,Wired Headphones,1,4/1/2019 12:15
179338,USB-C Charging Cable,1,4/6/2019 13:46
179339,AAA Batteries (4-pack),1,4/16/2019 16:04
179340,Macbook Pro Laptop,1,4/28/2019 10:37
179340,Apple Airpods Headphones,1,4/28/2019 10:37
179341,Apple Airpods Headphones,1,4/4/2019 10:09
179342,Lightning Charging Cable,1,4/8/2019 19:02
179343,Flatscreen TV,1,4/21/2019 19:33
179344,USB-C Charging Cable,1,4/15/2019 22:17
179345,Apple Airpods Headphones,1,4/20/2019 22:04
179346,27in FHD Monitor,1,4/27/2019 12:34
179347,Bose SoundSport Headphones,1,4/8/2019 15:08
179348,USB-C Charging Cable,1,4/5/2019 10:13
179349,20in Monitor,1,4/7/2019 13:51
179350,Wired Headphones,1,4/3/2019 21:38
179351,27in 4K Gaming Monitor,1,4/25/2019 17:38
179352,Lightning Charging Cable,1,4/14/2019 16:02
179353,Wired Headphones,1,4/6/2019 18:05
179354,USB-C Charging Cable,1,4/21/2019 14:11
179355,27in FHD Monitor,1,4/29/2019 17:49
179356,USB-C Charging Cable,2,4/17/2019 14:21
179357,Google Phone,1,4/1/2019 22:28
179357,USB-C Charging Cable,1,4/1/2019 22:28
179358,AAA Batteries (4-pack),3,4/8/2019 20:42
179359,Wired Headphones,1,4/26/2019 18:22
179360,Wired Headphones,1,4/7/2019 16:49
179361,AA Batteries (4-pack),1,4/11/2019 16:24
179362,AAA Batteries (4-pack),2,4/24/2019 12:11
179363,AAA Batteries (4-pack),1,4/3/2019 10:13
179364,AA Batteries (4-pack),1,4/26/2019 19:04
179365,AA Batteries (4-pack),2,4/7/2019 21:30
179366,27in FHD Monitor,1,4/11/2019 21:04
179367,AAA Batteries (4-pack),3,4/3/2019 16:01
179368,Google Phone,1,4/13/2019 1:43
179369,ThinkPad Laptop,1,4/3/2019 23:57
179370,Lightning Charging Cable,1,4/18/2019 20:35
179371,Wired Headphones,1,4/23/2019 14:35
179372,Google Phone,1,4/17/2019 20:46
179373,iPhone,1,4/18/2019 12:08
179374,Wired Headphones,1,4/17/2019 18:51
179375,AAA Batteries (4-pack),1,4/13/2019 15:27
179376,AA Batteries (4-pack),1,4/22/2019 19:30
179377,USB-C Charging Cable,1,4/18/2019 19:29
179377,AA Batteries (4-pack),1,4/18/2019 19:29
179378,AA Batteries (4-pack),1,4/9/2019 10:30
179379,Google Phone,1,4/12/2019 15:28
179379,Bose SoundSport Headphones,1,4/12/2019 15:28
179380,Apple Airpods Headphones,1,4/7/2019 4:37
179381,Lightning Charging Cable,1,4/29/2019 16:22
179382,Apple Airpods Headphones,1,4/11/2019 14:58
179383,AA Batteries (4-pack),1,4/14/2019 16:50
179384,AAA Batteries (4-pack),5,4/21/2019 5:05
179385,Lightning Charging Cable,1,4/2/2019 22:40
179386,Apple Airpods Headphones,1,4/15/2019 7:01
179387,Bose SoundSport Headphones,1,4/22/2019 22:32
179388,iPhone,1,4/24/2019 10:22
179389,34in Ultrawide Monitor,1,4/25/2019 20:04
179390,AA Batteries (4-pack),1,4/21/2019 14:13
179391,Bose SoundSport Headphones,1,4/18/2019 0:47
179392,AAA Batteries (4-pack),1,4/3/2019 16:05
179393,AAA Batteries (4-pack),3,4/14/2019 10:39
179394,Bose SoundSport Headphones,1,4/10/2019 14:29
179395,Lightning Charging Cable,1,4/15/2019 17:23
179396,AAA Batteries (4-pack),1,4/22/2019 15:51
179397,Bose SoundSport Headphones,1,4/19/2019 12:19
179398,AAA Batteries (4-pack),1,4/6/2019 9:33
179399,AA Batteries (4-pack),2,4/15/2019 20:13
179400,Macbook Pro Laptop,1,4/9/2019 7:05
179401,USB-C Charging Cable,1,4/14/2019 19:41
179402,27in 4K Gaming Monitor,1,4/8/2019 12:12
179403,AA Batteries (4-pack),1,4/16/2019 8:18
179404,Bose SoundSport Headphones,1,4/26/2019 10:47
179405,Bose SoundSport Headphones,1,4/23/2019 13:03
179406,Google Phone,1,4/1/2019 14:06
179407,Wired Headphones,1,4/16/2019 19:13
179408,USB-C Charging Cable,1,4/11/2019 20:43
179409,34in Ultrawide Monitor,1,4/24/2019 13:40
179410,AAA Batteries (4-pack),1,4/2/2019 12:09
179411,34in Ultrawide Monitor,1,4/22/2019 9:02
179412,Google Phone,1,4/9/2019 10:53
179413,AAA Batteries (4-pack),2,4/28/2019 13:10
179414,AAA Batteries (4-pack),2,4/10/2019 18:54
179415,Macbook Pro Laptop,1,4/12/2019 16:56
179416,AAA Batteries (4-pack),2,4/11/2019 23:04
179417,Macbook Pro Laptop,1,4/23/2019 19:23
179418,iPhone,1,4/21/2019 18:17
179419,Wired Headphones,1,4/9/2019 17:20
179420,Wired Headphones,1,4/8/2019 20:12
179421,Google Phone,1,4/25/2019 19:04
179422,Wired Headphones,1,4/28/2019 18:32
179423,Flatscreen TV,1,4/25/2019 16:58
179424,Bose SoundSport Headphones,1,4/19/2019 15:19
179425,AA Batteries (4-pack),1,4/26/2019 17:00
179426,ThinkPad Laptop,1,4/24/2019 21:30
179427,Lightning Charging Cable,2,4/29/2019 16:14
179428,Lightning Charging Cable,1,4/16/2019 21:46
179429,Lightning Charging Cable,1,4/28/2019 10:52
179430,AAA Batteries (4-pack),1,4/29/2019 18:46
179431,AA Batteries (4-pack),1,4/14/2019 7:59
179432,Apple Airpods Headphones,1,4/29/2019 11:04
179433,Apple Airpods Headphones,1,4/22/2019 18:54
179434,Macbook Pro Laptop,1,4/24/2019 14:26
179434,20in Monitor,1,4/24/2019 14:26
179435,LG Washing Machine,1,4/21/2019 16:50
179436,Lightning Charging Cable,1,4/11/2019 15:12
179437,34in Ultrawide Monitor,1,4/27/2019 21:26
179438,iPhone,1,4/14/2019 19:16
179439,AAA Batteries (4-pack),2,4/28/2019 17:34
179440,Lightning Charging Cable,1,4/24/2019 14:28
179441,USB-C Charging Cable,1,4/9/2019 22:02
179442,Wired Headphones,1,4/20/2019 15:16
179443,27in 4K Gaming Monitor,1,4/28/2019 13:52
179444,Wired Headphones,1,4/11/2019 22:28
179445,Bose SoundSport Headphones,1,4/16/2019 12:55
179446,AAA Batteries (4-pack),3,4/28/2019 10:47
179447,Wired Headphones,1,4/14/2019 21:46
179448,Lightning Charging Cable,1,4/24/2019 10:52
179449,Wired Headphones,1,4/8/2019 16:03
179450,Lightning Charging Cable,1,4/28/2019 21:47
179451,AAA Batteries (4-pack),1,4/28/2019 14:38
179452,AAA Batteries (4-pack),1,4/30/2019 11:27
179453,iPhone,1,4/19/2019 15:18
179453,Wired Headphones,1,4/19/2019 15:18
,,,
179454,Wired Headphones,1,4/1/2019 9:48
179455,USB-C Charging Cable,1,4/17/2019 3:50
179456,AA Batteries (4-pack),1,4/26/2019 13:35
179457,Apple Airpods Headphones,1,4/19/2019 14:20
179458,Apple Airpods Headphones,1,4/30/2019 11:24
179459,Wired Headphones,1,4/27/2019 14:46
179460,Lightning Charging Cable,1,4/23/2019 17:46
179461,Bose SoundSport Headphones,1,4/9/2019 11:32
179462,AAA Batteries (4-pack),1,4/22/2019 12:38
179463,Apple Airpods Headphones,1,4/18/2019 18:44
179464,Wired Headphones,2,4/9/2019 9:01
Order ID,Product,Quantity Ordered,Order Date
179465,34in Ultrawide Monitor,1,4/25/2019 14:33
179466,Bose SoundSport Headphones,1,4/11/2019 23:01
179467,Bose SoundSport Headphones,1,4/17/2019 8:33
179468,Google Phone,1,4/4/2019 13:52
179469,AA Batteries (4-pack),3,4/4/2019 17:53
179470,AA Batteries (4-pack),2,4/16/2019 11:31
179471,34in Ultrawide Monitor,1,4/13/2019 13:19
179472,Apple Airpods Headphones,1,4/16/2019 22:28
179473,Bose SoundSport Headphones,1,4/24/2019 3:25
179474,USB-C Charging Cable,2,4/10/2019 11:50
179475,Google Phone,1,4/19/2019 2:20
179476,USB-C Charging Cable,1,4/14/2019 18:55
179477,AAA Batteries (4-pack),1,4/6/2019 16:38
179478,20in Monitor,1,4/15/2019 8:11
179479,Flatscreen TV,1,4/6/2019 11:13
179480,LG Dryer,1,4/13/2019 11:49
179481,Bose SoundSport Headphones,1,4/16/2019 16:33
179482,Apple Airpods Headphones,1,4/30/2019 9:36
179483,AAA Batteries (4-pack),1,4/23/2019 11:22
179484,USB-C Charging Cable,1,4/28/2019 22:17
179485,Vareebadd Phone,1,4/30/2019 11:29
179485,USB-C Charging Cable,1,4/30/2019 11:29
179486,34in Ultrawide Monitor,1,4/9/2019 20:15
179487,Bose SoundSport Headphones,1,4/19/2019 20:34
179488,Lightning Charging Cable,1,4/29/2019 13:33
179489,USB-C Charging Cable,1,4/24/2019 21:25
179490,USB-C Charging Cable,1,4/12/2019 22:10
179491,LG Dryer,1,4/10/2019 8:55
179492,Lightning Charging Cable,1,4/17/2019 17:58
179493,Apple Airpods Headphones,1,4/12/2019 17:44
179494,Wired Headphones,2,4/14/2019 15:38
179495,AA Batteries (4-pack),1,4/14/2019 22:50
179496,iPhone,1,4/21/2019 7:26
179497,USB-C Charging Cable,1,4/27/2019 6:34
179498,Flatscreen TV,1,4/17/2019 19:20
179499,USB-C Charging Cable,1,4/9/2019 15:52
179500,Macbook Pro Laptop,1,4/12/2019 22:19
179501,Apple Airpods Headphones,1,4/6/2019 23:59
179502,LG Dryer,1,4/6/2019 19:06
179503,27in FHD Monitor,1,4/14/2019 16:43
179504,AAA Batteries (4-pack),1,4/1/2019 17:31
179505,Flatscreen TV,1,4/25/2019 18:21
179506,Apple Airpods Headphones,1,4/18/2019 9:43
179507,Flatscreen TV,1,4/6/2019 21:56
179508,Wired Headphones,1,4/26/2019 7:36
179509,Apple Airpods Headphones,1,4/15/2019 13:04
179510,AA Batteries (4-pack),1,4/27/2019 0:21
179511,AA Batteries (4-pack),1,4/2/2019 0:31
179512,Wired Headphones,1,4/13/2019 21:03
179513,Macbook Pro Laptop,1,4/1/2019 23:41
179514,Google Phone,1,4/26/2019 16:05
179514,USB-C Charging Cable,1,4/26/2019 16:05
179515,27in FHD Monitor,1,4/1/2019 21:13
179516,AAA Batteries (4-pack),1,4/11/2019 7:35
179517,27in 4K Gaming Monitor,1,4/13/2019 21:24
179518,USB-C Charging Cable,1,4/1/2019 19:23
179519,Lightning Charging Cable,1,4/23/2019 9:47
179520,Apple Airpods Headphones,1,4/23/2019 2:58
179521,Google Phone,1,4/24/2019 19:12
179522,Wired Headphones,1,4/16/2019 11:05
179523,USB-C Charging Cable,1,4/11/2019 19:57
,,,
179524,Lightning Charging Cable,1,4/19/2019 13:22
179525,27in FHD Monitor,1,4/20/2019 22:51
179526,AAA Batteries (4-pack),2,4/21/2019 16:47
179527,27in FHD Monitor,1,4/18/2019 18:53
179528,27in FHD Monitor,1,4/15/2019 17:23
179529,34in Ultrawide Monitor,1,4/21/2019 17:08
179530,Google Phone,1,4/3/2019 17:32
179530,USB-C Charging Cable,1,4/3/2019 17:32
179531,Apple Airpods Headphones,1,4/12/2019 21:53
179532,Lightning Charging Cable,1,4/10/2019 12:51
179533,USB-C Charging Cable,1,4/20/2019 14:05
179534,AA Batteries (4-pack),1,4/15/2019 11:14
179535,20in Monitor,1,4/13/2019 17:47
179536,USB-C Charging Cable,1,4/27/2019 8:42
179537,27in FHD Monitor,1,4/29/2019 18:07
179538,Vareebadd Phone,1,4/4/2019 20:48
179538,Bose SoundSport Headphones,1,4/4/2019 20:48
179539,27in FHD Monitor,1,4/27/2019 17:42
179540,iPhone,1,4/11/2019 12:53
179540,Lightning Charging Cable,1,4/11/2019 12:53
179541,Bose SoundSport Headphones,1,4/27/2019 12:54
179542,Bose SoundSport Headphones,1,4/24/2019 1:38
179543,Wired Headphones,1,4/4/2019 11:47
179544,Wired Headphones,1,4/3/2019 16:22
179544,Flatscreen TV,1,4/3/2019 16:22
179545,AAA Batteries (4-pack),1,4/10/2019 11:07
179546,Apple Airpods Headphones,1,4/25/2019 20:17
179547,27in FHD Monitor,1,4/28/2019 3:45
179548,AAA Batteries (4-pack),1,4/19/2019 9:46
179549,Lightning Charging Cable,1,4/2/2019 15:35
179550,ThinkPad Laptop,1,4/7/2019 12:48
179551,27in FHD Monitor,1,4/26/2019 10:37
179552,AAA Batteries (4-pack),2,4/8/2019 10:25
179553,Lightning Charging Cable,1,4/20/2019 20:33
179554,Wired Headphones,1,4/15/2019 22:04
179555,Bose SoundSport Headphones,1,4/4/2019 14:39
179556,AAA Batteries (4-pack),1,4/26/2019 21:30
179557,AAA Batteries (4-pack),2,4/26/2019 13:25
179558,AA Batteries (4-pack),1,4/27/2019 16:56
179559,AA Batteries (4-pack),1,4/8/2019 9:10
179560,AAA Batteries (4-pack),1,4/19/2019 1:58
179561,USB-C Charging Cable,1,4/13/2019 8:37
179562,Wired Headphones,1,4/5/2019 12:35
179563,USB-C Charging Cable,1,4/13/2019 20:19
179564,Lightning Charging Cable,1,4/7/2019 21:25
179565,AAA Batteries (4-pack),1,4/13/2019 21:41
179566,AA Batteries (4-pack),1,4/24/2019 13:20
179567,AA Batteries (4-pack),1,4/10/2019 2:42
179568,Macbook Pro Laptop,1,4/18/2019 20:32
179569,34in Ultrawide Monitor,1,4/11/2019 18:34
179570,USB-C Charging Cable,1,4/24/2019 10:50
179571,Bose SoundSport Headphones,1,4/30/2019 10:08
179572,Bose SoundSport Headphones,1,4/2/2019 22:28
179573,Google Phone,1,4/11/2019 20:52
179574,USB-C Charging Cable,1,4/21/2019 16:16
179575,USB-C Charging Cable,1,4/25/2019 2:10
179576,AAA Batteries (4-pack),1,4/3/2019 20:15
179577,Wired Headphones,1,4/30/2019 10:55
179578,27in 4K Gaming Monitor,1,4/9/2019 3:09
179579,27in 4K Gaming Monitor,1,4/1/2019 17:18
179580,Lightning Charging Cable,1,4/23/2019 14:53
179581,27in 4K Gaming Monitor,1,4/21/2019 10:21
179582,Lightning Charging Cable,1,4/1/2019 12:24
179583,Lightning Charging Cable,1,4/7/2019 8:06
179584,AA Batteries (4-pack),1,4/1/2019 19:50
179585,Flatscreen TV,1,4/1/2019 14:59
179586,34in Ultrawide Monitor,1,4/21/2019 16:20
179587,Wired Headphones,1,4/29/2019 6:59
179588,AAA Batteries (4-pack),2,4/23/2019 11:44
179589,AA Batteries (4-pack),1,4/25/2019 23:23
179590,AAA Batteries (4-pack),2,4/2/2019 10:38
179591,AAA Batteries (4-pack),2,4/25/2019 12:23
179592,AAA Batteries (4-pack),2,4/22/2019 11:34
179593,20in Monitor,1,4/29/2019 7:23
179594,27in 4K Gaming Monitor,1,4/20/2019 12:25
179595,LG Washing Machine,1,4/13/2019 19:35
179596,Wired Headphones,1,4/26/2019 10:01
179597,Wired Headphones,1,4/16/2019 7:18
179598,AA Batteries (4-pack),1,4/16/2019 17:06
179599,AAA Batteries (4-pack),2,4/2/2019 23:29
179600,Google Phone,1,4/27/2019 11:51
179601,Wired Headphones,1,4/24/2019 23:52
179602,27in 4K Gaming Monitor,1,4/4/2019 10:13
179603,27in 4K Gaming Monitor,1,4/15/2019 9:40
179604,AAA Batteries (4-pack),3,4/6/2019 19:42
179605,Vareebadd Phone,1,4/2/2019 20:03
179606,AA Batteries (4-pack),3,4/25/2019 9:15
179607,Macbook Pro Laptop,1,4/23/2019 19:23
179608,LG Washing Machine,1,4/13/2019 14:16
179609,AA Batteries (4-pack),1,4/26/2019 20:09
179610,Flatscreen TV,1,4/20/2019 18:52
179611,AA Batteries (4-pack),1,4/20/2019 14:48
179612,20in Monitor,1,4/18/2019 17:54
179613,Wired Headphones,1,4/19/2019 20:07
179614,27in FHD Monitor,1,4/10/2019 21:30
179615,AAA Batteries (4-pack),1,4/16/2019 23:41
179616,iPhone,1,4/4/2019 19:04
179617,Apple Airpods Headphones,1,4/13/2019 23:24
179618,iPhone,1,4/21/2019 10:28
179619,AA Batteries (4-pack),5,4/3/2019 10:50
179620,Lightning Charging Cable,1,4/17/2019 18:57
179621,Lightning Charging Cable,1,4/17/2019 14:20
179622,Apple Airpods Headphones,1,4/24/2019 8:58
179623,AAA Batteries (4-pack),1,4/26/2019 17:52
179624,AA Batteries (4-pack),1,4/9/2019 5:04
179625,USB-C Charging Cable,1,4/24/2019 17:41
179626,USB-C Charging Cable,1,4/27/2019 23:26
179627,Wired Headphones,1,4/15/2019 15:49
179628,Wired Headphones,2,4/11/2019 23:26
179629,AA Batteries (4-pack),1,4/27/2019 21:18
Order ID,Product,Quantity Ordered,Order Date
179630,Bose SoundSport Headphones,1,4/25/2019 15:44
179631,Lightning Charging Cable,1,4/23/2019 14:38
179632,20in Monitor,1,4/6/2019 18:19
179633,AAA Batteries (4-pack),2,4/26/2019 18:41
179634,AA Batteries (4-pack),1,4/22/2019 10:23
179635,USB-C Charging Cable,1,4/12/2019 11:35
179636,Macbook Pro Laptop,1,4/26/2019 12:46
179637,AA Batteries (4-pack),1,4/5/2019 13:01
179638,USB-C Charging Cable,1,4/14/2019 15:04
179639,AAA Batteries (4-pack),2,4/22/2019 20:35
179640,Apple Airpods Headphones,1,4/15/2019 20:02
179641,Lightning Charging Cable,1,4/18/2019 9:47
179642,AAA Batteries (4-pack),1,4/16/2019 5:34
179643,AA Batteries (4-pack),1,4/21/2019 18:13
179644,34in Ultrawide Monitor,1,4/28/2019 10:40
179645,Bose SoundSport Headphones,1,4/23/2019 16:44
179646,AA Batteries (4-pack),1,4/22/2019 6:14
179647,AAA Batteries (4-pack),1,4/22/2019 20:42
179648,Bose SoundSport Headphones,1,4/8/2019 12:13
179649,Apple Airpods Headphones,1,4/4/2019 16:08
179650,iPhone,1,4/26/2019 18:53
179651,27in 4K Gaming Monitor,1,4/5/2019 11:02
179652,Apple Airpods Headphones,1,4/3/2019 10:56
179653,AA Batteries (4-pack),3,4/15/2019 16:53
179653,Flatscreen TV,1,4/15/2019 16:53
179654,iPhone,1,4/14/2019 17:28
179655,iPhone,1,4/3/2019 23:50
179656,27in 4K Gaming Monitor,1,4/11/2019 14:48
179657,27in FHD Monitor,1,4/13/2019 14:00
179658,USB-C Charging Cable,1,4/10/2019 11:27
179659,AA Batteries (4-pack),2,4/20/2019 12:32
179660,27in FHD Monitor,1,4/27/2019 15:58
179661,27in 4K Gaming Monitor,1,4/23/2019 21:26
179662,AAA Batteries (4-pack),2,4/19/2019 13:38
179663,USB-C Charging Cable,1,4/24/2019 7:54
179664,Bose SoundSport Headphones,1,4/11/2019 15:26
179665,AAA Batteries (4-pack),2,4/6/2019 9:20
179666,Bose SoundSport Headphones,1,4/18/2019 18:01
179667,Wired Headphones,1,4/2/2019 11:10
179668,Lightning Charging Cable,1,4/29/2019 11:52
179669,iPhone,1,4/26/2019 11:29
179670,AA Batteries (4-pack),1,4/8/2019 12:22
179671,AA Batteries (4-pack),2,4/5/2019 19:49
179672,AA Batteries (4-pack),1,4/30/2019 13:22
179673,Wired Headphones,2,4/28/2019 19:44
179674,Lightning Charging Cable,1,4/15/2019 12:23
179675,Macbook Pro Laptop,1,4/15/2019 18:12
179676,USB-C Charging Cable,1,4/13/2019 1:08
179677,USB-C Charging Cable,2,4/7/2019 8:49
179678,AA Batteries (4-pack),1,4/12/2019 16:55
179679,USB-C Charging Cable,1,4/16/2019 18:50
179680,Wired Headphones,1,4/24/2019 19:51
179681,USB-C Charging Cable,2,4/1/2019 19:20
179682,Apple Airpods Headphones,1,4/29/2019 11:36
179683,Wired Headphones,1,4/25/2019 15:26
179684,Wired Headphones,1,4/23/2019 19:37
179685,Lightning Charging Cable,1,4/27/2019 19:48
179686,Lightning Charging Cable,1,4/17/2019 11:45
179687,Macbook Pro Laptop,1,4/16/2019 13:56
179688,Lightning Charging Cable,1,4/11/2019 12:10
179689,AAA Batteries (4-pack),1,4/14/2019 18:47
179690,Bose SoundSport Headphones,1,4/28/2019 17:35
179691,AAA Batteries (4-pack),1,4/7/2019 0:18
179692,Bose SoundSport Headphones,1,4/22/2019 18:36
179693,27in FHD Monitor,1,4/25/2019 10:38
179694,Wired Headphones,1,4/25/2019 11:09
179695,Lightning Charging Cable,1,4/19/2019 13:10
179696,iPhone,1,4/20/2019 18:41
179697,AAA Batteries (4-pack),1,4/29/2019 19:37
179698,USB-C Charging Cable,1,4/4/2019 12:16
179699,Wired Headphones,1,4/3/2019 10:51
179700,Wired Headphones,1,4/26/2019 10:02
179701,AA Batteries (4-pack),1,4/14/2019 15:01
179702,USB-C Charging Cable,1,4/29/2019 11:43
179703,AA Batteries (4-pack),1,4/13/2019 13:26
179704,20in Monitor,1,4/14/2019 1:55
179705,Lightning Charging Cable,1,4/26/2019 13:04
179706,AAA Batteries (4-pack),2,4/30/2019 6:08
179707,AAA Batteries (4-pack),2,4/9/2019 0:07
179708,Lightning Charging Cable,1,4/25/2019 19:48
179709,AA Batteries (4-pack),1,4/26/2019 14:24
179710,AA Batteries (4-pack),1,4/21/2019 19:21
179711,AA Batteries (4-pack),2,4/17/2019 13:08
179712,USB-C Charging Cable,1,4/13/2019 13:10
179713,Macbook Pro Laptop,1,4/25/2019 14:48
179714,USB-C Charging Cable,1,4/1/2019 13:48
179715,Wired Headphones,1,4/11/2019 16:31
179716,Lightning Charging Cable,1,4/30/2019 18:05
179717,Lightning Charging Cable,1,4/1/2019 11:09
179718,LG Dryer,1,4/16/2019 22:12
179719,34in Ultrawide Monitor,1,4/3/2019 13:44
179720,AAA Batteries (4-pack),3,4/27/2019 14:10
179721,Lightning Charging Cable,1,4/15/2019 14:34
179722,Apple Airpods Headphones,1,4/23/2019 15:01
179723,Wired Headphones,1,4/2/2019 8:45
179724,AAA Batteries (4-pack),1,4/16/2019 6:06
179725,Wired Headphones,1,4/8/2019 7:45
179726,AA Batteries (4-pack),1,4/29/2019 18:51
179727,AAA Batteries (4-pack),1,4/29/2019 11:24
179728,Bose SoundSport Headphones,1,4/27/2019 8:55
179729,Google Phone,1,4/15/2019 3:52
179730,Lightning Charging Cable,1,4/21/2019 15:53
179731,Flatscreen TV,1,4/17/2019 0:28
179732,Apple Airpods Headphones,1,4/23/2019 19:17
179733,AAA Batteries (4-pack),1,4/4/2019 0:32
179734,USB-C Charging Cable,2,4/2/2019 0:16
179735,Apple Airpods Headphones,1,4/23/2019 19:30
179736,iPhone,1,4/25/2019 15:13
179737,Flatscreen TV,1,4/16/2019 16:10
179738,AAA Batteries (4-pack),1,4/12/2019 13:56
179739,20in Monitor,1,4/24/2019 14:43
179740,Flatscreen TV,1,4/20/2019 16:49
179741,Macbook Pro Laptop,1,4/29/2019 12:52
179742,AA Batteries (4-pack),1,4/7/2019 17:21
179743,USB-C Charging Cable,1,4/14/2019 8:26
179744,USB-C Charging Cable,1,4/7/2019 18:22
179745,Google Phone,1,4/5/2019 10:48
179745,USB-C Charging Cable,1,4/5/2019 10:48
179746,Wired Headphones,1,4/17/2019 9:52
179747,27in FHD Monitor,1,4/17/2019 9:07
179748,AAA Batteries (4-pack),1,4/1/2019 16:14
179749,Apple Airpods Headphones,1,4/6/2019 20:41
179750,iPhone,1,4/8/2019 4:26
179751,Apple Airpods Headphones,1,4/26/2019 22:55
179752,AA Batteries (4-pack),1,4/18/2019 12:04
179753,Macbook Pro Laptop,1,4/4/2019 9:49
179754,Apple Airpods Headphones,1,4/4/2019 15:14
179755,Macbook Pro Laptop,1,4/26/2019 15:26
179756,27in 4K Gaming Monitor,1,4/15/2019 12:47
179757,USB-C Charging Cable,1,4/14/2019 20:30
179758,AAA Batteries (4-pack),1,4/2/2019 21:02
179759,USB-C Charging Cable,1,4/14/2019 19:18
179760,Apple Airpods Headphones,1,4/21/2019 21:18
179761,Wired Headphones,1,4/10/2019 13:09
179762,Bose SoundSport Headphones,1,4/1/2019 12:12
179763,Wired Headphones,2,4/3/2019 22:42
179764,Wired Headphones,1,4/14/2019 11:13
179765,AAA Batteries (4-pack),2,4/10/2019 15:58
179766,AAA Batteries (4-pack),1,4/24/2019 7:33
179767,AAA Batteries (4-pack),1,4/22/2019 11:54
179768,iPhone,1,4/28/2019 15:11
179769,AAA Batteries (4-pack),1,4/16/2019 11:12
179770,Apple Airpods Headphones,1,4/24/2019 16:46
179771,Lightning Charging Cable,1,4/20/2019 20:37
179772,27in FHD Monitor,1,4/8/2019 17:42
179773,AA Batteries (4-pack),2,4/14/2019 15:04
179774,USB-C Charging Cable,1,4/22/2019 13:33
179775,AAA Batteries (4-pack),1,4/18/2019 20:18
179776,Wired Headphones,2,4/21/2019 21:38
179777,Wired Headphones,1,4/21/2019 14:51
179778,Apple Airpods Headphones,1,4/16/2019 15:15
179779,Bose SoundSport Headphones,1,4/7/2019 7:35
179780,Apple Airpods Headphones,1,4/9/2019 18:36
179781,AAA Batteries (4-pack),1,4/26/2019 22:20
179782,AA Batteries (4-pack),1,4/4/2019 21:52
179783,Wired Headphones,1,4/25/2019 12:13
179784,AAA Batteries (4-pack),1,4/27/2019 2:01
179785,AA Batteries (4-pack),1,4/28/2019 22:03
179786,AA Batteries (4-pack),1,4/4/2019 9:23
179787,AA Batteries (4-pack),1,4/8/2019 20:40
179788,AA Batteries (4-pack),1,4/7/2019 18:29
179789,AA Batteries (4-pack),3,4/22/2019 12:25
179790,AAA Batteries (4-pack),2,4/10/2019 9:58
179791,Lightning Charging Cable,1,4/5/2019 7:40
179792,USB-C Charging Cable,1,4/12/2019 19:57
179793,34in Ultrawide Monitor,1,4/9/2019 15:03
179794,Lightning Charging Cable,1,4/28/2019 12:08
179795,Lightning Charging Cable,1,4/18/2019 18:55
179796,USB-C Charging Cable,1,4/14/2019 11:05
179797,USB-C Charging Cable,1,4/11/2019 11:54
179798,Wired Headphones,1,4/25/2019 19:53
179799,Apple Airpods Headphones,1,4/29/2019 20:53
179800,Lightning Charging Cable,1,4/20/2019 11:01
179801,USB-C Charging Cable,1,4/21/2019 0:29
179802,Google Phone,1,4/28/2019 17:20
179803,Lightning Charging Cable,1,4/17/2019 20:23
179804,AAA Batteries (4-pack),2,4/3/2019 17:32
179805,Wired Headphones,1,4/18/2019 18:05
179806,Bose SoundSport Headphones,1,4/28/2019 14:12
179807,Apple Airpods Headphones,1,4/20/2019 13:11
179808,USB-C Charging Cable,1,4/4/2019 9:50
179808,27in FHD Monitor,1,4/4/2019 9:50
179809,27in 4K Gaming Monitor,1,4/16/2019 15:16
179810,Lightning Charging Cable,1,4/10/2019 12:54
179811,20in Monitor,1,4/10/2019 15:54
179812,Wired Headphones,1,4/14/2019 11:58
179813,AA Batteries (4-pack),1,4/26/2019 10:58
179814,Apple Airpods Headphones,1,4/9/2019 12:28
179815,Wired Headphones,2,4/28/2019 15:42
179816,34in Ultrawide Monitor,1,4/1/2019 21:52
179817,USB-C Charging Cable,1,4/30/2019 11:48
179818,USB-C Charging Cable,1,4/14/2019 9:56
179819,Bose SoundSport Headphones,1,4/21/2019 1:28
179820,Google Phone,1,4/3/2019 8:40
179820,USB-C Charging Cable,1,4/3/2019 8:40
179821,AAA Batteries (4-pack),2,4/22/2019 16:19
179822,27in 4K Gaming Monitor,1,4/30/2019 18:33
179823,Apple Airpods Headphones,1,4/23/2019 14:50
179824,20in Monitor,1,4/8/2019 17:26
179825,USB-C Charging Cable,1,4/2/2019 18:07
179826,AAA Batteries (4-pack),1,4/20/2019 9:06
179827,27in 4K Gaming Monitor,1,4/10/2019 15:24
179828,Lightning Charging Cable,1,4/5/2019 6:38
179829,AA Batteries (4-pack),1,4/15/2019 10:23
179830,AA Batteries (4-pack),1,4/24/2019 21:40
179831,Apple Airpods Headphones,1,4/10/2019 7:40
179832,Lightning Charging Cable,1,4/28/2019 19:23
179833,AAA Batteries (4-pack),3,4/21/2019 0:49
179834,USB-C Charging Cable,1,4/7/2019 7:36
179835,Google Phone,1,4/21/2019 16:38
179835,Wired Headphones,1,4/21/2019 16:38
179836,Flatscreen TV,1,4/26/2019 22:16
179837,Google Phone,1,4/4/2019 11:11
179837,USB-C Charging Cable,1,4/4/2019 11:11
179838,AAA Batteries (4-pack),1,4/6/2019 15:25
179839,27in 4K Gaming Monitor,1,4/3/2019 16:43
179840,Wired Headphones,1,4/10/2019 13:36
179841,Wired Headphones,1,4/9/2019 16:58
179842,AAA Batteries (4-pack),1,4/11/2019 14:58
179843,USB-C Charging Cable,1,4/26/2019 12:29
179844,Apple Airpods Headphones,1,4/19/2019 16:38
179845,AAA Batteries (4-pack),2,4/11/2019 13:08
179846,ThinkPad Laptop,1,4/8/2019 19:42
179847,Lightning Charging Cable,1,4/21/2019 13:11
179848,Apple Airpods Headphones,1,4/22/2019 19:46
179849,34in Ultrawide Monitor,1,4/20/2019 10:26
179850,34in Ultrawide Monitor,1,4/22/2019 17:08
179851,Vareebadd Phone,1,4/3/2019 11:37
179852,ThinkPad Laptop,1,4/16/2019 11:42
179853,Lightning Charging Cable,1,4/14/2019 10:14
179854,Apple Airpods Headphones,1,4/27/2019 0:42
179855,USB-C Charging Cable,1,4/29/2019 12:43
179856,27in FHD Monitor,1,4/4/2019 7:39
179857,Apple Airpods Headphones,1,4/6/2019 15:09
179858,USB-C Charging Cable,1,4/20/2019 21:01
179859,Lightning Charging Cable,1,4/21/2019 20:13
179860,LG Dryer,1,4/20/2019 12:45
179861,AA Batteries (4-pack),1,4/29/2019 20:15
179862,AA Batteries (4-pack),3,4/4/2019 9:14
179863,ThinkPad Laptop,1,4/5/2019 8:21
179864,Lightning Charging Cable,1,4/6/2019 18:43
179865,AAA Batteries (4-pack),6,4/14/2019 11:24
179866,Apple Airpods Headphones,1,4/26/2019 21:07
179867,USB-C Charging Cable,1,4/21/2019 18:51
179868,Apple Airpods Headphones,1,4/24/2019 20:56
179869,ThinkPad Laptop,1,4/2/2019 19:15
179870,AA Batteries (4-pack),1,4/8/2019 20:14
179871,AAA Batteries (4-pack),2,4/24/2019 9:17
179872,AAA Batteries (4-pack),1,4/1/2019 22:35
179873,20in Monitor,1,4/24/2019 12:43
179874,Macbook Pro Laptop,1,4/27/2019 19:08
179875,27in FHD Monitor,1,4/10/2019 18:51
179876,Macbook Pro Laptop,1,4/19/2019 14:01
179877,AA Batteries (4-pack),1,4/29/2019 13:39
179878,Bose SoundSport Headphones,1,4/14/2019 20:23
179879,AA Batteries (4-pack),1,4/3/2019 10:16
179880,USB-C Charging Cable,1,4/6/2019 20:58
179881,USB-C Charging Cable,1,4/6/2019 16:51
179882,Lightning Charging Cable,1,4/15/2019 13:04
179883,iPhone,1,4/4/2019 15:53
179884,ThinkPad Laptop,1,4/25/2019 20:12
179885,20in Monitor,1,4/26/2019 17:53
179885,Bose SoundSport Headphones,1,4/26/2019 17:53
179886,iPhone,1,4/23/2019 11:42
179887,34in Ultrawide Monitor,1,4/18/2019 14:59
179888,AA Batteries (4-pack),1,4/10/2019 19:38
179889,Bose SoundSport Headphones,1,4/22/2019 10:33
179890,USB-C Charging Cable,1,4/20/2019 19:06
179891,34in Ultrawide Monitor,1,4/30/2019 20:46
179892,USB-C Charging Cable,1,4/3/2019 2:31
179893,27in 4K Gaming Monitor,1,4/26/2019 8:11
179894,Wired Headphones,1,4/8/2019 20:54
179895,AA Batteries (4-pack),1,4/26/2019 11:20
179896,AA Batteries (4-pack),1,4/2/2019 12:36
179897,Flatscreen TV,1,4/16/2019 17:57
179898,iPhone,1,4/30/2019 9:08
179899,27in 4K Gaming Monitor,1,4/1/2019 16:40
179900,27in FHD Monitor,1,4/23/2019 20:22
179901,USB-C Charging Cable,1,4/26/2019 17:28
179902,Bose SoundSport Headphones,1,4/9/2019 16:28
179903,Bose SoundSport Headphones,1,4/4/2019 13:50
179904,Lightning Charging Cable,1,4/28/2019 8:05
179905,iPhone,1,4/28/2019 22:23
179906,Bose SoundSport Headphones,1,4/2/2019 11:26
179907,AAA Batteries (4-pack),1,4/25/2019 18:44
179908,Apple Airpods Headphones,1,4/3/2019 17:03
179909,Apple Airpods Headphones,1,4/11/2019 18:57
179910,AAA Batteries (4-pack),1,4/17/2019 22:50
179911,Lightning Charging Cable,1,4/3/2019 12:59
179912,20in Monitor,1,4/15/2019 19:34
179913,Google Phone,1,4/16/2019 17:25
179914,Macbook Pro Laptop,1,4/15/2019 22:39
179915,Apple Airpods Headphones,1,4/29/2019 10:39
179916,Vareebadd Phone,1,4/16/2019 20:33
179917,AA Batteries (4-pack),2,4/24/2019 22:19
179918,USB-C Charging Cable,2,4/14/2019 19:27
179919,Apple Airpods Headphones,1,4/4/2019 13:25
179920,AA Batteries (4-pack),2,4/11/2019 15:36
179921,20in Monitor,1,4/13/2019 17:49
179922,Apple Airpods Headphones,1,4/17/2019 11:37
179923,34in Ultrawide Monitor,1,4/3/2019 19:16
179924,Wired Headphones,1,4/9/2019 20:43
179925,34in Ultrawide Monitor,1,4/3/2019 12:58
179926,Bose SoundSport Headphones,1,4/1/2019 14:10
179927,Wired Headphones,1,4/13/2019 16:26
179928,20in Monitor,1,4/7/2019 12:27
179929,Bose SoundSport Headphones,1,4/10/2019 13:54
179930,AAA Batteries (4-pack),1,4/6/2019 16:43
179931,34in Ultrawide Monitor,1,4/2/2019 10:09
179932,Flatscreen TV,1,4/30/2019 21:17
179933,AA Batteries (4-pack),3,4/26/2019 15:49
179934,ThinkPad Laptop,1,4/9/2019 8:30
179935,Vareebadd Phone,1,4/17/2019 13:13
179936,AAA Batteries (4-pack),1,4/13/2019 14:50
179937,Wired Headphones,1,4/12/2019 15:36
179938,Lightning Charging Cable,1,4/4/2019 18:57
179939,34in Ultrawide Monitor,1,4/3/2019 19:04
179940,AA Batteries (4-pack),1,4/26/2019 20:36
179941,Wired Headphones,1,4/26/2019 18:46
179942,LG Dryer,1,4/16/2019 14:24
179943,AAA Batteries (4-pack),2,4/14/2019 11:08
179944,Flatscreen TV,1,4/28/2019 9:38
179944,AA Batteries (4-pack),1,4/28/2019 9:38
179945,USB-C Charging Cable,1,4/22/2019 10:54
179946,Wired Headphones,1,4/8/2019 22:37
179947,AAA Batteries (4-pack),1,4/20/2019 14:06
179948,Vareebadd Phone,1,4/6/2019 20:01
179949,Wired Headphones,1,4/21/2019 14:41
179950,27in FHD Monitor,1,4/22/2019 19:10
179951,Bose SoundSport Headphones,1,4/7/2019 18:41
179952,Apple Airpods Headphones,1,4/22/2019 2:29
179953,AAA Batteries (4-pack),1,4/27/2019 9:19
179954,27in 4K Gaming Monitor,1,4/4/2019 10:05
179955,Flatscreen TV,1,4/14/2019 19:49
179956,Wired Headphones,1,4/30/2019 18:31
179957,Lightning Charging Cable,1,4/16/2019 15:16
179958,AA Batteries (4-pack),1,4/4/2019 13:51
179959,Wired Headphones,1,4/7/2019 12:41
179960,USB-C Charging Cable,1,4/24/2019 13:37
179961,Google Phone,1,4/25/2019 3:09
179962,AAA Batteries (4-pack),1,4/17/2019 15:28
179963,Macbook Pro Laptop,1,4/30/2019 15:31
179964,Bose SoundSport Headphones,1,4/25/2019 18:23
179965,Macbook Pro Laptop,1,4/30/2019 15:23
179966,iPhone,1,4/15/2019 8:40
179966,Lightning Charging Cable,1,4/15/2019 8:40
179967,USB-C Charging Cable,1,4/16/2019 10:51
179968,34in Ultrawide Monitor,1,4/5/2019 12:44
179969,Google Phone,1,4/21/2019 16:14
179969,Wired Headphones,1,4/21/2019 16:14
179970,AAA Batteries (4-pack),2,4/18/2019 18:44
179971,iPhone,1,4/1/2019 22:27
179972,Bose SoundSport Headphones,1,4/2/2019 11:57
179973,Bose SoundSport Headphones,1,4/27/2019 16:27
179974,ThinkPad Laptop,1,4/29/2019 18:00
179975,27in FHD Monitor,1,4/30/2019 16:40
179976,AA Batteries (4-pack),1,4/10/2019 19:53
179977,AAA Batteries (4-pack),1,4/30/2019 11:49
179978,Lightning Charging Cable,1,4/3/2019 10:35
179979,Apple Airpods Headphones,1,4/10/2019 21:16
179980,iPhone,1,4/9/2019 18:49
179981,Lightning Charging Cable,1,4/22/2019 12:27
179982,Bose SoundSport Headphones,1,4/6/2019 8:30
179983,iPhone,1,4/12/2019 11:38
179984,Google Phone,1,4/5/2019 7:07
179985,iPhone,1,4/16/2019 23:50
179986,Lightning Charging Cable,1,4/24/2019 11:47
179987,AA Batteries (4-pack),2,4/30/2019 17:19
179988,USB-C Charging Cable,1,4/14/2019 14:23
179989,LG Washing Machine,1,4/2/2019 20:54
179990,LG Dryer,1,4/25/2019 15:35
179991,AA Batteries (4-pack),1,4/19/2019 20:06
179992,Lightning Charging Cable,1,4/27/2019 22:50
179993,Lightning Charging Cable,1,4/21/2019 16:12
179994,Bose SoundSport Headphones,1,4/3/2019 21:19
179995,Macbook Pro Laptop,1,4/6/2019 19:50
179996,34in Ultrawide Monitor,1,4/14/2019 0:20
179997,Wired Headphones,1,4/13/2019 12:45
179998,iPhone,1,4/1/2019 21:17
179998,Apple Airpods Headphones,1,4/1/2019 21:17
179999,iPhone,1,4/26/2019 19:19
180000,iPhone,1,4/15/2019 11:01
180000,Lightning Charging Cable,1,4/15/2019 11:01
180001,Flatscreen TV,1,4/19/2019 20:19
180002,ThinkPad Laptop,1,4/25/2019 11:25
180003,USB-C Charging Cable,1,4/1/2019 8:15
180004,Lightning Charging Cable,2,4/6/2019 19:38
180005,AA Batteries (4-pack),2,4/23/2019 15:34
180006,USB-C Charging Cable,1,4/6/2019 14:14
180007,20in Monitor,1,4/12/2019 11:03
180008,Wired Headphones,1,4/27/2019 12:06
180009,AA Batteries (4-pack),1,4/14/2019 9:36
180010,AA Batteries (4-pack),1,4/22/2019 16:36
180011,Flatscreen TV,1,4/9/2019 12:56
180012,Apple Airpods Headphones,1,4/20/2019 14:15
180013,Lightning Charging Cable,1,4/9/2019 20:12
180014,AAA Batteries (4-pack),1,4/27/2019 20:08
180015,Bose SoundSport Headphones,1,4/1/2019 11:59
180016,27in FHD Monitor,1,4/21/2019 15:29
180017,Bose SoundSport Headphones,1,5/1/2019 0:58
180018,Wired Headphones,2,4/8/2019 10:01
180019,Bose SoundSport Headphones,1,4/30/2019 14:26
180020,iPhone,1,4/6/2019 13:18
180021,AAA Batteries (4-pack),2,4/9/2019 16:45
180022,AA Batteries (4-pack),1,4/6/2019 20:29
180023,AAA Batteries (4-pack),3,4/1/2019 15:16
180024,AAA Batteries (4-pack),3,4/4/2019 13:15
180025,Wired Headphones,1,4/18/2019 10:26
Order ID,Product,Quantity Ordered,Order Date
180026,AA Batteries (4-pack),1,4/19/2019 22:21
180027,Apple Airpods Headphones,1,4/18/2019 18:34
180028,Wired Headphones,1,4/6/2019 15:41
180029,ThinkPad Laptop,1,4/28/2019 10:59
180030,Wired Headphones,1,4/15/2019 10:41
180031,Vareebadd Phone,1,4/22/2019 15:33
180031,USB-C Charging Cable,1,4/22/2019 15:33
180032,Apple Airpods Headphones,1,4/6/2019 14:11
180033,27in 4K Gaming Monitor,1,4/23/2019 20:11
180034,Wired Headphones,1,4/6/2019 14:28
180035,34in Ultrawide Monitor,1,4/10/2019 7:32
180036,Lightning Charging Cable,1,4/25/2019 23:46
180037,Wired Headphones,1,4/26/2019 20:05
180038,Bose SoundSport Headphones,1,4/6/2019 9:26
180039,Lightning Charging Cable,2,4/15/2019 13:57
180040,Lightning Charging Cable,1,4/17/2019 11:43
180041,Flatscreen TV,1,4/27/2019 17:23
180042,AA Batteries (4-pack),2,4/12/2019 8:04
180043,AAA Batteries (4-pack),3,4/7/2019 22:07
180044,USB-C Charging Cable,3,4/23/2019 13:02
180045,AAA Batteries (4-pack),1,4/4/2019 8:44
180046,Lightning Charging Cable,1,4/18/2019 12:15
180047,USB-C Charging Cable,1,4/3/2019 10:07
180048,AAA Batteries (4-pack),5,4/6/2019 17:30
180049,USB-C Charging Cable,1,4/14/2019 14:58
180050,AA Batteries (4-pack),1,4/3/2019 10:21
180051,AA Batteries (4-pack),1,4/20/2019 9:57
180052,34in Ultrawide Monitor,1,4/23/2019 18:39
180053,ThinkPad Laptop,1,4/24/2019 11:30
180054,Bose SoundSport Headphones,1,4/27/2019 17:16
180055,34in Ultrawide Monitor,1,4/21/2019 18:31
180056,ThinkPad Laptop,1,4/16/2019 9:52
180057,AA Batteries (4-pack),2,4/19/2019 13:35
180058,AAA Batteries (4-pack),2,4/21/2019 0:09
180059,27in FHD Monitor,1,4/17/2019 20:36
180060,20in Monitor,1,4/17/2019 19:27
180061,Wired Headphones,1,4/12/2019 11:24
180062,AA Batteries (4-pack),1,4/8/2019 12:01
180063,27in 4K Gaming Monitor,1,4/29/2019 12:48
180064,iPhone,1,4/7/2019 5:39
180065,Lightning Charging Cable,1,4/6/2019 14:26
180066,USB-C Charging Cable,1,4/19/2019 23:05
180067,27in 4K Gaming Monitor,1,4/16/2019 14:52
180068,AAA Batteries (4-pack),1,4/21/2019 13:06
180069,27in FHD Monitor,1,4/23/2019 19:15
180070,USB-C Charging Cable,1,4/27/2019 21:54
180071,Apple Airpods Headphones,1,4/25/2019 19:02
180072,Macbook Pro Laptop,1,4/17/2019 20:35
180073,AA Batteries (4-pack),1,4/21/2019 14:37
180074,20in Monitor,1,4/8/2019 18:02
180075,Lightning Charging Cable,1,4/9/2019 20:00
180076,Bose SoundSport Headphones,2,4/7/2019 10:53
180077,Bose SoundSport Headphones,1,4/23/2019 21:07
180078,Macbook Pro Laptop,1,4/24/2019 16:40
180079,Google Phone,1,4/12/2019 10:48
180080,34in Ultrawide Monitor,1,4/12/2019 17:03
180081,USB-C Charging Cable,1,4/16/2019 11:57
180082,LG Dryer,1,4/14/2019 8:35
180083,AAA Batteries (4-pack),1,4/13/2019 20:47
180084,Vareebadd Phone,1,4/16/2019 23:44
180085,iPhone,1,4/16/2019 8:49
180086,USB-C Charging Cable,1,4/7/2019 17:01
180087,Lightning Charging Cable,1,4/7/2019 7:29
180088,Apple Airpods Headphones,1,4/1/2019 17:45
180089,AAA Batteries (4-pack),1,4/8/2019 15:57
180090,AAA Batteries (4-pack),1,4/24/2019 16:25
180091,iPhone,1,4/28/2019 20:03
180092,Wired Headphones,1,4/23/2019 10:33
180093,AA Batteries (4-pack),1,4/5/2019 21:41
180094,LG Washing Machine,1,4/6/2019 1:05
180095,Bose SoundSport Headphones,1,4/16/2019 13:24
180096,Bose SoundSport Headphones,1,4/10/2019 8:38
180097,20in Monitor,2,4/25/2019 22:40
180098,20in Monitor,1,4/12/2019 10:23
180099,ThinkPad Laptop,1,4/11/2019 16:49
180100,Apple Airpods Headphones,1,4/21/2019 1:38
180101,Bose SoundSport Headphones,1,4/20/2019 15:51
180102,USB-C Charging Cable,1,4/21/2019 13:57
180103,27in 4K Gaming Monitor,1,4/5/2019 23:57
180104,AA Batteries (4-pack),1,4/5/2019 12:59
180105,AAA Batteries (4-pack),1,4/1/2019 17:02
180106,Bose SoundSport Headphones,1,4/6/2019 19:54
180107,AAA Batteries (4-pack),1,4/13/2019 8:48
180108,Bose SoundSport Headphones,1,4/12/2019 13:56
180108,AA Batteries (4-pack),4,4/12/2019 13:56
180109,Wired Headphones,1,4/20/2019 19:43
180110,Macbook Pro Laptop,1,4/16/2019 17:52
180111,AA Batteries (4-pack),2,4/15/2019 10:37
180112,Bose SoundSport Headphones,1,4/3/2019 10:34
180113,AAA Batteries (4-pack),1,4/13/2019 9:14
180114,27in FHD Monitor,1,4/12/2019 20:55
180115,Bose SoundSport Headphones,1,4/9/2019 14:49
180116,Apple Airpods Headphones,1,4/8/2019 11:11
180117,Macbook Pro Laptop,1,4/30/2019 20:06
180118,Bose SoundSport Headphones,1,4/11/2019 3:33
180119,ThinkPad Laptop,1,4/26/2019 9:24
180120,AA Batteries (4-pack),1,4/25/2019 19:27
180121,Lightning Charging Cable,1,4/30/2019 18:54
180122,AAA Batteries (4-pack),1,4/10/2019 17:13
180123,Wired Headphones,1,4/9/2019 9:43
180124,Wired Headphones,1,4/12/2019 1:48
180125,AA Batteries (4-pack),1,4/7/2019 15:18
180126,Lightning Charging Cable,1,4/16/2019 0:59
180127,LG Washing Machine,1,4/23/2019 9:34
180128,Apple Airpods Headphones,1,4/14/2019 23:22
180129,Google Phone,1,4/14/2019 17:43
180130,Bose SoundSport Headphones,1,4/21/2019 12:17
180131,Apple Airpods Headphones,1,4/30/2019 15:07
180132,Apple Airpods Headphones,1,4/21/2019 8:11
180133,iPhone,1,4/2/2019 13:20
180134,Wired Headphones,1,4/11/2019 23:14
180135,Google Phone,1,4/13/2019 14:46
180135,Wired Headphones,1,4/13/2019 14:46
180136,USB-C Charging Cable,1,4/2/2019 15:17
180137,Flatscreen TV,1,4/26/2019 12:02
180138,USB-C Charging Cable,1,4/9/2019 19:22
180139,USB-C Charging Cable,1,4/19/2019 19:28
180140,AA Batteries (4-pack),3,4/2/2019 5:55
180141,Apple Airpods Headphones,1,4/25/2019 10:33
180142,AAA Batteries (4-pack),1,4/21/2019 19:50
180143,27in FHD Monitor,1,4/22/2019 12:49
180144,27in 4K Gaming Monitor,1,4/17/2019 10:05
180145,Apple Airpods Headphones,1,4/13/2019 12:24
180146,iPhone,1,4/11/2019 17:48
180147,Google Phone,1,4/15/2019 23:54
180148,Lightning Charging Cable,1,4/21/2019 19:28
180149,Lightning Charging Cable,1,4/17/2019 18:50
180150,34in Ultrawide Monitor,1,4/14/2019 15:11
180151,AAA Batteries (4-pack),2,4/5/2019 13:13
180152,USB-C Charging Cable,1,4/14/2019 18:34
180153,Lightning Charging Cable,2,4/29/2019 19:38
180154,34in Ultrawide Monitor,1,4/20/2019 10:55
180155,Lightning Charging Cable,2,4/9/2019 1:19
180156,Wired Headphones,1,4/8/2019 12:41
180157,Google Phone,1,4/3/2019 20:57
180158,Vareebadd Phone,1,4/10/2019 16:01
180159,Apple Airpods Headphones,1,4/26/2019 14:41
180160,AAA Batteries (4-pack),3,4/18/2019 15:55
180161,USB-C Charging Cable,1,4/16/2019 7:56
180161,ThinkPad Laptop,1,4/16/2019 7:56
180162,AAA Batteries (4-pack),1,4/6/2019 20:53
180163,Apple Airpods Headphones,1,4/10/2019 21:47
180164,27in 4K Gaming Monitor,1,4/3/2019 11:36
180165,Wired Headphones,1,4/16/2019 19:51
180166,AA Batteries (4-pack),1,4/24/2019 20:20
180167,USB-C Charging Cable,1,4/30/2019 16:52
180168,AAA Batteries (4-pack),3,4/7/2019 18:42
180169,Lightning Charging Cable,2,4/17/2019 12:31
180170,Wired Headphones,1,4/7/2019 14:02
180171,ThinkPad Laptop,1,4/1/2019 12:31
180172,AAA Batteries (4-pack),2,4/27/2019 21:07
180173,AA Batteries (4-pack),1,4/28/2019 15:01
180174,AAA Batteries (4-pack),1,4/28/2019 15:42
180175,Apple Airpods Headphones,1,4/27/2019 20:35
180176,Macbook Pro Laptop,1,4/15/2019 0:05
180177,Bose SoundSport Headphones,1,4/9/2019 21:39
180178,Wired Headphones,1,4/7/2019 19:16
180179,Bose SoundSport Headphones,1,4/13/2019 23:44
180180,AAA Batteries (4-pack),1,4/20/2019 9:36
180181,Lightning Charging Cable,1,4/30/2019 17:56
180182,USB-C Charging Cable,1,4/8/2019 21:20
180183,USB-C Charging Cable,1,4/17/2019 18:01
180184,USB-C Charging Cable,1,4/16/2019 9:57
180185,AA Batteries (4-pack),2,4/6/2019 17:21
180186,Lightning Charging Cable,1,4/22/2019 17:47
180187,AA Batteries (4-pack),1,4/15/2019 15:32
180188,USB-C Charging Cable,1,4/12/2019 15:41
180189,Bose SoundSport Headphones,1,4/14/2019 23:50
180190,Flatscreen TV,1,4/24/2019 13:21
180191,Lightning Charging Cable,1,4/18/2019 23:52
180192,Macbook Pro Laptop,1,4/1/2019 12:55
180193,USB-C Charging Cable,1,4/2/2019 10:38
180194,Apple Airpods Headphones,1,4/28/2019 19:00
180195,AAA Batteries (4-pack),1,4/21/2019 9:36
180196,Wired Headphones,1,4/14/2019 10:02
180197,AA Batteries (4-pack),1,4/22/2019 10:15
180198,USB-C Charging Cable,1,4/8/2019 20:25
180199,ThinkPad Laptop,1,4/6/2019 14:40
180200,Wired Headphones,1,4/21/2019 23:30
180201,Bose SoundSport Headphones,1,4/13/2019 21:50
180202,Lightning Charging Cable,1,4/10/2019 20:34
180203,Apple Airpods Headphones,1,4/7/2019 13:46
180204,AA Batteries (4-pack),1,4/24/2019 16:38
180205,Lightning Charging Cable,1,4/14/2019 9:59
180206,iPhone,1,4/2/2019 8:43
180207,Apple Airpods Headphones,1,4/13/2019 1:46
180207,Apple Airpods Headphones,1,4/13/2019 1:46
180208,Macbook Pro Laptop,1,4/4/2019 12:19
180209,USB-C Charging Cable,1,4/15/2019 16:32
180210,Wired Headphones,1,4/14/2019 12:24
180211,Lightning Charging Cable,1,4/3/2019 18:58
180212,Flatscreen TV,1,4/30/2019 9:45
180213,27in FHD Monitor,1,4/18/2019 19:32
180213,AAA Batteries (4-pack),1,4/18/2019 19:32
180214,USB-C Charging Cable,1,4/19/2019 14:03
180215,27in 4K Gaming Monitor,1,4/18/2019 11:29
180216,AA Batteries (4-pack),1,4/16/2019 20:51
180217,AA Batteries (4-pack),2,4/28/2019 23:26
180218,20in Monitor,1,4/13/2019 11:30
180219,AA Batteries (4-pack),1,4/27/2019 23:32
180220,Lightning Charging Cable,1,4/25/2019 12:00
180221,Bose SoundSport Headphones,1,4/1/2019 8:00
180222,Flatscreen TV,1,4/16/2019 15:26
180223,27in FHD Monitor,1,4/4/2019 21:03
180224,Wired Headphones,2,4/11/2019 13:41
180225,Lightning Charging Cable,1,4/21/2019 20:19
180226,USB-C Charging Cable,1,4/7/2019 14:52
180227,USB-C Charging Cable,3,4/4/2019 10:52
180227,Bose SoundSport Headphones,1,4/4/2019 10:52
180228,AAA Batteries (4-pack),1,4/30/2019 18:32
180229,AA Batteries (4-pack),1,4/13/2019 15:33
180230,USB-C Charging Cable,1,4/1/2019 19:53
180231,27in FHD Monitor,1,4/27/2019 12:24
180232,USB-C Charging Cable,1,4/8/2019 13:47
180233,Wired Headphones,1,4/6/2019 13:37
180234,Flatscreen TV,1,4/9/2019 12:22
180235,27in 4K Gaming Monitor,1,4/15/2019 19:16
180236,iPhone,1,4/11/2019 19:13
180237,iPhone,1,4/18/2019 12:35
180237,AAA Batteries (4-pack),1,4/18/2019 12:35
180238,34in Ultrawide Monitor,1,4/25/2019 20:17
180239,27in FHD Monitor,1,4/23/2019 19:02
180240,Vareebadd Phone,1,4/7/2019 11:30
180241,27in 4K Gaming Monitor,1,4/8/2019 13:46
180242,USB-C Charging Cable,1,4/22/2019 12:17
180243,AA Batteries (4-pack),3,4/27/2019 1:33
180244,Bose SoundSport Headphones,1,4/30/2019 14:37
180245,20in Monitor,1,4/29/2019 18:54
180246,AAA Batteries (4-pack),2,4/2/2019 0:23
180247,USB-C Charging Cable,1,4/9/2019 11:56
180248,AA Batteries (4-pack),1,4/18/2019 20:33
180249,AA Batteries (4-pack),1,4/29/2019 11:53
180250,Wired Headphones,1,4/17/2019 10:07
180251,Lightning Charging Cable,2,4/26/2019 15:23
180252,Flatscreen TV,1,4/7/2019 10:57
180253,Lightning Charging Cable,1,4/7/2019 22:05
180254,27in 4K Gaming Monitor,1,4/16/2019 22:04
180255,Bose SoundSport Headphones,1,4/23/2019 10:23
180256,Flatscreen TV,1,4/4/2019 11:31
180257,Apple Airpods Headphones,1,4/25/2019 0:02
180258,Wired Headphones,1,4/16/2019 17:25
180259,27in FHD Monitor,1,4/22/2019 21:12
180260,AA Batteries (4-pack),1,4/15/2019 11:30
180261,AAA Batteries (4-pack),1,4/18/2019 15:20
180262,USB-C Charging Cable,1,4/30/2019 17:38
180263,Apple Airpods Headphones,1,4/27/2019 19:21
180264,Bose SoundSport Headphones,1,4/14/2019 18:19
180265,AA Batteries (4-pack),3,4/27/2019 14:02
180266,Flatscreen TV,1,4/24/2019 12:14
180267,Flatscreen TV,1,4/10/2019 18:15
180268,Wired Headphones,1,4/14/2019 13:14
180269,Lightning Charging Cable,1,4/5/2019 22:32
180270,Lightning Charging Cable,1,4/6/2019 15:27
180271,Flatscreen TV,1,4/10/2019 16:05
180272,Apple Airpods Headphones,1,4/6/2019 20:26
180273,34in Ultrawide Monitor,1,4/28/2019 22:53
180274,Bose SoundSport Headphones,1,4/5/2019 18:14
180275,AA Batteries (4-pack),1,4/21/2019 17:03
180276,27in 4K Gaming Monitor,1,4/16/2019 3:36
180277,34in Ultrawide Monitor,1,4/28/2019 0:19
180278,iPhone,1,4/10/2019 10:23
180279,AA Batteries (4-pack),1,4/25/2019 18:22
180280,Lightning Charging Cable,1,4/30/2019 15:29
180281,Lightning Charging Cable,1,4/9/2019 9:47
180282,34in Ultrawide Monitor,1,4/13/2019 16:47
180283,Apple Airpods Headphones,1,4/25/2019 11:26
180284,AA Batteries (4-pack),1,4/12/2019 12:27
180285,Lightning Charging Cable,1,4/2/2019 13:03
180286,AAA Batteries (4-pack),1,4/13/2019 8:59
180287,Apple Airpods Headphones,1,4/1/2019 15:21
180288,USB-C Charging Cable,1,4/17/2019 11:53
180289,Lightning Charging Cable,1,4/29/2019 11:20
180290,AAA Batteries (4-pack),3,4/17/2019 16:08
180291,Lightning Charging Cable,1,4/19/2019 18:18
180292,Wired Headphones,1,4/21/2019 19:06
180293,Bose SoundSport Headphones,1,4/8/2019 11:09
180294,AA Batteries (4-pack),1,4/20/2019 18:33
180295,AA Batteries (4-pack),1,4/30/2019 16:42
180296,Apple Airpods Headphones,1,4/9/2019 14:41
180297,USB-C Charging Cable,1,4/19/2019 18:47
180298,AA Batteries (4-pack),1,4/15/2019 11:27
180299,Apple Airpods Headphones,1,4/4/2019 20:16
180300,AA Batteries (4-pack),1,4/6/2019 22:29
180301,34in Ultrawide Monitor,1,4/21/2019 16:49
180302,27in FHD Monitor,1,4/18/2019 18:16
180303,Apple Airpods Headphones,1,4/11/2019 21:51
180304,AAA Batteries (4-pack),1,4/11/2019 10:35
180305,Apple Airpods Headphones,1,4/13/2019 14:12
180306,AAA Batteries (4-pack),2,4/22/2019 11:58
180307,Flatscreen TV,1,4/4/2019 15:30
180308,27in FHD Monitor,1,4/22/2019 14:15
180309,Wired Headphones,1,4/17/2019 0:16
180310,27in 4K Gaming Monitor,1,4/9/2019 8:45
180311,Wired Headphones,1,4/24/2019 22:27
180312,AAA Batteries (4-pack),1,4/16/2019 13:41
180313,Lightning Charging Cable,1,4/28/2019 13:53
180314,AA Batteries (4-pack),1,4/29/2019 15:40
180315,Wired Headphones,1,4/27/2019 13:24
180316,AA Batteries (4-pack),1,4/18/2019 21:00
180317,AA Batteries (4-pack),2,4/7/2019 17:21
180318,Lightning Charging Cable,1,4/10/2019 15:39
180319,ThinkPad Laptop,1,4/30/2019 16:18
180320,Lightning Charging Cable,1,4/1/2019 19:09
180321,USB-C Charging Cable,1,4/23/2019 7:27
180322,USB-C Charging Cable,1,4/13/2019 14:03
180322,iPhone,1,4/13/2019 14:03
180323,20in Monitor,1,4/13/2019 12:25
180324,USB-C Charging Cable,2,4/9/2019 13:29
180325,27in 4K Gaming Monitor,1,4/16/2019 17:33
180326,20in Monitor,1,4/11/2019 15:58
180327,Apple Airpods Headphones,1,4/16/2019 15:55
180328,Apple Airpods Headphones,1,4/22/2019 7:36
180329,Wired Headphones,1,4/6/2019 13:16
180330,Wired Headphones,1,4/18/2019 12:35
180331,USB-C Charging Cable,1,4/30/2019 19:14
180332,AA Batteries (4-pack),3,4/14/2019 17:52
180333,AA Batteries (4-pack),5,4/14/2019 9:15
180333,Wired Headphones,1,4/14/2019 9:15
180334,20in Monitor,1,4/22/2019 20:14
180335,ThinkPad Laptop,1,4/8/2019 17:21
180336,AAA Batteries (4-pack),1,4/19/2019 18:49
180337,USB-C Charging Cable,1,4/18/2019 6:55
180338,USB-C Charging Cable,1,4/12/2019 16:38
180339,Wired Headphones,1,4/18/2019 16:19
180340,27in 4K Gaming Monitor,1,4/21/2019 21:01
180341,Lightning Charging Cable,1,4/24/2019 11:09
180342,Wired Headphones,2,4/14/2019 14:54
180343,ThinkPad Laptop,1,4/13/2019 11:44
180344,34in Ultrawide Monitor,1,4/25/2019 15:27
180345,Wired Headphones,1,4/5/2019 19:11
180346,AAA Batteries (4-pack),1,4/20/2019 13:13
180347,AAA Batteries (4-pack),1,4/26/2019 10:49
180348,Lightning Charging Cable,1,4/14/2019 20:11
180349,Lightning Charging Cable,1,4/17/2019 7:13
180350,Apple Airpods Headphones,1,4/23/2019 23:27
180351,ThinkPad Laptop,1,4/9/2019 9:45
180352,Bose SoundSport Headphones,1,4/6/2019 23:35
180353,27in FHD Monitor,1,4/22/2019 11:58
180353,AA Batteries (4-pack),1,4/22/2019 11:58
180354,Wired Headphones,1,4/11/2019 22:08
180355,34in Ultrawide Monitor,1,4/9/2019 9:12
180356,Lightning Charging Cable,1,4/1/2019 10:22
180357,USB-C Charging Cable,1,4/15/2019 1:08
180358,AA Batteries (4-pack),2,4/5/2019 17:48
180359,LG Dryer,1,4/3/2019 15:17
180360,ThinkPad Laptop,1,4/25/2019 19:01
180361,USB-C Charging Cable,1,4/26/2019 20:05
180362,AA Batteries (4-pack),2,4/19/2019 3:54
180363,Wired Headphones,1,4/6/2019 14:19
180364,Lightning Charging Cable,1,4/7/2019 19:40
180365,Lightning Charging Cable,2,4/23/2019 21:27
180365,Google Phone,1,4/23/2019 21:27
180366,Wired Headphones,1,4/29/2019 23:08
180367,Lightning Charging Cable,1,4/23/2019 9:58
180368,27in FHD Monitor,1,4/18/2019 20:22
180369,Flatscreen TV,1,4/8/2019 18:17
180370,Google Phone,1,4/17/2019 12:55
180370,USB-C Charging Cable,1,4/17/2019 12:55
180371,Wired Headphones,1,4/9/2019 19:37
180372,AA Batteries (4-pack),2,4/17/2019 12:52
180373,AA Batteries (4-pack),1,4/2/2019 9:58
180374,Wired Headphones,1,4/27/2019 19:07
180375,27in FHD Monitor,1,4/10/2019 6:52
180376,Bose SoundSport Headphones,1,4/27/2019 15:57
180377,AAA Batteries (4-pack),2,4/25/2019 8:35
180378,Apple Airpods Headphones,1,4/9/2019 12:57
180379,Lightning Charging Cable,1,4/9/2019 14:59
180380,Apple Airpods Headphones,1,4/5/2019 21:49
180381,USB-C Charging Cable,1,4/8/2019 18:43
180382,AA Batteries (4-pack),1,4/19/2019 14:20
180382,AAA Batteries (4-pack),2,4/19/2019 14:20
180383,USB-C Charging Cable,1,4/20/2019 17:09
180384,Apple Airpods Headphones,1,4/7/2019 17:05
180385,USB-C Charging Cable,1,4/1/2019 17:32
180386,Wired Headphones,1,4/26/2019 22:16
180387,USB-C Charging Cable,2,4/8/2019 19:40
180388,USB-C Charging Cable,1,4/28/2019 19:05
180389,Lightning Charging Cable,1,4/5/2019 21:55
180390,AA Batteries (4-pack),1,4/26/2019 19:45
180391,LG Washing Machine,1,4/6/2019 14:11
180392,Apple Airpods Headphones,1,4/9/2019 21:58
180393,Apple Airpods Headphones,1,4/8/2019 18:49
180394,iPhone,1,4/9/2019 14:40
180395,27in 4K Gaming Monitor,1,4/5/2019 18:31
180396,Lightning Charging Cable,1,4/7/2019 10:56
180397,AA Batteries (4-pack),1,4/21/2019 10:30
180397,Apple Airpods Headphones,2,4/21/2019 10:30
180398,LG Dryer,1,4/18/2019 3:10
180399,iPhone,1,4/11/2019 15:57
180399,Lightning Charging Cable,1,4/11/2019 15:57
180400,AAA Batteries (4-pack),2,4/8/2019 16:12
180401,ThinkPad Laptop,1,4/14/2019 10:56
180402,Lightning Charging Cable,1,4/2/2019 14:10
180403,Bose SoundSport Headphones,1,4/10/2019 14:40
180404,AA Batteries (4-pack),3,4/4/2019 16:45
180405,Wired Headphones,1,4/8/2019 9:50
180406,Bose SoundSport Headphones,1,4/19/2019 15:42
180406,Lightning Charging Cable,1,4/19/2019 15:42
180407,Lightning Charging Cable,1,4/7/2019 8:14
180408,USB-C Charging Cable,1,4/15/2019 20:14
180409,Lightning Charging Cable,1,4/24/2019 9:36
180410,Bose SoundSport Headphones,1,4/19/2019 9:48
180411,Apple Airpods Headphones,1,4/5/2019 19:40
180412,Wired Headphones,1,4/14/2019 18:49
180413,Wired Headphones,1,4/11/2019 6:46
180414,USB-C Charging Cable,1,4/2/2019 16:54
180415,Lightning Charging Cable,1,4/30/2019 12:55
180416,Flatscreen TV,1,4/14/2019 14:38
180417,Apple Airpods Headphones,1,4/7/2019 20:55
180418,AA Batteries (4-pack),1,4/27/2019 19:47
180419,USB-C Charging Cable,1,4/4/2019 1:24
180420,ThinkPad Laptop,1,4/10/2019 20:26
180421,iPhone,1,4/21/2019 18:59
180422,Google Phone,1,4/10/2019 16:02
180422,USB-C Charging Cable,2,4/10/2019 16:02
180423,Google Phone,1,4/29/2019 13:28
180424,USB-C Charging Cable,1,4/11/2019 15:22
180425,Lightning Charging Cable,2,4/5/2019 15:46
180426,27in FHD Monitor,1,4/10/2019 9:21
180427,USB-C Charging Cable,1,4/13/2019 16:37
180428,Wired Headphones,1,4/2/2019 12:27
180429,ThinkPad Laptop,1,4/18/2019 16:24
180430,Google Phone,1,4/10/2019 15:34
180431,Macbook Pro Laptop,1,4/1/2019 21:40
180432,34in Ultrawide Monitor,1,4/6/2019 11:49
180433,27in FHD Monitor,1,4/10/2019 16:57
180434,AA Batteries (4-pack),1,4/10/2019 0:28
180435,AA Batteries (4-pack),1,4/20/2019 12:12
180436,27in FHD Monitor,1,4/19/2019 9:59
180437,AAA Batteries (4-pack),1,4/11/2019 2:13
180438,34in Ultrawide Monitor,1,4/18/2019 8:52
180439,Flatscreen TV,1,4/17/2019 9:55
180440,Wired Headphones,1,4/6/2019 10:29
180441,AAA Batteries (4-pack),1,4/13/2019 16:13
180442,Bose SoundSport Headphones,1,4/29/2019 11:49
180443,USB-C Charging Cable,1,4/26/2019 20:57
180444,Apple Airpods Headphones,1,4/15/2019 22:51
180445,Lightning Charging Cable,1,4/20/2019 17:51
180446,Lightning Charging Cable,1,4/11/2019 22:02
180447,Wired Headphones,1,4/14/2019 0:31
180448,34in Ultrawide Monitor,1,4/12/2019 22:48
180449,ThinkPad Laptop,1,4/5/2019 12:00
180450,AA Batteries (4-pack),1,4/7/2019 14:54
180451,Macbook Pro Laptop,1,4/2/2019 10:08
180452,Lightning Charging Cable,1,4/24/2019 14:47
180453,AA Batteries (4-pack),4,4/19/2019 19:36
180454,AAA Batteries (4-pack),2,4/9/2019 6:51
180455,Wired Headphones,1,4/27/2019 10:30
180456,iPhone,1,4/28/2019 13:36
180456,Apple Airpods Headphones,1,4/28/2019 13:36
180457,Wired Headphones,1,4/19/2019 20:27
180458,USB-C Charging Cable,1,4/19/2019 13:54
180459,27in 4K Gaming Monitor,1,4/6/2019 15:28
180460,Google Phone,1,4/20/2019 14:57
180461,Lightning Charging Cable,1,4/26/2019 17:27
180462,USB-C Charging Cable,1,4/8/2019 22:29
180463,AAA Batteries (4-pack),2,4/19/2019 19:00
180464,Bose SoundSport Headphones,1,4/19/2019 15:28
180465,AAA Batteries (4-pack),3,4/2/2019 23:41
180466,Bose SoundSport Headphones,1,4/14/2019 7:56
180467,Apple Airpods Headphones,1,4/3/2019 22:32
180467,USB-C Charging Cable,1,4/3/2019 22:32
180468,USB-C Charging Cable,2,4/25/2019 13:20
180469,Wired Headphones,1,4/14/2019 8:27
180470,USB-C Charging Cable,1,4/14/2019 11:17
180471,AAA Batteries (4-pack),1,4/10/2019 20:42
180472,AA Batteries (4-pack),1,4/11/2019 15:48
180473,AA Batteries (4-pack),1,4/15/2019 11:07
180474,Lightning Charging Cable,1,4/30/2019 10:04
180475,27in FHD Monitor,1,4/15/2019 13:35
180476,Bose SoundSport Headphones,1,4/26/2019 23:09
180477,27in FHD Monitor,1,4/16/2019 8:58
180478,Wired Headphones,1,4/21/2019 17:04
180479,AAA Batteries (4-pack),1,4/30/2019 11:57
180480,Bose SoundSport Headphones,1,4/2/2019 12:00
180481,Wired Headphones,1,4/4/2019 19:04
180482,AAA Batteries (4-pack),1,4/28/2019 16:55
180483,AAA Batteries (4-pack),1,4/7/2019 15:22
180484,27in FHD Monitor,1,4/16/2019 19:31
180485,34in Ultrawide Monitor,1,4/18/2019 14:19
180486,USB-C Charging Cable,1,4/13/2019 12:06
180487,20in Monitor,1,4/26/2019 15:51
180488,Lightning Charging Cable,1,4/19/2019 11:55
180489,AA Batteries (4-pack),1,4/21/2019 19:55
180490,Apple Airpods Headphones,1,4/26/2019 1:34
180491,AA Batteries (4-pack),4,4/14/2019 10:21
180492,Apple Airpods Headphones,1,4/6/2019 10:06
180493,Wired Headphones,1,4/19/2019 14:39
180494,iPhone,1,4/29/2019 10:04
180495,USB-C Charging Cable,2,4/12/2019 16:02
180496,Macbook Pro Laptop,1,4/6/2019 13:07
180497,Lightning Charging Cable,1,4/12/2019 15:24
180498,Apple Airpods Headphones,1,4/11/2019 19:36
180499,27in 4K Gaming Monitor,1,4/23/2019 20:22
180500,AAA Batteries (4-pack),1,4/4/2019 12:43
180501,AA Batteries (4-pack),1,4/19/2019 9:40
180502,USB-C Charging Cable,1,4/8/2019 21:11
180503,AAA Batteries (4-pack),1,4/12/2019 8:37
180504,AAA Batteries (4-pack),1,4/28/2019 13:26
180505,Lightning Charging Cable,1,4/16/2019 12:38
180506,AA Batteries (4-pack),1,4/5/2019 17:53
180507,AAA Batteries (4-pack),1,4/23/2019 11:05
180508,USB-C Charging Cable,1,4/21/2019 12:36
180509,20in Monitor,1,4/13/2019 11:42
180510,Lightning Charging Cable,1,4/6/2019 20:23
180511,USB-C Charging Cable,1,4/21/2019 16:25
180512,Wired Headphones,1,4/19/2019 7:42
180513,Wired Headphones,1,4/2/2019 13:35
180514,Wired Headphones,1,4/15/2019 16:28
180514,iPhone,1,4/15/2019 16:28
180515,27in 4K Gaming Monitor,1,4/29/2019 9:21
180515,Apple Airpods Headphones,1,4/29/2019 9:21
180516,Wired Headphones,1,4/16/2019 15:57
180517,AAA Batteries (4-pack),1,4/1/2019 10:48
180518,Apple Airpods Headphones,1,4/1/2019 19:13
180519,AA Batteries (4-pack),1,4/17/2019 17:05
180520,AAA Batteries (4-pack),1,4/1/2019 7:46
180521,AA Batteries (4-pack),3,4/23/2019 23:31
180522,USB-C Charging Cable,1,4/5/2019 19:45
Order ID,Product,Quantity Ordered,Order Date
180523,iPhone,1,4/9/2019 13:24
180523,Lightning Charging Cable,1,4/9/2019 13:24
180524,Bose SoundSport Headphones,1,4/16/2019 19:30
180525,27in FHD Monitor,1,4/4/2019 10:40
180526,Wired Headphones,1,4/26/2019 9:21
180527,Wired Headphones,1,4/3/2019 12:15
180528,Bose SoundSport Headphones,1,4/4/2019 15:16
180529,Lightning Charging Cable,1,4/8/2019 22:14
180530,ThinkPad Laptop,1,4/6/2019 19:15
180531,Apple Airpods Headphones,1,4/24/2019 9:59
180532,iPhone,1,4/18/2019 11:31
180532,Lightning Charging Cable,1,4/18/2019 11:31
180533,Flatscreen TV,1,4/17/2019 9:17
180534,34in Ultrawide Monitor,1,4/19/2019 17:33
180535,iPhone,1,4/27/2019 21:51
180536,Lightning Charging Cable,1,4/18/2019 16:27
180537,AAA Batteries (4-pack),1,4/21/2019 20:45
180538,Bose SoundSport Headphones,1,4/16/2019 11:35
180539,Apple Airpods Headphones,1,4/13/2019 21:47
180540,iPhone,1,4/21/2019 21:00
180541,20in Monitor,1,4/30/2019 22:40
180542,Lightning Charging Cable,2,4/20/2019 16:49
180543,Google Phone,1,4/29/2019 22:42
180544,AA Batteries (4-pack),1,4/22/2019 20:01
180545,Macbook Pro Laptop,1,4/7/2019 20:28
180546,Wired Headphones,1,4/11/2019 13:44
180547,Wired Headphones,1,4/14/2019 20:52
180548,AAA Batteries (4-pack),1,4/12/2019 16:03
180549,Lightning Charging Cable,1,4/5/2019 21:43
180550,Apple Airpods Headphones,1,4/2/2019 20:00
180551,USB-C Charging Cable,1,4/30/2019 1:19
180552,AA Batteries (4-pack),2,4/30/2019 21:20
180553,USB-C Charging Cable,1,4/13/2019 10:55
180554,Macbook Pro Laptop,1,4/21/2019 10:41
180555,Bose SoundSport Headphones,1,4/20/2019 10:07
180556,34in Ultrawide Monitor,1,4/12/2019 23:45
180557,USB-C Charging Cable,1,4/13/2019 8:30
180558,27in 4K Gaming Monitor,1,4/3/2019 12:31
180558,Vareebadd Phone,1,4/3/2019 12:31
180559,Flatscreen TV,1,4/17/2019 12:48
180560,AA Batteries (4-pack),4,4/22/2019 14:34
180561,Wired Headphones,1,4/18/2019 16:21
180562,USB-C Charging Cable,1,4/5/2019 19:40
180563,AAA Batteries (4-pack),1,4/21/2019 17:50
180564,AA Batteries (4-pack),1,4/12/2019 23:24
180565,AA Batteries (4-pack),4,4/13/2019 13:02
180566,Apple Airpods Headphones,1,4/25/2019 15:21
180567,Wired Headphones,1,4/10/2019 21:22
180568,AA Batteries (4-pack),1,4/14/2019 10:31
180569,Bose SoundSport Headphones,1,4/14/2019 10:37
180570,USB-C Charging Cable,1,4/11/2019 20:07
180571,Bose SoundSport Headphones,1,4/2/2019 7:59
180572,AA Batteries (4-pack),1,4/9/2019 16:56
180573,27in FHD Monitor,1,4/9/2019 23:49
180574,Google Phone,1,4/17/2019 12:06
180575,Bose SoundSport Headphones,1,4/25/2019 18:36
180576,Lightning Charging Cable,1,4/18/2019 17:23
180576,Lightning Charging Cable,1,4/18/2019 17:23
180577,AA Batteries (4-pack),1,4/30/2019 21:26
180578,AAA Batteries (4-pack),1,4/28/2019 12:15
180579,AAA Batteries (4-pack),1,4/25/2019 1:31
180580,Apple Airpods Headphones,1,4/4/2019 8:03
180581,Lightning Charging Cable,1,4/28/2019 18:20
180582,Lightning Charging Cable,1,4/2/2019 10:44
180583,Google Phone,1,4/30/2019 14:40
180584,Apple Airpods Headphones,1,4/27/2019 0:09
180585,USB-C Charging Cable,1,4/9/2019 17:51
180586,Lightning Charging Cable,1,4/24/2019 17:01
180587,AAA Batteries (4-pack),1,4/1/2019 18:30
180588,USB-C Charging Cable,1,4/26/2019 14:27
180589,AAA Batteries (4-pack),1,4/26/2019 21:02
180590,Wired Headphones,1,4/9/2019 12:07
180591,Apple Airpods Headphones,1,4/6/2019 21:33
180592,USB-C Charging Cable,1,4/18/2019 12:52
180593,Apple Airpods Headphones,1,4/5/2019 16:40
180594,Lightning Charging Cable,1,4/27/2019 22:04
180595,AAA Batteries (4-pack),1,4/17/2019 14:50
180596,Wired Headphones,1,4/4/2019 6:48
180597,AAA Batteries (4-pack),2,4/28/2019 5:57
180598,Macbook Pro Laptop,1,4/24/2019 11:49
180599,Apple Airpods Headphones,1,4/15/2019 3:17
180600,Wired Headphones,1,4/8/2019 9:40
180601,Lightning Charging Cable,1,4/25/2019 12:14
180602,27in FHD Monitor,1,4/25/2019 0:44
180603,Wired Headphones,1,4/16/2019 12:24
180604,Apple Airpods Headphones,1,4/7/2019 10:47
180605,AA Batteries (4-pack),1,4/22/2019 17:33
180606,Apple Airpods Headphones,1,4/22/2019 10:58
180607,USB-C Charging Cable,1,4/14/2019 17:01
180608,USB-C Charging Cable,1,4/11/2019 9:57
180609,Wired Headphones,1,4/10/2019 11:19
180610,USB-C Charging Cable,1,4/11/2019 22:36
180611,Lightning Charging Cable,1,4/7/2019 18:21
180612,AAA Batteries (4-pack),1,4/17/2019 10:53
180613,Lightning Charging Cable,1,4/3/2019 17:59
180614,AAA Batteries (4-pack),1,4/6/2019 6:07
180615,Apple Airpods Headphones,1,4/19/2019 10:12
180616,AAA Batteries (4-pack),1,4/17/2019 6:54
180617,Wired Headphones,1,4/16/2019 13:11
180618,Lightning Charging Cable,1,4/6/2019 10:26
180619,Lightning Charging Cable,1,4/6/2019 23:47
180620,Bose SoundSport Headphones,1,4/8/2019 1:46
180621,Flatscreen TV,1,4/1/2019 12:37
180622,USB-C Charging Cable,1,4/28/2019 10:23
180623,Lightning Charging Cable,1,4/6/2019 14:27
180624,27in FHD Monitor,1,4/5/2019 14:03
180625,Lightning Charging Cable,1,4/2/2019 22:27
180626,iPhone,1,4/13/2019 12:21
180627,iPhone,1,4/11/2019 19:46
180627,Lightning Charging Cable,1,4/11/2019 19:46
180628,Vareebadd Phone,1,4/7/2019 22:29
180629,Google Phone,1,4/30/2019 8:13
180630,27in FHD Monitor,1,4/1/2019 23:29
180631,AA Batteries (4-pack),1,4/25/2019 18:21
180631,Lightning Charging Cable,1,4/25/2019 18:21
180632,Wired Headphones,1,4/12/2019 21:27
180633,Google Phone,1,4/25/2019 22:49
180634,Wired Headphones,1,4/7/2019 13:44
180635,34in Ultrawide Monitor,1,4/7/2019 16:38
180636,Lightning Charging Cable,1,4/22/2019 18:53
180637,Flatscreen TV,1,4/10/2019 18:34
180638,27in 4K Gaming Monitor,1,4/24/2019 11:58
180639,USB-C Charging Cable,1,4/2/2019 1:53
180640,Wired Headphones,1,4/25/2019 21:51
180641,iPhone,1,4/2/2019 22:44
180642,iPhone,1,4/2/2019 20:36
180643,34in Ultrawide Monitor,1,4/9/2019 0:15
180644,USB-C Charging Cable,1,4/14/2019 22:42
180645,ThinkPad Laptop,1,4/18/2019 19:35
180646,iPhone,1,4/21/2019 15:24
180647,20in Monitor,1,4/24/2019 21:34
180648,Wired Headphones,1,4/13/2019 10:20
180649,ThinkPad Laptop,1,4/2/2019 4:56
180650,Apple Airpods Headphones,1,4/4/2019 13:01
180651,Wired Headphones,1,4/20/2019 17:11
180651,AA Batteries (4-pack),3,4/20/2019 17:11
180652,Google Phone,1,4/10/2019 15:09
180652,USB-C Charging Cable,1,4/10/2019 15:09
180653,Apple Airpods Headphones,1,4/11/2019 23:26
180654,Wired Headphones,1,4/4/2019 9:40
,,,
180655,27in FHD Monitor,1,4/30/2019 18:14
180656,ThinkPad Laptop,1,4/20/2019 23:29
180657,Macbook Pro Laptop,1,4/10/2019 10:31
180658,AA Batteries (4-pack),1,4/17/2019 17:58
180659,LG Washing Machine,1,4/25/2019 14:35
180660,Lightning Charging Cable,1,4/8/2019 12:52
180661,Bose SoundSport Headphones,1,4/28/2019 22:34
180662,Apple Airpods Headphones,1,4/26/2019 0:06
180663,LG Washing Machine,1,4/12/2019 9:37
180664,ThinkPad Laptop,1,4/4/2019 18:21
180665,Lightning Charging Cable,1,4/30/2019 18:36
180666,iPhone,1,4/19/2019 18:01
180667,27in 4K Gaming Monitor,1,4/9/2019 12:21
180668,Flatscreen TV,1,4/3/2019 16:13
180669,27in 4K Gaming Monitor,1,4/2/2019 17:48
180670,Google Phone,1,4/6/2019 20:46
180671,Wired Headphones,1,4/18/2019 18:48
180671,Apple Airpods Headphones,1,4/18/2019 18:48
180672,Apple Airpods Headphones,1,4/5/2019 12:59
180673,Apple Airpods Headphones,1,4/17/2019 18:11
180674,USB-C Charging Cable,1,4/11/2019 23:11
180675,ThinkPad Laptop,1,4/9/2019 15:22
180676,Apple Airpods Headphones,1,4/28/2019 19:51
180676,27in FHD Monitor,1,4/28/2019 19:51
180677,AA Batteries (4-pack),1,4/5/2019 23:17
180678,Lightning Charging Cable,1,4/17/2019 17:04
180679,Apple Airpods Headphones,1,4/22/2019 14:45
180680,AAA Batteries (4-pack),1,4/13/2019 17:41
180681,Bose SoundSport Headphones,1,4/19/2019 21:32
180682,USB-C Charging Cable,1,4/13/2019 11:03
180683,Apple Airpods Headphones,1,4/14/2019 22:26
180684,Wired Headphones,1,4/21/2019 23:45
180685,Apple Airpods Headphones,1,4/27/2019 15:15
180686,Wired Headphones,1,4/15/2019 12:27
180687,AA Batteries (4-pack),1,4/22/2019 18:21
180688,34in Ultrawide Monitor,1,4/30/2019 15:55
180689,AA Batteries (4-pack),2,4/14/2019 14:49
180690,USB-C Charging Cable,1,4/26/2019 15:00
180691,34in Ultrawide Monitor,1,4/28/2019 13:08
180692,USB-C Charging Cable,1,4/11/2019 8:36
180693,AA Batteries (4-pack),1,4/9/2019 13:22
180694,AA Batteries (4-pack),2,4/24/2019 18:44
180695,Lightning Charging Cable,1,4/9/2019 22:18
180696,AA Batteries (4-pack),3,4/6/2019 0:05
180697,USB-C Charging Cable,1,4/7/2019 8:37
180698,20in Monitor,1,4/15/2019 11:02
180699,Lightning Charging Cable,1,4/30/2019 16:19
180700,Apple Airpods Headphones,1,4/24/2019 22:32
180701,ThinkPad Laptop,1,4/11/2019 23:15
180702,27in FHD Monitor,1,4/22/2019 9:24
180703,Apple Airpods Headphones,1,4/25/2019 13:28
180704,Lightning Charging Cable,1,4/7/2019 13:20
180705,USB-C Charging Cable,1,4/16/2019 14:49
180706,Bose SoundSport Headphones,1,4/5/2019 13:48
180707,Lightning Charging Cable,1,4/20/2019 19:22
180708,AA Batteries (4-pack),1,4/1/2019 18:17
180709,Wired Headphones,1,4/7/2019 9:55
180710,iPhone,1,4/25/2019 11:30
180711,iPhone,1,4/1/2019 8:37
180712,27in FHD Monitor,1,4/15/2019 2:41
180713,Lightning Charging Cable,1,4/13/2019 5:47
180714,34in Ultrawide Monitor,1,4/3/2019 21:00
180715,Wired Headphones,2,4/22/2019 11:42
180716,Wired Headphones,2,4/24/2019 12:56
180717,USB-C Charging Cable,1,4/22/2019 19:04
180718,27in 4K Gaming Monitor,1,4/13/2019 13:03
180719,Apple Airpods Headphones,1,4/9/2019 18:15
180720,Bose SoundSport Headphones,1,4/16/2019 2:32
180721,AAA Batteries (4-pack),2,4/22/2019 17:17
180722,USB-C Charging Cable,1,4/7/2019 23:57
180723,Google Phone,1,4/20/2019 16:54
180723,USB-C Charging Cable,1,4/20/2019 16:54
180723,Bose SoundSport Headphones,1,4/20/2019 16:54
180724,Apple Airpods Headphones,1,4/15/2019 22:09
180725,Bose SoundSport Headphones,1,4/6/2019 11:38
180726,Wired Headphones,1,4/24/2019 9:35
180727,AA Batteries (4-pack),1,4/5/2019 22:57
180728,ThinkPad Laptop,1,4/22/2019 20:27
180729,USB-C Charging Cable,1,4/14/2019 10:08
180730,Lightning Charging Cable,1,4/6/2019 21:39
180731,AA Batteries (4-pack),2,4/29/2019 18:39
180732,Wired Headphones,1,4/26/2019 20:50
180733,AA Batteries (4-pack),1,4/3/2019 19:59
180734,AAA Batteries (4-pack),2,4/14/2019 20:51
180735,Flatscreen TV,1,4/2/2019 16:11
180736,AA Batteries (4-pack),1,4/17/2019 14:29
180737,USB-C Charging Cable,2,4/11/2019 12:03
180738,Bose SoundSport Headphones,1,4/18/2019 12:50
180739,Bose SoundSport Headphones,1,4/17/2019 20:33
180740,Apple Airpods Headphones,1,4/2/2019 21:36
180741,AAA Batteries (4-pack),3,4/29/2019 12:10
180742,Lightning Charging Cable,1,4/5/2019 14:06
180743,USB-C Charging Cable,1,4/6/2019 18:24
180744,USB-C Charging Cable,2,4/9/2019 6:38
180745,34in Ultrawide Monitor,1,4/21/2019 15:15
180746,AAA Batteries (4-pack),1,4/30/2019 12:05
180746,AAA Batteries (4-pack),1,4/30/2019 12:05
180747,Lightning Charging Cable,1,4/12/2019 19:10
180748,AAA Batteries (4-pack),1,4/3/2019 15:05
180749,ThinkPad Laptop,1,4/3/2019 10:24
180750,Lightning Charging Cable,1,4/14/2019 20:01
180751,Lightning Charging Cable,1,4/24/2019 10:44
180752,Bose SoundSport Headphones,1,4/21/2019 10:49
180753,AAA Batteries (4-pack),1,4/26/2019 19:36
180754,34in Ultrawide Monitor,1,4/28/2019 12:59
180755,Bose SoundSport Headphones,1,4/9/2019 12:48
180756,34in Ultrawide Monitor,1,4/23/2019 6:14
180757,Apple Airpods Headphones,1,4/15/2019 8:15
180758,27in 4K Gaming Monitor,1,4/5/2019 20:32
180759,Wired Headphones,1,4/27/2019 8:15
180760,AAA Batteries (4-pack),2,4/28/2019 4:49
180761,USB-C Charging Cable,1,4/15/2019 13:17
180762,AA Batteries (4-pack),1,4/4/2019 16:24
180763,AAA Batteries (4-pack),2,4/13/2019 16:51
180764,34in Ultrawide Monitor,1,4/13/2019 11:27
180765,USB-C Charging Cable,1,4/17/2019 12:23
180766,AA Batteries (4-pack),1,4/27/2019 20:56
180767,iPhone,1,4/12/2019 18:05
180768,Wired Headphones,1,4/14/2019 22:50
180769,AA Batteries (4-pack),3,4/4/2019 20:49
180770,AA Batteries (4-pack),1,4/18/2019 19:17
180771,AA Batteries (4-pack),1,4/16/2019 21:28
180772,Wired Headphones,1,4/18/2019 8:56
180773,27in FHD Monitor,1,4/12/2019 16:42
180774,Bose SoundSport Headphones,1,4/13/2019 14:22
180775,AAA Batteries (4-pack),1,4/18/2019 12:53
180776,AA Batteries (4-pack),1,4/23/2019 19:37
180777,Google Phone,1,4/13/2019 13:39
180778,AAA Batteries (4-pack),1,4/9/2019 21:19
180779,AA Batteries (4-pack),1,4/25/2019 14:14
180780,Lightning Charging Cable,1,4/23/2019 18:17
180781,USB-C Charging Cable,1,4/1/2019 18:40
180782,AAA Batteries (4-pack),2,4/8/2019 1:05
180783,27in 4K Gaming Monitor,1,4/3/2019 13:03
180784,Apple Airpods Headphones,1,4/25/2019 12:17
180785,AAA Batteries (4-pack),1,4/4/2019 10:36
180786,USB-C Charging Cable,1,4/22/2019 20:42
180787,USB-C Charging Cable,1,4/17/2019 17:30
180788,iPhone,1,4/15/2019 16:53
180789,27in 4K Gaming Monitor,1,4/4/2019 14:39
180790,AA Batteries (4-pack),4,4/3/2019 17:01
180791,Apple Airpods Headphones,1,4/21/2019 9:40
180792,Bose SoundSport Headphones,1,4/22/2019 8:24
180793,Lightning Charging Cable,1,4/24/2019 15:45
180794,AAA Batteries (4-pack),1,4/30/2019 8:01
180795,Bose SoundSport Headphones,1,4/11/2019 8:26
180796,AAA Batteries (4-pack),2,4/28/2019 10:48
180797,AAA Batteries (4-pack),1,4/17/2019 12:02
180797,27in 4K Gaming Monitor,1,4/17/2019 12:02
180798,USB-C Charging Cable,1,4/3/2019 12:10
180799,34in Ultrawide Monitor,1,4/17/2019 20:59
180800,Wired Headphones,1,4/15/2019 20:11
180801,Lightning Charging Cable,1,4/25/2019 8:51
180802,Flatscreen TV,1,4/4/2019 12:26
180803,USB-C Charging Cable,2,4/12/2019 20:51
180804,27in 4K Gaming Monitor,1,4/23/2019 9:00
180805,Lightning Charging Cable,2,4/28/2019 22:12
180806,Wired Headphones,1,4/12/2019 11:58
180807,20in Monitor,1,4/21/2019 12:22
180808,USB-C Charging Cable,1,4/11/2019 10:00
180809,ThinkPad Laptop,1,4/20/2019 22:43
180810,AAA Batteries (4-pack),1,4/21/2019 11:02
180811,iPhone,1,4/25/2019 12:32
180812,Lightning Charging Cable,1,4/16/2019 16:18
180813,Wired Headphones,1,4/16/2019 11:06
180814,Vareebadd Phone,1,4/18/2019 15:35
180814,USB-C Charging Cable,1,4/18/2019 15:35
180815,USB-C Charging Cable,1,4/17/2019 22:57
180816,Wired Headphones,1,4/12/2019 1:05
180817,Lightning Charging Cable,1,4/13/2019 18:33
180817,Lightning Charging Cable,1,4/13/2019 18:33
180818,Vareebadd Phone,1,4/1/2019 11:05
180819,27in 4K Gaming Monitor,1,4/18/2019 11:26
180820,AA Batteries (4-pack),1,4/21/2019 0:24
180821,34in Ultrawide Monitor,1,4/28/2019 17:26
180822,Wired Headphones,1,4/19/2019 15:12
180823,Lightning Charging Cable,1,4/10/2019 9:41
180824,Apple Airpods Headphones,1,4/22/2019 5:18
180825,Wired Headphones,1,4/17/2019 13:28
180826,Lightning Charging Cable,1,4/6/2019 13:05
180827,Macbook Pro Laptop,1,4/21/2019 9:37
180828,AA Batteries (4-pack),2,4/24/2019 9:52
180829,AAA Batteries (4-pack),1,4/17/2019 14:11
180830,Apple Airpods Headphones,1,4/13/2019 12:04
180830,AAA Batteries (4-pack),1,4/13/2019 12:04
180831,AAA Batteries (4-pack),3,4/24/2019 19:27
180832,Apple Airpods Headphones,1,4/26/2019 13:20
180833,USB-C Charging Cable,1,4/10/2019 23:48
180834,Macbook Pro Laptop,1,4/29/2019 8:08
180835,Apple Airpods Headphones,1,4/18/2019 12:22
180836,USB-C Charging Cable,1,4/24/2019 14:44
180837,AA Batteries (4-pack),1,4/21/2019 14:59
180838,AA Batteries (4-pack),1,4/14/2019 17:24
180839,Bose SoundSport Headphones,1,4/10/2019 16:17
180840,Lightning Charging Cable,1,4/20/2019 20:05
180841,Wired Headphones,1,4/19/2019 8:46
180842,Lightning Charging Cable,2,4/12/2019 8:25
180843,AA Batteries (4-pack),3,4/1/2019 13:51
180844,AA Batteries (4-pack),2,4/20/2019 19:59
180845,Wired Headphones,3,4/14/2019 14:13
180846,ThinkPad Laptop,1,4/12/2019 17:40
180847,AAA Batteries (4-pack),1,4/11/2019 11:27
180848,AA Batteries (4-pack),2,4/10/2019 13:10
180849,Lightning Charging Cable,1,4/1/2019 20:01
180850,Lightning Charging Cable,1,4/15/2019 8:19
180851,Flatscreen TV,1,4/28/2019 20:30
180852,AA Batteries (4-pack),1,4/2/2019 9:47
180853,34in Ultrawide Monitor,1,4/2/2019 0:41
180854,Bose SoundSport Headphones,1,4/5/2019 10:17
180855,AA Batteries (4-pack),1,4/13/2019 14:21
180856,AA Batteries (4-pack),1,4/23/2019 7:57
180857,Bose SoundSport Headphones,1,4/22/2019 13:07
180857,AA Batteries (4-pack),1,4/22/2019 13:07
180858,USB-C Charging Cable,2,4/18/2019 19:21
180859,Wired Headphones,1,4/30/2019 22:04
180860,34in Ultrawide Monitor,1,4/11/2019 1:06
180861,AA Batteries (4-pack),1,4/21/2019 21:48
180862,AA Batteries (4-pack),1,4/1/2019 13:06
180863,AA Batteries (4-pack),2,4/18/2019 11:47
180864,Wired Headphones,1,4/8/2019 9:01
180865,iPhone,1,4/12/2019 10:06
180866,Google Phone,1,4/27/2019 16:33
180867,Wired Headphones,1,4/2/2019 12:43
180868,27in 4K Gaming Monitor,1,4/19/2019 13:19
180869,Lightning Charging Cable,1,4/17/2019 8:13
180870,Apple Airpods Headphones,1,4/7/2019 1:41
180871,Wired Headphones,1,4/23/2019 13:18
180872,USB-C Charging Cable,1,4/30/2019 20:22
180873,USB-C Charging Cable,2,4/6/2019 11:05
180874,Google Phone,1,4/1/2019 19:36
180874,Bose SoundSport Headphones,1,4/1/2019 19:36
180875,Bose SoundSport Headphones,1,4/5/2019 20:05
180876,USB-C Charging Cable,1,4/7/2019 16:07
180877,AA Batteries (4-pack),2,4/5/2019 16:52
180878,34in Ultrawide Monitor,1,4/27/2019 1:44
180879,AA Batteries (4-pack),1,4/7/2019 13:42
180880,Apple Airpods Headphones,1,4/6/2019 8:02
180881,AA Batteries (4-pack),1,4/4/2019 5:51
180882,USB-C Charging Cable,1,4/30/2019 9:59
180883,LG Dryer,1,4/2/2019 16:07
180884,iPhone,1,4/14/2019 23:36
180884,Lightning Charging Cable,1,4/14/2019 23:36
180884,Wired Headphones,1,4/14/2019 23:36
180885,Google Phone,1,4/13/2019 18:45
180886,Apple Airpods Headphones,1,4/25/2019 18:11
180887,Google Phone,1,4/28/2019 19:08
180888,Bose SoundSport Headphones,1,4/21/2019 14:49
180889,27in FHD Monitor,1,4/15/2019 14:29
180890,USB-C Charging Cable,2,4/30/2019 13:47
180891,27in 4K Gaming Monitor,1,4/18/2019 12:32
180892,AA Batteries (4-pack),1,4/19/2019 14:33
180893,AAA Batteries (4-pack),1,4/17/2019 18:29
180894,27in 4K Gaming Monitor,1,4/29/2019 17:11
180895,Apple Airpods Headphones,1,4/7/2019 18:39
180896,Macbook Pro Laptop,1,4/3/2019 22:58
180897,Bose SoundSport Headphones,1,4/28/2019 18:41
180898,AAA Batteries (4-pack),1,4/6/2019 19:06
180899,Lightning Charging Cable,1,4/22/2019 0:26
180900,AA Batteries (4-pack),1,4/6/2019 12:20
180901,Wired Headphones,1,4/17/2019 12:43
180902,AA Batteries (4-pack),1,4/6/2019 18:37
180903,AAA Batteries (4-pack),3,4/13/2019 21:26
180904,AAA Batteries (4-pack),2,4/19/2019 21:58
180905,Apple Airpods Headphones,1,4/25/2019 15:46
180906,ThinkPad Laptop,1,4/3/2019 23:59
180907,iPhone,1,4/30/2019 10:49
180907,Wired Headphones,1,4/30/2019 10:49
180908,Apple Airpods Headphones,1,4/10/2019 13:35
180909,ThinkPad Laptop,1,4/7/2019 19:07
180910,Apple Airpods Headphones,1,4/21/2019 18:33
180911,iPhone,1,4/17/2019 14:37
180911,Wired Headphones,1,4/17/2019 14:37
180912,AA Batteries (4-pack),2,4/23/2019 11:03
180913,Lightning Charging Cable,1,4/25/2019 14:26
180914,Lightning Charging Cable,1,4/23/2019 7:14
180915,iPhone,1,4/6/2019 1:11
180915,Lightning Charging Cable,1,4/6/2019 1:11
180916,27in FHD Monitor,1,4/4/2019 14:54
180917,20in Monitor,1,4/5/2019 9:52
180918,Macbook Pro Laptop,1,4/24/2019 23:05
180919,USB-C Charging Cable,1,4/27/2019 9:57
180920,iPhone,1,4/30/2019 9:17
,,,
180921,Macbook Pro Laptop,1,4/26/2019 16:29
180922,27in 4K Gaming Monitor,1,4/24/2019 10:38
180923,27in FHD Monitor,1,4/19/2019 13:46
180924,AAA Batteries (4-pack),1,4/27/2019 21:14
180925,Wired Headphones,1,4/18/2019 20:33
180926,34in Ultrawide Monitor,1,4/20/2019 22:01
180927,Apple Airpods Headphones,1,4/4/2019 21:34
180928,AAA Batteries (4-pack),1,4/25/2019 12:08
180929,AA Batteries (4-pack),2,4/4/2019 9:43
180930,Lightning Charging Cable,1,4/22/2019 20:26
180931,ThinkPad Laptop,1,4/16/2019 12:34
180932,Apple Airpods Headphones,1,4/22/2019 20:43
180933,USB-C Charging Cable,1,4/25/2019 8:12
180934,Bose SoundSport Headphones,1,4/8/2019 17:00
180935,Flatscreen TV,1,4/15/2019 23:58
180936,USB-C Charging Cable,1,4/15/2019 0:07
180937,AAA Batteries (4-pack),1,4/15/2019 19:31
180938,Lightning Charging Cable,1,4/30/2019 14:48
180939,AA Batteries (4-pack),1,4/28/2019 17:23
180940,Apple Airpods Headphones,1,4/5/2019 23:18
180941,AAA Batteries (4-pack),4,4/21/2019 19:39
180942,AAA Batteries (4-pack),1,4/9/2019 20:10
180943,USB-C Charging Cable,1,4/28/2019 15:56
180944,AAA Batteries (4-pack),1,4/4/2019 8:11
180945,Wired Headphones,1,4/16/2019 10:27
180946,Flatscreen TV,1,4/30/2019 10:42
180947,27in FHD Monitor,1,4/12/2019 15:40
180948,Apple Airpods Headphones,1,4/8/2019 20:21
180949,Macbook Pro Laptop,1,4/1/2019 14:04
180950,27in FHD Monitor,1,4/21/2019 12:10
180951,Lightning Charging Cable,2,4/16/2019 18:13
180952,USB-C Charging Cable,1,4/13/2019 18:18
180953,20in Monitor,1,4/18/2019 12:43
180954,USB-C Charging Cable,1,4/4/2019 11:46
180955,27in FHD Monitor,1,4/7/2019 14:24
180956,Lightning Charging Cable,1,4/9/2019 1:20
180957,34in Ultrawide Monitor,1,4/21/2019 18:14
180958,27in 4K Gaming Monitor,1,4/24/2019 23:16
180959,USB-C Charging Cable,1,4/17/2019 17:18
180960,Wired Headphones,1,4/7/2019 14:03
180961,Lightning Charging Cable,2,4/23/2019 13:08
180962,AAA Batteries (4-pack),1,4/13/2019 13:53
180963,20in Monitor,1,4/26/2019 20:04
180964,Macbook Pro Laptop,1,4/27/2019 9:56
180965,USB-C Charging Cable,1,4/8/2019 22:38
180966,USB-C Charging Cable,2,4/27/2019 21:01
180967,Apple Airpods Headphones,1,4/16/2019 22:47
180968,Wired Headphones,1,4/21/2019 18:59
180969,20in Monitor,1,4/2/2019 6:53
180970,AAA Batteries (4-pack),1,4/24/2019 15:28
180971,27in FHD Monitor,1,4/4/2019 19:17
180972,Vareebadd Phone,1,4/29/2019 17:54
180973,Wired Headphones,1,4/21/2019 16:07
180974,34in Ultrawide Monitor,1,4/2/2019 23:25
180975,Bose SoundSport Headphones,1,4/12/2019 8:20
180976,Macbook Pro Laptop,1,4/2/2019 6:21
180977,27in 4K Gaming Monitor,1,4/16/2019 18:34
180978,27in FHD Monitor,1,4/4/2019 18:35
180979,Lightning Charging Cable,1,4/19/2019 23:39
180979,LG Dryer,1,4/19/2019 23:39
180980,27in 4K Gaming Monitor,1,4/25/2019 12:34
180981,AA Batteries (4-pack),1,4/6/2019 15:05
180982,Wired Headphones,1,4/6/2019 9:55
180983,20in Monitor,1,4/24/2019 9:09
180984,27in FHD Monitor,1,4/9/2019 15:27
180985,AA Batteries (4-pack),1,4/13/2019 16:29
180986,USB-C Charging Cable,1,4/12/2019 10:53
180987,USB-C Charging Cable,1,4/14/2019 19:22
180988,Wired Headphones,1,4/24/2019 11:27
180989,Apple Airpods Headphones,1,5/1/2019 0:54
180990,USB-C Charging Cable,1,4/17/2019 7:56
180991,USB-C Charging Cable,2,4/5/2019 21:06
180992,Wired Headphones,1,4/15/2019 20:53
180993,AA Batteries (4-pack),1,4/23/2019 8:51
180994,27in FHD Monitor,1,4/28/2019 8:17
180995,AA Batteries (4-pack),1,4/17/2019 13:45
180996,Apple Airpods Headphones,1,4/27/2019 12:40
180997,Apple Airpods Headphones,1,4/4/2019 10:59
180998,Macbook Pro Laptop,1,4/2/2019 13:49
180999,Bose SoundSport Headphones,1,4/25/2019 11:41
181000,Flatscreen TV,1,4/18/2019 8:01
181001,AA Batteries (4-pack),2,4/7/2019 14:32
Order ID,Product,Quantity Ordered,Order Date
181002,Lightning Charging Cable,1,4/3/2019 2:47
181003,Lightning Charging Cable,1,4/10/2019 19:27
181004,iPhone,1,4/13/2019 5:29
181005,USB-C Charging Cable,2,4/23/2019 11:58
181006,AA Batteries (4-pack),1,4/30/2019 13:10
181007,Apple Airpods Headphones,1,4/20/2019 6:50
181008,27in FHD Monitor,1,4/8/2019 9:36
181009,Apple Airpods Headphones,1,4/25/2019 19:41
181009,Bose SoundSport Headphones,1,4/25/2019 19:41
181010,Lightning Charging Cable,1,4/5/2019 22:22
181011,AAA Batteries (4-pack),1,4/1/2019 19:11
181012,Flatscreen TV,1,4/20/2019 23:02
181013,USB-C Charging Cable,1,4/20/2019 13:21
181014,Lightning Charging Cable,1,4/3/2019 16:46
181015,Wired Headphones,2,4/27/2019 9:16
181016,34in Ultrawide Monitor,1,4/1/2019 7:42
181017,Bose SoundSport Headphones,1,4/1/2019 13:14
181018,AAA Batteries (4-pack),2,4/1/2019 23:41
181019,USB-C Charging Cable,1,4/22/2019 21:45
181020,LG Dryer,1,4/6/2019 20:49
181021,USB-C Charging Cable,1,4/11/2019 17:29
181022,Google Phone,1,4/6/2019 19:22
181022,USB-C Charging Cable,1,4/6/2019 19:22
181023,Flatscreen TV,1,4/15/2019 10:00
181024,34in Ultrawide Monitor,1,4/14/2019 22:36
181025,Macbook Pro Laptop,1,4/30/2019 9:22
181026,USB-C Charging Cable,1,4/28/2019 8:46
181027,iPhone,1,4/2/2019 19:08
181027,Lightning Charging Cable,1,4/2/2019 19:08
181028,AA Batteries (4-pack),2,4/4/2019 16:54
181029,Bose SoundSport Headphones,1,5/1/2019 1:27
181030,34in Ultrawide Monitor,1,4/10/2019 21:48
181031,27in 4K Gaming Monitor,1,4/26/2019 10:35
181032,Bose SoundSport Headphones,1,4/21/2019 13:12
181033,Lightning Charging Cable,1,4/9/2019 15:48
181034,Apple Airpods Headphones,1,4/10/2019 20:23
181035,USB-C Charging Cable,1,4/25/2019 9:40
181036,USB-C Charging Cable,2,4/6/2019 8:53
181037,Wired Headphones,1,4/7/2019 16:57
181038,AAA Batteries (4-pack),1,4/14/2019 1:10
181039,27in FHD Monitor,1,4/30/2019 23:09
181040,AA Batteries (4-pack),1,4/24/2019 9:29
181041,AA Batteries (4-pack),1,4/12/2019 21:41
181042,20in Monitor,1,4/17/2019 15:50
181043,AAA Batteries (4-pack),1,4/28/2019 14:04
181044,27in FHD Monitor,1,4/14/2019 11:01
181045,Apple Airpods Headphones,1,4/25/2019 19:11
181046,27in FHD Monitor,1,4/24/2019 10:26
181047,27in 4K Gaming Monitor,1,4/6/2019 14:41
181048,Macbook Pro Laptop,1,4/11/2019 13:47
181049,Apple Airpods Headphones,1,4/14/2019 16:41
181050,USB-C Charging Cable,1,4/23/2019 19:57
181051,AAA Batteries (4-pack),1,4/18/2019 13:18
181052,Bose SoundSport Headphones,1,4/10/2019 21:42
181053,AAA Batteries (4-pack),2,4/17/2019 7:52
181054,27in 4K Gaming Monitor,1,4/30/2019 10:38
181055,Wired Headphones,1,4/8/2019 16:37
181056,AA Batteries (4-pack),1,4/11/2019 6:29
181057,Lightning Charging Cable,1,4/9/2019 18:38
181058,Bose SoundSport Headphones,1,4/23/2019 10:19
181059,AAA Batteries (4-pack),1,4/8/2019 8:32
181060,27in 4K Gaming Monitor,1,4/27/2019 11:55
181061,27in FHD Monitor,1,4/12/2019 16:19
181062,Wired Headphones,1,4/28/2019 7:46
181063,AAA Batteries (4-pack),1,4/10/2019 17:01
181063,Google Phone,1,4/10/2019 17:01
181064,AAA Batteries (4-pack),2,4/9/2019 15:27
181065,Apple Airpods Headphones,1,4/12/2019 23:06
181066,Apple Airpods Headphones,1,4/7/2019 4:04
181067,Bose SoundSport Headphones,1,4/7/2019 18:55
181068,Lightning Charging Cable,1,4/13/2019 19:13
181069,Macbook Pro Laptop,2,4/27/2019 21:01
181069,34in Ultrawide Monitor,1,4/27/2019 21:01
181070,20in Monitor,1,4/17/2019 22:08
181071,AA Batteries (4-pack),1,4/28/2019 19:53
181072,Lightning Charging Cable,1,4/27/2019 14:45
181073,Wired Headphones,1,4/27/2019 19:57
181074,Apple Airpods Headphones,1,4/10/2019 7:21
181075,AAA Batteries (4-pack),2,4/27/2019 8:12
181076,Google Phone,1,4/28/2019 18:56
181077,AAA Batteries (4-pack),2,4/23/2019 17:38
181078,27in FHD Monitor,1,4/6/2019 11:58
181079,LG Dryer,1,4/19/2019 17:20
181080,20in Monitor,1,4/2/2019 15:41
181081,Apple Airpods Headphones,1,4/17/2019 10:09
181082,AA Batteries (4-pack),1,4/7/2019 10:13
181083,AA Batteries (4-pack),1,4/26/2019 19:38
181084,Flatscreen TV,1,4/7/2019 21:36
181084,Flatscreen TV,1,4/7/2019 21:36
181085,27in FHD Monitor,1,4/11/2019 11:06
181086,Flatscreen TV,1,4/25/2019 16:20
181087,Wired Headphones,1,4/2/2019 9:45
181088,AAA Batteries (4-pack),2,4/22/2019 10:55
181089,Flatscreen TV,1,4/29/2019 13:02
181090,Apple Airpods Headphones,2,4/17/2019 6:51
181091,34in Ultrawide Monitor,1,4/11/2019 14:05
181092,Lightning Charging Cable,1,4/8/2019 7:42
181093,AA Batteries (4-pack),1,4/14/2019 3:07
181094,USB-C Charging Cable,1,4/17/2019 9:24
181095,Macbook Pro Laptop,1,4/19/2019 20:42
181096,AA Batteries (4-pack),1,4/19/2019 11:32
181096,USB-C Charging Cable,1,4/19/2019 11:32
181097,Bose SoundSport Headphones,1,4/30/2019 12:45
181098,USB-C Charging Cable,1,4/19/2019 1:45
181099,USB-C Charging Cable,1,4/19/2019 14:26
181100,20in Monitor,1,4/5/2019 4:48
181101,27in FHD Monitor,1,4/4/2019 18:46
181102,Macbook Pro Laptop,1,4/28/2019 19:25
181103,iPhone,1,4/21/2019 14:53
181104,34in Ultrawide Monitor,1,4/18/2019 13:40
181105,AAA Batteries (4-pack),3,4/27/2019 12:12
181106,Apple Airpods Headphones,1,4/17/2019 20:22
181107,AAA Batteries (4-pack),2,4/29/2019 9:30
181108,Wired Headphones,1,4/15/2019 19:13
181109,Wired Headphones,1,4/19/2019 10:24
181110,Google Phone,1,4/12/2019 12:57
181111,Lightning Charging Cable,1,4/2/2019 14:39
181112,Wired Headphones,2,4/14/2019 17:18
181113,34in Ultrawide Monitor,1,4/25/2019 15:43
181114,27in FHD Monitor,1,4/25/2019 10:11
181115,iPhone,1,4/28/2019 19:10
181116,27in FHD Monitor,1,4/22/2019 12:25
181117,AAA Batteries (4-pack),3,4/20/2019 0:19
181118,Vareebadd Phone,1,4/25/2019 11:07
181119,iPhone,1,4/16/2019 8:17
181120,USB-C Charging Cable,1,4/11/2019 22:27
181121,USB-C Charging Cable,1,4/28/2019 18:01
181122,AAA Batteries (4-pack),3,4/15/2019 18:07
181123,Lightning Charging Cable,1,4/8/2019 16:18
181124,AAA Batteries (4-pack),3,4/13/2019 16:34
181125,20in Monitor,1,4/19/2019 9:54
181125,Bose SoundSport Headphones,1,4/19/2019 9:54
181126,Wired Headphones,1,4/17/2019 9:49
181127,Wired Headphones,1,4/18/2019 0:50
181128,Google Phone,1,4/28/2019 1:54
181129,Wired Headphones,1,4/7/2019 21:16
181130,AA Batteries (4-pack),2,4/30/2019 20:48
181131,AAA Batteries (4-pack),2,4/14/2019 15:36
181131,USB-C Charging Cable,1,4/14/2019 15:36
181132,AAA Batteries (4-pack),1,4/2/2019 21:04
181133,Wired Headphones,1,4/1/2019 16:16
181134,USB-C Charging Cable,1,4/8/2019 22:51
181135,AAA Batteries (4-pack),1,4/5/2019 19:30
181136,AA Batteries (4-pack),1,4/3/2019 19:53
181137,AA Batteries (4-pack),1,4/20/2019 10:30
181138,Apple Airpods Headphones,1,4/5/2019 13:01
181139,27in 4K Gaming Monitor,1,4/10/2019 19:26
181140,Apple Airpods Headphones,1,4/24/2019 19:50
Order ID,Product,Quantity Ordered,Order Date
181141,Flatscreen TV,1,4/24/2019 17:06
181142,Lightning Charging Cable,1,4/4/2019 13:18
181143,AA Batteries (4-pack),1,4/28/2019 10:54
181144,Wired Headphones,1,4/22/2019 22:40
181145,Flatscreen TV,1,4/24/2019 20:12
181146,34in Ultrawide Monitor,1,4/10/2019 0:03
181147,AA Batteries (4-pack),2,4/16/2019 16:56
181148,27in FHD Monitor,1,4/24/2019 18:45
181149,Wired Headphones,1,4/5/2019 10:22
181150,Lightning Charging Cable,1,4/14/2019 20:01
181151,Wired Headphones,3,4/5/2019 17:27
181152,AA Batteries (4-pack),1,4/13/2019 16:42
181153,Macbook Pro Laptop,1,4/5/2019 0:01
181154,AAA Batteries (4-pack),1,4/27/2019 11:45
181155,Wired Headphones,1,4/7/2019 16:55
181156,AAA Batteries (4-pack),1,4/26/2019 9:48
181157,20in Monitor,1,4/25/2019 15:09
181158,Flatscreen TV,1,4/6/2019 13:06
181159,34in Ultrawide Monitor,1,4/5/2019 14:36
181160,AA Batteries (4-pack),3,4/14/2019 9:13
181161,AAA Batteries (4-pack),1,4/15/2019 15:11
181162,Bose SoundSport Headphones,1,4/29/2019 15:56
181163,34in Ultrawide Monitor,1,4/27/2019 12:04
181164,iPhone,1,4/17/2019 0:15
181165,Wired Headphones,1,4/22/2019 15:03
181166,Bose SoundSport Headphones,1,4/18/2019 17:57
181167,AAA Batteries (4-pack),1,4/30/2019 10:24
181168,27in FHD Monitor,1,4/12/2019 9:13
181169,Apple Airpods Headphones,1,4/29/2019 15:29
181170,USB-C Charging Cable,1,4/21/2019 22:07
181171,Wired Headphones,1,4/9/2019 22:06
181172,Apple Airpods Headphones,1,4/9/2019 15:24
181173,AAA Batteries (4-pack),1,4/13/2019 22:34
181174,Apple Airpods Headphones,1,4/11/2019 14:53
181175,Wired Headphones,1,4/26/2019 17:02
181176,AA Batteries (4-pack),1,4/23/2019 10:16
181177,iPhone,1,4/1/2019 13:13
181177,Lightning Charging Cable,1,4/1/2019 13:13
181177,Vareebadd Phone,1,4/1/2019 13:13
181178,AAA Batteries (4-pack),1,4/12/2019 16:27
181179,Macbook Pro Laptop,1,4/5/2019 14:10
181180,Vareebadd Phone,1,4/30/2019 11:11
181180,USB-C Charging Cable,1,4/30/2019 11:11
181181,Flatscreen TV,1,4/23/2019 13:42
181182,27in FHD Monitor,1,4/20/2019 18:22
181183,AAA Batteries (4-pack),2,4/1/2019 10:39
181184,Apple Airpods Headphones,1,4/4/2019 11:16
181185,27in 4K Gaming Monitor,1,4/27/2019 18:10
181186,USB-C Charging Cable,1,4/11/2019 18:49
181187,Bose SoundSport Headphones,1,4/26/2019 8:12
181188,AA Batteries (4-pack),1,4/29/2019 10:16
181189,27in 4K Gaming Monitor,1,4/9/2019 8:17
181190,Flatscreen TV,1,4/26/2019 12:30
181191,Lightning Charging Cable,1,4/23/2019 13:36
181192,Lightning Charging Cable,1,4/14/2019 22:42
181193,AAA Batteries (4-pack),3,4/25/2019 19:01
181194,Wired Headphones,1,4/18/2019 12:16
181195,USB-C Charging Cable,1,4/12/2019 17:05
181196,AA Batteries (4-pack),1,4/11/2019 9:54
181197,Lightning Charging Cable,1,4/8/2019 1:05
181198,LG Dryer,1,4/6/2019 11:37
181199,Wired Headphones,1,4/10/2019 16:08
181200,Lightning Charging Cable,1,4/30/2019 16:40
181201,USB-C Charging Cable,2,4/3/2019 2:44
181202,USB-C Charging Cable,1,4/6/2019 22:08
181203,27in 4K Gaming Monitor,1,4/23/2019 13:14
181204,Wired Headphones,1,4/17/2019 14:47
181205,AA Batteries (4-pack),1,4/24/2019 18:55
181206,Macbook Pro Laptop,1,4/16/2019 9:07
181207,USB-C Charging Cable,1,4/2/2019 8:14
181208,USB-C Charging Cable,1,4/4/2019 17:58
181209,Lightning Charging Cable,1,4/20/2019 13:19
181210,Apple Airpods Headphones,1,4/11/2019 19:30
181211,Vareebadd Phone,1,4/26/2019 19:34
181211,Wired Headphones,1,4/26/2019 19:34
181212,USB-C Charging Cable,1,4/5/2019 19:01
181213,AA Batteries (4-pack),4,4/28/2019 14:51
181214,AA Batteries (4-pack),1,4/24/2019 12:53
181215,Lightning Charging Cable,1,4/1/2019 16:32
181216,27in FHD Monitor,1,4/6/2019 17:27
181217,AA Batteries (4-pack),1,4/1/2019 9:10
181218,27in 4K Gaming Monitor,1,4/1/2019 8:51
181219,USB-C Charging Cable,1,4/9/2019 9:08
181220,27in 4K Gaming Monitor,1,4/19/2019 17:24
181220,Apple Airpods Headphones,1,4/19/2019 17:24
181221,27in FHD Monitor,1,4/29/2019 23:25
181222,AAA Batteries (4-pack),1,4/7/2019 21:59
181223,Lightning Charging Cable,2,4/8/2019 12:07
181224,Lightning Charging Cable,1,4/18/2019 12:57
181225,Wired Headphones,1,4/19/2019 22:00
181226,AAA Batteries (4-pack),1,4/10/2019 16:34
181227,AAA Batteries (4-pack),1,4/27/2019 8:49
181228,AAA Batteries (4-pack),1,4/14/2019 20:46
181229,AA Batteries (4-pack),1,4/3/2019 16:34
181230,34in Ultrawide Monitor,1,4/19/2019 18:53
181231,AAA Batteries (4-pack),1,4/30/2019 17:49
181232,ThinkPad Laptop,1,4/27/2019 14:32
181233,Wired Headphones,1,4/25/2019 18:40
181234,Wired Headphones,2,4/9/2019 14:55
181235,Wired Headphones,1,4/15/2019 10:53
181236,Wired Headphones,1,4/3/2019 16:29
181237,AAA Batteries (4-pack),1,4/17/2019 18:33
181238,Apple Airpods Headphones,1,4/22/2019 21:07
181239,AAA Batteries (4-pack),1,4/15/2019 11:46
181240,Bose SoundSport Headphones,1,4/22/2019 10:01
181241,34in Ultrawide Monitor,1,4/8/2019 16:30
181242,AA Batteries (4-pack),1,4/5/2019 23:22
181243,Apple Airpods Headphones,1,4/27/2019 8:49
181244,Bose SoundSport Headphones,1,4/3/2019 14:29
181245,Bose SoundSport Headphones,1,4/21/2019 11:02
181246,Wired Headphones,1,4/9/2019 13:58
181246,Wired Headphones,1,4/9/2019 13:58
181247,Macbook Pro Laptop,1,4/18/2019 1:27
181248,AA Batteries (4-pack),2,5/1/2019 0:38
181249,USB-C Charging Cable,1,4/11/2019 21:30
181250,USB-C Charging Cable,1,4/16/2019 11:03
181251,Lightning Charging Cable,1,4/12/2019 7:27
181252,Wired Headphones,1,4/20/2019 12:30
181253,Lightning Charging Cable,1,4/14/2019 10:27
181254,USB-C Charging Cable,1,4/16/2019 22:59
181255,Flatscreen TV,1,4/5/2019 6:24
181256,34in Ultrawide Monitor,1,4/20/2019 13:43
181257,iPhone,1,4/14/2019 2:08
181257,Wired Headphones,1,4/14/2019 2:08
181258,Wired Headphones,2,4/30/2019 20:09
181259,Wired Headphones,1,4/8/2019 2:05
181260,Wired Headphones,1,4/10/2019 14:59
181261,Bose SoundSport Headphones,1,4/26/2019 9:50
181262,AAA Batteries (4-pack),1,4/23/2019 19:39
181262,Google Phone,1,4/23/2019 19:39
181263,27in FHD Monitor,1,4/21/2019 10:05
181264,Wired Headphones,2,4/13/2019 7:36
181265,Lightning Charging Cable,1,4/28/2019 19:39
181266,iPhone,1,4/27/2019 13:19
181266,Wired Headphones,1,4/27/2019 13:19
181267,AA Batteries (4-pack),1,4/7/2019 20:32
181268,27in FHD Monitor,1,4/26/2019 15:24
181269,Lightning Charging Cable,1,4/30/2019 17:44
181270,Wired Headphones,1,4/7/2019 16:31
181271,Vareebadd Phone,1,4/9/2019 8:17
181272,Lightning Charging Cable,1,4/18/2019 16:11
181273,Wired Headphones,1,4/9/2019 14:27
181274,AA Batteries (4-pack),1,4/7/2019 0:10
181275,AA Batteries (4-pack),1,4/13/2019 15:03
181276,Wired Headphones,1,4/19/2019 18:30
181277,34in Ultrawide Monitor,1,4/2/2019 14:20
181278,Apple Airpods Headphones,1,4/4/2019 11:22
181279,20in Monitor,1,4/23/2019 9:04
181280,Bose SoundSport Headphones,1,4/16/2019 10:11
181281,USB-C Charging Cable,1,4/9/2019 17:23
181282,ThinkPad Laptop,1,4/15/2019 12:40
181283,Bose SoundSport Headphones,1,4/13/2019 18:39
181284,Lightning Charging Cable,2,4/9/2019 1:13
181285,USB-C Charging Cable,2,4/29/2019 17:07
181286,Apple Airpods Headphones,1,4/4/2019 19:48
181287,AAA Batteries (4-pack),1,4/22/2019 18:54
181288,AAA Batteries (4-pack),3,4/22/2019 18:20
181289,USB-C Charging Cable,1,4/27/2019 13:42
181290,Lightning Charging Cable,1,4/8/2019 14:57
181291,AA Batteries (4-pack),1,4/3/2019 12:40
181292,AA Batteries (4-pack),1,4/21/2019 19:48
181293,AAA Batteries (4-pack),1,4/12/2019 8:36
181294,Lightning Charging Cable,1,4/6/2019 10:35
,,,
181295,Bose SoundSport Headphones,1,4/29/2019 14:23
181296,Flatscreen TV,1,4/25/2019 14:15
181297,USB-C Charging Cable,1,4/25/2019 6:45
181298,Macbook Pro Laptop,1,4/1/2019 21:39
181299,AA Batteries (4-pack),1,4/11/2019 0:45
181300,Lightning Charging Cable,1,4/18/2019 14:41
181301,AAA Batteries (4-pack),1,4/27/2019 18:32
181302,iPhone,1,4/22/2019 10:27
181303,Apple Airpods Headphones,1,4/19/2019 9:39
181304,AAA Batteries (4-pack),1,4/1/2019 13:14
181305,Bose SoundSport Headphones,1,4/13/2019 11:43
181306,AAA Batteries (4-pack),1,4/9/2019 21:48
181307,20in Monitor,1,4/9/2019 21:52
181308,Wired Headphones,1,4/20/2019 15:19
181309,ThinkPad Laptop,1,4/11/2019 0:33
181310,AAA Batteries (4-pack),2,4/28/2019 23:08
181311,Wired Headphones,1,4/8/2019 11:13
181312,Apple Airpods Headphones,1,4/10/2019 21:47
181313,Wired Headphones,1,4/8/2019 13:57
181314,Wired Headphones,1,4/8/2019 20:24
181315,Google Phone,1,4/28/2019 18:50
181315,USB-C Charging Cable,1,4/28/2019 18:50
181316,Wired Headphones,1,4/9/2019 2:37
181317,Wired Headphones,1,4/20/2019 21:29
181318,Flatscreen TV,1,4/22/2019 10:16
181319,AAA Batteries (4-pack),1,4/12/2019 11:10
181320,Lightning Charging Cable,2,4/5/2019 16:51
181321,AAA Batteries (4-pack),2,4/5/2019 23:01
181322,Google Phone,1,4/23/2019 14:10
181323,Bose SoundSport Headphones,1,4/10/2019 10:54
181324,ThinkPad Laptop,1,4/16/2019 10:01
181325,USB-C Charging Cable,1,4/16/2019 21:48
181326,Lightning Charging Cable,1,4/8/2019 11:52
181327,27in FHD Monitor,1,4/5/2019 14:49
181327,AAA Batteries (4-pack),3,4/5/2019 14:49
181328,AAA Batteries (4-pack),1,4/14/2019 19:42
181328,USB-C Charging Cable,1,4/14/2019 19:42
181329,Google Phone,1,4/5/2019 17:19
181330,AAA Batteries (4-pack),1,4/17/2019 19:41
181331,AA Batteries (4-pack),1,4/23/2019 22:05
181332,AAA Batteries (4-pack),1,4/22/2019 8:07
181333,USB-C Charging Cable,1,4/11/2019 23:29
181334,Bose SoundSport Headphones,1,4/2/2019 21:57
181335,Apple Airpods Headphones,1,4/15/2019 13:14
181336,27in FHD Monitor,1,4/21/2019 12:12
181337,Apple Airpods Headphones,1,4/10/2019 14:59
181338,iPhone,1,4/6/2019 19:05
181339,Macbook Pro Laptop,1,4/17/2019 17:26
181340,Wired Headphones,1,4/6/2019 21:46
181341,Macbook Pro Laptop,1,4/25/2019 19:29
181342,34in Ultrawide Monitor,1,4/9/2019 23:03
181343,AAA Batteries (4-pack),1,4/18/2019 18:33
181344,Lightning Charging Cable,1,4/16/2019 18:46
181345,AAA Batteries (4-pack),1,4/19/2019 15:26
181346,20in Monitor,1,4/6/2019 14:12
181347,AA Batteries (4-pack),1,4/17/2019 13:43
181348,AAA Batteries (4-pack),1,4/12/2019 14:56
181349,27in FHD Monitor,1,4/5/2019 15:08
181350,Bose SoundSport Headphones,1,4/8/2019 10:46
181351,AA Batteries (4-pack),1,4/22/2019 19:29
181352,USB-C Charging Cable,1,4/24/2019 21:20
181353,Bose SoundSport Headphones,1,4/26/2019 14:59
181354,USB-C Charging Cable,1,4/18/2019 15:03
181355,AAA Batteries (4-pack),1,4/22/2019 16:57
181356,20in Monitor,1,4/24/2019 7:50
181357,AAA Batteries (4-pack),1,4/26/2019 10:43
181358,USB-C Charging Cable,1,4/29/2019 20:12
181359,Wired Headphones,1,4/18/2019 14:01
181360,AA Batteries (4-pack),1,4/1/2019 17:43
181361,USB-C Charging Cable,1,4/1/2019 20:37
181362,Lightning Charging Cable,1,4/20/2019 14:23
181363,ThinkPad Laptop,1,4/15/2019 8:57
181364,AAA Batteries (4-pack),1,4/21/2019 14:53
181365,Wired Headphones,1,4/11/2019 0:07
181366,USB-C Charging Cable,1,4/4/2019 18:48
181367,27in 4K Gaming Monitor,1,4/18/2019 13:04
181368,Bose SoundSport Headphones,1,4/8/2019 1:56
181369,Apple Airpods Headphones,1,4/30/2019 11:56
181370,iPhone,1,4/19/2019 15:43
181370,USB-C Charging Cable,1,4/19/2019 15:43
181371,Wired Headphones,1,4/4/2019 12:55
181372,AAA Batteries (4-pack),2,4/6/2019 19:57
181373,iPhone,1,4/5/2019 12:31
181374,Wired Headphones,1,4/8/2019 14:11
181375,AAA Batteries (4-pack),2,4/2/2019 11:44
181376,Apple Airpods Headphones,1,4/11/2019 11:43
181377,Lightning Charging Cable,1,4/20/2019 15:06
181378,Vareebadd Phone,1,4/14/2019 17:26
181379,Apple Airpods Headphones,1,4/27/2019 10:11
181380,USB-C Charging Cable,1,4/24/2019 17:13
181381,Macbook Pro Laptop,1,4/15/2019 20:19
181382,Wired Headphones,2,4/19/2019 12:43
181383,Wired Headphones,1,4/4/2019 23:00
181384,AA Batteries (4-pack),1,4/13/2019 0:03
181385,34in Ultrawide Monitor,1,4/18/2019 19:31
181386,USB-C Charging Cable,1,4/17/2019 21:39
181387,Apple Airpods Headphones,1,4/20/2019 20:41
181388,Bose SoundSport Headphones,1,4/27/2019 11:27
181389,Wired Headphones,1,4/4/2019 9:04
181390,USB-C Charging Cable,1,4/24/2019 23:35
181391,USB-C Charging Cable,1,4/12/2019 19:11
181392,Vareebadd Phone,1,4/19/2019 21:26
181392,USB-C Charging Cable,1,4/19/2019 21:26
181393,Wired Headphones,1,4/23/2019 18:58
181394,USB-C Charging Cable,1,4/30/2019 21:18
181395,AAA Batteries (4-pack),1,4/9/2019 6:28
181396,Wired Headphones,1,4/1/2019 14:05
181397,Apple Airpods Headphones,1,4/16/2019 14:25
181398,USB-C Charging Cable,1,4/30/2019 8:54
181399,AA Batteries (4-pack),2,4/8/2019 8:27
181400,iPhone,1,4/16/2019 19:13
181401,AAA Batteries (4-pack),1,4/8/2019 14:31
181402,AA Batteries (4-pack),2,4/14/2019 21:49
181402,AAA Batteries (4-pack),1,4/14/2019 21:49
181403,Flatscreen TV,1,4/9/2019 17:57
181404,Wired Headphones,1,4/30/2019 15:45
181405,27in 4K Gaming Monitor,1,4/28/2019 12:44
181406,27in FHD Monitor,1,4/9/2019 14:33
181407,27in FHD Monitor,1,4/25/2019 12:36
181408,iPhone,1,4/2/2019 22:45
181409,Wired Headphones,1,4/27/2019 4:40
181410,USB-C Charging Cable,1,4/18/2019 12:20
181411,34in Ultrawide Monitor,1,4/20/2019 13:56
181412,Vareebadd Phone,1,4/23/2019 20:18
181412,USB-C Charging Cable,1,4/23/2019 20:18
181413,AAA Batteries (4-pack),1,4/8/2019 21:14
181414,Bose SoundSport Headphones,1,4/26/2019 12:23
181415,AA Batteries (4-pack),1,4/7/2019 15:58
181416,AA Batteries (4-pack),1,4/16/2019 8:26
181417,Bose SoundSport Headphones,1,4/15/2019 18:00
181418,Apple Airpods Headphones,1,4/1/2019 20:06
181419,Apple Airpods Headphones,1,4/4/2019 17:31
181419,34in Ultrawide Monitor,1,4/4/2019 17:31
181420,USB-C Charging Cable,1,4/5/2019 18:27
181421,27in FHD Monitor,1,4/27/2019 21:36
181422,34in Ultrawide Monitor,1,4/30/2019 19:36
181423,Wired Headphones,1,4/1/2019 11:42
181424,AAA Batteries (4-pack),1,4/27/2019 8:55
181425,Bose SoundSport Headphones,1,4/14/2019 6:05
181426,Wired Headphones,1,4/27/2019 1:41
181427,Google Phone,1,4/27/2019 10:12
181428,ThinkPad Laptop,1,4/2/2019 4:34
181429,Bose SoundSport Headphones,1,4/7/2019 19:49
181430,Apple Airpods Headphones,1,4/14/2019 12:11
181431,USB-C Charging Cable,1,4/22/2019 22:59
181432,LG Dryer,1,4/25/2019 19:27
181433,AA Batteries (4-pack),1,4/4/2019 18:52
181434,USB-C Charging Cable,1,4/2/2019 6:23
181435,AAA Batteries (4-pack),1,4/22/2019 18:16
181435,AA Batteries (4-pack),1,4/22/2019 18:16
181436,Wired Headphones,1,4/28/2019 13:54
181437,Flatscreen TV,1,4/13/2019 15:51
181438,LG Dryer,1,4/21/2019 11:31
181439,Lightning Charging Cable,1,4/15/2019 19:04
181440,AA Batteries (4-pack),1,4/24/2019 14:34
181441,34in Ultrawide Monitor,1,4/30/2019 16:12
181442,27in 4K Gaming Monitor,1,4/25/2019 21:53
181443,Apple Airpods Headphones,1,4/14/2019 13:26
181444,AAA Batteries (4-pack),1,4/4/2019 10:36
181445,27in FHD Monitor,1,4/20/2019 9:56
181446,AAA Batteries (4-pack),2,4/8/2019 10:17
181447,Apple Airpods Headphones,1,4/1/2019 14:00
181448,AAA Batteries (4-pack),3,4/3/2019 14:15
181449,Lightning Charging Cable,1,4/5/2019 10:01
181450,USB-C Charging Cable,1,4/11/2019 19:42
181451,Wired Headphones,1,4/4/2019 20:13
181452,34in Ultrawide Monitor,1,4/28/2019 11:51
181453,Macbook Pro Laptop,1,4/27/2019 11:01
181454,AA Batteries (4-pack),1,4/20/2019 8:37
181455,Apple Airpods Headphones,1,4/4/2019 6:21
181456,AA Batteries (4-pack),2,4/2/2019 21:56
181457,AAA Batteries (4-pack),1,4/6/2019 13:47
181458,Wired Headphones,1,4/28/2019 12:28
181459,27in FHD Monitor,1,4/5/2019 9:39
181460,Wired Headphones,1,4/1/2019 9:26
181461,Bose SoundSport Headphones,1,4/12/2019 15:12
181462,Lightning Charging Cable,1,4/21/2019 8:10
181463,AAA Batteries (4-pack),2,4/6/2019 10:37
181464,34in Ultrawide Monitor,1,4/9/2019 10:47
181465,AA Batteries (4-pack),1,4/17/2019 21:36
181466,Bose SoundSport Headphones,1,4/14/2019 12:22
181467,AA Batteries (4-pack),1,4/7/2019 11:11
181468,AA Batteries (4-pack),1,4/20/2019 20:53
181469,Google Phone,1,4/14/2019 10:08
181470,USB-C Charging Cable,1,4/30/2019 17:18
181471,Macbook Pro Laptop,1,4/20/2019 22:17
181472,AAA Batteries (4-pack),1,4/14/2019 9:40
181473,Wired Headphones,2,4/2/2019 12:12
181474,Wired Headphones,1,4/21/2019 10:58
181475,Wired Headphones,1,4/14/2019 23:23
181476,Vareebadd Phone,1,4/2/2019 22:19
181476,Wired Headphones,1,4/2/2019 22:19
181477,Lightning Charging Cable,1,4/1/2019 21:07
181478,Flatscreen TV,1,4/16/2019 20:42
181479,Apple Airpods Headphones,1,4/21/2019 17:32
181480,iPhone,1,4/11/2019 2:14
181481,Macbook Pro Laptop,1,4/7/2019 6:54
181482,Wired Headphones,1,4/21/2019 22:06
181483,Lightning Charging Cable,1,4/4/2019 12:24
181484,34in Ultrawide Monitor,1,4/20/2019 22:06
181485,Lightning Charging Cable,2,4/7/2019 11:20
181486,Bose SoundSport Headphones,1,4/29/2019 13:16
181487,AA Batteries (4-pack),1,4/7/2019 10:33
181488,AAA Batteries (4-pack),1,4/29/2019 7:49
181489,AA Batteries (4-pack),1,4/17/2019 16:20
181490,27in FHD Monitor,1,4/3/2019 12:40
181491,AA Batteries (4-pack),1,4/1/2019 12:23
181492,AA Batteries (4-pack),1,4/24/2019 13:19
181493,Apple Airpods Headphones,1,4/23/2019 8:31
181494,Wired Headphones,1,4/4/2019 23:25
181495,Lightning Charging Cable,1,4/3/2019 10:03
181496,AA Batteries (4-pack),1,4/5/2019 0:40
181497,AA Batteries (4-pack),2,4/24/2019 10:51
181498,USB-C Charging Cable,2,4/24/2019 8:09
181499,Apple Airpods Headphones,1,4/16/2019 10:43
181500,Wired Headphones,1,4/8/2019 6:57
181501,Lightning Charging Cable,1,4/20/2019 8:22
181502,Wired Headphones,2,4/8/2019 7:58
181503,Vareebadd Phone,1,4/13/2019 1:07
181504,Bose SoundSport Headphones,1,4/17/2019 8:15
181505,Lightning Charging Cable,1,4/7/2019 16:30
181506,27in FHD Monitor,1,4/12/2019 21:47
181507,AAA Batteries (4-pack),1,4/5/2019 6:04
181508,Apple Airpods Headphones,1,4/28/2019 14:39
181509,Lightning Charging Cable,1,4/8/2019 15:26
181510,ThinkPad Laptop,1,4/24/2019 22:12
181511,USB-C Charging Cable,1,4/8/2019 17:36
181512,Bose SoundSport Headphones,1,4/8/2019 10:58
181513,Apple Airpods Headphones,1,4/13/2019 10:59
181514,27in 4K Gaming Monitor,1,4/28/2019 16:18
181515,Google Phone,1,4/1/2019 13:03
181515,Wired Headphones,1,4/1/2019 13:03
181516,Bose SoundSport Headphones,1,4/6/2019 21:16
181517,iPhone,1,4/4/2019 15:00
181518,Google Phone,1,4/2/2019 11:38
181519,USB-C Charging Cable,1,4/22/2019 9:42
181520,AA Batteries (4-pack),1,4/16/2019 14:10
181521,Bose SoundSport Headphones,1,4/9/2019 18:16
181522,AAA Batteries (4-pack),1,4/8/2019 13:07
181523,Apple Airpods Headphones,1,4/4/2019 20:13
181524,Flatscreen TV,1,4/7/2019 16:10
181525,Flatscreen TV,1,4/15/2019 2:38
181526,LG Dryer,1,4/17/2019 0:23
181527,Flatscreen TV,1,4/23/2019 20:06
181528,AAA Batteries (4-pack),1,4/2/2019 16:22
181529,27in FHD Monitor,1,4/26/2019 21:28
181530,LG Dryer,1,4/14/2019 9:14
181531,Lightning Charging Cable,1,4/17/2019 23:31
181532,27in FHD Monitor,1,4/27/2019 17:54
181533,Lightning Charging Cable,1,4/14/2019 12:15
181534,AAA Batteries (4-pack),1,4/2/2019 16:23
181535,Macbook Pro Laptop,1,4/14/2019 2:33
181536,USB-C Charging Cable,1,4/6/2019 21:50
181537,Wired Headphones,1,4/18/2019 11:53
181538,27in 4K Gaming Monitor,1,4/21/2019 20:03
181539,AAA Batteries (4-pack),1,4/26/2019 23:39
181540,AA Batteries (4-pack),1,4/22/2019 17:38
181541,ThinkPad Laptop,1,4/9/2019 16:59
181542,USB-C Charging Cable,1,4/1/2019 22:30
181543,Bose SoundSport Headphones,1,4/16/2019 23:17
181544,Macbook Pro Laptop,2,4/22/2019 12:48
181545,27in 4K Gaming Monitor,1,4/22/2019 21:03
181546,AA Batteries (4-pack),1,4/20/2019 16:06
181547,Lightning Charging Cable,1,4/22/2019 15:35
181548,AA Batteries (4-pack),1,4/20/2019 11:46
181549,34in Ultrawide Monitor,1,4/26/2019 22:45
181550,AA Batteries (4-pack),1,4/13/2019 11:24
181551,27in FHD Monitor,1,4/6/2019 16:01
181552,Macbook Pro Laptop,1,4/1/2019 7:06
181553,AA Batteries (4-pack),2,4/22/2019 15:19
181554,Lightning Charging Cable,1,4/14/2019 13:00
181555,USB-C Charging Cable,1,4/7/2019 8:22
181556,AA Batteries (4-pack),1,4/9/2019 21:46
181557,Google Phone,1,4/26/2019 19:51
181557,USB-C Charging Cable,1,4/26/2019 19:51
181558,Apple Airpods Headphones,1,4/7/2019 23:55
181559,AAA Batteries (4-pack),2,4/24/2019 21:46
181560,ThinkPad Laptop,1,4/12/2019 20:40
181561,AA Batteries (4-pack),1,4/1/2019 6:42
181562,Bose SoundSport Headphones,1,4/24/2019 17:44
181563,Macbook Pro Laptop,1,4/4/2019 14:42
181564,AA Batteries (4-pack),1,4/4/2019 12:20
181565,AAA Batteries (4-pack),2,4/21/2019 8:45
181566,Bose SoundSport Headphones,1,4/20/2019 19:35
181567,20in Monitor,1,4/6/2019 10:19
181568,Wired Headphones,1,4/17/2019 13:34
181569,Lightning Charging Cable,1,4/17/2019 0:26
181570,AAA Batteries (4-pack),1,4/10/2019 14:26
181571,27in FHD Monitor,1,4/13/2019 7:50
181572,Bose SoundSport Headphones,1,4/6/2019 16:51
181573,AA Batteries (4-pack),1,4/10/2019 17:50
181574,AAA Batteries (4-pack),2,4/17/2019 21:03
181575,34in Ultrawide Monitor,1,4/26/2019 23:39
181576,Apple Airpods Headphones,1,4/13/2019 12:18
181577,Lightning Charging Cable,1,4/21/2019 19:26
181578,Wired Headphones,1,4/7/2019 11:55
181579,Apple Airpods Headphones,1,4/5/2019 19:49
181580,27in 4K Gaming Monitor,1,4/13/2019 7:42
181581,Macbook Pro Laptop,1,4/10/2019 20:50
181582,AA Batteries (4-pack),1,4/10/2019 19:10
181583,27in 4K Gaming Monitor,1,4/18/2019 15:36
181584,Wired Headphones,1,4/7/2019 20:07
181585,AA Batteries (4-pack),1,4/14/2019 1:17
181586,Bose SoundSport Headphones,1,4/2/2019 20:07
181587,27in FHD Monitor,1,4/26/2019 14:13
181588,Lightning Charging Cable,1,4/15/2019 11:26
181589,iPhone,1,4/25/2019 16:23
181590,iPhone,1,4/21/2019 18:58
181591,Google Phone,1,4/17/2019 9:28
181592,AA Batteries (4-pack),2,4/25/2019 11:10
181593,Lightning Charging Cable,1,4/7/2019 15:37
181594,Wired Headphones,1,4/11/2019 11:45
181595,Apple Airpods Headphones,1,4/4/2019 21:08
181596,Apple Airpods Headphones,1,4/5/2019 11:28
181597,Wired Headphones,1,4/4/2019 11:22
181598,AA Batteries (4-pack),1,4/22/2019 13:53
181599,USB-C Charging Cable,2,4/2/2019 10:59
181600,AA Batteries (4-pack),1,4/2/2019 15:46
181601,Wired Headphones,1,4/24/2019 21:30
181602,Google Phone,1,4/22/2019 22:19
181603,Wired Headphones,1,4/24/2019 15:58
181604,34in Ultrawide Monitor,1,4/11/2019 18:21
181605,USB-C Charging Cable,1,4/9/2019 10:10
181606,34in Ultrawide Monitor,1,4/29/2019 14:58
181607,iPhone,1,4/24/2019 20:28
181608,27in FHD Monitor,1,4/6/2019 14:52
181609,Wired Headphones,1,4/18/2019 10:19
181610,USB-C Charging Cable,1,4/11/2019 8:02
181611,Google Phone,1,4/17/2019 6:42
181612,Lightning Charging Cable,2,4/7/2019 23:58
181613,USB-C Charging Cable,1,4/19/2019 19:15
181614,Vareebadd Phone,1,4/19/2019 11:41
181615,AAA Batteries (4-pack),1,4/16/2019 18:10
181616,Lightning Charging Cable,1,4/8/2019 23:56
181617,Apple Airpods Headphones,1,4/8/2019 11:40
181618,ThinkPad Laptop,1,4/30/2019 22:06
181619,Wired Headphones,1,4/22/2019 7:37
181620,27in FHD Monitor,1,4/14/2019 3:09
181621,Wired Headphones,1,4/24/2019 8:56
181622,AA Batteries (4-pack),1,4/16/2019 13:06
181623,AAA Batteries (4-pack),1,4/23/2019 19:00
181624,AA Batteries (4-pack),2,4/8/2019 10:08
181625,Lightning Charging Cable,1,4/17/2019 8:19
181626,Bose SoundSport Headphones,1,4/6/2019 2:31
Order ID,Product,Quantity Ordered,Order Date
181627,Apple Airpods Headphones,1,4/15/2019 16:24
181628,AAA Batteries (4-pack),1,4/25/2019 13:16
181629,27in FHD Monitor,1,4/11/2019 8:25
181630,Wired Headphones,1,4/11/2019 21:27
181631,AAA Batteries (4-pack),1,4/7/2019 1:26
181632,Apple Airpods Headphones,1,4/25/2019 20:02
181633,AA Batteries (4-pack),1,4/20/2019 20:28
181634,27in 4K Gaming Monitor,1,4/10/2019 14:06
181635,Bose SoundSport Headphones,1,4/18/2019 13:44
181636,Wired Headphones,1,4/16/2019 18:38
181637,AAA Batteries (4-pack),3,4/15/2019 19:05
181638,Apple Airpods Headphones,1,4/21/2019 18:38
181639,Macbook Pro Laptop,1,4/7/2019 20:44
181640,USB-C Charging Cable,1,4/15/2019 1:46
181641,Macbook Pro Laptop,1,4/8/2019 12:42
181642,AA Batteries (4-pack),4,4/1/2019 16:02
181643,Bose SoundSport Headphones,1,4/13/2019 13:56
181644,Apple Airpods Headphones,1,4/26/2019 18:51
181645,Apple Airpods Headphones,1,5/1/2019 2:37
181646,Google Phone,1,4/19/2019 16:49
181647,iPhone,1,4/9/2019 22:31
181648,20in Monitor,1,4/29/2019 20:01
181649,Flatscreen TV,1,4/28/2019 14:33
181650,AA Batteries (4-pack),1,4/25/2019 11:34
181651,AA Batteries (4-pack),2,4/5/2019 14:14
181652,iPhone,1,4/18/2019 11:14
181653,AAA Batteries (4-pack),2,4/21/2019 12:23
181654,Wired Headphones,1,4/21/2019 18:47
181655,USB-C Charging Cable,1,4/11/2019 11:18
181656,Apple Airpods Headphones,1,4/9/2019 9:55
181657,AA Batteries (4-pack),1,4/26/2019 19:03
181658,Apple Airpods Headphones,1,4/15/2019 23:01
181659,ThinkPad Laptop,1,4/3/2019 21:39
181660,AAA Batteries (4-pack),1,4/14/2019 20:36
181660,Bose SoundSport Headphones,1,4/14/2019 20:36
181661,Bose SoundSport Headphones,1,4/5/2019 16:17
181662,ThinkPad Laptop,1,4/7/2019 21:53
181663,iPhone,1,4/4/2019 11:09
181664,iPhone,1,4/29/2019 17:23
181665,ThinkPad Laptop,1,4/2/2019 17:49
181666,AA Batteries (4-pack),1,4/1/2019 12:05
181667,USB-C Charging Cable,1,4/21/2019 17:34
181668,27in FHD Monitor,1,4/13/2019 22:25
181669,LG Dryer,1,4/4/2019 19:44
181670,Lightning Charging Cable,1,4/14/2019 14:43
181671,Apple Airpods Headphones,1,4/5/2019 15:40
181672,AAA Batteries (4-pack),2,4/27/2019 21:17
181673,ThinkPad Laptop,1,4/17/2019 18:31
181674,Lightning Charging Cable,1,4/4/2019 13:21
181675,27in FHD Monitor,1,4/25/2019 11:13
181676,Wired Headphones,1,4/4/2019 20:13
181677,Wired Headphones,2,4/12/2019 17:51
181678,AAA Batteries (4-pack),1,4/28/2019 2:53
181679,Apple Airpods Headphones,1,4/17/2019 11:28
181680,AA Batteries (4-pack),1,4/24/2019 9:47
181681,Apple Airpods Headphones,1,4/23/2019 18:05
181682,Wired Headphones,1,4/16/2019 10:15
181683,Google Phone,1,4/26/2019 13:43
181684,AAA Batteries (4-pack),1,4/14/2019 11:41
181685,Lightning Charging Cable,1,4/21/2019 22:01
181686,Apple Airpods Headphones,1,4/28/2019 10:41
181687,iPhone,1,4/2/2019 22:36
181688,ThinkPad Laptop,1,5/1/2019 2:07
181689,Wired Headphones,1,4/2/2019 11:23
181690,Lightning Charging Cable,1,4/23/2019 8:22
181691,iPhone,1,4/9/2019 10:54
181692,USB-C Charging Cable,1,4/3/2019 15:28
181693,USB-C Charging Cable,1,4/18/2019 18:42
181694,34in Ultrawide Monitor,1,4/27/2019 12:19
181695,USB-C Charging Cable,1,4/14/2019 11:01
181696,AAA Batteries (4-pack),2,4/2/2019 14:44
181697,Google Phone,1,4/8/2019 16:06
181697,USB-C Charging Cable,1,4/8/2019 16:06
181698,Lightning Charging Cable,1,4/9/2019 2:02
181699,Wired Headphones,1,4/26/2019 18:10
181700,20in Monitor,1,4/4/2019 14:14
181701,AAA Batteries (4-pack),1,4/5/2019 10:40
181702,Lightning Charging Cable,3,4/26/2019 19:40
181703,Wired Headphones,1,4/16/2019 18:11
181704,AA Batteries (4-pack),2,4/29/2019 12:29
181705,20in Monitor,1,4/6/2019 11:48
181706,20in Monitor,1,4/7/2019 15:46
181707,Lightning Charging Cable,2,4/26/2019 11:32
181708,Lightning Charging Cable,2,4/28/2019 10:15
181709,AAA Batteries (4-pack),3,4/4/2019 18:02
181710,AA Batteries (4-pack),1,4/3/2019 21:37
181711,34in Ultrawide Monitor,1,4/28/2019 8:55
181712,Lightning Charging Cable,1,4/30/2019 8:31
181713,Vareebadd Phone,1,4/7/2019 21:56
181714,USB-C Charging Cable,1,4/30/2019 12:18
181715,27in FHD Monitor,1,4/15/2019 16:13
181716,AA Batteries (4-pack),1,4/27/2019 8:21
181717,Flatscreen TV,1,4/29/2019 13:04
181718,AA Batteries (4-pack),1,4/1/2019 10:42
181719,Lightning Charging Cable,1,4/8/2019 10:43
181720,Wired Headphones,1,4/25/2019 21:56
181721,27in 4K Gaming Monitor,1,4/19/2019 13:04
181722,USB-C Charging Cable,1,4/10/2019 16:57
181723,Lightning Charging Cable,1,4/26/2019 17:47
181724,iPhone,1,4/12/2019 17:52
181725,iPhone,1,4/5/2019 11:27
181726,Apple Airpods Headphones,1,4/17/2019 14:16
181727,AAA Batteries (4-pack),1,4/3/2019 5:48
181728,Apple Airpods Headphones,1,4/21/2019 20:41
181729,Apple Airpods Headphones,1,4/5/2019 21:34
181730,Wired Headphones,1,4/3/2019 9:47
181731,ThinkPad Laptop,1,4/1/2019 13:22
181732,Lightning Charging Cable,1,4/14/2019 19:11
181733,Lightning Charging Cable,1,4/27/2019 19:47
181734,Wired Headphones,1,4/1/2019 9:56
181735,iPhone,1,4/3/2019 11:18
181736,iPhone,1,4/29/2019 20:19
181737,Lightning Charging Cable,1,4/11/2019 13:17
181738,Bose SoundSport Headphones,1,4/9/2019 18:17
181739,USB-C Charging Cable,1,4/26/2019 20:09
181740,ThinkPad Laptop,1,4/10/2019 11:47
181741,27in FHD Monitor,1,4/6/2019 20:39
181742,AA Batteries (4-pack),1,4/9/2019 12:45
181743,AAA Batteries (4-pack),1,4/26/2019 23:04
181744,AA Batteries (4-pack),1,4/28/2019 19:11
181745,Apple Airpods Headphones,1,4/14/2019 13:32
181746,Wired Headphones,1,4/14/2019 6:38
181747,LG Dryer,1,4/19/2019 17:01
181748,Wired Headphones,1,4/11/2019 9:29
181749,Vareebadd Phone,1,4/29/2019 22:54
181750,USB-C Charging Cable,1,4/8/2019 2:53
181751,Flatscreen TV,1,4/27/2019 20:49
181752,Flatscreen TV,1,4/6/2019 22:18
181753,AA Batteries (4-pack),2,4/16/2019 22:56
181754,Google Phone,1,4/30/2019 12:05
181755,AA Batteries (4-pack),1,4/6/2019 7:33
181756,AAA Batteries (4-pack),1,4/18/2019 22:13
181757,Wired Headphones,1,4/19/2019 12:35
181758,Lightning Charging Cable,1,4/16/2019 10:39
181759,USB-C Charging Cable,1,4/29/2019 17:48
181760,Bose SoundSport Headphones,1,4/21/2019 13:27
181761,USB-C Charging Cable,2,4/1/2019 11:58
181762,Vareebadd Phone,1,4/15/2019 17:24
181763,27in FHD Monitor,1,4/21/2019 16:53
181764,27in FHD Monitor,1,4/11/2019 18:01
181765,Lightning Charging Cable,1,4/8/2019 16:53
181766,Apple Airpods Headphones,1,4/15/2019 13:51
181767,Lightning Charging Cable,1,4/5/2019 17:21
181768,Macbook Pro Laptop,1,4/15/2019 22:16
181769,USB-C Charging Cable,1,4/5/2019 16:53
181770,34in Ultrawide Monitor,1,4/24/2019 17:37
181771,USB-C Charging Cable,1,4/15/2019 23:12
181772,AAA Batteries (4-pack),2,4/19/2019 15:47
181773,Apple Airpods Headphones,1,4/26/2019 20:48
181774,Wired Headphones,1,4/29/2019 8:03
181775,AA Batteries (4-pack),1,4/30/2019 11:02
181776,AAA Batteries (4-pack),2,4/30/2019 13:56
181777,Bose SoundSport Headphones,1,4/12/2019 19:35
181778,Bose SoundSport Headphones,1,4/9/2019 19:29
181779,Lightning Charging Cable,1,4/15/2019 11:30
181780,Apple Airpods Headphones,1,4/21/2019 16:58
181781,Lightning Charging Cable,1,4/8/2019 19:38
181782,AAA Batteries (4-pack),1,4/25/2019 19:50
181783,Bose SoundSport Headphones,1,4/19/2019 19:27
181784,USB-C Charging Cable,1,4/9/2019 13:20
181785,27in 4K Gaming Monitor,1,4/27/2019 17:05
181786,USB-C Charging Cable,2,4/3/2019 11:08
181787,AA Batteries (4-pack),1,4/5/2019 23:47
181788,27in 4K Gaming Monitor,1,4/6/2019 17:10
181789,ThinkPad Laptop,1,4/29/2019 23:51
181790,AA Batteries (4-pack),1,4/3/2019 23:04
181791,AA Batteries (4-pack),1,4/16/2019 11:38
181792,Wired Headphones,1,4/16/2019 17:47
181793,Apple Airpods Headphones,1,4/6/2019 21:43
181794,27in 4K Gaming Monitor,1,4/14/2019 19:47
181795,USB-C Charging Cable,1,4/2/2019 19:00
181796,20in Monitor,1,4/24/2019 20:19
181797,27in FHD Monitor,1,4/9/2019 17:01
181798,AA Batteries (4-pack),1,4/12/2019 18:33
181799,Lightning Charging Cable,1,4/2/2019 8:12
181800,Bose SoundSport Headphones,1,4/2/2019 13:58
181801,AA Batteries (4-pack),1,4/12/2019 18:50
181802,AA Batteries (4-pack),2,4/27/2019 19:52
181803,Bose SoundSport Headphones,1,4/4/2019 22:54
181804,27in FHD Monitor,1,4/15/2019 14:52
181805,USB-C Charging Cable,1,4/15/2019 18:38
181806,USB-C Charging Cable,1,4/14/2019 17:01
181807,iPhone,1,4/7/2019 16:36
181807,Lightning Charging Cable,2,4/7/2019 16:36
181808,27in FHD Monitor,1,4/3/2019 18:16
181809,AA Batteries (4-pack),1,4/29/2019 13:26
181810,AA Batteries (4-pack),3,4/9/2019 0:14
181811,AA Batteries (4-pack),1,4/6/2019 6:21
181812,Bose SoundSport Headphones,1,4/8/2019 20:46
181813,Lightning Charging Cable,1,4/12/2019 13:43
181814,Bose SoundSport Headphones,1,4/8/2019 17:41
181815,Bose SoundSport Headphones,1,4/2/2019 11:59
181816,iPhone,1,4/21/2019 12:17
181817,AAA Batteries (4-pack),1,4/21/2019 10:36
181818,AAA Batteries (4-pack),1,4/17/2019 21:55
181819,Vareebadd Phone,1,4/26/2019 5:43
181819,Wired Headphones,1,4/26/2019 5:43
181820,Bose SoundSport Headphones,1,4/28/2019 14:24
181821,Apple Airpods Headphones,1,4/7/2019 8:11
181822,AA Batteries (4-pack),1,4/12/2019 11:50
181823,Bose SoundSport Headphones,1,4/18/2019 20:10
181823,AAA Batteries (4-pack),3,4/18/2019 20:10
181824,Wired Headphones,1,4/1/2019 12:30
181825,34in Ultrawide Monitor,1,4/13/2019 12:33
181826,Lightning Charging Cable,2,4/6/2019 9:13
181827,USB-C Charging Cable,1,4/22/2019 0:06
181828,Lightning Charging Cable,1,4/30/2019 17:02
181829,27in FHD Monitor,1,4/28/2019 17:29
181830,20in Monitor,1,4/4/2019 4:36
181831,USB-C Charging Cable,1,4/26/2019 16:39
181832,Apple Airpods Headphones,1,4/4/2019 5:21
181833,Wired Headphones,1,4/16/2019 12:28
181834,Lightning Charging Cable,1,4/5/2019 9:46
181835,27in 4K Gaming Monitor,1,4/21/2019 10:33
181836,Bose SoundSport Headphones,1,4/15/2019 12:22
181837,Wired Headphones,1,4/18/2019 0:11
181838,USB-C Charging Cable,1,4/17/2019 11:49
181839,Wired Headphones,1,4/2/2019 20:00
181840,AAA Batteries (4-pack),1,4/4/2019 13:32
181841,AAA Batteries (4-pack),3,4/7/2019 17:39
181842,27in FHD Monitor,1,4/4/2019 17:25
181843,iPhone,1,4/12/2019 11:20
181843,Apple Airpods Headphones,1,4/12/2019 11:20
181844,27in 4K Gaming Monitor,1,4/5/2019 9:10
181845,iPhone,1,4/12/2019 12:34
181846,USB-C Charging Cable,1,4/17/2019 21:08
181847,Wired Headphones,1,4/23/2019 1:24
181848,AAA Batteries (4-pack),1,4/2/2019 18:23
181849,Macbook Pro Laptop,1,4/21/2019 17:21
181850,AA Batteries (4-pack),3,4/3/2019 16:55
181851,Apple Airpods Headphones,1,4/9/2019 8:58
181852,Wired Headphones,1,4/3/2019 9:29
181853,Google Phone,1,4/26/2019 15:10
181854,Bose SoundSport Headphones,1,4/3/2019 23:45
181855,Lightning Charging Cable,1,4/13/2019 14:48
181856,Lightning Charging Cable,1,4/21/2019 23:10
181857,Macbook Pro Laptop,1,4/5/2019 17:33
181858,iPhone,1,4/15/2019 20:51
181859,Lightning Charging Cable,1,4/3/2019 8:15
181860,Google Phone,1,4/21/2019 12:43
181861,Lightning Charging Cable,1,4/26/2019 12:40
181862,iPhone,1,4/20/2019 10:39
181862,Apple Airpods Headphones,1,4/20/2019 10:39
181863,AA Batteries (4-pack),1,4/24/2019 13:45
181864,34in Ultrawide Monitor,1,4/13/2019 21:11
181865,27in FHD Monitor,1,4/30/2019 19:38
181866,Wired Headphones,1,4/10/2019 11:52
181867,USB-C Charging Cable,1,4/16/2019 13:16
181868,AAA Batteries (4-pack),1,4/12/2019 18:24
181869,AA Batteries (4-pack),1,4/12/2019 20:32
181870,27in FHD Monitor,1,4/11/2019 21:14
181871,27in 4K Gaming Monitor,1,4/26/2019 11:55
181872,AA Batteries (4-pack),1,4/8/2019 18:15
181873,AA Batteries (4-pack),1,4/28/2019 20:30
181874,Google Phone,1,4/26/2019 22:28
181875,AA Batteries (4-pack),1,4/16/2019 6:24
181876,AA Batteries (4-pack),1,4/30/2019 14:39
181877,Lightning Charging Cable,1,4/9/2019 12:03
181878,Wired Headphones,1,4/21/2019 9:18
181879,AA Batteries (4-pack),2,4/12/2019 13:30
181880,Apple Airpods Headphones,1,4/3/2019 9:17
,,,
181881,Lightning Charging Cable,1,4/19/2019 11:06
181882,Apple Airpods Headphones,1,4/6/2019 14:09
181883,AAA Batteries (4-pack),1,4/12/2019 16:33
181884,Apple Airpods Headphones,1,4/27/2019 9:10
181885,Apple Airpods Headphones,1,4/20/2019 7:43
181886,USB-C Charging Cable,1,4/18/2019 16:22
181887,Apple Airpods Headphones,1,4/4/2019 22:48
181888,Wired Headphones,1,4/27/2019 14:15
181889,USB-C Charging Cable,1,4/14/2019 14:51
181890,Lightning Charging Cable,1,4/15/2019 15:26
181891,27in FHD Monitor,1,4/15/2019 10:59
181892,Apple Airpods Headphones,1,4/17/2019 21:10
181893,Macbook Pro Laptop,1,4/20/2019 21:15
181894,iPhone,1,4/15/2019 17:58
181895,Bose SoundSport Headphones,1,4/16/2019 22:22
181896,Lightning Charging Cable,1,4/10/2019 20:47
181897,AAA Batteries (4-pack),2,4/11/2019 8:57
181898,Apple Airpods Headphones,1,4/15/2019 21:05
181899,AAA Batteries (4-pack),1,4/7/2019 22:12
181900,Wired Headphones,1,4/21/2019 9:42
181901,27in 4K Gaming Monitor,1,4/6/2019 18:19
181902,Bose SoundSport Headphones,1,4/13/2019 11:34
181903,Wired Headphones,2,4/1/2019 11:28
181904,iPhone,1,4/15/2019 11:26
181904,Lightning Charging Cable,1,4/15/2019 11:26
181905,Lightning Charging Cable,1,4/25/2019 21:19
181906,Wired Headphones,1,4/15/2019 13:03
181907,Apple Airpods Headphones,1,4/15/2019 23:11
181908,AA Batteries (4-pack),1,4/26/2019 8:22
181909,Apple Airpods Headphones,1,4/30/2019 17:28
181910,AA Batteries (4-pack),1,4/19/2019 13:08
181911,34in Ultrawide Monitor,1,4/10/2019 15:31
181912,Google Phone,1,4/29/2019 4:34
181913,ThinkPad Laptop,1,4/19/2019 21:44
181914,USB-C Charging Cable,1,4/16/2019 10:25
181915,AA Batteries (4-pack),1,4/1/2019 11:42
181916,Wired Headphones,1,4/20/2019 15:14
181917,Google Phone,1,4/10/2019 12:24
181917,USB-C Charging Cable,2,4/10/2019 12:24
181918,Lightning Charging Cable,1,4/5/2019 8:44
181919,Wired Headphones,1,4/10/2019 13:44
181920,34in Ultrawide Monitor,1,4/4/2019 13:13
181921,27in FHD Monitor,1,4/16/2019 16:59
181922,Flatscreen TV,1,4/20/2019 16:02
181923,Wired Headphones,1,4/4/2019 9:49
181924,Apple Airpods Headphones,1,4/2/2019 15:25
181925,AAA Batteries (4-pack),1,4/4/2019 14:48
181926,AA Batteries (4-pack),1,4/13/2019 14:13
181927,USB-C Charging Cable,1,4/17/2019 20:14
181928,AA Batteries (4-pack),1,4/29/2019 20:40
181929,Google Phone,1,4/13/2019 14:56
181930,Google Phone,1,4/30/2019 6:26
181931,USB-C Charging Cable,1,4/24/2019 14:49
181932,27in 4K Gaming Monitor,1,4/20/2019 14:48
181933,Bose SoundSport Headphones,1,4/24/2019 23:26
181934,27in FHD Monitor,1,4/17/2019 23:37
181935,Lightning Charging Cable,1,4/27/2019 22:32
181936,iPhone,1,4/27/2019 10:21
181936,Lightning Charging Cable,1,4/27/2019 10:21
181937,Wired Headphones,1,4/16/2019 21:37
181938,Apple Airpods Headphones,1,4/21/2019 16:40
181939,Lightning Charging Cable,1,4/8/2019 13:42
181940,34in Ultrawide Monitor,1,4/20/2019 12:02
181941,Wired Headphones,1,4/1/2019 12:32
181941,Lightning Charging Cable,1,4/1/2019 12:32
181942,Google Phone,1,4/9/2019 17:26
181943,27in 4K Gaming Monitor,1,4/26/2019 12:08
181944,Wired Headphones,2,4/23/2019 22:36
181945,27in 4K Gaming Monitor,1,4/10/2019 16:58
181946,Lightning Charging Cable,1,4/30/2019 19:05
181947,34in Ultrawide Monitor,1,4/19/2019 22:34
181948,AAA Batteries (4-pack),1,4/8/2019 20:09
181949,USB-C Charging Cable,1,4/13/2019 11:00
181950,USB-C Charging Cable,1,4/19/2019 14:13
181951,27in FHD Monitor,1,4/9/2019 13:01
181952,27in FHD Monitor,1,4/17/2019 21:24
181953,AA Batteries (4-pack),1,4/14/2019 10:57
181954,AAA Batteries (4-pack),1,4/22/2019 1:19
181955,27in 4K Gaming Monitor,1,4/9/2019 17:01
181956,AAA Batteries (4-pack),1,4/8/2019 13:25
181957,USB-C Charging Cable,1,4/23/2019 12:20
181958,iPhone,1,4/26/2019 18:55
181959,Apple Airpods Headphones,1,4/4/2019 17:32
181960,USB-C Charging Cable,1,4/1/2019 18:37
181961,Macbook Pro Laptop,1,4/11/2019 8:59
181962,AA Batteries (4-pack),2,4/29/2019 8:02
181963,AA Batteries (4-pack),2,4/19/2019 13:27
181964,USB-C Charging Cable,1,4/6/2019 8:56
181965,AA Batteries (4-pack),2,4/1/2019 11:25
181966,USB-C Charging Cable,1,4/27/2019 11:35
181967,AAA Batteries (4-pack),1,4/12/2019 20:03
181968,Apple Airpods Headphones,1,4/14/2019 19:15
181969,AAA Batteries (4-pack),1,4/30/2019 22:07
181970,AAA Batteries (4-pack),1,4/5/2019 16:38
181971,AAA Batteries (4-pack),2,4/29/2019 14:55
181972,AAA Batteries (4-pack),2,4/28/2019 14:32
181973,AA Batteries (4-pack),2,4/27/2019 13:14
181974,Lightning Charging Cable,1,4/4/2019 0:54
181975,AA Batteries (4-pack),2,4/19/2019 18:57
181976,USB-C Charging Cable,4,4/2/2019 11:02
181977,Macbook Pro Laptop,1,4/26/2019 21:51
181978,Macbook Pro Laptop,1,4/22/2019 10:57
181979,Vareebadd Phone,1,4/8/2019 11:04
181979,USB-C Charging Cable,1,4/8/2019 11:04
181980,20in Monitor,1,4/29/2019 21:39
181981,USB-C Charging Cable,1,4/30/2019 21:43
181982,Apple Airpods Headphones,2,4/22/2019 22:51
181983,ThinkPad Laptop,1,4/5/2019 15:08
181984,Wired Headphones,1,4/22/2019 20:15
181985,iPhone,1,4/9/2019 21:12
181986,Lightning Charging Cable,2,4/26/2019 19:24
181987,AAA Batteries (4-pack),1,4/21/2019 8:30
181988,Lightning Charging Cable,1,4/21/2019 13:01
181989,USB-C Charging Cable,1,4/23/2019 10:42
181990,Wired Headphones,1,4/12/2019 9:57
181991,AAA Batteries (4-pack),1,4/12/2019 21:34
181992,Lightning Charging Cable,1,4/25/2019 19:29
181993,USB-C Charging Cable,1,4/5/2019 13:29
181994,AAA Batteries (4-pack),1,4/7/2019 15:05
181995,AA Batteries (4-pack),1,4/6/2019 9:02
181996,AAA Batteries (4-pack),1,4/16/2019 22:46
181997,USB-C Charging Cable,1,4/24/2019 8:45
181998,Flatscreen TV,1,4/9/2019 9:05
181999,Apple Airpods Headphones,1,4/6/2019 7:17
181999,Wired Headphones,1,4/6/2019 7:17
182000,Lightning Charging Cable,1,4/14/2019 22:03
182001,AAA Batteries (4-pack),1,4/27/2019 19:06
182002,USB-C Charging Cable,2,4/4/2019 20:17
182003,Flatscreen TV,1,4/22/2019 15:46
182004,Apple Airpods Headphones,1,4/11/2019 21:00
182005,AAA Batteries (4-pack),2,4/3/2019 19:25
182006,Wired Headphones,1,4/30/2019 14:46
182007,USB-C Charging Cable,1,4/21/2019 12:35
182008,Wired Headphones,1,4/23/2019 8:25
182009,AAA Batteries (4-pack),1,4/24/2019 11:01
182010,Lightning Charging Cable,1,4/17/2019 16:37
182011,Apple Airpods Headphones,1,4/12/2019 19:48
182012,20in Monitor,1,4/30/2019 13:35
182013,27in 4K Gaming Monitor,1,4/11/2019 13:41
182014,34in Ultrawide Monitor,1,4/21/2019 8:04
182015,Bose SoundSport Headphones,1,4/18/2019 15:16
182016,27in 4K Gaming Monitor,1,4/6/2019 1:58
182017,AA Batteries (4-pack),2,4/14/2019 12:15
182018,iPhone,1,4/21/2019 15:37
182019,AA Batteries (4-pack),1,4/10/2019 12:18
182020,USB-C Charging Cable,1,4/14/2019 14:52
182021,AA Batteries (4-pack),1,4/8/2019 14:12
182022,Google Phone,1,4/19/2019 15:32
182023,AAA Batteries (4-pack),2,4/17/2019 9:49
182024,Google Phone,1,4/19/2019 22:50
182024,Bose SoundSport Headphones,1,4/19/2019 22:50
182025,Lightning Charging Cable,1,4/21/2019 19:56
182026,Macbook Pro Laptop,1,4/19/2019 11:30
182027,AA Batteries (4-pack),1,4/7/2019 8:28
182027,Apple Airpods Headphones,1,4/7/2019 8:28
182028,27in 4K Gaming Monitor,1,4/25/2019 16:49
182029,34in Ultrawide Monitor,1,4/30/2019 19:37
182030,Bose SoundSport Headphones,1,4/16/2019 18:24
182031,AAA Batteries (4-pack),3,4/21/2019 11:43
182032,AA Batteries (4-pack),1,4/26/2019 12:34
182033,Bose SoundSport Headphones,1,4/4/2019 14:21
182034,Wired Headphones,1,4/28/2019 20:48
182035,20in Monitor,1,4/30/2019 17:25
182036,27in FHD Monitor,1,4/10/2019 7:52
182037,USB-C Charging Cable,1,4/20/2019 9:05
182038,27in FHD Monitor,1,4/21/2019 21:49
182039,Lightning Charging Cable,1,4/24/2019 19:19
182040,34in Ultrawide Monitor,1,4/15/2019 9:26
182041,USB-C Charging Cable,1,4/19/2019 15:49
182042,Bose SoundSport Headphones,1,4/19/2019 17:52
182043,34in Ultrawide Monitor,1,4/16/2019 22:16
182043,Wired Headphones,1,4/16/2019 22:16
182044,Wired Headphones,1,4/5/2019 8:03
182045,27in 4K Gaming Monitor,1,4/5/2019 11:00
182046,Apple Airpods Headphones,1,4/26/2019 7:07
182047,Wired Headphones,1,4/22/2019 5:01
182048,AA Batteries (4-pack),1,4/14/2019 13:16
182049,Flatscreen TV,1,4/17/2019 11:35
182050,Flatscreen TV,1,4/23/2019 19:40
182051,AAA Batteries (4-pack),1,4/25/2019 15:29
182052,Wired Headphones,1,4/2/2019 9:43
182053,USB-C Charging Cable,1,4/22/2019 10:33
182054,27in FHD Monitor,1,4/18/2019 14:12
182055,27in FHD Monitor,1,4/6/2019 22:43
182056,27in FHD Monitor,1,4/27/2019 16:40
182057,Lightning Charging Cable,1,4/28/2019 19:02
182058,Vareebadd Phone,1,4/9/2019 12:54
182059,AAA Batteries (4-pack),2,4/30/2019 20:58
182060,iPhone,1,4/2/2019 20:00
182060,Lightning Charging Cable,1,4/2/2019 20:00
182061,Macbook Pro Laptop,1,4/9/2019 19:20
182062,AAA Batteries (4-pack),1,4/2/2019 4:54
182063,AA Batteries (4-pack),1,4/14/2019 10:43
182064,Apple Airpods Headphones,1,4/18/2019 12:06
182065,20in Monitor,1,4/21/2019 14:16
182066,Flatscreen TV,1,4/26/2019 1:03
182067,Vareebadd Phone,1,4/21/2019 20:09
182068,Wired Headphones,1,4/4/2019 11:09
182069,Apple Airpods Headphones,1,4/28/2019 12:45
182070,USB-C Charging Cable,1,4/14/2019 18:29
182071,AAA Batteries (4-pack),1,4/20/2019 12:57
182072,AAA Batteries (4-pack),1,4/26/2019 13:29
182073,AAA Batteries (4-pack),1,4/20/2019 10:15
182074,Lightning Charging Cable,1,4/19/2019 12:09
182075,Lightning Charging Cable,1,4/2/2019 12:35
182076,USB-C Charging Cable,1,4/26/2019 8:23
182077,AAA Batteries (4-pack),1,4/13/2019 22:08
182077,AAA Batteries (4-pack),1,4/13/2019 22:08
182078,AA Batteries (4-pack),1,4/19/2019 9:21
182079,Apple Airpods Headphones,1,4/5/2019 0:14
182080,USB-C Charging Cable,1,4/5/2019 14:22
182081,Wired Headphones,1,4/27/2019 12:11
182082,Wired Headphones,1,4/2/2019 18:10
182083,Wired Headphones,1,4/14/2019 21:44
182084,AAA Batteries (4-pack),1,4/17/2019 18:32
182085,Lightning Charging Cable,1,4/18/2019 14:42
182086,Google Phone,1,4/9/2019 1:17
182087,AAA Batteries (4-pack),1,4/12/2019 19:13
182087,27in FHD Monitor,1,4/12/2019 19:13
182088,Macbook Pro Laptop,1,4/10/2019 11:29
182089,AAA Batteries (4-pack),1,4/15/2019 22:02
182090,USB-C Charging Cable,1,4/10/2019 12:07
182091,Lightning Charging Cable,1,4/27/2019 18:20
182092,Bose SoundSport Headphones,1,4/30/2019 12:20
182093,Bose SoundSport Headphones,1,4/18/2019 11:48
182093,AAA Batteries (4-pack),3,4/18/2019 11:48
182094,ThinkPad Laptop,1,4/9/2019 17:38
182095,34in Ultrawide Monitor,1,4/28/2019 13:27
182096,Lightning Charging Cable,1,4/15/2019 21:38
182097,iPhone,1,4/8/2019 16:14
182098,Lightning Charging Cable,1,4/29/2019 13:03
182099,Google Phone,1,4/2/2019 18:13
182099,USB-C Charging Cable,1,4/2/2019 18:13
182100,Lightning Charging Cable,1,4/11/2019 20:27
182100,AAA Batteries (4-pack),1,4/11/2019 20:27
182101,USB-C Charging Cable,1,4/1/2019 12:45
182102,Wired Headphones,1,4/10/2019 19:46
182103,USB-C Charging Cable,1,4/20/2019 14:08
182104,ThinkPad Laptop,1,4/3/2019 19:07
182105,Bose SoundSport Headphones,1,4/26/2019 11:05
182106,Wired Headphones,1,4/29/2019 14:33
182107,Wired Headphones,1,4/3/2019 7:27
182108,27in FHD Monitor,1,4/21/2019 20:24
182109,AAA Batteries (4-pack),1,4/23/2019 18:05
182110,Macbook Pro Laptop,1,4/27/2019 22:42
182111,Lightning Charging Cable,1,4/12/2019 20:28
182112,AA Batteries (4-pack),1,4/13/2019 11:17
182113,Wired Headphones,1,4/30/2019 21:24
182114,27in 4K Gaming Monitor,1,4/22/2019 0:53
182115,AA Batteries (4-pack),1,4/23/2019 21:40
182116,Bose SoundSport Headphones,1,4/21/2019 12:44
182117,34in Ultrawide Monitor,1,4/9/2019 19:24
182118,Wired Headphones,2,4/16/2019 11:04
182119,AA Batteries (4-pack),1,4/29/2019 23:04
182120,AAA Batteries (4-pack),1,4/27/2019 20:35
182121,Lightning Charging Cable,1,4/1/2019 14:07
182122,20in Monitor,1,4/26/2019 7:59
182123,27in 4K Gaming Monitor,1,4/20/2019 19:35
182124,Vareebadd Phone,1,4/1/2019 13:24
182125,iPhone,1,4/2/2019 18:24
182125,Lightning Charging Cable,1,4/2/2019 18:24
182126,Apple Airpods Headphones,1,4/11/2019 7:37
182127,Lightning Charging Cable,1,4/21/2019 11:04
182128,Wired Headphones,2,4/13/2019 17:44
182129,USB-C Charging Cable,1,4/15/2019 10:24
182130,Apple Airpods Headphones,1,4/8/2019 7:55
182131,Lightning Charging Cable,1,4/21/2019 11:37
182132,AA Batteries (4-pack),2,4/11/2019 6:07
182133,Lightning Charging Cable,1,4/14/2019 9:49
182134,USB-C Charging Cable,1,4/9/2019 20:02
182135,USB-C Charging Cable,1,4/9/2019 11:07
182136,20in Monitor,1,4/10/2019 11:40
182136,Lightning Charging Cable,1,4/10/2019 11:40
182137,34in Ultrawide Monitor,1,4/12/2019 11:48
182138,AA Batteries (4-pack),2,4/16/2019 10:12
182139,Macbook Pro Laptop,1,4/17/2019 10:47
182140,Wired Headphones,1,4/27/2019 19:33
182141,AA Batteries (4-pack),1,4/22/2019 22:18
182142,AA Batteries (4-pack),2,4/4/2019 10:45
182143,AAA Batteries (4-pack),1,4/11/2019 14:18
182144,AA Batteries (4-pack),2,4/17/2019 10:27
182145,Wired Headphones,1,4/21/2019 2:16
182146,34in Ultrawide Monitor,1,4/21/2019 7:30
182147,Vareebadd Phone,1,4/6/2019 13:31
182147,USB-C Charging Cable,2,4/6/2019 13:31
182148,Google Phone,1,4/5/2019 9:31
182149,Wired Headphones,1,4/16/2019 0:09
182150,Bose SoundSport Headphones,1,4/17/2019 23:04
182151,Wired Headphones,1,4/5/2019 11:59
182152,27in 4K Gaming Monitor,1,4/27/2019 10:25
182153,AA Batteries (4-pack),1,4/4/2019 4:16
182154,Bose SoundSport Headphones,1,4/5/2019 17:57
182155,USB-C Charging Cable,1,4/6/2019 17:49
182156,Wired Headphones,1,4/17/2019 11:03
182157,Apple Airpods Headphones,1,4/15/2019 11:54
182158,Bose SoundSport Headphones,1,4/26/2019 17:11
182158,ThinkPad Laptop,1,4/26/2019 17:11
182159,Apple Airpods Headphones,1,4/9/2019 21:50
182160,USB-C Charging Cable,1,4/15/2019 16:10
182161,AAA Batteries (4-pack),2,4/24/2019 16:48
182162,27in FHD Monitor,1,4/6/2019 8:14
182163,Lightning Charging Cable,1,4/7/2019 23:25
182164,Wired Headphones,2,4/22/2019 22:25
182165,USB-C Charging Cable,2,4/24/2019 13:55
182166,Lightning Charging Cable,1,4/19/2019 8:38
182167,AAA Batteries (4-pack),1,4/5/2019 18:31
182168,AA Batteries (4-pack),1,4/27/2019 10:48
182168,Apple Airpods Headphones,1,4/27/2019 10:48
182169,20in Monitor,1,4/6/2019 10:56
182170,27in 4K Gaming Monitor,1,4/26/2019 11:07
182171,Wired Headphones,1,4/8/2019 17:48
182172,USB-C Charging Cable,1,4/19/2019 12:20
182173,USB-C Charging Cable,1,4/5/2019 23:32
182174,AA Batteries (4-pack),1,4/20/2019 21:37
182175,USB-C Charging Cable,1,4/25/2019 18:37
182176,USB-C Charging Cable,1,4/11/2019 18:24
182176,AA Batteries (4-pack),1,4/11/2019 18:24
182177,34in Ultrawide Monitor,1,4/15/2019 13:59
182178,Wired Headphones,2,4/2/2019 22:49
182179,AAA Batteries (4-pack),3,4/13/2019 20:34
182180,ThinkPad Laptop,1,4/17/2019 18:11
182181,27in 4K Gaming Monitor,1,4/25/2019 23:11
182182,27in 4K Gaming Monitor,1,4/10/2019 12:42
182183,Flatscreen TV,1,4/12/2019 11:02
182184,AAA Batteries (4-pack),1,4/12/2019 20:43
182185,Wired Headphones,1,4/22/2019 21:09
182186,Bose SoundSport Headphones,1,4/14/2019 12:37
182187,USB-C Charging Cable,1,4/23/2019 19:54
182188,Apple Airpods Headphones,1,4/8/2019 22:26
182189,Lightning Charging Cable,1,4/16/2019 1:56
182190,AAA Batteries (4-pack),1,4/14/2019 17:56
182191,Bose SoundSport Headphones,1,4/30/2019 10:28
182192,27in 4K Gaming Monitor,1,4/22/2019 13:39
182193,AAA Batteries (4-pack),1,4/9/2019 15:28
182194,Apple Airpods Headphones,1,4/10/2019 21:38
182195,Apple Airpods Headphones,1,4/23/2019 20:57
182196,27in FHD Monitor,1,4/16/2019 12:08
182197,ThinkPad Laptop,1,4/18/2019 10:12
182198,iPhone,1,4/24/2019 19:34
182199,USB-C Charging Cable,1,4/15/2019 21:13
182200,USB-C Charging Cable,1,4/21/2019 0:15
182201,AAA Batteries (4-pack),1,4/19/2019 12:22
182202,Google Phone,1,4/26/2019 15:04
182203,AAA Batteries (4-pack),1,4/24/2019 22:18
182204,Bose SoundSport Headphones,1,4/15/2019 19:18
182205,USB-C Charging Cable,1,4/28/2019 21:33
182206,34in Ultrawide Monitor,1,4/22/2019 11:11
182207,USB-C Charging Cable,2,4/4/2019 13:23
182208,AA Batteries (4-pack),1,4/10/2019 5:08
182209,27in 4K Gaming Monitor,1,4/17/2019 21:41
182210,Flatscreen TV,1,4/17/2019 18:55
182211,AAA Batteries (4-pack),1,4/24/2019 13:28
182212,Lightning Charging Cable,1,4/7/2019 10:03
182213,USB-C Charging Cable,1,4/18/2019 12:06
182214,AAA Batteries (4-pack),1,4/1/2019 11:43
182215,27in FHD Monitor,1,4/5/2019 23:33
182215,Bose SoundSport Headphones,1,4/5/2019 23:33
182216,Bose SoundSport Headphones,1,4/16/2019 22:58
182217,34in Ultrawide Monitor,1,4/13/2019 18:51
182218,Google Phone,1,4/13/2019 16:10
182219,Google Phone,1,4/22/2019 14:37
182220,34in Ultrawide Monitor,2,4/14/2019 12:04
182221,Flatscreen TV,1,4/12/2019 21:28
182222,Lightning Charging Cable,1,4/7/2019 16:29
182223,Apple Airpods Headphones,1,4/15/2019 14:38
182224,AA Batteries (4-pack),1,4/4/2019 19:20
182225,USB-C Charging Cable,1,4/9/2019 11:57
182226,20in Monitor,1,4/6/2019 6:32
182227,Lightning Charging Cable,1,4/18/2019 9:38
182228,AA Batteries (4-pack),1,4/16/2019 9:02
182229,AAA Batteries (4-pack),1,4/5/2019 2:02
182230,AA Batteries (4-pack),2,4/29/2019 7:56
182231,AA Batteries (4-pack),1,4/22/2019 14:34
182232,34in Ultrawide Monitor,1,4/21/2019 13:22
182233,Flatscreen TV,1,4/12/2019 23:55
182234,Flatscreen TV,1,4/17/2019 13:23
182235,AA Batteries (4-pack),3,4/13/2019 9:12
182236,AA Batteries (4-pack),1,4/24/2019 20:48
182237,AAA Batteries (4-pack),1,4/1/2019 22:57
182238,USB-C Charging Cable,1,4/14/2019 15:39
182239,Lightning Charging Cable,1,4/3/2019 10:42
182240,iPhone,1,4/27/2019 18:56
182240,Lightning Charging Cable,1,4/27/2019 18:56
182241,USB-C Charging Cable,1,4/4/2019 13:28
182242,USB-C Charging Cable,1,4/7/2019 13:12
182243,AAA Batteries (4-pack),5,4/24/2019 12:03
182244,34in Ultrawide Monitor,1,4/24/2019 23:50
182245,USB-C Charging Cable,1,4/12/2019 2:29
182246,AA Batteries (4-pack),2,4/13/2019 11:33
182247,27in 4K Gaming Monitor,1,4/2/2019 20:33
182248,27in FHD Monitor,1,4/22/2019 14:48
182249,USB-C Charging Cable,1,4/10/2019 20:25
182250,iPhone,1,4/16/2019 16:14
182251,34in Ultrawide Monitor,1,4/16/2019 11:39
182252,20in Monitor,1,4/7/2019 11:46
182253,AAA Batteries (4-pack),2,4/29/2019 19:40
182254,27in FHD Monitor,1,4/3/2019 11:22
182255,Apple Airpods Headphones,1,4/7/2019 22:02
182256,Bose SoundSport Headphones,1,4/1/2019 14:58
182257,Wired Headphones,1,4/28/2019 19:45
182258,Apple Airpods Headphones,1,4/24/2019 19:32
182259,Lightning Charging Cable,1,4/25/2019 20:46
182260,27in 4K Gaming Monitor,1,4/2/2019 10:31
182261,AA Batteries (4-pack),1,4/12/2019 18:37
182262,USB-C Charging Cable,1,4/15/2019 18:52
182263,Apple Airpods Headphones,1,4/22/2019 17:01
182264,iPhone,1,4/4/2019 18:32
182265,AA Batteries (4-pack),1,4/10/2019 12:25
182266,USB-C Charging Cable,1,4/7/2019 8:51
182267,Wired Headphones,1,4/2/2019 15:11
182268,Lightning Charging Cable,1,4/26/2019 16:12
182269,Wired Headphones,1,4/22/2019 16:58
182270,27in 4K Gaming Monitor,1,4/6/2019 19:37
182271,Apple Airpods Headphones,1,4/25/2019 14:47
182272,AAA Batteries (4-pack),1,4/24/2019 14:01
182273,AAA Batteries (4-pack),2,4/30/2019 8:30
182274,Wired Headphones,1,4/1/2019 20:32
182275,Flatscreen TV,1,4/27/2019 9:30
182276,AAA Batteries (4-pack),1,4/8/2019 17:21
182277,27in FHD Monitor,1,4/21/2019 19:44
182278,USB-C Charging Cable,1,4/19/2019 20:33
182279,AAA Batteries (4-pack),1,4/28/2019 9:08
182280,34in Ultrawide Monitor,1,4/13/2019 17:14
182281,Wired Headphones,1,4/12/2019 22:48
182282,Wired Headphones,1,4/7/2019 23:34
182283,USB-C Charging Cable,1,4/10/2019 19:11
182284,Bose SoundSport Headphones,1,4/8/2019 18:55
182285,AA Batteries (4-pack),2,4/13/2019 20:52
182286,AA Batteries (4-pack),1,4/6/2019 8:14
182287,Wired Headphones,1,4/22/2019 5:11
182288,AA Batteries (4-pack),3,4/5/2019 18:45
182289,AAA Batteries (4-pack),2,4/26/2019 10:45
182290,USB-C Charging Cable,1,4/22/2019 13:14
182291,Lightning Charging Cable,1,4/24/2019 16:00
182292,Wired Headphones,2,4/1/2019 17:41
182293,AA Batteries (4-pack),1,4/12/2019 12:06
182294,Lightning Charging Cable,2,4/14/2019 9:50
182295,AAA Batteries (4-pack),1,4/29/2019 20:27
182296,27in FHD Monitor,1,4/12/2019 16:58
182297,Wired Headphones,1,4/10/2019 20:39
182298,Wired Headphones,1,4/26/2019 8:44
182299,Lightning Charging Cable,1,4/26/2019 9:07
182300,Apple Airpods Headphones,1,4/4/2019 13:25
182301,AA Batteries (4-pack),1,4/30/2019 23:32
182302,AA Batteries (4-pack),3,4/22/2019 11:30
182303,AA Batteries (4-pack),2,4/7/2019 21:12
182304,Wired Headphones,1,4/18/2019 18:29
182305,USB-C Charging Cable,1,4/21/2019 18:16
182306,Wired Headphones,1,4/5/2019 14:45
182307,Wired Headphones,1,4/3/2019 17:36
182308,27in 4K Gaming Monitor,1,4/9/2019 0:45
182309,27in 4K Gaming Monitor,1,4/25/2019 0:06
182310,Lightning Charging Cable,1,4/10/2019 13:04
182311,AAA Batteries (4-pack),1,4/15/2019 19:04
182312,iPhone,1,4/24/2019 8:40
182313,Lightning Charging Cable,1,4/29/2019 3:33
182314,Lightning Charging Cable,1,4/26/2019 14:35
182315,Apple Airpods Headphones,1,4/25/2019 22:21
182316,Lightning Charging Cable,1,4/29/2019 14:28
182317,Lightning Charging Cable,1,4/12/2019 15:18
182318,Wired Headphones,1,4/8/2019 15:33
182319,27in FHD Monitor,1,4/30/2019 18:49
182320,AAA Batteries (4-pack),2,4/10/2019 18:18
182321,Apple Airpods Headphones,1,4/13/2019 21:56
182322,AAA Batteries (4-pack),1,4/30/2019 10:44
182323,Flatscreen TV,1,4/22/2019 17:19
182324,20in Monitor,1,4/13/2019 16:57
182325,Google Phone,1,4/9/2019 22:15
182326,USB-C Charging Cable,1,4/2/2019 20:40
182327,ThinkPad Laptop,1,4/27/2019 17:35
182328,AA Batteries (4-pack),1,4/5/2019 18:37
182329,Wired Headphones,1,4/20/2019 17:43
182330,AAA Batteries (4-pack),1,4/12/2019 16:32
182331,Lightning Charging Cable,1,4/30/2019 0:06
182332,Lightning Charging Cable,1,4/11/2019 19:00
182333,Apple Airpods Headphones,1,4/14/2019 16:00
182334,Macbook Pro Laptop,1,4/20/2019 17:15
182335,AA Batteries (4-pack),1,4/8/2019 9:14
182336,Wired Headphones,1,4/11/2019 5:09
182337,AAA Batteries (4-pack),2,4/8/2019 14:28
182338,AA Batteries (4-pack),2,4/13/2019 10:31
182339,Apple Airpods Headphones,1,4/21/2019 15:16
182340,USB-C Charging Cable,1,4/27/2019 16:57
182341,AA Batteries (4-pack),3,4/25/2019 18:48
182342,27in FHD Monitor,1,4/25/2019 23:04
182343,iPhone,1,4/27/2019 18:06
182344,Lightning Charging Cable,1,4/7/2019 0:25
182345,AA Batteries (4-pack),1,4/8/2019 16:25
182346,20in Monitor,1,4/12/2019 10:54
182347,27in FHD Monitor,1,4/23/2019 15:41
182348,AAA Batteries (4-pack),2,4/9/2019 16:41
182349,USB-C Charging Cable,1,4/25/2019 17:16
182350,Bose SoundSport Headphones,1,4/6/2019 0:53
182351,Bose SoundSport Headphones,1,4/24/2019 22:41
182352,Bose SoundSport Headphones,1,4/28/2019 2:40
182353,AA Batteries (4-pack),1,4/12/2019 19:52
182354,AA Batteries (4-pack),1,4/5/2019 12:22
182355,USB-C Charging Cable,1,4/29/2019 14:35
182356,Lightning Charging Cable,1,4/23/2019 13:23
182357,27in FHD Monitor,1,4/18/2019 21:37
182358,AA Batteries (4-pack),1,4/17/2019 20:44
182359,Lightning Charging Cable,1,4/10/2019 23:01
182360,Lightning Charging Cable,1,4/2/2019 19:16
182361,USB-C Charging Cable,1,4/21/2019 17:09
182362,27in 4K Gaming Monitor,1,4/26/2019 0:51
182363,USB-C Charging Cable,1,4/15/2019 13:39
182364,Wired Headphones,1,4/13/2019 12:01
182365,AAA Batteries (4-pack),2,4/8/2019 22:29
182366,USB-C Charging Cable,1,4/20/2019 20:45
182367,Lightning Charging Cable,1,4/19/2019 10:11
182368,Bose SoundSport Headphones,1,4/18/2019 13:17
182369,Flatscreen TV,1,4/3/2019 2:37
182370,ThinkPad Laptop,1,4/13/2019 15:13
182371,Wired Headphones,1,4/17/2019 8:34
182372,Lightning Charging Cable,1,4/26/2019 16:28
182373,AA Batteries (4-pack),1,4/16/2019 8:42
182374,iPhone,1,4/2/2019 0:00
182374,Apple Airpods Headphones,1,4/2/2019 0:00
182375,Bose SoundSport Headphones,1,4/17/2019 17:30
182376,Bose SoundSport Headphones,1,4/27/2019 8:13
182377,20in Monitor,1,4/2/2019 21:15
182378,Lightning Charging Cable,1,4/27/2019 17:02
182379,27in 4K Gaming Monitor,1,4/27/2019 8:18
182380,Wired Headphones,2,4/30/2019 20:41
182381,Apple Airpods Headphones,1,4/2/2019 19:21
182382,Flatscreen TV,1,4/25/2019 11:47
182383,20in Monitor,1,4/11/2019 9:04
182384,AAA Batteries (4-pack),1,4/21/2019 8:38
182385,AA Batteries (4-pack),1,4/30/2019 1:03
182385,Apple Airpods Headphones,1,4/30/2019 1:03
182386,AA Batteries (4-pack),1,4/18/2019 17:35
182386,USB-C Charging Cable,1,4/18/2019 17:35
182387,AA Batteries (4-pack),1,4/7/2019 21:03
182388,Wired Headphones,1,4/26/2019 16:32
182389,Apple Airpods Headphones,1,4/10/2019 8:51
182390,Lightning Charging Cable,1,4/23/2019 20:31
182391,iPhone,1,4/2/2019 15:43
182392,Wired Headphones,1,4/20/2019 12:15
182393,Apple Airpods Headphones,1,4/29/2019 0:36
182394,Bose SoundSport Headphones,1,4/8/2019 22:32
182395,Wired Headphones,1,4/30/2019 18:55
182396,USB-C Charging Cable,1,4/17/2019 12:49
182397,Macbook Pro Laptop,1,4/5/2019 19:08
,,,
182398,34in Ultrawide Monitor,1,4/14/2019 14:25
182399,34in Ultrawide Monitor,1,4/3/2019 10:13
182400,Wired Headphones,1,4/2/2019 0:37
182401,Wired Headphones,1,4/28/2019 16:27
182402,AAA Batteries (4-pack),3,4/9/2019 20:41
182403,27in 4K Gaming Monitor,1,4/22/2019 12:10
182404,34in Ultrawide Monitor,1,4/1/2019 13:10
182405,27in FHD Monitor,1,4/29/2019 6:54
182406,USB-C Charging Cable,1,4/7/2019 9:37
,,,
182407,iPhone,1,4/10/2019 7:18
182408,Apple Airpods Headphones,1,4/1/2019 10:48
182409,USB-C Charging Cable,1,4/14/2019 21:17
182410,Wired Headphones,1,4/19/2019 9:31
182411,AA Batteries (4-pack),2,4/20/2019 13:16
182412,USB-C Charging Cable,1,4/2/2019 12:42
182413,AA Batteries (4-pack),1,4/3/2019 7:07
182414,AAA Batteries (4-pack),2,4/10/2019 21:50
182415,AA Batteries (4-pack),1,4/21/2019 2:09
182416,AAA Batteries (4-pack),1,4/2/2019 13:26
182417,iPhone,1,4/4/2019 7:42
182418,AA Batteries (4-pack),2,4/7/2019 23:13
182419,AAA Batteries (4-pack),1,4/9/2019 9:58
182420,iPhone,1,4/8/2019 12:55
182420,Apple Airpods Headphones,1,4/8/2019 12:55
182421,USB-C Charging Cable,1,4/9/2019 12:46
182422,AAA Batteries (4-pack),1,4/9/2019 11:07
182423,Wired Headphones,1,4/4/2019 16:16
182424,34in Ultrawide Monitor,1,4/9/2019 14:23
182425,Lightning Charging Cable,1,4/4/2019 14:13
182426,Lightning Charging Cable,1,4/20/2019 0:03
182427,Bose SoundSport Headphones,1,4/28/2019 21:20
182428,Google Phone,1,4/16/2019 15:18
182428,USB-C Charging Cable,1,4/16/2019 15:18
182429,Macbook Pro Laptop,1,4/7/2019 13:27
182430,AA Batteries (4-pack),1,4/12/2019 2:03
182431,Apple Airpods Headphones,1,4/2/2019 15:48
182432,Lightning Charging Cable,1,4/24/2019 7:00
182433,USB-C Charging Cable,1,4/25/2019 14:02
182434,ThinkPad Laptop,1,4/25/2019 17:59
182435,AAA Batteries (4-pack),1,4/19/2019 11:13
182436,Lightning Charging Cable,1,4/6/2019 13:36
182437,Macbook Pro Laptop,1,4/18/2019 11:56
182438,Wired Headphones,1,4/26/2019 21:52
182439,AAA Batteries (4-pack),1,4/2/2019 10:05
182440,27in FHD Monitor,1,4/7/2019 8:32
182441,USB-C Charging Cable,1,4/28/2019 15:25
182442,AAA Batteries (4-pack),1,4/18/2019 22:34
182443,iPhone,1,4/30/2019 11:06
182443,Lightning Charging Cable,1,4/30/2019 11:06
182444,iPhone,1,4/11/2019 10:15
182445,USB-C Charging Cable,1,4/14/2019 20:35
182446,Google Phone,1,4/7/2019 17:54
182447,Wired Headphones,1,4/11/2019 12:01
182448,AAA Batteries (4-pack),4,4/7/2019 8:52
182449,Apple Airpods Headphones,1,4/29/2019 0:18
182450,AAA Batteries (4-pack),1,4/23/2019 10:22
182451,27in FHD Monitor,1,4/12/2019 15:10
182452,Lightning Charging Cable,1,4/11/2019 16:08
182453,34in Ultrawide Monitor,1,4/25/2019 16:53
182454,Wired Headphones,1,4/29/2019 11:12
182455,AAA Batteries (4-pack),1,4/25/2019 9:26
182456,Bose SoundSport Headphones,1,4/15/2019 18:07
182457,34in Ultrawide Monitor,1,4/4/2019 8:08
182458,Wired Headphones,1,4/30/2019 17:37
182459,Wired Headphones,1,4/28/2019 12:40
182460,AA Batteries (4-pack),1,4/26/2019 20:15
182461,Flatscreen TV,1,4/26/2019 16:05
182462,Bose SoundSport Headphones,1,4/13/2019 12:03
182463,AA Batteries (4-pack),1,4/11/2019 13:04
182464,AA Batteries (4-pack),3,4/6/2019 10:42
182465,Apple Airpods Headphones,1,4/20/2019 9:08
182466,Lightning Charging Cable,1,4/11/2019 11:48
182467,LG Dryer,1,4/12/2019 15:34
182468,AAA Batteries (4-pack),1,4/13/2019 17:33
182469,Vareebadd Phone,1,4/25/2019 21:27
182470,AAA Batteries (4-pack),2,4/13/2019 22:42
182471,Lightning Charging Cable,1,4/4/2019 11:45
182472,34in Ultrawide Monitor,1,4/13/2019 17:24
182473,AA Batteries (4-pack),2,4/15/2019 14:44
182474,Lightning Charging Cable,1,4/23/2019 10:28
182475,Flatscreen TV,1,4/27/2019 6:18
182476,AAA Batteries (4-pack),1,4/2/2019 0:52
182477,AAA Batteries (4-pack),1,4/27/2019 9:20
182478,Wired Headphones,1,4/9/2019 20:16
182479,Lightning Charging Cable,1,4/16/2019 15:44
182480,27in FHD Monitor,1,4/5/2019 7:39
182481,iPhone,1,4/13/2019 9:32
182482,ThinkPad Laptop,1,4/24/2019 14:59
182483,AAA Batteries (4-pack),1,4/22/2019 12:36
182484,AA Batteries (4-pack),1,4/20/2019 9:19
182485,USB-C Charging Cable,3,4/11/2019 11:30
182486,Lightning Charging Cable,1,4/24/2019 1:22
182487,Lightning Charging Cable,1,4/4/2019 17:41
182488,27in FHD Monitor,1,4/14/2019 21:10
182489,Wired Headphones,1,4/27/2019 4:01
182490,Lightning Charging Cable,1,4/27/2019 13:46
182491,iPhone,1,4/5/2019 22:26
182492,USB-C Charging Cable,1,4/11/2019 11:22
182493,USB-C Charging Cable,1,4/6/2019 10:12
182494,USB-C Charging Cable,1,4/20/2019 21:34
182495,Macbook Pro Laptop,1,4/18/2019 18:40
182496,AAA Batteries (4-pack),2,4/19/2019 11:08
182497,Bose SoundSport Headphones,1,4/7/2019 10:35
182498,USB-C Charging Cable,1,4/28/2019 19:13
182499,Flatscreen TV,1,4/14/2019 20:50
182500,AA Batteries (4-pack),3,4/2/2019 17:33
182501,Google Phone,1,4/18/2019 14:43
182501,USB-C Charging Cable,1,4/18/2019 14:43
182502,AAA Batteries (4-pack),1,4/25/2019 16:28
182503,34in Ultrawide Monitor,1,4/22/2019 13:31
182504,Bose SoundSport Headphones,1,4/2/2019 18:01
182505,AA Batteries (4-pack),3,4/1/2019 19:43
182506,AAA Batteries (4-pack),2,4/4/2019 18:53
182507,Wired Headphones,1,4/27/2019 21:46
182508,AA Batteries (4-pack),3,4/20/2019 18:50
182509,Apple Airpods Headphones,1,4/2/2019 18:30
182510,Apple Airpods Headphones,1,4/26/2019 5:19
182511,AA Batteries (4-pack),1,4/8/2019 18:00
182512,Apple Airpods Headphones,1,4/29/2019 17:26
182513,AA Batteries (4-pack),1,4/7/2019 14:01
182514,Flatscreen TV,1,4/8/2019 19:28
182515,AA Batteries (4-pack),1,4/9/2019 1:14
182516,Wired Headphones,1,4/13/2019 9:18
182517,Apple Airpods Headphones,1,4/23/2019 12:30
182518,USB-C Charging Cable,1,4/30/2019 15:13
182519,ThinkPad Laptop,1,4/29/2019 11:44
182520,Wired Headphones,2,4/1/2019 11:24
182521,Wired Headphones,1,4/23/2019 9:27
182522,Apple Airpods Headphones,1,4/11/2019 11:54
182523,iPhone,1,4/24/2019 21:16
182523,Lightning Charging Cable,1,4/24/2019 21:16
182523,Lightning Charging Cable,1,4/24/2019 21:16
182524,Bose SoundSport Headphones,1,4/26/2019 18:02
182525,ThinkPad Laptop,1,4/10/2019 10:36
182526,34in Ultrawide Monitor,1,4/26/2019 10:29
182527,Google Phone,1,4/19/2019 22:42
182528,AA Batteries (4-pack),1,4/8/2019 16:49
182529,AAA Batteries (4-pack),1,4/13/2019 20:10
182530,iPhone,1,4/4/2019 9:11
182530,Lightning Charging Cable,1,4/4/2019 9:11
182531,USB-C Charging Cable,1,4/13/2019 22:05
182532,AA Batteries (4-pack),1,4/19/2019 23:50
182533,Macbook Pro Laptop,1,4/9/2019 2:26
182534,AA Batteries (4-pack),1,4/18/2019 16:11
182535,Lightning Charging Cable,2,4/12/2019 20:48
182536,27in 4K Gaming Monitor,1,4/15/2019 0:03
182537,iPhone,1,4/18/2019 16:31
182538,AAA Batteries (4-pack),4,4/23/2019 22:06
182539,AA Batteries (4-pack),2,4/15/2019 13:40
182540,Bose SoundSport Headphones,1,4/26/2019 12:20
182541,AAA Batteries (4-pack),1,4/18/2019 17:54
182542,Lightning Charging Cable,1,4/30/2019 23:49
182543,20in Monitor,1,4/12/2019 12:31
182544,27in FHD Monitor,1,4/29/2019 11:43
182545,Lightning Charging Cable,1,4/28/2019 12:30
182546,Lightning Charging Cable,1,4/11/2019 23:27
182547,ThinkPad Laptop,1,4/3/2019 14:48
182548,Apple Airpods Headphones,1,4/15/2019 13:49
182549,Wired Headphones,1,4/21/2019 18:57
182550,ThinkPad Laptop,1,4/2/2019 14:42
182551,Lightning Charging Cable,1,4/10/2019 12:12
182552,iPhone,1,4/27/2019 11:42
182553,AA Batteries (4-pack),1,4/12/2019 15:49
182554,27in FHD Monitor,1,4/15/2019 17:16
182555,AAA Batteries (4-pack),1,4/30/2019 4:16
182556,AAA Batteries (4-pack),3,4/27/2019 10:55
182557,USB-C Charging Cable,1,4/6/2019 13:23
182558,27in 4K Gaming Monitor,1,4/28/2019 12:49
182559,Wired Headphones,1,4/28/2019 11:58
182560,USB-C Charging Cable,1,4/11/2019 17:06
182561,ThinkPad Laptop,1,4/11/2019 9:00
182562,Lightning Charging Cable,1,4/17/2019 16:12
182563,27in 4K Gaming Monitor,1,4/20/2019 17:41
182564,AAA Batteries (4-pack),1,4/30/2019 11:38
182565,Bose SoundSport Headphones,1,4/18/2019 15:54
182566,Bose SoundSport Headphones,1,4/16/2019 15:06
182567,Vareebadd Phone,1,4/10/2019 9:54
182568,iPhone,1,4/26/2019 20:34
182568,Apple Airpods Headphones,1,4/26/2019 20:34
182569,Vareebadd Phone,1,4/21/2019 12:44
182570,AAA Batteries (4-pack),1,4/9/2019 8:42
182571,Wired Headphones,1,4/2/2019 15:23
182572,Flatscreen TV,1,4/6/2019 19:39
182573,Lightning Charging Cable,1,4/25/2019 11:32
182574,USB-C Charging Cable,1,4/19/2019 14:04
182575,Lightning Charging Cable,1,4/12/2019 19:43
182576,27in FHD Monitor,1,4/7/2019 9:04
182577,AAA Batteries (4-pack),1,4/25/2019 16:50
182578,Wired Headphones,1,4/30/2019 9:23
182579,AA Batteries (4-pack),2,4/21/2019 22:58
182580,Lightning Charging Cable,2,4/4/2019 12:20
182581,Google Phone,1,4/10/2019 15:24
182582,Apple Airpods Headphones,1,4/3/2019 9:46
182583,Flatscreen TV,1,4/19/2019 12:41
182584,20in Monitor,1,4/8/2019 15:53
182585,AA Batteries (4-pack),1,4/3/2019 6:01
182586,Lightning Charging Cable,1,4/4/2019 22:54
182587,Macbook Pro Laptop,1,4/2/2019 16:18
182588,27in FHD Monitor,1,4/14/2019 15:07
182589,Lightning Charging Cable,2,4/3/2019 16:02
182590,Wired Headphones,1,4/17/2019 11:18
182591,Bose SoundSport Headphones,1,4/13/2019 12:55
182592,AAA Batteries (4-pack),1,4/19/2019 13:13
182593,Lightning Charging Cable,1,4/5/2019 16:51
182594,Wired Headphones,2,4/10/2019 14:55
182595,Apple Airpods Headphones,1,4/16/2019 19:53
182596,Bose SoundSport Headphones,1,4/27/2019 22:03
182597,Wired Headphones,1,4/14/2019 14:52
182598,Lightning Charging Cable,1,4/14/2019 11:31
182599,AA Batteries (4-pack),1,4/29/2019 13:21
182600,USB-C Charging Cable,1,4/16/2019 13:08
182601,Bose SoundSport Headphones,1,4/25/2019 3:43
182602,34in Ultrawide Monitor,1,4/13/2019 11:46
182603,Apple Airpods Headphones,1,4/15/2019 18:57
182604,Flatscreen TV,1,4/30/2019 10:39
182605,AA Batteries (4-pack),1,4/12/2019 0:17
182606,Wired Headphones,1,4/17/2019 19:36
182607,Wired Headphones,1,4/2/2019 13:15
182608,iPhone,1,4/17/2019 11:59
182609,Wired Headphones,1,4/17/2019 5:54
182610,Bose SoundSport Headphones,1,4/20/2019 11:52
182611,USB-C Charging Cable,1,4/3/2019 17:08
182612,USB-C Charging Cable,2,4/27/2019 21:21
182613,AA Batteries (4-pack),1,4/26/2019 20:47
182614,Wired Headphones,1,4/9/2019 11:09
182615,Macbook Pro Laptop,1,4/23/2019 17:57
182616,Wired Headphones,1,4/11/2019 7:30
182617,Bose SoundSport Headphones,1,4/30/2019 15:58
,,,
182618,USB-C Charging Cable,1,4/14/2019 10:40
182619,Apple Airpods Headphones,1,4/14/2019 19:50
182620,27in FHD Monitor,1,4/26/2019 12:24
182621,Google Phone,1,4/23/2019 9:14
182622,Wired Headphones,1,4/23/2019 20:53
182623,Wired Headphones,2,4/23/2019 21:35
182624,27in FHD Monitor,1,4/20/2019 16:55
182625,Lightning Charging Cable,1,4/26/2019 18:37
182626,AAA Batteries (4-pack),2,4/25/2019 12:44
182627,Wired Headphones,1,4/12/2019 13:13
182628,Wired Headphones,1,4/10/2019 12:29
182629,27in FHD Monitor,1,4/11/2019 21:27
182630,27in 4K Gaming Monitor,1,4/29/2019 17:40
182631,AAA Batteries (4-pack),2,4/17/2019 2:28
182632,AAA Batteries (4-pack),1,4/25/2019 14:46
182633,Macbook Pro Laptop,1,4/23/2019 10:53
182634,27in 4K Gaming Monitor,1,4/4/2019 14:53
182635,ThinkPad Laptop,1,4/19/2019 12:47
182636,USB-C Charging Cable,1,4/3/2019 16:06
182637,34in Ultrawide Monitor,1,4/3/2019 22:52
182638,Bose SoundSport Headphones,1,4/19/2019 19:38
182639,Bose SoundSport Headphones,1,4/1/2019 9:43
182640,Apple Airpods Headphones,1,4/27/2019 9:22
182641,Lightning Charging Cable,1,4/1/2019 16:05
182642,AA Batteries (4-pack),1,4/16/2019 12:11
182643,iPhone,1,4/15/2019 14:14
182643,Wired Headphones,1,4/15/2019 14:14
182644,Lightning Charging Cable,1,4/1/2019 16:13
182645,27in FHD Monitor,1,4/11/2019 19:53
182646,USB-C Charging Cable,1,4/17/2019 6:14
182647,Lightning Charging Cable,1,4/7/2019 20:27
182648,Lightning Charging Cable,1,4/27/2019 15:23
182649,Lightning Charging Cable,1,4/28/2019 11:28
182650,USB-C Charging Cable,1,4/15/2019 19:09
182651,Bose SoundSport Headphones,1,4/13/2019 9:17
182652,AA Batteries (4-pack),2,4/1/2019 21:44
182653,Flatscreen TV,1,4/16/2019 0:24
182654,Lightning Charging Cable,1,4/23/2019 13:41
182655,Lightning Charging Cable,1,4/18/2019 17:39
182656,Bose SoundSport Headphones,1,4/17/2019 17:32
182657,27in FHD Monitor,1,4/19/2019 19:46
182658,27in 4K Gaming Monitor,1,4/14/2019 14:07
182659,Bose SoundSport Headphones,1,4/14/2019 14:21
182660,AAA Batteries (4-pack),4,4/5/2019 22:47
182661,AA Batteries (4-pack),1,4/22/2019 22:54
182662,USB-C Charging Cable,1,4/9/2019 21:03
182663,AA Batteries (4-pack),1,4/2/2019 13:17
182664,AA Batteries (4-pack),1,4/1/2019 18:05
182665,Bose SoundSport Headphones,1,4/30/2019 12:51
182666,Wired Headphones,1,4/1/2019 7:17
182667,Lightning Charging Cable,1,4/10/2019 14:54
182668,Apple Airpods Headphones,1,4/30/2019 19:58
182668,AAA Batteries (4-pack),1,4/30/2019 19:58
182669,Apple Airpods Headphones,1,4/12/2019 17:40
182670,LG Dryer,1,4/20/2019 11:19
182671,Wired Headphones,1,4/23/2019 16:57
182672,AA Batteries (4-pack),1,4/5/2019 0:29
182673,27in 4K Gaming Monitor,1,4/10/2019 15:24
182674,AAA Batteries (4-pack),1,4/27/2019 19:07
182675,USB-C Charging Cable,1,4/23/2019 7:19
182676,Bose SoundSport Headphones,1,4/24/2019 11:51
182677,iPhone,1,4/3/2019 11:57
182678,USB-C Charging Cable,1,4/22/2019 16:26
182679,Apple Airpods Headphones,1,4/22/2019 10:55
182680,Apple Airpods Headphones,1,4/7/2019 13:35
182681,USB-C Charging Cable,1,4/6/2019 10:37
182682,AA Batteries (4-pack),1,4/29/2019 11:21
182683,Apple Airpods Headphones,1,4/29/2019 18:00
182684,AAA Batteries (4-pack),1,4/12/2019 8:34
182685,Lightning Charging Cable,1,4/20/2019 12:41
182686,Apple Airpods Headphones,1,4/2/2019 8:41
182687,Lightning Charging Cable,1,4/15/2019 9:12
182688,AA Batteries (4-pack),1,4/16/2019 23:22
182689,iPhone,1,4/4/2019 21:43
182690,AAA Batteries (4-pack),1,4/21/2019 9:51
182691,Bose SoundSport Headphones,1,4/13/2019 9:14
182692,AA Batteries (4-pack),2,4/11/2019 17:48
182692,Lightning Charging Cable,1,4/11/2019 17:48
182693,AAA Batteries (4-pack),1,4/19/2019 14:57
182694,34in Ultrawide Monitor,1,4/24/2019 20:23
182695,AA Batteries (4-pack),1,4/25/2019 13:03
182696,iPhone,1,4/19/2019 7:30
182697,USB-C Charging Cable,1,4/18/2019 11:23
182698,AAA Batteries (4-pack),2,4/2/2019 16:33
182699,Wired Headphones,1,4/2/2019 21:09
182700,Bose SoundSport Headphones,1,4/21/2019 9:27
182701,USB-C Charging Cable,1,4/8/2019 18:53
182702,Bose SoundSport Headphones,1,4/30/2019 18:09
182703,USB-C Charging Cable,1,4/13/2019 6:17
182704,Apple Airpods Headphones,1,4/15/2019 10:22
,,,
182705,LG Dryer,1,4/21/2019 10:49
182706,USB-C Charging Cable,1,4/22/2019 14:56
182707,AA Batteries (4-pack),1,4/9/2019 12:55
182707,Apple Airpods Headphones,1,4/9/2019 12:55
182708,27in 4K Gaming Monitor,1,4/13/2019 13:59
182709,USB-C Charging Cable,1,4/17/2019 20:28
182710,AA Batteries (4-pack),1,4/19/2019 19:44
182711,Bose SoundSport Headphones,1,4/4/2019 20:49
182712,20in Monitor,1,4/18/2019 17:20
182713,20in Monitor,1,4/15/2019 17:15
182713,Macbook Pro Laptop,1,4/15/2019 17:15
182714,Wired Headphones,1,4/30/2019 22:02
182715,Wired Headphones,1,4/16/2019 17:10
182716,Lightning Charging Cable,1,4/12/2019 19:33
182717,AAA Batteries (4-pack),1,4/5/2019 22:19
182718,Apple Airpods Headphones,1,4/17/2019 16:59
182719,iPhone,1,4/16/2019 23:51
182720,27in FHD Monitor,1,4/28/2019 12:07
182721,iPhone,1,4/10/2019 22:16
182721,Lightning Charging Cable,1,4/10/2019 22:16
182722,34in Ultrawide Monitor,1,4/22/2019 21:40
182723,Google Phone,1,4/9/2019 19:52
182724,AA Batteries (4-pack),1,4/24/2019 11:28
182725,iPhone,1,4/20/2019 12:15
182726,AA Batteries (4-pack),2,4/26/2019 17:33
182727,Lightning Charging Cable,1,4/30/2019 18:00
182728,27in 4K Gaming Monitor,1,4/19/2019 15:10
182729,Apple Airpods Headphones,1,4/14/2019 20:40
182730,USB-C Charging Cable,1,4/14/2019 15:30
182731,iPhone,1,4/30/2019 11:40
182731,Wired Headphones,2,4/30/2019 11:40
182732,27in 4K Gaming Monitor,1,4/13/2019 20:43
182733,Wired Headphones,1,4/18/2019 23:13
182734,Apple Airpods Headphones,1,4/14/2019 21:41
182735,AAA Batteries (4-pack),1,4/27/2019 15:52
182735,Wired Headphones,1,4/27/2019 15:52
182736,Lightning Charging Cable,2,4/5/2019 12:42
182737,USB-C Charging Cable,1,4/6/2019 18:37
182738,Wired Headphones,1,4/16/2019 5:28
182739,Wired Headphones,1,4/19/2019 14:19
182740,Bose SoundSport Headphones,1,4/17/2019 9:26
182741,Apple Airpods Headphones,1,4/2/2019 14:02
182742,Apple Airpods Headphones,1,4/17/2019 11:15
182743,USB-C Charging Cable,1,4/9/2019 5:26
182744,27in FHD Monitor,1,4/8/2019 2:23
182745,Apple Airpods Headphones,1,4/7/2019 19:18
182746,Apple Airpods Headphones,1,4/25/2019 19:19
182747,AAA Batteries (4-pack),2,4/20/2019 17:57
182748,USB-C Charging Cable,1,4/11/2019 19:55
182749,Bose SoundSport Headphones,1,4/13/2019 9:43
182750,AA Batteries (4-pack),1,4/16/2019 17:55
182751,Macbook Pro Laptop,1,4/12/2019 19:29
182752,Bose SoundSport Headphones,1,4/21/2019 14:33
182752,27in FHD Monitor,1,4/21/2019 14:33
182753,USB-C Charging Cable,1,4/21/2019 11:14
182754,Wired Headphones,1,4/23/2019 9:54
182755,Google Phone,1,4/29/2019 12:14
182756,Apple Airpods Headphones,1,4/20/2019 13:50
182756,Wired Headphones,1,4/20/2019 13:50
182757,Apple Airpods Headphones,1,4/26/2019 18:50
182758,iPhone,1,4/23/2019 9:06
182759,AA Batteries (4-pack),1,4/5/2019 22:02
182760,34in Ultrawide Monitor,1,4/6/2019 15:08
182761,Lightning Charging Cable,1,4/4/2019 9:09
182762,AA Batteries (4-pack),3,4/28/2019 16:19
182763,Wired Headphones,1,4/1/2019 9:43
182764,Bose SoundSport Headphones,1,4/23/2019 13:02
182765,USB-C Charging Cable,1,4/15/2019 19:16
182766,Google Phone,1,4/24/2019 22:21
182766,Wired Headphones,1,4/24/2019 22:21
182767,USB-C Charging Cable,1,4/11/2019 9:40
182768,iPhone,1,4/22/2019 11:46
182769,Wired Headphones,1,4/17/2019 15:19
182770,27in FHD Monitor,1,4/19/2019 13:30
182771,AAA Batteries (4-pack),2,4/4/2019 16:22
182772,USB-C Charging Cable,1,4/17/2019 8:18
182773,Macbook Pro Laptop,1,4/6/2019 21:24
182774,Lightning Charging Cable,2,4/29/2019 13:07
182775,USB-C Charging Cable,1,4/23/2019 7:27
182776,Google Phone,1,4/13/2019 16:46
182776,USB-C Charging Cable,1,4/13/2019 16:46
182777,Lightning Charging Cable,1,4/9/2019 15:14
182778,Flatscreen TV,1,4/30/2019 15:01
182779,AA Batteries (4-pack),2,4/21/2019 13:16
182780,Bose SoundSport Headphones,1,4/7/2019 11:40
182781,Macbook Pro Laptop,1,4/18/2019 7:45
182782,Lightning Charging Cable,1,4/14/2019 12:48
182783,Lightning Charging Cable,1,4/8/2019 21:20
182784,Lightning Charging Cable,1,4/21/2019 19:43
182785,Lightning Charging Cable,2,4/16/2019 9:44
182786,AA Batteries (4-pack),1,4/3/2019 13:33
182787,AA Batteries (4-pack),2,4/20/2019 15:56
182788,USB-C Charging Cable,1,4/9/2019 10:43
182789,Lightning Charging Cable,1,4/27/2019 19:38
182790,AA Batteries (4-pack),2,4/14/2019 18:09
182791,Bose SoundSport Headphones,1,4/7/2019 13:57
182792,AA Batteries (4-pack),2,4/21/2019 9:05
182793,Lightning Charging Cable,1,4/23/2019 21:58
182794,AAA Batteries (4-pack),2,4/16/2019 11:39
182795,ThinkPad Laptop,1,4/16/2019 11:18
182796,20in Monitor,1,4/3/2019 21:22
182797,AAA Batteries (4-pack),2,4/7/2019 21:09
182798,AA Batteries (4-pack),1,4/6/2019 7:31
182799,AAA Batteries (4-pack),1,4/26/2019 18:56
182800,Wired Headphones,1,4/27/2019 13:19
182801,Bose SoundSport Headphones,1,4/1/2019 11:21
182802,Lightning Charging Cable,1,4/25/2019 19:30
182803,AA Batteries (4-pack),1,4/26/2019 14:15
182804,Apple Airpods Headphones,1,4/9/2019 17:38
182805,AAA Batteries (4-pack),1,4/25/2019 20:55
182806,Bose SoundSport Headphones,1,4/7/2019 21:44
182807,Apple Airpods Headphones,1,4/7/2019 1:30
182808,27in FHD Monitor,1,4/6/2019 14:30
182809,Macbook Pro Laptop,1,4/10/2019 18:15
182809,AA Batteries (4-pack),2,4/10/2019 18:15
182810,AAA Batteries (4-pack),1,4/5/2019 16:11
182811,AA Batteries (4-pack),2,4/5/2019 10:19
182812,Apple Airpods Headphones,1,4/7/2019 17:37
182813,Wired Headphones,1,4/17/2019 9:23
182814,AA Batteries (4-pack),1,4/1/2019 16:09
182815,AAA Batteries (4-pack),1,4/17/2019 12:52
182816,27in FHD Monitor,1,4/1/2019 19:28
182817,AA Batteries (4-pack),1,4/28/2019 20:12
182818,AA Batteries (4-pack),1,4/16/2019 18:33
182819,AAA Batteries (4-pack),1,4/15/2019 16:49
182820,Wired Headphones,1,4/8/2019 12:02
182821,Wired Headphones,2,4/15/2019 19:46
182822,34in Ultrawide Monitor,1,5/1/2019 0:46
182823,Wired Headphones,1,4/8/2019 10:35
182824,USB-C Charging Cable,1,4/6/2019 18:26
182825,Wired Headphones,2,4/9/2019 20:21
182826,Bose SoundSport Headphones,1,4/25/2019 16:04
182827,AAA Batteries (4-pack),1,4/12/2019 17:13
182828,ThinkPad Laptop,1,4/4/2019 12:25
182829,USB-C Charging Cable,1,4/16/2019 15:54
182830,Google Phone,1,4/30/2019 15:52
182831,AAA Batteries (4-pack),2,4/4/2019 16:13
182832,USB-C Charging Cable,1,4/10/2019 10:41
182833,AAA Batteries (4-pack),1,4/14/2019 13:34
182834,Lightning Charging Cable,1,4/4/2019 7:03
182835,AA Batteries (4-pack),1,4/22/2019 11:59
182836,USB-C Charging Cable,2,4/3/2019 8:13
182837,Lightning Charging Cable,2,4/13/2019 18:14
182838,Macbook Pro Laptop,1,4/26/2019 17:25
182839,USB-C Charging Cable,1,4/20/2019 22:54
182840,AAA Batteries (4-pack),1,4/6/2019 17:37
182841,Wired Headphones,1,4/12/2019 20:29
182842,Wired Headphones,1,4/30/2019 11:25
182843,Apple Airpods Headphones,1,4/27/2019 6:18
182844,Lightning Charging Cable,1,4/9/2019 6:27
182845,Bose SoundSport Headphones,1,4/12/2019 18:02
182846,iPhone,1,4/4/2019 16:12
182846,Lightning Charging Cable,1,4/4/2019 16:12
182847,27in FHD Monitor,1,4/9/2019 21:39
182848,AA Batteries (4-pack),4,4/8/2019 14:44
182849,Apple Airpods Headphones,1,4/12/2019 14:54
182850,Flatscreen TV,1,4/5/2019 6:10
182851,Wired Headphones,1,4/13/2019 18:17
182852,AA Batteries (4-pack),1,4/27/2019 15:32
182852,Lightning Charging Cable,1,4/27/2019 15:32
182853,AA Batteries (4-pack),1,4/29/2019 6:11
182854,iPhone,1,4/17/2019 13:48
182855,AAA Batteries (4-pack),1,4/23/2019 16:53
182856,USB-C Charging Cable,2,4/8/2019 13:41
182857,Wired Headphones,3,4/24/2019 12:12
182858,Lightning Charging Cable,1,4/2/2019 13:52
182859,Lightning Charging Cable,1,4/21/2019 6:59
182860,AA Batteries (4-pack),4,4/23/2019 0:08
182861,Lightning Charging Cable,1,4/12/2019 14:00
182862,Apple Airpods Headphones,1,4/15/2019 15:54
182863,Lightning Charging Cable,1,4/2/2019 17:34
182864,Wired Headphones,1,4/23/2019 14:39
182865,Apple Airpods Headphones,1,4/30/2019 22:16
182866,AA Batteries (4-pack),1,4/16/2019 19:54
182867,27in FHD Monitor,1,4/11/2019 19:19
182868,Bose SoundSport Headphones,1,4/21/2019 16:04
182869,Lightning Charging Cable,1,4/6/2019 19:59
182870,AA Batteries (4-pack),3,4/4/2019 10:45
182871,Lightning Charging Cable,1,4/12/2019 21:37
182872,Lightning Charging Cable,1,4/4/2019 10:51
182873,34in Ultrawide Monitor,1,4/15/2019 22:26
182874,27in 4K Gaming Monitor,1,4/3/2019 7:11
182875,Bose SoundSport Headphones,1,4/1/2019 13:22
182876,Bose SoundSport Headphones,1,4/6/2019 14:07
182877,27in 4K Gaming Monitor,1,4/28/2019 18:01
182878,Lightning Charging Cable,1,4/13/2019 16:48
182879,AAA Batteries (4-pack),1,4/11/2019 11:46
182880,27in 4K Gaming Monitor,1,4/25/2019 20:50
182881,AA Batteries (4-pack),1,4/10/2019 13:57
182882,Wired Headphones,1,4/21/2019 0:25
182883,AAA Batteries (4-pack),1,4/11/2019 14:18
182884,AA Batteries (4-pack),1,4/9/2019 11:26
182885,USB-C Charging Cable,1,4/11/2019 13:51
182886,Apple Airpods Headphones,1,4/24/2019 11:18
182887,ThinkPad Laptop,1,4/29/2019 14:58
182888,AAA Batteries (4-pack),2,4/21/2019 11:08
182889,20in Monitor,1,4/15/2019 17:19
182890,27in 4K Gaming Monitor,1,4/12/2019 12:46
182891,27in 4K Gaming Monitor,1,4/24/2019 17:54
182891,Bose SoundSport Headphones,1,4/24/2019 17:54
182892,USB-C Charging Cable,1,4/28/2019 1:53
182892,AAA Batteries (4-pack),1,4/28/2019 1:53
182893,Bose SoundSport Headphones,1,4/24/2019 23:55
182894,Lightning Charging Cable,1,4/21/2019 15:21
182895,Wired Headphones,1,4/18/2019 11:07
182896,Bose SoundSport Headphones,1,4/21/2019 22:13
182897,Lightning Charging Cable,1,4/19/2019 18:12
182898,Bose SoundSport Headphones,1,4/23/2019 21:46
182899,Apple Airpods Headphones,1,4/29/2019 10:03
182900,34in Ultrawide Monitor,1,4/13/2019 10:35
182901,Google Phone,1,4/23/2019 18:22
182901,USB-C Charging Cable,1,4/23/2019 18:22
182902,iPhone,1,4/9/2019 11:18
182903,Lightning Charging Cable,1,4/20/2019 12:34
182904,Lightning Charging Cable,1,4/9/2019 22:15
182904,Lightning Charging Cable,1,4/9/2019 22:15
182905,Lightning Charging Cable,1,4/22/2019 20:30
182905,Google Phone,1,4/22/2019 20:30
182906,Wired Headphones,1,4/21/2019 22:49
182907,Lightning Charging Cable,1,4/11/2019 14:26
182908,Google Phone,1,4/19/2019 17:40
182908,USB-C Charging Cable,1,4/19/2019 17:40
182908,Wired Headphones,1,4/19/2019 17:40
182909,USB-C Charging Cable,1,4/9/2019 14:08
182910,USB-C Charging Cable,2,4/8/2019 14:44
182911,Wired Headphones,2,4/5/2019 23:05
182912,AA Batteries (4-pack),1,4/3/2019 18:53
182913,Wired Headphones,1,4/21/2019 18:40
182914,Lightning Charging Cable,1,4/10/2019 17:38
182915,AA Batteries (4-pack),3,4/24/2019 16:35
182916,AAA Batteries (4-pack),1,4/27/2019 13:22
182917,iPhone,1,4/29/2019 15:19
182917,USB-C Charging Cable,1,4/29/2019 15:19
182918,USB-C Charging Cable,1,4/18/2019 13:27
182919,Wired Headphones,1,4/14/2019 19:17
182920,Apple Airpods Headphones,1,4/18/2019 21:52
182921,AA Batteries (4-pack),2,4/10/2019 14:06
182922,AAA Batteries (4-pack),1,4/25/2019 8:14
182923,USB-C Charging Cable,1,4/4/2019 17:15
182924,AAA Batteries (4-pack),1,4/12/2019 11:41
182925,USB-C Charging Cable,1,4/9/2019 22:32
182926,USB-C Charging Cable,1,4/25/2019 17:46
182927,Apple Airpods Headphones,1,4/16/2019 12:15
182928,Lightning Charging Cable,1,4/25/2019 11:41
182929,Apple Airpods Headphones,1,4/8/2019 2:12
182930,Bose SoundSport Headphones,1,4/11/2019 18:08
182931,Bose SoundSport Headphones,1,4/25/2019 12:30
182932,27in 4K Gaming Monitor,1,4/15/2019 23:28
182933,27in FHD Monitor,1,4/18/2019 20:17
182934,Apple Airpods Headphones,1,4/29/2019 6:20
182935,AA Batteries (4-pack),1,4/15/2019 23:23
182936,USB-C Charging Cable,1,4/17/2019 19:40
182937,USB-C Charging Cable,1,4/11/2019 1:04
182938,iPhone,1,4/14/2019 19:58
182939,Apple Airpods Headphones,1,4/1/2019 11:53
182940,USB-C Charging Cable,1,4/3/2019 16:07
182941,Wired Headphones,1,4/9/2019 11:48
182942,AAA Batteries (4-pack),2,4/11/2019 21:13
182943,Wired Headphones,1,4/23/2019 14:32
182944,Wired Headphones,1,4/8/2019 18:55
182945,Bose SoundSport Headphones,1,4/19/2019 11:39
182946,Lightning Charging Cable,1,4/1/2019 19:45
182947,Apple Airpods Headphones,1,4/27/2019 19:32
182948,AA Batteries (4-pack),1,4/20/2019 10:28
182949,AA Batteries (4-pack),1,4/30/2019 20:50
182950,Bose SoundSport Headphones,1,4/3/2019 10:46
182951,Wired Headphones,1,4/27/2019 8:56
182952,USB-C Charging Cable,1,4/14/2019 21:12
182953,AAA Batteries (4-pack),1,4/9/2019 13:23
182954,AA Batteries (4-pack),1,4/8/2019 10:42
182955,Wired Headphones,1,4/7/2019 10:51
182956,Macbook Pro Laptop,1,4/29/2019 13:55
182957,20in Monitor,1,4/18/2019 7:32
182958,27in 4K Gaming Monitor,1,4/11/2019 13:36
182959,34in Ultrawide Monitor,1,4/12/2019 15:16
182960,Wired Headphones,1,4/1/2019 6:47
182961,Wired Headphones,2,4/1/2019 9:31
182962,USB-C Charging Cable,1,4/6/2019 9:55
182963,USB-C Charging Cable,1,4/21/2019 13:34
182964,Apple Airpods Headphones,1,4/2/2019 18:10
182965,USB-C Charging Cable,1,4/26/2019 23:15
182966,Vareebadd Phone,1,4/10/2019 20:20
182967,Apple Airpods Headphones,1,4/1/2019 13:18
182968,Wired Headphones,1,4/9/2019 8:45
182969,AA Batteries (4-pack),2,4/30/2019 16:02
182970,LG Dryer,1,4/16/2019 17:10
182971,Wired Headphones,1,4/27/2019 16:20
182972,USB-C Charging Cable,1,4/20/2019 12:08
182973,AA Batteries (4-pack),1,4/11/2019 14:50
182974,20in Monitor,1,4/29/2019 14:33
182975,Bose SoundSport Headphones,1,4/14/2019 22:24
182976,AA Batteries (4-pack),1,4/17/2019 13:00
182977,Wired Headphones,1,4/14/2019 21:03
182978,USB-C Charging Cable,1,4/7/2019 2:28
182979,Macbook Pro Laptop,1,4/10/2019 21:30
182980,AA Batteries (4-pack),1,4/20/2019 13:43
182981,Bose SoundSport Headphones,1,4/5/2019 15:02
182982,Bose SoundSport Headphones,1,4/21/2019 16:58
182983,AA Batteries (4-pack),2,4/29/2019 20:30
182984,Macbook Pro Laptop,1,4/28/2019 1:10
182985,USB-C Charging Cable,1,4/8/2019 18:39
182986,ThinkPad Laptop,1,4/14/2019 18:40
182987,iPhone,1,4/25/2019 7:00
182987,Lightning Charging Cable,1,4/25/2019 7:00
182988,iPhone,1,4/20/2019 22:51
182989,iPhone,1,4/21/2019 13:52
182990,AA Batteries (4-pack),1,4/13/2019 19:41
182991,AAA Batteries (4-pack),2,4/10/2019 14:29
182992,ThinkPad Laptop,1,4/8/2019 10:35
182993,Wired Headphones,1,4/17/2019 18:00
182994,AAA Batteries (4-pack),2,4/23/2019 14:44
182995,USB-C Charging Cable,1,4/16/2019 14:45
182996,27in FHD Monitor,1,4/14/2019 13:26
182997,Apple Airpods Headphones,1,4/17/2019 4:10
182998,27in FHD Monitor,1,4/27/2019 19:16
182999,Wired Headphones,1,4/13/2019 19:17
183000,AAA Batteries (4-pack),3,4/25/2019 14:21
183001,ThinkPad Laptop,1,4/13/2019 17:56
183002,Wired Headphones,1,4/11/2019 13:56
183003,Wired Headphones,1,4/8/2019 21:15
183004,AA Batteries (4-pack),1,4/26/2019 20:10
,,,
183005,34in Ultrawide Monitor,1,4/28/2019 14:23
183006,Wired Headphones,1,4/25/2019 11:27
183007,AA Batteries (4-pack),1,4/28/2019 10:55
183008,AAA Batteries (4-pack),1,4/15/2019 19:14
183009,AA Batteries (4-pack),1,4/16/2019 18:30
183010,Apple Airpods Headphones,1,4/17/2019 12:10
183011,Vareebadd Phone,1,4/5/2019 18:29
183012,27in FHD Monitor,1,4/10/2019 20:57
183013,USB-C Charging Cable,1,4/18/2019 11:37
183014,Google Phone,1,4/12/2019 12:02
183014,Wired Headphones,1,4/12/2019 12:02
183015,USB-C Charging Cable,1,4/2/2019 0:25
183016,Google Phone,1,4/30/2019 19:50
183016,USB-C Charging Cable,1,4/30/2019 19:50
183016,Wired Headphones,1,4/30/2019 19:50
183017,ThinkPad Laptop,1,4/14/2019 16:17
183018,iPhone,1,4/12/2019 20:10
183019,Wired Headphones,1,4/13/2019 19:38
183020,27in 4K Gaming Monitor,1,4/5/2019 20:37
183021,Lightning Charging Cable,1,4/16/2019 13:01
183022,Wired Headphones,1,4/6/2019 20:09
183023,Apple Airpods Headphones,1,4/7/2019 16:25
183024,Google Phone,1,4/1/2019 20:51
183025,AA Batteries (4-pack),1,4/23/2019 18:15
183026,AAA Batteries (4-pack),1,4/27/2019 0:55
183027,USB-C Charging Cable,1,4/25/2019 20:44
183028,Wired Headphones,1,4/4/2019 12:14
183029,Wired Headphones,1,4/2/2019 0:23
183030,AAA Batteries (4-pack),1,4/3/2019 12:47
183031,Bose SoundSport Headphones,1,4/24/2019 14:51
183032,Wired Headphones,1,4/16/2019 19:31
183033,USB-C Charging Cable,1,4/17/2019 14:16
183034,iPhone,1,4/16/2019 20:52
183034,Lightning Charging Cable,1,4/16/2019 20:52
183035,Lightning Charging Cable,1,4/3/2019 12:25
183036,Flatscreen TV,1,4/6/2019 22:31
183037,USB-C Charging Cable,1,4/3/2019 13:08
183038,USB-C Charging Cable,1,4/23/2019 17:16
183039,Wired Headphones,1,4/28/2019 23:11
183040,Wired Headphones,1,4/13/2019 22:39
183041,AA Batteries (4-pack),1,4/9/2019 12:15
183042,USB-C Charging Cable,1,4/13/2019 8:28
183043,AAA Batteries (4-pack),2,4/19/2019 21:06
183044,ThinkPad Laptop,1,4/23/2019 21:03
183045,Lightning Charging Cable,1,4/26/2019 8:16
183046,Lightning Charging Cable,1,4/13/2019 20:35
183047,AA Batteries (4-pack),1,4/20/2019 18:06
183048,Bose SoundSport Headphones,1,4/10/2019 13:05
183049,Macbook Pro Laptop,1,4/9/2019 14:14
183050,Lightning Charging Cable,1,4/9/2019 11:19
183051,AAA Batteries (4-pack),1,4/2/2019 23:32
183052,AA Batteries (4-pack),1,4/14/2019 20:30
183053,Wired Headphones,1,4/8/2019 20:17
183054,Bose SoundSport Headphones,1,4/21/2019 1:52
183055,AAA Batteries (4-pack),1,4/19/2019 9:43
183056,34in Ultrawide Monitor,1,4/18/2019 1:58
183057,AA Batteries (4-pack),1,4/5/2019 9:59
183058,Wired Headphones,2,4/30/2019 22:21
183059,ThinkPad Laptop,1,4/19/2019 9:54
183059,USB-C Charging Cable,1,4/19/2019 9:54
183060,Lightning Charging Cable,1,4/18/2019 18:40
183061,Bose SoundSport Headphones,1,4/24/2019 13:50
183062,Bose SoundSport Headphones,1,4/24/2019 18:02
183063,USB-C Charging Cable,1,4/7/2019 17:19
183064,ThinkPad Laptop,1,4/17/2019 19:45
183065,27in FHD Monitor,1,4/7/2019 15:51
183066,Apple Airpods Headphones,1,4/18/2019 17:15
183067,Wired Headphones,1,4/21/2019 11:10
183068,Apple Airpods Headphones,1,4/7/2019 10:35
183069,AA Batteries (4-pack),1,4/21/2019 11:29
183070,USB-C Charging Cable,1,4/20/2019 9:17
183071,27in FHD Monitor,1,4/12/2019 18:59
183072,Macbook Pro Laptop,1,4/26/2019 10:06
183073,Lightning Charging Cable,1,4/5/2019 18:03
183074,USB-C Charging Cable,1,4/12/2019 20:24
183075,AAA Batteries (4-pack),1,4/19/2019 0:51
183076,Google Phone,1,4/26/2019 9:47
183077,Wired Headphones,1,4/11/2019 6:17
183078,USB-C Charging Cable,1,4/9/2019 7:13
183079,Bose SoundSport Headphones,1,4/30/2019 14:10
183080,Bose SoundSport Headphones,1,4/11/2019 21:58
183081,34in Ultrawide Monitor,1,4/21/2019 12:33
183082,AAA Batteries (4-pack),1,4/20/2019 0:08
183083,USB-C Charging Cable,1,4/13/2019 19:51
183084,Lightning Charging Cable,1,4/4/2019 21:35
183085,iPhone,1,4/15/2019 12:33
183085,Lightning Charging Cable,1,4/15/2019 12:33
183086,Bose SoundSport Headphones,1,4/25/2019 11:18
183087,Google Phone,1,4/5/2019 11:16
183088,USB-C Charging Cable,1,4/12/2019 18:38
183089,Lightning Charging Cable,1,4/20/2019 13:10
183090,Apple Airpods Headphones,2,4/28/2019 11:47
183091,AAA Batteries (4-pack),1,4/18/2019 13:54
183092,USB-C Charging Cable,1,4/30/2019 15:46
183093,Apple Airpods Headphones,1,4/17/2019 16:57
183093,ThinkPad Laptop,1,4/17/2019 16:57
183094,Wired Headphones,1,4/11/2019 9:43
183095,AAA Batteries (4-pack),1,4/27/2019 18:05
183096,AA Batteries (4-pack),1,4/10/2019 20:03
183097,Lightning Charging Cable,1,4/11/2019 17:22
183098,Lightning Charging Cable,1,4/22/2019 14:32
183099,USB-C Charging Cable,1,4/25/2019 22:54
183100,USB-C Charging Cable,1,4/16/2019 19:06
183101,Wired Headphones,1,4/1/2019 14:53
183102,AA Batteries (4-pack),1,4/23/2019 12:13
183103,34in Ultrawide Monitor,1,4/25/2019 14:46
183104,iPhone,1,4/20/2019 12:56
183105,Lightning Charging Cable,1,4/7/2019 17:45
183106,Wired Headphones,1,4/25/2019 18:51
183107,Lightning Charging Cable,1,4/2/2019 9:57
183108,Bose SoundSport Headphones,1,4/1/2019 18:17
183109,AA Batteries (4-pack),1,4/19/2019 17:46
183110,USB-C Charging Cable,1,4/1/2019 12:31
183111,LG Washing Machine,1,4/19/2019 22:03
183112,Lightning Charging Cable,1,4/29/2019 20:15
183113,AA Batteries (4-pack),2,4/29/2019 3:05
183114,USB-C Charging Cable,1,4/8/2019 19:26
183115,Apple Airpods Headphones,1,4/3/2019 9:18
183116,Google Phone,1,4/24/2019 0:56
183117,AAA Batteries (4-pack),2,4/11/2019 19:42
183118,AA Batteries (4-pack),1,4/1/2019 21:08
183119,Apple Airpods Headphones,1,4/29/2019 12:47
183120,AAA Batteries (4-pack),1,4/30/2019 8:52
183121,AA Batteries (4-pack),3,4/9/2019 13:28
183122,Google Phone,1,4/12/2019 6:16
183122,USB-C Charging Cable,1,4/12/2019 6:16
183123,USB-C Charging Cable,3,4/2/2019 15:12
183124,Bose SoundSport Headphones,1,4/23/2019 9:52
183125,AAA Batteries (4-pack),1,4/24/2019 17:55
183126,Google Phone,1,4/24/2019 23:15
183127,AAA Batteries (4-pack),1,4/27/2019 15:30
183128,AA Batteries (4-pack),1,4/19/2019 13:12
183129,Flatscreen TV,1,4/8/2019 22:05
183130,Wired Headphones,1,4/17/2019 5:45
183131,ThinkPad Laptop,1,4/26/2019 0:32
183132,AAA Batteries (4-pack),1,4/22/2019 20:58
183133,AA Batteries (4-pack),1,4/11/2019 11:07
183134,AAA Batteries (4-pack),1,4/16/2019 17:36
183135,AAA Batteries (4-pack),1,4/29/2019 12:22
183136,AAA Batteries (4-pack),1,4/30/2019 15:45
183137,Vareebadd Phone,1,4/21/2019 16:09
183138,20in Monitor,1,4/9/2019 21:30
183139,Google Phone,1,4/2/2019 11:02
183140,Google Phone,1,4/17/2019 19:05
183140,USB-C Charging Cable,1,4/17/2019 19:05
183141,AAA Batteries (4-pack),1,4/5/2019 14:45
183142,Flatscreen TV,1,4/11/2019 9:30
183143,Wired Headphones,1,4/23/2019 18:01
183144,27in FHD Monitor,1,4/22/2019 22:01
183145,USB-C Charging Cable,1,4/12/2019 1:02
183146,iPhone,1,4/9/2019 12:23
183146,Lightning Charging Cable,1,4/9/2019 12:23
183147,27in 4K Gaming Monitor,1,4/11/2019 21:40
183148,Bose SoundSport Headphones,1,4/10/2019 11:29
183149,Apple Airpods Headphones,1,4/27/2019 13:00
183149,27in 4K Gaming Monitor,1,4/27/2019 13:00
183150,Lightning Charging Cable,1,4/17/2019 17:46
183151,AAA Batteries (4-pack),1,4/8/2019 21:09
183152,USB-C Charging Cable,1,4/27/2019 16:01
183153,iPhone,1,4/15/2019 11:27
183154,AAA Batteries (4-pack),1,4/19/2019 14:08
183155,AAA Batteries (4-pack),2,4/18/2019 15:24
183156,Bose SoundSport Headphones,1,4/8/2019 18:58
183157,AA Batteries (4-pack),1,4/2/2019 6:35
183158,USB-C Charging Cable,1,4/14/2019 1:26
183159,AA Batteries (4-pack),1,4/8/2019 16:05
183160,AA Batteries (4-pack),1,4/28/2019 18:21
183161,Lightning Charging Cable,3,4/22/2019 19:20
183162,AAA Batteries (4-pack),1,4/15/2019 11:34
183163,Lightning Charging Cable,1,4/13/2019 19:03
183164,USB-C Charging Cable,1,4/13/2019 12:04
183165,Lightning Charging Cable,2,4/2/2019 16:04
183166,AAA Batteries (4-pack),1,4/2/2019 21:47
183167,Lightning Charging Cable,1,4/7/2019 11:57
183168,Macbook Pro Laptop,1,4/27/2019 11:28
183169,Bose SoundSport Headphones,1,4/8/2019 9:20
183170,Flatscreen TV,1,4/15/2019 21:28
183171,Wired Headphones,1,4/9/2019 9:54
183172,Flatscreen TV,1,4/10/2019 10:17
183173,Lightning Charging Cable,2,4/20/2019 12:30
183174,USB-C Charging Cable,1,4/21/2019 20:44
183175,Wired Headphones,1,4/12/2019 18:12
183176,Lightning Charging Cable,1,4/15/2019 15:10
183177,iPhone,1,4/24/2019 12:43
183177,Lightning Charging Cable,1,4/24/2019 12:43
183178,AAA Batteries (4-pack),1,4/29/2019 20:07
Order ID,Product,Quantity Ordered,Order Date
183179,Macbook Pro Laptop,1,4/3/2019 17:27
183180,Apple Airpods Headphones,1,4/21/2019 9:50
183181,Lightning Charging Cable,1,4/17/2019 10:28
183182,AA Batteries (4-pack),2,4/3/2019 10:13
183183,AAA Batteries (4-pack),3,4/12/2019 14:25
183184,USB-C Charging Cable,1,4/30/2019 17:05
183185,Wired Headphones,1,4/22/2019 18:22
183186,USB-C Charging Cable,1,4/14/2019 11:04
183187,AA Batteries (4-pack),1,4/9/2019 12:59
183188,Wired Headphones,1,4/30/2019 21:46
183189,USB-C Charging Cable,1,4/17/2019 20:05
183190,20in Monitor,1,4/22/2019 14:56
183191,Lightning Charging Cable,1,4/8/2019 18:35
183192,34in Ultrawide Monitor,1,4/13/2019 21:07
183193,AA Batteries (4-pack),2,4/17/2019 12:05
183194,AAA Batteries (4-pack),1,4/9/2019 17:18
183195,20in Monitor,1,4/5/2019 20:05
183196,Wired Headphones,1,4/23/2019 5:53
183197,AAA Batteries (4-pack),2,4/23/2019 10:24
183198,27in 4K Gaming Monitor,1,4/21/2019 10:54
183199,Macbook Pro Laptop,1,4/10/2019 10:59
183200,AAA Batteries (4-pack),1,4/18/2019 20:44
183201,Flatscreen TV,1,4/1/2019 9:01
183202,Flatscreen TV,1,4/24/2019 11:45
183203,27in 4K Gaming Monitor,1,4/19/2019 6:19
183204,Wired Headphones,1,4/2/2019 11:10
183205,AA Batteries (4-pack),1,4/7/2019 8:57
183206,USB-C Charging Cable,1,4/6/2019 8:59
183207,27in 4K Gaming Monitor,1,4/18/2019 15:25
183208,Apple Airpods Headphones,1,4/16/2019 15:26
183209,Bose SoundSport Headphones,1,4/17/2019 17:38
183210,Lightning Charging Cable,1,4/30/2019 11:49
183211,Wired Headphones,1,4/15/2019 22:16
183212,USB-C Charging Cable,1,4/24/2019 13:05
183213,Bose SoundSport Headphones,1,4/3/2019 11:45
183214,Google Phone,1,4/10/2019 11:09
183215,USB-C Charging Cable,1,4/13/2019 9:54
183216,Lightning Charging Cable,1,4/10/2019 8:45
183217,USB-C Charging Cable,1,4/24/2019 16:11
183217,Lightning Charging Cable,1,4/24/2019 16:11
183218,Apple Airpods Headphones,1,4/29/2019 12:39
183218,AA Batteries (4-pack),1,4/29/2019 12:39
183219,USB-C Charging Cable,1,4/16/2019 13:44
183220,iPhone,1,4/17/2019 19:59
183220,Lightning Charging Cable,1,4/17/2019 19:59
183221,Lightning Charging Cable,1,4/15/2019 8:53
183222,34in Ultrawide Monitor,1,4/4/2019 2:21
183223,20in Monitor,1,4/14/2019 11:50
183224,USB-C Charging Cable,1,4/12/2019 17:35
183225,Lightning Charging Cable,1,4/1/2019 12:02
183226,Wired Headphones,1,4/16/2019 13:29
183227,USB-C Charging Cable,1,4/21/2019 14:17
183228,AAA Batteries (4-pack),2,4/7/2019 4:24
183229,USB-C Charging Cable,3,4/20/2019 6:12
183230,Google Phone,1,4/4/2019 11:09
183230,Bose SoundSport Headphones,1,4/4/2019 11:09
183231,Lightning Charging Cable,1,4/12/2019 20:23
183232,34in Ultrawide Monitor,1,4/7/2019 18:58
183233,iPhone,1,4/24/2019 9:37
183234,Wired Headphones,1,4/26/2019 10:21
183235,AA Batteries (4-pack),1,4/11/2019 20:00
183236,AAA Batteries (4-pack),1,4/15/2019 15:50
183237,34in Ultrawide Monitor,1,4/14/2019 6:58
183238,Wired Headphones,1,4/15/2019 10:34
183239,27in 4K Gaming Monitor,1,4/18/2019 21:45
183240,AA Batteries (4-pack),1,4/16/2019 15:32
183241,AA Batteries (4-pack),1,4/10/2019 22:29
183242,USB-C Charging Cable,1,4/27/2019 17:06
183243,AAA Batteries (4-pack),1,4/14/2019 19:01
183244,USB-C Charging Cable,1,4/5/2019 15:34
183245,Lightning Charging Cable,1,4/18/2019 16:12
183246,USB-C Charging Cable,1,4/29/2019 12:30
183247,Bose SoundSport Headphones,1,4/21/2019 9:06
183248,Flatscreen TV,1,4/11/2019 16:36
183249,AA Batteries (4-pack),1,4/26/2019 13:42
183250,Flatscreen TV,1,4/20/2019 11:57
183251,Wired Headphones,1,4/14/2019 13:05
183252,Wired Headphones,1,4/4/2019 11:59
183253,AA Batteries (4-pack),2,4/1/2019 21:10
183254,Wired Headphones,1,4/29/2019 20:52
183255,USB-C Charging Cable,1,4/10/2019 12:34
183256,LG Washing Machine,1,4/27/2019 15:16
183257,Macbook Pro Laptop,1,4/27/2019 10:46
183258,AAA Batteries (4-pack),2,4/27/2019 8:41
183259,USB-C Charging Cable,2,4/21/2019 20:03
183260,AA Batteries (4-pack),1,4/28/2019 10:16
183261,AAA Batteries (4-pack),1,4/30/2019 16:55
183262,Lightning Charging Cable,1,4/12/2019 23:44
183263,20in Monitor,1,4/23/2019 5:00
183264,Vareebadd Phone,1,4/28/2019 19:10
183265,AA Batteries (4-pack),2,4/14/2019 16:10
183266,ThinkPad Laptop,1,4/12/2019 19:44
183267,Lightning Charging Cable,1,4/26/2019 18:42
183268,AA Batteries (4-pack),1,4/30/2019 19:38
183269,Bose SoundSport Headphones,1,4/14/2019 22:21
183270,iPhone,1,4/2/2019 9:03
183271,27in FHD Monitor,1,4/27/2019 18:46
183272,AAA Batteries (4-pack),1,4/18/2019 11:03
183273,AA Batteries (4-pack),2,4/17/2019 17:41
183274,iPhone,1,4/5/2019 6:56
183275,27in FHD Monitor,1,4/17/2019 16:23
183276,Lightning Charging Cable,1,4/6/2019 21:40
183277,Lightning Charging Cable,1,4/21/2019 10:57
183278,Google Phone,1,4/20/2019 0:26
183279,AAA Batteries (4-pack),1,4/15/2019 9:56
183280,Lightning Charging Cable,1,4/21/2019 20:46
183281,Lightning Charging Cable,1,4/29/2019 11:05
183282,Lightning Charging Cable,1,4/30/2019 11:12
183283,Bose SoundSport Headphones,1,4/16/2019 18:38
183284,AA Batteries (4-pack),3,4/8/2019 20:14
183285,USB-C Charging Cable,1,4/30/2019 11:20
183286,ThinkPad Laptop,1,4/18/2019 13:14
183287,Flatscreen TV,1,4/29/2019 23:15
183288,AAA Batteries (4-pack),1,4/22/2019 13:06
183289,Lightning Charging Cable,1,4/12/2019 12:42
183290,Bose SoundSport Headphones,1,4/18/2019 17:10
183291,USB-C Charging Cable,1,4/9/2019 21:24
183292,Wired Headphones,1,4/7/2019 14:27
183293,AA Batteries (4-pack),1,4/27/2019 22:05
183294,AAA Batteries (4-pack),1,4/30/2019 20:45
183295,AAA Batteries (4-pack),3,4/20/2019 7:22
183296,iPhone,1,4/3/2019 20:49
183297,Apple Airpods Headphones,1,4/9/2019 15:17
183298,Wired Headphones,1,4/19/2019 20:31
183299,Lightning Charging Cable,1,4/5/2019 17:15
183300,Lightning Charging Cable,1,4/20/2019 12:03
183301,27in 4K Gaming Monitor,1,4/10/2019 19:44
183302,AAA Batteries (4-pack),2,4/29/2019 23:10
183303,iPhone,1,4/19/2019 16:08
183304,Bose SoundSport Headphones,1,4/26/2019 12:27
183305,Wired Headphones,1,4/25/2019 14:48
183306,AAA Batteries (4-pack),2,4/24/2019 23:36
183307,Wired Headphones,1,4/7/2019 19:54
183308,Lightning Charging Cable,2,4/13/2019 19:02
183309,Google Phone,1,4/23/2019 13:03
183310,Google Phone,1,4/22/2019 13:26
183311,USB-C Charging Cable,1,4/17/2019 0:06
183312,AA Batteries (4-pack),1,4/5/2019 2:22
183313,Wired Headphones,1,4/15/2019 21:09
183314,USB-C Charging Cable,1,4/13/2019 13:24
183315,Google Phone,1,4/29/2019 23:55
183315,USB-C Charging Cable,1,4/29/2019 23:55
183316,USB-C Charging Cable,1,4/13/2019 9:48
183317,Apple Airpods Headphones,1,4/16/2019 15:04
183318,AA Batteries (4-pack),2,4/3/2019 11:45
183319,Wired Headphones,1,4/5/2019 20:08
183320,Macbook Pro Laptop,1,4/23/2019 15:25
183321,Flatscreen TV,1,4/5/2019 20:25
183322,27in 4K Gaming Monitor,1,4/1/2019 19:45
183323,AAA Batteries (4-pack),2,4/1/2019 23:32
183324,Apple Airpods Headphones,1,4/22/2019 0:28
183325,Vareebadd Phone,1,4/27/2019 11:41
183325,USB-C Charging Cable,1,4/27/2019 11:41
183326,Apple Airpods Headphones,1,4/12/2019 14:39
183327,Bose SoundSport Headphones,1,4/15/2019 9:38
183328,20in Monitor,1,4/28/2019 9:58
183329,Lightning Charging Cable,1,4/3/2019 9:20
183330,Macbook Pro Laptop,1,4/18/2019 2:07
183331,Apple Airpods Headphones,1,4/18/2019 20:03
183332,AA Batteries (4-pack),1,4/18/2019 22:28
183333,AA Batteries (4-pack),2,4/12/2019 19:49
183334,Apple Airpods Headphones,1,4/13/2019 13:16
183335,Lightning Charging Cable,1,4/7/2019 14:56
183336,USB-C Charging Cable,1,4/27/2019 19:58
183337,USB-C Charging Cable,1,4/17/2019 9:32
183338,AA Batteries (4-pack),1,4/22/2019 22:53
183339,Bose SoundSport Headphones,1,4/9/2019 22:06
183340,AAA Batteries (4-pack),3,4/7/2019 18:43
183341,USB-C Charging Cable,1,4/8/2019 11:17
183342,Vareebadd Phone,1,4/6/2019 22:29
183342,Wired Headphones,1,4/6/2019 22:29
183343,Lightning Charging Cable,1,4/6/2019 18:20
183344,AA Batteries (4-pack),1,4/10/2019 19:00
183345,Apple Airpods Headphones,1,4/20/2019 17:58
183346,AA Batteries (4-pack),1,4/20/2019 15:33
183347,USB-C Charging Cable,1,4/4/2019 21:59
183348,Bose SoundSport Headphones,1,4/30/2019 16:03
183349,AA Batteries (4-pack),2,4/27/2019 10:08
183350,27in FHD Monitor,1,4/21/2019 15:00
183351,USB-C Charging Cable,1,4/3/2019 18:33
183352,Wired Headphones,1,4/11/2019 20:38
183353,27in FHD Monitor,1,4/20/2019 19:37
183354,Wired Headphones,1,4/20/2019 22:49
183355,AA Batteries (4-pack),1,4/12/2019 15:13
183356,Wired Headphones,1,4/18/2019 10:26
183357,27in 4K Gaming Monitor,1,4/25/2019 18:43
183358,Flatscreen TV,1,4/16/2019 7:58
183359,USB-C Charging Cable,1,4/3/2019 19:57
183360,Lightning Charging Cable,1,4/15/2019 3:17
183361,iPhone,1,4/12/2019 21:36
183361,Lightning Charging Cable,1,4/12/2019 21:36
183361,Apple Airpods Headphones,1,4/12/2019 21:36
183362,Apple Airpods Headphones,1,4/1/2019 19:03
183363,Macbook Pro Laptop,1,4/21/2019 12:17
183364,27in 4K Gaming Monitor,1,4/5/2019 9:40
183365,AA Batteries (4-pack),1,4/4/2019 22:18
183366,20in Monitor,1,4/30/2019 16:09
183367,20in Monitor,1,4/20/2019 6:04
183368,Lightning Charging Cable,1,4/12/2019 11:13
183369,20in Monitor,1,4/23/2019 20:47
183370,AA Batteries (4-pack),1,4/24/2019 21:25
183371,USB-C Charging Cable,1,4/18/2019 9:40
183372,Bose SoundSport Headphones,1,4/16/2019 10:20
183373,iPhone,1,4/9/2019 10:46
183374,34in Ultrawide Monitor,1,4/24/2019 13:30
183375,Apple Airpods Headphones,1,4/28/2019 19:30
183376,iPhone,1,4/13/2019 9:09
183377,Lightning Charging Cable,1,4/25/2019 18:24
183378,27in 4K Gaming Monitor,1,4/20/2019 9:40
183379,Macbook Pro Laptop,1,4/18/2019 9:40
183380,Wired Headphones,1,4/21/2019 13:38
183381,Lightning Charging Cable,1,4/17/2019 11:32
183382,Bose SoundSport Headphones,1,4/8/2019 19:05
183383,iPhone,1,4/16/2019 14:47
183383,34in Ultrawide Monitor,1,4/16/2019 14:47
183384,Bose SoundSport Headphones,1,4/1/2019 13:45
183385,Macbook Pro Laptop,1,4/29/2019 11:54
183386,Apple Airpods Headphones,1,4/8/2019 18:11
183387,ThinkPad Laptop,1,4/16/2019 11:07
183388,iPhone,1,4/23/2019 10:51
183389,AA Batteries (4-pack),1,4/23/2019 22:31
183390,USB-C Charging Cable,1,4/12/2019 22:28
183391,Google Phone,1,4/16/2019 11:37
,,,
183392,27in 4K Gaming Monitor,1,4/9/2019 21:59
183393,AAA Batteries (4-pack),1,4/15/2019 5:47
183394,AAA Batteries (4-pack),1,4/21/2019 21:54
183395,AA Batteries (4-pack),2,4/19/2019 16:59
183396,Lightning Charging Cable,1,4/29/2019 19:06
183397,AA Batteries (4-pack),1,4/18/2019 12:12
183398,Lightning Charging Cable,1,4/27/2019 7:52
183399,AA Batteries (4-pack),1,4/12/2019 21:43
183400,27in 4K Gaming Monitor,1,4/13/2019 14:32
183401,AAA Batteries (4-pack),1,4/26/2019 22:48
183402,AAA Batteries (4-pack),1,4/9/2019 19:49
183403,27in FHD Monitor,1,4/8/2019 22:01
183404,Macbook Pro Laptop,1,4/28/2019 9:34
183405,USB-C Charging Cable,1,4/26/2019 14:06
183406,27in 4K Gaming Monitor,1,4/24/2019 14:55
183407,Wired Headphones,1,4/10/2019 18:37
183408,AA Batteries (4-pack),1,4/12/2019 8:23
183409,iPhone,1,4/8/2019 18:27
183410,USB-C Charging Cable,1,4/10/2019 16:29
183411,Apple Airpods Headphones,1,4/3/2019 21:07
183412,20in Monitor,1,4/28/2019 17:46
183413,AA Batteries (4-pack),1,4/30/2019 17:46
183414,AA Batteries (4-pack),1,4/2/2019 16:56
183415,Bose SoundSport Headphones,1,4/8/2019 18:02
183416,27in 4K Gaming Monitor,1,4/14/2019 19:29
183417,AAA Batteries (4-pack),1,4/22/2019 12:15
183418,20in Monitor,1,4/2/2019 10:58
183419,AAA Batteries (4-pack),1,4/23/2019 9:59
183420,LG Washing Machine,1,4/27/2019 18:54
183421,AA Batteries (4-pack),1,4/28/2019 10:57
183422,Google Phone,1,4/26/2019 6:16
183422,Wired Headphones,1,4/26/2019 6:16
183423,AAA Batteries (4-pack),1,4/26/2019 22:12
183424,Wired Headphones,1,4/25/2019 16:59
183425,AAA Batteries (4-pack),1,4/16/2019 10:17
183426,Bose SoundSport Headphones,1,4/20/2019 12:46
183427,Flatscreen TV,1,4/18/2019 20:33
183428,Wired Headphones,1,4/11/2019 20:56
183429,20in Monitor,1,4/21/2019 12:24
183430,Lightning Charging Cable,1,4/15/2019 3:00
183431,AAA Batteries (4-pack),1,4/27/2019 12:37
183432,Flatscreen TV,1,4/24/2019 18:36
183433,Bose SoundSport Headphones,1,4/3/2019 13:33
183434,Macbook Pro Laptop,1,4/26/2019 15:46
183435,ThinkPad Laptop,1,4/24/2019 5:56
183436,iPhone,1,4/3/2019 18:25
183436,Lightning Charging Cable,1,4/3/2019 18:25
183436,Wired Headphones,2,4/3/2019 18:25
183437,Google Phone,1,4/12/2019 17:06
183438,Lightning Charging Cable,1,4/9/2019 9:59
183439,Flatscreen TV,1,4/24/2019 21:36
183440,USB-C Charging Cable,1,4/23/2019 18:02
183441,AAA Batteries (4-pack),1,4/11/2019 22:15
183442,Wired Headphones,1,4/12/2019 21:40
183443,AA Batteries (4-pack),3,4/17/2019 1:19
183444,USB-C Charging Cable,1,4/5/2019 13:17
183445,Apple Airpods Headphones,1,4/2/2019 11:45
183446,34in Ultrawide Monitor,1,4/24/2019 1:59
183447,AA Batteries (4-pack),2,4/5/2019 10:40
183448,34in Ultrawide Monitor,1,4/19/2019 17:35
183449,Apple Airpods Headphones,1,4/15/2019 13:07
183450,iPhone,1,4/2/2019 9:15
183451,Wired Headphones,1,4/2/2019 10:00
183452,20in Monitor,1,4/3/2019 12:09
183452,USB-C Charging Cable,1,4/3/2019 12:09
183453,USB-C Charging Cable,1,4/27/2019 12:11
183454,iPhone,1,4/7/2019 11:33
183454,Apple Airpods Headphones,1,4/7/2019 11:33
183455,iPhone,1,4/19/2019 18:46
183456,USB-C Charging Cable,1,4/20/2019 13:13
183457,Google Phone,1,4/5/2019 13:52
183458,AAA Batteries (4-pack),1,4/6/2019 22:32
183459,Apple Airpods Headphones,1,4/13/2019 9:46
183460,Wired Headphones,2,4/3/2019 10:48
183461,AA Batteries (4-pack),3,4/13/2019 6:49
183462,AA Batteries (4-pack),2,4/6/2019 7:51
183463,AA Batteries (4-pack),1,4/23/2019 22:04
183464,Google Phone,1,4/23/2019 22:08
183465,USB-C Charging Cable,1,4/30/2019 7:06
183466,27in FHD Monitor,1,4/18/2019 18:56
183467,Apple Airpods Headphones,1,4/13/2019 21:24
183468,Google Phone,1,4/4/2019 11:34
183468,USB-C Charging Cable,1,4/4/2019 11:34
183469,Lightning Charging Cable,1,4/26/2019 18:21
183470,Wired Headphones,1,4/16/2019 12:55
183471,20in Monitor,1,4/2/2019 18:30
183472,USB-C Charging Cable,1,4/3/2019 16:20
183473,Google Phone,1,4/10/2019 13:25
183474,Bose SoundSport Headphones,1,4/21/2019 1:36
183475,Lightning Charging Cable,1,4/13/2019 17:12
183476,AA Batteries (4-pack),1,4/7/2019 14:17
183477,AAA Batteries (4-pack),2,4/5/2019 0:58
183478,AAA Batteries (4-pack),1,4/27/2019 7:18
183479,Vareebadd Phone,1,4/17/2019 16:32
183479,USB-C Charging Cable,1,4/17/2019 16:32
183480,AA Batteries (4-pack),1,4/23/2019 11:23
183481,Lightning Charging Cable,1,4/13/2019 19:17
183482,AAA Batteries (4-pack),1,4/20/2019 16:59
183483,AA Batteries (4-pack),2,4/9/2019 14:37
183484,34in Ultrawide Monitor,1,4/9/2019 19:33
183485,Bose SoundSport Headphones,2,4/11/2019 23:50
183486,USB-C Charging Cable,1,4/14/2019 19:16
183487,Bose SoundSport Headphones,1,4/3/2019 23:39
183488,USB-C Charging Cable,1,4/2/2019 11:39
183489,Flatscreen TV,1,4/8/2019 12:39
183490,Wired Headphones,1,4/4/2019 20:27
183491,27in 4K Gaming Monitor,1,4/30/2019 17:46
183492,AAA Batteries (4-pack),3,4/16/2019 12:03
183493,Google Phone,1,4/17/2019 9:47
183494,USB-C Charging Cable,1,4/28/2019 12:20
183495,27in 4K Gaming Monitor,1,4/18/2019 10:30
183496,AA Batteries (4-pack),2,4/14/2019 16:17
183497,iPhone,1,4/5/2019 23:52
183498,AA Batteries (4-pack),2,4/11/2019 9:38
183499,34in Ultrawide Monitor,1,4/20/2019 16:52
183500,Google Phone,1,4/5/2019 9:47
183501,Lightning Charging Cable,1,4/14/2019 16:15
183502,34in Ultrawide Monitor,1,4/2/2019 15:12
183503,iPhone,1,4/8/2019 9:35
183503,Lightning Charging Cable,1,4/8/2019 9:35
183504,USB-C Charging Cable,1,4/5/2019 20:47
183505,AA Batteries (4-pack),1,4/1/2019 10:35
183506,Apple Airpods Headphones,1,4/3/2019 9:58
183506,AAA Batteries (4-pack),1,4/3/2019 9:58
183507,USB-C Charging Cable,2,4/22/2019 19:07
183508,AA Batteries (4-pack),1,4/2/2019 1:14
183509,AAA Batteries (4-pack),4,4/24/2019 6:17
183510,Lightning Charging Cable,1,4/12/2019 12:25
183511,AAA Batteries (4-pack),1,4/14/2019 14:27
183512,USB-C Charging Cable,1,4/16/2019 4:46
183513,ThinkPad Laptop,1,4/29/2019 21:42
183514,Macbook Pro Laptop,1,4/9/2019 18:36
183515,USB-C Charging Cable,1,4/20/2019 13:12
183516,AAA Batteries (4-pack),2,4/19/2019 23:14
183517,Apple Airpods Headphones,1,4/1/2019 8:23
183518,Apple Airpods Headphones,1,4/13/2019 19:35
183519,Bose SoundSport Headphones,1,4/6/2019 11:48
183520,USB-C Charging Cable,1,4/15/2019 18:20
183521,AA Batteries (4-pack),1,4/1/2019 13:22
183522,USB-C Charging Cable,1,4/18/2019 23:54
183523,iPhone,1,4/3/2019 19:21
183524,Wired Headphones,1,4/20/2019 0:10
183525,Lightning Charging Cable,1,4/1/2019 23:55
183526,20in Monitor,1,4/27/2019 20:51
183527,Lightning Charging Cable,1,4/6/2019 22:37
183528,ThinkPad Laptop,1,4/30/2019 15:51
183529,34in Ultrawide Monitor,1,4/29/2019 12:40
183530,LG Dryer,1,4/11/2019 7:56
183531,ThinkPad Laptop,1,4/25/2019 22:05
183532,AAA Batteries (4-pack),2,4/13/2019 16:17
183533,AA Batteries (4-pack),1,4/10/2019 2:18
183534,Apple Airpods Headphones,1,4/24/2019 12:24
183535,Wired Headphones,1,4/17/2019 17:37
183536,34in Ultrawide Monitor,1,4/10/2019 21:26
183537,AA Batteries (4-pack),1,4/20/2019 21:30
183538,AAA Batteries (4-pack),1,4/20/2019 14:12
183538,27in FHD Monitor,1,4/20/2019 14:12
183539,Wired Headphones,1,4/16/2019 22:30
183540,USB-C Charging Cable,1,4/29/2019 21:22
183541,AA Batteries (4-pack),1,4/16/2019 12:37
183542,ThinkPad Laptop,1,4/9/2019 11:35
183543,Apple Airpods Headphones,1,4/3/2019 12:50
183544,AAA Batteries (4-pack),1,4/25/2019 17:26
183545,20in Monitor,1,4/10/2019 2:08
183546,AA Batteries (4-pack),1,4/18/2019 9:44
183547,Wired Headphones,3,4/30/2019 5:24
183548,iPhone,1,4/26/2019 23:28
183549,Wired Headphones,1,4/27/2019 22:52
183550,USB-C Charging Cable,1,4/10/2019 9:56
183551,Wired Headphones,1,4/17/2019 13:43
183552,Wired Headphones,1,4/11/2019 9:44
183553,Wired Headphones,1,4/30/2019 21:13
183554,34in Ultrawide Monitor,1,4/13/2019 19:02
183555,USB-C Charging Cable,1,4/16/2019 12:41
183556,Wired Headphones,1,4/2/2019 12:51
183557,Apple Airpods Headphones,1,4/26/2019 11:46
183558,Apple Airpods Headphones,1,4/19/2019 14:26
183559,ThinkPad Laptop,1,4/23/2019 10:35
183560,AAA Batteries (4-pack),2,4/25/2019 14:19
183561,Bose SoundSport Headphones,1,4/13/2019 21:21
183562,Apple Airpods Headphones,1,4/29/2019 8:10
183563,USB-C Charging Cable,1,4/3/2019 13:31
183564,USB-C Charging Cable,1,4/18/2019 8:55
183564,AA Batteries (4-pack),1,4/18/2019 8:55
183565,34in Ultrawide Monitor,1,4/30/2019 16:39
183566,Google Phone,1,4/15/2019 20:50
183567,iPhone,1,4/3/2019 10:30
183568,27in 4K Gaming Monitor,1,4/25/2019 9:18
183569,Bose SoundSport Headphones,1,4/22/2019 10:29
183570,Lightning Charging Cable,1,4/5/2019 13:50
183571,Vareebadd Phone,1,4/28/2019 18:12
183571,Bose SoundSport Headphones,1,4/28/2019 18:12
183572,20in Monitor,1,4/1/2019 19:59
183573,Macbook Pro Laptop,1,4/18/2019 19:52
183574,AA Batteries (4-pack),1,4/12/2019 23:08
183575,Lightning Charging Cable,1,4/16/2019 0:40
183576,Apple Airpods Headphones,1,4/17/2019 8:52
183577,AAA Batteries (4-pack),1,4/26/2019 12:30
183578,USB-C Charging Cable,1,4/15/2019 22:07
183579,Apple Airpods Headphones,1,4/7/2019 10:10
183580,AA Batteries (4-pack),1,4/27/2019 20:40
183581,USB-C Charging Cable,1,4/23/2019 20:13
183582,USB-C Charging Cable,1,4/10/2019 22:43
183583,Apple Airpods Headphones,1,4/20/2019 16:45
183584,USB-C Charging Cable,1,4/18/2019 9:54
183585,Google Phone,1,4/19/2019 10:19
183586,Wired Headphones,1,4/8/2019 21:29
183587,AAA Batteries (4-pack),1,4/15/2019 0:21
183587,AAA Batteries (4-pack),1,4/15/2019 0:21
183588,AAA Batteries (4-pack),1,4/3/2019 10:33
183589,AA Batteries (4-pack),1,4/11/2019 7:56
183590,USB-C Charging Cable,1,4/28/2019 19:32
183591,AA Batteries (4-pack),1,4/3/2019 10:37
183592,Bose SoundSport Headphones,1,4/7/2019 12:26
183593,Wired Headphones,1,4/27/2019 21:59
183594,ThinkPad Laptop,1,4/28/2019 11:34
183595,USB-C Charging Cable,1,4/10/2019 13:51
183596,Wired Headphones,1,4/20/2019 19:50
183597,Flatscreen TV,1,4/21/2019 13:31
183598,Bose SoundSport Headphones,1,4/29/2019 10:35
183599,USB-C Charging Cable,1,4/16/2019 18:17
183600,Lightning Charging Cable,1,4/6/2019 20:05
183601,27in 4K Gaming Monitor,1,4/17/2019 12:30
183602,USB-C Charging Cable,1,4/3/2019 16:21
183603,Apple Airpods Headphones,1,4/13/2019 22:12
183604,ThinkPad Laptop,1,4/24/2019 17:16
183605,iPhone,1,4/24/2019 22:47
183606,AAA Batteries (4-pack),4,4/23/2019 9:22
183607,Lightning Charging Cable,1,4/3/2019 2:38
183608,USB-C Charging Cable,1,4/24/2019 10:48
183609,Apple Airpods Headphones,1,4/25/2019 13:55
183610,27in 4K Gaming Monitor,1,4/21/2019 21:07
183611,Lightning Charging Cable,1,4/8/2019 8:11
183612,USB-C Charging Cable,1,4/15/2019 14:49
183613,iPhone,1,4/14/2019 21:16
183614,Lightning Charging Cable,1,4/5/2019 16:30
183615,USB-C Charging Cable,1,4/20/2019 19:48
183616,AA Batteries (4-pack),3,4/29/2019 12:44
183617,AA Batteries (4-pack),1,4/6/2019 14:54
183618,ThinkPad Laptop,1,4/28/2019 22:25
183619,ThinkPad Laptop,1,4/30/2019 20:46
183620,Bose SoundSport Headphones,1,4/15/2019 20:32
183621,Lightning Charging Cable,1,4/29/2019 16:36
183622,Google Phone,1,4/17/2019 12:36
183622,Wired Headphones,1,4/17/2019 12:36
183623,Lightning Charging Cable,1,4/22/2019 13:06
183624,Wired Headphones,1,4/22/2019 10:43
183625,USB-C Charging Cable,1,4/8/2019 16:42
183626,USB-C Charging Cable,1,4/12/2019 12:51
183627,USB-C Charging Cable,1,4/28/2019 22:24
183628,USB-C Charging Cable,1,4/29/2019 18:40
183629,iPhone,1,4/12/2019 8:01
183630,USB-C Charging Cable,1,4/7/2019 13:10
183631,27in FHD Monitor,1,4/17/2019 22:03
183632,AAA Batteries (4-pack),1,4/2/2019 19:13
183633,27in FHD Monitor,1,4/26/2019 21:44
183634,Bose SoundSport Headphones,1,4/12/2019 11:53
183635,USB-C Charging Cable,1,4/24/2019 9:35
183636,AAA Batteries (4-pack),6,4/30/2019 10:28
183637,AAA Batteries (4-pack),1,4/2/2019 23:43
183638,USB-C Charging Cable,1,4/10/2019 15:20
183639,Apple Airpods Headphones,1,4/15/2019 15:58
183640,iPhone,1,4/26/2019 16:41
183641,iPhone,1,4/13/2019 21:55
183641,Lightning Charging Cable,1,4/13/2019 21:55
183642,Apple Airpods Headphones,1,4/3/2019 6:05
183643,Bose SoundSport Headphones,1,4/7/2019 22:18
183644,AA Batteries (4-pack),1,4/16/2019 13:09
183645,AA Batteries (4-pack),1,4/23/2019 1:20
183646,Wired Headphones,1,4/28/2019 14:23
183647,Apple Airpods Headphones,1,4/30/2019 16:23
183648,USB-C Charging Cable,1,4/13/2019 0:44
183649,Bose SoundSport Headphones,1,4/5/2019 20:18
183650,Bose SoundSport Headphones,1,4/20/2019 16:20
183651,AA Batteries (4-pack),2,4/14/2019 12:48
183652,Vareebadd Phone,1,4/27/2019 23:49
183653,27in FHD Monitor,1,4/23/2019 20:56
183654,AAA Batteries (4-pack),4,4/26/2019 18:10
183655,Google Phone,1,4/16/2019 9:04
183656,Vareebadd Phone,1,4/3/2019 3:00
183657,Apple Airpods Headphones,1,4/11/2019 7:34
183658,Lightning Charging Cable,1,4/15/2019 12:51
183659,Wired Headphones,1,4/19/2019 13:00
183660,ThinkPad Laptop,1,4/28/2019 17:32
183661,Bose SoundSport Headphones,1,4/4/2019 12:02
183662,AAA Batteries (4-pack),3,4/26/2019 14:30
183663,Bose SoundSport Headphones,1,4/27/2019 22:07
183664,27in FHD Monitor,1,4/11/2019 12:57
183665,Wired Headphones,1,4/8/2019 18:25
183666,AAA Batteries (4-pack),2,4/30/2019 18:49
183667,34in Ultrawide Monitor,1,4/9/2019 10:36
183668,USB-C Charging Cable,1,4/30/2019 9:25
183669,ThinkPad Laptop,1,5/1/2019 2:02
183670,Lightning Charging Cable,1,4/11/2019 20:03
183671,Wired Headphones,1,4/29/2019 0:03
183672,Apple Airpods Headphones,1,4/30/2019 22:53
183673,AAA Batteries (4-pack),1,4/24/2019 23:42
183674,Wired Headphones,1,4/3/2019 20:46
183675,AA Batteries (4-pack),1,4/23/2019 8:21
183676,USB-C Charging Cable,1,4/8/2019 19:46
183677,Lightning Charging Cable,1,4/24/2019 21:52
183678,AA Batteries (4-pack),1,4/23/2019 20:45
183678,Lightning Charging Cable,1,4/23/2019 20:45
183679,Wired Headphones,1,4/6/2019 8:56
183680,Apple Airpods Headphones,1,4/24/2019 11:05
183681,Google Phone,1,4/23/2019 19:06
183682,34in Ultrawide Monitor,1,4/5/2019 18:20
183683,AA Batteries (4-pack),1,4/28/2019 11:09
183684,USB-C Charging Cable,2,4/12/2019 8:38
183685,Apple Airpods Headphones,1,4/23/2019 1:06
183686,Wired Headphones,2,4/29/2019 22:48
183687,Wired Headphones,3,4/2/2019 22:08
183688,27in FHD Monitor,1,4/18/2019 13:08
183689,Lightning Charging Cable,1,4/20/2019 19:01
183690,27in FHD Monitor,1,4/9/2019 16:14
183691,Apple Airpods Headphones,1,4/25/2019 19:37
183692,Wired Headphones,1,4/5/2019 12:53
183693,Lightning Charging Cable,1,4/22/2019 13:15
183694,20in Monitor,1,4/24/2019 8:09
183695,AA Batteries (4-pack),1,4/29/2019 13:55
183696,27in 4K Gaming Monitor,1,4/13/2019 12:18
183697,USB-C Charging Cable,1,4/19/2019 20:25
183698,20in Monitor,1,4/28/2019 14:56
183699,27in 4K Gaming Monitor,1,4/1/2019 13:33
183700,iPhone,1,4/6/2019 15:42
183701,Apple Airpods Headphones,1,4/18/2019 12:03
183702,Wired Headphones,1,4/7/2019 11:54
183703,AA Batteries (4-pack),1,4/12/2019 15:05
183704,AA Batteries (4-pack),2,4/26/2019 22:17
183705,Lightning Charging Cable,3,4/21/2019 14:02
183706,Apple Airpods Headphones,1,4/16/2019 2:27
183707,Lightning Charging Cable,2,4/18/2019 22:49
183708,Bose SoundSport Headphones,1,4/20/2019 21:42
Order ID,Product,Quantity Ordered,Order Date
183709,AAA Batteries (4-pack),3,4/18/2019 10:39
183710,34in Ultrawide Monitor,1,4/13/2019 13:01
183711,USB-C Charging Cable,1,4/29/2019 13:35
183712,USB-C Charging Cable,1,4/26/2019 16:21
183713,27in 4K Gaming Monitor,1,4/5/2019 13:10
183714,27in FHD Monitor,1,4/20/2019 9:18
183715,iPhone,1,4/28/2019 21:52
183716,AAA Batteries (4-pack),1,4/15/2019 14:40
183717,ThinkPad Laptop,1,4/14/2019 19:30
183718,AA Batteries (4-pack),2,4/18/2019 9:57
183719,Apple Airpods Headphones,1,4/26/2019 19:46
183720,Lightning Charging Cable,1,4/23/2019 8:42
183721,Wired Headphones,1,4/19/2019 12:17
183722,AA Batteries (4-pack),1,4/6/2019 11:00
183723,AAA Batteries (4-pack),3,4/7/2019 10:49
183724,Lightning Charging Cable,1,4/12/2019 17:54
183725,Wired Headphones,1,4/6/2019 22:01
183726,iPhone,1,4/16/2019 15:31
183726,Apple Airpods Headphones,1,4/16/2019 15:31
183727,Lightning Charging Cable,2,4/25/2019 22:28
183728,ThinkPad Laptop,1,4/15/2019 21:06
183729,Lightning Charging Cable,1,4/25/2019 5:59
183730,34in Ultrawide Monitor,1,4/6/2019 13:41
183731,USB-C Charging Cable,1,4/10/2019 16:31
183732,27in 4K Gaming Monitor,1,4/17/2019 8:58
183733,iPhone,1,4/5/2019 15:01
183733,Wired Headphones,1,4/5/2019 15:01
183734,Lightning Charging Cable,1,4/6/2019 8:54
183735,USB-C Charging Cable,1,4/19/2019 18:16
183736,AA Batteries (4-pack),1,4/6/2019 15:10
183737,Macbook Pro Laptop,1,4/24/2019 23:43
183738,Wired Headphones,1,4/24/2019 18:49
183739,27in FHD Monitor,1,4/20/2019 19:24
183740,27in FHD Monitor,1,4/10/2019 22:13
183741,USB-C Charging Cable,1,4/23/2019 22:34
183742,Lightning Charging Cable,1,4/20/2019 7:16
183743,Wired Headphones,2,4/8/2019 17:25
183744,Wired Headphones,1,4/3/2019 19:20
183745,USB-C Charging Cable,1,4/9/2019 8:42
183746,Flatscreen TV,1,4/11/2019 10:21
183747,AAA Batteries (4-pack),1,4/10/2019 14:12
183748,AAA Batteries (4-pack),2,4/1/2019 13:16
183749,AA Batteries (4-pack),1,4/22/2019 20:18
183750,ThinkPad Laptop,1,4/23/2019 8:05
183751,AAA Batteries (4-pack),1,4/12/2019 19:08
183752,AA Batteries (4-pack),1,4/2/2019 18:58
183753,Wired Headphones,1,4/30/2019 19:57
183754,Bose SoundSport Headphones,1,4/13/2019 5:09
183755,Google Phone,1,4/4/2019 20:36
183756,iPhone,1,4/10/2019 14:02
183757,Flatscreen TV,1,4/18/2019 14:12
183758,Apple Airpods Headphones,1,4/15/2019 19:32
183759,Google Phone,1,4/28/2019 16:44
183760,Apple Airpods Headphones,1,4/20/2019 13:49
183761,Wired Headphones,1,4/7/2019 21:57
183762,Vareebadd Phone,1,4/16/2019 7:06
183763,27in FHD Monitor,1,4/19/2019 15:57
183764,27in FHD Monitor,1,4/28/2019 18:42
183765,27in FHD Monitor,1,4/29/2019 20:06
183766,Wired Headphones,1,4/9/2019 18:56
183767,Lightning Charging Cable,1,4/28/2019 10:40
183768,Flatscreen TV,1,4/22/2019 19:55
183769,Wired Headphones,1,4/22/2019 22:18
183770,34in Ultrawide Monitor,1,4/28/2019 13:01
183771,Apple Airpods Headphones,1,4/23/2019 19:37
183772,AA Batteries (4-pack),1,4/29/2019 13:59
183773,AAA Batteries (4-pack),1,4/16/2019 19:54
183774,AA Batteries (4-pack),1,4/11/2019 9:13
183775,AA Batteries (4-pack),3,4/13/2019 11:06
183776,Flatscreen TV,1,4/13/2019 12:38
183777,AA Batteries (4-pack),2,4/16/2019 20:50
183778,AAA Batteries (4-pack),1,4/20/2019 1:33
183779,USB-C Charging Cable,1,4/8/2019 9:39
183780,AA Batteries (4-pack),1,4/5/2019 16:54
,,,
183781,Apple Airpods Headphones,1,4/26/2019 8:55
183782,AA Batteries (4-pack),2,4/7/2019 18:48
183783,AAA Batteries (4-pack),2,4/27/2019 15:50
183784,AAA Batteries (4-pack),1,4/2/2019 23:50
183785,Flatscreen TV,1,4/13/2019 13:35
183786,LG Dryer,1,4/23/2019 9:49
183787,Google Phone,1,4/3/2019 20:22
183788,27in FHD Monitor,1,4/10/2019 10:51
183789,27in FHD Monitor,1,4/1/2019 16:35
183790,LG Dryer,1,4/19/2019 19:24
183791,iPhone,1,4/16/2019 16:54
183792,Lightning Charging Cable,1,4/20/2019 22:29
183793,Lightning Charging Cable,1,4/24/2019 19:36
183794,AAA Batteries (4-pack),1,4/18/2019 11:36
183795,Lightning Charging Cable,1,4/18/2019 19:08
183796,iPhone,1,4/6/2019 20:56
183797,20in Monitor,1,4/21/2019 17:01
183798,34in Ultrawide Monitor,1,4/18/2019 12:02
183799,AAA Batteries (4-pack),3,4/27/2019 14:15
183800,Wired Headphones,1,4/9/2019 1:39
183801,Wired Headphones,1,4/28/2019 15:15
183802,Wired Headphones,1,4/4/2019 7:07
183803,AAA Batteries (4-pack),2,4/10/2019 13:37
183804,Apple Airpods Headphones,1,4/8/2019 20:45
183805,Lightning Charging Cable,1,4/13/2019 17:31
183806,Macbook Pro Laptop,1,4/23/2019 15:04
183807,iPhone,1,4/15/2019 12:30
183808,AAA Batteries (4-pack),1,4/24/2019 12:36
183809,Apple Airpods Headphones,1,4/25/2019 10:30
183810,Lightning Charging Cable,1,4/17/2019 22:49
183811,Apple Airpods Headphones,1,4/1/2019 21:15
183812,AAA Batteries (4-pack),1,4/23/2019 7:25
183813,Wired Headphones,1,5/1/2019 0:39
183814,Macbook Pro Laptop,1,4/10/2019 12:36
183815,AAA Batteries (4-pack),1,4/24/2019 3:48
183816,ThinkPad Laptop,1,4/2/2019 10:56
183817,AA Batteries (4-pack),1,4/9/2019 14:26
183818,USB-C Charging Cable,1,4/18/2019 12:27
183819,27in FHD Monitor,1,4/18/2019 18:57
183820,Wired Headphones,1,4/1/2019 13:44
183821,USB-C Charging Cable,1,4/26/2019 5:59
183822,27in 4K Gaming Monitor,1,4/1/2019 7:54
183823,Wired Headphones,1,4/6/2019 19:29
183824,34in Ultrawide Monitor,1,4/25/2019 19:15
183825,USB-C Charging Cable,1,4/27/2019 22:30
183826,27in 4K Gaming Monitor,1,4/10/2019 13:37
183827,Apple Airpods Headphones,1,4/6/2019 21:37
183828,USB-C Charging Cable,1,4/24/2019 16:42
183829,Bose SoundSport Headphones,1,4/17/2019 19:53
183830,Macbook Pro Laptop,1,4/25/2019 16:04
183831,Google Phone,1,4/6/2019 23:06
183831,Bose SoundSport Headphones,1,4/6/2019 23:06
183832,ThinkPad Laptop,1,4/24/2019 20:59
183833,Vareebadd Phone,1,4/20/2019 18:46
183834,AAA Batteries (4-pack),1,4/2/2019 21:12
183835,AAA Batteries (4-pack),1,4/10/2019 8:46
183836,AA Batteries (4-pack),1,4/9/2019 14:36
183837,iPhone,1,4/4/2019 9:17
183838,LG Washing Machine,1,4/24/2019 19:57
183839,Bose SoundSport Headphones,1,4/5/2019 9:39
183840,Apple Airpods Headphones,1,4/23/2019 17:03
183841,Bose SoundSport Headphones,1,4/16/2019 22:20
183842,Bose SoundSport Headphones,1,4/10/2019 12:00
183843,Apple Airpods Headphones,1,4/18/2019 21:27
183844,Apple Airpods Headphones,1,4/4/2019 14:53
183845,Lightning Charging Cable,2,4/13/2019 20:37
183846,USB-C Charging Cable,1,4/27/2019 10:51
183847,Lightning Charging Cable,1,4/26/2019 3:01
183848,Apple Airpods Headphones,1,4/8/2019 22:37
183849,Lightning Charging Cable,1,4/12/2019 17:03
183850,AA Batteries (4-pack),1,4/29/2019 11:45
183851,Bose SoundSport Headphones,1,4/23/2019 23:41
183852,Bose SoundSport Headphones,1,4/9/2019 21:57
183853,iPhone,1,4/9/2019 18:28
183854,Lightning Charging Cable,1,4/15/2019 16:26
,,,
183855,AAA Batteries (4-pack),1,4/24/2019 21:26
183856,AAA Batteries (4-pack),2,4/11/2019 13:58
183857,AA Batteries (4-pack),1,4/20/2019 20:07
183858,Apple Airpods Headphones,1,4/11/2019 21:54
183859,USB-C Charging Cable,2,4/16/2019 14:35
183860,Lightning Charging Cable,2,4/3/2019 11:51
183861,Vareebadd Phone,1,4/29/2019 9:04
183862,AA Batteries (4-pack),1,4/2/2019 21:29
183863,iPhone,1,4/6/2019 18:04
183864,AAA Batteries (4-pack),1,4/1/2019 15:39
183865,AAA Batteries (4-pack),1,4/19/2019 21:16
183866,USB-C Charging Cable,1,4/21/2019 9:25
183867,Bose SoundSport Headphones,1,4/13/2019 11:41
183868,Google Phone,1,4/19/2019 18:54
183868,AA Batteries (4-pack),1,4/19/2019 18:54
183869,USB-C Charging Cable,1,4/17/2019 23:13
183870,AAA Batteries (4-pack),1,4/28/2019 22:41
183871,Bose SoundSport Headphones,1,4/16/2019 12:24
183872,Apple Airpods Headphones,1,4/19/2019 13:30
183873,USB-C Charging Cable,1,4/15/2019 13:11
183874,Wired Headphones,1,4/10/2019 20:19
183875,AA Batteries (4-pack),2,4/26/2019 16:28
183876,27in 4K Gaming Monitor,1,4/18/2019 22:47
183877,34in Ultrawide Monitor,1,4/15/2019 0:52
183878,USB-C Charging Cable,1,4/23/2019 15:44
183879,USB-C Charging Cable,1,4/20/2019 7:03
183880,27in FHD Monitor,1,4/4/2019 17:42
183881,Lightning Charging Cable,1,4/13/2019 20:43
183882,AAA Batteries (4-pack),1,4/6/2019 18:47
183883,Wired Headphones,1,4/15/2019 23:21
183884,Apple Airpods Headphones,1,4/11/2019 16:27
183885,34in Ultrawide Monitor,1,4/16/2019 15:54
183886,Wired Headphones,1,4/8/2019 5:27
183887,AA Batteries (4-pack),1,4/27/2019 8:47
183888,AA Batteries (4-pack),1,4/3/2019 13:48
183889,Bose SoundSport Headphones,1,4/25/2019 10:27
183890,Google Phone,1,4/11/2019 21:20
183891,Macbook Pro Laptop,1,4/14/2019 17:31
183892,Apple Airpods Headphones,1,4/12/2019 21:23
183893,AAA Batteries (4-pack),1,4/7/2019 19:03
183894,AA Batteries (4-pack),2,4/17/2019 17:08
183895,ThinkPad Laptop,1,4/4/2019 11:55
183896,27in FHD Monitor,1,4/20/2019 12:03
183897,AAA Batteries (4-pack),1,4/9/2019 21:13
183898,Bose SoundSport Headphones,1,4/2/2019 20:44
183899,27in FHD Monitor,1,4/1/2019 10:40
183900,USB-C Charging Cable,1,4/10/2019 6:43
183901,USB-C Charging Cable,1,4/9/2019 21:58
183902,USB-C Charging Cable,1,4/15/2019 18:18
183903,iPhone,1,4/8/2019 1:03
183904,Apple Airpods Headphones,1,4/7/2019 21:20
183905,USB-C Charging Cable,1,4/30/2019 0:13
183906,USB-C Charging Cable,1,4/12/2019 15:41
183907,Wired Headphones,1,4/19/2019 17:38
183908,Wired Headphones,1,4/21/2019 18:56
183909,Bose SoundSport Headphones,1,4/20/2019 23:53
183910,iPhone,1,4/17/2019 8:22
183911,iPhone,1,4/3/2019 16:50
183912,USB-C Charging Cable,1,4/7/2019 16:00
183913,AA Batteries (4-pack),1,4/24/2019 0:55
183914,34in Ultrawide Monitor,1,4/20/2019 23:47
183915,AAA Batteries (4-pack),1,4/29/2019 6:32
183916,34in Ultrawide Monitor,1,4/2/2019 10:40
183917,Apple Airpods Headphones,1,4/9/2019 9:55
183918,27in 4K Gaming Monitor,1,4/19/2019 16:25
183919,Wired Headphones,1,4/10/2019 14:21
183920,27in 4K Gaming Monitor,1,4/15/2019 13:27
183921,AA Batteries (4-pack),1,4/24/2019 12:50
183922,AA Batteries (4-pack),1,4/2/2019 14:01
183923,Flatscreen TV,1,4/11/2019 15:48
183924,AA Batteries (4-pack),1,4/30/2019 21:58
183925,AAA Batteries (4-pack),1,4/22/2019 23:55
183926,USB-C Charging Cable,1,4/14/2019 6:17
183927,AAA Batteries (4-pack),2,4/21/2019 19:53
183928,Vareebadd Phone,1,4/25/2019 21:44
183929,Wired Headphones,1,4/28/2019 10:19
183930,AA Batteries (4-pack),1,4/2/2019 19:56
183931,Wired Headphones,1,4/26/2019 16:04
183932,AAA Batteries (4-pack),4,4/17/2019 16:01
183933,Google Phone,1,4/6/2019 14:07
183934,20in Monitor,1,4/21/2019 12:14
183935,Apple Airpods Headphones,1,4/18/2019 10:25
183936,AA Batteries (4-pack),1,4/24/2019 21:51
183937,iPhone,1,4/9/2019 18:17
183938,Macbook Pro Laptop,1,4/26/2019 9:09
183939,Wired Headphones,1,4/6/2019 13:51
183940,AAA Batteries (4-pack),1,4/7/2019 18:54
183941,Lightning Charging Cable,3,4/23/2019 18:10
183942,27in 4K Gaming Monitor,1,4/19/2019 21:34
183943,Wired Headphones,1,4/6/2019 15:03
183944,34in Ultrawide Monitor,1,4/30/2019 19:33
183945,Apple Airpods Headphones,1,4/5/2019 20:49
183946,Lightning Charging Cable,1,4/16/2019 15:48
183947,AAA Batteries (4-pack),4,4/28/2019 22:23
183948,Bose SoundSport Headphones,1,4/26/2019 4:34
183949,Lightning Charging Cable,1,4/25/2019 17:57
183950,AAA Batteries (4-pack),2,4/1/2019 20:16
183951,Lightning Charging Cable,1,4/29/2019 11:32
183952,USB-C Charging Cable,1,4/7/2019 12:17
183953,Apple Airpods Headphones,1,4/14/2019 18:24
183954,Bose SoundSport Headphones,1,4/13/2019 5:15
183955,USB-C Charging Cable,1,4/18/2019 9:57
183956,27in 4K Gaming Monitor,1,4/30/2019 8:41
183957,Vareebadd Phone,1,4/6/2019 15:32
183958,AAA Batteries (4-pack),1,4/19/2019 18:46
183959,USB-C Charging Cable,1,4/2/2019 12:27
183960,Lightning Charging Cable,1,4/24/2019 13:04
183961,27in FHD Monitor,1,4/10/2019 11:13
183962,AAA Batteries (4-pack),1,4/13/2019 21:04
183963,USB-C Charging Cable,1,4/25/2019 1:52
183964,Apple Airpods Headphones,1,4/8/2019 9:48
183965,Wired Headphones,1,4/12/2019 20:19
183966,Lightning Charging Cable,2,4/3/2019 12:21
183967,Lightning Charging Cable,1,4/28/2019 18:30
183968,AA Batteries (4-pack),1,4/26/2019 17:06
183969,AA Batteries (4-pack),1,4/13/2019 12:14
183970,Lightning Charging Cable,1,4/28/2019 19:32
183971,iPhone,1,4/14/2019 11:43
183971,Vareebadd Phone,1,4/14/2019 11:43
183972,Lightning Charging Cable,1,4/3/2019 14:28
183973,Macbook Pro Laptop,1,4/5/2019 15:59
183974,AAA Batteries (4-pack),1,4/2/2019 0:31
183975,AA Batteries (4-pack),1,4/27/2019 21:07
183976,27in 4K Gaming Monitor,1,4/19/2019 7:32
183977,Bose SoundSport Headphones,1,4/18/2019 15:22
183978,Bose SoundSport Headphones,1,4/11/2019 6:21
183979,20in Monitor,1,4/11/2019 17:45
183980,Google Phone,1,4/27/2019 14:01
183981,Macbook Pro Laptop,1,4/29/2019 14:18
183982,Wired Headphones,1,4/11/2019 18:09
183983,AAA Batteries (4-pack),1,4/1/2019 9:00
183984,20in Monitor,1,4/24/2019 17:00
183985,iPhone,1,4/17/2019 21:01
183986,Wired Headphones,2,4/4/2019 22:57
183987,AAA Batteries (4-pack),2,4/4/2019 18:43
183988,Lightning Charging Cable,1,4/28/2019 9:57
183989,Wired Headphones,1,4/7/2019 14:41
183990,USB-C Charging Cable,1,4/29/2019 23:15
183991,AA Batteries (4-pack),2,4/27/2019 16:44
183992,Lightning Charging Cable,1,4/21/2019 10:54
183993,iPhone,1,4/11/2019 14:46
183994,34in Ultrawide Monitor,1,4/4/2019 18:56
183995,20in Monitor,1,4/16/2019 20:53
183996,Apple Airpods Headphones,1,4/7/2019 16:38
183997,Wired Headphones,1,4/13/2019 15:23
183998,Bose SoundSport Headphones,1,4/19/2019 9:34
183999,Lightning Charging Cable,1,4/26/2019 17:16
184000,Macbook Pro Laptop,1,4/5/2019 11:09
184001,27in 4K Gaming Monitor,1,4/3/2019 11:49
184002,AA Batteries (4-pack),1,4/28/2019 14:19
184003,Lightning Charging Cable,1,4/26/2019 10:45
184004,Bose SoundSport Headphones,1,4/3/2019 16:47
184005,34in Ultrawide Monitor,1,4/8/2019 15:46
184006,Bose SoundSport Headphones,1,4/18/2019 2:57
184007,Google Phone,1,4/5/2019 11:18
184008,Apple Airpods Headphones,1,4/4/2019 14:31
184009,USB-C Charging Cable,1,4/14/2019 21:25
184010,USB-C Charging Cable,1,4/4/2019 17:10
184011,Bose SoundSport Headphones,1,4/12/2019 19:33
184012,Apple Airpods Headphones,1,4/11/2019 9:07
184013,Lightning Charging Cable,1,4/2/2019 12:54
184014,34in Ultrawide Monitor,1,4/23/2019 12:30
184015,Apple Airpods Headphones,1,4/21/2019 17:46
184016,AA Batteries (4-pack),1,4/13/2019 23:58
184017,AA Batteries (4-pack),1,4/12/2019 12:40
184018,USB-C Charging Cable,1,4/7/2019 15:42
184019,USB-C Charging Cable,1,4/18/2019 22:50
184020,USB-C Charging Cable,1,4/18/2019 13:01
184021,Google Phone,1,4/29/2019 15:37
184021,USB-C Charging Cable,1,4/29/2019 15:37
184022,Google Phone,1,4/13/2019 8:06
184022,USB-C Charging Cable,2,4/13/2019 8:06
184023,Apple Airpods Headphones,1,4/17/2019 6:11
184024,Wired Headphones,1,4/8/2019 11:19
184025,LG Washing Machine,1,4/9/2019 16:07
184026,AA Batteries (4-pack),2,4/14/2019 17:19
184027,20in Monitor,1,4/1/2019 14:28
184028,AAA Batteries (4-pack),2,4/9/2019 19:39
184029,AA Batteries (4-pack),2,4/26/2019 14:16
184030,Apple Airpods Headphones,1,4/16/2019 8:54
184031,AAA Batteries (4-pack),2,4/15/2019 17:16
184032,Flatscreen TV,1,4/11/2019 4:56
184033,Apple Airpods Headphones,1,4/9/2019 23:31
184034,Flatscreen TV,1,4/24/2019 22:00
184035,AAA Batteries (4-pack),1,4/5/2019 22:57
184036,27in 4K Gaming Monitor,1,4/5/2019 18:56
184037,AAA Batteries (4-pack),1,4/3/2019 16:08
184038,AAA Batteries (4-pack),2,4/6/2019 9:45
184039,Flatscreen TV,1,4/20/2019 9:58
184040,Lightning Charging Cable,2,4/9/2019 14:40
184041,Flatscreen TV,1,4/18/2019 13:08
184042,AAA Batteries (4-pack),2,4/20/2019 6:01
184043,Macbook Pro Laptop,1,4/5/2019 12:15
184044,Lightning Charging Cable,1,4/20/2019 13:55
184045,27in FHD Monitor,1,4/11/2019 7:04
184046,USB-C Charging Cable,1,4/7/2019 23:52
184047,Wired Headphones,1,4/15/2019 10:46
184048,Lightning Charging Cable,1,4/1/2019 13:59
184049,USB-C Charging Cable,1,4/15/2019 14:55
184050,Bose SoundSport Headphones,1,4/22/2019 18:50
184051,20in Monitor,1,4/18/2019 10:52
184052,Lightning Charging Cable,1,4/26/2019 14:02
184053,Bose SoundSport Headphones,1,4/8/2019 12:14
184054,Google Phone,1,4/1/2019 10:31
184054,USB-C Charging Cable,1,4/1/2019 10:31
184055,iPhone,1,4/30/2019 20:08
184055,Lightning Charging Cable,1,4/30/2019 20:08
184056,Apple Airpods Headphones,1,4/18/2019 17:23
184057,Apple Airpods Headphones,1,4/15/2019 19:27
184058,Google Phone,1,4/13/2019 17:19
184059,Wired Headphones,1,4/2/2019 14:25
184060,27in FHD Monitor,1,4/24/2019 20:04
184061,AA Batteries (4-pack),1,4/27/2019 12:10
184062,Wired Headphones,1,4/19/2019 14:35
184063,AA Batteries (4-pack),2,4/23/2019 9:04
184064,Lightning Charging Cable,1,4/5/2019 23:59
184065,34in Ultrawide Monitor,2,4/26/2019 10:30
184066,Apple Airpods Headphones,1,4/12/2019 17:07
184067,Wired Headphones,1,4/1/2019 6:18
184068,Bose SoundSport Headphones,1,4/4/2019 8:45
184069,Wired Headphones,1,4/18/2019 7:02
184070,USB-C Charging Cable,1,4/16/2019 22:40
184071,Macbook Pro Laptop,1,4/7/2019 21:17
184072,Bose SoundSport Headphones,1,4/4/2019 20:07
184073,Apple Airpods Headphones,1,4/27/2019 8:00
184074,AAA Batteries (4-pack),1,4/12/2019 10:47
184075,AAA Batteries (4-pack),1,4/3/2019 20:20
184076,Lightning Charging Cable,1,4/17/2019 18:22
184077,AAA Batteries (4-pack),1,4/3/2019 13:22
184078,Apple Airpods Headphones,1,4/18/2019 20:24
184079,Wired Headphones,1,4/19/2019 16:51
184080,Wired Headphones,1,4/11/2019 13:19
184081,AA Batteries (4-pack),1,4/15/2019 11:07
184082,LG Dryer,1,4/7/2019 17:08
184083,Wired Headphones,1,4/27/2019 21:21
184084,Google Phone,1,4/2/2019 18:00
184085,AA Batteries (4-pack),1,4/11/2019 14:13
184086,Apple Airpods Headphones,1,4/23/2019 20:24
184087,Flatscreen TV,1,4/14/2019 21:59
184088,Vareebadd Phone,1,4/30/2019 13:10
184089,Bose SoundSport Headphones,1,4/18/2019 13:57
184090,Lightning Charging Cable,1,4/17/2019 17:51
184091,USB-C Charging Cable,1,4/5/2019 21:12
184092,Apple Airpods Headphones,1,4/14/2019 12:42
184093,20in Monitor,1,4/24/2019 23:58
184094,Flatscreen TV,1,4/18/2019 17:01
184095,AA Batteries (4-pack),1,4/18/2019 21:38
184096,USB-C Charging Cable,1,4/19/2019 23:40
184097,Google Phone,1,4/12/2019 13:00
184097,Wired Headphones,1,4/12/2019 13:00
184098,AA Batteries (4-pack),1,4/21/2019 3:50
184099,Wired Headphones,1,4/27/2019 13:52
184100,Macbook Pro Laptop,1,4/10/2019 21:56
184101,AAA Batteries (4-pack),3,4/28/2019 15:18
184102,Lightning Charging Cable,1,4/4/2019 10:51
184103,iPhone,1,4/5/2019 0:17
184104,Bose SoundSport Headphones,1,4/6/2019 22:38
184105,USB-C Charging Cable,2,4/23/2019 19:17
184106,iPhone,1,4/11/2019 9:15
184107,AA Batteries (4-pack),1,4/15/2019 10:40
184108,20in Monitor,1,4/9/2019 17:43
184109,AA Batteries (4-pack),1,4/9/2019 13:31
184110,Lightning Charging Cable,1,4/28/2019 20:47
184111,Flatscreen TV,1,4/2/2019 13:24
184112,USB-C Charging Cable,1,4/10/2019 13:47
184113,27in FHD Monitor,1,4/10/2019 16:18
184114,Lightning Charging Cable,1,4/27/2019 23:36
184115,USB-C Charging Cable,1,4/12/2019 14:19
184116,Google Phone,1,4/7/2019 10:21
184117,USB-C Charging Cable,1,4/17/2019 15:04
184118,Lightning Charging Cable,1,4/27/2019 11:12
184119,Lightning Charging Cable,1,4/24/2019 18:25
184120,AAA Batteries (4-pack),1,4/17/2019 7:40
184121,AA Batteries (4-pack),1,4/5/2019 19:25
184122,AA Batteries (4-pack),1,4/26/2019 20:58
184123,iPhone,1,4/6/2019 10:40
184124,Google Phone,1,4/5/2019 16:12
184125,34in Ultrawide Monitor,1,4/9/2019 12:46
184126,Flatscreen TV,1,4/14/2019 21:16
184127,iPhone,1,4/11/2019 8:18
184128,27in 4K Gaming Monitor,1,4/21/2019 20:27
184129,AAA Batteries (4-pack),1,4/10/2019 22:57
184130,Lightning Charging Cable,1,4/9/2019 21:40
184131,27in 4K Gaming Monitor,1,4/13/2019 16:09
184132,Lightning Charging Cable,1,4/4/2019 13:21
184133,USB-C Charging Cable,1,4/17/2019 11:49
184134,AAA Batteries (4-pack),1,4/9/2019 13:35
184135,AAA Batteries (4-pack),2,4/6/2019 15:48
184136,Lightning Charging Cable,1,4/17/2019 17:52
184137,Macbook Pro Laptop,1,4/23/2019 15:43
184138,27in FHD Monitor,1,4/27/2019 20:17
184139,iPhone,1,4/3/2019 12:16
184140,LG Washing Machine,1,4/9/2019 22:00
184141,iPhone,1,4/11/2019 7:03
184142,AAA Batteries (4-pack),1,4/15/2019 18:23
184143,Lightning Charging Cable,1,4/9/2019 13:47
184144,Wired Headphones,1,4/26/2019 15:27
184145,Lightning Charging Cable,1,4/16/2019 13:33
184145,USB-C Charging Cable,1,4/16/2019 13:33
184146,Bose SoundSport Headphones,1,4/12/2019 21:07
184147,AAA Batteries (4-pack),1,4/8/2019 23:18
184148,27in FHD Monitor,1,4/29/2019 15:58
184149,AA Batteries (4-pack),4,4/21/2019 22:20
184150,Wired Headphones,1,4/6/2019 8:41
184151,34in Ultrawide Monitor,1,4/13/2019 13:29
184152,Wired Headphones,2,4/29/2019 14:51
184153,Lightning Charging Cable,1,4/27/2019 14:42
184154,Google Phone,1,4/6/2019 12:27
184154,USB-C Charging Cable,1,4/6/2019 12:27
184155,USB-C Charging Cable,1,4/21/2019 20:00
184156,20in Monitor,1,4/20/2019 19:55
184157,AA Batteries (4-pack),2,4/16/2019 13:42
184157,Bose SoundSport Headphones,1,4/16/2019 13:42
184158,AA Batteries (4-pack),1,4/14/2019 12:27
184159,USB-C Charging Cable,1,4/16/2019 20:28
184160,AAA Batteries (4-pack),1,4/22/2019 17:32
184161,iPhone,1,4/4/2019 22:12
184162,Flatscreen TV,1,4/18/2019 15:41
184163,Lightning Charging Cable,1,4/8/2019 23:20
184164,AA Batteries (4-pack),1,4/4/2019 17:23
184165,USB-C Charging Cable,1,4/17/2019 21:34
184166,AA Batteries (4-pack),1,4/7/2019 14:12
184166,27in FHD Monitor,1,4/7/2019 14:12
184167,Wired Headphones,1,4/4/2019 18:56
184168,Bose SoundSport Headphones,1,4/16/2019 17:37
184169,LG Washing Machine,1,4/27/2019 20:14
184170,Lightning Charging Cable,2,4/14/2019 21:53
184171,27in FHD Monitor,1,4/27/2019 11:04
184172,Google Phone,1,4/26/2019 14:50
184172,USB-C Charging Cable,1,4/26/2019 14:50
184173,AAA Batteries (4-pack),1,4/16/2019 19:49
184174,Lightning Charging Cable,1,4/13/2019 17:33
184175,ThinkPad Laptop,1,4/25/2019 13:29
184176,AAA Batteries (4-pack),1,4/16/2019 12:47
184177,Bose SoundSport Headphones,1,4/26/2019 16:30
184178,Bose SoundSport Headphones,1,4/1/2019 22:12
184179,Apple Airpods Headphones,1,4/2/2019 16:44
184180,27in FHD Monitor,1,4/13/2019 13:22
184181,USB-C Charging Cable,1,4/17/2019 13:22
184182,Wired Headphones,1,4/8/2019 10:04
184183,Bose SoundSport Headphones,1,4/18/2019 15:31
184184,Apple Airpods Headphones,1,4/16/2019 11:14
184185,AAA Batteries (4-pack),1,4/22/2019 11:39
184186,AA Batteries (4-pack),2,4/22/2019 18:35
184187,Apple Airpods Headphones,1,4/25/2019 19:09
184188,Bose SoundSport Headphones,1,4/1/2019 20:10
184189,Google Phone,1,4/10/2019 18:44
184190,Lightning Charging Cable,1,4/1/2019 12:21
184191,Apple Airpods Headphones,1,4/18/2019 15:13
184192,Wired Headphones,1,4/13/2019 16:49
184193,27in FHD Monitor,1,4/29/2019 16:48
184194,ThinkPad Laptop,1,4/8/2019 22:07
184195,Wired Headphones,1,4/10/2019 22:38
184196,Macbook Pro Laptop,1,4/17/2019 22:35
184197,Google Phone,1,4/27/2019 15:22
184198,Apple Airpods Headphones,1,4/24/2019 12:07
184199,Google Phone,1,4/15/2019 1:27
184200,iPhone,1,4/23/2019 23:13
184201,ThinkPad Laptop,1,4/19/2019 21:13
184202,Lightning Charging Cable,1,4/12/2019 6:35
184203,Apple Airpods Headphones,1,4/4/2019 12:12
184204,Wired Headphones,1,4/6/2019 17:50
184205,34in Ultrawide Monitor,1,4/30/2019 11:55
184206,Wired Headphones,3,4/7/2019 13:21
184207,Lightning Charging Cable,1,4/6/2019 10:29
184208,USB-C Charging Cable,1,4/29/2019 19:40
184209,AA Batteries (4-pack),1,4/7/2019 11:17
184210,USB-C Charging Cable,1,4/4/2019 19:01
184211,Bose SoundSport Headphones,1,4/21/2019 9:41
184212,Apple Airpods Headphones,1,4/12/2019 12:14
184213,AAA Batteries (4-pack),1,4/20/2019 18:02
184214,Apple Airpods Headphones,1,4/16/2019 10:37
184215,AAA Batteries (4-pack),1,4/26/2019 11:19
184216,AAA Batteries (4-pack),1,4/30/2019 18:47
184217,iPhone,1,4/14/2019 10:55
184218,AAA Batteries (4-pack),1,4/19/2019 10:09
184219,Lightning Charging Cable,2,4/9/2019 15:56
184220,USB-C Charging Cable,1,4/18/2019 20:02
184221,iPhone,1,4/20/2019 9:09
184221,Wired Headphones,1,4/20/2019 9:09
184222,Bose SoundSport Headphones,1,4/13/2019 20:48
184223,20in Monitor,1,4/6/2019 13:32
184224,Apple Airpods Headphones,1,4/26/2019 17:26
184225,Bose SoundSport Headphones,1,4/9/2019 17:35
184226,27in 4K Gaming Monitor,1,4/2/2019 10:24
184227,AAA Batteries (4-pack),1,4/6/2019 7:35
184228,AAA Batteries (4-pack),3,4/5/2019 14:08
184229,27in FHD Monitor,1,4/8/2019 21:44
184230,AAA Batteries (4-pack),1,4/6/2019 20:47
184231,AA Batteries (4-pack),2,4/25/2019 14:32
184232,Lightning Charging Cable,1,4/15/2019 13:51
184233,AA Batteries (4-pack),1,4/7/2019 12:57
184234,AA Batteries (4-pack),2,4/19/2019 21:32
184235,AA Batteries (4-pack),3,4/4/2019 21:38
184236,AAA Batteries (4-pack),2,4/11/2019 12:59
184237,Wired Headphones,1,4/7/2019 9:42
184238,USB-C Charging Cable,1,4/20/2019 18:33
184239,Lightning Charging Cable,1,4/10/2019 16:42
184240,USB-C Charging Cable,1,4/22/2019 12:10
184241,AAA Batteries (4-pack),1,4/3/2019 13:27
184242,AAA Batteries (4-pack),2,4/16/2019 19:52
184243,Bose SoundSport Headphones,1,4/3/2019 14:29
184244,USB-C Charging Cable,1,4/4/2019 16:54
184245,Apple Airpods Headphones,1,4/22/2019 21:55
184246,AAA Batteries (4-pack),2,4/2/2019 19:44
184247,Bose SoundSport Headphones,1,4/4/2019 13:16
184248,AAA Batteries (4-pack),3,4/26/2019 9:15
184249,AA Batteries (4-pack),1,4/2/2019 0:05
184250,AAA Batteries (4-pack),1,4/3/2019 10:41
184251,Lightning Charging Cable,1,4/22/2019 17:24
184252,ThinkPad Laptop,1,4/5/2019 21:18
184252,Bose SoundSport Headphones,1,4/5/2019 21:18
184253,USB-C Charging Cable,1,4/17/2019 11:54
184254,AAA Batteries (4-pack),3,4/17/2019 22:18
184255,Wired Headphones,1,4/25/2019 22:56
184256,Bose SoundSport Headphones,1,4/11/2019 19:21
184257,Bose SoundSport Headphones,1,4/19/2019 14:57
184258,Flatscreen TV,1,4/3/2019 11:09
184259,Macbook Pro Laptop,1,4/27/2019 18:31
184260,iPhone,1,4/10/2019 10:10
184261,AAA Batteries (4-pack),1,4/19/2019 15:52
184262,AAA Batteries (4-pack),2,4/5/2019 15:26
184263,Bose SoundSport Headphones,1,4/18/2019 11:32
184264,Macbook Pro Laptop,1,4/24/2019 22:17
184265,Apple Airpods Headphones,1,4/20/2019 9:21
184266,AAA Batteries (4-pack),5,4/13/2019 19:26
184267,AA Batteries (4-pack),2,4/28/2019 18:06
184268,Vareebadd Phone,1,4/23/2019 18:51
184269,USB-C Charging Cable,1,4/9/2019 14:39
184270,Lightning Charging Cable,1,4/14/2019 13:07
184271,Vareebadd Phone,1,4/22/2019 17:27
184272,iPhone,1,4/21/2019 19:49
184272,Lightning Charging Cable,1,4/21/2019 19:49
184273,iPhone,1,4/23/2019 20:38
184274,AAA Batteries (4-pack),2,4/2/2019 10:15
184275,Bose SoundSport Headphones,1,4/1/2019 10:34
184276,ThinkPad Laptop,1,4/8/2019 17:41
184277,Bose SoundSport Headphones,1,4/10/2019 16:27
184278,AAA Batteries (4-pack),1,4/9/2019 17:56
184279,27in FHD Monitor,1,4/22/2019 13:16
184280,AAA Batteries (4-pack),1,4/29/2019 12:46
184281,iPhone,1,4/17/2019 14:23
184281,Apple Airpods Headphones,1,4/17/2019 14:23
184282,Lightning Charging Cable,1,4/24/2019 22:27
184283,Bose SoundSport Headphones,1,4/27/2019 15:35
184284,Apple Airpods Headphones,1,4/17/2019 21:52
184285,Lightning Charging Cable,1,4/23/2019 8:41
184286,Wired Headphones,1,4/14/2019 11:03
184287,Bose SoundSport Headphones,1,4/5/2019 18:18
184288,Lightning Charging Cable,2,4/2/2019 12:56
184289,AA Batteries (4-pack),1,4/28/2019 12:34
184290,ThinkPad Laptop,1,4/26/2019 15:22
184291,Wired Headphones,1,4/20/2019 10:47
184292,Apple Airpods Headphones,1,4/22/2019 11:29
184293,Apple Airpods Headphones,1,4/26/2019 12:21
184294,20in Monitor,1,4/28/2019 23:18
184295,USB-C Charging Cable,1,4/27/2019 5:08
184296,20in Monitor,1,4/4/2019 23:39
184297,AA Batteries (4-pack),2,4/6/2019 18:49
184298,Wired Headphones,1,4/12/2019 8:35
184299,USB-C Charging Cable,1,4/9/2019 18:45
184300,Lightning Charging Cable,1,4/27/2019 14:57
184301,Wired Headphones,1,4/22/2019 22:35
184302,AAA Batteries (4-pack),1,4/17/2019 18:42
184303,USB-C Charging Cable,1,4/1/2019 13:47
184304,20in Monitor,1,4/9/2019 12:15
184305,AAA Batteries (4-pack),1,4/17/2019 5:59
184306,AAA Batteries (4-pack),1,4/29/2019 21:02
184307,Apple Airpods Headphones,1,4/25/2019 11:19
184308,Wired Headphones,1,4/6/2019 19:15
184309,LG Dryer,1,4/25/2019 8:43
184310,Lightning Charging Cable,1,4/25/2019 16:00
184311,Lightning Charging Cable,1,4/4/2019 9:27
184312,USB-C Charging Cable,1,4/11/2019 10:58
184313,USB-C Charging Cable,1,4/16/2019 14:04
184314,Wired Headphones,1,4/1/2019 20:11
184315,Bose SoundSport Headphones,1,4/17/2019 11:45
184316,Lightning Charging Cable,1,4/23/2019 18:50
184317,Lightning Charging Cable,1,4/25/2019 22:08
184318,34in Ultrawide Monitor,1,4/2/2019 12:45
184319,34in Ultrawide Monitor,1,4/24/2019 5:25
184320,Bose SoundSport Headphones,1,4/27/2019 22:34
184321,USB-C Charging Cable,1,4/14/2019 23:19
184322,AA Batteries (4-pack),1,4/13/2019 20:36
184323,Lightning Charging Cable,1,4/13/2019 7:26
184324,AAA Batteries (4-pack),1,4/27/2019 10:02
184325,34in Ultrawide Monitor,1,4/13/2019 23:42
184326,Lightning Charging Cable,1,4/20/2019 10:15
184327,AA Batteries (4-pack),2,4/1/2019 23:33
184328,USB-C Charging Cable,2,4/29/2019 21:32
184329,20in Monitor,1,4/20/2019 17:57
184330,AAA Batteries (4-pack),1,4/4/2019 10:55
184331,iPhone,1,4/14/2019 9:43
184332,AA Batteries (4-pack),1,4/16/2019 13:51
184333,AAA Batteries (4-pack),2,4/11/2019 22:20
184334,20in Monitor,1,4/8/2019 8:34
184334,Bose SoundSport Headphones,1,4/8/2019 8:34
184335,AAA Batteries (4-pack),1,4/22/2019 10:00
184336,USB-C Charging Cable,1,4/17/2019 15:34
184337,Apple Airpods Headphones,1,4/22/2019 7:10
184338,Bose SoundSport Headphones,1,4/27/2019 7:09
184339,iPhone,1,4/22/2019 17:03
184340,Apple Airpods Headphones,1,4/11/2019 15:02
184341,iPhone,1,4/16/2019 14:30
184342,USB-C Charging Cable,1,4/18/2019 21:02
184343,34in Ultrawide Monitor,1,4/24/2019 21:24
184344,Lightning Charging Cable,1,4/3/2019 14:43
184345,USB-C Charging Cable,1,4/22/2019 18:05
184346,USB-C Charging Cable,1,4/13/2019 20:23
184347,Wired Headphones,1,4/14/2019 14:10
184348,Bose SoundSport Headphones,1,4/20/2019 18:52
184349,Macbook Pro Laptop,1,4/24/2019 12:59
184350,USB-C Charging Cable,1,4/6/2019 22:01
184351,Lightning Charging Cable,1,4/3/2019 11:20
184352,Apple Airpods Headphones,1,4/19/2019 13:56
184353,Wired Headphones,2,4/9/2019 18:23
184354,Apple Airpods Headphones,1,4/4/2019 17:26
184355,AA Batteries (4-pack),1,4/26/2019 18:20
184356,Apple Airpods Headphones,1,4/9/2019 10:19
184357,Apple Airpods Headphones,1,4/6/2019 14:21
184358,USB-C Charging Cable,1,4/10/2019 14:58
184359,AA Batteries (4-pack),1,4/27/2019 14:06
184360,Lightning Charging Cable,2,4/19/2019 10:31
184361,AA Batteries (4-pack),1,4/17/2019 19:41
184362,Google Phone,1,4/30/2019 14:59
184363,Wired Headphones,1,4/3/2019 10:58
184364,Wired Headphones,1,4/2/2019 22:52
184365,AA Batteries (4-pack),1,4/19/2019 13:25
184366,AA Batteries (4-pack),1,4/3/2019 22:10
184367,AAA Batteries (4-pack),1,4/15/2019 22:31
184368,Wired Headphones,1,4/6/2019 16:10
184369,20in Monitor,1,4/15/2019 13:26
184370,ThinkPad Laptop,1,4/30/2019 18:07
184371,Wired Headphones,1,4/14/2019 17:51
184372,27in FHD Monitor,1,4/29/2019 12:27
184373,Flatscreen TV,1,4/9/2019 16:23
184374,27in FHD Monitor,1,4/6/2019 14:35
184375,USB-C Charging Cable,1,4/17/2019 21:00
184376,AAA Batteries (4-pack),4,4/14/2019 21:14
184377,Lightning Charging Cable,1,4/26/2019 15:29
184378,AAA Batteries (4-pack),5,4/22/2019 9:38
184379,Vareebadd Phone,1,4/13/2019 21:07
184380,Wired Headphones,1,4/12/2019 20:29
184381,USB-C Charging Cable,1,4/1/2019 13:01
184382,Macbook Pro Laptop,1,4/22/2019 12:19
184383,Apple Airpods Headphones,1,4/11/2019 22:56
184384,Google Phone,1,4/23/2019 20:26
184385,Wired Headphones,2,4/14/2019 11:43
184386,Macbook Pro Laptop,1,4/9/2019 15:03
184387,Apple Airpods Headphones,1,4/3/2019 10:50
184388,27in 4K Gaming Monitor,1,4/23/2019 18:11
184389,AAA Batteries (4-pack),1,4/30/2019 13:03
184390,Lightning Charging Cable,1,4/18/2019 21:56
184391,AA Batteries (4-pack),1,4/19/2019 21:19
184392,AA Batteries (4-pack),1,4/7/2019 16:16
184393,AA Batteries (4-pack),1,4/9/2019 9:10
184394,USB-C Charging Cable,1,4/28/2019 8:50
184395,AAA Batteries (4-pack),1,4/7/2019 9:05
184396,Apple Airpods Headphones,1,4/20/2019 14:18
184397,Lightning Charging Cable,1,4/8/2019 11:09
184398,Lightning Charging Cable,1,4/26/2019 19:38
184399,AA Batteries (4-pack),2,4/12/2019 22:04
184400,20in Monitor,1,4/7/2019 17:20
184401,27in 4K Gaming Monitor,1,4/3/2019 11:09
184402,Flatscreen TV,1,4/1/2019 19:53
184403,Wired Headphones,1,4/1/2019 17:29
184404,Macbook Pro Laptop,1,4/7/2019 20:13
184405,AAA Batteries (4-pack),1,4/22/2019 14:00
184406,27in 4K Gaming Monitor,1,4/14/2019 14:49
184407,Wired Headphones,1,4/11/2019 12:09
184408,Bose SoundSport Headphones,1,5/1/2019 0:04
184409,AA Batteries (4-pack),1,4/6/2019 10:44
184410,Lightning Charging Cable,1,4/4/2019 12:02
184411,iPhone,1,4/14/2019 13:27
184412,Flatscreen TV,1,4/7/2019 7:51
184413,AA Batteries (4-pack),1,4/25/2019 8:29
184414,USB-C Charging Cable,1,4/11/2019 8:32
184415,AAA Batteries (4-pack),1,4/3/2019 12:11
184416,Wired Headphones,1,4/11/2019 7:35
184417,AAA Batteries (4-pack),1,4/18/2019 14:01
184418,Flatscreen TV,1,4/26/2019 21:47
184419,AA Batteries (4-pack),2,4/12/2019 9:28
184420,Apple Airpods Headphones,1,4/22/2019 17:33
184421,27in 4K Gaming Monitor,1,4/26/2019 20:53
184422,Wired Headphones,1,4/30/2019 10:12
184423,Lightning Charging Cable,1,4/17/2019 19:03
184424,Apple Airpods Headphones,1,4/22/2019 5:14
184425,34in Ultrawide Monitor,1,4/13/2019 9:45
184426,AA Batteries (4-pack),2,4/18/2019 16:22
184427,Lightning Charging Cable,1,4/12/2019 13:09
184428,34in Ultrawide Monitor,1,4/4/2019 13:05
184429,Apple Airpods Headphones,1,4/6/2019 10:45
184430,27in 4K Gaming Monitor,1,4/19/2019 13:11
184431,AA Batteries (4-pack),1,4/8/2019 9:36
184432,ThinkPad Laptop,1,4/24/2019 23:48
184433,USB-C Charging Cable,1,4/28/2019 8:21
184434,USB-C Charging Cable,1,4/20/2019 22:48
184435,iPhone,1,4/10/2019 8:06
184436,Flatscreen TV,1,4/2/2019 11:37
184437,AA Batteries (4-pack),1,4/18/2019 21:13
184438,34in Ultrawide Monitor,1,4/4/2019 15:47
184439,Apple Airpods Headphones,1,4/17/2019 20:21
184440,34in Ultrawide Monitor,1,4/4/2019 23:53
184441,Lightning Charging Cable,2,4/18/2019 12:39
184442,AAA Batteries (4-pack),1,4/22/2019 12:35
184443,Lightning Charging Cable,1,4/10/2019 20:53
184444,Apple Airpods Headphones,1,4/6/2019 14:19
184445,27in FHD Monitor,1,4/21/2019 10:31
184446,USB-C Charging Cable,1,4/28/2019 11:10
184447,iPhone,1,4/19/2019 21:49
184447,Lightning Charging Cable,1,4/19/2019 21:49
184448,USB-C Charging Cable,1,4/6/2019 14:55
184449,Lightning Charging Cable,1,4/29/2019 17:24
184450,Apple Airpods Headphones,1,4/12/2019 15:36
184451,ThinkPad Laptop,1,4/18/2019 8:13
184452,Vareebadd Phone,1,4/1/2019 16:48
184453,iPhone,1,4/29/2019 9:15
184454,USB-C Charging Cable,1,4/30/2019 14:56
184455,AA Batteries (4-pack),1,4/29/2019 0:09
184456,34in Ultrawide Monitor,1,4/19/2019 18:57
184457,USB-C Charging Cable,1,4/3/2019 21:15
184458,Wired Headphones,1,4/2/2019 22:12
184459,Lightning Charging Cable,2,4/8/2019 20:26
184460,iPhone,1,4/8/2019 18:38
184460,Wired Headphones,1,4/8/2019 18:38
184461,Wired Headphones,1,4/8/2019 21:36
184462,34in Ultrawide Monitor,1,4/4/2019 19:21
184463,AA Batteries (4-pack),1,4/30/2019 22:03
184464,20in Monitor,1,4/30/2019 8:58
184465,USB-C Charging Cable,1,4/9/2019 0:06
184466,34in Ultrawide Monitor,1,4/27/2019 23:30
184467,USB-C Charging Cable,1,4/28/2019 12:33
184468,Lightning Charging Cable,1,4/28/2019 22:26
184469,27in FHD Monitor,1,4/29/2019 12:34
184470,AA Batteries (4-pack),1,4/25/2019 19:18
184471,Google Phone,1,4/5/2019 10:39
184472,iPhone,1,4/11/2019 12:16
184472,Bose SoundSport Headphones,1,4/11/2019 12:16
184473,Lightning Charging Cable,1,4/6/2019 11:38
184474,USB-C Charging Cable,1,4/17/2019 20:19
184475,Wired Headphones,1,4/27/2019 12:55
184476,AAA Batteries (4-pack),1,4/19/2019 17:39
184477,Wired Headphones,2,4/15/2019 12:48
184478,Wired Headphones,1,4/9/2019 17:51
184479,Lightning Charging Cable,1,4/14/2019 13:33
184480,Lightning Charging Cable,1,4/24/2019 12:10
184481,AA Batteries (4-pack),2,4/1/2019 15:27
184482,USB-C Charging Cable,1,4/1/2019 14:35
184483,USB-C Charging Cable,1,4/17/2019 5:58
184484,AAA Batteries (4-pack),1,4/8/2019 23:43
184485,27in 4K Gaming Monitor,1,4/14/2019 12:35
184486,Bose SoundSport Headphones,1,4/25/2019 19:24
184487,AA Batteries (4-pack),1,4/24/2019 18:21
184488,AAA Batteries (4-pack),4,4/20/2019 6:38
184489,Lightning Charging Cable,1,4/17/2019 11:01
184490,AAA Batteries (4-pack),2,4/19/2019 11:27
184491,Apple Airpods Headphones,1,4/12/2019 20:36
184492,AA Batteries (4-pack),1,4/17/2019 22:17
184493,AA Batteries (4-pack),1,4/16/2019 13:07
184494,Google Phone,1,4/18/2019 23:08
184495,AAA Batteries (4-pack),1,4/10/2019 16:33
184496,Wired Headphones,1,4/8/2019 17:51
184497,AAA Batteries (4-pack),1,4/13/2019 17:55
184498,iPhone,1,4/19/2019 6:51
184499,USB-C Charging Cable,2,4/12/2019 16:07
184500,AAA Batteries (4-pack),1,4/25/2019 12:12
184501,27in FHD Monitor,1,4/27/2019 13:02
184502,27in FHD Monitor,1,4/21/2019 16:58
184503,iPhone,1,4/10/2019 16:23
184503,Lightning Charging Cable,1,4/10/2019 16:23
184504,Google Phone,1,4/11/2019 14:26
184505,USB-C Charging Cable,2,4/16/2019 16:39
184506,USB-C Charging Cable,1,4/5/2019 18:50
184507,34in Ultrawide Monitor,1,4/8/2019 15:58
184508,Google Phone,1,4/26/2019 11:15
184509,USB-C Charging Cable,1,4/14/2019 22:58
184510,Bose SoundSport Headphones,1,4/22/2019 0:06
184511,Wired Headphones,2,4/21/2019 16:57
184512,Lightning Charging Cable,1,4/12/2019 10:42
184513,iPhone,1,4/7/2019 13:00
184514,AA Batteries (4-pack),1,4/29/2019 12:51
184515,USB-C Charging Cable,1,4/23/2019 17:18
184516,USB-C Charging Cable,1,4/24/2019 12:24
184517,Lightning Charging Cable,1,4/9/2019 14:44
184518,27in FHD Monitor,1,4/6/2019 14:58
184519,27in 4K Gaming Monitor,1,4/30/2019 8:44
184520,Lightning Charging Cable,1,4/4/2019 23:22
184521,27in 4K Gaming Monitor,1,4/10/2019 11:50
184522,AAA Batteries (4-pack),1,4/25/2019 1:31
184523,USB-C Charging Cable,1,4/10/2019 13:12
184524,Google Phone,1,4/13/2019 21:12
184525,Wired Headphones,1,4/30/2019 10:21
184526,Apple Airpods Headphones,1,4/4/2019 16:10
184527,AAA Batteries (4-pack),1,4/10/2019 10:48
184528,27in FHD Monitor,1,4/30/2019 12:35
184529,Bose SoundSport Headphones,1,4/17/2019 19:13
184530,USB-C Charging Cable,1,4/9/2019 12:14
184531,Lightning Charging Cable,1,4/8/2019 18:48
184532,iPhone,1,4/1/2019 19:28
184533,Bose SoundSport Headphones,1,4/20/2019 11:08
184534,Flatscreen TV,1,4/18/2019 16:13
184535,27in FHD Monitor,1,4/20/2019 14:13
184536,LG Dryer,1,4/28/2019 13:09
184537,27in 4K Gaming Monitor,1,4/15/2019 15:00
184538,Wired Headphones,1,4/18/2019 16:34
184539,Lightning Charging Cable,1,4/15/2019 10:02
184540,Lightning Charging Cable,2,4/11/2019 18:24
184541,Wired Headphones,1,4/14/2019 10:10
184542,Lightning Charging Cable,1,4/4/2019 7:24
184543,iPhone,1,4/6/2019 19:12
184544,USB-C Charging Cable,1,4/25/2019 19:27
184545,27in 4K Gaming Monitor,1,4/29/2019 14:35
184546,Flatscreen TV,1,4/19/2019 21:01
184547,AAA Batteries (4-pack),1,4/30/2019 10:56
184548,Lightning Charging Cable,1,4/1/2019 8:02
184549,34in Ultrawide Monitor,1,4/21/2019 19:56
184550,Lightning Charging Cable,1,4/6/2019 17:00
184551,Wired Headphones,1,4/23/2019 0:32
184552,AAA Batteries (4-pack),1,4/28/2019 0:40
184553,Lightning Charging Cable,1,4/30/2019 20:25
184554,34in Ultrawide Monitor,1,4/24/2019 12:14
184555,Bose SoundSport Headphones,1,4/11/2019 14:16
184556,Lightning Charging Cable,1,4/27/2019 14:49
184557,USB-C Charging Cable,1,4/6/2019 15:31
184558,Wired Headphones,1,4/13/2019 12:04
184559,USB-C Charging Cable,1,4/1/2019 10:34
184560,Apple Airpods Headphones,1,4/1/2019 13:38
184561,Apple Airpods Headphones,1,4/13/2019 17:18
184562,Flatscreen TV,1,4/27/2019 14:43
184563,AA Batteries (4-pack),1,4/28/2019 8:45
184564,34in Ultrawide Monitor,1,4/13/2019 20:53
184565,USB-C Charging Cable,1,4/6/2019 20:11
184566,AAA Batteries (4-pack),1,4/7/2019 9:57
184567,Apple Airpods Headphones,1,4/29/2019 18:34
184568,iPhone,1,4/7/2019 9:26
184569,AAA Batteries (4-pack),2,4/23/2019 19:23
184570,Apple Airpods Headphones,1,4/7/2019 19:17
184571,Flatscreen TV,1,4/22/2019 6:11
184572,AA Batteries (4-pack),1,4/7/2019 6:40
184573,Bose SoundSport Headphones,1,4/2/2019 9:04
184574,Apple Airpods Headphones,1,4/25/2019 22:18
184575,Apple Airpods Headphones,1,4/29/2019 9:08
184576,AAA Batteries (4-pack),1,4/21/2019 6:51
184577,iPhone,1,4/15/2019 0:03
184577,Lightning Charging Cable,1,4/15/2019 0:03
184578,AA Batteries (4-pack),1,4/23/2019 22:36
184579,Lightning Charging Cable,1,4/23/2019 17:15
184580,20in Monitor,1,4/24/2019 17:48
184581,AA Batteries (4-pack),1,4/24/2019 20:37
184582,AA Batteries (4-pack),1,4/21/2019 22:35
184583,27in 4K Gaming Monitor,1,4/2/2019 17:31
184584,27in FHD Monitor,1,4/25/2019 0:57
184585,AAA Batteries (4-pack),2,4/27/2019 19:49
184586,Apple Airpods Headphones,1,4/16/2019 20:10
184587,AA Batteries (4-pack),1,4/21/2019 13:31
184588,27in 4K Gaming Monitor,1,4/8/2019 14:30
184589,Lightning Charging Cable,1,4/4/2019 16:11
184590,34in Ultrawide Monitor,1,4/24/2019 20:45
184591,Bose SoundSport Headphones,1,4/23/2019 11:30
184592,34in Ultrawide Monitor,1,4/12/2019 11:58
184593,AAA Batteries (4-pack),1,4/18/2019 11:50
184594,Apple Airpods Headphones,1,4/17/2019 12:05
184595,Lightning Charging Cable,1,4/28/2019 12:41
184596,Bose SoundSport Headphones,1,4/2/2019 8:48
184597,AA Batteries (4-pack),1,4/5/2019 15:25
184598,Wired Headphones,3,4/20/2019 16:01
184599,27in FHD Monitor,1,4/3/2019 20:33
184600,AA Batteries (4-pack),1,4/10/2019 0:57
184601,LG Dryer,1,4/30/2019 14:29
184602,Macbook Pro Laptop,1,4/25/2019 15:58
184603,Apple Airpods Headphones,1,4/22/2019 13:10
184604,AAA Batteries (4-pack),1,4/29/2019 17:02
184605,Wired Headphones,1,4/23/2019 16:29
184606,AA Batteries (4-pack),1,4/4/2019 21:00
184607,27in FHD Monitor,1,4/28/2019 16:52
184608,Lightning Charging Cable,1,4/18/2019 22:17
184609,34in Ultrawide Monitor,1,4/13/2019 17:35
184610,AA Batteries (4-pack),4,4/13/2019 1:44
184611,34in Ultrawide Monitor,1,4/20/2019 21:03
184612,Wired Headphones,1,4/16/2019 15:49
184613,AAA Batteries (4-pack),1,4/21/2019 12:28
184614,Lightning Charging Cable,1,4/10/2019 23:23
184615,34in Ultrawide Monitor,1,4/27/2019 21:14
184616,Apple Airpods Headphones,1,4/2/2019 23:13
184617,20in Monitor,1,4/9/2019 22:05
184618,Google Phone,1,4/14/2019 9:27
184618,USB-C Charging Cable,1,4/14/2019 9:27
184619,USB-C Charging Cable,1,4/17/2019 11:59
184620,iPhone,1,4/20/2019 19:31
184621,iPhone,1,4/19/2019 10:49
184621,Lightning Charging Cable,2,4/19/2019 10:49
184622,AAA Batteries (4-pack),1,4/28/2019 8:43
184623,AA Batteries (4-pack),1,4/17/2019 16:56
184624,Lightning Charging Cable,1,4/25/2019 0:27
184625,AA Batteries (4-pack),1,4/10/2019 9:13
184626,Macbook Pro Laptop,1,4/4/2019 15:34
184627,27in 4K Gaming Monitor,1,4/12/2019 14:33
184628,USB-C Charging Cable,2,4/29/2019 11:13
184629,AA Batteries (4-pack),2,4/4/2019 1:28
184630,Lightning Charging Cable,1,4/14/2019 8:30
184631,Apple Airpods Headphones,1,4/2/2019 21:14
184632,34in Ultrawide Monitor,1,4/28/2019 22:10
184633,Wired Headphones,1,4/18/2019 20:06
184634,Wired Headphones,1,4/23/2019 18:01
184635,Vareebadd Phone,1,4/13/2019 8:57
184635,Bose SoundSport Headphones,1,4/13/2019 8:57
184636,AA Batteries (4-pack),1,4/13/2019 0:16
184637,AAA Batteries (4-pack),1,4/7/2019 16:56
184638,Macbook Pro Laptop,1,4/7/2019 17:14
184639,AAA Batteries (4-pack),1,4/1/2019 17:15
184640,AAA Batteries (4-pack),1,4/29/2019 23:28
184641,Wired Headphones,1,4/27/2019 20:41
184642,Apple Airpods Headphones,1,4/16/2019 13:59
184643,Apple Airpods Headphones,1,4/7/2019 14:23
184644,Bose SoundSport Headphones,1,4/17/2019 22:37
184645,Macbook Pro Laptop,1,4/4/2019 18:51
184646,27in FHD Monitor,1,4/19/2019 14:01
184647,Wired Headphones,1,4/30/2019 16:28
184648,Apple Airpods Headphones,1,4/17/2019 20:02
184649,USB-C Charging Cable,1,4/26/2019 20:07
184650,AAA Batteries (4-pack),1,4/10/2019 23:30
184651,Macbook Pro Laptop,1,4/25/2019 9:21
184652,27in 4K Gaming Monitor,1,4/18/2019 10:27
184653,AAA Batteries (4-pack),1,4/28/2019 23:48
184654,Bose SoundSport Headphones,1,4/26/2019 15:13
184655,Lightning Charging Cable,1,4/7/2019 22:12
184656,USB-C Charging Cable,1,4/25/2019 12:12
184657,AA Batteries (4-pack),1,4/16/2019 17:14
184658,Lightning Charging Cable,1,4/25/2019 18:05
184659,Apple Airpods Headphones,1,4/5/2019 11:42
184660,AA Batteries (4-pack),1,4/27/2019 11:59
184661,ThinkPad Laptop,1,4/8/2019 12:04
184662,Lightning Charging Cable,1,4/10/2019 12:44
184663,Lightning Charging Cable,1,4/23/2019 10:05
184664,Wired Headphones,1,4/14/2019 11:49
184665,AA Batteries (4-pack),1,4/1/2019 20:45
184666,27in FHD Monitor,1,4/17/2019 13:26
184667,AA Batteries (4-pack),2,4/20/2019 11:30
184668,AAA Batteries (4-pack),1,4/4/2019 14:41
184669,Lightning Charging Cable,1,4/20/2019 23:36
184670,Wired Headphones,1,4/15/2019 0:02
184670,20in Monitor,1,4/15/2019 0:02
184671,Macbook Pro Laptop,1,4/12/2019 11:52
184672,AAA Batteries (4-pack),1,4/16/2019 5:57
184673,27in 4K Gaming Monitor,1,4/19/2019 19:05
184674,Google Phone,1,4/28/2019 14:09
184675,Apple Airpods Headphones,1,4/28/2019 15:00
184676,Lightning Charging Cable,1,4/24/2019 20:52
184677,AA Batteries (4-pack),1,4/11/2019 20:56
184678,Wired Headphones,1,4/6/2019 7:14
184679,Wired Headphones,1,4/7/2019 11:21
184680,20in Monitor,1,4/11/2019 23:57
184681,Bose SoundSport Headphones,1,4/18/2019 20:27
184682,Lightning Charging Cable,1,4/26/2019 10:22
184683,Lightning Charging Cable,1,4/13/2019 23:43
184684,Apple Airpods Headphones,1,4/18/2019 13:56
184685,AA Batteries (4-pack),1,4/18/2019 10:28
184686,AA Batteries (4-pack),1,4/28/2019 17:53
184687,AAA Batteries (4-pack),2,4/25/2019 12:15
184688,Bose SoundSport Headphones,1,4/6/2019 0:20
184689,USB-C Charging Cable,1,4/28/2019 20:02
184690,AAA Batteries (4-pack),1,4/8/2019 7:27
184691,27in 4K Gaming Monitor,1,4/23/2019 21:49
184692,AA Batteries (4-pack),1,4/14/2019 19:00
184693,Lightning Charging Cable,2,4/3/2019 17:55
184694,Apple Airpods Headphones,1,4/22/2019 9:27
184695,AAA Batteries (4-pack),1,4/21/2019 7:51
184696,Wired Headphones,1,4/18/2019 0:11
184697,Bose SoundSport Headphones,1,4/28/2019 16:58
184698,USB-C Charging Cable,2,4/13/2019 21:26
184699,AA Batteries (4-pack),1,4/7/2019 23:25
184700,AA Batteries (4-pack),2,4/4/2019 19:43
184701,AAA Batteries (4-pack),2,4/1/2019 12:42
184702,Wired Headphones,1,4/2/2019 10:21
184703,AA Batteries (4-pack),1,4/8/2019 13:21
184704,27in 4K Gaming Monitor,1,4/2/2019 10:15
184705,USB-C Charging Cable,1,4/23/2019 16:59
184706,Apple Airpods Headphones,1,4/12/2019 11:35
184707,27in FHD Monitor,1,4/24/2019 18:25
184708,AA Batteries (4-pack),1,4/30/2019 11:09
184709,USB-C Charging Cable,1,4/2/2019 18:02
184710,iPhone,1,4/21/2019 13:57
184710,Wired Headphones,3,4/21/2019 13:57
184711,27in 4K Gaming Monitor,1,4/30/2019 0:28
184712,Lightning Charging Cable,1,4/20/2019 20:35
184712,AA Batteries (4-pack),1,4/20/2019 20:35
184713,Lightning Charging Cable,1,4/19/2019 10:56
184714,Bose SoundSport Headphones,1,4/25/2019 12:50
184715,Bose SoundSport Headphones,1,4/9/2019 19:38
184716,Macbook Pro Laptop,1,4/20/2019 10:33
184717,USB-C Charging Cable,1,4/4/2019 10:17
184717,USB-C Charging Cable,1,4/4/2019 10:17
184718,AAA Batteries (4-pack),3,4/1/2019 12:30
184719,Apple Airpods Headphones,1,4/15/2019 23:04
184720,Lightning Charging Cable,1,4/18/2019 12:13
184721,Lightning Charging Cable,1,4/28/2019 19:56
184722,AA Batteries (4-pack),1,4/13/2019 2:19
184723,AAA Batteries (4-pack),1,4/12/2019 16:22
184724,Lightning Charging Cable,1,4/13/2019 18:01
184725,Bose SoundSport Headphones,1,4/19/2019 18:37
184726,Google Phone,1,4/23/2019 11:26
184727,Bose SoundSport Headphones,1,4/8/2019 14:11
184728,Wired Headphones,1,4/3/2019 9:11
184729,Vareebadd Phone,1,4/11/2019 19:36
184729,Wired Headphones,2,4/11/2019 19:36
184730,AAA Batteries (4-pack),3,4/20/2019 21:34
184731,AAA Batteries (4-pack),1,4/14/2019 8:40
184732,Apple Airpods Headphones,1,4/3/2019 9:10
184733,Google Phone,1,4/11/2019 10:08
184733,Bose SoundSport Headphones,1,4/11/2019 10:08
184734,Google Phone,1,4/8/2019 9:16
184734,Bose SoundSport Headphones,1,4/8/2019 9:16
184735,Vareebadd Phone,1,4/13/2019 11:45
184736,Wired Headphones,2,4/10/2019 12:24
184737,AA Batteries (4-pack),2,4/7/2019 0:33
184738,AAA Batteries (4-pack),3,4/1/2019 9:01
184739,Wired Headphones,1,4/21/2019 14:55
184740,iPhone,1,4/19/2019 11:08
184741,27in FHD Monitor,1,4/9/2019 12:00
184742,Bose SoundSport Headphones,1,4/15/2019 22:09
184743,Apple Airpods Headphones,1,4/24/2019 15:49
184744,Lightning Charging Cable,1,4/26/2019 9:23
184745,27in 4K Gaming Monitor,1,4/22/2019 23:38
184746,Wired Headphones,1,4/3/2019 0:41
184747,USB-C Charging Cable,1,4/16/2019 11:28
184748,Bose SoundSport Headphones,1,4/19/2019 10:18
184749,AA Batteries (4-pack),1,4/20/2019 5:31
184750,Macbook Pro Laptop,1,4/7/2019 18:39
184751,USB-C Charging Cable,1,4/2/2019 17:01
184752,AA Batteries (4-pack),1,4/19/2019 8:22
184753,Lightning Charging Cable,1,4/12/2019 20:35
184754,USB-C Charging Cable,1,4/11/2019 9:56
184755,Lightning Charging Cable,1,4/30/2019 9:43
184756,20in Monitor,1,4/17/2019 13:41
184757,Bose SoundSport Headphones,1,4/15/2019 12:01
184758,iPhone,1,4/13/2019 20:02
184758,Lightning Charging Cable,1,4/13/2019 20:02
184759,Google Phone,1,4/17/2019 21:05
184760,Lightning Charging Cable,1,4/19/2019 14:56
184761,27in 4K Gaming Monitor,1,4/16/2019 10:43
184762,USB-C Charging Cable,1,4/10/2019 19:45
184763,USB-C Charging Cable,1,4/5/2019 12:30
184764,AA Batteries (4-pack),1,4/21/2019 13:16
184765,Google Phone,1,4/15/2019 21:32
184765,USB-C Charging Cable,1,4/15/2019 21:32
184766,iPhone,1,4/16/2019 14:36
184767,AA Batteries (4-pack),1,4/18/2019 20:04
184768,Wired Headphones,1,4/26/2019 20:07
184769,AA Batteries (4-pack),2,4/18/2019 17:45
184770,AA Batteries (4-pack),2,4/18/2019 16:01
184771,Lightning Charging Cable,1,4/2/2019 9:44
184772,USB-C Charging Cable,1,4/8/2019 20:52
184773,34in Ultrawide Monitor,1,4/26/2019 11:40
184774,AAA Batteries (4-pack),1,4/9/2019 17:49
184775,Lightning Charging Cable,1,4/1/2019 7:57
184776,Wired Headphones,1,4/3/2019 18:28
184777,20in Monitor,1,4/2/2019 19:16
184778,AA Batteries (4-pack),2,4/3/2019 11:41
184779,USB-C Charging Cable,1,4/5/2019 20:04
184780,Lightning Charging Cable,1,4/4/2019 16:06
184781,AA Batteries (4-pack),1,4/22/2019 9:35
184782,Bose SoundSport Headphones,1,4/2/2019 23:51
184783,Bose SoundSport Headphones,1,4/10/2019 19:21
184784,Macbook Pro Laptop,1,4/14/2019 10:43
184785,Macbook Pro Laptop,1,4/30/2019 19:58
184786,Wired Headphones,1,4/18/2019 9:45
184787,Lightning Charging Cable,1,4/12/2019 17:10
184788,Wired Headphones,1,4/16/2019 9:05
184789,Bose SoundSport Headphones,1,4/26/2019 21:23
184790,Macbook Pro Laptop,1,4/1/2019 20:34
184791,Flatscreen TV,1,4/4/2019 12:23
184792,Flatscreen TV,1,4/25/2019 21:04
184793,Lightning Charging Cable,1,4/26/2019 10:02
184794,Macbook Pro Laptop,1,4/13/2019 18:04
184795,iPhone,1,4/18/2019 13:59
184795,Wired Headphones,1,4/18/2019 13:59
184796,Wired Headphones,1,4/1/2019 22:58
184797,AA Batteries (4-pack),1,4/18/2019 11:22
184798,Wired Headphones,1,4/26/2019 19:14
184799,Macbook Pro Laptop,1,4/17/2019 17:24
184800,Apple Airpods Headphones,1,4/21/2019 9:48
184801,AAA Batteries (4-pack),1,4/27/2019 9:44
184802,AA Batteries (4-pack),1,4/5/2019 14:33
184803,iPhone,1,4/11/2019 23:32
184804,Wired Headphones,2,4/15/2019 16:52
184805,AAA Batteries (4-pack),2,4/30/2019 7:17
Order ID,Product,Quantity Ordered,Order Date
184806,Lightning Charging Cable,1,4/2/2019 9:41
184807,34in Ultrawide Monitor,1,4/21/2019 21:56
184808,Apple Airpods Headphones,1,4/10/2019 20:58
,,,
184809,34in Ultrawide Monitor,1,4/21/2019 20:58
184810,AAA Batteries (4-pack),2,4/5/2019 13:01
184811,Wired Headphones,1,4/5/2019 19:37
184812,Apple Airpods Headphones,1,4/17/2019 20:33
184813,USB-C Charging Cable,1,4/26/2019 6:09
184813,AA Batteries (4-pack),1,4/26/2019 6:09
184814,27in FHD Monitor,1,4/6/2019 20:56
184815,ThinkPad Laptop,1,4/18/2019 13:15
184816,Wired Headphones,1,4/23/2019 21:59
184817,Lightning Charging Cable,1,4/30/2019 13:01
184818,AA Batteries (4-pack),1,4/29/2019 12:56
184819,Macbook Pro Laptop,1,4/4/2019 10:21
184820,Apple Airpods Headphones,1,4/10/2019 10:48
184821,Apple Airpods Headphones,1,4/27/2019 12:14
184822,USB-C Charging Cable,1,4/27/2019 22:20
184823,Apple Airpods Headphones,1,4/9/2019 7:55
184824,Lightning Charging Cable,1,4/9/2019 15:13
184825,AAA Batteries (4-pack),1,4/30/2019 13:57
184826,34in Ultrawide Monitor,1,4/8/2019 20:17
184827,Apple Airpods Headphones,1,4/2/2019 11:44
184828,Vareebadd Phone,1,4/22/2019 17:15
184828,USB-C Charging Cable,1,4/22/2019 17:15
184829,Flatscreen TV,1,4/2/2019 23:36
184830,27in FHD Monitor,1,4/5/2019 20:58
184831,Lightning Charging Cable,2,4/25/2019 12:15
184832,AA Batteries (4-pack),1,4/18/2019 12:14
184832,Wired Headphones,1,4/18/2019 12:14
184833,Wired Headphones,2,4/23/2019 22:51
184834,Lightning Charging Cable,1,4/18/2019 19:27
184835,Lightning Charging Cable,1,4/12/2019 20:17
184836,Lightning Charging Cable,1,4/19/2019 18:07
184837,AA Batteries (4-pack),1,4/11/2019 9:45
184838,USB-C Charging Cable,1,4/9/2019 9:40
184839,Lightning Charging Cable,1,4/6/2019 11:58
184840,AA Batteries (4-pack),1,4/11/2019 17:11
184840,USB-C Charging Cable,1,4/11/2019 17:11
184841,Lightning Charging Cable,1,4/3/2019 10:56
184842,AA Batteries (4-pack),1,4/16/2019 5:52
184843,iPhone,1,4/29/2019 18:30
184844,LG Washing Machine,1,4/5/2019 18:57
184845,Apple Airpods Headphones,1,4/4/2019 13:44
184846,AA Batteries (4-pack),1,4/14/2019 13:21
184847,USB-C Charging Cable,1,4/5/2019 11:22
184848,AAA Batteries (4-pack),1,4/7/2019 11:24
184849,AAA Batteries (4-pack),1,4/21/2019 13:00
184850,AAA Batteries (4-pack),1,4/3/2019 15:01
184851,USB-C Charging Cable,1,4/20/2019 1:11
184852,AAA Batteries (4-pack),1,4/11/2019 11:42
184853,Vareebadd Phone,1,4/17/2019 10:07
184853,Wired Headphones,1,4/17/2019 10:07
184854,AA Batteries (4-pack),1,4/6/2019 15:36
184855,AAA Batteries (4-pack),3,4/3/2019 11:31
184856,27in 4K Gaming Monitor,1,4/28/2019 11:15
184857,AAA Batteries (4-pack),2,4/23/2019 18:02
184858,iPhone,1,4/9/2019 22:38
184859,iPhone,1,4/26/2019 10:33
184860,AA Batteries (4-pack),1,4/27/2019 13:15
184861,USB-C Charging Cable,1,4/12/2019 2:03
184862,Apple Airpods Headphones,1,4/26/2019 15:32
184862,Lightning Charging Cable,1,4/26/2019 15:32
184863,27in FHD Monitor,1,4/25/2019 16:21
184864,AA Batteries (4-pack),1,4/22/2019 20:35
184865,20in Monitor,1,4/14/2019 8:44
184866,Wired Headphones,1,4/6/2019 21:56
184867,Apple Airpods Headphones,1,4/24/2019 18:57
184868,27in FHD Monitor,1,4/26/2019 4:13
184869,Apple Airpods Headphones,1,4/14/2019 0:05
184870,Apple Airpods Headphones,1,4/23/2019 9:59
184871,34in Ultrawide Monitor,1,4/14/2019 20:59
184872,USB-C Charging Cable,1,4/14/2019 9:17
184873,20in Monitor,1,4/27/2019 3:33
184874,iPhone,1,4/22/2019 19:23
184875,AAA Batteries (4-pack),1,4/27/2019 20:07
184876,USB-C Charging Cable,2,4/20/2019 15:47
184877,Apple Airpods Headphones,1,4/10/2019 15:07
184878,Bose SoundSport Headphones,1,4/12/2019 12:20
184879,Lightning Charging Cable,1,4/5/2019 21:23
184880,Lightning Charging Cable,1,4/8/2019 10:23
184881,AAA Batteries (4-pack),1,4/20/2019 12:15
184882,iPhone,1,4/1/2019 17:32
184883,AAA Batteries (4-pack),3,4/4/2019 12:04
184884,Flatscreen TV,1,4/18/2019 17:07
184885,USB-C Charging Cable,1,4/16/2019 13:48
184886,Google Phone,1,4/17/2019 20:32
184887,USB-C Charging Cable,1,4/21/2019 11:25
184888,Wired Headphones,1,4/20/2019 19:44
184889,AAA Batteries (4-pack),1,4/6/2019 23:13
184890,iPhone,1,4/13/2019 12:13
184891,Apple Airpods Headphones,1,4/6/2019 8:44
184892,AA Batteries (4-pack),1,4/9/2019 17:00
184893,Wired Headphones,1,4/4/2019 15:43
184894,Flatscreen TV,1,4/14/2019 14:04
184895,Lightning Charging Cable,1,4/26/2019 19:28
184896,LG Dryer,1,4/12/2019 6:12
184897,20in Monitor,1,4/18/2019 11:16
184898,27in FHD Monitor,1,4/21/2019 13:16
184899,34in Ultrawide Monitor,1,4/8/2019 22:40
184900,Macbook Pro Laptop,1,4/23/2019 18:04
184901,Flatscreen TV,1,4/6/2019 9:22
184902,Lightning Charging Cable,1,4/21/2019 17:33
184903,27in 4K Gaming Monitor,1,4/12/2019 20:59
184904,27in 4K Gaming Monitor,1,4/19/2019 23:15
184905,USB-C Charging Cable,1,4/26/2019 8:49
184906,Wired Headphones,1,4/27/2019 18:53
184907,Lightning Charging Cable,1,4/22/2019 19:47
184908,Flatscreen TV,1,4/12/2019 18:16
184909,Lightning Charging Cable,1,4/13/2019 10:31
184910,27in 4K Gaming Monitor,1,4/21/2019 12:27
184911,Apple Airpods Headphones,1,4/3/2019 16:51
184912,Lightning Charging Cable,1,4/14/2019 2:49
184913,Bose SoundSport Headphones,1,4/17/2019 18:26
184914,Apple Airpods Headphones,1,4/22/2019 18:58
184915,Vareebadd Phone,1,4/19/2019 3:34
184916,Lightning Charging Cable,1,4/21/2019 8:40
184917,27in FHD Monitor,1,4/15/2019 15:54
184918,Apple Airpods Headphones,1,4/9/2019 11:16
184919,Google Phone,1,4/7/2019 16:38
184920,USB-C Charging Cable,1,4/19/2019 5:10
184921,LG Dryer,1,4/12/2019 21:50
184922,Lightning Charging Cable,1,4/22/2019 17:05
184923,iPhone,1,4/29/2019 19:35
184924,Flatscreen TV,1,4/9/2019 14:52
184925,Lightning Charging Cable,1,4/21/2019 12:25
184926,Wired Headphones,1,4/6/2019 7:41
184927,Google Phone,1,4/17/2019 19:35
184928,Wired Headphones,1,4/11/2019 10:28
184929,USB-C Charging Cable,2,4/4/2019 18:39
184930,USB-C Charging Cable,1,4/17/2019 16:33
184931,Flatscreen TV,1,4/5/2019 2:42
184932,Apple Airpods Headphones,1,4/29/2019 9:20
184933,USB-C Charging Cable,1,4/13/2019 21:34
184934,Flatscreen TV,1,4/27/2019 17:15
184935,34in Ultrawide Monitor,1,4/20/2019 14:38
184936,Apple Airpods Headphones,1,4/4/2019 9:43
184937,Bose SoundSport Headphones,1,4/29/2019 13:40
184938,27in 4K Gaming Monitor,1,4/16/2019 19:05
184939,Google Phone,1,4/24/2019 0:24
184939,USB-C Charging Cable,1,4/24/2019 0:24
184940,27in FHD Monitor,1,4/29/2019 20:17
184941,27in FHD Monitor,1,4/21/2019 15:54
184942,20in Monitor,1,4/20/2019 22:01
184943,AAA Batteries (4-pack),3,4/8/2019 21:52
184944,AAA Batteries (4-pack),1,4/16/2019 19:37
184945,Google Phone,1,4/24/2019 5:41
184946,Wired Headphones,1,4/4/2019 11:42
184947,27in 4K Gaming Monitor,1,4/29/2019 9:47
184948,USB-C Charging Cable,1,4/30/2019 13:39
184949,Google Phone,1,4/13/2019 6:28
184950,27in FHD Monitor,1,4/12/2019 12:30
184951,Lightning Charging Cable,2,4/20/2019 14:57
184952,34in Ultrawide Monitor,1,4/17/2019 9:13
184953,Google Phone,1,4/26/2019 12:48
184954,Wired Headphones,1,4/28/2019 18:06
184955,AA Batteries (4-pack),1,4/17/2019 22:35
184956,Bose SoundSport Headphones,1,4/5/2019 22:56
184956,AAA Batteries (4-pack),1,4/5/2019 22:56
184957,Apple Airpods Headphones,1,4/15/2019 12:03
184958,AA Batteries (4-pack),1,4/9/2019 14:35
184959,Wired Headphones,1,4/18/2019 8:31
184960,Flatscreen TV,1,4/9/2019 17:58
184961,27in 4K Gaming Monitor,1,4/24/2019 12:11
184962,USB-C Charging Cable,1,4/9/2019 17:43
184963,Lightning Charging Cable,1,4/8/2019 17:24
184964,27in 4K Gaming Monitor,1,4/12/2019 12:52
184965,Macbook Pro Laptop,1,4/30/2019 1:30
184966,Google Phone,1,4/11/2019 16:43
184967,27in 4K Gaming Monitor,1,4/1/2019 15:34
184968,Wired Headphones,1,4/2/2019 10:55
184969,Apple Airpods Headphones,1,4/14/2019 16:24
184970,Apple Airpods Headphones,1,4/21/2019 4:08
184971,27in FHD Monitor,1,4/9/2019 17:09
184972,Apple Airpods Headphones,1,4/10/2019 19:56
184973,USB-C Charging Cable,1,4/11/2019 17:55
184974,AA Batteries (4-pack),1,4/13/2019 17:23
184975,Bose SoundSport Headphones,1,4/9/2019 12:32
184976,Wired Headphones,1,4/9/2019 17:00
184977,AA Batteries (4-pack),1,4/7/2019 15:14
184978,USB-C Charging Cable,1,4/24/2019 17:38
184979,Vareebadd Phone,1,4/18/2019 15:59
184979,USB-C Charging Cable,1,4/18/2019 15:59
184980,Apple Airpods Headphones,1,4/4/2019 10:49
184981,iPhone,1,4/29/2019 11:56
184982,iPhone,1,4/27/2019 10:01
184983,AA Batteries (4-pack),1,4/19/2019 19:36
184984,Google Phone,1,4/5/2019 3:44
184985,Lightning Charging Cable,1,4/26/2019 20:48
184986,Apple Airpods Headphones,1,4/9/2019 13:39
184987,Lightning Charging Cable,1,4/3/2019 16:10
184988,Lightning Charging Cable,1,4/26/2019 9:51
184989,Apple Airpods Headphones,1,4/26/2019 11:57
184990,iPhone,1,4/5/2019 21:01
184991,Flatscreen TV,1,4/17/2019 8:07
184992,AA Batteries (4-pack),1,4/10/2019 23:32
184993,34in Ultrawide Monitor,1,4/5/2019 23:48
184994,20in Monitor,1,4/23/2019 14:07
184995,Bose SoundSport Headphones,1,4/5/2019 14:55
184996,20in Monitor,1,4/29/2019 13:26
184997,Wired Headphones,1,4/8/2019 17:45
184998,AA Batteries (4-pack),2,4/23/2019 15:27
184999,Apple Airpods Headphones,1,4/26/2019 23:08
185000,Lightning Charging Cable,1,4/3/2019 12:03
185001,USB-C Charging Cable,1,4/6/2019 10:28
185002,Vareebadd Phone,1,4/4/2019 10:17
185003,ThinkPad Laptop,1,4/6/2019 20:12
185003,USB-C Charging Cable,1,4/6/2019 20:12
185004,AA Batteries (4-pack),1,4/2/2019 10:17
185005,Lightning Charging Cable,1,4/23/2019 12:35
185006,Lightning Charging Cable,1,4/30/2019 19:51
185007,AA Batteries (4-pack),1,4/2/2019 22:03
185008,20in Monitor,1,4/13/2019 8:52
185009,AA Batteries (4-pack),1,4/19/2019 13:09
185010,Apple Airpods Headphones,1,4/28/2019 20:11
185011,AA Batteries (4-pack),1,4/23/2019 22:47
185012,AAA Batteries (4-pack),2,4/7/2019 16:41
185013,27in 4K Gaming Monitor,1,4/29/2019 10:10
185014,USB-C Charging Cable,1,4/1/2019 9:22
185015,USB-C Charging Cable,1,4/12/2019 20:12
185016,LG Dryer,1,4/22/2019 13:20
185017,27in FHD Monitor,1,4/29/2019 10:54
185018,34in Ultrawide Monitor,1,4/11/2019 0:07
185019,Lightning Charging Cable,1,4/19/2019 11:15
185020,Macbook Pro Laptop,1,4/9/2019 18:03
185021,Wired Headphones,1,4/10/2019 19:15
185022,Bose SoundSport Headphones,1,4/10/2019 16:59
185023,USB-C Charging Cable,1,4/4/2019 10:32
185024,Lightning Charging Cable,1,4/30/2019 0:38
185025,ThinkPad Laptop,1,4/15/2019 12:51
185026,27in FHD Monitor,1,4/3/2019 15:13
185027,Macbook Pro Laptop,1,4/25/2019 19:20
185028,Lightning Charging Cable,1,4/7/2019 13:49
185029,LG Dryer,1,4/23/2019 14:02
185030,Lightning Charging Cable,1,4/1/2019 18:05
185031,iPhone,1,4/1/2019 17:14
185032,Lightning Charging Cable,1,4/2/2019 19:16
185033,AA Batteries (4-pack),4,4/23/2019 18:12
185034,AAA Batteries (4-pack),3,4/20/2019 14:10
185035,AAA Batteries (4-pack),1,4/27/2019 10:18
185036,Wired Headphones,1,4/12/2019 9:14
185037,AAA Batteries (4-pack),2,4/20/2019 14:01
185038,AAA Batteries (4-pack),1,4/25/2019 8:10
185039,AAA Batteries (4-pack),2,4/27/2019 20:23
185040,Bose SoundSport Headphones,1,4/11/2019 17:48
185041,Apple Airpods Headphones,1,4/1/2019 10:18
185042,27in FHD Monitor,1,4/26/2019 17:41
185043,Apple Airpods Headphones,1,4/27/2019 22:00
185044,Apple Airpods Headphones,1,4/5/2019 22:16
185045,Flatscreen TV,1,4/16/2019 7:52
185046,27in FHD Monitor,1,4/18/2019 11:47
185047,Bose SoundSport Headphones,1,4/30/2019 10:40
185048,Macbook Pro Laptop,1,4/22/2019 12:21
185049,AA Batteries (4-pack),2,4/24/2019 20:10
185050,ThinkPad Laptop,1,4/12/2019 10:00
185051,Apple Airpods Headphones,1,4/27/2019 16:24
185052,Google Phone,1,4/24/2019 21:51
185052,USB-C Charging Cable,1,4/24/2019 21:51
185052,Wired Headphones,1,4/24/2019 21:51
,,,
185053,Lightning Charging Cable,1,4/30/2019 17:27
185054,Flatscreen TV,1,4/8/2019 20:59
185055,Lightning Charging Cable,1,4/20/2019 16:29
185056,Bose SoundSport Headphones,1,4/19/2019 12:22
185057,34in Ultrawide Monitor,1,4/4/2019 10:28
185058,AAA Batteries (4-pack),1,4/4/2019 19:27
185059,Bose SoundSport Headphones,1,4/11/2019 22:07
185060,iPhone,1,4/16/2019 19:16
185061,USB-C Charging Cable,1,4/9/2019 10:28
185062,Bose SoundSport Headphones,1,4/23/2019 9:52
185063,iPhone,1,4/2/2019 15:17
185064,AAA Batteries (4-pack),1,4/23/2019 15:08
185065,Flatscreen TV,1,4/21/2019 20:23
185066,USB-C Charging Cable,1,4/9/2019 8:38
185066,Apple Airpods Headphones,1,4/9/2019 8:38
185067,USB-C Charging Cable,2,4/21/2019 20:42
185068,ThinkPad Laptop,1,4/9/2019 20:04
185069,27in 4K Gaming Monitor,1,4/22/2019 5:58
185070,Bose SoundSport Headphones,1,4/6/2019 0:07
185071,Wired Headphones,1,4/4/2019 10:50
185072,Bose SoundSport Headphones,1,4/24/2019 23:39
185073,Macbook Pro Laptop,1,4/14/2019 12:01
185074,Lightning Charging Cable,1,4/20/2019 19:13
185075,Apple Airpods Headphones,1,4/14/2019 19:43
185076,Google Phone,1,4/13/2019 11:00
185077,AAA Batteries (4-pack),3,4/13/2019 6:49
185078,AAA Batteries (4-pack),1,4/7/2019 16:05
185079,Bose SoundSport Headphones,1,4/9/2019 13:57
185080,Lightning Charging Cable,1,4/8/2019 8:48
185081,Google Phone,1,4/11/2019 8:34
185082,USB-C Charging Cable,1,4/19/2019 18:12
185083,USB-C Charging Cable,1,4/22/2019 23:03
185084,Apple Airpods Headphones,1,4/5/2019 17:01
185085,Lightning Charging Cable,1,4/21/2019 10:06
185086,Wired Headphones,1,4/26/2019 10:14
185087,AA Batteries (4-pack),1,4/12/2019 22:02
185088,Wired Headphones,1,4/30/2019 6:31
185089,AAA Batteries (4-pack),1,4/18/2019 20:27
185090,Macbook Pro Laptop,1,4/15/2019 9:21
185091,Wired Headphones,1,4/9/2019 20:44
185092,AA Batteries (4-pack),1,4/27/2019 10:26
185093,Bose SoundSport Headphones,1,4/23/2019 18:07
185094,AA Batteries (4-pack),1,4/5/2019 21:42
185095,Lightning Charging Cable,1,4/28/2019 22:21
185096,Apple Airpods Headphones,1,4/13/2019 16:27
185097,34in Ultrawide Monitor,1,4/19/2019 20:20
185098,AA Batteries (4-pack),1,4/10/2019 11:02
185099,Wired Headphones,1,4/21/2019 18:14
185100,iPhone,1,4/30/2019 13:16
185101,Bose SoundSport Headphones,1,4/14/2019 5:33
185102,AAA Batteries (4-pack),3,4/5/2019 6:37
185103,USB-C Charging Cable,1,4/1/2019 5:18
185104,Lightning Charging Cable,1,4/3/2019 10:19
185105,27in FHD Monitor,1,4/30/2019 0:26
185106,AAA Batteries (4-pack),1,4/13/2019 8:40
185107,AAA Batteries (4-pack),1,4/27/2019 15:59
185108,27in 4K Gaming Monitor,1,4/5/2019 13:28
185109,USB-C Charging Cable,1,4/3/2019 23:58
185110,USB-C Charging Cable,1,4/9/2019 11:52
185111,Vareebadd Phone,1,4/25/2019 20:51
185111,USB-C Charging Cable,1,4/25/2019 20:51
185112,Apple Airpods Headphones,1,4/5/2019 11:25
185113,AAA Batteries (4-pack),2,4/28/2019 7:52
185114,34in Ultrawide Monitor,1,4/8/2019 12:06
185115,Lightning Charging Cable,2,4/27/2019 14:39
185116,Lightning Charging Cable,1,4/3/2019 13:51
185117,USB-C Charging Cable,1,4/28/2019 16:08
185118,Flatscreen TV,1,4/12/2019 0:13
185119,Macbook Pro Laptop,1,4/21/2019 12:53
185119,Wired Headphones,1,4/21/2019 12:53
185120,Macbook Pro Laptop,1,4/28/2019 12:29
185121,Apple Airpods Headphones,1,4/1/2019 17:02
185122,AAA Batteries (4-pack),1,4/29/2019 11:21
185123,ThinkPad Laptop,1,4/24/2019 15:00
185124,Wired Headphones,1,4/7/2019 20:55
185125,AAA Batteries (4-pack),1,4/13/2019 20:11
185126,AAA Batteries (4-pack),2,4/22/2019 23:19
185127,Wired Headphones,1,4/16/2019 20:53
185128,Lightning Charging Cable,1,4/27/2019 13:09
185129,Lightning Charging Cable,1,4/5/2019 20:59
185130,iPhone,1,4/15/2019 10:51
185130,Lightning Charging Cable,1,4/15/2019 10:51
185131,20in Monitor,1,4/19/2019 18:39
185132,AAA Batteries (4-pack),1,4/6/2019 19:58
185133,USB-C Charging Cable,1,4/27/2019 1:21
185134,Bose SoundSport Headphones,1,4/26/2019 16:44
185135,AA Batteries (4-pack),2,4/6/2019 5:36
185136,27in 4K Gaming Monitor,1,4/6/2019 20:52
185137,Apple Airpods Headphones,1,4/28/2019 16:38
185138,AAA Batteries (4-pack),1,4/12/2019 11:28
185139,USB-C Charging Cable,1,4/13/2019 12:10
185140,Lightning Charging Cable,2,4/2/2019 20:20
185141,Wired Headphones,1,4/28/2019 4:16
185142,Apple Airpods Headphones,1,4/5/2019 17:33
185143,Lightning Charging Cable,1,4/2/2019 14:32
185144,Lightning Charging Cable,1,4/10/2019 5:56
185145,Lightning Charging Cable,1,4/24/2019 13:15
185146,Wired Headphones,1,4/25/2019 14:29
185147,AA Batteries (4-pack),1,4/8/2019 17:49
185148,AAA Batteries (4-pack),1,4/16/2019 8:21
185149,AA Batteries (4-pack),1,4/25/2019 9:20
185150,Wired Headphones,1,4/11/2019 11:13
185151,AA Batteries (4-pack),1,4/29/2019 13:40
185152,Vareebadd Phone,1,4/14/2019 9:12
185153,Lightning Charging Cable,1,4/11/2019 8:13
185154,AAA Batteries (4-pack),1,4/28/2019 9:45
185155,USB-C Charging Cable,1,4/8/2019 13:02
185156,AA Batteries (4-pack),1,4/5/2019 20:04
185157,AAA Batteries (4-pack),1,4/1/2019 14:21
185158,Bose SoundSport Headphones,1,4/27/2019 10:01
185159,34in Ultrawide Monitor,1,4/17/2019 21:36
185160,iPhone,1,4/17/2019 22:11
185160,Wired Headphones,1,4/17/2019 22:11
185161,Macbook Pro Laptop,1,4/16/2019 19:50
185162,27in FHD Monitor,1,4/11/2019 23:46
185163,Apple Airpods Headphones,1,4/28/2019 18:44
185164,27in 4K Gaming Monitor,1,4/20/2019 12:21
185165,Lightning Charging Cable,2,4/16/2019 7:42
185166,ThinkPad Laptop,1,4/12/2019 12:00
185167,AAA Batteries (4-pack),1,4/10/2019 8:28
185167,Wired Headphones,1,4/10/2019 8:28
185168,Vareebadd Phone,1,4/26/2019 8:12
185169,AAA Batteries (4-pack),1,4/18/2019 4:13
185170,USB-C Charging Cable,1,4/22/2019 7:36
185171,USB-C Charging Cable,1,4/4/2019 12:00
185172,AAA Batteries (4-pack),1,4/22/2019 13:33
185173,iPhone,1,4/17/2019 20:32
185174,iPhone,1,4/17/2019 10:44
185175,34in Ultrawide Monitor,1,4/1/2019 21:07
185176,AAA Batteries (4-pack),2,4/25/2019 15:27
185177,34in Ultrawide Monitor,1,4/19/2019 14:53
185178,ThinkPad Laptop,1,4/12/2019 23:25
185179,Apple Airpods Headphones,1,4/26/2019 17:15
185180,Apple Airpods Headphones,1,4/14/2019 10:56
185181,Bose SoundSport Headphones,1,4/18/2019 11:13
185182,Lightning Charging Cable,1,4/16/2019 15:03
185183,27in FHD Monitor,1,4/3/2019 11:30
185184,Macbook Pro Laptop,1,4/3/2019 18:33
185185,ThinkPad Laptop,1,4/29/2019 8:06
185186,USB-C Charging Cable,1,4/25/2019 16:40
185187,AAA Batteries (4-pack),1,4/23/2019 14:19
185188,Bose SoundSport Headphones,1,4/29/2019 15:12
185189,Bose SoundSport Headphones,1,4/28/2019 14:47
185190,34in Ultrawide Monitor,1,4/10/2019 19:36
185191,Apple Airpods Headphones,1,4/28/2019 10:11
185192,AAA Batteries (4-pack),1,4/18/2019 12:12
185193,Lightning Charging Cable,1,4/16/2019 21:38
185193,Lightning Charging Cable,1,4/16/2019 21:38
185194,Wired Headphones,1,4/30/2019 10:05
185195,Bose SoundSport Headphones,1,4/28/2019 11:56
185196,AAA Batteries (4-pack),1,4/27/2019 18:37
185197,Lightning Charging Cable,1,4/2/2019 17:43
185198,USB-C Charging Cable,1,4/23/2019 20:19
185199,AA Batteries (4-pack),1,4/26/2019 19:54
185200,ThinkPad Laptop,1,4/2/2019 13:45
185201,Vareebadd Phone,1,4/10/2019 11:04
185201,Apple Airpods Headphones,1,4/10/2019 11:04
185202,AAA Batteries (4-pack),2,4/26/2019 22:27
185203,USB-C Charging Cable,1,4/21/2019 17:02
185204,Lightning Charging Cable,2,4/22/2019 19:21
185204,27in 4K Gaming Monitor,1,4/22/2019 19:21
185205,Lightning Charging Cable,1,4/13/2019 0:00
185206,AAA Batteries (4-pack),1,4/11/2019 18:47
185207,27in FHD Monitor,1,4/24/2019 23:34
185208,AAA Batteries (4-pack),2,4/4/2019 21:53
185209,Bose SoundSport Headphones,1,4/21/2019 19:59
185210,Lightning Charging Cable,1,4/23/2019 23:05
185211,AA Batteries (4-pack),2,4/21/2019 8:56
185212,Apple Airpods Headphones,1,4/23/2019 18:44
185213,27in FHD Monitor,1,4/9/2019 20:59
185214,27in FHD Monitor,1,4/10/2019 19:04
185215,AA Batteries (4-pack),1,4/12/2019 19:36
185216,USB-C Charging Cable,1,4/11/2019 11:30
185217,USB-C Charging Cable,1,4/24/2019 9:24
185218,USB-C Charging Cable,1,4/7/2019 10:14
185219,27in FHD Monitor,1,4/30/2019 13:53
185220,Flatscreen TV,1,4/12/2019 1:41
185221,AA Batteries (4-pack),4,4/29/2019 5:39
185222,Flatscreen TV,1,4/4/2019 19:49
185223,Flatscreen TV,1,4/1/2019 9:52
185224,27in FHD Monitor,1,4/13/2019 16:12
185225,USB-C Charging Cable,1,4/11/2019 9:29
185226,AAA Batteries (4-pack),1,4/21/2019 19:24
185227,Google Phone,1,4/14/2019 17:32
185227,USB-C Charging Cable,1,4/14/2019 17:32
185228,AA Batteries (4-pack),2,4/15/2019 10:07
185229,Bose SoundSport Headphones,1,4/4/2019 9:33
185230,27in FHD Monitor,1,4/26/2019 9:35
185231,34in Ultrawide Monitor,1,4/12/2019 17:43
185232,AAA Batteries (4-pack),1,4/5/2019 18:58
185233,Flatscreen TV,1,4/20/2019 22:44
185234,AA Batteries (4-pack),3,4/1/2019 19:56
185235,20in Monitor,1,4/27/2019 14:23
185236,LG Washing Machine,1,4/17/2019 21:31
185237,Bose SoundSport Headphones,1,4/13/2019 12:47
185238,Lightning Charging Cable,1,4/26/2019 11:58
185239,Apple Airpods Headphones,1,4/22/2019 1:55
185240,AA Batteries (4-pack),1,4/17/2019 8:56
185241,Lightning Charging Cable,1,4/2/2019 22:19
185242,Wired Headphones,1,4/9/2019 8:12
185243,iPhone,1,4/5/2019 21:20
185244,iPhone,1,4/10/2019 2:15
185245,Lightning Charging Cable,1,4/9/2019 14:35
185246,Flatscreen TV,1,4/27/2019 14:48
185247,27in 4K Gaming Monitor,1,4/10/2019 12:58
185248,27in 4K Gaming Monitor,1,4/5/2019 21:26
185249,34in Ultrawide Monitor,1,4/17/2019 10:50
185250,USB-C Charging Cable,1,4/30/2019 21:06
185251,Macbook Pro Laptop,1,4/25/2019 14:31
185252,Flatscreen TV,1,4/9/2019 7:44
185253,20in Monitor,1,4/1/2019 14:55
185254,USB-C Charging Cable,1,4/18/2019 17:34
185255,iPhone,1,4/17/2019 13:46
185256,Bose SoundSport Headphones,1,4/25/2019 15:20
185257,Wired Headphones,1,4/14/2019 21:14
185258,Lightning Charging Cable,1,4/11/2019 20:33
185259,AA Batteries (4-pack),1,4/6/2019 17:58
185260,Macbook Pro Laptop,1,4/18/2019 9:56
185261,Wired Headphones,1,4/29/2019 22:11
185262,AA Batteries (4-pack),1,4/20/2019 14:48
185263,Bose SoundSport Headphones,1,4/21/2019 9:42
185264,Bose SoundSport Headphones,1,4/16/2019 8:09
185265,Apple Airpods Headphones,1,4/9/2019 16:51
185266,Lightning Charging Cable,1,4/18/2019 15:54
185267,Lightning Charging Cable,2,4/10/2019 8:44
185268,AAA Batteries (4-pack),1,4/15/2019 9:41
185269,AAA Batteries (4-pack),2,4/20/2019 2:36
185270,Wired Headphones,1,4/4/2019 22:33
185271,Lightning Charging Cable,1,4/9/2019 19:30
185272,AAA Batteries (4-pack),1,4/7/2019 11:00
185273,USB-C Charging Cable,1,4/13/2019 22:18
185274,Apple Airpods Headphones,1,4/8/2019 10:50
185275,Google Phone,1,4/15/2019 17:56
185276,Lightning Charging Cable,1,4/8/2019 20:00
185277,34in Ultrawide Monitor,1,4/6/2019 16:19
185278,Wired Headphones,1,4/21/2019 20:17
185279,27in FHD Monitor,1,4/1/2019 9:52
185280,AAA Batteries (4-pack),1,4/5/2019 19:58
185281,Wired Headphones,1,4/26/2019 17:10
185282,LG Washing Machine,1,4/12/2019 23:10
185283,iPhone,1,4/23/2019 14:26
185284,Apple Airpods Headphones,1,4/27/2019 12:27
185285,34in Ultrawide Monitor,1,4/12/2019 20:00
185286,USB-C Charging Cable,1,4/17/2019 13:48
185287,27in FHD Monitor,1,4/3/2019 9:42
185288,Bose SoundSport Headphones,1,4/15/2019 12:06
185289,Wired Headphones,2,4/8/2019 7:25
185290,Lightning Charging Cable,1,4/18/2019 1:20
185291,Bose SoundSport Headphones,1,4/20/2019 23:37
185292,USB-C Charging Cable,2,4/24/2019 0:01
185293,AA Batteries (4-pack),1,4/16/2019 11:19
185294,AA Batteries (4-pack),2,4/28/2019 10:10
185295,Bose SoundSport Headphones,1,4/7/2019 14:46
185296,AAA Batteries (4-pack),1,4/24/2019 12:00
185297,USB-C Charging Cable,1,4/6/2019 19:07
185298,AAA Batteries (4-pack),1,4/20/2019 21:15
185299,USB-C Charging Cable,1,4/19/2019 9:10
185300,USB-C Charging Cable,1,4/17/2019 11:40
185301,AA Batteries (4-pack),1,4/21/2019 21:05
185302,Lightning Charging Cable,1,4/15/2019 8:21
185303,LG Dryer,1,4/1/2019 17:34
185304,AAA Batteries (4-pack),1,4/21/2019 20:04
185305,Wired Headphones,1,4/28/2019 8:14
185306,iPhone,1,4/14/2019 13:12
185307,Apple Airpods Headphones,1,4/8/2019 18:22
185308,Vareebadd Phone,1,4/10/2019 13:43
185308,34in Ultrawide Monitor,1,4/10/2019 13:43
185309,AA Batteries (4-pack),3,4/18/2019 10:42
185310,AA Batteries (4-pack),1,4/9/2019 18:34
185311,Google Phone,1,4/21/2019 18:57
185311,Wired Headphones,1,4/21/2019 18:57
185312,iPhone,1,4/5/2019 20:11
185313,Bose SoundSport Headphones,1,4/17/2019 7:54
185314,USB-C Charging Cable,1,4/17/2019 13:40
185315,27in 4K Gaming Monitor,1,4/7/2019 1:20
185316,AA Batteries (4-pack),1,4/10/2019 9:49
185317,Flatscreen TV,1,4/12/2019 17:23
185318,AAA Batteries (4-pack),1,4/9/2019 20:09
185319,Wired Headphones,1,4/25/2019 17:17
185320,Google Phone,1,4/2/2019 17:42
185321,Bose SoundSport Headphones,1,4/24/2019 22:09
185322,LG Dryer,1,4/18/2019 12:49
185323,Google Phone,1,4/30/2019 13:50
185324,AAA Batteries (4-pack),3,4/21/2019 8:51
185325,Lightning Charging Cable,2,4/27/2019 1:56
185326,USB-C Charging Cable,1,4/10/2019 21:53
185327,Wired Headphones,1,4/17/2019 21:36
185328,Lightning Charging Cable,2,4/21/2019 18:46
185329,AAA Batteries (4-pack),1,4/27/2019 19:53
185330,AA Batteries (4-pack),1,4/14/2019 18:57
185331,34in Ultrawide Monitor,1,4/19/2019 19:53
185332,AA Batteries (4-pack),2,4/23/2019 13:35
Order ID,Product,Quantity Ordered,Order Date
185333,Lightning Charging Cable,1,4/22/2019 14:37
185334,Bose SoundSport Headphones,1,4/26/2019 20:19
185335,Flatscreen TV,1,4/7/2019 9:55
185336,AAA Batteries (4-pack),1,4/26/2019 0:56
185337,Wired Headphones,1,4/30/2019 21:31
185338,iPhone,1,4/19/2019 6:52
185339,AAA Batteries (4-pack),1,4/6/2019 22:14
185340,AA Batteries (4-pack),1,4/12/2019 18:52
185341,27in FHD Monitor,1,4/13/2019 21:19
185342,Bose SoundSport Headphones,1,4/21/2019 13:44
185343,Google Phone,1,4/2/2019 19:39
185343,USB-C Charging Cable,1,4/2/2019 19:39
185344,AAA Batteries (4-pack),2,4/4/2019 14:39
185345,AAA Batteries (4-pack),3,4/6/2019 8:48
185346,Flatscreen TV,1,4/23/2019 17:37
185347,USB-C Charging Cable,1,4/27/2019 10:54
185348,Lightning Charging Cable,1,4/5/2019 10:38
185349,AAA Batteries (4-pack),5,4/26/2019 7:26
185350,Wired Headphones,1,4/9/2019 2:35
185351,Lightning Charging Cable,1,4/7/2019 19:40
185352,Vareebadd Phone,1,4/3/2019 9:23
185353,AAA Batteries (4-pack),2,4/1/2019 14:36
185354,Wired Headphones,1,4/6/2019 12:17
185355,Bose SoundSport Headphones,1,4/5/2019 18:59
185356,AAA Batteries (4-pack),1,4/13/2019 13:55
185357,Apple Airpods Headphones,1,4/25/2019 16:20
185358,AA Batteries (4-pack),1,4/23/2019 12:37
185359,USB-C Charging Cable,1,4/4/2019 11:28
185360,AAA Batteries (4-pack),1,4/21/2019 19:38
185361,AAA Batteries (4-pack),1,4/29/2019 12:52
185362,AAA Batteries (4-pack),1,4/13/2019 9:59
185363,AA Batteries (4-pack),1,4/20/2019 13:58
185364,Vareebadd Phone,1,4/16/2019 18:04
185364,USB-C Charging Cable,1,4/16/2019 18:04
185365,Bose SoundSport Headphones,1,4/17/2019 7:41
185366,Apple Airpods Headphones,1,4/23/2019 20:06
185367,USB-C Charging Cable,1,4/6/2019 18:28
185368,iPhone,1,4/8/2019 16:48
185369,Lightning Charging Cable,1,4/12/2019 19:14
185370,Lightning Charging Cable,1,4/29/2019 13:49
185371,Macbook Pro Laptop,1,4/21/2019 11:37
185372,Apple Airpods Headphones,1,4/12/2019 9:58
185373,Bose SoundSport Headphones,1,4/22/2019 5:44
185374,Lightning Charging Cable,1,4/24/2019 7:48
185375,27in FHD Monitor,1,4/23/2019 18:39
185376,AAA Batteries (4-pack),1,4/26/2019 18:26
185377,27in 4K Gaming Monitor,1,4/8/2019 21:51
185378,Apple Airpods Headphones,1,4/8/2019 19:23
185379,AAA Batteries (4-pack),1,4/3/2019 16:40
185380,iPhone,1,4/17/2019 14:21
185381,27in FHD Monitor,1,4/27/2019 9:49
185382,Lightning Charging Cable,1,4/4/2019 2:40
185383,34in Ultrawide Monitor,1,4/19/2019 10:54
185384,34in Ultrawide Monitor,1,4/20/2019 9:21
185385,Wired Headphones,1,4/26/2019 10:45
185386,AAA Batteries (4-pack),1,4/24/2019 10:53
185387,Wired Headphones,2,4/4/2019 19:27
185388,Wired Headphones,1,4/2/2019 9:43
185389,Bose SoundSport Headphones,1,4/2/2019 14:07
185390,Flatscreen TV,1,4/9/2019 21:47
185391,Bose SoundSport Headphones,1,4/5/2019 14:12
185392,AA Batteries (4-pack),1,4/22/2019 15:58
185393,34in Ultrawide Monitor,1,4/20/2019 13:12
185394,Lightning Charging Cable,1,4/5/2019 18:55
185395,20in Monitor,1,4/23/2019 20:13
185396,Apple Airpods Headphones,1,4/10/2019 10:57
185397,20in Monitor,1,4/7/2019 12:38
185398,Lightning Charging Cable,1,4/9/2019 12:10
185399,AA Batteries (4-pack),1,4/26/2019 8:05
185399,27in FHD Monitor,1,4/26/2019 8:05
185400,Bose SoundSport Headphones,1,4/5/2019 21:09
185401,20in Monitor,1,4/9/2019 12:52
185402,Apple Airpods Headphones,1,4/3/2019 11:57
185403,34in Ultrawide Monitor,1,4/10/2019 20:20
185404,27in 4K Gaming Monitor,1,4/5/2019 11:59
185405,iPhone,1,4/20/2019 18:33
185405,Lightning Charging Cable,1,4/20/2019 18:33
185406,Wired Headphones,1,4/26/2019 22:21
185407,Lightning Charging Cable,1,4/24/2019 10:10
185408,34in Ultrawide Monitor,1,4/3/2019 11:12
185409,Lightning Charging Cable,1,4/15/2019 21:15
185410,Macbook Pro Laptop,1,4/14/2019 21:44
185411,USB-C Charging Cable,1,4/13/2019 14:58
185412,AAA Batteries (4-pack),2,4/5/2019 21:38
185413,ThinkPad Laptop,1,4/2/2019 18:11
185414,Lightning Charging Cable,1,4/30/2019 13:38
185415,Wired Headphones,1,4/4/2019 14:34
185416,AAA Batteries (4-pack),2,4/4/2019 19:28
185417,USB-C Charging Cable,2,4/15/2019 15:11
185418,27in FHD Monitor,1,4/18/2019 6:48
185419,Lightning Charging Cable,1,4/4/2019 17:35
185420,AA Batteries (4-pack),1,4/8/2019 19:57
185421,Lightning Charging Cable,1,4/21/2019 13:46
185422,AA Batteries (4-pack),1,4/6/2019 7:41
185423,Apple Airpods Headphones,1,4/14/2019 4:51
185424,AA Batteries (4-pack),1,4/27/2019 9:42
,,,
185425,iPhone,1,4/11/2019 19:58
185426,AAA Batteries (4-pack),1,4/8/2019 6:55
185427,USB-C Charging Cable,2,4/2/2019 18:34
185428,USB-C Charging Cable,1,4/11/2019 23:21
185429,Wired Headphones,1,4/10/2019 7:18
185430,34in Ultrawide Monitor,1,4/18/2019 9:40
185431,Lightning Charging Cable,1,4/18/2019 23:21
185432,27in FHD Monitor,1,4/11/2019 18:25
185433,USB-C Charging Cable,1,4/13/2019 20:12
185434,AA Batteries (4-pack),1,4/27/2019 11:08
185435,Wired Headphones,1,4/8/2019 17:11
185436,USB-C Charging Cable,1,4/6/2019 10:33
185437,Vareebadd Phone,1,4/24/2019 11:32
185437,Bose SoundSport Headphones,1,4/24/2019 11:32
185438,Lightning Charging Cable,1,4/23/2019 19:29
185439,Lightning Charging Cable,1,4/7/2019 13:33
185440,Apple Airpods Headphones,1,4/29/2019 21:37
185441,ThinkPad Laptop,1,4/24/2019 18:58
185442,AA Batteries (4-pack),1,4/24/2019 16:46
185443,34in Ultrawide Monitor,1,4/6/2019 10:09
185444,USB-C Charging Cable,1,4/20/2019 19:43
185445,Apple Airpods Headphones,1,4/10/2019 17:52
185446,AAA Batteries (4-pack),2,4/2/2019 16:27
185447,AA Batteries (4-pack),2,4/26/2019 19:35
185448,Bose SoundSport Headphones,1,4/9/2019 12:23
185449,USB-C Charging Cable,1,4/2/2019 7:35
185450,ThinkPad Laptop,1,4/6/2019 15:54
185451,20in Monitor,1,4/5/2019 11:02
185451,USB-C Charging Cable,1,4/5/2019 11:02
185452,Google Phone,1,4/4/2019 0:49
185452,USB-C Charging Cable,1,4/4/2019 0:49
185452,Wired Headphones,1,4/4/2019 0:49
185453,Lightning Charging Cable,2,4/29/2019 21:04
185454,iPhone,1,4/4/2019 13:32
185455,AAA Batteries (4-pack),1,4/28/2019 21:00
185456,AAA Batteries (4-pack),3,4/17/2019 23:47
185457,Bose SoundSport Headphones,1,4/12/2019 12:59
185458,USB-C Charging Cable,1,4/7/2019 18:17
185459,Google Phone,1,4/2/2019 22:35
185460,20in Monitor,1,4/26/2019 12:12
185461,AA Batteries (4-pack),2,4/22/2019 13:32
185462,Bose SoundSport Headphones,1,4/13/2019 22:50
Order ID,Product,Quantity Ordered,Order Date
185463,Bose SoundSport Headphones,1,4/7/2019 17:34
185464,Wired Headphones,1,4/6/2019 0:55
185465,34in Ultrawide Monitor,1,4/12/2019 6:36
185466,AAA Batteries (4-pack),2,4/26/2019 18:59
185467,27in FHD Monitor,1,4/21/2019 14:02
185468,Vareebadd Phone,1,4/1/2019 15:22
185469,Lightning Charging Cable,1,4/9/2019 21:08
185470,Bose SoundSport Headphones,1,4/16/2019 14:05
185471,Bose SoundSport Headphones,1,4/16/2019 22:48
185472,Lightning Charging Cable,1,4/16/2019 20:27
185473,Wired Headphones,1,4/14/2019 16:23
185474,Lightning Charging Cable,1,4/13/2019 11:20
185475,Wired Headphones,1,4/29/2019 23:16
185476,Flatscreen TV,1,4/25/2019 18:59
185477,Lightning Charging Cable,1,4/19/2019 8:57
185478,USB-C Charging Cable,1,4/24/2019 16:32
185479,Bose SoundSport Headphones,1,4/10/2019 17:48
185480,Apple Airpods Headphones,1,4/14/2019 13:13
185481,27in FHD Monitor,1,4/29/2019 23:35
185482,Lightning Charging Cable,1,4/3/2019 21:27
185483,iPhone,1,4/16/2019 15:27
185483,Lightning Charging Cable,1,4/16/2019 15:27
185484,Lightning Charging Cable,1,4/21/2019 12:09
185485,Wired Headphones,1,4/28/2019 0:52
185486,Google Phone,1,4/10/2019 21:08
185487,AA Batteries (4-pack),1,4/17/2019 21:27
185488,AAA Batteries (4-pack),1,4/11/2019 15:59
185489,AA Batteries (4-pack),1,4/13/2019 20:37
185490,ThinkPad Laptop,1,4/7/2019 15:15
185491,34in Ultrawide Monitor,1,4/16/2019 7:10
185492,Apple Airpods Headphones,1,4/8/2019 13:04
185493,27in 4K Gaming Monitor,1,4/1/2019 20:12
185494,ThinkPad Laptop,1,4/24/2019 16:11
185495,34in Ultrawide Monitor,1,4/9/2019 23:07
185496,Lightning Charging Cable,1,4/8/2019 12:52
185497,Macbook Pro Laptop,1,4/28/2019 1:52
185498,34in Ultrawide Monitor,1,4/19/2019 8:09
185499,Apple Airpods Headphones,1,4/17/2019 22:34
185500,ThinkPad Laptop,1,4/1/2019 17:22
185501,Bose SoundSport Headphones,1,4/20/2019 19:58
185502,AA Batteries (4-pack),1,4/17/2019 20:49
185503,AA Batteries (4-pack),1,4/11/2019 19:37
185504,Wired Headphones,1,4/7/2019 22:18
185505,Lightning Charging Cable,1,4/15/2019 17:44
185506,AAA Batteries (4-pack),2,4/21/2019 23:15
185507,AA Batteries (4-pack),1,4/11/2019 19:34
185508,Lightning Charging Cable,1,4/29/2019 22:53
185509,Apple Airpods Headphones,1,4/3/2019 16:42
185510,iPhone,1,4/2/2019 17:46
185511,Bose SoundSport Headphones,1,4/26/2019 21:10
185512,Wired Headphones,1,4/27/2019 15:04
185513,Bose SoundSport Headphones,1,4/17/2019 16:36
185514,Lightning Charging Cable,1,4/13/2019 21:38
185515,Flatscreen TV,1,4/26/2019 22:00
185516,Bose SoundSport Headphones,1,4/25/2019 15:19
185516,Wired Headphones,1,4/25/2019 15:19
185517,AAA Batteries (4-pack),1,4/8/2019 14:50
185518,Google Phone,1,4/23/2019 22:07
185519,Lightning Charging Cable,1,4/17/2019 13:43
185520,AA Batteries (4-pack),1,4/22/2019 7:22
185521,Apple Airpods Headphones,1,4/27/2019 3:08
185522,AA Batteries (4-pack),1,4/27/2019 14:46
185523,AAA Batteries (4-pack),1,4/20/2019 20:00
185524,iPhone,1,4/26/2019 12:02
185525,AAA Batteries (4-pack),2,4/23/2019 11:57
185526,iPhone,1,4/25/2019 18:32
185526,Lightning Charging Cable,1,4/25/2019 18:32
185527,Wired Headphones,1,4/15/2019 23:06
185528,AAA Batteries (4-pack),1,4/21/2019 14:44
185529,Wired Headphones,1,4/11/2019 14:36
185530,AA Batteries (4-pack),1,4/1/2019 12:47
185531,Bose SoundSport Headphones,1,4/30/2019 10:07
185532,20in Monitor,1,4/19/2019 19:33
185533,Apple Airpods Headphones,1,4/19/2019 8:56
185534,iPhone,1,4/18/2019 0:30
185534,Lightning Charging Cable,1,4/18/2019 0:30
185535,Apple Airpods Headphones,1,4/20/2019 13:58
185536,Lightning Charging Cable,1,4/24/2019 22:21
185537,27in FHD Monitor,1,4/28/2019 10:59
185538,AAA Batteries (4-pack),1,4/27/2019 19:35
185539,Lightning Charging Cable,1,4/1/2019 9:25
185540,USB-C Charging Cable,2,4/1/2019 19:57
185541,AA Batteries (4-pack),3,4/3/2019 11:30
185542,USB-C Charging Cable,1,4/25/2019 15:21
185543,USB-C Charging Cable,1,4/5/2019 8:28
185544,Bose SoundSport Headphones,1,4/5/2019 19:33
185545,Lightning Charging Cable,1,4/14/2019 20:53
185546,34in Ultrawide Monitor,1,4/8/2019 17:09
185547,Bose SoundSport Headphones,1,4/9/2019 12:24
185548,ThinkPad Laptop,1,4/21/2019 12:10
185549,AA Batteries (4-pack),1,4/4/2019 20:21
185550,AAA Batteries (4-pack),2,4/3/2019 14:58
185551,USB-C Charging Cable,1,4/7/2019 20:52
185552,Wired Headphones,1,4/3/2019 14:01
185553,Wired Headphones,1,4/14/2019 19:03
185554,Wired Headphones,1,4/25/2019 13:46
185555,Wired Headphones,1,4/3/2019 19:59
185556,Wired Headphones,1,4/11/2019 14:44
185557,AA Batteries (4-pack),1,4/13/2019 23:44
185558,LG Dryer,1,4/24/2019 13:14
185559,Wired Headphones,1,4/6/2019 11:42
185560,Bose SoundSport Headphones,1,4/17/2019 10:42
185561,iPhone,1,4/29/2019 4:11
185562,AA Batteries (4-pack),1,4/10/2019 17:46
185563,Bose SoundSport Headphones,1,4/15/2019 15:22
185564,Lightning Charging Cable,2,4/9/2019 11:16
185565,AAA Batteries (4-pack),1,4/29/2019 15:58
185566,USB-C Charging Cable,1,4/2/2019 12:03
185567,Lightning Charging Cable,1,4/6/2019 18:40
185568,Flatscreen TV,1,4/21/2019 16:37
185569,Bose SoundSport Headphones,1,4/10/2019 23:31
185570,Apple Airpods Headphones,1,4/9/2019 11:04
185571,Apple Airpods Headphones,1,4/4/2019 15:54
185572,LG Washing Machine,1,4/22/2019 9:12
185573,AA Batteries (4-pack),1,4/4/2019 13:33
185574,AAA Batteries (4-pack),2,4/13/2019 23:52
185575,AAA Batteries (4-pack),1,4/4/2019 19:01
185576,Macbook Pro Laptop,1,4/15/2019 22:11
185577,AA Batteries (4-pack),1,4/18/2019 14:27
185578,Wired Headphones,1,4/29/2019 13:22
185579,Wired Headphones,1,4/15/2019 23:03
185580,iPhone,1,4/16/2019 4:49
185581,USB-C Charging Cable,1,4/1/2019 11:28
185582,AAA Batteries (4-pack),2,4/26/2019 21:18
185583,Bose SoundSport Headphones,1,4/26/2019 16:25
185584,iPhone,1,4/16/2019 23:28
185585,Wired Headphones,1,4/11/2019 15:00
185586,Wired Headphones,1,4/7/2019 13:46
185587,AA Batteries (4-pack),1,4/12/2019 15:35
185588,20in Monitor,1,4/1/2019 19:28
185589,USB-C Charging Cable,1,4/17/2019 16:50
185590,USB-C Charging Cable,1,4/1/2019 23:20
185591,27in FHD Monitor,1,4/28/2019 16:18
185592,AA Batteries (4-pack),1,4/19/2019 14:42
185593,Google Phone,1,4/4/2019 9:09
185594,Google Phone,1,4/2/2019 9:07
185595,34in Ultrawide Monitor,1,4/2/2019 14:43
185596,Lightning Charging Cable,1,4/5/2019 22:27
185597,AAA Batteries (4-pack),3,4/27/2019 18:12
185598,AAA Batteries (4-pack),2,4/20/2019 11:42
185599,Wired Headphones,1,4/15/2019 20:14
185600,AAA Batteries (4-pack),1,4/18/2019 11:55
185601,AA Batteries (4-pack),1,4/1/2019 9:58
185602,USB-C Charging Cable,1,4/13/2019 10:43
185603,Apple Airpods Headphones,1,4/22/2019 15:39
185604,Google Phone,1,4/5/2019 10:31
185605,Bose SoundSport Headphones,1,4/15/2019 17:35
185606,Lightning Charging Cable,1,4/1/2019 9:59
185607,20in Monitor,1,4/9/2019 18:39
185608,Flatscreen TV,1,4/17/2019 16:18
185609,Lightning Charging Cable,1,4/2/2019 21:08
185610,27in FHD Monitor,1,4/5/2019 11:41
185611,Apple Airpods Headphones,1,4/13/2019 17:09
185612,20in Monitor,1,4/19/2019 10:05
185613,27in 4K Gaming Monitor,1,4/3/2019 14:42
185614,AAA Batteries (4-pack),3,4/30/2019 5:46
185615,34in Ultrawide Monitor,1,4/25/2019 17:50
185616,Vareebadd Phone,1,4/3/2019 14:36
185617,AAA Batteries (4-pack),1,4/10/2019 18:37
185618,Bose SoundSport Headphones,1,4/10/2019 17:07
185619,Lightning Charging Cable,1,4/9/2019 7:11
185620,Google Phone,1,4/15/2019 13:50
185621,Lightning Charging Cable,2,4/3/2019 11:06
185622,AAA Batteries (4-pack),2,4/26/2019 14:03
185623,AAA Batteries (4-pack),1,4/22/2019 17:13
185624,AAA Batteries (4-pack),1,4/5/2019 21:28
185625,Lightning Charging Cable,1,4/28/2019 19:46
185626,Apple Airpods Headphones,1,4/20/2019 10:39
185627,Lightning Charging Cable,1,4/8/2019 11:51
185628,AA Batteries (4-pack),1,4/11/2019 20:11
185629,AAA Batteries (4-pack),1,4/17/2019 14:19
,,,
185630,Wired Headphones,1,4/4/2019 14:39
185630,Apple Airpods Headphones,1,4/4/2019 14:39
185631,AAA Batteries (4-pack),1,4/24/2019 0:11
185632,Macbook Pro Laptop,1,4/7/2019 19:06
185633,Flatscreen TV,1,4/12/2019 8:07
185634,Apple Airpods Headphones,1,4/13/2019 8:51
185635,Google Phone,1,4/12/2019 21:32
185636,Lightning Charging Cable,1,4/9/2019 7:03
185637,AA Batteries (4-pack),1,4/21/2019 9:27
185638,AA Batteries (4-pack),1,4/25/2019 16:46
185639,Wired Headphones,1,4/21/2019 16:00
185640,Apple Airpods Headphones,1,4/7/2019 21:11
185641,AA Batteries (4-pack),2,4/8/2019 22:51
185642,AA Batteries (4-pack),1,4/10/2019 11:51
185643,AA Batteries (4-pack),2,4/14/2019 13:40
185644,Wired Headphones,1,4/1/2019 23:07
185645,Lightning Charging Cable,1,4/13/2019 10:45
185646,USB-C Charging Cable,1,4/10/2019 14:28
185647,Wired Headphones,1,4/8/2019 14:46
185648,Apple Airpods Headphones,1,4/23/2019 22:12
185649,Vareebadd Phone,1,4/3/2019 14:04
185649,AA Batteries (4-pack),2,4/3/2019 14:04
185650,AA Batteries (4-pack),1,4/19/2019 18:59
185651,Macbook Pro Laptop,1,4/18/2019 1:16
185652,Wired Headphones,1,4/27/2019 15:18
185653,USB-C Charging Cable,1,4/15/2019 15:24
185654,Wired Headphones,1,4/3/2019 14:03
185655,USB-C Charging Cable,1,4/20/2019 13:02
185656,Lightning Charging Cable,1,4/1/2019 14:29
185657,AA Batteries (4-pack),2,4/21/2019 18:43
185658,LG Washing Machine,1,4/24/2019 13:22
185659,Bose SoundSport Headphones,1,4/20/2019 16:11
185660,Bose SoundSport Headphones,1,4/17/2019 10:58
185661,Lightning Charging Cable,1,4/19/2019 6:50
185662,AA Batteries (4-pack),3,4/6/2019 22:32
185663,AAA Batteries (4-pack),1,4/7/2019 17:12
185664,USB-C Charging Cable,1,4/3/2019 9:33
185665,Google Phone,1,4/28/2019 21:27
185666,27in FHD Monitor,1,4/28/2019 19:29
185667,iPhone,1,4/22/2019 19:46
185667,AAA Batteries (4-pack),1,4/22/2019 19:46
185668,AA Batteries (4-pack),1,4/21/2019 13:06
185669,AA Batteries (4-pack),1,4/14/2019 14:04
185670,AAA Batteries (4-pack),1,4/20/2019 14:16
185671,Bose SoundSport Headphones,1,4/16/2019 6:52
185672,ThinkPad Laptop,1,4/18/2019 21:00
185673,USB-C Charging Cable,1,4/22/2019 21:55
185674,27in FHD Monitor,1,4/10/2019 13:56
185675,Bose SoundSport Headphones,1,4/8/2019 14:17
185676,Apple Airpods Headphones,1,4/27/2019 18:44
185677,27in 4K Gaming Monitor,1,4/1/2019 17:37
185678,Lightning Charging Cable,1,4/2/2019 13:39
185679,Apple Airpods Headphones,1,4/23/2019 11:12
185680,AAA Batteries (4-pack),2,4/17/2019 9:13
185681,Google Phone,1,4/24/2019 12:02
185682,AA Batteries (4-pack),2,4/28/2019 14:54
185683,Apple Airpods Headphones,1,4/7/2019 16:24
185684,Apple Airpods Headphones,1,4/22/2019 11:50
185684,ThinkPad Laptop,1,4/22/2019 11:50
185685,Wired Headphones,1,4/27/2019 17:52
185686,Apple Airpods Headphones,1,4/7/2019 13:33
185687,27in 4K Gaming Monitor,1,4/17/2019 14:55
185688,USB-C Charging Cable,1,4/25/2019 20:35
185689,AAA Batteries (4-pack),1,4/28/2019 18:17
185690,Wired Headphones,1,4/20/2019 16:43
185691,Bose SoundSport Headphones,1,4/2/2019 18:08
185692,Bose SoundSport Headphones,1,4/23/2019 10:08
185693,USB-C Charging Cable,1,4/26/2019 18:21
185694,Bose SoundSport Headphones,1,4/11/2019 20:20
185695,Lightning Charging Cable,3,4/11/2019 23:28
185696,Macbook Pro Laptop,1,4/16/2019 13:16
185697,AAA Batteries (4-pack),1,4/29/2019 15:14
185698,27in 4K Gaming Monitor,1,4/12/2019 12:05
185699,AAA Batteries (4-pack),1,4/21/2019 7:27
185700,Wired Headphones,1,4/7/2019 13:27
185701,iPhone,1,4/26/2019 9:37
185702,AA Batteries (4-pack),3,4/24/2019 18:52
185703,AAA Batteries (4-pack),1,4/4/2019 20:52
185704,27in FHD Monitor,1,4/29/2019 11:03
185705,Bose SoundSport Headphones,1,4/3/2019 0:28
185706,34in Ultrawide Monitor,1,4/29/2019 7:44
185707,USB-C Charging Cable,1,4/15/2019 23:05
185708,USB-C Charging Cable,1,4/8/2019 21:27
185709,Apple Airpods Headphones,1,4/6/2019 6:10
185710,Wired Headphones,1,4/22/2019 14:05
185711,AA Batteries (4-pack),5,4/10/2019 11:54
185712,Macbook Pro Laptop,1,4/27/2019 19:57
185713,Wired Headphones,1,4/25/2019 14:55
185714,LG Dryer,1,4/5/2019 19:20
185715,Apple Airpods Headphones,1,4/28/2019 10:16
,,,
185716,AAA Batteries (4-pack),2,4/28/2019 8:32
185717,Wired Headphones,1,4/20/2019 21:43
185718,Lightning Charging Cable,1,4/5/2019 0:40
185719,AA Batteries (4-pack),1,4/24/2019 22:40
185720,Wired Headphones,1,4/13/2019 23:33
185721,AAA Batteries (4-pack),1,4/14/2019 14:00
185722,AAA Batteries (4-pack),1,4/28/2019 11:44
185723,AA Batteries (4-pack),1,4/13/2019 10:25
185724,Lightning Charging Cable,1,4/29/2019 15:06
185725,Wired Headphones,2,4/30/2019 20:18
185726,AA Batteries (4-pack),1,4/2/2019 8:50
,,,
185727,Bose SoundSport Headphones,1,4/4/2019 13:37
185728,USB-C Charging Cable,1,4/9/2019 11:19
185728,27in FHD Monitor,1,4/9/2019 11:19
185729,USB-C Charging Cable,1,4/26/2019 16:02
185730,AA Batteries (4-pack),1,4/18/2019 13:06
185731,27in FHD Monitor,1,4/4/2019 16:47
185732,iPhone,1,4/6/2019 16:36
185733,AAA Batteries (4-pack),2,4/21/2019 13:44
185734,USB-C Charging Cable,1,4/13/2019 14:55
185735,Bose SoundSport Headphones,1,4/24/2019 12:54
185736,27in 4K Gaming Monitor,1,4/23/2019 20:07
185737,AA Batteries (4-pack),3,4/26/2019 15:07
185738,Wired Headphones,1,4/5/2019 14:08
185739,34in Ultrawide Monitor,1,4/21/2019 15:46
185740,AAA Batteries (4-pack),1,4/13/2019 21:12
185741,USB-C Charging Cable,1,4/5/2019 10:20
185742,Wired Headphones,1,4/17/2019 11:09
185743,27in FHD Monitor,1,4/18/2019 13:27
185744,AAA Batteries (4-pack),1,4/9/2019 18:27
185745,USB-C Charging Cable,1,4/16/2019 20:55
185746,USB-C Charging Cable,1,4/12/2019 6:25
185747,Lightning Charging Cable,2,4/30/2019 12:53
185748,Wired Headphones,1,4/8/2019 16:38
185749,20in Monitor,1,4/26/2019 21:20
185750,AA Batteries (4-pack),2,4/26/2019 11:28
185751,iPhone,1,4/25/2019 12:18
185752,USB-C Charging Cable,1,4/24/2019 11:51
185753,AA Batteries (4-pack),2,4/17/2019 10:59
185753,Lightning Charging Cable,1,4/17/2019 10:59
185754,Apple Airpods Headphones,1,4/10/2019 13:30
185755,Apple Airpods Headphones,1,4/18/2019 21:41
185756,Lightning Charging Cable,2,4/13/2019 13:52
185757,Apple Airpods Headphones,1,4/8/2019 16:01
185758,Bose SoundSport Headphones,1,4/7/2019 11:15
185759,AAA Batteries (4-pack),2,4/24/2019 16:06
185760,27in FHD Monitor,1,4/19/2019 11:50
185761,Bose SoundSport Headphones,1,4/8/2019 18:18
,,,
185762,Wired Headphones,1,4/3/2019 14:05
185763,27in FHD Monitor,1,4/8/2019 17:55
185764,USB-C Charging Cable,1,4/9/2019 19:01
185764,ThinkPad Laptop,1,4/9/2019 19:01
185765,AAA Batteries (4-pack),1,4/16/2019 10:23
185766,AA Batteries (4-pack),1,4/18/2019 22:55
185767,Bose SoundSport Headphones,1,4/21/2019 11:21
185768,ThinkPad Laptop,1,4/24/2019 9:51
185769,Wired Headphones,2,4/1/2019 16:47
185770,Wired Headphones,1,4/19/2019 22:50
185771,Macbook Pro Laptop,1,4/7/2019 13:47
185772,USB-C Charging Cable,3,4/26/2019 18:25
185773,AA Batteries (4-pack),1,4/8/2019 12:58
185774,Wired Headphones,1,4/28/2019 22:47
185775,ThinkPad Laptop,1,4/27/2019 17:28
185776,AAA Batteries (4-pack),6,4/14/2019 21:18
185777,LG Dryer,1,4/4/2019 14:15
185778,Wired Headphones,1,4/14/2019 16:29
185779,USB-C Charging Cable,1,4/1/2019 21:02
185780,Wired Headphones,1,4/3/2019 15:22
185781,AAA Batteries (4-pack),3,4/10/2019 15:39
185782,AAA Batteries (4-pack),2,4/20/2019 16:29
185783,Bose SoundSport Headphones,1,4/5/2019 9:46
185784,Flatscreen TV,1,4/27/2019 19:03
185785,AA Batteries (4-pack),2,4/13/2019 19:10
185786,34in Ultrawide Monitor,1,4/1/2019 21:58
185787,AA Batteries (4-pack),1,4/21/2019 16:31
185788,ThinkPad Laptop,1,4/10/2019 21:42
185789,Bose SoundSport Headphones,1,4/1/2019 19:51
185790,USB-C Charging Cable,1,4/20/2019 19:03
185791,Flatscreen TV,1,4/9/2019 3:12
185792,27in FHD Monitor,1,4/8/2019 1:07
185793,Apple Airpods Headphones,1,4/21/2019 12:04
185794,Lightning Charging Cable,1,4/19/2019 1:43
185795,AAA Batteries (4-pack),3,4/24/2019 12:43
185796,Lightning Charging Cable,1,4/18/2019 23:37
185797,Lightning Charging Cable,2,4/25/2019 17:35
185798,AA Batteries (4-pack),1,4/15/2019 8:36
185799,Wired Headphones,1,4/29/2019 8:00
185800,USB-C Charging Cable,1,4/28/2019 14:28
185801,AAA Batteries (4-pack),2,4/24/2019 10:12
185802,AAA Batteries (4-pack),3,4/21/2019 15:24
185803,AAA Batteries (4-pack),2,4/18/2019 10:30
185804,Apple Airpods Headphones,1,4/7/2019 17:46
185805,20in Monitor,1,4/23/2019 10:52
185806,20in Monitor,1,4/8/2019 10:35
185807,Apple Airpods Headphones,1,4/30/2019 15:46
185808,AAA Batteries (4-pack),2,4/25/2019 11:57
185809,AAA Batteries (4-pack),3,4/13/2019 15:36
185810,USB-C Charging Cable,1,4/6/2019 21:38
185811,ThinkPad Laptop,1,4/17/2019 8:54
185812,Wired Headphones,1,4/17/2019 11:28
185813,Macbook Pro Laptop,1,4/23/2019 21:15
185814,USB-C Charging Cable,1,4/23/2019 1:56
185815,AAA Batteries (4-pack),1,4/30/2019 1:58
185816,Wired Headphones,1,4/10/2019 14:44
,,,
185817,ThinkPad Laptop,1,4/25/2019 21:54
185818,Apple Airpods Headphones,1,4/12/2019 9:42
185819,USB-C Charging Cable,1,4/9/2019 17:18
185820,ThinkPad Laptop,1,4/23/2019 19:32
185821,AAA Batteries (4-pack),2,4/17/2019 20:30
185822,USB-C Charging Cable,1,4/23/2019 9:18
185823,AA Batteries (4-pack),3,4/27/2019 18:00
185824,Bose SoundSport Headphones,1,4/16/2019 22:21
185825,Flatscreen TV,1,4/18/2019 9:50
185826,Lightning Charging Cable,1,4/18/2019 20:06
185827,iPhone,1,4/5/2019 18:10
185828,Lightning Charging Cable,1,4/2/2019 17:35
185829,Vareebadd Phone,1,4/10/2019 17:00
185830,27in FHD Monitor,1,4/28/2019 19:44
,,,
185831,Lightning Charging Cable,1,4/5/2019 12:32
185832,Lightning Charging Cable,1,4/13/2019 4:56
185833,USB-C Charging Cable,2,4/18/2019 11:45
185834,Wired Headphones,1,4/30/2019 18:21
185835,Macbook Pro Laptop,1,4/5/2019 8:11
185836,Lightning Charging Cable,1,4/19/2019 22:56
185837,Macbook Pro Laptop,1,4/7/2019 19:59
185838,USB-C Charging Cable,1,4/8/2019 17:42
185839,20in Monitor,1,4/12/2019 20:52
185840,34in Ultrawide Monitor,1,4/26/2019 20:43
185841,Bose SoundSport Headphones,1,4/25/2019 12:36
185842,Wired Headphones,1,4/6/2019 12:47
185843,Lightning Charging Cable,1,4/19/2019 14:30
185844,Apple Airpods Headphones,1,4/8/2019 12:46
185845,USB-C Charging Cable,1,4/7/2019 6:37
185846,Bose SoundSport Headphones,1,4/6/2019 22:21
185847,USB-C Charging Cable,1,4/27/2019 13:29
185848,27in FHD Monitor,1,4/16/2019 9:38
185849,USB-C Charging Cable,1,4/17/2019 13:22
185850,AAA Batteries (4-pack),1,4/15/2019 3:47
185851,USB-C Charging Cable,1,4/2/2019 22:58
185852,Wired Headphones,1,4/6/2019 2:11
185853,AAA Batteries (4-pack),4,4/8/2019 21:06
185854,Wired Headphones,1,4/23/2019 12:42
185855,ThinkPad Laptop,1,4/19/2019 13:11
185856,ThinkPad Laptop,1,4/26/2019 20:14
185857,Apple Airpods Headphones,1,4/2/2019 13:42
185858,Wired Headphones,1,4/19/2019 10:44
185859,Wired Headphones,1,4/1/2019 12:45
185860,Lightning Charging Cable,1,4/9/2019 10:17
185861,AA Batteries (4-pack),2,4/11/2019 22:11
185862,iPhone,1,4/6/2019 19:08
185862,Lightning Charging Cable,1,4/6/2019 19:08
185863,34in Ultrawide Monitor,1,4/27/2019 9:36
185864,USB-C Charging Cable,1,4/16/2019 11:47
185865,AAA Batteries (4-pack),1,4/17/2019 13:00
185866,Wired Headphones,1,4/21/2019 11:35
185867,AAA Batteries (4-pack),1,4/8/2019 18:24
185868,Wired Headphones,1,4/16/2019 18:26
185868,AA Batteries (4-pack),1,4/16/2019 18:26
185869,27in 4K Gaming Monitor,1,4/6/2019 12:13
185870,Vareebadd Phone,1,4/4/2019 13:47
185871,AAA Batteries (4-pack),1,4/15/2019 15:26
185872,Macbook Pro Laptop,1,4/27/2019 20:53
185873,Apple Airpods Headphones,1,4/20/2019 20:17
185873,Wired Headphones,1,4/20/2019 20:17
185874,Wired Headphones,1,4/28/2019 18:00
185875,20in Monitor,1,4/8/2019 19:17
185876,AA Batteries (4-pack),2,4/29/2019 18:36
185877,Apple Airpods Headphones,1,4/19/2019 16:26
185878,Bose SoundSport Headphones,1,4/8/2019 19:25
185879,Wired Headphones,1,4/2/2019 16:55
185880,Lightning Charging Cable,1,4/19/2019 16:14
185881,Apple Airpods Headphones,1,4/13/2019 16:37
185882,AA Batteries (4-pack),2,4/28/2019 18:20
185883,Wired Headphones,1,4/5/2019 12:25
185884,27in 4K Gaming Monitor,1,4/23/2019 17:43
185885,Lightning Charging Cable,1,4/13/2019 10:51
185886,USB-C Charging Cable,1,4/6/2019 12:53
185887,AA Batteries (4-pack),1,4/10/2019 15:36
185888,AAA Batteries (4-pack),1,4/4/2019 14:15
185889,AAA Batteries (4-pack),3,4/14/2019 14:08
185890,Google Phone,1,4/22/2019 9:14
185891,ThinkPad Laptop,1,4/21/2019 19:54
185892,27in 4K Gaming Monitor,1,4/27/2019 7:35
185893,AA Batteries (4-pack),1,4/21/2019 18:55
185894,AA Batteries (4-pack),1,4/17/2019 22:40
185895,USB-C Charging Cable,1,4/9/2019 14:33
185896,AA Batteries (4-pack),2,4/8/2019 9:32
185897,LG Washing Machine,1,4/3/2019 10:31
185898,Bose SoundSport Headphones,1,4/30/2019 2:27
185899,Wired Headphones,1,4/7/2019 10:05
185900,27in 4K Gaming Monitor,1,4/29/2019 19:03
185901,Wired Headphones,1,4/22/2019 12:25
185902,Wired Headphones,1,4/3/2019 20:37
185903,Flatscreen TV,1,4/19/2019 9:02
185904,USB-C Charging Cable,1,4/24/2019 15:46
185905,USB-C Charging Cable,1,4/2/2019 16:30
185906,Lightning Charging Cable,1,4/1/2019 23:23
185907,USB-C Charging Cable,1,4/26/2019 20:24
185908,Lightning Charging Cable,1,4/19/2019 8:53
185909,Lightning Charging Cable,1,4/6/2019 16:12
185910,34in Ultrawide Monitor,1,4/13/2019 15:07
185911,Flatscreen TV,1,4/11/2019 8:48
185912,AAA Batteries (4-pack),1,4/27/2019 9:49
185913,AA Batteries (4-pack),2,4/26/2019 14:26
185914,Bose SoundSport Headphones,1,4/18/2019 17:35
185915,AA Batteries (4-pack),5,4/14/2019 17:15
185916,Vareebadd Phone,1,4/14/2019 6:49
185917,27in FHD Monitor,1,4/29/2019 16:50
185918,AA Batteries (4-pack),1,4/30/2019 18:57
185919,AA Batteries (4-pack),1,4/15/2019 21:24
185920,27in FHD Monitor,1,4/6/2019 0:58
185920,USB-C Charging Cable,3,4/6/2019 0:58
185921,AA Batteries (4-pack),1,4/13/2019 19:57
185922,Lightning Charging Cable,1,4/21/2019 15:37
185923,USB-C Charging Cable,1,4/8/2019 14:11
185924,Apple Airpods Headphones,1,4/13/2019 14:07
185925,Lightning Charging Cable,1,4/9/2019 18:57
185926,Lightning Charging Cable,1,4/24/2019 12:18
185927,Lightning Charging Cable,1,4/23/2019 16:30
185928,AAA Batteries (4-pack),1,4/8/2019 12:19
185929,Google Phone,1,4/19/2019 12:09
185929,USB-C Charging Cable,1,4/19/2019 12:09
185930,AA Batteries (4-pack),1,4/30/2019 16:32
185931,Lightning Charging Cable,1,4/29/2019 15:55
185932,AAA Batteries (4-pack),1,4/14/2019 21:49
185933,Bose SoundSport Headphones,1,4/11/2019 19:13
185934,Google Phone,1,4/22/2019 9:04
185935,AA Batteries (4-pack),1,4/11/2019 17:19
185936,Bose SoundSport Headphones,1,4/11/2019 10:58
185937,Apple Airpods Headphones,1,4/1/2019 20:25
185938,Lightning Charging Cable,1,4/14/2019 19:13
185939,Wired Headphones,1,4/3/2019 20:29
185940,AAA Batteries (4-pack),1,4/3/2019 22:03
185941,AA Batteries (4-pack),3,4/19/2019 12:48
185942,USB-C Charging Cable,1,4/7/2019 21:21
185943,AAA Batteries (4-pack),2,4/15/2019 10:54
185944,Lightning Charging Cable,1,4/7/2019 17:49
185945,USB-C Charging Cable,1,4/23/2019 9:15
185946,Wired Headphones,1,4/2/2019 17:19
185947,34in Ultrawide Monitor,1,4/7/2019 7:30
185948,Bose SoundSport Headphones,1,4/3/2019 22:57
185949,USB-C Charging Cable,1,4/19/2019 13:02
185950,USB-C Charging Cable,1,4/21/2019 10:42
185951,Lightning Charging Cable,1,4/10/2019 13:57
185952,Lightning Charging Cable,1,4/26/2019 12:23
185953,AA Batteries (4-pack),1,4/14/2019 12:58
185954,Wired Headphones,1,4/18/2019 23:25
185955,Apple Airpods Headphones,1,4/25/2019 13:49
185956,27in 4K Gaming Monitor,1,4/19/2019 19:34
185957,USB-C Charging Cable,1,4/6/2019 20:28
185958,USB-C Charging Cable,1,4/23/2019 15:46
185959,AA Batteries (4-pack),1,4/29/2019 20:40
185960,Apple Airpods Headphones,1,4/18/2019 23:55
185961,Bose SoundSport Headphones,1,4/14/2019 11:20
185962,AA Batteries (4-pack),1,4/1/2019 10:48
185963,Wired Headphones,1,4/24/2019 16:13
185964,Bose SoundSport Headphones,1,4/27/2019 14:12
185965,Apple Airpods Headphones,1,4/19/2019 13:18
185966,Vareebadd Phone,1,4/8/2019 11:31
185967,USB-C Charging Cable,1,4/29/2019 16:40
185968,Macbook Pro Laptop,1,4/22/2019 17:12
185969,USB-C Charging Cable,1,4/8/2019 21:27
185970,Wired Headphones,1,4/3/2019 21:35
185971,AA Batteries (4-pack),1,4/14/2019 10:20
185972,ThinkPad Laptop,1,4/19/2019 23:30
185973,iPhone,1,4/12/2019 17:24
185974,AAA Batteries (4-pack),1,4/17/2019 18:57
185975,USB-C Charging Cable,1,4/13/2019 17:22
185976,27in 4K Gaming Monitor,1,4/2/2019 16:50
185977,AAA Batteries (4-pack),1,4/25/2019 11:04
185978,Apple Airpods Headphones,1,4/28/2019 19:25
185979,AA Batteries (4-pack),1,4/5/2019 12:44
185980,Lightning Charging Cable,2,4/23/2019 17:26
185981,Flatscreen TV,1,4/23/2019 22:53
185982,Flatscreen TV,1,4/7/2019 9:52
185983,USB-C Charging Cable,1,4/10/2019 11:40
185984,Bose SoundSport Headphones,1,4/4/2019 21:50
185985,Lightning Charging Cable,1,4/16/2019 12:43
185986,Apple Airpods Headphones,1,4/3/2019 8:56
185987,Lightning Charging Cable,2,4/20/2019 20:12
185988,Apple Airpods Headphones,1,4/3/2019 16:57
185989,Wired Headphones,1,4/5/2019 7:16
185990,Wired Headphones,1,4/26/2019 7:27
185991,Bose SoundSport Headphones,1,4/16/2019 16:03
185992,AAA Batteries (4-pack),4,4/9/2019 18:05
185993,Wired Headphones,1,4/7/2019 14:25
185993,AA Batteries (4-pack),1,4/7/2019 14:25
185994,Lightning Charging Cable,1,4/16/2019 13:08
185995,20in Monitor,1,4/27/2019 10:40
185996,AAA Batteries (4-pack),1,4/25/2019 14:52
185997,ThinkPad Laptop,1,4/22/2019 10:58
185998,Wired Headphones,1,4/30/2019 6:13
185999,USB-C Charging Cable,2,4/3/2019 12:49
186000,AAA Batteries (4-pack),2,4/21/2019 7:51
186001,AAA Batteries (4-pack),3,4/22/2019 17:19
186002,USB-C Charging Cable,1,4/21/2019 13:26
186003,AAA Batteries (4-pack),1,4/18/2019 16:35
186004,Lightning Charging Cable,1,4/10/2019 10:11
186005,Bose SoundSport Headphones,1,4/12/2019 18:39
186006,USB-C Charging Cable,1,4/17/2019 18:32
186007,iPhone,1,4/7/2019 14:23
186008,Bose SoundSport Headphones,1,4/17/2019 19:36
186008,Bose SoundSport Headphones,1,4/17/2019 19:36
186009,USB-C Charging Cable,1,4/14/2019 7:18
186010,Flatscreen TV,1,4/11/2019 12:17
186010,Lightning Charging Cable,1,4/11/2019 12:17
186011,Bose SoundSport Headphones,1,4/8/2019 23:21
186012,Apple Airpods Headphones,1,4/25/2019 14:16
186013,34in Ultrawide Monitor,1,4/2/2019 18:25
186014,Wired Headphones,1,4/9/2019 6:51
186015,AA Batteries (4-pack),1,4/14/2019 16:54
186016,AA Batteries (4-pack),1,4/27/2019 9:05
186017,iPhone,1,4/4/2019 0:32
186018,27in FHD Monitor,1,4/11/2019 12:55
186019,USB-C Charging Cable,1,4/5/2019 20:52
186019,Vareebadd Phone,1,4/5/2019 20:52
186020,USB-C Charging Cable,1,4/21/2019 18:33
186021,34in Ultrawide Monitor,1,4/23/2019 5:51
186022,USB-C Charging Cable,1,4/23/2019 13:36
186023,AAA Batteries (4-pack),2,4/7/2019 15:40
186024,Apple Airpods Headphones,1,4/10/2019 7:53
186025,AA Batteries (4-pack),1,4/25/2019 13:48
186026,Macbook Pro Laptop,1,4/29/2019 21:44
186027,Apple Airpods Headphones,1,4/17/2019 5:15
186028,AAA Batteries (4-pack),5,4/12/2019 13:54
186029,ThinkPad Laptop,1,4/1/2019 19:36
186030,AAA Batteries (4-pack),1,4/16/2019 10:44
186031,27in FHD Monitor,1,4/20/2019 15:04
186032,USB-C Charging Cable,1,4/19/2019 17:36
186033,27in FHD Monitor,1,4/30/2019 9:14
186034,Vareebadd Phone,1,4/9/2019 21:00
,,,
186035,27in 4K Gaming Monitor,1,4/30/2019 17:03
186036,Apple Airpods Headphones,1,4/22/2019 19:15
186037,USB-C Charging Cable,1,4/12/2019 20:15
186038,Lightning Charging Cable,1,4/18/2019 18:31
186039,Wired Headphones,1,4/15/2019 19:11
186040,Wired Headphones,1,4/9/2019 11:08
186041,AA Batteries (4-pack),2,4/4/2019 9:52
186042,Bose SoundSport Headphones,1,4/12/2019 12:26
186043,20in Monitor,1,4/14/2019 19:10
186044,Vareebadd Phone,1,4/25/2019 13:06
186044,Wired Headphones,1,4/25/2019 13:06
186045,Flatscreen TV,1,4/14/2019 14:49
186046,Apple Airpods Headphones,1,4/3/2019 8:20
186047,Wired Headphones,2,4/1/2019 11:04
186048,USB-C Charging Cable,1,4/9/2019 23:53
186049,Lightning Charging Cable,1,4/15/2019 8:18
186050,AA Batteries (4-pack),1,4/22/2019 0:28
186051,AA Batteries (4-pack),3,4/26/2019 6:47
186052,Bose SoundSport Headphones,1,4/24/2019 19:23
186053,27in FHD Monitor,1,4/18/2019 21:24
186054,AAA Batteries (4-pack),1,4/24/2019 12:45
186055,27in FHD Monitor,1,4/13/2019 6:21
186056,AA Batteries (4-pack),1,4/5/2019 12:37
186057,iPhone,1,4/6/2019 20:47
186058,AA Batteries (4-pack),1,4/23/2019 12:19
186059,Lightning Charging Cable,1,4/6/2019 10:29
186060,27in FHD Monitor,1,4/12/2019 6:55
186061,AA Batteries (4-pack),2,4/3/2019 20:20
186062,Wired Headphones,1,4/9/2019 18:43
186063,AAA Batteries (4-pack),1,4/16/2019 13:40
186064,AA Batteries (4-pack),1,4/20/2019 20:24
186065,AAA Batteries (4-pack),2,4/18/2019 16:13
186066,Wired Headphones,1,4/2/2019 10:27
186067,Wired Headphones,1,4/5/2019 9:57
186068,Lightning Charging Cable,2,4/10/2019 21:00
186069,USB-C Charging Cable,2,4/29/2019 18:15
186070,AAA Batteries (4-pack),2,4/14/2019 16:02
186071,Google Phone,1,4/18/2019 17:35
186071,Bose SoundSport Headphones,1,4/18/2019 17:35
186072,Wired Headphones,1,4/27/2019 15:07
186073,Lightning Charging Cable,1,4/27/2019 11:56
186074,AAA Batteries (4-pack),1,4/17/2019 13:08
186075,ThinkPad Laptop,1,4/15/2019 17:38
186076,Lightning Charging Cable,1,4/6/2019 17:04
Order ID,Product,Quantity Ordered,Order Date
186077,AAA Batteries (4-pack),2,4/29/2019 6:04
186078,27in FHD Monitor,1,4/19/2019 16:05
186078,USB-C Charging Cable,1,4/19/2019 16:05
186079,Lightning Charging Cable,1,4/8/2019 17:54
186080,USB-C Charging Cable,1,4/29/2019 16:35
186081,AAA Batteries (4-pack),1,4/25/2019 18:29
186082,USB-C Charging Cable,1,4/2/2019 8:31
186083,Bose SoundSport Headphones,1,4/2/2019 17:27
186084,Apple Airpods Headphones,1,4/26/2019 6:26
186085,iPhone,1,4/7/2019 9:39
186086,Apple Airpods Headphones,1,4/1/2019 18:58
186087,Macbook Pro Laptop,1,4/18/2019 12:11
186088,USB-C Charging Cable,1,4/6/2019 19:24
186089,Wired Headphones,1,4/17/2019 17:18
186090,AAA Batteries (4-pack),1,4/1/2019 9:04
186091,34in Ultrawide Monitor,1,4/24/2019 3:35
186092,USB-C Charging Cable,1,4/17/2019 21:36
186093,Bose SoundSport Headphones,1,4/24/2019 20:54
186094,Lightning Charging Cable,1,4/9/2019 14:56
186095,USB-C Charging Cable,1,4/21/2019 21:19
186096,Google Phone,1,4/10/2019 21:02
186096,USB-C Charging Cable,1,4/10/2019 21:02
186097,AAA Batteries (4-pack),3,4/10/2019 12:38
186098,iPhone,1,4/29/2019 18:09
186099,Wired Headphones,1,4/29/2019 11:20
186100,Bose SoundSport Headphones,1,4/20/2019 16:46
186101,Lightning Charging Cable,1,4/10/2019 15:55
186102,Google Phone,1,4/14/2019 14:50
186103,Apple Airpods Headphones,1,4/28/2019 19:15
186104,Lightning Charging Cable,1,4/20/2019 11:37
186105,iPhone,1,4/8/2019 14:30
186106,USB-C Charging Cable,1,4/15/2019 15:06
186107,Apple Airpods Headphones,1,4/18/2019 15:38
186108,USB-C Charging Cable,2,4/9/2019 9:03
186109,20in Monitor,1,4/13/2019 19:26
186110,Apple Airpods Headphones,1,4/4/2019 23:51
186111,AAA Batteries (4-pack),1,4/11/2019 18:34
186112,USB-C Charging Cable,1,4/12/2019 19:25
186113,AA Batteries (4-pack),1,4/17/2019 18:10
186114,USB-C Charging Cable,1,4/16/2019 19:45
186115,Bose SoundSport Headphones,1,4/6/2019 16:25
186116,Wired Headphones,1,4/3/2019 18:37
186117,Google Phone,1,4/3/2019 11:54
186117,USB-C Charging Cable,1,4/3/2019 11:54
186118,Apple Airpods Headphones,1,4/26/2019 19:21
186119,Apple Airpods Headphones,1,4/10/2019 7:52
186120,27in 4K Gaming Monitor,1,4/24/2019 20:07
186121,USB-C Charging Cable,1,4/7/2019 14:07
186122,AAA Batteries (4-pack),2,4/19/2019 20:31
186123,Wired Headphones,1,4/30/2019 8:58
186124,ThinkPad Laptop,1,4/6/2019 11:18
186125,Wired Headphones,1,4/22/2019 17:22
186126,27in 4K Gaming Monitor,1,4/11/2019 18:04
186127,Lightning Charging Cable,1,4/18/2019 8:45
186128,AA Batteries (4-pack),1,4/10/2019 18:29
186129,AA Batteries (4-pack),1,4/28/2019 21:30
186130,Vareebadd Phone,1,4/20/2019 17:22
186131,27in FHD Monitor,1,4/30/2019 13:54
186132,Bose SoundSport Headphones,1,4/11/2019 21:30
186133,AAA Batteries (4-pack),1,4/17/2019 18:05
186134,Bose SoundSport Headphones,1,4/16/2019 19:24
186135,AA Batteries (4-pack),2,4/27/2019 14:50
186136,USB-C Charging Cable,1,4/22/2019 12:30
186137,Google Phone,1,4/13/2019 9:40
186138,Lightning Charging Cable,1,4/19/2019 22:22
186139,AA Batteries (4-pack),2,4/6/2019 17:57
186139,iPhone,1,4/6/2019 17:57
186140,Vareebadd Phone,1,4/10/2019 21:36
186141,AAA Batteries (4-pack),2,4/21/2019 21:21
186142,Lightning Charging Cable,1,4/10/2019 13:40
186143,Apple Airpods Headphones,1,4/28/2019 12:25
186144,27in 4K Gaming Monitor,1,4/12/2019 10:58
186145,Apple Airpods Headphones,1,4/5/2019 21:09
186146,Lightning Charging Cable,1,4/10/2019 14:21
186147,Wired Headphones,1,4/4/2019 15:48
186148,Lightning Charging Cable,1,4/27/2019 15:56
186149,Bose SoundSport Headphones,1,4/12/2019 14:06
186150,20in Monitor,1,4/23/2019 7:30
186151,27in 4K Gaming Monitor,1,4/25/2019 18:45
186152,iPhone,1,4/26/2019 23:56
186153,AA Batteries (4-pack),1,4/17/2019 12:24
186154,34in Ultrawide Monitor,1,4/28/2019 12:58
186155,Wired Headphones,2,4/29/2019 20:51
186156,Apple Airpods Headphones,1,4/24/2019 8:56
186157,AAA Batteries (4-pack),2,4/2/2019 11:33
186158,iPhone,1,4/8/2019 8:13
186158,Lightning Charging Cable,1,4/8/2019 8:13
186159,Apple Airpods Headphones,1,4/1/2019 11:21
186160,AA Batteries (4-pack),1,4/6/2019 8:54
186161,USB-C Charging Cable,1,4/29/2019 10:15
186162,AA Batteries (4-pack),1,4/29/2019 17:15
186163,AAA Batteries (4-pack),2,4/10/2019 22:00
186164,Vareebadd Phone,1,4/12/2019 11:28
186165,AAA Batteries (4-pack),1,4/20/2019 8:54
186166,Wired Headphones,1,4/12/2019 11:56
186167,Bose SoundSport Headphones,1,4/22/2019 19:27
186168,Apple Airpods Headphones,1,4/4/2019 13:27
186169,Apple Airpods Headphones,1,4/30/2019 15:20
186170,USB-C Charging Cable,1,4/20/2019 9:24
186171,Apple Airpods Headphones,1,4/30/2019 16:04
186172,USB-C Charging Cable,1,4/11/2019 13:30
186173,Lightning Charging Cable,1,4/30/2019 16:38
186174,27in 4K Gaming Monitor,1,4/20/2019 9:07
186175,27in FHD Monitor,1,4/17/2019 11:56
186176,Bose SoundSport Headphones,1,4/15/2019 19:15
186177,Google Phone,1,4/30/2019 13:53
186178,ThinkPad Laptop,1,4/7/2019 15:27
186179,Google Phone,1,4/3/2019 20:35
186180,USB-C Charging Cable,1,4/1/2019 19:19
186181,Apple Airpods Headphones,1,4/2/2019 18:58
186182,Wired Headphones,1,4/25/2019 14:05
186183,USB-C Charging Cable,1,4/11/2019 10:17
186184,Lightning Charging Cable,1,4/5/2019 21:37
186185,Lightning Charging Cable,1,4/19/2019 10:44
186186,Wired Headphones,1,4/20/2019 9:46
186187,Lightning Charging Cable,1,4/20/2019 20:33
186188,USB-C Charging Cable,1,4/24/2019 10:34
186189,Flatscreen TV,1,4/13/2019 10:43
186190,Wired Headphones,1,4/5/2019 18:42
186191,AAA Batteries (4-pack),2,4/12/2019 0:06
186192,27in FHD Monitor,1,4/5/2019 21:11
186193,AA Batteries (4-pack),1,4/4/2019 20:01
186194,Lightning Charging Cable,1,4/3/2019 19:35
186195,AAA Batteries (4-pack),1,4/15/2019 12:10
186196,Lightning Charging Cable,1,4/5/2019 22:59
186197,Lightning Charging Cable,1,4/29/2019 5:31
186198,Wired Headphones,1,4/15/2019 17:02
186199,AAA Batteries (4-pack),1,4/18/2019 20:52
186200,USB-C Charging Cable,1,4/12/2019 20:22
186201,Lightning Charging Cable,1,4/22/2019 9:56
186202,AAA Batteries (4-pack),1,4/11/2019 10:56
186203,Lightning Charging Cable,1,4/12/2019 8:03
186204,USB-C Charging Cable,1,4/28/2019 13:56
186205,AA Batteries (4-pack),2,4/15/2019 11:23
186206,USB-C Charging Cable,1,4/24/2019 19:32
186207,Wired Headphones,1,4/20/2019 12:22
186208,Lightning Charging Cable,1,4/14/2019 16:29
186209,Lightning Charging Cable,1,4/22/2019 16:08
186210,AA Batteries (4-pack),1,4/19/2019 11:02
186211,Lightning Charging Cable,2,4/19/2019 23:36
186212,USB-C Charging Cable,2,4/30/2019 11:34
186213,Lightning Charging Cable,1,4/12/2019 6:58
186214,Wired Headphones,1,4/25/2019 14:12
186215,AAA Batteries (4-pack),1,4/30/2019 11:45
186216,27in FHD Monitor,1,4/7/2019 22:36
186217,Lightning Charging Cable,1,4/28/2019 13:01
186218,Google Phone,1,4/22/2019 13:24
186219,Wired Headphones,1,4/6/2019 9:50
186220,AAA Batteries (4-pack),1,4/15/2019 12:58
186221,USB-C Charging Cable,1,4/9/2019 16:56
186222,20in Monitor,1,4/12/2019 8:01
186223,Bose SoundSport Headphones,1,4/27/2019 23:30
186224,27in 4K Gaming Monitor,1,4/24/2019 19:01
186225,Flatscreen TV,1,4/24/2019 13:30
186226,Google Phone,1,4/30/2019 7:43
186226,USB-C Charging Cable,1,4/30/2019 7:43
186227,Apple Airpods Headphones,1,4/27/2019 1:18
186228,Lightning Charging Cable,1,4/30/2019 14:39
186229,Apple Airpods Headphones,1,4/12/2019 6:32
186230,AAA Batteries (4-pack),1,4/14/2019 12:37
186231,Wired Headphones,1,4/6/2019 21:49
186232,AAA Batteries (4-pack),3,4/12/2019 18:20
186233,AAA Batteries (4-pack),1,4/7/2019 16:19
186234,AAA Batteries (4-pack),1,4/3/2019 13:49
186235,Wired Headphones,1,4/20/2019 23:09
186236,27in 4K Gaming Monitor,1,4/21/2019 18:07
186237,Lightning Charging Cable,1,4/10/2019 7:58
186238,Lightning Charging Cable,2,4/14/2019 18:23
186239,Apple Airpods Headphones,1,4/13/2019 9:40
186240,AAA Batteries (4-pack),2,4/10/2019 13:17
186241,27in 4K Gaming Monitor,1,4/11/2019 20:28
186242,AAA Batteries (4-pack),2,4/13/2019 18:57
186242,AA Batteries (4-pack),1,4/13/2019 18:57
186243,AAA Batteries (4-pack),1,4/27/2019 13:54
186244,AA Batteries (4-pack),3,4/11/2019 20:12
186245,AAA Batteries (4-pack),1,4/18/2019 7:18
186246,Apple Airpods Headphones,1,4/2/2019 17:13
186247,Google Phone,1,4/30/2019 9:43
186248,34in Ultrawide Monitor,1,4/12/2019 14:27
186249,Lightning Charging Cable,1,4/5/2019 15:43
186250,LG Washing Machine,1,4/16/2019 11:14
186251,Lightning Charging Cable,1,4/11/2019 7:23
186252,Macbook Pro Laptop,1,4/12/2019 8:41
186253,USB-C Charging Cable,1,4/2/2019 17:22
186254,Lightning Charging Cable,1,4/23/2019 16:18
186255,USB-C Charging Cable,1,4/20/2019 8:05
186256,AAA Batteries (4-pack),1,4/12/2019 17:05
186257,Bose SoundSport Headphones,1,4/7/2019 20:58
186258,AA Batteries (4-pack),2,4/9/2019 15:11
186259,Wired Headphones,1,4/2/2019 13:36
186260,USB-C Charging Cable,1,4/14/2019 10:39
186261,Bose SoundSport Headphones,1,4/17/2019 16:09
186262,34in Ultrawide Monitor,1,4/4/2019 16:19
186263,Vareebadd Phone,1,4/29/2019 17:35
186264,AAA Batteries (4-pack),1,4/1/2019 17:08
186265,AA Batteries (4-pack),1,4/26/2019 11:20
186266,Bose SoundSport Headphones,1,4/10/2019 12:15
186267,AA Batteries (4-pack),2,4/16/2019 15:12
186268,Lightning Charging Cable,1,4/29/2019 5:49
186269,Wired Headphones,2,4/6/2019 0:25
186270,Apple Airpods Headphones,1,4/30/2019 12:28
186271,Vareebadd Phone,1,4/7/2019 20:29
186271,AA Batteries (4-pack),1,4/7/2019 20:29
186272,USB-C Charging Cable,1,4/17/2019 10:07
186273,ThinkPad Laptop,1,4/26/2019 11:48
186274,AAA Batteries (4-pack),2,4/3/2019 23:59
186275,USB-C Charging Cable,1,4/2/2019 17:01
186276,AAA Batteries (4-pack),3,4/5/2019 0:29
186277,AA Batteries (4-pack),1,4/7/2019 0:30
186278,Lightning Charging Cable,1,4/8/2019 10:54
186279,20in Monitor,1,4/12/2019 0:22
186280,Wired Headphones,1,4/18/2019 9:45
186281,Wired Headphones,1,4/10/2019 11:02
186282,20in Monitor,1,4/6/2019 14:21
186283,Bose SoundSport Headphones,1,4/21/2019 13:03
186284,iPhone,1,4/6/2019 1:13
186284,Lightning Charging Cable,1,4/6/2019 1:13
186285,iPhone,1,4/29/2019 14:58
186286,Bose SoundSport Headphones,1,4/29/2019 17:17
186287,AAA Batteries (4-pack),2,4/9/2019 22:16
186288,iPhone,1,4/7/2019 9:41
186288,Wired Headphones,1,4/7/2019 9:41
186289,Apple Airpods Headphones,1,4/9/2019 9:57
186290,USB-C Charging Cable,1,4/12/2019 20:26
186291,AA Batteries (4-pack),1,4/21/2019 11:01
186292,Wired Headphones,1,4/14/2019 12:11
186293,27in 4K Gaming Monitor,1,4/20/2019 17:09
186294,27in 4K Gaming Monitor,1,4/28/2019 8:23
186295,Apple Airpods Headphones,1,4/27/2019 12:40
186296,Macbook Pro Laptop,1,4/4/2019 15:16
186297,Bose SoundSport Headphones,1,4/1/2019 7:01
186298,Bose SoundSport Headphones,1,4/21/2019 19:07
186299,27in 4K Gaming Monitor,1,4/18/2019 0:19
186300,Bose SoundSport Headphones,1,4/9/2019 0:41
186301,Lightning Charging Cable,1,4/24/2019 3:05
186302,LG Dryer,1,4/13/2019 18:35
186303,Lightning Charging Cable,1,4/28/2019 17:54
186304,Lightning Charging Cable,1,4/24/2019 7:14
186305,Wired Headphones,1,4/19/2019 15:24
186306,Macbook Pro Laptop,1,4/14/2019 19:52
186307,Apple Airpods Headphones,1,4/16/2019 3:38
186308,AA Batteries (4-pack),1,4/11/2019 23:49
186309,AAA Batteries (4-pack),2,4/24/2019 14:47
186310,USB-C Charging Cable,1,4/19/2019 15:01
186311,Lightning Charging Cable,1,4/12/2019 23:38
186312,27in 4K Gaming Monitor,1,4/19/2019 15:03
186313,Bose SoundSport Headphones,1,4/13/2019 15:28
186314,Apple Airpods Headphones,1,4/8/2019 21:17
186315,Apple Airpods Headphones,1,4/13/2019 9:07
186316,27in 4K Gaming Monitor,1,4/14/2019 23:41
186317,Lightning Charging Cable,1,4/14/2019 13:16
186318,AAA Batteries (4-pack),1,4/21/2019 18:15
186319,27in 4K Gaming Monitor,1,4/16/2019 7:16
186320,Lightning Charging Cable,1,4/29/2019 10:53
186321,27in FHD Monitor,1,4/26/2019 21:09
186322,AA Batteries (4-pack),1,4/1/2019 17:27
186323,Google Phone,1,4/20/2019 10:42
186324,Bose SoundSport Headphones,1,4/21/2019 15:07
186325,AAA Batteries (4-pack),2,4/16/2019 23:43
186326,AAA Batteries (4-pack),1,4/5/2019 12:04
186327,27in 4K Gaming Monitor,1,4/29/2019 5:12
186328,Wired Headphones,1,4/2/2019 19:31
186329,Bose SoundSport Headphones,1,4/12/2019 18:35
186330,Wired Headphones,1,4/23/2019 11:50
186331,AAA Batteries (4-pack),5,4/9/2019 11:35
186331,AAA Batteries (4-pack),1,4/9/2019 11:35
186332,Apple Airpods Headphones,1,4/25/2019 16:39
186333,Apple Airpods Headphones,1,4/27/2019 10:35
186334,Flatscreen TV,1,4/5/2019 10:18
186335,Macbook Pro Laptop,1,4/18/2019 11:57
186336,ThinkPad Laptop,1,4/8/2019 23:29
186337,27in FHD Monitor,1,4/9/2019 12:04
186338,27in FHD Monitor,1,4/16/2019 17:23
186339,USB-C Charging Cable,1,4/16/2019 16:47
186340,USB-C Charging Cable,1,4/7/2019 13:00
186341,AAA Batteries (4-pack),1,4/13/2019 17:44
186342,Bose SoundSport Headphones,1,4/29/2019 8:59
186343,Apple Airpods Headphones,1,4/10/2019 0:15
,,,
186344,Google Phone,1,4/4/2019 10:14
186345,Apple Airpods Headphones,1,4/2/2019 18:03
186346,27in FHD Monitor,1,4/10/2019 17:25
186347,AA Batteries (4-pack),1,4/9/2019 20:58
186348,Apple Airpods Headphones,1,4/27/2019 23:22
186349,34in Ultrawide Monitor,1,4/2/2019 22:53
186350,AAA Batteries (4-pack),1,4/30/2019 10:57
186351,AAA Batteries (4-pack),1,4/30/2019 21:15
186352,Wired Headphones,1,4/3/2019 18:04
186353,Bose SoundSport Headphones,1,4/25/2019 15:08
186354,27in FHD Monitor,1,4/25/2019 12:19
186355,USB-C Charging Cable,1,4/28/2019 13:19
186356,Lightning Charging Cable,1,4/25/2019 19:51
186357,AAA Batteries (4-pack),1,4/17/2019 15:36
186358,Lightning Charging Cable,1,4/14/2019 14:57
186359,Lightning Charging Cable,1,4/29/2019 22:03
186360,Lightning Charging Cable,1,4/12/2019 15:49
186361,AA Batteries (4-pack),1,4/3/2019 13:53
186362,Wired Headphones,1,4/1/2019 8:24
186362,Lightning Charging Cable,1,4/1/2019 8:24
186363,Bose SoundSport Headphones,1,4/2/2019 9:08
186364,AAA Batteries (4-pack),3,4/12/2019 13:53
186365,AAA Batteries (4-pack),1,4/13/2019 23:02
186366,27in 4K Gaming Monitor,1,4/10/2019 1:52
186367,Google Phone,1,4/18/2019 23:39
186368,20in Monitor,1,4/28/2019 10:12
186369,Google Phone,1,4/5/2019 10:37
186370,Google Phone,1,4/14/2019 9:27
186370,USB-C Charging Cable,2,4/14/2019 9:27
186371,27in FHD Monitor,1,4/12/2019 19:02
186372,AAA Batteries (4-pack),3,4/22/2019 14:09
186373,Wired Headphones,1,4/18/2019 13:53
186374,USB-C Charging Cable,1,4/6/2019 22:17
186375,AA Batteries (4-pack),3,4/4/2019 10:04
186376,Wired Headphones,1,4/2/2019 21:04
186377,AA Batteries (4-pack),1,4/15/2019 20:13
186378,Lightning Charging Cable,1,4/18/2019 22:35
186379,USB-C Charging Cable,1,4/28/2019 17:14
186380,AA Batteries (4-pack),1,4/14/2019 19:44
186381,Lightning Charging Cable,1,4/6/2019 2:55
186382,Google Phone,1,4/13/2019 18:30
186383,AA Batteries (4-pack),1,4/21/2019 21:54
186384,iPhone,1,4/2/2019 0:00
186384,Wired Headphones,1,4/2/2019 0:00
186385,20in Monitor,1,4/9/2019 12:36
186386,AAA Batteries (4-pack),1,4/4/2019 11:40
186387,Macbook Pro Laptop,1,4/5/2019 15:10
186388,Flatscreen TV,1,4/15/2019 8:25
186389,27in FHD Monitor,2,4/25/2019 11:17
186390,Bose SoundSport Headphones,1,4/28/2019 19:33
186391,USB-C Charging Cable,1,4/19/2019 20:45
186392,Apple Airpods Headphones,1,4/16/2019 9:20
186393,AAA Batteries (4-pack),1,4/16/2019 3:42
186394,Lightning Charging Cable,1,4/17/2019 5:30
186395,AA Batteries (4-pack),1,4/10/2019 15:16
186396,Lightning Charging Cable,1,4/11/2019 13:25
186397,27in FHD Monitor,1,4/22/2019 7:27
186398,iPhone,1,4/25/2019 13:41
186399,Lightning Charging Cable,1,4/27/2019 14:03
186400,Apple Airpods Headphones,1,4/14/2019 5:09
186401,AA Batteries (4-pack),1,4/17/2019 11:19
186402,Apple Airpods Headphones,1,4/22/2019 10:40
186403,LG Dryer,1,4/21/2019 5:43
186404,USB-C Charging Cable,1,4/2/2019 7:55
186405,Lightning Charging Cable,1,4/19/2019 13:19
186405,AAA Batteries (4-pack),1,4/19/2019 13:19
186406,Flatscreen TV,1,4/15/2019 13:03
186407,Wired Headphones,1,4/15/2019 17:16
186408,AA Batteries (4-pack),1,4/27/2019 10:51
186409,Apple Airpods Headphones,1,4/22/2019 12:01
186410,AAA Batteries (4-pack),1,4/19/2019 14:36
186411,Wired Headphones,2,4/17/2019 21:09
186412,Wired Headphones,1,4/13/2019 19:30
186413,AAA Batteries (4-pack),1,4/7/2019 11:05
186414,AA Batteries (4-pack),1,4/12/2019 13:42
186415,USB-C Charging Cable,1,4/11/2019 17:36
186416,Google Phone,1,4/2/2019 18:09
186417,Wired Headphones,1,4/8/2019 22:15
186418,AAA Batteries (4-pack),4,4/3/2019 21:40
186419,iPhone,1,4/17/2019 17:15
186419,Lightning Charging Cable,1,4/17/2019 17:15
186420,USB-C Charging Cable,1,4/18/2019 14:27
186421,Lightning Charging Cable,1,4/6/2019 23:46
186422,20in Monitor,2,4/5/2019 15:22
186423,USB-C Charging Cable,1,4/19/2019 11:16
186424,USB-C Charging Cable,1,4/4/2019 21:06
186425,Bose SoundSport Headphones,1,4/2/2019 8:03
186426,AAA Batteries (4-pack),1,4/12/2019 16:18
186427,Lightning Charging Cable,1,4/27/2019 12:20
186428,Apple Airpods Headphones,1,4/20/2019 16:22
186429,27in FHD Monitor,1,4/3/2019 12:45
186430,Wired Headphones,1,4/19/2019 20:37
186431,Wired Headphones,1,4/17/2019 14:33
186432,AAA Batteries (4-pack),1,4/13/2019 13:40
186433,Bose SoundSport Headphones,1,4/9/2019 20:30
186434,34in Ultrawide Monitor,1,4/16/2019 18:50
186435,iPhone,1,4/4/2019 19:21
186436,Google Phone,1,4/13/2019 14:00
186436,Wired Headphones,2,4/13/2019 14:00
186437,AAA Batteries (4-pack),2,4/10/2019 9:07
186438,34in Ultrawide Monitor,1,4/17/2019 13:32
186439,Apple Airpods Headphones,1,4/1/2019 10:41
186440,USB-C Charging Cable,1,4/15/2019 14:54
186441,Flatscreen TV,1,4/3/2019 6:52
186442,Wired Headphones,1,4/11/2019 19:00
186443,27in FHD Monitor,1,4/29/2019 6:36
186444,iPhone,1,4/8/2019 6:14
186445,Lightning Charging Cable,1,4/23/2019 12:50
186446,Lightning Charging Cable,1,4/24/2019 18:22
186447,Wired Headphones,1,4/9/2019 11:33
186448,AA Batteries (4-pack),1,4/22/2019 9:20
186449,27in 4K Gaming Monitor,1,4/15/2019 23:17
186450,Apple Airpods Headphones,1,4/16/2019 19:14
186451,Wired Headphones,1,4/19/2019 11:45
186452,Lightning Charging Cable,1,4/21/2019 18:05
186453,USB-C Charging Cable,1,4/8/2019 18:58
186454,27in FHD Monitor,1,4/3/2019 1:52
186455,iPhone,1,4/8/2019 10:27
186456,Lightning Charging Cable,1,4/22/2019 7:51
186457,Lightning Charging Cable,1,4/18/2019 13:40
186458,Lightning Charging Cable,1,4/30/2019 11:58
186459,Lightning Charging Cable,1,4/24/2019 20:27
186460,iPhone,1,4/22/2019 8:47
186461,Flatscreen TV,1,4/30/2019 7:50
186462,AAA Batteries (4-pack),1,4/2/2019 15:41
186463,Wired Headphones,1,4/21/2019 12:24
186464,AAA Batteries (4-pack),1,4/21/2019 21:29
186465,AA Batteries (4-pack),1,4/18/2019 12:09
186466,USB-C Charging Cable,1,4/24/2019 13:37
186467,Flatscreen TV,1,4/16/2019 5:49
186468,iPhone,1,4/8/2019 13:57
186469,Bose SoundSport Headphones,1,4/26/2019 21:50
186470,Wired Headphones,2,4/6/2019 9:48
186471,Lightning Charging Cable,2,4/29/2019 1:51
186472,USB-C Charging Cable,1,4/20/2019 13:47
186473,Apple Airpods Headphones,1,4/27/2019 23:11
186474,Wired Headphones,1,4/7/2019 7:31
186475,AA Batteries (4-pack),2,4/17/2019 12:45
186476,Wired Headphones,2,4/15/2019 8:27
186477,Google Phone,1,4/14/2019 11:33
186478,AAA Batteries (4-pack),2,4/20/2019 1:40
186479,AAA Batteries (4-pack),3,4/6/2019 21:13
186480,Wired Headphones,1,4/27/2019 12:28
186481,Lightning Charging Cable,1,4/18/2019 5:55
186482,Lightning Charging Cable,1,4/5/2019 22:23
186483,USB-C Charging Cable,1,4/6/2019 19:55
186484,Macbook Pro Laptop,1,4/24/2019 16:42
186485,USB-C Charging Cable,1,4/8/2019 9:29
186486,Wired Headphones,1,4/16/2019 10:42
186487,AA Batteries (4-pack),1,4/16/2019 3:15
186487,34in Ultrawide Monitor,1,4/16/2019 3:15
186488,Bose SoundSport Headphones,1,4/10/2019 22:14
186489,iPhone,1,4/12/2019 12:30
186490,AAA Batteries (4-pack),1,4/23/2019 11:58
186491,AA Batteries (4-pack),1,4/16/2019 22:06
186492,Macbook Pro Laptop,1,4/7/2019 23:34
186493,Bose SoundSport Headphones,1,4/30/2019 17:43
186494,AA Batteries (4-pack),1,4/18/2019 15:37
186495,AAA Batteries (4-pack),3,4/30/2019 7:52
186496,Lightning Charging Cable,1,4/6/2019 22:16
186497,Lightning Charging Cable,1,4/14/2019 21:44
186498,AA Batteries (4-pack),2,4/8/2019 12:58
186499,AAA Batteries (4-pack),1,4/12/2019 11:18
186500,Lightning Charging Cable,1,4/10/2019 19:10
186501,Macbook Pro Laptop,1,4/9/2019 6:03
186502,Lightning Charging Cable,1,4/5/2019 17:31
186503,20in Monitor,1,4/23/2019 22:58
186504,Wired Headphones,1,4/28/2019 9:01
186505,27in FHD Monitor,1,4/6/2019 14:07
186506,Bose SoundSport Headphones,1,4/8/2019 9:32
186507,AA Batteries (4-pack),1,4/26/2019 5:43
186508,Wired Headphones,1,4/3/2019 16:40
186509,LG Washing Machine,1,4/27/2019 11:49
186510,Google Phone,1,4/25/2019 23:15
186511,Wired Headphones,1,4/20/2019 0:54
186512,AAA Batteries (4-pack),1,4/12/2019 23:35
186513,AA Batteries (4-pack),1,4/24/2019 8:22
186514,AA Batteries (4-pack),1,4/27/2019 10:36
186515,Lightning Charging Cable,1,4/30/2019 20:07
186516,Google Phone,1,4/23/2019 4:36
186517,AAA Batteries (4-pack),1,4/20/2019 10:19
186518,USB-C Charging Cable,1,4/18/2019 17:10
186519,34in Ultrawide Monitor,1,4/29/2019 20:18
186520,AA Batteries (4-pack),1,4/2/2019 23:49
186521,Bose SoundSport Headphones,1,4/28/2019 18:41
186522,USB-C Charging Cable,1,4/17/2019 19:34
186523,Flatscreen TV,1,4/2/2019 12:37
186524,Lightning Charging Cable,1,4/22/2019 11:29
186525,AAA Batteries (4-pack),1,4/7/2019 16:57
186526,Lightning Charging Cable,1,4/20/2019 14:39
186527,Apple Airpods Headphones,1,4/14/2019 11:54
186528,AAA Batteries (4-pack),1,4/8/2019 17:41
186529,USB-C Charging Cable,1,4/18/2019 15:42
186530,USB-C Charging Cable,1,4/27/2019 16:49
186531,Macbook Pro Laptop,1,4/9/2019 7:38
186532,Google Phone,1,4/27/2019 10:22
186532,USB-C Charging Cable,1,4/27/2019 10:22
186533,Google Phone,1,4/18/2019 0:14
186533,USB-C Charging Cable,1,4/18/2019 0:14
186534,Macbook Pro Laptop,1,4/5/2019 10:36
186535,Apple Airpods Headphones,1,4/2/2019 21:15
186536,Lightning Charging Cable,1,4/14/2019 22:42
186537,Lightning Charging Cable,1,4/10/2019 7:53
186538,27in FHD Monitor,1,4/21/2019 21:52
186539,AAA Batteries (4-pack),1,4/4/2019 1:31
186540,Apple Airpods Headphones,1,4/14/2019 21:31
186541,ThinkPad Laptop,1,4/28/2019 20:42
186542,AA Batteries (4-pack),1,4/5/2019 15:48
186543,Bose SoundSport Headphones,1,4/18/2019 19:14
186544,34in Ultrawide Monitor,1,4/4/2019 17:56
186545,Bose SoundSport Headphones,1,4/18/2019 7:16
186546,Lightning Charging Cable,1,4/28/2019 23:07
186547,USB-C Charging Cable,1,4/29/2019 18:56
186548,Lightning Charging Cable,1,4/28/2019 15:46
186549,AA Batteries (4-pack),1,4/7/2019 18:05
186550,USB-C Charging Cable,1,4/14/2019 21:01
186551,27in FHD Monitor,1,4/11/2019 19:31
186552,Vareebadd Phone,1,4/30/2019 14:37
186552,Wired Headphones,1,4/30/2019 14:37
186553,27in FHD Monitor,1,4/15/2019 16:01
186554,27in FHD Monitor,1,4/16/2019 11:48
186555,34in Ultrawide Monitor,1,4/30/2019 14:03
186556,AAA Batteries (4-pack),1,4/20/2019 17:55
186557,Macbook Pro Laptop,1,4/18/2019 20:35
186558,iPhone,1,4/29/2019 21:32
186559,Apple Airpods Headphones,1,4/20/2019 18:22
186560,34in Ultrawide Monitor,1,4/9/2019 1:00
186561,Google Phone,1,4/3/2019 6:48
186562,34in Ultrawide Monitor,1,4/1/2019 18:08
186563,AAA Batteries (4-pack),1,4/13/2019 11:41
186564,Bose SoundSport Headphones,1,4/1/2019 9:00
186565,Lightning Charging Cable,1,4/16/2019 15:20
186566,Bose SoundSport Headphones,1,4/10/2019 11:03
186567,AAA Batteries (4-pack),1,4/19/2019 8:35
186568,Flatscreen TV,1,4/8/2019 4:42
186569,AA Batteries (4-pack),1,4/27/2019 17:29
186570,27in FHD Monitor,1,4/24/2019 13:02
186571,Wired Headphones,1,4/17/2019 7:08
186572,AAA Batteries (4-pack),1,4/4/2019 22:01
186573,Wired Headphones,1,4/26/2019 14:58
186574,AA Batteries (4-pack),2,4/7/2019 13:23
186575,Apple Airpods Headphones,1,4/18/2019 11:57
186576,AA Batteries (4-pack),1,4/1/2019 7:08
186577,27in 4K Gaming Monitor,1,4/6/2019 14:33
186578,Wired Headphones,1,4/28/2019 16:14
186579,Bose SoundSport Headphones,1,4/10/2019 18:37
186580,Vareebadd Phone,1,4/14/2019 19:04
186581,iPhone,1,4/22/2019 18:28
186582,LG Dryer,1,4/19/2019 20:34
186583,Google Phone,1,4/10/2019 17:21
186584,Apple Airpods Headphones,1,4/17/2019 20:48
186585,USB-C Charging Cable,1,4/3/2019 12:19
186586,Lightning Charging Cable,1,4/19/2019 15:52
186587,Macbook Pro Laptop,1,4/21/2019 17:52
186588,AA Batteries (4-pack),1,4/13/2019 20:58
186589,Macbook Pro Laptop,1,4/24/2019 19:05
186590,Apple Airpods Headphones,1,4/20/2019 19:16
186591,Wired Headphones,1,4/30/2019 10:00
186592,iPhone,1,4/14/2019 12:15
186593,Google Phone,1,4/11/2019 8:44
186594,iPhone,1,4/17/2019 10:29
186595,Lightning Charging Cable,1,4/16/2019 20:56
186596,Lightning Charging Cable,3,4/24/2019 20:14
186597,USB-C Charging Cable,1,4/30/2019 16:27
186598,Apple Airpods Headphones,1,4/25/2019 10:29
186599,34in Ultrawide Monitor,1,4/28/2019 18:56
186600,Google Phone,1,4/6/2019 19:45
186600,USB-C Charging Cable,1,4/6/2019 19:45
186601,27in FHD Monitor,1,4/20/2019 10:26
186602,USB-C Charging Cable,1,4/28/2019 9:28
186603,Wired Headphones,1,4/23/2019 10:11
186604,Lightning Charging Cable,2,4/22/2019 14:36
186605,Lightning Charging Cable,1,4/27/2019 19:46
186606,27in FHD Monitor,1,4/4/2019 22:33
186607,USB-C Charging Cable,2,4/27/2019 22:33
186608,Apple Airpods Headphones,1,4/28/2019 18:45
186609,AA Batteries (4-pack),1,4/22/2019 20:26
186610,USB-C Charging Cable,1,4/16/2019 10:18
186611,20in Monitor,1,4/12/2019 10:42
186612,Lightning Charging Cable,1,4/20/2019 8:47
186613,Apple Airpods Headphones,1,4/2/2019 14:21
186614,Wired Headphones,1,4/13/2019 16:20
186615,AAA Batteries (4-pack),1,4/22/2019 10:00
186616,27in 4K Gaming Monitor,1,4/22/2019 23:27
186617,Apple Airpods Headphones,1,4/23/2019 12:10
186618,Macbook Pro Laptop,1,4/25/2019 14:05
186619,Flatscreen TV,1,4/24/2019 20:09
186620,Apple Airpods Headphones,1,4/13/2019 18:34
186621,AA Batteries (4-pack),1,4/9/2019 7:00
186622,Macbook Pro Laptop,1,4/30/2019 15:42
186623,Wired Headphones,1,4/10/2019 1:07
186624,AA Batteries (4-pack),1,4/13/2019 20:00
186625,Google Phone,1,4/28/2019 13:00
186626,Wired Headphones,3,4/8/2019 7:43
186627,Vareebadd Phone,1,4/20/2019 11:45
186628,Lightning Charging Cable,1,4/19/2019 11:20
186629,Vareebadd Phone,1,4/28/2019 20:43
186629,USB-C Charging Cable,1,4/28/2019 20:43
186630,Bose SoundSport Headphones,1,4/24/2019 15:41
186631,Flatscreen TV,1,4/24/2019 15:53
186632,AAA Batteries (4-pack),1,4/15/2019 10:14
186633,Vareebadd Phone,1,4/3/2019 13:45
186633,USB-C Charging Cable,1,4/3/2019 13:45
186634,AAA Batteries (4-pack),2,4/18/2019 8:55
186635,27in 4K Gaming Monitor,1,4/25/2019 16:56
186636,27in FHD Monitor,1,4/23/2019 12:18
186637,USB-C Charging Cable,1,4/9/2019 11:03
186638,USB-C Charging Cable,1,4/26/2019 19:58
186639,Bose SoundSport Headphones,1,4/16/2019 6:24
186640,iPhone,1,4/5/2019 14:01
186641,Wired Headphones,1,4/4/2019 18:07
186642,USB-C Charging Cable,1,4/21/2019 12:34
186643,AAA Batteries (4-pack),1,4/30/2019 19:48
186644,Lightning Charging Cable,1,4/3/2019 20:12
186645,Flatscreen TV,1,4/18/2019 14:41
186646,Macbook Pro Laptop,1,4/24/2019 21:31
186647,Apple Airpods Headphones,1,4/28/2019 8:15
186648,Apple Airpods Headphones,1,4/30/2019 19:30
186649,27in 4K Gaming Monitor,1,4/24/2019 15:32
186650,AA Batteries (4-pack),1,4/1/2019 6:11
186651,34in Ultrawide Monitor,1,4/17/2019 17:22
186652,Flatscreen TV,1,4/29/2019 13:37
186653,27in 4K Gaming Monitor,1,4/13/2019 11:33
186654,Apple Airpods Headphones,1,4/3/2019 10:20
186655,34in Ultrawide Monitor,1,4/20/2019 9:34
186656,Lightning Charging Cable,1,4/30/2019 17:27
186657,AAA Batteries (4-pack),1,4/21/2019 21:04
186658,USB-C Charging Cable,1,4/12/2019 5:17
186659,Lightning Charging Cable,1,4/3/2019 17:56
186660,Vareebadd Phone,1,4/18/2019 19:52
186661,27in FHD Monitor,1,4/24/2019 17:26
186662,AA Batteries (4-pack),1,4/17/2019 23:26
186663,Wired Headphones,1,4/21/2019 15:10
186664,AA Batteries (4-pack),1,4/13/2019 15:04
186665,Bose SoundSport Headphones,1,4/13/2019 19:47
186666,27in FHD Monitor,1,4/3/2019 13:33
186667,Wired Headphones,1,4/5/2019 11:17
186668,Google Phone,1,4/3/2019 11:23
186669,Google Phone,1,4/9/2019 23:09
186669,USB-C Charging Cable,1,4/9/2019 23:09
186670,Bose SoundSport Headphones,1,4/5/2019 18:47
186671,Vareebadd Phone,1,4/6/2019 11:05
186672,Lightning Charging Cable,1,4/11/2019 5:57
186673,Apple Airpods Headphones,1,4/25/2019 15:03
186674,LG Washing Machine,1,4/19/2019 17:52
186675,AAA Batteries (4-pack),1,4/6/2019 8:36
186676,27in FHD Monitor,1,4/29/2019 17:55
186677,Bose SoundSport Headphones,1,4/28/2019 22:14
186678,AAA Batteries (4-pack),1,4/29/2019 22:55
186679,USB-C Charging Cable,1,4/15/2019 13:30
186680,Vareebadd Phone,1,4/8/2019 12:56
186681,ThinkPad Laptop,1,4/13/2019 17:53
186682,AAA Batteries (4-pack),1,4/13/2019 11:11
186683,27in FHD Monitor,1,4/8/2019 15:52
186684,Lightning Charging Cable,2,4/9/2019 17:35
186685,iPhone,1,4/13/2019 19:03
186686,Wired Headphones,1,4/5/2019 12:58
186687,AA Batteries (4-pack),1,4/24/2019 12:21
186688,Macbook Pro Laptop,1,4/27/2019 14:52
186689,AA Batteries (4-pack),2,4/6/2019 21:43
186690,Wired Headphones,1,4/13/2019 20:15
186691,AA Batteries (4-pack),2,4/16/2019 16:46
186692,AA Batteries (4-pack),1,4/25/2019 19:49
186693,27in FHD Monitor,1,4/7/2019 22:04
186694,Vareebadd Phone,1,4/18/2019 18:22
186695,AAA Batteries (4-pack),1,4/27/2019 19:41
186696,AAA Batteries (4-pack),1,4/1/2019 11:01
186697,27in FHD Monitor,1,4/21/2019 11:44
186698,Macbook Pro Laptop,1,4/17/2019 14:09
186699,AA Batteries (4-pack),1,4/21/2019 11:30
186700,Apple Airpods Headphones,1,4/19/2019 8:20
186701,AA Batteries (4-pack),2,4/17/2019 22:46
186702,Apple Airpods Headphones,1,4/27/2019 17:29
186703,Wired Headphones,1,4/11/2019 0:57
186704,Lightning Charging Cable,1,4/6/2019 12:15
186705,34in Ultrawide Monitor,1,4/9/2019 15:43
186706,Apple Airpods Headphones,1,4/24/2019 12:14
186707,Wired Headphones,1,4/17/2019 8:45
186708,Lightning Charging Cable,1,4/12/2019 14:43
186709,Apple Airpods Headphones,1,4/24/2019 23:58
186710,AA Batteries (4-pack),1,4/20/2019 21:56
186711,Wired Headphones,1,4/27/2019 18:54
186712,Lightning Charging Cable,1,4/26/2019 20:45
186713,iPhone,1,4/11/2019 13:08
186714,Wired Headphones,1,4/10/2019 14:26
186714,Apple Airpods Headphones,1,4/10/2019 14:26
186715,Wired Headphones,1,4/5/2019 5:09
186716,AA Batteries (4-pack),1,4/19/2019 16:18
186717,Apple Airpods Headphones,1,4/29/2019 7:03
186718,Bose SoundSport Headphones,1,4/25/2019 19:06
186719,iPhone,1,4/28/2019 19:20
186720,Flatscreen TV,1,4/8/2019 12:52
186721,Bose SoundSport Headphones,1,4/24/2019 13:47
186722,Google Phone,1,4/11/2019 23:58
186722,Bose SoundSport Headphones,1,4/11/2019 23:58
186723,AAA Batteries (4-pack),2,4/20/2019 17:18
186724,Vareebadd Phone,1,4/13/2019 12:31
186725,Lightning Charging Cable,1,4/7/2019 21:53
186726,34in Ultrawide Monitor,1,4/9/2019 12:07
186727,Lightning Charging Cable,1,4/17/2019 22:31
186728,USB-C Charging Cable,1,4/25/2019 11:08
186729,Lightning Charging Cable,1,4/15/2019 12:50
186730,AA Batteries (4-pack),1,4/28/2019 10:05
186731,ThinkPad Laptop,1,4/4/2019 14:57
186732,AA Batteries (4-pack),2,4/18/2019 9:45
186733,USB-C Charging Cable,1,4/25/2019 7:52
186734,AAA Batteries (4-pack),1,4/18/2019 9:13
186735,Bose SoundSport Headphones,1,4/7/2019 16:04
186736,Apple Airpods Headphones,1,4/8/2019 18:18
186737,Apple Airpods Headphones,1,4/5/2019 10:29
186738,Wired Headphones,1,4/1/2019 18:38
186739,Lightning Charging Cable,1,4/18/2019 19:27
186740,AA Batteries (4-pack),1,4/16/2019 14:08
186741,27in 4K Gaming Monitor,1,4/6/2019 7:06
186742,Wired Headphones,1,4/25/2019 17:06
186743,AA Batteries (4-pack),1,4/23/2019 17:08
186744,Apple Airpods Headphones,1,4/7/2019 15:29
186745,Wired Headphones,1,4/2/2019 20:25
186746,27in FHD Monitor,1,4/9/2019 22:50
186747,Lightning Charging Cable,1,4/2/2019 10:42
186748,Bose SoundSport Headphones,1,4/8/2019 11:49
186749,Wired Headphones,1,4/5/2019 14:31
186750,27in FHD Monitor,1,4/4/2019 19:54
186751,AA Batteries (4-pack),1,4/24/2019 9:01
186752,Lightning Charging Cable,1,4/17/2019 8:31
186753,Google Phone,1,4/18/2019 9:38
186753,Wired Headphones,1,4/18/2019 9:38
186754,27in FHD Monitor,1,4/1/2019 5:06
186755,Google Phone,1,4/3/2019 7:23
186756,AA Batteries (4-pack),2,4/12/2019 11:11
186757,AAA Batteries (4-pack),1,4/17/2019 12:18
186758,AAA Batteries (4-pack),1,4/30/2019 14:08
186759,Apple Airpods Headphones,1,4/4/2019 18:47
186760,Bose SoundSport Headphones,1,4/5/2019 13:45
186761,AAA Batteries (4-pack),2,4/24/2019 7:52
186762,Bose SoundSport Headphones,1,4/5/2019 18:30
186763,Lightning Charging Cable,1,4/23/2019 16:24
186764,AA Batteries (4-pack),2,4/30/2019 7:48
186765,27in 4K Gaming Monitor,1,4/26/2019 12:35
186766,Wired Headphones,1,4/24/2019 19:35
186767,Apple Airpods Headphones,1,4/21/2019 10:04
186768,USB-C Charging Cable,1,4/28/2019 21:10
186769,Macbook Pro Laptop,1,4/24/2019 8:33
186770,AAA Batteries (4-pack),3,4/29/2019 23:59
186771,Lightning Charging Cable,1,4/26/2019 15:47
186772,AA Batteries (4-pack),2,4/19/2019 2:15
,,,
186773,Lightning Charging Cable,1,4/13/2019 10:17
186774,ThinkPad Laptop,1,4/17/2019 7:16
186775,AA Batteries (4-pack),4,4/17/2019 0:41
186776,AAA Batteries (4-pack),1,4/27/2019 20:21
186777,AAA Batteries (4-pack),3,4/7/2019 21:16
186778,Apple Airpods Headphones,1,4/22/2019 19:20
186779,USB-C Charging Cable,1,4/20/2019 12:55
186780,Lightning Charging Cable,1,4/18/2019 22:28
186781,iPhone,1,4/13/2019 12:23
186782,USB-C Charging Cable,1,4/1/2019 19:23
186783,Apple Airpods Headphones,1,4/11/2019 7:11
186784,AA Batteries (4-pack),1,4/19/2019 20:21
186785,AA Batteries (4-pack),1,4/1/2019 10:00
186786,AA Batteries (4-pack),1,4/22/2019 10:18
186787,iPhone,1,4/12/2019 20:05
186788,Lightning Charging Cable,1,4/24/2019 21:30
186789,Wired Headphones,1,4/7/2019 21:59
186790,AA Batteries (4-pack),1,4/26/2019 16:17
186791,Apple Airpods Headphones,1,4/8/2019 18:58
186791,Wired Headphones,1,4/8/2019 18:58
186792,27in 4K Gaming Monitor,1,4/26/2019 12:45
186793,Bose SoundSport Headphones,1,4/12/2019 17:07
186794,Bose SoundSport Headphones,1,4/22/2019 9:00
186795,Apple Airpods Headphones,1,4/6/2019 2:39
186796,Wired Headphones,1,4/17/2019 19:02
186797,Wired Headphones,1,4/30/2019 18:00
186798,USB-C Charging Cable,1,4/26/2019 20:07
186799,AAA Batteries (4-pack),2,4/3/2019 10:35
186800,Apple Airpods Headphones,1,4/19/2019 13:22
186801,AAA Batteries (4-pack),2,4/22/2019 15:02
186802,Wired Headphones,1,4/19/2019 13:57
186803,AAA Batteries (4-pack),1,4/23/2019 13:26
186804,AAA Batteries (4-pack),2,4/6/2019 16:28
186805,Macbook Pro Laptop,1,4/3/2019 11:51
186806,Wired Headphones,1,4/10/2019 7:01
186807,Lightning Charging Cable,1,4/19/2019 9:58
186808,27in 4K Gaming Monitor,1,4/5/2019 22:53
186809,Lightning Charging Cable,1,4/13/2019 23:01
186810,Wired Headphones,1,4/21/2019 23:45
186811,AAA Batteries (4-pack),1,4/30/2019 20:50
186812,AAA Batteries (4-pack),1,4/20/2019 1:02
186813,USB-C Charging Cable,1,4/12/2019 8:47
186814,Google Phone,1,4/2/2019 1:28
186815,AA Batteries (4-pack),1,4/14/2019 7:20
186816,iPhone,1,4/18/2019 18:39
186817,Lightning Charging Cable,1,4/24/2019 19:03
186818,27in FHD Monitor,2,4/28/2019 20:47
186819,Wired Headphones,1,4/12/2019 22:28
186820,Apple Airpods Headphones,1,4/8/2019 6:04
186821,AAA Batteries (4-pack),2,4/12/2019 21:35
186822,Lightning Charging Cable,1,4/14/2019 16:21
186823,USB-C Charging Cable,2,4/18/2019 21:21
186824,AA Batteries (4-pack),1,4/12/2019 15:00
186825,AAA Batteries (4-pack),1,4/8/2019 16:36
186826,Wired Headphones,1,4/15/2019 14:28
186827,Apple Airpods Headphones,1,4/25/2019 10:42
186827,AA Batteries (4-pack),1,4/25/2019 10:42
186828,Google Phone,1,4/21/2019 12:46
186828,Wired Headphones,1,4/21/2019 12:46
186829,Lightning Charging Cable,1,4/21/2019 18:33
186830,AA Batteries (4-pack),2,4/13/2019 21:34
186831,iPhone,1,4/14/2019 20:42
186831,Wired Headphones,1,4/14/2019 20:42
186832,USB-C Charging Cable,1,4/26/2019 20:54
186833,AA Batteries (4-pack),1,4/25/2019 12:51
186834,Lightning Charging Cable,1,4/27/2019 14:55
186835,27in 4K Gaming Monitor,1,4/30/2019 13:30
186836,Google Phone,1,4/10/2019 12:52
186837,iPhone,1,4/18/2019 9:36
186838,Apple Airpods Headphones,1,4/17/2019 21:38
186839,20in Monitor,1,4/4/2019 12:53
186840,AA Batteries (4-pack),2,4/13/2019 16:08
186841,Wired Headphones,1,4/6/2019 9:23
186842,Apple Airpods Headphones,1,4/29/2019 10:51
186843,Bose SoundSport Headphones,1,4/3/2019 19:17
186844,Lightning Charging Cable,1,4/21/2019 9:01
186845,iPhone,1,4/13/2019 11:23
186846,Wired Headphones,2,4/2/2019 6:15
186847,AAA Batteries (4-pack),1,4/3/2019 13:44
186848,Apple Airpods Headphones,1,4/5/2019 21:28
186849,AAA Batteries (4-pack),1,4/7/2019 20:45
186850,Bose SoundSport Headphones,1,4/9/2019 16:59
186851,AA Batteries (4-pack),1,4/12/2019 14:01
186852,34in Ultrawide Monitor,1,4/14/2019 9:47
186853,AA Batteries (4-pack),1,4/18/2019 15:25
186854,Wired Headphones,1,4/15/2019 14:38
186855,Wired Headphones,1,4/27/2019 8:24
186856,Bose SoundSport Headphones,1,4/20/2019 14:19
186857,Bose SoundSport Headphones,1,4/14/2019 15:44
186858,Lightning Charging Cable,1,4/12/2019 22:46
186859,Flatscreen TV,1,4/21/2019 10:31
186860,Wired Headphones,1,4/21/2019 22:08
186861,27in FHD Monitor,1,4/4/2019 11:07
186862,AAA Batteries (4-pack),2,4/25/2019 15:54
186862,USB-C Charging Cable,1,4/25/2019 15:54
186863,AA Batteries (4-pack),4,4/25/2019 19:31
186864,Flatscreen TV,1,4/19/2019 7:11
186865,Lightning Charging Cable,1,4/22/2019 11:35
186866,27in 4K Gaming Monitor,2,4/2/2019 19:29
186867,Wired Headphones,1,4/20/2019 19:19
186868,USB-C Charging Cable,2,4/12/2019 0:20
186869,USB-C Charging Cable,1,4/8/2019 14:54
186870,ThinkPad Laptop,1,4/28/2019 22:54
186871,AAA Batteries (4-pack),1,4/28/2019 8:37
186872,USB-C Charging Cable,1,4/26/2019 19:34
186873,ThinkPad Laptop,1,4/8/2019 18:29
186873,Bose SoundSport Headphones,1,4/8/2019 18:29
186874,Wired Headphones,1,4/12/2019 15:10
186875,USB-C Charging Cable,1,4/2/2019 9:30
186876,Google Phone,1,4/16/2019 16:52
186877,Wired Headphones,1,4/30/2019 9:10
186878,AAA Batteries (4-pack),1,4/10/2019 18:01
186879,Google Phone,1,4/9/2019 18:40
186879,USB-C Charging Cable,1,4/9/2019 18:40
186880,20in Monitor,1,4/29/2019 23:11
186881,Lightning Charging Cable,1,4/23/2019 17:59
186882,Apple Airpods Headphones,1,4/20/2019 14:34
186883,AA Batteries (4-pack),1,4/1/2019 23:17
186884,iPhone,1,4/24/2019 7:24
186885,27in 4K Gaming Monitor,1,4/24/2019 20:45
186886,Wired Headphones,1,4/11/2019 21:37
186887,27in 4K Gaming Monitor,1,4/26/2019 8:51
186888,USB-C Charging Cable,1,4/24/2019 13:59
186889,20in Monitor,1,4/22/2019 12:49
186890,Lightning Charging Cable,1,4/29/2019 15:18
186891,Apple Airpods Headphones,1,4/10/2019 19:31
186892,Bose SoundSport Headphones,1,4/17/2019 13:44
186893,Bose SoundSport Headphones,1,4/24/2019 21:03
186894,AA Batteries (4-pack),1,4/19/2019 17:47
186895,Lightning Charging Cable,1,4/3/2019 0:12
186896,20in Monitor,1,4/19/2019 10:36
186897,Lightning Charging Cable,1,4/13/2019 9:59
186898,USB-C Charging Cable,1,4/5/2019 11:17
186899,LG Dryer,1,4/5/2019 21:07
186900,AAA Batteries (4-pack),1,4/26/2019 18:59
186901,Apple Airpods Headphones,1,4/8/2019 12:46
186902,27in FHD Monitor,1,4/17/2019 11:30
186903,USB-C Charging Cable,1,4/12/2019 17:34
186904,Google Phone,1,4/7/2019 10:55
186904,USB-C Charging Cable,2,4/7/2019 10:55
186904,Wired Headphones,1,4/7/2019 10:55
186905,Lightning Charging Cable,1,4/5/2019 21:11
186906,AA Batteries (4-pack),1,4/20/2019 13:44
186907,AA Batteries (4-pack),1,4/16/2019 21:59
186908,AA Batteries (4-pack),2,4/10/2019 15:45
186909,27in FHD Monitor,1,4/12/2019 10:42
186910,27in FHD Monitor,1,4/19/2019 15:38
186911,AAA Batteries (4-pack),2,4/4/2019 8:08
186912,20in Monitor,1,4/4/2019 9:45
186913,Lightning Charging Cable,1,4/5/2019 11:12
186914,27in FHD Monitor,1,4/21/2019 21:57
186915,AAA Batteries (4-pack),2,4/18/2019 19:49
186916,Macbook Pro Laptop,1,4/3/2019 8:32
186917,Lightning Charging Cable,1,4/10/2019 19:53
186918,AA Batteries (4-pack),1,4/3/2019 9:59
186919,27in 4K Gaming Monitor,1,4/10/2019 14:27
186920,Wired Headphones,1,4/16/2019 18:20
186921,USB-C Charging Cable,1,4/25/2019 21:22
186922,Google Phone,1,4/25/2019 23:49
186923,Apple Airpods Headphones,1,4/20/2019 16:52
186924,27in FHD Monitor,1,4/29/2019 20:20
186925,AA Batteries (4-pack),1,4/12/2019 17:49
186926,AA Batteries (4-pack),1,4/22/2019 8:36
186927,ThinkPad Laptop,1,4/30/2019 18:12
186928,Lightning Charging Cable,1,4/28/2019 9:33
186929,iPhone,1,4/30/2019 10:05
186930,Bose SoundSport Headphones,1,4/5/2019 16:32
186931,AAA Batteries (4-pack),2,4/1/2019 15:59
186932,Apple Airpods Headphones,1,4/15/2019 13:32
186933,USB-C Charging Cable,1,4/9/2019 18:23
186934,Wired Headphones,1,4/9/2019 19:23
186935,Macbook Pro Laptop,1,4/5/2019 3:05
186936,Apple Airpods Headphones,1,4/22/2019 21:49
186937,AA Batteries (4-pack),1,4/17/2019 16:42
186938,Apple Airpods Headphones,1,4/12/2019 21:27
186939,Macbook Pro Laptop,1,4/28/2019 18:10
186940,Apple Airpods Headphones,1,4/2/2019 10:25
186941,Wired Headphones,2,4/18/2019 19:25
186942,Apple Airpods Headphones,1,4/29/2019 8:21
186943,Google Phone,1,4/2/2019 13:14
186943,USB-C Charging Cable,1,4/2/2019 13:14
186944,AAA Batteries (4-pack),1,4/13/2019 11:08
186945,USB-C Charging Cable,1,4/11/2019 16:43
186946,AA Batteries (4-pack),1,4/20/2019 11:40
186947,Google Phone,1,4/5/2019 5:22
Order ID,Product,Quantity Ordered,Order Date
186948,27in FHD Monitor,1,4/9/2019 18:31
186949,USB-C Charging Cable,1,4/20/2019 22:24
186950,AA Batteries (4-pack),1,4/2/2019 15:46
186951,Wired Headphones,1,4/30/2019 22:36
186952,34in Ultrawide Monitor,1,4/23/2019 15:21
186953,USB-C Charging Cable,1,4/3/2019 6:34
186954,USB-C Charging Cable,1,4/22/2019 1:48
186955,Macbook Pro Laptop,1,4/1/2019 20:58
186956,AA Batteries (4-pack),1,4/2/2019 21:49
186956,Wired Headphones,1,4/2/2019 21:49
186957,USB-C Charging Cable,1,4/12/2019 9:39
186958,Apple Airpods Headphones,1,4/19/2019 11:45
186959,AAA Batteries (4-pack),2,4/2/2019 0:38
186960,Bose SoundSport Headphones,1,4/19/2019 18:59
186961,Apple Airpods Headphones,1,4/21/2019 12:03
186962,Bose SoundSport Headphones,1,4/27/2019 19:18
186963,AA Batteries (4-pack),1,4/22/2019 13:37
186964,Macbook Pro Laptop,1,4/28/2019 20:34
186965,Lightning Charging Cable,1,4/19/2019 16:33
186966,Lightning Charging Cable,2,4/18/2019 22:33
186967,AA Batteries (4-pack),1,4/22/2019 13:33
186968,Lightning Charging Cable,1,4/9/2019 16:14
186969,AAA Batteries (4-pack),1,4/2/2019 11:20
186970,Apple Airpods Headphones,1,4/18/2019 17:31
186971,AAA Batteries (4-pack),1,4/13/2019 16:01
186972,AAA Batteries (4-pack),1,4/17/2019 22:39
186973,AAA Batteries (4-pack),2,4/8/2019 19:59
186974,iPhone,1,4/1/2019 16:23
186975,USB-C Charging Cable,1,4/14/2019 10:17
186976,Lightning Charging Cable,1,4/24/2019 22:05
186977,Apple Airpods Headphones,1,4/5/2019 15:49
186978,Lightning Charging Cable,1,4/3/2019 14:42
186979,Flatscreen TV,1,4/11/2019 22:16
186980,27in 4K Gaming Monitor,1,4/30/2019 8:19
186981,AA Batteries (4-pack),1,4/30/2019 11:44
186982,ThinkPad Laptop,1,4/25/2019 10:11
186983,AA Batteries (4-pack),2,4/12/2019 10:27
186984,Flatscreen TV,1,4/16/2019 12:36
186985,AAA Batteries (4-pack),1,4/19/2019 16:39
186986,ThinkPad Laptop,1,4/23/2019 18:35
186987,Lightning Charging Cable,1,4/17/2019 13:41
186988,20in Monitor,1,4/28/2019 11:31
186989,Lightning Charging Cable,1,4/8/2019 18:18
186989,AA Batteries (4-pack),2,4/8/2019 18:18
186990,27in 4K Gaming Monitor,1,4/12/2019 22:59
186991,AA Batteries (4-pack),1,4/2/2019 10:06
186992,Wired Headphones,1,4/3/2019 11:21
186993,AAA Batteries (4-pack),1,4/29/2019 7:17
186994,AAA Batteries (4-pack),3,4/22/2019 11:14
186995,Wired Headphones,1,4/29/2019 9:04
186996,27in 4K Gaming Monitor,1,4/23/2019 13:22
186997,USB-C Charging Cable,6,4/23/2019 21:54
186998,Vareebadd Phone,1,4/9/2019 10:13
186998,USB-C Charging Cable,1,4/9/2019 10:13
186999,27in 4K Gaming Monitor,1,4/22/2019 13:20
187000,USB-C Charging Cable,1,4/29/2019 19:36
187001,AAA Batteries (4-pack),1,4/3/2019 10:54
187002,Lightning Charging Cable,1,4/15/2019 17:43
187003,27in 4K Gaming Monitor,1,4/6/2019 19:10
187004,Flatscreen TV,1,4/29/2019 16:10
187005,AA Batteries (4-pack),3,4/29/2019 18:53
187006,AAA Batteries (4-pack),2,4/25/2019 21:34
187007,USB-C Charging Cable,1,4/11/2019 21:20
187008,USB-C Charging Cable,2,4/17/2019 13:44
187009,27in 4K Gaming Monitor,1,4/27/2019 10:09
187010,34in Ultrawide Monitor,1,4/9/2019 16:10
187011,AAA Batteries (4-pack),1,4/26/2019 19:19
187012,AA Batteries (4-pack),1,4/4/2019 23:43
187013,Wired Headphones,1,4/18/2019 12:13
187014,AA Batteries (4-pack),1,4/4/2019 19:48
187015,USB-C Charging Cable,1,4/24/2019 0:30
187016,ThinkPad Laptop,1,4/23/2019 10:04
Order ID,Product,Quantity Ordered,Order Date
187017,34in Ultrawide Monitor,1,4/21/2019 17:09
187018,iPhone,1,4/11/2019 17:03
187019,Lightning Charging Cable,1,4/3/2019 7:26
187020,USB-C Charging Cable,1,4/23/2019 22:39
187021,Wired Headphones,1,4/9/2019 10:00
187022,AAA Batteries (4-pack),1,4/30/2019 11:46
187023,Lightning Charging Cable,1,4/7/2019 16:53
187024,Wired Headphones,1,4/21/2019 11:42
187025,27in FHD Monitor,1,4/28/2019 19:10
187026,USB-C Charging Cable,2,4/2/2019 18:38
187027,AAA Batteries (4-pack),2,4/25/2019 19:22
187028,AA Batteries (4-pack),2,4/1/2019 13:31
187029,Apple Airpods Headphones,1,4/10/2019 23:03
187030,Google Phone,1,4/17/2019 15:11
187031,AA Batteries (4-pack),2,4/25/2019 16:58
187032,AAA Batteries (4-pack),1,4/22/2019 10:03
187033,USB-C Charging Cable,1,4/20/2019 23:04
187034,Wired Headphones,1,4/13/2019 17:18
187035,Apple Airpods Headphones,1,4/29/2019 10:14
187036,Lightning Charging Cable,1,4/28/2019 23:02
187037,Google Phone,1,4/5/2019 15:16
187037,USB-C Charging Cable,1,4/5/2019 15:16
187038,Apple Airpods Headphones,1,4/9/2019 10:40
187039,AA Batteries (4-pack),1,4/5/2019 9:15
187040,Google Phone,1,4/23/2019 16:37
187041,Wired Headphones,1,4/6/2019 16:11
187042,Lightning Charging Cable,1,4/13/2019 16:30
187043,iPhone,1,4/25/2019 16:47
187044,AAA Batteries (4-pack),2,4/28/2019 10:34
187045,AAA Batteries (4-pack),2,4/8/2019 9:30
187046,AA Batteries (4-pack),2,4/10/2019 15:05
187047,iPhone,1,4/12/2019 22:24
187048,AA Batteries (4-pack),3,4/4/2019 22:59
187049,AAA Batteries (4-pack),1,4/24/2019 14:58
187050,Apple Airpods Headphones,1,4/14/2019 17:58
187051,Lightning Charging Cable,1,4/16/2019 23:17
187052,Vareebadd Phone,1,4/7/2019 21:25
187053,LG Washing Machine,1,4/26/2019 20:32
187054,Apple Airpods Headphones,1,4/30/2019 18:59
187055,Flatscreen TV,1,4/10/2019 21:14
187056,AA Batteries (4-pack),1,4/13/2019 12:06
187057,Vareebadd Phone,1,4/15/2019 21:42
187058,Lightning Charging Cable,1,4/8/2019 22:30
187059,AAA Batteries (4-pack),3,4/13/2019 19:09
187060,34in Ultrawide Monitor,1,4/29/2019 19:14
187061,Lightning Charging Cable,1,4/15/2019 23:40
187062,AAA Batteries (4-pack),1,4/14/2019 8:42
187063,AA Batteries (4-pack),1,4/28/2019 16:01
187064,AAA Batteries (4-pack),1,4/4/2019 19:41
187065,AA Batteries (4-pack),3,4/15/2019 22:05
187066,AA Batteries (4-pack),2,4/16/2019 23:33
187067,AA Batteries (4-pack),1,4/17/2019 6:17
187068,Lightning Charging Cable,1,4/1/2019 9:56
187069,AA Batteries (4-pack),1,4/3/2019 22:16
187070,USB-C Charging Cable,1,4/3/2019 19:13
187071,Bose SoundSport Headphones,1,4/5/2019 23:01
187072,ThinkPad Laptop,1,4/1/2019 21:13
187073,Wired Headphones,1,4/13/2019 17:39
187074,Apple Airpods Headphones,1,4/7/2019 10:49
187075,Flatscreen TV,1,4/25/2019 18:26
187076,34in Ultrawide Monitor,1,4/10/2019 19:28
187077,27in FHD Monitor,1,4/15/2019 8:50
187078,34in Ultrawide Monitor,1,4/28/2019 19:54
187079,Apple Airpods Headphones,1,4/11/2019 12:17
187080,20in Monitor,1,4/18/2019 11:41
187081,Google Phone,1,4/8/2019 15:31
187081,USB-C Charging Cable,1,4/8/2019 15:31
187082,USB-C Charging Cable,1,4/29/2019 8:12
187083,Wired Headphones,1,4/11/2019 22:37
187084,Google Phone,1,4/13/2019 11:05
187085,USB-C Charging Cable,1,4/26/2019 15:02
187086,AA Batteries (4-pack),1,4/22/2019 16:35
187087,Apple Airpods Headphones,1,4/15/2019 11:40
187088,ThinkPad Laptop,1,4/13/2019 13:48
187089,USB-C Charging Cable,1,4/15/2019 13:36
187090,USB-C Charging Cable,2,4/28/2019 14:18
187091,AA Batteries (4-pack),3,4/4/2019 13:50
187092,AA Batteries (4-pack),2,4/8/2019 19:56
187093,AA Batteries (4-pack),1,4/5/2019 14:10
187094,34in Ultrawide Monitor,1,4/18/2019 21:47
187095,AAA Batteries (4-pack),2,4/17/2019 13:56
187096,Flatscreen TV,1,4/24/2019 20:13
187097,27in FHD Monitor,1,4/12/2019 22:52
187098,USB-C Charging Cable,1,4/1/2019 18:57
187099,Apple Airpods Headphones,1,4/1/2019 19:28
187100,AAA Batteries (4-pack),2,4/18/2019 0:47
187101,USB-C Charging Cable,1,4/6/2019 19:15
187102,USB-C Charging Cable,2,4/5/2019 15:23
187103,Apple Airpods Headphones,1,4/25/2019 22:48
187104,Wired Headphones,1,4/25/2019 10:59
187105,27in FHD Monitor,1,4/16/2019 12:43
187106,Wired Headphones,1,4/28/2019 16:29
187107,USB-C Charging Cable,1,4/16/2019 10:51
187108,iPhone,1,4/28/2019 1:43
187108,Lightning Charging Cable,1,4/28/2019 1:43
187109,27in 4K Gaming Monitor,1,4/22/2019 18:53
187110,20in Monitor,1,4/21/2019 18:53
187111,Bose SoundSport Headphones,1,4/3/2019 8:57
187112,USB-C Charging Cable,1,4/21/2019 16:40
187113,Bose SoundSport Headphones,1,4/30/2019 20:37
187114,Apple Airpods Headphones,1,4/9/2019 14:12
187115,AA Batteries (4-pack),1,4/22/2019 23:52
187116,Apple Airpods Headphones,1,4/16/2019 9:58
187117,Apple Airpods Headphones,1,4/19/2019 21:20
187118,Bose SoundSport Headphones,1,4/7/2019 18:59
187119,AAA Batteries (4-pack),1,4/26/2019 2:54
187120,27in FHD Monitor,1,4/24/2019 13:39
187121,Apple Airpods Headphones,1,4/20/2019 11:51
187122,Bose SoundSport Headphones,1,4/26/2019 9:32
187123,AAA Batteries (4-pack),2,4/3/2019 19:11
187124,AAA Batteries (4-pack),1,4/11/2019 9:23
187125,USB-C Charging Cable,1,4/16/2019 15:08
187126,Bose SoundSport Headphones,1,4/11/2019 17:48
187126,34in Ultrawide Monitor,1,4/11/2019 17:48
187127,USB-C Charging Cable,1,4/3/2019 15:13
187128,AA Batteries (4-pack),1,4/11/2019 17:18
187129,Wired Headphones,1,4/13/2019 20:14
187130,Lightning Charging Cable,1,4/24/2019 16:58
187131,AAA Batteries (4-pack),1,4/12/2019 9:06
187132,Lightning Charging Cable,1,4/7/2019 12:21
187133,Bose SoundSport Headphones,1,4/12/2019 17:11
187134,AAA Batteries (4-pack),1,4/5/2019 19:13
187135,34in Ultrawide Monitor,1,4/20/2019 19:36
187136,Google Phone,1,4/27/2019 0:29
187137,Bose SoundSport Headphones,1,4/27/2019 23:37
187138,Lightning Charging Cable,1,4/23/2019 15:10
187139,USB-C Charging Cable,1,4/11/2019 10:55
187140,Lightning Charging Cable,1,4/18/2019 8:31
187141,Bose SoundSport Headphones,1,4/13/2019 9:01
187142,AAA Batteries (4-pack),1,4/21/2019 9:10
187143,Lightning Charging Cable,1,4/7/2019 21:28
187144,Google Phone,1,4/12/2019 12:40
187145,iPhone,1,4/24/2019 21:50
187146,Google Phone,1,4/7/2019 13:12
187147,AAA Batteries (4-pack),3,4/23/2019 17:42
187148,USB-C Charging Cable,2,4/1/2019 13:47
187149,34in Ultrawide Monitor,1,4/3/2019 12:03
187150,AAA Batteries (4-pack),1,4/5/2019 11:12
187151,Bose SoundSport Headphones,1,4/27/2019 16:58
187152,Flatscreen TV,1,4/15/2019 9:54
187153,Lightning Charging Cable,1,4/19/2019 17:49
187154,Wired Headphones,1,4/29/2019 4:32
187155,USB-C Charging Cable,1,4/9/2019 16:25
187156,Wired Headphones,1,4/20/2019 17:08
187157,Lightning Charging Cable,1,4/10/2019 6:02
187158,USB-C Charging Cable,1,4/28/2019 11:31
187159,AA Batteries (4-pack),2,4/2/2019 13:43
187160,27in FHD Monitor,1,4/4/2019 12:36
187161,Vareebadd Phone,1,4/23/2019 19:33
187162,AAA Batteries (4-pack),1,4/11/2019 14:40
187163,USB-C Charging Cable,1,4/15/2019 12:06
187164,Apple Airpods Headphones,1,4/20/2019 13:15
187165,USB-C Charging Cable,2,4/24/2019 23:51
187166,Wired Headphones,1,4/6/2019 20:54
187167,Wired Headphones,1,4/24/2019 13:22
187168,USB-C Charging Cable,1,4/5/2019 17:06
187169,ThinkPad Laptop,1,4/22/2019 14:26
187170,AAA Batteries (4-pack),3,4/9/2019 23:11
187171,Apple Airpods Headphones,1,4/17/2019 18:48
187172,Lightning Charging Cable,1,4/25/2019 2:16
187172,20in Monitor,1,4/25/2019 2:16
187173,Wired Headphones,1,4/29/2019 16:59
187174,Bose SoundSport Headphones,1,4/13/2019 13:42
187175,Google Phone,1,4/18/2019 13:37
187176,34in Ultrawide Monitor,1,4/20/2019 13:20
187177,Macbook Pro Laptop,1,4/25/2019 10:23
187178,Vareebadd Phone,1,4/16/2019 5:50
187179,iPhone,1,4/22/2019 19:31
187180,Bose SoundSport Headphones,1,4/2/2019 18:42
187181,Flatscreen TV,1,4/30/2019 17:01
187182,AA Batteries (4-pack),5,4/6/2019 13:05
187183,20in Monitor,1,4/8/2019 13:45
187184,AAA Batteries (4-pack),1,4/24/2019 20:36
187185,LG Washing Machine,1,4/8/2019 14:05
187186,Apple Airpods Headphones,1,4/1/2019 15:29
187187,Lightning Charging Cable,1,4/11/2019 21:33
187188,Lightning Charging Cable,1,4/20/2019 18:54
187189,LG Dryer,1,4/10/2019 9:14
187190,Lightning Charging Cable,1,4/22/2019 10:14
187191,USB-C Charging Cable,1,4/5/2019 9:24
187192,AAA Batteries (4-pack),2,4/12/2019 6:10
187193,AAA Batteries (4-pack),2,4/28/2019 14:26
187194,Wired Headphones,1,4/12/2019 19:24
187195,AA Batteries (4-pack),1,4/7/2019 11:31
187196,Google Phone,1,4/29/2019 10:29
187197,Bose SoundSport Headphones,1,4/23/2019 16:01
187198,34in Ultrawide Monitor,1,4/18/2019 20:25
187199,Flatscreen TV,1,4/21/2019 16:02
187200,AA Batteries (4-pack),1,4/7/2019 21:04
187201,Wired Headphones,1,4/20/2019 17:59
187202,Wired Headphones,1,4/16/2019 20:15
187203,Apple Airpods Headphones,1,4/15/2019 13:59
187204,Lightning Charging Cable,1,4/10/2019 21:57
187205,AA Batteries (4-pack),1,4/9/2019 1:35
187206,Lightning Charging Cable,1,4/12/2019 11:51
187207,AA Batteries (4-pack),1,4/29/2019 14:22
187208,Google Phone,1,4/19/2019 18:44
187209,Flatscreen TV,1,4/26/2019 22:30
187210,Bose SoundSport Headphones,1,4/5/2019 13:26
187211,34in Ultrawide Monitor,1,4/3/2019 9:06
187212,ThinkPad Laptop,1,4/18/2019 9:38
187213,Apple Airpods Headphones,1,4/7/2019 10:09
187214,Wired Headphones,1,4/18/2019 5:41
187215,iPhone,1,4/1/2019 22:34
187215,Lightning Charging Cable,1,4/1/2019 22:34
187216,AA Batteries (4-pack),1,4/3/2019 20:32
187217,Vareebadd Phone,1,4/3/2019 7:39
187218,Apple Airpods Headphones,1,4/21/2019 19:17
187219,34in Ultrawide Monitor,1,4/27/2019 17:41
187220,AA Batteries (4-pack),1,4/7/2019 22:57
187221,USB-C Charging Cable,1,4/10/2019 17:20
187222,Bose SoundSport Headphones,1,4/9/2019 17:14
187223,27in 4K Gaming Monitor,1,4/19/2019 19:33
187224,Lightning Charging Cable,1,4/1/2019 17:24
187225,Apple Airpods Headphones,1,4/16/2019 19:11
187226,Bose SoundSport Headphones,1,4/22/2019 15:47
187227,Apple Airpods Headphones,1,4/21/2019 15:20
187228,34in Ultrawide Monitor,1,4/1/2019 8:38
187229,Macbook Pro Laptop,1,4/29/2019 11:24
187230,USB-C Charging Cable,1,4/28/2019 16:38
187231,34in Ultrawide Monitor,1,4/3/2019 8:14
187232,LG Dryer,1,4/14/2019 0:46
187233,Lightning Charging Cable,1,4/18/2019 8:45
187234,Macbook Pro Laptop,1,4/9/2019 7:57
187235,USB-C Charging Cable,1,4/29/2019 10:35
187236,AA Batteries (4-pack),2,4/6/2019 9:26
187237,34in Ultrawide Monitor,1,4/23/2019 18:09
187238,AAA Batteries (4-pack),1,4/29/2019 16:30
187239,Wired Headphones,1,4/9/2019 13:31
187240,USB-C Charging Cable,1,4/7/2019 16:40
187241,Bose SoundSport Headphones,1,4/7/2019 21:46
187242,USB-C Charging Cable,1,4/11/2019 23:55
187243,iPhone,1,4/15/2019 17:40
187244,USB-C Charging Cable,1,4/3/2019 21:08
187245,Lightning Charging Cable,1,4/19/2019 22:30
187246,Google Phone,1,4/14/2019 21:16
187247,Wired Headphones,1,4/3/2019 13:58
187248,USB-C Charging Cable,1,4/10/2019 0:36
187249,USB-C Charging Cable,1,4/29/2019 7:17
187250,AA Batteries (4-pack),2,4/2/2019 17:03
187251,Bose SoundSport Headphones,1,4/5/2019 9:35
187252,27in FHD Monitor,1,4/10/2019 20:16
187253,Flatscreen TV,1,4/22/2019 8:13
187254,AAA Batteries (4-pack),1,4/17/2019 20:21
187255,Lightning Charging Cable,1,4/21/2019 23:27
187256,27in FHD Monitor,1,4/12/2019 20:34
187257,USB-C Charging Cable,1,4/29/2019 10:09
187258,Bose SoundSport Headphones,1,4/21/2019 8:19
187259,AAA Batteries (4-pack),1,4/13/2019 11:08
187260,AA Batteries (4-pack),2,4/24/2019 6:21
187261,iPhone,1,4/21/2019 14:22
187261,Lightning Charging Cable,1,4/21/2019 14:22
187262,AAA Batteries (4-pack),1,4/20/2019 8:16
187263,USB-C Charging Cable,1,4/12/2019 19:51
187264,USB-C Charging Cable,1,4/6/2019 15:56
187265,Wired Headphones,1,4/23/2019 10:08
187266,USB-C Charging Cable,1,4/7/2019 18:22
187267,AAA Batteries (4-pack),1,4/20/2019 22:10
187268,Wired Headphones,1,4/16/2019 11:49
187269,AAA Batteries (4-pack),1,4/26/2019 11:26
187270,USB-C Charging Cable,1,4/19/2019 15:36
187271,Apple Airpods Headphones,1,4/10/2019 13:29
187272,34in Ultrawide Monitor,1,4/7/2019 19:47
187273,Apple Airpods Headphones,1,4/15/2019 20:03
187274,Google Phone,1,4/17/2019 19:15
187275,20in Monitor,1,4/15/2019 19:01
187276,Apple Airpods Headphones,1,4/7/2019 18:51
187277,Lightning Charging Cable,1,4/28/2019 9:43
187278,27in FHD Monitor,1,4/30/2019 18:56
187279,Wired Headphones,1,4/12/2019 9:04
187280,AA Batteries (4-pack),1,4/18/2019 8:11
187281,34in Ultrawide Monitor,1,4/10/2019 11:01
187282,Wired Headphones,1,4/7/2019 19:12
187283,USB-C Charging Cable,1,4/7/2019 12:51
187284,34in Ultrawide Monitor,1,4/21/2019 19:24
187285,AAA Batteries (4-pack),1,4/13/2019 18:12
187286,20in Monitor,1,4/23/2019 16:31
187287,Bose SoundSport Headphones,1,4/15/2019 16:04
187288,USB-C Charging Cable,1,4/17/2019 16:46
187289,27in FHD Monitor,1,4/24/2019 14:04
187290,Flatscreen TV,1,4/23/2019 23:42
187291,Bose SoundSport Headphones,1,4/30/2019 14:26
187292,AA Batteries (4-pack),1,4/8/2019 14:04
187293,AAA Batteries (4-pack),1,4/19/2019 12:57
187294,AAA Batteries (4-pack),2,4/10/2019 12:40
187295,AAA Batteries (4-pack),1,4/29/2019 12:34
187296,USB-C Charging Cable,1,4/29/2019 16:15
187297,USB-C Charging Cable,1,4/1/2019 14:15
187298,27in FHD Monitor,1,4/17/2019 15:32
187299,Wired Headphones,1,4/15/2019 16:10
187300,Google Phone,1,4/21/2019 16:11
187301,Flatscreen TV,1,4/15/2019 21:43
187302,AA Batteries (4-pack),1,4/20/2019 19:28
187303,Wired Headphones,1,4/29/2019 12:27
187304,27in FHD Monitor,1,4/15/2019 14:17
187305,Bose SoundSport Headphones,1,4/18/2019 14:06
187306,Bose SoundSport Headphones,1,4/12/2019 15:53
187307,AA Batteries (4-pack),1,4/24/2019 15:51
187307,27in FHD Monitor,1,4/24/2019 15:51
187308,Wired Headphones,1,4/26/2019 19:21
187309,27in 4K Gaming Monitor,1,4/14/2019 10:15
187310,AA Batteries (4-pack),1,4/12/2019 11:32
187311,Wired Headphones,1,4/12/2019 23:02
187312,Google Phone,1,4/5/2019 20:33
187313,27in FHD Monitor,1,4/29/2019 12:03
187314,AAA Batteries (4-pack),1,4/6/2019 9:15
187315,Lightning Charging Cable,1,4/11/2019 10:22
187316,Wired Headphones,1,4/22/2019 18:03
187317,Bose SoundSport Headphones,1,4/12/2019 11:03
187318,Lightning Charging Cable,1,4/28/2019 20:09
187319,AAA Batteries (4-pack),1,4/2/2019 1:34
187320,AAA Batteries (4-pack),1,4/12/2019 11:41
187321,20in Monitor,1,4/25/2019 12:12
Order ID,Product,Quantity Ordered,Order Date
187322,Bose SoundSport Headphones,1,4/30/2019 20:29
187323,AAA Batteries (4-pack),2,4/29/2019 17:01
187324,Bose SoundSport Headphones,1,4/28/2019 19:51
187325,Wired Headphones,1,4/1/2019 18:25
187326,AA Batteries (4-pack),2,4/11/2019 21:34
,,,
187327,USB-C Charging Cable,1,4/11/2019 19:14
187328,Lightning Charging Cable,1,4/21/2019 9:37
187329,AAA Batteries (4-pack),1,4/10/2019 14:09
187330,LG Washing Machine,1,4/28/2019 16:46
187331,Lightning Charging Cable,1,4/16/2019 14:05
187332,AAA Batteries (4-pack),2,4/3/2019 9:07
187333,LG Washing Machine,1,4/21/2019 18:22
187334,Wired Headphones,1,4/19/2019 6:13
187335,Apple Airpods Headphones,1,4/16/2019 21:18
187336,USB-C Charging Cable,1,4/30/2019 20:53
187337,Lightning Charging Cable,1,4/13/2019 20:56
187338,AAA Batteries (4-pack),1,4/26/2019 14:01
187339,AA Batteries (4-pack),1,4/4/2019 16:10
187340,20in Monitor,1,4/10/2019 21:33
187341,Apple Airpods Headphones,1,4/18/2019 17:10
187342,Apple Airpods Headphones,1,4/9/2019 20:22
187343,Lightning Charging Cable,1,4/24/2019 8:32
187344,Lightning Charging Cable,1,4/24/2019 20:54
187345,Lightning Charging Cable,1,4/27/2019 10:09
187346,20in Monitor,1,4/1/2019 23:52
187347,Macbook Pro Laptop,1,4/27/2019 13:43
187348,AA Batteries (4-pack),1,4/24/2019 17:59
187349,Wired Headphones,1,4/2/2019 15:15
187350,27in 4K Gaming Monitor,1,4/8/2019 14:53
187351,Bose SoundSport Headphones,1,4/18/2019 15:38
187352,ThinkPad Laptop,1,4/20/2019 9:27
187353,Google Phone,1,4/17/2019 16:02
187354,iPhone,1,4/4/2019 8:11
187355,AA Batteries (4-pack),1,4/4/2019 11:28
187356,Apple Airpods Headphones,1,4/10/2019 11:29
187357,iPhone,1,4/26/2019 11:58
187357,Lightning Charging Cable,1,4/26/2019 11:58
187358,27in 4K Gaming Monitor,1,4/5/2019 20:31
187359,Lightning Charging Cable,1,4/19/2019 18:18
187360,Macbook Pro Laptop,1,4/6/2019 15:41
187361,AAA Batteries (4-pack),1,4/14/2019 15:30
187362,Apple Airpods Headphones,1,4/3/2019 16:15
187363,Lightning Charging Cable,1,4/30/2019 15:07
187364,Bose SoundSport Headphones,1,4/26/2019 19:31
187365,USB-C Charging Cable,1,4/26/2019 8:17
187366,ThinkPad Laptop,1,4/21/2019 19:51
187367,iPhone,1,4/22/2019 21:30
187368,USB-C Charging Cable,1,4/18/2019 23:31
187369,Google Phone,1,4/30/2019 19:50
187369,Wired Headphones,1,4/30/2019 19:50
187370,iPhone,1,4/19/2019 21:59
187371,AA Batteries (4-pack),1,4/23/2019 18:06
187372,Apple Airpods Headphones,1,4/2/2019 14:12
187373,AA Batteries (4-pack),1,4/2/2019 13:48
187374,Google Phone,1,4/6/2019 18:42
187375,AA Batteries (4-pack),1,4/5/2019 14:41
187376,AA Batteries (4-pack),2,4/23/2019 21:37
187377,27in FHD Monitor,1,4/3/2019 20:12
187378,Lightning Charging Cable,1,4/21/2019 9:41
187379,USB-C Charging Cable,1,4/10/2019 19:06
187379,USB-C Charging Cable,1,4/10/2019 19:06
187380,Flatscreen TV,1,4/24/2019 12:48
187381,20in Monitor,1,4/28/2019 11:15
187382,USB-C Charging Cable,1,4/5/2019 19:29
187383,Wired Headphones,1,4/3/2019 18:59
187384,AAA Batteries (4-pack),2,4/2/2019 4:28
187385,Lightning Charging Cable,1,4/18/2019 20:26
187385,Google Phone,1,4/18/2019 20:26
187386,Wired Headphones,1,4/14/2019 14:58
187387,Apple Airpods Headphones,1,4/24/2019 21:48
187388,27in FHD Monitor,1,4/28/2019 14:00
187389,Bose SoundSport Headphones,1,4/3/2019 13:42
187390,Bose SoundSport Headphones,1,4/6/2019 12:52
187391,AAA Batteries (4-pack),2,4/11/2019 21:18
187392,Lightning Charging Cable,1,4/17/2019 10:37
187393,USB-C Charging Cable,1,4/22/2019 1:10
187394,AA Batteries (4-pack),1,4/4/2019 11:25
187395,AA Batteries (4-pack),1,4/17/2019 19:05
187396,Wired Headphones,1,4/26/2019 4:43
187397,USB-C Charging Cable,1,4/13/2019 0:30
187398,Wired Headphones,1,4/22/2019 7:53
187399,AAA Batteries (4-pack),1,4/16/2019 19:59
187400,Wired Headphones,1,4/16/2019 12:59
187401,USB-C Charging Cable,1,4/14/2019 12:02
187402,Lightning Charging Cable,1,4/14/2019 3:06
187403,AA Batteries (4-pack),2,4/24/2019 10:22
187404,Lightning Charging Cable,1,4/23/2019 18:39
187405,iPhone,1,4/11/2019 7:33
187405,Lightning Charging Cable,1,4/11/2019 7:33
187406,Wired Headphones,2,4/16/2019 16:22
187407,iPhone,1,4/1/2019 23:59
187408,Wired Headphones,1,4/29/2019 12:25
187409,AAA Batteries (4-pack),2,4/21/2019 10:07
187410,AA Batteries (4-pack),1,4/27/2019 9:52
187411,USB-C Charging Cable,1,4/18/2019 12:00
187412,Macbook Pro Laptop,1,4/10/2019 14:07
187413,27in FHD Monitor,1,4/7/2019 11:28
187414,AAA Batteries (4-pack),1,4/14/2019 18:53
187415,Lightning Charging Cable,1,4/4/2019 17:39
187416,Vareebadd Phone,1,4/20/2019 12:25
187417,Lightning Charging Cable,1,4/13/2019 14:43
187418,Lightning Charging Cable,1,4/18/2019 20:09
187419,AA Batteries (4-pack),1,4/22/2019 17:52
187420,Wired Headphones,1,4/28/2019 10:11
187421,AA Batteries (4-pack),1,4/25/2019 18:14
187422,AA Batteries (4-pack),1,4/16/2019 18:26
187423,Vareebadd Phone,1,4/1/2019 11:49
187423,Wired Headphones,1,4/1/2019 11:49
187424,USB-C Charging Cable,1,4/15/2019 23:40
187425,Wired Headphones,1,4/5/2019 21:12
187426,Flatscreen TV,1,4/16/2019 16:27
187427,AA Batteries (4-pack),1,4/22/2019 8:06
187428,27in 4K Gaming Monitor,1,4/28/2019 13:03
187429,USB-C Charging Cable,1,4/11/2019 18:00
187430,20in Monitor,1,4/26/2019 14:18
187431,ThinkPad Laptop,1,4/11/2019 18:15
187432,34in Ultrawide Monitor,1,4/12/2019 11:57
187433,LG Dryer,1,4/18/2019 16:32
187434,USB-C Charging Cable,1,4/7/2019 21:55
187435,AAA Batteries (4-pack),4,4/3/2019 21:29
187436,USB-C Charging Cable,1,4/18/2019 9:13
187437,Flatscreen TV,1,4/15/2019 21:57
187438,Bose SoundSport Headphones,1,4/6/2019 12:55
187439,Apple Airpods Headphones,1,4/23/2019 14:09
187440,AAA Batteries (4-pack),1,4/19/2019 8:00
187441,20in Monitor,1,4/22/2019 14:25
187442,Vareebadd Phone,1,4/20/2019 3:39
187442,USB-C Charging Cable,1,4/20/2019 3:39
187443,Bose SoundSport Headphones,1,4/1/2019 14:25
187444,AA Batteries (4-pack),1,4/20/2019 16:57
187445,Wired Headphones,1,4/24/2019 22:45
187446,27in 4K Gaming Monitor,1,4/6/2019 2:05
187447,AA Batteries (4-pack),1,4/20/2019 13:09
187448,USB-C Charging Cable,1,4/14/2019 17:21
187449,AA Batteries (4-pack),1,4/18/2019 23:59
187450,27in FHD Monitor,1,4/29/2019 18:02
187451,Bose SoundSport Headphones,1,4/10/2019 16:04
187452,Wired Headphones,1,4/5/2019 16:35
187453,Apple Airpods Headphones,1,4/29/2019 10:02
187453,Bose SoundSport Headphones,1,4/29/2019 10:02
187454,27in 4K Gaming Monitor,1,4/6/2019 22:12
187455,Flatscreen TV,1,4/19/2019 21:23
187456,AA Batteries (4-pack),2,4/9/2019 16:58
187457,Bose SoundSport Headphones,1,4/24/2019 11:20
187458,34in Ultrawide Monitor,1,4/10/2019 11:05
187459,34in Ultrawide Monitor,1,4/28/2019 17:14
187460,Macbook Pro Laptop,1,4/16/2019 16:52
187461,Lightning Charging Cable,1,4/22/2019 23:01
187462,USB-C Charging Cable,1,4/5/2019 20:13
187463,Google Phone,1,4/11/2019 8:16
187463,USB-C Charging Cable,1,4/11/2019 8:16
187463,Wired Headphones,1,4/11/2019 8:16
187464,iPhone,1,4/5/2019 22:30
187464,Lightning Charging Cable,1,4/5/2019 22:30
187465,27in 4K Gaming Monitor,1,4/29/2019 9:24
187466,AAA Batteries (4-pack),1,4/13/2019 11:45
187467,AA Batteries (4-pack),3,4/13/2019 11:50
187468,AAA Batteries (4-pack),1,4/15/2019 20:08
187469,Apple Airpods Headphones,1,4/27/2019 19:09
187469,Lightning Charging Cable,1,4/27/2019 19:09
187470,USB-C Charging Cable,1,4/14/2019 16:07
187471,Bose SoundSport Headphones,1,4/21/2019 12:00
187472,20in Monitor,1,4/20/2019 16:02
187473,Wired Headphones,1,4/5/2019 19:22
187474,Bose SoundSport Headphones,1,4/17/2019 9:20
187475,AAA Batteries (4-pack),3,4/2/2019 14:05
187476,Lightning Charging Cable,1,4/25/2019 0:59
187477,AA Batteries (4-pack),2,4/26/2019 8:58
,,,
187478,ThinkPad Laptop,1,4/24/2019 15:08
187479,AAA Batteries (4-pack),1,4/1/2019 21:51
187480,Bose SoundSport Headphones,1,4/24/2019 9:25
187481,Macbook Pro Laptop,1,4/13/2019 9:18
187482,Flatscreen TV,1,4/19/2019 12:52
187483,AA Batteries (4-pack),1,4/13/2019 20:53
187484,27in 4K Gaming Monitor,1,4/20/2019 6:21
187485,AAA Batteries (4-pack),2,4/6/2019 22:46
187486,27in FHD Monitor,1,4/26/2019 8:25
187487,Apple Airpods Headphones,1,4/2/2019 15:40
187488,27in 4K Gaming Monitor,1,4/25/2019 15:22
187489,ThinkPad Laptop,1,4/18/2019 12:38
187490,Bose SoundSport Headphones,1,4/13/2019 19:27
187491,20in Monitor,1,4/16/2019 21:54
187492,USB-C Charging Cable,2,4/18/2019 20:12
187493,Lightning Charging Cable,1,4/8/2019 16:02
187494,27in 4K Gaming Monitor,1,4/4/2019 16:40
187495,27in FHD Monitor,1,4/17/2019 14:17
187496,Macbook Pro Laptop,1,4/12/2019 15:12
187497,Wired Headphones,1,4/18/2019 13:53
187498,Apple Airpods Headphones,1,4/27/2019 13:26
187499,AA Batteries (4-pack),1,4/22/2019 19:17
187500,Lightning Charging Cable,1,4/28/2019 21:33
187501,Bose SoundSport Headphones,1,4/8/2019 0:58
187502,USB-C Charging Cable,1,4/10/2019 19:21
187503,Flatscreen TV,1,4/9/2019 21:03
187504,Apple Airpods Headphones,1,4/6/2019 21:55
187505,AA Batteries (4-pack),3,4/14/2019 11:40
187506,AA Batteries (4-pack),2,4/1/2019 17:33
187507,AAA Batteries (4-pack),2,4/6/2019 8:38
187508,USB-C Charging Cable,1,4/10/2019 18:54
187509,20in Monitor,1,4/27/2019 17:39
187510,AAA Batteries (4-pack),4,4/5/2019 10:51
187511,27in FHD Monitor,1,4/9/2019 15:32
187512,USB-C Charging Cable,1,4/10/2019 17:51
187513,34in Ultrawide Monitor,1,4/16/2019 18:48
187514,Wired Headphones,1,4/8/2019 20:43
187515,Lightning Charging Cable,2,4/19/2019 13:23
187516,34in Ultrawide Monitor,1,4/30/2019 14:35
187517,iPhone,1,4/17/2019 8:58
187518,iPhone,1,4/22/2019 11:36
187519,Wired Headphones,1,4/17/2019 15:39
187520,AAA Batteries (4-pack),1,4/24/2019 13:31
187521,iPhone,1,4/2/2019 18:46
187522,AAA Batteries (4-pack),1,4/17/2019 19:32
187523,Bose SoundSport Headphones,1,4/10/2019 6:43
187524,AA Batteries (4-pack),1,4/14/2019 16:04
187525,Apple Airpods Headphones,1,4/9/2019 22:21
187526,AA Batteries (4-pack),2,4/18/2019 13:27
187527,AA Batteries (4-pack),1,4/4/2019 14:57
187528,27in FHD Monitor,1,4/15/2019 8:01
187529,ThinkPad Laptop,1,4/19/2019 11:38
187530,34in Ultrawide Monitor,1,4/23/2019 6:23
187530,Wired Headphones,1,4/23/2019 6:23
187531,Lightning Charging Cable,1,4/27/2019 23:41
187532,27in 4K Gaming Monitor,1,4/30/2019 9:48
187533,AA Batteries (4-pack),2,4/27/2019 2:14
187534,Google Phone,1,4/1/2019 9:39
187534,Lightning Charging Cable,1,4/1/2019 9:39
187535,Lightning Charging Cable,1,4/9/2019 13:56
187536,Lightning Charging Cable,1,4/28/2019 18:57
187537,Lightning Charging Cable,1,4/12/2019 19:40
187538,20in Monitor,1,4/19/2019 17:24
187539,27in FHD Monitor,1,4/17/2019 21:28
187540,Lightning Charging Cable,1,4/17/2019 10:40
187541,Wired Headphones,1,4/25/2019 22:21
187542,AAA Batteries (4-pack),2,4/27/2019 18:08
187543,27in FHD Monitor,1,4/19/2019 19:42
187544,Wired Headphones,1,4/25/2019 21:36
187545,34in Ultrawide Monitor,1,4/24/2019 10:51
187546,USB-C Charging Cable,1,4/8/2019 1:05
187547,Google Phone,1,4/25/2019 9:43
187547,Wired Headphones,1,4/25/2019 9:43
187548,Flatscreen TV,1,4/12/2019 22:13
187549,Lightning Charging Cable,1,4/23/2019 22:12
187550,27in FHD Monitor,1,4/19/2019 16:48
187551,AAA Batteries (4-pack),1,4/25/2019 9:39
187552,Lightning Charging Cable,1,4/17/2019 11:01
187553,Wired Headphones,2,4/8/2019 17:19
187554,Bose SoundSport Headphones,1,4/24/2019 6:56
187555,Apple Airpods Headphones,1,4/30/2019 20:13
187556,AAA Batteries (4-pack),1,4/26/2019 16:44
187557,ThinkPad Laptop,1,4/29/2019 9:23
187558,Apple Airpods Headphones,1,4/25/2019 23:15
187559,iPhone,1,4/1/2019 9:12
187560,Bose SoundSport Headphones,1,4/23/2019 16:53
187561,Apple Airpods Headphones,1,4/21/2019 5:37
187562,AAA Batteries (4-pack),1,4/24/2019 18:09
187563,Flatscreen TV,1,4/19/2019 20:27
187564,AAA Batteries (4-pack),1,4/14/2019 13:50
187565,Macbook Pro Laptop,1,4/29/2019 14:19
187566,Lightning Charging Cable,1,4/21/2019 6:38
187567,AAA Batteries (4-pack),3,4/16/2019 20:44
187568,Lightning Charging Cable,1,4/8/2019 7:12
187569,27in FHD Monitor,1,4/20/2019 11:15
187570,Lightning Charging Cable,1,4/7/2019 10:23
187571,34in Ultrawide Monitor,1,4/13/2019 23:32
,,,
187572,Wired Headphones,1,4/1/2019 16:15
187573,USB-C Charging Cable,1,4/18/2019 21:46
187574,27in 4K Gaming Monitor,1,4/18/2019 10:15
187575,27in FHD Monitor,1,4/18/2019 20:43
187576,Apple Airpods Headphones,1,4/23/2019 22:31
187577,iPhone,1,4/10/2019 19:20
187578,AA Batteries (4-pack),1,4/12/2019 17:37
187579,34in Ultrawide Monitor,1,4/13/2019 7:07
187579,AA Batteries (4-pack),1,4/13/2019 7:07
187580,Wired Headphones,1,4/16/2019 17:08
187581,AAA Batteries (4-pack),2,4/18/2019 23:55
187582,AAA Batteries (4-pack),2,4/23/2019 19:47
187583,AAA Batteries (4-pack),1,4/21/2019 14:26
187584,27in 4K Gaming Monitor,1,4/19/2019 11:54
187585,Apple Airpods Headphones,1,4/7/2019 15:54
187586,AAA Batteries (4-pack),2,4/30/2019 9:54
187587,Bose SoundSport Headphones,1,4/17/2019 9:14
187588,AA Batteries (4-pack),3,4/17/2019 5:29
187589,Flatscreen TV,1,4/17/2019 8:13
187590,AA Batteries (4-pack),1,4/6/2019 3:02
187591,AA Batteries (4-pack),1,4/5/2019 10:25
187592,USB-C Charging Cable,2,4/9/2019 18:52
187593,Lightning Charging Cable,1,4/19/2019 4:56
187594,AAA Batteries (4-pack),1,4/13/2019 10:42
187595,iPhone,1,4/28/2019 18:26
187596,34in Ultrawide Monitor,1,4/26/2019 20:33
187597,34in Ultrawide Monitor,1,4/7/2019 14:23
187598,Apple Airpods Headphones,1,4/13/2019 7:35
187599,AA Batteries (4-pack),1,4/29/2019 23:50
187600,Macbook Pro Laptop,1,4/26/2019 22:28
187601,Bose SoundSport Headphones,1,4/14/2019 0:25
187602,Apple Airpods Headphones,1,4/13/2019 17:38
187603,Vareebadd Phone,1,4/15/2019 20:26
187603,USB-C Charging Cable,1,4/15/2019 20:26
187604,27in FHD Monitor,1,4/23/2019 18:59
187605,Flatscreen TV,1,4/2/2019 23:24
187605,27in 4K Gaming Monitor,1,4/2/2019 23:24
187606,Wired Headphones,1,4/5/2019 20:21
187607,AA Batteries (4-pack),1,4/1/2019 21:07
187608,Lightning Charging Cable,1,4/19/2019 22:02
187609,iPhone,1,4/8/2019 8:30
187609,Lightning Charging Cable,1,4/8/2019 8:30
187610,27in 4K Gaming Monitor,1,4/29/2019 23:26
187611,Lightning Charging Cable,1,4/3/2019 20:48
187612,Wired Headphones,1,4/2/2019 1:31
187613,USB-C Charging Cable,1,4/14/2019 10:09
187614,AA Batteries (4-pack),1,4/27/2019 19:03
187615,USB-C Charging Cable,1,4/21/2019 19:47
187616,Google Phone,1,4/13/2019 19:19
187617,Lightning Charging Cable,1,4/21/2019 10:51
187618,AAA Batteries (4-pack),1,4/18/2019 13:40
187619,Wired Headphones,1,4/9/2019 19:46
187620,27in FHD Monitor,1,4/14/2019 11:57
187621,Wired Headphones,1,4/12/2019 15:20
187622,27in FHD Monitor,1,4/20/2019 16:03
187623,USB-C Charging Cable,1,4/21/2019 14:46
187624,AAA Batteries (4-pack),1,4/5/2019 11:34
187625,Lightning Charging Cable,1,4/21/2019 10:54
187626,27in FHD Monitor,1,4/7/2019 22:46
187627,Wired Headphones,1,4/6/2019 13:08
187628,Flatscreen TV,1,4/24/2019 21:49
187629,LG Dryer,1,4/21/2019 17:43
187630,Lightning Charging Cable,1,4/4/2019 21:20
187631,USB-C Charging Cable,1,4/11/2019 20:59
187632,Macbook Pro Laptop,1,4/3/2019 12:46
187633,20in Monitor,1,4/19/2019 17:51
187634,Lightning Charging Cable,1,4/25/2019 12:13
187635,AA Batteries (4-pack),1,4/20/2019 15:41
187636,iPhone,1,4/4/2019 10:58
187636,Lightning Charging Cable,1,4/4/2019 10:58
187636,Wired Headphones,1,4/4/2019 10:58
187637,USB-C Charging Cable,1,4/23/2019 14:10
187638,34in Ultrawide Monitor,1,4/29/2019 15:54
187639,Macbook Pro Laptop,1,4/29/2019 1:13
187640,AA Batteries (4-pack),1,4/4/2019 18:26
187641,Lightning Charging Cable,1,4/1/2019 17:42
187642,Flatscreen TV,1,4/12/2019 12:43
187643,20in Monitor,1,4/10/2019 15:07
Order ID,Product,Quantity Ordered,Order Date
187644,AAA Batteries (4-pack),1,4/21/2019 21:19
187645,AAA Batteries (4-pack),1,4/8/2019 5:40
187646,USB-C Charging Cable,1,4/12/2019 14:15
187647,Google Phone,1,4/21/2019 13:44
187647,USB-C Charging Cable,1,4/21/2019 13:44
187648,AA Batteries (4-pack),1,4/28/2019 15:50
187649,Lightning Charging Cable,1,4/2/2019 20:35
187650,AA Batteries (4-pack),1,4/7/2019 10:48
187651,Wired Headphones,1,4/4/2019 18:05
187652,AA Batteries (4-pack),1,4/13/2019 19:59
187653,Lightning Charging Cable,1,4/11/2019 20:30
187654,AAA Batteries (4-pack),1,4/17/2019 6:49
187655,USB-C Charging Cable,1,4/23/2019 18:20
187656,AA Batteries (4-pack),3,4/23/2019 16:44
187657,Macbook Pro Laptop,1,4/19/2019 20:52
187658,AA Batteries (4-pack),1,4/26/2019 11:41
187659,27in FHD Monitor,1,4/16/2019 13:55
187660,Flatscreen TV,1,4/28/2019 15:03
187661,AA Batteries (4-pack),1,4/13/2019 17:56
187662,Lightning Charging Cable,1,4/5/2019 19:00
187663,Lightning Charging Cable,2,4/3/2019 12:29
187664,34in Ultrawide Monitor,1,4/13/2019 12:24
187665,Wired Headphones,1,4/20/2019 16:37
187666,Wired Headphones,1,4/17/2019 9:14
187667,Lightning Charging Cable,1,4/10/2019 11:44
187668,Lightning Charging Cable,1,4/15/2019 16:39
187669,Lightning Charging Cable,1,4/11/2019 11:33
187670,Wired Headphones,1,4/1/2019 21:50
187671,27in FHD Monitor,1,4/2/2019 3:04
187672,iPhone,1,4/10/2019 15:15
187673,AA Batteries (4-pack),2,4/12/2019 18:31
187674,Apple Airpods Headphones,1,4/21/2019 21:55
187675,AAA Batteries (4-pack),1,4/12/2019 7:41
187676,Wired Headphones,1,4/2/2019 22:26
187677,34in Ultrawide Monitor,1,4/29/2019 13:55
187678,iPhone,1,4/13/2019 19:26
187679,27in 4K Gaming Monitor,1,4/17/2019 10:35
187680,Bose SoundSport Headphones,1,4/5/2019 18:03
187681,Wired Headphones,1,4/21/2019 20:14
187682,Lightning Charging Cable,1,4/9/2019 17:54
187683,AAA Batteries (4-pack),1,4/15/2019 23:45
187684,27in FHD Monitor,1,4/2/2019 12:24
187685,AA Batteries (4-pack),1,4/8/2019 13:26
187686,Flatscreen TV,1,4/5/2019 20:33
187687,Google Phone,1,4/16/2019 16:00
187688,Wired Headphones,1,4/13/2019 22:14
187689,Macbook Pro Laptop,1,4/1/2019 10:27
187690,AA Batteries (4-pack),1,4/6/2019 18:23
187691,Apple Airpods Headphones,1,4/30/2019 10:14
187692,Lightning Charging Cable,1,4/6/2019 9:09
187693,Lightning Charging Cable,1,4/14/2019 13:41
187694,AA Batteries (4-pack),1,4/15/2019 14:20
187695,Lightning Charging Cable,1,4/18/2019 23:51
187696,34in Ultrawide Monitor,1,4/16/2019 20:52
187697,Wired Headphones,1,4/11/2019 21:15
187697,iPhone,1,4/11/2019 21:15
187698,Wired Headphones,1,4/10/2019 16:22
187699,Lightning Charging Cable,1,4/7/2019 18:32
187700,Wired Headphones,1,4/30/2019 14:17
187701,Wired Headphones,1,4/6/2019 14:19
187702,Wired Headphones,1,4/9/2019 10:14
187703,iPhone,1,4/6/2019 19:12
187703,Apple Airpods Headphones,1,4/6/2019 19:12
187704,Apple Airpods Headphones,1,4/22/2019 13:41
187705,34in Ultrawide Monitor,1,4/3/2019 14:37
187706,Lightning Charging Cable,1,4/28/2019 17:33
187707,Wired Headphones,1,4/10/2019 12:18
187708,20in Monitor,1,4/22/2019 11:09
187709,Lightning Charging Cable,1,4/21/2019 18:02
187710,AA Batteries (4-pack),1,4/9/2019 20:00
187711,Google Phone,1,4/30/2019 23:34
187712,34in Ultrawide Monitor,1,4/16/2019 9:01
187713,USB-C Charging Cable,1,4/26/2019 5:29
187713,Flatscreen TV,1,4/26/2019 5:29
187714,AA Batteries (4-pack),1,4/1/2019 18:22
187715,AA Batteries (4-pack),1,4/18/2019 15:41
187716,USB-C Charging Cable,1,4/15/2019 8:39
187717,Lightning Charging Cable,1,4/17/2019 19:08
187718,USB-C Charging Cable,1,4/29/2019 21:14
187719,Apple Airpods Headphones,1,4/25/2019 9:43
187720,Bose SoundSport Headphones,1,4/17/2019 9:45
187721,AA Batteries (4-pack),1,4/21/2019 7:18
187722,Lightning Charging Cable,1,4/18/2019 16:18
187723,Apple Airpods Headphones,1,4/3/2019 9:05
187724,ThinkPad Laptop,1,4/23/2019 13:44
187725,AA Batteries (4-pack),2,4/2/2019 10:44
187726,AA Batteries (4-pack),1,4/16/2019 14:30
187727,Bose SoundSport Headphones,1,4/27/2019 4:19
187728,AAA Batteries (4-pack),3,4/2/2019 14:29
187729,Lightning Charging Cable,1,4/16/2019 21:16
187730,Bose SoundSport Headphones,1,4/17/2019 19:05
187731,Wired Headphones,1,4/21/2019 21:30
187732,Lightning Charging Cable,1,4/28/2019 21:56
187733,Wired Headphones,1,4/25/2019 12:03
187734,20in Monitor,1,4/26/2019 21:02
187735,Lightning Charging Cable,1,4/23/2019 23:12
187736,27in 4K Gaming Monitor,1,4/8/2019 15:07
187737,Wired Headphones,1,4/21/2019 17:43
187738,AAA Batteries (4-pack),1,4/15/2019 20:52
187739,USB-C Charging Cable,1,4/20/2019 9:28
187740,AA Batteries (4-pack),3,4/30/2019 1:58
187741,Google Phone,1,4/9/2019 14:13
187741,27in FHD Monitor,1,4/9/2019 14:13
187742,Google Phone,1,4/24/2019 19:24
187743,ThinkPad Laptop,1,4/18/2019 14:26
187744,AA Batteries (4-pack),1,4/19/2019 11:22
187745,Lightning Charging Cable,1,4/1/2019 12:42
187746,Lightning Charging Cable,1,4/17/2019 22:47
187747,20in Monitor,1,4/21/2019 11:23
187748,Wired Headphones,2,4/25/2019 18:55
187749,34in Ultrawide Monitor,1,4/28/2019 15:24
187750,iPhone,1,4/10/2019 18:34
187751,AAA Batteries (4-pack),2,4/2/2019 11:15
187752,20in Monitor,1,4/20/2019 17:40
187753,AAA Batteries (4-pack),1,4/7/2019 19:41
187754,iPhone,1,4/3/2019 11:45
187755,27in FHD Monitor,1,4/14/2019 2:29
187756,USB-C Charging Cable,1,4/9/2019 22:34
187757,USB-C Charging Cable,1,4/9/2019 17:09
187758,Wired Headphones,1,4/24/2019 19:49
187759,AA Batteries (4-pack),1,4/17/2019 0:22
187760,Google Phone,1,4/10/2019 8:20
Order ID,Product,Quantity Ordered,Order Date
187761,Wired Headphones,1,4/26/2019 12:10
187762,AAA Batteries (4-pack),1,4/30/2019 19:23
187763,AA Batteries (4-pack),1,4/21/2019 14:44
,,,
187764,Wired Headphones,1,4/20/2019 14:16
187765,Lightning Charging Cable,1,4/24/2019 12:40
187766,AAA Batteries (4-pack),1,4/16/2019 23:49
187767,Macbook Pro Laptop,1,4/11/2019 17:19
187768,Apple Airpods Headphones,1,4/20/2019 13:50
187769,Bose SoundSport Headphones,1,4/3/2019 7:43
187770,Wired Headphones,1,4/23/2019 18:11
187771,AAA Batteries (4-pack),1,4/6/2019 5:02
187772,USB-C Charging Cable,1,4/28/2019 23:14
187773,Apple Airpods Headphones,1,4/21/2019 18:29
187774,AAA Batteries (4-pack),1,4/25/2019 19:07
187775,27in FHD Monitor,1,4/12/2019 19:08
187776,Flatscreen TV,1,4/29/2019 13:53
187777,27in FHD Monitor,1,4/11/2019 14:06
187778,Macbook Pro Laptop,1,4/18/2019 18:31
187779,AAA Batteries (4-pack),1,4/29/2019 20:48
187780,Lightning Charging Cable,1,4/15/2019 8:29
187781,Lightning Charging Cable,1,4/18/2019 7:41
187782,Google Phone,1,4/30/2019 8:57
187783,Wired Headphones,1,4/1/2019 18:31
187784,USB-C Charging Cable,1,4/15/2019 10:51
187785,AAA Batteries (4-pack),1,4/8/2019 1:06
187786,Apple Airpods Headphones,1,4/11/2019 16:08
187787,Lightning Charging Cable,1,4/1/2019 11:52
187788,Apple Airpods Headphones,1,4/4/2019 18:38
187789,AAA Batteries (4-pack),1,4/13/2019 13:32
187790,AAA Batteries (4-pack),1,4/8/2019 19:09
187791,AAA Batteries (4-pack),1,4/27/2019 19:01
187792,20in Monitor,1,4/13/2019 14:15
187793,AAA Batteries (4-pack),1,4/6/2019 13:46
187794,Wired Headphones,1,4/6/2019 20:53
Order ID,Product,Quantity Ordered,Order Date
187795,Lightning Charging Cable,1,4/30/2019 10:47
187796,Bose SoundSport Headphones,1,4/27/2019 22:54
187797,Apple Airpods Headphones,1,4/28/2019 9:22
187798,AA Batteries (4-pack),1,4/16/2019 7:12
187799,USB-C Charging Cable,1,4/5/2019 19:30
187800,Flatscreen TV,1,4/28/2019 16:19
187801,USB-C Charging Cable,1,4/29/2019 16:13
187802,Wired Headphones,1,4/7/2019 14:45
187803,Lightning Charging Cable,1,4/16/2019 16:46
187804,Bose SoundSport Headphones,1,4/28/2019 12:16
187805,Apple Airpods Headphones,1,4/27/2019 18:39
187806,AAA Batteries (4-pack),3,4/19/2019 18:54
187807,AA Batteries (4-pack),2,4/20/2019 1:38
187808,34in Ultrawide Monitor,1,4/7/2019 7:29
187809,27in 4K Gaming Monitor,1,4/29/2019 8:36
187810,USB-C Charging Cable,1,4/24/2019 22:21
187811,20in Monitor,1,4/20/2019 20:04
187812,Bose SoundSport Headphones,1,4/15/2019 19:53
187813,AA Batteries (4-pack),1,4/20/2019 12:02
187814,USB-C Charging Cable,1,4/7/2019 11:13
187815,Lightning Charging Cable,1,4/13/2019 2:41
187816,20in Monitor,1,4/15/2019 16:58
187817,Wired Headphones,1,4/22/2019 10:39
187818,27in FHD Monitor,1,4/18/2019 19:32
187819,20in Monitor,1,4/22/2019 19:12
187820,Lightning Charging Cable,1,4/13/2019 10:48
187821,ThinkPad Laptop,1,4/29/2019 15:02
187822,iPhone,1,4/11/2019 16:58
187822,Lightning Charging Cable,1,4/11/2019 16:58
187823,Bose SoundSport Headphones,1,4/8/2019 13:09
187824,AAA Batteries (4-pack),1,4/22/2019 6:25
187825,AAA Batteries (4-pack),2,4/2/2019 3:00
187826,USB-C Charging Cable,1,4/1/2019 15:10
187827,Bose SoundSport Headphones,1,4/13/2019 15:48
187828,iPhone,1,4/23/2019 19:20
187829,AAA Batteries (4-pack),1,4/2/2019 0:04
187830,Wired Headphones,1,4/16/2019 1:02
187831,Apple Airpods Headphones,1,4/17/2019 9:40
187832,AA Batteries (4-pack),2,4/18/2019 19:27
187833,Lightning Charging Cable,1,4/22/2019 23:25
187834,AA Batteries (4-pack),1,4/5/2019 20:08
187835,20in Monitor,1,4/23/2019 8:29
187836,iPhone,1,4/13/2019 10:36
187837,Bose SoundSport Headphones,1,4/9/2019 18:37
187838,AAA Batteries (4-pack),1,4/14/2019 15:26
187839,Apple Airpods Headphones,1,4/14/2019 0:38
187840,Lightning Charging Cable,1,4/7/2019 10:31
187841,AAA Batteries (4-pack),1,4/6/2019 10:45
187842,Apple Airpods Headphones,1,4/23/2019 11:24
187843,AAA Batteries (4-pack),1,4/15/2019 16:08
187844,20in Monitor,1,4/4/2019 21:22
187845,20in Monitor,1,4/28/2019 14:31
187846,USB-C Charging Cable,1,4/28/2019 14:52
187847,AA Batteries (4-pack),1,4/13/2019 15:19
187848,iPhone,1,4/3/2019 16:49
187849,iPhone,1,4/25/2019 12:54
187850,ThinkPad Laptop,1,4/5/2019 18:26
187851,AAA Batteries (4-pack),6,4/12/2019 0:09
187852,USB-C Charging Cable,1,4/5/2019 23:43
187853,iPhone,1,4/15/2019 18:41
187854,Macbook Pro Laptop,1,4/6/2019 19:07
187855,27in FHD Monitor,1,4/9/2019 9:17
187856,Google Phone,1,4/25/2019 20:18
187857,AAA Batteries (4-pack),3,4/23/2019 20:40
187858,AA Batteries (4-pack),1,4/5/2019 10:47
187859,AAA Batteries (4-pack),1,4/5/2019 22:02
187860,AA Batteries (4-pack),1,4/13/2019 6:37
187861,Flatscreen TV,1,4/17/2019 17:42
187862,34in Ultrawide Monitor,1,4/20/2019 22:48
187863,AA Batteries (4-pack),2,4/22/2019 17:36
187864,Flatscreen TV,1,4/28/2019 16:48
187865,USB-C Charging Cable,1,4/25/2019 17:19
187866,USB-C Charging Cable,1,4/5/2019 1:05
187867,Lightning Charging Cable,1,4/19/2019 8:10
187868,AAA Batteries (4-pack),1,4/23/2019 1:09
187869,Wired Headphones,1,4/6/2019 15:50
187870,Lightning Charging Cable,1,4/28/2019 18:52
187871,20in Monitor,1,4/20/2019 20:30
187872,USB-C Charging Cable,1,4/3/2019 20:44
187872,ThinkPad Laptop,1,4/3/2019 20:44
187873,Bose SoundSport Headphones,1,4/6/2019 19:31
187874,USB-C Charging Cable,1,4/8/2019 22:15
187875,Vareebadd Phone,1,4/30/2019 13:20
187876,AA Batteries (4-pack),1,4/14/2019 0:20
187877,27in FHD Monitor,1,4/26/2019 0:01
187878,Apple Airpods Headphones,1,4/24/2019 17:38
187879,AA Batteries (4-pack),1,4/2/2019 22:11
187880,Apple Airpods Headphones,1,4/30/2019 11:17
187881,ThinkPad Laptop,1,4/11/2019 17:56
187882,34in Ultrawide Monitor,1,4/13/2019 13:55
187883,Google Phone,1,4/30/2019 16:10
187884,AAA Batteries (4-pack),2,4/19/2019 22:30
187885,USB-C Charging Cable,1,4/15/2019 17:56
187886,Lightning Charging Cable,1,4/15/2019 8:54
187887,Lightning Charging Cable,1,4/24/2019 10:52
Order ID,Product,Quantity Ordered,Order Date
187888,iPhone,1,4/30/2019 19:20
187888,Wired Headphones,2,4/30/2019 19:20
187889,USB-C Charging Cable,1,4/14/2019 11:32
187890,Lightning Charging Cable,1,4/21/2019 17:06
187891,27in FHD Monitor,1,4/13/2019 16:03
187892,Wired Headphones,1,4/6/2019 5:45
,,,
187893,Google Phone,1,4/12/2019 19:50
187894,27in FHD Monitor,1,4/28/2019 13:06
187895,AA Batteries (4-pack),3,4/1/2019 20:54
187896,Bose SoundSport Headphones,1,4/15/2019 18:49
187897,AAA Batteries (4-pack),1,4/23/2019 18:10
187898,Macbook Pro Laptop,1,4/15/2019 14:06
187899,Lightning Charging Cable,1,4/22/2019 18:50
187900,USB-C Charging Cable,1,4/1/2019 23:00
187901,Google Phone,1,4/3/2019 10:44
187902,Wired Headphones,1,4/1/2019 20:52
187903,AA Batteries (4-pack),1,4/23/2019 12:27
187904,AA Batteries (4-pack),1,4/12/2019 20:18
187905,USB-C Charging Cable,1,4/5/2019 18:35
187906,AA Batteries (4-pack),1,4/20/2019 17:23
187907,Wired Headphones,1,4/17/2019 11:53
187908,AAA Batteries (4-pack),2,4/28/2019 12:42
187909,Lightning Charging Cable,1,4/15/2019 17:45
187910,Wired Headphones,1,4/21/2019 13:30
187911,USB-C Charging Cable,1,4/15/2019 10:23
187912,USB-C Charging Cable,1,4/20/2019 16:04
187913,Apple Airpods Headphones,1,4/30/2019 17:03
187914,USB-C Charging Cable,1,4/9/2019 13:09
187915,Bose SoundSport Headphones,1,4/13/2019 21:23
187916,Wired Headphones,1,4/29/2019 15:48
187917,Bose SoundSport Headphones,1,4/4/2019 2:38
187918,Bose SoundSport Headphones,1,4/19/2019 20:27
187919,Wired Headphones,2,4/30/2019 18:31
187920,Apple Airpods Headphones,1,4/25/2019 7:26
187921,Apple Airpods Headphones,1,4/26/2019 11:39
187922,USB-C Charging Cable,1,4/2/2019 19:11
187923,27in 4K Gaming Monitor,1,4/16/2019 15:41
187924,Wired Headphones,1,4/8/2019 15:37
187925,27in FHD Monitor,1,4/17/2019 13:12
187926,USB-C Charging Cable,1,4/13/2019 11:27
187927,Wired Headphones,1,4/3/2019 12:31
187928,USB-C Charging Cable,2,4/22/2019 19:55
187929,Apple Airpods Headphones,1,4/9/2019 14:51
187930,AAA Batteries (4-pack),1,4/6/2019 17:56
187931,AA Batteries (4-pack),1,4/16/2019 14:31
187932,Vareebadd Phone,1,4/11/2019 19:47
187932,USB-C Charging Cable,1,4/11/2019 19:47
187933,AA Batteries (4-pack),1,4/19/2019 4:44
187934,Wired Headphones,1,4/29/2019 11:50
187935,AA Batteries (4-pack),1,4/10/2019 20:55
187936,Bose SoundSport Headphones,1,4/13/2019 6:24
187937,AAA Batteries (4-pack),2,4/17/2019 8:00
187938,Wired Headphones,1,4/3/2019 17:05
187939,Bose SoundSport Headphones,1,4/21/2019 12:15
187940,Wired Headphones,1,4/30/2019 16:06
187941,Lightning Charging Cable,1,4/23/2019 21:25
187942,27in 4K Gaming Monitor,1,4/25/2019 7:19
187943,Lightning Charging Cable,1,4/3/2019 14:40
187944,AAA Batteries (4-pack),1,4/17/2019 19:45
187945,Vareebadd Phone,1,4/24/2019 13:17
187946,27in FHD Monitor,1,4/9/2019 12:09
187947,AAA Batteries (4-pack),1,4/8/2019 18:18
187948,USB-C Charging Cable,1,4/27/2019 15:49
187949,Vareebadd Phone,1,4/8/2019 16:32
187950,USB-C Charging Cable,1,4/3/2019 12:45
187951,iPhone,1,4/25/2019 20:27
187952,AAA Batteries (4-pack),1,4/8/2019 13:26
187953,AAA Batteries (4-pack),1,4/8/2019 16:19
187954,27in FHD Monitor,1,4/19/2019 9:04
187955,Google Phone,1,4/3/2019 14:51
187955,USB-C Charging Cable,1,4/3/2019 14:51
187956,34in Ultrawide Monitor,1,4/28/2019 17:08
187957,USB-C Charging Cable,2,4/18/2019 3:53
187958,Apple Airpods Headphones,1,4/24/2019 17:54
187959,Wired Headphones,1,4/6/2019 1:49
187960,AA Batteries (4-pack),1,4/9/2019 15:29
187961,AAA Batteries (4-pack),1,4/27/2019 0:18
187962,AA Batteries (4-pack),1,4/25/2019 0:25
187963,27in FHD Monitor,1,4/14/2019 11:18
187964,AAA Batteries (4-pack),1,4/3/2019 10:53
187965,Google Phone,1,4/22/2019 23:49
187966,AA Batteries (4-pack),1,4/27/2019 21:57
187967,Vareebadd Phone,1,4/20/2019 13:56
187967,USB-C Charging Cable,1,4/20/2019 13:56
187967,Bose SoundSport Headphones,1,4/20/2019 13:56
187968,USB-C Charging Cable,1,4/2/2019 11:50
187969,Vareebadd Phone,1,4/24/2019 12:56
187970,Google Phone,1,4/20/2019 17:07
187970,USB-C Charging Cable,1,4/20/2019 17:07
187971,Lightning Charging Cable,1,4/19/2019 16:39
187972,AA Batteries (4-pack),1,4/19/2019 8:03
187973,Wired Headphones,1,4/19/2019 18:36
187974,Macbook Pro Laptop,1,4/3/2019 10:58
187975,Wired Headphones,1,4/8/2019 16:12
187976,LG Dryer,1,4/19/2019 17:13
187977,Lightning Charging Cable,2,4/5/2019 14:16
187978,Google Phone,1,4/2/2019 12:57
187978,Bose SoundSport Headphones,1,4/2/2019 12:57
187979,AAA Batteries (4-pack),1,4/13/2019 13:44
187980,Google Phone,1,4/18/2019 13:40
187981,Lightning Charging Cable,1,4/7/2019 11:55
187982,iPhone,2,4/6/2019 22:03
187983,Lightning Charging Cable,1,4/17/2019 19:58
187984,Macbook Pro Laptop,1,4/2/2019 6:00
187985,AA Batteries (4-pack),1,4/25/2019 14:36
187986,USB-C Charging Cable,1,4/29/2019 14:43
187987,Lightning Charging Cable,1,4/3/2019 13:31
187988,Bose SoundSport Headphones,1,4/13/2019 6:16
187989,AAA Batteries (4-pack),1,4/14/2019 21:40
187990,AA Batteries (4-pack),1,4/12/2019 12:26
187991,AA Batteries (4-pack),2,4/17/2019 18:42
187992,27in 4K Gaming Monitor,1,4/6/2019 14:19
187993,Lightning Charging Cable,1,4/30/2019 23:24
187994,Lightning Charging Cable,1,4/29/2019 18:41
187995,Apple Airpods Headphones,1,4/27/2019 22:11
187996,AAA Batteries (4-pack),1,4/2/2019 16:35
187997,USB-C Charging Cable,1,4/22/2019 0:15
187998,USB-C Charging Cable,1,4/5/2019 16:42
187999,AA Batteries (4-pack),1,4/1/2019 7:51
188000,27in FHD Monitor,1,4/2/2019 18:11
188001,iPhone,1,4/4/2019 7:08
188002,34in Ultrawide Monitor,1,4/28/2019 13:50
188003,Google Phone,1,4/25/2019 12:54
188004,Apple Airpods Headphones,1,4/8/2019 8:49
188005,Apple Airpods Headphones,1,4/28/2019 12:18
188006,AAA Batteries (4-pack),1,4/8/2019 11:11
188007,20in Monitor,1,4/14/2019 19:55
188008,Wired Headphones,1,4/15/2019 14:07
188009,USB-C Charging Cable,1,4/24/2019 16:29
188010,Wired Headphones,1,4/3/2019 4:24
188011,34in Ultrawide Monitor,1,4/26/2019 0:53
188012,Lightning Charging Cable,1,4/3/2019 16:59
188013,iPhone,1,4/23/2019 23:17
188014,AAA Batteries (4-pack),2,4/24/2019 19:32
188015,AAA Batteries (4-pack),1,4/28/2019 16:21
188016,AA Batteries (4-pack),1,4/26/2019 18:38
188017,Lightning Charging Cable,1,4/30/2019 18:14
188018,USB-C Charging Cable,1,4/23/2019 9:17
188019,Lightning Charging Cable,1,4/20/2019 17:11
188020,AA Batteries (4-pack),1,4/25/2019 23:01
188021,Macbook Pro Laptop,1,4/11/2019 18:07
188022,34in Ultrawide Monitor,1,4/13/2019 21:38
188023,AA Batteries (4-pack),1,4/17/2019 14:35
188024,AA Batteries (4-pack),1,4/19/2019 14:28
188025,Apple Airpods Headphones,1,4/9/2019 20:07
188026,27in FHD Monitor,1,4/16/2019 20:54
188026,Wired Headphones,1,4/16/2019 20:54
188027,Bose SoundSport Headphones,1,4/15/2019 15:32
188028,AAA Batteries (4-pack),1,4/7/2019 11:25
188028,USB-C Charging Cable,1,4/7/2019 11:25
188029,Google Phone,1,4/7/2019 14:13
188030,USB-C Charging Cable,1,4/21/2019 12:09
188031,27in FHD Monitor,1,4/5/2019 23:51
188032,AAA Batteries (4-pack),1,4/8/2019 20:35
188033,AA Batteries (4-pack),1,4/23/2019 11:16
188034,AA Batteries (4-pack),1,4/27/2019 2:00
188035,AAA Batteries (4-pack),1,4/4/2019 14:18
188036,USB-C Charging Cable,1,4/29/2019 7:16
188037,27in FHD Monitor,1,4/30/2019 13:53
188038,iPhone,1,4/30/2019 2:43
188038,Lightning Charging Cable,1,4/30/2019 2:43
188039,Apple Airpods Headphones,1,4/3/2019 12:27
188040,Lightning Charging Cable,1,4/7/2019 18:39
188041,iPhone,1,4/27/2019 12:29
188042,34in Ultrawide Monitor,1,4/20/2019 10:17
188043,Wired Headphones,1,4/25/2019 22:17
188044,27in 4K Gaming Monitor,1,4/16/2019 13:27
188045,Lightning Charging Cable,1,4/5/2019 4:57
188046,Lightning Charging Cable,2,4/19/2019 15:08
188047,USB-C Charging Cable,1,4/19/2019 17:30
188048,AA Batteries (4-pack),1,4/27/2019 6:20
188049,27in FHD Monitor,1,4/22/2019 22:40
188050,Bose SoundSport Headphones,1,4/22/2019 11:37
188051,27in FHD Monitor,1,4/23/2019 4:39
188052,Lightning Charging Cable,1,4/3/2019 14:03
188053,USB-C Charging Cable,1,4/10/2019 15:48
188054,Lightning Charging Cable,1,4/25/2019 12:38
188055,Lightning Charging Cable,1,4/16/2019 19:11
188056,AA Batteries (4-pack),1,4/29/2019 14:27
188057,Bose SoundSport Headphones,1,4/11/2019 8:46
188058,AAA Batteries (4-pack),1,4/6/2019 11:46
188059,AA Batteries (4-pack),1,4/20/2019 16:18
188060,Macbook Pro Laptop,1,4/8/2019 8:15
188061,Google Phone,1,4/18/2019 11:24
188062,AAA Batteries (4-pack),1,4/7/2019 18:20
188063,AAA Batteries (4-pack),1,4/25/2019 9:42
188064,Google Phone,1,4/9/2019 16:26
188065,AA Batteries (4-pack),1,4/20/2019 22:12
188066,Macbook Pro Laptop,1,4/25/2019 9:20
188067,Apple Airpods Headphones,1,4/2/2019 20:07
188068,27in 4K Gaming Monitor,1,4/14/2019 11:19
188069,AAA Batteries (4-pack),3,4/21/2019 14:07
188070,34in Ultrawide Monitor,1,4/18/2019 11:50
188070,USB-C Charging Cable,1,4/18/2019 11:50
188071,Lightning Charging Cable,1,4/18/2019 20:10
188072,Apple Airpods Headphones,1,4/12/2019 22:01
188073,Bose SoundSport Headphones,1,4/5/2019 20:13
188074,Lightning Charging Cable,1,4/25/2019 22:31
188075,Apple Airpods Headphones,1,4/28/2019 17:21
188076,AA Batteries (4-pack),2,4/22/2019 14:23
188077,iPhone,1,4/15/2019 22:26
188077,Lightning Charging Cable,1,4/15/2019 22:26
188078,AA Batteries (4-pack),1,4/17/2019 10:07
188079,Apple Airpods Headphones,1,4/13/2019 18:16
188080,Lightning Charging Cable,1,4/19/2019 17:02
188081,AA Batteries (4-pack),1,4/11/2019 12:32
188082,Bose SoundSport Headphones,1,4/14/2019 14:05
188083,Apple Airpods Headphones,1,4/25/2019 21:09
188084,Lightning Charging Cable,1,4/20/2019 20:36
188085,Lightning Charging Cable,1,4/28/2019 1:46
188086,Macbook Pro Laptop,1,4/24/2019 12:04
188087,ThinkPad Laptop,1,4/1/2019 21:03
188087,Macbook Pro Laptop,1,4/1/2019 21:03
188088,Vareebadd Phone,1,4/12/2019 12:28
188089,Apple Airpods Headphones,1,4/25/2019 22:15
188090,Macbook Pro Laptop,1,4/28/2019 11:04
188091,Apple Airpods Headphones,1,4/2/2019 15:56
188092,Wired Headphones,1,4/10/2019 7:18
188093,Apple Airpods Headphones,1,4/10/2019 21:48
188094,AA Batteries (4-pack),1,4/5/2019 22:04
188095,LG Washing Machine,1,4/5/2019 9:26
188096,Bose SoundSport Headphones,1,4/26/2019 1:33
188097,Google Phone,1,4/17/2019 10:49
188097,USB-C Charging Cable,1,4/17/2019 10:49
188097,27in FHD Monitor,1,4/17/2019 10:49
188098,iPhone,1,4/19/2019 20:49
188099,Apple Airpods Headphones,1,4/1/2019 22:03
188100,AA Batteries (4-pack),2,4/3/2019 15:17
188101,AA Batteries (4-pack),1,4/1/2019 9:32
188102,Lightning Charging Cable,1,4/4/2019 15:02
188103,20in Monitor,1,4/5/2019 11:28
188104,ThinkPad Laptop,1,4/23/2019 11:03
188105,20in Monitor,1,4/23/2019 17:07
188106,USB-C Charging Cable,1,4/28/2019 23:50
188107,Apple Airpods Headphones,1,4/2/2019 18:54
188107,Flatscreen TV,1,4/2/2019 18:54
188108,27in FHD Monitor,1,4/24/2019 15:04
188109,27in FHD Monitor,1,4/18/2019 16:05
188110,Wired Headphones,1,4/10/2019 17:05
188111,27in FHD Monitor,1,4/8/2019 15:03
,,,
188112,Google Phone,1,4/26/2019 20:05
188113,AAA Batteries (4-pack),1,4/29/2019 22:13
188113,USB-C Charging Cable,1,4/29/2019 22:13
188114,AA Batteries (4-pack),1,4/23/2019 22:16
188115,AA Batteries (4-pack),1,4/4/2019 19:42
188116,Flatscreen TV,1,4/23/2019 5:50
188117,Flatscreen TV,1,4/12/2019 20:50
188118,USB-C Charging Cable,1,4/13/2019 17:18
188119,Flatscreen TV,1,4/9/2019 8:06
188120,AAA Batteries (4-pack),3,4/19/2019 9:17
188121,Flatscreen TV,1,4/10/2019 7:13
188122,iPhone,1,4/13/2019 19:03
188122,Lightning Charging Cable,1,4/13/2019 19:03
188123,Lightning Charging Cable,1,4/5/2019 13:23
188124,20in Monitor,1,4/23/2019 13:44
188125,AAA Batteries (4-pack),1,4/19/2019 10:30
188126,AAA Batteries (4-pack),1,4/19/2019 22:52
188127,Google Phone,1,4/17/2019 8:32
188128,USB-C Charging Cable,1,4/20/2019 0:30
188129,Macbook Pro Laptop,1,4/5/2019 4:35
188130,Bose SoundSport Headphones,1,4/12/2019 23:06
188131,Wired Headphones,1,4/8/2019 14:51
188132,Apple Airpods Headphones,1,4/21/2019 20:03
188133,USB-C Charging Cable,1,4/17/2019 12:29
188134,Flatscreen TV,1,4/14/2019 16:24
188135,Wired Headphones,1,4/16/2019 12:43
188136,Bose SoundSport Headphones,1,4/5/2019 19:13
188137,Lightning Charging Cable,1,4/2/2019 20:19
188138,Wired Headphones,2,4/18/2019 18:42
188139,Wired Headphones,1,4/5/2019 10:40
188140,27in 4K Gaming Monitor,1,4/23/2019 10:08
188141,AAA Batteries (4-pack),1,4/16/2019 19:32
188142,ThinkPad Laptop,1,4/13/2019 19:01
188142,AA Batteries (4-pack),2,4/13/2019 19:01
188143,USB-C Charging Cable,1,4/24/2019 14:01
188144,Wired Headphones,2,4/22/2019 10:47
188145,AA Batteries (4-pack),1,4/29/2019 21:53
188146,USB-C Charging Cable,1,4/24/2019 9:06
188147,Lightning Charging Cable,1,4/20/2019 17:13
188148,AAA Batteries (4-pack),2,4/21/2019 20:31
188149,27in 4K Gaming Monitor,1,4/29/2019 22:31
188150,Wired Headphones,1,4/24/2019 19:51
188151,AAA Batteries (4-pack),1,4/6/2019 7:31
188152,AA Batteries (4-pack),1,4/20/2019 0:10
188153,AA Batteries (4-pack),2,4/23/2019 22:57
188154,Wired Headphones,1,4/29/2019 5:13
188155,34in Ultrawide Monitor,1,4/13/2019 10:50
188156,AAA Batteries (4-pack),1,4/18/2019 11:58
188157,USB-C Charging Cable,1,4/13/2019 12:37
188158,Lightning Charging Cable,1,4/8/2019 0:57
188159,USB-C Charging Cable,1,4/28/2019 20:22
188160,Flatscreen TV,1,4/25/2019 20:56
188161,Lightning Charging Cable,1,4/3/2019 17:25
188162,iPhone,1,4/16/2019 14:38
188163,AAA Batteries (4-pack),1,4/15/2019 14:02
188164,Apple Airpods Headphones,1,4/28/2019 10:58
188165,Lightning Charging Cable,1,4/16/2019 18:36
188166,Lightning Charging Cable,1,4/1/2019 12:06
188167,USB-C Charging Cable,2,4/10/2019 7:11
188168,AA Batteries (4-pack),2,4/3/2019 12:33
188169,AA Batteries (4-pack),2,4/10/2019 18:52
188170,Macbook Pro Laptop,1,4/20/2019 16:08
188171,AAA Batteries (4-pack),3,4/17/2019 8:59
188172,AAA Batteries (4-pack),2,4/22/2019 18:11
188173,USB-C Charging Cable,1,4/2/2019 13:07
188174,Lightning Charging Cable,1,4/21/2019 9:31
188175,AA Batteries (4-pack),1,4/3/2019 16:44
188176,AA Batteries (4-pack),1,4/30/2019 8:44
188177,Apple Airpods Headphones,1,4/26/2019 20:02
188178,Apple Airpods Headphones,1,4/29/2019 16:08
188179,34in Ultrawide Monitor,1,4/9/2019 15:59
188180,27in FHD Monitor,1,4/26/2019 0:17
188181,Apple Airpods Headphones,1,4/19/2019 13:22
188182,27in 4K Gaming Monitor,1,4/2/2019 12:04
188183,Bose SoundSport Headphones,1,4/1/2019 23:46
188184,Lightning Charging Cable,1,4/29/2019 17:04
188185,Lightning Charging Cable,2,4/2/2019 10:09
188186,Wired Headphones,1,4/3/2019 11:16
188187,ThinkPad Laptop,1,4/8/2019 11:55
188188,27in FHD Monitor,1,4/2/2019 14:45
188189,Lightning Charging Cable,1,4/6/2019 15:41
188190,AAA Batteries (4-pack),2,4/23/2019 10:09
188191,Bose SoundSport Headphones,1,4/27/2019 11:59
188192,AAA Batteries (4-pack),1,4/2/2019 15:48
188193,AAA Batteries (4-pack),1,4/11/2019 10:37
188194,Bose SoundSport Headphones,1,4/11/2019 19:14
188195,Apple Airpods Headphones,1,4/25/2019 12:34
188196,Wired Headphones,1,4/5/2019 13:11
188197,Wired Headphones,1,4/21/2019 22:45
188198,AA Batteries (4-pack),1,4/30/2019 13:08
188199,Lightning Charging Cable,1,4/2/2019 13:17
188200,AAA Batteries (4-pack),1,4/29/2019 19:54
188201,Bose SoundSport Headphones,1,4/24/2019 22:42
188202,USB-C Charging Cable,1,4/5/2019 7:46
188203,Lightning Charging Cable,1,4/8/2019 14:34
188204,Wired Headphones,1,4/14/2019 13:27
188205,Wired Headphones,1,4/6/2019 0:30
188206,AAA Batteries (4-pack),1,4/27/2019 21:45
188207,Macbook Pro Laptop,1,4/27/2019 22:19
188208,AA Batteries (4-pack),1,4/11/2019 21:53
188209,USB-C Charging Cable,1,4/2/2019 18:46
188210,27in 4K Gaming Monitor,1,4/15/2019 23:40
188211,Apple Airpods Headphones,1,4/4/2019 16:34
188212,USB-C Charging Cable,1,4/11/2019 11:16
188213,Wired Headphones,1,4/10/2019 15:53
188214,AA Batteries (4-pack),2,4/11/2019 16:34
188215,AAA Batteries (4-pack),1,4/3/2019 8:16
188216,Lightning Charging Cable,1,4/4/2019 14:51
188217,iPhone,1,4/20/2019 12:28
188218,Wired Headphones,1,4/5/2019 6:46
188219,Google Phone,1,4/24/2019 7:54
188220,AAA Batteries (4-pack),1,4/7/2019 13:28
188221,AAA Batteries (4-pack),1,4/9/2019 13:43
188222,AAA Batteries (4-pack),1,4/6/2019 9:25
188222,AA Batteries (4-pack),1,4/6/2019 9:25
188223,Macbook Pro Laptop,1,4/26/2019 10:49
188224,AAA Batteries (4-pack),1,4/28/2019 21:36
188225,AA Batteries (4-pack),3,4/3/2019 10:28
188226,ThinkPad Laptop,1,4/10/2019 18:05
188227,Bose SoundSport Headphones,1,4/24/2019 22:55
188228,34in Ultrawide Monitor,1,4/6/2019 20:00
188229,34in Ultrawide Monitor,1,4/9/2019 16:31
188230,Google Phone,1,4/1/2019 10:05
188231,USB-C Charging Cable,1,4/30/2019 15:35
188232,27in 4K Gaming Monitor,1,4/4/2019 22:45
188233,Bose SoundSport Headphones,1,4/23/2019 22:06
188234,Apple Airpods Headphones,1,4/2/2019 20:08
188235,AAA Batteries (4-pack),2,4/25/2019 0:24
188236,Wired Headphones,1,4/19/2019 11:29
188237,Wired Headphones,1,4/13/2019 20:13
188238,34in Ultrawide Monitor,1,4/7/2019 8:32
188239,Google Phone,1,4/22/2019 13:17
188240,Wired Headphones,1,4/24/2019 16:08
188241,AAA Batteries (4-pack),3,4/1/2019 13:10
188242,Google Phone,1,4/23/2019 19:03
188243,Lightning Charging Cable,1,4/5/2019 22:24
188244,Bose SoundSport Headphones,1,4/3/2019 16:23
188245,Lightning Charging Cable,1,4/17/2019 9:36
188246,AA Batteries (4-pack),1,4/7/2019 14:11
188247,Wired Headphones,1,4/24/2019 0:46
188248,USB-C Charging Cable,1,4/23/2019 17:01
188249,AAA Batteries (4-pack),2,4/18/2019 16:31
188250,AA Batteries (4-pack),1,4/16/2019 10:31
188251,AA Batteries (4-pack),1,4/4/2019 18:48
188252,Wired Headphones,1,4/1/2019 20:00
188253,Google Phone,1,4/11/2019 12:23
188254,AAA Batteries (4-pack),3,4/2/2019 23:39
188255,Lightning Charging Cable,1,4/27/2019 9:52
188256,Wired Headphones,3,4/5/2019 14:12
188257,Apple Airpods Headphones,1,4/28/2019 9:28
188258,Wired Headphones,1,4/2/2019 10:24
188259,Lightning Charging Cable,1,4/28/2019 14:09
188260,Lightning Charging Cable,1,4/5/2019 13:14
188261,20in Monitor,1,4/11/2019 19:05
188262,AAA Batteries (4-pack),3,4/22/2019 19:43
188263,Google Phone,1,4/28/2019 9:51
188264,Lightning Charging Cable,1,4/30/2019 21:21
188265,iPhone,1,4/15/2019 14:45
188266,Google Phone,1,4/2/2019 8:51
188267,AA Batteries (4-pack),1,4/8/2019 11:35
188268,Vareebadd Phone,1,4/15/2019 15:51
188269,27in FHD Monitor,1,4/1/2019 10:17
188269,iPhone,1,4/1/2019 10:17
188270,Lightning Charging Cable,1,4/19/2019 12:55
188271,USB-C Charging Cable,1,4/11/2019 15:42
188272,Flatscreen TV,1,4/24/2019 19:34
188273,iPhone,1,4/17/2019 10:47
188274,Lightning Charging Cable,1,4/12/2019 21:35
188275,Macbook Pro Laptop,1,4/20/2019 15:05
188276,Wired Headphones,1,4/24/2019 1:36
188277,Apple Airpods Headphones,1,4/26/2019 10:44
188278,USB-C Charging Cable,1,4/14/2019 20:53
188279,Wired Headphones,1,4/19/2019 19:16
188280,27in FHD Monitor,1,4/13/2019 0:53
188281,Apple Airpods Headphones,1,4/23/2019 22:30
188282,USB-C Charging Cable,1,4/30/2019 17:28
188283,Apple Airpods Headphones,1,4/18/2019 16:55
188284,27in FHD Monitor,1,4/18/2019 9:27
188285,34in Ultrawide Monitor,1,4/4/2019 17:45
188286,34in Ultrawide Monitor,1,4/24/2019 14:41
188287,Apple Airpods Headphones,1,4/4/2019 18:27
188288,Bose SoundSport Headphones,1,4/25/2019 17:28
188289,Apple Airpods Headphones,1,4/27/2019 11:48
188290,USB-C Charging Cable,1,4/23/2019 11:37
188291,AA Batteries (4-pack),1,4/7/2019 8:26
188292,AAA Batteries (4-pack),1,4/16/2019 13:54
188293,USB-C Charging Cable,2,4/19/2019 21:30
188294,AAA Batteries (4-pack),2,4/13/2019 8:49
188295,USB-C Charging Cable,1,4/13/2019 16:50
188296,Bose SoundSport Headphones,1,4/3/2019 18:00
188297,27in FHD Monitor,1,4/19/2019 1:06
188298,Lightning Charging Cable,2,4/22/2019 21:47
188299,Google Phone,1,4/13/2019 21:24
188300,27in FHD Monitor,1,4/28/2019 6:03
188301,ThinkPad Laptop,1,4/18/2019 14:42
188302,USB-C Charging Cable,1,4/9/2019 18:25
188303,iPhone,1,4/25/2019 0:34
188303,Apple Airpods Headphones,1,4/25/2019 0:34
188304,Bose SoundSport Headphones,1,4/26/2019 10:37
188305,AA Batteries (4-pack),1,4/28/2019 12:12
188306,Bose SoundSport Headphones,1,4/17/2019 12:39
188307,20in Monitor,1,4/26/2019 16:07
188308,AAA Batteries (4-pack),4,4/30/2019 17:03
188309,AA Batteries (4-pack),1,4/22/2019 19:17
188310,34in Ultrawide Monitor,1,4/11/2019 7:21
188311,27in FHD Monitor,1,4/10/2019 10:13
188312,AA Batteries (4-pack),2,4/30/2019 9:34
188313,Lightning Charging Cable,1,4/23/2019 9:58
188314,USB-C Charging Cable,1,4/25/2019 10:03
188315,Apple Airpods Headphones,1,4/17/2019 23:04
188316,Apple Airpods Headphones,1,4/9/2019 0:47
188317,Lightning Charging Cable,1,4/11/2019 18:04
188318,Apple Airpods Headphones,1,4/2/2019 16:47
188319,AAA Batteries (4-pack),1,4/4/2019 22:25
188320,USB-C Charging Cable,1,4/18/2019 15:23
188321,Wired Headphones,1,4/30/2019 10:22
188322,USB-C Charging Cable,1,4/3/2019 8:01
188323,27in FHD Monitor,1,4/9/2019 15:16
188324,27in 4K Gaming Monitor,1,4/7/2019 10:12
188325,Lightning Charging Cable,1,4/12/2019 10:06
188326,Bose SoundSport Headphones,1,4/21/2019 20:20
188326,Lightning Charging Cable,1,4/21/2019 20:20
188327,Macbook Pro Laptop,1,4/17/2019 17:17
188328,Google Phone,1,4/14/2019 23:56
188329,27in 4K Gaming Monitor,1,4/9/2019 15:04
188330,Bose SoundSport Headphones,1,4/27/2019 9:24
188331,USB-C Charging Cable,1,4/25/2019 18:16
188332,Vareebadd Phone,1,4/16/2019 19:08
188332,USB-C Charging Cable,1,4/16/2019 19:08
188333,Wired Headphones,1,4/6/2019 19:39
188334,AAA Batteries (4-pack),2,4/23/2019 1:23
188335,Apple Airpods Headphones,1,4/5/2019 23:03
188336,USB-C Charging Cable,1,4/18/2019 2:12
188337,AA Batteries (4-pack),1,4/27/2019 13:56
188338,Lightning Charging Cable,1,4/4/2019 13:37
188339,ThinkPad Laptop,1,4/6/2019 22:35
188340,Bose SoundSport Headphones,1,4/12/2019 23:17
188340,Wired Headphones,1,4/12/2019 23:17
188341,27in FHD Monitor,1,4/3/2019 18:54
188342,Bose SoundSport Headphones,1,4/26/2019 12:45
188343,iPhone,1,4/22/2019 18:46
188343,Lightning Charging Cable,1,4/22/2019 18:46
188344,27in 4K Gaming Monitor,1,4/29/2019 23:46
188345,iPhone,1,4/3/2019 22:37
188345,Lightning Charging Cable,1,4/3/2019 22:37
188346,AA Batteries (4-pack),1,4/3/2019 23:08
188347,Apple Airpods Headphones,1,4/5/2019 14:00
188348,Bose SoundSport Headphones,1,4/17/2019 11:08
188349,Lightning Charging Cable,1,4/3/2019 16:33
188350,Apple Airpods Headphones,1,4/25/2019 16:40
188351,AAA Batteries (4-pack),1,4/15/2019 7:05
188352,Lightning Charging Cable,1,4/23/2019 11:17
188353,27in FHD Monitor,1,4/24/2019 7:08
188354,Wired Headphones,1,4/28/2019 12:17
188355,Lightning Charging Cable,1,4/27/2019 11:39
188356,34in Ultrawide Monitor,1,4/18/2019 23:38
188357,USB-C Charging Cable,1,4/30/2019 19:56
188358,Wired Headphones,1,4/22/2019 19:15
188359,Apple Airpods Headphones,1,4/23/2019 7:18
188360,27in 4K Gaming Monitor,1,4/25/2019 23:48
188361,Lightning Charging Cable,1,4/18/2019 9:05
188362,AA Batteries (4-pack),1,4/6/2019 22:35
188363,Wired Headphones,1,4/23/2019 9:15
188364,AA Batteries (4-pack),1,4/13/2019 14:23
188365,Lightning Charging Cable,1,4/1/2019 10:51
188366,Apple Airpods Headphones,1,4/6/2019 17:27
188367,Bose SoundSport Headphones,1,4/11/2019 9:09
188368,34in Ultrawide Monitor,1,4/25/2019 23:45
188369,Google Phone,1,4/18/2019 22:01
188370,34in Ultrawide Monitor,1,4/16/2019 21:09
188371,AAA Batteries (4-pack),1,4/21/2019 13:45
188372,AA Batteries (4-pack),2,4/11/2019 13:15
188373,USB-C Charging Cable,2,4/24/2019 21:49
188374,Google Phone,1,4/25/2019 23:53
188374,USB-C Charging Cable,1,4/25/2019 23:53
188375,Lightning Charging Cable,1,4/24/2019 15:32
188376,Wired Headphones,1,4/7/2019 4:24
188377,Flatscreen TV,1,4/22/2019 8:23
188378,AAA Batteries (4-pack),1,4/5/2019 14:30
188379,AAA Batteries (4-pack),1,4/15/2019 21:05
188380,Bose SoundSport Headphones,1,4/14/2019 18:48
188380,34in Ultrawide Monitor,1,4/14/2019 18:48
188381,Wired Headphones,1,4/14/2019 16:53
188382,Wired Headphones,1,4/12/2019 20:15
188383,Bose SoundSport Headphones,1,4/3/2019 15:09
188384,Apple Airpods Headphones,1,4/21/2019 22:51
188385,Lightning Charging Cable,1,4/6/2019 15:06
188386,27in 4K Gaming Monitor,1,4/2/2019 7:49
188387,LG Dryer,1,4/4/2019 14:43
188388,Flatscreen TV,1,4/9/2019 6:03
188389,Wired Headphones,1,4/7/2019 13:35
188390,Apple Airpods Headphones,1,4/4/2019 19:33
188391,Wired Headphones,1,4/5/2019 8:55
188392,Bose SoundSport Headphones,1,4/22/2019 12:07
188393,Wired Headphones,2,4/1/2019 21:34
188394,Wired Headphones,2,4/25/2019 18:48
188395,Lightning Charging Cable,2,4/2/2019 7:07
188396,AAA Batteries (4-pack),1,4/3/2019 0:10
188397,USB-C Charging Cable,1,4/30/2019 8:21
188398,20in Monitor,1,4/26/2019 18:32
188399,Bose SoundSport Headphones,1,4/4/2019 16:47
188400,USB-C Charging Cable,1,4/17/2019 1:13
188401,Macbook Pro Laptop,1,4/5/2019 12:56
188402,AA Batteries (4-pack),1,4/14/2019 18:03
188403,Lightning Charging Cable,1,4/17/2019 11:46
188404,AA Batteries (4-pack),1,4/6/2019 17:28
188405,AA Batteries (4-pack),1,4/5/2019 23:33
188406,27in 4K Gaming Monitor,1,4/30/2019 20:09
188407,USB-C Charging Cable,1,4/23/2019 8:33
188408,Lightning Charging Cable,1,4/13/2019 13:37
188409,iPhone,1,4/1/2019 19:54
188410,AA Batteries (4-pack),4,4/26/2019 17:02
188410,Lightning Charging Cable,1,4/26/2019 17:02
188411,AAA Batteries (4-pack),1,4/19/2019 19:08
188412,USB-C Charging Cable,1,4/27/2019 13:25
188413,AAA Batteries (4-pack),1,4/30/2019 11:51
188414,Bose SoundSport Headphones,1,4/9/2019 19:59
188415,Lightning Charging Cable,2,4/7/2019 9:18
188416,Bose SoundSport Headphones,1,4/1/2019 23:10
188417,Macbook Pro Laptop,1,4/25/2019 13:03
188418,Apple Airpods Headphones,1,4/15/2019 21:43
188419,Wired Headphones,1,4/8/2019 7:26
188420,iPhone,1,4/30/2019 11:13
188421,Apple Airpods Headphones,1,4/15/2019 9:27
188422,Bose SoundSport Headphones,1,4/15/2019 18:57
188423,AAA Batteries (4-pack),1,4/15/2019 11:15
188424,AA Batteries (4-pack),3,4/1/2019 15:23
188425,Lightning Charging Cable,2,4/13/2019 2:07
188426,Wired Headphones,1,4/9/2019 13:46
188427,USB-C Charging Cable,1,4/1/2019 20:26
188428,Wired Headphones,1,4/3/2019 2:12
188429,27in 4K Gaming Monitor,1,4/6/2019 16:03
188430,AA Batteries (4-pack),1,4/4/2019 6:32
188431,AA Batteries (4-pack),1,4/17/2019 8:33
188432,Wired Headphones,3,4/5/2019 11:19
188433,iPhone,1,4/30/2019 14:46
188434,27in 4K Gaming Monitor,1,4/28/2019 22:25
188435,20in Monitor,1,4/13/2019 5:59
Order ID,Product,Quantity Ordered,Order Date
188436,USB-C Charging Cable,1,4/10/2019 16:25
188437,27in 4K Gaming Monitor,1,4/10/2019 6:02
188438,iPhone,1,4/22/2019 4:15
188439,AAA Batteries (4-pack),1,4/15/2019 20:39
188440,USB-C Charging Cable,1,4/30/2019 16:34
188441,Lightning Charging Cable,1,4/2/2019 12:48
188442,AAA Batteries (4-pack),1,4/21/2019 19:57
188443,Bose SoundSport Headphones,1,4/17/2019 9:32
188444,USB-C Charging Cable,1,4/3/2019 13:29
188445,Apple Airpods Headphones,1,4/5/2019 1:47
188446,27in FHD Monitor,1,4/5/2019 13:29
188447,AA Batteries (4-pack),1,4/14/2019 8:22
188448,27in FHD Monitor,1,4/5/2019 4:50
188449,AA Batteries (4-pack),1,4/10/2019 1:33
188450,USB-C Charging Cable,1,4/4/2019 20:54
188451,Wired Headphones,1,4/15/2019 19:32
188452,AAA Batteries (4-pack),1,4/22/2019 16:13
188453,Lightning Charging Cable,1,4/26/2019 14:37
188454,iPhone,1,4/22/2019 9:16
188455,USB-C Charging Cable,1,4/29/2019 19:40
188456,Lightning Charging Cable,1,4/27/2019 19:14
188457,Lightning Charging Cable,1,4/2/2019 12:00
188458,USB-C Charging Cable,2,4/19/2019 18:23
188459,27in 4K Gaming Monitor,1,4/3/2019 7:22
188460,Lightning Charging Cable,1,4/10/2019 9:54
188461,AAA Batteries (4-pack),1,4/22/2019 8:28
188462,Lightning Charging Cable,1,4/3/2019 14:18
188463,Wired Headphones,1,4/16/2019 19:52
188464,USB-C Charging Cable,1,4/11/2019 6:48
188465,iPhone,1,4/6/2019 3:15
188465,Apple Airpods Headphones,1,4/6/2019 3:15
188466,Macbook Pro Laptop,1,4/21/2019 19:38
188467,AA Batteries (4-pack),1,4/13/2019 20:36
188468,Google Phone,1,4/1/2019 16:17
188469,Lightning Charging Cable,1,4/24/2019 19:16
188470,Apple Airpods Headphones,1,4/19/2019 17:12
188471,iPhone,1,4/12/2019 7:53
188472,USB-C Charging Cable,1,4/6/2019 16:47
188473,AA Batteries (4-pack),1,4/1/2019 16:52
188474,Wired Headphones,1,4/2/2019 17:53
188475,USB-C Charging Cable,1,4/19/2019 12:53
188476,Apple Airpods Headphones,1,4/19/2019 11:14
188477,ThinkPad Laptop,1,4/15/2019 12:31
188478,Lightning Charging Cable,1,4/19/2019 20:43
188479,ThinkPad Laptop,1,4/3/2019 21:47
188480,USB-C Charging Cable,1,4/13/2019 13:31
188481,USB-C Charging Cable,1,4/24/2019 22:53
188482,iPhone,1,4/15/2019 18:17
188482,Wired Headphones,1,4/15/2019 18:17
188483,Apple Airpods Headphones,1,4/19/2019 10:38
188484,AA Batteries (4-pack),2,4/23/2019 20:33
188485,AAA Batteries (4-pack),1,4/18/2019 18:35
188486,Wired Headphones,3,4/25/2019 1:37
188487,Lightning Charging Cable,1,4/13/2019 12:19
188488,AAA Batteries (4-pack),1,4/30/2019 12:26
188489,AAA Batteries (4-pack),1,4/30/2019 16:08
188490,34in Ultrawide Monitor,1,4/14/2019 18:59
188491,AA Batteries (4-pack),1,4/20/2019 19:40
188492,27in 4K Gaming Monitor,1,4/11/2019 17:03
188493,Wired Headphones,1,4/13/2019 12:15
188494,AAA Batteries (4-pack),1,4/27/2019 1:49
188495,Apple Airpods Headphones,1,4/22/2019 14:46
188496,USB-C Charging Cable,1,4/11/2019 8:30
188497,Lightning Charging Cable,1,4/12/2019 20:25
188498,AAA Batteries (4-pack),1,4/24/2019 18:24
188499,Wired Headphones,1,4/21/2019 19:04
188500,Lightning Charging Cable,1,4/28/2019 12:07
188501,AAA Batteries (4-pack),1,4/25/2019 20:24
188502,Google Phone,1,4/5/2019 11:12
188503,Wired Headphones,1,4/8/2019 12:17
188504,AA Batteries (4-pack),3,4/29/2019 18:37
188505,Lightning Charging Cable,1,4/21/2019 17:26
188506,AA Batteries (4-pack),1,4/30/2019 2:30
188507,Wired Headphones,1,4/23/2019 3:25
188508,Google Phone,1,4/30/2019 18:22
188509,AAA Batteries (4-pack),1,4/11/2019 10:17
188510,Lightning Charging Cable,1,4/23/2019 14:20
188511,Flatscreen TV,1,4/23/2019 19:36
188512,34in Ultrawide Monitor,1,4/26/2019 7:09
188513,Apple Airpods Headphones,1,4/28/2019 7:46
188513,USB-C Charging Cable,1,4/28/2019 7:46
188514,USB-C Charging Cable,1,4/15/2019 13:47
188515,Wired Headphones,1,4/1/2019 10:51
188516,34in Ultrawide Monitor,1,4/12/2019 0:51
188517,Lightning Charging Cable,1,4/29/2019 13:51
188518,USB-C Charging Cable,1,4/3/2019 9:48
188519,Lightning Charging Cable,1,4/27/2019 16:55
188520,27in 4K Gaming Monitor,1,4/24/2019 16:52
188520,34in Ultrawide Monitor,1,4/24/2019 16:52
188521,27in FHD Monitor,1,4/11/2019 18:42
188522,Bose SoundSport Headphones,1,4/1/2019 10:36
188523,ThinkPad Laptop,1,4/23/2019 8:58
188524,Wired Headphones,1,4/8/2019 19:21
188525,Lightning Charging Cable,1,4/20/2019 20:55
188526,Google Phone,1,4/11/2019 12:57
188527,20in Monitor,1,4/17/2019 22:31
188528,AA Batteries (4-pack),1,4/7/2019 19:46
188529,Wired Headphones,1,4/30/2019 18:02
188530,Lightning Charging Cable,1,4/3/2019 13:03
188531,AA Batteries (4-pack),1,4/8/2019 5:22
188532,Bose SoundSport Headphones,1,4/2/2019 10:47
188533,Vareebadd Phone,1,4/16/2019 20:17
188533,USB-C Charging Cable,1,4/16/2019 20:17
188533,Wired Headphones,1,4/16/2019 20:17
188534,Apple Airpods Headphones,1,4/22/2019 14:20
188535,Lightning Charging Cable,1,4/1/2019 8:18
188536,AA Batteries (4-pack),1,4/13/2019 18:47
188537,Apple Airpods Headphones,1,4/5/2019 14:05
188538,Google Phone,1,4/25/2019 10:17
188539,Bose SoundSport Headphones,1,4/1/2019 14:08
188540,Bose SoundSport Headphones,1,4/19/2019 17:02
188541,Apple Airpods Headphones,1,4/18/2019 16:20
188541,Macbook Pro Laptop,1,4/18/2019 16:20
188542,34in Ultrawide Monitor,1,4/16/2019 11:30
188543,AAA Batteries (4-pack),1,4/10/2019 21:57
188543,Macbook Pro Laptop,1,4/10/2019 21:57
188544,Wired Headphones,1,4/11/2019 19:48
188545,Apple Airpods Headphones,1,4/27/2019 15:50
188546,34in Ultrawide Monitor,1,4/15/2019 10:47
188547,Lightning Charging Cable,1,4/4/2019 11:47
188548,LG Washing Machine,1,4/22/2019 14:29
188549,ThinkPad Laptop,1,4/24/2019 19:47
188550,Lightning Charging Cable,1,4/12/2019 11:48
188551,AAA Batteries (4-pack),4,4/18/2019 8:33
188552,USB-C Charging Cable,2,4/14/2019 16:55
188553,AAA Batteries (4-pack),1,4/4/2019 16:32
188554,27in FHD Monitor,1,4/19/2019 11:35
188555,27in FHD Monitor,1,4/3/2019 10:36
188556,Lightning Charging Cable,1,4/30/2019 23:49
188557,Bose SoundSport Headphones,1,4/8/2019 23:54
188558,Lightning Charging Cable,1,4/26/2019 11:07
188559,iPhone,1,4/17/2019 22:26
188560,Macbook Pro Laptop,1,4/4/2019 10:43
188561,Google Phone,1,4/10/2019 10:50
188562,34in Ultrawide Monitor,1,4/28/2019 8:56
188563,Wired Headphones,1,4/18/2019 11:10
188564,27in FHD Monitor,1,4/4/2019 14:05
188565,Flatscreen TV,1,4/23/2019 1:18
188566,27in FHD Monitor,1,4/15/2019 18:03
188567,Lightning Charging Cable,1,4/26/2019 15:36
188568,USB-C Charging Cable,1,4/23/2019 22:44
188569,AA Batteries (4-pack),1,4/12/2019 17:30
188570,AA Batteries (4-pack),1,4/1/2019 22:08
188571,27in FHD Monitor,1,4/30/2019 15:39
188572,AA Batteries (4-pack),1,4/9/2019 0:13
188573,AAA Batteries (4-pack),2,4/29/2019 16:40
188574,Bose SoundSport Headphones,1,4/6/2019 23:31
188575,Wired Headphones,2,4/7/2019 23:03
188576,Apple Airpods Headphones,1,4/23/2019 12:41
188577,AAA Batteries (4-pack),3,4/17/2019 14:30
188578,Wired Headphones,1,4/21/2019 8:25
188579,USB-C Charging Cable,1,4/28/2019 21:35
188580,Wired Headphones,1,4/18/2019 14:55
188581,iPhone,1,4/9/2019 16:03
188581,Lightning Charging Cable,1,4/9/2019 16:03
188582,Bose SoundSport Headphones,1,4/27/2019 15:59
188582,27in FHD Monitor,1,4/27/2019 15:59
188583,AA Batteries (4-pack),1,4/15/2019 15:53
188584,Wired Headphones,1,4/6/2019 20:28
188585,AAA Batteries (4-pack),1,4/22/2019 17:57
188586,AA Batteries (4-pack),1,4/4/2019 18:33
188587,Wired Headphones,1,4/17/2019 19:58
188588,AA Batteries (4-pack),2,4/3/2019 19:11
188589,iPhone,1,4/1/2019 21:23
188589,Lightning Charging Cable,1,4/1/2019 21:23
188590,AA Batteries (4-pack),3,4/10/2019 15:48
188591,27in 4K Gaming Monitor,1,4/28/2019 13:28
188592,Lightning Charging Cable,1,4/24/2019 13:46
188593,27in 4K Gaming Monitor,1,4/12/2019 14:06
188594,Wired Headphones,1,4/1/2019 16:05
188595,Wired Headphones,1,4/10/2019 16:01
188596,Apple Airpods Headphones,1,4/24/2019 0:03
188597,20in Monitor,1,4/5/2019 14:57
188598,USB-C Charging Cable,1,4/12/2019 9:05
188598,Macbook Pro Laptop,1,4/12/2019 9:05
188599,iPhone,1,4/26/2019 12:01
188600,USB-C Charging Cable,1,4/11/2019 18:34
188601,USB-C Charging Cable,2,4/11/2019 0:31
188602,27in FHD Monitor,1,4/3/2019 12:35
188603,iPhone,1,4/24/2019 12:32
188604,Bose SoundSport Headphones,1,4/30/2019 7:49
188605,Lightning Charging Cable,1,4/13/2019 12:11
188606,AA Batteries (4-pack),1,4/27/2019 21:42
,,,
188607,AAA Batteries (4-pack),1,4/8/2019 21:27
188608,Apple Airpods Headphones,1,4/25/2019 10:00
188609,34in Ultrawide Monitor,1,4/4/2019 16:20
188610,AAA Batteries (4-pack),1,4/14/2019 20:31
188611,Lightning Charging Cable,1,4/21/2019 0:36
188612,AAA Batteries (4-pack),2,4/2/2019 10:30
188613,AA Batteries (4-pack),1,4/26/2019 0:21
188614,Apple Airpods Headphones,1,4/6/2019 15:15
188615,20in Monitor,1,5/1/2019 0:31
188616,Lightning Charging Cable,1,4/12/2019 14:28
188617,iPhone,1,4/5/2019 5:54
188618,Wired Headphones,1,4/1/2019 10:18
188619,iPhone,1,4/9/2019 13:41
188620,AA Batteries (4-pack),2,4/14/2019 20:57
188621,Bose SoundSport Headphones,1,4/1/2019 18:30
188622,ThinkPad Laptop,1,4/7/2019 13:18
188623,USB-C Charging Cable,1,4/14/2019 0:08
188624,Lightning Charging Cable,1,4/27/2019 20:45
188625,LG Washing Machine,1,4/9/2019 16:29
188626,AA Batteries (4-pack),1,4/4/2019 10:17
188627,AAA Batteries (4-pack),1,4/27/2019 19:32
188628,AA Batteries (4-pack),1,4/2/2019 19:57
188629,Lightning Charging Cable,1,4/27/2019 23:22
188630,Macbook Pro Laptop,1,4/25/2019 19:01
188631,AAA Batteries (4-pack),1,4/8/2019 21:28
188632,Bose SoundSport Headphones,1,4/13/2019 18:00
188633,Apple Airpods Headphones,1,4/3/2019 19:45
188634,USB-C Charging Cable,1,4/15/2019 11:05
188635,Bose SoundSport Headphones,1,4/29/2019 11:03
188636,Lightning Charging Cable,1,4/5/2019 13:22
188637,AAA Batteries (4-pack),1,4/14/2019 14:34
188638,iPhone,1,4/30/2019 23:10
188638,Wired Headphones,1,4/30/2019 23:10
188639,iPhone,1,4/1/2019 18:12
188640,Wired Headphones,1,4/9/2019 14:25
188641,LG Dryer,1,4/9/2019 20:53
188642,AA Batteries (4-pack),1,4/7/2019 15:53
188643,Lightning Charging Cable,1,4/12/2019 13:32
188644,Google Phone,1,4/15/2019 18:10
188645,USB-C Charging Cable,1,4/27/2019 17:56
188646,AA Batteries (4-pack),1,4/5/2019 18:52
188647,34in Ultrawide Monitor,1,4/8/2019 11:28
188648,27in FHD Monitor,1,4/21/2019 19:42
188649,Wired Headphones,1,4/30/2019 17:28
188650,ThinkPad Laptop,1,4/25/2019 13:02
188651,27in 4K Gaming Monitor,1,4/13/2019 18:09
188652,USB-C Charging Cable,2,4/13/2019 1:29
188653,Apple Airpods Headphones,1,4/14/2019 12:12
188654,27in FHD Monitor,1,4/3/2019 14:58
188655,27in FHD Monitor,1,4/14/2019 1:36
188656,Wired Headphones,1,4/28/2019 6:34
188657,iPhone,1,4/4/2019 8:28
188658,27in FHD Monitor,1,4/12/2019 11:12
188659,Google Phone,1,4/18/2019 17:15
188660,Apple Airpods Headphones,1,4/15/2019 9:46
188661,27in FHD Monitor,1,4/7/2019 23:54
188662,AAA Batteries (4-pack),1,4/23/2019 8:15
188663,USB-C Charging Cable,1,4/29/2019 22:11
188664,Bose SoundSport Headphones,1,4/13/2019 19:43
188665,USB-C Charging Cable,1,4/6/2019 14:34
188666,27in FHD Monitor,1,4/1/2019 18:29
188667,USB-C Charging Cable,1,4/18/2019 20:06
188668,Apple Airpods Headphones,1,4/17/2019 13:30
188669,AA Batteries (4-pack),1,4/15/2019 20:32
188670,27in 4K Gaming Monitor,1,4/7/2019 13:31
188671,Google Phone,1,4/29/2019 12:21
188671,Wired Headphones,1,4/29/2019 12:21
188672,iPhone,1,4/6/2019 17:03
188672,Lightning Charging Cable,1,4/6/2019 17:03
188673,USB-C Charging Cable,1,4/3/2019 11:09
188674,Wired Headphones,1,4/1/2019 16:41
188675,Wired Headphones,1,4/20/2019 15:50
188676,USB-C Charging Cable,1,4/5/2019 14:20
188677,Wired Headphones,1,4/2/2019 16:17
188678,AAA Batteries (4-pack),2,4/10/2019 14:34
188679,AAA Batteries (4-pack),1,4/12/2019 2:36
188680,Macbook Pro Laptop,1,4/15/2019 20:44
188681,USB-C Charging Cable,1,4/13/2019 11:43
188682,27in FHD Monitor,1,4/19/2019 16:22
188683,Bose SoundSport Headphones,1,4/12/2019 20:04
188684,Lightning Charging Cable,1,4/15/2019 0:41
188685,Wired Headphones,1,4/17/2019 20:18
188686,Lightning Charging Cable,1,4/14/2019 15:27
188687,Flatscreen TV,1,4/25/2019 9:17
188688,27in FHD Monitor,1,4/30/2019 12:05
188689,ThinkPad Laptop,1,4/4/2019 8:32
188690,Lightning Charging Cable,1,4/10/2019 11:45
188691,Lightning Charging Cable,1,4/23/2019 23:28
188692,USB-C Charging Cable,1,4/24/2019 9:16
188693,Wired Headphones,1,4/2/2019 19:05
188694,27in 4K Gaming Monitor,1,4/4/2019 22:59
188695,AAA Batteries (4-pack),1,4/4/2019 16:51
188696,Wired Headphones,1,4/19/2019 1:00
188697,Apple Airpods Headphones,1,4/18/2019 22:50
188698,34in Ultrawide Monitor,1,4/8/2019 2:34
188699,AAA Batteries (4-pack),1,4/21/2019 13:37
188700,27in FHD Monitor,1,4/13/2019 12:54
188700,AAA Batteries (4-pack),1,4/13/2019 12:54
188701,Bose SoundSport Headphones,1,4/30/2019 14:55
188702,AAA Batteries (4-pack),1,4/13/2019 4:59
188703,USB-C Charging Cable,1,4/22/2019 14:35
188704,Wired Headphones,1,4/4/2019 20:56
188705,AAA Batteries (4-pack),1,4/30/2019 13:36
188706,Wired Headphones,1,4/18/2019 17:18
188707,Wired Headphones,1,4/8/2019 12:11
188708,iPhone,1,4/26/2019 15:08
188709,AA Batteries (4-pack),1,4/12/2019 22:24
188710,ThinkPad Laptop,1,4/26/2019 19:58
188711,20in Monitor,1,4/2/2019 18:25
188712,Lightning Charging Cable,1,4/21/2019 13:22
188713,USB-C Charging Cable,1,4/17/2019 16:27
188714,Apple Airpods Headphones,1,4/12/2019 8:19
188715,USB-C Charging Cable,1,4/15/2019 10:23
188716,Apple Airpods Headphones,1,4/29/2019 13:10
188717,AA Batteries (4-pack),1,4/13/2019 7:37
188718,AA Batteries (4-pack),3,4/21/2019 19:13
188719,iPhone,1,4/19/2019 18:07
188720,Flatscreen TV,1,4/19/2019 0:13
188721,Wired Headphones,1,4/21/2019 15:33
188722,Apple Airpods Headphones,1,4/4/2019 18:10
188723,USB-C Charging Cable,1,4/17/2019 14:55
188724,AAA Batteries (4-pack),1,4/4/2019 10:30
188725,USB-C Charging Cable,1,4/20/2019 21:24
188726,Apple Airpods Headphones,1,4/24/2019 5:03
188727,Bose SoundSport Headphones,1,4/16/2019 0:47
188728,Lightning Charging Cable,1,4/22/2019 18:12
188729,34in Ultrawide Monitor,1,4/6/2019 22:14
188730,AA Batteries (4-pack),1,4/16/2019 10:53
188731,USB-C Charging Cable,1,4/6/2019 8:51
188732,Wired Headphones,2,4/20/2019 12:35
188733,27in FHD Monitor,1,4/29/2019 16:08
188734,Lightning Charging Cable,1,4/27/2019 10:13
188735,USB-C Charging Cable,1,4/23/2019 14:31
188736,Bose SoundSport Headphones,1,4/19/2019 14:25
188737,Lightning Charging Cable,1,4/30/2019 9:26
188738,USB-C Charging Cable,2,4/17/2019 22:28
188739,Bose SoundSport Headphones,1,4/28/2019 21:48
188740,AA Batteries (4-pack),1,4/10/2019 18:51
188741,USB-C Charging Cable,1,4/26/2019 11:04
188742,Flatscreen TV,1,4/7/2019 14:30
188743,AAA Batteries (4-pack),1,4/19/2019 22:01
188744,Flatscreen TV,1,4/18/2019 9:00
188745,Wired Headphones,1,4/20/2019 19:48
188746,AA Batteries (4-pack),1,4/7/2019 9:29
188747,Macbook Pro Laptop,1,4/20/2019 0:23
188748,Lightning Charging Cable,1,4/3/2019 11:53
188749,AA Batteries (4-pack),1,4/10/2019 21:10
188750,AAA Batteries (4-pack),2,4/27/2019 9:31
188751,Google Phone,1,4/1/2019 19:48
188751,USB-C Charging Cable,1,4/1/2019 19:48
188752,27in 4K Gaming Monitor,1,4/8/2019 15:42
188753,Google Phone,1,4/9/2019 0:17
188754,Flatscreen TV,1,4/30/2019 20:25
188755,Bose SoundSport Headphones,1,4/18/2019 19:43
188756,AA Batteries (4-pack),1,4/22/2019 19:31
188756,Apple Airpods Headphones,1,4/22/2019 19:31
188757,iPhone,1,4/14/2019 16:21
188758,AA Batteries (4-pack),2,4/12/2019 14:57
188759,Flatscreen TV,1,4/8/2019 10:40
188760,USB-C Charging Cable,1,4/18/2019 18:23
188760,Wired Headphones,1,4/18/2019 18:23
188761,Bose SoundSport Headphones,1,4/21/2019 16:43
188762,USB-C Charging Cable,1,4/4/2019 15:26
188763,27in FHD Monitor,1,4/17/2019 22:28
188764,Apple Airpods Headphones,1,4/11/2019 15:52
,,,
188765,AA Batteries (4-pack),1,4/29/2019 12:01
188766,Wired Headphones,1,4/10/2019 13:11
188767,Wired Headphones,1,4/7/2019 14:53
188768,Lightning Charging Cable,1,4/1/2019 14:09
188769,Wired Headphones,1,4/29/2019 18:48
188770,AAA Batteries (4-pack),1,4/20/2019 10:30
188771,Bose SoundSport Headphones,1,4/4/2019 9:53
188772,Lightning Charging Cable,1,4/4/2019 18:42
188773,Lightning Charging Cable,1,4/22/2019 3:11
188774,Lightning Charging Cable,1,4/24/2019 0:59
188775,Wired Headphones,1,4/29/2019 15:42
188776,Flatscreen TV,1,4/9/2019 11:59
188777,Wired Headphones,1,4/29/2019 20:26
188778,Bose SoundSport Headphones,1,4/21/2019 20:58
188779,Apple Airpods Headphones,1,4/9/2019 12:55
188780,Wired Headphones,1,4/11/2019 15:55
188781,USB-C Charging Cable,1,4/11/2019 13:56
188782,Google Phone,1,4/29/2019 23:39
188782,Bose SoundSport Headphones,1,4/29/2019 23:39
188783,27in 4K Gaming Monitor,1,4/14/2019 16:50
188784,AAA Batteries (4-pack),3,4/17/2019 11:33
188785,Macbook Pro Laptop,1,4/16/2019 14:38
188786,Lightning Charging Cable,1,4/21/2019 10:25
188787,Apple Airpods Headphones,1,4/24/2019 15:18
188787,Lightning Charging Cable,1,4/24/2019 15:18
188788,Macbook Pro Laptop,1,4/25/2019 4:56
188789,Flatscreen TV,1,4/12/2019 22:47
188790,34in Ultrawide Monitor,1,4/8/2019 13:11
188791,Wired Headphones,1,4/20/2019 22:52
188792,Wired Headphones,1,4/25/2019 19:36
188793,AAA Batteries (4-pack),3,4/7/2019 14:47
188794,AAA Batteries (4-pack),1,4/23/2019 6:58
188795,Wired Headphones,1,4/9/2019 0:55
188796,USB-C Charging Cable,1,4/7/2019 15:44
188797,Lightning Charging Cable,1,4/1/2019 14:17
188798,AA Batteries (4-pack),1,4/28/2019 7:57
188799,AA Batteries (4-pack),1,4/26/2019 9:01
188800,20in Monitor,1,4/13/2019 11:07
188801,Lightning Charging Cable,1,4/8/2019 4:08
188802,34in Ultrawide Monitor,1,4/16/2019 7:01
188803,Lightning Charging Cable,2,4/25/2019 21:27
188804,34in Ultrawide Monitor,1,4/15/2019 11:20
188805,Apple Airpods Headphones,1,4/28/2019 10:04
188806,AA Batteries (4-pack),1,4/26/2019 17:03
188807,Wired Headphones,1,4/30/2019 11:07
188808,Bose SoundSport Headphones,1,4/8/2019 16:21
188809,AAA Batteries (4-pack),1,4/26/2019 16:01
188810,Flatscreen TV,1,4/23/2019 23:35
188811,34in Ultrawide Monitor,1,4/6/2019 20:47
188812,AA Batteries (4-pack),1,4/5/2019 16:45
188813,Bose SoundSport Headphones,1,4/6/2019 18:03
188814,34in Ultrawide Monitor,1,4/29/2019 12:03
188815,Wired Headphones,2,4/13/2019 11:56
188816,Lightning Charging Cable,1,4/19/2019 16:32
188817,AA Batteries (4-pack),1,4/10/2019 20:06
188818,Wired Headphones,1,4/29/2019 20:33
188819,Macbook Pro Laptop,1,4/29/2019 20:43
188820,27in FHD Monitor,1,4/6/2019 13:56
188821,Apple Airpods Headphones,1,4/22/2019 12:20
188822,Apple Airpods Headphones,1,4/29/2019 15:21
188823,Flatscreen TV,1,4/30/2019 15:10
188824,Lightning Charging Cable,1,4/4/2019 18:43
188825,20in Monitor,1,4/2/2019 8:55
188826,Bose SoundSport Headphones,1,4/12/2019 22:42
188827,USB-C Charging Cable,1,4/17/2019 18:17
188827,USB-C Charging Cable,1,4/17/2019 18:17
188828,Apple Airpods Headphones,1,4/20/2019 13:56
188829,AA Batteries (4-pack),1,4/22/2019 15:58
188830,AA Batteries (4-pack),1,4/27/2019 15:39
188831,USB-C Charging Cable,2,4/26/2019 10:24
188832,27in FHD Monitor,1,4/12/2019 19:36
188833,AA Batteries (4-pack),1,4/27/2019 20:45
188834,27in 4K Gaming Monitor,1,4/23/2019 23:02
188835,AAA Batteries (4-pack),1,4/22/2019 14:35
188836,Wired Headphones,1,4/29/2019 18:50
188837,USB-C Charging Cable,1,4/10/2019 19:36
188838,AAA Batteries (4-pack),1,4/14/2019 22:49
,,,
188839,Flatscreen TV,1,4/30/2019 9:27
188840,Wired Headphones,1,4/6/2019 14:30
188841,Google Phone,1,4/19/2019 9:10
188842,Apple Airpods Headphones,1,4/8/2019 13:38
188843,Wired Headphones,1,4/27/2019 19:26
188844,27in 4K Gaming Monitor,1,4/14/2019 23:06
188845,AA Batteries (4-pack),1,4/15/2019 10:36
188846,34in Ultrawide Monitor,1,4/29/2019 12:35
188847,Wired Headphones,1,4/17/2019 8:50
188848,USB-C Charging Cable,1,4/26/2019 16:13
188849,34in Ultrawide Monitor,1,4/30/2019 16:34
188850,AAA Batteries (4-pack),2,4/20/2019 15:33
188851,27in 4K Gaming Monitor,1,4/29/2019 22:56
188852,27in FHD Monitor,1,4/13/2019 18:42
188853,AAA Batteries (4-pack),1,4/20/2019 17:18
188854,Google Phone,1,4/1/2019 17:11
188855,AAA Batteries (4-pack),2,4/16/2019 19:47
188856,Wired Headphones,1,4/26/2019 16:06
188857,Apple Airpods Headphones,1,4/4/2019 17:54
188858,Bose SoundSport Headphones,1,4/27/2019 13:39
188859,iPhone,1,4/22/2019 11:13
188859,Apple Airpods Headphones,1,4/22/2019 11:13
188860,AA Batteries (4-pack),1,4/1/2019 21:30
188861,Wired Headphones,1,4/22/2019 9:28
188862,Bose SoundSport Headphones,1,4/16/2019 20:16
188863,AAA Batteries (4-pack),1,4/20/2019 21:03
188864,Wired Headphones,1,4/6/2019 8:03
188865,Macbook Pro Laptop,1,4/4/2019 12:45
188866,Wired Headphones,1,4/14/2019 0:00
188867,27in FHD Monitor,1,4/5/2019 20:50
188868,AAA Batteries (4-pack),1,4/17/2019 18:14
188869,Google Phone,1,4/3/2019 12:59
188870,27in 4K Gaming Monitor,1,4/14/2019 16:48
188871,Wired Headphones,1,4/3/2019 19:32
188872,27in FHD Monitor,1,4/18/2019 19:06
188873,Bose SoundSport Headphones,1,4/13/2019 15:51
188874,Lightning Charging Cable,1,4/30/2019 8:50
188875,AA Batteries (4-pack),1,4/25/2019 10:43
188876,LG Dryer,1,4/14/2019 12:48
188877,Lightning Charging Cable,1,4/4/2019 8:32
188878,27in 4K Gaming Monitor,1,4/20/2019 8:00
188879,Lightning Charging Cable,1,4/12/2019 18:02
188880,USB-C Charging Cable,1,4/11/2019 14:57
188881,Google Phone,1,4/19/2019 18:18
188881,Bose SoundSport Headphones,1,4/19/2019 18:18
188881,Wired Headphones,1,4/19/2019 18:18
188882,Bose SoundSport Headphones,1,4/6/2019 10:50
188883,Bose SoundSport Headphones,1,4/17/2019 21:31
188884,USB-C Charging Cable,2,4/6/2019 18:57
188885,AA Batteries (4-pack),2,4/17/2019 18:12
188886,27in FHD Monitor,1,4/22/2019 21:28
188887,AAA Batteries (4-pack),1,4/27/2019 10:26
188888,USB-C Charging Cable,1,4/16/2019 13:08
188889,27in FHD Monitor,1,4/16/2019 13:03
188890,Flatscreen TV,1,4/8/2019 10:21
188891,27in FHD Monitor,1,4/28/2019 15:21
188892,20in Monitor,1,4/4/2019 13:38
188893,USB-C Charging Cable,1,4/14/2019 8:24
188894,Lightning Charging Cable,1,4/29/2019 20:01
188895,AA Batteries (4-pack),1,4/13/2019 19:48
188896,AA Batteries (4-pack),1,4/27/2019 18:32
188897,Bose SoundSport Headphones,1,4/12/2019 17:38
188898,Apple Airpods Headphones,1,4/23/2019 16:37
188899,Bose SoundSport Headphones,1,4/24/2019 10:15
188900,Apple Airpods Headphones,1,4/7/2019 22:41
188901,Bose SoundSport Headphones,1,4/9/2019 14:46
188902,27in 4K Gaming Monitor,1,4/15/2019 8:48
188903,27in FHD Monitor,1,4/28/2019 10:33
188904,iPhone,1,4/20/2019 15:01
188904,Wired Headphones,1,4/20/2019 15:01
188905,Bose SoundSport Headphones,1,4/27/2019 10:19
188906,LG Dryer,1,4/27/2019 15:47
188907,Lightning Charging Cable,2,4/16/2019 13:29
188908,Lightning Charging Cable,1,4/25/2019 2:09
188909,Google Phone,1,4/18/2019 8:31
188910,Bose SoundSport Headphones,1,4/10/2019 15:17
188911,Flatscreen TV,1,4/18/2019 23:58
188912,Wired Headphones,1,4/23/2019 14:38
188913,Bose SoundSport Headphones,1,4/4/2019 11:44
188914,iPhone,1,4/19/2019 18:55
188915,Wired Headphones,1,4/2/2019 8:45
188916,AAA Batteries (4-pack),1,4/9/2019 9:13
188917,Apple Airpods Headphones,1,4/11/2019 9:45
188918,USB-C Charging Cable,1,4/16/2019 13:39
188919,Wired Headphones,2,4/25/2019 17:27
188920,Google Phone,1,4/9/2019 23:03
188920,USB-C Charging Cable,1,4/9/2019 23:03
188921,Apple Airpods Headphones,1,4/3/2019 22:23
188922,Macbook Pro Laptop,1,4/13/2019 16:39
188923,AAA Batteries (4-pack),2,4/27/2019 19:11
188924,USB-C Charging Cable,1,4/5/2019 0:34
188925,USB-C Charging Cable,2,4/28/2019 10:43
188926,Flatscreen TV,1,4/23/2019 15:06
188927,ThinkPad Laptop,1,4/16/2019 19:16
188928,AAA Batteries (4-pack),3,4/12/2019 22:35
188929,AAA Batteries (4-pack),1,4/18/2019 15:47
188930,27in 4K Gaming Monitor,1,4/14/2019 4:44
188931,Macbook Pro Laptop,1,4/8/2019 22:26
188932,Flatscreen TV,1,4/29/2019 11:45
188933,Wired Headphones,1,4/2/2019 8:42
188934,USB-C Charging Cable,1,4/18/2019 9:30
188935,USB-C Charging Cable,1,4/19/2019 12:24
188936,iPhone,1,4/14/2019 13:27
188937,Lightning Charging Cable,1,4/27/2019 16:22
188938,AAA Batteries (4-pack),2,4/15/2019 19:46
188939,AAA Batteries (4-pack),1,4/11/2019 14:21
188940,Bose SoundSport Headphones,1,4/8/2019 20:27
188941,AA Batteries (4-pack),4,4/26/2019 15:27
188942,Wired Headphones,1,4/19/2019 19:35
188943,34in Ultrawide Monitor,1,4/10/2019 20:40
188944,USB-C Charging Cable,1,4/2/2019 18:56
188945,Google Phone,1,4/9/2019 15:58
188946,27in FHD Monitor,1,4/27/2019 22:03
188947,Bose SoundSport Headphones,1,4/17/2019 19:23
188948,Apple Airpods Headphones,1,4/25/2019 18:49
188949,Lightning Charging Cable,1,4/11/2019 8:13
,,,
188950,AAA Batteries (4-pack),1,4/5/2019 6:30
188951,USB-C Charging Cable,1,4/20/2019 18:45
188952,USB-C Charging Cable,1,4/19/2019 14:01
188953,AAA Batteries (4-pack),5,4/30/2019 9:32
188954,AAA Batteries (4-pack),2,4/13/2019 15:49
188955,27in 4K Gaming Monitor,1,4/22/2019 13:33
188956,34in Ultrawide Monitor,1,4/3/2019 16:49
188957,34in Ultrawide Monitor,1,4/4/2019 9:31
188958,Wired Headphones,1,4/12/2019 20:38
188959,AA Batteries (4-pack),1,4/28/2019 9:32
188960,Lightning Charging Cable,1,4/8/2019 16:46
188961,27in FHD Monitor,1,4/8/2019 20:35
188962,AA Batteries (4-pack),1,4/21/2019 10:14
188963,Apple Airpods Headphones,1,4/13/2019 12:10
188964,27in FHD Monitor,1,4/17/2019 19:10
188965,Apple Airpods Headphones,1,4/6/2019 12:51
188966,27in FHD Monitor,1,4/29/2019 11:18
188967,AA Batteries (4-pack),1,4/1/2019 21:36
188968,20in Monitor,1,4/9/2019 23:42
188969,Apple Airpods Headphones,1,4/14/2019 19:05
188970,27in 4K Gaming Monitor,1,4/10/2019 20:01
188971,USB-C Charging Cable,1,4/4/2019 12:54
188972,Apple Airpods Headphones,1,4/30/2019 19:34
188973,Flatscreen TV,1,4/12/2019 15:35
188974,Lightning Charging Cable,1,4/5/2019 19:06
188975,AAA Batteries (4-pack),1,4/16/2019 16:30
188976,Wired Headphones,1,4/7/2019 15:57
188977,27in FHD Monitor,1,4/11/2019 20:00
188978,27in 4K Gaming Monitor,1,4/20/2019 15:21
188979,27in FHD Monitor,1,4/4/2019 21:31
188980,USB-C Charging Cable,1,4/20/2019 19:45
188981,Wired Headphones,1,4/8/2019 16:07
188982,Apple Airpods Headphones,1,4/13/2019 21:20
188983,AAA Batteries (4-pack),1,4/25/2019 13:16
188984,27in FHD Monitor,1,4/10/2019 15:03
188985,Macbook Pro Laptop,1,4/12/2019 0:38
188986,Lightning Charging Cable,1,4/19/2019 16:49
188987,AAA Batteries (4-pack),1,4/29/2019 21:56
188988,Bose SoundSport Headphones,1,4/30/2019 12:11
188989,Apple Airpods Headphones,1,4/16/2019 12:16
188990,Flatscreen TV,1,4/27/2019 19:08
188991,AA Batteries (4-pack),1,4/10/2019 15:21
188992,Wired Headphones,1,4/6/2019 16:11
188993,AA Batteries (4-pack),2,4/20/2019 10:49
188994,ThinkPad Laptop,1,4/27/2019 23:47
188994,AA Batteries (4-pack),2,4/27/2019 23:47
188995,34in Ultrawide Monitor,1,4/3/2019 12:16
188996,Apple Airpods Headphones,1,4/18/2019 14:47
188997,Google Phone,1,4/11/2019 19:56
188998,AA Batteries (4-pack),1,4/6/2019 22:17
188999,AAA Batteries (4-pack),1,4/29/2019 10:46
189000,AA Batteries (4-pack),1,4/26/2019 9:11
189001,Bose SoundSport Headphones,1,4/1/2019 7:01
189002,USB-C Charging Cable,1,4/24/2019 19:44
189003,LG Washing Machine,1,4/26/2019 17:12
189004,Wired Headphones,1,4/7/2019 23:47
189005,USB-C Charging Cable,1,4/29/2019 12:22
189006,Wired Headphones,1,4/6/2019 13:36
189007,Wired Headphones,1,4/27/2019 3:30
189008,Macbook Pro Laptop,1,4/26/2019 23:39
189009,AAA Batteries (4-pack),1,4/12/2019 12:51
189010,Macbook Pro Laptop,1,4/25/2019 13:10
189011,Bose SoundSport Headphones,1,4/29/2019 10:49
189012,Vareebadd Phone,1,4/9/2019 10:50
189013,Google Phone,1,4/18/2019 16:01
189014,20in Monitor,1,4/22/2019 15:33
189015,Vareebadd Phone,1,4/26/2019 6:36
189016,AA Batteries (4-pack),2,4/6/2019 8:51
189017,Apple Airpods Headphones,1,4/25/2019 20:43
189018,USB-C Charging Cable,1,4/11/2019 19:26
189019,iPhone,1,4/28/2019 13:46
189019,Lightning Charging Cable,1,4/28/2019 13:46
189020,20in Monitor,1,4/27/2019 9:35
189021,AA Batteries (4-pack),1,4/5/2019 15:58
189022,AAA Batteries (4-pack),1,4/16/2019 19:22
189023,AA Batteries (4-pack),1,4/17/2019 17:44
189024,27in FHD Monitor,1,4/13/2019 20:01
189025,Lightning Charging Cable,1,4/6/2019 17:46
189026,AA Batteries (4-pack),1,4/13/2019 19:27
189027,USB-C Charging Cable,2,4/28/2019 20:29
189028,34in Ultrawide Monitor,1,4/25/2019 17:46
189029,iPhone,1,4/16/2019 18:45
189030,Wired Headphones,1,4/15/2019 15:19
189031,Apple Airpods Headphones,1,4/24/2019 17:23
189032,iPhone,1,4/18/2019 8:51
189033,AAA Batteries (4-pack),2,4/9/2019 22:27
189034,USB-C Charging Cable,1,4/5/2019 18:38
189035,AA Batteries (4-pack),1,4/26/2019 17:23
189036,AA Batteries (4-pack),3,4/2/2019 6:06
189036,Wired Headphones,1,4/2/2019 6:06
189037,Lightning Charging Cable,1,4/8/2019 16:53
189038,AA Batteries (4-pack),1,4/24/2019 19:40
189039,Wired Headphones,1,4/25/2019 23:05
189040,Bose SoundSport Headphones,1,4/22/2019 19:08
189041,Bose SoundSport Headphones,1,4/11/2019 21:49
189042,Macbook Pro Laptop,1,4/13/2019 17:49
189043,Vareebadd Phone,1,4/13/2019 15:33
189043,Wired Headphones,1,4/13/2019 15:33
189044,Apple Airpods Headphones,1,4/20/2019 18:35
189045,AAA Batteries (4-pack),1,4/21/2019 22:54
189046,Bose SoundSport Headphones,1,4/23/2019 0:20
189047,27in FHD Monitor,1,4/17/2019 18:17
189048,AA Batteries (4-pack),2,4/22/2019 4:20
189049,AA Batteries (4-pack),1,4/14/2019 23:01
189050,Apple Airpods Headphones,1,4/27/2019 19:23
189051,AA Batteries (4-pack),1,4/13/2019 1:41
189052,Wired Headphones,1,4/6/2019 14:29
189053,Flatscreen TV,1,4/21/2019 17:09
189054,Lightning Charging Cable,1,4/13/2019 17:15
,,,
189055,Lightning Charging Cable,1,4/27/2019 16:37
189056,27in FHD Monitor,1,4/6/2019 0:43
189057,Bose SoundSport Headphones,1,4/18/2019 12:11
189058,27in 4K Gaming Monitor,1,4/5/2019 12:05
189059,Bose SoundSport Headphones,1,4/29/2019 17:56
189060,ThinkPad Laptop,1,4/11/2019 15:07
189061,Wired Headphones,1,4/2/2019 6:26
189062,AA Batteries (4-pack),1,4/24/2019 12:51
189063,AA Batteries (4-pack),1,4/29/2019 13:51
189064,ThinkPad Laptop,1,4/11/2019 6:47
189065,Apple Airpods Headphones,1,4/27/2019 11:28
189066,Bose SoundSport Headphones,1,4/1/2019 18:18
189067,Apple Airpods Headphones,1,4/22/2019 10:59
189068,Macbook Pro Laptop,1,4/24/2019 11:42
189069,Wired Headphones,1,4/12/2019 17:46
189070,Wired Headphones,1,4/29/2019 13:58
189071,iPhone,1,4/11/2019 15:05
189071,Lightning Charging Cable,1,4/11/2019 15:05
189072,27in FHD Monitor,1,4/13/2019 19:44
189073,LG Washing Machine,1,4/2/2019 19:11
189074,AAA Batteries (4-pack),2,4/12/2019 16:01
189075,27in 4K Gaming Monitor,1,4/21/2019 18:24
189076,Bose SoundSport Headphones,1,4/25/2019 1:19
189077,iPhone,1,4/7/2019 18:05
189078,Wired Headphones,1,4/10/2019 12:26
189079,Macbook Pro Laptop,1,4/16/2019 20:21
189080,Flatscreen TV,1,4/2/2019 8:32
189081,AAA Batteries (4-pack),1,4/26/2019 16:44
189082,AA Batteries (4-pack),1,4/8/2019 17:38
189083,Apple Airpods Headphones,1,4/15/2019 18:33
189084,AAA Batteries (4-pack),1,4/8/2019 21:40
189085,USB-C Charging Cable,1,4/23/2019 23:27
189086,34in Ultrawide Monitor,1,4/19/2019 23:26
189087,Lightning Charging Cable,2,4/14/2019 23:33
189088,Bose SoundSport Headphones,1,4/7/2019 20:11
189089,Macbook Pro Laptop,1,4/13/2019 22:00
189090,USB-C Charging Cable,1,4/17/2019 13:12
189091,ThinkPad Laptop,1,4/26/2019 16:05
189092,USB-C Charging Cable,1,4/30/2019 16:49
189093,Lightning Charging Cable,1,4/4/2019 18:49
189094,USB-C Charging Cable,1,4/18/2019 10:40
189095,AA Batteries (4-pack),1,4/30/2019 21:17
189096,Bose SoundSport Headphones,1,4/19/2019 10:45
189097,AAA Batteries (4-pack),1,4/8/2019 10:24
189098,AA Batteries (4-pack),4,4/29/2019 20:26
189099,AA Batteries (4-pack),1,4/4/2019 8:20
189100,Lightning Charging Cable,1,4/3/2019 21:04
189101,Apple Airpods Headphones,1,4/24/2019 19:15
189102,Bose SoundSport Headphones,1,4/8/2019 15:43
189103,Bose SoundSport Headphones,1,4/15/2019 10:32
189104,Wired Headphones,1,4/30/2019 8:43
189105,AA Batteries (4-pack),1,4/17/2019 14:21
189106,Bose SoundSport Headphones,1,4/12/2019 20:14
189107,Wired Headphones,1,4/12/2019 1:18
189108,Google Phone,1,4/10/2019 7:22
189108,USB-C Charging Cable,1,4/10/2019 7:22
189109,USB-C Charging Cable,1,4/23/2019 17:05
189110,Apple Airpods Headphones,1,4/11/2019 0:27
189111,27in 4K Gaming Monitor,1,4/27/2019 13:03
189112,Apple Airpods Headphones,1,4/10/2019 17:08
189113,AA Batteries (4-pack),1,4/11/2019 20:51
189114,AA Batteries (4-pack),1,4/14/2019 20:23
189115,USB-C Charging Cable,1,4/25/2019 11:19
189116,Wired Headphones,1,4/20/2019 14:31
189117,Macbook Pro Laptop,1,4/24/2019 9:43
189118,AAA Batteries (4-pack),1,4/29/2019 16:15
189119,AA Batteries (4-pack),1,4/1/2019 22:22
189120,USB-C Charging Cable,1,4/28/2019 9:52
189121,AA Batteries (4-pack),1,4/23/2019 12:40
189122,USB-C Charging Cable,1,4/29/2019 13:16
189123,27in 4K Gaming Monitor,1,4/17/2019 0:58
189124,Wired Headphones,1,4/5/2019 11:15
189125,USB-C Charging Cable,1,4/27/2019 23:38
189126,Wired Headphones,1,4/12/2019 19:54
189127,Wired Headphones,1,4/24/2019 16:49
189128,Flatscreen TV,1,4/3/2019 14:17
189129,ThinkPad Laptop,1,4/26/2019 16:49
189130,AA Batteries (4-pack),1,4/17/2019 10:25
189131,Wired Headphones,1,4/7/2019 0:06
189132,Wired Headphones,1,4/12/2019 11:23
189133,Google Phone,1,4/18/2019 11:01
189133,USB-C Charging Cable,1,4/18/2019 11:01
189134,iPhone,1,4/15/2019 15:42
189135,Lightning Charging Cable,1,4/15/2019 23:32
189136,27in 4K Gaming Monitor,1,4/28/2019 9:58
189137,AAA Batteries (4-pack),1,4/24/2019 22:44
189138,Wired Headphones,1,4/9/2019 18:53
189139,Vareebadd Phone,1,4/10/2019 14:39
189140,Bose SoundSport Headphones,1,4/11/2019 22:04
189141,Lightning Charging Cable,1,4/7/2019 13:29
189142,USB-C Charging Cable,1,4/9/2019 19:36
189143,Lightning Charging Cable,1,4/23/2019 6:30
189144,Lightning Charging Cable,1,4/1/2019 9:43
189145,USB-C Charging Cable,1,4/11/2019 21:12
189146,AA Batteries (4-pack),1,4/24/2019 14:42
189147,USB-C Charging Cable,1,4/25/2019 18:28
189148,Bose SoundSport Headphones,1,4/2/2019 2:22
189149,20in Monitor,1,4/29/2019 10:46
189150,AAA Batteries (4-pack),1,4/1/2019 18:50
189151,Wired Headphones,1,4/21/2019 8:53
189152,Google Phone,1,4/1/2019 7:40
189153,AAA Batteries (4-pack),1,4/22/2019 19:25
189154,Wired Headphones,1,4/30/2019 11:16
189155,AA Batteries (4-pack),1,4/17/2019 13:18
189156,USB-C Charging Cable,2,4/29/2019 10:11
189157,ThinkPad Laptop,1,4/29/2019 21:32
189158,Apple Airpods Headphones,1,4/6/2019 16:09
189159,USB-C Charging Cable,1,4/26/2019 16:07
189160,Apple Airpods Headphones,1,4/12/2019 21:27
189161,AA Batteries (4-pack),1,4/19/2019 22:57
189162,Wired Headphones,1,4/17/2019 21:12
189163,iPhone,1,4/30/2019 19:33
189164,Google Phone,1,4/12/2019 12:40
189164,Wired Headphones,1,4/12/2019 12:40
189165,USB-C Charging Cable,1,4/30/2019 10:26
189166,AA Batteries (4-pack),1,4/22/2019 19:28
189167,27in FHD Monitor,1,4/14/2019 16:53
189168,Bose SoundSport Headphones,1,4/22/2019 9:34
189169,iPhone,1,4/14/2019 21:01
189170,Lightning Charging Cable,1,4/21/2019 7:23
189171,Lightning Charging Cable,1,4/11/2019 21:43
189172,AAA Batteries (4-pack),1,4/16/2019 18:03
189173,Lightning Charging Cable,1,4/5/2019 15:07
189174,Lightning Charging Cable,1,4/24/2019 19:39
189175,27in 4K Gaming Monitor,1,4/22/2019 16:56
189176,AA Batteries (4-pack),2,4/14/2019 18:55
189177,AA Batteries (4-pack),1,4/4/2019 14:38
189178,Wired Headphones,1,4/16/2019 8:46
189179,Bose SoundSport Headphones,1,4/22/2019 10:01
189180,20in Monitor,1,4/23/2019 21:14
189181,AA Batteries (4-pack),1,4/4/2019 8:51
189182,Apple Airpods Headphones,1,4/6/2019 9:29
189183,Macbook Pro Laptop,1,4/5/2019 0:00
189184,Flatscreen TV,1,4/2/2019 11:54
189185,Wired Headphones,2,4/15/2019 9:47
189186,Flatscreen TV,1,4/18/2019 12:08
189186,27in 4K Gaming Monitor,1,4/18/2019 12:08
189187,AA Batteries (4-pack),1,4/20/2019 15:45
189188,34in Ultrawide Monitor,1,4/3/2019 16:41
189189,USB-C Charging Cable,1,4/13/2019 21:54
189190,USB-C Charging Cable,1,4/2/2019 21:10
189191,ThinkPad Laptop,1,4/23/2019 8:49
189192,AAA Batteries (4-pack),1,4/10/2019 20:44
189193,Google Phone,1,4/27/2019 13:39
189194,Macbook Pro Laptop,1,4/18/2019 20:03
189195,AAA Batteries (4-pack),1,4/11/2019 23:59
189196,AA Batteries (4-pack),1,4/15/2019 4:40
189197,AAA Batteries (4-pack),1,4/9/2019 20:38
189198,Wired Headphones,1,4/25/2019 11:42
189199,34in Ultrawide Monitor,1,4/5/2019 9:36
189200,AA Batteries (4-pack),1,4/8/2019 9:54
189201,Google Phone,1,4/22/2019 11:38
189202,Wired Headphones,1,4/19/2019 18:37
189203,34in Ultrawide Monitor,1,4/17/2019 0:14
189204,Bose SoundSport Headphones,1,4/8/2019 9:41
189205,AAA Batteries (4-pack),1,4/10/2019 12:33
189206,Wired Headphones,1,4/3/2019 0:25
189207,Macbook Pro Laptop,1,4/18/2019 9:42
189207,ThinkPad Laptop,1,4/18/2019 9:42
189208,Google Phone,1,4/7/2019 22:00
189209,AAA Batteries (4-pack),2,4/15/2019 9:34
189210,Wired Headphones,1,4/1/2019 11:11
189211,AA Batteries (4-pack),1,4/15/2019 19:22
189212,Google Phone,1,4/12/2019 13:12
189213,AAA Batteries (4-pack),2,4/5/2019 19:33
189214,Wired Headphones,1,4/11/2019 10:46
189215,Apple Airpods Headphones,1,4/8/2019 14:21
189216,34in Ultrawide Monitor,1,4/27/2019 2:29
189217,Apple Airpods Headphones,1,4/20/2019 10:53
189218,Bose SoundSport Headphones,1,4/19/2019 12:44
189218,34in Ultrawide Monitor,1,4/19/2019 12:44
189219,Wired Headphones,1,4/26/2019 17:26
189220,Lightning Charging Cable,1,4/10/2019 13:49
189221,Bose SoundSport Headphones,1,4/30/2019 13:08
189222,Apple Airpods Headphones,1,4/18/2019 7:45
189223,AAA Batteries (4-pack),1,4/12/2019 18:49
189224,ThinkPad Laptop,1,4/16/2019 9:55
189225,Bose SoundSport Headphones,1,4/13/2019 16:45
189226,Wired Headphones,1,4/24/2019 21:28
189227,AAA Batteries (4-pack),1,4/19/2019 15:46
189228,34in Ultrawide Monitor,1,4/13/2019 11:20
189229,27in 4K Gaming Monitor,1,4/13/2019 17:50
189230,AAA Batteries (4-pack),2,4/5/2019 0:38
189231,Lightning Charging Cable,1,4/20/2019 23:52
189232,AA Batteries (4-pack),2,4/6/2019 18:54
189233,AAA Batteries (4-pack),3,4/3/2019 13:08
189234,Bose SoundSport Headphones,1,4/14/2019 20:42
189235,AA Batteries (4-pack),1,4/12/2019 17:46
189236,27in FHD Monitor,1,4/12/2019 16:40
189237,AA Batteries (4-pack),1,4/18/2019 10:06
189238,Wired Headphones,1,4/4/2019 22:55
189239,Apple Airpods Headphones,1,4/3/2019 15:18
189240,Lightning Charging Cable,1,4/3/2019 17:47
189241,AA Batteries (4-pack),2,4/10/2019 22:36
189242,Wired Headphones,1,4/19/2019 12:20
189243,Google Phone,1,4/28/2019 13:01
189243,Bose SoundSport Headphones,1,4/28/2019 13:01
189244,Lightning Charging Cable,1,4/23/2019 19:14
189245,AAA Batteries (4-pack),1,4/15/2019 19:55
189246,AA Batteries (4-pack),2,4/28/2019 20:58
189247,Apple Airpods Headphones,1,4/3/2019 7:14
189248,27in FHD Monitor,1,4/20/2019 11:08
189249,Apple Airpods Headphones,1,4/20/2019 22:01
189249,27in FHD Monitor,1,4/20/2019 22:01
189250,Apple Airpods Headphones,1,4/25/2019 10:45
189251,27in FHD Monitor,1,4/16/2019 20:19
189252,Google Phone,1,4/19/2019 19:54
189252,USB-C Charging Cable,1,4/19/2019 19:54
189253,AAA Batteries (4-pack),2,4/23/2019 9:12
189254,34in Ultrawide Monitor,1,4/19/2019 9:50
189255,AA Batteries (4-pack),2,4/30/2019 17:53
189256,AA Batteries (4-pack),1,4/1/2019 7:27
189257,Bose SoundSport Headphones,1,4/23/2019 13:22
189258,Lightning Charging Cable,2,4/23/2019 9:07
189259,Wired Headphones,1,4/6/2019 20:06
189260,Apple Airpods Headphones,1,4/3/2019 0:15
189261,Wired Headphones,1,4/17/2019 10:38
189262,Google Phone,1,4/1/2019 13:02
189262,Wired Headphones,1,4/1/2019 13:02
189263,Lightning Charging Cable,1,4/12/2019 22:24
189264,Wired Headphones,1,4/8/2019 14:52
189265,Lightning Charging Cable,1,4/3/2019 11:19
189266,USB-C Charging Cable,1,4/20/2019 19:03
189267,Wired Headphones,1,4/27/2019 6:51
189268,Google Phone,1,4/11/2019 20:23
189269,Macbook Pro Laptop,1,4/26/2019 21:05
189270,Wired Headphones,1,4/1/2019 6:59
189271,27in FHD Monitor,1,4/27/2019 22:47
189272,Lightning Charging Cable,1,4/29/2019 18:27
189273,Macbook Pro Laptop,1,4/14/2019 0:52
189274,Bose SoundSport Headphones,1,4/19/2019 11:04
189275,Bose SoundSport Headphones,1,4/28/2019 22:20
189276,USB-C Charging Cable,1,4/1/2019 19:26
189277,Apple Airpods Headphones,1,4/22/2019 18:54
189278,AAA Batteries (4-pack),3,4/22/2019 10:26
189279,AA Batteries (4-pack),2,4/14/2019 16:08
189280,iPhone,1,4/16/2019 9:57
189281,Apple Airpods Headphones,1,4/9/2019 19:52
189282,Google Phone,1,4/30/2019 10:45
189283,USB-C Charging Cable,1,4/14/2019 3:07
189284,Lightning Charging Cable,1,4/11/2019 20:07
189285,ThinkPad Laptop,1,4/24/2019 18:35
189286,Lightning Charging Cable,1,4/15/2019 10:36
189287,34in Ultrawide Monitor,1,4/17/2019 22:35
189288,Wired Headphones,1,4/13/2019 1:37
189289,Wired Headphones,1,4/5/2019 20:35
189290,Google Phone,1,4/17/2019 9:18
189291,AAA Batteries (4-pack),1,4/10/2019 22:59
189292,Apple Airpods Headphones,1,4/27/2019 23:43
189293,AA Batteries (4-pack),1,4/16/2019 10:53
189294,USB-C Charging Cable,1,4/21/2019 12:02
Order ID,Product,Quantity Ordered,Order Date
189295,20in Monitor,1,4/7/2019 22:26
189296,34in Ultrawide Monitor,1,4/30/2019 17:05
189297,AAA Batteries (4-pack),1,4/25/2019 14:35
189298,27in FHD Monitor,1,4/30/2019 6:24
189299,Bose SoundSport Headphones,1,4/16/2019 23:35
189300,Bose SoundSport Headphones,1,4/15/2019 12:38
189301,iPhone,1,4/5/2019 23:49
189302,Apple Airpods Headphones,1,4/8/2019 11:43
189303,Wired Headphones,1,4/26/2019 19:07
189304,Lightning Charging Cable,1,4/10/2019 17:22
189305,Vareebadd Phone,1,4/2/2019 17:36
189306,USB-C Charging Cable,1,4/17/2019 17:35
189307,Vareebadd Phone,1,4/17/2019 15:10
189308,Lightning Charging Cable,1,4/20/2019 17:46
189309,Lightning Charging Cable,1,4/18/2019 17:33
189310,Vareebadd Phone,1,4/18/2019 11:55
189311,Apple Airpods Headphones,1,4/23/2019 15:01
189312,Google Phone,1,4/18/2019 15:09
189313,27in 4K Gaming Monitor,1,4/10/2019 11:56
189314,Bose SoundSport Headphones,1,4/1/2019 10:02
189315,AA Batteries (4-pack),1,4/29/2019 20:55
189316,LG Dryer,1,4/23/2019 20:36
189317,Lightning Charging Cable,1,4/25/2019 17:47
189318,Apple Airpods Headphones,1,4/19/2019 13:25
189319,Apple Airpods Headphones,1,4/6/2019 7:21
189320,AA Batteries (4-pack),1,4/10/2019 17:18
189321,AAA Batteries (4-pack),3,4/16/2019 19:26
189322,AAA Batteries (4-pack),2,4/1/2019 20:36
189323,AAA Batteries (4-pack),1,4/23/2019 14:24
189324,Bose SoundSport Headphones,1,4/13/2019 18:59
189325,USB-C Charging Cable,1,4/28/2019 21:39
189326,Lightning Charging Cable,2,4/22/2019 19:25
189327,AA Batteries (4-pack),1,4/11/2019 11:33
189328,AA Batteries (4-pack),1,4/8/2019 16:33
189329,Wired Headphones,1,4/28/2019 19:03
189330,AA Batteries (4-pack),1,4/20/2019 17:54
189331,AA Batteries (4-pack),1,4/6/2019 21:27
189332,iPhone,1,4/15/2019 1:06
189333,27in 4K Gaming Monitor,1,4/5/2019 21:48
189334,AA Batteries (4-pack),1,4/1/2019 20:50
189335,AA Batteries (4-pack),1,4/3/2019 8:25
189336,Google Phone,1,4/3/2019 21:59
189336,Bose SoundSport Headphones,1,4/3/2019 21:59
189337,Bose SoundSport Headphones,1,4/13/2019 10:35
189338,Apple Airpods Headphones,1,4/14/2019 9:57
189338,USB-C Charging Cable,1,4/14/2019 9:57
189339,AA Batteries (4-pack),1,4/26/2019 10:12
189340,Lightning Charging Cable,1,4/23/2019 23:47
189341,20in Monitor,1,4/3/2019 8:05
189342,Apple Airpods Headphones,1,4/4/2019 19:09
189343,Wired Headphones,1,4/14/2019 16:35
189344,27in FHD Monitor,1,4/30/2019 18:09
189345,Bose SoundSport Headphones,1,4/9/2019 21:10
189346,AA Batteries (4-pack),3,4/4/2019 20:53
189347,AA Batteries (4-pack),2,4/21/2019 18:49
189348,Wired Headphones,1,4/11/2019 19:19
189349,iPhone,1,4/23/2019 16:21
189350,AA Batteries (4-pack),1,4/5/2019 19:32
189351,AAA Batteries (4-pack),1,4/6/2019 20:34
189352,AA Batteries (4-pack),2,4/12/2019 12:45
189353,Lightning Charging Cable,1,4/20/2019 11:30
189354,ThinkPad Laptop,1,4/15/2019 8:00
189355,AAA Batteries (4-pack),1,4/23/2019 20:13
189356,Lightning Charging Cable,1,4/10/2019 20:36
189357,Flatscreen TV,1,4/26/2019 21:31
189358,Wired Headphones,1,4/2/2019 20:46
189359,ThinkPad Laptop,1,4/14/2019 17:26
189360,AAA Batteries (4-pack),1,4/5/2019 11:47
189361,Google Phone,1,4/28/2019 12:58
189362,AAA Batteries (4-pack),2,4/7/2019 22:37
189363,Vareebadd Phone,1,4/27/2019 21:43
189364,USB-C Charging Cable,2,4/20/2019 18:27
189365,USB-C Charging Cable,1,4/24/2019 10:43
189365,AAA Batteries (4-pack),1,4/24/2019 10:43
189366,Apple Airpods Headphones,1,4/10/2019 22:01
189367,AA Batteries (4-pack),2,4/24/2019 18:57
189368,Wired Headphones,1,4/22/2019 20:30
189369,Macbook Pro Laptop,1,4/21/2019 9:13
189370,Macbook Pro Laptop,1,4/22/2019 13:26
189371,AAA Batteries (4-pack),1,4/11/2019 10:21
189372,Wired Headphones,1,4/9/2019 18:08
189373,AA Batteries (4-pack),1,4/21/2019 16:49
189374,AA Batteries (4-pack),1,4/16/2019 5:56
189375,Wired Headphones,1,4/24/2019 14:05
189376,Apple Airpods Headphones,1,4/4/2019 20:40
189377,AAA Batteries (4-pack),1,4/18/2019 12:23
189378,20in Monitor,1,4/28/2019 22:18
189379,USB-C Charging Cable,1,4/18/2019 3:57
189380,Lightning Charging Cable,1,4/8/2019 11:18
189381,AAA Batteries (4-pack),1,4/7/2019 21:56
189382,Apple Airpods Headphones,1,4/14/2019 17:01
189383,Lightning Charging Cable,1,4/19/2019 8:01
189384,Lightning Charging Cable,1,4/5/2019 12:56
189385,AA Batteries (4-pack),1,4/15/2019 11:53
189386,Wired Headphones,2,4/19/2019 16:35
189387,AA Batteries (4-pack),1,4/14/2019 8:33
189387,USB-C Charging Cable,1,4/14/2019 8:33
189388,Bose SoundSport Headphones,1,4/8/2019 14:32
189389,Bose SoundSport Headphones,1,4/2/2019 9:48
189390,Lightning Charging Cable,1,4/11/2019 15:50
189391,USB-C Charging Cable,1,4/3/2019 15:09
189392,USB-C Charging Cable,1,4/27/2019 11:46
189393,Wired Headphones,1,4/28/2019 1:57
189394,USB-C Charging Cable,1,4/2/2019 11:05
189394,27in FHD Monitor,1,4/2/2019 11:05
189395,ThinkPad Laptop,1,4/3/2019 20:15
189396,Wired Headphones,1,4/18/2019 5:21
189397,USB-C Charging Cable,1,4/6/2019 16:23
189398,AA Batteries (4-pack),2,4/6/2019 3:48
189399,USB-C Charging Cable,1,4/25/2019 8:22
189400,AAA Batteries (4-pack),1,4/17/2019 22:11
189401,USB-C Charging Cable,1,4/30/2019 8:35
189402,27in 4K Gaming Monitor,1,4/16/2019 21:56
189403,AA Batteries (4-pack),1,4/28/2019 21:11
189404,Lightning Charging Cable,1,4/16/2019 21:17
189405,Wired Headphones,1,4/29/2019 9:46
189406,27in FHD Monitor,1,4/4/2019 22:55
189407,AAA Batteries (4-pack),1,4/8/2019 15:12
189408,Flatscreen TV,1,4/8/2019 15:58
189409,AA Batteries (4-pack),3,4/11/2019 23:58
189410,Wired Headphones,1,4/4/2019 15:01
189411,20in Monitor,1,4/16/2019 20:41
189412,Wired Headphones,1,4/1/2019 21:52
189413,iPhone,1,4/30/2019 12:41
189414,iPhone,1,4/25/2019 14:49
189414,Lightning Charging Cable,1,4/25/2019 14:49
189414,Apple Airpods Headphones,1,4/25/2019 14:49
189415,Apple Airpods Headphones,1,4/21/2019 22:03
189416,Bose SoundSport Headphones,1,4/4/2019 13:33
189417,AAA Batteries (4-pack),2,4/11/2019 1:28
189418,USB-C Charging Cable,1,4/30/2019 20:21
189419,AA Batteries (4-pack),1,4/9/2019 19:12
189420,USB-C Charging Cable,1,4/7/2019 14:02
189421,27in FHD Monitor,1,4/25/2019 18:56
189422,AAA Batteries (4-pack),1,4/21/2019 15:56
189423,Lightning Charging Cable,2,4/6/2019 6:52
189424,Wired Headphones,1,4/18/2019 20:19
189425,Google Phone,1,4/14/2019 22:06
189426,AA Batteries (4-pack),1,4/13/2019 18:05
189427,Wired Headphones,1,4/27/2019 20:01
189428,34in Ultrawide Monitor,1,4/30/2019 20:01
189429,34in Ultrawide Monitor,1,4/6/2019 18:57
189430,27in FHD Monitor,1,4/10/2019 20:13
189431,USB-C Charging Cable,1,4/8/2019 14:28
189432,Lightning Charging Cable,1,4/26/2019 21:15
189433,Wired Headphones,1,4/11/2019 17:39
189434,Bose SoundSport Headphones,1,4/22/2019 5:38
189435,Lightning Charging Cable,1,4/3/2019 10:18
189436,iPhone,1,4/15/2019 10:08
189437,Flatscreen TV,1,4/15/2019 13:16
189438,Lightning Charging Cable,1,4/22/2019 22:35
189439,Lightning Charging Cable,1,4/7/2019 7:25
189440,USB-C Charging Cable,2,4/14/2019 19:33
189441,Wired Headphones,1,4/27/2019 9:16
189442,Apple Airpods Headphones,1,4/9/2019 10:45
189443,Bose SoundSport Headphones,1,4/5/2019 20:09
189444,Wired Headphones,2,4/26/2019 14:14
189445,Apple Airpods Headphones,1,4/13/2019 11:03
189446,Flatscreen TV,1,4/3/2019 22:38
189447,AAA Batteries (4-pack),1,4/5/2019 11:12
189448,Lightning Charging Cable,1,4/11/2019 19:07
189449,34in Ultrawide Monitor,1,4/28/2019 11:31
189450,Wired Headphones,1,4/27/2019 13:54
189451,Lightning Charging Cable,1,4/15/2019 21:29
189452,AAA Batteries (4-pack),2,4/22/2019 19:55
189453,Lightning Charging Cable,1,4/10/2019 13:51
189454,Lightning Charging Cable,1,4/26/2019 0:10
189455,Wired Headphones,2,4/9/2019 18:25
189456,AA Batteries (4-pack),2,4/3/2019 23:07
189457,iPhone,1,4/22/2019 14:23
189457,Wired Headphones,1,4/22/2019 14:23
189458,iPhone,1,4/14/2019 23:48
189459,USB-C Charging Cable,1,4/28/2019 16:59
189460,AAA Batteries (4-pack),1,4/12/2019 15:39
189461,Vareebadd Phone,1,4/21/2019 16:17
189462,Wired Headphones,1,4/28/2019 22:57
189463,34in Ultrawide Monitor,1,4/25/2019 11:51
189464,AA Batteries (4-pack),1,4/14/2019 20:35
189465,Vareebadd Phone,1,4/26/2019 18:30
189466,34in Ultrawide Monitor,1,4/5/2019 20:45
189467,AA Batteries (4-pack),1,4/21/2019 19:09
189468,AA Batteries (4-pack),1,4/6/2019 10:00
189469,Macbook Pro Laptop,1,4/11/2019 22:12
189470,USB-C Charging Cable,2,4/13/2019 14:04
189471,Wired Headphones,1,4/12/2019 16:34
189472,AAA Batteries (4-pack),2,4/9/2019 19:42
189473,iPhone,1,4/18/2019 20:45
189474,Flatscreen TV,1,4/1/2019 10:00
189475,AAA Batteries (4-pack),2,4/19/2019 9:55
189476,Lightning Charging Cable,1,4/18/2019 21:31
189477,Macbook Pro Laptop,1,4/11/2019 21:31
189478,Lightning Charging Cable,1,4/26/2019 11:31
189479,Macbook Pro Laptop,1,4/12/2019 3:02
,,,
189480,Bose SoundSport Headphones,1,4/30/2019 14:36
189481,27in 4K Gaming Monitor,1,4/25/2019 15:36
189482,AA Batteries (4-pack),1,4/30/2019 21:09
189483,USB-C Charging Cable,1,4/8/2019 4:54
189484,Flatscreen TV,1,4/25/2019 15:49
189485,AA Batteries (4-pack),2,4/28/2019 13:37
189486,USB-C Charging Cable,1,4/2/2019 8:52
189487,AA Batteries (4-pack),1,4/1/2019 11:50
189488,USB-C Charging Cable,1,4/10/2019 22:04
189489,27in FHD Monitor,1,4/1/2019 10:12
189490,AA Batteries (4-pack),2,4/24/2019 12:22
189491,Lightning Charging Cable,1,4/11/2019 14:18
189492,27in FHD Monitor,1,4/4/2019 11:28
189493,20in Monitor,1,4/27/2019 10:55
189494,Wired Headphones,1,4/11/2019 21:20
189495,iPhone,1,4/9/2019 11:59
189496,ThinkPad Laptop,1,4/17/2019 23:29
189496,Lightning Charging Cable,1,4/17/2019 23:29
189497,Bose SoundSport Headphones,1,4/27/2019 17:39
189498,Apple Airpods Headphones,1,4/29/2019 8:26
189499,Apple Airpods Headphones,1,4/3/2019 20:30
189500,34in Ultrawide Monitor,1,4/26/2019 15:42
189501,Lightning Charging Cable,1,4/19/2019 7:50
189502,Lightning Charging Cable,1,4/28/2019 21:23
189503,Flatscreen TV,1,4/1/2019 18:12
189504,Wired Headphones,1,4/1/2019 9:46
189505,Lightning Charging Cable,1,4/6/2019 20:59
189506,Lightning Charging Cable,1,4/21/2019 13:10
189507,AA Batteries (4-pack),1,4/8/2019 12:43
189508,Macbook Pro Laptop,1,4/14/2019 10:51
189509,AAA Batteries (4-pack),1,4/13/2019 16:59
189510,Bose SoundSport Headphones,1,4/5/2019 6:20
189511,Bose SoundSport Headphones,2,4/1/2019 21:47
189512,27in 4K Gaming Monitor,1,4/25/2019 3:29
189513,USB-C Charging Cable,1,4/26/2019 10:36
189514,Google Phone,1,4/12/2019 22:19
189515,Bose SoundSport Headphones,1,4/10/2019 11:13
189516,AA Batteries (4-pack),1,4/7/2019 18:18
189517,Macbook Pro Laptop,1,4/23/2019 14:57
189518,AA Batteries (4-pack),1,4/12/2019 22:48
189519,Apple Airpods Headphones,1,4/10/2019 15:22
189520,Wired Headphones,1,4/29/2019 21:22
189521,Wired Headphones,1,4/11/2019 21:40
189522,AAA Batteries (4-pack),2,4/24/2019 23:53
189523,AAA Batteries (4-pack),3,4/27/2019 19:27
189524,Lightning Charging Cable,1,4/21/2019 17:22
189525,34in Ultrawide Monitor,1,4/10/2019 8:01
189526,ThinkPad Laptop,1,4/26/2019 21:03
189527,Bose SoundSport Headphones,1,4/11/2019 13:40
189528,AA Batteries (4-pack),1,4/12/2019 10:58
189529,Apple Airpods Headphones,1,4/4/2019 14:54
189530,AA Batteries (4-pack),4,4/23/2019 8:59
189531,20in Monitor,1,4/28/2019 13:00
189532,AA Batteries (4-pack),1,4/5/2019 20:03
189533,Lightning Charging Cable,1,4/16/2019 15:53
189534,27in FHD Monitor,1,4/28/2019 20:34
189535,Bose SoundSport Headphones,1,4/4/2019 11:03
189536,Wired Headphones,1,4/19/2019 2:52
189537,Lightning Charging Cable,1,4/20/2019 22:05
189538,AAA Batteries (4-pack),1,4/5/2019 22:07
189539,USB-C Charging Cable,1,4/27/2019 15:40
189540,Lightning Charging Cable,1,4/30/2019 19:42
189541,USB-C Charging Cable,1,4/22/2019 9:09
189542,AA Batteries (4-pack),1,4/11/2019 11:36
189543,Wired Headphones,2,4/28/2019 18:26
189544,Lightning Charging Cable,1,4/6/2019 19:50
189545,20in Monitor,1,5/1/2019 2:06
189546,AAA Batteries (4-pack),1,4/5/2019 20:15
189547,Google Phone,1,4/17/2019 18:39
189548,Bose SoundSport Headphones,1,4/13/2019 9:56
,,,
189549,USB-C Charging Cable,2,4/4/2019 22:54
189550,AAA Batteries (4-pack),1,4/12/2019 1:54
189551,USB-C Charging Cable,1,4/6/2019 4:42
189552,iPhone,1,4/25/2019 20:03
189552,Lightning Charging Cable,1,4/25/2019 20:03
189553,Apple Airpods Headphones,1,4/7/2019 20:15
189554,Lightning Charging Cable,1,4/13/2019 16:58
189555,LG Washing Machine,1,4/4/2019 18:01
189556,AA Batteries (4-pack),1,4/10/2019 13:01
189557,iPhone,1,4/27/2019 12:49
189558,AA Batteries (4-pack),1,4/17/2019 0:04
189559,Apple Airpods Headphones,1,4/26/2019 13:14
189560,Lightning Charging Cable,1,4/12/2019 22:43
189561,Bose SoundSport Headphones,1,4/18/2019 21:06
189562,USB-C Charging Cable,1,4/22/2019 15:49
189563,Wired Headphones,3,4/21/2019 15:21
189564,27in FHD Monitor,1,4/1/2019 21:55
189565,AA Batteries (4-pack),1,4/3/2019 1:02
189566,Flatscreen TV,1,4/3/2019 22:36
189567,AA Batteries (4-pack),1,4/11/2019 9:25
189568,Apple Airpods Headphones,1,4/23/2019 15:28
189569,AA Batteries (4-pack),1,4/22/2019 20:55
189570,AA Batteries (4-pack),1,4/5/2019 22:59
189570,Wired Headphones,1,4/5/2019 22:59
189571,AA Batteries (4-pack),2,4/27/2019 15:27
189572,Apple Airpods Headphones,1,4/18/2019 13:02
189573,Lightning Charging Cable,1,4/26/2019 11:32
189574,AAA Batteries (4-pack),2,4/27/2019 13:00
189575,iPhone,1,4/18/2019 21:54
189576,Flatscreen TV,1,4/11/2019 12:05
189577,27in FHD Monitor,1,4/10/2019 11:34
189578,Lightning Charging Cable,1,4/28/2019 10:51
189579,AA Batteries (4-pack),2,4/25/2019 21:25
189580,Macbook Pro Laptop,1,4/20/2019 8:42
189581,USB-C Charging Cable,1,4/12/2019 15:28
189582,Bose SoundSport Headphones,1,4/21/2019 11:24
189583,Google Phone,1,4/30/2019 18:43
189584,Lightning Charging Cable,1,4/19/2019 11:23
189585,Lightning Charging Cable,1,4/4/2019 20:51
189586,Bose SoundSport Headphones,1,4/27/2019 12:58
189587,AA Batteries (4-pack),1,4/20/2019 17:54
189588,AA Batteries (4-pack),1,4/8/2019 19:39
189589,iPhone,1,4/19/2019 9:04
189590,Bose SoundSport Headphones,1,4/20/2019 8:26
189591,AAA Batteries (4-pack),2,4/8/2019 18:44
189592,Wired Headphones,1,4/4/2019 23:44
189593,ThinkPad Laptop,1,4/24/2019 21:39
189594,Apple Airpods Headphones,1,4/10/2019 13:46
189595,USB-C Charging Cable,1,4/11/2019 16:07
189596,AAA Batteries (4-pack),1,4/8/2019 19:25
189597,Vareebadd Phone,1,4/21/2019 11:12
189597,Wired Headphones,2,4/21/2019 11:12
189598,34in Ultrawide Monitor,1,4/9/2019 19:29
189599,Lightning Charging Cable,1,4/19/2019 12:37
189600,USB-C Charging Cable,1,4/7/2019 16:49
189601,Macbook Pro Laptop,1,4/25/2019 19:47
189602,AA Batteries (4-pack),1,4/29/2019 6:29
189603,Lightning Charging Cable,2,4/11/2019 1:54
189604,Wired Headphones,1,4/22/2019 12:24
189605,USB-C Charging Cable,1,4/30/2019 20:44
189606,Lightning Charging Cable,1,4/27/2019 21:51
189607,AAA Batteries (4-pack),3,4/28/2019 13:56
189608,AA Batteries (4-pack),1,4/15/2019 13:26
189609,Apple Airpods Headphones,1,4/14/2019 11:58
189610,Lightning Charging Cable,1,4/10/2019 21:19
189611,AA Batteries (4-pack),1,4/25/2019 9:48
189612,AA Batteries (4-pack),3,4/10/2019 21:48
189613,Macbook Pro Laptop,1,4/9/2019 15:51
189614,USB-C Charging Cable,1,4/25/2019 14:15
189615,AA Batteries (4-pack),2,4/23/2019 19:30
189616,Lightning Charging Cable,1,4/29/2019 16:37
189617,iPhone,1,4/22/2019 15:34
189617,Wired Headphones,1,4/22/2019 15:34
189618,USB-C Charging Cable,1,4/30/2019 23:41
189619,AA Batteries (4-pack),1,4/23/2019 21:04
189620,Wired Headphones,1,4/15/2019 1:28
189621,ThinkPad Laptop,1,4/28/2019 0:14
189622,27in FHD Monitor,1,4/9/2019 15:44
189623,27in 4K Gaming Monitor,1,4/30/2019 22:18
189624,Lightning Charging Cable,1,4/17/2019 19:40
189625,AAA Batteries (4-pack),3,4/3/2019 16:40
189626,34in Ultrawide Monitor,1,4/25/2019 13:09
189627,AAA Batteries (4-pack),1,4/25/2019 17:00
189628,AA Batteries (4-pack),2,4/18/2019 21:04
189629,iPhone,1,4/27/2019 14:49
189630,AAA Batteries (4-pack),2,4/23/2019 19:22
189631,Bose SoundSport Headphones,1,4/27/2019 0:41
189632,Apple Airpods Headphones,1,4/19/2019 22:51
189633,ThinkPad Laptop,1,4/13/2019 12:56
189634,34in Ultrawide Monitor,1,4/7/2019 15:33
189635,Wired Headphones,1,4/30/2019 13:10
189636,Macbook Pro Laptop,1,4/17/2019 18:06
189637,AAA Batteries (4-pack),1,4/11/2019 16:06
189638,Apple Airpods Headphones,1,4/13/2019 1:18
189639,AA Batteries (4-pack),2,4/3/2019 15:59
189640,Vareebadd Phone,1,4/29/2019 21:02
189641,Apple Airpods Headphones,1,4/18/2019 19:24
189642,Apple Airpods Headphones,2,4/25/2019 12:37
189643,Bose SoundSport Headphones,1,4/16/2019 21:51
189644,AAA Batteries (4-pack),1,4/23/2019 22:18
189645,AA Batteries (4-pack),1,4/23/2019 15:47
189646,Bose SoundSport Headphones,1,4/3/2019 9:06
189647,AA Batteries (4-pack),1,4/29/2019 13:34
189648,AAA Batteries (4-pack),1,4/15/2019 10:59
189649,27in 4K Gaming Monitor,1,4/11/2019 17:24
189650,USB-C Charging Cable,2,4/29/2019 11:40
189651,Apple Airpods Headphones,1,4/10/2019 23:05
189652,Bose SoundSport Headphones,1,4/7/2019 11:24
189653,AA Batteries (4-pack),1,4/27/2019 20:03
189654,USB-C Charging Cable,1,4/21/2019 18:57
189655,27in FHD Monitor,1,4/27/2019 11:30
189656,AA Batteries (4-pack),1,4/5/2019 19:56
189657,Bose SoundSport Headphones,1,4/20/2019 13:02
189658,34in Ultrawide Monitor,1,4/3/2019 16:12
189659,USB-C Charging Cable,1,4/18/2019 16:30
189660,Wired Headphones,1,4/23/2019 14:00
189661,AA Batteries (4-pack),1,4/3/2019 11:05
189662,27in 4K Gaming Monitor,1,4/21/2019 16:17
189663,Wired Headphones,2,4/11/2019 12:31
189664,Apple Airpods Headphones,1,4/3/2019 8:26
189665,Apple Airpods Headphones,1,4/20/2019 23:37
189666,27in FHD Monitor,1,4/8/2019 20:52
189667,Macbook Pro Laptop,1,4/6/2019 19:13
189668,USB-C Charging Cable,1,4/1/2019 16:03
189669,Google Phone,1,4/30/2019 8:32
189669,Bose SoundSport Headphones,1,4/30/2019 8:32
189670,27in FHD Monitor,1,4/17/2019 18:41
189671,AA Batteries (4-pack),1,4/25/2019 11:07
189672,Wired Headphones,1,4/30/2019 20:17
189673,20in Monitor,1,4/18/2019 21:53
189674,AA Batteries (4-pack),2,4/1/2019 10:23
189675,Flatscreen TV,1,4/20/2019 2:34
189676,27in FHD Monitor,1,4/11/2019 15:41
189677,AAA Batteries (4-pack),1,4/1/2019 14:06
189678,Google Phone,1,4/6/2019 20:44
189679,34in Ultrawide Monitor,1,4/24/2019 16:49
189680,Flatscreen TV,1,4/8/2019 15:03
189681,AA Batteries (4-pack),1,4/29/2019 19:26
189681,Bose SoundSport Headphones,1,4/29/2019 19:26
189682,Google Phone,1,4/14/2019 12:57
189683,Apple Airpods Headphones,1,4/3/2019 21:08
189684,Flatscreen TV,1,4/25/2019 12:30
189685,27in 4K Gaming Monitor,1,4/1/2019 13:28
189686,Wired Headphones,1,4/1/2019 12:50
189687,iPhone,1,4/23/2019 10:48
189688,Bose SoundSport Headphones,1,4/30/2019 22:27
189689,27in FHD Monitor,1,4/16/2019 18:30
189690,AA Batteries (4-pack),1,4/11/2019 0:25
189691,AA Batteries (4-pack),1,4/30/2019 11:52
189692,USB-C Charging Cable,1,4/7/2019 17:38
189693,Bose SoundSport Headphones,1,4/30/2019 18:46
189694,AA Batteries (4-pack),1,4/20/2019 20:05
189695,Bose SoundSport Headphones,1,4/14/2019 1:02
189696,34in Ultrawide Monitor,1,4/20/2019 10:12
189697,Macbook Pro Laptop,1,4/8/2019 18:23
189698,27in FHD Monitor,1,4/3/2019 16:52
189699,USB-C Charging Cable,1,4/24/2019 22:03
189700,Wired Headphones,1,4/6/2019 8:11
189701,AA Batteries (4-pack),1,4/14/2019 17:01
189702,Bose SoundSport Headphones,1,4/30/2019 17:21
189703,USB-C Charging Cable,1,4/6/2019 13:54
189704,iPhone,1,4/16/2019 18:12
189705,USB-C Charging Cable,1,4/24/2019 21:13
189706,27in FHD Monitor,1,4/18/2019 16:36
189707,27in FHD Monitor,1,4/22/2019 11:08
189708,AA Batteries (4-pack),1,4/29/2019 23:36
189709,AAA Batteries (4-pack),1,4/18/2019 19:44
189710,Bose SoundSport Headphones,1,4/25/2019 14:39
189711,AA Batteries (4-pack),1,4/4/2019 15:50
189711,AA Batteries (4-pack),2,4/4/2019 15:50
189712,AA Batteries (4-pack),1,4/23/2019 20:01
189713,27in FHD Monitor,1,4/30/2019 11:40
189714,Lightning Charging Cable,1,4/9/2019 18:47
189715,Lightning Charging Cable,1,4/18/2019 23:22
189716,AAA Batteries (4-pack),1,4/10/2019 14:51
189717,AA Batteries (4-pack),2,4/4/2019 7:13
189718,27in 4K Gaming Monitor,1,4/16/2019 20:08
189719,AAA Batteries (4-pack),1,4/1/2019 21:07
189720,27in 4K Gaming Monitor,1,4/17/2019 19:09
189721,27in 4K Gaming Monitor,1,4/17/2019 8:32
189722,Bose SoundSport Headphones,1,4/10/2019 17:07
189723,Wired Headphones,1,4/26/2019 20:57
189724,Lightning Charging Cable,1,4/24/2019 13:10
189725,USB-C Charging Cable,1,4/26/2019 11:48
189726,Lightning Charging Cable,1,4/18/2019 16:35
189727,AA Batteries (4-pack),1,4/18/2019 13:10
189728,AAA Batteries (4-pack),1,4/27/2019 0:07
189729,34in Ultrawide Monitor,1,4/20/2019 15:02
189730,ThinkPad Laptop,1,4/26/2019 12:10
189731,27in FHD Monitor,1,4/2/2019 21:05
189732,AAA Batteries (4-pack),2,4/7/2019 20:24
189733,Apple Airpods Headphones,1,4/28/2019 20:56
189734,Lightning Charging Cable,1,4/10/2019 10:23
189735,AAA Batteries (4-pack),1,4/23/2019 10:39
189736,AA Batteries (4-pack),1,4/25/2019 18:29
189737,Wired Headphones,1,4/5/2019 12:25
189738,Flatscreen TV,1,4/10/2019 14:44
189739,Bose SoundSport Headphones,1,4/24/2019 20:52
189740,Bose SoundSport Headphones,1,4/13/2019 11:40
189741,Apple Airpods Headphones,1,4/30/2019 10:21
189742,Apple Airpods Headphones,1,4/8/2019 10:36
189743,USB-C Charging Cable,1,4/30/2019 11:31
189744,AAA Batteries (4-pack),1,4/3/2019 13:21
189745,Google Phone,1,4/17/2019 19:29
189746,Macbook Pro Laptop,1,4/6/2019 20:44
189747,USB-C Charging Cable,1,4/8/2019 9:18
189748,Bose SoundSport Headphones,1,4/3/2019 10:42
189749,34in Ultrawide Monitor,1,4/3/2019 10:39
189750,AA Batteries (4-pack),1,4/27/2019 16:03
189751,27in FHD Monitor,1,4/25/2019 12:30
189752,34in Ultrawide Monitor,1,4/9/2019 17:25
189753,Flatscreen TV,1,4/8/2019 23:47
189754,Wired Headphones,1,4/11/2019 18:49
189755,20in Monitor,1,4/12/2019 13:29
189756,USB-C Charging Cable,1,4/12/2019 14:19
189757,27in 4K Gaming Monitor,1,4/12/2019 13:52
189758,Lightning Charging Cable,2,4/3/2019 9:01
189759,Apple Airpods Headphones,1,4/30/2019 13:44
189760,AAA Batteries (4-pack),1,4/13/2019 10:38
189761,Lightning Charging Cable,1,4/18/2019 8:56
189762,AAA Batteries (4-pack),2,4/6/2019 18:47
189763,AAA Batteries (4-pack),3,4/17/2019 15:43
189764,Lightning Charging Cable,1,4/18/2019 10:22
189765,Lightning Charging Cable,1,4/26/2019 20:35
189766,Apple Airpods Headphones,1,4/16/2019 18:43
189767,Lightning Charging Cable,1,4/3/2019 12:35
189768,27in FHD Monitor,1,4/9/2019 20:52
189769,AAA Batteries (4-pack),1,4/18/2019 19:44
189770,Macbook Pro Laptop,1,4/23/2019 13:56
189771,Apple Airpods Headphones,1,4/17/2019 9:35
189772,Apple Airpods Headphones,1,4/14/2019 20:17
189773,Bose SoundSport Headphones,1,4/24/2019 0:22
189774,Macbook Pro Laptop,1,4/28/2019 9:26
189775,USB-C Charging Cable,1,4/28/2019 17:04
189776,Wired Headphones,1,4/1/2019 11:04
189777,Wired Headphones,1,4/28/2019 9:21
189778,Apple Airpods Headphones,1,4/4/2019 20:31
189779,Lightning Charging Cable,1,4/28/2019 12:17
189780,Wired Headphones,1,4/19/2019 18:45
189781,AAA Batteries (4-pack),4,4/6/2019 19:11
189782,Bose SoundSport Headphones,1,4/18/2019 17:47
189783,Apple Airpods Headphones,1,4/3/2019 9:12
189784,AA Batteries (4-pack),1,4/8/2019 23:21
189785,Apple Airpods Headphones,1,4/3/2019 12:30
189786,34in Ultrawide Monitor,1,4/29/2019 18:17
189787,Wired Headphones,1,4/16/2019 10:33
189788,27in FHD Monitor,1,4/17/2019 15:50
189789,20in Monitor,1,4/15/2019 22:56
189790,34in Ultrawide Monitor,1,4/11/2019 11:02
189790,Google Phone,1,4/11/2019 11:02
189791,Lightning Charging Cable,1,4/8/2019 10:36
189792,USB-C Charging Cable,1,4/13/2019 21:18
189793,Wired Headphones,1,4/1/2019 11:20
189794,Lightning Charging Cable,1,4/25/2019 0:27
189795,Wired Headphones,1,4/23/2019 5:05
189796,Lightning Charging Cable,1,4/15/2019 11:21
189797,AAA Batteries (4-pack),4,4/6/2019 14:09
189798,Lightning Charging Cable,1,4/25/2019 9:19
189799,AAA Batteries (4-pack),2,4/12/2019 20:31
189800,Apple Airpods Headphones,1,4/28/2019 13:59
189801,Flatscreen TV,1,4/26/2019 18:03
189802,AAA Batteries (4-pack),1,4/22/2019 17:29
189803,Lightning Charging Cable,1,4/11/2019 18:05
189804,Lightning Charging Cable,1,4/12/2019 9:26
189805,Macbook Pro Laptop,1,5/1/2019 1:31
189806,Macbook Pro Laptop,1,5/1/2019 0:52
189807,AAA Batteries (4-pack),1,4/3/2019 16:42
189808,20in Monitor,1,4/11/2019 21:41
189809,iPhone,1,4/19/2019 19:56
189809,Apple Airpods Headphones,1,4/19/2019 19:56
189810,AA Batteries (4-pack),1,4/7/2019 13:06
189811,AAA Batteries (4-pack),1,4/28/2019 21:11
189812,Wired Headphones,1,4/1/2019 18:55
189813,Lightning Charging Cable,1,4/1/2019 6:02
189814,iPhone,1,4/3/2019 9:14
189815,Bose SoundSport Headphones,1,4/13/2019 15:55
189816,Macbook Pro Laptop,1,4/26/2019 14:54
189816,AAA Batteries (4-pack),1,4/26/2019 14:54
189817,ThinkPad Laptop,1,4/10/2019 17:06
189818,Apple Airpods Headphones,1,4/29/2019 17:54
189819,Apple Airpods Headphones,1,4/5/2019 8:52
189820,AA Batteries (4-pack),1,4/2/2019 19:36
189821,ThinkPad Laptop,1,4/7/2019 14:32
189822,USB-C Charging Cable,1,4/22/2019 20:13
189823,27in 4K Gaming Monitor,1,4/18/2019 19:35
189824,Google Phone,1,4/29/2019 7:08
189825,Bose SoundSport Headphones,1,4/18/2019 20:42
189826,iPhone,1,4/16/2019 9:16
189827,Apple Airpods Headphones,1,4/22/2019 21:19
189828,27in 4K Gaming Monitor,1,4/24/2019 13:15
189829,AAA Batteries (4-pack),1,4/14/2019 15:24
189830,USB-C Charging Cable,1,4/7/2019 23:32
189831,20in Monitor,1,4/15/2019 20:22
189832,Apple Airpods Headphones,1,4/10/2019 19:21
189833,Flatscreen TV,1,4/24/2019 18:47
189834,Apple Airpods Headphones,1,4/6/2019 18:47
189834,AAA Batteries (4-pack),1,4/6/2019 18:47
189835,AA Batteries (4-pack),1,4/14/2019 13:35
189836,Bose SoundSport Headphones,1,4/21/2019 7:28
189837,Vareebadd Phone,1,4/27/2019 20:18
189837,USB-C Charging Cable,1,4/27/2019 20:18
189838,AA Batteries (4-pack),2,4/26/2019 16:53
189839,AAA Batteries (4-pack),2,4/7/2019 21:09
189840,Macbook Pro Laptop,1,4/4/2019 15:19
189841,AAA Batteries (4-pack),3,4/11/2019 12:16
189842,iPhone,1,4/16/2019 13:56
189842,Lightning Charging Cable,1,4/16/2019 13:56
189843,USB-C Charging Cable,1,4/25/2019 9:47
189844,Wired Headphones,1,4/13/2019 14:49
189845,Google Phone,1,4/28/2019 16:46
189845,USB-C Charging Cable,1,4/28/2019 16:46
189846,Wired Headphones,1,4/14/2019 4:21
189847,USB-C Charging Cable,1,4/15/2019 19:21
189848,AA Batteries (4-pack),1,4/28/2019 5:27
189849,AAA Batteries (4-pack),1,4/9/2019 17:18
189850,Macbook Pro Laptop,1,4/27/2019 12:42
189851,AAA Batteries (4-pack),1,4/3/2019 20:51
189852,AA Batteries (4-pack),1,4/12/2019 18:10
189853,Macbook Pro Laptop,1,4/15/2019 3:16
189854,USB-C Charging Cable,1,5/1/2019 2:09
189855,USB-C Charging Cable,1,4/11/2019 12:57
189856,Vareebadd Phone,1,4/5/2019 13:37
189857,20in Monitor,1,4/15/2019 20:58
189858,AAA Batteries (4-pack),1,4/24/2019 8:53
189859,Apple Airpods Headphones,1,4/21/2019 9:11
189860,AA Batteries (4-pack),1,4/6/2019 7:42
189861,USB-C Charging Cable,1,4/28/2019 13:30
189862,27in 4K Gaming Monitor,1,4/19/2019 18:27
189863,ThinkPad Laptop,1,4/27/2019 14:42
189864,AA Batteries (4-pack),1,4/16/2019 10:04
189865,20in Monitor,1,4/19/2019 20:53
189866,AA Batteries (4-pack),1,4/18/2019 13:13
189867,USB-C Charging Cable,2,4/6/2019 10:40
189868,USB-C Charging Cable,1,4/26/2019 17:44
189869,ThinkPad Laptop,1,4/9/2019 12:31
189870,Lightning Charging Cable,1,4/5/2019 8:37
189871,iPhone,1,4/24/2019 22:25
189871,Wired Headphones,1,4/24/2019 22:25
189872,Bose SoundSport Headphones,1,4/28/2019 14:34
189873,Macbook Pro Laptop,1,4/6/2019 11:04
189874,Lightning Charging Cable,1,4/24/2019 9:58
189875,USB-C Charging Cable,1,4/13/2019 11:23
189876,AA Batteries (4-pack),1,4/29/2019 22:04
189877,Macbook Pro Laptop,1,4/28/2019 18:17
189878,Lightning Charging Cable,1,4/23/2019 11:33
189879,AAA Batteries (4-pack),1,4/9/2019 4:44
189880,27in 4K Gaming Monitor,1,4/6/2019 11:31
189881,AA Batteries (4-pack),1,4/12/2019 1:12
189882,Wired Headphones,2,4/15/2019 16:11
189883,Wired Headphones,1,4/24/2019 15:41
189884,AA Batteries (4-pack),2,4/10/2019 21:02
189885,Vareebadd Phone,1,4/7/2019 17:44
189886,34in Ultrawide Monitor,1,4/27/2019 20:02
189887,Wired Headphones,2,4/1/2019 10:43
189888,Bose SoundSport Headphones,1,4/5/2019 18:47
189889,AA Batteries (4-pack),2,4/18/2019 12:18
189890,Apple Airpods Headphones,1,4/26/2019 16:52
189891,20in Monitor,1,4/26/2019 20:37
189892,AA Batteries (4-pack),1,4/9/2019 11:39
189893,Lightning Charging Cable,1,4/27/2019 23:54
189894,Lightning Charging Cable,1,4/24/2019 11:03
189895,AA Batteries (4-pack),1,4/12/2019 13:09
189896,Lightning Charging Cable,1,4/2/2019 21:35
189897,Lightning Charging Cable,1,4/7/2019 18:40
189898,AAA Batteries (4-pack),1,4/25/2019 9:51
189899,USB-C Charging Cable,1,4/10/2019 17:59
189900,34in Ultrawide Monitor,1,4/19/2019 12:57
189901,AA Batteries (4-pack),1,4/25/2019 16:22
189902,Flatscreen TV,1,4/21/2019 4:10
189903,Bose SoundSport Headphones,1,4/29/2019 13:34
189904,AA Batteries (4-pack),1,4/18/2019 19:43
189905,27in FHD Monitor,1,4/30/2019 22:08
189906,Wired Headphones,2,4/9/2019 11:26
189907,Lightning Charging Cable,1,4/28/2019 10:56
189908,Lightning Charging Cable,1,4/5/2019 6:54
189909,USB-C Charging Cable,1,4/8/2019 18:10
189910,Google Phone,1,4/7/2019 21:59
189910,USB-C Charging Cable,1,4/7/2019 21:59
189911,AAA Batteries (4-pack),1,4/25/2019 14:06
189912,27in FHD Monitor,1,4/4/2019 12:40
189913,Lightning Charging Cable,1,4/4/2019 20:45
189914,USB-C Charging Cable,2,4/13/2019 19:27
189915,USB-C Charging Cable,1,4/29/2019 11:43
189916,AAA Batteries (4-pack),2,4/23/2019 5:00
189917,Wired Headphones,1,4/20/2019 21:36
189918,34in Ultrawide Monitor,1,4/12/2019 14:05
189919,Lightning Charging Cable,1,4/28/2019 13:49
189920,AAA Batteries (4-pack),1,4/18/2019 18:07
189921,Lightning Charging Cable,1,4/19/2019 17:52
189922,Apple Airpods Headphones,1,4/23/2019 22:27
189923,Bose SoundSport Headphones,1,4/8/2019 11:48
189924,AAA Batteries (4-pack),1,4/2/2019 12:57
189925,Lightning Charging Cable,1,4/28/2019 15:29
189926,LG Washing Machine,1,4/10/2019 14:15
Order ID,Product,Quantity Ordered,Order Date
189927,Apple Airpods Headphones,1,4/24/2019 15:01
189928,AA Batteries (4-pack),1,4/18/2019 21:01
189929,Bose SoundSport Headphones,1,4/9/2019 10:38
189930,Bose SoundSport Headphones,1,4/29/2019 7:02
189931,34in Ultrawide Monitor,1,4/3/2019 15:10
189932,Lightning Charging Cable,1,4/27/2019 14:06
189933,Bose SoundSport Headphones,1,4/3/2019 16:07
189934,USB-C Charging Cable,1,4/17/2019 14:26
189935,Wired Headphones,1,4/10/2019 23:42
189936,AA Batteries (4-pack),1,4/8/2019 14:31
189937,Bose SoundSport Headphones,1,4/15/2019 19:00
189938,Wired Headphones,1,4/28/2019 19:01
189939,AAA Batteries (4-pack),2,4/14/2019 19:04
189940,Lightning Charging Cable,1,4/18/2019 14:50
189941,Apple Airpods Headphones,1,4/28/2019 20:29
189942,Google Phone,1,4/1/2019 22:07
189942,USB-C Charging Cable,1,4/1/2019 22:07
189943,AAA Batteries (4-pack),2,4/4/2019 20:05
189944,AAA Batteries (4-pack),1,4/14/2019 17:59
189945,iPhone,1,4/23/2019 12:06
189946,AA Batteries (4-pack),2,4/8/2019 0:40
189947,34in Ultrawide Monitor,1,4/29/2019 10:45
189948,USB-C Charging Cable,1,4/21/2019 1:05
189949,34in Ultrawide Monitor,1,4/17/2019 14:54
189950,USB-C Charging Cable,2,4/28/2019 15:52
189951,Macbook Pro Laptop,1,4/30/2019 19:26
189952,AAA Batteries (4-pack),1,4/8/2019 8:45
189953,Wired Headphones,1,4/18/2019 9:28
189954,USB-C Charging Cable,1,4/15/2019 9:03
189955,Vareebadd Phone,1,4/1/2019 15:55
189956,Apple Airpods Headphones,1,4/23/2019 10:07
189957,Vareebadd Phone,1,4/20/2019 18:53
189957,Wired Headphones,1,4/20/2019 18:53
189958,ThinkPad Laptop,1,4/13/2019 19:13
189959,Google Phone,1,4/10/2019 11:57
189960,AAA Batteries (4-pack),1,4/10/2019 20:56
189961,27in 4K Gaming Monitor,1,4/16/2019 12:15
189962,USB-C Charging Cable,1,4/25/2019 14:49
189963,Google Phone,1,4/11/2019 19:05
189963,Wired Headphones,1,4/11/2019 19:05
189964,Wired Headphones,1,4/22/2019 17:49
189965,Lightning Charging Cable,1,4/29/2019 21:18
189966,AAA Batteries (4-pack),1,4/21/2019 20:39
189967,Bose SoundSport Headphones,1,4/9/2019 13:51
189968,Lightning Charging Cable,1,4/13/2019 19:42
189969,USB-C Charging Cable,1,4/23/2019 12:54
189970,Lightning Charging Cable,1,4/9/2019 12:36
189971,Bose SoundSport Headphones,1,4/16/2019 22:44
189972,Flatscreen TV,1,4/16/2019 20:05
189973,AAA Batteries (4-pack),1,4/30/2019 18:14
189974,AA Batteries (4-pack),1,4/29/2019 12:02
189975,Apple Airpods Headphones,1,4/24/2019 0:16
189976,AA Batteries (4-pack),2,4/24/2019 19:00
189977,Google Phone,1,4/17/2019 11:51
189978,Lightning Charging Cable,1,4/21/2019 8:21
189979,Apple Airpods Headphones,1,4/1/2019 13:35
189980,AA Batteries (4-pack),1,4/27/2019 8:23
189981,USB-C Charging Cable,1,4/7/2019 18:23
189982,USB-C Charging Cable,1,4/5/2019 11:07
189983,Bose SoundSport Headphones,1,4/6/2019 10:03
189984,Lightning Charging Cable,1,4/9/2019 13:52
189985,Lightning Charging Cable,1,4/23/2019 21:48
189986,Google Phone,1,4/13/2019 22:14
189987,Apple Airpods Headphones,1,4/23/2019 11:35
189988,Lightning Charging Cable,1,4/23/2019 20:58
189989,27in FHD Monitor,1,4/11/2019 18:42
189990,Lightning Charging Cable,1,4/23/2019 2:06
189991,USB-C Charging Cable,1,4/6/2019 11:59
189992,Apple Airpods Headphones,1,4/24/2019 15:51
189993,AAA Batteries (4-pack),1,4/5/2019 23:02
189994,AAA Batteries (4-pack),4,4/22/2019 22:52
189995,Wired Headphones,3,4/21/2019 14:44
189996,Apple Airpods Headphones,1,4/22/2019 19:26
189997,Wired Headphones,1,4/27/2019 18:23
189998,USB-C Charging Cable,1,4/18/2019 22:20
189999,Bose SoundSport Headphones,1,4/19/2019 10:09
190000,LG Dryer,1,4/11/2019 23:21
190001,AA Batteries (4-pack),1,4/22/2019 8:36
190002,AA Batteries (4-pack),1,4/18/2019 17:03
190003,Lightning Charging Cable,1,4/10/2019 22:34
190004,Lightning Charging Cable,1,4/4/2019 21:48
190005,AAA Batteries (4-pack),2,4/26/2019 13:20
190006,Apple Airpods Headphones,1,4/6/2019 7:52
190007,iPhone,1,4/20/2019 6:40
190007,Wired Headphones,1,4/20/2019 6:40
190008,Lightning Charging Cable,2,4/11/2019 17:09
190009,USB-C Charging Cable,1,4/24/2019 21:06
190010,Lightning Charging Cable,1,4/16/2019 8:38
190011,AAA Batteries (4-pack),2,4/21/2019 21:22
190012,AA Batteries (4-pack),1,4/11/2019 14:15
190013,Apple Airpods Headphones,1,4/9/2019 18:42
190014,20in Monitor,1,4/3/2019 20:18
,,,
190015,Apple Airpods Headphones,1,4/16/2019 17:43
190016,Lightning Charging Cable,1,4/29/2019 16:15
190017,Wired Headphones,1,4/12/2019 21:29
190018,AAA Batteries (4-pack),1,4/29/2019 18:43
190019,Lightning Charging Cable,1,4/7/2019 11:48
190020,Lightning Charging Cable,1,4/30/2019 18:46
190021,Lightning Charging Cable,1,4/22/2019 12:19
190022,Wired Headphones,1,4/7/2019 10:13
190023,USB-C Charging Cable,1,4/20/2019 11:52
190024,ThinkPad Laptop,1,4/18/2019 14:41
190025,AAA Batteries (4-pack),1,4/8/2019 9:20
190026,AA Batteries (4-pack),1,4/25/2019 9:48
190027,Wired Headphones,1,4/13/2019 14:41
190028,USB-C Charging Cable,1,4/11/2019 17:29
190029,ThinkPad Laptop,1,4/18/2019 13:31
190030,USB-C Charging Cable,1,4/6/2019 13:45
190031,ThinkPad Laptop,1,4/1/2019 19:25
190032,Lightning Charging Cable,1,4/16/2019 20:37
190033,AA Batteries (4-pack),1,4/27/2019 11:52
190034,27in FHD Monitor,1,4/11/2019 11:51
190034,Lightning Charging Cable,1,4/11/2019 11:51
190035,Apple Airpods Headphones,1,4/3/2019 17:28
190036,20in Monitor,1,4/4/2019 7:00
190037,Google Phone,1,4/29/2019 8:13
190038,Lightning Charging Cable,1,4/18/2019 20:50
190039,Vareebadd Phone,1,4/4/2019 16:36
190040,Bose SoundSport Headphones,1,4/5/2019 17:29
190041,Lightning Charging Cable,1,4/26/2019 10:40
190042,Flatscreen TV,1,4/14/2019 10:30
190043,AAA Batteries (4-pack),3,4/3/2019 18:21
190044,iPhone,1,4/30/2019 18:47
190045,USB-C Charging Cable,1,4/21/2019 20:20
190046,USB-C Charging Cable,1,4/18/2019 21:55
190047,USB-C Charging Cable,1,4/23/2019 13:45
190048,USB-C Charging Cable,1,4/23/2019 8:09
190049,Wired Headphones,1,4/8/2019 23:22
190050,Lightning Charging Cable,1,4/18/2019 12:11
190051,Lightning Charging Cable,1,4/17/2019 17:02
190052,Apple Airpods Headphones,1,4/19/2019 8:13
190053,AA Batteries (4-pack),2,4/5/2019 20:53
190054,AA Batteries (4-pack),3,4/13/2019 10:57
190055,Apple Airpods Headphones,1,4/12/2019 13:15
190056,Lightning Charging Cable,1,4/8/2019 7:29
190057,Lightning Charging Cable,1,4/9/2019 12:40
190058,Lightning Charging Cable,1,4/21/2019 23:07
190059,AA Batteries (4-pack),1,4/2/2019 3:07
190060,Lightning Charging Cable,1,4/22/2019 16:45
190061,AAA Batteries (4-pack),2,4/29/2019 10:15
190062,AAA Batteries (4-pack),3,4/25/2019 15:56
190063,Wired Headphones,1,4/4/2019 21:29
190064,AAA Batteries (4-pack),3,4/27/2019 21:36
190065,Bose SoundSport Headphones,1,4/5/2019 5:17
190066,27in 4K Gaming Monitor,1,4/12/2019 12:17
190067,Bose SoundSport Headphones,1,4/7/2019 23:32
190068,Lightning Charging Cable,2,4/19/2019 16:53
190069,USB-C Charging Cable,1,4/28/2019 18:55
190070,Apple Airpods Headphones,1,4/23/2019 11:32
190071,Bose SoundSport Headphones,1,4/29/2019 20:07
190072,Apple Airpods Headphones,1,4/11/2019 18:09
190073,Bose SoundSport Headphones,1,4/1/2019 21:38
190074,USB-C Charging Cable,2,4/3/2019 12:09
190075,Lightning Charging Cable,1,4/5/2019 23:55
190076,Apple Airpods Headphones,1,4/3/2019 8:23
190077,AAA Batteries (4-pack),1,4/23/2019 13:19
190078,Lightning Charging Cable,1,4/18/2019 10:48
190079,Google Phone,1,4/19/2019 9:12
190080,Flatscreen TV,1,4/30/2019 15:57
190081,Bose SoundSport Headphones,1,4/14/2019 19:58
190082,Google Phone,1,4/12/2019 19:07
190083,USB-C Charging Cable,2,4/8/2019 11:46
190084,34in Ultrawide Monitor,1,4/18/2019 11:00
190085,Wired Headphones,1,4/20/2019 19:52
190086,AAA Batteries (4-pack),1,4/21/2019 11:16
190087,Wired Headphones,1,4/8/2019 18:15
190088,USB-C Charging Cable,2,4/22/2019 12:32
190089,20in Monitor,1,4/7/2019 15:19
190090,Wired Headphones,1,4/23/2019 14:42
190091,Apple Airpods Headphones,1,4/28/2019 16:05
190092,Apple Airpods Headphones,1,4/23/2019 16:14
190093,AAA Batteries (4-pack),2,4/30/2019 11:40
190094,iPhone,1,4/2/2019 12:43
190095,AA Batteries (4-pack),3,4/19/2019 20:21
190096,AA Batteries (4-pack),2,4/16/2019 19:16
190097,AA Batteries (4-pack),1,4/9/2019 14:53
190098,Wired Headphones,2,4/17/2019 7:28
190099,AA Batteries (4-pack),1,4/18/2019 8:07
190099,AA Batteries (4-pack),1,4/18/2019 8:07
190100,AAA Batteries (4-pack),1,4/7/2019 17:37
190101,Wired Headphones,1,4/8/2019 20:40
190102,AAA Batteries (4-pack),1,4/16/2019 14:56
190103,20in Monitor,1,4/4/2019 21:20
190104,Lightning Charging Cable,1,4/16/2019 8:54
190105,iPhone,1,4/6/2019 20:34
190106,Bose SoundSport Headphones,1,4/30/2019 20:47
190107,AA Batteries (4-pack),1,4/1/2019 15:33
190108,AA Batteries (4-pack),2,4/10/2019 9:37
190109,Apple Airpods Headphones,1,4/27/2019 14:17
190110,AAA Batteries (4-pack),1,4/21/2019 19:16
190111,Lightning Charging Cable,1,4/29/2019 21:10
190112,AAA Batteries (4-pack),1,4/12/2019 16:50
190113,Lightning Charging Cable,1,4/15/2019 17:36
190114,AAA Batteries (4-pack),1,4/24/2019 16:22
190115,27in FHD Monitor,1,4/30/2019 18:16
190116,Apple Airpods Headphones,1,4/26/2019 19:51
190117,Flatscreen TV,1,4/17/2019 19:08
190118,Flatscreen TV,1,4/1/2019 15:33
190119,Lightning Charging Cable,1,4/6/2019 12:52
190120,AA Batteries (4-pack),1,4/29/2019 19:33
190121,Wired Headphones,1,4/5/2019 18:51
190122,AA Batteries (4-pack),1,4/8/2019 7:12
190123,Wired Headphones,1,4/2/2019 13:09
190124,27in FHD Monitor,1,4/8/2019 20:52
190125,Wired Headphones,2,4/11/2019 1:51
190126,AA Batteries (4-pack),1,4/12/2019 1:37
190127,Google Phone,1,4/19/2019 8:54
190128,Macbook Pro Laptop,1,4/29/2019 11:21
190129,Wired Headphones,1,4/15/2019 20:39
190130,LG Washing Machine,1,4/21/2019 18:04
190131,AA Batteries (4-pack),1,4/2/2019 22:02
190132,USB-C Charging Cable,1,4/30/2019 14:35
190133,Apple Airpods Headphones,1,4/15/2019 12:54
190134,AA Batteries (4-pack),1,4/3/2019 11:02
190135,AA Batteries (4-pack),2,4/27/2019 19:12
190136,Macbook Pro Laptop,1,4/8/2019 12:06
190137,Lightning Charging Cable,1,4/3/2019 10:42
190138,iPhone,1,4/20/2019 22:10
190139,Wired Headphones,1,4/4/2019 13:21
190140,27in 4K Gaming Monitor,1,4/19/2019 18:19
190141,Lightning Charging Cable,1,4/16/2019 9:09
190142,Lightning Charging Cable,1,4/26/2019 12:06
190143,Apple Airpods Headphones,1,4/8/2019 11:40
190144,USB-C Charging Cable,1,4/5/2019 17:49
190145,Wired Headphones,1,4/14/2019 11:21
190146,34in Ultrawide Monitor,1,4/4/2019 12:37
190147,Lightning Charging Cable,1,4/4/2019 9:43
190148,USB-C Charging Cable,1,4/5/2019 14:41
190149,34in Ultrawide Monitor,1,4/14/2019 0:45
190150,Lightning Charging Cable,1,4/16/2019 21:35
190151,AAA Batteries (4-pack),1,4/11/2019 18:54
190152,27in 4K Gaming Monitor,1,4/4/2019 11:07
190153,Apple Airpods Headphones,1,4/26/2019 19:01
190154,Wired Headphones,1,4/9/2019 15:55
190155,Bose SoundSport Headphones,1,4/17/2019 15:37
190156,AAA Batteries (4-pack),2,4/2/2019 16:03
190157,Apple Airpods Headphones,1,4/1/2019 13:48
190158,27in 4K Gaming Monitor,1,4/4/2019 10:20
190159,Wired Headphones,1,4/2/2019 0:58
190160,Bose SoundSport Headphones,1,4/15/2019 22:50
190161,Wired Headphones,1,4/16/2019 14:47
190161,Apple Airpods Headphones,1,4/16/2019 14:47
190162,Flatscreen TV,1,4/1/2019 13:37
190163,Bose SoundSport Headphones,1,4/1/2019 14:53
190164,Bose SoundSport Headphones,1,4/27/2019 17:41
190165,Google Phone,1,4/10/2019 17:36
190166,Wired Headphones,1,4/12/2019 20:13
190167,27in 4K Gaming Monitor,1,4/29/2019 9:59
190168,AA Batteries (4-pack),1,4/24/2019 13:15
190169,AA Batteries (4-pack),1,4/29/2019 22:41
190170,AA Batteries (4-pack),2,4/11/2019 23:19
190171,34in Ultrawide Monitor,1,4/22/2019 18:37
190172,34in Ultrawide Monitor,1,4/5/2019 23:54
190173,Lightning Charging Cable,1,4/12/2019 20:54
190174,AAA Batteries (4-pack),2,4/4/2019 23:54
190175,AA Batteries (4-pack),1,4/17/2019 21:44
190176,USB-C Charging Cable,1,4/20/2019 22:18
190177,AA Batteries (4-pack),1,4/11/2019 10:51
190178,Lightning Charging Cable,1,4/26/2019 11:19
190179,AAA Batteries (4-pack),1,4/26/2019 18:55
190180,AA Batteries (4-pack),1,4/27/2019 7:35
190181,AA Batteries (4-pack),1,4/21/2019 10:56
190182,Bose SoundSport Headphones,1,4/20/2019 22:48
190183,Google Phone,1,4/15/2019 15:23
190183,USB-C Charging Cable,1,4/15/2019 15:23
190184,Bose SoundSport Headphones,1,4/27/2019 16:19
190185,Flatscreen TV,1,4/29/2019 0:00
190186,Lightning Charging Cable,1,4/21/2019 11:12
190187,Macbook Pro Laptop,1,4/1/2019 12:24
190188,Bose SoundSport Headphones,1,4/22/2019 13:04
190189,USB-C Charging Cable,1,4/18/2019 14:45
190190,Lightning Charging Cable,1,4/6/2019 17:12
190191,iPhone,1,4/20/2019 7:05
190192,AA Batteries (4-pack),2,4/10/2019 17:48
190193,20in Monitor,1,4/4/2019 13:23
190194,Lightning Charging Cable,1,4/29/2019 17:50
190195,USB-C Charging Cable,1,4/9/2019 10:33
190196,Vareebadd Phone,1,4/16/2019 14:35
190196,USB-C Charging Cable,1,4/16/2019 14:35
190197,27in FHD Monitor,1,4/28/2019 22:26
190198,Lightning Charging Cable,1,4/21/2019 14:23
190199,ThinkPad Laptop,1,4/15/2019 14:45
190200,Macbook Pro Laptop,1,4/18/2019 13:02
190201,USB-C Charging Cable,1,4/27/2019 19:01
190202,Lightning Charging Cable,1,4/9/2019 9:51
190203,Wired Headphones,1,4/29/2019 21:16
190204,Flatscreen TV,1,4/10/2019 17:24
190205,Google Phone,1,4/2/2019 13:24
190206,Lightning Charging Cable,1,4/25/2019 10:02
190207,Bose SoundSport Headphones,1,4/5/2019 11:56
190208,AA Batteries (4-pack),1,4/21/2019 9:16
190209,Wired Headphones,1,4/25/2019 23:10
190210,AA Batteries (4-pack),1,4/27/2019 19:06
190211,Vareebadd Phone,1,4/30/2019 19:56
190211,USB-C Charging Cable,1,4/30/2019 19:56
190212,USB-C Charging Cable,1,4/20/2019 17:24
190213,34in Ultrawide Monitor,1,4/14/2019 3:41
190214,Wired Headphones,1,4/14/2019 20:11
190215,Wired Headphones,1,4/9/2019 11:14
190216,USB-C Charging Cable,1,4/18/2019 9:57
190217,Apple Airpods Headphones,1,4/17/2019 12:19
190218,Google Phone,1,4/30/2019 17:46
190218,USB-C Charging Cable,1,4/30/2019 17:46
190219,AAA Batteries (4-pack),3,4/27/2019 11:01
190220,AA Batteries (4-pack),1,4/23/2019 18:33
190221,Wired Headphones,1,4/30/2019 11:20
190222,AA Batteries (4-pack),1,4/27/2019 14:47
190223,Apple Airpods Headphones,1,4/24/2019 21:53
190224,Apple Airpods Headphones,1,4/20/2019 7:33
190225,34in Ultrawide Monitor,1,4/1/2019 21:58
190226,Bose SoundSport Headphones,1,4/21/2019 10:14
190227,Apple Airpods Headphones,1,4/28/2019 15:38
190228,AA Batteries (4-pack),1,4/15/2019 11:51
190228,USB-C Charging Cable,1,4/15/2019 11:51
190229,Wired Headphones,1,4/22/2019 9:37
190230,Google Phone,1,4/4/2019 20:02
190231,34in Ultrawide Monitor,1,4/13/2019 16:33
190232,Lightning Charging Cable,1,4/6/2019 11:25
190233,Lightning Charging Cable,1,4/13/2019 9:04
190234,Google Phone,1,4/17/2019 15:37
190235,iPhone,1,4/8/2019 21:53
190236,AA Batteries (4-pack),1,4/23/2019 11:43
190237,Lightning Charging Cable,1,4/25/2019 17:32
190238,Lightning Charging Cable,1,4/28/2019 14:19
190239,LG Washing Machine,1,4/12/2019 21:17
190240,AA Batteries (4-pack),1,4/23/2019 20:44
190241,20in Monitor,1,4/21/2019 22:53
190242,Wired Headphones,1,4/21/2019 14:57
190243,Lightning Charging Cable,1,4/12/2019 15:40
190244,Flatscreen TV,1,4/28/2019 11:06
190245,AA Batteries (4-pack),1,4/11/2019 12:17
190246,27in FHD Monitor,1,4/14/2019 23:05
190247,Lightning Charging Cable,1,4/19/2019 18:37
190248,27in FHD Monitor,1,4/30/2019 14:15
190249,Wired Headphones,1,4/15/2019 23:34
190250,Wired Headphones,1,4/9/2019 7:52
190251,AA Batteries (4-pack),1,4/22/2019 8:46
190252,USB-C Charging Cable,1,4/10/2019 17:12
190253,AA Batteries (4-pack),1,4/15/2019 15:04
190254,ThinkPad Laptop,1,4/6/2019 10:33
190255,Vareebadd Phone,1,4/8/2019 18:35
190255,Bose SoundSport Headphones,1,4/8/2019 18:35
190256,Wired Headphones,1,4/16/2019 12:40
190257,AAA Batteries (4-pack),2,4/6/2019 12:22
190258,Apple Airpods Headphones,1,4/12/2019 8:20
190259,AAA Batteries (4-pack),1,4/18/2019 13:50
190260,Lightning Charging Cable,1,4/27/2019 11:12
190261,Bose SoundSport Headphones,1,4/27/2019 15:56
190262,AA Batteries (4-pack),1,4/20/2019 19:58
190263,Wired Headphones,1,4/23/2019 23:42
190264,Lightning Charging Cable,1,4/23/2019 7:05
190265,Apple Airpods Headphones,1,4/9/2019 17:52
190266,27in FHD Monitor,1,4/2/2019 17:50
190267,Bose SoundSport Headphones,1,4/21/2019 13:15
190268,AAA Batteries (4-pack),1,4/19/2019 19:04
190269,Bose SoundSport Headphones,1,4/7/2019 21:41
190270,Wired Headphones,1,4/4/2019 2:38
190271,Macbook Pro Laptop,1,4/12/2019 20:38
190272,AA Batteries (4-pack),1,4/14/2019 14:29
190273,Wired Headphones,1,4/16/2019 18:46
190274,Apple Airpods Headphones,1,4/21/2019 18:23
190275,Bose SoundSport Headphones,1,4/10/2019 11:40
190276,Bose SoundSport Headphones,1,4/26/2019 22:22
190277,Apple Airpods Headphones,1,4/30/2019 19:55
190278,AA Batteries (4-pack),1,4/25/2019 19:58
190279,USB-C Charging Cable,1,4/10/2019 20:59
190280,Flatscreen TV,1,4/9/2019 10:52
190281,20in Monitor,1,4/30/2019 0:53
190282,AA Batteries (4-pack),1,4/1/2019 16:48
190283,AA Batteries (4-pack),1,4/14/2019 9:19
190284,Wired Headphones,1,4/1/2019 18:33
190285,27in 4K Gaming Monitor,1,4/19/2019 10:42
190286,AA Batteries (4-pack),1,4/18/2019 14:52
190287,USB-C Charging Cable,1,4/22/2019 8:03
190288,Google Phone,1,4/2/2019 19:22
190289,AAA Batteries (4-pack),1,4/10/2019 16:27
190290,Apple Airpods Headphones,1,4/7/2019 11:17
190291,Lightning Charging Cable,1,4/11/2019 11:23
190292,Lightning Charging Cable,1,4/21/2019 18:35
190293,AAA Batteries (4-pack),1,4/7/2019 2:35
190294,Bose SoundSport Headphones,1,4/26/2019 18:30
190295,27in 4K Gaming Monitor,1,4/25/2019 12:24
190296,AAA Batteries (4-pack),2,4/22/2019 20:05
190297,AA Batteries (4-pack),1,4/26/2019 14:45
190298,Apple Airpods Headphones,1,4/24/2019 16:47
190299,Wired Headphones,1,4/24/2019 11:58
190300,iPhone,1,4/6/2019 21:50
190300,Wired Headphones,1,4/6/2019 21:50
190301,Apple Airpods Headphones,1,4/29/2019 22:04
190302,27in 4K Gaming Monitor,1,4/29/2019 13:18
190303,AA Batteries (4-pack),1,4/17/2019 21:19
190303,USB-C Charging Cable,1,4/17/2019 21:19
,,,
190304,AA Batteries (4-pack),4,4/16/2019 23:32
190305,27in FHD Monitor,1,4/21/2019 13:57
190306,Macbook Pro Laptop,1,4/10/2019 11:42
190307,27in FHD Monitor,1,4/10/2019 13:36
190308,ThinkPad Laptop,1,4/7/2019 20:28
190309,iPhone,1,4/4/2019 11:34
190309,Wired Headphones,1,4/4/2019 11:34
190310,Lightning Charging Cable,1,4/8/2019 16:57
190311,AAA Batteries (4-pack),1,4/13/2019 20:11
190312,Bose SoundSport Headphones,1,4/11/2019 17:54
190313,Bose SoundSport Headphones,1,4/21/2019 12:50
190314,USB-C Charging Cable,1,4/3/2019 17:40
190315,Wired Headphones,1,4/23/2019 16:50
190316,Wired Headphones,1,4/8/2019 21:59
190317,Vareebadd Phone,1,4/17/2019 20:00
190318,Bose SoundSport Headphones,1,4/26/2019 10:51
190319,Bose SoundSport Headphones,1,4/27/2019 11:46
190320,iPhone,1,4/15/2019 9:07
190321,AAA Batteries (4-pack),1,4/6/2019 18:31
190322,AA Batteries (4-pack),1,4/23/2019 19:37
190323,USB-C Charging Cable,1,4/6/2019 22:34
190324,Bose SoundSport Headphones,1,4/13/2019 13:06
190325,USB-C Charging Cable,1,4/1/2019 18:17
190326,Wired Headphones,2,4/15/2019 10:12
190327,Apple Airpods Headphones,1,4/28/2019 18:40
190328,Lightning Charging Cable,1,4/14/2019 10:26
190329,AAA Batteries (4-pack),2,4/19/2019 9:45
190330,27in FHD Monitor,1,4/5/2019 17:32
190331,AAA Batteries (4-pack),1,4/16/2019 11:24
190332,Wired Headphones,1,4/2/2019 18:46
190333,Apple Airpods Headphones,1,4/20/2019 17:17
190334,Macbook Pro Laptop,1,4/6/2019 12:44
190335,20in Monitor,1,4/6/2019 0:34
190336,20in Monitor,1,4/13/2019 4:55
190337,iPhone,1,4/24/2019 21:01
190338,Apple Airpods Headphones,1,4/13/2019 16:51
190339,Apple Airpods Headphones,1,4/13/2019 13:40
190340,Apple Airpods Headphones,1,4/24/2019 20:53
190340,Lightning Charging Cable,1,4/24/2019 20:53
190341,USB-C Charging Cable,1,4/27/2019 10:19
190342,27in 4K Gaming Monitor,1,4/4/2019 17:22
190343,Lightning Charging Cable,1,4/11/2019 20:10
190344,iPhone,1,4/15/2019 19:25
190345,Wired Headphones,1,4/22/2019 20:58
190346,AAA Batteries (4-pack),1,4/3/2019 18:56
190347,Wired Headphones,1,4/25/2019 16:04
190348,Apple Airpods Headphones,1,4/19/2019 14:24
190349,Google Phone,1,4/9/2019 9:37
190350,USB-C Charging Cable,1,4/7/2019 7:13
190351,AA Batteries (4-pack),1,4/28/2019 12:19
190352,Lightning Charging Cable,1,4/3/2019 5:50
190353,27in FHD Monitor,1,4/5/2019 18:54
190354,Apple Airpods Headphones,1,4/29/2019 11:25
190355,AAA Batteries (4-pack),1,4/24/2019 15:37
190356,ThinkPad Laptop,1,4/7/2019 11:13
190357,Flatscreen TV,1,4/19/2019 18:58
190358,Lightning Charging Cable,1,4/5/2019 19:49
190359,LG Washing Machine,1,4/4/2019 19:15
190360,USB-C Charging Cable,1,4/8/2019 11:40
190361,Bose SoundSport Headphones,1,4/1/2019 16:35
190362,iPhone,1,4/1/2019 12:35
190363,27in FHD Monitor,1,4/10/2019 20:35
190364,AA Batteries (4-pack),1,4/20/2019 11:58
190364,27in 4K Gaming Monitor,1,4/20/2019 11:58
190365,27in 4K Gaming Monitor,1,4/19/2019 17:21
190366,AA Batteries (4-pack),1,4/3/2019 11:06
190367,AAA Batteries (4-pack),1,4/5/2019 15:33
190368,Bose SoundSport Headphones,1,4/26/2019 21:31
190369,Wired Headphones,1,4/20/2019 11:21
190370,Macbook Pro Laptop,1,4/21/2019 20:04
190371,Lightning Charging Cable,1,4/8/2019 21:22
190372,AA Batteries (4-pack),1,4/7/2019 15:25
190373,AA Batteries (4-pack),1,4/3/2019 17:43
190374,Wired Headphones,1,4/9/2019 17:25
190375,Macbook Pro Laptop,1,4/30/2019 0:17
190376,AAA Batteries (4-pack),1,4/28/2019 10:20
190377,Wired Headphones,1,4/29/2019 12:46
190378,Flatscreen TV,1,4/18/2019 19:59
190379,Lightning Charging Cable,1,4/11/2019 10:06
190380,USB-C Charging Cable,1,4/15/2019 16:21
190381,AAA Batteries (4-pack),2,4/16/2019 12:29
190382,34in Ultrawide Monitor,1,4/8/2019 16:35
190383,Google Phone,1,4/1/2019 20:37
190384,20in Monitor,1,4/6/2019 22:56
190385,Macbook Pro Laptop,1,4/4/2019 17:34
190386,USB-C Charging Cable,1,4/16/2019 18:01
190387,AA Batteries (4-pack),1,4/22/2019 19:49
190388,USB-C Charging Cable,1,4/14/2019 14:32
190389,27in FHD Monitor,1,4/15/2019 12:38
190390,Google Phone,1,4/15/2019 13:05
190391,Wired Headphones,1,4/18/2019 19:51
190392,Flatscreen TV,1,4/9/2019 19:00
190393,iPhone,1,4/22/2019 17:21
190394,Bose SoundSport Headphones,1,4/12/2019 18:43
190395,Bose SoundSport Headphones,1,4/7/2019 17:56
190396,AA Batteries (4-pack),1,4/8/2019 6:19
190397,20in Monitor,1,4/15/2019 13:14
190398,Lightning Charging Cable,1,4/14/2019 17:05
190399,Apple Airpods Headphones,1,4/4/2019 1:48
190400,USB-C Charging Cable,1,4/19/2019 6:53
190401,USB-C Charging Cable,2,4/13/2019 14:28
190402,AA Batteries (4-pack),2,4/27/2019 23:26
190403,Wired Headphones,1,4/4/2019 18:58
190404,AA Batteries (4-pack),1,4/9/2019 14:42
190405,ThinkPad Laptop,1,4/25/2019 17:43
Order ID,Product,Quantity Ordered,Order Date
190406,Lightning Charging Cable,1,4/16/2019 10:02
190407,34in Ultrawide Monitor,1,4/12/2019 18:50
190408,Bose SoundSport Headphones,1,4/9/2019 15:37
190409,Apple Airpods Headphones,1,4/28/2019 23:11
190410,USB-C Charging Cable,1,4/18/2019 17:09
190411,27in 4K Gaming Monitor,1,4/15/2019 1:28
190412,Lightning Charging Cable,1,4/7/2019 17:05
190413,iPhone,1,4/19/2019 8:48
190414,AAA Batteries (4-pack),2,4/20/2019 13:07
190415,AAA Batteries (4-pack),3,4/20/2019 16:02
190416,Wired Headphones,1,4/30/2019 9:44
190417,Flatscreen TV,1,4/26/2019 16:08
190418,Macbook Pro Laptop,1,4/5/2019 20:59
190419,27in FHD Monitor,1,4/27/2019 20:16
190420,AA Batteries (4-pack),1,4/5/2019 7:42
190421,AA Batteries (4-pack),1,4/14/2019 20:09
190422,20in Monitor,1,4/26/2019 20:41
190423,AA Batteries (4-pack),1,4/26/2019 9:01
190424,Macbook Pro Laptop,1,4/11/2019 12:13
190425,AAA Batteries (4-pack),1,4/21/2019 18:32
190426,ThinkPad Laptop,1,4/11/2019 23:21
190427,AA Batteries (4-pack),2,4/15/2019 13:29
190428,Google Phone,1,4/21/2019 18:51
190428,USB-C Charging Cable,1,4/21/2019 18:51
190429,ThinkPad Laptop,1,4/14/2019 9:28
190430,Bose SoundSport Headphones,1,4/22/2019 12:44
190431,34in Ultrawide Monitor,1,4/5/2019 10:01
190432,Apple Airpods Headphones,1,4/25/2019 1:18
190433,AA Batteries (4-pack),1,4/24/2019 16:58
190434,USB-C Charging Cable,1,4/1/2019 11:30
190435,27in 4K Gaming Monitor,1,4/20/2019 18:46
190436,27in FHD Monitor,1,4/5/2019 11:12
190437,AAA Batteries (4-pack),1,4/13/2019 1:22
190438,USB-C Charging Cable,1,4/27/2019 17:52
190439,Apple Airpods Headphones,1,4/7/2019 15:16
190440,USB-C Charging Cable,1,4/24/2019 13:51
190441,Lightning Charging Cable,1,4/10/2019 20:21
190442,Flatscreen TV,1,4/30/2019 10:57
190443,Lightning Charging Cable,1,4/23/2019 20:26
190444,USB-C Charging Cable,1,4/8/2019 12:06
190445,USB-C Charging Cable,1,4/5/2019 22:58
190446,AAA Batteries (4-pack),2,4/4/2019 11:29
190447,Wired Headphones,1,4/4/2019 10:27
190448,Lightning Charging Cable,1,4/16/2019 15:44
190449,Apple Airpods Headphones,1,4/13/2019 10:46
190450,Google Phone,1,4/30/2019 19:19
190450,AAA Batteries (4-pack),1,4/30/2019 19:19
190451,AAA Batteries (4-pack),1,4/19/2019 19:45
190452,Bose SoundSport Headphones,1,4/14/2019 11:01
190453,Bose SoundSport Headphones,1,4/27/2019 10:20
190454,Lightning Charging Cable,1,4/15/2019 3:04
190455,USB-C Charging Cable,1,4/25/2019 12:29
190456,AA Batteries (4-pack),1,4/4/2019 11:29
190457,Lightning Charging Cable,1,4/13/2019 15:28
190458,AA Batteries (4-pack),1,4/11/2019 2:24
190459,AAA Batteries (4-pack),4,4/24/2019 0:22
190460,Macbook Pro Laptop,1,4/12/2019 14:16
190461,Flatscreen TV,1,4/18/2019 13:20
190462,AA Batteries (4-pack),5,4/4/2019 12:28
190463,USB-C Charging Cable,1,4/30/2019 18:23
190464,Bose SoundSport Headphones,1,4/21/2019 20:51
190465,Bose SoundSport Headphones,1,4/20/2019 13:54
190466,USB-C Charging Cable,1,4/6/2019 19:05
190467,ThinkPad Laptop,1,4/17/2019 0:14
190468,Bose SoundSport Headphones,1,4/28/2019 1:37
190469,34in Ultrawide Monitor,1,4/13/2019 19:22
190470,27in FHD Monitor,1,4/7/2019 16:56
190471,Wired Headphones,1,4/18/2019 18:25
190472,Macbook Pro Laptop,1,4/16/2019 22:54
190473,34in Ultrawide Monitor,1,4/29/2019 14:26
190474,AAA Batteries (4-pack),1,4/3/2019 13:35
190475,Macbook Pro Laptop,1,4/16/2019 14:50
190476,AA Batteries (4-pack),1,4/12/2019 17:35
190477,USB-C Charging Cable,1,4/27/2019 13:36
190478,AA Batteries (4-pack),1,4/2/2019 13:41
190479,Lightning Charging Cable,1,4/12/2019 18:51
190480,Wired Headphones,1,4/24/2019 11:53
190481,Wired Headphones,1,4/14/2019 4:11
190482,AA Batteries (4-pack),1,4/27/2019 21:05
190483,Wired Headphones,1,4/30/2019 18:55
190484,AA Batteries (4-pack),3,4/13/2019 8:45
190485,Lightning Charging Cable,1,4/23/2019 14:18
190486,AA Batteries (4-pack),1,4/15/2019 17:27
190487,Wired Headphones,2,4/23/2019 6:54
190488,Lightning Charging Cable,1,4/9/2019 19:03
190489,Bose SoundSport Headphones,1,4/3/2019 15:33
190490,Bose SoundSport Headphones,1,4/14/2019 13:51
190491,iPhone,1,4/14/2019 18:48
190492,AAA Batteries (4-pack),1,4/1/2019 18:44
190493,AA Batteries (4-pack),1,4/15/2019 13:29
190493,iPhone,1,4/15/2019 13:29
190494,Apple Airpods Headphones,1,4/15/2019 17:04
190495,Lightning Charging Cable,2,4/29/2019 8:45
190496,Apple Airpods Headphones,1,4/22/2019 0:04
190497,Bose SoundSport Headphones,1,4/28/2019 17:54
190498,AA Batteries (4-pack),1,4/10/2019 10:30
190499,Bose SoundSport Headphones,1,4/28/2019 16:19
190500,USB-C Charging Cable,1,4/15/2019 23:41
190501,Macbook Pro Laptop,1,4/10/2019 10:46
190502,Apple Airpods Headphones,1,4/19/2019 23:18
190503,Lightning Charging Cable,1,4/30/2019 22:44
190504,Wired Headphones,1,4/9/2019 18:03
190505,USB-C Charging Cable,1,4/29/2019 23:27
190506,34in Ultrawide Monitor,1,4/23/2019 8:07
190507,27in 4K Gaming Monitor,1,4/3/2019 19:43
190508,iPhone,1,4/21/2019 20:08
190509,27in FHD Monitor,1,4/17/2019 9:05
190510,AAA Batteries (4-pack),1,4/4/2019 17:37
190511,USB-C Charging Cable,1,4/20/2019 20:03
190512,iPhone,1,4/1/2019 20:35
190512,Lightning Charging Cable,1,4/1/2019 20:35
190512,Apple Airpods Headphones,1,4/1/2019 20:35
190513,AA Batteries (4-pack),1,4/9/2019 19:56
190514,Lightning Charging Cable,1,4/21/2019 11:40
190515,Lightning Charging Cable,1,4/8/2019 10:23
190516,USB-C Charging Cable,1,4/2/2019 9:05
190517,Apple Airpods Headphones,1,4/2/2019 9:30
190518,AAA Batteries (4-pack),1,4/22/2019 23:22
190519,Google Phone,1,4/20/2019 8:53
190520,USB-C Charging Cable,1,4/28/2019 10:48
190521,Wired Headphones,1,4/16/2019 21:43
190522,27in FHD Monitor,1,4/3/2019 15:10
190523,Wired Headphones,1,4/12/2019 23:21
190524,AA Batteries (4-pack),1,4/16/2019 7:22
190525,iPhone,1,4/6/2019 8:57
190525,Bose SoundSport Headphones,1,4/6/2019 8:57
190526,Apple Airpods Headphones,1,4/4/2019 13:36
190527,Google Phone,1,4/26/2019 20:32
190528,AAA Batteries (4-pack),1,4/5/2019 21:06
190529,AAA Batteries (4-pack),1,4/14/2019 17:14
190530,Bose SoundSport Headphones,1,4/12/2019 12:32
190531,20in Monitor,1,4/8/2019 18:26
190532,Bose SoundSport Headphones,1,4/10/2019 21:00
190533,Lightning Charging Cable,1,4/2/2019 15:15
190534,USB-C Charging Cable,1,4/26/2019 20:55
190535,Lightning Charging Cable,1,4/16/2019 10:13
190536,27in 4K Gaming Monitor,1,4/7/2019 7:21
190537,Lightning Charging Cable,1,4/26/2019 20:00
190538,USB-C Charging Cable,1,4/28/2019 13:55
190539,USB-C Charging Cable,1,4/21/2019 14:09
190540,Wired Headphones,1,4/29/2019 0:00
190541,AAA Batteries (4-pack),1,4/30/2019 14:29
190542,Wired Headphones,1,4/28/2019 0:05
190543,20in Monitor,2,4/22/2019 16:27
190544,USB-C Charging Cable,1,4/6/2019 13:57
190545,Lightning Charging Cable,1,4/20/2019 16:40
190546,Wired Headphones,2,4/20/2019 13:34
190547,AA Batteries (4-pack),1,4/28/2019 9:50
190548,iPhone,1,4/4/2019 19:00
190549,Apple Airpods Headphones,1,4/1/2019 21:00
190550,USB-C Charging Cable,1,4/29/2019 10:55
190551,AA Batteries (4-pack),2,4/23/2019 22:55
190552,iPhone,1,4/6/2019 8:24
190553,Lightning Charging Cable,1,4/10/2019 17:38
190553,Lightning Charging Cable,1,4/10/2019 17:38
190554,27in 4K Gaming Monitor,1,4/13/2019 15:38
190555,Wired Headphones,2,4/14/2019 20:37
190556,AA Batteries (4-pack),1,4/11/2019 13:04
190557,Apple Airpods Headphones,1,4/6/2019 13:46
190558,Wired Headphones,1,4/19/2019 2:27
190559,20in Monitor,1,4/27/2019 21:35
190560,Flatscreen TV,1,4/5/2019 21:46
190561,Lightning Charging Cable,1,4/7/2019 17:07
190562,34in Ultrawide Monitor,1,4/2/2019 21:15
190563,USB-C Charging Cable,1,4/11/2019 10:16
190564,AA Batteries (4-pack),1,4/8/2019 12:29
190564,USB-C Charging Cable,1,4/8/2019 12:29
190565,34in Ultrawide Monitor,1,4/10/2019 14:31
190566,Bose SoundSport Headphones,1,4/24/2019 11:16
190567,AA Batteries (4-pack),1,4/27/2019 12:36
190568,Lightning Charging Cable,2,4/3/2019 21:54
190569,Wired Headphones,1,4/27/2019 23:10
190570,Wired Headphones,1,4/14/2019 18:43
190571,Lightning Charging Cable,1,4/26/2019 0:28
190572,34in Ultrawide Monitor,1,4/2/2019 11:18
190573,Lightning Charging Cable,1,4/17/2019 11:55
190574,ThinkPad Laptop,1,4/22/2019 9:03
190575,Apple Airpods Headphones,1,4/1/2019 21:17
190576,iPhone,1,4/17/2019 20:37
190576,Lightning Charging Cable,3,4/17/2019 20:37
190577,AA Batteries (4-pack),3,4/18/2019 14:39
190578,USB-C Charging Cable,1,4/13/2019 6:46
190579,Wired Headphones,1,4/10/2019 12:23
190580,Wired Headphones,1,4/13/2019 20:02
190581,USB-C Charging Cable,1,4/5/2019 10:55
190582,34in Ultrawide Monitor,1,4/24/2019 14:57
190583,USB-C Charging Cable,1,4/27/2019 20:27
190584,Flatscreen TV,1,4/26/2019 19:45
190585,iPhone,1,4/27/2019 15:23
190586,Lightning Charging Cable,1,4/27/2019 11:21
190587,AA Batteries (4-pack),2,4/13/2019 8:07
190588,Google Phone,1,4/14/2019 9:11
190589,AA Batteries (4-pack),1,4/2/2019 17:20
190590,USB-C Charging Cable,1,4/7/2019 14:13
190591,AAA Batteries (4-pack),1,4/25/2019 13:46
190592,Bose SoundSport Headphones,1,4/22/2019 13:48
190593,Macbook Pro Laptop,1,4/16/2019 7:40
190594,Lightning Charging Cable,1,4/12/2019 21:44
190595,Macbook Pro Laptop,1,4/29/2019 3:17
190596,AAA Batteries (4-pack),1,4/21/2019 20:39
190597,iPhone,1,4/8/2019 18:17
190598,USB-C Charging Cable,1,4/26/2019 23:19
190599,AAA Batteries (4-pack),1,4/10/2019 14:36
190600,Wired Headphones,1,4/16/2019 11:01
190601,27in FHD Monitor,1,4/30/2019 23:45
190602,27in FHD Monitor,1,4/11/2019 10:24
190603,Bose SoundSport Headphones,1,4/12/2019 23:41
190604,Lightning Charging Cable,1,4/2/2019 21:07
190605,Apple Airpods Headphones,1,4/20/2019 9:10
190605,Bose SoundSport Headphones,1,4/20/2019 9:10
190606,27in FHD Monitor,1,4/22/2019 18:16
190607,AAA Batteries (4-pack),1,4/5/2019 10:19
190608,USB-C Charging Cable,2,4/28/2019 23:31
190609,20in Monitor,1,4/20/2019 22:41
190610,AAA Batteries (4-pack),1,4/11/2019 10:54
190611,Wired Headphones,1,4/11/2019 14:28
190612,Apple Airpods Headphones,1,4/23/2019 8:31
190613,Flatscreen TV,1,4/2/2019 13:24
190613,Wired Headphones,1,4/2/2019 13:24
190614,Apple Airpods Headphones,1,4/25/2019 20:48
190615,20in Monitor,1,4/8/2019 18:06
190616,USB-C Charging Cable,1,4/24/2019 0:36
190617,Vareebadd Phone,1,4/8/2019 14:04
190617,USB-C Charging Cable,1,4/8/2019 14:04
190618,Bose SoundSport Headphones,1,4/2/2019 0:37
190619,Wired Headphones,1,4/24/2019 16:48
190620,Lightning Charging Cable,1,4/6/2019 15:20
190621,Bose SoundSport Headphones,1,4/26/2019 0:35
190622,AAA Batteries (4-pack),1,4/23/2019 23:28
190623,Google Phone,1,4/14/2019 17:32
190624,Wired Headphones,1,4/1/2019 11:36
190625,Lightning Charging Cable,1,4/7/2019 22:36
190626,Apple Airpods Headphones,1,4/9/2019 18:05
190627,27in FHD Monitor,1,5/1/2019 1:36
190628,Apple Airpods Headphones,1,4/5/2019 14:48
190629,USB-C Charging Cable,1,4/27/2019 13:47
190630,USB-C Charging Cable,1,4/19/2019 17:16
190631,Google Phone,1,4/15/2019 18:33
190632,27in 4K Gaming Monitor,1,4/29/2019 8:57
190633,USB-C Charging Cable,1,4/30/2019 14:25
190634,Apple Airpods Headphones,1,4/18/2019 15:54
190635,27in 4K Gaming Monitor,1,4/21/2019 20:05
190636,AA Batteries (4-pack),1,4/18/2019 8:50
190637,iPhone,1,4/14/2019 19:46
190638,Wired Headphones,1,4/23/2019 17:45
190639,Lightning Charging Cable,2,4/18/2019 15:50
190640,Macbook Pro Laptop,1,4/27/2019 9:33
190641,USB-C Charging Cable,1,4/7/2019 12:16
190642,Bose SoundSport Headphones,1,4/10/2019 0:11
190643,Google Phone,1,4/1/2019 21:08
190644,Apple Airpods Headphones,1,4/25/2019 11:52
190645,USB-C Charging Cable,1,4/17/2019 22:43
190645,34in Ultrawide Monitor,1,4/17/2019 22:43
190646,Lightning Charging Cable,1,4/17/2019 14:39
190647,Bose SoundSport Headphones,1,4/22/2019 21:42
190648,Bose SoundSport Headphones,1,4/20/2019 10:21
190649,Bose SoundSport Headphones,1,4/29/2019 21:42
190650,Bose SoundSport Headphones,1,4/1/2019 17:53
190651,Wired Headphones,1,4/14/2019 10:59
190652,iPhone,1,4/24/2019 20:07
190652,Apple Airpods Headphones,1,4/24/2019 20:07
190653,Google Phone,1,4/7/2019 16:29
190654,AAA Batteries (4-pack),2,4/22/2019 9:56
190655,Macbook Pro Laptop,1,4/10/2019 6:24
190656,27in FHD Monitor,1,4/6/2019 20:38
190657,ThinkPad Laptop,1,4/23/2019 17:07
190658,AAA Batteries (4-pack),1,4/12/2019 7:27
190659,Apple Airpods Headphones,1,4/9/2019 11:54
190660,USB-C Charging Cable,1,4/21/2019 20:01
190661,AA Batteries (4-pack),2,4/8/2019 21:22
190662,Google Phone,1,4/4/2019 8:49
190663,USB-C Charging Cable,1,4/3/2019 0:04
190664,27in FHD Monitor,1,4/3/2019 11:58
190665,20in Monitor,1,4/15/2019 10:20
190666,Google Phone,1,4/17/2019 7:20
190667,AAA Batteries (4-pack),1,4/17/2019 7:31
190668,Wired Headphones,1,4/30/2019 13:08
190669,Lightning Charging Cable,1,4/10/2019 10:50
190670,34in Ultrawide Monitor,1,4/19/2019 13:44
190671,Apple Airpods Headphones,1,4/7/2019 18:45
190672,Bose SoundSport Headphones,1,4/11/2019 14:31
190673,Bose SoundSport Headphones,1,4/21/2019 17:54
190674,Macbook Pro Laptop,1,4/8/2019 16:19
190675,27in FHD Monitor,1,4/24/2019 20:38
190676,AAA Batteries (4-pack),1,4/28/2019 20:25
190677,Lightning Charging Cable,1,4/29/2019 9:37
190678,AAA Batteries (4-pack),1,4/14/2019 21:33
190679,Bose SoundSport Headphones,1,4/9/2019 14:24
190680,USB-C Charging Cable,1,4/17/2019 18:33
190681,Apple Airpods Headphones,1,4/26/2019 21:42
190682,AA Batteries (4-pack),1,4/11/2019 10:23
190683,Wired Headphones,2,4/21/2019 19:23
190684,USB-C Charging Cable,1,4/11/2019 23:21
190685,AA Batteries (4-pack),2,4/6/2019 20:20
190686,Lightning Charging Cable,1,4/15/2019 17:18
190687,AA Batteries (4-pack),1,4/15/2019 4:15
190688,20in Monitor,1,4/24/2019 18:00
190689,AAA Batteries (4-pack),1,4/7/2019 17:21
190690,Vareebadd Phone,1,4/24/2019 16:58
190691,Flatscreen TV,1,4/5/2019 23:04
190692,Apple Airpods Headphones,1,4/17/2019 12:23
190693,Bose SoundSport Headphones,1,4/23/2019 9:49
190694,AA Batteries (4-pack),1,4/10/2019 17:26
190695,Lightning Charging Cable,1,4/8/2019 20:17
190696,Google Phone,1,4/12/2019 20:03
190696,Bose SoundSport Headphones,1,4/12/2019 20:03
190697,Lightning Charging Cable,1,4/29/2019 22:45
190698,34in Ultrawide Monitor,1,4/18/2019 11:16
190699,AAA Batteries (4-pack),1,4/5/2019 8:27
190700,Lightning Charging Cable,1,4/7/2019 10:46
190701,AA Batteries (4-pack),1,4/3/2019 15:18
190702,27in 4K Gaming Monitor,1,4/24/2019 14:27
190703,Bose SoundSport Headphones,1,4/27/2019 13:40
190704,Wired Headphones,2,4/24/2019 11:48
190705,Apple Airpods Headphones,1,4/10/2019 11:20
190706,Vareebadd Phone,1,4/12/2019 9:51
190707,AA Batteries (4-pack),2,4/20/2019 15:58
190708,Wired Headphones,1,4/13/2019 9:24
190709,AAA Batteries (4-pack),1,4/9/2019 17:57
190710,Wired Headphones,2,4/24/2019 17:39
190711,20in Monitor,1,4/26/2019 12:49
190712,Apple Airpods Headphones,1,4/11/2019 22:16
190713,USB-C Charging Cable,1,4/16/2019 15:45
190714,Apple Airpods Headphones,1,4/6/2019 12:34
190715,Bose SoundSport Headphones,1,4/1/2019 15:29
190716,Macbook Pro Laptop,1,4/20/2019 18:15
190717,AAA Batteries (4-pack),2,4/26/2019 10:40
190718,Apple Airpods Headphones,1,4/23/2019 12:01
190719,AAA Batteries (4-pack),2,4/9/2019 8:22
190720,Bose SoundSport Headphones,1,4/18/2019 11:30
190721,Lightning Charging Cable,1,4/28/2019 11:28
190722,27in FHD Monitor,1,4/8/2019 20:56
190723,Bose SoundSport Headphones,1,4/17/2019 16:54
190724,AAA Batteries (4-pack),1,4/30/2019 22:20
190725,AA Batteries (4-pack),1,4/8/2019 19:12
190726,27in FHD Monitor,1,4/14/2019 20:53
190727,Wired Headphones,1,4/6/2019 14:14
Order ID,Product,Quantity Ordered,Order Date
190728,34in Ultrawide Monitor,1,4/26/2019 20:34
190729,ThinkPad Laptop,1,4/24/2019 20:25
190730,Wired Headphones,1,4/2/2019 6:57
190731,USB-C Charging Cable,1,4/4/2019 16:28
190732,AAA Batteries (4-pack),1,4/12/2019 13:46
190733,Bose SoundSport Headphones,1,4/23/2019 8:03
190734,Lightning Charging Cable,1,4/9/2019 9:36
190735,Macbook Pro Laptop,1,4/15/2019 11:10
190736,AAA Batteries (4-pack),2,4/18/2019 8:37
190737,Bose SoundSport Headphones,1,4/7/2019 20:03
190738,AAA Batteries (4-pack),1,4/23/2019 12:41
190739,34in Ultrawide Monitor,1,4/11/2019 1:56
190740,Wired Headphones,1,4/12/2019 0:11
190741,Lightning Charging Cable,1,4/18/2019 21:33
190742,27in FHD Monitor,1,4/6/2019 2:11
190743,Apple Airpods Headphones,1,4/4/2019 10:59
190744,Wired Headphones,1,4/22/2019 7:40
190745,AA Batteries (4-pack),1,4/18/2019 13:01
190746,20in Monitor,1,4/19/2019 13:03
190747,Apple Airpods Headphones,1,4/8/2019 19:38
190748,Lightning Charging Cable,1,4/25/2019 13:41
190749,AA Batteries (4-pack),1,4/9/2019 23:47
190750,Wired Headphones,1,4/19/2019 12:33
190751,Google Phone,1,4/23/2019 0:32
190752,Wired Headphones,1,4/7/2019 12:38
190753,Macbook Pro Laptop,1,4/20/2019 19:01
190754,USB-C Charging Cable,1,4/5/2019 11:53
190755,27in 4K Gaming Monitor,1,4/18/2019 12:27
190756,AAA Batteries (4-pack),1,4/26/2019 19:30
190757,Wired Headphones,1,4/8/2019 11:06
190758,Bose SoundSport Headphones,1,4/17/2019 9:17
190759,Bose SoundSport Headphones,1,4/13/2019 14:47
190760,Apple Airpods Headphones,1,4/1/2019 17:29
190761,34in Ultrawide Monitor,1,4/24/2019 21:57
190762,Bose SoundSport Headphones,1,4/7/2019 12:05
190763,Apple Airpods Headphones,1,4/4/2019 21:38
190764,iPhone,1,4/28/2019 15:12
190765,Wired Headphones,1,4/22/2019 12:14
190766,27in FHD Monitor,1,4/30/2019 17:01
190767,Vareebadd Phone,1,4/17/2019 14:56
190768,USB-C Charging Cable,1,4/20/2019 18:35
190769,LG Washing Machine,1,4/7/2019 19:12
190770,Lightning Charging Cable,1,4/7/2019 14:16
190771,AA Batteries (4-pack),1,4/27/2019 6:10
190772,Wired Headphones,1,4/23/2019 13:32
190773,USB-C Charging Cable,1,4/27/2019 6:05
190774,34in Ultrawide Monitor,1,4/27/2019 19:17
190775,AAA Batteries (4-pack),1,4/17/2019 18:42
190776,Apple Airpods Headphones,1,4/13/2019 13:55
190777,Bose SoundSport Headphones,1,4/29/2019 11:25
190778,Macbook Pro Laptop,1,4/24/2019 10:11
190779,AA Batteries (4-pack),1,4/24/2019 17:43
190780,USB-C Charging Cable,1,4/18/2019 12:05
190781,27in 4K Gaming Monitor,1,4/5/2019 11:31
190782,AAA Batteries (4-pack),1,4/29/2019 21:52
190783,Lightning Charging Cable,1,4/13/2019 17:55
190784,Lightning Charging Cable,1,4/8/2019 17:41
190785,Wired Headphones,1,4/5/2019 12:21
190786,Lightning Charging Cable,1,4/15/2019 14:22
190787,Lightning Charging Cable,1,4/29/2019 16:01
190788,27in FHD Monitor,1,4/30/2019 11:56
190789,Flatscreen TV,1,4/26/2019 19:37
190790,USB-C Charging Cable,1,4/10/2019 9:10
190791,AAA Batteries (4-pack),2,4/28/2019 19:18
190792,USB-C Charging Cable,1,4/30/2019 20:53
190793,Apple Airpods Headphones,1,4/3/2019 21:05
190794,USB-C Charging Cable,1,4/14/2019 21:34
190795,USB-C Charging Cable,1,4/25/2019 16:53
190796,27in FHD Monitor,1,4/15/2019 22:20
190797,Wired Headphones,1,4/12/2019 9:16
190798,AAA Batteries (4-pack),2,4/1/2019 18:44
190799,AA Batteries (4-pack),3,4/8/2019 22:34
190800,USB-C Charging Cable,2,4/5/2019 22:17
190801,AA Batteries (4-pack),1,4/14/2019 15:43
190802,AAA Batteries (4-pack),2,4/3/2019 22:26
190803,USB-C Charging Cable,3,4/28/2019 16:26
190804,Lightning Charging Cable,1,4/29/2019 14:48
190805,Apple Airpods Headphones,1,4/10/2019 15:14
190806,Wired Headphones,1,4/7/2019 13:43
190807,27in 4K Gaming Monitor,1,4/24/2019 10:23
190808,ThinkPad Laptop,1,4/13/2019 21:34
190809,iPhone,1,4/30/2019 14:42
190810,AA Batteries (4-pack),2,4/29/2019 17:53
190811,Bose SoundSport Headphones,1,4/21/2019 18:46
190812,27in FHD Monitor,1,4/13/2019 11:00
190813,Apple Airpods Headphones,1,4/29/2019 1:15
190814,Wired Headphones,1,4/6/2019 3:03
190815,USB-C Charging Cable,1,4/9/2019 20:57
190816,AA Batteries (4-pack),2,4/6/2019 18:04
190817,Wired Headphones,1,4/2/2019 20:07
190818,Apple Airpods Headphones,1,4/2/2019 21:49
190819,AAA Batteries (4-pack),1,4/15/2019 7:12
190820,Wired Headphones,1,4/20/2019 15:00
190821,Bose SoundSport Headphones,1,4/11/2019 13:05
190822,20in Monitor,1,4/10/2019 12:09
190823,USB-C Charging Cable,1,4/11/2019 4:00
190824,27in FHD Monitor,1,4/27/2019 15:19
190825,Wired Headphones,1,4/20/2019 16:05
190826,27in 4K Gaming Monitor,1,4/28/2019 21:17
190827,Vareebadd Phone,1,4/18/2019 12:38
190828,Wired Headphones,1,4/7/2019 10:59
190829,AAA Batteries (4-pack),1,4/15/2019 18:36
190830,20in Monitor,1,4/1/2019 13:35
190831,Apple Airpods Headphones,1,4/7/2019 12:48
190832,Wired Headphones,1,4/10/2019 10:13
190833,Apple Airpods Headphones,1,4/3/2019 20:21
190834,Vareebadd Phone,1,4/25/2019 19:53
190835,Apple Airpods Headphones,1,4/30/2019 9:36
190836,ThinkPad Laptop,1,4/6/2019 12:28
190837,iPhone,1,4/7/2019 14:09
190838,AA Batteries (4-pack),5,4/13/2019 12:59
190839,USB-C Charging Cable,1,4/14/2019 18:32
190840,iPhone,1,4/30/2019 17:25
190840,Lightning Charging Cable,1,4/30/2019 17:25
190841,AA Batteries (4-pack),1,4/12/2019 20:52
190842,34in Ultrawide Monitor,1,4/12/2019 15:32
190843,Wired Headphones,1,4/21/2019 20:43
190844,AA Batteries (4-pack),1,4/18/2019 18:51
190845,Flatscreen TV,1,4/10/2019 20:59
190846,Bose SoundSport Headphones,1,4/1/2019 10:23
190847,AA Batteries (4-pack),1,4/20/2019 16:08
190848,USB-C Charging Cable,1,4/26/2019 15:11
190849,Apple Airpods Headphones,1,4/16/2019 20:51
190850,ThinkPad Laptop,1,4/28/2019 12:27
190851,Google Phone,1,4/7/2019 14:50
190851,USB-C Charging Cable,1,4/7/2019 14:50
190852,34in Ultrawide Monitor,1,4/11/2019 9:18
190853,20in Monitor,1,4/23/2019 12:38
190853,USB-C Charging Cable,1,4/23/2019 12:38
190854,USB-C Charging Cable,1,4/4/2019 18:52
190855,Macbook Pro Laptop,1,4/24/2019 11:00
190856,Flatscreen TV,1,4/6/2019 10:41
190857,Google Phone,1,4/24/2019 0:05
190858,USB-C Charging Cable,1,4/12/2019 19:37
190859,Apple Airpods Headphones,1,4/24/2019 23:31
190860,Wired Headphones,1,4/21/2019 8:15
190861,34in Ultrawide Monitor,1,4/10/2019 2:07
190862,Flatscreen TV,1,4/15/2019 11:38
190862,27in FHD Monitor,1,4/15/2019 11:38
190863,iPhone,1,4/27/2019 12:44
190863,Wired Headphones,1,4/27/2019 12:44
190864,27in 4K Gaming Monitor,1,4/1/2019 20:59
190865,AAA Batteries (4-pack),1,4/19/2019 10:49
190866,AAA Batteries (4-pack),1,4/30/2019 12:53
190867,AA Batteries (4-pack),1,4/30/2019 10:51
190868,USB-C Charging Cable,1,4/28/2019 22:26
190869,USB-C Charging Cable,1,4/8/2019 22:07
190870,34in Ultrawide Monitor,1,4/29/2019 14:10
190871,Google Phone,1,4/12/2019 15:14
190872,AA Batteries (4-pack),2,4/28/2019 20:47
190873,Bose SoundSport Headphones,1,4/30/2019 16:55
190874,AA Batteries (4-pack),2,4/1/2019 12:21
190875,34in Ultrawide Monitor,1,4/17/2019 5:43
190876,Lightning Charging Cable,1,4/14/2019 20:01
190877,AA Batteries (4-pack),1,4/22/2019 14:53
190878,Wired Headphones,1,4/1/2019 11:38
190879,AAA Batteries (4-pack),1,4/21/2019 10:15
190880,iPhone,1,4/15/2019 11:36
190880,Lightning Charging Cable,1,4/15/2019 11:36
190881,Lightning Charging Cable,1,4/5/2019 9:35
190882,Google Phone,1,4/7/2019 13:04
190883,AAA Batteries (4-pack),1,4/7/2019 12:23
190884,27in FHD Monitor,1,4/9/2019 9:46
190885,AA Batteries (4-pack),2,4/12/2019 16:38
190886,Wired Headphones,1,4/18/2019 13:38
190887,20in Monitor,1,4/28/2019 10:46
190888,USB-C Charging Cable,1,4/19/2019 18:53
190889,AAA Batteries (4-pack),1,4/4/2019 19:00
190890,34in Ultrawide Monitor,1,4/3/2019 16:36
190891,Bose SoundSport Headphones,1,4/16/2019 5:42
190892,USB-C Charging Cable,1,4/29/2019 4:29
190893,AA Batteries (4-pack),2,4/22/2019 0:14
190894,Lightning Charging Cable,1,4/19/2019 18:51
190895,ThinkPad Laptop,1,4/4/2019 16:30
190896,AAA Batteries (4-pack),4,4/29/2019 13:31
190897,Wired Headphones,1,4/16/2019 13:50
190898,AA Batteries (4-pack),2,4/17/2019 9:25
190899,Lightning Charging Cable,1,4/26/2019 23:04
190900,Apple Airpods Headphones,1,4/8/2019 21:50
190900,Wired Headphones,1,4/8/2019 21:50
,,,
190901,ThinkPad Laptop,1,4/8/2019 18:00
190902,Apple Airpods Headphones,1,4/4/2019 21:20
190903,Macbook Pro Laptop,1,4/2/2019 19:45
190904,Lightning Charging Cable,1,4/30/2019 10:02
190905,AAA Batteries (4-pack),2,4/7/2019 4:33
190906,AA Batteries (4-pack),2,4/25/2019 15:27
190907,Bose SoundSport Headphones,1,4/14/2019 20:40
190908,LG Dryer,1,4/9/2019 14:38
190909,Lightning Charging Cable,1,4/21/2019 15:09
190910,AAA Batteries (4-pack),1,4/3/2019 15:37
190911,27in 4K Gaming Monitor,1,4/5/2019 12:28
190912,Macbook Pro Laptop,1,4/28/2019 16:22
190913,AAA Batteries (4-pack),2,4/23/2019 13:44
190914,AAA Batteries (4-pack),2,4/23/2019 21:45
190915,Bose SoundSport Headphones,1,4/7/2019 8:32
190916,Apple Airpods Headphones,1,4/4/2019 15:43
190917,Apple Airpods Headphones,1,4/7/2019 20:02
190918,Wired Headphones,1,4/20/2019 9:23
190919,USB-C Charging Cable,1,4/23/2019 22:49
190920,34in Ultrawide Monitor,1,4/28/2019 19:43
190921,27in FHD Monitor,1,4/24/2019 15:17
190922,Apple Airpods Headphones,1,4/25/2019 14:03
190923,34in Ultrawide Monitor,1,4/24/2019 18:09
190924,ThinkPad Laptop,1,4/22/2019 21:09
190925,Wired Headphones,1,4/25/2019 17:55
190926,27in FHD Monitor,1,4/5/2019 14:17
190927,USB-C Charging Cable,1,4/10/2019 22:19
190928,Lightning Charging Cable,1,4/22/2019 22:06
190929,AA Batteries (4-pack),2,4/5/2019 12:33
190930,27in 4K Gaming Monitor,1,4/18/2019 18:44
190931,Wired Headphones,1,4/11/2019 11:15
190932,Wired Headphones,1,4/18/2019 22:35
190933,AAA Batteries (4-pack),1,4/17/2019 8:03
190934,Google Phone,1,4/13/2019 5:33
190935,Bose SoundSport Headphones,1,4/13/2019 15:29
190936,Wired Headphones,1,4/12/2019 18:24
190937,Wired Headphones,1,4/20/2019 21:14
190938,USB-C Charging Cable,1,4/10/2019 16:20
190939,Wired Headphones,1,4/1/2019 13:11
190940,USB-C Charging Cable,1,4/24/2019 12:32
190941,Wired Headphones,2,4/10/2019 19:03
190942,iPhone,1,4/9/2019 20:41
190943,AA Batteries (4-pack),1,4/28/2019 17:48
190944,Lightning Charging Cable,1,4/4/2019 0:36
190945,USB-C Charging Cable,1,4/9/2019 15:17
190946,Wired Headphones,1,4/1/2019 15:38
190947,Wired Headphones,1,4/1/2019 22:15
190948,Vareebadd Phone,1,4/23/2019 18:27
190949,Bose SoundSport Headphones,1,4/15/2019 18:43
190950,Apple Airpods Headphones,1,4/12/2019 12:44
190951,USB-C Charging Cable,1,4/24/2019 9:47
190952,27in FHD Monitor,1,4/1/2019 21:45
190953,Wired Headphones,2,4/28/2019 12:38
190954,27in 4K Gaming Monitor,1,4/24/2019 6:14
190955,USB-C Charging Cable,1,4/10/2019 13:15
190956,AA Batteries (4-pack),1,4/8/2019 9:32
190957,AAA Batteries (4-pack),1,4/23/2019 7:34
190958,AA Batteries (4-pack),1,4/23/2019 10:28
190959,Bose SoundSport Headphones,1,4/8/2019 15:47
190960,Wired Headphones,1,4/2/2019 19:45
190961,Wired Headphones,1,4/10/2019 7:52
190962,27in FHD Monitor,1,4/25/2019 22:21
190963,AA Batteries (4-pack),1,4/5/2019 9:17
190964,Apple Airpods Headphones,1,4/15/2019 20:57
190965,27in 4K Gaming Monitor,1,4/11/2019 18:09
190966,Lightning Charging Cable,1,4/30/2019 12:22
190967,34in Ultrawide Monitor,1,4/27/2019 23:02
190968,USB-C Charging Cable,1,4/4/2019 13:12
190969,Apple Airpods Headphones,1,4/28/2019 9:55
190970,27in 4K Gaming Monitor,1,4/16/2019 16:11
190971,Macbook Pro Laptop,1,4/24/2019 9:27
190972,27in 4K Gaming Monitor,1,4/21/2019 11:17
190973,USB-C Charging Cable,1,4/1/2019 10:08
190974,USB-C Charging Cable,1,4/3/2019 9:47
190975,AAA Batteries (4-pack),2,4/16/2019 12:51
190976,AAA Batteries (4-pack),1,4/13/2019 18:13
190977,Lightning Charging Cable,1,4/22/2019 23:42
190978,Flatscreen TV,1,4/24/2019 7:41
190979,Apple Airpods Headphones,1,4/25/2019 0:00
190980,AAA Batteries (4-pack),1,4/11/2019 21:50
190981,27in 4K Gaming Monitor,1,4/29/2019 4:24
190982,LG Washing Machine,1,4/2/2019 14:17
190983,AAA Batteries (4-pack),1,4/13/2019 11:45
190984,Apple Airpods Headphones,1,4/6/2019 21:02
190985,Bose SoundSport Headphones,1,4/7/2019 18:54
190986,ThinkPad Laptop,1,4/9/2019 19:41
190987,AAA Batteries (4-pack),1,4/2/2019 2:54
190988,USB-C Charging Cable,1,4/12/2019 17:23
190989,USB-C Charging Cable,1,4/25/2019 15:27
190990,Lightning Charging Cable,1,4/2/2019 9:51
190991,Apple Airpods Headphones,1,4/21/2019 14:29
190992,AA Batteries (4-pack),1,4/6/2019 19:17
190993,Wired Headphones,2,4/28/2019 9:13
190994,34in Ultrawide Monitor,1,4/27/2019 8:35
190995,Lightning Charging Cable,1,4/8/2019 19:34
190996,27in 4K Gaming Monitor,1,4/11/2019 16:35
190997,AA Batteries (4-pack),1,4/2/2019 12:47
190998,AAA Batteries (4-pack),1,4/22/2019 15:03
190999,ThinkPad Laptop,1,4/7/2019 14:34
191000,Apple Airpods Headphones,1,4/11/2019 20:09
191001,Macbook Pro Laptop,1,4/11/2019 19:19
191002,Wired Headphones,1,4/2/2019 19:58
191003,Lightning Charging Cable,1,4/12/2019 20:05
191004,AA Batteries (4-pack),3,4/20/2019 22:34
191005,34in Ultrawide Monitor,1,4/15/2019 18:48
191006,AAA Batteries (4-pack),2,4/2/2019 16:14
191007,AAA Batteries (4-pack),1,4/4/2019 15:17
191008,USB-C Charging Cable,1,4/7/2019 20:56
191009,AAA Batteries (4-pack),1,4/11/2019 9:19
191010,USB-C Charging Cable,1,4/29/2019 13:58
191011,34in Ultrawide Monitor,1,4/6/2019 5:39
191012,iPhone,1,4/23/2019 19:02
191012,Lightning Charging Cable,1,4/23/2019 19:02
191013,Lightning Charging Cable,1,4/29/2019 17:09
191014,ThinkPad Laptop,1,4/8/2019 19:59
191015,USB-C Charging Cable,1,4/29/2019 17:57
191016,27in FHD Monitor,1,4/25/2019 10:19
191017,Lightning Charging Cable,1,4/3/2019 11:37
191018,ThinkPad Laptop,1,4/28/2019 14:06
191019,Google Phone,1,4/17/2019 15:28
191019,USB-C Charging Cable,1,4/17/2019 15:28
191020,AAA Batteries (4-pack),1,4/1/2019 13:13
191021,Apple Airpods Headphones,1,4/6/2019 2:04
191022,USB-C Charging Cable,1,4/30/2019 15:28
191023,AAA Batteries (4-pack),1,4/22/2019 7:27
191024,AAA Batteries (4-pack),1,4/11/2019 15:46
191025,AAA Batteries (4-pack),1,4/8/2019 17:43
191026,AA Batteries (4-pack),3,4/15/2019 22:28
191027,Lightning Charging Cable,1,4/25/2019 11:07
191028,Bose SoundSport Headphones,1,4/27/2019 17:58
191029,34in Ultrawide Monitor,1,4/5/2019 13:09
191030,Vareebadd Phone,1,4/29/2019 17:12
191030,USB-C Charging Cable,1,4/29/2019 17:12
191031,ThinkPad Laptop,1,4/3/2019 12:43
191032,20in Monitor,1,4/20/2019 21:44
191033,AAA Batteries (4-pack),2,4/30/2019 11:54
191034,Wired Headphones,1,4/13/2019 7:03
191035,Flatscreen TV,1,4/9/2019 19:41
191036,Lightning Charging Cable,1,4/21/2019 11:11
191037,20in Monitor,1,4/27/2019 7:48
191038,Flatscreen TV,1,4/5/2019 23:47
191039,AA Batteries (4-pack),1,4/13/2019 12:27
191040,ThinkPad Laptop,1,4/23/2019 21:15
191041,Macbook Pro Laptop,1,4/20/2019 11:43
191042,Vareebadd Phone,1,4/1/2019 10:36
191042,USB-C Charging Cable,1,4/1/2019 10:36
191043,27in 4K Gaming Monitor,1,4/12/2019 16:40
191044,Macbook Pro Laptop,1,4/6/2019 9:51
191045,Lightning Charging Cable,1,4/22/2019 14:09
191046,AA Batteries (4-pack),1,4/16/2019 14:11
191047,iPhone,1,4/9/2019 8:52
191048,Flatscreen TV,1,4/12/2019 21:08
191049,LG Dryer,1,4/14/2019 14:45
191050,iPhone,1,4/1/2019 17:43
191051,AA Batteries (4-pack),1,4/30/2019 11:05
191052,Lightning Charging Cable,1,4/26/2019 14:55
191053,Bose SoundSport Headphones,1,4/3/2019 0:08
191054,27in FHD Monitor,1,4/9/2019 22:00
191055,USB-C Charging Cable,1,4/9/2019 15:02
191056,Apple Airpods Headphones,1,4/24/2019 19:21
191057,27in 4K Gaming Monitor,1,4/25/2019 18:51
191058,Lightning Charging Cable,1,4/17/2019 9:02
191059,27in FHD Monitor,1,4/24/2019 13:16
191060,LG Dryer,1,4/13/2019 22:15
191061,20in Monitor,1,4/25/2019 21:05
191062,Apple Airpods Headphones,1,4/11/2019 13:58
191063,AAA Batteries (4-pack),3,4/11/2019 8:53
191064,Macbook Pro Laptop,1,4/3/2019 10:11
191065,Wired Headphones,1,4/5/2019 10:18
191066,AAA Batteries (4-pack),1,4/19/2019 22:31
191067,Lightning Charging Cable,1,4/21/2019 7:07
191068,USB-C Charging Cable,1,4/3/2019 16:58
191069,27in 4K Gaming Monitor,1,4/27/2019 15:11
191070,USB-C Charging Cable,1,4/10/2019 10:14
191071,AA Batteries (4-pack),2,4/1/2019 20:22
191072,USB-C Charging Cable,1,4/28/2019 15:14
191073,AAA Batteries (4-pack),1,4/20/2019 14:51
191074,Bose SoundSport Headphones,1,4/9/2019 8:20
191075,Flatscreen TV,1,4/16/2019 11:00
191076,Wired Headphones,1,4/15/2019 10:52
191077,Apple Airpods Headphones,1,4/22/2019 20:29
191078,Vareebadd Phone,1,4/12/2019 11:40
191078,Bose SoundSport Headphones,1,4/12/2019 11:40
191079,27in 4K Gaming Monitor,1,4/3/2019 22:24
191080,iPhone,1,4/17/2019 9:24
191081,27in FHD Monitor,1,4/10/2019 17:12
191082,AA Batteries (4-pack),1,4/7/2019 9:39
191083,Apple Airpods Headphones,1,5/1/2019 1:02
191084,Lightning Charging Cable,1,4/30/2019 7:15
191085,AA Batteries (4-pack),1,4/17/2019 17:33
191086,AA Batteries (4-pack),1,4/3/2019 10:44
191087,Flatscreen TV,1,4/7/2019 22:28
191088,Apple Airpods Headphones,1,4/30/2019 17:36
191089,iPhone,1,4/25/2019 21:07
191090,AAA Batteries (4-pack),2,4/12/2019 18:28
191091,Wired Headphones,1,4/17/2019 14:25
191092,Wired Headphones,1,4/14/2019 15:39
191093,AA Batteries (4-pack),2,4/16/2019 9:26
191094,Lightning Charging Cable,1,4/22/2019 21:03
191095,Vareebadd Phone,1,4/29/2019 11:53
191096,AA Batteries (4-pack),1,4/10/2019 12:01
191097,Lightning Charging Cable,1,4/27/2019 21:02
191098,Wired Headphones,1,4/21/2019 14:17
191099,AAA Batteries (4-pack),1,4/29/2019 2:14
191100,Lightning Charging Cable,1,4/23/2019 12:53
191101,34in Ultrawide Monitor,1,4/17/2019 15:58
191102,Wired Headphones,1,4/6/2019 13:18
191103,Lightning Charging Cable,1,4/19/2019 21:52
191104,Bose SoundSport Headphones,1,4/11/2019 20:00
191105,20in Monitor,1,4/18/2019 9:52
191106,34in Ultrawide Monitor,1,4/11/2019 15:21
191107,iPhone,1,4/16/2019 10:37
191108,Wired Headphones,1,4/27/2019 19:35
191109,AAA Batteries (4-pack),1,4/17/2019 19:09
191110,Bose SoundSport Headphones,1,4/12/2019 23:37
191111,Lightning Charging Cable,1,4/26/2019 12:08
191112,LG Dryer,1,4/15/2019 20:08
191113,27in 4K Gaming Monitor,1,4/17/2019 14:44
191114,AAA Batteries (4-pack),1,4/11/2019 10:26
191115,Flatscreen TV,1,4/11/2019 5:25
191116,AAA Batteries (4-pack),1,4/23/2019 15:35
191117,Wired Headphones,1,4/12/2019 13:07
191118,AA Batteries (4-pack),1,4/15/2019 21:27
191119,AAA Batteries (4-pack),1,4/20/2019 20:57
191120,34in Ultrawide Monitor,1,4/13/2019 13:15
191121,Macbook Pro Laptop,1,4/24/2019 2:05
191122,34in Ultrawide Monitor,1,4/10/2019 13:34
191123,USB-C Charging Cable,1,4/22/2019 13:05
191124,iPhone,1,4/7/2019 8:28
191125,USB-C Charging Cable,1,4/2/2019 16:36
191126,AA Batteries (4-pack),2,4/25/2019 16:43
191127,Wired Headphones,1,4/27/2019 22:57
191128,AAA Batteries (4-pack),1,4/24/2019 23:01
191129,AAA Batteries (4-pack),1,4/11/2019 2:06
191130,Wired Headphones,1,4/9/2019 12:44
191131,AAA Batteries (4-pack),2,4/18/2019 18:32
191132,Bose SoundSport Headphones,1,4/7/2019 21:47
191132,USB-C Charging Cable,1,4/7/2019 21:47
Order ID,Product,Quantity Ordered,Order Date
191133,Lightning Charging Cable,2,4/6/2019 14:48
191134,20in Monitor,2,4/16/2019 12:33
191135,Bose SoundSport Headphones,1,4/26/2019 8:09
191136,Lightning Charging Cable,2,4/9/2019 18:23
191137,Lightning Charging Cable,1,4/13/2019 14:42
191138,USB-C Charging Cable,1,4/13/2019 12:02
191139,27in 4K Gaming Monitor,1,4/21/2019 18:46
191140,Lightning Charging Cable,1,4/28/2019 13:21
191141,Apple Airpods Headphones,1,4/28/2019 20:29
191142,27in 4K Gaming Monitor,1,4/1/2019 21:44
191143,AAA Batteries (4-pack),1,4/2/2019 19:00
191144,Wired Headphones,1,4/12/2019 3:21
191145,iPhone,1,4/14/2019 22:08
191146,Wired Headphones,1,4/1/2019 13:10
191147,AAA Batteries (4-pack),2,4/14/2019 13:55
191148,Lightning Charging Cable,1,4/11/2019 10:07
191149,27in FHD Monitor,1,4/10/2019 20:02
191150,AA Batteries (4-pack),4,4/6/2019 18:54
191151,Lightning Charging Cable,1,4/17/2019 13:32
191152,27in FHD Monitor,1,4/17/2019 16:12
191153,Flatscreen TV,1,4/2/2019 11:10
191154,iPhone,1,4/22/2019 18:04
191155,Google Phone,1,4/30/2019 13:53
191156,Wired Headphones,1,5/1/2019 0:03
191157,Lightning Charging Cable,1,4/6/2019 15:53
191158,USB-C Charging Cable,1,4/27/2019 23:51
191158,27in FHD Monitor,1,4/27/2019 23:51
191159,Lightning Charging Cable,1,4/12/2019 10:41
191160,Lightning Charging Cable,1,4/27/2019 12:38
191160,Bose SoundSport Headphones,1,4/27/2019 12:38
191161,AAA Batteries (4-pack),3,4/1/2019 11:26
191162,iPhone,1,4/15/2019 18:47
191162,AAA Batteries (4-pack),1,4/15/2019 18:47
191163,AAA Batteries (4-pack),1,4/5/2019 19:21
191164,27in 4K Gaming Monitor,1,4/4/2019 21:44
191165,Wired Headphones,2,4/13/2019 15:49
191166,AA Batteries (4-pack),1,4/11/2019 19:59
191167,27in 4K Gaming Monitor,1,4/22/2019 13:32
191168,Lightning Charging Cable,1,4/2/2019 16:35
191169,Lightning Charging Cable,1,4/10/2019 20:54
191170,AA Batteries (4-pack),2,4/7/2019 23:55
191171,Lightning Charging Cable,1,4/16/2019 16:11
191172,Bose SoundSport Headphones,1,4/14/2019 12:07
191173,USB-C Charging Cable,1,4/2/2019 13:48
191174,ThinkPad Laptop,1,4/4/2019 19:36
191175,USB-C Charging Cable,1,4/5/2019 22:44
191176,AAA Batteries (4-pack),1,4/19/2019 12:32
191177,27in FHD Monitor,1,4/8/2019 15:15
191178,iPhone,1,4/5/2019 19:06
191179,27in FHD Monitor,1,4/28/2019 18:07
191180,Lightning Charging Cable,1,4/13/2019 19:01
191181,Wired Headphones,1,4/7/2019 22:11
191182,Bose SoundSport Headphones,1,4/13/2019 17:11
191183,Lightning Charging Cable,1,4/30/2019 19:33
191184,AAA Batteries (4-pack),2,4/17/2019 10:22
191185,AAA Batteries (4-pack),1,4/19/2019 20:28
191186,Wired Headphones,1,4/24/2019 0:46
191187,34in Ultrawide Monitor,1,4/9/2019 9:17
191188,Bose SoundSport Headphones,1,4/29/2019 11:08
191189,Apple Airpods Headphones,1,4/10/2019 13:46
191190,Apple Airpods Headphones,1,4/24/2019 7:17
191191,Apple Airpods Headphones,1,4/23/2019 13:54
191192,27in FHD Monitor,1,4/20/2019 14:41
191193,iPhone,1,4/21/2019 22:37
191193,Lightning Charging Cable,2,4/21/2019 22:37
191193,Apple Airpods Headphones,1,4/21/2019 22:37
191194,USB-C Charging Cable,1,4/15/2019 10:57
191195,Apple Airpods Headphones,1,4/22/2019 16:44
191196,AAA Batteries (4-pack),1,4/4/2019 15:46
191197,Wired Headphones,1,4/7/2019 18:22
191198,AA Batteries (4-pack),1,4/17/2019 7:40
191199,AAA Batteries (4-pack),2,4/9/2019 10:56
191200,AA Batteries (4-pack),1,4/4/2019 10:02
191201,Lightning Charging Cable,1,4/23/2019 15:24
191202,ThinkPad Laptop,1,4/26/2019 13:43
191203,Apple Airpods Headphones,1,4/17/2019 19:18
191204,Lightning Charging Cable,1,4/7/2019 19:15
191205,Lightning Charging Cable,1,4/5/2019 18:07
191206,34in Ultrawide Monitor,1,4/29/2019 14:35
191207,AA Batteries (4-pack),4,4/4/2019 18:08
191208,Wired Headphones,1,4/30/2019 10:12
191209,LG Washing Machine,1,4/24/2019 21:46
191210,Bose SoundSport Headphones,1,4/7/2019 10:05
191211,Wired Headphones,2,4/9/2019 12:45
191212,AA Batteries (4-pack),1,4/5/2019 10:54
191213,27in 4K Gaming Monitor,1,4/2/2019 21:24
191214,AA Batteries (4-pack),1,4/12/2019 23:16
191215,Apple Airpods Headphones,1,4/29/2019 13:11
191216,ThinkPad Laptop,1,4/12/2019 14:09
191217,Apple Airpods Headphones,1,4/2/2019 8:26
191218,27in FHD Monitor,1,4/5/2019 10:21
191219,USB-C Charging Cable,1,4/23/2019 21:26
191220,AA Batteries (4-pack),1,4/15/2019 15:12
191221,AAA Batteries (4-pack),2,4/9/2019 16:50
191222,Google Phone,1,4/16/2019 17:42
191223,AA Batteries (4-pack),2,4/29/2019 10:43
191224,AAA Batteries (4-pack),1,4/14/2019 18:19
191225,Wired Headphones,1,4/11/2019 8:38
191226,Wired Headphones,1,4/15/2019 15:25
191227,Bose SoundSport Headphones,1,4/2/2019 0:53
191228,Flatscreen TV,1,4/19/2019 16:49
191229,Wired Headphones,1,4/25/2019 13:46
191230,Lightning Charging Cable,1,4/25/2019 13:47
191231,Apple Airpods Headphones,1,4/10/2019 18:58
191232,Bose SoundSport Headphones,1,4/19/2019 18:50
191233,27in FHD Monitor,1,4/18/2019 23:37
191234,AAA Batteries (4-pack),2,4/21/2019 20:04
191235,Macbook Pro Laptop,1,4/7/2019 8:10
191236,27in 4K Gaming Monitor,1,4/1/2019 16:03
191237,Flatscreen TV,1,4/7/2019 9:08
191238,AAA Batteries (4-pack),1,4/28/2019 19:49
191239,Wired Headphones,1,4/26/2019 11:52
191240,Google Phone,1,4/7/2019 8:03
191241,Lightning Charging Cable,1,4/19/2019 20:33
191242,AA Batteries (4-pack),1,4/14/2019 15:53
191243,27in 4K Gaming Monitor,1,4/30/2019 14:50
191244,Apple Airpods Headphones,1,4/11/2019 1:32
191245,Bose SoundSport Headphones,1,4/1/2019 12:18
191246,USB-C Charging Cable,1,4/12/2019 13:11
191247,Lightning Charging Cable,1,4/29/2019 18:12
191248,20in Monitor,1,4/21/2019 13:49
191249,27in FHD Monitor,1,4/6/2019 12:02
191250,Wired Headphones,1,4/30/2019 23:33
191251,Google Phone,1,4/17/2019 23:38
191251,USB-C Charging Cable,1,4/17/2019 23:38
191252,ThinkPad Laptop,1,4/26/2019 16:54
191253,Wired Headphones,2,4/18/2019 19:56
191254,27in FHD Monitor,1,4/14/2019 15:56
191255,USB-C Charging Cable,1,4/9/2019 11:39
191256,USB-C Charging Cable,1,4/18/2019 11:10
191257,ThinkPad Laptop,1,4/28/2019 1:34
191258,USB-C Charging Cable,1,4/30/2019 12:21
191259,AA Batteries (4-pack),1,4/24/2019 21:41
191260,AAA Batteries (4-pack),6,4/17/2019 15:06
191261,USB-C Charging Cable,2,4/6/2019 18:28
191262,AA Batteries (4-pack),2,4/25/2019 19:19
191262,20in Monitor,1,4/25/2019 19:19
191263,USB-C Charging Cable,1,4/17/2019 22:34
191264,AAA Batteries (4-pack),2,4/16/2019 16:31
191265,Lightning Charging Cable,1,4/8/2019 13:18
191266,AA Batteries (4-pack),1,4/20/2019 9:38
191267,27in 4K Gaming Monitor,1,4/24/2019 12:06
191268,34in Ultrawide Monitor,1,4/25/2019 2:27
191269,Google Phone,1,4/12/2019 0:28
191270,AA Batteries (4-pack),1,4/11/2019 13:27
191271,AA Batteries (4-pack),1,4/26/2019 10:51
191272,27in FHD Monitor,1,4/20/2019 9:43
191273,USB-C Charging Cable,1,4/23/2019 13:45
191274,20in Monitor,1,4/13/2019 20:18
191275,USB-C Charging Cable,1,4/14/2019 15:05
191276,Wired Headphones,1,4/14/2019 17:48
191277,AA Batteries (4-pack),1,4/3/2019 19:15
191278,USB-C Charging Cable,1,4/5/2019 15:12
191279,AA Batteries (4-pack),2,4/16/2019 11:55
191280,Flatscreen TV,1,4/16/2019 17:57
191281,AA Batteries (4-pack),3,4/30/2019 15:05
191282,iPhone,1,4/29/2019 18:28
191283,Lightning Charging Cable,1,4/27/2019 7:51
191284,AAA Batteries (4-pack),1,4/2/2019 12:19
191285,Lightning Charging Cable,1,4/3/2019 17:36
191286,Wired Headphones,1,4/26/2019 10:46
191287,AAA Batteries (4-pack),1,4/18/2019 18:13
191288,AAA Batteries (4-pack),1,4/16/2019 14:42
191289,USB-C Charging Cable,1,4/3/2019 8:35
191290,34in Ultrawide Monitor,1,4/17/2019 13:33
191291,USB-C Charging Cable,1,4/1/2019 22:57
191292,27in FHD Monitor,1,4/4/2019 2:10
191293,Bose SoundSport Headphones,1,4/23/2019 11:18
191294,Flatscreen TV,1,4/5/2019 19:44
191295,Macbook Pro Laptop,1,4/2/2019 11:02
191296,AAA Batteries (4-pack),2,4/20/2019 11:25
191297,Lightning Charging Cable,1,4/29/2019 20:24
191298,AA Batteries (4-pack),1,4/15/2019 15:30
191299,USB-C Charging Cable,2,4/6/2019 20:06
191300,AA Batteries (4-pack),1,4/13/2019 14:57
191301,Lightning Charging Cable,1,4/2/2019 18:45
191302,34in Ultrawide Monitor,1,4/7/2019 15:53
191303,AAA Batteries (4-pack),1,4/28/2019 12:17
191304,Lightning Charging Cable,1,4/19/2019 12:51
191305,Wired Headphones,1,4/24/2019 18:29
191306,Apple Airpods Headphones,1,4/22/2019 8:14
191307,AA Batteries (4-pack),1,4/26/2019 21:39
191308,Google Phone,1,4/28/2019 13:04
191309,Wired Headphones,1,4/30/2019 9:42
191310,20in Monitor,1,4/3/2019 13:47
191311,Lightning Charging Cable,1,4/17/2019 11:39
191311,Apple Airpods Headphones,1,4/17/2019 11:39
191312,27in FHD Monitor,1,4/25/2019 9:51
191313,AAA Batteries (4-pack),2,4/28/2019 9:58
191314,Flatscreen TV,1,4/24/2019 18:44
191315,Bose SoundSport Headphones,1,4/14/2019 21:08
191316,27in 4K Gaming Monitor,1,4/12/2019 19:57
191317,34in Ultrawide Monitor,1,4/4/2019 22:11
191318,Wired Headphones,1,4/24/2019 21:42
191319,AA Batteries (4-pack),2,4/20/2019 22:30
191320,AA Batteries (4-pack),1,4/7/2019 17:33
191321,27in 4K Gaming Monitor,1,4/14/2019 7:51
191322,Lightning Charging Cable,2,4/19/2019 9:58
191323,AA Batteries (4-pack),2,4/11/2019 8:54
191324,Wired Headphones,1,4/14/2019 10:59
191325,Apple Airpods Headphones,1,4/2/2019 16:15
191326,34in Ultrawide Monitor,1,4/3/2019 8:09
191327,Vareebadd Phone,1,4/1/2019 18:17
191328,AAA Batteries (4-pack),5,4/12/2019 14:34
191329,27in FHD Monitor,1,4/8/2019 13:09
191330,USB-C Charging Cable,1,4/21/2019 16:26
191331,USB-C Charging Cable,1,4/19/2019 20:54
191332,Wired Headphones,1,4/12/2019 15:41
191333,27in 4K Gaming Monitor,1,4/29/2019 10:18
191334,AA Batteries (4-pack),1,4/1/2019 8:46
191335,iPhone,1,4/8/2019 12:58
191336,Lightning Charging Cable,1,4/30/2019 21:41
191337,Bose SoundSport Headphones,1,4/24/2019 15:00
191338,AA Batteries (4-pack),1,4/20/2019 10:13
191339,Google Phone,1,4/12/2019 10:43
191340,USB-C Charging Cable,1,4/5/2019 18:57
191341,USB-C Charging Cable,1,4/16/2019 9:53
191342,Apple Airpods Headphones,1,4/7/2019 20:58
191343,AA Batteries (4-pack),2,4/17/2019 10:12
191344,AA Batteries (4-pack),1,4/20/2019 0:37
191345,AAA Batteries (4-pack),1,4/20/2019 19:50
191346,Lightning Charging Cable,2,4/16/2019 6:15
191347,Bose SoundSport Headphones,1,4/21/2019 18:32
191348,AA Batteries (4-pack),1,4/12/2019 12:16
191349,34in Ultrawide Monitor,1,4/2/2019 16:49
191350,Wired Headphones,1,4/6/2019 10:54
191351,AAA Batteries (4-pack),1,4/25/2019 16:24
191352,Macbook Pro Laptop,1,4/24/2019 1:10
191353,USB-C Charging Cable,1,4/26/2019 13:30
191354,USB-C Charging Cable,1,4/24/2019 12:44
191355,Wired Headphones,1,4/24/2019 17:22
191356,Lightning Charging Cable,2,4/28/2019 10:36
191357,AA Batteries (4-pack),3,4/13/2019 17:55
191358,Apple Airpods Headphones,1,4/15/2019 15:35
191359,AAA Batteries (4-pack),4,4/28/2019 21:19
191360,Bose SoundSport Headphones,1,4/17/2019 12:25
191361,Wired Headphones,1,4/18/2019 14:59
191362,Lightning Charging Cable,1,4/22/2019 16:59
191363,Wired Headphones,1,4/30/2019 12:47
191364,LG Washing Machine,1,4/24/2019 16:56
191365,Lightning Charging Cable,1,4/19/2019 18:46
191366,AA Batteries (4-pack),2,4/14/2019 3:56
191367,AA Batteries (4-pack),1,4/10/2019 18:21
191368,AA Batteries (4-pack),1,4/17/2019 7:38
191368,Lightning Charging Cable,1,4/17/2019 7:38
191369,34in Ultrawide Monitor,1,4/13/2019 8:17
191370,Bose SoundSport Headphones,1,4/4/2019 19:20
191371,34in Ultrawide Monitor,1,4/23/2019 8:59
191372,Lightning Charging Cable,1,4/7/2019 5:52
191373,Google Phone,1,4/4/2019 13:23
191374,Lightning Charging Cable,1,4/26/2019 18:08
191375,USB-C Charging Cable,1,4/3/2019 15:39
191376,AAA Batteries (4-pack),4,4/22/2019 10:36
191377,USB-C Charging Cable,1,4/22/2019 12:35
191378,USB-C Charging Cable,1,4/13/2019 14:44
191379,Lightning Charging Cable,1,4/12/2019 12:27
191380,USB-C Charging Cable,1,4/2/2019 15:31
191381,AA Batteries (4-pack),1,4/8/2019 20:21
191382,Google Phone,1,4/29/2019 0:13
191383,AAA Batteries (4-pack),1,4/8/2019 20:44
191384,Lightning Charging Cable,1,4/27/2019 10:38
191385,USB-C Charging Cable,1,4/1/2019 12:34
191386,34in Ultrawide Monitor,1,4/1/2019 20:38
191387,Apple Airpods Headphones,1,4/28/2019 10:39
191388,AAA Batteries (4-pack),1,4/20/2019 13:47
191389,AAA Batteries (4-pack),1,4/22/2019 13:59
191390,Lightning Charging Cable,1,4/1/2019 19:49
191391,27in FHD Monitor,1,4/22/2019 13:13
191392,AA Batteries (4-pack),1,4/14/2019 22:14
191393,Wired Headphones,1,4/10/2019 19:01
191394,AAA Batteries (4-pack),1,4/9/2019 18:12
191395,AA Batteries (4-pack),1,4/13/2019 10:00
191396,USB-C Charging Cable,1,4/11/2019 9:29
191397,AAA Batteries (4-pack),2,4/26/2019 10:58
191398,Wired Headphones,2,4/2/2019 10:50
191399,AA Batteries (4-pack),1,4/12/2019 16:21
191400,Wired Headphones,1,4/21/2019 14:29
191401,AAA Batteries (4-pack),4,4/7/2019 17:22
191402,USB-C Charging Cable,1,4/21/2019 18:46
191403,Bose SoundSport Headphones,1,4/14/2019 0:28
191404,Lightning Charging Cable,1,4/9/2019 15:01
191405,34in Ultrawide Monitor,1,4/2/2019 14:01
191406,Wired Headphones,1,4/12/2019 17:30
191407,AA Batteries (4-pack),2,4/23/2019 7:01
191408,Flatscreen TV,1,4/2/2019 12:55
191409,AA Batteries (4-pack),1,4/8/2019 20:22
191410,AA Batteries (4-pack),1,4/7/2019 10:23
191411,Lightning Charging Cable,1,4/16/2019 14:07
191412,Google Phone,1,4/10/2019 18:11
191413,Flatscreen TV,1,4/28/2019 17:28
191414,27in FHD Monitor,1,4/14/2019 2:19
191415,AA Batteries (4-pack),2,4/23/2019 18:58
191416,Lightning Charging Cable,1,4/6/2019 15:50
191417,Wired Headphones,1,4/20/2019 20:01
191418,Wired Headphones,1,4/5/2019 10:03
191419,AAA Batteries (4-pack),1,4/8/2019 16:34
191420,Google Phone,1,4/19/2019 12:52
191420,USB-C Charging Cable,1,4/19/2019 12:52
191421,27in 4K Gaming Monitor,1,4/10/2019 19:01
191422,Google Phone,1,4/6/2019 19:29
191423,AAA Batteries (4-pack),1,4/26/2019 9:09
191424,AAA Batteries (4-pack),1,4/14/2019 23:56
191425,AAA Batteries (4-pack),1,4/19/2019 10:07
191426,Bose SoundSport Headphones,1,4/27/2019 12:30
191427,27in FHD Monitor,1,4/3/2019 17:12
191428,AA Batteries (4-pack),1,4/11/2019 16:04
191429,USB-C Charging Cable,1,4/23/2019 18:27
191430,Apple Airpods Headphones,1,4/25/2019 17:16
191431,AA Batteries (4-pack),3,4/29/2019 13:05
191432,34in Ultrawide Monitor,1,4/28/2019 18:07
191433,iPhone,1,4/10/2019 0:34
191433,Lightning Charging Cable,1,4/10/2019 0:34
191433,Apple Airpods Headphones,1,4/10/2019 0:34
191434,Macbook Pro Laptop,1,4/21/2019 21:17
191435,Lightning Charging Cable,1,4/16/2019 14:01
191436,Bose SoundSport Headphones,1,4/18/2019 20:09
191437,Apple Airpods Headphones,1,4/10/2019 10:48
191438,Lightning Charging Cable,1,4/25/2019 21:02
191439,34in Ultrawide Monitor,1,4/18/2019 10:56
191440,Flatscreen TV,1,4/11/2019 9:52
191441,USB-C Charging Cable,1,4/27/2019 9:33
191442,Apple Airpods Headphones,1,4/11/2019 13:14
191443,iPhone,1,4/4/2019 14:05
191444,AA Batteries (4-pack),1,4/25/2019 9:09
191445,USB-C Charging Cable,1,4/1/2019 16:11
191446,AAA Batteries (4-pack),1,4/27/2019 21:04
191447,Bose SoundSport Headphones,1,4/15/2019 22:43
191448,AA Batteries (4-pack),2,4/28/2019 14:33
191449,AA Batteries (4-pack),2,4/20/2019 19:56
191449,AA Batteries (4-pack),1,4/20/2019 19:56
191450,Wired Headphones,1,4/2/2019 13:41
191451,AA Batteries (4-pack),1,4/10/2019 8:34
191452,USB-C Charging Cable,1,4/8/2019 21:12
191453,iPhone,1,4/10/2019 20:47
191453,Wired Headphones,1,4/10/2019 20:47
191454,USB-C Charging Cable,1,4/18/2019 19:06
191455,Macbook Pro Laptop,1,4/30/2019 16:23
191456,Wired Headphones,1,4/8/2019 9:03
191457,AA Batteries (4-pack),2,4/24/2019 8:11
191458,34in Ultrawide Monitor,1,4/15/2019 21:19
191459,AAA Batteries (4-pack),1,4/2/2019 14:46
191460,Apple Airpods Headphones,1,4/8/2019 11:50
191461,20in Monitor,1,4/23/2019 21:33
191462,AA Batteries (4-pack),1,4/18/2019 17:28
191463,27in FHD Monitor,1,4/9/2019 10:50
191464,Wired Headphones,1,4/3/2019 13:08
191465,Lightning Charging Cable,2,4/7/2019 16:24
191466,Wired Headphones,1,4/7/2019 19:50
191467,Wired Headphones,1,4/20/2019 18:55
191468,Macbook Pro Laptop,1,4/29/2019 16:59
191469,Apple Airpods Headphones,1,4/13/2019 20:42
191470,34in Ultrawide Monitor,1,4/12/2019 16:00
191471,Bose SoundSport Headphones,1,4/5/2019 13:53
191472,Apple Airpods Headphones,1,4/13/2019 22:03
191473,USB-C Charging Cable,1,4/21/2019 22:20
191474,Lightning Charging Cable,1,4/25/2019 13:43
191475,AAA Batteries (4-pack),1,4/29/2019 10:58
191476,Lightning Charging Cable,1,4/26/2019 21:30
191477,Flatscreen TV,1,4/4/2019 18:48
191478,Wired Headphones,1,4/30/2019 13:10
191479,Flatscreen TV,1,4/21/2019 15:29
191480,34in Ultrawide Monitor,1,4/2/2019 11:45
191481,AAA Batteries (4-pack),1,4/13/2019 10:47
191482,Bose SoundSport Headphones,1,4/4/2019 20:50
191483,AAA Batteries (4-pack),1,4/10/2019 12:22
191484,Wired Headphones,1,4/5/2019 18:28
191485,AA Batteries (4-pack),1,4/19/2019 18:13
191486,Bose SoundSport Headphones,1,4/5/2019 14:20
191487,20in Monitor,1,4/30/2019 13:15
191488,Lightning Charging Cable,1,4/4/2019 21:47
191489,Flatscreen TV,1,4/22/2019 17:19
191490,Apple Airpods Headphones,1,4/5/2019 12:52
191491,Lightning Charging Cable,1,4/6/2019 21:21
191492,AAA Batteries (4-pack),2,4/6/2019 9:08
191493,USB-C Charging Cable,1,4/6/2019 20:27
191494,Wired Headphones,1,4/28/2019 12:09
191495,AAA Batteries (4-pack),1,4/27/2019 14:55
191496,AAA Batteries (4-pack),2,4/15/2019 15:26
191497,Google Phone,1,4/11/2019 23:29
191497,USB-C Charging Cable,1,4/11/2019 23:29
191498,Wired Headphones,1,4/6/2019 7:44
191499,AA Batteries (4-pack),4,4/7/2019 11:23
191500,Lightning Charging Cable,1,4/9/2019 19:18
191501,Apple Airpods Headphones,1,4/17/2019 21:19
191502,AA Batteries (4-pack),1,4/23/2019 19:52
191503,Bose SoundSport Headphones,1,4/14/2019 20:07
191504,Apple Airpods Headphones,1,4/21/2019 20:13
191505,Lightning Charging Cable,1,4/21/2019 15:18
191506,20in Monitor,1,4/4/2019 18:58
191507,27in 4K Gaming Monitor,2,4/29/2019 6:39
191508,Macbook Pro Laptop,1,4/18/2019 8:47
191509,Bose SoundSport Headphones,1,4/26/2019 21:04
191510,27in 4K Gaming Monitor,1,4/12/2019 16:04
191511,AA Batteries (4-pack),2,4/8/2019 17:59
191512,USB-C Charging Cable,1,4/18/2019 11:00
191512,Apple Airpods Headphones,1,4/18/2019 11:00
191513,34in Ultrawide Monitor,1,4/23/2019 19:25
191514,34in Ultrawide Monitor,1,4/9/2019 18:23
191515,Apple Airpods Headphones,1,4/2/2019 18:27
191516,AA Batteries (4-pack),1,4/11/2019 19:32
191517,Wired Headphones,1,4/22/2019 17:44
191518,AAA Batteries (4-pack),1,4/30/2019 17:56
191519,AA Batteries (4-pack),1,4/16/2019 20:18
191520,USB-C Charging Cable,1,4/23/2019 20:44
191521,ThinkPad Laptop,1,4/2/2019 9:59
191522,Apple Airpods Headphones,1,4/5/2019 16:21
191523,Apple Airpods Headphones,1,4/2/2019 12:40
191524,Apple Airpods Headphones,1,4/10/2019 11:35
191525,AA Batteries (4-pack),1,4/3/2019 22:33
191526,AAA Batteries (4-pack),1,4/28/2019 18:11
191527,iPhone,1,4/28/2019 11:53
191528,AA Batteries (4-pack),1,4/25/2019 21:08
191529,34in Ultrawide Monitor,1,4/15/2019 22:14
191530,AAA Batteries (4-pack),1,4/15/2019 0:18
191531,Bose SoundSport Headphones,1,4/14/2019 21:02
191532,Wired Headphones,1,4/8/2019 12:46
191533,Wired Headphones,1,4/15/2019 13:50
191534,USB-C Charging Cable,1,4/26/2019 10:28
191535,Apple Airpods Headphones,1,4/22/2019 10:46
191536,20in Monitor,1,4/21/2019 1:23
191537,AA Batteries (4-pack),1,4/20/2019 11:50
191538,Google Phone,1,4/1/2019 16:29
191538,USB-C Charging Cable,2,4/1/2019 16:29
191539,AA Batteries (4-pack),1,4/3/2019 12:22
191540,AA Batteries (4-pack),1,4/27/2019 20:11
191541,Bose SoundSport Headphones,2,4/30/2019 12:42
191542,Apple Airpods Headphones,1,4/24/2019 21:49
191543,AAA Batteries (4-pack),1,4/27/2019 5:38
191544,Lightning Charging Cable,1,4/11/2019 22:45
191545,iPhone,1,4/22/2019 3:45
191546,AA Batteries (4-pack),1,4/3/2019 23:33
191547,34in Ultrawide Monitor,1,4/12/2019 15:01
191547,iPhone,1,4/12/2019 15:01
191548,Bose SoundSport Headphones,1,4/22/2019 19:30
191549,Lightning Charging Cable,1,4/16/2019 16:17
191550,Macbook Pro Laptop,1,4/18/2019 1:11
191551,Apple Airpods Headphones,1,4/17/2019 14:25
191552,Wired Headphones,1,4/2/2019 21:33
191553,Lightning Charging Cable,1,4/3/2019 22:29
191554,USB-C Charging Cable,1,4/11/2019 18:45
191555,Wired Headphones,2,4/10/2019 12:21
191556,Wired Headphones,1,4/20/2019 18:15
191557,AAA Batteries (4-pack),1,4/9/2019 12:27
191558,27in 4K Gaming Monitor,1,4/1/2019 14:19
191559,Apple Airpods Headphones,1,4/29/2019 11:03
191560,27in 4K Gaming Monitor,1,4/7/2019 19:49
191561,Bose SoundSport Headphones,1,4/2/2019 12:29
191561,AAA Batteries (4-pack),1,4/2/2019 12:29
191562,27in FHD Monitor,1,4/30/2019 12:37
191563,USB-C Charging Cable,1,4/11/2019 20:37
191564,20in Monitor,1,4/4/2019 20:21
191565,Wired Headphones,1,4/4/2019 15:06
191566,Apple Airpods Headphones,1,4/9/2019 12:50
191567,34in Ultrawide Monitor,1,4/16/2019 21:06
191568,Google Phone,1,4/1/2019 19:38
191569,Wired Headphones,1,4/29/2019 12:02
191570,USB-C Charging Cable,1,4/25/2019 19:01
191571,AA Batteries (4-pack),1,4/4/2019 7:52
191572,Wired Headphones,1,4/20/2019 0:33
191573,Bose SoundSport Headphones,1,4/26/2019 7:56
191574,Wired Headphones,1,4/12/2019 8:25
191575,AAA Batteries (4-pack),2,4/29/2019 12:48
191576,27in FHD Monitor,1,4/2/2019 12:20
191577,Lightning Charging Cable,1,4/10/2019 5:04
191578,AAA Batteries (4-pack),1,4/25/2019 19:13
191579,Google Phone,1,4/10/2019 18:25
191580,ThinkPad Laptop,1,4/18/2019 15:02
191581,Apple Airpods Headphones,1,4/1/2019 15:11
191582,Lightning Charging Cable,1,4/16/2019 13:29
191583,Lightning Charging Cable,1,4/19/2019 12:28
191584,Wired Headphones,1,4/26/2019 13:43
191585,20in Monitor,1,4/1/2019 5:58
191586,Lightning Charging Cable,1,4/10/2019 17:36
191587,USB-C Charging Cable,1,4/28/2019 17:49
191588,AA Batteries (4-pack),1,4/20/2019 12:35
191589,34in Ultrawide Monitor,1,4/7/2019 19:00
191590,AAA Batteries (4-pack),3,4/13/2019 13:22
191591,USB-C Charging Cable,1,4/14/2019 22:05
191592,27in 4K Gaming Monitor,1,4/11/2019 0:18
191593,USB-C Charging Cable,1,4/24/2019 18:35
191594,Apple Airpods Headphones,1,4/26/2019 15:43
191595,Lightning Charging Cable,1,4/18/2019 11:39
191596,Bose SoundSport Headphones,1,4/15/2019 14:33
191597,Google Phone,1,4/14/2019 12:08
191598,Google Phone,1,4/28/2019 13:25
191599,Apple Airpods Headphones,1,4/11/2019 19:06
191600,34in Ultrawide Monitor,1,4/2/2019 13:49
191601,Wired Headphones,1,4/20/2019 17:11
191602,Lightning Charging Cable,1,4/19/2019 19:47
191603,Wired Headphones,1,4/10/2019 8:01
191604,Lightning Charging Cable,1,4/23/2019 9:28
191605,34in Ultrawide Monitor,1,4/23/2019 19:17
191606,AA Batteries (4-pack),1,4/7/2019 15:25
191607,USB-C Charging Cable,3,4/18/2019 9:22
191608,Google Phone,1,4/21/2019 22:47
191608,USB-C Charging Cable,1,4/21/2019 22:47
191609,AAA Batteries (4-pack),2,4/19/2019 21:48
191610,AAA Batteries (4-pack),1,4/13/2019 11:38
191610,AA Batteries (4-pack),2,4/13/2019 11:38
191611,Lightning Charging Cable,1,4/3/2019 18:25
191612,AA Batteries (4-pack),1,4/8/2019 11:47
191613,Macbook Pro Laptop,1,4/28/2019 12:36
191614,iPhone,1,4/6/2019 0:37
191615,27in FHD Monitor,1,4/13/2019 17:16
191616,Apple Airpods Headphones,1,4/10/2019 13:23
191617,USB-C Charging Cable,1,4/25/2019 8:30
191617,Wired Headphones,1,4/25/2019 8:30
191618,Bose SoundSport Headphones,1,4/1/2019 13:01
191619,20in Monitor,1,4/25/2019 16:25
191620,AAA Batteries (4-pack),3,4/24/2019 13:16
191621,USB-C Charging Cable,1,4/21/2019 19:03
191622,Lightning Charging Cable,1,4/9/2019 23:28
191623,USB-C Charging Cable,1,4/3/2019 19:31
191624,Apple Airpods Headphones,1,4/30/2019 13:59
191625,AAA Batteries (4-pack),1,4/19/2019 9:12
191626,Macbook Pro Laptop,1,4/18/2019 20:38
191627,Wired Headphones,1,4/10/2019 21:09
191628,AA Batteries (4-pack),3,4/1/2019 19:58
191629,USB-C Charging Cable,1,4/3/2019 8:13
191630,Apple Airpods Headphones,1,4/10/2019 17:44
191631,iPhone,1,4/29/2019 14:44
191632,27in FHD Monitor,1,4/5/2019 7:11
191633,AAA Batteries (4-pack),1,4/24/2019 14:29
191634,Macbook Pro Laptop,1,4/27/2019 13:00
191635,Lightning Charging Cable,1,4/22/2019 16:20
191636,USB-C Charging Cable,1,4/5/2019 16:18
191637,Bose SoundSport Headphones,1,4/14/2019 11:22
191638,27in 4K Gaming Monitor,1,4/22/2019 10:45
191639,27in 4K Gaming Monitor,1,4/12/2019 12:38
191640,Wired Headphones,1,4/16/2019 11:12
191641,Bose SoundSport Headphones,1,4/23/2019 15:24
191642,ThinkPad Laptop,1,4/17/2019 12:47
191643,USB-C Charging Cable,1,4/28/2019 19:09
191644,Wired Headphones,1,4/17/2019 10:21
191645,Lightning Charging Cable,1,4/9/2019 7:12
191646,AA Batteries (4-pack),1,4/28/2019 14:17
191647,Apple Airpods Headphones,1,4/20/2019 21:44
191648,Vareebadd Phone,1,4/4/2019 18:55
191648,Lightning Charging Cable,1,4/4/2019 18:55
191649,Lightning Charging Cable,1,4/3/2019 20:37
191650,Bose SoundSport Headphones,1,4/28/2019 21:25
191651,AAA Batteries (4-pack),1,4/12/2019 13:42
191652,Apple Airpods Headphones,1,4/23/2019 14:08
191653,Bose SoundSport Headphones,1,4/13/2019 21:14
191654,34in Ultrawide Monitor,1,4/2/2019 12:27
191655,ThinkPad Laptop,1,4/23/2019 14:26
191656,USB-C Charging Cable,1,4/4/2019 8:59
191657,Google Phone,1,4/14/2019 8:31
191658,AA Batteries (4-pack),1,4/14/2019 19:41
191659,LG Washing Machine,1,4/12/2019 11:37
191660,iPhone,1,4/23/2019 21:08
191661,34in Ultrawide Monitor,1,4/4/2019 13:22
191662,Wired Headphones,1,4/21/2019 20:58
191663,Lightning Charging Cable,1,4/9/2019 19:47
191664,27in FHD Monitor,1,4/22/2019 11:17
191665,iPhone,1,4/10/2019 22:58
191666,AA Batteries (4-pack),2,4/3/2019 18:59
191667,Lightning Charging Cable,1,4/4/2019 23:00
191668,ThinkPad Laptop,1,4/4/2019 10:25
191669,Apple Airpods Headphones,1,4/18/2019 10:48
191670,AA Batteries (4-pack),1,4/14/2019 18:56
191671,27in 4K Gaming Monitor,1,4/23/2019 20:26
191672,Flatscreen TV,1,4/9/2019 20:35
191673,AA Batteries (4-pack),1,4/16/2019 13:25
191674,Lightning Charging Cable,1,4/16/2019 9:05
191675,USB-C Charging Cable,1,4/10/2019 22:06
191676,Lightning Charging Cable,1,4/22/2019 22:17
191677,Flatscreen TV,1,4/20/2019 11:39
191678,AAA Batteries (4-pack),1,4/12/2019 0:29
191679,Wired Headphones,1,4/14/2019 14:40
191680,iPhone,1,4/11/2019 11:51
191681,20in Monitor,1,4/20/2019 15:56
191682,Flatscreen TV,1,4/11/2019 21:54
191683,Apple Airpods Headphones,1,4/24/2019 3:55
191684,USB-C Charging Cable,1,4/15/2019 13:05
191685,Wired Headphones,1,4/8/2019 18:32
191686,Apple Airpods Headphones,1,4/21/2019 0:38
191687,Flatscreen TV,1,4/29/2019 16:07
191688,Macbook Pro Laptop,1,4/26/2019 5:45
191689,34in Ultrawide Monitor,1,4/18/2019 7:10
191690,Bose SoundSport Headphones,1,4/9/2019 2:07
191691,Lightning Charging Cable,1,4/1/2019 11:17
191692,AAA Batteries (4-pack),2,4/22/2019 2:12
191693,34in Ultrawide Monitor,1,4/14/2019 22:39
191694,Apple Airpods Headphones,1,4/12/2019 21:35
191695,Vareebadd Phone,1,4/7/2019 14:14
191696,Wired Headphones,1,4/18/2019 19:30
191697,USB-C Charging Cable,1,4/7/2019 20:12
191698,Lightning Charging Cable,1,4/7/2019 14:09
191699,Macbook Pro Laptop,1,4/19/2019 21:34
191700,27in FHD Monitor,1,4/23/2019 15:36
191701,Bose SoundSport Headphones,1,4/30/2019 10:39
191702,Lightning Charging Cable,1,4/23/2019 21:45
191703,Google Phone,1,4/5/2019 18:05
191703,Bose SoundSport Headphones,1,4/5/2019 18:05
191704,Lightning Charging Cable,1,4/16/2019 14:10
191705,Apple Airpods Headphones,1,4/30/2019 15:34
191706,AA Batteries (4-pack),1,4/20/2019 18:15
191707,20in Monitor,1,4/1/2019 17:07
191707,Lightning Charging Cable,1,4/1/2019 17:07
191708,AAA Batteries (4-pack),1,4/4/2019 3:51
191709,Lightning Charging Cable,1,4/2/2019 22:04
191710,AAA Batteries (4-pack),1,4/25/2019 20:59
191711,ThinkPad Laptop,1,4/29/2019 9:56
191712,Lightning Charging Cable,1,4/9/2019 15:52
191713,AA Batteries (4-pack),1,4/9/2019 13:32
191714,USB-C Charging Cable,1,4/14/2019 15:54
191715,iPhone,1,4/2/2019 11:58
191715,Wired Headphones,1,4/2/2019 11:58
191716,Flatscreen TV,1,4/6/2019 12:00
191717,AAA Batteries (4-pack),2,4/10/2019 19:30
191718,AA Batteries (4-pack),1,4/29/2019 15:22
191719,AAA Batteries (4-pack),1,4/11/2019 19:19
191720,ThinkPad Laptop,1,4/30/2019 9:48
191721,Lightning Charging Cable,1,4/11/2019 17:22
191722,Bose SoundSport Headphones,1,4/14/2019 18:35
191723,34in Ultrawide Monitor,1,4/17/2019 10:53
191724,27in FHD Monitor,1,4/17/2019 11:39
191725,USB-C Charging Cable,1,4/12/2019 14:34
191726,ThinkPad Laptop,1,4/11/2019 7:46
191727,27in 4K Gaming Monitor,1,4/2/2019 16:43
191728,Wired Headphones,2,4/17/2019 23:15
191729,Bose SoundSport Headphones,1,4/23/2019 18:35
191730,USB-C Charging Cable,1,4/12/2019 17:27
191731,Wired Headphones,1,4/2/2019 9:15
191732,Apple Airpods Headphones,1,4/29/2019 19:51
191733,Lightning Charging Cable,1,4/7/2019 14:19
191734,AAA Batteries (4-pack),1,4/21/2019 22:00
191735,iPhone,1,4/30/2019 11:13
191735,Apple Airpods Headphones,1,4/30/2019 11:13
191736,USB-C Charging Cable,1,4/5/2019 14:17
191737,Lightning Charging Cable,1,4/12/2019 17:08
191738,Lightning Charging Cable,1,4/21/2019 12:29
191739,Bose SoundSport Headphones,1,4/6/2019 15:41
191740,Flatscreen TV,1,4/23/2019 17:43
191741,Google Phone,1,4/4/2019 23:35
191741,USB-C Charging Cable,1,4/4/2019 23:35
191742,iPhone,1,4/3/2019 16:03
191742,Apple Airpods Headphones,1,4/3/2019 16:03
191742,Wired Headphones,1,4/3/2019 16:03
191743,Lightning Charging Cable,1,4/27/2019 12:40
191744,Vareebadd Phone,1,4/4/2019 9:56
191745,Wired Headphones,1,4/4/2019 14:11
191746,AA Batteries (4-pack),2,4/25/2019 6:09
191747,Bose SoundSport Headphones,1,4/28/2019 10:27
191748,AA Batteries (4-pack),1,4/11/2019 18:20
191749,Bose SoundSport Headphones,1,4/2/2019 12:12
191750,USB-C Charging Cable,1,4/18/2019 14:38
191751,Bose SoundSport Headphones,1,4/29/2019 0:59
191752,USB-C Charging Cable,1,4/17/2019 11:19
191753,Macbook Pro Laptop,1,4/26/2019 23:03
191754,Apple Airpods Headphones,1,4/17/2019 11:46
191755,USB-C Charging Cable,2,4/11/2019 9:12
,,,
191756,Apple Airpods Headphones,1,4/28/2019 20:06
191757,Wired Headphones,1,4/4/2019 9:27
191758,USB-C Charging Cable,1,4/13/2019 19:31
191759,AAA Batteries (4-pack),2,4/17/2019 10:47
191760,Flatscreen TV,1,4/4/2019 10:43
191761,AA Batteries (4-pack),1,4/5/2019 11:35
191762,AA Batteries (4-pack),1,4/10/2019 12:58
191763,AAA Batteries (4-pack),3,4/17/2019 9:38
191764,AA Batteries (4-pack),2,4/10/2019 16:36
191765,Lightning Charging Cable,1,4/6/2019 20:24
191766,USB-C Charging Cable,1,4/17/2019 12:19
191767,20in Monitor,1,4/19/2019 17:52
191768,iPhone,1,4/16/2019 11:36
191769,Google Phone,1,4/30/2019 11:07
191770,Wired Headphones,1,4/21/2019 17:28
191771,Lightning Charging Cable,1,4/21/2019 14:56
191772,Lightning Charging Cable,1,4/16/2019 0:04
191773,AA Batteries (4-pack),1,4/19/2019 8:41
191774,AA Batteries (4-pack),1,5/1/2019 0:51
191775,Apple Airpods Headphones,1,4/25/2019 15:09
191776,USB-C Charging Cable,1,4/27/2019 19:10
191777,AA Batteries (4-pack),1,4/30/2019 15:01
191778,AA Batteries (4-pack),3,4/27/2019 20:43
191779,AAA Batteries (4-pack),1,4/17/2019 19:19
191780,Wired Headphones,1,4/27/2019 0:34
191781,USB-C Charging Cable,1,4/25/2019 8:23
191782,ThinkPad Laptop,1,4/23/2019 1:58
191783,Flatscreen TV,1,4/7/2019 7:53
191784,AAA Batteries (4-pack),3,4/18/2019 20:00
191785,AAA Batteries (4-pack),1,4/13/2019 9:41
191786,Bose SoundSport Headphones,1,4/28/2019 13:07
191787,AA Batteries (4-pack),1,4/20/2019 13:08
191788,Lightning Charging Cable,1,4/1/2019 7:17
191789,AAA Batteries (4-pack),1,4/9/2019 15:26
191790,34in Ultrawide Monitor,1,4/21/2019 11:51
191791,AA Batteries (4-pack),1,4/20/2019 20:22
191792,34in Ultrawide Monitor,1,4/21/2019 23:19
191793,AAA Batteries (4-pack),1,4/18/2019 15:29
191794,ThinkPad Laptop,1,4/13/2019 16:12
191795,Vareebadd Phone,1,4/23/2019 11:12
191796,AA Batteries (4-pack),1,4/30/2019 14:13
191797,AA Batteries (4-pack),2,4/27/2019 8:31
191798,AA Batteries (4-pack),1,4/13/2019 6:34
191799,27in FHD Monitor,1,4/5/2019 19:24
191800,27in 4K Gaming Monitor,1,4/6/2019 13:58
191801,27in FHD Monitor,1,4/10/2019 19:04
191802,Flatscreen TV,1,4/15/2019 12:33
191803,USB-C Charging Cable,1,4/16/2019 13:57
191804,Bose SoundSport Headphones,1,4/13/2019 9:22
191805,AAA Batteries (4-pack),2,4/16/2019 13:38
191806,Apple Airpods Headphones,1,4/5/2019 18:13
191807,Lightning Charging Cable,2,4/21/2019 23:08
191808,Wired Headphones,1,4/19/2019 5:25
191809,LG Dryer,1,4/1/2019 10:57
191810,ThinkPad Laptop,1,4/3/2019 13:12
191811,Wired Headphones,1,4/9/2019 15:36
191812,Lightning Charging Cable,1,4/23/2019 11:02
191813,27in 4K Gaming Monitor,1,4/10/2019 7:39
191814,AA Batteries (4-pack),1,4/3/2019 19:19
191815,AAA Batteries (4-pack),1,4/12/2019 21:49
191816,Wired Headphones,1,4/4/2019 17:22
191817,Flatscreen TV,1,4/30/2019 14:53
191818,27in FHD Monitor,1,4/25/2019 15:22
191819,Wired Headphones,1,4/20/2019 9:53
191820,34in Ultrawide Monitor,1,4/23/2019 16:45
191821,Flatscreen TV,1,4/26/2019 12:15
191822,Wired Headphones,1,4/25/2019 10:48
191823,AAA Batteries (4-pack),2,4/30/2019 13:04
191824,34in Ultrawide Monitor,1,4/30/2019 16:09
191825,Wired Headphones,2,4/10/2019 15:02
191826,Lightning Charging Cable,1,4/20/2019 21:58
191827,Bose SoundSport Headphones,1,4/3/2019 16:18
191828,Macbook Pro Laptop,1,4/8/2019 15:07
191829,20in Monitor,1,4/18/2019 10:42
191830,Wired Headphones,2,4/3/2019 18:10
191831,AAA Batteries (4-pack),2,4/22/2019 16:10
191832,AAA Batteries (4-pack),1,4/9/2019 0:46
191833,AA Batteries (4-pack),4,4/29/2019 21:56
191834,iPhone,1,4/26/2019 13:17
191835,Apple Airpods Headphones,1,4/13/2019 12:13
191836,34in Ultrawide Monitor,1,4/18/2019 13:38
191837,iPhone,1,4/15/2019 12:57
191837,Wired Headphones,1,4/15/2019 12:57
191838,Lightning Charging Cable,1,4/12/2019 15:05
191839,USB-C Charging Cable,2,4/2/2019 17:42
191840,20in Monitor,1,4/17/2019 19:01
191841,27in FHD Monitor,1,4/2/2019 17:39
191842,Flatscreen TV,1,4/23/2019 14:59
191843,27in 4K Gaming Monitor,1,4/27/2019 16:12
191844,Wired Headphones,1,4/26/2019 21:06
191845,USB-C Charging Cable,1,4/26/2019 6:29
191846,AAA Batteries (4-pack),2,4/4/2019 2:25
191847,34in Ultrawide Monitor,1,4/24/2019 9:32
191848,USB-C Charging Cable,1,4/29/2019 20:05
191849,USB-C Charging Cable,1,4/16/2019 17:00
191850,Macbook Pro Laptop,1,4/1/2019 12:06
191851,Lightning Charging Cable,1,4/9/2019 0:32
191852,AAA Batteries (4-pack),1,4/20/2019 12:06
191853,ThinkPad Laptop,1,4/13/2019 13:58
191854,Apple Airpods Headphones,1,4/25/2019 9:32
191855,Apple Airpods Headphones,1,4/4/2019 20:41
191856,USB-C Charging Cable,1,4/13/2019 21:21
191857,Lightning Charging Cable,1,4/21/2019 9:52
191858,Apple Airpods Headphones,1,4/10/2019 18:47
191859,Lightning Charging Cable,1,4/2/2019 11:21
191860,USB-C Charging Cable,1,4/28/2019 10:33
191861,Lightning Charging Cable,1,4/29/2019 13:11
191861,27in FHD Monitor,1,4/29/2019 13:11
191862,27in FHD Monitor,1,4/11/2019 1:09
191863,Lightning Charging Cable,1,4/29/2019 10:51
191864,ThinkPad Laptop,1,4/11/2019 18:52
191865,27in FHD Monitor,1,4/1/2019 11:58
191866,Lightning Charging Cable,1,4/26/2019 13:56
191867,Lightning Charging Cable,1,4/20/2019 3:19
191868,Macbook Pro Laptop,1,4/16/2019 15:08
191869,AA Batteries (4-pack),2,4/17/2019 22:57
191870,Apple Airpods Headphones,1,4/4/2019 0:18
191871,Wired Headphones,1,4/10/2019 7:39
191872,Wired Headphones,1,4/15/2019 15:12
191873,Flatscreen TV,1,4/16/2019 10:57
191874,20in Monitor,1,4/16/2019 12:27
191875,Apple Airpods Headphones,1,4/3/2019 20:30
191876,AAA Batteries (4-pack),1,4/13/2019 8:39
191877,Lightning Charging Cable,1,4/10/2019 19:38
191878,USB-C Charging Cable,1,4/30/2019 18:14
191879,AA Batteries (4-pack),1,4/10/2019 0:52
191880,Bose SoundSport Headphones,1,4/30/2019 8:36
191881,Apple Airpods Headphones,1,4/6/2019 14:14
191882,AAA Batteries (4-pack),2,4/4/2019 23:22
191883,AAA Batteries (4-pack),1,4/8/2019 20:15
191884,Lightning Charging Cable,1,4/30/2019 19:41
191885,Google Phone,1,4/27/2019 13:13
191885,Wired Headphones,2,4/27/2019 13:13
191886,Apple Airpods Headphones,1,4/23/2019 18:36
191887,Lightning Charging Cable,2,4/16/2019 3:32
191888,Lightning Charging Cable,1,4/21/2019 20:34
191889,Apple Airpods Headphones,1,4/2/2019 22:11
191890,Apple Airpods Headphones,1,4/20/2019 11:52
191891,USB-C Charging Cable,2,4/10/2019 0:14
191892,ThinkPad Laptop,1,4/10/2019 18:58
191893,Wired Headphones,1,4/2/2019 20:10
191894,Wired Headphones,1,4/16/2019 15:03
191895,AAA Batteries (4-pack),1,4/24/2019 16:52
191896,Wired Headphones,1,4/25/2019 14:31
191897,34in Ultrawide Monitor,1,4/25/2019 3:15
191898,Lightning Charging Cable,1,4/15/2019 12:10
191899,Macbook Pro Laptop,1,4/7/2019 23:45
191900,27in FHD Monitor,1,4/15/2019 20:46
191901,iPhone,1,4/4/2019 17:04
191902,AA Batteries (4-pack),1,4/6/2019 18:13
191903,iPhone,1,4/15/2019 14:10
191904,AAA Batteries (4-pack),1,4/18/2019 19:06
191905,AA Batteries (4-pack),1,4/22/2019 12:21
191906,Macbook Pro Laptop,1,4/21/2019 13:25
191907,Wired Headphones,1,4/7/2019 20:18
191908,Apple Airpods Headphones,1,4/28/2019 18:15
191909,20in Monitor,1,4/15/2019 14:08
191910,Macbook Pro Laptop,1,4/21/2019 18:57
191911,27in 4K Gaming Monitor,1,4/10/2019 10:00
191912,34in Ultrawide Monitor,1,4/14/2019 15:24
191913,AA Batteries (4-pack),1,4/7/2019 15:19
191914,Apple Airpods Headphones,1,4/23/2019 8:05
191915,Wired Headphones,2,4/11/2019 22:40
191916,AA Batteries (4-pack),1,4/19/2019 16:30
191917,Bose SoundSport Headphones,1,4/18/2019 9:53
191918,AAA Batteries (4-pack),4,4/3/2019 15:08
191919,AA Batteries (4-pack),1,4/15/2019 15:09
191920,Wired Headphones,1,4/15/2019 8:41
191921,ThinkPad Laptop,1,4/6/2019 13:55
191922,Vareebadd Phone,1,4/20/2019 13:31
191923,AA Batteries (4-pack),1,4/11/2019 17:15
191924,ThinkPad Laptop,1,4/4/2019 23:13
191925,Bose SoundSport Headphones,1,4/14/2019 10:40
191926,AA Batteries (4-pack),1,4/6/2019 22:17
191926,AAA Batteries (4-pack),1,4/6/2019 22:17
191927,Wired Headphones,1,4/24/2019 10:07
191928,Apple Airpods Headphones,1,4/26/2019 1:19
191929,Apple Airpods Headphones,1,4/6/2019 9:19
191930,AAA Batteries (4-pack),1,4/4/2019 15:58
191931,Lightning Charging Cable,1,4/15/2019 15:53
191932,27in FHD Monitor,1,4/15/2019 17:55
191933,AAA Batteries (4-pack),1,4/24/2019 22:53
191934,Lightning Charging Cable,1,4/14/2019 11:03
191935,Apple Airpods Headphones,1,4/6/2019 14:02
191936,34in Ultrawide Monitor,1,4/1/2019 15:10
191937,Apple Airpods Headphones,1,4/28/2019 9:38
191938,Google Phone,1,4/27/2019 11:13
191939,AAA Batteries (4-pack),1,4/3/2019 21:15
191940,USB-C Charging Cable,1,4/28/2019 6:35
191941,USB-C Charging Cable,1,4/11/2019 8:39
191942,AAA Batteries (4-pack),1,4/8/2019 19:48
191943,Lightning Charging Cable,1,4/26/2019 20:44
191944,Wired Headphones,1,4/16/2019 19:48
191945,Apple Airpods Headphones,1,4/8/2019 15:59
191945,Bose SoundSport Headphones,1,4/8/2019 15:59
191946,AA Batteries (4-pack),2,4/13/2019 21:22
191947,Flatscreen TV,1,4/1/2019 8:38
191948,Google Phone,1,4/10/2019 8:56
191949,ThinkPad Laptop,1,4/16/2019 21:37
191950,USB-C Charging Cable,1,4/10/2019 16:55
191951,Wired Headphones,1,4/11/2019 11:55
191952,34in Ultrawide Monitor,1,4/26/2019 13:13
191953,Bose SoundSport Headphones,1,4/4/2019 1:29
191954,AA Batteries (4-pack),4,4/4/2019 11:36
191955,Bose SoundSport Headphones,1,4/6/2019 15:39
191956,Flatscreen TV,1,4/23/2019 23:41
191957,iPhone,1,4/24/2019 9:41
191958,AAA Batteries (4-pack),1,4/30/2019 15:44
191958,Lightning Charging Cable,1,4/30/2019 15:44
191959,Apple Airpods Headphones,1,4/16/2019 19:32
191960,AA Batteries (4-pack),1,4/6/2019 23:05
191961,Lightning Charging Cable,1,4/16/2019 6:54
191962,Google Phone,1,4/18/2019 11:31
191963,Google Phone,1,4/8/2019 12:04
191963,USB-C Charging Cable,1,4/8/2019 12:04
191963,Bose SoundSport Headphones,1,4/8/2019 12:04
191964,Lightning Charging Cable,1,4/3/2019 19:48
191965,Wired Headphones,1,4/24/2019 20:14
191966,Apple Airpods Headphones,1,4/19/2019 21:37
191967,USB-C Charging Cable,1,4/3/2019 17:52
191968,Lightning Charging Cable,1,4/27/2019 16:58
191969,Flatscreen TV,1,4/17/2019 17:43
191970,USB-C Charging Cable,1,4/6/2019 12:00
191971,Wired Headphones,1,4/5/2019 17:56
191972,Apple Airpods Headphones,1,4/6/2019 19:35
191973,AAA Batteries (4-pack),3,4/22/2019 12:24
191974,Bose SoundSport Headphones,1,4/11/2019 18:11
191974,Wired Headphones,1,4/11/2019 18:11
191975,AAA Batteries (4-pack),1,4/20/2019 10:42
191976,AAA Batteries (4-pack),1,4/16/2019 22:21
191977,ThinkPad Laptop,1,4/24/2019 20:03
191978,AAA Batteries (4-pack),1,4/17/2019 22:51
191979,27in 4K Gaming Monitor,1,4/23/2019 18:01
191980,USB-C Charging Cable,1,4/29/2019 23:27
191981,AAA Batteries (4-pack),1,4/25/2019 14:50
191982,AA Batteries (4-pack),1,4/15/2019 18:09
191983,Apple Airpods Headphones,1,4/14/2019 12:54
191983,Bose SoundSport Headphones,1,4/14/2019 12:54
191984,AA Batteries (4-pack),2,4/21/2019 19:19
191985,Bose SoundSport Headphones,1,4/8/2019 11:06
191986,AA Batteries (4-pack),2,4/14/2019 19:35
191987,Wired Headphones,1,4/16/2019 16:34
191988,AAA Batteries (4-pack),1,4/19/2019 18:08
191989,USB-C Charging Cable,1,4/16/2019 21:15
191990,iPhone,1,4/23/2019 18:00
191990,Lightning Charging Cable,1,4/23/2019 18:00
191991,AAA Batteries (4-pack),1,4/29/2019 16:37
191992,AA Batteries (4-pack),1,4/2/2019 11:05
191993,Bose SoundSport Headphones,1,4/25/2019 21:07
191994,27in FHD Monitor,1,4/26/2019 13:11
191995,Lightning Charging Cable,1,4/27/2019 17:26
191996,27in FHD Monitor,1,4/22/2019 17:34
191997,34in Ultrawide Monitor,1,4/20/2019 8:30
191998,Apple Airpods Headphones,1,4/9/2019 13:59
191999,Lightning Charging Cable,1,4/8/2019 22:02
192000,Apple Airpods Headphones,1,4/1/2019 19:03
192001,iPhone,1,4/24/2019 17:53
192002,AA Batteries (4-pack),1,4/10/2019 21:46
192002,Lightning Charging Cable,2,4/10/2019 21:46
192003,USB-C Charging Cable,1,4/12/2019 16:44
192004,Lightning Charging Cable,1,4/26/2019 18:32
192005,34in Ultrawide Monitor,1,4/15/2019 9:54
192006,AA Batteries (4-pack),1,4/16/2019 12:44
192007,USB-C Charging Cable,1,4/25/2019 10:12
192008,Wired Headphones,1,4/21/2019 17:37
192009,Vareebadd Phone,1,4/21/2019 15:55
192010,Macbook Pro Laptop,1,4/17/2019 11:45
192011,27in FHD Monitor,1,4/10/2019 17:05
192012,Bose SoundSport Headphones,1,4/16/2019 23:58
192013,USB-C Charging Cable,1,4/13/2019 18:41
192014,USB-C Charging Cable,1,4/11/2019 16:16
192015,AA Batteries (4-pack),1,4/26/2019 23:03
192016,AA Batteries (4-pack),1,4/2/2019 19:06
192017,Lightning Charging Cable,1,4/12/2019 16:29
192018,AA Batteries (4-pack),1,4/16/2019 19:52
192019,Lightning Charging Cable,1,4/13/2019 17:40
192020,USB-C Charging Cable,1,4/19/2019 11:45
192021,USB-C Charging Cable,1,4/5/2019 7:49
192022,Bose SoundSport Headphones,1,4/21/2019 21:26
192023,Lightning Charging Cable,1,4/1/2019 19:31
192024,ThinkPad Laptop,1,4/4/2019 18:40
192025,Lightning Charging Cable,1,4/7/2019 17:05
192026,Wired Headphones,1,4/23/2019 15:56
192027,AA Batteries (4-pack),1,4/28/2019 21:10
192028,Apple Airpods Headphones,1,4/4/2019 19:47
192029,iPhone,1,4/4/2019 0:05
192030,AAA Batteries (4-pack),2,4/24/2019 18:02
192031,USB-C Charging Cable,1,4/6/2019 20:05
192032,Lightning Charging Cable,1,4/23/2019 17:29
192033,34in Ultrawide Monitor,1,4/3/2019 18:46
192034,Lightning Charging Cable,1,4/23/2019 13:17
192035,Flatscreen TV,1,4/1/2019 14:57
192036,Flatscreen TV,1,4/30/2019 12:32
192037,Wired Headphones,1,4/16/2019 23:53
192038,USB-C Charging Cable,1,4/20/2019 2:17
192039,Wired Headphones,1,4/24/2019 21:03
192040,iPhone,1,4/6/2019 10:54
192040,Lightning Charging Cable,1,4/6/2019 10:54
192041,USB-C Charging Cable,1,4/10/2019 20:28
192042,27in 4K Gaming Monitor,1,4/23/2019 10:11
192043,USB-C Charging Cable,1,4/8/2019 12:10
192044,Wired Headphones,1,4/6/2019 15:34
192045,ThinkPad Laptop,1,4/25/2019 12:40
192046,AAA Batteries (4-pack),2,4/14/2019 19:03
192047,Google Phone,1,4/18/2019 11:50
192048,USB-C Charging Cable,1,4/16/2019 13:33
192049,Bose SoundSport Headphones,1,4/24/2019 20:25
192050,USB-C Charging Cable,1,4/11/2019 16:08
192051,Wired Headphones,1,4/1/2019 20:39
192052,LG Dryer,1,4/2/2019 22:49
192053,Lightning Charging Cable,1,4/15/2019 3:29
192054,AAA Batteries (4-pack),1,4/28/2019 9:46
192055,Lightning Charging Cable,1,4/22/2019 11:07
192056,AA Batteries (4-pack),2,4/6/2019 12:18
192057,USB-C Charging Cable,1,4/30/2019 10:09
192058,Bose SoundSport Headphones,1,4/19/2019 22:29
192059,ThinkPad Laptop,1,4/25/2019 0:24
192060,USB-C Charging Cable,1,4/14/2019 13:05
192061,Google Phone,1,4/27/2019 21:19
192062,Lightning Charging Cable,2,4/15/2019 15:06
192063,Lightning Charging Cable,1,4/21/2019 14:31
192064,Wired Headphones,1,4/14/2019 18:34
192065,27in FHD Monitor,1,4/15/2019 15:21
192066,AAA Batteries (4-pack),1,4/30/2019 8:43
192067,AA Batteries (4-pack),1,4/4/2019 14:48
192068,Lightning Charging Cable,1,4/1/2019 20:14
192069,Apple Airpods Headphones,1,4/3/2019 18:02
192070,USB-C Charging Cable,1,4/1/2019 13:19
192071,AA Batteries (4-pack),1,4/11/2019 22:25
192072,34in Ultrawide Monitor,1,4/11/2019 18:20
192073,Apple Airpods Headphones,1,4/16/2019 20:44
192074,USB-C Charging Cable,1,4/29/2019 8:29
192075,27in 4K Gaming Monitor,1,4/20/2019 12:07
192076,AA Batteries (4-pack),1,4/9/2019 20:18
192077,AA Batteries (4-pack),1,4/8/2019 0:15
192078,AA Batteries (4-pack),1,4/23/2019 15:47
192079,Apple Airpods Headphones,1,4/7/2019 12:15
192080,AA Batteries (4-pack),1,4/12/2019 9:19
192080,Flatscreen TV,1,4/12/2019 9:19
192081,AA Batteries (4-pack),1,4/24/2019 1:45
192082,AAA Batteries (4-pack),3,4/7/2019 13:10
192083,27in FHD Monitor,1,4/27/2019 16:55
192084,USB-C Charging Cable,1,4/11/2019 16:57
192085,ThinkPad Laptop,1,4/7/2019 10:36
192086,20in Monitor,1,4/7/2019 12:01
192087,AAA Batteries (4-pack),2,4/18/2019 12:21
192088,AAA Batteries (4-pack),1,4/14/2019 13:22
192089,27in FHD Monitor,1,4/30/2019 12:37
192090,USB-C Charging Cable,1,4/29/2019 19:07
192091,Bose SoundSport Headphones,1,4/13/2019 19:48
192092,iPhone,1,4/3/2019 23:21
192093,27in 4K Gaming Monitor,1,4/22/2019 19:27
192094,Flatscreen TV,1,4/16/2019 14:22
192095,20in Monitor,1,4/3/2019 14:03
192096,AA Batteries (4-pack),1,4/10/2019 11:29
192097,USB-C Charging Cable,1,4/29/2019 20:16
192098,iPhone,1,4/11/2019 10:55
192099,Bose SoundSport Headphones,1,4/2/2019 19:26
192100,iPhone,1,4/17/2019 19:20
192101,USB-C Charging Cable,1,4/13/2019 16:56
192102,Apple Airpods Headphones,1,4/19/2019 12:19
192103,27in FHD Monitor,1,4/22/2019 21:46
192104,ThinkPad Laptop,1,4/23/2019 20:32
192105,34in Ultrawide Monitor,2,4/3/2019 7:06
192106,Apple Airpods Headphones,1,4/15/2019 20:11
192107,AA Batteries (4-pack),1,4/21/2019 9:48
192108,USB-C Charging Cable,1,4/17/2019 18:11
192109,AA Batteries (4-pack),1,4/16/2019 21:56
192110,Apple Airpods Headphones,1,4/24/2019 22:05
192111,27in 4K Gaming Monitor,1,4/3/2019 20:46
192112,AAA Batteries (4-pack),1,4/24/2019 10:00
192113,AAA Batteries (4-pack),1,4/13/2019 23:43
192114,AA Batteries (4-pack),1,4/5/2019 17:40
192115,AAA Batteries (4-pack),1,4/13/2019 22:08
192116,AA Batteries (4-pack),1,4/22/2019 22:35
192117,Wired Headphones,1,4/8/2019 13:55
192118,AAA Batteries (4-pack),2,4/9/2019 13:19
192119,27in FHD Monitor,1,4/3/2019 14:10
192120,Bose SoundSport Headphones,1,4/25/2019 17:12
192121,USB-C Charging Cable,1,4/18/2019 22:25
192122,Bose SoundSport Headphones,2,4/4/2019 14:35
192123,27in FHD Monitor,1,4/22/2019 18:32
192124,27in FHD Monitor,1,4/22/2019 11:39
192125,Macbook Pro Laptop,1,4/2/2019 0:13
192126,Bose SoundSport Headphones,1,4/9/2019 20:22
192127,34in Ultrawide Monitor,1,4/15/2019 16:18
192128,ThinkPad Laptop,1,4/27/2019 12:33
192129,AAA Batteries (4-pack),2,4/10/2019 20:06
192130,AAA Batteries (4-pack),5,4/10/2019 22:36
192131,iPhone,1,4/20/2019 14:47
192132,AAA Batteries (4-pack),1,4/5/2019 19:09
192133,34in Ultrawide Monitor,1,4/9/2019 15:37
192134,AA Batteries (4-pack),1,4/16/2019 11:00
192135,iPhone,1,4/29/2019 23:02
192136,Bose SoundSport Headphones,1,4/2/2019 9:14
192137,Lightning Charging Cable,1,4/20/2019 11:21
192138,iPhone,1,4/15/2019 17:34
192139,Macbook Pro Laptop,1,4/3/2019 14:27
192140,34in Ultrawide Monitor,1,4/23/2019 18:45
192141,AA Batteries (4-pack),3,4/11/2019 20:35
192142,20in Monitor,1,4/4/2019 13:24
192142,Apple Airpods Headphones,1,4/4/2019 13:24
192143,Bose SoundSport Headphones,2,4/14/2019 19:52
192144,Wired Headphones,1,4/3/2019 12:39
192145,AA Batteries (4-pack),1,4/5/2019 7:00
192146,Flatscreen TV,1,4/8/2019 11:30
192147,Lightning Charging Cable,1,4/4/2019 15:56
192148,Bose SoundSport Headphones,1,4/2/2019 13:04
192149,Apple Airpods Headphones,1,4/4/2019 11:02
192150,Flatscreen TV,1,4/22/2019 19:55
192151,Lightning Charging Cable,1,4/24/2019 10:21
192152,Lightning Charging Cable,1,4/23/2019 17:26
192153,27in 4K Gaming Monitor,1,4/5/2019 14:51
192154,AA Batteries (4-pack),1,4/7/2019 16:32
192155,Flatscreen TV,1,4/5/2019 18:04
192156,34in Ultrawide Monitor,1,4/6/2019 18:16
192157,USB-C Charging Cable,1,4/24/2019 4:56
192158,Apple Airpods Headphones,1,4/8/2019 18:39
192159,Bose SoundSport Headphones,1,4/28/2019 16:54
192160,AAA Batteries (4-pack),5,4/22/2019 0:03
192161,AAA Batteries (4-pack),1,4/1/2019 13:32
192162,27in FHD Monitor,1,4/19/2019 10:06
192163,AAA Batteries (4-pack),1,4/25/2019 19:41
192164,Wired Headphones,1,4/29/2019 15:01
192165,AAA Batteries (4-pack),1,4/19/2019 16:18
192166,27in FHD Monitor,1,4/26/2019 10:49
192167,Lightning Charging Cable,1,4/21/2019 21:22
192168,27in 4K Gaming Monitor,1,4/12/2019 17:13
192169,Lightning Charging Cable,1,4/4/2019 18:32
192170,USB-C Charging Cable,2,4/27/2019 19:52
192171,USB-C Charging Cable,1,4/24/2019 12:41
192172,Lightning Charging Cable,1,4/4/2019 9:58
192173,AA Batteries (4-pack),1,4/4/2019 12:18
192174,Wired Headphones,1,4/29/2019 19:06
192175,Wired Headphones,1,4/8/2019 21:01
192176,AAA Batteries (4-pack),3,4/1/2019 19:09
192177,Wired Headphones,1,4/27/2019 19:40
192178,USB-C Charging Cable,1,4/8/2019 16:26
192179,Bose SoundSport Headphones,1,4/10/2019 15:56
192179,AAA Batteries (4-pack),3,4/10/2019 15:56
192180,Lightning Charging Cable,1,4/15/2019 0:31
192181,Bose SoundSport Headphones,1,4/8/2019 15:45
192182,USB-C Charging Cable,1,4/27/2019 5:03
192183,Bose SoundSport Headphones,1,4/22/2019 11:41
192184,Wired Headphones,1,4/4/2019 21:11
192185,27in 4K Gaming Monitor,1,4/6/2019 20:01
192186,AA Batteries (4-pack),1,4/3/2019 14:17
192187,27in 4K Gaming Monitor,1,4/26/2019 13:11
192188,27in 4K Gaming Monitor,1,4/7/2019 14:36
192189,iPhone,1,4/18/2019 22:06
192190,iPhone,1,4/5/2019 22:32
192190,Lightning Charging Cable,1,4/5/2019 22:32
192191,Macbook Pro Laptop,1,4/21/2019 17:14
192192,Apple Airpods Headphones,1,4/24/2019 19:06
192193,ThinkPad Laptop,1,4/21/2019 11:12
192194,Lightning Charging Cable,1,4/8/2019 15:23
192195,USB-C Charging Cable,1,4/11/2019 16:48
192196,Bose SoundSport Headphones,1,4/18/2019 17:44
192197,27in FHD Monitor,1,4/29/2019 18:39
192198,Bose SoundSport Headphones,1,4/10/2019 0:51
192199,Apple Airpods Headphones,1,4/8/2019 14:55
192200,Apple Airpods Headphones,1,4/7/2019 4:31
192201,Google Phone,1,4/27/2019 12:09
192202,AA Batteries (4-pack),2,4/4/2019 20:29
192203,AAA Batteries (4-pack),1,4/14/2019 12:59
192204,Apple Airpods Headphones,1,4/5/2019 18:43
192204,Bose SoundSport Headphones,1,4/5/2019 18:43
192205,AAA Batteries (4-pack),1,4/18/2019 12:50
192206,Lightning Charging Cable,1,4/10/2019 14:56
192207,Lightning Charging Cable,1,4/22/2019 9:39
192208,Apple Airpods Headphones,1,4/2/2019 0:19
192209,AA Batteries (4-pack),3,4/7/2019 23:35
192210,Lightning Charging Cable,1,4/17/2019 14:06
192211,ThinkPad Laptop,1,4/14/2019 0:50
192212,AA Batteries (4-pack),1,4/2/2019 4:15
192213,Wired Headphones,1,4/18/2019 20:00
192214,Google Phone,1,4/14/2019 12:09
192214,USB-C Charging Cable,1,4/14/2019 12:09
192215,Apple Airpods Headphones,1,4/22/2019 23:25
192216,Vareebadd Phone,1,4/22/2019 19:12
192217,AAA Batteries (4-pack),1,4/27/2019 1:51
192218,Lightning Charging Cable,1,4/25/2019 11:33
192219,AAA Batteries (4-pack),1,4/25/2019 22:15
192220,20in Monitor,1,4/13/2019 8:52
192221,Apple Airpods Headphones,1,4/9/2019 18:24
192222,34in Ultrawide Monitor,1,4/12/2019 20:24
192223,AA Batteries (4-pack),1,4/18/2019 10:08
192224,AA Batteries (4-pack),1,4/6/2019 20:21
192225,AA Batteries (4-pack),1,4/2/2019 9:20
192226,Lightning Charging Cable,1,4/25/2019 21:27
192227,AA Batteries (4-pack),2,4/2/2019 12:21
192228,Google Phone,1,4/17/2019 13:42
192229,34in Ultrawide Monitor,1,4/30/2019 22:03
192230,Lightning Charging Cable,2,4/24/2019 12:38
192231,34in Ultrawide Monitor,1,4/12/2019 17:41
192232,USB-C Charging Cable,1,4/7/2019 15:17
192233,Google Phone,1,4/13/2019 9:08
192234,ThinkPad Laptop,1,4/10/2019 22:27
192235,iPhone,1,4/13/2019 21:02
192236,AA Batteries (4-pack),1,4/22/2019 9:16
192237,34in Ultrawide Monitor,1,4/18/2019 2:30
192238,Google Phone,1,4/5/2019 17:03
192239,Lightning Charging Cable,1,4/8/2019 18:11
192240,27in 4K Gaming Monitor,1,4/16/2019 13:07
192241,USB-C Charging Cable,1,4/15/2019 14:15
192242,USB-C Charging Cable,1,4/8/2019 17:29
192243,27in 4K Gaming Monitor,1,4/4/2019 13:52
192244,Google Phone,1,4/3/2019 13:51
192245,Wired Headphones,1,4/5/2019 20:38
192246,USB-C Charging Cable,1,4/19/2019 10:45
192247,Apple Airpods Headphones,1,4/10/2019 13:47
192248,AA Batteries (4-pack),1,4/4/2019 12:56
192249,AA Batteries (4-pack),1,4/1/2019 20:22
192250,AAA Batteries (4-pack),1,4/29/2019 21:22
192251,Apple Airpods Headphones,1,4/3/2019 12:44
192252,Apple Airpods Headphones,1,4/8/2019 12:49
192253,AAA Batteries (4-pack),2,4/25/2019 14:58
192254,AA Batteries (4-pack),2,4/16/2019 0:08
192255,Lightning Charging Cable,1,4/21/2019 10:55
192256,USB-C Charging Cable,2,4/30/2019 11:25
192257,Wired Headphones,2,4/14/2019 12:03
192258,AA Batteries (4-pack),1,4/20/2019 10:13
192259,iPhone,1,4/19/2019 21:55
192259,Wired Headphones,2,4/19/2019 21:55
192260,Lightning Charging Cable,1,4/12/2019 19:20
192261,Google Phone,1,4/1/2019 9:35
192262,AAA Batteries (4-pack),2,4/19/2019 22:54
192263,Lightning Charging Cable,1,4/2/2019 21:15
192264,USB-C Charging Cable,1,4/14/2019 23:10
192265,AAA Batteries (4-pack),1,4/30/2019 22:21
192266,Bose SoundSport Headphones,1,4/9/2019 15:35
192267,Lightning Charging Cable,1,4/16/2019 0:02
192268,Google Phone,1,4/11/2019 20:15
192269,27in 4K Gaming Monitor,1,4/10/2019 10:49
192270,AA Batteries (4-pack),2,4/11/2019 13:59
192271,iPhone,2,4/18/2019 17:14
192272,Wired Headphones,1,4/19/2019 15:10
192273,Flatscreen TV,1,4/24/2019 17:59
192274,Macbook Pro Laptop,1,4/25/2019 23:46
192275,Wired Headphones,1,4/6/2019 16:29
192276,Flatscreen TV,1,4/27/2019 6:40
192277,AA Batteries (4-pack),1,4/15/2019 18:05
192278,Wired Headphones,1,4/24/2019 10:27
192279,27in FHD Monitor,1,4/25/2019 19:56
192280,Apple Airpods Headphones,1,4/18/2019 13:01
192281,Apple Airpods Headphones,1,4/3/2019 21:13
192282,Apple Airpods Headphones,1,4/8/2019 1:55
192283,AAA Batteries (4-pack),1,4/25/2019 3:58
192284,Lightning Charging Cable,1,4/25/2019 14:27
192285,USB-C Charging Cable,1,4/1/2019 6:23
192286,34in Ultrawide Monitor,1,4/2/2019 13:24
192287,AAA Batteries (4-pack),1,4/4/2019 17:41
192288,AA Batteries (4-pack),1,4/19/2019 11:09
192289,Macbook Pro Laptop,1,4/29/2019 23:39
192290,AA Batteries (4-pack),1,4/2/2019 11:41
192291,Lightning Charging Cable,1,4/5/2019 16:45
192292,USB-C Charging Cable,1,4/30/2019 22:27
192293,USB-C Charging Cable,1,4/10/2019 11:02
192294,Bose SoundSport Headphones,1,4/23/2019 21:04
192295,ThinkPad Laptop,1,4/6/2019 22:41
192296,27in 4K Gaming Monitor,1,4/14/2019 13:03
192297,USB-C Charging Cable,1,4/28/2019 16:16
192298,Flatscreen TV,1,4/12/2019 12:30
192299,Flatscreen TV,1,4/19/2019 9:41
192300,USB-C Charging Cable,1,4/4/2019 18:13
192301,USB-C Charging Cable,1,4/26/2019 8:05
192302,iPhone,1,4/17/2019 22:09
192303,iPhone,1,4/21/2019 7:39
192304,USB-C Charging Cable,2,4/17/2019 2:36
192305,LG Dryer,1,4/24/2019 18:42
192306,AAA Batteries (4-pack),1,4/18/2019 10:15
192307,Lightning Charging Cable,1,4/16/2019 20:27
192308,USB-C Charging Cable,1,4/3/2019 16:39
192309,Google Phone,1,4/23/2019 18:42
192310,Bose SoundSport Headphones,1,4/11/2019 12:06
192311,Macbook Pro Laptop,1,4/11/2019 21:54
192312,Macbook Pro Laptop,1,4/17/2019 13:48
192313,Wired Headphones,1,4/10/2019 18:54
192314,Macbook Pro Laptop,1,4/29/2019 17:12
192315,Bose SoundSport Headphones,1,4/6/2019 8:46
192316,AA Batteries (4-pack),1,4/18/2019 18:42
192317,Wired Headphones,1,4/10/2019 20:25
192318,Wired Headphones,1,4/26/2019 17:32
192319,Lightning Charging Cable,1,4/23/2019 19:58
192320,34in Ultrawide Monitor,1,4/3/2019 17:36
192321,Lightning Charging Cable,1,4/17/2019 23:55
192322,Google Phone,1,4/27/2019 8:35
192323,Wired Headphones,1,4/25/2019 14:43
192324,27in FHD Monitor,1,4/24/2019 14:14
192325,AAA Batteries (4-pack),1,4/11/2019 15:10
192326,iPhone,1,4/25/2019 19:45
192327,27in FHD Monitor,1,4/8/2019 11:35
192328,Lightning Charging Cable,1,4/29/2019 16:22
192329,27in 4K Gaming Monitor,1,4/10/2019 12:52
192330,Bose SoundSport Headphones,1,4/18/2019 19:07
192331,AA Batteries (4-pack),1,4/2/2019 19:27
192332,AA Batteries (4-pack),2,4/28/2019 11:31
192333,USB-C Charging Cable,1,4/21/2019 20:25
192334,AAA Batteries (4-pack),2,4/12/2019 22:17
192335,AAA Batteries (4-pack),1,4/23/2019 9:01
192336,Lightning Charging Cable,1,4/11/2019 14:46
192337,Bose SoundSport Headphones,1,4/12/2019 17:29
192338,Lightning Charging Cable,2,4/28/2019 18:04
192339,AA Batteries (4-pack),2,4/6/2019 15:14
192340,Wired Headphones,1,4/5/2019 22:59
192341,Lightning Charging Cable,1,4/29/2019 19:28
192342,AAA Batteries (4-pack),1,4/14/2019 11:55
192343,USB-C Charging Cable,1,4/25/2019 1:33
192344,Google Phone,1,4/29/2019 21:51
192345,Lightning Charging Cable,1,4/10/2019 12:21
192346,AAA Batteries (4-pack),2,4/22/2019 21:54
192347,USB-C Charging Cable,1,4/14/2019 11:18
192348,iPhone,1,4/12/2019 20:18
192348,Apple Airpods Headphones,1,4/12/2019 20:18
192349,Lightning Charging Cable,1,4/1/2019 11:29
192350,AA Batteries (4-pack),1,4/8/2019 21:54
192351,Google Phone,1,4/30/2019 14:28
192352,Lightning Charging Cable,1,4/12/2019 17:47
192353,USB-C Charging Cable,1,4/16/2019 10:45
192354,Bose SoundSport Headphones,1,4/30/2019 11:59
192355,iPhone,1,4/10/2019 19:11
192356,iPhone,1,4/16/2019 9:21
192357,Wired Headphones,1,4/25/2019 11:04
192358,Lightning Charging Cable,1,4/11/2019 10:05
192359,AAA Batteries (4-pack),1,4/7/2019 12:00
192360,USB-C Charging Cable,1,4/4/2019 16:28
192361,AA Batteries (4-pack),2,4/18/2019 14:38
192362,AAA Batteries (4-pack),1,4/24/2019 8:11
192363,AAA Batteries (4-pack),2,4/18/2019 18:52
192364,27in 4K Gaming Monitor,1,4/26/2019 16:30
192365,AA Batteries (4-pack),1,4/14/2019 16:24
192366,USB-C Charging Cable,1,4/25/2019 10:37
192367,AA Batteries (4-pack),1,4/9/2019 22:59
192368,27in 4K Gaming Monitor,1,4/12/2019 19:25
192369,AAA Batteries (4-pack),1,4/24/2019 10:48
192370,34in Ultrawide Monitor,1,4/26/2019 15:45
192371,Bose SoundSport Headphones,1,4/15/2019 12:24
192372,Wired Headphones,1,4/14/2019 11:09
192373,Apple Airpods Headphones,1,4/23/2019 12:10
192374,AA Batteries (4-pack),1,4/18/2019 16:13
192375,Apple Airpods Headphones,1,4/28/2019 15:01
192376,Lightning Charging Cable,1,4/5/2019 7:33
192377,Apple Airpods Headphones,1,4/16/2019 18:30
192378,iPhone,1,4/28/2019 10:07
192378,Lightning Charging Cable,1,4/28/2019 10:07
192379,USB-C Charging Cable,1,4/25/2019 15:31
192380,Apple Airpods Headphones,1,4/20/2019 22:56
192381,Macbook Pro Laptop,1,4/15/2019 18:13
192382,AAA Batteries (4-pack),1,4/27/2019 22:31
192383,27in 4K Gaming Monitor,1,4/8/2019 18:24
192384,27in FHD Monitor,1,4/2/2019 23:27
192385,USB-C Charging Cable,1,4/25/2019 14:30
192386,Google Phone,1,4/15/2019 9:19
192386,USB-C Charging Cable,1,4/15/2019 9:19
192387,Apple Airpods Headphones,1,4/25/2019 18:57
192388,USB-C Charging Cable,1,4/16/2019 18:49
192389,USB-C Charging Cable,1,4/11/2019 15:37
192390,iPhone,1,4/23/2019 19:53
192391,20in Monitor,1,4/2/2019 7:13
192392,Apple Airpods Headphones,1,4/23/2019 12:15
192393,AAA Batteries (4-pack),1,4/12/2019 19:04
192394,AAA Batteries (4-pack),1,4/22/2019 13:26
192395,AA Batteries (4-pack),1,4/21/2019 8:15
192396,Google Phone,1,4/14/2019 11:47
192397,AAA Batteries (4-pack),1,4/19/2019 22:04
192398,Lightning Charging Cable,3,4/2/2019 18:32
192399,USB-C Charging Cable,1,4/21/2019 12:30
192400,AAA Batteries (4-pack),1,4/29/2019 20:38
192401,20in Monitor,1,4/3/2019 19:15
192402,27in 4K Gaming Monitor,1,4/18/2019 20:31
192403,Lightning Charging Cable,1,4/4/2019 18:14
192404,Lightning Charging Cable,1,4/20/2019 14:36
192405,Apple Airpods Headphones,1,4/17/2019 21:54
192406,AA Batteries (4-pack),1,4/13/2019 23:03
192407,USB-C Charging Cable,1,4/26/2019 19:43
192408,Bose SoundSport Headphones,1,4/21/2019 22:21
192409,20in Monitor,1,4/1/2019 19:36
192410,iPhone,1,4/17/2019 19:20
192411,34in Ultrawide Monitor,1,4/18/2019 9:26
192412,Lightning Charging Cable,1,4/11/2019 13:28
192413,Bose SoundSport Headphones,1,4/1/2019 15:18
192414,Wired Headphones,1,4/29/2019 17:45
192415,USB-C Charging Cable,1,4/2/2019 20:48
192416,AA Batteries (4-pack),1,4/17/2019 14:13
192417,34in Ultrawide Monitor,1,4/25/2019 12:40
192418,Lightning Charging Cable,1,4/15/2019 15:09
192419,20in Monitor,1,4/4/2019 12:44
192420,Apple Airpods Headphones,1,4/4/2019 1:48
192421,AAA Batteries (4-pack),1,4/28/2019 21:03
192422,Lightning Charging Cable,1,4/27/2019 11:01
192423,Bose SoundSport Headphones,1,4/28/2019 18:14
192424,AAA Batteries (4-pack),1,4/11/2019 15:55
192425,AA Batteries (4-pack),4,4/16/2019 18:00
192426,Apple Airpods Headphones,1,4/24/2019 0:08
192427,Wired Headphones,1,4/12/2019 22:09
192428,Bose SoundSport Headphones,1,4/9/2019 20:44
192429,Flatscreen TV,1,4/24/2019 12:44
192430,iPhone,1,4/8/2019 20:28
192431,Bose SoundSport Headphones,1,4/11/2019 16:30
192432,USB-C Charging Cable,1,4/9/2019 19:52
192433,USB-C Charging Cable,1,4/25/2019 16:48
192434,34in Ultrawide Monitor,1,4/4/2019 11:09
192435,iPhone,1,4/18/2019 20:21
192436,Bose SoundSport Headphones,1,4/24/2019 19:16
192437,Bose SoundSport Headphones,1,4/24/2019 1:18
192438,Lightning Charging Cable,1,4/8/2019 13:26
192439,Macbook Pro Laptop,1,4/10/2019 12:29
192440,USB-C Charging Cable,1,4/13/2019 18:40
192441,34in Ultrawide Monitor,1,4/12/2019 19:57
192442,Bose SoundSport Headphones,1,4/7/2019 22:39
192443,Vareebadd Phone,1,4/5/2019 16:39
192444,Wired Headphones,1,4/9/2019 19:04
192445,27in FHD Monitor,1,4/26/2019 7:39
192446,AA Batteries (4-pack),1,4/6/2019 18:47
192447,Wired Headphones,2,4/18/2019 0:05
192448,USB-C Charging Cable,2,4/16/2019 17:59
192449,Apple Airpods Headphones,1,4/4/2019 12:01
192450,AAA Batteries (4-pack),1,4/16/2019 7:11
192450,AA Batteries (4-pack),1,4/16/2019 7:11
192451,AAA Batteries (4-pack),2,4/15/2019 11:47
192452,Lightning Charging Cable,1,4/27/2019 12:04
192453,Bose SoundSport Headphones,1,4/17/2019 17:42
192454,Flatscreen TV,1,4/11/2019 20:56
192455,USB-C Charging Cable,1,4/24/2019 16:27
192456,34in Ultrawide Monitor,1,4/18/2019 2:11
192457,Bose SoundSport Headphones,1,4/5/2019 14:46
192458,Apple Airpods Headphones,1,4/27/2019 15:17
192459,Flatscreen TV,1,4/25/2019 16:32
192460,27in FHD Monitor,1,4/30/2019 21:24
192461,AA Batteries (4-pack),2,4/25/2019 23:00
192462,AAA Batteries (4-pack),1,4/20/2019 18:35
192463,Wired Headphones,1,4/20/2019 1:00
192464,27in 4K Gaming Monitor,1,4/5/2019 23:28
192465,ThinkPad Laptop,1,4/12/2019 20:51
192466,AAA Batteries (4-pack),2,4/22/2019 11:41
192467,Lightning Charging Cable,1,4/16/2019 18:35
192468,Wired Headphones,1,4/14/2019 11:35
192469,ThinkPad Laptop,1,4/25/2019 19:01
192470,Lightning Charging Cable,1,4/27/2019 21:42
192471,Bose SoundSport Headphones,1,4/27/2019 9:47
192472,Vareebadd Phone,1,4/16/2019 15:36
192473,Wired Headphones,1,4/4/2019 10:47
192474,Lightning Charging Cable,1,4/4/2019 18:29
192475,34in Ultrawide Monitor,1,4/14/2019 13:00
192476,Macbook Pro Laptop,1,4/17/2019 13:35
192477,27in FHD Monitor,2,4/28/2019 16:39
192478,34in Ultrawide Monitor,1,4/30/2019 13:47
192479,Lightning Charging Cable,1,4/15/2019 19:19
192480,AAA Batteries (4-pack),1,4/11/2019 13:08
192481,34in Ultrawide Monitor,1,4/9/2019 13:52
192482,AAA Batteries (4-pack),1,4/14/2019 8:17
192482,34in Ultrawide Monitor,1,4/14/2019 8:17
192483,Wired Headphones,1,4/26/2019 19:28
192484,34in Ultrawide Monitor,1,4/10/2019 0:36
192485,Google Phone,1,4/9/2019 15:38
192486,27in FHD Monitor,1,4/24/2019 23:23
192487,Apple Airpods Headphones,1,4/16/2019 13:56
192488,Apple Airpods Headphones,1,4/25/2019 20:33
192489,Lightning Charging Cable,1,4/24/2019 18:32
192490,Lightning Charging Cable,1,4/3/2019 14:00
192491,Apple Airpods Headphones,1,4/20/2019 12:24
192492,Bose SoundSport Headphones,1,4/25/2019 10:14
192493,Apple Airpods Headphones,1,4/5/2019 9:01
192494,Lightning Charging Cable,1,4/5/2019 13:32
192495,Google Phone,1,4/20/2019 14:31
,,,
192496,Lightning Charging Cable,1,4/8/2019 12:32
192497,AA Batteries (4-pack),2,4/13/2019 23:42
192498,USB-C Charging Cable,1,4/20/2019 22:36
192499,AAA Batteries (4-pack),2,4/5/2019 11:44
192500,Apple Airpods Headphones,1,4/22/2019 8:18
192501,USB-C Charging Cable,1,4/7/2019 12:58
192502,27in FHD Monitor,1,4/22/2019 19:53
192503,AA Batteries (4-pack),1,4/13/2019 9:48
192504,AA Batteries (4-pack),1,4/21/2019 21:55
192505,Lightning Charging Cable,1,4/17/2019 22:09
192506,USB-C Charging Cable,1,4/30/2019 15:16
192507,Lightning Charging Cable,1,4/16/2019 23:01
192508,Vareebadd Phone,1,4/5/2019 23:32
192509,Wired Headphones,1,4/24/2019 16:40
192510,Lightning Charging Cable,2,4/12/2019 9:25
192511,Lightning Charging Cable,1,4/11/2019 8:37
192512,27in FHD Monitor,1,4/6/2019 15:39
192513,20in Monitor,1,4/3/2019 16:12
192514,34in Ultrawide Monitor,1,4/27/2019 19:48
192515,Lightning Charging Cable,1,4/5/2019 15:03
192516,Wired Headphones,1,4/17/2019 7:34
192517,USB-C Charging Cable,1,4/17/2019 9:07
192518,27in FHD Monitor,1,4/27/2019 12:39
192519,Lightning Charging Cable,1,4/2/2019 23:13
192520,iPhone,1,4/16/2019 15:20
192521,27in FHD Monitor,1,4/18/2019 17:25
,,,
192522,USB-C Charging Cable,1,4/22/2019 6:41
192523,27in FHD Monitor,1,4/6/2019 11:35
192524,Wired Headphones,1,4/8/2019 21:34
192525,AA Batteries (4-pack),1,4/15/2019 10:19
192526,Bose SoundSport Headphones,1,4/26/2019 20:32
192527,Google Phone,1,4/25/2019 1:08
192528,USB-C Charging Cable,1,4/20/2019 13:27
192529,Lightning Charging Cable,1,4/11/2019 7:45
192530,Google Phone,1,4/5/2019 11:38
192531,Flatscreen TV,1,4/4/2019 20:03
192532,Apple Airpods Headphones,1,4/1/2019 13:54
192533,Wired Headphones,1,4/28/2019 11:35
192534,Bose SoundSport Headphones,1,4/23/2019 13:41
192535,AAA Batteries (4-pack),2,4/2/2019 11:32
192536,20in Monitor,1,4/17/2019 22:29
192537,USB-C Charging Cable,1,4/11/2019 21:32
192538,ThinkPad Laptop,1,4/7/2019 22:20
192539,Apple Airpods Headphones,1,4/23/2019 1:14
192540,Vareebadd Phone,1,4/28/2019 14:16
192541,Lightning Charging Cable,1,4/15/2019 21:57
192542,Wired Headphones,1,4/15/2019 12:56
192543,Wired Headphones,1,4/17/2019 17:18
192544,Wired Headphones,1,4/18/2019 11:27
192545,Apple Airpods Headphones,1,4/30/2019 14:25
192546,Lightning Charging Cable,1,4/17/2019 22:31
192547,27in FHD Monitor,1,4/27/2019 21:20
192548,Wired Headphones,1,4/2/2019 23:21
192549,iPhone,1,4/11/2019 11:16
192550,Flatscreen TV,1,4/14/2019 18:20
192551,Apple Airpods Headphones,1,4/8/2019 12:41
192552,AA Batteries (4-pack),1,4/28/2019 21:04
192553,Wired Headphones,1,4/22/2019 1:20
192554,Lightning Charging Cable,1,4/27/2019 10:55
192555,AAA Batteries (4-pack),1,4/20/2019 19:47
192556,34in Ultrawide Monitor,1,4/6/2019 4:30
,,,
192557,27in FHD Monitor,1,4/19/2019 20:50
192558,Lightning Charging Cable,1,4/14/2019 21:11
192559,USB-C Charging Cable,2,4/11/2019 12:14
192560,27in FHD Monitor,1,4/15/2019 6:37
192561,Wired Headphones,1,4/13/2019 22:43
192562,Apple Airpods Headphones,1,4/6/2019 18:54
192563,AA Batteries (4-pack),1,4/16/2019 14:05
192564,Lightning Charging Cable,1,4/28/2019 22:11
192565,AAA Batteries (4-pack),1,4/1/2019 16:37
192566,AA Batteries (4-pack),1,4/28/2019 22:41
192567,Apple Airpods Headphones,1,4/14/2019 23:13
192568,AAA Batteries (4-pack),1,4/2/2019 22:04
192569,iPhone,1,4/30/2019 22:55
192569,Lightning Charging Cable,1,4/30/2019 22:55
192570,Bose SoundSport Headphones,1,4/2/2019 18:09
192571,AAA Batteries (4-pack),1,4/11/2019 14:50
192572,Apple Airpods Headphones,1,4/6/2019 14:05
192573,34in Ultrawide Monitor,1,4/1/2019 20:08
192574,Bose SoundSport Headphones,1,4/15/2019 14:00
192575,AAA Batteries (4-pack),1,4/1/2019 13:57
192576,AA Batteries (4-pack),2,4/24/2019 12:38
192577,AAA Batteries (4-pack),2,4/22/2019 19:17
192578,Flatscreen TV,1,4/27/2019 20:20
192579,AA Batteries (4-pack),1,4/25/2019 23:07
192580,AAA Batteries (4-pack),2,4/1/2019 21:43
192581,USB-C Charging Cable,1,4/12/2019 19:37
192582,Lightning Charging Cable,1,4/12/2019 13:28
192583,USB-C Charging Cable,1,4/5/2019 20:05
192584,USB-C Charging Cable,2,4/5/2019 12:00
192585,AA Batteries (4-pack),3,4/6/2019 1:10
192586,Vareebadd Phone,1,4/14/2019 19:03
192587,Wired Headphones,1,4/21/2019 22:13
192588,Lightning Charging Cable,1,4/5/2019 16:32
192589,Bose SoundSport Headphones,1,4/29/2019 11:41
192590,AA Batteries (4-pack),1,4/12/2019 19:04
192591,AA Batteries (4-pack),1,4/7/2019 13:23
192592,USB-C Charging Cable,2,4/12/2019 21:38
192593,Bose SoundSport Headphones,1,4/4/2019 12:56
192594,27in FHD Monitor,1,4/14/2019 11:49
192595,AAA Batteries (4-pack),1,4/7/2019 11:34
192596,27in 4K Gaming Monitor,1,4/2/2019 20:32
192597,27in FHD Monitor,1,4/8/2019 15:58
192598,Wired Headphones,1,4/8/2019 20:08
192599,USB-C Charging Cable,1,4/12/2019 14:42
192600,Apple Airpods Headphones,1,4/24/2019 19:48
192601,AAA Batteries (4-pack),2,4/24/2019 2:07
192602,Lightning Charging Cable,1,4/1/2019 17:18
192603,Lightning Charging Cable,1,4/12/2019 10:45
192604,Lightning Charging Cable,2,4/2/2019 13:21
192605,Lightning Charging Cable,1,4/24/2019 1:37
192606,Google Phone,1,4/20/2019 14:38
192607,34in Ultrawide Monitor,1,4/5/2019 0:00
192608,AAA Batteries (4-pack),1,4/2/2019 17:35
192609,iPhone,1,4/8/2019 15:45
192609,Lightning Charging Cable,1,4/8/2019 15:45
192610,Lightning Charging Cable,2,4/1/2019 18:29
192611,Bose SoundSport Headphones,1,4/17/2019 20:07
192612,AAA Batteries (4-pack),3,4/11/2019 13:13
192613,Lightning Charging Cable,1,4/28/2019 8:52
192614,ThinkPad Laptop,1,4/24/2019 16:33
192615,ThinkPad Laptop,1,4/17/2019 16:22
192616,20in Monitor,1,4/5/2019 20:57
192617,Apple Airpods Headphones,1,4/25/2019 8:14
192618,iPhone,1,4/25/2019 4:32
192619,Wired Headphones,1,4/16/2019 9:49
192620,Wired Headphones,1,4/19/2019 0:33
192621,27in FHD Monitor,1,4/21/2019 6:59
192622,Google Phone,1,4/7/2019 10:36
192623,Wired Headphones,1,4/14/2019 22:13
192624,AA Batteries (4-pack),1,4/19/2019 17:36
192625,Bose SoundSport Headphones,1,4/15/2019 18:07
192626,USB-C Charging Cable,1,4/11/2019 22:10
192627,Lightning Charging Cable,1,4/30/2019 15:51
192628,27in FHD Monitor,1,4/22/2019 10:38
192629,AA Batteries (4-pack),2,4/14/2019 10:10
192630,Google Phone,1,4/23/2019 15:23
192631,Lightning Charging Cable,1,4/5/2019 22:17
192632,Flatscreen TV,1,4/9/2019 17:45
192633,34in Ultrawide Monitor,1,4/1/2019 17:34
192634,27in FHD Monitor,1,4/18/2019 20:23
192635,USB-C Charging Cable,1,4/26/2019 20:03
192636,Lightning Charging Cable,1,4/15/2019 16:15
192637,ThinkPad Laptop,1,4/23/2019 1:57
192638,27in FHD Monitor,1,4/25/2019 11:22
192639,27in 4K Gaming Monitor,1,4/24/2019 13:37
192640,USB-C Charging Cable,1,4/6/2019 13:35
192641,AA Batteries (4-pack),2,4/2/2019 14:03
192642,Wired Headphones,2,4/21/2019 5:19
192643,Google Phone,1,4/19/2019 22:33
192643,ThinkPad Laptop,1,4/19/2019 22:33
192644,Wired Headphones,1,4/29/2019 0:56
192645,Google Phone,1,4/21/2019 7:47
192645,Bose SoundSport Headphones,1,4/21/2019 7:47
192645,Wired Headphones,1,4/21/2019 7:47
192646,Apple Airpods Headphones,1,4/21/2019 18:16
192647,AAA Batteries (4-pack),2,4/5/2019 16:04
192648,USB-C Charging Cable,1,4/24/2019 2:49
192649,Lightning Charging Cable,1,4/4/2019 18:09
192650,Wired Headphones,1,4/15/2019 18:13
192651,Apple Airpods Headphones,1,4/10/2019 19:23
192652,Lightning Charging Cable,1,4/20/2019 13:16
192653,Lightning Charging Cable,1,4/27/2019 14:13
192654,iPhone,1,4/23/2019 23:56
192655,27in FHD Monitor,1,4/3/2019 19:14
192656,20in Monitor,1,4/22/2019 7:09
192657,Lightning Charging Cable,1,4/17/2019 12:22
192658,iPhone,1,4/30/2019 14:16
192659,Macbook Pro Laptop,1,4/3/2019 14:22
192660,USB-C Charging Cable,1,4/23/2019 20:56
192661,Apple Airpods Headphones,1,4/23/2019 12:31
192662,Wired Headphones,1,4/16/2019 16:48
192663,27in 4K Gaming Monitor,1,4/23/2019 12:08
192664,27in FHD Monitor,1,4/7/2019 12:09
192665,34in Ultrawide Monitor,1,4/4/2019 11:40
192666,Macbook Pro Laptop,1,4/17/2019 10:20
192667,AAA Batteries (4-pack),1,4/10/2019 8:52
192668,20in Monitor,1,4/10/2019 11:48
192669,iPhone,1,4/27/2019 14:14
192670,Lightning Charging Cable,1,4/11/2019 23:30
192671,ThinkPad Laptop,1,4/7/2019 11:32
192672,AA Batteries (4-pack),1,4/6/2019 10:03
192673,Bose SoundSport Headphones,1,4/2/2019 19:33
192674,Wired Headphones,1,4/3/2019 12:52
192675,34in Ultrawide Monitor,1,4/5/2019 9:47
192676,iPhone,1,4/27/2019 17:11
192677,AAA Batteries (4-pack),1,4/8/2019 14:34
192677,iPhone,1,4/8/2019 14:34
192678,ThinkPad Laptop,1,4/24/2019 11:44
192679,27in FHD Monitor,1,4/6/2019 12:10
192680,USB-C Charging Cable,1,4/29/2019 21:07
192681,Google Phone,1,4/9/2019 16:41
192681,Wired Headphones,1,4/9/2019 16:41
192682,27in 4K Gaming Monitor,1,4/17/2019 16:24
192683,AAA Batteries (4-pack),1,4/21/2019 22:20
192684,AA Batteries (4-pack),4,4/16/2019 12:37
192685,Apple Airpods Headphones,1,4/21/2019 10:46
192686,Apple Airpods Headphones,1,4/27/2019 19:14
192687,iPhone,1,4/9/2019 12:40
192688,Wired Headphones,1,4/11/2019 0:46
192689,Apple Airpods Headphones,1,4/3/2019 17:21
192690,USB-C Charging Cable,1,4/2/2019 8:35
192691,34in Ultrawide Monitor,1,4/10/2019 18:30
192692,USB-C Charging Cable,1,4/21/2019 16:54
192693,Lightning Charging Cable,1,4/14/2019 16:17
192694,Wired Headphones,1,4/11/2019 15:54
192695,Macbook Pro Laptop,1,4/2/2019 12:12
192696,34in Ultrawide Monitor,1,4/1/2019 8:32
192697,Macbook Pro Laptop,1,4/26/2019 16:43
,,,
192698,Apple Airpods Headphones,1,4/27/2019 13:42
192699,AAA Batteries (4-pack),2,4/30/2019 0:21
192700,Google Phone,1,4/9/2019 10:53
192701,Apple Airpods Headphones,1,4/15/2019 14:21
192702,AAA Batteries (4-pack),1,4/26/2019 20:27
192703,Lightning Charging Cable,1,4/21/2019 22:01
192704,Lightning Charging Cable,2,4/8/2019 23:42
192705,Lightning Charging Cable,1,4/27/2019 13:16
192706,AA Batteries (4-pack),1,4/28/2019 20:00
192707,AA Batteries (4-pack),1,4/16/2019 18:02
192708,Flatscreen TV,1,4/1/2019 13:51
192709,AA Batteries (4-pack),1,4/13/2019 21:19
192710,Lightning Charging Cable,1,4/13/2019 22:13
192711,AAA Batteries (4-pack),2,4/20/2019 17:46
192712,34in Ultrawide Monitor,1,4/4/2019 20:29
192713,Apple Airpods Headphones,1,4/1/2019 20:45
192714,AA Batteries (4-pack),2,4/28/2019 14:32
192715,AA Batteries (4-pack),1,4/9/2019 11:55
192716,Apple Airpods Headphones,1,4/22/2019 0:03
192717,27in FHD Monitor,1,4/26/2019 21:48
192718,ThinkPad Laptop,1,5/1/2019 0:54
192719,Wired Headphones,1,4/15/2019 15:16
192720,USB-C Charging Cable,1,4/7/2019 17:19
192721,Wired Headphones,1,4/20/2019 13:33
192722,USB-C Charging Cable,1,4/3/2019 19:54
192723,Apple Airpods Headphones,1,4/4/2019 17:56
192724,AA Batteries (4-pack),3,4/11/2019 21:10
192725,AAA Batteries (4-pack),1,4/13/2019 14:09
192726,Lightning Charging Cable,2,4/2/2019 12:38
192727,27in 4K Gaming Monitor,1,4/19/2019 10:54
192727,Macbook Pro Laptop,1,4/19/2019 10:54
192728,Wired Headphones,1,4/10/2019 22:09
192729,AA Batteries (4-pack),1,4/15/2019 15:45
192730,AA Batteries (4-pack),1,4/10/2019 9:57
192731,27in FHD Monitor,1,4/12/2019 14:59
192732,LG Dryer,1,4/6/2019 16:01
192733,USB-C Charging Cable,1,4/4/2019 16:25
192734,Bose SoundSport Headphones,1,4/27/2019 10:55
192735,Bose SoundSport Headphones,1,4/21/2019 20:34
192736,20in Monitor,1,4/13/2019 9:41
192737,AAA Batteries (4-pack),3,4/8/2019 20:34
192738,Bose SoundSport Headphones,1,4/17/2019 11:27
192739,Apple Airpods Headphones,1,4/4/2019 17:58
192740,Apple Airpods Headphones,1,4/3/2019 13:09
192741,Bose SoundSport Headphones,1,4/9/2019 19:06
192742,Lightning Charging Cable,1,4/18/2019 11:55
192743,Lightning Charging Cable,1,4/24/2019 10:09
192744,Bose SoundSport Headphones,1,4/13/2019 17:56
192745,Lightning Charging Cable,1,4/24/2019 1:15
192746,Apple Airpods Headphones,1,4/10/2019 18:25
192747,Lightning Charging Cable,1,4/12/2019 19:35
192748,USB-C Charging Cable,1,4/21/2019 15:44
192749,Lightning Charging Cable,1,4/5/2019 17:14
192750,Lightning Charging Cable,1,4/20/2019 8:38
192751,ThinkPad Laptop,1,4/11/2019 12:44
192752,USB-C Charging Cable,1,4/21/2019 19:58
192753,Lightning Charging Cable,1,4/17/2019 11:54
192754,Lightning Charging Cable,1,4/22/2019 2:38
192755,AA Batteries (4-pack),1,4/14/2019 14:47
192756,27in 4K Gaming Monitor,1,4/22/2019 22:43
192757,AA Batteries (4-pack),3,4/15/2019 8:08
192758,AAA Batteries (4-pack),2,4/20/2019 9:13
192759,Lightning Charging Cable,1,4/26/2019 17:21
192760,Wired Headphones,1,4/5/2019 6:21
192761,Bose SoundSport Headphones,1,4/9/2019 22:24
192762,27in 4K Gaming Monitor,1,4/8/2019 19:26
192763,ThinkPad Laptop,1,4/17/2019 9:17
192764,USB-C Charging Cable,1,4/26/2019 17:47
192765,Macbook Pro Laptop,1,4/25/2019 15:59
192766,Wired Headphones,1,4/29/2019 13:18
192767,USB-C Charging Cable,1,4/19/2019 11:11
192768,AAA Batteries (4-pack),1,4/10/2019 20:49
192769,AA Batteries (4-pack),1,4/12/2019 10:39
192770,USB-C Charging Cable,1,4/16/2019 14:58
192771,iPhone,1,4/17/2019 0:08
192772,Bose SoundSport Headphones,1,4/27/2019 13:14
192773,USB-C Charging Cable,1,4/9/2019 14:24
192774,Wired Headphones,1,4/8/2019 15:27
192775,Google Phone,1,4/16/2019 14:47
192776,USB-C Charging Cable,1,4/17/2019 11:37
192777,AAA Batteries (4-pack),1,4/10/2019 9:42
192778,iPhone,1,4/20/2019 11:29
192779,AAA Batteries (4-pack),1,4/2/2019 23:52
192780,Bose SoundSport Headphones,1,4/26/2019 16:29
192781,Apple Airpods Headphones,1,4/13/2019 17:29
192782,iPhone,1,4/15/2019 22:16
192783,AAA Batteries (4-pack),1,4/6/2019 23:27
192784,AAA Batteries (4-pack),1,4/10/2019 17:44
192785,Wired Headphones,1,4/8/2019 21:55
192786,Flatscreen TV,1,4/12/2019 12:55
192787,Lightning Charging Cable,1,4/13/2019 11:53
192788,AAA Batteries (4-pack),1,4/30/2019 15:40
192789,Wired Headphones,1,4/12/2019 22:42
192790,Bose SoundSport Headphones,1,4/30/2019 21:41
192791,AA Batteries (4-pack),2,4/22/2019 6:46
192792,Lightning Charging Cable,1,4/2/2019 10:31
192793,34in Ultrawide Monitor,1,4/19/2019 18:12
192794,Lightning Charging Cable,1,4/5/2019 14:46
192795,Lightning Charging Cable,2,4/14/2019 22:59
192796,USB-C Charging Cable,1,4/29/2019 9:52
192797,iPhone,1,4/10/2019 4:24
192797,Apple Airpods Headphones,1,4/10/2019 4:24
192798,Vareebadd Phone,1,4/9/2019 13:23
192798,USB-C Charging Cable,1,4/9/2019 13:23
192799,Bose SoundSport Headphones,1,4/3/2019 9:06
192800,AAA Batteries (4-pack),1,4/2/2019 22:17
192801,USB-C Charging Cable,1,4/3/2019 22:13
192802,AA Batteries (4-pack),1,4/30/2019 13:00
192803,20in Monitor,1,4/7/2019 11:33
192804,Lightning Charging Cable,2,4/9/2019 22:19
192805,Bose SoundSport Headphones,1,4/2/2019 12:17
192806,iPhone,1,4/29/2019 19:48
192807,AAA Batteries (4-pack),1,4/25/2019 13:01
192808,Wired Headphones,2,4/25/2019 8:18
192809,Lightning Charging Cable,1,4/28/2019 21:37
192810,AA Batteries (4-pack),1,4/24/2019 16:21
192811,Vareebadd Phone,1,4/20/2019 11:27
192812,Lightning Charging Cable,2,4/16/2019 22:15
192813,Wired Headphones,1,4/30/2019 11:55
192814,Macbook Pro Laptop,1,4/21/2019 19:22
192814,AAA Batteries (4-pack),2,4/21/2019 19:22
192815,Apple Airpods Headphones,1,4/23/2019 21:19
192816,34in Ultrawide Monitor,1,4/24/2019 14:29
192817,USB-C Charging Cable,2,4/9/2019 19:26
192818,27in 4K Gaming Monitor,1,4/4/2019 15:21
192819,AAA Batteries (4-pack),1,4/3/2019 21:54
192820,Lightning Charging Cable,1,4/8/2019 16:51
192820,AA Batteries (4-pack),1,4/8/2019 16:51
192821,AA Batteries (4-pack),1,4/25/2019 16:10
192822,Vareebadd Phone,1,4/10/2019 18:16
192823,USB-C Charging Cable,1,4/11/2019 12:36
192824,USB-C Charging Cable,1,4/27/2019 15:59
192825,Vareebadd Phone,1,4/16/2019 14:55
192826,Lightning Charging Cable,1,4/23/2019 19:55
192827,34in Ultrawide Monitor,1,4/18/2019 21:02
192828,USB-C Charging Cable,1,4/16/2019 8:49
192829,Google Phone,1,4/12/2019 17:16
192830,Lightning Charging Cable,1,4/30/2019 10:57
192831,ThinkPad Laptop,1,4/27/2019 17:02
192832,AAA Batteries (4-pack),1,4/6/2019 8:30
192833,Google Phone,1,4/27/2019 22:08
192834,AA Batteries (4-pack),3,4/4/2019 21:33
192835,Bose SoundSport Headphones,1,4/17/2019 15:04
192836,AAA Batteries (4-pack),2,4/17/2019 19:03
192837,AAA Batteries (4-pack),1,4/26/2019 21:41
192838,Lightning Charging Cable,1,4/20/2019 2:13
192839,Google Phone,1,4/28/2019 9:10
,,,
192840,Google Phone,1,4/27/2019 9:54
192841,Lightning Charging Cable,1,4/5/2019 12:26
192842,20in Monitor,1,4/3/2019 11:35
192843,AA Batteries (4-pack),1,4/17/2019 10:36
192844,ThinkPad Laptop,1,4/21/2019 17:33
192845,27in FHD Monitor,1,4/13/2019 11:37
192846,AA Batteries (4-pack),2,4/19/2019 9:49
192847,Wired Headphones,1,4/22/2019 19:19
192848,Apple Airpods Headphones,1,4/28/2019 17:53
192849,AA Batteries (4-pack),2,4/16/2019 14:05
192850,27in 4K Gaming Monitor,1,4/12/2019 13:24
192851,AAA Batteries (4-pack),1,4/18/2019 12:28
192852,AA Batteries (4-pack),2,4/9/2019 14:59
192853,USB-C Charging Cable,2,4/1/2019 23:30
192854,Lightning Charging Cable,1,4/10/2019 5:18
192855,27in 4K Gaming Monitor,1,4/18/2019 12:39
192856,Lightning Charging Cable,2,4/11/2019 18:09
192857,Bose SoundSport Headphones,1,4/25/2019 19:49
192858,Bose SoundSport Headphones,1,4/23/2019 7:02
192859,27in FHD Monitor,1,4/11/2019 3:55
192860,USB-C Charging Cable,1,4/26/2019 20:46
192861,Lightning Charging Cable,1,4/25/2019 14:38
192862,Lightning Charging Cable,1,4/26/2019 20:13
192863,Wired Headphones,1,4/23/2019 0:10
192864,iPhone,1,4/13/2019 10:02
192865,34in Ultrawide Monitor,1,4/1/2019 19:11
192866,Macbook Pro Laptop,1,4/28/2019 7:54
192867,Apple Airpods Headphones,1,4/17/2019 19:20
192868,Vareebadd Phone,1,4/7/2019 22:25
192869,Bose SoundSport Headphones,1,4/24/2019 11:52
192870,Bose SoundSport Headphones,1,4/14/2019 17:54
192871,Lightning Charging Cable,1,4/11/2019 8:48
192872,27in FHD Monitor,1,4/20/2019 22:04
192873,Wired Headphones,1,4/18/2019 19:01
192874,Apple Airpods Headphones,1,4/14/2019 10:01
192875,Lightning Charging Cable,1,4/10/2019 16:05
192876,34in Ultrawide Monitor,1,4/6/2019 11:57
192877,USB-C Charging Cable,1,4/16/2019 8:42
192878,iPhone,1,4/25/2019 17:20
192878,Lightning Charging Cable,1,4/25/2019 17:20
192879,USB-C Charging Cable,1,4/17/2019 15:25
192880,Bose SoundSport Headphones,1,4/16/2019 8:42
192881,AAA Batteries (4-pack),1,4/22/2019 18:24
192882,AA Batteries (4-pack),1,4/13/2019 11:10
192883,USB-C Charging Cable,2,4/5/2019 15:24
192884,Apple Airpods Headphones,1,4/15/2019 15:32
192885,AA Batteries (4-pack),2,4/21/2019 15:36
192886,AAA Batteries (4-pack),1,4/25/2019 13:57
192887,Wired Headphones,1,4/12/2019 11:50
192888,AA Batteries (4-pack),1,4/3/2019 12:39
192889,USB-C Charging Cable,1,4/30/2019 12:38
192890,USB-C Charging Cable,1,4/27/2019 17:13
192891,Bose SoundSport Headphones,1,4/24/2019 11:06
192892,Lightning Charging Cable,1,4/4/2019 12:28
192893,Apple Airpods Headphones,1,4/9/2019 8:42
192894,AA Batteries (4-pack),1,4/6/2019 9:54
192895,Lightning Charging Cable,1,4/18/2019 12:40
192896,34in Ultrawide Monitor,1,4/6/2019 21:29
192897,Apple Airpods Headphones,1,4/29/2019 20:58
192897,AAA Batteries (4-pack),1,4/29/2019 20:58
192898,Wired Headphones,1,4/11/2019 9:14
192899,Apple Airpods Headphones,1,4/5/2019 2:43
192900,27in FHD Monitor,1,4/15/2019 6:22
192901,USB-C Charging Cable,1,4/10/2019 17:10
192902,20in Monitor,1,4/11/2019 7:56
192903,ThinkPad Laptop,1,4/1/2019 18:50
192904,AAA Batteries (4-pack),3,4/4/2019 20:28
192905,Lightning Charging Cable,1,4/18/2019 2:03
192906,20in Monitor,1,4/30/2019 7:50
192907,Macbook Pro Laptop,1,4/17/2019 18:26
192908,Lightning Charging Cable,1,4/22/2019 16:54
192909,Apple Airpods Headphones,1,4/13/2019 9:25
192910,Bose SoundSport Headphones,1,4/28/2019 18:36
192911,Wired Headphones,1,4/29/2019 14:04
192912,Flatscreen TV,1,4/7/2019 9:58
192913,AA Batteries (4-pack),3,4/19/2019 14:23
192914,AA Batteries (4-pack),2,4/28/2019 13:33
192915,Flatscreen TV,1,4/6/2019 12:24
192916,27in 4K Gaming Monitor,1,4/29/2019 12:56
192917,AAA Batteries (4-pack),2,4/29/2019 23:06
192917,USB-C Charging Cable,1,4/29/2019 23:06
192918,27in 4K Gaming Monitor,1,4/25/2019 2:42
192919,Apple Airpods Headphones,1,4/13/2019 13:54
192920,AAA Batteries (4-pack),1,4/30/2019 22:47
192921,USB-C Charging Cable,1,4/10/2019 11:41
192922,Bose SoundSport Headphones,1,4/14/2019 5:38
192923,ThinkPad Laptop,1,4/11/2019 15:56
192924,AA Batteries (4-pack),1,4/12/2019 5:26
192925,AA Batteries (4-pack),2,4/9/2019 18:14
192926,Vareebadd Phone,1,4/18/2019 19:03
192927,USB-C Charging Cable,1,4/29/2019 10:56
192928,20in Monitor,1,4/15/2019 19:49
192929,Lightning Charging Cable,1,4/8/2019 17:25
192930,Lightning Charging Cable,1,4/23/2019 14:25
192931,LG Dryer,1,4/25/2019 13:21
192932,AAA Batteries (4-pack),5,4/8/2019 16:51
192933,Wired Headphones,1,4/7/2019 9:45
192934,27in 4K Gaming Monitor,1,4/18/2019 17:09
192935,AAA Batteries (4-pack),1,4/28/2019 13:02
192936,27in FHD Monitor,1,4/16/2019 15:23
192937,Apple Airpods Headphones,1,4/16/2019 9:23
192938,Apple Airpods Headphones,1,4/19/2019 14:57
192939,34in Ultrawide Monitor,1,4/29/2019 21:07
192939,34in Ultrawide Monitor,1,4/29/2019 21:07
192940,Lightning Charging Cable,1,4/2/2019 18:18
192941,Wired Headphones,1,4/19/2019 13:12
192942,20in Monitor,1,4/28/2019 13:26
192943,AAA Batteries (4-pack),1,4/29/2019 13:48
192944,27in 4K Gaming Monitor,1,4/25/2019 22:08
192945,AA Batteries (4-pack),2,4/12/2019 14:18
192946,Wired Headphones,1,4/3/2019 13:53
192947,Wired Headphones,1,4/8/2019 7:34
192948,AA Batteries (4-pack),2,4/26/2019 12:12
192949,Bose SoundSport Headphones,1,4/30/2019 11:55
192950,Lightning Charging Cable,1,4/8/2019 17:07
192951,Wired Headphones,2,4/30/2019 19:48
192952,Apple Airpods Headphones,1,4/8/2019 16:02
192953,Bose SoundSport Headphones,1,4/4/2019 19:42
192954,Lightning Charging Cable,1,4/29/2019 15:09
192955,Lightning Charging Cable,1,4/6/2019 20:13
192956,Google Phone,1,4/27/2019 15:18
192956,Wired Headphones,2,4/27/2019 15:18
192957,AA Batteries (4-pack),1,4/1/2019 12:45
192958,Apple Airpods Headphones,1,4/16/2019 0:08
192959,Lightning Charging Cable,1,4/21/2019 4:25
192960,USB-C Charging Cable,1,4/3/2019 17:02
192961,34in Ultrawide Monitor,1,4/25/2019 18:57
192962,AA Batteries (4-pack),1,4/16/2019 20:51
192963,Wired Headphones,1,4/13/2019 8:46
192964,Wired Headphones,1,4/11/2019 22:08
192965,Google Phone,1,4/6/2019 13:54
192966,Lightning Charging Cable,2,4/18/2019 15:59
192967,34in Ultrawide Monitor,1,4/27/2019 20:12
192968,Wired Headphones,1,4/17/2019 19:34
192969,iPhone,1,4/7/2019 7:46
192970,AAA Batteries (4-pack),2,4/24/2019 13:42
192971,Vareebadd Phone,1,4/23/2019 12:45
192972,AA Batteries (4-pack),1,4/27/2019 20:24
192973,Apple Airpods Headphones,1,4/5/2019 12:43
192974,Bose SoundSport Headphones,1,4/20/2019 16:59
192975,Google Phone,1,4/6/2019 18:58
192976,iPhone,1,4/30/2019 7:51
192977,Apple Airpods Headphones,1,4/27/2019 11:58
192978,27in 4K Gaming Monitor,1,4/4/2019 15:04
192979,Apple Airpods Headphones,1,4/1/2019 19:42
192980,AA Batteries (4-pack),1,4/6/2019 14:18
192981,Wired Headphones,1,4/17/2019 12:01
Order ID,Product,Quantity Ordered,Order Date
192982,20in Monitor,1,4/3/2019 6:01
192983,Wired Headphones,1,4/26/2019 21:14
192984,Bose SoundSport Headphones,1,4/26/2019 11:08
192985,Google Phone,1,4/20/2019 18:46
192986,27in FHD Monitor,1,4/10/2019 6:40
192987,Apple Airpods Headphones,1,4/27/2019 10:41
192988,AAA Batteries (4-pack),1,4/14/2019 20:28
192989,Vareebadd Phone,1,4/22/2019 8:58
192990,27in FHD Monitor,1,4/11/2019 23:05
192991,AAA Batteries (4-pack),1,4/30/2019 19:42
192992,AAA Batteries (4-pack),1,4/1/2019 21:06
192993,Lightning Charging Cable,1,4/5/2019 16:27
192994,20in Monitor,1,4/21/2019 17:07
192995,Lightning Charging Cable,1,4/11/2019 13:37
192996,Macbook Pro Laptop,1,4/16/2019 6:56
192997,Google Phone,1,4/18/2019 22:29
192998,iPhone,1,4/25/2019 19:04
192998,Wired Headphones,1,4/25/2019 19:04
192999,Lightning Charging Cable,1,4/7/2019 12:11
193000,Apple Airpods Headphones,1,4/13/2019 21:21
193001,AAA Batteries (4-pack),1,4/6/2019 16:02
193002,Macbook Pro Laptop,1,4/29/2019 20:26
193003,USB-C Charging Cable,1,4/17/2019 18:50
193004,Macbook Pro Laptop,1,4/19/2019 22:58
193005,Lightning Charging Cable,1,4/9/2019 17:31
193006,20in Monitor,1,4/15/2019 1:41
193007,Bose SoundSport Headphones,1,4/3/2019 13:33
193008,AAA Batteries (4-pack),1,4/3/2019 18:26
193009,Google Phone,1,4/22/2019 16:54
193010,AAA Batteries (4-pack),1,4/20/2019 11:22
193011,AAA Batteries (4-pack),2,4/28/2019 14:39
193012,AA Batteries (4-pack),3,4/9/2019 16:32
193013,USB-C Charging Cable,1,4/15/2019 10:23
193014,Apple Airpods Headphones,1,4/26/2019 15:42
193015,Lightning Charging Cable,1,4/1/2019 12:13
193016,Bose SoundSport Headphones,1,4/12/2019 21:47
193017,USB-C Charging Cable,1,4/5/2019 15:59
193018,20in Monitor,1,4/10/2019 19:58
193019,iPhone,1,4/9/2019 12:15
193020,Lightning Charging Cable,1,4/20/2019 16:23
193021,Apple Airpods Headphones,1,4/7/2019 17:38
193022,AAA Batteries (4-pack),1,4/28/2019 10:22
193023,27in 4K Gaming Monitor,1,4/8/2019 1:28
193024,AAA Batteries (4-pack),1,4/28/2019 13:35
193025,Bose SoundSport Headphones,1,4/16/2019 14:24
193026,20in Monitor,1,4/20/2019 18:18
193027,Wired Headphones,3,4/10/2019 13:48
193028,AA Batteries (4-pack),3,4/28/2019 23:54
193029,Lightning Charging Cable,1,4/9/2019 0:54
193030,20in Monitor,1,4/6/2019 15:26
193031,Lightning Charging Cable,1,4/18/2019 13:39
193032,27in FHD Monitor,1,4/30/2019 15:41
193033,USB-C Charging Cable,1,4/13/2019 14:39
193034,AAA Batteries (4-pack),2,4/18/2019 19:40
193035,Apple Airpods Headphones,1,4/23/2019 20:07
193036,USB-C Charging Cable,1,4/16/2019 23:37
193037,Lightning Charging Cable,1,4/21/2019 11:06
193038,Apple Airpods Headphones,1,4/3/2019 23:07
193039,Wired Headphones,1,4/29/2019 15:58
193040,iPhone,1,4/14/2019 9:14
193041,Flatscreen TV,1,4/26/2019 14:48
193042,iPhone,1,4/5/2019 20:40
193043,Bose SoundSport Headphones,1,4/18/2019 5:08
193044,27in FHD Monitor,1,4/19/2019 4:58
193045,USB-C Charging Cable,1,4/4/2019 6:01
193046,AAA Batteries (4-pack),1,4/26/2019 14:11
193047,USB-C Charging Cable,1,4/25/2019 13:49
193048,Lightning Charging Cable,1,4/16/2019 11:31
193049,Bose SoundSport Headphones,1,4/22/2019 19:31
193050,Google Phone,1,4/19/2019 18:45
193051,USB-C Charging Cable,2,4/21/2019 13:50
193051,Macbook Pro Laptop,1,4/21/2019 13:50
193052,34in Ultrawide Monitor,1,4/24/2019 19:49
193053,34in Ultrawide Monitor,1,4/20/2019 19:10
193054,Lightning Charging Cable,1,4/14/2019 19:35
193055,AAA Batteries (4-pack),2,4/12/2019 10:55
193056,Apple Airpods Headphones,1,4/10/2019 12:14
193057,iPhone,1,4/29/2019 23:09
193058,Wired Headphones,1,4/18/2019 23:05
193059,Apple Airpods Headphones,1,4/9/2019 14:03
193060,AAA Batteries (4-pack),1,4/20/2019 10:49
193061,27in FHD Monitor,1,4/18/2019 19:21
193062,Flatscreen TV,1,4/6/2019 9:28
193063,AA Batteries (4-pack),1,4/27/2019 20:28
193064,20in Monitor,1,4/1/2019 17:46
193065,Apple Airpods Headphones,1,4/30/2019 11:19
193066,27in 4K Gaming Monitor,1,4/4/2019 12:00
193067,Wired Headphones,1,4/24/2019 19:32
193068,AA Batteries (4-pack),2,4/12/2019 8:45
193069,Lightning Charging Cable,1,4/30/2019 11:53
193070,AAA Batteries (4-pack),1,4/4/2019 14:31
193071,Wired Headphones,1,4/4/2019 13:16
193072,AA Batteries (4-pack),1,4/20/2019 14:35
193073,iPhone,1,4/10/2019 5:02
193073,Lightning Charging Cable,1,4/10/2019 5:02
193074,USB-C Charging Cable,1,4/17/2019 6:01
193075,Macbook Pro Laptop,1,4/6/2019 9:33
193076,Bose SoundSport Headphones,1,4/22/2019 12:38
193077,Apple Airpods Headphones,1,4/26/2019 19:52
193078,Wired Headphones,1,4/26/2019 8:25
193079,AAA Batteries (4-pack),4,4/11/2019 6:51
193080,USB-C Charging Cable,1,4/24/2019 12:27
193081,AA Batteries (4-pack),1,4/14/2019 7:17
193082,Lightning Charging Cable,1,4/21/2019 20:56
193083,Bose SoundSport Headphones,1,4/11/2019 20:09
193084,USB-C Charging Cable,1,4/18/2019 6:12
193085,AA Batteries (4-pack),1,4/6/2019 19:37
193086,Lightning Charging Cable,1,4/12/2019 14:21
193087,Lightning Charging Cable,1,4/10/2019 13:31
193088,Flatscreen TV,1,4/25/2019 19:43
193089,USB-C Charging Cable,1,4/6/2019 13:52
193090,Wired Headphones,1,4/17/2019 11:32
193091,USB-C Charging Cable,1,4/7/2019 14:10
193092,iPhone,1,4/15/2019 20:33
193093,20in Monitor,1,4/11/2019 12:39
Order ID,Product,Quantity Ordered,Order Date
193094,Flatscreen TV,1,4/4/2019 18:06
193095,USB-C Charging Cable,1,4/26/2019 14:55
193096,Apple Airpods Headphones,1,4/11/2019 19:11
193097,Google Phone,1,4/20/2019 18:48
193098,AAA Batteries (4-pack),1,4/11/2019 9:13
193099,Wired Headphones,1,4/27/2019 23:57
193100,Macbook Pro Laptop,1,4/2/2019 21:35
193101,Bose SoundSport Headphones,1,4/11/2019 23:22
193102,Lightning Charging Cable,1,4/3/2019 8:50
193103,27in FHD Monitor,1,4/10/2019 20:30
193104,Lightning Charging Cable,1,4/12/2019 21:36
193105,27in FHD Monitor,1,4/15/2019 22:18
193106,Bose SoundSport Headphones,1,4/23/2019 23:29
193107,Wired Headphones,1,4/28/2019 19:13
Order ID,Product,Quantity Ordered,Order Date
193108,AAA Batteries (4-pack),3,4/13/2019 9:21
193109,Google Phone,1,4/15/2019 9:49
193110,Flatscreen TV,1,4/18/2019 9:35
193111,USB-C Charging Cable,1,4/9/2019 14:46
193112,Flatscreen TV,1,4/7/2019 6:59
193113,Lightning Charging Cable,1,4/4/2019 20:27
193114,Google Phone,1,4/10/2019 14:25
193115,AA Batteries (4-pack),1,4/10/2019 10:21
193116,27in FHD Monitor,1,4/19/2019 17:53
193117,USB-C Charging Cable,1,4/21/2019 16:39
193118,Bose SoundSport Headphones,1,4/6/2019 11:24
193119,Lightning Charging Cable,1,4/23/2019 21:43
193120,Bose SoundSport Headphones,1,4/22/2019 6:58
193121,Google Phone,1,4/4/2019 9:48
193122,USB-C Charging Cable,1,4/18/2019 17:20
193123,Flatscreen TV,1,4/10/2019 20:12
193124,27in 4K Gaming Monitor,1,4/2/2019 18:50
193125,Wired Headphones,1,4/18/2019 14:07
193126,27in FHD Monitor,1,4/24/2019 15:38
193127,AA Batteries (4-pack),1,4/28/2019 4:27
193128,USB-C Charging Cable,1,4/30/2019 12:02
193128,27in FHD Monitor,1,4/30/2019 12:02
193129,Lightning Charging Cable,1,4/7/2019 11:28
193130,20in Monitor,1,4/25/2019 10:38
193131,iPhone,1,4/16/2019 15:50
193132,Vareebadd Phone,1,4/12/2019 14:12
193132,USB-C Charging Cable,1,4/12/2019 14:12
193133,Macbook Pro Laptop,1,4/28/2019 18:16
193134,Bose SoundSport Headphones,1,4/13/2019 19:22
193135,Bose SoundSport Headphones,1,4/27/2019 19:01
193136,27in 4K Gaming Monitor,1,4/17/2019 12:59
193137,27in 4K Gaming Monitor,1,4/9/2019 0:30
193138,USB-C Charging Cable,1,4/9/2019 19:23
193139,AAA Batteries (4-pack),1,4/20/2019 19:28
193140,Wired Headphones,1,4/22/2019 13:44
193141,AAA Batteries (4-pack),2,4/7/2019 6:50
193142,Wired Headphones,1,4/12/2019 14:47
193143,Wired Headphones,1,4/19/2019 12:13
193144,USB-C Charging Cable,1,4/9/2019 14:45
193145,34in Ultrawide Monitor,1,4/19/2019 17:45
193146,AA Batteries (4-pack),2,4/16/2019 16:51
193147,34in Ultrawide Monitor,1,4/5/2019 23:14
193148,Bose SoundSport Headphones,1,4/4/2019 22:45
193149,iPhone,1,4/30/2019 8:41
193149,Wired Headphones,1,4/30/2019 8:41
193150,20in Monitor,1,4/21/2019 12:37
193151,AA Batteries (4-pack),1,4/2/2019 6:14
193152,Apple Airpods Headphones,1,4/12/2019 0:54
193153,27in FHD Monitor,1,4/6/2019 14:03
193154,20in Monitor,1,4/4/2019 22:45
193155,Apple Airpods Headphones,1,4/19/2019 20:06
193156,USB-C Charging Cable,1,4/29/2019 12:09
193157,ThinkPad Laptop,1,4/24/2019 11:24
193158,Wired Headphones,1,4/22/2019 23:24
193159,Wired Headphones,1,4/21/2019 7:47
193160,27in FHD Monitor,1,4/3/2019 16:17
193161,AAA Batteries (4-pack),3,4/9/2019 11:37
193162,Bose SoundSport Headphones,1,4/23/2019 18:28
193163,iPhone,1,4/26/2019 11:53
193163,Wired Headphones,1,4/26/2019 11:53
193164,Lightning Charging Cable,1,4/19/2019 16:47
193165,Apple Airpods Headphones,1,4/9/2019 11:42
193166,USB-C Charging Cable,1,4/5/2019 11:22
193167,34in Ultrawide Monitor,1,4/27/2019 18:27
193168,AA Batteries (4-pack),1,4/21/2019 22:35
193169,Apple Airpods Headphones,1,4/11/2019 15:21
193170,Bose SoundSport Headphones,1,4/16/2019 22:40
193171,Flatscreen TV,1,4/6/2019 18:50
193172,AAA Batteries (4-pack),2,4/17/2019 11:15
193173,AAA Batteries (4-pack),1,4/5/2019 21:04
193174,USB-C Charging Cable,1,4/2/2019 17:40
193175,AA Batteries (4-pack),1,4/15/2019 6:56
193176,AAA Batteries (4-pack),1,4/26/2019 19:07
193177,AAA Batteries (4-pack),1,4/2/2019 21:22
193178,ThinkPad Laptop,1,4/8/2019 9:53
193179,AA Batteries (4-pack),1,4/14/2019 11:29
193180,34in Ultrawide Monitor,1,4/24/2019 17:50
193181,USB-C Charging Cable,2,4/3/2019 7:27
193182,Apple Airpods Headphones,1,4/16/2019 11:24
193183,Bose SoundSport Headphones,1,4/10/2019 0:58
193184,Lightning Charging Cable,1,4/8/2019 13:26
193184,AAA Batteries (4-pack),2,4/8/2019 13:26
193185,AAA Batteries (4-pack),1,4/17/2019 20:53
193186,Lightning Charging Cable,1,4/29/2019 15:18
193187,Macbook Pro Laptop,1,4/3/2019 18:36
193188,Bose SoundSport Headphones,1,4/28/2019 20:47
193189,USB-C Charging Cable,1,4/26/2019 9:10
193190,USB-C Charging Cable,1,4/18/2019 8:55
193191,Apple Airpods Headphones,1,4/24/2019 8:48
193192,Wired Headphones,1,4/27/2019 12:34
193193,Bose SoundSport Headphones,1,4/17/2019 22:42
193194,Lightning Charging Cable,1,4/9/2019 9:25
193195,Google Phone,1,4/4/2019 1:48
193195,USB-C Charging Cable,1,4/4/2019 1:48
193196,27in FHD Monitor,1,4/10/2019 21:20
193197,Wired Headphones,1,4/21/2019 13:44
193198,AAA Batteries (4-pack),1,4/10/2019 21:27
193199,Lightning Charging Cable,1,4/4/2019 14:48
193200,Lightning Charging Cable,1,4/27/2019 22:32
193201,Wired Headphones,1,4/1/2019 11:50
193202,AA Batteries (4-pack),2,4/21/2019 22:27
193203,USB-C Charging Cable,1,4/16/2019 10:46
193204,Wired Headphones,1,4/7/2019 20:59
193205,USB-C Charging Cable,1,4/18/2019 20:08
193206,USB-C Charging Cable,1,4/1/2019 16:14
193207,Apple Airpods Headphones,1,4/11/2019 14:09
,,,
193208,Google Phone,1,4/5/2019 23:28
193209,34in Ultrawide Monitor,1,4/30/2019 8:00
193210,20in Monitor,1,4/14/2019 22:20
193211,Macbook Pro Laptop,1,4/15/2019 20:51
193212,Apple Airpods Headphones,1,4/9/2019 18:29
193213,AA Batteries (4-pack),1,4/2/2019 23:12
193214,Macbook Pro Laptop,1,4/20/2019 6:54
193215,27in FHD Monitor,1,4/6/2019 11:35
193216,Lightning Charging Cable,1,4/26/2019 13:35
193217,Macbook Pro Laptop,1,4/12/2019 21:35
193218,Google Phone,1,4/14/2019 18:20
193218,Bose SoundSport Headphones,1,4/14/2019 18:20
193219,AAA Batteries (4-pack),1,4/15/2019 10:04
193220,Apple Airpods Headphones,1,4/6/2019 10:05
193221,AA Batteries (4-pack),2,4/3/2019 11:53
193222,Wired Headphones,2,4/7/2019 14:05
193223,Wired Headphones,1,4/20/2019 13:31
193224,27in FHD Monitor,1,4/21/2019 15:20
193225,Bose SoundSport Headphones,1,4/21/2019 20:08
193226,20in Monitor,1,4/13/2019 20:57
193227,Flatscreen TV,1,4/1/2019 14:05
193228,AA Batteries (4-pack),1,4/29/2019 19:02
193229,34in Ultrawide Monitor,1,4/9/2019 17:06
193230,Lightning Charging Cable,1,4/14/2019 20:26
193231,Lightning Charging Cable,1,4/20/2019 17:54
193232,iPhone,1,4/26/2019 19:20
193233,Bose SoundSport Headphones,1,4/7/2019 19:34
193234,ThinkPad Laptop,1,4/29/2019 18:57
193235,Wired Headphones,1,4/8/2019 12:43
193236,iPhone,1,4/20/2019 11:03
193237,27in FHD Monitor,1,4/17/2019 18:36
193238,Vareebadd Phone,1,4/29/2019 18:40
193239,Bose SoundSport Headphones,1,4/18/2019 18:20
193240,USB-C Charging Cable,1,4/11/2019 10:54
193241,34in Ultrawide Monitor,1,4/14/2019 11:46
193242,Apple Airpods Headphones,1,4/27/2019 18:05
193243,Vareebadd Phone,1,4/17/2019 18:49
193244,Wired Headphones,1,4/29/2019 12:38
193245,iPhone,1,4/26/2019 18:21
193246,AAA Batteries (4-pack),1,4/8/2019 23:57
193247,Lightning Charging Cable,1,4/21/2019 13:55
193248,Google Phone,1,4/21/2019 10:03
193249,Bose SoundSport Headphones,1,4/10/2019 1:15
193250,Wired Headphones,1,4/16/2019 18:07
193251,27in FHD Monitor,1,4/5/2019 7:47
193252,AA Batteries (4-pack),1,4/1/2019 10:26
193253,Lightning Charging Cable,1,4/7/2019 14:34
193254,Lightning Charging Cable,1,4/27/2019 19:15
193255,USB-C Charging Cable,1,4/20/2019 17:08
193256,Flatscreen TV,1,4/13/2019 18:12
193257,Bose SoundSport Headphones,1,4/5/2019 19:49
193258,Bose SoundSport Headphones,1,4/29/2019 20:05
193259,Apple Airpods Headphones,1,4/17/2019 11:27
193260,Google Phone,1,4/1/2019 16:37
193261,iPhone,1,4/20/2019 19:41
193261,Wired Headphones,1,4/20/2019 19:41
193262,USB-C Charging Cable,1,4/16/2019 14:39
193263,ThinkPad Laptop,1,4/27/2019 12:01
193264,Wired Headphones,1,4/17/2019 17:15
193265,27in 4K Gaming Monitor,1,4/26/2019 20:32
193266,Bose SoundSport Headphones,1,4/30/2019 8:14
193267,AA Batteries (4-pack),2,4/17/2019 8:37
193268,27in FHD Monitor,1,4/6/2019 8:51
193269,Vareebadd Phone,1,4/1/2019 18:48
193270,AA Batteries (4-pack),3,4/22/2019 19:45
193271,AAA Batteries (4-pack),2,4/8/2019 23:00
193272,AAA Batteries (4-pack),2,4/5/2019 18:56
193273,AAA Batteries (4-pack),2,4/19/2019 17:43
193274,AA Batteries (4-pack),2,4/29/2019 14:08
193275,Lightning Charging Cable,1,4/8/2019 10:59
193276,USB-C Charging Cable,1,4/4/2019 20:24
193276,Bose SoundSport Headphones,1,4/4/2019 20:24
193277,Macbook Pro Laptop,1,4/30/2019 14:13
193278,Wired Headphones,1,4/5/2019 16:08
193279,Lightning Charging Cable,1,4/22/2019 10:52
193280,Apple Airpods Headphones,1,4/16/2019 18:47
193281,34in Ultrawide Monitor,1,4/1/2019 14:49
193282,iPhone,1,4/21/2019 8:15
193283,AAA Batteries (4-pack),1,4/27/2019 9:40
193284,27in FHD Monitor,1,4/2/2019 13:35
193285,Wired Headphones,1,4/9/2019 9:15
193286,Lightning Charging Cable,1,4/9/2019 10:48
193287,AAA Batteries (4-pack),2,4/18/2019 9:29
193288,USB-C Charging Cable,1,4/27/2019 7:29
193289,Apple Airpods Headphones,1,4/1/2019 15:50
193290,Lightning Charging Cable,1,4/14/2019 21:36
193291,AA Batteries (4-pack),1,4/21/2019 14:46
193292,AAA Batteries (4-pack),1,4/30/2019 13:44
193293,Apple Airpods Headphones,1,4/3/2019 19:18
193294,AAA Batteries (4-pack),1,4/15/2019 14:10
193295,Bose SoundSport Headphones,1,4/12/2019 8:06
193296,USB-C Charging Cable,1,4/4/2019 12:06
193297,Wired Headphones,1,4/2/2019 21:25
193298,Lightning Charging Cable,2,4/7/2019 22:31
193299,ThinkPad Laptop,1,4/17/2019 12:08
193300,Apple Airpods Headphones,1,4/20/2019 10:37
193301,AA Batteries (4-pack),1,4/17/2019 16:27
193302,USB-C Charging Cable,1,4/2/2019 9:46
193303,AAA Batteries (4-pack),2,4/7/2019 20:47
193304,AAA Batteries (4-pack),1,4/21/2019 7:10
193305,Lightning Charging Cable,1,4/9/2019 11:27
193306,27in 4K Gaming Monitor,1,4/16/2019 11:43
193307,Google Phone,1,4/30/2019 22:36
193308,27in 4K Gaming Monitor,1,4/17/2019 4:35
193309,iPhone,1,4/19/2019 23:16
193310,USB-C Charging Cable,2,4/12/2019 10:15
193311,USB-C Charging Cable,1,4/19/2019 12:34
193312,AA Batteries (4-pack),1,4/13/2019 19:46
193313,AA Batteries (4-pack),1,4/16/2019 15:46
193314,Apple Airpods Headphones,1,4/16/2019 11:29
193315,34in Ultrawide Monitor,1,4/22/2019 18:22
193316,Bose SoundSport Headphones,1,4/16/2019 8:51
193317,27in FHD Monitor,1,4/14/2019 10:16
193318,Lightning Charging Cable,1,4/9/2019 7:41
193319,AA Batteries (4-pack),1,4/7/2019 22:30
193320,AAA Batteries (4-pack),1,4/6/2019 10:43
193321,AAA Batteries (4-pack),1,4/30/2019 16:32
193322,34in Ultrawide Monitor,1,4/21/2019 13:45
193323,Apple Airpods Headphones,1,4/8/2019 17:20
193324,Apple Airpods Headphones,1,4/11/2019 8:43
193324,AAA Batteries (4-pack),1,4/11/2019 8:43
193325,Bose SoundSport Headphones,1,4/2/2019 11:21
193326,Lightning Charging Cable,1,4/3/2019 18:51
193327,Apple Airpods Headphones,1,4/7/2019 12:43
193328,ThinkPad Laptop,1,4/30/2019 19:59
193329,Bose SoundSport Headphones,1,4/9/2019 12:23
193330,Flatscreen TV,1,4/22/2019 13:19
193331,AAA Batteries (4-pack),4,4/18/2019 11:53
193332,Apple Airpods Headphones,1,4/8/2019 10:50
193333,AAA Batteries (4-pack),2,4/3/2019 17:14
193334,Google Phone,1,4/19/2019 16:34
193335,AA Batteries (4-pack),1,4/20/2019 8:32
193336,USB-C Charging Cable,1,4/30/2019 21:58
193337,USB-C Charging Cable,2,4/13/2019 15:15
193338,Apple Airpods Headphones,1,4/9/2019 14:26
193339,Vareebadd Phone,1,4/29/2019 17:37
193340,USB-C Charging Cable,1,4/18/2019 12:57
193341,Apple Airpods Headphones,1,4/21/2019 14:21
193342,AA Batteries (4-pack),2,4/16/2019 22:57
193343,Bose SoundSport Headphones,1,4/27/2019 12:46
193344,AA Batteries (4-pack),2,4/4/2019 21:28
193345,Bose SoundSport Headphones,1,4/20/2019 21:11
193346,AA Batteries (4-pack),3,4/5/2019 9:44
193347,27in FHD Monitor,1,4/2/2019 19:57
193348,Wired Headphones,1,4/24/2019 19:29
193349,USB-C Charging Cable,1,4/7/2019 9:12
193349,Vareebadd Phone,1,4/7/2019 9:12
193350,AA Batteries (4-pack),2,4/25/2019 21:39
193351,Lightning Charging Cable,1,4/16/2019 1:33
193352,27in 4K Gaming Monitor,1,4/18/2019 19:34
193353,27in 4K Gaming Monitor,1,4/4/2019 18:16
193354,AAA Batteries (4-pack),1,4/8/2019 17:09
193355,Lightning Charging Cable,1,4/15/2019 22:55
193356,iPhone,1,4/17/2019 9:23
193357,USB-C Charging Cable,1,4/22/2019 12:53
193358,AA Batteries (4-pack),1,4/12/2019 1:19
193359,USB-C Charging Cable,1,4/29/2019 14:35
193360,Vareebadd Phone,1,4/26/2019 13:09
193360,AA Batteries (4-pack),2,4/26/2019 13:09
193361,Wired Headphones,1,4/18/2019 13:41
193362,USB-C Charging Cable,1,4/23/2019 14:39
193363,Wired Headphones,1,4/17/2019 13:15
193364,Wired Headphones,1,4/14/2019 10:41
193365,Lightning Charging Cable,1,4/25/2019 22:59
193366,Macbook Pro Laptop,1,4/1/2019 14:51
193367,AA Batteries (4-pack),1,4/30/2019 20:33
193368,Lightning Charging Cable,1,4/11/2019 22:42
193369,AAA Batteries (4-pack),1,4/10/2019 21:26
193370,Wired Headphones,1,4/19/2019 2:46
193371,AA Batteries (4-pack),1,4/10/2019 10:58
193372,iPhone,1,4/2/2019 12:13
193373,Macbook Pro Laptop,1,4/29/2019 23:57
193374,iPhone,1,4/14/2019 18:26
193375,34in Ultrawide Monitor,1,4/30/2019 22:57
193376,Bose SoundSport Headphones,1,4/6/2019 22:28
193377,AAA Batteries (4-pack),2,4/24/2019 17:16
193378,Wired Headphones,1,4/9/2019 16:36
193379,Vareebadd Phone,1,4/15/2019 11:48
193379,USB-C Charging Cable,1,4/15/2019 11:48
193380,Macbook Pro Laptop,1,4/30/2019 15:29
193381,Bose SoundSport Headphones,1,4/11/2019 3:16
193382,AA Batteries (4-pack),1,4/22/2019 21:03
193383,Apple Airpods Headphones,1,4/29/2019 15:08
193384,Vareebadd Phone,1,4/25/2019 10:57
193384,USB-C Charging Cable,1,4/25/2019 10:57
193385,20in Monitor,1,4/18/2019 8:55
193386,Lightning Charging Cable,1,4/14/2019 19:02
193387,AA Batteries (4-pack),1,4/20/2019 18:30
193388,27in FHD Monitor,1,4/21/2019 19:34
193389,Lightning Charging Cable,1,4/19/2019 14:16
193390,AAA Batteries (4-pack),2,4/12/2019 13:43
193391,AAA Batteries (4-pack),1,4/4/2019 18:02
193391,Flatscreen TV,1,4/4/2019 18:02
193392,Lightning Charging Cable,1,4/16/2019 15:22
193393,27in 4K Gaming Monitor,1,4/13/2019 13:09
193394,AA Batteries (4-pack),3,4/12/2019 12:47
193395,USB-C Charging Cable,1,4/20/2019 10:45
193396,AA Batteries (4-pack),1,4/6/2019 15:08
193397,USB-C Charging Cable,1,4/29/2019 18:42
193398,Google Phone,1,4/25/2019 15:27
193398,USB-C Charging Cable,1,4/25/2019 15:27
193399,Lightning Charging Cable,1,4/20/2019 16:51
193400,Apple Airpods Headphones,1,4/6/2019 15:34
193401,AA Batteries (4-pack),2,4/16/2019 14:11
193402,Lightning Charging Cable,1,4/20/2019 13:27
193403,Google Phone,1,4/19/2019 14:59
193404,AA Batteries (4-pack),1,4/19/2019 9:00
193404,Macbook Pro Laptop,1,4/19/2019 9:00
193405,iPhone,1,4/18/2019 17:53
193405,Lightning Charging Cable,1,4/18/2019 17:53
193406,USB-C Charging Cable,1,4/7/2019 21:38
193407,Apple Airpods Headphones,1,4/28/2019 19:36
193408,Flatscreen TV,1,4/28/2019 7:41
193409,Apple Airpods Headphones,1,4/1/2019 12:32
193410,Wired Headphones,1,4/12/2019 10:55
193411,AA Batteries (4-pack),3,4/13/2019 11:27
193412,Apple Airpods Headphones,1,4/11/2019 12:21
193413,ThinkPad Laptop,1,4/26/2019 19:57
193414,Lightning Charging Cable,1,4/7/2019 9:20
193415,34in Ultrawide Monitor,1,4/23/2019 18:43
193416,Wired Headphones,1,4/9/2019 18:22
193417,Bose SoundSport Headphones,1,4/20/2019 10:17
193418,Apple Airpods Headphones,1,4/19/2019 21:21
193419,Bose SoundSport Headphones,1,4/23/2019 0:18
193420,iPhone,1,4/30/2019 11:37
193421,Apple Airpods Headphones,1,4/24/2019 22:57
193422,Lightning Charging Cable,1,4/5/2019 23:24
193423,Lightning Charging Cable,1,4/22/2019 19:10
193424,AAA Batteries (4-pack),1,4/12/2019 17:37
193425,Lightning Charging Cable,1,4/7/2019 12:13
193426,Wired Headphones,1,4/14/2019 0:35
193427,Lightning Charging Cable,1,4/7/2019 9:24
193428,34in Ultrawide Monitor,1,4/2/2019 9:21
193429,Google Phone,1,4/17/2019 22:23
193430,Wired Headphones,1,4/29/2019 11:01
193431,20in Monitor,1,4/23/2019 18:47
193432,AA Batteries (4-pack),1,4/11/2019 12:13
193433,AAA Batteries (4-pack),2,4/29/2019 3:49
193434,AAA Batteries (4-pack),1,4/25/2019 23:11
193435,Apple Airpods Headphones,1,4/4/2019 22:45
193436,Apple Airpods Headphones,1,4/19/2019 12:04
193437,27in FHD Monitor,1,4/14/2019 23:02
193438,AA Batteries (4-pack),1,4/30/2019 13:28
193439,Flatscreen TV,1,4/5/2019 10:19
193440,USB-C Charging Cable,1,4/16/2019 11:16
193441,Bose SoundSport Headphones,1,4/23/2019 18:44
193442,USB-C Charging Cable,1,4/28/2019 16:35
193443,AAA Batteries (4-pack),2,4/28/2019 12:48
193444,AAA Batteries (4-pack),1,4/6/2019 18:25
193445,Apple Airpods Headphones,1,4/3/2019 16:44
193446,AAA Batteries (4-pack),1,4/9/2019 18:04
193447,USB-C Charging Cable,1,4/10/2019 13:47
193448,USB-C Charging Cable,1,4/14/2019 16:45
193449,AAA Batteries (4-pack),1,4/5/2019 17:31
193450,iPhone,1,4/19/2019 2:05
193451,iPhone,1,4/13/2019 18:59
193451,Wired Headphones,1,4/13/2019 18:59
193452,27in 4K Gaming Monitor,1,4/27/2019 16:48
193453,USB-C Charging Cable,1,4/28/2019 14:59
193454,Wired Headphones,1,4/26/2019 11:29
193455,Apple Airpods Headphones,1,4/21/2019 9:38
193456,USB-C Charging Cable,1,4/29/2019 2:59
193457,Apple Airpods Headphones,1,4/28/2019 19:06
193458,USB-C Charging Cable,1,4/27/2019 17:35
193459,AAA Batteries (4-pack),1,4/15/2019 22:29
193460,AA Batteries (4-pack),1,4/18/2019 13:39
193461,Bose SoundSport Headphones,1,4/7/2019 6:12
193462,AA Batteries (4-pack),1,4/12/2019 23:21
193463,USB-C Charging Cable,1,4/9/2019 22:23
193464,Wired Headphones,2,4/4/2019 17:27
193465,LG Washing Machine,1,4/15/2019 16:10
,,,
193466,Apple Airpods Headphones,1,4/21/2019 10:18
193467,Wired Headphones,1,4/16/2019 23:24
193468,Lightning Charging Cable,1,4/11/2019 15:40
193469,Bose SoundSport Headphones,1,4/28/2019 17:28
193470,Lightning Charging Cable,1,4/30/2019 20:24
193471,USB-C Charging Cable,1,4/14/2019 21:52
193472,Bose SoundSport Headphones,1,4/15/2019 0:33
193473,Bose SoundSport Headphones,1,4/18/2019 19:08
193474,AAA Batteries (4-pack),1,4/13/2019 18:00
193475,iPhone,1,4/16/2019 6:14
193476,AA Batteries (4-pack),2,4/29/2019 10:54
193477,AA Batteries (4-pack),1,4/26/2019 7:50
193478,Apple Airpods Headphones,1,4/22/2019 5:10
193479,Wired Headphones,1,4/30/2019 17:43
193480,Lightning Charging Cable,1,4/22/2019 13:26
193481,27in FHD Monitor,1,4/7/2019 12:44
193482,Apple Airpods Headphones,1,4/21/2019 9:36
193483,20in Monitor,1,4/26/2019 13:08
193484,Wired Headphones,1,4/25/2019 15:35
193485,Apple Airpods Headphones,1,4/13/2019 22:56
193486,ThinkPad Laptop,1,4/3/2019 11:08
193487,AA Batteries (4-pack),1,4/20/2019 17:27
193488,Wired Headphones,1,4/22/2019 18:34
193489,ThinkPad Laptop,1,4/28/2019 9:40
193490,USB-C Charging Cable,1,4/27/2019 22:11
Order ID,Product,Quantity Ordered,Order Date
193491,Apple Airpods Headphones,1,4/19/2019 19:40
193492,AA Batteries (4-pack),1,4/28/2019 22:06
193493,Bose SoundSport Headphones,1,4/14/2019 18:06
193494,AAA Batteries (4-pack),2,4/11/2019 18:58
193495,27in FHD Monitor,1,4/3/2019 19:33
193496,Lightning Charging Cable,1,4/20/2019 22:45
193497,Lightning Charging Cable,1,4/13/2019 0:05
193498,USB-C Charging Cable,1,4/10/2019 6:36
193499,34in Ultrawide Monitor,1,4/8/2019 16:13
193500,Lightning Charging Cable,1,4/22/2019 9:39
193501,Lightning Charging Cable,1,4/4/2019 14:11
193502,AAA Batteries (4-pack),1,4/29/2019 21:14
193503,Lightning Charging Cable,1,4/20/2019 10:36
193504,Apple Airpods Headphones,1,4/30/2019 15:24
193505,ThinkPad Laptop,1,4/4/2019 22:58
193506,Bose SoundSport Headphones,1,4/11/2019 19:42
193507,iPhone,1,4/19/2019 16:59
193507,34in Ultrawide Monitor,1,4/19/2019 16:59
193508,USB-C Charging Cable,1,4/7/2019 10:49
193508,Wired Headphones,1,4/7/2019 10:49
193509,AAA Batteries (4-pack),1,4/5/2019 21:43
193510,Lightning Charging Cable,1,4/12/2019 10:56
193511,Google Phone,1,4/21/2019 11:14
193511,USB-C Charging Cable,2,4/21/2019 11:14
193511,Bose SoundSport Headphones,1,4/21/2019 11:14
193511,Wired Headphones,1,4/21/2019 11:14
193512,Apple Airpods Headphones,1,4/5/2019 16:00
193513,USB-C Charging Cable,1,4/15/2019 6:23
193513,Bose SoundSport Headphones,1,4/15/2019 6:23
193514,Bose SoundSport Headphones,1,4/13/2019 20:00
193515,Lightning Charging Cable,1,4/8/2019 13:15
193516,Google Phone,1,4/14/2019 3:25
193517,USB-C Charging Cable,1,4/25/2019 19:01
193518,USB-C Charging Cable,1,4/22/2019 19:26
193519,Bose SoundSport Headphones,1,4/18/2019 16:50
193520,ThinkPad Laptop,1,4/7/2019 11:52
193521,AAA Batteries (4-pack),2,4/15/2019 10:29
193522,USB-C Charging Cable,1,4/11/2019 20:30
193523,iPhone,1,4/23/2019 14:54
193524,Lightning Charging Cable,1,4/25/2019 22:07
193525,LG Dryer,1,4/3/2019 20:31
193526,AAA Batteries (4-pack),2,4/11/2019 17:56
193527,AA Batteries (4-pack),1,4/18/2019 7:03
193528,AA Batteries (4-pack),1,4/26/2019 20:13
193529,USB-C Charging Cable,1,4/25/2019 12:30
193530,LG Dryer,1,4/24/2019 10:44
193531,Lightning Charging Cable,1,4/3/2019 18:01
193532,iPhone,1,4/13/2019 19:05
193533,USB-C Charging Cable,1,4/12/2019 22:07
193534,Bose SoundSport Headphones,1,4/15/2019 19:36
193535,Apple Airpods Headphones,1,4/30/2019 19:06
193536,AAA Batteries (4-pack),1,4/29/2019 20:36
193537,Wired Headphones,1,4/30/2019 21:56
193538,Lightning Charging Cable,1,4/1/2019 22:40
193539,Google Phone,1,4/26/2019 16:02
193540,Lightning Charging Cable,1,4/10/2019 9:05
193541,AAA Batteries (4-pack),2,4/1/2019 13:19
193542,USB-C Charging Cable,1,4/6/2019 21:34
193543,USB-C Charging Cable,1,4/27/2019 13:55
193544,Lightning Charging Cable,1,4/15/2019 4:29
193545,iPhone,1,4/4/2019 20:21
193545,Vareebadd Phone,1,4/4/2019 20:21
193546,Wired Headphones,1,4/20/2019 16:07
193547,AAA Batteries (4-pack),1,4/12/2019 10:28
193548,ThinkPad Laptop,1,4/26/2019 11:02
193549,Lightning Charging Cable,1,4/3/2019 11:41
193550,Bose SoundSport Headphones,1,4/25/2019 17:30
193551,Wired Headphones,1,4/8/2019 14:39
193552,Bose SoundSport Headphones,1,4/9/2019 9:18
193553,Wired Headphones,3,4/29/2019 4:31
193554,AA Batteries (4-pack),2,4/18/2019 10:37
193555,Lightning Charging Cable,1,4/25/2019 11:05
193556,Lightning Charging Cable,1,4/14/2019 15:38
193557,USB-C Charging Cable,2,4/22/2019 11:50
193558,Wired Headphones,1,4/10/2019 21:00
193559,27in 4K Gaming Monitor,1,4/24/2019 14:49
193560,Wired Headphones,1,4/27/2019 14:35
193561,iPhone,1,4/11/2019 19:46
193562,Google Phone,1,4/24/2019 13:41
193563,Lightning Charging Cable,1,4/9/2019 16:26
193564,Apple Airpods Headphones,1,4/2/2019 15:58
193565,USB-C Charging Cable,1,4/10/2019 17:36
193566,Apple Airpods Headphones,1,4/26/2019 8:45
193567,USB-C Charging Cable,1,4/22/2019 14:27
193568,AAA Batteries (4-pack),1,4/20/2019 19:35
193569,AAA Batteries (4-pack),1,4/7/2019 15:28
193570,Lightning Charging Cable,1,4/14/2019 8:00
193571,LG Washing Machine,1,4/13/2019 17:46
193572,AA Batteries (4-pack),1,4/23/2019 18:25
193573,AA Batteries (4-pack),1,4/27/2019 18:32
193574,Vareebadd Phone,1,4/29/2019 3:22
193575,AA Batteries (4-pack),1,4/29/2019 23:48
193576,ThinkPad Laptop,1,4/27/2019 21:37
193577,ThinkPad Laptop,1,4/9/2019 21:35
193578,Flatscreen TV,2,4/8/2019 17:32
193579,Wired Headphones,2,4/3/2019 13:52
193580,AA Batteries (4-pack),1,4/13/2019 19:25
193581,AAA Batteries (4-pack),1,4/29/2019 13:17
193582,USB-C Charging Cable,2,4/20/2019 18:31
193583,USB-C Charging Cable,1,4/13/2019 21:07
193584,AA Batteries (4-pack),1,4/23/2019 11:05
193585,AA Batteries (4-pack),3,4/22/2019 20:45
193586,Bose SoundSport Headphones,1,4/20/2019 10:17
193587,USB-C Charging Cable,1,4/6/2019 21:49
193588,Wired Headphones,1,4/22/2019 19:49
193589,Apple Airpods Headphones,1,4/20/2019 13:54
193590,AA Batteries (4-pack),1,4/24/2019 14:26
193591,Apple Airpods Headphones,1,4/11/2019 14:48
193592,AA Batteries (4-pack),1,4/23/2019 6:51
193593,Lightning Charging Cable,1,4/26/2019 16:38
193594,ThinkPad Laptop,1,4/22/2019 16:36
193595,Lightning Charging Cable,2,4/18/2019 23:17
193596,AAA Batteries (4-pack),1,4/28/2019 14:50
193597,USB-C Charging Cable,1,4/28/2019 10:43
193598,USB-C Charging Cable,1,4/10/2019 23:35
193599,Lightning Charging Cable,1,4/30/2019 8:46
193600,Macbook Pro Laptop,1,4/23/2019 22:12
193601,Apple Airpods Headphones,1,4/28/2019 17:41
193602,20in Monitor,1,4/10/2019 18:43
193603,AA Batteries (4-pack),1,4/30/2019 19:45
193604,USB-C Charging Cable,1,4/6/2019 5:34
193605,ThinkPad Laptop,1,4/2/2019 16:16
193606,Wired Headphones,1,4/2/2019 16:13
193607,Google Phone,1,4/8/2019 11:42
193608,Apple Airpods Headphones,1,4/5/2019 21:18
193609,Apple Airpods Headphones,1,4/23/2019 18:53
193610,Bose SoundSport Headphones,1,4/16/2019 22:59
193611,Vareebadd Phone,1,4/1/2019 11:30
193612,AA Batteries (4-pack),1,4/29/2019 23:41
193613,AA Batteries (4-pack),1,4/14/2019 15:18
193614,AA Batteries (4-pack),1,4/30/2019 15:41
193615,Vareebadd Phone,1,4/2/2019 17:24
193615,Bose SoundSport Headphones,1,4/2/2019 17:24
193616,Lightning Charging Cable,1,4/6/2019 18:03
193616,AA Batteries (4-pack),2,4/6/2019 18:03
193617,Flatscreen TV,1,4/30/2019 18:41
193618,Lightning Charging Cable,1,4/27/2019 23:52
193619,Wired Headphones,1,4/1/2019 10:36
193620,AAA Batteries (4-pack),1,4/20/2019 14:51
193621,20in Monitor,1,4/1/2019 7:21
193622,AA Batteries (4-pack),1,4/23/2019 17:27
193623,27in 4K Gaming Monitor,1,4/17/2019 12:35
193624,AA Batteries (4-pack),1,4/25/2019 10:46
193625,Apple Airpods Headphones,1,4/9/2019 8:23
193626,27in FHD Monitor,1,4/12/2019 18:23
193627,Wired Headphones,1,4/10/2019 22:21
193628,Bose SoundSport Headphones,1,4/3/2019 14:16
193629,27in 4K Gaming Monitor,1,4/6/2019 19:54
193630,Lightning Charging Cable,1,4/12/2019 20:45
193631,Google Phone,1,4/11/2019 10:59
193631,USB-C Charging Cable,1,4/11/2019 10:59
193632,AAA Batteries (4-pack),1,4/28/2019 9:52
193633,Bose SoundSport Headphones,1,4/1/2019 13:51
193634,ThinkPad Laptop,1,4/5/2019 19:15
193635,USB-C Charging Cable,1,4/4/2019 0:58
193636,USB-C Charging Cable,1,4/13/2019 8:01
193637,USB-C Charging Cable,1,4/25/2019 21:44
193638,Apple Airpods Headphones,1,4/24/2019 20:01
193639,Apple Airpods Headphones,1,4/1/2019 18:54
193640,34in Ultrawide Monitor,1,4/27/2019 18:04
193640,Wired Headphones,1,4/27/2019 18:04
193641,Bose SoundSport Headphones,1,4/1/2019 11:46
193642,Wired Headphones,1,4/21/2019 14:20
193643,iPhone,1,4/4/2019 9:04
193643,Lightning Charging Cable,1,4/4/2019 9:04
193643,Apple Airpods Headphones,1,4/4/2019 9:04
193644,27in 4K Gaming Monitor,1,4/13/2019 18:54
193645,AAA Batteries (4-pack),2,4/24/2019 17:01
193646,USB-C Charging Cable,1,4/18/2019 21:08
193647,Apple Airpods Headphones,1,4/12/2019 3:03
193647,AAA Batteries (4-pack),1,4/12/2019 3:03
193648,AAA Batteries (4-pack),2,4/13/2019 10:27
193649,Wired Headphones,1,4/7/2019 17:07
193650,AA Batteries (4-pack),3,4/4/2019 12:16
193651,27in FHD Monitor,1,4/15/2019 19:38
193652,AAA Batteries (4-pack),1,4/10/2019 22:36
193653,Google Phone,1,4/21/2019 9:29
193653,USB-C Charging Cable,2,4/21/2019 9:29
193654,27in FHD Monitor,1,4/4/2019 16:19
193655,USB-C Charging Cable,1,4/6/2019 14:10
193656,USB-C Charging Cable,1,4/15/2019 8:48
193657,Lightning Charging Cable,1,4/22/2019 16:15
193658,Apple Airpods Headphones,1,4/10/2019 10:02
193659,Lightning Charging Cable,2,4/2/2019 7:41
193660,LG Washing Machine,1,4/7/2019 16:01
193661,27in 4K Gaming Monitor,1,4/18/2019 1:15
193662,AAA Batteries (4-pack),1,4/16/2019 22:33
193663,Bose SoundSport Headphones,1,4/25/2019 14:24
193664,Lightning Charging Cable,1,4/19/2019 12:59
193665,ThinkPad Laptop,1,4/25/2019 22:38
193666,27in 4K Gaming Monitor,1,4/29/2019 20:00
193667,AA Batteries (4-pack),1,4/15/2019 20:23
193668,AAA Batteries (4-pack),2,4/29/2019 16:02
193669,AA Batteries (4-pack),1,4/30/2019 6:47
193670,Bose SoundSport Headphones,1,4/7/2019 1:48
193671,iPhone,1,4/2/2019 20:18
193672,AA Batteries (4-pack),2,4/23/2019 18:58
193673,USB-C Charging Cable,1,4/28/2019 16:15
193674,Wired Headphones,1,4/3/2019 19:39
193675,AA Batteries (4-pack),2,4/1/2019 19:49
193676,AAA Batteries (4-pack),1,4/11/2019 13:34
193677,USB-C Charging Cable,1,4/1/2019 18:38
193678,Apple Airpods Headphones,1,4/27/2019 21:04
193679,USB-C Charging Cable,1,4/1/2019 11:37
193680,USB-C Charging Cable,2,4/14/2019 20:58
193681,Wired Headphones,1,4/29/2019 16:12
193682,Wired Headphones,1,4/26/2019 14:08
193683,AA Batteries (4-pack),2,4/7/2019 11:35
193684,Lightning Charging Cable,1,4/16/2019 18:45
193685,Bose SoundSport Headphones,1,4/29/2019 18:37
193686,USB-C Charging Cable,1,4/6/2019 16:21
193687,Bose SoundSport Headphones,1,4/15/2019 18:54
193688,AA Batteries (4-pack),1,4/6/2019 23:28
193689,iPhone,1,4/17/2019 10:54
193690,Bose SoundSport Headphones,1,4/13/2019 0:26
193691,Wired Headphones,1,4/23/2019 15:07
193692,34in Ultrawide Monitor,1,4/17/2019 19:20
193693,AAA Batteries (4-pack),1,4/2/2019 5:33
193694,Lightning Charging Cable,1,4/18/2019 13:20
193695,Wired Headphones,1,4/23/2019 20:58
193696,Lightning Charging Cable,1,4/21/2019 15:02
193697,AA Batteries (4-pack),1,4/6/2019 16:37
193698,iPhone,1,4/1/2019 11:30
193699,Wired Headphones,1,4/1/2019 16:49
193700,Apple Airpods Headphones,1,4/14/2019 10:06
193701,USB-C Charging Cable,1,4/11/2019 7:17
193702,27in FHD Monitor,1,4/2/2019 12:37
193703,AAA Batteries (4-pack),1,4/30/2019 13:01
193704,AA Batteries (4-pack),2,4/28/2019 11:58
193705,ThinkPad Laptop,1,4/16/2019 6:29
193706,27in 4K Gaming Monitor,1,4/25/2019 21:21
193707,20in Monitor,1,4/14/2019 15:06
193708,27in FHD Monitor,1,4/10/2019 10:37
193709,AA Batteries (4-pack),1,4/9/2019 12:06
193710,AAA Batteries (4-pack),2,4/11/2019 12:52
193711,Lightning Charging Cable,1,4/25/2019 16:51
193712,USB-C Charging Cable,1,4/16/2019 22:09
193713,Flatscreen TV,1,4/21/2019 18:39
193714,USB-C Charging Cable,2,4/23/2019 13:57
193715,ThinkPad Laptop,1,4/29/2019 15:11
193716,Wired Headphones,1,4/29/2019 21:46
193717,27in FHD Monitor,1,4/27/2019 17:49
193718,USB-C Charging Cable,1,4/11/2019 15:17
193719,Lightning Charging Cable,1,4/29/2019 22:21
193720,Apple Airpods Headphones,1,4/9/2019 14:37
193721,Lightning Charging Cable,1,4/20/2019 19:00
193722,AA Batteries (4-pack),1,4/14/2019 22:47
193723,27in 4K Gaming Monitor,1,4/5/2019 20:48
193724,Apple Airpods Headphones,1,4/18/2019 19:20
193725,AA Batteries (4-pack),1,4/4/2019 7:13
193726,27in 4K Gaming Monitor,1,4/13/2019 10:32
193727,ThinkPad Laptop,1,4/29/2019 16:28
193728,USB-C Charging Cable,1,4/19/2019 16:50
193729,Wired Headphones,1,4/5/2019 19:14
193730,ThinkPad Laptop,1,4/12/2019 15:42
193731,Lightning Charging Cable,1,4/10/2019 17:34
193732,AAA Batteries (4-pack),1,4/17/2019 15:08
193733,Google Phone,1,4/30/2019 22:41
193734,Apple Airpods Headphones,1,4/23/2019 10:03
193735,AA Batteries (4-pack),1,4/12/2019 16:36
193736,Flatscreen TV,1,4/27/2019 13:55
193737,AAA Batteries (4-pack),2,4/26/2019 21:42
193738,iPhone,1,4/5/2019 9:50
193739,USB-C Charging Cable,1,4/8/2019 6:32
193740,27in FHD Monitor,1,4/28/2019 8:17
193741,Google Phone,1,4/1/2019 20:17
193742,Wired Headphones,1,4/5/2019 10:22
193743,Bose SoundSport Headphones,1,4/22/2019 11:29
193744,34in Ultrawide Monitor,1,4/8/2019 16:12
193745,USB-C Charging Cable,1,4/7/2019 1:35
193746,AAA Batteries (4-pack),4,4/14/2019 19:47
193747,Vareebadd Phone,1,4/21/2019 15:29
193748,Flatscreen TV,1,4/16/2019 18:33
193749,Apple Airpods Headphones,1,4/10/2019 0:31
193750,Wired Headphones,1,4/13/2019 0:44
193751,27in 4K Gaming Monitor,1,4/22/2019 13:42
193752,Lightning Charging Cable,1,4/25/2019 10:47
193753,ThinkPad Laptop,1,4/9/2019 14:47
193754,Lightning Charging Cable,1,4/8/2019 18:56
193755,Lightning Charging Cable,1,4/24/2019 15:05
193756,Lightning Charging Cable,1,4/22/2019 22:04
193757,AA Batteries (4-pack),2,4/9/2019 5:37
193758,Apple Airpods Headphones,1,4/23/2019 10:34
193759,USB-C Charging Cable,1,4/8/2019 1:11
193760,Lightning Charging Cable,1,4/15/2019 12:57
193761,Apple Airpods Headphones,1,4/13/2019 20:23
193762,AAA Batteries (4-pack),1,4/28/2019 1:13
193763,27in FHD Monitor,1,4/17/2019 8:15
193764,AA Batteries (4-pack),1,4/24/2019 14:43
193765,Google Phone,1,4/21/2019 12:04
193766,iPhone,1,4/20/2019 15:23
193767,Apple Airpods Headphones,1,4/17/2019 11:47
193768,Lightning Charging Cable,1,4/26/2019 13:45
193769,USB-C Charging Cable,1,4/7/2019 21:57
193770,AA Batteries (4-pack),1,4/8/2019 15:54
193771,AAA Batteries (4-pack),1,4/24/2019 10:27
193772,Bose SoundSport Headphones,1,4/24/2019 22:19
193773,USB-C Charging Cable,1,4/4/2019 12:55
193774,Google Phone,1,4/16/2019 12:35
193775,27in FHD Monitor,1,4/18/2019 13:42
193776,Wired Headphones,1,4/4/2019 19:14
193777,LG Washing Machine,1,4/8/2019 10:51
193778,USB-C Charging Cable,1,4/18/2019 15:58
193779,USB-C Charging Cable,1,4/6/2019 15:32
193780,Lightning Charging Cable,1,4/25/2019 7:41
193781,Lightning Charging Cable,1,4/12/2019 16:58
193782,USB-C Charging Cable,1,4/16/2019 11:23
193783,AAA Batteries (4-pack),2,4/24/2019 14:03
193784,Flatscreen TV,1,4/24/2019 21:25
193785,Apple Airpods Headphones,1,4/28/2019 16:50
193786,USB-C Charging Cable,1,4/9/2019 12:34
193787,iPhone,1,4/27/2019 8:15
193787,Apple Airpods Headphones,1,4/27/2019 8:15
193787,Wired Headphones,1,4/27/2019 8:15
193788,Wired Headphones,1,4/21/2019 3:29
193789,Google Phone,1,4/21/2019 22:22
193789,USB-C Charging Cable,1,4/21/2019 22:22
193790,USB-C Charging Cable,1,4/9/2019 9:58
193791,iPhone,1,4/12/2019 13:31
193792,AA Batteries (4-pack),3,4/14/2019 1:53
193793,Google Phone,1,4/20/2019 17:55
193794,Bose SoundSport Headphones,1,4/25/2019 1:19
193795,34in Ultrawide Monitor,1,4/27/2019 15:51
193796,Macbook Pro Laptop,1,4/14/2019 11:17
193797,Lightning Charging Cable,1,4/16/2019 21:46
193798,Apple Airpods Headphones,1,4/8/2019 16:30
193799,USB-C Charging Cable,1,4/28/2019 5:33
193800,Google Phone,1,4/9/2019 9:17
193801,iPhone,1,4/5/2019 15:51
193802,Apple Airpods Headphones,1,4/4/2019 8:49
193803,Lightning Charging Cable,1,4/2/2019 9:45
193804,AA Batteries (4-pack),1,4/28/2019 0:48
193805,USB-C Charging Cable,1,4/3/2019 16:32
193806,Macbook Pro Laptop,1,4/24/2019 12:06
193807,Apple Airpods Headphones,1,4/4/2019 10:17
193808,Vareebadd Phone,1,4/19/2019 20:24
193809,Macbook Pro Laptop,1,4/11/2019 15:29
193810,Bose SoundSport Headphones,1,4/8/2019 20:56
193811,27in 4K Gaming Monitor,1,4/13/2019 11:23
193812,34in Ultrawide Monitor,1,4/3/2019 18:41
193813,Lightning Charging Cable,1,4/5/2019 19:50
193814,Bose SoundSport Headphones,1,4/7/2019 14:04
193815,Macbook Pro Laptop,1,4/3/2019 23:47
193816,Wired Headphones,1,4/11/2019 15:18
193817,Bose SoundSport Headphones,1,4/17/2019 15:45
193818,Lightning Charging Cable,1,4/17/2019 6:01
193819,Apple Airpods Headphones,1,4/2/2019 10:47
193820,Wired Headphones,1,4/3/2019 5:45
193821,Bose SoundSport Headphones,1,4/28/2019 15:44
193822,USB-C Charging Cable,1,4/19/2019 15:17
193823,Wired Headphones,1,4/1/2019 7:49
193824,Macbook Pro Laptop,1,4/14/2019 19:01
193825,AAA Batteries (4-pack),2,4/30/2019 22:20
193826,USB-C Charging Cable,1,4/17/2019 19:07
193827,Lightning Charging Cable,1,4/6/2019 11:55
193828,AAA Batteries (4-pack),1,4/30/2019 6:42
193829,AA Batteries (4-pack),1,4/4/2019 16:43
193830,Lightning Charging Cable,1,4/21/2019 20:43
193831,27in FHD Monitor,1,4/13/2019 18:49
193832,Lightning Charging Cable,1,4/4/2019 18:28
193833,34in Ultrawide Monitor,1,4/6/2019 9:40
193834,34in Ultrawide Monitor,1,4/26/2019 13:20
193835,AA Batteries (4-pack),1,4/13/2019 14:57
193836,Apple Airpods Headphones,1,4/27/2019 17:54
193837,Lightning Charging Cable,1,4/10/2019 9:06
193838,Google Phone,1,4/24/2019 15:52
193839,Macbook Pro Laptop,1,4/5/2019 14:46
193840,Bose SoundSport Headphones,1,4/23/2019 17:07
193841,Bose SoundSport Headphones,1,4/23/2019 21:32
193842,AA Batteries (4-pack),1,4/27/2019 19:55
193843,USB-C Charging Cable,1,4/26/2019 13:11
193844,USB-C Charging Cable,1,4/13/2019 13:09
193845,USB-C Charging Cable,1,4/22/2019 18:11
193846,AA Batteries (4-pack),2,4/20/2019 9:17
193847,AA Batteries (4-pack),1,4/10/2019 10:45
193848,AA Batteries (4-pack),2,4/10/2019 22:30
193849,Apple Airpods Headphones,1,4/20/2019 6:17
193849,27in 4K Gaming Monitor,1,4/20/2019 6:17
193850,Bose SoundSport Headphones,1,4/21/2019 13:33
193851,AAA Batteries (4-pack),1,4/1/2019 8:09
193852,AAA Batteries (4-pack),1,4/12/2019 20:49
193853,USB-C Charging Cable,1,4/25/2019 10:38
193854,27in FHD Monitor,1,4/17/2019 17:30
193855,27in FHD Monitor,1,4/25/2019 9:21
193856,AAA Batteries (4-pack),2,4/4/2019 12:08
193857,USB-C Charging Cable,1,4/30/2019 19:45
193858,Lightning Charging Cable,1,4/23/2019 17:20
193859,Lightning Charging Cable,1,4/18/2019 21:56
193860,Google Phone,1,4/17/2019 12:07
193860,USB-C Charging Cable,1,4/17/2019 12:07
193861,AA Batteries (4-pack),1,4/4/2019 11:58
193862,Lightning Charging Cable,1,4/6/2019 23:53
193863,Google Phone,1,4/12/2019 11:18
193864,Wired Headphones,1,4/30/2019 20:47
193865,Bose SoundSport Headphones,1,4/17/2019 13:31
193865,AA Batteries (4-pack),1,4/17/2019 13:31
193866,Lightning Charging Cable,1,4/9/2019 11:49
193867,Lightning Charging Cable,1,4/16/2019 10:11
193868,Wired Headphones,1,4/19/2019 10:34
193869,Apple Airpods Headphones,1,4/28/2019 12:14
193870,Apple Airpods Headphones,1,4/22/2019 3:00
193871,AA Batteries (4-pack),1,4/15/2019 22:41
193872,USB-C Charging Cable,1,4/9/2019 18:22
193873,AA Batteries (4-pack),2,4/3/2019 18:52
193874,Wired Headphones,1,4/23/2019 13:44
193875,27in FHD Monitor,1,4/12/2019 19:20
193876,Lightning Charging Cable,1,4/15/2019 8:59
193877,Wired Headphones,2,4/23/2019 1:39
193878,AA Batteries (4-pack),1,4/25/2019 14:02
193878,AAA Batteries (4-pack),1,4/25/2019 14:02
193879,Apple Airpods Headphones,1,4/25/2019 21:40
193880,Wired Headphones,1,4/22/2019 16:26
193881,AA Batteries (4-pack),2,4/30/2019 11:28
193882,USB-C Charging Cable,1,4/18/2019 20:16
193883,Lightning Charging Cable,1,4/14/2019 8:17
193884,27in 4K Gaming Monitor,1,4/9/2019 6:01
193885,Macbook Pro Laptop,1,4/16/2019 8:47
193886,AA Batteries (4-pack),1,4/19/2019 22:41
193887,Apple Airpods Headphones,1,4/15/2019 17:16
193888,Wired Headphones,1,4/17/2019 12:16
193889,Apple Airpods Headphones,1,4/2/2019 6:38
193890,AAA Batteries (4-pack),1,4/23/2019 9:19
193891,AA Batteries (4-pack),2,4/5/2019 20:09
193892,Wired Headphones,1,4/27/2019 10:20
193893,AA Batteries (4-pack),1,4/19/2019 13:38
193894,34in Ultrawide Monitor,1,4/29/2019 16:18
193895,Apple Airpods Headphones,1,4/19/2019 10:35
193896,USB-C Charging Cable,1,4/8/2019 11:03
193897,Macbook Pro Laptop,1,4/16/2019 19:19
193898,Apple Airpods Headphones,1,4/21/2019 15:38
193899,Bose SoundSport Headphones,1,4/25/2019 23:10
193900,USB-C Charging Cable,1,4/10/2019 10:36
193901,Apple Airpods Headphones,1,4/4/2019 18:16
193902,34in Ultrawide Monitor,1,4/9/2019 13:32
193903,iPhone,1,4/6/2019 11:40
193903,Apple Airpods Headphones,1,4/6/2019 11:40
193904,USB-C Charging Cable,1,4/16/2019 19:30
193905,USB-C Charging Cable,1,4/8/2019 9:45
193906,Apple Airpods Headphones,1,4/16/2019 20:06
193907,Lightning Charging Cable,1,4/28/2019 22:31
193908,Lightning Charging Cable,1,4/4/2019 11:58
193909,AA Batteries (4-pack),1,4/26/2019 14:21
193910,AA Batteries (4-pack),1,4/28/2019 23:02
193911,Lightning Charging Cable,1,4/21/2019 0:03
193912,34in Ultrawide Monitor,1,4/6/2019 9:03
193913,34in Ultrawide Monitor,1,4/4/2019 21:31
193914,USB-C Charging Cable,1,4/20/2019 10:23
193915,USB-C Charging Cable,1,4/15/2019 12:30
193916,20in Monitor,1,4/18/2019 12:59
193916,20in Monitor,1,4/18/2019 12:59
193917,Flatscreen TV,1,4/1/2019 21:41
193918,27in FHD Monitor,1,4/10/2019 19:21
193919,AAA Batteries (4-pack),1,4/10/2019 16:58
193920,Apple Airpods Headphones,1,4/22/2019 12:22
193921,AAA Batteries (4-pack),1,4/7/2019 10:07
193922,27in FHD Monitor,1,4/19/2019 21:32
193923,27in 4K Gaming Monitor,1,4/23/2019 18:38
193924,Lightning Charging Cable,1,4/27/2019 19:05
193925,AA Batteries (4-pack),1,4/20/2019 3:28
193926,Apple Airpods Headphones,1,4/5/2019 0:58
193927,iPhone,1,4/9/2019 21:10
193927,Apple Airpods Headphones,1,4/9/2019 21:10
193928,27in 4K Gaming Monitor,1,4/9/2019 18:02
193929,Flatscreen TV,1,4/17/2019 10:07
193930,AA Batteries (4-pack),2,4/9/2019 8:30
193931,Lightning Charging Cable,1,4/11/2019 17:01
193932,Lightning Charging Cable,1,4/30/2019 1:10
193933,iPhone,1,4/12/2019 11:53
193934,Bose SoundSport Headphones,1,4/10/2019 10:19
193935,USB-C Charging Cable,1,4/15/2019 14:59
193936,AA Batteries (4-pack),2,4/23/2019 10:51
193937,USB-C Charging Cable,1,4/20/2019 19:35
193938,USB-C Charging Cable,1,4/5/2019 23:41
193939,USB-C Charging Cable,1,4/4/2019 10:09
193940,USB-C Charging Cable,1,4/4/2019 10:00
193941,Lightning Charging Cable,1,4/6/2019 20:09
193942,Wired Headphones,1,4/24/2019 21:06
193943,AA Batteries (4-pack),1,4/18/2019 22:53
193944,Flatscreen TV,1,4/24/2019 10:46
193945,Lightning Charging Cable,2,4/6/2019 18:26
193946,27in 4K Gaming Monitor,1,4/3/2019 18:26
193947,Apple Airpods Headphones,1,4/20/2019 19:18
193948,Bose SoundSport Headphones,1,4/10/2019 9:33
193949,AAA Batteries (4-pack),4,4/21/2019 22:17
193950,AAA Batteries (4-pack),3,4/15/2019 16:00
193951,USB-C Charging Cable,1,4/2/2019 12:56
193952,LG Dryer,1,4/15/2019 12:08
193953,Lightning Charging Cable,1,4/4/2019 13:56
193954,USB-C Charging Cable,1,4/14/2019 19:00
193955,Wired Headphones,1,4/6/2019 14:58
193956,Lightning Charging Cable,1,4/21/2019 6:07
193957,Wired Headphones,1,4/15/2019 8:37
193958,AA Batteries (4-pack),3,4/26/2019 21:55
193959,Wired Headphones,1,4/29/2019 8:41
193960,Vareebadd Phone,1,4/3/2019 21:25
193961,Google Phone,1,4/25/2019 10:06
193961,USB-C Charging Cable,1,4/25/2019 10:06
193961,Wired Headphones,1,4/25/2019 10:06
193962,Apple Airpods Headphones,1,4/29/2019 20:50
193963,Apple Airpods Headphones,1,4/8/2019 13:47
193964,27in FHD Monitor,1,4/22/2019 15:49
193965,27in 4K Gaming Monitor,1,4/17/2019 15:48
193966,USB-C Charging Cable,4,4/21/2019 20:35
193967,USB-C Charging Cable,1,4/24/2019 16:24
193968,Google Phone,1,4/2/2019 18:40
193968,USB-C Charging Cable,1,4/2/2019 18:40
193969,27in 4K Gaming Monitor,1,4/20/2019 0:30
193970,Apple Airpods Headphones,1,4/4/2019 19:42
193971,AAA Batteries (4-pack),1,4/18/2019 17:11
193972,Macbook Pro Laptop,1,4/11/2019 16:23
193973,27in FHD Monitor,1,4/4/2019 16:52
193974,Bose SoundSport Headphones,1,4/8/2019 16:17
193975,Apple Airpods Headphones,1,4/11/2019 19:43
193976,AAA Batteries (4-pack),1,4/3/2019 23:50
193977,AAA Batteries (4-pack),1,4/7/2019 20:43
193978,USB-C Charging Cable,1,4/25/2019 9:48
193979,AAA Batteries (4-pack),2,4/22/2019 12:15
193980,20in Monitor,1,4/9/2019 13:21
193981,27in 4K Gaming Monitor,1,4/11/2019 22:30
193982,Wired Headphones,1,4/30/2019 10:32
193983,Lightning Charging Cable,1,4/9/2019 12:09
193984,USB-C Charging Cable,1,4/16/2019 18:37
193985,AAA Batteries (4-pack),2,4/10/2019 19:33
193986,Vareebadd Phone,1,4/11/2019 8:30
193987,AAA Batteries (4-pack),3,4/21/2019 15:35
193988,34in Ultrawide Monitor,1,4/18/2019 12:21
193989,AAA Batteries (4-pack),2,4/1/2019 10:57
193990,USB-C Charging Cable,1,4/28/2019 16:32
193991,Bose SoundSport Headphones,1,4/1/2019 12:33
193992,AA Batteries (4-pack),1,4/1/2019 6:27
193993,Lightning Charging Cable,1,4/13/2019 15:13
193994,Google Phone,1,4/28/2019 20:34
193994,USB-C Charging Cable,1,4/28/2019 20:34
193995,AA Batteries (4-pack),1,4/19/2019 18:02
193996,AAA Batteries (4-pack),1,4/8/2019 21:00
193997,USB-C Charging Cable,1,4/16/2019 3:00
193998,AA Batteries (4-pack),2,4/27/2019 1:06
193999,Apple Airpods Headphones,1,4/12/2019 22:10
194000,USB-C Charging Cable,1,4/23/2019 12:19
194001,Bose SoundSport Headphones,1,4/4/2019 10:21
194002,AAA Batteries (4-pack),1,4/1/2019 13:26
194003,Apple Airpods Headphones,1,4/18/2019 11:38
194004,27in FHD Monitor,1,4/28/2019 14:59
194005,iPhone,1,4/2/2019 22:36
194006,20in Monitor,1,4/20/2019 14:58
194007,Flatscreen TV,1,4/17/2019 17:25
194008,AA Batteries (4-pack),1,4/12/2019 18:09
194008,Wired Headphones,1,4/12/2019 18:09
194009,27in FHD Monitor,1,4/21/2019 10:45
194010,Bose SoundSport Headphones,1,4/23/2019 22:21
194011,Lightning Charging Cable,1,4/26/2019 12:25
194012,AA Batteries (4-pack),1,4/8/2019 12:19
194013,AAA Batteries (4-pack),3,4/30/2019 22:56
194014,Lightning Charging Cable,1,4/8/2019 16:10
194015,USB-C Charging Cable,1,4/25/2019 15:46
194016,Wired Headphones,1,4/27/2019 13:39
194017,Flatscreen TV,1,4/21/2019 10:40
194018,27in FHD Monitor,1,4/6/2019 19:31
194019,Macbook Pro Laptop,1,4/20/2019 11:44
194020,Wired Headphones,1,4/2/2019 14:30
194021,Google Phone,1,4/29/2019 14:50
194021,Wired Headphones,1,4/29/2019 14:50
194022,20in Monitor,1,4/13/2019 12:38
194023,Lightning Charging Cable,1,4/27/2019 18:41
194024,AA Batteries (4-pack),2,4/17/2019 0:57
194025,Apple Airpods Headphones,1,4/20/2019 12:06
194026,USB-C Charging Cable,1,4/6/2019 15:55
194027,AAA Batteries (4-pack),1,4/21/2019 10:09
194028,ThinkPad Laptop,1,4/15/2019 0:47
194029,Wired Headphones,1,4/9/2019 20:22
194030,Lightning Charging Cable,1,4/15/2019 8:55
194031,Bose SoundSport Headphones,1,4/17/2019 22:19
194032,AAA Batteries (4-pack),1,4/21/2019 13:30
194033,AAA Batteries (4-pack),1,4/15/2019 6:44
194034,USB-C Charging Cable,2,4/30/2019 18:33
194035,27in 4K Gaming Monitor,1,4/27/2019 17:19
194036,Lightning Charging Cable,1,4/21/2019 10:11
194037,27in FHD Monitor,1,4/17/2019 22:15
194038,USB-C Charging Cable,1,4/23/2019 9:09
194039,USB-C Charging Cable,2,4/28/2019 8:01
194040,USB-C Charging Cable,1,4/10/2019 21:27
194041,Apple Airpods Headphones,1,4/12/2019 18:34
194042,Google Phone,1,4/22/2019 21:42
194043,Wired Headphones,1,4/18/2019 13:19
194044,AA Batteries (4-pack),1,4/6/2019 9:13
194045,27in 4K Gaming Monitor,1,4/5/2019 15:22
194046,AAA Batteries (4-pack),1,4/12/2019 17:01
194047,AA Batteries (4-pack),1,4/30/2019 8:10
194048,USB-C Charging Cable,1,4/17/2019 11:24
194049,Wired Headphones,1,4/24/2019 12:07
194050,AA Batteries (4-pack),1,4/27/2019 0:27
194050,USB-C Charging Cable,1,4/27/2019 0:27
194051,34in Ultrawide Monitor,1,4/15/2019 22:05
194052,Apple Airpods Headphones,1,4/18/2019 11:40
194053,AA Batteries (4-pack),1,4/4/2019 18:58
194054,iPhone,1,4/21/2019 20:18
194055,34in Ultrawide Monitor,1,4/20/2019 8:57
194056,iPhone,1,4/10/2019 10:05
194056,Lightning Charging Cable,1,4/10/2019 10:05
194057,LG Washing Machine,1,4/8/2019 12:49
194058,AAA Batteries (4-pack),2,4/29/2019 9:46
194059,USB-C Charging Cable,1,4/24/2019 9:20
194060,Wired Headphones,1,4/16/2019 13:30
194061,iPhone,1,4/14/2019 20:22
194061,Lightning Charging Cable,3,4/14/2019 20:22
194062,AAA Batteries (4-pack),2,4/19/2019 19:52
194063,27in 4K Gaming Monitor,1,4/10/2019 14:55
194064,Apple Airpods Headphones,1,4/29/2019 19:21
194065,27in FHD Monitor,1,4/24/2019 13:47
194066,Lightning Charging Cable,1,4/9/2019 1:16
194067,iPhone,1,5/1/2019 4:25
194068,Apple Airpods Headphones,1,4/2/2019 20:54
194069,AA Batteries (4-pack),1,4/12/2019 23:33
194070,27in FHD Monitor,1,4/9/2019 22:51
194071,USB-C Charging Cable,1,4/14/2019 16:55
194072,34in Ultrawide Monitor,1,4/18/2019 16:41
194073,Lightning Charging Cable,2,4/14/2019 7:29
194074,AA Batteries (4-pack),1,4/2/2019 16:26
194075,AA Batteries (4-pack),1,4/28/2019 19:02
194076,Lightning Charging Cable,1,4/17/2019 12:57
194077,AA Batteries (4-pack),3,4/11/2019 9:46
194078,Flatscreen TV,1,4/29/2019 10:11
194079,Apple Airpods Headphones,1,4/27/2019 15:12
194080,USB-C Charging Cable,2,4/9/2019 14:08
194081,AAA Batteries (4-pack),1,4/25/2019 14:19
194082,Bose SoundSport Headphones,1,4/27/2019 13:37
194083,USB-C Charging Cable,1,4/23/2019 22:33
194084,Apple Airpods Headphones,1,4/26/2019 22:11
194085,Wired Headphones,1,4/17/2019 20:12
194086,Google Phone,1,4/28/2019 8:50
194087,USB-C Charging Cable,2,4/26/2019 11:44
194088,AAA Batteries (4-pack),2,4/4/2019 18:46
194089,USB-C Charging Cable,1,4/9/2019 17:15
194090,Google Phone,1,4/8/2019 17:11
194091,AA Batteries (4-pack),1,4/15/2019 16:02
194092,AAA Batteries (4-pack),2,4/28/2019 14:36
194093,AA Batteries (4-pack),1,4/14/2019 15:09
194094,Lightning Charging Cable,1,4/18/2019 11:08
