Order ID,Product,Quantity Ordered,Order Date
150502,iPhone,1,2/18/2019 1:35
150503,AA Batteries (4-pack),1,2/13/2019 7:24
150504,27in 4K Gaming Monitor,1,2/18/2019 9:46
150505,Lightning Charging Cable,1,2/2/2019 16:47
150506,AA Batteries (4-pack),2,2/28/2019 20:32
150507,Lightning Charging Cable,1,2/24/2019 18:50
150508,AA Batteries (4-pack),1,2/21/2019 19:26
150509,Apple Airpods Headphones,1,2/26/2019 19:53
150510,USB-C Charging Cable,1,2/17/2019 21:48
150511,USB-C Charging Cable,1,2/22/2019 7:36
150512,Bose SoundSport Headphones,1,2/17/2019 18:29
150513,Bose SoundSport Headphones,1,2/25/2019 20:49
150514,27in FHD Monitor,1,2/3/2019 0:21
150515,Apple Airpods Headphones,1,2/18/2019 14:53
150516,Lightning Charging Cable,1,2/20/2019 12:29
150517,Wired Headphones,1,2/8/2019 12:57
150518,Macbook Pro Laptop,1,2/26/2019 12:38
150518,iPhone,1,2/26/2019 12:38
150519,Wired Headphones,1,2/23/2019 13:25
150520,AA Batteries (4-pack),2,2/27/2019 14:39
150521,Flatscreen TV,1,2/27/2019 20:07
150522,20in Monitor,1,2/12/2019 0:00
150523,LG Dryer,1,2/27/2019 20:24
150524,Wired Headphones,1,2/28/2019 13:47
150525,20in Monitor,1,2/25/2019 9:38
150526,AAA Batteries (4-pack),1,2/15/2019 11:31
150527,USB-C Charging Cable,1,2/7/2019 14:33
150528,AAA Batteries (4-pack),2,2/26/2019 23:17
150529,AA Batteries (4-pack),4,2/11/2019 13:10
150530,ThinkPad Laptop,1,2/5/2019 14:19
150531,USB-C Charging Cable,1,2/28/2019 18:16
150532,USB-C Charging Cable,1,2/4/2019 22:57
150533,AAA Batteries (4-pack),1,3/1/2019 3:06
150534,AAA Batteries (4-pack),2,2/12/2019 22:02
150535,AAA Batteries (4-pack),1,2/21/2019 11:46
150536,Wired Headphones,1,2/13/2019 22:43
150537,Wired Headphones,1,2/23/2019 13:31
150538,Apple Airpods Headphones,1,2/22/2019 17:28
150539,AA Batteries (4-pack),2,2/18/2019 16:46
150540,Apple Airpods Headphones,1,2/18/2019 15:23
150541,AAA Batteries (4-pack),1,3/1/2019 1:03
150542,AA Batteries (4-pack),1,2/2/2019 19:46
150543,Wired Headphones,1,2/8/2019 9:21
150544,Lightning Charging Cable,1,2/10/2019 17:19
150545,Macbook Pro Laptop,1,2/25/2019 20:35
150546,AAA Batteries (4-pack),1,2/7/2019 14:01
150547,AAA Batteries (4-pack),1,2/6/2019 17:51
150548,Macbook Pro Laptop,1,2/18/2019 22:56
150549,iPhone,1,2/5/2019 20:33
150550,ThinkPad Laptop,1,2/17/2019 14:45
150551,27in 4K Gaming Monitor,1,2/2/2019 8:25
150552,Wired Headphones,1,2/21/2019 19:06
150553,34in Ultrawide Monitor,1,2/20/2019 21:42
150554,AA Batteries (4-pack),1,2/12/2019 6:49
150555,27in FHD Monitor,1,2/18/2019 11:27
150556,Lightning Charging Cable,1,2/10/2019 13:25
150557,AA Batteries (4-pack),2,2/22/2019 21:41
150558,Wired Headphones,1,2/4/2019 16:09
150559,Apple Airpods Headphones,1,2/7/2019 23:41
150560,Apple Airpods Headphones,1,2/5/2019 14:29
150561,Wired Headphones,1,2/22/2019 17:55
150562,27in 4K Gaming Monitor,1,2/16/2019 20:07
150563,iPhone,1,2/20/2019 2:09
150564,USB-C Charging Cable,1,2/28/2019 13:55
150565,Wired Headphones,1,2/24/2019 19:08
150566,27in FHD Monitor,1,2/21/2019 18:30
150567,Apple Airpods Headphones,1,2/26/2019 16:12
150568,Wired Headphones,1,2/15/2019 22:49
150569,AA Batteries (4-pack),3,2/4/2019 13:11
150570,Wired Headphones,1,2/18/2019 18:12
150571,Lightning Charging Cable,1,2/23/2019 22:41
150572,27in FHD Monitor,1,2/6/2019 7:38
150573,Apple Airpods Headphones,1,2/25/2019 11:32
150574,Lightning Charging Cable,1,2/17/2019 19:51
150575,AA Batteries (4-pack),1,2/10/2019 11:44
,,,
150576,Bose SoundSport Headphones,1,2/2/2019 1:33
150577,AA Batteries (4-pack),1,2/25/2019 13:27
150578,USB-C Charging Cable,1,2/6/2019 19:05
150579,USB-C Charging Cable,1,2/27/2019 20:11
150580,AA Batteries (4-pack),1,2/11/2019 22:06
150581,AA Batteries (4-pack),1,2/21/2019 19:51
150582,iPhone,1,2/16/2019 23:38
150582,Lightning Charging Cable,1,2/16/2019 23:38
150583,27in FHD Monitor,1,2/1/2019 20:56
150584,AAA Batteries (4-pack),1,2/24/2019 21:41
150585,USB-C Charging Cable,1,2/16/2019 14:04
150586,Apple Airpods Headphones,1,2/12/2019 19:25
150587,Lightning Charging Cable,1,2/11/2019 17:43
150588,AAA Batteries (4-pack),2,2/9/2019 9:33
150589,Flatscreen TV,1,2/24/2019 12:02
150590,Apple Airpods Headphones,1,2/8/2019 9:35
150590,AAA Batteries (4-pack),1,2/8/2019 9:35
150591,AAA Batteries (4-pack),1,2/12/2019 15:29
150592,USB-C Charging Cable,1,2/2/2019 9:27
150593,Bose SoundSport Headphones,1,2/15/2019 16:58
150594,USB-C Charging Cable,1,2/19/2019 18:54
150595,USB-C Charging Cable,1,2/12/2019 6:12
150596,AAA Batteries (4-pack),1,2/7/2019 14:38
150597,USB-C Charging Cable,1,2/18/2019 16:08
150598,Wired Headphones,1,2/21/2019 15:25
150599,20in Monitor,1,2/19/2019 12:08
150600,AA Batteries (4-pack),1,2/11/2019 0:57
150601,AAA Batteries (4-pack),2,2/16/2019 13:24
150602,Apple Airpods Headphones,1,2/11/2019 9:44
150603,USB-C Charging Cable,1,2/18/2019 14:44
150604,AA Batteries (4-pack),1,2/26/2019 17:09
150605,USB-C Charging Cable,1,2/6/2019 14:27
150606,AA Batteries (4-pack),1,2/28/2019 10:17
150607,Lightning Charging Cable,1,2/27/2019 19:36
150608,ThinkPad Laptop,1,2/20/2019 11:53
150609,USB-C Charging Cable,1,2/9/2019 20:23
150610,27in FHD Monitor,1,2/19/2019 10:42
150611,AAA Batteries (4-pack),1,2/4/2019 16:49
150612,USB-C Charging Cable,1,2/28/2019 20:14
150613,AA Batteries (4-pack),1,2/8/2019 13:05
150614,AA Batteries (4-pack),2,2/5/2019 17:18
150615,27in FHD Monitor,1,2/27/2019 13:34
150616,27in 4K Gaming Monitor,1,2/5/2019 20:35
150617,Google Phone,1,2/25/2019 0:02
150617,USB-C Charging Cable,1,2/25/2019 0:02
150618,USB-C Charging Cable,1,2/24/2019 12:20
150619,USB-C Charging Cable,1,2/17/2019 17:23
150620,Apple Airpods Headphones,1,2/7/2019 15:12
150621,AA Batteries (4-pack),1,2/5/2019 13:01
150622,34in Ultrawide Monitor,1,2/12/2019 16:05
150623,iPhone,1,2/5/2019 22:46
150624,34in Ultrawide Monitor,1,2/16/2019 9:59
150625,AAA Batteries (4-pack),1,2/21/2019 14:54
150626,AA Batteries (4-pack),2,2/26/2019 23:55
150627,USB-C Charging Cable,1,2/17/2019 7:01
150628,Lightning Charging Cable,2,2/25/2019 17:22
150629,AA Batteries (4-pack),1,2/28/2019 18:17
150630,Apple Airpods Headphones,1,2/14/2019 9:15
150631,20in Monitor,1,2/26/2019 14:12
150632,Wired Headphones,1,2/18/2019 21:48
150633,Wired Headphones,1,2/9/2019 14:21
150634,USB-C Charging Cable,1,2/11/2019 17:17
150635,iPhone,1,2/10/2019 17:43
150636,USB-C Charging Cable,1,2/15/2019 11:59
150637,Apple Airpods Headphones,1,2/2/2019 17:37
150638,AA Batteries (4-pack),1,2/19/2019 11:04
150639,Lightning Charging Cable,2,2/19/2019 14:28
150640,Vareebadd Phone,1,2/26/2019 0:07
150641,AAA Batteries (4-pack),1,2/10/2019 14:57
150642,Lightning Charging Cable,1,2/27/2019 20:18
150643,Apple Airpods Headphones,1,2/23/2019 22:12
150644,Bose SoundSport Headphones,1,2/17/2019 18:07
150645,27in 4K Gaming Monitor,1,2/2/2019 7:06
150646,27in FHD Monitor,1,2/10/2019 11:22
150647,20in Monitor,1,2/20/2019 16:34
150648,27in 4K Gaming Monitor,1,2/7/2019 10:52
150649,27in FHD Monitor,1,2/15/2019 20:14
150650,Bose SoundSport Headphones,1,2/21/2019 16:43
150651,Google Phone,1,2/2/2019 11:49
150651,USB-C Charging Cable,1,2/2/2019 11:49
150652,AAA Batteries (4-pack),1,2/12/2019 10:28
150653,27in FHD Monitor,1,2/4/2019 11:42
150654,Wired Headphones,1,2/14/2019 19:10
150655,AAA Batteries (4-pack),1,2/12/2019 16:15
150656,27in FHD Monitor,1,2/13/2019 11:59
150657,AAA Batteries (4-pack),1,2/10/2019 16:25
150658,USB-C Charging Cable,1,2/25/2019 5:30
150659,27in 4K Gaming Monitor,1,2/11/2019 10:57
150660,27in FHD Monitor,1,2/3/2019 22:41
150661,Wired Headphones,1,2/21/2019 16:48
150662,Wired Headphones,1,2/1/2019 15:57
150663,AAA Batteries (4-pack),1,2/14/2019 3:13
150664,ThinkPad Laptop,1,2/6/2019 15:58
,,,
150665,AAA Batteries (4-pack),2,2/10/2019 9:12
150666,Wired Headphones,1,2/5/2019 11:39
,,,
150667,USB-C Charging Cable,1,2/27/2019 23:58
150668,Wired Headphones,1,2/14/2019 18:09
150669,iPhone,1,2/10/2019 3:20
150670,AA Batteries (4-pack),1,2/28/2019 16:17
150671,Bose SoundSport Headphones,1,2/9/2019 7:58
150672,USB-C Charging Cable,1,2/24/2019 14:03
150673,Bose SoundSport Headphones,1,2/2/2019 13:50
150674,Google Phone,1,2/21/2019 11:44
150674,USB-C Charging Cable,1,2/21/2019 11:44
150674,Wired Headphones,1,2/21/2019 11:44
150675,Lightning Charging Cable,1,2/24/2019 12:57
150676,27in FHD Monitor,1,2/17/2019 20:37
150677,ThinkPad Laptop,1,2/8/2019 18:26
150678,AA Batteries (4-pack),1,2/17/2019 13:00
150679,Bose SoundSport Headphones,1,2/17/2019 14:38
150680,iPhone,1,2/3/2019 12:49
150681,USB-C Charging Cable,2,2/17/2019 22:20
150682,Apple Airpods Headphones,1,2/15/2019 21:55
150683,27in FHD Monitor,1,2/23/2019 22:28
150684,34in Ultrawide Monitor,1,2/23/2019 18:41
150685,Lightning Charging Cable,2,2/5/2019 13:36
150686,iPhone,1,2/28/2019 17:39
150687,Wired Headphones,1,2/27/2019 15:36
150688,Google Phone,1,2/7/2019 9:30
150688,Wired Headphones,1,2/7/2019 9:30
150689,AAA Batteries (4-pack),1,2/24/2019 18:42
150690,AA Batteries (4-pack),1,2/28/2019 22:41
150691,20in Monitor,1,2/26/2019 0:43
150692,Bose SoundSport Headphones,1,2/23/2019 19:59
150693,Wired Headphones,1,2/23/2019 13:45
150694,Apple Airpods Headphones,1,2/26/2019 20:58
150695,AA Batteries (4-pack),1,2/7/2019 20:34
150696,AA Batteries (4-pack),1,2/2/2019 13:55
150697,Bose SoundSport Headphones,1,2/19/2019 9:30
150698,34in Ultrawide Monitor,1,2/8/2019 13:19
150699,USB-C Charging Cable,1,2/6/2019 15:39
150700,USB-C Charging Cable,1,2/3/2019 2:10
150701,ThinkPad Laptop,1,2/7/2019 20:21
150702,34in Ultrawide Monitor,1,2/23/2019 20:58
150703,27in 4K Gaming Monitor,1,2/3/2019 11:37
150704,27in 4K Gaming Monitor,1,2/11/2019 17:50
150705,Bose SoundSport Headphones,1,2/15/2019 19:37
150706,Lightning Charging Cable,1,2/19/2019 12:11
150707,Lightning Charging Cable,1,2/15/2019 20:50
150708,Bose SoundSport Headphones,1,2/5/2019 14:25
150709,USB-C Charging Cable,1,2/16/2019 18:54
150710,27in 4K Gaming Monitor,1,2/1/2019 10:27
150711,Flatscreen TV,1,2/16/2019 19:16
150712,AA Batteries (4-pack),3,2/19/2019 14:49
150713,AAA Batteries (4-pack),2,2/1/2019 9:54
150714,Bose SoundSport Headphones,1,2/14/2019 20:46
150715,Apple Airpods Headphones,1,2/28/2019 16:23
150716,Bose SoundSport Headphones,1,2/5/2019 12:53
150717,USB-C Charging Cable,1,2/3/2019 19:43
150718,AA Batteries (4-pack),1,2/20/2019 0:06
150719,AAA Batteries (4-pack),1,2/1/2019 14:44
150720,27in FHD Monitor,1,2/10/2019 20:23
150721,Apple Airpods Headphones,1,2/14/2019 23:24
150722,AA Batteries (4-pack),2,2/9/2019 17:56
150723,Lightning Charging Cable,1,2/20/2019 20:08
150724,34in Ultrawide Monitor,1,2/14/2019 18:37
150725,AA Batteries (4-pack),2,2/27/2019 9:19
150726,USB-C Charging Cable,1,2/9/2019 15:27
150727,Apple Airpods Headphones,1,2/21/2019 13:23
150728,Wired Headphones,1,2/3/2019 12:04
150729,Google Phone,1,2/8/2019 11:53
150730,USB-C Charging Cable,2,2/16/2019 11:39
150731,Lightning Charging Cable,1,2/24/2019 4:22
150732,AA Batteries (4-pack),1,2/11/2019 13:04
150733,27in 4K Gaming Monitor,1,2/15/2019 0:53
150734,Google Phone,1,2/13/2019 9:47
150734,USB-C Charging Cable,1,2/13/2019 9:47
150735,AA Batteries (4-pack),1,2/13/2019 11:49
150736,Wired Headphones,1,2/21/2019 19:14
150737,AAA Batteries (4-pack),1,2/14/2019 13:41
150738,Bose SoundSport Headphones,1,2/8/2019 21:06
150739,Lightning Charging Cable,1,2/15/2019 12:08
150740,34in Ultrawide Monitor,1,2/8/2019 19:30
150741,Bose SoundSport Headphones,1,2/11/2019 8:16
150742,Wired Headphones,1,2/9/2019 23:19
150743,AAA Batteries (4-pack),1,2/17/2019 5:23
150744,34in Ultrawide Monitor,1,2/7/2019 13:45
150745,AA Batteries (4-pack),3,2/26/2019 10:42
150746,AAA Batteries (4-pack),1,2/1/2019 12:15
150747,USB-C Charging Cable,1,2/3/2019 11:18
150748,AAA Batteries (4-pack),1,2/27/2019 12:39
150749,Vareebadd Phone,1,2/19/2019 9:25
150750,iPhone,1,2/5/2019 17:18
150751,USB-C Charging Cable,2,2/11/2019 18:06
150752,Wired Headphones,1,2/8/2019 0:08
150753,Lightning Charging Cable,1,2/28/2019 11:30
150754,AAA Batteries (4-pack),1,2/27/2019 13:34
150755,AA Batteries (4-pack),1,2/20/2019 10:25
150756,Bose SoundSport Headphones,1,2/3/2019 8:16
150757,USB-C Charging Cable,1,2/18/2019 18:55
150758,iPhone,1,2/19/2019 9:38
150758,Wired Headphones,1,2/19/2019 9:38
150759,Lightning Charging Cable,1,2/3/2019 5:10
150760,AA Batteries (4-pack),2,2/17/2019 20:04
150761,AAA Batteries (4-pack),1,2/19/2019 21:47
150762,USB-C Charging Cable,1,2/15/2019 23:07
150763,AA Batteries (4-pack),3,2/11/2019 22:09
150764,AAA Batteries (4-pack),1,2/26/2019 11:27
150765,AA Batteries (4-pack),1,2/13/2019 20:53
150766,Bose SoundSport Headphones,1,2/25/2019 12:50
150767,Bose SoundSport Headphones,1,2/1/2019 17:13
150768,Lightning Charging Cable,1,2/26/2019 17:05
150769,Apple Airpods Headphones,1,2/3/2019 12:41
150770,34in Ultrawide Monitor,1,2/6/2019 10:02
150771,AA Batteries (4-pack),1,2/26/2019 11:16
150772,Bose SoundSport Headphones,1,2/25/2019 13:19
150773,AA Batteries (4-pack),1,2/8/2019 11:25
150774,AA Batteries (4-pack),1,2/21/2019 18:25
150775,Lightning Charging Cable,1,2/16/2019 21:07
150776,Bose SoundSport Headphones,1,2/4/2019 16:57
150777,Lightning Charging Cable,2,2/14/2019 18:05
150778,Apple Airpods Headphones,1,2/4/2019 12:18
150779,27in FHD Monitor,1,2/28/2019 15:40
150780,Google Phone,1,2/15/2019 20:54
150781,Bose SoundSport Headphones,1,2/8/2019 20:23
150782,Lightning Charging Cable,1,2/18/2019 12:26
150783,AAA Batteries (4-pack),1,2/27/2019 23:25
150784,AA Batteries (4-pack),1,2/22/2019 9:55
150785,Apple Airpods Headphones,1,2/21/2019 18:26
150786,AA Batteries (4-pack),2,2/6/2019 21:28
150787,USB-C Charging Cable,1,2/19/2019 18:20
150788,Wired Headphones,1,2/14/2019 16:41
150789,Lightning Charging Cable,1,2/22/2019 3:03
150790,USB-C Charging Cable,1,2/11/2019 13:38
150791,Apple Airpods Headphones,1,2/19/2019 2:12
150792,Wired Headphones,1,2/19/2019 20:45
150793,ThinkPad Laptop,1,2/1/2019 13:15
150794,AAA Batteries (4-pack),1,2/27/2019 18:34
150795,27in 4K Gaming Monitor,1,2/26/2019 20:05
150796,AAA Batteries (4-pack),2,2/23/2019 18:25
150797,USB-C Charging Cable,3,2/18/2019 12:55
150798,Macbook Pro Laptop,1,2/8/2019 11:56
150799,Bose SoundSport Headphones,1,2/21/2019 9:55
150800,USB-C Charging Cable,1,2/23/2019 20:11
150801,AAA Batteries (4-pack),1,2/10/2019 12:32
150802,Google Phone,1,2/1/2019 11:11
150803,Bose SoundSport Headphones,1,2/14/2019 17:22
150804,AAA Batteries (4-pack),1,2/21/2019 14:47
150805,AA Batteries (4-pack),1,2/27/2019 16:07
150806,USB-C Charging Cable,1,2/28/2019 10:45
150807,27in 4K Gaming Monitor,1,2/18/2019 10:42
150808,AA Batteries (4-pack),1,2/8/2019 9:37
150809,USB-C Charging Cable,1,2/24/2019 9:53
150810,USB-C Charging Cable,1,2/10/2019 13:04
150811,Google Phone,1,2/14/2019 14:23
150812,Wired Headphones,1,3/1/2019 2:18
150813,Apple Airpods Headphones,1,2/19/2019 20:40
150814,USB-C Charging Cable,1,2/18/2019 20:53
150815,Wired Headphones,1,2/12/2019 21:37
150816,Flatscreen TV,1,2/15/2019 9:51
150817,AA Batteries (4-pack),1,2/26/2019 14:44
150818,AA Batteries (4-pack),1,2/26/2019 18:01
150819,27in FHD Monitor,1,2/14/2019 11:05
150820,AA Batteries (4-pack),1,2/5/2019 21:20
150821,Bose SoundSport Headphones,1,2/25/2019 20:48
150822,AA Batteries (4-pack),1,2/23/2019 20:02
150823,USB-C Charging Cable,1,2/24/2019 10:12
150824,Wired Headphones,1,2/4/2019 20:24
150825,27in FHD Monitor,1,2/22/2019 19:16
150826,Bose SoundSport Headphones,1,2/16/2019 11:13
150827,USB-C Charging Cable,1,2/8/2019 10:29
150828,Macbook Pro Laptop,1,2/18/2019 21:13
150829,27in 4K Gaming Monitor,1,2/8/2019 2:33
150830,USB-C Charging Cable,2,2/28/2019 20:49
150831,AAA Batteries (4-pack),1,2/15/2019 16:13
150832,USB-C Charging Cable,1,2/16/2019 6:56
150833,USB-C Charging Cable,1,2/15/2019 11:18
150834,Bose SoundSport Headphones,1,2/22/2019 19:14
150835,Apple Airpods Headphones,1,2/12/2019 13:15
150836,Wired Headphones,1,2/6/2019 12:42
150837,Lightning Charging Cable,1,2/14/2019 12:18
150838,USB-C Charging Cable,1,2/25/2019 3:46
150839,Google Phone,1,2/24/2019 14:02
150840,AAA Batteries (4-pack),1,2/18/2019 11:25
150841,AA Batteries (4-pack),1,2/6/2019 19:56
150842,Lightning Charging Cable,1,2/9/2019 8:11
150843,Lightning Charging Cable,1,2/18/2019 18:40
150844,Macbook Pro Laptop,1,2/6/2019 22:01
150845,USB-C Charging Cable,1,2/17/2019 10:47
150846,AAA Batteries (4-pack),3,2/9/2019 10:44
150847,Google Phone,1,2/10/2019 14:08
150848,27in 4K Gaming Monitor,1,2/7/2019 10:41
150849,AAA Batteries (4-pack),1,2/8/2019 2:31
150850,AAA Batteries (4-pack),1,2/14/2019 15:23
150851,AA Batteries (4-pack),1,2/13/2019 19:55
150852,AAA Batteries (4-pack),1,2/26/2019 6:52
150853,AAA Batteries (4-pack),1,2/27/2019 16:10
150853,27in 4K Gaming Monitor,1,2/27/2019 16:10
150854,27in 4K Gaming Monitor,1,2/14/2019 6:38
150855,34in Ultrawide Monitor,1,2/11/2019 14:38
150856,Flatscreen TV,1,2/7/2019 13:42
150857,USB-C Charging Cable,1,2/5/2019 12:55
150858,USB-C Charging Cable,1,2/13/2019 19:54
150859,Lightning Charging Cable,1,2/24/2019 12:42
150860,AAA Batteries (4-pack),3,2/21/2019 18:45
150861,34in Ultrawide Monitor,1,2/23/2019 14:42
150862,20in Monitor,1,2/5/2019 7:56
150863,USB-C Charging Cable,1,2/16/2019 15:08
150864,AA Batteries (4-pack),1,2/24/2019 11:28
150865,Bose SoundSport Headphones,1,2/12/2019 0:14
150866,27in FHD Monitor,1,2/5/2019 18:42
150867,USB-C Charging Cable,1,2/21/2019 10:35
150868,Lightning Charging Cable,1,2/10/2019 22:36
150869,AA Batteries (4-pack),1,2/23/2019 14:05
150870,Wired Headphones,1,2/13/2019 15:03
150871,AAA Batteries (4-pack),5,2/3/2019 18:24
150872,Lightning Charging Cable,1,2/28/2019 17:33
150873,Lightning Charging Cable,1,2/8/2019 18:28
150874,Lightning Charging Cable,2,2/25/2019 16:02
150875,Lightning Charging Cable,1,2/17/2019 16:42
150876,LG Dryer,1,2/3/2019 18:48
150877,USB-C Charging Cable,1,2/12/2019 20:34
150878,Apple Airpods Headphones,1,2/24/2019 15:30
150879,USB-C Charging Cable,1,2/22/2019 21:16
150880,34in Ultrawide Monitor,1,2/3/2019 19:18
150881,Wired Headphones,1,2/18/2019 10:43
150882,Wired Headphones,1,2/14/2019 0:25
150883,Wired Headphones,1,2/4/2019 23:50
150884,Wired Headphones,1,2/17/2019 23:57
150885,ThinkPad Laptop,1,2/20/2019 10:04
150886,Wired Headphones,1,2/13/2019 18:38
150887,34in Ultrawide Monitor,1,2/8/2019 8:05
150888,Wired Headphones,1,2/23/2019 10:38
150889,USB-C Charging Cable,1,2/9/2019 11:46
150890,Apple Airpods Headphones,1,2/11/2019 16:21
150891,Lightning Charging Cable,1,2/27/2019 20:13
150892,Wired Headphones,1,2/18/2019 14:15
150892,Apple Airpods Headphones,1,2/18/2019 14:15
150893,ThinkPad Laptop,1,2/10/2019 7:33
150894,Google Phone,1,2/19/2019 16:42
150895,LG Washing Machine,1,2/18/2019 21:37
150896,Lightning Charging Cable,1,2/5/2019 20:13
150897,USB-C Charging Cable,1,2/15/2019 11:07
150898,AA Batteries (4-pack),1,2/15/2019 10:39
150899,USB-C Charging Cable,1,2/20/2019 23:40
150900,AAA Batteries (4-pack),2,2/18/2019 16:50
150901,AAA Batteries (4-pack),1,2/21/2019 17:31
150902,LG Washing Machine,1,2/22/2019 14:15
150903,AA Batteries (4-pack),1,2/11/2019 21:07
150904,34in Ultrawide Monitor,1,2/8/2019 8:17
150905,USB-C Charging Cable,1,2/12/2019 12:09
150906,AAA Batteries (4-pack),1,2/5/2019 21:59
150907,Apple Airpods Headphones,1,2/25/2019 17:38
150907,Wired Headphones,1,2/25/2019 17:38
150908,Lightning Charging Cable,1,2/18/2019 21:58
150909,27in FHD Monitor,1,2/13/2019 20:02
150910,AAA Batteries (4-pack),1,2/13/2019 19:14
150911,Apple Airpods Headphones,1,2/17/2019 12:29
150912,AA Batteries (4-pack),1,2/28/2019 12:54
150913,27in 4K Gaming Monitor,1,2/21/2019 20:52
150914,AAA Batteries (4-pack),1,2/8/2019 10:15
150915,AAA Batteries (4-pack),1,2/13/2019 20:18
150916,34in Ultrawide Monitor,1,2/8/2019 22:15
150917,Lightning Charging Cable,1,2/6/2019 16:07
150917,Lightning Charging Cable,1,2/6/2019 16:07
150918,Lightning Charging Cable,1,2/28/2019 12:11
150919,27in FHD Monitor,1,2/22/2019 5:21
150920,Macbook Pro Laptop,1,2/26/2019 17:19
150921,Lightning Charging Cable,1,2/8/2019 22:06
150922,Bose SoundSport Headphones,1,2/6/2019 16:42
150923,AAA Batteries (4-pack),2,2/16/2019 17:26
150924,ThinkPad Laptop,1,2/21/2019 9:35
150925,iPhone,1,2/7/2019 17:43
150925,Lightning Charging Cable,1,2/7/2019 17:43
150925,iPhone,1,2/7/2019 17:43
150926,Wired Headphones,2,2/16/2019 6:31
150927,USB-C Charging Cable,2,2/26/2019 18:10
150928,Apple Airpods Headphones,1,2/14/2019 14:31
150929,AA Batteries (4-pack),1,2/10/2019 8:26
150930,20in Monitor,1,2/11/2019 22:42
150931,Macbook Pro Laptop,1,2/15/2019 11:17
150932,AA Batteries (4-pack),1,2/10/2019 11:08
150933,Bose SoundSport Headphones,1,2/24/2019 10:28
150934,Lightning Charging Cable,1,2/11/2019 17:08
150935,Bose SoundSport Headphones,1,2/22/2019 10:31
150936,Lightning Charging Cable,1,2/9/2019 3:54
150937,LG Washing Machine,1,2/25/2019 19:21
150938,Bose SoundSport Headphones,1,2/25/2019 1:35
150939,ThinkPad Laptop,1,2/1/2019 20:20
150940,Lightning Charging Cable,1,2/14/2019 15:51
150941,Bose SoundSport Headphones,2,2/16/2019 16:08
150942,Apple Airpods Headphones,1,2/21/2019 0:52
150943,USB-C Charging Cable,1,2/6/2019 19:13
150943,USB-C Charging Cable,1,2/6/2019 19:13
150944,Bose SoundSport Headphones,1,2/14/2019 15:26
150945,iPhone,1,2/6/2019 22:23
150945,Wired Headphones,1,2/6/2019 22:23
150946,USB-C Charging Cable,1,2/12/2019 18:21
150947,Lightning Charging Cable,1,2/2/2019 17:53
150948,USB-C Charging Cable,1,2/11/2019 18:15
150949,Lightning Charging Cable,1,2/5/2019 10:57
150950,LG Dryer,1,2/27/2019 13:13
150951,iPhone,1,2/4/2019 10:24
150951,Lightning Charging Cable,1,2/4/2019 10:24
150951,Apple Airpods Headphones,1,2/4/2019 10:24
150952,USB-C Charging Cable,1,2/13/2019 16:39
150953,AA Batteries (4-pack),1,2/28/2019 22:26
150954,Wired Headphones,1,2/19/2019 23:33
150955,Wired Headphones,1,2/13/2019 11:34
150956,Macbook Pro Laptop,1,2/12/2019 1:32
150957,Apple Airpods Headphones,1,2/18/2019 9:14
150958,iPhone,1,2/26/2019 11:44
150959,Apple Airpods Headphones,1,2/23/2019 9:32
150960,AA Batteries (4-pack),2,2/8/2019 11:11
150961,Vareebadd Phone,1,2/18/2019 21:52
150961,Wired Headphones,1,2/18/2019 21:52
150962,27in FHD Monitor,1,2/7/2019 17:51
150963,Google Phone,1,2/8/2019 20:48
150964,Wired Headphones,1,2/18/2019 0:57
150965,Lightning Charging Cable,1,2/3/2019 21:29
150966,Bose SoundSport Headphones,1,2/27/2019 7:57
150967,AA Batteries (4-pack),3,2/20/2019 22:17
150968,AA Batteries (4-pack),2,2/12/2019 11:20
150969,Wired Headphones,1,2/5/2019 16:32
150970,AAA Batteries (4-pack),3,2/12/2019 13:30
150971,AAA Batteries (4-pack),2,2/2/2019 3:53
150972,Google Phone,1,2/11/2019 12:14
150972,USB-C Charging Cable,1,2/11/2019 12:14
150973,Google Phone,1,2/5/2019 11:04
150974,Bose SoundSport Headphones,1,2/27/2019 16:01
150975,Bose SoundSport Headphones,1,2/17/2019 18:39
150976,Lightning Charging Cable,1,2/2/2019 1:21
150977,Bose SoundSport Headphones,1,2/7/2019 20:09
150978,AA Batteries (4-pack),1,2/20/2019 19:07
150979,Lightning Charging Cable,1,2/3/2019 18:41
150980,20in Monitor,1,2/13/2019 20:21
150981,Bose SoundSport Headphones,1,2/24/2019 17:52
150982,Lightning Charging Cable,1,2/22/2019 17:18
150983,Flatscreen TV,1,2/13/2019 15:43
150984,Wired Headphones,1,2/3/2019 15:24
150985,Flatscreen TV,1,2/20/2019 12:27
150986,AAA Batteries (4-pack),1,2/19/2019 19:37
150987,AAA Batteries (4-pack),2,2/10/2019 20:28
150988,AAA Batteries (4-pack),1,2/4/2019 12:08
150989,AA Batteries (4-pack),2,2/5/2019 20:31
150990,34in Ultrawide Monitor,1,2/16/2019 18:05
150991,Flatscreen TV,1,2/21/2019 15:00
150992,Wired Headphones,1,2/19/2019 14:15
150993,AA Batteries (4-pack),1,2/2/2019 19:36
150994,34in Ultrawide Monitor,1,2/22/2019 16:02
150995,USB-C Charging Cable,1,2/16/2019 14:54
150996,AAA Batteries (4-pack),1,2/19/2019 14:21
150997,Apple Airpods Headphones,1,2/1/2019 15:04
150998,Lightning Charging Cable,1,2/22/2019 9:50
150999,AA Batteries (4-pack),1,2/4/2019 11:32
151000,AA Batteries (4-pack),1,2/17/2019 8:25
151001,34in Ultrawide Monitor,1,2/8/2019 13:15
151002,AAA Batteries (4-pack),1,2/1/2019 9:26
151003,AA Batteries (4-pack),2,2/20/2019 3:19
151004,USB-C Charging Cable,1,2/23/2019 9:25
151005,USB-C Charging Cable,1,2/8/2019 9:37
151006,Lightning Charging Cable,1,2/5/2019 20:59
151007,USB-C Charging Cable,2,2/11/2019 19:48
151008,AA Batteries (4-pack),2,2/11/2019 11:33
151009,USB-C Charging Cable,1,2/13/2019 1:55
151010,Apple Airpods Headphones,1,2/9/2019 10:28
151011,iPhone,1,2/6/2019 10:05
151012,USB-C Charging Cable,1,2/16/2019 14:38
151013,27in FHD Monitor,1,2/11/2019 10:43
151014,ThinkPad Laptop,1,2/21/2019 17:24
151015,Bose SoundSport Headphones,1,2/27/2019 18:59
151016,Bose SoundSport Headphones,1,2/21/2019 10:12
151017,USB-C Charging Cable,1,2/27/2019 8:26
151018,34in Ultrawide Monitor,1,2/5/2019 9:18
151019,Lightning Charging Cable,1,2/4/2019 17:11
151020,Wired Headphones,1,2/5/2019 20:18
151021,AAA Batteries (4-pack),3,2/2/2019 9:49
151022,AAA Batteries (4-pack),1,2/24/2019 17:34
151023,Wired Headphones,1,2/25/2019 11:47
151024,Wired Headphones,1,2/19/2019 8:39
151024,Wired Headphones,1,2/19/2019 8:39
151025,AA Batteries (4-pack),2,2/21/2019 20:44
151026,Flatscreen TV,1,2/12/2019 18:25
151027,34in Ultrawide Monitor,1,2/24/2019 16:26
151028,AAA Batteries (4-pack),1,2/7/2019 16:13
151029,USB-C Charging Cable,2,2/17/2019 17:38
151030,Bose SoundSport Headphones,1,2/16/2019 0:22
151031,AAA Batteries (4-pack),1,2/7/2019 12:37
151032,34in Ultrawide Monitor,1,2/9/2019 22:49
151033,Wired Headphones,1,2/18/2019 19:47
151034,Lightning Charging Cable,1,2/15/2019 18:20
151035,27in FHD Monitor,1,2/26/2019 1:05
151036,Wired Headphones,1,2/28/2019 6:24
151037,Apple Airpods Headphones,1,2/12/2019 21:13
151038,Bose SoundSport Headphones,1,2/7/2019 11:42
151039,Wired Headphones,1,2/9/2019 15:59
151040,AAA Batteries (4-pack),1,2/5/2019 23:17
151041,Lightning Charging Cable,1,2/6/2019 12:37
151042,Wired Headphones,1,2/6/2019 10:44
151043,AAA Batteries (4-pack),1,2/16/2019 21:05
151044,Lightning Charging Cable,1,2/19/2019 18:04
151045,Macbook Pro Laptop,1,2/26/2019 15:55
151046,AA Batteries (4-pack),2,2/19/2019 7:35
151047,iPhone,1,2/3/2019 21:13
151047,Lightning Charging Cable,1,2/3/2019 21:13
151048,Lightning Charging Cable,1,2/11/2019 16:31
151049,AAA Batteries (4-pack),1,2/27/2019 16:41
151050,AA Batteries (4-pack),2,2/2/2019 10:32
151051,iPhone,1,2/6/2019 17:01
151052,AAA Batteries (4-pack),1,2/10/2019 3:38
151053,iPhone,1,2/14/2019 21:13
151053,Wired Headphones,1,2/14/2019 21:13
151054,AA Batteries (4-pack),3,2/11/2019 0:21
151055,Wired Headphones,1,2/2/2019 18:42
151056,USB-C Charging Cable,1,2/18/2019 17:12
151057,AA Batteries (4-pack),1,2/1/2019 19:21
151058,AA Batteries (4-pack),1,2/8/2019 13:23
151059,Macbook Pro Laptop,1,2/21/2019 10:29
151060,Lightning Charging Cable,1,2/15/2019 21:49
151061,27in 4K Gaming Monitor,1,2/1/2019 23:05
151062,USB-C Charging Cable,1,2/7/2019 3:34
151063,Wired Headphones,1,2/16/2019 12:59
151064,27in 4K Gaming Monitor,1,2/26/2019 7:47
151065,AAA Batteries (4-pack),2,2/12/2019 11:59
151066,AA Batteries (4-pack),2,2/5/2019 20:46
151067,Google Phone,1,2/28/2019 19:20
151068,Wired Headphones,1,2/17/2019 16:36
151069,Apple Airpods Headphones,1,2/6/2019 10:11
151070,Lightning Charging Cable,1,2/26/2019 7:23
151071,27in FHD Monitor,1,2/14/2019 12:37
151072,27in FHD Monitor,1,2/9/2019 15:16
151073,Lightning Charging Cable,1,2/1/2019 10:53
151074,USB-C Charging Cable,1,2/24/2019 19:13
151075,AA Batteries (4-pack),1,2/19/2019 16:20
151076,Bose SoundSport Headphones,1,2/18/2019 13:10
151077,27in 4K Gaming Monitor,1,2/24/2019 11:10
151078,USB-C Charging Cable,1,2/11/2019 16:14
151079,Flatscreen TV,1,2/12/2019 22:18
151080,iPhone,1,2/17/2019 20:17
151081,AAA Batteries (4-pack),1,2/7/2019 12:22
151082,ThinkPad Laptop,1,2/19/2019 19:17
151083,34in Ultrawide Monitor,1,2/15/2019 21:03
151084,USB-C Charging Cable,1,2/19/2019 17:15
151085,Apple Airpods Headphones,1,2/5/2019 17:20
151086,AA Batteries (4-pack),1,2/24/2019 15:16
151087,USB-C Charging Cable,1,2/8/2019 14:16
151088,AAA Batteries (4-pack),3,2/3/2019 20:02
151089,USB-C Charging Cable,2,2/24/2019 9:09
151090,LG Dryer,1,2/8/2019 9:57
151091,Lightning Charging Cable,1,2/25/2019 15:29
151092,AA Batteries (4-pack),1,2/7/2019 19:51
151093,Flatscreen TV,1,2/9/2019 22:20
151094,Lightning Charging Cable,1,2/9/2019 13:26
151095,Wired Headphones,2,2/2/2019 8:41
151096,Wired Headphones,1,2/16/2019 19:04
151097,Apple Airpods Headphones,1,2/9/2019 11:02
151098,AA Batteries (4-pack),1,2/11/2019 13:13
151099,AAA Batteries (4-pack),3,2/13/2019 19:05
151100,AAA Batteries (4-pack),2,2/7/2019 19:34
151101,Macbook Pro Laptop,1,2/25/2019 21:46
151102,USB-C Charging Cable,1,2/17/2019 16:34
151103,Bose SoundSport Headphones,1,2/18/2019 21:24
151104,Wired Headphones,1,2/28/2019 13:29
151105,Apple Airpods Headphones,1,2/10/2019 9:51
151106,AA Batteries (4-pack),1,2/15/2019 11:02
151107,Lightning Charging Cable,1,2/12/2019 9:29
151108,27in 4K Gaming Monitor,1,2/5/2019 16:05
151109,iPhone,1,2/14/2019 18:56
151110,AAA Batteries (4-pack),1,2/28/2019 16:13
151110,Lightning Charging Cable,1,2/28/2019 16:13
151111,AA Batteries (4-pack),1,2/23/2019 18:42
151112,Wired Headphones,1,2/24/2019 14:15
151113,AAA Batteries (4-pack),2,2/14/2019 23:02
151114,USB-C Charging Cable,1,2/1/2019 15:18
151115,Apple Airpods Headphones,1,2/13/2019 17:55
151116,Bose SoundSport Headphones,1,2/7/2019 14:26
151117,AA Batteries (4-pack),4,2/7/2019 18:39
151118,Apple Airpods Headphones,1,2/8/2019 14:19
151119,USB-C Charging Cable,1,2/3/2019 19:44
151120,USB-C Charging Cable,1,2/9/2019 19:37
151121,LG Dryer,1,2/28/2019 20:14
151122,AAA Batteries (4-pack),1,2/12/2019 17:51
151123,27in FHD Monitor,1,2/24/2019 23:32
151124,Lightning Charging Cable,1,2/14/2019 16:51
151125,AA Batteries (4-pack),1,2/12/2019 12:32
151126,Wired Headphones,1,2/22/2019 12:12
151127,AAA Batteries (4-pack),1,2/27/2019 21:26
151128,Apple Airpods Headphones,1,2/9/2019 22:39
151129,ThinkPad Laptop,1,2/26/2019 20:12
151130,Wired Headphones,1,2/23/2019 11:35
151131,Bose SoundSport Headphones,1,2/10/2019 20:09
151132,27in 4K Gaming Monitor,1,2/26/2019 15:00
151133,Lightning Charging Cable,1,2/26/2019 9:49
151134,Wired Headphones,1,2/16/2019 14:11
151135,USB-C Charging Cable,1,2/18/2019 10:22
151136,AAA Batteries (4-pack),1,2/7/2019 22:11
151137,27in 4K Gaming Monitor,1,2/16/2019 12:51
151138,27in FHD Monitor,2,2/13/2019 17:14
151139,Apple Airpods Headphones,1,2/16/2019 23:21
151140,USB-C Charging Cable,1,2/22/2019 14:45
151141,USB-C Charging Cable,1,2/16/2019 15:35
151142,iPhone,1,2/2/2019 10:11
151143,27in FHD Monitor,1,2/6/2019 10:54
151144,USB-C Charging Cable,3,2/25/2019 13:29
151145,Google Phone,1,2/28/2019 10:55
151145,Wired Headphones,1,2/28/2019 10:55
151146,Wired Headphones,1,2/28/2019 20:40
151147,Vareebadd Phone,1,2/1/2019 11:04
151148,Wired Headphones,1,2/7/2019 19:53
151149,Bose SoundSport Headphones,1,2/15/2019 19:46
151150,34in Ultrawide Monitor,1,2/17/2019 20:29
151151,AAA Batteries (4-pack),1,2/9/2019 13:26
151152,20in Monitor,1,2/7/2019 22:41
151153,AAA Batteries (4-pack),1,2/14/2019 16:09
151154,Apple Airpods Headphones,1,2/17/2019 18:25
151155,Bose SoundSport Headphones,1,2/3/2019 16:53
151156,Lightning Charging Cable,1,2/4/2019 15:14
151157,Flatscreen TV,1,2/16/2019 11:44
151158,Wired Headphones,1,2/26/2019 11:33
151159,USB-C Charging Cable,1,2/8/2019 12:26
151160,AA Batteries (4-pack),1,2/12/2019 22:40
151161,Lightning Charging Cable,1,2/9/2019 22:27
151162,Macbook Pro Laptop,1,2/12/2019 20:36
151163,AAA Batteries (4-pack),1,2/20/2019 1:15
151164,34in Ultrawide Monitor,1,2/21/2019 12:14
151165,iPhone,1,2/8/2019 15:32
151166,Wired Headphones,1,2/2/2019 17:02
151167,Lightning Charging Cable,2,2/6/2019 17:14
151168,AAA Batteries (4-pack),1,2/24/2019 15:36
151169,AAA Batteries (4-pack),1,2/18/2019 23:46
151170,34in Ultrawide Monitor,1,2/1/2019 17:29
151171,AA Batteries (4-pack),2,2/3/2019 6:19
151172,iPhone,1,2/25/2019 12:07
151172,Wired Headphones,1,2/25/2019 12:07
151173,AA Batteries (4-pack),2,2/27/2019 23:39
151174,20in Monitor,1,2/20/2019 13:29
151175,Vareebadd Phone,1,2/15/2019 16:53
151176,AAA Batteries (4-pack),1,2/12/2019 12:02
151177,AAA Batteries (4-pack),2,2/20/2019 23:45
151178,Google Phone,1,2/15/2019 21:02
151179,Lightning Charging Cable,1,2/2/2019 15:47
151180,34in Ultrawide Monitor,1,2/9/2019 23:01
151181,USB-C Charging Cable,1,2/17/2019 7:53
151182,Lightning Charging Cable,1,2/27/2019 23:29
151182,34in Ultrawide Monitor,1,2/27/2019 23:29
151183,Macbook Pro Laptop,1,2/2/2019 14:15
151184,AAA Batteries (4-pack),1,2/17/2019 18:23
151185,AAA Batteries (4-pack),1,2/4/2019 22:22
151186,Wired Headphones,1,2/14/2019 0:22
151187,AAA Batteries (4-pack),2,2/25/2019 11:50
151188,Lightning Charging Cable,1,2/2/2019 22:20
151189,USB-C Charging Cable,1,2/17/2019 11:23
151190,Flatscreen TV,1,2/16/2019 18:43
151191,Lightning Charging Cable,1,2/26/2019 19:38
151192,iPhone,1,2/7/2019 11:41
151193,Lightning Charging Cable,1,2/17/2019 21:55
151194,iPhone,1,2/27/2019 13:21
151195,USB-C Charging Cable,1,2/2/2019 16:28
151196,USB-C Charging Cable,1,2/17/2019 12:20
151197,Vareebadd Phone,1,2/4/2019 10:33
151198,27in 4K Gaming Monitor,1,2/20/2019 10:49
151199,Google Phone,1,2/10/2019 19:35
151200,Google Phone,1,2/18/2019 17:50
151201,AAA Batteries (4-pack),2,2/24/2019 1:19
151202,Apple Airpods Headphones,1,2/3/2019 13:37
151203,27in 4K Gaming Monitor,1,2/12/2019 18:18
151204,Bose SoundSport Headphones,1,2/7/2019 21:01
151205,AA Batteries (4-pack),1,2/19/2019 16:40
151206,Apple Airpods Headphones,1,2/23/2019 12:19
151207,USB-C Charging Cable,1,2/3/2019 16:37
151208,Apple Airpods Headphones,1,2/13/2019 6:06
151209,USB-C Charging Cable,1,2/17/2019 15:37
151210,Macbook Pro Laptop,1,2/11/2019 11:58
151211,Wired Headphones,1,2/9/2019 10:31
151212,AA Batteries (4-pack),1,2/24/2019 7:08
151213,Lightning Charging Cable,1,2/22/2019 13:21
151214,USB-C Charging Cable,1,2/3/2019 9:33
151215,AA Batteries (4-pack),2,2/24/2019 16:40
151216,iPhone,1,2/8/2019 10:09
151216,Lightning Charging Cable,2,2/8/2019 10:09
151217,34in Ultrawide Monitor,1,2/13/2019 18:43
151218,USB-C Charging Cable,1,2/28/2019 22:27
151219,Lightning Charging Cable,1,2/14/2019 19:38
151220,AA Batteries (4-pack),2,2/1/2019 17:36
151221,Lightning Charging Cable,1,2/26/2019 17:08
151222,iPhone,1,2/7/2019 21:48
151222,Apple Airpods Headphones,1,2/7/2019 21:48
151223,Apple Airpods Headphones,1,2/5/2019 16:22
151224,27in 4K Gaming Monitor,1,2/26/2019 11:01
151225,Lightning Charging Cable,1,2/1/2019 16:10
151226,Macbook Pro Laptop,1,2/18/2019 12:37
151227,Lightning Charging Cable,1,2/13/2019 18:11
151228,Wired Headphones,1,2/25/2019 15:02
151229,ThinkPad Laptop,1,2/9/2019 8:47
151230,Google Phone,1,2/11/2019 22:07
151231,Flatscreen TV,1,2/15/2019 14:52
151232,USB-C Charging Cable,1,2/2/2019 18:53
151233,Apple Airpods Headphones,1,2/12/2019 8:46
151234,AA Batteries (4-pack),1,2/17/2019 12:11
151235,Apple Airpods Headphones,1,2/25/2019 14:43
151236,Macbook Pro Laptop,1,2/2/2019 10:04
151237,Apple Airpods Headphones,1,2/6/2019 18:49
151238,Wired Headphones,1,2/9/2019 22:44
151239,AAA Batteries (4-pack),1,2/25/2019 17:40
151240,Apple Airpods Headphones,1,2/20/2019 12:17
151241,iPhone,1,2/8/2019 12:10
151242,USB-C Charging Cable,1,2/4/2019 9:05
151243,USB-C Charging Cable,1,2/25/2019 7:20
151244,USB-C Charging Cable,1,2/20/2019 12:19
151245,USB-C Charging Cable,1,2/3/2019 16:57
151246,Wired Headphones,1,2/5/2019 16:00
151247,Bose SoundSport Headphones,1,2/22/2019 18:35
151248,Wired Headphones,1,2/18/2019 14:30
151249,AA Batteries (4-pack),1,2/12/2019 15:04
151250,Lightning Charging Cable,1,2/10/2019 21:17
151251,Wired Headphones,1,2/14/2019 15:14
151252,USB-C Charging Cable,1,2/12/2019 21:45
151253,Google Phone,1,2/3/2019 13:30
151254,Apple Airpods Headphones,1,2/5/2019 21:38
151255,34in Ultrawide Monitor,1,2/14/2019 23:30
151256,27in 4K Gaming Monitor,1,2/4/2019 11:53
151257,27in FHD Monitor,1,2/23/2019 10:19
151258,Vareebadd Phone,1,2/6/2019 21:15
151258,USB-C Charging Cable,1,2/6/2019 21:15
151259,AAA Batteries (4-pack),1,2/4/2019 18:22
151260,AAA Batteries (4-pack),1,2/9/2019 0:49
151261,USB-C Charging Cable,1,2/26/2019 14:15
151262,iPhone,1,2/10/2019 10:07
151262,Lightning Charging Cable,2,2/10/2019 10:07
151263,AAA Batteries (4-pack),2,2/2/2019 21:02
151264,Bose SoundSport Headphones,1,2/25/2019 11:24
151265,Bose SoundSport Headphones,1,2/27/2019 4:34
151266,AAA Batteries (4-pack),1,2/27/2019 1:30
151267,Lightning Charging Cable,1,2/28/2019 13:52
151268,Flatscreen TV,1,2/15/2019 8:18
151269,Apple Airpods Headphones,1,2/21/2019 16:18
151270,LG Washing Machine,1,2/20/2019 15:29
151270,Google Phone,1,2/20/2019 15:29
151271,AAA Batteries (4-pack),1,2/25/2019 18:53
151272,Wired Headphones,1,2/1/2019 15:32
151273,AAA Batteries (4-pack),1,2/10/2019 16:27
151274,Bose SoundSport Headphones,1,2/5/2019 0:58
151275,Apple Airpods Headphones,1,2/15/2019 11:44
151276,USB-C Charging Cable,1,2/5/2019 19:56
151277,iPhone,1,2/2/2019 19:27
151277,Wired Headphones,1,2/2/2019 19:27
151278,Apple Airpods Headphones,1,2/5/2019 17:03
151279,AA Batteries (4-pack),2,2/21/2019 10:10
151280,27in 4K Gaming Monitor,1,2/27/2019 11:05
151281,USB-C Charging Cable,1,2/10/2019 22:18
151282,USB-C Charging Cable,1,2/20/2019 20:05
151283,Google Phone,1,2/2/2019 17:57
151283,USB-C Charging Cable,1,2/2/2019 17:57
151284,ThinkPad Laptop,1,2/17/2019 22:12
151285,27in 4K Gaming Monitor,1,2/18/2019 11:01
151286,Flatscreen TV,1,2/3/2019 15:08
151287,iPhone,1,2/26/2019 22:48
151287,USB-C Charging Cable,1,2/26/2019 22:48
151288,USB-C Charging Cable,1,2/23/2019 9:50
151289,AA Batteries (4-pack),2,2/24/2019 14:45
151290,Lightning Charging Cable,1,2/1/2019 9:18
151291,Lightning Charging Cable,1,2/25/2019 14:37
151292,iPhone,1,2/5/2019 20:29
151293,Lightning Charging Cable,1,2/1/2019 15:09
151294,27in FHD Monitor,1,2/21/2019 17:36
151295,iPhone,1,2/22/2019 16:39
151296,Apple Airpods Headphones,1,2/27/2019 19:02
151297,AAA Batteries (4-pack),1,2/20/2019 19:57
151298,Google Phone,1,2/18/2019 10:43
151299,LG Washing Machine,1,2/21/2019 16:24
151299,Wired Headphones,2,2/21/2019 16:24
151300,Bose SoundSport Headphones,1,2/27/2019 9:05
151301,27in 4K Gaming Monitor,1,2/6/2019 12:53
151302,27in FHD Monitor,1,2/19/2019 14:09
151303,iPhone,1,2/1/2019 8:30
151304,Apple Airpods Headphones,1,2/20/2019 13:49
151305,USB-C Charging Cable,1,2/25/2019 16:34
151306,Bose SoundSport Headphones,1,2/26/2019 17:10
151307,20in Monitor,1,2/1/2019 22:27
151308,iPhone,1,2/8/2019 13:26
151308,Wired Headphones,1,2/8/2019 13:26
151309,USB-C Charging Cable,1,2/10/2019 7:12
151310,Bose SoundSport Headphones,1,2/3/2019 20:55
151311,AAA Batteries (4-pack),1,2/6/2019 20:06
151312,AA Batteries (4-pack),1,2/27/2019 19:10
151313,AAA Batteries (4-pack),1,2/10/2019 20:39
151313,USB-C Charging Cable,1,2/10/2019 20:39
151314,27in 4K Gaming Monitor,1,2/11/2019 10:37
151315,Wired Headphones,1,2/6/2019 15:21
151316,USB-C Charging Cable,1,2/21/2019 12:42
151317,Lightning Charging Cable,1,2/1/2019 8:25
151318,Apple Airpods Headphones,1,2/24/2019 21:36
151319,Lightning Charging Cable,1,2/22/2019 13:23
151320,20in Monitor,1,2/9/2019 15:27
151321,USB-C Charging Cable,1,2/20/2019 11:12
151322,20in Monitor,1,2/24/2019 11:22
151323,Bose SoundSport Headphones,1,2/1/2019 17:39
151324,Lightning Charging Cable,1,2/21/2019 0:04
151325,34in Ultrawide Monitor,1,2/23/2019 9:23
151326,27in FHD Monitor,1,2/4/2019 18:54
151327,34in Ultrawide Monitor,1,2/9/2019 16:20
151328,27in 4K Gaming Monitor,1,2/23/2019 23:29
151329,USB-C Charging Cable,1,2/10/2019 11:34
151330,USB-C Charging Cable,1,2/21/2019 8:17
151331,AAA Batteries (4-pack),1,2/10/2019 11:13
151332,27in 4K Gaming Monitor,1,2/20/2019 14:11
151333,Apple Airpods Headphones,1,2/20/2019 14:14
151334,Wired Headphones,1,2/13/2019 19:34
151335,Wired Headphones,1,2/11/2019 22:25
151336,Bose SoundSport Headphones,1,2/8/2019 8:07
151337,Lightning Charging Cable,1,2/19/2019 12:33
151338,ThinkPad Laptop,1,2/22/2019 9:50
151339,USB-C Charging Cable,1,2/1/2019 21:17
151340,Wired Headphones,1,2/7/2019 21:58
151341,Lightning Charging Cable,1,2/9/2019 15:20
151342,Apple Airpods Headphones,1,2/23/2019 9:28
151343,27in 4K Gaming Monitor,1,2/28/2019 10:39
151344,Macbook Pro Laptop,1,2/27/2019 12:29
151345,Macbook Pro Laptop,1,2/23/2019 16:21
151346,27in FHD Monitor,1,2/4/2019 13:07
151347,Lightning Charging Cable,2,2/28/2019 6:44
151348,27in FHD Monitor,1,2/14/2019 21:49
151349,Wired Headphones,1,2/4/2019 10:09
151350,Apple Airpods Headphones,1,2/2/2019 22:03
151351,USB-C Charging Cable,1,2/7/2019 12:16
151352,Google Phone,1,2/13/2019 18:23
151353,Wired Headphones,2,2/23/2019 8:45
151354,Bose SoundSport Headphones,1,2/20/2019 15:53
151355,AA Batteries (4-pack),1,2/5/2019 11:36
151356,Lightning Charging Cable,1,2/12/2019 0:37
151357,AA Batteries (4-pack),1,2/4/2019 21:52
151358,AA Batteries (4-pack),1,2/19/2019 10:14
151359,Google Phone,1,2/10/2019 9:06
151360,27in FHD Monitor,1,2/2/2019 23:17
151361,34in Ultrawide Monitor,1,2/14/2019 14:52
151362,Apple Airpods Headphones,1,2/25/2019 12:58
151363,AA Batteries (4-pack),2,2/8/2019 13:48
151364,Apple Airpods Headphones,1,2/10/2019 13:43
151365,Wired Headphones,1,2/26/2019 18:50
151366,ThinkPad Laptop,1,2/19/2019 14:51
151367,ThinkPad Laptop,1,2/13/2019 22:38
151368,iPhone,1,2/7/2019 20:39
151369,Apple Airpods Headphones,1,2/17/2019 19:51
151370,ThinkPad Laptop,1,2/5/2019 13:45
151371,USB-C Charging Cable,1,2/28/2019 20:01
151372,USB-C Charging Cable,1,2/21/2019 13:37
151373,27in 4K Gaming Monitor,1,2/6/2019 20:20
151374,AA Batteries (4-pack),1,2/18/2019 9:13
151375,ThinkPad Laptop,1,2/25/2019 11:01
151376,20in Monitor,1,2/18/2019 8:43
151377,Wired Headphones,1,2/20/2019 19:43
151378,AA Batteries (4-pack),1,2/4/2019 8:29
151379,AA Batteries (4-pack),2,2/10/2019 16:29
151380,Wired Headphones,1,2/18/2019 1:03
151381,20in Monitor,1,2/20/2019 15:26
151382,Wired Headphones,1,2/21/2019 9:31
151383,AA Batteries (4-pack),1,2/26/2019 12:10
151384,Wired Headphones,1,2/6/2019 13:38
151385,Wired Headphones,2,2/1/2019 21:39
151386,34in Ultrawide Monitor,1,2/18/2019 15:25
151387,USB-C Charging Cable,1,2/19/2019 10:34
151388,Wired Headphones,1,2/3/2019 20:09
151389,AA Batteries (4-pack),1,2/6/2019 12:19
151390,Bose SoundSport Headphones,1,2/17/2019 12:09
151391,34in Ultrawide Monitor,1,2/23/2019 10:30
151392,USB-C Charging Cable,1,2/16/2019 6:47
151393,Lightning Charging Cable,1,2/8/2019 19:06
151394,Lightning Charging Cable,1,2/16/2019 10:25
151395,AA Batteries (4-pack),1,2/19/2019 15:15
151396,Wired Headphones,2,2/26/2019 13:11
151397,Macbook Pro Laptop,1,2/21/2019 18:22
151397,27in FHD Monitor,1,2/21/2019 18:22
151398,AAA Batteries (4-pack),1,2/26/2019 23:17
151399,27in 4K Gaming Monitor,1,2/2/2019 7:08
151400,27in FHD Monitor,1,2/7/2019 21:08
151401,Wired Headphones,1,2/7/2019 14:43
151402,Lightning Charging Cable,1,2/25/2019 8:50
151403,Google Phone,1,2/4/2019 9:48
151403,USB-C Charging Cable,1,2/4/2019 9:48
151404,Bose SoundSport Headphones,1,2/12/2019 21:45
151405,AAA Batteries (4-pack),1,2/22/2019 17:15
151406,AA Batteries (4-pack),4,2/24/2019 14:32
151407,AAA Batteries (4-pack),3,2/13/2019 12:56
151408,USB-C Charging Cable,1,2/12/2019 23:24
151409,Bose SoundSport Headphones,1,2/25/2019 8:52
151410,Wired Headphones,1,2/26/2019 9:02
151411,Apple Airpods Headphones,1,2/11/2019 18:29
151412,iPhone,1,2/16/2019 10:20
151413,USB-C Charging Cable,1,2/4/2019 11:44
151414,Lightning Charging Cable,1,2/17/2019 19:03
151414,34in Ultrawide Monitor,1,2/17/2019 19:03
151415,Bose SoundSport Headphones,1,2/25/2019 15:11
151416,Bose SoundSport Headphones,1,2/11/2019 11:04
151417,Wired Headphones,1,2/24/2019 22:50
151418,AAA Batteries (4-pack),1,2/18/2019 16:43
151419,Wired Headphones,1,2/19/2019 15:42
151420,Bose SoundSport Headphones,1,2/6/2019 0:29
151421,Apple Airpods Headphones,1,2/21/2019 20:18
151422,iPhone,1,2/21/2019 21:19
151423,27in FHD Monitor,1,2/14/2019 16:54
151424,20in Monitor,1,2/13/2019 14:10
151425,Google Phone,1,2/18/2019 10:08
151426,Flatscreen TV,1,2/19/2019 19:21
151427,Apple Airpods Headphones,1,2/3/2019 13:42
151428,AA Batteries (4-pack),1,2/17/2019 7:18
151429,Wired Headphones,1,2/27/2019 21:15
151430,USB-C Charging Cable,1,2/14/2019 11:04
151431,Flatscreen TV,1,2/1/2019 11:57
151432,AA Batteries (4-pack),2,2/15/2019 19:38
151433,AAA Batteries (4-pack),1,2/12/2019 2:35
151434,Apple Airpods Headphones,1,2/21/2019 12:39
151435,USB-C Charging Cable,1,2/11/2019 19:09
151436,Lightning Charging Cable,1,2/20/2019 10:11
151436,Apple Airpods Headphones,1,2/20/2019 10:11
151437,iPhone,1,2/3/2019 14:09
151438,27in FHD Monitor,1,2/11/2019 18:59
151439,Wired Headphones,1,2/17/2019 13:20
151440,Lightning Charging Cable,1,2/23/2019 18:22
151441,AA Batteries (4-pack),3,2/17/2019 20:55
151442,27in FHD Monitor,1,2/14/2019 3:30
151443,AAA Batteries (4-pack),2,2/1/2019 20:27
151444,Wired Headphones,2,2/25/2019 14:04
151445,AAA Batteries (4-pack),1,2/24/2019 12:46
151446,34in Ultrawide Monitor,1,2/13/2019 12:28
151447,USB-C Charging Cable,1,2/7/2019 9:52
151448,Lightning Charging Cable,1,2/22/2019 22:16
151449,Bose SoundSport Headphones,1,2/10/2019 10:30
151450,34in Ultrawide Monitor,1,2/19/2019 18:28
151451,Apple Airpods Headphones,1,2/2/2019 21:21
151452,iPhone,1,2/5/2019 21:20
151453,Lightning Charging Cable,1,2/5/2019 20:21
151454,Google Phone,1,2/15/2019 22:02
151455,Apple Airpods Headphones,1,2/22/2019 21:00
151456,AAA Batteries (4-pack),1,2/19/2019 7:02
151457,AAA Batteries (4-pack),2,2/8/2019 11:30
151458,USB-C Charging Cable,1,2/3/2019 14:46
151459,Bose SoundSport Headphones,1,2/12/2019 9:11
151460,Lightning Charging Cable,1,2/21/2019 12:27
151461,Wired Headphones,2,2/10/2019 20:57
151462,AA Batteries (4-pack),3,2/13/2019 20:06
151463,Lightning Charging Cable,1,2/27/2019 12:04
151464,AA Batteries (4-pack),1,2/11/2019 14:11
151465,20in Monitor,1,2/21/2019 21:38
151466,20in Monitor,1,2/18/2019 22:40
151467,Google Phone,1,2/17/2019 13:20
151468,Google Phone,1,2/13/2019 11:33
151469,Google Phone,1,2/16/2019 13:51
151470,27in FHD Monitor,1,2/18/2019 14:17
151471,Flatscreen TV,1,2/9/2019 13:34
151472,Lightning Charging Cable,1,2/27/2019 19:25
151473,AAA Batteries (4-pack),1,2/7/2019 11:48
151474,Bose SoundSport Headphones,1,2/23/2019 17:55
151475,AA Batteries (4-pack),2,2/11/2019 23:13
151476,AAA Batteries (4-pack),1,2/18/2019 12:09
151477,Macbook Pro Laptop,1,2/16/2019 20:59
151478,AAA Batteries (4-pack),1,2/1/2019 18:18
151479,ThinkPad Laptop,1,2/6/2019 13:40
151480,34in Ultrawide Monitor,1,2/3/2019 19:00
151481,Wired Headphones,1,2/18/2019 23:29
151482,34in Ultrawide Monitor,1,2/8/2019 15:57
151483,USB-C Charging Cable,1,2/19/2019 8:47
151484,AA Batteries (4-pack),1,2/26/2019 23:08
151485,Apple Airpods Headphones,1,2/19/2019 21:16
151486,Wired Headphones,1,2/4/2019 8:03
151487,AA Batteries (4-pack),1,2/27/2019 12:10
151488,Apple Airpods Headphones,1,2/26/2019 16:55
151489,AAA Batteries (4-pack),1,2/7/2019 10:53
151490,27in FHD Monitor,1,2/13/2019 15:10
151491,Apple Airpods Headphones,1,2/10/2019 21:20
151492,USB-C Charging Cable,1,2/12/2019 15:43
151493,AA Batteries (4-pack),1,2/27/2019 14:27
151494,Apple Airpods Headphones,1,2/21/2019 21:06
151495,USB-C Charging Cable,1,2/14/2019 22:53
151496,Apple Airpods Headphones,1,2/11/2019 16:56
151497,Apple Airpods Headphones,1,2/15/2019 17:53
151498,Bose SoundSport Headphones,1,2/24/2019 14:27
151499,Google Phone,1,2/27/2019 17:01
151500,Google Phone,1,2/8/2019 12:26
151501,AAA Batteries (4-pack),1,2/4/2019 18:20
151502,34in Ultrawide Monitor,1,2/20/2019 23:25
151503,Wired Headphones,1,2/1/2019 13:06
151504,AAA Batteries (4-pack),1,2/13/2019 6:44
151505,Macbook Pro Laptop,1,2/22/2019 12:48
151506,27in FHD Monitor,1,2/12/2019 11:48
151507,AAA Batteries (4-pack),4,2/16/2019 19:23
151508,AA Batteries (4-pack),1,2/17/2019 11:22
151509,Apple Airpods Headphones,1,2/25/2019 21:48
151510,Bose SoundSport Headphones,1,2/13/2019 13:13
151511,Lightning Charging Cable,1,2/2/2019 22:13
151512,iPhone,1,2/6/2019 10:23
151513,Wired Headphones,1,2/13/2019 19:07
151514,Wired Headphones,1,2/2/2019 13:02
151515,Apple Airpods Headphones,1,2/23/2019 19:27
151516,iPhone,1,2/3/2019 7:43
151517,Apple Airpods Headphones,1,2/5/2019 9:44
151518,Lightning Charging Cable,1,2/1/2019 13:12
151519,AA Batteries (4-pack),1,2/21/2019 19:54
151520,USB-C Charging Cable,1,2/6/2019 8:34
151521,Lightning Charging Cable,1,2/26/2019 17:11
151522,AAA Batteries (4-pack),1,2/13/2019 14:53
151523,AAA Batteries (4-pack),1,2/26/2019 15:28
151524,34in Ultrawide Monitor,1,2/21/2019 15:28
151525,34in Ultrawide Monitor,1,2/10/2019 16:26
151526,34in Ultrawide Monitor,1,2/9/2019 8:20
151527,Wired Headphones,1,2/26/2019 16:23
151528,AAA Batteries (4-pack),1,2/11/2019 16:05
151529,Lightning Charging Cable,1,2/21/2019 21:51
151530,Lightning Charging Cable,1,2/17/2019 13:15
151531,Apple Airpods Headphones,1,2/8/2019 18:56
151532,USB-C Charging Cable,1,2/22/2019 10:58
151533,Lightning Charging Cable,2,2/23/2019 17:04
151534,Lightning Charging Cable,1,2/3/2019 12:49
151535,AAA Batteries (4-pack),1,2/9/2019 23:20
151536,Flatscreen TV,1,2/22/2019 10:11
151537,USB-C Charging Cable,1,2/19/2019 16:33
151538,AA Batteries (4-pack),1,2/28/2019 13:20
151539,USB-C Charging Cable,1,2/6/2019 13:22
151540,Lightning Charging Cable,1,2/16/2019 9:57
151541,AA Batteries (4-pack),2,2/6/2019 22:02
151542,USB-C Charging Cable,1,2/9/2019 21:08
151543,Apple Airpods Headphones,1,2/16/2019 13:58
151544,Lightning Charging Cable,1,2/13/2019 16:37
151545,Lightning Charging Cable,1,2/9/2019 16:10
151546,USB-C Charging Cable,2,2/26/2019 22:20
151547,Lightning Charging Cable,1,2/23/2019 21:25
151548,20in Monitor,1,2/12/2019 13:57
151549,27in 4K Gaming Monitor,1,2/16/2019 16:40
151550,Wired Headphones,1,2/17/2019 21:12
151551,iPhone,1,2/17/2019 10:11
151552,ThinkPad Laptop,1,2/21/2019 14:52
151553,AA Batteries (4-pack),2,2/11/2019 14:02
151554,Lightning Charging Cable,1,2/3/2019 22:56
151555,Macbook Pro Laptop,1,2/5/2019 0:50
151556,iPhone,1,2/7/2019 10:15
151557,Lightning Charging Cable,1,2/11/2019 12:45
151558,Google Phone,1,2/11/2019 0:17
151559,Lightning Charging Cable,1,2/16/2019 0:50
151560,AAA Batteries (4-pack),1,2/21/2019 15:26
151561,Apple Airpods Headphones,1,2/28/2019 22:33
151562,20in Monitor,1,2/28/2019 15:29
151563,AA Batteries (4-pack),2,2/19/2019 12:34
151564,AAA Batteries (4-pack),1,2/13/2019 22:58
151565,AAA Batteries (4-pack),1,2/9/2019 21:16
151566,Lightning Charging Cable,1,2/14/2019 12:27
151567,AA Batteries (4-pack),1,2/21/2019 13:19
151568,Google Phone,2,2/17/2019 15:41
151568,Wired Headphones,2,2/17/2019 15:41
151568,USB-C Charging Cable,1,2/17/2019 15:41
151569,AAA Batteries (4-pack),1,2/25/2019 10:15
151570,Wired Headphones,1,2/7/2019 6:49
151571,20in Monitor,1,2/26/2019 21:12
151572,AAA Batteries (4-pack),1,2/10/2019 11:17
151573,Lightning Charging Cable,1,2/1/2019 21:08
151574,AA Batteries (4-pack),1,2/2/2019 16:24
151575,Wired Headphones,1,2/18/2019 9:27
151576,AA Batteries (4-pack),1,2/27/2019 9:19
151577,LG Washing Machine,1,2/27/2019 12:23
151578,AA Batteries (4-pack),1,2/28/2019 10:30
151579,AA Batteries (4-pack),1,2/9/2019 14:19
151580,Wired Headphones,1,2/5/2019 3:46
151581,AAA Batteries (4-pack),2,2/20/2019 1:10
151582,AA Batteries (4-pack),1,2/26/2019 20:23
151583,Macbook Pro Laptop,1,2/9/2019 22:50
151584,Macbook Pro Laptop,1,2/28/2019 17:21
151585,AA Batteries (4-pack),1,2/7/2019 18:23
151586,Macbook Pro Laptop,1,2/26/2019 19:45
151587,AAA Batteries (4-pack),2,2/11/2019 20:40
151588,iPhone,1,2/21/2019 20:07
151589,USB-C Charging Cable,1,2/27/2019 14:16
151590,AA Batteries (4-pack),1,2/14/2019 17:57
151591,Lightning Charging Cable,1,2/14/2019 9:10
151592,Lightning Charging Cable,2,2/20/2019 16:45
151593,Google Phone,1,2/20/2019 9:38
151594,20in Monitor,1,2/2/2019 22:07
151595,Vareebadd Phone,1,2/26/2019 12:50
151596,34in Ultrawide Monitor,1,2/27/2019 19:44
151597,Macbook Pro Laptop,1,2/19/2019 19:40
151598,AA Batteries (4-pack),1,2/4/2019 13:18
151599,ThinkPad Laptop,1,2/15/2019 22:12
151600,AA Batteries (4-pack),1,2/7/2019 11:21
151601,Flatscreen TV,1,2/24/2019 15:38
151602,Macbook Pro Laptop,1,2/4/2019 17:48
151603,27in FHD Monitor,1,2/23/2019 21:27
151604,Lightning Charging Cable,1,2/14/2019 17:14
151605,iPhone,1,2/1/2019 19:19
151606,Macbook Pro Laptop,1,2/22/2019 0:18
151607,Google Phone,1,2/2/2019 18:48
151608,ThinkPad Laptop,1,2/18/2019 16:38
151609,USB-C Charging Cable,1,2/21/2019 19:56
151610,Bose SoundSport Headphones,1,2/14/2019 18:49
151611,ThinkPad Laptop,1,2/26/2019 16:10
151612,AA Batteries (4-pack),1,2/13/2019 19:35
151613,AA Batteries (4-pack),1,2/13/2019 20:28
151614,USB-C Charging Cable,1,2/26/2019 19:56
151615,Apple Airpods Headphones,1,2/26/2019 9:22
151616,USB-C Charging Cable,1,2/25/2019 19:29
151616,USB-C Charging Cable,1,2/25/2019 19:29
151617,iPhone,1,2/12/2019 12:02
151618,Lightning Charging Cable,1,2/27/2019 10:44
151619,AAA Batteries (4-pack),1,2/19/2019 13:39
151620,27in 4K Gaming Monitor,1,2/24/2019 0:50
151621,USB-C Charging Cable,1,2/11/2019 15:36
151622,USB-C Charging Cable,1,2/25/2019 19:27
151623,Wired Headphones,1,2/7/2019 22:31
151624,Wired Headphones,1,2/12/2019 0:13
151625,Lightning Charging Cable,1,2/27/2019 12:47
151626,AAA Batteries (4-pack),2,2/5/2019 19:40
151627,USB-C Charging Cable,2,2/9/2019 20:00
151628,AA Batteries (4-pack),1,2/28/2019 12:41
151629,Macbook Pro Laptop,1,2/26/2019 17:12
151630,Vareebadd Phone,1,2/23/2019 9:29
151631,27in FHD Monitor,1,2/23/2019 21:02
151632,Macbook Pro Laptop,1,2/14/2019 9:13
151633,Apple Airpods Headphones,1,2/24/2019 11:41
151634,Macbook Pro Laptop,1,2/12/2019 19:58
151635,Flatscreen TV,1,2/24/2019 9:13
151636,AAA Batteries (4-pack),1,2/14/2019 16:06
151637,AA Batteries (4-pack),1,2/17/2019 1:17
151638,27in 4K Gaming Monitor,1,2/7/2019 14:28
151639,iPhone,1,2/24/2019 16:22
151639,Lightning Charging Cable,1,2/24/2019 16:22
151640,Google Phone,1,2/21/2019 3:43
151641,Lightning Charging Cable,1,2/23/2019 11:22
151642,AAA Batteries (4-pack),2,2/10/2019 15:52
151643,iPhone,1,2/8/2019 15:26
151644,27in 4K Gaming Monitor,1,2/9/2019 22:43
151645,Wired Headphones,1,2/20/2019 20:38
151646,USB-C Charging Cable,1,2/18/2019 13:46
151647,20in Monitor,1,2/8/2019 0:34
151648,Apple Airpods Headphones,1,2/24/2019 19:16
151649,AA Batteries (4-pack),1,2/15/2019 20:04
151650,USB-C Charging Cable,1,2/18/2019 9:27
151651,iPhone,1,2/9/2019 13:17
151652,Apple Airpods Headphones,1,2/2/2019 9:52
151653,USB-C Charging Cable,1,2/18/2019 11:42
151654,AAA Batteries (4-pack),1,2/4/2019 14:27
151655,Lightning Charging Cable,1,2/18/2019 14:34
151656,Google Phone,1,2/2/2019 20:58
151657,34in Ultrawide Monitor,1,2/10/2019 9:36
151658,34in Ultrawide Monitor,2,2/22/2019 9:22
151659,Wired Headphones,2,2/27/2019 12:43
151660,AAA Batteries (4-pack),1,2/9/2019 12:50
151661,AA Batteries (4-pack),2,2/24/2019 17:36
151662,Lightning Charging Cable,1,2/24/2019 20:20
151663,Lightning Charging Cable,1,2/24/2019 18:22
151664,Macbook Pro Laptop,1,2/9/2019 23:37
151665,LG Washing Machine,1,2/10/2019 9:04
151666,Bose SoundSport Headphones,1,2/8/2019 20:31
151667,Apple Airpods Headphones,1,2/2/2019 7:48
151667,Bose SoundSport Headphones,1,2/2/2019 7:48
151668,Apple Airpods Headphones,1,2/2/2019 14:50
151669,Lightning Charging Cable,1,2/12/2019 11:50
151670,Apple Airpods Headphones,1,2/10/2019 20:28
151671,USB-C Charging Cable,1,2/24/2019 22:32
151672,Flatscreen TV,1,2/3/2019 22:35
151673,Wired Headphones,1,2/10/2019 21:52
151673,Wired Headphones,1,2/10/2019 21:52
151674,AAA Batteries (4-pack),7,2/8/2019 1:02
151675,Google Phone,1,2/19/2019 19:52
151675,USB-C Charging Cable,1,2/19/2019 19:52
151676,27in FHD Monitor,1,2/16/2019 10:11
151677,USB-C Charging Cable,1,2/7/2019 16:19
151678,AAA Batteries (4-pack),1,2/28/2019 12:49
151679,Apple Airpods Headphones,1,2/21/2019 10:49
151680,20in Monitor,1,2/8/2019 17:45
151681,Bose SoundSport Headphones,1,2/27/2019 1:05
151682,AAA Batteries (4-pack),1,2/21/2019 16:10
151683,Lightning Charging Cable,1,2/21/2019 12:20
151684,Flatscreen TV,1,2/22/2019 21:58
151685,27in FHD Monitor,1,2/15/2019 17:20
151686,AA Batteries (4-pack),2,2/3/2019 14:49
151687,AAA Batteries (4-pack),1,2/24/2019 21:50
151688,AA Batteries (4-pack),2,2/2/2019 8:38
151689,AA Batteries (4-pack),1,2/23/2019 13:12
151690,Macbook Pro Laptop,1,2/3/2019 16:19
151690,Bose SoundSport Headphones,1,2/3/2019 16:19
151691,iPhone,1,2/26/2019 15:26
151692,AAA Batteries (4-pack),3,2/27/2019 16:35
151693,AAA Batteries (4-pack),1,2/13/2019 8:41
151694,Lightning Charging Cable,1,2/10/2019 10:23
151695,AAA Batteries (4-pack),1,2/27/2019 7:34
151696,AAA Batteries (4-pack),2,2/20/2019 22:48
151697,Wired Headphones,1,2/9/2019 16:53
151698,AAA Batteries (4-pack),1,2/10/2019 12:56
151699,Lightning Charging Cable,1,2/15/2019 10:34
151700,Wired Headphones,1,2/15/2019 1:20
151700,USB-C Charging Cable,1,2/15/2019 1:20
151701,AA Batteries (4-pack),1,2/19/2019 20:51
151702,USB-C Charging Cable,1,2/15/2019 8:15
151703,Apple Airpods Headphones,1,2/19/2019 22:04
151704,27in 4K Gaming Monitor,1,2/7/2019 20:16
151705,ThinkPad Laptop,1,2/13/2019 18:39
151706,USB-C Charging Cable,1,2/18/2019 20:58
151707,Wired Headphones,1,2/14/2019 1:43
151708,USB-C Charging Cable,1,2/11/2019 10:59
151709,Bose SoundSport Headphones,1,2/7/2019 20:00
151710,AA Batteries (4-pack),2,2/17/2019 22:59
151711,iPhone,1,2/4/2019 20:19
151712,Lightning Charging Cable,1,2/9/2019 1:00
151712,AA Batteries (4-pack),1,2/9/2019 1:00
151713,Wired Headphones,1,2/9/2019 9:42
151714,Vareebadd Phone,1,2/28/2019 10:36
151715,Lightning Charging Cable,1,2/14/2019 12:44
151716,Bose SoundSport Headphones,1,2/26/2019 18:54
151717,USB-C Charging Cable,1,2/13/2019 14:33
151718,Macbook Pro Laptop,1,2/13/2019 22:01
151719,USB-C Charging Cable,1,2/23/2019 0:31
151720,USB-C Charging Cable,1,2/2/2019 17:36
151721,USB-C Charging Cable,1,2/10/2019 11:08
151722,USB-C Charging Cable,1,2/22/2019 14:23
151723,27in 4K Gaming Monitor,1,2/8/2019 8:33
151724,Apple Airpods Headphones,1,2/4/2019 23:51
151725,Vareebadd Phone,1,2/4/2019 13:42
151726,AAA Batteries (4-pack),1,2/19/2019 9:08
151727,iPhone,1,2/27/2019 18:02
151728,Apple Airpods Headphones,1,2/27/2019 0:14
151729,Macbook Pro Laptop,1,2/23/2019 19:32
151730,Lightning Charging Cable,1,2/5/2019 8:34
151731,USB-C Charging Cable,1,2/13/2019 10:30
151732,34in Ultrawide Monitor,1,2/17/2019 19:24
151733,Lightning Charging Cable,2,2/23/2019 9:54
151734,Wired Headphones,1,2/28/2019 10:19
151734,iPhone,1,2/28/2019 10:19
151735,Lightning Charging Cable,1,2/1/2019 18:16
151736,Macbook Pro Laptop,1,2/22/2019 14:58
151737,27in FHD Monitor,1,2/20/2019 7:34
151738,Apple Airpods Headphones,1,2/15/2019 18:55
151739,AA Batteries (4-pack),1,2/25/2019 13:14
151740,Bose SoundSport Headphones,1,2/28/2019 21:12
151741,AAA Batteries (4-pack),2,2/8/2019 11:19
151742,iPhone,1,2/23/2019 2:44
151743,Apple Airpods Headphones,1,2/5/2019 17:14
151744,USB-C Charging Cable,1,2/17/2019 11:19
151745,Lightning Charging Cable,1,2/4/2019 5:41
151746,Lightning Charging Cable,3,2/12/2019 2:54
151747,Lightning Charging Cable,1,2/25/2019 13:56
151748,iPhone,1,2/9/2019 9:17
151748,Apple Airpods Headphones,1,2/9/2019 9:17
151749,Bose SoundSport Headphones,1,3/1/2019 1:54
151750,Flatscreen TV,1,2/16/2019 12:42
151751,20in Monitor,1,2/1/2019 18:39
151752,27in 4K Gaming Monitor,1,2/6/2019 12:57
151753,Wired Headphones,1,2/17/2019 16:36
151754,AA Batteries (4-pack),4,2/22/2019 21:35
151755,27in FHD Monitor,1,2/21/2019 17:59
151756,Wired Headphones,1,2/16/2019 17:44
151757,Apple Airpods Headphones,1,2/18/2019 21:47
151758,Lightning Charging Cable,1,2/16/2019 16:13
151759,iPhone,1,2/6/2019 23:22
151760,AAA Batteries (4-pack),1,2/17/2019 11:20
151761,AA Batteries (4-pack),2,2/18/2019 20:29
151762,iPhone,1,2/18/2019 0:33
151763,27in FHD Monitor,1,2/4/2019 11:18
151764,Vareebadd Phone,1,2/2/2019 19:20
151765,AAA Batteries (4-pack),1,2/23/2019 13:42
151766,USB-C Charging Cable,1,2/22/2019 13:24
151767,iPhone,1,2/28/2019 1:03
151768,AAA Batteries (4-pack),1,2/7/2019 12:38
151769,34in Ultrawide Monitor,1,2/13/2019 22:03
151770,34in Ultrawide Monitor,1,2/6/2019 16:40
151771,Bose SoundSport Headphones,1,2/22/2019 15:30
151772,Lightning Charging Cable,1,2/19/2019 11:39
151773,AAA Batteries (4-pack),2,2/4/2019 7:37
151774,Lightning Charging Cable,1,2/12/2019 22:34
151775,Apple Airpods Headphones,1,2/20/2019 21:35
151776,USB-C Charging Cable,1,2/4/2019 21:24
151776,20in Monitor,1,2/4/2019 21:24
151777,iPhone,1,2/26/2019 13:06
151778,Bose SoundSport Headphones,1,2/7/2019 19:34
151779,AA Batteries (4-pack),1,2/17/2019 21:07
151780,USB-C Charging Cable,1,2/25/2019 10:22
151781,34in Ultrawide Monitor,1,2/21/2019 12:39
151782,Apple Airpods Headphones,1,2/27/2019 21:54
151783,AA Batteries (4-pack),1,2/26/2019 10:03
151784,Lightning Charging Cable,1,2/16/2019 7:28
151785,AAA Batteries (4-pack),3,2/25/2019 14:58
151786,Lightning Charging Cable,1,2/9/2019 15:18
151787,AA Batteries (4-pack),1,2/9/2019 12:14
151788,AAA Batteries (4-pack),3,2/18/2019 20:24
151789,Flatscreen TV,1,2/25/2019 14:30
151790,27in 4K Gaming Monitor,1,2/27/2019 10:17
151791,AAA Batteries (4-pack),2,2/21/2019 10:57
151792,Wired Headphones,1,2/20/2019 14:57
151793,ThinkPad Laptop,1,2/10/2019 12:23
151794,AA Batteries (4-pack),1,2/9/2019 11:45
151795,USB-C Charging Cable,1,2/20/2019 19:59
151796,AAA Batteries (4-pack),1,2/25/2019 18:35
151797,AAA Batteries (4-pack),3,2/21/2019 22:38
151798,AAA Batteries (4-pack),1,2/16/2019 13:14
151799,USB-C Charging Cable,2,2/13/2019 11:21
151800,USB-C Charging Cable,1,2/21/2019 9:31
151801,Lightning Charging Cable,1,2/6/2019 0:16
151802,27in FHD Monitor,1,2/6/2019 4:35
151803,AA Batteries (4-pack),3,2/3/2019 21:22
151804,AAA Batteries (4-pack),2,2/7/2019 23:51
151805,AAA Batteries (4-pack),1,2/3/2019 21:18
151806,USB-C Charging Cable,1,2/14/2019 11:37
151807,Apple Airpods Headphones,1,2/7/2019 3:46
151808,USB-C Charging Cable,1,2/20/2019 15:17
151809,USB-C Charging Cable,1,2/26/2019 18:00
151810,AA Batteries (4-pack),1,2/24/2019 16:47
151811,USB-C Charging Cable,1,2/6/2019 18:46
151812,Lightning Charging Cable,1,2/28/2019 17:02
151813,Google Phone,1,2/19/2019 22:36
151814,AAA Batteries (4-pack),1,2/16/2019 23:10
151815,Lightning Charging Cable,1,2/7/2019 0:44
151816,AA Batteries (4-pack),2,2/18/2019 8:27
151817,USB-C Charging Cable,2,2/28/2019 9:30
151818,27in FHD Monitor,1,2/23/2019 20:31
151819,AA Batteries (4-pack),1,2/2/2019 13:17
151820,Apple Airpods Headphones,1,2/15/2019 13:15
151821,Lightning Charging Cable,1,2/9/2019 6:40
151822,AAA Batteries (4-pack),1,2/14/2019 9:42
151823,AA Batteries (4-pack),3,2/9/2019 22:49
151824,34in Ultrawide Monitor,1,2/13/2019 13:21
151825,USB-C Charging Cable,1,2/4/2019 16:47
151826,27in 4K Gaming Monitor,1,2/17/2019 12:11
151827,Lightning Charging Cable,1,2/17/2019 23:13
151828,AA Batteries (4-pack),1,2/17/2019 10:19
151829,AAA Batteries (4-pack),2,2/3/2019 10:09
151830,27in FHD Monitor,1,2/28/2019 9:09
151831,AA Batteries (4-pack),1,2/18/2019 23:09
151832,AAA Batteries (4-pack),2,2/10/2019 21:58
151833,Lightning Charging Cable,1,2/28/2019 22:29
151834,iPhone,1,2/4/2019 18:17
151835,USB-C Charging Cable,1,2/21/2019 20:12
151836,AA Batteries (4-pack),1,2/11/2019 21:29
151837,USB-C Charging Cable,3,2/9/2019 19:02
151838,Lightning Charging Cable,1,2/17/2019 10:25
151839,USB-C Charging Cable,1,2/2/2019 22:19
151840,34in Ultrawide Monitor,1,2/14/2019 11:29
151841,LG Dryer,1,2/24/2019 4:31
151842,27in 4K Gaming Monitor,1,2/21/2019 11:01
151843,Vareebadd Phone,1,2/15/2019 17:56
151843,Bose SoundSport Headphones,1,2/15/2019 17:56
151844,iPhone,1,2/18/2019 16:29
151845,Apple Airpods Headphones,1,2/26/2019 12:58
151846,AAA Batteries (4-pack),2,2/13/2019 7:16
151847,iPhone,1,2/20/2019 15:37
151848,20in Monitor,1,2/14/2019 14:20
151849,Lightning Charging Cable,1,2/4/2019 14:52
151850,Bose SoundSport Headphones,2,2/8/2019 15:18
151851,Google Phone,1,2/23/2019 19:52
151851,Bose SoundSport Headphones,1,2/23/2019 19:52
151852,Lightning Charging Cable,1,2/12/2019 13:25
151853,Flatscreen TV,1,2/27/2019 5:16
151854,Bose SoundSport Headphones,1,2/8/2019 13:04
151855,Bose SoundSport Headphones,1,2/2/2019 13:29
151856,USB-C Charging Cable,1,2/6/2019 12:11
151856,USB-C Charging Cable,1,2/6/2019 12:11
151857,Google Phone,1,2/1/2019 19:49
151858,Google Phone,1,2/1/2019 22:43
151858,USB-C Charging Cable,1,2/1/2019 22:43
151859,ThinkPad Laptop,1,2/6/2019 17:39
151860,Bose SoundSport Headphones,1,2/27/2019 2:13
151861,Wired Headphones,1,2/3/2019 14:32
151862,Bose SoundSport Headphones,1,2/28/2019 11:28
151863,Flatscreen TV,1,2/16/2019 8:20
151864,Bose SoundSport Headphones,1,2/11/2019 20:07
151865,27in FHD Monitor,1,2/25/2019 19:13
151866,Macbook Pro Laptop,1,2/12/2019 8:18
151867,Lightning Charging Cable,1,2/3/2019 23:39
151868,AAA Batteries (4-pack),1,2/7/2019 18:31
151869,Apple Airpods Headphones,1,2/24/2019 19:53
151870,AAA Batteries (4-pack),3,2/2/2019 22:48
151871,AA Batteries (4-pack),2,2/22/2019 20:46
151872,Lightning Charging Cable,1,2/2/2019 19:58
151873,Macbook Pro Laptop,1,2/18/2019 10:01
151874,AA Batteries (4-pack),1,2/25/2019 10:21
151875,AAA Batteries (4-pack),1,2/14/2019 17:42
151876,AAA Batteries (4-pack),1,2/13/2019 12:33
151877,AA Batteries (4-pack),1,2/18/2019 13:52
151878,Wired Headphones,1,2/17/2019 11:21
151879,Google Phone,1,2/7/2019 1:21
151880,USB-C Charging Cable,1,2/9/2019 16:22
151881,Bose SoundSport Headphones,1,2/1/2019 18:29
151882,Wired Headphones,1,2/19/2019 8:56
151883,27in 4K Gaming Monitor,1,2/9/2019 20:40
151884,Macbook Pro Laptop,1,2/7/2019 22:01
151885,27in FHD Monitor,1,2/16/2019 22:43
151886,Apple Airpods Headphones,1,2/13/2019 18:59
151887,iPhone,1,2/13/2019 21:43
151888,Apple Airpods Headphones,1,2/18/2019 1:36
151889,27in 4K Gaming Monitor,1,2/5/2019 18:53
151890,Lightning Charging Cable,1,2/10/2019 14:06
151891,AAA Batteries (4-pack),2,2/8/2019 19:29
151892,27in 4K Gaming Monitor,1,2/8/2019 22:34
151893,iPhone,1,2/26/2019 22:30
151894,Wired Headphones,1,2/20/2019 18:51
151895,27in FHD Monitor,1,2/18/2019 18:04
151896,Apple Airpods Headphones,1,2/4/2019 14:41
151897,Flatscreen TV,1,2/28/2019 17:02
151898,Wired Headphones,1,2/6/2019 8:05
151899,USB-C Charging Cable,1,2/6/2019 17:47
151900,34in Ultrawide Monitor,1,2/10/2019 6:51
151901,Bose SoundSport Headphones,1,2/27/2019 14:32
151902,Google Phone,1,2/5/2019 19:30
151902,iPhone,1,2/5/2019 19:30
151903,iPhone,1,2/23/2019 15:37
151904,AAA Batteries (4-pack),1,2/25/2019 14:18
151905,Wired Headphones,1,2/13/2019 18:32
151906,USB-C Charging Cable,1,2/22/2019 16:57
151907,AAA Batteries (4-pack),1,2/20/2019 12:54
151908,Flatscreen TV,1,2/27/2019 13:04
151909,USB-C Charging Cable,1,2/22/2019 19:46
151910,Bose SoundSport Headphones,1,2/25/2019 8:46
151911,Wired Headphones,1,2/12/2019 18:39
151912,USB-C Charging Cable,1,2/22/2019 18:58
151913,Wired Headphones,1,2/12/2019 22:13
151914,AAA Batteries (4-pack),1,2/22/2019 17:57
151915,Google Phone,1,2/6/2019 17:14
151916,Wired Headphones,1,2/27/2019 13:04
151917,AAA Batteries (4-pack),4,2/15/2019 9:56
151918,iPhone,1,2/12/2019 13:17
151919,27in 4K Gaming Monitor,1,2/21/2019 11:11
Order ID,Product,Quantity Ordered,Order Date
151920,Wired Headphones,1,2/24/2019 14:50
151921,ThinkPad Laptop,1,2/6/2019 15:07
151922,Apple Airpods Headphones,1,2/7/2019 10:29
151923,Wired Headphones,1,2/14/2019 13:15
,,,
151924,Apple Airpods Headphones,1,2/5/2019 13:58
151925,USB-C Charging Cable,1,2/7/2019 22:51
151926,AAA Batteries (4-pack),2,2/6/2019 3:57
151927,Bose SoundSport Headphones,1,2/19/2019 17:16
151928,USB-C Charging Cable,1,2/10/2019 20:28
151929,Apple Airpods Headphones,1,2/25/2019 11:21
151930,AA Batteries (4-pack),2,2/22/2019 12:15
151931,Bose SoundSport Headphones,1,2/19/2019 6:53
151932,AA Batteries (4-pack),1,2/26/2019 12:07
151933,AA Batteries (4-pack),1,2/6/2019 14:43
151934,AAA Batteries (4-pack),1,2/10/2019 23:54
151935,Bose SoundSport Headphones,1,2/14/2019 2:51
151936,27in FHD Monitor,1,2/23/2019 12:27
151937,Bose SoundSport Headphones,1,2/16/2019 20:22
151938,USB-C Charging Cable,1,2/23/2019 23:41
151939,Wired Headphones,1,2/26/2019 18:32
151940,27in 4K Gaming Monitor,1,2/12/2019 21:31
151941,Wired Headphones,1,2/14/2019 19:27
151942,Apple Airpods Headphones,1,2/3/2019 7:50
151943,AAA Batteries (4-pack),1,2/7/2019 14:07
151944,Bose SoundSport Headphones,1,2/16/2019 12:56
151945,Flatscreen TV,1,2/28/2019 12:28
151946,AAA Batteries (4-pack),1,2/16/2019 6:50
151947,AAA Batteries (4-pack),1,2/1/2019 19:25
151948,AA Batteries (4-pack),1,2/16/2019 0:13
151949,Lightning Charging Cable,1,2/5/2019 17:25
151950,27in 4K Gaming Monitor,1,2/17/2019 19:35
151951,AA Batteries (4-pack),2,2/28/2019 14:58
,,,
151952,USB-C Charging Cable,1,2/28/2019 21:10
151953,27in FHD Monitor,1,2/7/2019 17:59
151954,ThinkPad Laptop,1,2/4/2019 17:13
151955,Bose SoundSport Headphones,1,2/13/2019 11:32
151956,Wired Headphones,1,2/12/2019 18:56
151957,USB-C Charging Cable,1,2/19/2019 12:15
151958,Google Phone,1,2/25/2019 20:04
151958,Wired Headphones,1,2/25/2019 20:04
151959,Google Phone,1,2/11/2019 12:31
151959,USB-C Charging Cable,1,2/11/2019 12:31
151960,Apple Airpods Headphones,1,2/14/2019 10:32
151961,Vareebadd Phone,1,2/14/2019 11:35
151961,USB-C Charging Cable,1,2/14/2019 11:35
151961,Bose SoundSport Headphones,1,2/14/2019 11:35
151962,AAA Batteries (4-pack),2,2/11/2019 17:54
151963,27in FHD Monitor,1,2/17/2019 17:39
151964,USB-C Charging Cable,1,2/9/2019 18:07
151965,AA Batteries (4-pack),1,2/12/2019 20:02
151966,Lightning Charging Cable,1,2/26/2019 18:35
151967,Macbook Pro Laptop,1,2/9/2019 17:33
151968,Lightning Charging Cable,1,2/24/2019 16:18
151969,iPhone,1,2/22/2019 19:58
151970,34in Ultrawide Monitor,1,2/1/2019 10:06
151971,Apple Airpods Headphones,1,2/2/2019 9:50
151972,Bose SoundSport Headphones,1,2/27/2019 12:40
151973,Bose SoundSport Headphones,1,2/3/2019 21:25
151974,AA Batteries (4-pack),1,2/7/2019 16:51
151975,AA Batteries (4-pack),1,2/24/2019 8:46
151976,AAA Batteries (4-pack),1,2/20/2019 21:13
151976,Bose SoundSport Headphones,1,2/20/2019 21:13
151977,AAA Batteries (4-pack),2,2/2/2019 9:12
151978,USB-C Charging Cable,1,2/5/2019 15:43
151979,AAA Batteries (4-pack),1,2/17/2019 10:51
151980,AA Batteries (4-pack),2,2/11/2019 21:34
151981,Bose SoundSport Headphones,1,2/16/2019 22:45
151982,USB-C Charging Cable,2,2/7/2019 0:08
151983,27in 4K Gaming Monitor,1,2/5/2019 11:16
151984,USB-C Charging Cable,1,2/2/2019 18:44
151985,AAA Batteries (4-pack),1,2/12/2019 9:14
151986,27in 4K Gaming Monitor,1,2/16/2019 16:01
151987,Bose SoundSport Headphones,1,2/28/2019 21:46
151988,27in FHD Monitor,1,2/5/2019 22:53
151989,AA Batteries (4-pack),2,2/25/2019 0:53
151990,Google Phone,1,2/14/2019 16:18
151991,Bose SoundSport Headphones,1,2/20/2019 3:38
151992,USB-C Charging Cable,2,2/26/2019 23:49
151992,Apple Airpods Headphones,1,2/26/2019 23:49
151993,27in 4K Gaming Monitor,1,2/2/2019 11:35
151994,Apple Airpods Headphones,1,2/6/2019 18:09
151995,Apple Airpods Headphones,1,2/9/2019 20:53
151996,Lightning Charging Cable,1,2/5/2019 17:21
151997,USB-C Charging Cable,1,2/16/2019 8:37
151998,Lightning Charging Cable,2,2/6/2019 13:10
151999,Macbook Pro Laptop,1,2/3/2019 11:17
152000,Wired Headphones,1,2/28/2019 17:04
152001,AA Batteries (4-pack),2,2/22/2019 2:09
152002,34in Ultrawide Monitor,1,2/14/2019 12:11
152002,AAA Batteries (4-pack),2,2/14/2019 12:11
152003,USB-C Charging Cable,1,2/25/2019 21:39
152004,Lightning Charging Cable,1,2/10/2019 19:43
152005,Lightning Charging Cable,1,2/2/2019 20:45
152006,USB-C Charging Cable,1,2/3/2019 11:17
152007,Bose SoundSport Headphones,1,2/18/2019 15:06
152008,AA Batteries (4-pack),1,2/21/2019 18:29
152009,Bose SoundSport Headphones,1,2/13/2019 17:12
152010,Wired Headphones,1,2/4/2019 9:28
152011,USB-C Charging Cable,1,2/9/2019 11:25
152012,USB-C Charging Cable,1,2/13/2019 18:58
152013,USB-C Charging Cable,1,2/15/2019 17:45
152014,AAA Batteries (4-pack),1,2/23/2019 20:03
152015,Lightning Charging Cable,1,2/19/2019 17:10
152016,ThinkPad Laptop,1,2/24/2019 8:20
152017,AAA Batteries (4-pack),1,2/6/2019 16:49
152018,Google Phone,1,2/12/2019 8:56
152019,34in Ultrawide Monitor,1,2/15/2019 8:27
152020,Wired Headphones,1,2/11/2019 15:20
152021,34in Ultrawide Monitor,1,2/10/2019 20:59
152022,USB-C Charging Cable,1,2/6/2019 22:08
152023,Wired Headphones,1,2/25/2019 22:57
152024,iPhone,1,2/4/2019 20:40
152025,iPhone,1,2/27/2019 12:21
152026,Wired Headphones,1,2/12/2019 20:07
152027,iPhone,1,2/27/2019 23:36
152028,USB-C Charging Cable,1,2/17/2019 10:07
152029,USB-C Charging Cable,1,2/18/2019 12:14
152030,27in FHD Monitor,1,2/1/2019 13:43
152031,AA Batteries (4-pack),1,2/2/2019 21:36
152032,USB-C Charging Cable,1,2/23/2019 10:40
152033,Lightning Charging Cable,1,2/14/2019 12:30
152034,27in FHD Monitor,2,2/18/2019 9:30
152035,USB-C Charging Cable,1,2/27/2019 18:43
152036,ThinkPad Laptop,1,3/1/2019 5:56
152037,Lightning Charging Cable,1,2/24/2019 0:04
152038,34in Ultrawide Monitor,1,2/2/2019 15:53
152039,Lightning Charging Cable,1,2/2/2019 18:49
152040,USB-C Charging Cable,1,2/5/2019 19:36
152041,ThinkPad Laptop,1,2/28/2019 10:47
152042,AAA Batteries (4-pack),1,2/11/2019 13:26
152043,Apple Airpods Headphones,1,2/12/2019 12:46
152043,AAA Batteries (4-pack),3,2/12/2019 12:46
152044,AAA Batteries (4-pack),1,2/12/2019 8:17
152045,AA Batteries (4-pack),1,2/18/2019 3:03
152046,Wired Headphones,1,2/21/2019 8:19
152047,USB-C Charging Cable,1,2/16/2019 10:07
152048,USB-C Charging Cable,1,2/23/2019 13:19
152049,USB-C Charging Cable,2,2/25/2019 20:11
152050,USB-C Charging Cable,1,2/20/2019 23:05
152051,Wired Headphones,1,2/7/2019 3:28
152052,Lightning Charging Cable,1,2/8/2019 16:53
152053,iPhone,1,2/17/2019 13:38
152054,Wired Headphones,1,2/2/2019 13:35
152055,USB-C Charging Cable,1,2/25/2019 12:39
152056,AA Batteries (4-pack),1,2/3/2019 9:58
152057,Vareebadd Phone,1,2/22/2019 16:32
152058,USB-C Charging Cable,1,2/27/2019 11:06
152059,Macbook Pro Laptop,1,2/9/2019 9:29
152060,AAA Batteries (4-pack),1,2/8/2019 11:59
152061,AA Batteries (4-pack),1,2/22/2019 17:57
152062,27in 4K Gaming Monitor,1,2/2/2019 20:20
152063,USB-C Charging Cable,1,2/17/2019 20:15
152064,ThinkPad Laptop,1,2/22/2019 19:41
152064,AAA Batteries (4-pack),4,2/22/2019 19:41
152065,AA Batteries (4-pack),1,2/16/2019 10:14
152066,ThinkPad Laptop,1,2/13/2019 23:07
152067,AA Batteries (4-pack),2,2/18/2019 21:39
152068,AA Batteries (4-pack),2,2/11/2019 18:59
152069,Bose SoundSport Headphones,1,2/4/2019 2:18
152070,iPhone,1,2/7/2019 20:46
152071,20in Monitor,1,2/11/2019 22:33
152072,iPhone,1,2/19/2019 16:01
152072,Apple Airpods Headphones,1,2/19/2019 16:01
152073,AA Batteries (4-pack),1,2/28/2019 20:18
152074,AAA Batteries (4-pack),1,2/7/2019 8:36
152075,Lightning Charging Cable,1,2/25/2019 15:50
152076,Lightning Charging Cable,1,2/3/2019 11:53
152077,Vareebadd Phone,1,2/18/2019 16:14
152078,27in FHD Monitor,1,2/21/2019 17:32
152079,AA Batteries (4-pack),1,2/18/2019 22:30
152080,27in 4K Gaming Monitor,1,2/11/2019 13:38
152081,iPhone,1,2/18/2019 20:59
152081,Lightning Charging Cable,1,2/18/2019 20:59
152082,AAA Batteries (4-pack),1,2/27/2019 19:10
152083,AA Batteries (4-pack),1,2/22/2019 13:29
152084,Apple Airpods Headphones,1,2/2/2019 14:28
152085,Wired Headphones,1,2/20/2019 2:44
152086,27in FHD Monitor,1,2/2/2019 19:25
152087,Macbook Pro Laptop,1,2/10/2019 15:38
152088,Lightning Charging Cable,1,2/13/2019 13:39
152089,Vareebadd Phone,1,2/13/2019 19:15
152090,iPhone,1,2/16/2019 15:35
152091,Flatscreen TV,1,2/11/2019 19:44
152092,AA Batteries (4-pack),1,2/8/2019 21:41
152093,AAA Batteries (4-pack),1,2/2/2019 20:19
152094,AA Batteries (4-pack),1,2/28/2019 21:56
152095,Vareebadd Phone,1,2/27/2019 13:29
152096,ThinkPad Laptop,1,2/27/2019 12:18
152097,27in FHD Monitor,1,2/26/2019 22:03
152098,AA Batteries (4-pack),1,2/28/2019 23:45
152099,Bose SoundSport Headphones,1,2/8/2019 0:35
152100,iPhone,1,2/9/2019 10:26
152101,AAA Batteries (4-pack),2,2/21/2019 10:28
152102,Apple Airpods Headphones,1,2/24/2019 18:58
152103,Flatscreen TV,1,2/17/2019 12:03
152104,AA Batteries (4-pack),2,2/19/2019 22:40
152105,Lightning Charging Cable,1,2/1/2019 14:15
152106,20in Monitor,1,2/15/2019 13:00
152107,USB-C Charging Cable,1,2/24/2019 12:25
152108,Bose SoundSport Headphones,1,2/15/2019 17:24
152109,Bose SoundSport Headphones,1,2/19/2019 10:35
152110,Bose SoundSport Headphones,1,2/25/2019 17:52
152111,Wired Headphones,1,2/19/2019 22:35
152112,Apple Airpods Headphones,1,2/2/2019 13:25
152113,Apple Airpods Headphones,1,2/10/2019 22:07
152114,USB-C Charging Cable,1,2/18/2019 12:31
152115,Flatscreen TV,1,2/6/2019 14:44
152116,Bose SoundSport Headphones,1,2/17/2019 11:01
152117,AAA Batteries (4-pack),3,2/20/2019 11:59
152118,Google Phone,1,2/25/2019 8:03
152119,Apple Airpods Headphones,1,2/17/2019 19:46
152120,Wired Headphones,1,2/6/2019 22:13
152121,Wired Headphones,2,2/19/2019 12:53
152122,Flatscreen TV,1,2/7/2019 17:17
152123,Bose SoundSport Headphones,1,2/10/2019 2:44
152124,Google Phone,1,2/26/2019 20:55
152124,USB-C Charging Cable,1,2/26/2019 20:55
152125,Apple Airpods Headphones,1,2/12/2019 23:46
152126,Lightning Charging Cable,1,2/13/2019 16:29
152127,AA Batteries (4-pack),1,2/2/2019 20:40
152128,27in FHD Monitor,1,2/23/2019 15:15
152129,34in Ultrawide Monitor,1,2/25/2019 10:20
152130,Lightning Charging Cable,1,2/21/2019 7:42
152131,34in Ultrawide Monitor,1,2/12/2019 23:33
152132,USB-C Charging Cable,1,2/8/2019 20:36
152133,34in Ultrawide Monitor,1,2/9/2019 9:53
152134,Macbook Pro Laptop,1,2/15/2019 12:16
152135,iPhone,1,2/16/2019 21:16
152135,Wired Headphones,1,2/16/2019 21:16
152136,Lightning Charging Cable,1,2/27/2019 17:20
152137,AAA Batteries (4-pack),1,2/9/2019 10:25
152138,Wired Headphones,1,2/9/2019 19:44
152139,Wired Headphones,1,2/15/2019 13:23
152140,27in FHD Monitor,1,2/27/2019 18:15
152141,AA Batteries (4-pack),1,2/23/2019 16:06
152142,AA Batteries (4-pack),1,2/14/2019 17:34
152143,AA Batteries (4-pack),1,2/7/2019 16:22
152144,Lightning Charging Cable,1,2/15/2019 14:30
152145,AAA Batteries (4-pack),3,2/13/2019 16:27
152146,USB-C Charging Cable,1,2/18/2019 13:43
152147,LG Dryer,1,2/24/2019 7:59
152148,Wired Headphones,1,2/12/2019 18:42
152149,Wired Headphones,1,2/20/2019 16:53
152150,Bose SoundSport Headphones,1,2/21/2019 11:03
152151,27in FHD Monitor,1,2/9/2019 12:07
152152,AAA Batteries (4-pack),1,2/6/2019 11:24
152153,27in FHD Monitor,1,2/3/2019 19:30
152154,Flatscreen TV,1,2/9/2019 20:37
152155,27in FHD Monitor,1,2/22/2019 13:01
152156,Flatscreen TV,1,2/5/2019 10:36
152157,AAA Batteries (4-pack),1,2/21/2019 21:40
152158,27in 4K Gaming Monitor,1,2/23/2019 18:47
152159,ThinkPad Laptop,1,2/10/2019 17:01
152160,Apple Airpods Headphones,1,2/20/2019 11:35
152161,Wired Headphones,1,2/6/2019 18:04
152162,Lightning Charging Cable,1,2/4/2019 22:25
152163,Wired Headphones,1,2/17/2019 10:18
152164,Flatscreen TV,1,2/15/2019 13:46
152165,AA Batteries (4-pack),3,2/10/2019 18:49
152166,Wired Headphones,1,2/23/2019 15:10
152167,34in Ultrawide Monitor,1,2/20/2019 19:31
152168,Lightning Charging Cable,1,2/4/2019 12:42
152169,20in Monitor,1,2/16/2019 17:39
152170,USB-C Charging Cable,1,2/10/2019 13:04
152171,27in FHD Monitor,1,2/24/2019 20:22
152172,Macbook Pro Laptop,1,2/28/2019 19:07
152173,AAA Batteries (4-pack),1,2/25/2019 10:55
152174,34in Ultrawide Monitor,1,2/6/2019 12:05
152175,AAA Batteries (4-pack),1,2/11/2019 15:42
152176,ThinkPad Laptop,1,2/15/2019 8:32
152177,34in Ultrawide Monitor,1,2/3/2019 13:50
152178,AA Batteries (4-pack),1,2/26/2019 20:19
152179,Lightning Charging Cable,1,2/4/2019 11:42
152180,AA Batteries (4-pack),2,2/4/2019 10:53
152181,AAA Batteries (4-pack),1,2/10/2019 9:57
152182,Apple Airpods Headphones,1,2/1/2019 19:54
152183,34in Ultrawide Monitor,1,2/17/2019 10:06
152184,AAA Batteries (4-pack),4,2/3/2019 17:04
152185,Google Phone,1,2/27/2019 11:32
152186,Wired Headphones,1,2/4/2019 19:30
152187,Macbook Pro Laptop,1,2/19/2019 13:43
152188,Bose SoundSport Headphones,1,2/3/2019 17:50
152189,USB-C Charging Cable,1,2/13/2019 7:17
152190,Apple Airpods Headphones,1,2/5/2019 20:15
152191,Lightning Charging Cable,1,2/20/2019 21:04
152192,Lightning Charging Cable,2,2/26/2019 20:34
152193,Lightning Charging Cable,1,2/28/2019 9:34
152194,Wired Headphones,1,2/6/2019 11:02
,,,
152195,Lightning Charging Cable,1,2/24/2019 16:27
152196,USB-C Charging Cable,1,2/17/2019 17:18
152196,Apple Airpods Headphones,1,2/17/2019 17:18
152197,Wired Headphones,1,2/25/2019 12:55
152198,AAA Batteries (4-pack),1,2/28/2019 19:07
152199,20in Monitor,1,2/4/2019 9:47
152200,Flatscreen TV,1,2/15/2019 19:10
152201,Google Phone,1,2/24/2019 15:05
152202,USB-C Charging Cable,1,2/10/2019 14:15
152203,USB-C Charging Cable,1,2/17/2019 2:19
152204,27in FHD Monitor,1,2/18/2019 19:20
152205,Lightning Charging Cable,1,2/12/2019 22:14
152206,Apple Airpods Headphones,1,2/11/2019 10:42
152206,AAA Batteries (4-pack),1,2/11/2019 10:42
152207,AAA Batteries (4-pack),1,2/21/2019 18:57
152208,34in Ultrawide Monitor,1,2/9/2019 22:57
152209,AA Batteries (4-pack),1,2/5/2019 11:59
152210,Google Phone,1,2/27/2019 19:22
152211,USB-C Charging Cable,1,2/22/2019 22:25
152212,AA Batteries (4-pack),2,2/23/2019 11:27
152213,LG Washing Machine,1,2/20/2019 18:15
152214,Bose SoundSport Headphones,1,2/6/2019 17:53
152215,USB-C Charging Cable,1,2/9/2019 22:46
152216,Wired Headphones,1,2/24/2019 12:34
152217,AAA Batteries (4-pack),1,2/14/2019 19:57
152218,AA Batteries (4-pack),1,2/27/2019 15:54
152219,USB-C Charging Cable,2,2/24/2019 13:37
152220,Lightning Charging Cable,1,2/8/2019 9:08
152221,AAA Batteries (4-pack),1,2/26/2019 23:02
152222,34in Ultrawide Monitor,1,2/18/2019 11:00
152223,AA Batteries (4-pack),1,2/5/2019 23:53
152224,ThinkPad Laptop,1,2/1/2019 15:34
152225,AAA Batteries (4-pack),1,2/15/2019 17:19
152225,27in 4K Gaming Monitor,1,2/15/2019 17:19
152226,27in FHD Monitor,1,2/24/2019 11:54
152227,Bose SoundSport Headphones,1,2/14/2019 22:58
152228,34in Ultrawide Monitor,1,2/10/2019 13:22
152229,AA Batteries (4-pack),1,2/21/2019 15:07
152230,USB-C Charging Cable,1,2/21/2019 17:46
152231,AAA Batteries (4-pack),1,2/25/2019 6:36
152232,Bose SoundSport Headphones,1,2/26/2019 14:48
152233,USB-C Charging Cable,1,2/25/2019 23:07
152234,Apple Airpods Headphones,1,2/28/2019 12:54
152235,Wired Headphones,1,2/1/2019 14:38
152236,Bose SoundSport Headphones,2,2/24/2019 9:38
152237,USB-C Charging Cable,1,2/7/2019 16:12
152238,USB-C Charging Cable,1,2/19/2019 19:23
152239,ThinkPad Laptop,1,2/14/2019 21:49
152240,Lightning Charging Cable,1,2/2/2019 13:27
152241,AA Batteries (4-pack),1,2/16/2019 13:03
152242,AAA Batteries (4-pack),1,2/22/2019 19:15
152242,Lightning Charging Cable,1,2/22/2019 19:15
152243,Apple Airpods Headphones,1,2/19/2019 8:42
152244,Flatscreen TV,1,2/2/2019 9:26
152245,LG Washing Machine,1,2/5/2019 9:42
152246,Flatscreen TV,1,2/14/2019 19:07
152247,27in 4K Gaming Monitor,1,2/8/2019 10:34
152248,Lightning Charging Cable,1,2/26/2019 11:14
152249,34in Ultrawide Monitor,1,2/11/2019 12:01
152250,Flatscreen TV,1,2/25/2019 10:33
152251,AAA Batteries (4-pack),2,2/24/2019 23:37
152252,Google Phone,1,2/8/2019 10:56
152253,Wired Headphones,1,2/24/2019 16:08
152254,AA Batteries (4-pack),2,2/4/2019 12:09
152255,AAA Batteries (4-pack),2,2/14/2019 21:23
152256,Apple Airpods Headphones,1,2/26/2019 21:19
152257,AAA Batteries (4-pack),1,2/15/2019 22:26
152258,Wired Headphones,1,2/21/2019 9:56
152259,USB-C Charging Cable,1,2/26/2019 20:39
152260,AAA Batteries (4-pack),2,2/16/2019 11:45
152261,AAA Batteries (4-pack),3,2/2/2019 13:12
152262,Flatscreen TV,1,2/1/2019 10:06
152263,AA Batteries (4-pack),1,2/5/2019 15:32
152264,27in FHD Monitor,1,2/3/2019 8:25
152265,Wired Headphones,1,2/3/2019 18:28
152266,AA Batteries (4-pack),1,2/17/2019 19:06
152267,AAA Batteries (4-pack),1,2/23/2019 14:55
152268,34in Ultrawide Monitor,1,2/25/2019 19:29
152269,Flatscreen TV,1,2/26/2019 22:40
152270,USB-C Charging Cable,1,2/14/2019 10:39
152271,iPhone,1,2/4/2019 6:28
152272,Bose SoundSport Headphones,1,2/6/2019 18:30
152273,ThinkPad Laptop,1,2/8/2019 9:44
152274,Apple Airpods Headphones,1,2/20/2019 14:32
152275,Lightning Charging Cable,1,2/21/2019 16:13
152276,USB-C Charging Cable,1,2/5/2019 20:56
152277,27in FHD Monitor,1,2/23/2019 0:55
152278,34in Ultrawide Monitor,1,2/12/2019 15:31
152279,Apple Airpods Headphones,1,2/18/2019 13:37
152280,Wired Headphones,1,2/6/2019 20:23
152281,Wired Headphones,1,2/7/2019 23:10
152282,Wired Headphones,1,2/17/2019 20:36
152283,Wired Headphones,1,2/23/2019 9:14
152284,USB-C Charging Cable,1,2/19/2019 22:21
152285,AA Batteries (4-pack),1,2/2/2019 23:36
152286,AAA Batteries (4-pack),1,2/27/2019 19:44
152287,iPhone,1,2/24/2019 16:42
152288,AA Batteries (4-pack),1,2/15/2019 16:22
152289,AAA Batteries (4-pack),1,2/17/2019 23:06
152290,20in Monitor,1,2/18/2019 11:57
152291,Apple Airpods Headphones,1,2/9/2019 15:56
152292,Lightning Charging Cable,1,2/23/2019 13:50
152293,iPhone,1,2/1/2019 14:34
152293,Lightning Charging Cable,1,2/1/2019 14:34
152293,Apple Airpods Headphones,1,2/1/2019 14:34
152294,Lightning Charging Cable,1,2/1/2019 20:28
152295,Bose SoundSport Headphones,1,2/1/2019 10:23
152296,AA Batteries (4-pack),1,2/27/2019 15:44
152297,Flatscreen TV,1,2/15/2019 10:36
152298,20in Monitor,1,2/6/2019 12:30
152299,AA Batteries (4-pack),1,2/2/2019 13:15
152300,Wired Headphones,1,2/8/2019 13:18
152301,Macbook Pro Laptop,1,2/12/2019 10:01
152302,27in FHD Monitor,1,2/9/2019 10:28
152303,USB-C Charging Cable,1,2/3/2019 18:48
152304,AA Batteries (4-pack),1,2/13/2019 22:28
152305,Lightning Charging Cable,1,2/10/2019 0:26
152306,27in FHD Monitor,1,2/11/2019 20:57
152307,Flatscreen TV,1,2/3/2019 11:14
152308,34in Ultrawide Monitor,1,2/20/2019 12:30
152309,Lightning Charging Cable,1,2/18/2019 14:47
152310,AA Batteries (4-pack),1,2/21/2019 22:35
152311,Bose SoundSport Headphones,1,2/1/2019 23:26
152312,Wired Headphones,2,2/24/2019 7:23
152313,USB-C Charging Cable,1,2/10/2019 11:51
152314,27in FHD Monitor,1,2/25/2019 14:20
152315,AA Batteries (4-pack),1,2/8/2019 15:15
152316,27in 4K Gaming Monitor,1,2/13/2019 9:06
152317,USB-C Charging Cable,1,2/26/2019 10:22
Order ID,Product,Quantity Ordered,Order Date
152318,AA Batteries (4-pack),1,2/4/2019 13:50
152319,Bose SoundSport Headphones,1,2/17/2019 16:06
152320,Wired Headphones,1,2/22/2019 16:35
152321,AA Batteries (4-pack),2,2/5/2019 18:25
152322,Bose SoundSport Headphones,1,2/2/2019 15:35
152323,Google Phone,1,2/24/2019 8:09
152324,Lightning Charging Cable,1,2/2/2019 8:08
152325,Lightning Charging Cable,1,2/7/2019 1:02
152326,USB-C Charging Cable,1,2/22/2019 11:51
152327,Lightning Charging Cable,1,2/3/2019 19:58
152328,Macbook Pro Laptop,1,2/10/2019 11:26
152329,Lightning Charging Cable,1,2/12/2019 7:44
152330,Bose SoundSport Headphones,1,2/25/2019 18:53
152330,Bose SoundSport Headphones,1,2/25/2019 18:53
152331,AAA Batteries (4-pack),1,2/7/2019 18:22
152332,AAA Batteries (4-pack),2,2/7/2019 7:25
152333,Wired Headphones,1,2/20/2019 11:06
152334,Bose SoundSport Headphones,1,2/17/2019 18:42
152335,AA Batteries (4-pack),1,2/24/2019 21:57
152336,Lightning Charging Cable,1,2/13/2019 20:01
152337,Apple Airpods Headphones,1,2/22/2019 7:55
152338,AA Batteries (4-pack),1,2/27/2019 11:00
152339,AA Batteries (4-pack),1,2/10/2019 9:29
152340,Apple Airpods Headphones,1,2/23/2019 1:09
152341,Bose SoundSport Headphones,1,2/20/2019 6:58
152342,Lightning Charging Cable,1,2/20/2019 14:40
152343,AAA Batteries (4-pack),1,2/5/2019 14:51
152344,AAA Batteries (4-pack),1,2/6/2019 1:58
152345,AAA Batteries (4-pack),1,2/27/2019 12:29
152346,Wired Headphones,1,2/13/2019 19:02
152347,Wired Headphones,1,2/5/2019 14:35
152348,AAA Batteries (4-pack),1,2/13/2019 17:51
152349,AA Batteries (4-pack),1,2/13/2019 23:23
152350,27in 4K Gaming Monitor,1,2/2/2019 11:34
152351,AAA Batteries (4-pack),1,2/2/2019 17:17
152352,iPhone,1,2/20/2019 10:00
152353,AAA Batteries (4-pack),2,2/18/2019 20:44
152354,AAA Batteries (4-pack),2,2/16/2019 8:56
152355,Apple Airpods Headphones,1,2/14/2019 20:26
152356,Lightning Charging Cable,1,2/6/2019 6:42
152357,27in 4K Gaming Monitor,1,2/20/2019 15:39
152358,Lightning Charging Cable,1,2/5/2019 9:37
152358,Apple Airpods Headphones,1,2/5/2019 9:37
152359,27in FHD Monitor,1,2/16/2019 14:58
152360,Macbook Pro Laptop,1,2/14/2019 13:35
152361,Flatscreen TV,1,2/13/2019 15:37
152362,ThinkPad Laptop,1,2/3/2019 22:04
152363,Macbook Pro Laptop,1,2/27/2019 9:46
152364,iPhone,1,2/5/2019 11:24
152365,27in 4K Gaming Monitor,1,2/6/2019 11:07
152366,AAA Batteries (4-pack),1,2/7/2019 10:20
152367,Wired Headphones,1,2/6/2019 11:53
152368,Wired Headphones,2,2/26/2019 12:54
152369,USB-C Charging Cable,1,2/25/2019 7:15
152370,Apple Airpods Headphones,1,2/27/2019 18:00
152371,Macbook Pro Laptop,1,2/10/2019 21:42
152372,USB-C Charging Cable,2,2/26/2019 11:09
152373,Lightning Charging Cable,1,2/3/2019 10:46
152374,Wired Headphones,1,2/6/2019 16:11
152375,USB-C Charging Cable,1,2/23/2019 21:31
152376,27in FHD Monitor,1,2/17/2019 15:47
152377,Bose SoundSport Headphones,1,2/13/2019 10:42
152378,AA Batteries (4-pack),4,2/5/2019 9:21
152379,Lightning Charging Cable,1,2/12/2019 22:38
152380,USB-C Charging Cable,1,2/7/2019 0:34
152381,AAA Batteries (4-pack),1,2/25/2019 20:04
152382,AA Batteries (4-pack),2,2/16/2019 11:20
152383,Apple Airpods Headphones,1,2/11/2019 9:37
,,,
152384,Bose SoundSport Headphones,1,2/18/2019 8:03
152385,AAA Batteries (4-pack),3,2/17/2019 8:03
152386,27in 4K Gaming Monitor,1,2/26/2019 21:09
152387,AA Batteries (4-pack),1,2/6/2019 8:33
152388,Flatscreen TV,1,2/18/2019 20:07
152389,USB-C Charging Cable,2,2/4/2019 21:26
152390,USB-C Charging Cable,1,2/20/2019 11:59
152391,AA Batteries (4-pack),1,2/13/2019 15:41
152392,ThinkPad Laptop,1,2/8/2019 21:17
152393,Wired Headphones,1,2/10/2019 1:53
152394,USB-C Charging Cable,1,2/12/2019 8:45
152395,USB-C Charging Cable,1,2/17/2019 23:53
152396,USB-C Charging Cable,1,2/7/2019 11:22
152397,USB-C Charging Cable,1,2/17/2019 14:48
152398,Lightning Charging Cable,2,2/11/2019 1:20
152399,USB-C Charging Cable,1,2/16/2019 15:09
152400,Macbook Pro Laptop,1,2/10/2019 15:17
152401,Google Phone,1,2/8/2019 20:39
152402,AA Batteries (4-pack),1,2/19/2019 9:58
152403,AAA Batteries (4-pack),1,2/26/2019 22:16
152404,27in FHD Monitor,1,2/19/2019 17:58
152405,Bose SoundSport Headphones,1,2/9/2019 13:03
152406,USB-C Charging Cable,1,2/6/2019 13:12
152407,USB-C Charging Cable,1,2/3/2019 21:47
152408,AAA Batteries (4-pack),1,2/24/2019 12:28
152409,AAA Batteries (4-pack),2,2/15/2019 17:48
152410,27in 4K Gaming Monitor,1,2/6/2019 23:36
152411,AAA Batteries (4-pack),2,2/20/2019 19:05
152412,Bose SoundSport Headphones,1,2/22/2019 16:29
152413,Wired Headphones,1,2/26/2019 2:54
152414,AAA Batteries (4-pack),1,2/12/2019 6:26
152415,AA Batteries (4-pack),1,2/4/2019 11:08
152416,AA Batteries (4-pack),1,2/10/2019 19:51
152417,Wired Headphones,1,2/5/2019 8:45
152418,34in Ultrawide Monitor,1,2/1/2019 10:24
152419,27in FHD Monitor,1,2/20/2019 13:17
152420,Flatscreen TV,1,2/9/2019 14:01
152421,AAA Batteries (4-pack),2,2/6/2019 13:15
152422,USB-C Charging Cable,1,2/2/2019 19:23
152423,Wired Headphones,1,2/17/2019 11:59
152424,Apple Airpods Headphones,1,2/8/2019 8:35
152424,AA Batteries (4-pack),1,2/8/2019 8:35
152425,20in Monitor,1,2/26/2019 20:40
152426,AAA Batteries (4-pack),4,2/16/2019 8:15
152427,USB-C Charging Cable,1,2/26/2019 20:29
152428,Google Phone,1,2/9/2019 8:49
152429,AA Batteries (4-pack),3,2/22/2019 14:41
152430,Flatscreen TV,1,2/8/2019 4:12
152431,Apple Airpods Headphones,1,2/18/2019 19:35
152432,Wired Headphones,1,2/16/2019 2:24
152433,20in Monitor,1,2/16/2019 12:13
152434,AA Batteries (4-pack),2,2/1/2019 17:31
152435,27in FHD Monitor,1,2/18/2019 9:39
,,,
152436,USB-C Charging Cable,1,2/15/2019 16:12
152437,ThinkPad Laptop,1,2/18/2019 1:48
152438,Wired Headphones,1,2/12/2019 18:52
152439,Lightning Charging Cable,1,2/26/2019 10:00
152440,USB-C Charging Cable,1,2/14/2019 10:24
152441,AA Batteries (4-pack),2,2/17/2019 15:01
152442,34in Ultrawide Monitor,1,2/19/2019 17:57
152443,AAA Batteries (4-pack),1,2/13/2019 18:02
152444,34in Ultrawide Monitor,1,2/17/2019 15:18
152445,AA Batteries (4-pack),2,2/4/2019 20:54
152446,AAA Batteries (4-pack),1,2/17/2019 20:38
152447,Apple Airpods Headphones,1,2/12/2019 13:47
152448,Wired Headphones,1,2/25/2019 12:53
152449,AA Batteries (4-pack),1,2/25/2019 15:33
152450,Lightning Charging Cable,2,2/10/2019 3:41
152451,AAA Batteries (4-pack),1,2/26/2019 14:17
152452,USB-C Charging Cable,1,2/14/2019 10:01
152453,AA Batteries (4-pack),1,2/1/2019 21:43
152454,Bose SoundSport Headphones,1,2/5/2019 13:42
152455,AAA Batteries (4-pack),2,2/28/2019 16:32
152456,Bose SoundSport Headphones,1,2/21/2019 22:51
152457,Apple Airpods Headphones,1,2/12/2019 14:49
Order ID,Product,Quantity Ordered,Order Date
152458,Flatscreen TV,1,2/17/2019 20:33
152459,Lightning Charging Cable,1,2/15/2019 10:22
152460,Vareebadd Phone,1,2/4/2019 21:54
152460,USB-C Charging Cable,1,2/4/2019 21:54
152461,Macbook Pro Laptop,1,2/9/2019 15:14
152462,20in Monitor,1,2/25/2019 12:27
152463,Apple Airpods Headphones,1,2/13/2019 21:14
152464,AA Batteries (4-pack),1,2/25/2019 16:54
152465,USB-C Charging Cable,1,2/26/2019 21:34
152466,AAA Batteries (4-pack),3,2/7/2019 10:28
152467,Apple Airpods Headphones,1,2/26/2019 17:18
152468,USB-C Charging Cable,1,2/23/2019 21:03
152469,Apple Airpods Headphones,1,2/27/2019 15:01
152470,AA Batteries (4-pack),1,2/5/2019 13:06
152471,Flatscreen TV,1,2/8/2019 0:59
152472,Wired Headphones,1,2/26/2019 18:38
152472,AA Batteries (4-pack),1,2/26/2019 18:38
152473,AA Batteries (4-pack),1,2/20/2019 11:59
152474,Wired Headphones,2,2/11/2019 21:02
152475,USB-C Charging Cable,1,2/11/2019 7:09
152476,USB-C Charging Cable,1,2/10/2019 18:55
152477,AAA Batteries (4-pack),1,2/25/2019 10:14
152478,Wired Headphones,1,2/10/2019 9:39
152479,AA Batteries (4-pack),2,2/15/2019 13:45
152480,27in FHD Monitor,1,2/5/2019 17:34
152481,Apple Airpods Headphones,1,2/16/2019 1:56
152482,AA Batteries (4-pack),1,2/4/2019 23:19
152483,AAA Batteries (4-pack),2,2/5/2019 9:04
152484,AA Batteries (4-pack),1,2/28/2019 12:31
152485,Lightning Charging Cable,1,2/17/2019 18:28
152486,Apple Airpods Headphones,1,2/22/2019 19:51
152487,Wired Headphones,1,2/20/2019 13:32
152488,USB-C Charging Cable,1,2/15/2019 6:31
152489,Bose SoundSport Headphones,1,2/15/2019 23:12
152490,Bose SoundSport Headphones,1,2/25/2019 8:05
152491,Macbook Pro Laptop,1,2/1/2019 19:15
152492,AA Batteries (4-pack),1,2/8/2019 9:45
152493,Apple Airpods Headphones,1,2/25/2019 0:04
152494,AA Batteries (4-pack),3,2/20/2019 21:31
152495,Vareebadd Phone,1,2/26/2019 14:41
152496,Flatscreen TV,1,2/25/2019 9:40
152497,27in 4K Gaming Monitor,1,2/22/2019 12:03
152498,USB-C Charging Cable,1,2/7/2019 20:40
152499,AAA Batteries (4-pack),1,2/10/2019 1:45
152500,ThinkPad Laptop,1,2/9/2019 13:11
152501,Vareebadd Phone,1,2/20/2019 6:41
152502,Google Phone,1,2/12/2019 21:51
152503,Flatscreen TV,1,2/14/2019 16:08
152504,Apple Airpods Headphones,1,2/22/2019 8:49
152505,20in Monitor,1,2/7/2019 23:24
152506,20in Monitor,1,2/22/2019 15:08
152507,USB-C Charging Cable,1,2/9/2019 8:57
152508,Lightning Charging Cable,1,2/12/2019 14:17
152509,Flatscreen TV,1,2/19/2019 14:17
152510,Bose SoundSport Headphones,1,2/20/2019 21:39
152511,USB-C Charging Cable,1,2/25/2019 16:46
152512,Apple Airpods Headphones,1,2/4/2019 21:05
152513,34in Ultrawide Monitor,1,2/18/2019 19:40
152514,USB-C Charging Cable,1,2/9/2019 16:12
152515,AAA Batteries (4-pack),1,2/6/2019 20:54
152516,27in FHD Monitor,1,2/23/2019 12:28
152517,Macbook Pro Laptop,1,2/14/2019 16:53
152518,iPhone,1,2/19/2019 15:32
152519,AAA Batteries (4-pack),2,2/7/2019 16:04
152520,Lightning Charging Cable,1,2/10/2019 18:25
152521,Apple Airpods Headphones,1,2/21/2019 12:21
152522,Bose SoundSport Headphones,1,2/17/2019 9:08
152523,Lightning Charging Cable,1,2/9/2019 18:59
152524,Wired Headphones,1,2/22/2019 9:57
152525,Lightning Charging Cable,1,2/23/2019 23:08
152526,USB-C Charging Cable,1,2/17/2019 13:44
152527,ThinkPad Laptop,1,2/6/2019 19:17
152528,Lightning Charging Cable,1,2/14/2019 5:28
152529,Wired Headphones,1,2/27/2019 23:32
152530,27in FHD Monitor,1,2/4/2019 13:55
152531,20in Monitor,1,2/1/2019 20:37
152532,USB-C Charging Cable,1,2/17/2019 13:03
152533,AA Batteries (4-pack),4,2/5/2019 9:23
152534,AA Batteries (4-pack),1,2/28/2019 9:11
152535,Wired Headphones,1,2/13/2019 1:48
152536,Google Phone,1,2/2/2019 11:50
152537,AA Batteries (4-pack),1,2/21/2019 21:13
152538,Lightning Charging Cable,1,2/8/2019 20:45
152539,Wired Headphones,1,2/22/2019 16:43
152540,AA Batteries (4-pack),1,2/10/2019 17:18
152541,34in Ultrawide Monitor,1,2/6/2019 13:31
152542,Wired Headphones,1,2/23/2019 11:10
152543,Wired Headphones,1,2/14/2019 17:52
152544,Wired Headphones,1,2/4/2019 19:35
152545,AA Batteries (4-pack),2,2/19/2019 17:00
152546,Lightning Charging Cable,1,2/13/2019 21:09
152547,Wired Headphones,1,2/16/2019 18:57
152548,Apple Airpods Headphones,1,2/22/2019 16:36
152549,Apple Airpods Headphones,1,2/13/2019 13:08
152550,AA Batteries (4-pack),1,2/2/2019 23:30
152551,AA Batteries (4-pack),1,2/14/2019 21:56
152552,USB-C Charging Cable,1,2/7/2019 14:48
152553,Wired Headphones,1,2/19/2019 13:41
152554,Flatscreen TV,1,2/25/2019 18:06
152555,Lightning Charging Cable,2,2/8/2019 14:21
152556,USB-C Charging Cable,1,2/18/2019 1:00
152557,LG Dryer,1,2/13/2019 15:40
152558,20in Monitor,1,2/2/2019 12:19
152559,AAA Batteries (4-pack),1,2/8/2019 11:54
152560,AA Batteries (4-pack),2,2/4/2019 16:31
152561,27in FHD Monitor,1,2/18/2019 21:21
152562,27in 4K Gaming Monitor,1,2/15/2019 13:28
152563,USB-C Charging Cable,1,2/11/2019 6:39
152564,20in Monitor,1,2/13/2019 22:43
152565,Bose SoundSport Headphones,1,2/19/2019 9:03
152566,Google Phone,1,2/8/2019 22:17
152567,Apple Airpods Headphones,1,2/18/2019 19:23
152568,ThinkPad Laptop,1,2/15/2019 12:18
152569,Lightning Charging Cable,1,2/9/2019 12:29
152570,Wired Headphones,1,2/6/2019 11:32
152571,Flatscreen TV,1,2/11/2019 16:32
152572,AAA Batteries (4-pack),1,2/8/2019 16:15
152573,Wired Headphones,1,2/1/2019 21:36
152574,USB-C Charging Cable,1,2/28/2019 14:04
152575,AA Batteries (4-pack),1,2/16/2019 20:15
152576,Lightning Charging Cable,1,2/3/2019 9:33
152577,34in Ultrawide Monitor,1,2/15/2019 10:36
152578,34in Ultrawide Monitor,1,2/22/2019 15:06
152579,Lightning Charging Cable,1,2/9/2019 18:07
152580,AA Batteries (4-pack),1,2/16/2019 0:32
152581,Bose SoundSport Headphones,1,2/8/2019 9:18
152582,Lightning Charging Cable,1,2/7/2019 13:48
152583,ThinkPad Laptop,1,2/19/2019 15:38
152584,Apple Airpods Headphones,1,2/1/2019 21:47
152585,AA Batteries (4-pack),1,2/18/2019 1:23
152586,Google Phone,1,2/18/2019 8:32
152587,Google Phone,1,2/9/2019 19:04
152588,Apple Airpods Headphones,1,2/14/2019 3:50
152589,iPhone,1,2/26/2019 14:28
152590,Apple Airpods Headphones,1,2/8/2019 23:06
152591,27in FHD Monitor,1,2/23/2019 16:37
152592,AA Batteries (4-pack),1,2/2/2019 19:05
152593,AAA Batteries (4-pack),1,2/16/2019 21:46
152593,iPhone,1,2/16/2019 21:46
152594,Macbook Pro Laptop,1,2/25/2019 9:49
152595,Lightning Charging Cable,1,2/18/2019 23:00
152596,Lightning Charging Cable,1,2/2/2019 16:19
152597,Wired Headphones,1,2/1/2019 17:08
152598,27in 4K Gaming Monitor,1,2/11/2019 9:43
152599,AAA Batteries (4-pack),1,2/8/2019 22:26
152600,USB-C Charging Cable,1,2/26/2019 14:14
152601,Bose SoundSport Headphones,1,2/4/2019 16:57
152602,Lightning Charging Cable,1,2/12/2019 17:23
152603,USB-C Charging Cable,1,2/6/2019 11:25
152604,USB-C Charging Cable,1,2/9/2019 9:50
152605,AA Batteries (4-pack),1,2/27/2019 19:58
152606,AAA Batteries (4-pack),1,2/24/2019 20:38
152607,Flatscreen TV,1,2/14/2019 14:16
152608,34in Ultrawide Monitor,1,2/15/2019 18:05
152609,iPhone,1,2/24/2019 19:57
152610,Google Phone,1,2/24/2019 12:37
152611,AAA Batteries (4-pack),5,2/25/2019 5:54
152612,Apple Airpods Headphones,1,2/11/2019 0:08
152613,Google Phone,1,2/13/2019 14:50
152613,Bose SoundSport Headphones,1,2/13/2019 14:50
152614,27in 4K Gaming Monitor,1,2/8/2019 12:01
152615,20in Monitor,1,2/2/2019 15:26
152616,Wired Headphones,1,2/20/2019 9:28
152617,Apple Airpods Headphones,1,2/23/2019 2:49
152618,Apple Airpods Headphones,1,2/19/2019 15:14
152619,Lightning Charging Cable,1,2/26/2019 12:16
152620,Apple Airpods Headphones,1,2/22/2019 22:42
152621,AA Batteries (4-pack),1,2/12/2019 8:51
152622,34in Ultrawide Monitor,1,2/10/2019 21:41
152623,USB-C Charging Cable,1,2/1/2019 7:47
152624,AAA Batteries (4-pack),1,2/3/2019 20:23
152625,AAA Batteries (4-pack),1,2/18/2019 19:57
152626,USB-C Charging Cable,1,2/12/2019 20:08
152627,Apple Airpods Headphones,1,2/26/2019 20:29
Order ID,Product,Quantity Ordered,Order Date
152628,AAA Batteries (4-pack),2,2/2/2019 12:22
152629,Apple Airpods Headphones,1,2/2/2019 16:42
152630,iPhone,1,2/4/2019 9:45
152630,Apple Airpods Headphones,1,2/4/2019 9:45
152631,Apple Airpods Headphones,1,2/20/2019 9:21
152632,Wired Headphones,1,2/22/2019 22:42
152633,20in Monitor,1,2/24/2019 18:58
152634,Google Phone,1,2/1/2019 8:57
152635,USB-C Charging Cable,1,2/1/2019 16:49
152636,Google Phone,1,2/25/2019 12:08
152637,Flatscreen TV,1,2/3/2019 20:00
152638,Vareebadd Phone,1,2/14/2019 13:58
152639,Flatscreen TV,1,2/13/2019 14:05
152640,AA Batteries (4-pack),1,2/26/2019 16:31
152641,Bose SoundSport Headphones,1,2/13/2019 21:34
152642,Wired Headphones,1,2/24/2019 11:32
152643,Bose SoundSport Headphones,1,2/1/2019 16:37
152644,Bose SoundSport Headphones,1,2/14/2019 21:16
152644,27in FHD Monitor,1,2/14/2019 21:16
152645,AAA Batteries (4-pack),2,2/22/2019 9:53
152646,Wired Headphones,1,2/21/2019 18:42
152647,27in FHD Monitor,1,2/17/2019 23:04
152648,Wired Headphones,1,2/20/2019 18:26
152649,AA Batteries (4-pack),1,2/24/2019 20:05
152650,AA Batteries (4-pack),1,2/22/2019 7:06
152651,AAA Batteries (4-pack),1,2/25/2019 9:12
152652,20in Monitor,1,2/4/2019 0:52
152653,AAA Batteries (4-pack),2,2/2/2019 12:08
152654,Apple Airpods Headphones,1,2/3/2019 13:45
152655,Bose SoundSport Headphones,1,2/6/2019 11:34
152656,AA Batteries (4-pack),1,2/23/2019 13:13
152657,Bose SoundSport Headphones,1,2/8/2019 10:54
152658,Apple Airpods Headphones,1,2/10/2019 18:53
152659,27in FHD Monitor,1,2/28/2019 11:29
152660,Lightning Charging Cable,1,2/24/2019 16:33
152661,Bose SoundSport Headphones,1,2/2/2019 8:11
152662,27in FHD Monitor,1,2/16/2019 12:29
152663,AAA Batteries (4-pack),1,2/17/2019 9:54
152664,Apple Airpods Headphones,1,2/2/2019 17:15
152665,ThinkPad Laptop,1,2/27/2019 12:10
152666,Google Phone,2,2/18/2019 17:11
152666,Bose SoundSport Headphones,1,2/18/2019 17:11
152667,34in Ultrawide Monitor,1,2/20/2019 15:55
152668,Lightning Charging Cable,1,2/13/2019 16:45
152669,USB-C Charging Cable,1,2/22/2019 23:12
152670,ThinkPad Laptop,1,2/1/2019 12:29
152671,Macbook Pro Laptop,1,2/15/2019 22:37
152672,Lightning Charging Cable,1,2/13/2019 19:37
152673,20in Monitor,1,2/22/2019 16:17
152674,USB-C Charging Cable,1,2/16/2019 21:08
152675,Wired Headphones,2,2/12/2019 15:24
152676,AAA Batteries (4-pack),1,2/4/2019 11:09
152677,AAA Batteries (4-pack),1,2/22/2019 11:05
152678,Bose SoundSport Headphones,1,2/6/2019 20:02
152679,USB-C Charging Cable,1,2/7/2019 14:29
152680,USB-C Charging Cable,1,2/19/2019 2:02
152681,Bose SoundSport Headphones,1,2/14/2019 12:39
152682,Bose SoundSport Headphones,1,2/27/2019 12:12
152683,Google Phone,1,2/4/2019 18:36
152684,Wired Headphones,1,2/3/2019 12:48
152685,AA Batteries (4-pack),1,2/14/2019 19:19
152686,USB-C Charging Cable,1,2/14/2019 18:59
152687,USB-C Charging Cable,1,2/13/2019 11:40
152688,Lightning Charging Cable,1,2/11/2019 18:28
152689,27in FHD Monitor,1,2/6/2019 13:01
152690,Wired Headphones,1,2/1/2019 21:40
152691,AA Batteries (4-pack),1,2/25/2019 15:04
152692,AA Batteries (4-pack),1,2/25/2019 9:15
152693,Wired Headphones,1,2/2/2019 8:04
152694,Wired Headphones,2,2/1/2019 22:21
152695,AA Batteries (4-pack),1,2/6/2019 15:23
152696,AAA Batteries (4-pack),1,2/16/2019 19:28
152697,AAA Batteries (4-pack),1,2/15/2019 20:34
152698,Wired Headphones,2,2/27/2019 22:57
152699,ThinkPad Laptop,1,2/6/2019 9:45
152700,27in 4K Gaming Monitor,1,2/16/2019 20:22
152701,34in Ultrawide Monitor,1,2/10/2019 16:34
152702,Flatscreen TV,1,2/6/2019 20:21
152703,Lightning Charging Cable,1,2/19/2019 5:47
152704,Lightning Charging Cable,1,2/4/2019 20:06
152705,AA Batteries (4-pack),1,2/15/2019 15:58
152706,AAA Batteries (4-pack),1,2/14/2019 19:42
152707,Macbook Pro Laptop,1,2/3/2019 12:24
152708,34in Ultrawide Monitor,1,2/20/2019 14:45
152709,Apple Airpods Headphones,1,2/21/2019 6:09
152710,USB-C Charging Cable,1,2/12/2019 10:54
152711,USB-C Charging Cable,1,2/26/2019 17:15
152712,27in FHD Monitor,1,2/14/2019 21:43
152713,USB-C Charging Cable,1,2/5/2019 10:54
152714,Wired Headphones,1,2/17/2019 14:03
152715,27in FHD Monitor,1,2/13/2019 13:18
152716,Google Phone,1,2/22/2019 22:37
152717,34in Ultrawide Monitor,1,2/20/2019 11:47
152718,Wired Headphones,1,2/16/2019 17:14
152719,USB-C Charging Cable,1,2/17/2019 16:49
152720,Apple Airpods Headphones,1,2/2/2019 21:59
152721,AA Batteries (4-pack),1,2/8/2019 17:45
152722,ThinkPad Laptop,1,2/1/2019 20:39
152723,AAA Batteries (4-pack),2,2/5/2019 15:57
152724,iPhone,1,2/12/2019 16:53
152725,Apple Airpods Headphones,1,2/26/2019 15:18
152726,AAA Batteries (4-pack),2,2/23/2019 15:15
152727,AAA Batteries (4-pack),1,2/13/2019 18:59
152727,Macbook Pro Laptop,1,2/13/2019 18:59
152728,34in Ultrawide Monitor,1,2/7/2019 1:28
152729,USB-C Charging Cable,1,2/8/2019 20:57
152730,Macbook Pro Laptop,1,2/28/2019 13:59
152731,Flatscreen TV,1,2/7/2019 11:51
152731,Bose SoundSport Headphones,1,2/7/2019 11:51
152732,Apple Airpods Headphones,1,2/27/2019 12:51
152733,AA Batteries (4-pack),1,2/10/2019 13:41
152734,34in Ultrawide Monitor,1,2/8/2019 14:19
152735,Lightning Charging Cable,2,2/24/2019 19:12
152736,Bose SoundSport Headphones,1,2/26/2019 17:42
152737,Wired Headphones,1,2/21/2019 22:38
152738,20in Monitor,1,2/27/2019 20:15
152739,34in Ultrawide Monitor,1,2/20/2019 13:29
152740,USB-C Charging Cable,1,2/20/2019 18:11
152741,AAA Batteries (4-pack),1,2/22/2019 14:54
152742,ThinkPad Laptop,1,2/13/2019 8:00
152743,AA Batteries (4-pack),1,2/1/2019 19:00
152744,Wired Headphones,1,2/21/2019 8:53
152745,Bose SoundSport Headphones,1,2/20/2019 19:16
152746,Macbook Pro Laptop,1,2/16/2019 13:00
152747,27in FHD Monitor,1,2/28/2019 15:28
152748,iPhone,1,2/5/2019 17:04
152748,Wired Headphones,1,2/5/2019 17:04
152749,AAA Batteries (4-pack),1,2/15/2019 19:46
152750,AA Batteries (4-pack),1,2/5/2019 19:54
152751,27in 4K Gaming Monitor,1,2/11/2019 19:00
152752,Lightning Charging Cable,1,2/13/2019 17:26
152753,Bose SoundSport Headphones,1,2/11/2019 18:23
152754,Bose SoundSport Headphones,1,2/13/2019 21:10
152755,Lightning Charging Cable,1,2/11/2019 12:50
152756,ThinkPad Laptop,1,2/21/2019 6:29
152757,Apple Airpods Headphones,1,2/10/2019 20:17
152758,AA Batteries (4-pack),1,2/15/2019 14:48
152759,Wired Headphones,1,2/6/2019 7:45
152760,Wired Headphones,1,2/22/2019 12:34
152761,AAA Batteries (4-pack),1,2/21/2019 14:53
152762,AA Batteries (4-pack),1,2/2/2019 15:10
152762,27in 4K Gaming Monitor,1,2/2/2019 15:10
152763,Wired Headphones,1,2/14/2019 19:19
152764,AA Batteries (4-pack),1,2/25/2019 0:54
152765,AAA Batteries (4-pack),1,2/21/2019 14:38
152766,Wired Headphones,1,2/24/2019 15:14
152767,Lightning Charging Cable,1,2/20/2019 10:47
152768,AA Batteries (4-pack),2,2/27/2019 22:48
152769,ThinkPad Laptop,1,2/9/2019 17:31
152770,AAA Batteries (4-pack),4,2/24/2019 23:58
152771,AA Batteries (4-pack),1,2/20/2019 10:17
152772,Wired Headphones,1,2/2/2019 22:37
152773,AAA Batteries (4-pack),1,2/14/2019 13:43
152774,AAA Batteries (4-pack),1,2/19/2019 19:10
152775,AAA Batteries (4-pack),1,2/13/2019 11:40
152776,27in 4K Gaming Monitor,1,2/6/2019 8:12
152777,34in Ultrawide Monitor,1,2/11/2019 17:01
152778,iPhone,1,2/19/2019 20:13
152779,AAA Batteries (4-pack),1,2/17/2019 16:55
152780,iPhone,1,2/17/2019 15:04
152781,Apple Airpods Headphones,1,2/16/2019 6:35
152782,Lightning Charging Cable,1,2/4/2019 8:35
152783,Lightning Charging Cable,1,2/9/2019 15:12
152784,AAA Batteries (4-pack),3,2/13/2019 8:39
152785,27in 4K Gaming Monitor,1,2/16/2019 22:40
152786,iPhone,1,2/21/2019 11:27
152786,Lightning Charging Cable,1,2/21/2019 11:27
152787,Wired Headphones,1,2/4/2019 14:30
152788,Apple Airpods Headphones,1,2/8/2019 9:08
152789,Lightning Charging Cable,1,2/12/2019 12:34
152790,Lightning Charging Cable,1,2/21/2019 23:41
152791,Wired Headphones,1,2/27/2019 22:09
152792,34in Ultrawide Monitor,1,2/21/2019 9:13
152793,AA Batteries (4-pack),2,2/12/2019 12:25
152794,Macbook Pro Laptop,1,2/10/2019 9:58
152794,27in 4K Gaming Monitor,1,2/10/2019 9:58
152795,AAA Batteries (4-pack),3,2/20/2019 19:09
152796,Apple Airpods Headphones,1,2/24/2019 19:26
152797,AA Batteries (4-pack),2,2/4/2019 18:15
152798,AA Batteries (4-pack),1,2/1/2019 17:27
152799,Apple Airpods Headphones,1,2/21/2019 14:46
152800,34in Ultrawide Monitor,1,2/1/2019 10:33
152801,Apple Airpods Headphones,1,2/5/2019 17:47
152801,27in FHD Monitor,1,2/5/2019 17:47
152802,Flatscreen TV,1,2/15/2019 4:27
152803,Google Phone,1,2/27/2019 22:21
,,,
152804,Apple Airpods Headphones,1,2/28/2019 10:42
152805,USB-C Charging Cable,1,2/20/2019 14:07
152806,Apple Airpods Headphones,1,2/10/2019 6:10
152807,AA Batteries (4-pack),1,2/8/2019 17:00
152808,AA Batteries (4-pack),2,2/28/2019 22:12
152809,Lightning Charging Cable,1,2/5/2019 20:31
152810,Wired Headphones,1,2/5/2019 15:02
152811,USB-C Charging Cable,1,2/10/2019 18:55
152812,AA Batteries (4-pack),1,2/9/2019 10:56
152813,Apple Airpods Headphones,1,2/15/2019 21:02
152814,USB-C Charging Cable,1,2/27/2019 20:17
152815,Vareebadd Phone,1,2/7/2019 17:43
152816,AAA Batteries (4-pack),1,2/27/2019 18:11
152817,USB-C Charging Cable,1,2/28/2019 19:21
152818,USB-C Charging Cable,1,2/27/2019 9:46
152819,20in Monitor,1,2/15/2019 13:14
152820,AA Batteries (4-pack),1,2/27/2019 10:00
152821,20in Monitor,1,2/24/2019 18:55
152822,Lightning Charging Cable,1,2/18/2019 19:42
152823,AAA Batteries (4-pack),1,2/13/2019 12:37
152824,USB-C Charging Cable,1,2/6/2019 13:02
152825,AA Batteries (4-pack),1,2/7/2019 17:18
152826,USB-C Charging Cable,2,2/4/2019 12:08
152827,AAA Batteries (4-pack),1,2/9/2019 20:11
152828,Wired Headphones,1,2/27/2019 11:17
152829,Apple Airpods Headphones,1,2/15/2019 10:53
152830,AAA Batteries (4-pack),1,2/13/2019 0:13
152831,Lightning Charging Cable,2,2/17/2019 15:26
152832,AAA Batteries (4-pack),3,2/20/2019 13:51
152833,Apple Airpods Headphones,1,2/16/2019 11:56
152834,AA Batteries (4-pack),2,2/20/2019 13:59
152835,AAA Batteries (4-pack),3,2/19/2019 19:18
152836,AA Batteries (4-pack),1,2/26/2019 18:03
152837,Lightning Charging Cable,1,2/9/2019 6:38
152838,Apple Airpods Headphones,1,2/4/2019 16:21
152839,27in 4K Gaming Monitor,1,2/20/2019 20:46
152840,iPhone,1,2/26/2019 23:47
152840,Lightning Charging Cable,1,2/26/2019 23:47
152841,ThinkPad Laptop,1,2/6/2019 10:00
152842,USB-C Charging Cable,1,2/23/2019 18:51
152843,Wired Headphones,1,2/12/2019 15:34
152844,AA Batteries (4-pack),1,2/27/2019 16:54
152845,AA Batteries (4-pack),1,2/23/2019 16:51
152846,AAA Batteries (4-pack),1,2/22/2019 17:35
152847,Wired Headphones,1,2/28/2019 11:34
152848,AAA Batteries (4-pack),1,2/1/2019 9:01
152849,AAA Batteries (4-pack),1,2/24/2019 13:24
152850,iPhone,1,2/18/2019 21:01
152851,Lightning Charging Cable,1,2/1/2019 9:47
152852,iPhone,1,2/28/2019 8:47
152853,ThinkPad Laptop,1,2/21/2019 0:13
152854,Wired Headphones,1,2/20/2019 18:45
152855,AA Batteries (4-pack),1,2/24/2019 19:10
152856,Lightning Charging Cable,1,2/18/2019 16:00
152857,Bose SoundSport Headphones,1,2/5/2019 15:32
152858,Bose SoundSport Headphones,1,2/27/2019 15:29
152859,27in FHD Monitor,1,2/24/2019 12:28
152860,Google Phone,1,2/26/2019 17:07
152861,AAA Batteries (4-pack),2,2/17/2019 10:51
152862,Bose SoundSport Headphones,1,2/13/2019 10:31
152863,AAA Batteries (4-pack),1,2/17/2019 14:47
152864,27in FHD Monitor,1,2/11/2019 12:48
152865,AAA Batteries (4-pack),1,2/10/2019 19:08
152866,Apple Airpods Headphones,1,2/28/2019 11:46
152867,iPhone,1,2/14/2019 17:48
152867,Apple Airpods Headphones,1,2/14/2019 17:48
152868,AAA Batteries (4-pack),1,2/18/2019 14:26
152869,Lightning Charging Cable,2,2/9/2019 10:50
152870,ThinkPad Laptop,1,2/1/2019 8:37
152871,Bose SoundSport Headphones,1,2/26/2019 13:45
152872,Flatscreen TV,1,2/28/2019 14:58
152873,AAA Batteries (4-pack),1,2/16/2019 15:24
152874,USB-C Charging Cable,1,2/20/2019 10:13
152875,Lightning Charging Cable,1,2/28/2019 21:11
152875,34in Ultrawide Monitor,1,2/28/2019 21:11
152876,AAA Batteries (4-pack),1,2/13/2019 11:13
152877,USB-C Charging Cable,1,2/2/2019 9:35
152878,USB-C Charging Cable,2,2/27/2019 6:38
152879,AA Batteries (4-pack),1,2/6/2019 19:46
152880,USB-C Charging Cable,1,2/8/2019 17:22
152881,Vareebadd Phone,1,2/1/2019 16:32
152882,iPhone,1,2/25/2019 7:55
152882,Wired Headphones,1,2/25/2019 7:55
152883,27in FHD Monitor,1,2/9/2019 13:48
152884,34in Ultrawide Monitor,1,2/24/2019 22:46
152885,AAA Batteries (4-pack),1,2/17/2019 20:53
152886,Apple Airpods Headphones,1,2/26/2019 9:16
152887,Apple Airpods Headphones,1,2/18/2019 15:08
152888,AA Batteries (4-pack),1,2/21/2019 16:42
152889,27in FHD Monitor,1,2/16/2019 9:00
152890,AAA Batteries (4-pack),1,2/22/2019 16:41
152891,Bose SoundSport Headphones,1,2/7/2019 11:36
152892,USB-C Charging Cable,1,2/26/2019 16:39
152893,AAA Batteries (4-pack),1,2/4/2019 16:42
152894,Apple Airpods Headphones,1,2/18/2019 15:03
152895,AA Batteries (4-pack),1,2/10/2019 18:09
152896,Vareebadd Phone,1,2/13/2019 16:04
152896,Google Phone,1,2/13/2019 16:04
152897,Bose SoundSport Headphones,1,2/6/2019 12:37
152898,AAA Batteries (4-pack),3,2/1/2019 12:32
152899,AAA Batteries (4-pack),1,2/1/2019 19:40
152900,USB-C Charging Cable,1,2/20/2019 18:25
152901,27in FHD Monitor,1,2/11/2019 11:17
152902,USB-C Charging Cable,1,2/6/2019 19:17
152903,USB-C Charging Cable,1,2/18/2019 9:10
152904,Flatscreen TV,1,2/15/2019 21:58
152905,27in 4K Gaming Monitor,1,2/4/2019 14:06
152906,AA Batteries (4-pack),1,2/16/2019 1:32
152907,AAA Batteries (4-pack),1,2/14/2019 13:24
152908,AA Batteries (4-pack),1,2/7/2019 16:53
152909,Lightning Charging Cable,1,2/17/2019 20:03
152910,27in 4K Gaming Monitor,1,2/22/2019 19:00
152911,AA Batteries (4-pack),1,2/17/2019 22:36
152912,AA Batteries (4-pack),1,2/15/2019 13:59
152913,ThinkPad Laptop,1,2/4/2019 22:04
152914,27in FHD Monitor,1,2/19/2019 18:19
152915,iPhone,1,2/20/2019 13:24
152915,Wired Headphones,1,2/20/2019 13:24
152916,USB-C Charging Cable,1,2/23/2019 12:46
,,,
152917,AA Batteries (4-pack),1,2/26/2019 22:09
152918,AA Batteries (4-pack),1,2/9/2019 17:45
152919,USB-C Charging Cable,1,2/28/2019 0:45
152920,Wired Headphones,1,2/19/2019 18:46
152921,AA Batteries (4-pack),1,2/12/2019 18:06
152922,AAA Batteries (4-pack),1,2/9/2019 21:02
152923,USB-C Charging Cable,1,2/13/2019 9:12
152924,Wired Headphones,1,2/1/2019 13:29
152925,Lightning Charging Cable,1,2/10/2019 3:50
152925,Google Phone,1,2/10/2019 3:50
152926,Apple Airpods Headphones,1,2/18/2019 7:38
152927,USB-C Charging Cable,1,2/11/2019 16:15
152928,AAA Batteries (4-pack),1,2/19/2019 18:20
152929,USB-C Charging Cable,1,2/22/2019 19:11
152930,27in 4K Gaming Monitor,1,2/13/2019 1:04
152931,Apple Airpods Headphones,1,2/22/2019 20:02
152932,34in Ultrawide Monitor,1,2/15/2019 13:59
152933,Macbook Pro Laptop,1,2/8/2019 21:37
152934,AA Batteries (4-pack),1,2/15/2019 11:19
152935,AA Batteries (4-pack),1,2/9/2019 15:18
152936,Google Phone,1,2/19/2019 14:26
152936,USB-C Charging Cable,1,2/19/2019 14:26
152937,Wired Headphones,1,2/20/2019 22:55
152938,AAA Batteries (4-pack),1,2/18/2019 18:21
152939,AAA Batteries (4-pack),4,2/16/2019 13:19
152940,27in FHD Monitor,1,2/9/2019 15:04
152941,34in Ultrawide Monitor,1,2/13/2019 13:08
152942,Apple Airpods Headphones,1,2/2/2019 22:01
152943,27in FHD Monitor,1,2/14/2019 16:12
152944,Google Phone,1,2/9/2019 6:46
152945,27in FHD Monitor,1,2/11/2019 23:19
152946,Wired Headphones,1,2/14/2019 13:04
152947,Apple Airpods Headphones,1,2/18/2019 10:53
152948,Lightning Charging Cable,1,2/4/2019 12:14
152949,AA Batteries (4-pack),1,2/2/2019 19:11
152950,34in Ultrawide Monitor,1,2/21/2019 20:43
152951,ThinkPad Laptop,1,2/6/2019 21:21
152952,USB-C Charging Cable,1,2/2/2019 23:24
152952,Bose SoundSport Headphones,1,2/2/2019 23:24
152953,ThinkPad Laptop,1,2/2/2019 16:54
152954,Lightning Charging Cable,1,2/26/2019 8:32
152955,27in FHD Monitor,1,2/18/2019 10:39
152956,AA Batteries (4-pack),2,2/20/2019 12:39
152957,34in Ultrawide Monitor,1,2/22/2019 16:02
152958,27in 4K Gaming Monitor,1,2/8/2019 22:07
152959,Lightning Charging Cable,1,2/18/2019 1:19
152960,Wired Headphones,1,2/2/2019 11:35
152961,iPhone,1,2/7/2019 9:48
152962,AAA Batteries (4-pack),1,2/11/2019 16:53
152963,Wired Headphones,2,2/3/2019 19:06
152964,Bose SoundSport Headphones,1,2/16/2019 14:57
152965,Lightning Charging Cable,1,2/11/2019 19:56
152966,Wired Headphones,1,2/11/2019 10:05
152967,34in Ultrawide Monitor,1,2/13/2019 21:46
152968,ThinkPad Laptop,1,2/1/2019 22:30
152969,Bose SoundSport Headphones,1,2/27/2019 20:22
152970,USB-C Charging Cable,1,2/15/2019 19:27
152971,USB-C Charging Cable,1,2/1/2019 14:13
152972,Lightning Charging Cable,1,2/20/2019 22:24
152973,Wired Headphones,1,2/13/2019 19:49
152974,Lightning Charging Cable,1,2/25/2019 19:42
152975,Apple Airpods Headphones,1,2/23/2019 6:52
152976,Bose SoundSport Headphones,1,2/20/2019 1:50
152977,Wired Headphones,1,2/26/2019 12:07
152978,Macbook Pro Laptop,1,2/7/2019 12:53
152979,Wired Headphones,1,2/16/2019 17:01
152980,USB-C Charging Cable,1,2/26/2019 19:48
152981,Bose SoundSport Headphones,1,2/1/2019 16:27
152982,Bose SoundSport Headphones,1,2/5/2019 17:01
152983,AAA Batteries (4-pack),1,2/9/2019 10:12
152984,USB-C Charging Cable,1,2/22/2019 18:41
152985,USB-C Charging Cable,1,2/26/2019 10:15
152986,USB-C Charging Cable,1,2/10/2019 8:48
152987,Flatscreen TV,1,2/5/2019 17:20
152988,iPhone,1,2/8/2019 13:35
152989,Apple Airpods Headphones,1,2/18/2019 18:53
152990,Flatscreen TV,1,2/7/2019 12:18
152991,Google Phone,1,2/13/2019 12:59
152991,Wired Headphones,1,2/13/2019 12:59
152992,20in Monitor,1,2/2/2019 14:13
152993,AAA Batteries (4-pack),1,2/12/2019 1:41
152994,27in 4K Gaming Monitor,1,2/20/2019 9:04
152995,ThinkPad Laptop,1,2/4/2019 20:43
152996,ThinkPad Laptop,1,2/2/2019 21:05
152997,Wired Headphones,1,2/24/2019 15:09
152998,USB-C Charging Cable,1,2/25/2019 15:47
152999,AAA Batteries (4-pack),1,2/13/2019 19:39
153000,AAA Batteries (4-pack),1,2/20/2019 10:24
153001,AA Batteries (4-pack),1,2/16/2019 19:34
153002,Vareebadd Phone,1,2/6/2019 15:23
153003,Apple Airpods Headphones,1,2/4/2019 14:11
153004,Lightning Charging Cable,1,2/24/2019 18:40
153005,AAA Batteries (4-pack),1,2/9/2019 8:02
153006,AA Batteries (4-pack),1,2/4/2019 19:14
153007,USB-C Charging Cable,1,2/11/2019 15:29
153008,Lightning Charging Cable,1,2/22/2019 17:34
153009,AA Batteries (4-pack),1,2/15/2019 17:08
153010,Lightning Charging Cable,1,2/7/2019 13:57
153011,AA Batteries (4-pack),3,2/25/2019 20:13
153012,Bose SoundSport Headphones,1,2/11/2019 9:07
153013,20in Monitor,1,2/25/2019 20:48
153014,Bose SoundSport Headphones,1,2/6/2019 19:39
153014,ThinkPad Laptop,1,2/6/2019 19:39
153015,USB-C Charging Cable,2,2/8/2019 21:21
153016,Lightning Charging Cable,1,2/18/2019 17:50
153017,Google Phone,1,2/19/2019 15:15
153018,27in FHD Monitor,1,2/16/2019 15:36
153019,Apple Airpods Headphones,1,2/18/2019 20:41
153020,Apple Airpods Headphones,1,2/26/2019 16:10
153021,Apple Airpods Headphones,1,2/3/2019 22:16
153022,Apple Airpods Headphones,1,2/15/2019 17:01
153023,AAA Batteries (4-pack),2,2/13/2019 22:04
153024,AAA Batteries (4-pack),1,2/14/2019 18:49
153025,Lightning Charging Cable,1,2/22/2019 10:00
153026,27in FHD Monitor,1,2/16/2019 18:38
153027,Lightning Charging Cable,1,2/7/2019 19:43
153028,AAA Batteries (4-pack),1,2/18/2019 11:19
153029,34in Ultrawide Monitor,1,2/28/2019 20:11
153030,Wired Headphones,1,2/23/2019 20:21
153031,AAA Batteries (4-pack),1,2/22/2019 19:23
153032,Wired Headphones,1,2/21/2019 22:19
153033,Google Phone,1,2/21/2019 11:16
153033,Wired Headphones,1,2/21/2019 11:16
153034,34in Ultrawide Monitor,1,2/26/2019 17:05
153035,Lightning Charging Cable,1,2/23/2019 16:41
153036,27in FHD Monitor,1,2/22/2019 20:22
153037,Wired Headphones,1,2/18/2019 9:52
153038,Wired Headphones,1,2/11/2019 21:44
153039,AA Batteries (4-pack),2,2/17/2019 19:56
153040,Bose SoundSport Headphones,1,2/6/2019 15:23
153041,27in FHD Monitor,1,2/2/2019 16:29
153042,Wired Headphones,1,2/11/2019 12:26
153043,20in Monitor,1,2/14/2019 19:21
153044,Lightning Charging Cable,1,2/15/2019 20:02
153045,USB-C Charging Cable,1,2/15/2019 10:44
153046,AAA Batteries (4-pack),1,2/26/2019 11:49
153047,AA Batteries (4-pack),1,2/11/2019 10:50
153048,USB-C Charging Cable,1,2/17/2019 12:14
153049,Lightning Charging Cable,1,2/18/2019 23:46
153050,Flatscreen TV,1,2/13/2019 16:25
153051,Flatscreen TV,1,2/10/2019 18:25
153052,27in FHD Monitor,1,2/10/2019 19:33
153053,27in 4K Gaming Monitor,1,2/10/2019 13:49
153054,Apple Airpods Headphones,1,2/2/2019 2:00
153055,Lightning Charging Cable,1,2/4/2019 12:35
153056,20in Monitor,1,2/13/2019 16:31
153057,AAA Batteries (4-pack),2,2/22/2019 21:13
153058,Wired Headphones,1,2/17/2019 22:00
153059,iPhone,1,2/12/2019 18:38
153060,Apple Airpods Headphones,1,2/19/2019 1:28
153061,Lightning Charging Cable,1,2/24/2019 16:53
153062,Lightning Charging Cable,1,2/26/2019 19:04
153063,Lightning Charging Cable,1,2/16/2019 8:15
153064,Lightning Charging Cable,1,2/18/2019 19:04
153065,AAA Batteries (4-pack),1,2/16/2019 14:38
153066,Wired Headphones,1,2/27/2019 12:23
153067,Wired Headphones,1,2/14/2019 12:50
153068,27in FHD Monitor,1,2/21/2019 11:10
153069,Flatscreen TV,2,2/17/2019 20:41
153070,Lightning Charging Cable,1,2/12/2019 12:06
153071,AA Batteries (4-pack),1,2/20/2019 16:10
153072,Wired Headphones,1,2/27/2019 8:40
153073,ThinkPad Laptop,1,2/8/2019 15:13
153074,Apple Airpods Headphones,1,2/10/2019 0:31
153075,Lightning Charging Cable,1,2/5/2019 21:21
153076,iPhone,1,2/7/2019 11:16
153077,USB-C Charging Cable,1,2/22/2019 16:45
153078,Flatscreen TV,1,2/3/2019 12:37
153079,AAA Batteries (4-pack),1,2/13/2019 18:52
153080,Google Phone,1,2/18/2019 8:52
153081,Google Phone,1,2/20/2019 19:41
153082,Flatscreen TV,1,2/16/2019 2:03
153083,AAA Batteries (4-pack),4,2/13/2019 17:53
153084,USB-C Charging Cable,1,2/27/2019 22:59
153085,AA Batteries (4-pack),1,2/15/2019 17:20
153086,34in Ultrawide Monitor,1,2/16/2019 15:41
153087,Bose SoundSport Headphones,1,2/24/2019 6:07
153088,USB-C Charging Cable,1,2/19/2019 16:01
153089,34in Ultrawide Monitor,1,2/15/2019 19:11
153090,AAA Batteries (4-pack),2,2/22/2019 7:01
153091,Google Phone,1,2/3/2019 19:06
153091,USB-C Charging Cable,1,2/3/2019 19:06
153092,Bose SoundSport Headphones,1,2/11/2019 7:11
153093,AAA Batteries (4-pack),2,2/25/2019 18:09
153094,AA Batteries (4-pack),1,2/20/2019 15:58
153095,AAA Batteries (4-pack),2,2/12/2019 17:05
153096,AAA Batteries (4-pack),1,2/13/2019 6:18
153097,Lightning Charging Cable,2,2/18/2019 12:30
153098,AA Batteries (4-pack),1,2/3/2019 20:41
153099,USB-C Charging Cable,1,2/4/2019 10:54
153100,Macbook Pro Laptop,1,2/27/2019 18:52
153101,Lightning Charging Cable,1,2/10/2019 20:36
153102,Wired Headphones,1,2/1/2019 20:04
153103,LG Washing Machine,1,2/8/2019 13:11
153104,Lightning Charging Cable,1,2/27/2019 6:53
153105,Apple Airpods Headphones,1,2/28/2019 15:40
153106,Bose SoundSport Headphones,1,2/4/2019 11:35
153107,USB-C Charging Cable,1,2/19/2019 16:34
153108,Wired Headphones,1,2/26/2019 23:33
153109,Wired Headphones,1,2/14/2019 21:23
153110,Google Phone,1,2/23/2019 15:41
153111,Wired Headphones,1,2/19/2019 12:49
153112,Apple Airpods Headphones,1,2/14/2019 17:50
153113,Bose SoundSport Headphones,1,2/12/2019 9:20
153114,Wired Headphones,1,2/14/2019 18:05
153115,AA Batteries (4-pack),1,2/17/2019 13:09
153116,AA Batteries (4-pack),1,2/10/2019 9:10
153117,Google Phone,1,2/6/2019 16:31
153118,AAA Batteries (4-pack),2,2/1/2019 11:36
153119,Apple Airpods Headphones,1,2/22/2019 13:06
153120,AAA Batteries (4-pack),2,2/20/2019 10:51
153121,Macbook Pro Laptop,1,2/22/2019 23:49
153122,ThinkPad Laptop,1,2/28/2019 13:41
153123,AAA Batteries (4-pack),3,2/18/2019 19:41
153124,Google Phone,1,2/27/2019 8:25
,,,
153125,Vareebadd Phone,1,2/20/2019 16:49
153126,Flatscreen TV,1,2/13/2019 7:58
153127,USB-C Charging Cable,2,2/15/2019 13:29
153128,AAA Batteries (4-pack),1,2/23/2019 11:55
153129,Bose SoundSport Headphones,1,2/22/2019 18:27
153130,USB-C Charging Cable,1,2/9/2019 9:08
153131,AAA Batteries (4-pack),1,2/11/2019 15:46
153132,27in FHD Monitor,1,2/7/2019 12:54
153133,AAA Batteries (4-pack),2,2/18/2019 12:05
153134,AA Batteries (4-pack),1,2/12/2019 19:34
153135,Google Phone,1,2/22/2019 12:48
153135,USB-C Charging Cable,1,2/22/2019 12:48
153135,Bose SoundSport Headphones,1,2/22/2019 12:48
153136,Wired Headphones,1,2/19/2019 18:19
153137,USB-C Charging Cable,1,2/21/2019 12:45
153138,Bose SoundSport Headphones,1,2/18/2019 1:01
153139,Apple Airpods Headphones,1,2/25/2019 23:14
153140,AAA Batteries (4-pack),2,2/16/2019 10:55
153141,AA Batteries (4-pack),1,2/24/2019 8:44
153142,USB-C Charging Cable,1,2/21/2019 14:59
153143,Apple Airpods Headphones,1,2/3/2019 12:29
153144,Wired Headphones,1,2/19/2019 11:41
153145,Lightning Charging Cable,1,2/10/2019 23:10
153146,Vareebadd Phone,1,2/25/2019 9:38
153147,Lightning Charging Cable,1,2/26/2019 14:19
153148,USB-C Charging Cable,1,2/5/2019 18:45
153149,Lightning Charging Cable,3,2/24/2019 15:44
153150,27in FHD Monitor,1,2/20/2019 10:07
153151,USB-C Charging Cable,1,2/28/2019 10:31
153152,AA Batteries (4-pack),1,2/26/2019 12:18
153153,27in FHD Monitor,1,2/2/2019 1:09
153154,Macbook Pro Laptop,1,2/27/2019 23:12
153155,Flatscreen TV,1,2/20/2019 21:45
153156,USB-C Charging Cable,1,2/14/2019 21:24
153157,USB-C Charging Cable,1,2/19/2019 16:26
153158,34in Ultrawide Monitor,1,2/14/2019 8:24
153158,Apple Airpods Headphones,1,2/14/2019 8:24
153159,Lightning Charging Cable,1,2/22/2019 11:45
153160,34in Ultrawide Monitor,1,2/1/2019 15:46
153161,Apple Airpods Headphones,1,2/20/2019 13:58
153162,Bose SoundSport Headphones,1,2/12/2019 8:29
153163,Apple Airpods Headphones,1,2/23/2019 14:31
153164,Apple Airpods Headphones,1,2/15/2019 16:42
153165,Apple Airpods Headphones,1,2/13/2019 17:55
153166,USB-C Charging Cable,1,2/11/2019 17:28
153167,Bose SoundSport Headphones,1,2/10/2019 16:31
153168,USB-C Charging Cable,1,2/27/2019 13:16
153169,Lightning Charging Cable,1,2/17/2019 11:16
153170,Lightning Charging Cable,1,2/20/2019 20:21
153171,Wired Headphones,1,2/3/2019 21:39
153172,AA Batteries (4-pack),1,2/10/2019 22:23
153173,AAA Batteries (4-pack),1,2/1/2019 15:40
153174,Flatscreen TV,1,2/5/2019 10:01
153175,AAA Batteries (4-pack),1,2/26/2019 18:07
153176,AAA Batteries (4-pack),2,2/2/2019 11:06
153177,Lightning Charging Cable,1,2/12/2019 21:11
153178,USB-C Charging Cable,1,2/24/2019 17:01
153179,Apple Airpods Headphones,1,2/14/2019 8:00
153180,USB-C Charging Cable,1,2/21/2019 18:26
153181,AA Batteries (4-pack),1,2/20/2019 10:22
153182,AA Batteries (4-pack),3,2/12/2019 9:04
153183,AA Batteries (4-pack),1,2/3/2019 21:32
153184,AA Batteries (4-pack),1,2/13/2019 14:17
153185,Flatscreen TV,1,2/4/2019 10:58
153186,Bose SoundSport Headphones,1,2/28/2019 10:30
153187,Lightning Charging Cable,1,2/13/2019 10:42
153188,USB-C Charging Cable,1,2/8/2019 10:27
153189,AA Batteries (4-pack),2,2/4/2019 6:28
153190,27in FHD Monitor,1,2/11/2019 17:14
153191,Apple Airpods Headphones,1,2/20/2019 10:36
153192,USB-C Charging Cable,1,2/8/2019 15:58
153193,Macbook Pro Laptop,1,2/4/2019 19:06
153194,27in 4K Gaming Monitor,1,2/21/2019 22:15
153195,iPhone,1,2/8/2019 14:35
153196,Bose SoundSport Headphones,1,2/26/2019 19:54
153197,AAA Batteries (4-pack),1,2/18/2019 13:14
153198,Lightning Charging Cable,1,2/20/2019 21:40
153199,Bose SoundSport Headphones,1,2/15/2019 23:05
153200,Lightning Charging Cable,1,2/18/2019 14:56
153201,Bose SoundSport Headphones,1,2/23/2019 14:04
153202,Apple Airpods Headphones,1,2/3/2019 18:40
153203,Apple Airpods Headphones,1,2/1/2019 15:59
153204,Vareebadd Phone,1,2/24/2019 17:09
153205,AA Batteries (4-pack),1,2/1/2019 17:48
153206,ThinkPad Laptop,1,2/28/2019 11:14
153207,AA Batteries (4-pack),2,2/14/2019 16:17
153208,Apple Airpods Headphones,1,2/11/2019 13:27
153209,Lightning Charging Cable,1,2/13/2019 18:35
153210,Lightning Charging Cable,1,2/21/2019 16:12
153211,Lightning Charging Cable,1,2/19/2019 15:14
153212,AAA Batteries (4-pack),1,2/13/2019 21:37
153213,iPhone,1,2/5/2019 10:13
153214,LG Dryer,1,2/12/2019 18:26
153215,USB-C Charging Cable,1,2/23/2019 11:28
153216,Wired Headphones,1,2/24/2019 3:12
153217,27in FHD Monitor,1,2/24/2019 11:48
153218,Lightning Charging Cable,1,2/21/2019 7:34
153219,Lightning Charging Cable,1,2/19/2019 21:39
153220,Apple Airpods Headphones,1,2/6/2019 4:01
153221,Lightning Charging Cable,1,2/21/2019 11:31
153222,AA Batteries (4-pack),1,2/15/2019 19:59
153223,Bose SoundSport Headphones,1,2/7/2019 13:28
153224,Lightning Charging Cable,1,2/27/2019 17:18
153225,20in Monitor,1,2/19/2019 7:24
153226,Flatscreen TV,1,2/21/2019 19:13
153227,AAA Batteries (4-pack),1,2/5/2019 16:46
153228,iPhone,1,2/7/2019 19:48
153229,AA Batteries (4-pack),1,2/14/2019 19:20
153229,Vareebadd Phone,1,2/14/2019 19:20
153230,Macbook Pro Laptop,1,2/28/2019 20:05
153231,Wired Headphones,1,2/23/2019 21:16
153232,Apple Airpods Headphones,1,2/10/2019 17:14
153233,AAA Batteries (4-pack),1,2/8/2019 11:48
153234,20in Monitor,1,2/1/2019 11:31
153235,Wired Headphones,1,2/6/2019 9:42
153236,USB-C Charging Cable,2,2/2/2019 11:55
153237,iPhone,1,2/2/2019 13:35
153238,Apple Airpods Headphones,1,2/11/2019 13:05
153239,27in FHD Monitor,1,2/7/2019 11:30
153240,27in FHD Monitor,1,2/9/2019 20:20
153241,Lightning Charging Cable,1,2/7/2019 14:51
153242,USB-C Charging Cable,1,2/10/2019 9:18
153243,Lightning Charging Cable,1,2/11/2019 21:59
153244,AA Batteries (4-pack),2,2/15/2019 22:55
153245,Wired Headphones,1,2/16/2019 22:36
153246,Apple Airpods Headphones,1,2/25/2019 17:59
153247,USB-C Charging Cable,1,2/13/2019 14:53
153248,Lightning Charging Cable,1,2/6/2019 12:25
153249,Lightning Charging Cable,1,2/25/2019 14:07
153250,Apple Airpods Headphones,1,2/5/2019 11:43
153251,USB-C Charging Cable,1,2/23/2019 6:05
153252,AA Batteries (4-pack),1,2/28/2019 13:51
153253,Bose SoundSport Headphones,1,2/5/2019 15:00
153254,Bose SoundSport Headphones,1,2/24/2019 21:21
153254,Lightning Charging Cable,1,2/24/2019 21:21
153255,USB-C Charging Cable,1,2/17/2019 22:24
153256,USB-C Charging Cable,1,2/11/2019 23:57
153257,Lightning Charging Cable,1,2/19/2019 13:43
153258,AA Batteries (4-pack),2,2/11/2019 22:00
153259,AA Batteries (4-pack),1,2/16/2019 5:24
153260,Lightning Charging Cable,1,2/14/2019 9:06
153261,Apple Airpods Headphones,1,2/10/2019 16:59
153262,20in Monitor,1,2/15/2019 16:01
153263,iPhone,1,2/7/2019 22:51
153263,Lightning Charging Cable,1,2/7/2019 22:51
153263,Apple Airpods Headphones,1,2/7/2019 22:51
153264,Bose SoundSport Headphones,1,2/25/2019 8:47
153265,Lightning Charging Cable,1,2/3/2019 15:52
153266,USB-C Charging Cable,2,2/18/2019 19:49
153267,AAA Batteries (4-pack),1,2/27/2019 22:01
153268,USB-C Charging Cable,1,2/8/2019 9:35
153269,AA Batteries (4-pack),1,2/3/2019 15:48
153270,Apple Airpods Headphones,1,2/7/2019 22:42
153271,AA Batteries (4-pack),2,2/13/2019 18:04
153272,AAA Batteries (4-pack),1,2/26/2019 9:34
153273,Flatscreen TV,1,2/18/2019 20:34
153274,USB-C Charging Cable,1,2/7/2019 10:41
153275,USB-C Charging Cable,1,2/15/2019 19:26
153276,Vareebadd Phone,1,2/28/2019 10:38
153277,AA Batteries (4-pack),2,2/12/2019 11:55
153278,USB-C Charging Cable,1,2/8/2019 11:23
153279,Bose SoundSport Headphones,1,2/13/2019 3:03
153280,27in 4K Gaming Monitor,1,2/8/2019 5:25
153281,Wired Headphones,1,2/24/2019 22:00
153282,Lightning Charging Cable,1,2/17/2019 10:34
153283,AAA Batteries (4-pack),1,2/2/2019 10:21
153284,Wired Headphones,1,3/1/2019 3:47
153285,Lightning Charging Cable,2,2/17/2019 21:46
153286,Lightning Charging Cable,1,2/15/2019 22:53
153287,USB-C Charging Cable,2,2/20/2019 22:33
153288,USB-C Charging Cable,1,2/9/2019 15:33
153289,Bose SoundSport Headphones,1,2/19/2019 16:19
153290,AAA Batteries (4-pack),2,2/9/2019 8:32
153291,USB-C Charging Cable,1,2/24/2019 11:28
153292,Lightning Charging Cable,1,2/7/2019 8:10
153293,AA Batteries (4-pack),2,2/17/2019 19:08
153294,Wired Headphones,1,2/23/2019 12:28
153294,Macbook Pro Laptop,1,2/23/2019 12:28
153295,Wired Headphones,1,2/28/2019 1:13
153296,Wired Headphones,1,2/21/2019 15:36
153297,Bose SoundSport Headphones,1,2/23/2019 15:04
153298,AA Batteries (4-pack),2,2/10/2019 11:57
153299,Flatscreen TV,1,2/18/2019 12:33
153300,Lightning Charging Cable,1,2/8/2019 9:34
153301,Apple Airpods Headphones,1,2/23/2019 16:03
153302,Google Phone,1,2/6/2019 15:03
153303,Wired Headphones,1,2/24/2019 18:30
153304,Wired Headphones,1,2/12/2019 20:08
153304,Wired Headphones,1,2/12/2019 20:08
153305,Google Phone,1,2/19/2019 2:15
153306,Lightning Charging Cable,1,2/19/2019 18:33
153307,Lightning Charging Cable,1,2/5/2019 13:51
153308,AAA Batteries (4-pack),1,2/9/2019 18:05
153309,Apple Airpods Headphones,1,2/12/2019 19:53
153310,AA Batteries (4-pack),1,2/26/2019 20:40
153311,USB-C Charging Cable,1,2/1/2019 22:42
153312,USB-C Charging Cable,1,2/9/2019 21:17
153313,USB-C Charging Cable,1,2/9/2019 23:55
153314,Wired Headphones,2,2/25/2019 12:00
153315,Wired Headphones,1,2/13/2019 14:47
153315,Wired Headphones,1,2/13/2019 14:47
153316,ThinkPad Laptop,1,2/6/2019 16:46
153317,27in 4K Gaming Monitor,1,2/27/2019 18:50
153318,Apple Airpods Headphones,1,2/10/2019 17:19
153319,27in 4K Gaming Monitor,1,2/9/2019 20:02
153320,27in 4K Gaming Monitor,1,2/20/2019 9:59
153321,Bose SoundSport Headphones,1,2/1/2019 20:15
153322,Lightning Charging Cable,2,2/10/2019 21:58
153323,Google Phone,1,2/21/2019 8:14
153323,Bose SoundSport Headphones,1,2/21/2019 8:14
153324,USB-C Charging Cable,1,2/26/2019 12:04
153325,Macbook Pro Laptop,1,2/27/2019 13:58
153326,USB-C Charging Cable,2,2/27/2019 20:38
153327,27in FHD Monitor,1,2/12/2019 20:21
153328,AAA Batteries (4-pack),1,2/18/2019 12:21
153329,Bose SoundSport Headphones,1,2/6/2019 16:30
153330,Lightning Charging Cable,1,2/24/2019 13:25
153331,Apple Airpods Headphones,1,2/8/2019 15:03
153332,USB-C Charging Cable,1,2/28/2019 9:27
153333,AAA Batteries (4-pack),2,2/22/2019 17:42
153334,Wired Headphones,1,2/5/2019 20:19
153335,Bose SoundSport Headphones,1,2/15/2019 20:46
153336,Lightning Charging Cable,1,2/19/2019 10:19
153337,ThinkPad Laptop,1,2/15/2019 20:19
153338,Lightning Charging Cable,1,2/26/2019 13:05
153339,Wired Headphones,1,2/27/2019 23:24
153340,AAA Batteries (4-pack),1,2/7/2019 10:17
153341,Flatscreen TV,1,2/15/2019 13:21
153341,Apple Airpods Headphones,1,2/15/2019 13:21
153342,Apple Airpods Headphones,1,2/3/2019 11:32
153343,Wired Headphones,1,2/15/2019 19:59
153344,Bose SoundSport Headphones,1,2/1/2019 13:50
153345,27in 4K Gaming Monitor,1,2/13/2019 19:12
153346,USB-C Charging Cable,1,2/3/2019 13:28
153347,Apple Airpods Headphones,1,2/4/2019 14:56
153348,USB-C Charging Cable,2,2/19/2019 8:48
153349,AAA Batteries (4-pack),3,2/17/2019 15:34
153350,Wired Headphones,1,2/5/2019 21:39
153351,Lightning Charging Cable,1,2/16/2019 21:55
153352,AAA Batteries (4-pack),1,2/5/2019 10:51
153353,USB-C Charging Cable,2,2/16/2019 18:26
153354,Wired Headphones,1,2/11/2019 13:34
153355,Bose SoundSport Headphones,1,2/3/2019 23:15
153356,Macbook Pro Laptop,1,2/22/2019 21:06
153357,USB-C Charging Cable,1,2/24/2019 2:28
153358,Apple Airpods Headphones,1,2/27/2019 21:22
153359,USB-C Charging Cable,3,2/8/2019 19:05
153360,AAA Batteries (4-pack),1,2/10/2019 9:30
153361,USB-C Charging Cable,1,2/12/2019 12:22
153362,Bose SoundSport Headphones,1,2/11/2019 22:52
153363,USB-C Charging Cable,1,2/15/2019 9:48
153364,Wired Headphones,1,2/11/2019 20:42
153365,Vareebadd Phone,1,2/25/2019 20:51
153366,AAA Batteries (4-pack),1,2/6/2019 14:16
153366,Wired Headphones,1,2/6/2019 14:16
153367,Wired Headphones,1,2/6/2019 13:43
153368,27in 4K Gaming Monitor,1,2/22/2019 6:22
153369,20in Monitor,1,2/12/2019 9:21
153370,USB-C Charging Cable,3,2/4/2019 23:15
153371,AA Batteries (4-pack),2,2/11/2019 12:22
153372,iPhone,1,2/26/2019 20:42
153373,Apple Airpods Headphones,1,2/11/2019 8:58
153374,Lightning Charging Cable,1,2/27/2019 11:23
153375,Apple Airpods Headphones,1,2/10/2019 19:42
153376,Wired Headphones,1,2/19/2019 9:00
153377,Lightning Charging Cable,1,2/16/2019 12:39
153378,USB-C Charging Cable,1,2/9/2019 19:31
153379,AA Batteries (4-pack),2,2/25/2019 21:10
153380,Apple Airpods Headphones,1,2/24/2019 12:37
153381,USB-C Charging Cable,1,2/15/2019 11:26
153382,AAA Batteries (4-pack),3,2/11/2019 20:31
153383,Google Phone,1,2/17/2019 14:54
153384,ThinkPad Laptop,1,2/23/2019 17:57
153385,Lightning Charging Cable,1,2/18/2019 7:54
153386,Flatscreen TV,1,2/22/2019 16:22
153387,AAA Batteries (4-pack),1,2/1/2019 18:25
153388,Wired Headphones,1,2/1/2019 16:15
153389,AAA Batteries (4-pack),1,2/28/2019 23:48
153390,Lightning Charging Cable,1,2/13/2019 10:20
153391,27in 4K Gaming Monitor,1,2/27/2019 12:07
153392,Bose SoundSport Headphones,1,2/10/2019 10:55
153393,27in FHD Monitor,1,2/13/2019 17:59
153394,AAA Batteries (4-pack),2,2/25/2019 1:14
153395,27in 4K Gaming Monitor,1,2/16/2019 12:22
153396,AA Batteries (4-pack),2,2/12/2019 12:35
153397,USB-C Charging Cable,2,2/17/2019 11:42
153398,AA Batteries (4-pack),1,2/17/2019 16:47
153399,iPhone,1,2/16/2019 6:36
153399,Lightning Charging Cable,1,2/16/2019 6:36
153400,AAA Batteries (4-pack),2,2/6/2019 17:06
153401,Lightning Charging Cable,1,2/7/2019 17:15
153402,USB-C Charging Cable,1,2/18/2019 17:17
153403,Bose SoundSport Headphones,1,2/9/2019 16:12
153404,Lightning Charging Cable,1,2/18/2019 19:57
153405,USB-C Charging Cable,1,2/3/2019 11:26
153406,ThinkPad Laptop,1,2/14/2019 10:53
153407,27in FHD Monitor,1,2/25/2019 16:59
153408,Bose SoundSport Headphones,1,2/1/2019 18:29
153409,USB-C Charging Cable,1,2/28/2019 13:09
153410,Wired Headphones,1,2/15/2019 20:27
153411,AAA Batteries (4-pack),5,2/23/2019 9:21
153412,USB-C Charging Cable,1,2/21/2019 19:20
153413,AA Batteries (4-pack),2,2/22/2019 22:23
153414,AAA Batteries (4-pack),2,2/6/2019 10:40
153415,Wired Headphones,1,2/4/2019 7:20
153416,AA Batteries (4-pack),3,2/21/2019 10:06
153417,34in Ultrawide Monitor,1,2/11/2019 3:44
153418,Wired Headphones,1,2/1/2019 9:34
153419,Lightning Charging Cable,1,2/25/2019 23:56
153420,USB-C Charging Cable,1,2/10/2019 13:53
153421,Bose SoundSport Headphones,1,2/6/2019 18:54
153422,AAA Batteries (4-pack),1,2/14/2019 22:59
153423,AA Batteries (4-pack),2,2/10/2019 17:05
153424,AAA Batteries (4-pack),2,2/22/2019 22:16
153425,Lightning Charging Cable,1,2/2/2019 7:04
153426,iPhone,1,2/10/2019 18:28
153426,Lightning Charging Cable,1,2/10/2019 18:28
153427,USB-C Charging Cable,1,2/18/2019 22:04
153428,27in 4K Gaming Monitor,1,2/28/2019 17:24
153429,USB-C Charging Cable,1,2/13/2019 14:46
153430,iPhone,1,2/11/2019 11:57
153431,27in 4K Gaming Monitor,1,2/13/2019 12:24
153432,iPhone,1,2/15/2019 18:29
153432,Wired Headphones,2,2/15/2019 18:29
153433,Lightning Charging Cable,1,2/6/2019 9:44
153434,Lightning Charging Cable,1,2/6/2019 16:24
153435,34in Ultrawide Monitor,1,2/10/2019 12:22
153436,Bose SoundSport Headphones,1,2/21/2019 19:52
153437,USB-C Charging Cable,1,2/26/2019 11:49
153438,AAA Batteries (4-pack),1,2/19/2019 9:00
153439,USB-C Charging Cable,1,2/8/2019 19:14
153440,Apple Airpods Headphones,1,2/27/2019 12:58
153441,34in Ultrawide Monitor,1,2/17/2019 18:30
153442,20in Monitor,1,2/26/2019 14:47
153443,AA Batteries (4-pack),1,2/17/2019 10:15
153444,34in Ultrawide Monitor,1,2/5/2019 20:48
153445,Bose SoundSport Headphones,1,2/20/2019 18:43
153446,AA Batteries (4-pack),1,2/23/2019 11:39
153447,Lightning Charging Cable,1,2/6/2019 12:48
153448,Bose SoundSport Headphones,1,2/18/2019 18:17
153449,27in FHD Monitor,1,2/5/2019 12:12
153450,AAA Batteries (4-pack),1,2/12/2019 11:21
Order ID,Product,Quantity Ordered,Order Date
153451,27in 4K Gaming Monitor,1,2/11/2019 19:21
153452,Bose SoundSport Headphones,1,2/14/2019 17:01
153453,AAA Batteries (4-pack),2,2/14/2019 9:22
153454,27in FHD Monitor,1,2/14/2019 22:06
153455,ThinkPad Laptop,1,2/22/2019 23:15
153456,AAA Batteries (4-pack),1,2/17/2019 13:35
153457,AAA Batteries (4-pack),1,2/7/2019 20:46
153458,USB-C Charging Cable,1,2/16/2019 10:13
153459,Bose SoundSport Headphones,1,2/24/2019 22:38
153460,AA Batteries (4-pack),1,2/8/2019 19:30
153461,AAA Batteries (4-pack),1,2/22/2019 18:14
153462,Wired Headphones,1,2/25/2019 6:44
153463,34in Ultrawide Monitor,1,2/19/2019 15:31
153464,USB-C Charging Cable,1,2/1/2019 21:40
153465,34in Ultrawide Monitor,1,2/13/2019 13:24
153466,USB-C Charging Cable,1,2/23/2019 18:09
153467,AA Batteries (4-pack),1,2/7/2019 8:48
153468,AAA Batteries (4-pack),3,2/2/2019 17:22
153469,AAA Batteries (4-pack),2,2/16/2019 15:53
153470,Macbook Pro Laptop,1,2/12/2019 18:25
153471,USB-C Charging Cable,1,2/2/2019 12:43
153472,Lightning Charging Cable,1,2/5/2019 1:17
153473,Google Phone,1,2/12/2019 9:10
153473,USB-C Charging Cable,1,2/12/2019 9:10
153474,USB-C Charging Cable,1,2/26/2019 15:53
153475,Apple Airpods Headphones,1,2/1/2019 12:31
,,,
153476,Wired Headphones,1,2/19/2019 17:59
153477,USB-C Charging Cable,1,2/1/2019 13:53
153478,Google Phone,1,2/9/2019 10:11
153479,AAA Batteries (4-pack),1,2/20/2019 13:28
153480,AA Batteries (4-pack),1,2/13/2019 11:48
153481,Lightning Charging Cable,1,2/23/2019 21:01
153482,AA Batteries (4-pack),1,2/23/2019 19:50
153483,AA Batteries (4-pack),2,2/25/2019 15:20
153484,27in 4K Gaming Monitor,1,2/17/2019 10:47
Order ID,Product,Quantity Ordered,Order Date
153485,USB-C Charging Cable,2,2/27/2019 18:24
153486,USB-C Charging Cable,1,2/13/2019 20:48
153487,iPhone,1,2/5/2019 15:15
153487,Lightning Charging Cable,1,2/5/2019 15:15
153488,Apple Airpods Headphones,1,2/16/2019 17:26
153489,Macbook Pro Laptop,1,2/16/2019 8:35
153490,Wired Headphones,1,2/9/2019 17:39
153491,27in FHD Monitor,1,2/9/2019 15:49
153492,USB-C Charging Cable,1,2/1/2019 8:13
153493,Vareebadd Phone,1,2/13/2019 21:19
153494,AA Batteries (4-pack),1,2/7/2019 14:29
153495,Lightning Charging Cable,1,2/25/2019 8:53
153496,Apple Airpods Headphones,1,2/2/2019 9:01
Order ID,Product,Quantity Ordered,Order Date
153497,AAA Batteries (4-pack),1,2/7/2019 21:30
153498,Lightning Charging Cable,1,2/17/2019 14:34
153499,AA Batteries (4-pack),1,2/13/2019 8:16
153500,iPhone,1,2/18/2019 16:03
153501,AA Batteries (4-pack),1,2/2/2019 18:15
153502,27in FHD Monitor,1,2/5/2019 14:30
153503,AAA Batteries (4-pack),1,2/20/2019 11:39
153504,Google Phone,1,2/26/2019 20:34
153504,USB-C Charging Cable,1,2/26/2019 20:34
153505,AA Batteries (4-pack),6,2/4/2019 11:22
153506,27in 4K Gaming Monitor,1,2/18/2019 13:14
153507,AAA Batteries (4-pack),1,2/3/2019 8:09
153508,AA Batteries (4-pack),1,2/6/2019 15:56
153509,Lightning Charging Cable,1,2/13/2019 21:34
153510,34in Ultrawide Monitor,1,2/9/2019 17:28
153511,27in FHD Monitor,1,2/15/2019 3:11
153512,AAA Batteries (4-pack),2,2/28/2019 10:40
153513,Apple Airpods Headphones,1,2/16/2019 14:22
153514,34in Ultrawide Monitor,1,2/17/2019 19:28
153515,AA Batteries (4-pack),1,2/13/2019 21:40
153516,Lightning Charging Cable,1,2/25/2019 10:10
153517,USB-C Charging Cable,1,2/9/2019 20:24
153518,Wired Headphones,1,2/27/2019 17:09
153519,Google Phone,1,2/24/2019 13:30
153519,USB-C Charging Cable,1,2/24/2019 13:30
153520,Flatscreen TV,1,2/17/2019 22:05
153521,Apple Airpods Headphones,1,2/15/2019 1:29
153522,ThinkPad Laptop,1,2/16/2019 10:33
153523,iPhone,1,2/20/2019 13:48
153524,Bose SoundSport Headphones,1,2/8/2019 10:50
153525,ThinkPad Laptop,1,2/14/2019 11:58
153526,iPhone,1,2/8/2019 22:00
153527,20in Monitor,1,2/21/2019 17:24
153528,Bose SoundSport Headphones,1,2/10/2019 9:25
153529,Lightning Charging Cable,1,2/3/2019 20:48
153530,Wired Headphones,1,2/23/2019 4:24
153531,34in Ultrawide Monitor,1,2/15/2019 8:28
153532,USB-C Charging Cable,2,2/6/2019 9:22
153533,Lightning Charging Cable,1,2/21/2019 20:44
153534,Lightning Charging Cable,1,2/6/2019 11:55
153535,Bose SoundSport Headphones,1,2/14/2019 8:59
153536,AA Batteries (4-pack),1,2/24/2019 0:29
153537,27in FHD Monitor,1,2/1/2019 8:54
153538,27in FHD Monitor,1,2/22/2019 16:53
153539,Wired Headphones,1,2/26/2019 14:46
153540,27in FHD Monitor,1,2/23/2019 0:47
153541,27in 4K Gaming Monitor,1,2/28/2019 13:03
153542,iPhone,1,2/19/2019 17:42
153543,Wired Headphones,1,2/15/2019 19:22
153544,Bose SoundSport Headphones,1,3/1/2019 2:03
153545,Macbook Pro Laptop,1,2/23/2019 22:53
153546,20in Monitor,1,2/5/2019 16:04
153547,27in 4K Gaming Monitor,1,2/18/2019 1:46
153548,AAA Batteries (4-pack),1,2/11/2019 13:25
153549,USB-C Charging Cable,1,2/16/2019 15:35
153550,AA Batteries (4-pack),2,2/10/2019 19:54
153551,Bose SoundSport Headphones,1,2/7/2019 19:47
153552,AAA Batteries (4-pack),1,2/14/2019 22:13
153553,Apple Airpods Headphones,1,2/5/2019 16:40
153554,27in FHD Monitor,1,2/19/2019 22:50
153555,Flatscreen TV,1,2/17/2019 2:17
153556,AA Batteries (4-pack),1,2/21/2019 13:13
153557,Flatscreen TV,1,2/12/2019 8:46
153558,Apple Airpods Headphones,1,2/1/2019 19:30
153559,Wired Headphones,1,2/16/2019 12:16
153560,USB-C Charging Cable,1,2/14/2019 23:39
153561,Apple Airpods Headphones,1,2/18/2019 21:49
153562,AAA Batteries (4-pack),1,2/25/2019 12:45
153563,AAA Batteries (4-pack),1,2/16/2019 19:25
153564,27in 4K Gaming Monitor,1,2/23/2019 10:20
153565,27in 4K Gaming Monitor,1,2/12/2019 22:07
153565,Lightning Charging Cable,1,2/12/2019 22:07
153566,34in Ultrawide Monitor,1,2/27/2019 8:37
153567,AA Batteries (4-pack),1,2/9/2019 15:17
153568,27in 4K Gaming Monitor,1,2/20/2019 21:56
153569,AAA Batteries (4-pack),1,2/1/2019 21:05
153570,USB-C Charging Cable,1,2/4/2019 8:36
153571,Apple Airpods Headphones,1,2/11/2019 14:36
153572,Wired Headphones,1,2/3/2019 11:37
153573,AAA Batteries (4-pack),2,2/10/2019 17:10
153574,AAA Batteries (4-pack),1,2/27/2019 17:56
153575,Macbook Pro Laptop,1,2/13/2019 21:47
153576,Lightning Charging Cable,2,2/21/2019 10:40
153577,34in Ultrawide Monitor,1,2/21/2019 10:51
153578,Lightning Charging Cable,1,2/6/2019 13:53
153579,AAA Batteries (4-pack),1,2/12/2019 10:10
153580,USB-C Charging Cable,1,2/3/2019 16:53
153581,AAA Batteries (4-pack),1,2/19/2019 10:53
153582,27in FHD Monitor,1,2/7/2019 12:14
153582,Wired Headphones,2,2/7/2019 12:14
153583,Apple Airpods Headphones,1,2/24/2019 21:46
153584,Bose SoundSport Headphones,1,2/9/2019 14:20
153585,Lightning Charging Cable,1,2/6/2019 15:24
153586,AA Batteries (4-pack),1,2/16/2019 19:14
153587,USB-C Charging Cable,1,2/17/2019 3:22
153588,Bose SoundSport Headphones,1,2/4/2019 17:57
153589,Apple Airpods Headphones,1,2/9/2019 19:41
153590,AA Batteries (4-pack),2,2/8/2019 19:30
153591,Bose SoundSport Headphones,1,2/1/2019 9:37
153592,USB-C Charging Cable,1,2/15/2019 13:29
153593,AAA Batteries (4-pack),1,2/6/2019 10:16
153594,Lightning Charging Cable,1,2/2/2019 11:29
153595,iPhone,1,2/13/2019 19:36
153596,Lightning Charging Cable,1,2/2/2019 17:53
153597,Apple Airpods Headphones,1,2/7/2019 22:01
153598,AA Batteries (4-pack),3,2/2/2019 23:12
153599,Macbook Pro Laptop,1,2/4/2019 9:03
153600,27in FHD Monitor,1,2/2/2019 10:36
153601,Bose SoundSport Headphones,2,2/4/2019 20:55
153602,Flatscreen TV,1,2/13/2019 7:29
153603,USB-C Charging Cable,1,2/10/2019 18:34
153604,Lightning Charging Cable,1,2/26/2019 10:28
153605,iPhone,1,2/9/2019 20:27
153606,iPhone,1,2/12/2019 16:42
153607,ThinkPad Laptop,1,2/7/2019 23:07
153608,Macbook Pro Laptop,1,2/25/2019 11:25
153609,AA Batteries (4-pack),1,2/5/2019 23:25
153610,AAA Batteries (4-pack),1,2/19/2019 20:18
153611,Lightning Charging Cable,1,2/4/2019 11:49
153612,AAA Batteries (4-pack),1,2/12/2019 23:12
153613,Google Phone,1,2/20/2019 17:31
153613,USB-C Charging Cable,1,2/20/2019 17:31
153614,AAA Batteries (4-pack),1,2/10/2019 19:42
153615,Lightning Charging Cable,1,2/12/2019 18:27
153616,20in Monitor,1,2/9/2019 19:36
153617,USB-C Charging Cable,1,2/21/2019 9:26
153618,Bose SoundSport Headphones,1,2/24/2019 13:10
153619,USB-C Charging Cable,1,2/5/2019 21:26
153620,Wired Headphones,1,2/17/2019 17:23
153621,Lightning Charging Cable,1,2/24/2019 11:26
153622,AA Batteries (4-pack),1,2/24/2019 14:39
153623,Apple Airpods Headphones,1,2/25/2019 13:44
153624,Flatscreen TV,1,2/13/2019 13:22
153625,AA Batteries (4-pack),1,2/26/2019 16:13
153626,Wired Headphones,1,2/1/2019 14:52
153627,Bose SoundSport Headphones,1,2/9/2019 14:16
153628,USB-C Charging Cable,2,2/13/2019 14:02
153629,Apple Airpods Headphones,1,2/3/2019 8:40
153630,USB-C Charging Cable,2,2/3/2019 13:48
153631,AAA Batteries (4-pack),3,2/17/2019 23:17
153632,iPhone,1,2/17/2019 18:42
153633,Google Phone,1,2/16/2019 2:18
153634,34in Ultrawide Monitor,1,2/13/2019 8:40
153635,Wired Headphones,1,2/26/2019 20:01
153636,USB-C Charging Cable,1,2/7/2019 13:44
153637,27in 4K Gaming Monitor,1,2/11/2019 11:50
153638,Lightning Charging Cable,1,2/3/2019 22:36
153639,AA Batteries (4-pack),1,2/13/2019 20:51
153640,AAA Batteries (4-pack),3,2/26/2019 8:53
153641,Google Phone,1,2/5/2019 8:35
153642,Lightning Charging Cable,1,2/7/2019 12:12
153643,Apple Airpods Headphones,1,2/20/2019 20:09
153643,Wired Headphones,1,2/20/2019 20:09
153644,Lightning Charging Cable,1,2/3/2019 17:46
153645,27in FHD Monitor,1,2/26/2019 0:07
153646,USB-C Charging Cable,1,2/10/2019 12:50
153647,USB-C Charging Cable,1,2/6/2019 15:20
153648,USB-C Charging Cable,1,2/9/2019 16:03
153649,Apple Airpods Headphones,1,2/1/2019 12:48
153650,Google Phone,1,2/6/2019 13:06
153650,USB-C Charging Cable,1,2/6/2019 13:06
153651,27in FHD Monitor,1,2/22/2019 18:11
153652,LG Dryer,1,2/15/2019 19:53
153653,Lightning Charging Cable,1,2/27/2019 11:22
153654,Wired Headphones,1,2/17/2019 14:57
153655,USB-C Charging Cable,1,2/8/2019 11:58
153656,USB-C Charging Cable,1,2/12/2019 20:54
153657,ThinkPad Laptop,1,2/11/2019 19:41
153658,34in Ultrawide Monitor,1,2/3/2019 18:30
153659,34in Ultrawide Monitor,1,2/19/2019 15:18
153660,Bose SoundSport Headphones,1,2/21/2019 22:24
153661,20in Monitor,1,2/17/2019 23:56
153662,Lightning Charging Cable,1,2/5/2019 22:00
153663,AA Batteries (4-pack),1,2/25/2019 16:01
153664,Flatscreen TV,1,2/28/2019 22:07
153665,Bose SoundSport Headphones,1,2/8/2019 21:31
153666,AAA Batteries (4-pack),1,2/16/2019 21:03
153667,Macbook Pro Laptop,1,2/11/2019 20:44
153668,Lightning Charging Cable,1,2/27/2019 7:59
153669,Wired Headphones,1,2/27/2019 14:22
153670,AA Batteries (4-pack),2,2/12/2019 22:25
153671,AAA Batteries (4-pack),1,2/5/2019 5:31
153672,AA Batteries (4-pack),1,2/9/2019 20:15
153673,AAA Batteries (4-pack),1,2/9/2019 20:52
153674,USB-C Charging Cable,1,2/8/2019 12:42
153675,AA Batteries (4-pack),1,2/20/2019 20:03
153676,Apple Airpods Headphones,1,2/3/2019 22:00
153677,34in Ultrawide Monitor,1,2/21/2019 9:00
153678,AA Batteries (4-pack),1,2/2/2019 15:09
153679,Lightning Charging Cable,2,2/27/2019 14:06
153680,Wired Headphones,1,2/13/2019 20:03
153681,Lightning Charging Cable,1,2/19/2019 13:04
153682,27in FHD Monitor,1,2/28/2019 8:10
153683,Apple Airpods Headphones,1,2/12/2019 20:55
153684,AA Batteries (4-pack),2,2/7/2019 22:52
153685,AA Batteries (4-pack),1,2/10/2019 0:12
153686,AA Batteries (4-pack),1,2/10/2019 5:26
153687,Bose SoundSport Headphones,1,2/27/2019 22:50
153688,Apple Airpods Headphones,1,2/13/2019 14:29
153689,Lightning Charging Cable,1,2/5/2019 21:34
153690,Bose SoundSport Headphones,1,2/6/2019 13:25
153691,USB-C Charging Cable,1,2/6/2019 22:25
153692,iPhone,1,2/17/2019 19:00
153692,Apple Airpods Headphones,1,2/17/2019 19:00
153693,AAA Batteries (4-pack),1,2/11/2019 21:45
153694,USB-C Charging Cable,1,2/14/2019 9:26
153695,Apple Airpods Headphones,1,2/23/2019 14:09
153696,20in Monitor,1,2/9/2019 20:42
153697,AAA Batteries (4-pack),1,2/4/2019 16:02
153698,Flatscreen TV,1,2/10/2019 17:52
153699,ThinkPad Laptop,1,2/17/2019 20:34
153700,34in Ultrawide Monitor,1,2/4/2019 10:37
153701,USB-C Charging Cable,1,2/13/2019 20:15
153702,ThinkPad Laptop,1,2/23/2019 9:22
153703,Lightning Charging Cable,1,2/20/2019 11:58
153704,20in Monitor,1,2/24/2019 17:37
153705,AAA Batteries (4-pack),1,2/17/2019 17:31
Order ID,Product,Quantity Ordered,Order Date
153706,Bose SoundSport Headphones,1,2/10/2019 18:30
153707,AA Batteries (4-pack),1,2/15/2019 9:49
153708,iPhone,1,2/26/2019 17:23
153709,Lightning Charging Cable,1,2/5/2019 19:19
153710,AA Batteries (4-pack),2,2/13/2019 15:10
153711,USB-C Charging Cable,1,2/3/2019 8:58
153712,Apple Airpods Headphones,1,2/28/2019 17:48
153713,Flatscreen TV,1,2/24/2019 23:31
153714,USB-C Charging Cable,1,2/26/2019 23:04
153715,34in Ultrawide Monitor,1,2/24/2019 12:12
153716,AA Batteries (4-pack),1,2/22/2019 15:54
153717,Lightning Charging Cable,1,2/19/2019 13:36
153718,Google Phone,1,2/11/2019 21:32
153719,34in Ultrawide Monitor,1,2/7/2019 1:11
153720,Apple Airpods Headphones,1,2/23/2019 19:16
153721,Bose SoundSport Headphones,1,2/10/2019 20:32
153722,AAA Batteries (4-pack),1,2/7/2019 18:55
153723,AAA Batteries (4-pack),1,2/9/2019 8:06
153724,Lightning Charging Cable,1,2/26/2019 10:49
,,,
153725,27in 4K Gaming Monitor,1,2/17/2019 15:21
153726,Bose SoundSport Headphones,1,2/3/2019 13:45
153727,Wired Headphones,1,2/5/2019 16:42
153728,Lightning Charging Cable,1,2/20/2019 19:10
153729,USB-C Charging Cable,2,2/16/2019 11:58
153730,Wired Headphones,1,2/23/2019 16:27
153731,Apple Airpods Headphones,1,2/18/2019 11:20
153732,Wired Headphones,1,2/14/2019 11:21
153733,Apple Airpods Headphones,1,2/11/2019 16:01
153734,Macbook Pro Laptop,1,2/8/2019 19:36
153735,USB-C Charging Cable,1,2/11/2019 5:00
153736,27in 4K Gaming Monitor,1,2/7/2019 17:42
153737,Apple Airpods Headphones,1,2/20/2019 16:28
153738,USB-C Charging Cable,1,2/1/2019 9:44
153739,AA Batteries (4-pack),1,2/3/2019 14:37
153740,USB-C Charging Cable,1,2/13/2019 22:57
153741,USB-C Charging Cable,1,2/19/2019 13:22
153742,iPhone,1,2/2/2019 20:10
153743,Wired Headphones,1,2/22/2019 9:37
153744,Apple Airpods Headphones,1,2/16/2019 21:16
153745,Wired Headphones,1,2/16/2019 12:04
153746,AA Batteries (4-pack),2,2/12/2019 13:16
153747,AAA Batteries (4-pack),1,2/6/2019 5:53
153748,Bose SoundSport Headphones,1,2/15/2019 6:44
153748,USB-C Charging Cable,1,2/15/2019 6:44
153749,AA Batteries (4-pack),4,2/3/2019 17:48
153750,USB-C Charging Cable,1,2/24/2019 19:21
153751,AAA Batteries (4-pack),2,2/20/2019 13:29
153752,AA Batteries (4-pack),1,2/8/2019 16:12
153753,AAA Batteries (4-pack),2,2/20/2019 18:16
153754,AA Batteries (4-pack),1,2/26/2019 23:03
153755,AAA Batteries (4-pack),1,2/20/2019 9:41
153756,27in FHD Monitor,1,2/20/2019 13:11
153757,27in 4K Gaming Monitor,1,2/6/2019 1:34
153758,AA Batteries (4-pack),1,2/8/2019 21:45
153759,Flatscreen TV,1,2/8/2019 23:43
153760,iPhone,1,2/28/2019 3:03
153760,Wired Headphones,1,2/28/2019 3:03
153761,34in Ultrawide Monitor,1,2/9/2019 2:13
153762,AA Batteries (4-pack),1,2/25/2019 15:29
153763,Wired Headphones,1,2/20/2019 18:59
153764,Lightning Charging Cable,1,2/9/2019 11:03
153765,27in FHD Monitor,1,2/13/2019 12:13
153766,Google Phone,1,2/13/2019 23:05
153767,USB-C Charging Cable,1,2/9/2019 17:31
Order ID,Product,Quantity Ordered,Order Date
153768,AA Batteries (4-pack),1,2/24/2019 21:22
153769,27in 4K Gaming Monitor,1,2/15/2019 21:40
153770,AAA Batteries (4-pack),1,2/19/2019 8:32
153771,Apple Airpods Headphones,1,2/25/2019 18:24
153772,Macbook Pro Laptop,1,2/6/2019 0:03
153773,27in 4K Gaming Monitor,1,2/28/2019 10:09
153774,Lightning Charging Cable,1,2/9/2019 11:08
153775,AA Batteries (4-pack),1,2/13/2019 3:35
153776,Vareebadd Phone,1,2/8/2019 22:58
153777,Lightning Charging Cable,1,2/19/2019 12:21
153778,Apple Airpods Headphones,1,2/3/2019 15:05
153779,Apple Airpods Headphones,1,2/6/2019 21:41
153780,ThinkPad Laptop,1,2/13/2019 14:50
153781,Wired Headphones,2,2/12/2019 9:41
153782,Wired Headphones,1,2/20/2019 20:51
153783,Vareebadd Phone,1,2/1/2019 20:53
153784,USB-C Charging Cable,1,2/1/2019 12:13
153785,20in Monitor,1,2/13/2019 18:37
153786,AA Batteries (4-pack),1,2/2/2019 13:47
153787,USB-C Charging Cable,1,2/23/2019 19:49
153788,Lightning Charging Cable,1,2/8/2019 21:16
153789,Lightning Charging Cable,2,2/27/2019 13:38
153790,27in 4K Gaming Monitor,1,2/21/2019 15:52
153791,AAA Batteries (4-pack),1,2/12/2019 20:19
153792,Bose SoundSport Headphones,1,2/11/2019 22:22
153793,USB-C Charging Cable,1,2/6/2019 7:43
153794,AAA Batteries (4-pack),3,2/25/2019 2:58
153795,Lightning Charging Cable,1,2/20/2019 21:52
153796,ThinkPad Laptop,1,2/12/2019 15:10
153797,AAA Batteries (4-pack),1,2/22/2019 15:33
153798,Macbook Pro Laptop,1,2/28/2019 8:55
153799,USB-C Charging Cable,1,2/12/2019 20:46
153800,AA Batteries (4-pack),1,2/23/2019 19:04
153801,AAA Batteries (4-pack),1,2/27/2019 16:16
153802,Lightning Charging Cable,1,2/8/2019 18:07
153803,34in Ultrawide Monitor,1,2/21/2019 21:47
153804,34in Ultrawide Monitor,1,2/25/2019 23:13
153805,34in Ultrawide Monitor,1,2/26/2019 14:24
153806,AA Batteries (4-pack),1,2/20/2019 11:33
153807,27in 4K Gaming Monitor,1,2/21/2019 20:45
153808,Bose SoundSport Headphones,1,2/17/2019 15:59
153809,Lightning Charging Cable,1,2/14/2019 15:15
153810,Apple Airpods Headphones,1,2/6/2019 20:06
153811,USB-C Charging Cable,1,2/24/2019 17:39
153812,ThinkPad Laptop,1,2/8/2019 19:11
153813,USB-C Charging Cable,1,2/11/2019 18:43
153814,Apple Airpods Headphones,1,2/4/2019 0:15
153814,AAA Batteries (4-pack),1,2/4/2019 0:15
153815,Apple Airpods Headphones,1,2/14/2019 20:05
153816,AA Batteries (4-pack),1,2/12/2019 13:47
153817,AA Batteries (4-pack),1,2/12/2019 16:41
153818,Wired Headphones,1,2/11/2019 14:46
153819,AAA Batteries (4-pack),1,2/15/2019 13:26
153820,AA Batteries (4-pack),2,2/8/2019 10:34
153821,Lightning Charging Cable,1,2/18/2019 11:53
153822,AA Batteries (4-pack),1,2/10/2019 14:09
153823,AA Batteries (4-pack),2,2/16/2019 15:33
153824,Lightning Charging Cable,1,2/21/2019 15:44
153825,20in Monitor,1,2/12/2019 14:41
153826,Apple Airpods Headphones,1,2/9/2019 10:52
153827,USB-C Charging Cable,1,2/2/2019 12:56
153828,AA Batteries (4-pack),1,2/22/2019 7:54
153829,Bose SoundSport Headphones,1,2/26/2019 11:30
153830,iPhone,1,2/8/2019 20:21
153831,Lightning Charging Cable,1,2/19/2019 9:39
153832,iPhone,1,2/3/2019 13:19
153833,27in FHD Monitor,1,2/23/2019 19:34
153834,Lightning Charging Cable,1,2/8/2019 5:36
153835,AA Batteries (4-pack),1,2/20/2019 20:23
153836,AA Batteries (4-pack),2,2/25/2019 17:38
153837,AA Batteries (4-pack),1,2/15/2019 13:17
153838,27in FHD Monitor,1,2/18/2019 17:00
153839,USB-C Charging Cable,1,2/19/2019 18:44
153840,20in Monitor,1,2/21/2019 7:40
153841,Bose SoundSport Headphones,1,2/22/2019 13:09
153842,AAA Batteries (4-pack),1,2/5/2019 22:29
153843,Lightning Charging Cable,1,2/15/2019 19:41
153844,AAA Batteries (4-pack),1,2/18/2019 19:03
153845,27in 4K Gaming Monitor,1,2/23/2019 12:52
153846,Wired Headphones,1,2/2/2019 21:23
153846,Lightning Charging Cable,1,2/2/2019 21:23
153847,Lightning Charging Cable,1,2/20/2019 21:26
153848,AA Batteries (4-pack),1,2/16/2019 19:20
153849,Apple Airpods Headphones,1,2/22/2019 11:05
153850,Apple Airpods Headphones,1,2/10/2019 13:22
153850,Lightning Charging Cable,1,2/10/2019 13:22
153851,Lightning Charging Cable,1,2/3/2019 12:30
153852,27in FHD Monitor,1,2/7/2019 19:01
153853,27in 4K Gaming Monitor,1,2/3/2019 21:47
153854,USB-C Charging Cable,1,2/24/2019 19:54
153855,34in Ultrawide Monitor,1,2/12/2019 17:12
153856,27in FHD Monitor,1,2/18/2019 10:58
153857,Bose SoundSport Headphones,1,2/21/2019 12:30
153858,Lightning Charging Cable,1,2/4/2019 23:07
153859,27in FHD Monitor,1,2/13/2019 17:32
153860,Bose SoundSport Headphones,1,2/27/2019 22:56
153861,iPhone,1,2/13/2019 22:09
153862,AAA Batteries (4-pack),2,2/16/2019 22:12
153863,AA Batteries (4-pack),1,2/11/2019 16:55
153864,Lightning Charging Cable,1,2/6/2019 22:03
153865,AAA Batteries (4-pack),2,2/22/2019 20:23
153866,Bose SoundSport Headphones,1,2/28/2019 21:31
153867,AAA Batteries (4-pack),1,2/25/2019 12:20
153868,Flatscreen TV,1,2/7/2019 21:21
153869,ThinkPad Laptop,1,3/1/2019 1:28
153870,iPhone,1,2/1/2019 6:56
153871,AAA Batteries (4-pack),2,2/17/2019 6:56
153872,Wired Headphones,1,2/24/2019 13:48
153873,USB-C Charging Cable,1,2/21/2019 15:53
153874,Lightning Charging Cable,1,2/19/2019 18:59
153875,USB-C Charging Cable,1,2/10/2019 18:25
153876,Apple Airpods Headphones,1,2/11/2019 12:37
153877,Apple Airpods Headphones,1,2/8/2019 21:37
153878,Bose SoundSport Headphones,1,2/8/2019 12:22
153879,27in 4K Gaming Monitor,1,2/26/2019 15:44
153880,Lightning Charging Cable,1,2/25/2019 19:21
153881,AA Batteries (4-pack),1,2/16/2019 23:39
153882,Wired Headphones,1,2/8/2019 2:08
153883,Apple Airpods Headphones,1,2/13/2019 11:46
153884,27in 4K Gaming Monitor,1,2/11/2019 14:09
153885,AAA Batteries (4-pack),1,2/3/2019 17:41
153886,AA Batteries (4-pack),1,2/1/2019 21:11
153887,AAA Batteries (4-pack),1,2/23/2019 21:57
153888,ThinkPad Laptop,1,2/9/2019 18:12
153889,20in Monitor,1,2/5/2019 14:48
153890,AAA Batteries (4-pack),2,2/9/2019 11:53
153891,iPhone,1,2/2/2019 12:21
153892,AA Batteries (4-pack),1,2/26/2019 18:48
153893,Wired Headphones,1,2/16/2019 22:26
153894,USB-C Charging Cable,1,2/7/2019 14:51
153895,AAA Batteries (4-pack),1,2/15/2019 11:26
153896,Lightning Charging Cable,1,2/5/2019 15:44
153897,Bose SoundSport Headphones,1,2/16/2019 7:48
153898,Flatscreen TV,1,2/12/2019 9:39
153899,AA Batteries (4-pack),1,2/1/2019 10:00
153900,iPhone,1,2/21/2019 20:36
153901,AA Batteries (4-pack),1,2/14/2019 14:02
153902,USB-C Charging Cable,2,2/14/2019 17:30
153903,Wired Headphones,1,2/28/2019 1:04
153904,AA Batteries (4-pack),2,2/10/2019 17:10
153905,Lightning Charging Cable,1,2/25/2019 1:01
153906,AAA Batteries (4-pack),1,2/3/2019 13:43
153907,Lightning Charging Cable,1,2/15/2019 18:50
153908,AAA Batteries (4-pack),1,2/22/2019 20:07
153909,USB-C Charging Cable,1,2/27/2019 14:28
153910,Apple Airpods Headphones,1,2/23/2019 18:35
153911,Lightning Charging Cable,1,2/28/2019 10:39
153912,34in Ultrawide Monitor,1,2/9/2019 20:45
153913,Apple Airpods Headphones,1,2/20/2019 8:17
153914,AA Batteries (4-pack),1,2/7/2019 19:17
153915,27in FHD Monitor,1,2/1/2019 22:03
153916,AA Batteries (4-pack),1,2/3/2019 12:28
153917,AAA Batteries (4-pack),1,2/7/2019 13:47
153918,USB-C Charging Cable,1,2/21/2019 6:56
153919,27in FHD Monitor,1,2/28/2019 21:25
153920,USB-C Charging Cable,1,2/8/2019 11:42
153921,Apple Airpods Headphones,1,2/8/2019 23:07
153922,Lightning Charging Cable,1,2/26/2019 12:41
153923,Bose SoundSport Headphones,1,2/10/2019 21:43
153924,USB-C Charging Cable,1,2/9/2019 7:01
153925,AAA Batteries (4-pack),1,2/9/2019 10:28
153926,34in Ultrawide Monitor,1,2/6/2019 18:13
153927,Google Phone,1,2/10/2019 9:02
153928,27in 4K Gaming Monitor,1,2/22/2019 18:48
153929,AAA Batteries (4-pack),1,2/26/2019 21:49
153930,Apple Airpods Headphones,1,2/24/2019 21:25
153931,USB-C Charging Cable,1,2/28/2019 13:25
153932,Vareebadd Phone,1,2/1/2019 12:35
153933,27in 4K Gaming Monitor,1,2/9/2019 7:27
153934,Wired Headphones,1,2/11/2019 16:49
153935,AAA Batteries (4-pack),4,2/9/2019 6:39
153936,Google Phone,1,2/14/2019 16:35
153936,USB-C Charging Cable,1,2/14/2019 16:35
153937,Vareebadd Phone,1,2/11/2019 8:04
153938,Wired Headphones,1,2/16/2019 19:21
153939,Wired Headphones,1,2/5/2019 19:05
153940,USB-C Charging Cable,1,2/4/2019 0:24
153941,AA Batteries (4-pack),2,2/1/2019 16:56
153942,USB-C Charging Cable,1,2/28/2019 10:07
153943,Macbook Pro Laptop,1,2/7/2019 6:50
153944,Flatscreen TV,1,2/13/2019 2:06
153945,AA Batteries (4-pack),1,2/5/2019 17:27
153946,Apple Airpods Headphones,1,2/2/2019 12:54
153947,27in 4K Gaming Monitor,1,2/20/2019 22:46
153948,27in FHD Monitor,1,2/28/2019 10:22
153949,Macbook Pro Laptop,1,2/14/2019 1:09
153950,iPhone,1,2/17/2019 11:54
153951,Bose SoundSport Headphones,2,2/2/2019 19:26
153952,AAA Batteries (4-pack),3,2/13/2019 11:06
153953,Apple Airpods Headphones,1,2/23/2019 20:47
153954,27in FHD Monitor,1,2/13/2019 10:18
153955,Lightning Charging Cable,1,2/23/2019 5:01
153956,Google Phone,1,2/23/2019 8:11
153956,USB-C Charging Cable,1,2/23/2019 8:11
153956,Wired Headphones,1,2/23/2019 8:11
153957,Lightning Charging Cable,2,2/19/2019 16:28
153958,Wired Headphones,1,2/16/2019 9:53
153959,Lightning Charging Cable,1,2/26/2019 15:29
153960,AAA Batteries (4-pack),1,2/16/2019 4:15
153961,Lightning Charging Cable,1,2/7/2019 2:53
153962,USB-C Charging Cable,2,2/14/2019 22:25
153963,Bose SoundSport Headphones,1,2/15/2019 23:32
153964,Lightning Charging Cable,1,2/19/2019 17:35
153965,Apple Airpods Headphones,1,2/10/2019 19:33
153966,iPhone,1,2/14/2019 1:24
153966,Wired Headphones,1,2/14/2019 1:24
153967,iPhone,1,2/5/2019 21:59
153968,AAA Batteries (4-pack),1,2/11/2019 13:41
153969,Lightning Charging Cable,1,2/24/2019 9:53
153970,AAA Batteries (4-pack),1,2/16/2019 7:40
153971,USB-C Charging Cable,1,2/14/2019 11:09
153972,Vareebadd Phone,1,2/18/2019 16:47
153973,Apple Airpods Headphones,1,2/18/2019 20:14
153974,Wired Headphones,1,2/12/2019 20:54
153975,AAA Batteries (4-pack),1,2/20/2019 12:21
153976,Macbook Pro Laptop,1,2/15/2019 14:29
153977,Apple Airpods Headphones,1,2/17/2019 8:08
153978,AAA Batteries (4-pack),1,2/11/2019 16:56
153979,AA Batteries (4-pack),2,2/11/2019 8:54
153980,27in 4K Gaming Monitor,1,2/28/2019 9:13
153981,Bose SoundSport Headphones,1,2/9/2019 14:38
153982,iPhone,1,2/23/2019 14:46
153983,AA Batteries (4-pack),1,2/20/2019 1:07
153984,AA Batteries (4-pack),1,2/20/2019 8:04
153985,Google Phone,1,2/22/2019 20:11
153986,USB-C Charging Cable,1,2/11/2019 19:27
153987,Apple Airpods Headphones,1,2/4/2019 16:51
153988,Lightning Charging Cable,1,2/8/2019 12:57
153989,AA Batteries (4-pack),3,2/23/2019 23:09
153990,27in 4K Gaming Monitor,1,2/20/2019 22:41
153991,Macbook Pro Laptop,1,2/9/2019 16:36
153992,Bose SoundSport Headphones,1,2/12/2019 23:33
153993,20in Monitor,1,2/1/2019 13:39
153994,Lightning Charging Cable,1,2/3/2019 16:12
153995,USB-C Charging Cable,1,2/12/2019 11:18
153996,Apple Airpods Headphones,1,2/13/2019 0:14
153997,Apple Airpods Headphones,1,2/17/2019 18:18
153998,27in FHD Monitor,1,2/18/2019 18:47
153999,AA Batteries (4-pack),1,2/24/2019 18:59
154000,34in Ultrawide Monitor,1,2/24/2019 10:15
154001,USB-C Charging Cable,1,2/6/2019 13:19
154002,USB-C Charging Cable,1,2/18/2019 20:10
154003,AA Batteries (4-pack),1,2/25/2019 17:02
154004,34in Ultrawide Monitor,1,2/5/2019 4:19
154005,34in Ultrawide Monitor,1,2/21/2019 15:14
154006,Apple Airpods Headphones,1,2/12/2019 12:02
154007,Lightning Charging Cable,1,2/23/2019 11:52
154007,Google Phone,1,2/23/2019 11:52
154008,LG Dryer,1,2/4/2019 14:46
154009,Wired Headphones,1,2/15/2019 7:28
154010,Apple Airpods Headphones,1,2/14/2019 17:08
154011,Vareebadd Phone,1,2/18/2019 16:53
154012,27in 4K Gaming Monitor,1,2/28/2019 9:36
154012,Google Phone,1,2/28/2019 9:36
154013,USB-C Charging Cable,1,2/22/2019 5:51
154014,AA Batteries (4-pack),2,2/7/2019 18:30
154015,AA Batteries (4-pack),1,2/27/2019 11:52
154016,ThinkPad Laptop,1,2/21/2019 17:24
154017,27in 4K Gaming Monitor,1,2/5/2019 18:46
154018,Apple Airpods Headphones,1,2/21/2019 17:54
154019,Google Phone,1,2/2/2019 18:10
154019,USB-C Charging Cable,1,2/2/2019 18:10
154019,Wired Headphones,1,2/2/2019 18:10
154020,AA Batteries (4-pack),1,2/8/2019 0:36
154021,27in 4K Gaming Monitor,1,2/15/2019 12:31
154022,iPhone,1,2/20/2019 23:11
154022,Lightning Charging Cable,1,2/20/2019 23:11
154023,Apple Airpods Headphones,1,2/16/2019 10:55
154024,AAA Batteries (4-pack),2,2/25/2019 8:49
154025,27in 4K Gaming Monitor,1,2/2/2019 5:36
154026,USB-C Charging Cable,1,2/15/2019 7:29
154027,Bose SoundSport Headphones,1,2/19/2019 16:15
154028,27in 4K Gaming Monitor,1,2/11/2019 18:11
154028,Macbook Pro Laptop,1,2/11/2019 18:11
154029,AA Batteries (4-pack),1,2/1/2019 21:54
154030,USB-C Charging Cable,1,2/13/2019 16:56
,,,
154031,27in 4K Gaming Monitor,1,2/4/2019 13:48
154032,20in Monitor,1,2/18/2019 19:17
154033,27in FHD Monitor,1,2/5/2019 12:58
154034,Lightning Charging Cable,1,2/20/2019 21:06
154035,AAA Batteries (4-pack),1,2/20/2019 22:46
154036,Lightning Charging Cable,1,2/23/2019 17:51
154037,Macbook Pro Laptop,1,2/25/2019 12:39
154038,USB-C Charging Cable,1,2/7/2019 11:18
154039,AA Batteries (4-pack),2,2/22/2019 16:16
154040,AAA Batteries (4-pack),1,2/12/2019 19:16
154041,Apple Airpods Headphones,1,2/22/2019 1:01
154042,AA Batteries (4-pack),1,2/13/2019 8:25
154043,Lightning Charging Cable,2,2/4/2019 16:12
154044,Apple Airpods Headphones,1,2/21/2019 20:06
154045,27in 4K Gaming Monitor,1,2/15/2019 9:37
154046,USB-C Charging Cable,1,2/18/2019 6:18
154047,Apple Airpods Headphones,1,2/14/2019 22:39
154048,Apple Airpods Headphones,1,2/19/2019 15:36
154049,Wired Headphones,1,2/23/2019 5:15
154050,Macbook Pro Laptop,1,2/17/2019 18:21
154051,AAA Batteries (4-pack),3,2/5/2019 18:49
154052,AA Batteries (4-pack),1,2/4/2019 12:27
154053,USB-C Charging Cable,1,2/3/2019 20:19
154054,ThinkPad Laptop,1,2/16/2019 21:04
154055,Apple Airpods Headphones,1,2/2/2019 13:21
154056,Lightning Charging Cable,1,2/28/2019 19:11
154057,Lightning Charging Cable,1,2/13/2019 12:17
154058,USB-C Charging Cable,1,2/5/2019 22:18
154059,Lightning Charging Cable,1,2/16/2019 17:07
154060,Lightning Charging Cable,1,2/12/2019 18:32
154061,AA Batteries (4-pack),1,2/7/2019 12:50
154062,Google Phone,1,2/6/2019 17:24
154062,USB-C Charging Cable,1,2/6/2019 17:24
154063,27in FHD Monitor,1,2/11/2019 8:51
154063,Lightning Charging Cable,1,2/11/2019 8:51
154064,Apple Airpods Headphones,1,2/10/2019 22:04
154065,USB-C Charging Cable,1,2/15/2019 15:03
154066,Lightning Charging Cable,1,2/27/2019 22:50
154067,AA Batteries (4-pack),1,2/22/2019 18:12
154068,AA Batteries (4-pack),1,2/8/2019 13:25
154069,Wired Headphones,1,2/20/2019 11:11
154070,USB-C Charging Cable,1,2/8/2019 11:19
154071,27in FHD Monitor,1,2/15/2019 12:01
154072,Bose SoundSport Headphones,1,2/15/2019 13:46
154073,20in Monitor,1,2/9/2019 9:53
154074,AAA Batteries (4-pack),2,2/21/2019 21:31
154075,Flatscreen TV,1,2/28/2019 3:54
154076,AA Batteries (4-pack),1,2/3/2019 18:04
154077,Wired Headphones,1,2/22/2019 18:18
154078,Wired Headphones,1,2/28/2019 6:46
154079,Google Phone,1,2/11/2019 19:34
154079,USB-C Charging Cable,1,2/11/2019 19:34
154080,AAA Batteries (4-pack),1,2/18/2019 23:03
154081,AAA Batteries (4-pack),2,2/3/2019 21:21
154082,27in 4K Gaming Monitor,1,2/18/2019 14:00
154083,Flatscreen TV,1,2/16/2019 18:40
154084,Apple Airpods Headphones,1,2/1/2019 8:42
154085,AAA Batteries (4-pack),1,2/5/2019 11:19
154086,LG Dryer,1,2/4/2019 9:57
154087,Apple Airpods Headphones,1,2/7/2019 13:33
154088,27in 4K Gaming Monitor,1,2/25/2019 19:11
154089,iPhone,1,2/2/2019 22:06
154089,Lightning Charging Cable,1,2/2/2019 22:06
154090,Vareebadd Phone,1,2/27/2019 13:55
154091,27in FHD Monitor,1,2/10/2019 14:23
154092,27in 4K Gaming Monitor,1,2/11/2019 20:02
154093,Lightning Charging Cable,1,2/5/2019 18:39
154094,Google Phone,1,2/28/2019 21:59
154095,Flatscreen TV,1,2/23/2019 11:01
154096,AA Batteries (4-pack),1,2/27/2019 6:33
154097,20in Monitor,1,2/17/2019 15:29
154098,Lightning Charging Cable,1,2/26/2019 14:54
154099,USB-C Charging Cable,1,2/4/2019 22:55
154100,AA Batteries (4-pack),1,2/18/2019 21:41
154101,iPhone,1,2/11/2019 21:06
154101,Lightning Charging Cable,1,2/11/2019 21:06
154102,AA Batteries (4-pack),2,2/10/2019 17:14
154103,Wired Headphones,2,2/9/2019 17:42
154104,AA Batteries (4-pack),1,2/18/2019 20:49
154105,USB-C Charging Cable,1,2/11/2019 12:22
154106,Lightning Charging Cable,1,2/16/2019 15:43
154107,Flatscreen TV,1,2/1/2019 8:44
154108,AAA Batteries (4-pack),1,2/24/2019 23:05
154109,Wired Headphones,2,2/15/2019 13:51
154110,USB-C Charging Cable,1,2/8/2019 15:13
154111,iPhone,1,2/6/2019 16:29
154112,USB-C Charging Cable,1,2/18/2019 3:34
154113,Google Phone,1,2/3/2019 10:31
154114,USB-C Charging Cable,1,2/10/2019 12:44
154115,Bose SoundSport Headphones,1,2/26/2019 11:46
154116,USB-C Charging Cable,1,2/16/2019 16:46
154117,Wired Headphones,1,2/28/2019 16:47
154118,AAA Batteries (4-pack),2,2/2/2019 8:57
154119,Lightning Charging Cable,1,2/17/2019 12:46
154120,AAA Batteries (4-pack),2,2/5/2019 7:36
154121,Bose SoundSport Headphones,1,2/26/2019 21:51
154122,Lightning Charging Cable,1,2/10/2019 18:44
154123,Bose SoundSport Headphones,1,2/24/2019 22:38
154124,Lightning Charging Cable,1,2/20/2019 15:55
154125,ThinkPad Laptop,1,2/15/2019 23:19
154126,iPhone,1,2/17/2019 15:05
154126,Lightning Charging Cable,1,2/17/2019 15:05
154127,AAA Batteries (4-pack),3,2/23/2019 15:08
154128,Wired Headphones,1,2/1/2019 12:55
154129,34in Ultrawide Monitor,1,2/18/2019 16:51
154130,Flatscreen TV,1,2/23/2019 13:14
154131,AAA Batteries (4-pack),3,2/11/2019 22:02
154132,AAA Batteries (4-pack),1,2/7/2019 22:14
154133,AAA Batteries (4-pack),1,2/17/2019 18:16
154134,Google Phone,1,2/14/2019 16:15
154134,Wired Headphones,1,2/14/2019 16:15
154135,Bose SoundSport Headphones,1,2/17/2019 22:52
154136,AA Batteries (4-pack),2,2/17/2019 18:20
154137,Lightning Charging Cable,1,2/18/2019 9:12
154138,AAA Batteries (4-pack),1,2/16/2019 8:55
154139,iPhone,1,2/6/2019 18:26
154140,AAA Batteries (4-pack),1,2/24/2019 9:37
154141,Lightning Charging Cable,1,2/9/2019 22:59
154142,USB-C Charging Cable,1,2/22/2019 20:21
154143,iPhone,1,2/7/2019 5:35
154144,AA Batteries (4-pack),1,2/12/2019 22:21
154145,Wired Headphones,1,2/21/2019 21:51
154146,AAA Batteries (4-pack),1,2/27/2019 19:24
154147,Apple Airpods Headphones,1,2/11/2019 8:50
154148,27in FHD Monitor,1,2/28/2019 18:21
154149,Lightning Charging Cable,1,2/8/2019 15:15
154150,Bose SoundSport Headphones,1,2/7/2019 16:52
Order ID,Product,Quantity Ordered,Order Date
154151,Bose SoundSport Headphones,1,2/22/2019 6:05
154152,USB-C Charging Cable,1,2/7/2019 12:05
154153,Lightning Charging Cable,1,2/26/2019 19:53
154154,AAA Batteries (4-pack),2,2/23/2019 19:23
154155,USB-C Charging Cable,1,2/27/2019 12:14
154156,27in FHD Monitor,1,2/16/2019 12:13
154157,Lightning Charging Cable,1,2/9/2019 15:06
154158,Bose SoundSport Headphones,1,2/16/2019 11:53
154159,Lightning Charging Cable,1,2/1/2019 22:07
154160,Lightning Charging Cable,1,2/18/2019 11:19
154161,AAA Batteries (4-pack),1,2/6/2019 17:28
154162,USB-C Charging Cable,1,2/23/2019 18:37
154163,27in FHD Monitor,1,2/14/2019 9:38
154164,27in FHD Monitor,1,2/24/2019 17:23
154165,20in Monitor,1,2/19/2019 3:31
154166,USB-C Charging Cable,1,2/4/2019 12:43
154167,Lightning Charging Cable,1,2/11/2019 13:26
154168,Lightning Charging Cable,2,2/24/2019 15:00
154169,AAA Batteries (4-pack),2,2/21/2019 9:23
154170,ThinkPad Laptop,1,2/3/2019 18:30
154171,Lightning Charging Cable,1,2/18/2019 10:17
154172,AA Batteries (4-pack),1,2/21/2019 19:28
154173,20in Monitor,1,2/12/2019 21:43
154174,USB-C Charging Cable,1,2/1/2019 16:05
154175,Lightning Charging Cable,1,2/17/2019 6:08
154176,Wired Headphones,2,2/27/2019 8:51
154177,Wired Headphones,1,2/7/2019 20:43
154178,Lightning Charging Cable,1,2/10/2019 0:28
154179,27in FHD Monitor,1,2/18/2019 8:02
154180,Wired Headphones,1,2/6/2019 10:34
154181,Wired Headphones,2,2/22/2019 7:39
154181,Bose SoundSport Headphones,1,2/22/2019 7:39
154182,AA Batteries (4-pack),1,2/28/2019 13:52
154183,AA Batteries (4-pack),1,2/9/2019 21:45
154184,Lightning Charging Cable,1,2/10/2019 13:12
154185,Flatscreen TV,1,2/13/2019 5:10
154186,iPhone,1,2/9/2019 17:33
154187,34in Ultrawide Monitor,1,2/21/2019 8:22
154188,20in Monitor,1,2/21/2019 20:08
154189,Google Phone,1,2/1/2019 12:31
154190,Vareebadd Phone,1,2/12/2019 10:02
154191,20in Monitor,1,2/21/2019 11:04
154192,iPhone,1,2/21/2019 17:02
154193,Wired Headphones,1,2/6/2019 12:08
154194,Apple Airpods Headphones,1,2/3/2019 20:10
154195,Bose SoundSport Headphones,1,2/13/2019 14:13
154196,AAA Batteries (4-pack),1,2/10/2019 9:54
154197,34in Ultrawide Monitor,1,2/7/2019 9:10
154198,AAA Batteries (4-pack),1,2/27/2019 13:40
154199,AA Batteries (4-pack),1,2/28/2019 2:09
154200,Apple Airpods Headphones,1,2/22/2019 18:06
154201,AA Batteries (4-pack),2,2/2/2019 9:30
154202,AA Batteries (4-pack),1,2/20/2019 22:12
154203,AA Batteries (4-pack),3,2/1/2019 20:10
154204,Apple Airpods Headphones,1,2/1/2019 15:07
154205,Apple Airpods Headphones,1,2/18/2019 13:51
154206,Wired Headphones,1,2/23/2019 8:19
154207,USB-C Charging Cable,1,2/28/2019 12:13
154208,Apple Airpods Headphones,1,2/7/2019 21:33
154209,Flatscreen TV,1,2/18/2019 20:49
154210,Flatscreen TV,1,2/25/2019 22:08
154211,Bose SoundSport Headphones,1,2/4/2019 19:23
154212,LG Dryer,1,2/11/2019 20:16
154213,27in 4K Gaming Monitor,1,2/22/2019 17:44
154214,AAA Batteries (4-pack),1,2/6/2019 18:59
154215,AAA Batteries (4-pack),3,2/15/2019 14:55
154215,AAA Batteries (4-pack),1,2/15/2019 14:55
154216,AA Batteries (4-pack),3,2/11/2019 12:37
154217,ThinkPad Laptop,1,2/26/2019 19:24
154218,Wired Headphones,1,2/6/2019 10:34
154219,Wired Headphones,1,2/16/2019 0:22
154220,ThinkPad Laptop,1,2/5/2019 13:16
154221,34in Ultrawide Monitor,1,2/8/2019 12:12
154222,Wired Headphones,1,2/24/2019 17:07
154223,AA Batteries (4-pack),1,2/7/2019 19:50
154224,Google Phone,1,2/13/2019 20:59
154225,27in FHD Monitor,1,2/13/2019 17:12
154226,Wired Headphones,1,2/17/2019 3:50
154227,AA Batteries (4-pack),1,2/3/2019 10:43
154228,Apple Airpods Headphones,1,2/3/2019 11:13
154229,AAA Batteries (4-pack),2,2/22/2019 0:35
154230,34in Ultrawide Monitor,1,2/21/2019 22:41
154231,Wired Headphones,1,2/4/2019 17:13
154232,Macbook Pro Laptop,1,2/25/2019 22:39
154233,Wired Headphones,1,2/27/2019 16:38
154234,USB-C Charging Cable,1,2/15/2019 13:39
154235,AA Batteries (4-pack),1,2/7/2019 18:16
154236,20in Monitor,1,2/15/2019 9:58
154237,AA Batteries (4-pack),1,2/26/2019 0:41
154238,AAA Batteries (4-pack),1,2/15/2019 12:33
154239,iPhone,1,2/20/2019 8:30
154240,34in Ultrawide Monitor,1,2/13/2019 9:02
154241,Wired Headphones,1,2/13/2019 14:02
154242,USB-C Charging Cable,2,2/13/2019 0:19
154243,Flatscreen TV,1,2/20/2019 12:24
154244,USB-C Charging Cable,1,2/4/2019 22:21
154245,USB-C Charging Cable,1,2/21/2019 11:16
154246,Bose SoundSport Headphones,1,2/10/2019 13:37
154247,Wired Headphones,1,2/24/2019 10:17
154248,ThinkPad Laptop,1,2/5/2019 20:57
154249,AAA Batteries (4-pack),3,2/17/2019 16:24
154250,Lightning Charging Cable,1,2/2/2019 16:14
154251,AAA Batteries (4-pack),2,2/26/2019 15:36
154252,USB-C Charging Cable,1,2/8/2019 16:20
154253,AA Batteries (4-pack),2,2/4/2019 23:11
154254,Apple Airpods Headphones,1,2/17/2019 19:47
154255,USB-C Charging Cable,1,2/17/2019 19:07
154256,Wired Headphones,1,2/28/2019 12:17
154257,USB-C Charging Cable,1,2/3/2019 10:49
154258,Lightning Charging Cable,1,2/1/2019 13:29
154259,Wired Headphones,1,2/18/2019 12:53
154260,USB-C Charging Cable,1,2/4/2019 17:38
154261,Wired Headphones,1,2/7/2019 13:07
154262,AAA Batteries (4-pack),2,2/18/2019 15:09
154263,Apple Airpods Headphones,1,2/3/2019 19:20
154264,AAA Batteries (4-pack),2,2/24/2019 16:47
154265,AA Batteries (4-pack),1,2/15/2019 18:27
154266,ThinkPad Laptop,1,2/11/2019 10:23
154267,Bose SoundSport Headphones,1,2/5/2019 12:21
154268,Lightning Charging Cable,1,2/25/2019 15:54
154269,ThinkPad Laptop,1,2/19/2019 19:30
154270,27in FHD Monitor,1,2/6/2019 12:20
154271,20in Monitor,1,2/26/2019 12:26
154272,Apple Airpods Headphones,1,2/15/2019 16:42
154273,USB-C Charging Cable,1,2/22/2019 21:59
154274,Wired Headphones,1,2/24/2019 18:35
154275,USB-C Charging Cable,1,2/12/2019 20:50
154276,USB-C Charging Cable,1,2/2/2019 21:41
154277,USB-C Charging Cable,1,2/7/2019 10:07
154278,USB-C Charging Cable,1,2/28/2019 21:55
154279,34in Ultrawide Monitor,1,2/19/2019 1:44
154280,27in 4K Gaming Monitor,1,2/8/2019 19:30
154281,27in FHD Monitor,1,2/9/2019 16:05
154282,Wired Headphones,1,2/2/2019 0:19
154283,Macbook Pro Laptop,1,2/21/2019 18:55
154284,Bose SoundSport Headphones,1,2/2/2019 20:04
154284,Apple Airpods Headphones,1,2/2/2019 20:04
154285,Flatscreen TV,1,2/16/2019 17:50
154286,AAA Batteries (4-pack),1,2/22/2019 12:39
154287,Vareebadd Phone,1,2/4/2019 11:00
154288,Bose SoundSport Headphones,1,2/14/2019 8:29
154289,USB-C Charging Cable,1,2/13/2019 20:33
154290,AAA Batteries (4-pack),1,2/12/2019 20:04
154291,27in FHD Monitor,1,2/14/2019 21:50
154292,Lightning Charging Cable,1,2/12/2019 9:43
154293,Bose SoundSport Headphones,1,2/22/2019 10:25
154293,ThinkPad Laptop,1,2/22/2019 10:25
154294,AAA Batteries (4-pack),3,2/4/2019 13:02
154295,34in Ultrawide Monitor,1,2/28/2019 5:18
154296,Flatscreen TV,1,2/26/2019 16:01
154297,34in Ultrawide Monitor,1,2/28/2019 13:57
154298,27in 4K Gaming Monitor,1,2/5/2019 7:54
154299,Bose SoundSport Headphones,1,2/13/2019 11:05
154300,AA Batteries (4-pack),1,2/13/2019 13:12
154301,34in Ultrawide Monitor,1,2/20/2019 13:26
154302,34in Ultrawide Monitor,1,2/10/2019 15:59
154303,Google Phone,1,2/19/2019 13:05
154303,Wired Headphones,1,2/19/2019 13:05
154304,Google Phone,1,2/2/2019 11:28
154305,USB-C Charging Cable,1,2/21/2019 12:00
154306,USB-C Charging Cable,1,2/18/2019 8:38
154307,Bose SoundSport Headphones,1,2/25/2019 19:46
154308,ThinkPad Laptop,1,2/11/2019 12:56
154309,Apple Airpods Headphones,1,2/25/2019 19:20
154310,Lightning Charging Cable,1,2/12/2019 20:14
154311,AAA Batteries (4-pack),1,2/13/2019 0:22
154312,Lightning Charging Cable,1,2/2/2019 17:44
154313,Google Phone,1,2/8/2019 0:08
154314,Apple Airpods Headphones,1,2/16/2019 10:01
154315,Bose SoundSport Headphones,1,2/18/2019 19:26
154316,27in 4K Gaming Monitor,1,2/5/2019 13:11
154317,AA Batteries (4-pack),3,2/14/2019 12:02
154318,USB-C Charging Cable,1,2/9/2019 8:59
154319,Lightning Charging Cable,1,2/28/2019 15:15
154320,USB-C Charging Cable,1,2/16/2019 9:52
154321,USB-C Charging Cable,2,2/22/2019 12:45
154322,Apple Airpods Headphones,1,2/16/2019 14:05
154323,Lightning Charging Cable,1,2/7/2019 21:56
154324,Wired Headphones,2,2/13/2019 13:20
154325,Wired Headphones,1,2/18/2019 16:48
154326,Wired Headphones,1,2/28/2019 14:50
Order ID,Product,Quantity Ordered,Order Date
154327,Macbook Pro Laptop,1,2/8/2019 13:39
154328,Wired Headphones,1,2/20/2019 22:33
154329,Lightning Charging Cable,1,2/27/2019 9:19
154330,Lightning Charging Cable,1,2/24/2019 0:11
154331,USB-C Charging Cable,1,2/28/2019 15:50
154332,34in Ultrawide Monitor,1,2/27/2019 11:15
154333,USB-C Charging Cable,1,2/8/2019 14:29
154334,AAA Batteries (4-pack),2,2/12/2019 21:19
154335,Flatscreen TV,1,2/22/2019 18:54
154336,iPhone,1,2/3/2019 22:57
154336,Lightning Charging Cable,1,2/3/2019 22:57
154337,AA Batteries (4-pack),1,2/21/2019 0:06
154338,USB-C Charging Cable,1,2/3/2019 7:38
154339,iPhone,1,2/12/2019 15:04
154340,27in 4K Gaming Monitor,1,2/25/2019 21:17
154341,AA Batteries (4-pack),1,2/5/2019 20:59
154342,USB-C Charging Cable,1,2/3/2019 12:20
154343,USB-C Charging Cable,1,2/10/2019 7:47
154344,34in Ultrawide Monitor,1,2/13/2019 11:38
154345,ThinkPad Laptop,1,2/21/2019 23:28
154346,Apple Airpods Headphones,1,2/1/2019 22:10
154347,Bose SoundSport Headphones,1,2/15/2019 13:17
154348,Wired Headphones,1,2/24/2019 23:43
154349,34in Ultrawide Monitor,1,2/4/2019 21:14
154350,Lightning Charging Cable,1,2/3/2019 13:30
154351,Wired Headphones,1,2/10/2019 12:47
154352,27in 4K Gaming Monitor,1,2/24/2019 10:10
154353,Lightning Charging Cable,1,2/19/2019 8:37
154354,AAA Batteries (4-pack),1,2/17/2019 14:09
154355,Wired Headphones,1,2/20/2019 9:01
154356,Bose SoundSport Headphones,1,2/2/2019 14:32
154357,AAA Batteries (4-pack),1,2/25/2019 22:29
154358,Bose SoundSport Headphones,1,2/28/2019 19:42
154359,Lightning Charging Cable,1,2/20/2019 15:05
154360,USB-C Charging Cable,1,2/6/2019 19:41
154361,27in FHD Monitor,1,2/7/2019 17:40
154362,iPhone,1,2/6/2019 20:22
154363,Apple Airpods Headphones,1,2/26/2019 22:44
154364,27in 4K Gaming Monitor,1,2/9/2019 0:33
154365,AAA Batteries (4-pack),1,2/7/2019 9:53
154366,USB-C Charging Cable,1,2/8/2019 21:29
154367,Macbook Pro Laptop,1,2/12/2019 10:04
154368,34in Ultrawide Monitor,1,2/19/2019 21:51
154369,ThinkPad Laptop,1,2/7/2019 13:57
154370,AA Batteries (4-pack),1,2/14/2019 19:17
154371,Lightning Charging Cable,1,2/12/2019 18:17
154372,AAA Batteries (4-pack),1,2/18/2019 14:30
154373,Google Phone,1,2/16/2019 20:07
154374,iPhone,1,2/11/2019 23:57
154374,Wired Headphones,1,2/11/2019 23:57
154375,iPhone,1,2/22/2019 22:30
154375,Apple Airpods Headphones,1,2/22/2019 22:30
154376,Wired Headphones,1,2/11/2019 0:09
154377,Google Phone,1,2/5/2019 14:43
154378,AA Batteries (4-pack),2,2/3/2019 15:05
154379,27in FHD Monitor,1,2/6/2019 10:11
Order ID,Product,Quantity Ordered,Order Date
154380,Bose SoundSport Headphones,1,2/6/2019 19:25
154381,USB-C Charging Cable,1,2/16/2019 10:31
154382,Apple Airpods Headphones,1,2/22/2019 15:58
154383,Lightning Charging Cable,1,2/8/2019 15:40
154384,AA Batteries (4-pack),1,2/14/2019 12:01
154385,Apple Airpods Headphones,1,2/18/2019 15:45
154386,USB-C Charging Cable,1,2/28/2019 17:00
154387,USB-C Charging Cable,1,2/9/2019 16:33
154388,Lightning Charging Cable,1,2/24/2019 22:38
154389,Lightning Charging Cable,2,2/28/2019 11:45
154390,AAA Batteries (4-pack),1,2/24/2019 10:11
154391,Flatscreen TV,1,2/12/2019 12:40
154392,Wired Headphones,1,2/11/2019 14:16
154393,Macbook Pro Laptop,1,2/17/2019 16:00
154394,USB-C Charging Cable,1,2/9/2019 18:38
154395,Apple Airpods Headphones,1,2/27/2019 22:36
154396,Apple Airpods Headphones,1,2/9/2019 2:26
154397,Apple Airpods Headphones,1,2/24/2019 18:44
154398,27in FHD Monitor,1,2/25/2019 12:24
154399,AA Batteries (4-pack),1,2/19/2019 12:11
154400,Lightning Charging Cable,1,2/17/2019 4:02
154401,Apple Airpods Headphones,1,2/26/2019 18:44
154402,Apple Airpods Headphones,1,2/3/2019 11:54
154403,Apple Airpods Headphones,1,2/24/2019 11:56
154404,Wired Headphones,1,2/28/2019 22:19
154405,Wired Headphones,1,2/16/2019 11:52
154406,USB-C Charging Cable,1,2/12/2019 6:28
154407,AA Batteries (4-pack),1,2/24/2019 13:20
154408,Lightning Charging Cable,1,2/14/2019 18:30
154409,Lightning Charging Cable,1,2/21/2019 10:20
154410,Google Phone,1,2/28/2019 23:06
154411,AA Batteries (4-pack),1,2/19/2019 11:36
154412,USB-C Charging Cable,1,2/3/2019 20:47
154413,Flatscreen TV,1,2/16/2019 19:29
154414,AAA Batteries (4-pack),2,2/10/2019 17:02
154415,20in Monitor,1,2/5/2019 7:54
154416,Google Phone,1,2/6/2019 12:05
154417,iPhone,1,2/8/2019 17:32
154417,Lightning Charging Cable,1,2/8/2019 17:32
154418,Google Phone,1,2/2/2019 5:48
154419,USB-C Charging Cable,1,2/27/2019 18:11
154420,AA Batteries (4-pack),2,2/27/2019 21:25
154421,ThinkPad Laptop,1,2/11/2019 21:15
154422,Apple Airpods Headphones,1,2/5/2019 18:20
154423,USB-C Charging Cable,1,2/13/2019 18:01
154424,AA Batteries (4-pack),2,2/1/2019 20:39
154425,Apple Airpods Headphones,1,2/10/2019 11:45
154426,AAA Batteries (4-pack),2,2/8/2019 2:12
154427,Lightning Charging Cable,1,2/7/2019 14:28
154428,Bose SoundSport Headphones,1,2/15/2019 22:23
154429,AAA Batteries (4-pack),1,2/28/2019 22:02
154430,AAA Batteries (4-pack),3,2/15/2019 15:42
154431,AA Batteries (4-pack),1,2/5/2019 13:27
154432,27in FHD Monitor,1,2/10/2019 0:32
154433,AAA Batteries (4-pack),1,2/28/2019 14:21
154434,AA Batteries (4-pack),1,2/26/2019 19:24
154435,20in Monitor,1,2/11/2019 9:53
154436,Bose SoundSport Headphones,1,2/16/2019 10:36
,,,
154437,Lightning Charging Cable,1,2/15/2019 13:17
154438,USB-C Charging Cable,1,2/14/2019 19:15
154439,Wired Headphones,1,2/10/2019 19:56
154440,AAA Batteries (4-pack),1,2/18/2019 20:29
154441,Wired Headphones,1,2/25/2019 19:06
154442,USB-C Charging Cable,1,2/4/2019 13:56
154443,Bose SoundSport Headphones,1,2/12/2019 19:03
154444,Wired Headphones,1,2/9/2019 9:43
154445,27in 4K Gaming Monitor,1,2/16/2019 19:45
154446,Apple Airpods Headphones,1,2/9/2019 15:04
154447,Apple Airpods Headphones,1,2/22/2019 19:40
154448,AAA Batteries (4-pack),1,2/12/2019 21:56
154449,Lightning Charging Cable,1,2/1/2019 20:30
154450,AAA Batteries (4-pack),1,2/7/2019 19:10
154451,Bose SoundSport Headphones,1,2/3/2019 15:11
154452,Google Phone,1,2/11/2019 11:01
154453,Lightning Charging Cable,1,2/12/2019 18:13
154454,AAA Batteries (4-pack),1,2/5/2019 7:49
154455,AA Batteries (4-pack),2,2/18/2019 12:14
154456,Wired Headphones,1,2/8/2019 9:43
154457,AAA Batteries (4-pack),2,2/20/2019 21:37
154458,Apple Airpods Headphones,1,2/27/2019 16:03
154459,Flatscreen TV,1,2/16/2019 23:54
154460,Wired Headphones,1,2/26/2019 9:57
154461,AAA Batteries (4-pack),1,2/14/2019 12:38
154462,Macbook Pro Laptop,1,2/20/2019 9:01
154463,USB-C Charging Cable,1,2/6/2019 7:53
154464,AA Batteries (4-pack),1,2/6/2019 12:34
154465,AA Batteries (4-pack),1,2/4/2019 23:01
154466,Lightning Charging Cable,1,2/23/2019 10:14
154467,AAA Batteries (4-pack),1,2/3/2019 0:17
154468,Apple Airpods Headphones,1,2/26/2019 17:17
154469,AA Batteries (4-pack),1,2/26/2019 8:52
154470,27in FHD Monitor,1,2/25/2019 16:32
154471,Google Phone,1,2/10/2019 14:59
154471,Wired Headphones,1,2/10/2019 14:59
154472,27in FHD Monitor,1,2/22/2019 15:51
154473,Wired Headphones,1,2/17/2019 11:49
154474,Wired Headphones,1,2/23/2019 10:18
154475,20in Monitor,1,2/22/2019 12:49
154476,34in Ultrawide Monitor,1,2/1/2019 10:39
154477,Apple Airpods Headphones,1,2/8/2019 12:29
154478,27in 4K Gaming Monitor,1,2/16/2019 14:11
154479,Lightning Charging Cable,1,2/14/2019 11:48
154480,Bose SoundSport Headphones,1,2/7/2019 11:53
154481,Lightning Charging Cable,1,2/15/2019 20:04
154482,Wired Headphones,1,2/28/2019 9:50
154483,Macbook Pro Laptop,1,2/1/2019 12:44
154484,Lightning Charging Cable,1,2/23/2019 16:57
154485,USB-C Charging Cable,1,2/20/2019 9:29
154486,27in 4K Gaming Monitor,1,2/7/2019 15:42
154487,LG Washing Machine,1,2/2/2019 15:33
154488,Wired Headphones,1,2/7/2019 8:44
154489,USB-C Charging Cable,1,2/15/2019 14:18
154490,Wired Headphones,1,2/17/2019 17:02
154491,Wired Headphones,1,2/17/2019 20:24
154492,Apple Airpods Headphones,1,2/18/2019 13:40
154493,ThinkPad Laptop,1,2/9/2019 18:24
154494,AAA Batteries (4-pack),1,2/18/2019 16:47
154495,USB-C Charging Cable,1,2/7/2019 9:48
154496,AAA Batteries (4-pack),3,2/3/2019 15:43
154497,LG Dryer,1,2/23/2019 16:03
154498,Wired Headphones,1,2/9/2019 11:05
154499,Wired Headphones,1,2/23/2019 6:27
154500,USB-C Charging Cable,1,2/20/2019 21:56
154501,Wired Headphones,1,2/20/2019 6:24
154502,Lightning Charging Cable,1,2/22/2019 10:50
154503,Lightning Charging Cable,1,2/10/2019 19:20
154504,Bose SoundSport Headphones,1,2/19/2019 7:02
154505,AAA Batteries (4-pack),1,2/3/2019 22:54
154506,Bose SoundSport Headphones,1,2/26/2019 10:59
154507,Wired Headphones,1,2/25/2019 14:17
154508,AAA Batteries (4-pack),1,2/9/2019 20:36
154509,iPhone,1,2/2/2019 14:49
154510,Lightning Charging Cable,1,2/16/2019 16:18
154511,Bose SoundSport Headphones,1,2/17/2019 23:52
154511,27in FHD Monitor,1,2/17/2019 23:52
154512,Macbook Pro Laptop,1,2/2/2019 23:21
154513,Google Phone,1,2/2/2019 20:35
154514,Google Phone,1,2/17/2019 18:47
154515,20in Monitor,1,2/5/2019 10:54
154516,USB-C Charging Cable,1,2/17/2019 21:23
154517,AA Batteries (4-pack),1,2/15/2019 18:27
154518,Google Phone,1,2/20/2019 14:53
154519,AA Batteries (4-pack),1,2/14/2019 6:13
154520,AA Batteries (4-pack),2,2/16/2019 15:22
154521,USB-C Charging Cable,1,2/2/2019 22:09
154522,Bose SoundSport Headphones,1,2/20/2019 21:07
154523,Lightning Charging Cable,1,2/21/2019 12:30
154524,iPhone,1,2/14/2019 15:40
154524,Apple Airpods Headphones,1,2/14/2019 15:40
154525,34in Ultrawide Monitor,1,2/19/2019 14:25
154526,Google Phone,1,2/23/2019 17:11
154527,Lightning Charging Cable,1,2/18/2019 18:24
154528,AA Batteries (4-pack),3,2/3/2019 19:30
154529,Lightning Charging Cable,1,2/21/2019 16:12
154530,20in Monitor,1,2/21/2019 16:04
154531,Bose SoundSport Headphones,1,2/15/2019 21:22
154532,Apple Airpods Headphones,1,2/8/2019 23:26
154533,Wired Headphones,1,2/11/2019 11:01
154534,27in FHD Monitor,1,2/28/2019 11:01
154535,Apple Airpods Headphones,1,2/3/2019 13:06
154536,Bose SoundSport Headphones,1,2/3/2019 9:28
154537,Bose SoundSport Headphones,1,2/23/2019 14:45
154538,ThinkPad Laptop,1,2/16/2019 13:58
154539,Wired Headphones,1,2/6/2019 20:31
154540,AAA Batteries (4-pack),1,2/14/2019 14:35
154541,AAA Batteries (4-pack),2,2/18/2019 20:31
154542,AAA Batteries (4-pack),1,2/17/2019 11:02
154543,USB-C Charging Cable,1,2/5/2019 12:58
154544,Wired Headphones,2,2/7/2019 12:57
154545,Bose SoundSport Headphones,1,2/8/2019 19:25
154546,Apple Airpods Headphones,1,2/22/2019 0:17
154547,Flatscreen TV,1,2/12/2019 18:57
154548,USB-C Charging Cable,1,2/5/2019 10:13
154549,iPhone,1,2/24/2019 13:04
154550,USB-C Charging Cable,1,2/11/2019 19:26
154551,iPhone,1,2/5/2019 11:19
154552,USB-C Charging Cable,1,2/5/2019 16:54
154553,34in Ultrawide Monitor,1,2/27/2019 19:16
154554,AAA Batteries (4-pack),2,2/18/2019 8:34
154555,27in FHD Monitor,1,2/27/2019 13:19
154556,Wired Headphones,1,2/22/2019 4:17
154557,Wired Headphones,1,2/22/2019 16:36
154558,Flatscreen TV,1,2/14/2019 13:31
154559,AAA Batteries (4-pack),1,2/1/2019 20:35
154560,Lightning Charging Cable,1,2/17/2019 13:51
154561,Bose SoundSport Headphones,1,2/22/2019 11:58
154562,AAA Batteries (4-pack),1,2/23/2019 10:03
154563,Apple Airpods Headphones,1,2/7/2019 20:13
154564,Google Phone,1,2/28/2019 18:36
154565,Wired Headphones,2,2/5/2019 10:05
154566,Bose SoundSport Headphones,1,2/24/2019 12:03
154567,Apple Airpods Headphones,1,2/15/2019 7:42
154568,USB-C Charging Cable,1,2/2/2019 15:56
154569,AA Batteries (4-pack),2,2/25/2019 18:19
154570,Lightning Charging Cable,2,2/10/2019 9:26
154571,USB-C Charging Cable,1,2/26/2019 13:57
154572,Apple Airpods Headphones,1,2/16/2019 9:56
154573,AAA Batteries (4-pack),1,2/21/2019 14:56
154574,AAA Batteries (4-pack),2,2/8/2019 13:11
154575,Google Phone,1,2/22/2019 17:39
154576,Google Phone,1,2/22/2019 10:40
154576,USB-C Charging Cable,1,2/22/2019 10:40
154577,AA Batteries (4-pack),3,2/20/2019 17:03
154578,AAA Batteries (4-pack),2,2/4/2019 20:14
154579,AA Batteries (4-pack),1,2/13/2019 19:09
154580,Google Phone,1,2/9/2019 17:59
154580,USB-C Charging Cable,1,2/9/2019 17:59
154581,27in 4K Gaming Monitor,1,2/13/2019 17:31
154582,Bose SoundSport Headphones,1,2/7/2019 14:05
154583,27in FHD Monitor,1,2/17/2019 19:37
154584,Apple Airpods Headphones,1,2/19/2019 15:44
154585,Wired Headphones,1,2/3/2019 15:48
154586,Bose SoundSport Headphones,1,2/21/2019 10:32
154587,27in 4K Gaming Monitor,1,2/11/2019 16:14
154588,34in Ultrawide Monitor,1,2/12/2019 9:53
154589,Apple Airpods Headphones,1,2/8/2019 16:08
154590,AAA Batteries (4-pack),1,2/1/2019 17:12
154591,Apple Airpods Headphones,1,2/8/2019 14:55
154592,AAA Batteries (4-pack),1,2/5/2019 9:39
154593,USB-C Charging Cable,1,2/8/2019 21:28
154594,Apple Airpods Headphones,1,2/15/2019 15:57
154595,Bose SoundSport Headphones,1,2/21/2019 11:31
154596,Apple Airpods Headphones,1,2/27/2019 21:29
154597,USB-C Charging Cable,1,2/18/2019 21:28
154598,Bose SoundSport Headphones,1,2/12/2019 18:02
154599,AAA Batteries (4-pack),1,2/17/2019 8:42
154600,AA Batteries (4-pack),2,2/12/2019 18:23
154601,27in FHD Monitor,1,2/21/2019 12:46
154602,Apple Airpods Headphones,1,2/12/2019 4:18
154603,AAA Batteries (4-pack),1,2/3/2019 21:41
154604,Apple Airpods Headphones,1,2/10/2019 9:05
154605,iPhone,1,2/2/2019 12:42
154606,27in 4K Gaming Monitor,1,2/6/2019 14:33
154607,Lightning Charging Cable,1,2/15/2019 10:44
154608,Vareebadd Phone,1,2/11/2019 16:59
154609,AAA Batteries (4-pack),1,2/4/2019 11:26
154610,Wired Headphones,1,2/11/2019 16:20
154611,Wired Headphones,1,2/4/2019 8:57
154611,27in 4K Gaming Monitor,1,2/4/2019 8:57
154612,USB-C Charging Cable,1,2/13/2019 2:03
154613,Apple Airpods Headphones,1,2/17/2019 9:29
154614,Bose SoundSport Headphones,1,2/10/2019 9:56
154615,27in FHD Monitor,1,2/9/2019 11:31
154616,Wired Headphones,3,2/24/2019 23:02
154617,Wired Headphones,1,2/19/2019 14:33
154618,ThinkPad Laptop,1,2/13/2019 20:19
154619,20in Monitor,1,2/21/2019 19:00
154620,ThinkPad Laptop,1,2/4/2019 17:21
154621,USB-C Charging Cable,1,2/14/2019 14:54
154622,AA Batteries (4-pack),1,2/23/2019 6:36
154623,27in 4K Gaming Monitor,1,2/8/2019 13:22
154624,Bose SoundSport Headphones,1,2/27/2019 22:10
154625,Apple Airpods Headphones,1,2/2/2019 16:22
154626,AAA Batteries (4-pack),1,2/26/2019 0:42
154627,Apple Airpods Headphones,1,2/21/2019 8:54
154628,Google Phone,1,2/6/2019 11:14
154628,USB-C Charging Cable,1,2/6/2019 11:14
154629,Lightning Charging Cable,1,2/1/2019 14:05
154630,USB-C Charging Cable,1,2/2/2019 23:47
154631,Apple Airpods Headphones,1,2/16/2019 12:30
154632,AA Batteries (4-pack),1,2/20/2019 12:13
154633,Flatscreen TV,1,2/8/2019 17:51
154634,Apple Airpods Headphones,1,2/17/2019 21:43
154635,Wired Headphones,1,2/13/2019 14:04
154636,Wired Headphones,1,2/19/2019 12:59
154637,Apple Airpods Headphones,1,2/8/2019 2:07
154638,27in FHD Monitor,1,2/24/2019 20:23
154639,27in FHD Monitor,1,2/1/2019 21:17
154640,USB-C Charging Cable,1,2/25/2019 1:36
154641,AAA Batteries (4-pack),1,2/14/2019 18:30
154642,Lightning Charging Cable,1,2/17/2019 12:16
154643,AAA Batteries (4-pack),1,2/15/2019 9:32
154644,Apple Airpods Headphones,1,2/12/2019 8:08
154644,Lightning Charging Cable,1,2/12/2019 8:08
154645,Wired Headphones,1,2/2/2019 18:25
154646,Flatscreen TV,1,2/6/2019 19:08
154647,USB-C Charging Cable,1,2/3/2019 18:19
154648,USB-C Charging Cable,1,2/9/2019 18:31
154649,USB-C Charging Cable,1,2/18/2019 17:36
154650,iPhone,1,2/13/2019 20:14
154651,Wired Headphones,2,2/5/2019 10:26
154652,AAA Batteries (4-pack),2,2/8/2019 13:50
154653,AAA Batteries (4-pack),1,2/28/2019 22:48
154654,AAA Batteries (4-pack),1,2/10/2019 17:09
154655,Google Phone,1,2/8/2019 6:39
154655,USB-C Charging Cable,1,2/8/2019 6:39
154656,ThinkPad Laptop,1,2/13/2019 18:51
154657,USB-C Charging Cable,1,2/19/2019 15:10
154658,Google Phone,1,2/7/2019 14:27
154658,USB-C Charging Cable,1,2/7/2019 14:27
154659,Lightning Charging Cable,1,2/9/2019 7:29
154660,Bose SoundSport Headphones,1,2/3/2019 15:32
154661,34in Ultrawide Monitor,1,2/13/2019 19:38
154662,27in 4K Gaming Monitor,1,2/25/2019 8:45
154663,AA Batteries (4-pack),1,2/14/2019 13:03
154664,AAA Batteries (4-pack),2,2/11/2019 10:20
154665,AA Batteries (4-pack),1,2/22/2019 7:47
154666,AAA Batteries (4-pack),1,2/9/2019 10:51
154667,Apple Airpods Headphones,1,2/3/2019 14:31
154668,AA Batteries (4-pack),4,2/13/2019 22:16
154669,Wired Headphones,1,2/8/2019 18:54
154670,Lightning Charging Cable,1,2/23/2019 12:53
154671,AAA Batteries (4-pack),2,2/9/2019 20:47
154672,34in Ultrawide Monitor,1,2/20/2019 19:54
154673,AA Batteries (4-pack),1,2/14/2019 20:45
154674,Wired Headphones,1,2/11/2019 15:31
154675,AA Batteries (4-pack),1,2/19/2019 16:33
154676,Flatscreen TV,1,2/10/2019 21:31
154677,Bose SoundSport Headphones,1,2/23/2019 17:32
154678,Google Phone,1,2/9/2019 14:19
154679,AAA Batteries (4-pack),1,2/13/2019 7:23
154679,34in Ultrawide Monitor,1,2/13/2019 7:23
154680,Apple Airpods Headphones,1,2/24/2019 9:01
154681,Wired Headphones,1,2/7/2019 13:57
154682,AA Batteries (4-pack),1,2/5/2019 21:59
154683,Wired Headphones,1,2/25/2019 20:55
154684,Apple Airpods Headphones,1,2/23/2019 5:23
154685,27in 4K Gaming Monitor,1,2/17/2019 7:42
154686,34in Ultrawide Monitor,1,2/8/2019 15:52
154687,Macbook Pro Laptop,1,2/8/2019 11:34
154688,Apple Airpods Headphones,1,2/8/2019 21:33
154689,27in FHD Monitor,1,2/16/2019 0:44
154690,Apple Airpods Headphones,1,2/24/2019 12:51
154691,Wired Headphones,1,2/24/2019 14:20
154692,Bose SoundSport Headphones,1,2/15/2019 14:11
154693,Wired Headphones,1,2/26/2019 20:45
154694,Bose SoundSport Headphones,1,2/2/2019 20:24
154694,Lightning Charging Cable,1,2/2/2019 20:24
154695,Lightning Charging Cable,1,2/21/2019 11:33
154696,Lightning Charging Cable,1,2/3/2019 10:24
154697,AA Batteries (4-pack),1,2/23/2019 19:19
,,,
154698,Lightning Charging Cable,1,2/1/2019 15:05
154699,Macbook Pro Laptop,1,2/13/2019 10:52
154700,USB-C Charging Cable,1,2/4/2019 15:22
154701,AA Batteries (4-pack),1,2/25/2019 16:50
154702,Macbook Pro Laptop,1,2/27/2019 15:53
154703,AA Batteries (4-pack),3,2/11/2019 16:53
154704,AA Batteries (4-pack),1,2/9/2019 13:26
154705,Wired Headphones,1,2/22/2019 13:17
154706,20in Monitor,1,2/19/2019 2:48
154707,Google Phone,1,2/20/2019 12:58
154707,USB-C Charging Cable,1,2/20/2019 12:58
154707,Wired Headphones,1,2/20/2019 12:58
154708,AA Batteries (4-pack),3,2/20/2019 18:22
154709,Lightning Charging Cable,1,2/28/2019 19:05
154710,Apple Airpods Headphones,1,2/7/2019 11:25
154711,Bose SoundSport Headphones,1,2/18/2019 10:52
154712,AA Batteries (4-pack),1,2/4/2019 23:37
154713,Wired Headphones,2,2/20/2019 18:18
154714,Lightning Charging Cable,2,2/14/2019 14:56
154715,Apple Airpods Headphones,1,2/21/2019 19:22
154716,AA Batteries (4-pack),2,2/22/2019 23:08
154717,AA Batteries (4-pack),2,2/20/2019 11:56
154718,Google Phone,1,2/4/2019 18:58
154719,Bose SoundSport Headphones,1,2/18/2019 18:51
154720,USB-C Charging Cable,1,2/12/2019 15:04
154721,AA Batteries (4-pack),1,2/1/2019 10:29
154722,34in Ultrawide Monitor,1,2/7/2019 11:45
154723,AA Batteries (4-pack),1,2/20/2019 12:54
154724,34in Ultrawide Monitor,1,2/20/2019 14:03
154725,Wired Headphones,2,2/17/2019 12:41
154726,USB-C Charging Cable,1,2/7/2019 16:01
154727,AA Batteries (4-pack),5,2/23/2019 9:07
154728,Wired Headphones,1,2/9/2019 23:15
154729,34in Ultrawide Monitor,1,2/27/2019 8:52
154730,USB-C Charging Cable,1,2/27/2019 16:32
154731,AA Batteries (4-pack),1,2/20/2019 13:48
154732,AAA Batteries (4-pack),1,2/24/2019 21:36
154733,USB-C Charging Cable,1,2/4/2019 11:23
154734,AAA Batteries (4-pack),2,2/18/2019 13:27
154735,Apple Airpods Headphones,1,2/11/2019 0:33
154736,27in FHD Monitor,1,2/7/2019 12:22
154737,Lightning Charging Cable,1,2/1/2019 17:59
154737,Lightning Charging Cable,1,2/1/2019 17:59
154738,Lightning Charging Cable,1,2/27/2019 7:51
154739,34in Ultrawide Monitor,1,2/9/2019 21:38
154740,USB-C Charging Cable,1,2/8/2019 14:31
154741,27in 4K Gaming Monitor,1,2/13/2019 0:55
154742,Lightning Charging Cable,1,2/18/2019 8:58
154743,Lightning Charging Cable,1,2/5/2019 14:09
154744,USB-C Charging Cable,1,2/24/2019 11:10
154745,Apple Airpods Headphones,1,2/24/2019 8:29
154746,AAA Batteries (4-pack),1,2/2/2019 21:13
154747,27in 4K Gaming Monitor,1,2/1/2019 22:46
154747,27in 4K Gaming Monitor,1,2/1/2019 22:46
154748,AA Batteries (4-pack),1,2/24/2019 10:31
154749,Wired Headphones,1,2/16/2019 16:35
154750,iPhone,1,2/26/2019 20:14
154751,AA Batteries (4-pack),1,2/9/2019 18:13
154752,Apple Airpods Headphones,1,2/23/2019 12:59
154753,Lightning Charging Cable,1,2/15/2019 14:08
154754,Lightning Charging Cable,1,2/8/2019 15:01
154755,USB-C Charging Cable,1,2/3/2019 17:54
154756,Lightning Charging Cable,1,2/12/2019 11:36
154757,Wired Headphones,1,2/7/2019 9:42
154758,AA Batteries (4-pack),1,2/3/2019 12:09
154759,Flatscreen TV,1,2/16/2019 11:53
154760,27in FHD Monitor,1,2/13/2019 8:27
154761,AA Batteries (4-pack),1,2/11/2019 9:28
154762,Apple Airpods Headphones,1,2/8/2019 16:59
154763,USB-C Charging Cable,1,2/6/2019 8:57
154764,Wired Headphones,1,2/5/2019 19:48
154765,ThinkPad Laptop,1,2/27/2019 22:22
154766,USB-C Charging Cable,1,2/9/2019 9:11
154767,AAA Batteries (4-pack),2,2/22/2019 12:21
154768,AA Batteries (4-pack),1,2/11/2019 16:02
154769,Wired Headphones,2,2/2/2019 18:12
154770,USB-C Charging Cable,1,2/2/2019 16:05
154771,iPhone,1,2/12/2019 7:32
154772,AAA Batteries (4-pack),1,2/18/2019 22:35
154773,USB-C Charging Cable,1,2/3/2019 16:03
154774,Macbook Pro Laptop,1,2/24/2019 7:44
154775,iPhone,1,2/27/2019 0:10
154776,AA Batteries (4-pack),1,2/25/2019 23:54
154777,Apple Airpods Headphones,1,2/27/2019 20:17
154778,Bose SoundSport Headphones,1,2/18/2019 17:40
154779,Bose SoundSport Headphones,1,2/20/2019 15:17
154780,Bose SoundSport Headphones,1,2/16/2019 20:45
154781,Bose SoundSport Headphones,1,2/13/2019 10:13
154782,27in FHD Monitor,1,2/4/2019 9:30
154783,Apple Airpods Headphones,1,2/17/2019 6:46
154784,27in 4K Gaming Monitor,1,2/12/2019 20:45
154785,USB-C Charging Cable,1,2/9/2019 11:09
154786,Wired Headphones,1,2/11/2019 20:39
154787,USB-C Charging Cable,1,2/22/2019 14:41
154788,27in 4K Gaming Monitor,1,2/21/2019 18:09
154789,27in FHD Monitor,1,2/28/2019 23:04
154790,AA Batteries (4-pack),1,2/3/2019 16:51
154791,Lightning Charging Cable,1,2/18/2019 9:30
154792,Wired Headphones,1,2/25/2019 20:31
154793,AAA Batteries (4-pack),1,2/14/2019 15:24
154794,20in Monitor,1,2/7/2019 17:26
154795,Apple Airpods Headphones,1,2/24/2019 23:55
154796,20in Monitor,1,2/5/2019 19:19
154797,AAA Batteries (4-pack),1,2/22/2019 10:10
154798,Wired Headphones,1,2/22/2019 14:04
154799,ThinkPad Laptop,1,2/16/2019 21:45
154800,Wired Headphones,1,2/28/2019 18:57
154801,USB-C Charging Cable,1,2/18/2019 20:22
154802,Bose SoundSport Headphones,1,2/24/2019 14:37
154803,AA Batteries (4-pack),1,2/4/2019 19:04
154804,USB-C Charging Cable,1,2/21/2019 18:41
154805,Apple Airpods Headphones,1,2/4/2019 13:30
154806,Apple Airpods Headphones,1,2/17/2019 6:22
154807,AA Batteries (4-pack),2,2/24/2019 19:35
Order ID,Product,Quantity Ordered,Order Date
154808,Bose SoundSport Headphones,1,2/2/2019 20:01
154809,USB-C Charging Cable,2,2/7/2019 11:07
154810,AAA Batteries (4-pack),1,2/22/2019 19:51
154811,Wired Headphones,1,2/25/2019 22:10
154812,Macbook Pro Laptop,1,2/14/2019 14:49
154813,Wired Headphones,1,2/8/2019 20:27
154814,AAA Batteries (4-pack),1,2/2/2019 10:09
154815,27in 4K Gaming Monitor,1,2/2/2019 23:14
154816,Lightning Charging Cable,1,2/24/2019 10:06
154817,USB-C Charging Cable,2,2/12/2019 8:31
154818,Lightning Charging Cable,1,2/4/2019 23:39
154819,USB-C Charging Cable,1,2/27/2019 23:43
154820,Apple Airpods Headphones,1,2/18/2019 21:06
154821,Lightning Charging Cable,1,2/18/2019 10:56
154822,USB-C Charging Cable,1,2/2/2019 12:34
154823,Macbook Pro Laptop,1,2/5/2019 23:56
154824,Apple Airpods Headphones,1,2/14/2019 16:31
154825,Bose SoundSport Headphones,1,2/6/2019 13:14
154826,iPhone,1,2/11/2019 11:57
154827,AA Batteries (4-pack),1,2/14/2019 14:27
154827,Apple Airpods Headphones,1,2/14/2019 14:27
154828,AA Batteries (4-pack),2,2/4/2019 6:01
154829,Google Phone,1,2/27/2019 15:26
154830,AA Batteries (4-pack),1,2/3/2019 13:44
154831,34in Ultrawide Monitor,1,2/13/2019 15:08
154832,Apple Airpods Headphones,1,2/9/2019 14:14
154833,AA Batteries (4-pack),1,2/6/2019 11:12
154834,ThinkPad Laptop,1,2/15/2019 13:50
154835,AAA Batteries (4-pack),2,2/17/2019 7:53
154836,Lightning Charging Cable,1,2/1/2019 18:37
154837,27in 4K Gaming Monitor,1,2/12/2019 23:23
154838,Google Phone,1,2/20/2019 12:34
154838,Bose SoundSport Headphones,1,2/20/2019 12:34
154839,AA Batteries (4-pack),1,2/11/2019 17:49
154840,AAA Batteries (4-pack),1,2/10/2019 18:58
154841,Macbook Pro Laptop,1,2/28/2019 21:16
154842,USB-C Charging Cable,1,2/10/2019 10:34
154843,Bose SoundSport Headphones,1,2/10/2019 13:34
154844,Wired Headphones,1,2/16/2019 21:42
154845,Lightning Charging Cable,1,2/9/2019 10:00
154846,34in Ultrawide Monitor,1,2/24/2019 0:51
154847,AA Batteries (4-pack),1,2/3/2019 13:24
154848,Wired Headphones,2,2/16/2019 12:05
154849,Wired Headphones,1,2/10/2019 17:39
154850,Lightning Charging Cable,1,2/22/2019 15:17
154851,AAA Batteries (4-pack),1,2/13/2019 8:55
154852,Lightning Charging Cable,1,2/16/2019 17:48
154853,Bose SoundSport Headphones,1,2/20/2019 16:24
154854,AAA Batteries (4-pack),2,2/23/2019 10:13
154855,Wired Headphones,1,2/5/2019 14:30
154856,USB-C Charging Cable,1,2/17/2019 20:54
154857,AAA Batteries (4-pack),1,2/24/2019 10:22
154858,Lightning Charging Cable,1,2/13/2019 14:49
154859,AAA Batteries (4-pack),1,2/19/2019 15:09
154860,27in FHD Monitor,1,2/21/2019 5:31
154861,Wired Headphones,1,2/28/2019 21:21
154862,Google Phone,1,2/6/2019 20:00
154862,USB-C Charging Cable,1,2/6/2019 20:00
154863,ThinkPad Laptop,1,2/15/2019 17:55
154864,Wired Headphones,1,2/1/2019 19:07
154865,34in Ultrawide Monitor,1,2/19/2019 16:20
154866,Wired Headphones,1,2/3/2019 20:11
154867,AA Batteries (4-pack),1,2/17/2019 7:03
154868,AAA Batteries (4-pack),1,2/15/2019 21:45
154869,AA Batteries (4-pack),1,2/4/2019 16:38
154870,Lightning Charging Cable,1,2/4/2019 19:06
154871,AA Batteries (4-pack),1,2/1/2019 15:43
154872,Wired Headphones,1,2/4/2019 20:46
154873,Bose SoundSport Headphones,1,2/28/2019 23:23
154874,Lightning Charging Cable,1,2/8/2019 19:09
154875,AAA Batteries (4-pack),1,2/25/2019 0:01
154876,iPhone,1,2/24/2019 15:03
154877,Wired Headphones,1,2/18/2019 12:48
154878,Wired Headphones,1,2/26/2019 21:15
154879,USB-C Charging Cable,2,2/18/2019 12:20
154880,20in Monitor,1,2/22/2019 17:13
154881,USB-C Charging Cable,1,2/20/2019 18:23
154882,Flatscreen TV,1,2/2/2019 17:42
154883,Lightning Charging Cable,1,2/12/2019 8:59
154884,AA Batteries (4-pack),1,2/21/2019 8:15
154885,Macbook Pro Laptop,1,2/20/2019 20:49
154886,ThinkPad Laptop,1,2/20/2019 18:05
154887,AA Batteries (4-pack),1,2/8/2019 9:32
154888,27in 4K Gaming Monitor,1,2/16/2019 18:52
154889,Vareebadd Phone,1,2/13/2019 14:44
154890,27in FHD Monitor,1,2/13/2019 12:35
154891,Lightning Charging Cable,1,2/24/2019 16:24
154892,Wired Headphones,1,2/18/2019 13:22
154893,Lightning Charging Cable,1,2/28/2019 13:59
154894,Apple Airpods Headphones,1,2/16/2019 9:30
154895,Flatscreen TV,1,2/14/2019 10:16
154896,27in 4K Gaming Monitor,1,2/27/2019 16:58
154897,34in Ultrawide Monitor,1,2/7/2019 16:48
154898,Bose SoundSport Headphones,1,2/14/2019 21:50
154899,AA Batteries (4-pack),2,2/6/2019 17:52
154900,Bose SoundSport Headphones,1,2/14/2019 20:15
154901,Apple Airpods Headphones,1,2/19/2019 10:45
154902,Apple Airpods Headphones,1,2/28/2019 22:52
154903,USB-C Charging Cable,1,2/27/2019 18:44
154904,Apple Airpods Headphones,1,2/5/2019 19:23
154905,34in Ultrawide Monitor,1,2/25/2019 13:14
154906,iPhone,1,2/14/2019 14:01
154907,Wired Headphones,1,2/13/2019 15:25
154908,27in FHD Monitor,1,2/24/2019 21:59
154909,Lightning Charging Cable,1,2/24/2019 2:54
154910,USB-C Charging Cable,2,2/17/2019 12:50
154911,Bose SoundSport Headphones,1,2/24/2019 1:27
154912,Wired Headphones,1,2/2/2019 13:44
154913,AA Batteries (4-pack),1,2/1/2019 10:16
154914,20in Monitor,1,2/8/2019 12:27
,,,
154915,AA Batteries (4-pack),2,2/25/2019 21:33
154916,AAA Batteries (4-pack),2,2/7/2019 8:20
154917,Lightning Charging Cable,1,2/16/2019 18:26
154918,Apple Airpods Headphones,1,2/21/2019 20:45
154919,LG Washing Machine,1,2/1/2019 21:26
154920,USB-C Charging Cable,1,2/4/2019 11:25
154921,Wired Headphones,1,2/20/2019 6:44
154922,AAA Batteries (4-pack),1,2/25/2019 22:52
154923,USB-C Charging Cable,1,2/8/2019 14:51
154924,USB-C Charging Cable,1,2/16/2019 10:57
154925,iPhone,1,2/7/2019 21:29
154925,Wired Headphones,1,2/7/2019 21:29
154926,Apple Airpods Headphones,1,2/10/2019 14:24
154927,Apple Airpods Headphones,1,2/16/2019 7:57
154928,Lightning Charging Cable,2,2/5/2019 10:00
154929,Flatscreen TV,1,2/10/2019 16:51
154930,27in FHD Monitor,1,2/10/2019 14:44
154931,AAA Batteries (4-pack),1,2/7/2019 10:28
154932,Bose SoundSport Headphones,1,2/18/2019 16:36
154933,Bose SoundSport Headphones,1,2/6/2019 21:09
154934,Wired Headphones,1,2/1/2019 11:49
154935,Bose SoundSport Headphones,1,2/11/2019 21:28
154936,Flatscreen TV,1,2/28/2019 22:58
154937,USB-C Charging Cable,1,2/11/2019 7:42
154938,Bose SoundSport Headphones,1,2/25/2019 19:50
154939,20in Monitor,1,2/15/2019 13:07
154940,Lightning Charging Cable,1,2/10/2019 19:17
154941,Wired Headphones,1,2/3/2019 12:45
154942,USB-C Charging Cable,1,2/17/2019 15:47
154943,AA Batteries (4-pack),1,2/8/2019 17:22
154943,34in Ultrawide Monitor,1,2/8/2019 17:22
154944,Wired Headphones,1,2/17/2019 9:30
154945,Bose SoundSport Headphones,1,2/28/2019 10:04
154946,34in Ultrawide Monitor,1,2/8/2019 15:10
154947,34in Ultrawide Monitor,1,2/5/2019 17:51
154948,Apple Airpods Headphones,1,2/4/2019 15:46
154949,LG Dryer,1,2/15/2019 23:03
154950,AA Batteries (4-pack),1,2/20/2019 17:07
154951,Wired Headphones,1,2/26/2019 22:15
154952,AAA Batteries (4-pack),1,2/23/2019 10:33
154953,USB-C Charging Cable,1,2/19/2019 2:14
154954,Lightning Charging Cable,1,2/15/2019 20:30
154955,Lightning Charging Cable,1,2/4/2019 11:31
154956,Google Phone,1,2/2/2019 17:34
154957,AAA Batteries (4-pack),1,2/6/2019 10:49
154958,Wired Headphones,1,2/7/2019 19:31
154959,Apple Airpods Headphones,1,2/19/2019 12:08
154960,iPhone,1,2/26/2019 14:50
154961,20in Monitor,1,2/17/2019 21:55
154962,27in 4K Gaming Monitor,1,2/3/2019 19:54
154963,Wired Headphones,1,2/10/2019 22:47
154964,AA Batteries (4-pack),1,2/25/2019 20:59
154965,AA Batteries (4-pack),1,2/1/2019 19:03
154966,34in Ultrawide Monitor,1,2/5/2019 9:52
154967,Bose SoundSport Headphones,1,2/3/2019 23:49
154968,Wired Headphones,1,2/3/2019 11:51
154969,27in 4K Gaming Monitor,1,2/11/2019 19:38
154970,USB-C Charging Cable,1,2/9/2019 13:05
154971,Bose SoundSport Headphones,1,2/22/2019 20:26
154972,Google Phone,1,2/18/2019 20:16
154973,AAA Batteries (4-pack),1,2/20/2019 15:05
154974,27in 4K Gaming Monitor,1,2/8/2019 10:07
154975,Lightning Charging Cable,1,2/23/2019 3:55
154976,Apple Airpods Headphones,1,2/28/2019 7:54
154977,USB-C Charging Cable,1,2/25/2019 13:20
154978,Apple Airpods Headphones,1,2/23/2019 20:07
154979,Lightning Charging Cable,1,2/19/2019 9:31
154980,Lightning Charging Cable,1,2/13/2019 16:21
154981,27in 4K Gaming Monitor,1,2/16/2019 13:38
154982,Wired Headphones,1,2/4/2019 21:39
154983,Macbook Pro Laptop,1,2/27/2019 21:14
154984,iPhone,1,2/5/2019 16:45
154985,Apple Airpods Headphones,1,2/10/2019 19:04
154986,Lightning Charging Cable,1,2/17/2019 15:05
154987,AAA Batteries (4-pack),1,2/24/2019 20:30
154988,USB-C Charging Cable,1,2/3/2019 19:38
154989,Google Phone,1,2/9/2019 14:24
154989,USB-C Charging Cable,1,2/9/2019 14:24
154989,Bose SoundSport Headphones,1,2/9/2019 14:24
154990,Lightning Charging Cable,1,2/24/2019 15:25
154991,iPhone,1,2/1/2019 15:36
154992,AA Batteries (4-pack),2,2/2/2019 21:38
154993,AAA Batteries (4-pack),4,2/6/2019 19:52
154994,Bose SoundSport Headphones,1,2/20/2019 17:53
154995,Macbook Pro Laptop,1,2/22/2019 17:58
154996,Apple Airpods Headphones,1,2/17/2019 9:00
154997,USB-C Charging Cable,1,2/27/2019 6:17
154998,AA Batteries (4-pack),1,2/6/2019 1:05
154999,Lightning Charging Cable,1,2/10/2019 19:37
155000,27in FHD Monitor,1,2/3/2019 9:12
155001,AAA Batteries (4-pack),1,2/4/2019 20:06
155002,AAA Batteries (4-pack),1,2/14/2019 17:39
155003,ThinkPad Laptop,1,2/25/2019 13:26
155004,Flatscreen TV,1,2/6/2019 13:54
155005,Apple Airpods Headphones,1,2/25/2019 12:27
155006,Apple Airpods Headphones,1,2/25/2019 18:21
155007,Wired Headphones,1,2/2/2019 8:48
155008,Lightning Charging Cable,2,2/17/2019 11:08
155009,34in Ultrawide Monitor,1,2/4/2019 21:34
155010,AAA Batteries (4-pack),1,2/8/2019 9:05
155011,Wired Headphones,2,2/22/2019 11:39
155012,34in Ultrawide Monitor,1,2/1/2019 20:11
155013,AAA Batteries (4-pack),2,2/2/2019 13:29
155014,iPhone,1,2/3/2019 12:13
155015,Lightning Charging Cable,2,2/13/2019 10:55
155016,Bose SoundSport Headphones,1,2/2/2019 14:09
155017,Wired Headphones,1,2/21/2019 13:01
155018,AAA Batteries (4-pack),2,2/28/2019 7:02
155019,Apple Airpods Headphones,1,2/3/2019 9:57
155020,Wired Headphones,1,2/24/2019 16:29
155021,Bose SoundSport Headphones,1,2/8/2019 16:04
155022,Bose SoundSport Headphones,1,2/14/2019 21:39
155023,Lightning Charging Cable,1,2/24/2019 22:31
155024,Lightning Charging Cable,1,2/3/2019 14:29
155025,Wired Headphones,1,2/27/2019 14:38
155026,AAA Batteries (4-pack),3,2/23/2019 12:02
155027,AAA Batteries (4-pack),1,2/25/2019 21:26
155028,Lightning Charging Cable,1,2/16/2019 21:46
155029,27in 4K Gaming Monitor,1,2/11/2019 20:47
155030,AAA Batteries (4-pack),1,2/24/2019 19:21
155031,Lightning Charging Cable,1,2/15/2019 6:52
155031,Lightning Charging Cable,2,2/15/2019 6:52
155032,34in Ultrawide Monitor,1,2/18/2019 18:31
155033,Macbook Pro Laptop,1,2/23/2019 11:57
155034,USB-C Charging Cable,2,2/18/2019 16:48
155035,Wired Headphones,1,2/20/2019 15:29
155036,iPhone,1,2/14/2019 21:35
155037,Wired Headphones,1,2/2/2019 22:09
155038,Macbook Pro Laptop,1,2/4/2019 14:11
155039,Flatscreen TV,1,2/9/2019 21:26
155040,Wired Headphones,1,2/2/2019 21:32
155041,Google Phone,1,2/28/2019 4:49
155041,Bose SoundSport Headphones,1,2/28/2019 4:49
155042,Flatscreen TV,1,2/25/2019 20:28
155043,USB-C Charging Cable,1,2/9/2019 15:53
155044,USB-C Charging Cable,1,2/6/2019 14:55
155045,AA Batteries (4-pack),1,2/6/2019 19:09
155046,Macbook Pro Laptop,1,2/6/2019 21:28
155047,AAA Batteries (4-pack),1,2/15/2019 19:31
155048,34in Ultrawide Monitor,1,2/9/2019 12:12
155049,Apple Airpods Headphones,1,2/21/2019 9:42
155050,27in 4K Gaming Monitor,1,2/14/2019 11:42
155051,Bose SoundSport Headphones,1,2/28/2019 14:22
155052,Flatscreen TV,1,2/24/2019 9:52
155053,Google Phone,1,2/16/2019 8:12
155053,Bose SoundSport Headphones,1,2/16/2019 8:12
155053,Wired Headphones,1,2/16/2019 8:12
155054,USB-C Charging Cable,1,2/5/2019 13:44
155055,Bose SoundSport Headphones,1,2/20/2019 21:29
155056,Lightning Charging Cable,1,2/1/2019 18:03
155057,Vareebadd Phone,1,2/12/2019 20:58
155057,USB-C Charging Cable,1,2/12/2019 20:58
155058,AA Batteries (4-pack),1,2/26/2019 13:59
155059,Lightning Charging Cable,1,2/25/2019 16:19
155060,AAA Batteries (4-pack),1,2/25/2019 14:02
155061,Flatscreen TV,1,2/14/2019 12:25
155062,Lightning Charging Cable,1,2/13/2019 14:17
155063,Apple Airpods Headphones,1,2/24/2019 14:44
155064,AAA Batteries (4-pack),3,2/12/2019 20:24
155065,Google Phone,1,2/9/2019 21:18
155066,AAA Batteries (4-pack),2,2/22/2019 18:52
155067,34in Ultrawide Monitor,1,2/22/2019 11:14
155068,AA Batteries (4-pack),1,2/18/2019 11:19
155069,27in 4K Gaming Monitor,1,2/19/2019 21:24
155070,ThinkPad Laptop,1,2/23/2019 10:06
155071,Vareebadd Phone,1,2/10/2019 17:05
155071,USB-C Charging Cable,1,2/10/2019 17:05
155072,Apple Airpods Headphones,1,2/18/2019 13:22
155073,34in Ultrawide Monitor,1,2/4/2019 12:34
155074,Lightning Charging Cable,1,2/7/2019 20:30
155075,Apple Airpods Headphones,1,2/16/2019 14:43
155076,Wired Headphones,1,2/22/2019 22:39
155077,Lightning Charging Cable,1,2/19/2019 7:10
155078,27in 4K Gaming Monitor,1,2/11/2019 23:03
155079,Macbook Pro Laptop,1,2/16/2019 22:05
155080,Wired Headphones,1,2/7/2019 10:40
155081,Lightning Charging Cable,1,2/2/2019 19:41
155082,Lightning Charging Cable,1,2/9/2019 17:59
155083,34in Ultrawide Monitor,1,2/7/2019 0:06
155084,ThinkPad Laptop,1,2/13/2019 19:29
155085,AAA Batteries (4-pack),1,2/13/2019 14:47
155086,34in Ultrawide Monitor,1,2/4/2019 11:37
155087,AAA Batteries (4-pack),1,2/11/2019 0:22
155088,Wired Headphones,1,2/9/2019 8:06
155089,34in Ultrawide Monitor,1,2/23/2019 20:23
155090,AA Batteries (4-pack),2,2/8/2019 7:09
155091,AA Batteries (4-pack),1,2/11/2019 8:25
155092,Wired Headphones,1,2/4/2019 10:20
155093,Bose SoundSport Headphones,1,2/26/2019 18:46
155094,AAA Batteries (4-pack),2,2/17/2019 12:05
155095,Bose SoundSport Headphones,1,2/28/2019 6:59
155096,Wired Headphones,1,2/28/2019 21:28
155097,20in Monitor,1,2/7/2019 10:32
155098,AAA Batteries (4-pack),1,2/13/2019 11:27
155099,AA Batteries (4-pack),3,2/21/2019 9:51
155100,AA Batteries (4-pack),1,2/8/2019 23:28
155101,USB-C Charging Cable,1,2/16/2019 22:11
155102,Macbook Pro Laptop,1,2/5/2019 6:08
155103,AAA Batteries (4-pack),2,2/18/2019 12:11
155104,Lightning Charging Cable,2,2/21/2019 18:53
155105,USB-C Charging Cable,1,2/18/2019 20:13
155106,Bose SoundSport Headphones,1,2/18/2019 17:58
155107,27in FHD Monitor,1,2/7/2019 21:47
155108,ThinkPad Laptop,1,2/22/2019 17:22
155109,27in 4K Gaming Monitor,1,2/17/2019 10:26
155110,ThinkPad Laptop,1,2/15/2019 12:05
155111,Apple Airpods Headphones,1,2/7/2019 12:07
155112,AAA Batteries (4-pack),4,2/8/2019 12:18
155113,Wired Headphones,1,2/9/2019 11:57
155114,Wired Headphones,1,2/8/2019 16:27
155115,34in Ultrawide Monitor,1,2/5/2019 12:53
155116,34in Ultrawide Monitor,1,2/20/2019 21:29
155117,Wired Headphones,1,2/20/2019 10:49
155117,Lightning Charging Cable,1,2/20/2019 10:49
155118,Flatscreen TV,1,2/2/2019 15:05
155119,AAA Batteries (4-pack),1,2/27/2019 11:44
155120,ThinkPad Laptop,1,2/4/2019 14:03
155121,Flatscreen TV,1,2/21/2019 16:49
155122,USB-C Charging Cable,1,2/12/2019 14:03
155123,AA Batteries (4-pack),1,2/11/2019 17:49
155124,AA Batteries (4-pack),1,2/10/2019 9:51
155125,27in FHD Monitor,1,2/14/2019 22:31
155126,Vareebadd Phone,1,2/15/2019 19:39
155127,ThinkPad Laptop,1,2/13/2019 17:21
155128,iPhone,1,2/4/2019 15:15
155129,ThinkPad Laptop,1,2/18/2019 23:28
155130,AAA Batteries (4-pack),3,2/21/2019 19:49
155130,AA Batteries (4-pack),1,2/21/2019 19:49
155131,Wired Headphones,1,2/27/2019 15:22
155132,AAA Batteries (4-pack),1,2/4/2019 10:41
155133,Google Phone,1,2/6/2019 12:47
155134,27in FHD Monitor,1,2/27/2019 16:37
155135,Bose SoundSport Headphones,1,2/12/2019 0:25
155136,Wired Headphones,1,2/2/2019 19:40
155137,Lightning Charging Cable,1,2/25/2019 23:32
155138,Apple Airpods Headphones,1,2/7/2019 7:21
155139,AA Batteries (4-pack),1,2/6/2019 10:03
155140,Apple Airpods Headphones,1,2/5/2019 5:18
155141,Wired Headphones,1,2/17/2019 22:10
155142,AA Batteries (4-pack),3,2/28/2019 15:42
155143,Wired Headphones,1,2/22/2019 8:16
155144,AAA Batteries (4-pack),2,2/27/2019 18:38
155145,AAA Batteries (4-pack),3,2/8/2019 19:39
155146,27in 4K Gaming Monitor,1,2/24/2019 21:38
155147,Flatscreen TV,1,2/27/2019 10:44
155148,Apple Airpods Headphones,1,2/6/2019 6:33
155149,Apple Airpods Headphones,1,2/9/2019 20:01
155150,Apple Airpods Headphones,1,2/1/2019 7:57
155151,34in Ultrawide Monitor,1,2/12/2019 13:32
155152,34in Ultrawide Monitor,1,2/24/2019 4:51
155153,USB-C Charging Cable,1,2/20/2019 0:33
155154,AA Batteries (4-pack),1,2/4/2019 13:17
155155,Lightning Charging Cable,1,2/19/2019 10:08
155156,Lightning Charging Cable,1,2/24/2019 7:50
155157,Flatscreen TV,1,2/22/2019 21:32
155158,ThinkPad Laptop,1,2/20/2019 16:19
155159,USB-C Charging Cable,1,2/6/2019 22:10
155160,34in Ultrawide Monitor,1,2/11/2019 0:59
155161,27in 4K Gaming Monitor,1,2/17/2019 14:58
155162,34in Ultrawide Monitor,1,2/24/2019 13:53
155163,Google Phone,1,2/26/2019 14:32
155164,Vareebadd Phone,1,2/6/2019 17:27
155165,AAA Batteries (4-pack),1,2/16/2019 14:09
155166,Flatscreen TV,1,2/14/2019 20:33
155167,27in 4K Gaming Monitor,1,2/9/2019 13:30
155168,AA Batteries (4-pack),1,2/21/2019 17:01
155169,Apple Airpods Headphones,1,2/10/2019 13:38
155170,USB-C Charging Cable,1,2/1/2019 22:50
155171,iPhone,1,2/21/2019 19:12
155172,AAA Batteries (4-pack),1,2/12/2019 19:58
155173,AA Batteries (4-pack),2,2/7/2019 10:16
155174,34in Ultrawide Monitor,1,2/27/2019 9:30
155175,Apple Airpods Headphones,1,2/13/2019 16:28
155176,34in Ultrawide Monitor,1,2/28/2019 1:03
155177,34in Ultrawide Monitor,1,2/26/2019 18:18
155178,Flatscreen TV,1,2/8/2019 20:21
155179,Apple Airpods Headphones,1,2/2/2019 22:39
155180,LG Washing Machine,1,2/24/2019 15:48
155181,Lightning Charging Cable,1,2/6/2019 18:30
155182,34in Ultrawide Monitor,1,2/6/2019 23:40
155183,USB-C Charging Cable,1,2/27/2019 10:23
155184,USB-C Charging Cable,1,2/17/2019 16:51
155185,27in FHD Monitor,1,2/20/2019 22:21
155185,Macbook Pro Laptop,1,2/20/2019 22:21
155186,Flatscreen TV,1,2/7/2019 17:42
155187,Apple Airpods Headphones,1,2/8/2019 17:28
155188,Macbook Pro Laptop,1,2/25/2019 11:26
155189,ThinkPad Laptop,1,2/20/2019 22:15
155190,Lightning Charging Cable,1,2/7/2019 11:20
155191,Google Phone,1,2/9/2019 11:33
155192,Macbook Pro Laptop,1,2/16/2019 16:06
155193,AAA Batteries (4-pack),1,2/27/2019 13:25
155194,Wired Headphones,1,2/12/2019 14:08
155195,AA Batteries (4-pack),1,2/11/2019 18:58
155196,AAA Batteries (4-pack),1,2/2/2019 10:17
155197,Apple Airpods Headphones,1,2/9/2019 11:26
155198,AAA Batteries (4-pack),1,2/26/2019 7:17
155199,Apple Airpods Headphones,1,2/21/2019 6:43
155200,Lightning Charging Cable,1,2/23/2019 21:18
155201,34in Ultrawide Monitor,1,2/7/2019 20:47
155202,AA Batteries (4-pack),1,2/1/2019 20:33
155203,Lightning Charging Cable,1,2/9/2019 23:59
155204,Lightning Charging Cable,1,2/11/2019 6:37
155205,iPhone,1,2/25/2019 9:03
155205,Lightning Charging Cable,1,2/25/2019 9:03
155206,Lightning Charging Cable,1,2/25/2019 18:51
155207,34in Ultrawide Monitor,1,2/27/2019 13:35
155208,USB-C Charging Cable,1,2/25/2019 17:04
155209,27in 4K Gaming Monitor,1,2/18/2019 21:52
155209,USB-C Charging Cable,2,2/18/2019 21:52
155210,Apple Airpods Headphones,1,2/8/2019 9:11
155211,Lightning Charging Cable,1,2/24/2019 19:56
155212,Wired Headphones,1,2/28/2019 5:40
155213,AA Batteries (4-pack),1,2/12/2019 12:22
155214,34in Ultrawide Monitor,1,2/5/2019 14:29
155215,USB-C Charging Cable,1,2/19/2019 19:23
155216,USB-C Charging Cable,3,2/24/2019 12:53
155217,AAA Batteries (4-pack),1,2/20/2019 9:46
155218,Wired Headphones,1,2/1/2019 11:00
155219,Apple Airpods Headphones,1,2/7/2019 17:54
155220,Bose SoundSport Headphones,1,2/24/2019 19:33
155221,USB-C Charging Cable,1,2/2/2019 2:17
155222,Lightning Charging Cable,1,2/16/2019 10:19
155223,AA Batteries (4-pack),2,2/7/2019 20:26
155224,AA Batteries (4-pack),2,2/21/2019 23:52
155225,Lightning Charging Cable,1,2/18/2019 18:18
155226,27in FHD Monitor,1,2/11/2019 19:41
155227,Vareebadd Phone,1,2/28/2019 17:40
155228,Google Phone,1,2/28/2019 12:11
155229,Flatscreen TV,1,2/17/2019 15:00
155230,Lightning Charging Cable,1,2/28/2019 20:13
155231,AAA Batteries (4-pack),2,2/14/2019 12:53
155232,Apple Airpods Headphones,1,2/9/2019 9:52
155233,AA Batteries (4-pack),1,2/10/2019 16:53
155234,USB-C Charging Cable,1,2/9/2019 5:50
155235,Wired Headphones,1,2/21/2019 10:10
155236,AA Batteries (4-pack),1,2/12/2019 21:04
155237,iPhone,1,2/4/2019 22:15
155237,Wired Headphones,1,2/4/2019 22:15
155238,AA Batteries (4-pack),1,2/19/2019 15:55
155239,Google Phone,1,2/8/2019 18:19
155239,USB-C Charging Cable,1,2/8/2019 18:19
155240,Macbook Pro Laptop,1,2/8/2019 11:58
155241,27in FHD Monitor,1,2/20/2019 10:25
155242,iPhone,1,2/20/2019 13:28
155242,Lightning Charging Cable,1,2/20/2019 13:28
155243,AAA Batteries (4-pack),1,2/21/2019 21:34
155244,USB-C Charging Cable,1,2/25/2019 12:44
155245,AAA Batteries (4-pack),2,2/22/2019 19:04
155246,AA Batteries (4-pack),1,2/17/2019 10:47
155247,Wired Headphones,1,2/2/2019 19:09
155248,Lightning Charging Cable,1,2/24/2019 12:05
155249,ThinkPad Laptop,1,2/27/2019 11:58
155250,AAA Batteries (4-pack),1,2/10/2019 6:34
155251,Lightning Charging Cable,1,2/5/2019 8:31
155252,Google Phone,1,2/17/2019 0:19
155253,AAA Batteries (4-pack),1,2/13/2019 14:31
155254,USB-C Charging Cable,1,2/27/2019 18:28
155255,Apple Airpods Headphones,1,2/22/2019 17:24
155256,Lightning Charging Cable,1,2/24/2019 21:29
155257,Apple Airpods Headphones,1,2/2/2019 12:31
155258,USB-C Charging Cable,1,2/9/2019 8:42
155259,AAA Batteries (4-pack),1,2/27/2019 12:47
155260,27in 4K Gaming Monitor,1,2/26/2019 9:15
155261,AAA Batteries (4-pack),2,2/11/2019 8:14
155262,AA Batteries (4-pack),1,2/26/2019 1:09
155263,USB-C Charging Cable,2,2/22/2019 12:23
155264,USB-C Charging Cable,1,2/7/2019 14:52
155265,USB-C Charging Cable,1,2/26/2019 7:10
155266,20in Monitor,1,2/18/2019 12:28
155267,Lightning Charging Cable,2,2/21/2019 16:26
155268,Apple Airpods Headphones,1,2/10/2019 8:16
155269,USB-C Charging Cable,1,2/11/2019 8:07
155270,Apple Airpods Headphones,1,2/1/2019 14:57
155271,AA Batteries (4-pack),3,2/26/2019 18:23
155272,Macbook Pro Laptop,1,2/11/2019 20:08
155273,AA Batteries (4-pack),1,2/28/2019 10:26
155274,AAA Batteries (4-pack),1,2/4/2019 20:25
155275,AA Batteries (4-pack),1,2/2/2019 13:13
155275,Wired Headphones,1,2/2/2019 13:13
155276,AAA Batteries (4-pack),3,2/23/2019 8:48
155277,27in FHD Monitor,1,2/18/2019 21:11
155278,Google Phone,1,2/20/2019 20:26
155279,Wired Headphones,1,2/22/2019 1:51
155280,Wired Headphones,1,2/14/2019 20:22
155281,Macbook Pro Laptop,1,2/8/2019 16:08
155282,Bose SoundSport Headphones,1,2/27/2019 22:02
155283,Bose SoundSport Headphones,1,2/3/2019 21:39
155284,USB-C Charging Cable,1,2/28/2019 22:59
155285,AA Batteries (4-pack),1,2/11/2019 19:24
155286,27in FHD Monitor,1,2/12/2019 20:32
155287,USB-C Charging Cable,1,2/19/2019 23:46
155288,Google Phone,1,2/25/2019 10:39
155289,Macbook Pro Laptop,1,2/6/2019 15:24
155290,Bose SoundSport Headphones,1,2/19/2019 20:37
155291,Lightning Charging Cable,1,2/14/2019 1:02
155292,Apple Airpods Headphones,1,2/14/2019 9:01
155293,Google Phone,1,2/13/2019 12:57
155294,Apple Airpods Headphones,1,2/13/2019 12:23
155295,Wired Headphones,2,2/26/2019 15:19
155296,AAA Batteries (4-pack),3,2/18/2019 23:34
155297,AA Batteries (4-pack),1,2/3/2019 23:36
155298,Apple Airpods Headphones,1,2/24/2019 21:03
155299,Flatscreen TV,1,2/8/2019 21:04
155300,Apple Airpods Headphones,1,2/21/2019 13:53
155301,iPhone,1,2/19/2019 9:34
155302,AA Batteries (4-pack),1,2/19/2019 12:28
155303,Google Phone,1,2/4/2019 18:48
155303,Bose SoundSport Headphones,1,2/4/2019 18:48
155304,Lightning Charging Cable,1,2/27/2019 15:23
155305,34in Ultrawide Monitor,1,2/1/2019 21:22
155306,AA Batteries (4-pack),3,2/15/2019 19:11
155307,20in Monitor,1,2/1/2019 20:08
155308,Bose SoundSport Headphones,1,2/17/2019 16:00
155309,USB-C Charging Cable,1,2/3/2019 14:22
155310,USB-C Charging Cable,1,2/27/2019 15:55
155311,Wired Headphones,1,2/13/2019 23:59
155312,AAA Batteries (4-pack),1,2/23/2019 19:48
155313,34in Ultrawide Monitor,1,2/13/2019 15:57
155314,USB-C Charging Cable,1,2/21/2019 10:24
155315,AAA Batteries (4-pack),3,2/17/2019 12:18
155315,Google Phone,1,2/17/2019 12:18
155316,AAA Batteries (4-pack),1,2/6/2019 17:55
155317,34in Ultrawide Monitor,1,2/22/2019 1:16
155318,AAA Batteries (4-pack),1,2/14/2019 20:20
155319,Lightning Charging Cable,1,2/2/2019 11:18
155320,27in 4K Gaming Monitor,1,2/1/2019 7:57
155321,20in Monitor,1,2/1/2019 14:35
155322,USB-C Charging Cable,1,2/17/2019 12:07
155323,Wired Headphones,1,2/12/2019 11:25
155324,AAA Batteries (4-pack),1,2/18/2019 16:29
155325,Bose SoundSport Headphones,1,2/9/2019 13:04
155326,Lightning Charging Cable,1,2/8/2019 16:31
155327,iPhone,1,2/14/2019 20:13
155328,AAA Batteries (4-pack),1,2/17/2019 9:30
155329,Wired Headphones,1,2/4/2019 11:41
155330,USB-C Charging Cable,1,2/12/2019 12:46
155331,USB-C Charging Cable,1,2/25/2019 8:25
155332,Lightning Charging Cable,1,2/9/2019 14:32
155333,Flatscreen TV,1,2/25/2019 0:55
155334,Lightning Charging Cable,1,2/27/2019 8:18
155335,27in FHD Monitor,1,2/23/2019 18:50
155336,27in FHD Monitor,1,2/27/2019 19:06
155337,LG Dryer,1,2/19/2019 12:34
155338,USB-C Charging Cable,1,2/1/2019 8:42
155339,27in 4K Gaming Monitor,1,2/7/2019 7:39
155340,USB-C Charging Cable,1,2/26/2019 15:32
155341,USB-C Charging Cable,2,2/15/2019 16:04
155342,Lightning Charging Cable,1,2/16/2019 9:25
155343,AA Batteries (4-pack),2,2/28/2019 14:45
155344,Bose SoundSport Headphones,1,2/15/2019 17:40
155345,AA Batteries (4-pack),2,2/26/2019 17:42
155346,AA Batteries (4-pack),2,2/9/2019 7:36
155347,AAA Batteries (4-pack),1,2/23/2019 23:01
155348,iPhone,1,2/23/2019 17:38
155349,Bose SoundSport Headphones,1,2/20/2019 16:27
155350,Apple Airpods Headphones,1,2/1/2019 19:37
155351,Apple Airpods Headphones,1,2/23/2019 10:25
155352,Lightning Charging Cable,2,2/13/2019 23:23
155353,Lightning Charging Cable,1,2/7/2019 10:12
155354,Wired Headphones,1,2/28/2019 10:59
155355,Bose SoundSport Headphones,1,2/14/2019 20:12
155356,20in Monitor,1,2/7/2019 16:59
155357,AAA Batteries (4-pack),1,2/25/2019 7:09
155358,USB-C Charging Cable,1,2/4/2019 13:49
155359,Bose SoundSport Headphones,1,2/27/2019 10:00
155360,AA Batteries (4-pack),2,2/2/2019 13:11
155361,AAA Batteries (4-pack),1,2/13/2019 0:17
155362,USB-C Charging Cable,1,2/16/2019 20:41
155363,AA Batteries (4-pack),1,2/7/2019 20:28
155364,ThinkPad Laptop,1,2/7/2019 15:13
155365,iPhone,1,2/25/2019 11:30
155366,USB-C Charging Cable,1,2/5/2019 0:07
155367,Bose SoundSport Headphones,1,2/11/2019 11:20
155368,Lightning Charging Cable,1,2/19/2019 23:56
155369,20in Monitor,1,2/21/2019 11:28
155370,Apple Airpods Headphones,1,2/19/2019 10:40
155371,USB-C Charging Cable,1,2/23/2019 18:16
155372,Apple Airpods Headphones,1,2/17/2019 8:27
155373,27in 4K Gaming Monitor,1,2/27/2019 17:19
155374,AA Batteries (4-pack),1,2/3/2019 21:57
155375,Wired Headphones,1,2/17/2019 9:41
155376,AA Batteries (4-pack),1,2/4/2019 19:50
155377,AAA Batteries (4-pack),1,2/25/2019 7:57
155378,AAA Batteries (4-pack),1,2/16/2019 21:53
155379,Apple Airpods Headphones,1,2/6/2019 13:35
155380,Google Phone,1,2/18/2019 6:34
155381,Lightning Charging Cable,1,2/24/2019 3:10
155382,Bose SoundSport Headphones,1,2/20/2019 22:52
155383,Lightning Charging Cable,1,2/18/2019 15:59
155384,Lightning Charging Cable,1,2/12/2019 13:16
155385,AAA Batteries (4-pack),1,2/11/2019 18:25
155385,27in 4K Gaming Monitor,1,2/11/2019 18:25
155386,Apple Airpods Headphones,1,2/24/2019 21:56
155387,USB-C Charging Cable,1,2/4/2019 14:42
155388,Apple Airpods Headphones,1,2/2/2019 20:04
155389,AAA Batteries (4-pack),2,2/2/2019 16:33
155390,AA Batteries (4-pack),1,2/24/2019 16:52
155391,Wired Headphones,2,2/11/2019 15:29
155392,Bose SoundSport Headphones,1,2/15/2019 23:47
155393,USB-C Charging Cable,1,2/14/2019 14:41
155394,USB-C Charging Cable,1,2/24/2019 22:49
155395,Lightning Charging Cable,1,2/6/2019 19:16
155396,Wired Headphones,1,2/16/2019 18:23
155397,27in 4K Gaming Monitor,1,2/8/2019 20:06
155398,Lightning Charging Cable,1,2/28/2019 10:03
155399,Apple Airpods Headphones,1,2/10/2019 21:54
155400,AAA Batteries (4-pack),1,2/23/2019 20:40
155401,Bose SoundSport Headphones,1,2/10/2019 10:44
155402,USB-C Charging Cable,1,2/24/2019 0:35
155403,Macbook Pro Laptop,1,2/15/2019 23:11
155404,20in Monitor,1,2/14/2019 0:30
155405,Lightning Charging Cable,1,2/14/2019 21:06
155406,Lightning Charging Cable,1,2/22/2019 9:54
155407,Bose SoundSport Headphones,1,2/15/2019 12:06
155408,AAA Batteries (4-pack),2,2/10/2019 19:08
155409,AA Batteries (4-pack),1,2/26/2019 19:39
155410,Bose SoundSport Headphones,1,2/26/2019 19:26
155411,27in 4K Gaming Monitor,1,2/21/2019 18:01
155412,27in FHD Monitor,1,2/27/2019 23:38
155413,Wired Headphones,1,2/15/2019 10:48
155414,Wired Headphones,1,2/15/2019 17:49
155415,Google Phone,1,2/6/2019 12:31
155415,USB-C Charging Cable,1,2/6/2019 12:31
155415,Bose SoundSport Headphones,1,2/6/2019 12:31
155416,USB-C Charging Cable,1,2/1/2019 18:41
155417,AA Batteries (4-pack),1,2/1/2019 16:41
155418,USB-C Charging Cable,1,2/14/2019 13:17
155419,Wired Headphones,1,2/17/2019 18:47
155420,AAA Batteries (4-pack),2,2/11/2019 17:41
155421,AA Batteries (4-pack),1,2/7/2019 16:05
155422,Wired Headphones,1,2/10/2019 11:27
155423,USB-C Charging Cable,1,2/18/2019 11:38
155424,Apple Airpods Headphones,1,2/27/2019 12:22
155425,AA Batteries (4-pack),2,2/10/2019 16:57
155426,AAA Batteries (4-pack),1,2/8/2019 16:17
155427,27in 4K Gaming Monitor,1,2/25/2019 21:02
155428,iPhone,1,2/5/2019 13:53
155428,Lightning Charging Cable,1,2/5/2019 13:53
155429,AA Batteries (4-pack),1,2/3/2019 14:52
155430,Apple Airpods Headphones,1,2/18/2019 16:55
155431,Apple Airpods Headphones,1,2/8/2019 17:05
155432,Bose SoundSport Headphones,1,2/10/2019 21:38
155433,Wired Headphones,2,2/2/2019 8:43
155434,AAA Batteries (4-pack),1,2/25/2019 22:41
155435,USB-C Charging Cable,1,2/25/2019 7:10
155436,AA Batteries (4-pack),2,2/13/2019 13:12
155437,Wired Headphones,1,2/5/2019 10:45
155438,Vareebadd Phone,1,2/26/2019 19:43
155438,Wired Headphones,1,2/26/2019 19:43
155439,Wired Headphones,1,2/8/2019 10:12
155440,Apple Airpods Headphones,1,2/15/2019 13:12
155441,20in Monitor,1,2/6/2019 12:46
155442,USB-C Charging Cable,1,2/16/2019 19:25
155443,27in FHD Monitor,1,2/19/2019 8:09
155444,USB-C Charging Cable,1,2/18/2019 17:04
155445,Wired Headphones,1,2/19/2019 20:22
155446,Lightning Charging Cable,1,2/9/2019 13:07
155447,AA Batteries (4-pack),2,2/7/2019 21:10
155448,Google Phone,1,2/21/2019 10:54
155448,Wired Headphones,1,2/21/2019 10:54
155449,USB-C Charging Cable,1,2/25/2019 20:25
155450,USB-C Charging Cable,1,2/10/2019 11:18
155451,Bose SoundSport Headphones,1,2/10/2019 12:48
155452,Lightning Charging Cable,1,2/6/2019 8:42
155453,Lightning Charging Cable,1,2/16/2019 14:34
155454,AAA Batteries (4-pack),2,2/20/2019 4:25
155455,AAA Batteries (4-pack),1,2/12/2019 22:11
155456,Wired Headphones,1,2/14/2019 21:24
155457,USB-C Charging Cable,2,2/27/2019 13:12
155458,ThinkPad Laptop,1,2/8/2019 12:16
155459,Lightning Charging Cable,1,2/17/2019 15:19
155460,AA Batteries (4-pack),1,2/18/2019 21:26
155461,Google Phone,1,2/17/2019 5:56
155461,Wired Headphones,1,2/17/2019 5:56
155462,AA Batteries (4-pack),2,2/24/2019 1:50
155463,Wired Headphones,1,2/15/2019 18:28
155464,iPhone,1,2/9/2019 18:30
155465,AAA Batteries (4-pack),2,2/20/2019 18:06
155466,Bose SoundSport Headphones,1,2/22/2019 11:32
155467,LG Dryer,1,2/8/2019 14:20
155468,Lightning Charging Cable,2,2/24/2019 10:12
155469,AAA Batteries (4-pack),1,2/13/2019 21:00
155470,USB-C Charging Cable,1,2/28/2019 11:32
155471,Apple Airpods Headphones,1,2/27/2019 17:53
155472,Lightning Charging Cable,1,2/19/2019 10:31
155473,Flatscreen TV,1,2/14/2019 2:52
155474,ThinkPad Laptop,1,2/13/2019 14:54
155474,Wired Headphones,1,2/13/2019 14:54
155475,AA Batteries (4-pack),1,2/1/2019 23:38
155476,Apple Airpods Headphones,1,2/20/2019 20:55
155477,Bose SoundSport Headphones,1,2/28/2019 12:59
155478,USB-C Charging Cable,1,2/6/2019 20:22
155479,AA Batteries (4-pack),1,2/4/2019 19:37
155480,AA Batteries (4-pack),1,2/7/2019 10:37
155481,AAA Batteries (4-pack),2,2/6/2019 10:28
155482,Bose SoundSport Headphones,1,2/14/2019 12:31
155483,AA Batteries (4-pack),1,2/4/2019 9:43
155484,Bose SoundSport Headphones,1,2/4/2019 11:49
155485,Apple Airpods Headphones,1,2/19/2019 17:30
155486,AAA Batteries (4-pack),1,2/18/2019 19:24
155487,Wired Headphones,2,2/12/2019 14:00
155488,iPhone,1,2/3/2019 7:43
155489,27in 4K Gaming Monitor,1,2/11/2019 20:07
155490,Google Phone,1,2/17/2019 21:04
155491,USB-C Charging Cable,1,2/1/2019 21:34
155492,Bose SoundSport Headphones,1,2/28/2019 13:51
155493,Lightning Charging Cable,1,2/2/2019 2:17
155494,USB-C Charging Cable,1,2/21/2019 14:19
155495,USB-C Charging Cable,1,2/3/2019 10:46
155496,USB-C Charging Cable,1,2/26/2019 17:23
155497,AA Batteries (4-pack),1,2/11/2019 10:13
155498,Wired Headphones,1,2/3/2019 22:00
155499,27in FHD Monitor,1,2/16/2019 20:57
155500,Lightning Charging Cable,1,2/8/2019 20:09
155501,Wired Headphones,1,2/14/2019 17:13
155502,Wired Headphones,1,2/6/2019 10:05
155503,Apple Airpods Headphones,1,2/15/2019 2:42
155504,AAA Batteries (4-pack),1,2/26/2019 18:24
155505,Wired Headphones,1,2/1/2019 9:55
155506,27in 4K Gaming Monitor,1,2/3/2019 18:46
155507,AA Batteries (4-pack),1,2/25/2019 17:53
155508,Google Phone,1,2/24/2019 22:00
155509,27in 4K Gaming Monitor,1,2/7/2019 14:26
155510,Wired Headphones,1,2/20/2019 14:13
155511,AA Batteries (4-pack),1,2/17/2019 15:32
155512,AA Batteries (4-pack),1,2/20/2019 23:59
155513,Wired Headphones,1,2/15/2019 22:22
155514,34in Ultrawide Monitor,1,2/12/2019 8:55
155515,USB-C Charging Cable,2,2/6/2019 16:19
155516,AA Batteries (4-pack),1,2/17/2019 9:32
155517,Apple Airpods Headphones,1,2/23/2019 23:22
155518,Apple Airpods Headphones,1,2/13/2019 19:56
155519,USB-C Charging Cable,1,2/15/2019 20:24
155520,Wired Headphones,2,2/7/2019 8:51
155521,AA Batteries (4-pack),1,2/8/2019 14:10
155522,Lightning Charging Cable,1,2/8/2019 11:12
155523,AAA Batteries (4-pack),1,2/24/2019 17:31
155524,USB-C Charging Cable,2,2/13/2019 13:12
155525,USB-C Charging Cable,1,2/8/2019 19:07
155526,Lightning Charging Cable,1,2/22/2019 14:20
155527,Bose SoundSport Headphones,1,2/26/2019 17:16
155528,USB-C Charging Cable,1,2/18/2019 18:17
155529,AA Batteries (4-pack),3,2/22/2019 21:13
155530,USB-C Charging Cable,1,2/7/2019 13:08
155531,ThinkPad Laptop,1,2/26/2019 21:12
155532,Bose SoundSport Headphones,1,2/24/2019 8:43
155533,AA Batteries (4-pack),1,2/22/2019 11:10
155534,AA Batteries (4-pack),2,2/23/2019 14:32
155535,Lightning Charging Cable,1,2/16/2019 7:05
155536,iPhone,1,2/26/2019 23:06
155537,Lightning Charging Cable,1,2/2/2019 8:58
155538,AAA Batteries (4-pack),3,2/9/2019 18:21
155539,AA Batteries (4-pack),1,2/14/2019 14:21
155540,iPhone,1,2/27/2019 12:56
155541,AA Batteries (4-pack),1,2/27/2019 17:11
155542,USB-C Charging Cable,1,2/4/2019 1:48
155543,AA Batteries (4-pack),2,2/18/2019 19:52
155544,AAA Batteries (4-pack),2,2/19/2019 11:56
155545,Apple Airpods Headphones,1,2/2/2019 23:10
155546,Wired Headphones,1,2/10/2019 9:35
155547,Lightning Charging Cable,1,2/5/2019 20:40
155548,ThinkPad Laptop,1,2/26/2019 19:28
155549,Apple Airpods Headphones,1,2/17/2019 10:59
155550,Google Phone,1,2/19/2019 21:04
155550,AA Batteries (4-pack),2,2/19/2019 21:04
155551,Lightning Charging Cable,1,2/5/2019 17:14
155552,AAA Batteries (4-pack),1,2/15/2019 12:13
155553,iPhone,1,2/22/2019 11:04
155554,USB-C Charging Cable,1,2/1/2019 16:34
155555,27in 4K Gaming Monitor,1,2/5/2019 13:07
155556,AAA Batteries (4-pack),1,2/9/2019 10:05
155557,USB-C Charging Cable,1,2/19/2019 9:08
155558,Lightning Charging Cable,1,2/8/2019 11:38
155559,27in FHD Monitor,1,2/15/2019 18:34
155560,iPhone,1,2/3/2019 8:56
155561,USB-C Charging Cable,1,2/25/2019 23:59
155562,Lightning Charging Cable,1,2/12/2019 11:28
155563,Apple Airpods Headphones,1,2/18/2019 10:37
155564,Bose SoundSport Headphones,1,2/24/2019 21:41
155565,Wired Headphones,1,2/4/2019 21:04
155566,ThinkPad Laptop,1,2/10/2019 13:22
155566,Lightning Charging Cable,1,2/10/2019 13:22
155567,Vareebadd Phone,1,2/12/2019 19:32
155567,USB-C Charging Cable,2,2/12/2019 19:32
Order ID,Product,Quantity Ordered,Order Date
155568,Flatscreen TV,1,2/27/2019 14:14
155569,Bose SoundSport Headphones,1,2/5/2019 20:35
155570,iPhone,1,2/21/2019 14:23
155571,Lightning Charging Cable,1,2/25/2019 8:34
155572,Macbook Pro Laptop,1,2/22/2019 9:42
155573,AA Batteries (4-pack),1,2/14/2019 16:16
155574,Wired Headphones,3,2/16/2019 23:26
155575,ThinkPad Laptop,1,2/16/2019 15:24
155576,Wired Headphones,1,2/12/2019 16:14
155577,Bose SoundSport Headphones,1,2/13/2019 11:11
155578,Lightning Charging Cable,1,2/17/2019 10:26
155579,AAA Batteries (4-pack),1,2/20/2019 15:12
155580,AAA Batteries (4-pack),4,2/12/2019 18:59
155581,Apple Airpods Headphones,1,2/5/2019 16:44
155582,AA Batteries (4-pack),3,2/15/2019 14:11
155583,Apple Airpods Headphones,1,2/27/2019 10:11
155584,USB-C Charging Cable,1,2/19/2019 11:23
155585,Bose SoundSport Headphones,1,2/22/2019 14:28
155586,Wired Headphones,1,2/25/2019 21:29
155587,Flatscreen TV,1,2/26/2019 22:49
155588,Lightning Charging Cable,1,2/11/2019 0:40
155589,USB-C Charging Cable,1,2/15/2019 13:07
155590,Bose SoundSport Headphones,1,2/15/2019 13:02
155591,Wired Headphones,1,2/25/2019 19:51
155592,USB-C Charging Cable,1,2/2/2019 19:44
155593,Lightning Charging Cable,1,2/25/2019 20:50
155594,AA Batteries (4-pack),3,2/23/2019 22:18
155595,AAA Batteries (4-pack),1,2/27/2019 9:44
155596,Apple Airpods Headphones,1,2/23/2019 22:58
155597,Lightning Charging Cable,1,2/2/2019 20:26
155598,27in FHD Monitor,1,2/10/2019 11:59
155599,AAA Batteries (4-pack),1,2/2/2019 13:53
155600,Lightning Charging Cable,1,2/23/2019 23:24
155601,27in FHD Monitor,1,2/21/2019 12:41
155602,Bose SoundSport Headphones,1,2/26/2019 10:01
155603,Wired Headphones,1,2/9/2019 8:45
155604,AAA Batteries (4-pack),2,2/13/2019 23:18
155605,Apple Airpods Headphones,1,2/16/2019 7:34
155606,Lightning Charging Cable,1,2/28/2019 15:30
155607,Wired Headphones,1,2/12/2019 9:58
155608,USB-C Charging Cable,2,2/8/2019 21:53
155609,Wired Headphones,1,2/20/2019 13:09
155610,Lightning Charging Cable,1,2/18/2019 20:34
155611,AA Batteries (4-pack),1,2/23/2019 19:39
155612,USB-C Charging Cable,1,2/6/2019 11:08
155613,Macbook Pro Laptop,1,2/20/2019 16:08
155614,34in Ultrawide Monitor,1,2/17/2019 20:17
155615,iPhone,1,2/10/2019 21:30
155616,Wired Headphones,1,2/23/2019 15:58
155617,Flatscreen TV,1,2/26/2019 17:46
155618,iPhone,1,2/13/2019 18:06
155618,Lightning Charging Cable,1,2/13/2019 18:06
155619,Bose SoundSport Headphones,1,2/11/2019 23:17
155620,AAA Batteries (4-pack),2,2/28/2019 20:06
155621,27in 4K Gaming Monitor,1,2/23/2019 14:14
155622,USB-C Charging Cable,1,2/23/2019 9:17
155623,LG Dryer,1,2/13/2019 15:00
155624,Apple Airpods Headphones,1,2/5/2019 23:44
155625,Apple Airpods Headphones,1,2/24/2019 15:11
155626,iPhone,1,2/24/2019 1:02
155627,Flatscreen TV,1,2/8/2019 18:31
155628,iPhone,1,2/10/2019 18:52
155628,Lightning Charging Cable,1,2/10/2019 18:52
155629,USB-C Charging Cable,1,2/22/2019 7:22
155630,LG Washing Machine,1,2/5/2019 20:58
155631,Lightning Charging Cable,1,2/3/2019 10:05
155632,Google Phone,1,2/25/2019 15:33
155633,20in Monitor,1,2/18/2019 23:30
155634,Flatscreen TV,1,2/24/2019 9:31
155635,Lightning Charging Cable,1,2/11/2019 15:27
155636,ThinkPad Laptop,1,2/21/2019 14:39
155637,Apple Airpods Headphones,1,2/7/2019 18:21
155638,USB-C Charging Cable,2,2/9/2019 22:53
155639,34in Ultrawide Monitor,1,2/5/2019 8:03
155640,Apple Airpods Headphones,1,2/12/2019 11:42
155641,USB-C Charging Cable,1,2/14/2019 21:01
155642,USB-C Charging Cable,1,2/14/2019 23:25
155643,Google Phone,1,2/18/2019 22:47
155644,USB-C Charging Cable,1,2/18/2019 11:00
155645,20in Monitor,1,2/2/2019 5:47
155646,USB-C Charging Cable,1,2/21/2019 10:19
155647,Apple Airpods Headphones,1,2/13/2019 19:24
155648,20in Monitor,1,2/22/2019 20:50
155649,27in FHD Monitor,1,2/24/2019 12:18
155650,AAA Batteries (4-pack),1,2/19/2019 10:28
155651,Apple Airpods Headphones,1,2/10/2019 2:12
155652,Macbook Pro Laptop,1,2/18/2019 16:52
155653,Lightning Charging Cable,1,2/15/2019 4:06
155654,AA Batteries (4-pack),1,2/24/2019 16:52
155655,USB-C Charging Cable,1,2/15/2019 18:40
155656,AAA Batteries (4-pack),1,2/10/2019 0:47
155657,AAA Batteries (4-pack),1,2/13/2019 20:43
155658,AAA Batteries (4-pack),2,2/8/2019 8:26
155659,Macbook Pro Laptop,1,2/5/2019 17:10
155660,Bose SoundSport Headphones,1,2/23/2019 16:41
155661,AA Batteries (4-pack),1,2/27/2019 18:32
155662,34in Ultrawide Monitor,1,2/7/2019 20:36
155663,Flatscreen TV,1,2/20/2019 17:48
155664,Bose SoundSport Headphones,1,2/13/2019 16:03
155664,27in 4K Gaming Monitor,1,2/13/2019 16:03
155665,Lightning Charging Cable,1,2/12/2019 16:24
155666,USB-C Charging Cable,1,2/19/2019 9:32
155667,Wired Headphones,1,2/19/2019 10:21
155668,34in Ultrawide Monitor,1,2/16/2019 8:15
155669,Bose SoundSport Headphones,1,2/21/2019 10:52
155670,USB-C Charging Cable,1,2/22/2019 20:31
155671,27in FHD Monitor,1,2/14/2019 20:29
155672,Bose SoundSport Headphones,1,2/21/2019 8:44
155673,27in FHD Monitor,1,2/9/2019 17:41
155674,27in FHD Monitor,1,2/19/2019 19:56
155674,AAA Batteries (4-pack),1,2/19/2019 19:56
155675,AAA Batteries (4-pack),1,2/23/2019 19:59
155676,Wired Headphones,1,2/6/2019 18:05
155677,Lightning Charging Cable,1,2/24/2019 22:43
155678,Bose SoundSport Headphones,1,2/24/2019 18:35
155679,27in FHD Monitor,1,2/7/2019 0:16
155680,20in Monitor,1,2/18/2019 23:22
155681,Apple Airpods Headphones,1,2/2/2019 19:01
155682,USB-C Charging Cable,1,2/8/2019 20:44
155683,Bose SoundSport Headphones,1,2/19/2019 21:07
155684,AAA Batteries (4-pack),1,2/5/2019 6:58
155685,AA Batteries (4-pack),3,2/22/2019 12:04
155686,Wired Headphones,1,2/2/2019 14:11
155687,Wired Headphones,1,2/10/2019 18:56
155688,AA Batteries (4-pack),1,2/21/2019 23:14
155689,Apple Airpods Headphones,1,2/12/2019 12:20
155690,AA Batteries (4-pack),1,2/10/2019 11:27
155691,Macbook Pro Laptop,1,2/24/2019 1:30
155692,AAA Batteries (4-pack),2,2/19/2019 21:17
155693,Apple Airpods Headphones,1,2/11/2019 12:55
155694,27in FHD Monitor,1,2/3/2019 18:34
155695,ThinkPad Laptop,1,2/10/2019 21:23
155696,iPhone,1,2/28/2019 11:48
155697,AA Batteries (4-pack),1,2/13/2019 15:17
155697,AA Batteries (4-pack),1,2/13/2019 15:17
155698,iPhone,1,2/15/2019 7:12
155699,27in 4K Gaming Monitor,1,2/28/2019 0:39
155700,USB-C Charging Cable,2,2/1/2019 15:43
155701,27in 4K Gaming Monitor,1,2/22/2019 11:38
155702,Wired Headphones,1,2/13/2019 14:45
155703,Macbook Pro Laptop,1,2/17/2019 16:05
155704,Wired Headphones,1,2/17/2019 12:46
155705,27in 4K Gaming Monitor,1,2/17/2019 22:27
155706,iPhone,1,2/13/2019 10:40
155706,Wired Headphones,1,2/13/2019 10:40
155707,AA Batteries (4-pack),1,2/15/2019 23:00
155708,iPhone,1,2/11/2019 18:51
155709,Apple Airpods Headphones,1,2/21/2019 22:20
155710,AA Batteries (4-pack),1,2/18/2019 9:00
155711,Vareebadd Phone,1,2/11/2019 18:33
155711,USB-C Charging Cable,1,2/11/2019 18:33
155712,27in 4K Gaming Monitor,1,2/4/2019 21:09
155713,iPhone,1,2/18/2019 8:14
155714,Wired Headphones,1,2/17/2019 6:10
155715,Lightning Charging Cable,1,2/15/2019 10:34
155716,Lightning Charging Cable,1,2/17/2019 0:02
155717,AA Batteries (4-pack),2,2/28/2019 0:21
155718,AAA Batteries (4-pack),1,2/4/2019 14:06
155719,34in Ultrawide Monitor,1,2/19/2019 17:09
155720,Apple Airpods Headphones,1,2/22/2019 16:57
155721,Google Phone,1,2/13/2019 23:45
155722,Apple Airpods Headphones,1,2/25/2019 9:00
155723,Lightning Charging Cable,1,2/3/2019 18:09
155724,AAA Batteries (4-pack),2,2/14/2019 14:55
155725,Apple Airpods Headphones,1,2/18/2019 10:05
155726,Apple Airpods Headphones,1,2/18/2019 20:24
155727,AA Batteries (4-pack),1,2/11/2019 14:16
155728,iPhone,1,2/13/2019 15:17
155729,ThinkPad Laptop,1,2/16/2019 20:13
155730,Apple Airpods Headphones,1,2/17/2019 14:16
155731,AAA Batteries (4-pack),2,2/16/2019 13:29
155732,USB-C Charging Cable,1,2/6/2019 11:58
155733,27in FHD Monitor,1,2/23/2019 15:29
155734,Macbook Pro Laptop,1,2/16/2019 19:25
155735,AA Batteries (4-pack),2,2/28/2019 13:04
155736,Lightning Charging Cable,1,2/10/2019 6:28
155737,Apple Airpods Headphones,1,2/3/2019 18:15
155738,AAA Batteries (4-pack),1,2/5/2019 18:40
155739,Wired Headphones,1,2/9/2019 11:18
155740,27in 4K Gaming Monitor,1,2/15/2019 22:17
155741,AA Batteries (4-pack),2,2/5/2019 11:19
155742,Macbook Pro Laptop,1,2/27/2019 8:16
155743,Lightning Charging Cable,1,2/16/2019 21:09
155744,Wired Headphones,1,2/24/2019 9:27
155745,Flatscreen TV,1,2/23/2019 20:58
155746,USB-C Charging Cable,1,2/27/2019 20:27
155747,ThinkPad Laptop,1,2/27/2019 16:09
155748,AA Batteries (4-pack),1,2/16/2019 14:52
155749,AA Batteries (4-pack),1,2/5/2019 12:09
155750,Wired Headphones,1,2/28/2019 15:35
155751,Wired Headphones,1,2/6/2019 13:47
155752,Lightning Charging Cable,1,2/2/2019 15:15
155753,AAA Batteries (4-pack),3,2/9/2019 19:34
155754,Lightning Charging Cable,1,2/20/2019 14:36
155755,Apple Airpods Headphones,1,2/20/2019 10:44
155756,Apple Airpods Headphones,1,2/24/2019 16:57
155757,USB-C Charging Cable,1,2/17/2019 18:59
155758,Lightning Charging Cable,1,2/15/2019 12:53
155759,AA Batteries (4-pack),1,2/16/2019 23:10
155760,Lightning Charging Cable,1,2/6/2019 11:17
155761,Wired Headphones,1,2/13/2019 18:40
155762,Vareebadd Phone,1,2/4/2019 18:55
155762,USB-C Charging Cable,1,2/4/2019 18:55
155763,27in 4K Gaming Monitor,1,2/17/2019 0:44
155764,USB-C Charging Cable,1,2/7/2019 14:40
155765,USB-C Charging Cable,1,2/18/2019 9:50
155766,Vareebadd Phone,1,2/24/2019 19:38
155766,Wired Headphones,1,2/24/2019 19:38
155767,Bose SoundSport Headphones,1,2/27/2019 23:57
155767,27in 4K Gaming Monitor,1,2/27/2019 23:57
155768,Apple Airpods Headphones,1,2/28/2019 14:00
155769,AA Batteries (4-pack),1,2/13/2019 23:19
155770,iPhone,1,2/14/2019 20:02
155771,USB-C Charging Cable,1,2/6/2019 20:00
155772,Wired Headphones,1,2/14/2019 20:24
155773,AA Batteries (4-pack),1,2/25/2019 21:21
155774,USB-C Charging Cable,1,2/4/2019 16:57
155775,AA Batteries (4-pack),1,2/18/2019 11:35
155776,Wired Headphones,1,2/15/2019 18:59
155777,27in 4K Gaming Monitor,1,2/20/2019 21:14
155778,AA Batteries (4-pack),1,2/24/2019 15:21
155779,27in 4K Gaming Monitor,1,2/28/2019 21:49
155780,Vareebadd Phone,1,2/4/2019 12:37
155781,Apple Airpods Headphones,1,2/3/2019 1:08
155782,Wired Headphones,1,2/12/2019 8:58
155783,Lightning Charging Cable,1,2/5/2019 21:33
155784,Bose SoundSport Headphones,1,2/28/2019 18:41
155785,AA Batteries (4-pack),1,2/14/2019 11:03
155786,USB-C Charging Cable,1,2/27/2019 10:18
155787,Lightning Charging Cable,1,2/2/2019 4:18
155788,Macbook Pro Laptop,1,2/22/2019 21:06
155789,AA Batteries (4-pack),2,2/14/2019 10:02
155790,Macbook Pro Laptop,1,2/15/2019 17:17
155791,27in 4K Gaming Monitor,1,2/8/2019 6:50
155792,AAA Batteries (4-pack),1,2/26/2019 11:29
155793,AA Batteries (4-pack),1,2/5/2019 9:56
155794,AAA Batteries (4-pack),1,2/4/2019 15:10
155795,Wired Headphones,1,2/27/2019 6:45
155796,Google Phone,1,2/18/2019 13:53
155797,20in Monitor,1,2/9/2019 14:42
155798,AA Batteries (4-pack),1,2/13/2019 12:53
155799,AAA Batteries (4-pack),1,2/5/2019 21:24
155800,Lightning Charging Cable,1,2/10/2019 17:33
155801,34in Ultrawide Monitor,1,2/23/2019 16:43
155802,Apple Airpods Headphones,1,2/27/2019 1:26
155803,AA Batteries (4-pack),1,2/21/2019 18:57
155804,AA Batteries (4-pack),1,2/25/2019 22:40
155805,Google Phone,1,2/1/2019 21:52
155805,USB-C Charging Cable,1,2/1/2019 21:52
155806,Bose SoundSport Headphones,1,2/21/2019 22:49
155807,Lightning Charging Cable,1,2/10/2019 4:41
155808,20in Monitor,1,2/28/2019 12:56
155809,USB-C Charging Cable,1,2/5/2019 21:20
155810,34in Ultrawide Monitor,1,2/19/2019 11:04
155811,Flatscreen TV,1,2/15/2019 18:24
155812,Flatscreen TV,1,2/6/2019 7:49
155813,Wired Headphones,1,2/14/2019 18:59
155814,Lightning Charging Cable,1,2/3/2019 22:31
155815,ThinkPad Laptop,1,2/28/2019 16:53
155816,27in FHD Monitor,1,2/6/2019 17:37
155817,USB-C Charging Cable,1,2/8/2019 16:54
155818,AA Batteries (4-pack),1,2/18/2019 23:09
155819,Flatscreen TV,1,2/20/2019 5:01
155820,AAA Batteries (4-pack),4,2/13/2019 6:47
155821,Bose SoundSport Headphones,1,2/3/2019 17:47
155822,Lightning Charging Cable,1,2/12/2019 9:14
155823,USB-C Charging Cable,1,2/13/2019 12:08
155824,27in 4K Gaming Monitor,1,2/13/2019 13:13
155825,AAA Batteries (4-pack),1,2/17/2019 15:50
155826,USB-C Charging Cable,1,2/7/2019 11:50
155827,AA Batteries (4-pack),1,2/22/2019 17:23
155828,Google Phone,1,2/15/2019 13:03
155828,Wired Headphones,1,2/15/2019 13:03
155829,AAA Batteries (4-pack),1,2/10/2019 7:06
155830,Apple Airpods Headphones,1,2/26/2019 11:33
155831,Apple Airpods Headphones,1,2/18/2019 14:05
155832,Apple Airpods Headphones,1,2/8/2019 11:35
155833,AAA Batteries (4-pack),2,2/6/2019 7:34
155834,Apple Airpods Headphones,1,2/9/2019 21:17
155835,Lightning Charging Cable,1,2/4/2019 12:16
155836,Lightning Charging Cable,1,2/26/2019 18:16
155837,AA Batteries (4-pack),1,2/6/2019 19:19
155838,USB-C Charging Cable,1,2/15/2019 16:17
155839,AAA Batteries (4-pack),1,2/5/2019 14:58
155840,AAA Batteries (4-pack),1,2/23/2019 19:53
155841,Lightning Charging Cable,1,2/23/2019 10:44
155842,27in FHD Monitor,1,2/25/2019 14:57
155843,USB-C Charging Cable,2,2/26/2019 7:24
155844,Apple Airpods Headphones,1,2/5/2019 18:47
155845,USB-C Charging Cable,1,2/24/2019 19:06
155846,Wired Headphones,1,2/5/2019 5:47
155847,AAA Batteries (4-pack),1,2/14/2019 19:40
155848,Google Phone,1,2/12/2019 17:14
155849,27in 4K Gaming Monitor,1,2/17/2019 19:36
155850,AA Batteries (4-pack),1,2/27/2019 16:40
155851,AAA Batteries (4-pack),1,2/9/2019 9:37
155852,Flatscreen TV,1,2/22/2019 12:30
155853,AA Batteries (4-pack),1,2/7/2019 21:37
155854,27in FHD Monitor,1,2/2/2019 20:13
155855,AAA Batteries (4-pack),2,2/1/2019 16:23
155856,Apple Airpods Headphones,1,2/12/2019 12:26
155857,USB-C Charging Cable,2,2/28/2019 16:32
155858,AAA Batteries (4-pack),1,2/23/2019 13:14
155859,USB-C Charging Cable,1,2/6/2019 11:55
155860,27in 4K Gaming Monitor,1,2/24/2019 14:32
155861,Flatscreen TV,1,2/4/2019 7:54
155862,Lightning Charging Cable,1,2/9/2019 12:11
155863,Apple Airpods Headphones,1,2/25/2019 15:29
155864,27in FHD Monitor,1,2/11/2019 18:17
155865,Bose SoundSport Headphones,1,2/14/2019 20:27
155866,USB-C Charging Cable,1,2/12/2019 22:01
155867,Wired Headphones,2,2/23/2019 14:50
155868,USB-C Charging Cable,1,2/17/2019 19:56
155869,27in FHD Monitor,1,2/17/2019 14:14
155870,ThinkPad Laptop,1,2/11/2019 8:09
155871,AA Batteries (4-pack),2,2/9/2019 22:46
155872,Lightning Charging Cable,1,2/2/2019 11:00
155873,27in FHD Monitor,1,2/10/2019 20:33
155874,20in Monitor,1,2/9/2019 14:55
155875,AA Batteries (4-pack),1,2/24/2019 18:20
155876,AAA Batteries (4-pack),1,2/21/2019 16:41
155877,AA Batteries (4-pack),1,2/11/2019 16:28
155878,Apple Airpods Headphones,1,2/4/2019 1:21
155879,27in FHD Monitor,1,2/20/2019 16:25
155880,AAA Batteries (4-pack),2,2/4/2019 17:26
155881,Bose SoundSport Headphones,1,2/2/2019 21:53
155882,ThinkPad Laptop,1,2/18/2019 16:47
155883,AA Batteries (4-pack),2,2/7/2019 10:48
155884,Lightning Charging Cable,1,2/5/2019 19:58
155885,AAA Batteries (4-pack),1,2/5/2019 8:34
155886,AAA Batteries (4-pack),1,2/23/2019 13:15
155887,27in FHD Monitor,1,2/11/2019 16:16
155888,AA Batteries (4-pack),1,2/16/2019 18:02
155889,AAA Batteries (4-pack),1,2/13/2019 12:08
155890,Lightning Charging Cable,1,2/12/2019 16:38
155891,20in Monitor,2,2/21/2019 23:24
155892,Apple Airpods Headphones,1,2/24/2019 15:31
155893,Apple Airpods Headphones,1,2/25/2019 19:36
155894,AA Batteries (4-pack),1,2/22/2019 11:11
155895,iPhone,1,2/1/2019 21:33
155896,Macbook Pro Laptop,1,2/11/2019 23:33
155897,Apple Airpods Headphones,1,2/7/2019 19:32
155898,AA Batteries (4-pack),1,2/6/2019 22:49
155899,Wired Headphones,2,2/8/2019 10:09
155900,Lightning Charging Cable,2,2/10/2019 20:43
155901,AA Batteries (4-pack),1,2/23/2019 20:26
155902,34in Ultrawide Monitor,1,2/1/2019 12:56
155903,27in FHD Monitor,1,2/15/2019 19:19
155904,USB-C Charging Cable,1,2/23/2019 14:00
155905,Apple Airpods Headphones,1,2/5/2019 18:58
155906,Bose SoundSport Headphones,1,2/12/2019 10:37
155907,USB-C Charging Cable,1,2/16/2019 10:51
155908,20in Monitor,1,2/25/2019 16:16
155909,Lightning Charging Cable,1,2/19/2019 1:52
155910,iPhone,1,2/8/2019 19:23
155910,Apple Airpods Headphones,1,2/8/2019 19:23
155911,Flatscreen TV,1,2/10/2019 13:09
155912,Macbook Pro Laptop,1,2/9/2019 23:10
155913,Wired Headphones,1,2/25/2019 7:36
155914,ThinkPad Laptop,1,2/4/2019 13:07
155915,iPhone,1,2/12/2019 8:40
155915,Lightning Charging Cable,1,2/12/2019 8:40
155916,Wired Headphones,1,2/22/2019 6:27
155917,Lightning Charging Cable,1,2/20/2019 13:46
155918,Bose SoundSport Headphones,1,2/9/2019 9:26
155919,ThinkPad Laptop,1,2/21/2019 0:35
155920,Wired Headphones,1,2/19/2019 1:07
155921,Lightning Charging Cable,1,2/19/2019 13:30
155922,Bose SoundSport Headphones,1,2/9/2019 5:30
155923,Lightning Charging Cable,1,2/16/2019 9:19
155924,Lightning Charging Cable,1,2/12/2019 18:44
155925,AAA Batteries (4-pack),1,2/6/2019 11:35
155926,iPhone,1,2/20/2019 23:01
155927,Lightning Charging Cable,1,2/11/2019 20:36
155928,AA Batteries (4-pack),1,2/28/2019 15:37
155929,USB-C Charging Cable,1,2/25/2019 16:47
155930,AAA Batteries (4-pack),1,2/13/2019 3:17
155931,USB-C Charging Cable,1,2/11/2019 13:31
155932,Wired Headphones,1,2/22/2019 14:55
155933,Wired Headphones,1,2/2/2019 12:25
155934,USB-C Charging Cable,1,2/27/2019 16:21
155935,Google Phone,1,2/5/2019 14:49
155935,USB-C Charging Cable,2,2/5/2019 14:49
155936,iPhone,1,2/8/2019 0:29
155937,Bose SoundSport Headphones,1,2/18/2019 4:38
155938,AA Batteries (4-pack),1,2/9/2019 11:52
155939,Lightning Charging Cable,1,2/9/2019 9:42
155940,34in Ultrawide Monitor,1,2/11/2019 18:30
155941,USB-C Charging Cable,2,2/3/2019 22:26
155942,Apple Airpods Headphones,1,2/18/2019 16:26
155943,Wired Headphones,1,2/27/2019 12:42
155944,iPhone,1,2/18/2019 10:32
155945,Lightning Charging Cable,1,2/10/2019 4:12
155946,Wired Headphones,1,2/20/2019 22:48
155947,20in Monitor,1,2/4/2019 21:24
155948,AA Batteries (4-pack),2,2/23/2019 11:41
155949,Lightning Charging Cable,1,2/15/2019 8:55
155950,ThinkPad Laptop,1,2/3/2019 10:57
155951,Lightning Charging Cable,1,2/17/2019 18:42
155952,AA Batteries (4-pack),2,2/19/2019 7:53
155953,iPhone,1,2/28/2019 10:31
155954,Flatscreen TV,1,2/11/2019 15:41
155955,Lightning Charging Cable,1,2/16/2019 1:23
155956,Wired Headphones,1,2/2/2019 23:49
155957,27in FHD Monitor,1,2/11/2019 9:11
155958,Apple Airpods Headphones,1,2/2/2019 13:01
155959,ThinkPad Laptop,1,2/19/2019 16:42
155960,USB-C Charging Cable,1,2/10/2019 4:55
,,,
155961,34in Ultrawide Monitor,1,2/28/2019 10:44
155962,Apple Airpods Headphones,1,2/6/2019 21:00
155963,Macbook Pro Laptop,1,2/23/2019 7:18
155964,Wired Headphones,1,2/13/2019 20:15
155965,Wired Headphones,1,2/24/2019 10:51
155966,USB-C Charging Cable,1,2/19/2019 15:04
155967,AAA Batteries (4-pack),1,2/13/2019 9:19
155968,Vareebadd Phone,1,2/16/2019 17:35
155969,27in FHD Monitor,1,2/22/2019 9:12
155970,USB-C Charging Cable,1,2/21/2019 20:58
155971,Lightning Charging Cable,1,2/11/2019 14:19
155972,Bose SoundSport Headphones,1,2/20/2019 18:54
155973,USB-C Charging Cable,1,2/18/2019 23:17
155974,Wired Headphones,1,2/11/2019 13:48
155975,20in Monitor,1,2/27/2019 17:12
155976,Wired Headphones,1,2/9/2019 9:53
155977,20in Monitor,1,2/28/2019 21:29
155978,Lightning Charging Cable,1,2/18/2019 11:46
155979,Bose SoundSport Headphones,1,2/11/2019 20:42
155980,Wired Headphones,1,2/5/2019 20:11
155981,Flatscreen TV,1,2/26/2019 19:27
,,,
155982,ThinkPad Laptop,1,2/25/2019 9:33
155983,Apple Airpods Headphones,1,2/25/2019 10:36
155984,iPhone,1,2/22/2019 20:13
155985,20in Monitor,1,2/27/2019 15:40
155986,iPhone,1,2/7/2019 13:56
155987,AA Batteries (4-pack),1,2/25/2019 12:22
155988,AAA Batteries (4-pack),1,2/15/2019 12:31
155989,Google Phone,1,2/26/2019 16:11
155990,Wired Headphones,1,2/3/2019 8:56
155991,Bose SoundSport Headphones,1,2/13/2019 13:12
155992,USB-C Charging Cable,1,2/12/2019 17:46
155992,Macbook Pro Laptop,1,2/12/2019 17:46
155993,27in FHD Monitor,1,2/14/2019 10:39
155994,Macbook Pro Laptop,1,2/28/2019 21:08
155995,iPhone,1,2/26/2019 15:09
155996,Apple Airpods Headphones,1,2/1/2019 18:06
155997,ThinkPad Laptop,1,2/24/2019 9:26
155998,Lightning Charging Cable,1,2/5/2019 21:14
155999,AAA Batteries (4-pack),1,2/10/2019 12:43
156000,Apple Airpods Headphones,1,2/27/2019 17:03
156001,Lightning Charging Cable,1,2/28/2019 19:15
156002,iPhone,1,2/16/2019 16:16
156003,Flatscreen TV,1,2/26/2019 13:50
156004,USB-C Charging Cable,1,2/13/2019 13:02
156005,AAA Batteries (4-pack),1,2/3/2019 9:08
156006,27in FHD Monitor,1,2/22/2019 13:09
156007,AA Batteries (4-pack),1,2/11/2019 13:35
156008,USB-C Charging Cable,1,2/10/2019 10:27
156009,Wired Headphones,1,2/16/2019 9:25
156010,AAA Batteries (4-pack),1,2/11/2019 22:21
156011,Lightning Charging Cable,1,2/27/2019 12:59
156012,Wired Headphones,1,2/25/2019 12:03
156013,iPhone,1,2/17/2019 18:08
156014,Lightning Charging Cable,1,2/7/2019 9:58
156015,AAA Batteries (4-pack),1,2/3/2019 8:48
156016,AA Batteries (4-pack),1,2/22/2019 14:41
156017,USB-C Charging Cable,1,2/3/2019 12:08
156018,USB-C Charging Cable,1,2/16/2019 19:02
156019,iPhone,1,2/1/2019 11:48
156020,Wired Headphones,1,2/28/2019 18:55
156021,Wired Headphones,1,2/2/2019 15:24
156022,Apple Airpods Headphones,1,2/10/2019 18:56
156023,AAA Batteries (4-pack),1,2/23/2019 9:29
156024,AAA Batteries (4-pack),1,2/23/2019 19:50
156025,AA Batteries (4-pack),2,2/26/2019 22:26
156026,Bose SoundSport Headphones,1,2/21/2019 12:05
156027,AA Batteries (4-pack),1,2/14/2019 9:44
156028,Lightning Charging Cable,1,2/12/2019 17:07
156029,AAA Batteries (4-pack),2,2/18/2019 11:04
156030,34in Ultrawide Monitor,1,2/16/2019 20:54
156031,Wired Headphones,1,2/17/2019 6:15
156032,ThinkPad Laptop,1,2/6/2019 1:48
156033,Macbook Pro Laptop,1,2/7/2019 17:37
156034,Apple Airpods Headphones,1,2/8/2019 3:48
156035,Wired Headphones,1,2/10/2019 11:04
156036,Lightning Charging Cable,1,2/8/2019 23:48
156037,iPhone,1,2/24/2019 21:28
156038,USB-C Charging Cable,1,2/25/2019 10:38
156039,AA Batteries (4-pack),1,2/2/2019 17:29
156040,34in Ultrawide Monitor,1,2/5/2019 17:21
156040,Apple Airpods Headphones,1,2/5/2019 17:21
156041,AAA Batteries (4-pack),1,2/23/2019 19:14
156042,Bose SoundSport Headphones,1,2/4/2019 15:21
156043,Apple Airpods Headphones,1,2/3/2019 19:52
156044,AA Batteries (4-pack),1,2/19/2019 14:03
156045,Lightning Charging Cable,1,2/2/2019 10:28
156046,AAA Batteries (4-pack),1,2/13/2019 10:47
156047,Lightning Charging Cable,1,2/5/2019 20:30
156048,AAA Batteries (4-pack),2,2/23/2019 11:05
156049,AA Batteries (4-pack),1,2/15/2019 9:53
156050,AAA Batteries (4-pack),1,2/22/2019 17:29
156051,27in FHD Monitor,1,2/22/2019 13:58
156052,USB-C Charging Cable,1,2/8/2019 19:43
156053,Lightning Charging Cable,1,2/14/2019 10:05
156054,USB-C Charging Cable,1,2/9/2019 15:13
156055,ThinkPad Laptop,1,2/21/2019 12:57
156056,Wired Headphones,1,2/2/2019 13:29
156056,AA Batteries (4-pack),3,2/2/2019 13:29
156057,ThinkPad Laptop,1,2/10/2019 9:06
156058,Vareebadd Phone,1,2/19/2019 9:15
156058,USB-C Charging Cable,1,2/19/2019 9:15
156059,Lightning Charging Cable,1,2/23/2019 19:06
156060,AAA Batteries (4-pack),3,2/25/2019 10:03
156061,USB-C Charging Cable,1,2/19/2019 0:31
156062,Wired Headphones,1,2/1/2019 15:27
156063,34in Ultrawide Monitor,1,2/6/2019 13:45
156064,20in Monitor,1,2/18/2019 21:14
156065,iPhone,1,2/6/2019 15:14
156066,Bose SoundSport Headphones,1,2/12/2019 18:12
156067,AA Batteries (4-pack),2,2/25/2019 17:17
156068,27in 4K Gaming Monitor,1,2/14/2019 8:04
156069,AAA Batteries (4-pack),1,2/12/2019 13:01
156070,AAA Batteries (4-pack),1,2/6/2019 10:34
156071,Bose SoundSport Headphones,1,2/18/2019 9:36
156072,AA Batteries (4-pack),1,2/25/2019 17:41
156073,Lightning Charging Cable,1,2/27/2019 21:22
156074,AA Batteries (4-pack),2,2/24/2019 22:19
156075,Wired Headphones,1,2/24/2019 11:23
156076,iPhone,1,2/11/2019 19:33
156077,AA Batteries (4-pack),1,2/13/2019 20:55
156078,Bose SoundSport Headphones,1,2/6/2019 8:50
156079,Wired Headphones,1,2/21/2019 15:44
156080,USB-C Charging Cable,1,2/7/2019 19:43
156081,Wired Headphones,1,2/3/2019 13:53
156082,Wired Headphones,1,2/19/2019 10:34
156083,LG Dryer,1,2/6/2019 20:47
156084,AA Batteries (4-pack),4,2/7/2019 6:54
156085,Flatscreen TV,1,2/15/2019 20:05
156086,Bose SoundSport Headphones,1,2/16/2019 21:47
156087,27in FHD Monitor,1,2/23/2019 10:43
156088,iPhone,1,2/22/2019 13:35
156089,AAA Batteries (4-pack),1,2/17/2019 18:37
156090,AA Batteries (4-pack),1,2/10/2019 13:36
156091,USB-C Charging Cable,3,2/23/2019 21:07
156092,Bose SoundSport Headphones,1,2/27/2019 19:17
156093,Wired Headphones,1,2/13/2019 17:13
156094,AAA Batteries (4-pack),1,2/5/2019 19:18
156095,27in 4K Gaming Monitor,1,2/15/2019 18:37
156095,AA Batteries (4-pack),1,2/15/2019 18:37
156096,Google Phone,1,2/22/2019 8:19
156097,27in 4K Gaming Monitor,1,2/6/2019 22:23
156098,AAA Batteries (4-pack),4,2/26/2019 19:03
156099,AAA Batteries (4-pack),3,2/7/2019 12:08
156100,Vareebadd Phone,1,2/16/2019 11:18
156101,Wired Headphones,1,2/24/2019 5:53
156102,AAA Batteries (4-pack),1,2/15/2019 11:45
156103,Lightning Charging Cable,1,2/7/2019 0:10
156104,Wired Headphones,1,2/6/2019 18:39
156105,USB-C Charging Cable,1,2/7/2019 15:16
156106,Google Phone,1,2/12/2019 23:18
156107,AAA Batteries (4-pack),2,2/3/2019 13:58
156108,Bose SoundSport Headphones,1,2/6/2019 18:48
156109,Bose SoundSport Headphones,1,2/18/2019 9:18
156109,Bose SoundSport Headphones,1,2/18/2019 9:18
156110,Bose SoundSport Headphones,1,2/17/2019 16:09
156111,Lightning Charging Cable,1,2/12/2019 17:30
156112,Lightning Charging Cable,1,2/28/2019 17:14
156113,AA Batteries (4-pack),1,2/20/2019 15:54
156114,Bose SoundSport Headphones,1,2/8/2019 20:11
156115,Lightning Charging Cable,4,2/5/2019 15:26
156116,Apple Airpods Headphones,1,2/24/2019 18:50
156117,Bose SoundSport Headphones,1,2/12/2019 23:31
156118,USB-C Charging Cable,1,2/22/2019 21:00
156119,34in Ultrawide Monitor,1,2/27/2019 17:05
156120,Apple Airpods Headphones,1,2/27/2019 0:26
156121,Wired Headphones,1,2/20/2019 15:40
156122,AA Batteries (4-pack),1,2/25/2019 11:02
156123,27in 4K Gaming Monitor,1,2/23/2019 20:01
156124,Lightning Charging Cable,1,2/18/2019 12:33
156125,34in Ultrawide Monitor,1,2/3/2019 13:42
156126,AA Batteries (4-pack),1,2/2/2019 14:10
156127,USB-C Charging Cable,1,2/18/2019 3:30
156128,AA Batteries (4-pack),1,2/9/2019 16:34
156129,AAA Batteries (4-pack),1,2/17/2019 17:31
156130,Flatscreen TV,1,2/8/2019 19:57
156131,Apple Airpods Headphones,1,2/11/2019 22:56
156132,AA Batteries (4-pack),1,2/12/2019 9:28
156133,Apple Airpods Headphones,1,2/25/2019 20:33
156134,Lightning Charging Cable,1,2/14/2019 17:30
156135,Google Phone,1,2/4/2019 15:29
156135,Wired Headphones,1,2/4/2019 15:29
156136,Apple Airpods Headphones,1,2/21/2019 14:00
156137,Wired Headphones,1,2/10/2019 21:52
156138,USB-C Charging Cable,1,2/18/2019 11:25
156139,Google Phone,1,2/13/2019 16:39
156140,Wired Headphones,1,2/14/2019 8:26
156141,AA Batteries (4-pack),1,2/11/2019 20:25
156142,Wired Headphones,1,2/15/2019 14:56
156143,AA Batteries (4-pack),1,2/10/2019 12:18
156144,Google Phone,1,2/25/2019 14:43
156145,27in 4K Gaming Monitor,1,2/27/2019 9:07
156146,Wired Headphones,1,2/26/2019 19:27
156147,Google Phone,1,2/7/2019 16:53
156148,Bose SoundSport Headphones,1,2/7/2019 19:26
156149,AA Batteries (4-pack),1,2/14/2019 11:40
156150,Google Phone,1,2/2/2019 14:18
156151,AA Batteries (4-pack),1,2/3/2019 13:17
156152,Macbook Pro Laptop,1,2/26/2019 17:12
156153,20in Monitor,1,2/14/2019 19:53
156154,Flatscreen TV,1,2/25/2019 14:22
156155,Wired Headphones,1,2/7/2019 10:54
156156,Bose SoundSport Headphones,1,2/1/2019 15:33
156157,Lightning Charging Cable,1,2/16/2019 21:26
156158,USB-C Charging Cable,1,2/22/2019 15:26
156159,AA Batteries (4-pack),1,2/19/2019 17:55
156160,Lightning Charging Cable,1,2/14/2019 11:18
156161,Macbook Pro Laptop,1,2/13/2019 21:31
156162,Apple Airpods Headphones,1,2/27/2019 2:28
156163,Lightning Charging Cable,1,2/3/2019 20:51
156164,Wired Headphones,1,2/10/2019 20:25
156165,Bose SoundSport Headphones,1,2/22/2019 9:08
156166,Wired Headphones,2,2/11/2019 9:59
156167,Lightning Charging Cable,1,2/12/2019 20:08
156168,Bose SoundSport Headphones,1,2/26/2019 2:27
156169,Apple Airpods Headphones,1,2/23/2019 23:17
156170,Macbook Pro Laptop,1,2/5/2019 13:51
156171,ThinkPad Laptop,1,2/23/2019 18:56
156172,Wired Headphones,1,2/12/2019 13:29
156173,Flatscreen TV,1,2/28/2019 9:55
156174,AA Batteries (4-pack),1,2/8/2019 9:06
156175,AAA Batteries (4-pack),3,2/17/2019 9:18
156176,27in 4K Gaming Monitor,1,2/20/2019 10:44
156177,27in FHD Monitor,1,2/19/2019 22:42
156178,ThinkPad Laptop,1,2/27/2019 19:32
156179,Flatscreen TV,1,2/26/2019 18:34
156180,Macbook Pro Laptop,1,2/17/2019 21:21
156181,USB-C Charging Cable,2,2/23/2019 22:46
156182,AA Batteries (4-pack),1,2/16/2019 18:53
156183,Lightning Charging Cable,1,2/3/2019 12:59
156184,Lightning Charging Cable,4,2/6/2019 21:49
156185,AA Batteries (4-pack),1,2/17/2019 23:28
156186,Lightning Charging Cable,1,2/1/2019 13:04
156187,Lightning Charging Cable,1,2/11/2019 10:01
156188,Bose SoundSport Headphones,1,2/23/2019 7:06
156188,Lightning Charging Cable,2,2/23/2019 7:06
156189,AAA Batteries (4-pack),2,2/3/2019 11:47
156190,Lightning Charging Cable,1,2/16/2019 10:58
156191,USB-C Charging Cable,1,2/9/2019 16:18
156192,Lightning Charging Cable,1,2/21/2019 21:18
156193,Lightning Charging Cable,1,2/16/2019 19:58
156194,Lightning Charging Cable,1,2/25/2019 20:13
156195,20in Monitor,1,2/5/2019 10:43
156196,Macbook Pro Laptop,1,2/2/2019 22:25
156197,USB-C Charging Cable,1,2/28/2019 16:45
156198,Bose SoundSport Headphones,1,2/24/2019 10:52
156199,27in 4K Gaming Monitor,1,2/27/2019 13:15
156200,27in FHD Monitor,1,2/23/2019 16:18
156201,Lightning Charging Cable,1,2/8/2019 11:49
156202,iPhone,1,2/20/2019 15:33
156202,Wired Headphones,1,2/20/2019 15:33
156203,AA Batteries (4-pack),1,2/2/2019 20:14
156204,Bose SoundSport Headphones,1,2/19/2019 18:36
156205,iPhone,1,2/22/2019 9:03
156206,Wired Headphones,1,2/16/2019 15:35
156207,Lightning Charging Cable,1,2/25/2019 13:04
156208,27in FHD Monitor,1,2/8/2019 20:18
156209,Apple Airpods Headphones,1,2/13/2019 18:05
156210,AA Batteries (4-pack),2,2/12/2019 2:09
156211,Flatscreen TV,1,2/19/2019 11:58
156212,AAA Batteries (4-pack),2,2/19/2019 16:05
156213,USB-C Charging Cable,1,2/20/2019 13:58
156213,AA Batteries (4-pack),1,2/20/2019 13:58
156214,Vareebadd Phone,1,2/23/2019 18:08
156215,AA Batteries (4-pack),1,2/23/2019 12:01
156216,Wired Headphones,1,2/13/2019 21:14
156217,Vareebadd Phone,1,2/9/2019 16:42
156217,Bose SoundSport Headphones,1,2/9/2019 16:42
156218,27in 4K Gaming Monitor,1,2/6/2019 17:23
156219,ThinkPad Laptop,1,2/3/2019 2:10
156220,Apple Airpods Headphones,1,2/13/2019 12:20
156221,AAA Batteries (4-pack),1,2/22/2019 12:41
156222,AAA Batteries (4-pack),1,2/26/2019 10:19
156223,Bose SoundSport Headphones,1,2/27/2019 7:21
156224,Lightning Charging Cable,1,2/14/2019 10:40
156225,Bose SoundSport Headphones,1,2/6/2019 17:01
156226,USB-C Charging Cable,1,2/14/2019 21:41
156227,Apple Airpods Headphones,1,2/22/2019 15:17
156228,USB-C Charging Cable,1,2/9/2019 11:03
156229,Lightning Charging Cable,1,2/8/2019 14:55
156230,34in Ultrawide Monitor,1,2/18/2019 22:21
156231,USB-C Charging Cable,2,2/1/2019 21:31
156232,Apple Airpods Headphones,1,2/12/2019 20:02
156233,27in 4K Gaming Monitor,1,2/17/2019 22:05
156234,USB-C Charging Cable,1,2/3/2019 19:31
156235,ThinkPad Laptop,1,2/9/2019 4:32
156236,AAA Batteries (4-pack),2,2/4/2019 22:50
156237,AAA Batteries (4-pack),1,2/23/2019 23:15
156238,Vareebadd Phone,1,2/2/2019 0:20
156239,Vareebadd Phone,1,2/19/2019 15:46
156239,USB-C Charging Cable,2,2/19/2019 15:46
156240,27in 4K Gaming Monitor,1,2/22/2019 17:06
156241,34in Ultrawide Monitor,1,2/15/2019 9:23
156242,Lightning Charging Cable,1,2/18/2019 11:24
156243,AAA Batteries (4-pack),1,2/21/2019 20:57
156244,27in 4K Gaming Monitor,1,2/6/2019 9:41
156245,Lightning Charging Cable,1,2/16/2019 0:10
156246,27in 4K Gaming Monitor,1,2/4/2019 2:48
156247,AAA Batteries (4-pack),1,2/9/2019 7:29
156247,AAA Batteries (4-pack),1,2/9/2019 7:29
156248,34in Ultrawide Monitor,1,2/3/2019 16:18
156249,Lightning Charging Cable,1,2/3/2019 9:09
156250,AA Batteries (4-pack),1,2/28/2019 9:59
156251,Wired Headphones,1,2/24/2019 17:39
156252,Wired Headphones,1,2/9/2019 21:37
156253,Google Phone,1,2/19/2019 19:35
156254,Bose SoundSport Headphones,1,2/21/2019 14:51
156255,Bose SoundSport Headphones,1,2/14/2019 17:36
156255,AAA Batteries (4-pack),1,2/14/2019 17:36
156256,Lightning Charging Cable,1,2/18/2019 20:17
,,,
156257,iPhone,1,2/17/2019 11:07
156258,34in Ultrawide Monitor,1,2/3/2019 18:20
156259,AA Batteries (4-pack),1,2/17/2019 12:08
156260,AAA Batteries (4-pack),1,2/25/2019 2:01
156261,Google Phone,1,2/20/2019 19:09
156261,Wired Headphones,1,2/20/2019 19:09
156262,USB-C Charging Cable,1,2/4/2019 18:07
156263,Apple Airpods Headphones,1,2/21/2019 19:45
156264,Lightning Charging Cable,1,2/28/2019 14:02
156265,USB-C Charging Cable,1,2/7/2019 21:10
156266,Lightning Charging Cable,1,2/22/2019 1:51
156267,Bose SoundSport Headphones,1,2/10/2019 20:03
156268,AAA Batteries (4-pack),1,2/12/2019 18:47
156269,Wired Headphones,1,2/8/2019 11:40
156270,Lightning Charging Cable,1,2/14/2019 16:02
156271,Apple Airpods Headphones,1,2/13/2019 20:12
156271,Bose SoundSport Headphones,1,2/13/2019 20:12
156272,ThinkPad Laptop,1,2/1/2019 18:33
156273,AA Batteries (4-pack),2,2/7/2019 13:55
156274,Lightning Charging Cable,1,2/27/2019 10:24
156275,Google Phone,1,2/22/2019 11:30
156275,Bose SoundSport Headphones,1,2/22/2019 11:30
156276,AA Batteries (4-pack),1,2/5/2019 20:56
156277,Apple Airpods Headphones,1,2/15/2019 19:25
156278,iPhone,1,2/1/2019 22:28
156279,AAA Batteries (4-pack),1,2/1/2019 7:21
156280,Bose SoundSport Headphones,1,2/11/2019 14:40
156281,USB-C Charging Cable,1,2/24/2019 0:50
156282,Bose SoundSport Headphones,1,2/1/2019 20:52
156282,AA Batteries (4-pack),1,2/1/2019 20:52
156283,USB-C Charging Cable,1,2/26/2019 10:20
156284,Lightning Charging Cable,1,2/1/2019 18:04
156285,Bose SoundSport Headphones,1,2/14/2019 11:54
156286,Macbook Pro Laptop,1,2/21/2019 11:47
156287,USB-C Charging Cable,1,2/16/2019 6:28
156288,AAA Batteries (4-pack),1,2/11/2019 11:04
156289,Bose SoundSport Headphones,1,2/9/2019 21:33
156290,Bose SoundSport Headphones,1,2/28/2019 12:02
156291,Wired Headphones,1,2/16/2019 8:19
156292,Macbook Pro Laptop,1,2/27/2019 23:40
156293,AAA Batteries (4-pack),2,2/18/2019 10:20
156294,USB-C Charging Cable,2,2/22/2019 18:49
156295,Vareebadd Phone,1,2/2/2019 8:51
156296,AA Batteries (4-pack),1,2/8/2019 21:17
156297,Apple Airpods Headphones,1,2/11/2019 9:50
156298,Macbook Pro Laptop,1,2/19/2019 15:40
156299,Bose SoundSport Headphones,1,2/5/2019 22:36
156300,iPhone,1,2/23/2019 16:09
156301,iPhone,1,2/6/2019 18:13
156301,Flatscreen TV,1,2/6/2019 18:13
156302,iPhone,1,2/8/2019 14:27
156303,Lightning Charging Cable,1,2/23/2019 9:49
156304,AA Batteries (4-pack),2,2/23/2019 20:59
156305,Apple Airpods Headphones,1,2/19/2019 11:59
156306,Wired Headphones,2,2/17/2019 20:24
156307,USB-C Charging Cable,1,2/24/2019 20:17
156308,USB-C Charging Cable,1,2/28/2019 17:10
156309,AA Batteries (4-pack),2,2/27/2019 18:48
156310,iPhone,1,2/21/2019 11:22
156311,Bose SoundSport Headphones,1,2/7/2019 16:50
156312,Apple Airpods Headphones,1,2/15/2019 7:52
156313,iPhone,1,2/6/2019 11:09
Order ID,Product,Quantity Ordered,Order Date
156314,27in FHD Monitor,1,2/21/2019 10:13
156315,Wired Headphones,1,2/6/2019 6:39
156316,20in Monitor,1,2/1/2019 11:46
156317,AAA Batteries (4-pack),1,2/12/2019 20:21
156318,27in 4K Gaming Monitor,1,2/23/2019 19:06
156319,34in Ultrawide Monitor,1,2/23/2019 6:55
156320,Flatscreen TV,1,2/11/2019 22:21
156321,Flatscreen TV,1,2/2/2019 19:09
156322,AAA Batteries (4-pack),2,2/28/2019 17:53
156323,Lightning Charging Cable,1,2/26/2019 10:29
156324,iPhone,1,2/25/2019 10:53
156325,Bose SoundSport Headphones,1,2/10/2019 2:12
156326,USB-C Charging Cable,1,2/25/2019 10:06
156327,Apple Airpods Headphones,1,2/22/2019 21:00
156328,27in 4K Gaming Monitor,1,2/12/2019 21:43
156329,AAA Batteries (4-pack),1,2/19/2019 19:18
156330,Wired Headphones,1,2/27/2019 22:41
156331,Lightning Charging Cable,1,2/21/2019 12:13
156332,AA Batteries (4-pack),1,2/20/2019 15:33
156333,Lightning Charging Cable,1,2/20/2019 16:56
156334,AA Batteries (4-pack),1,2/21/2019 10:43
156335,Lightning Charging Cable,1,2/12/2019 9:45
156336,Flatscreen TV,1,2/15/2019 4:14
156337,USB-C Charging Cable,1,2/18/2019 9:33
156338,Wired Headphones,1,2/27/2019 8:08
156339,34in Ultrawide Monitor,1,2/27/2019 19:09
156340,AAA Batteries (4-pack),1,2/10/2019 18:22
156341,Google Phone,1,2/10/2019 18:46
156342,USB-C Charging Cable,1,2/1/2019 5:39
156343,iPhone,1,2/2/2019 6:43
156343,Lightning Charging Cable,1,2/2/2019 6:43
156344,ThinkPad Laptop,1,2/3/2019 13:03
156345,27in 4K Gaming Monitor,1,2/5/2019 15:12
156346,USB-C Charging Cable,1,2/4/2019 20:01
156347,20in Monitor,1,2/25/2019 16:15
156348,iPhone,1,2/24/2019 1:17
156349,Apple Airpods Headphones,1,2/5/2019 18:31
156350,AAA Batteries (4-pack),1,2/9/2019 18:48
156351,ThinkPad Laptop,1,2/12/2019 11:56
156352,AA Batteries (4-pack),1,2/19/2019 21:30
156352,27in FHD Monitor,1,2/19/2019 21:30
156353,Bose SoundSport Headphones,1,2/16/2019 19:35
156354,34in Ultrawide Monitor,1,2/27/2019 22:22
156355,USB-C Charging Cable,1,2/16/2019 21:12
156356,Bose SoundSport Headphones,1,2/5/2019 19:03
156357,20in Monitor,1,2/7/2019 12:39
156358,Bose SoundSport Headphones,1,2/12/2019 22:55
156359,AA Batteries (4-pack),2,2/5/2019 21:15
156360,34in Ultrawide Monitor,1,2/1/2019 6:51
156361,Wired Headphones,1,2/21/2019 4:42
156362,27in 4K Gaming Monitor,1,2/17/2019 6:57
156363,iPhone,1,2/2/2019 20:58
156364,Lightning Charging Cable,1,2/11/2019 1:44
156365,Vareebadd Phone,1,2/9/2019 20:30
156365,Wired Headphones,1,2/9/2019 20:30
156365,iPhone,1,2/9/2019 20:30
156366,Bose SoundSport Headphones,1,2/22/2019 16:52
156367,AAA Batteries (4-pack),2,2/12/2019 5:15
156368,AA Batteries (4-pack),2,2/13/2019 13:48
156369,Google Phone,1,2/14/2019 18:47
156370,AA Batteries (4-pack),1,2/21/2019 12:56
156371,USB-C Charging Cable,1,2/27/2019 11:19
156372,AA Batteries (4-pack),3,2/26/2019 8:54
156372,Apple Airpods Headphones,1,2/26/2019 8:54
156373,AAA Batteries (4-pack),1,2/4/2019 21:04
156374,USB-C Charging Cable,1,2/7/2019 17:07
156375,Apple Airpods Headphones,1,2/23/2019 5:13
156376,USB-C Charging Cable,2,2/23/2019 11:38
156377,Lightning Charging Cable,1,2/16/2019 16:39
156378,Wired Headphones,1,2/9/2019 19:28
156379,AAA Batteries (4-pack),1,2/20/2019 8:23
156380,iPhone,1,2/23/2019 13:40
156381,USB-C Charging Cable,1,2/17/2019 21:14
156382,AAA Batteries (4-pack),1,2/21/2019 20:00
156383,Lightning Charging Cable,1,2/23/2019 9:34
156384,Apple Airpods Headphones,1,2/2/2019 10:41
156385,AAA Batteries (4-pack),1,2/2/2019 22:33
156386,20in Monitor,1,2/7/2019 7:24
156387,AAA Batteries (4-pack),1,2/16/2019 16:17
156388,Apple Airpods Headphones,1,2/4/2019 14:24
156389,Lightning Charging Cable,1,2/1/2019 9:02
156390,AA Batteries (4-pack),2,2/15/2019 23:52
156391,ThinkPad Laptop,1,2/8/2019 21:37
156392,Wired Headphones,1,2/8/2019 2:06
156393,USB-C Charging Cable,1,2/26/2019 16:46
156394,Lightning Charging Cable,1,2/10/2019 0:31
156395,AA Batteries (4-pack),2,2/17/2019 19:36
156396,Lightning Charging Cable,1,2/12/2019 15:36
156397,34in Ultrawide Monitor,1,2/25/2019 19:29
156398,Wired Headphones,1,2/22/2019 10:02
156399,AAA Batteries (4-pack),1,2/1/2019 11:11
156399,Lightning Charging Cable,1,2/1/2019 11:11
156400,AAA Batteries (4-pack),1,2/25/2019 13:18
156401,AA Batteries (4-pack),3,2/3/2019 23:35
156402,Bose SoundSport Headphones,1,2/2/2019 15:57
156403,AAA Batteries (4-pack),1,2/24/2019 18:52
156404,USB-C Charging Cable,1,2/3/2019 13:44
156405,AA Batteries (4-pack),1,2/9/2019 23:22
156406,AAA Batteries (4-pack),2,2/13/2019 12:39
156407,Wired Headphones,1,2/4/2019 20:54
156408,Apple Airpods Headphones,1,2/18/2019 23:06
156409,Lightning Charging Cable,1,2/21/2019 21:22
156410,USB-C Charging Cable,1,2/10/2019 16:52
156411,iPhone,1,2/7/2019 15:30
156412,Lightning Charging Cable,2,2/8/2019 18:32
156413,34in Ultrawide Monitor,1,2/1/2019 17:25
156414,iPhone,1,2/25/2019 10:49
156415,Bose SoundSport Headphones,1,2/24/2019 12:21
156416,USB-C Charging Cable,1,2/13/2019 18:33
156417,iPhone,1,2/11/2019 15:32
156418,27in 4K Gaming Monitor,1,2/25/2019 19:03
156419,27in 4K Gaming Monitor,1,2/18/2019 13:31
156420,Macbook Pro Laptop,1,2/16/2019 9:24
156421,AAA Batteries (4-pack),1,2/18/2019 22:01
156422,iPhone,1,2/2/2019 14:28
156423,AAA Batteries (4-pack),1,2/20/2019 21:24
156424,Apple Airpods Headphones,1,2/12/2019 15:26
156425,iPhone,1,2/11/2019 21:02
156426,AAA Batteries (4-pack),1,2/3/2019 17:41
156427,Wired Headphones,1,2/1/2019 12:55
156428,Vareebadd Phone,1,2/20/2019 2:45
156429,USB-C Charging Cable,1,3/1/2019 2:29
156430,AAA Batteries (4-pack),1,2/19/2019 4:34
156431,27in 4K Gaming Monitor,1,2/22/2019 15:51
156432,Lightning Charging Cable,1,2/17/2019 13:39
156433,Bose SoundSport Headphones,1,2/9/2019 9:48
156434,AA Batteries (4-pack),1,2/7/2019 18:42
156435,AAA Batteries (4-pack),1,2/11/2019 21:50
156436,Google Phone,1,2/4/2019 13:35
156437,AAA Batteries (4-pack),4,2/4/2019 10:15
156438,Lightning Charging Cable,1,2/12/2019 16:20
156439,USB-C Charging Cable,1,2/14/2019 10:38
156440,Vareebadd Phone,1,2/2/2019 14:04
156440,USB-C Charging Cable,1,2/2/2019 14:04
156441,Lightning Charging Cable,1,2/20/2019 14:59
156442,USB-C Charging Cable,1,2/18/2019 19:37
156443,Vareebadd Phone,1,2/12/2019 11:56
156444,AAA Batteries (4-pack),2,2/21/2019 15:58
156445,Lightning Charging Cable,1,2/15/2019 10:01
156446,20in Monitor,1,2/17/2019 18:25
156447,27in 4K Gaming Monitor,1,2/9/2019 17:40
156448,AAA Batteries (4-pack),1,2/23/2019 15:48
156449,iPhone,1,2/13/2019 14:08
156449,Lightning Charging Cable,1,2/13/2019 14:08
156450,Google Phone,1,2/28/2019 17:41
156451,Apple Airpods Headphones,1,2/20/2019 22:08
156452,20in Monitor,1,2/19/2019 10:15
156453,Lightning Charging Cable,1,2/16/2019 14:21
156454,Lightning Charging Cable,1,2/6/2019 20:37
156455,AAA Batteries (4-pack),4,2/23/2019 11:55
156456,Google Phone,1,2/22/2019 8:44
156457,Lightning Charging Cable,1,2/3/2019 10:17
156458,Lightning Charging Cable,1,2/2/2019 21:07
156459,LG Washing Machine,1,2/27/2019 9:56
156460,AAA Batteries (4-pack),2,2/14/2019 17:52
156461,Wired Headphones,1,2/11/2019 10:44
156462,34in Ultrawide Monitor,1,2/19/2019 5:28
156463,AA Batteries (4-pack),1,2/11/2019 22:33
156463,27in 4K Gaming Monitor,1,2/11/2019 22:33
156464,34in Ultrawide Monitor,1,2/19/2019 13:13
156465,Apple Airpods Headphones,1,2/8/2019 10:04
156466,Macbook Pro Laptop,1,2/16/2019 20:29
156467,Wired Headphones,1,2/18/2019 10:01
156468,AAA Batteries (4-pack),6,2/14/2019 12:28
156469,Bose SoundSport Headphones,1,2/27/2019 21:17
156470,USB-C Charging Cable,1,2/7/2019 21:18
156471,Wired Headphones,1,2/2/2019 14:11
156472,USB-C Charging Cable,2,2/26/2019 19:13
156473,AAA Batteries (4-pack),2,2/10/2019 15:15
156474,27in FHD Monitor,1,2/9/2019 15:08
156475,Google Phone,1,2/6/2019 1:40
156476,Wired Headphones,1,2/22/2019 11:30
156477,Apple Airpods Headphones,1,2/7/2019 12:31
156478,AA Batteries (4-pack),1,2/10/2019 18:37
156479,Bose SoundSport Headphones,1,2/12/2019 15:32
156480,USB-C Charging Cable,1,2/4/2019 10:40
156481,Wired Headphones,1,2/9/2019 10:00
156482,20in Monitor,1,2/15/2019 9:31
156483,Lightning Charging Cable,1,2/19/2019 21:05
156484,Apple Airpods Headphones,1,2/23/2019 21:41
156485,27in 4K Gaming Monitor,1,2/6/2019 12:15
156486,Bose SoundSport Headphones,1,2/13/2019 12:16
156487,USB-C Charging Cable,1,2/8/2019 10:50
156488,Apple Airpods Headphones,1,2/3/2019 12:22
156489,AAA Batteries (4-pack),1,2/5/2019 20:01
156490,USB-C Charging Cable,1,2/16/2019 18:41
156491,Wired Headphones,1,2/18/2019 16:34
156492,Macbook Pro Laptop,1,2/17/2019 16:32
156493,27in FHD Monitor,1,2/23/2019 20:05
156494,20in Monitor,1,2/4/2019 19:56
156495,Google Phone,1,2/4/2019 11:44
156496,Wired Headphones,2,2/2/2019 17:28
156497,USB-C Charging Cable,1,2/6/2019 20:13
156498,Apple Airpods Headphones,1,2/12/2019 13:12
156499,Lightning Charging Cable,1,2/18/2019 9:37
156500,USB-C Charging Cable,1,2/23/2019 12:32
156501,AA Batteries (4-pack),1,2/9/2019 8:49
156502,Wired Headphones,1,2/17/2019 16:15
156503,USB-C Charging Cable,1,2/10/2019 1:15
156504,Macbook Pro Laptop,1,2/12/2019 21:28
156505,Bose SoundSport Headphones,1,2/24/2019 15:03
156506,USB-C Charging Cable,1,2/23/2019 15:13
156507,27in FHD Monitor,1,2/27/2019 18:03
156508,Lightning Charging Cable,1,2/13/2019 10:40
156509,AAA Batteries (4-pack),1,2/28/2019 23:01
156510,Flatscreen TV,1,2/21/2019 16:47
156511,AAA Batteries (4-pack),4,2/8/2019 17:45
156512,USB-C Charging Cable,1,2/4/2019 21:39
156513,34in Ultrawide Monitor,1,2/19/2019 17:36
156514,Wired Headphones,1,2/2/2019 16:32
156515,AAA Batteries (4-pack),2,2/9/2019 7:45
156516,Lightning Charging Cable,1,2/2/2019 22:04
156517,Apple Airpods Headphones,1,2/15/2019 20:49
156518,Google Phone,1,2/7/2019 21:35
156519,34in Ultrawide Monitor,1,2/21/2019 14:46
156520,27in FHD Monitor,1,2/3/2019 13:47
156521,AA Batteries (4-pack),1,2/17/2019 7:30
156522,AA Batteries (4-pack),1,2/26/2019 15:12
156523,Flatscreen TV,1,2/26/2019 21:58
156524,Google Phone,1,2/26/2019 20:29
156524,USB-C Charging Cable,1,2/26/2019 20:29
156525,iPhone,1,2/21/2019 18:44
156526,Google Phone,1,2/28/2019 20:39
156527,AAA Batteries (4-pack),1,2/3/2019 14:09
156528,USB-C Charging Cable,2,2/22/2019 12:15
,,,
156529,Lightning Charging Cable,1,2/19/2019 11:48
156530,AAA Batteries (4-pack),1,2/11/2019 18:00
156531,Apple Airpods Headphones,1,2/12/2019 12:06
156532,Apple Airpods Headphones,1,2/10/2019 12:18
156533,ThinkPad Laptop,1,2/2/2019 10:58
156534,34in Ultrawide Monitor,1,2/12/2019 21:54
156535,AAA Batteries (4-pack),1,2/1/2019 14:09
156536,Wired Headphones,2,2/28/2019 21:32
156537,Wired Headphones,1,2/14/2019 11:26
156538,AA Batteries (4-pack),1,2/25/2019 17:37
156539,AA Batteries (4-pack),1,2/18/2019 13:46
156540,27in 4K Gaming Monitor,1,2/24/2019 21:47
156541,Vareebadd Phone,1,2/12/2019 18:52
156542,Lightning Charging Cable,1,2/9/2019 15:43
156543,Apple Airpods Headphones,1,2/13/2019 7:05
156544,Bose SoundSport Headphones,1,2/18/2019 7:49
156545,27in FHD Monitor,1,2/14/2019 11:16
156546,Apple Airpods Headphones,1,2/4/2019 14:02
156547,Wired Headphones,1,2/2/2019 18:28
156548,USB-C Charging Cable,1,2/22/2019 10:13
156549,AA Batteries (4-pack),1,2/5/2019 18:27
156550,Flatscreen TV,1,2/25/2019 16:54
156551,Wired Headphones,1,2/1/2019 23:42
156552,Lightning Charging Cable,1,2/12/2019 12:16
156553,AA Batteries (4-pack),1,2/21/2019 16:41
156554,34in Ultrawide Monitor,1,2/16/2019 18:56
156555,ThinkPad Laptop,1,2/11/2019 19:36
156556,Bose SoundSport Headphones,1,2/12/2019 0:56
156557,Wired Headphones,1,2/23/2019 14:34
156558,AAA Batteries (4-pack),2,2/19/2019 10:41
156559,Lightning Charging Cable,1,2/13/2019 15:32
156560,Apple Airpods Headphones,1,2/18/2019 13:52
156561,USB-C Charging Cable,2,2/8/2019 17:37
156562,ThinkPad Laptop,1,2/27/2019 17:18
156563,Flatscreen TV,1,2/22/2019 12:53
156564,27in FHD Monitor,1,2/12/2019 10:49
156565,Wired Headphones,1,2/20/2019 9:23
156566,Wired Headphones,1,2/26/2019 15:40
156567,USB-C Charging Cable,1,2/14/2019 12:24
156568,Google Phone,1,2/7/2019 23:08
156569,AA Batteries (4-pack),1,2/21/2019 15:55
156570,Google Phone,1,2/3/2019 19:59
156571,USB-C Charging Cable,2,2/2/2019 12:35
156572,Bose SoundSport Headphones,1,2/7/2019 21:54
156573,AA Batteries (4-pack),1,2/17/2019 12:46
156574,USB-C Charging Cable,1,2/26/2019 18:54
156575,USB-C Charging Cable,1,2/12/2019 16:12
156576,Lightning Charging Cable,2,2/4/2019 13:47
156577,AAA Batteries (4-pack),1,2/1/2019 16:30
156578,Apple Airpods Headphones,1,2/7/2019 17:00
156579,Lightning Charging Cable,1,2/16/2019 6:56
156580,AA Batteries (4-pack),1,2/7/2019 14:04
156581,USB-C Charging Cable,1,2/9/2019 12:47
156582,Bose SoundSport Headphones,1,2/8/2019 16:49
156583,USB-C Charging Cable,1,2/7/2019 20:28
156584,AAA Batteries (4-pack),4,2/18/2019 10:13
156585,Wired Headphones,1,2/12/2019 23:43
156586,AAA Batteries (4-pack),1,2/22/2019 0:53
156587,Flatscreen TV,1,2/24/2019 11:41
156588,AA Batteries (4-pack),1,2/27/2019 11:09
156589,AA Batteries (4-pack),2,2/28/2019 10:59
156590,AA Batteries (4-pack),1,2/21/2019 10:24
156591,Bose SoundSport Headphones,1,2/1/2019 11:13
156592,USB-C Charging Cable,1,2/2/2019 10:37
156593,USB-C Charging Cable,1,2/28/2019 20:36
156594,Apple Airpods Headphones,1,2/21/2019 13:14
156595,Lightning Charging Cable,1,2/6/2019 11:56
156596,Apple Airpods Headphones,1,2/20/2019 16:26
156597,USB-C Charging Cable,1,2/23/2019 9:43
156598,ThinkPad Laptop,1,2/12/2019 9:15
156599,20in Monitor,1,2/25/2019 22:14
156600,ThinkPad Laptop,1,2/27/2019 22:53
156601,Google Phone,1,2/23/2019 20:36
156602,Wired Headphones,1,2/5/2019 18:00
156603,AA Batteries (4-pack),1,2/28/2019 13:06
156604,27in 4K Gaming Monitor,1,2/2/2019 1:00
156605,34in Ultrawide Monitor,1,2/11/2019 10:44
156606,AA Batteries (4-pack),3,2/14/2019 2:30
156607,AA Batteries (4-pack),1,2/4/2019 11:38
156608,27in 4K Gaming Monitor,1,2/24/2019 8:40
156609,Apple Airpods Headphones,1,2/6/2019 23:42
156610,USB-C Charging Cable,1,2/26/2019 13:08
156611,Lightning Charging Cable,1,2/19/2019 1:27
156612,USB-C Charging Cable,1,2/10/2019 22:14
156613,Wired Headphones,1,2/27/2019 17:42
156614,Bose SoundSport Headphones,1,2/28/2019 0:17
156615,Wired Headphones,1,2/26/2019 13:38
156616,iPhone,1,2/4/2019 20:53
156617,Lightning Charging Cable,1,2/9/2019 17:08
156618,iPhone,1,2/19/2019 13:59
156619,Google Phone,1,2/8/2019 14:32
156620,Wired Headphones,1,2/24/2019 1:32
156621,Google Phone,1,2/10/2019 18:35
156621,USB-C Charging Cable,1,2/10/2019 18:35
156622,Apple Airpods Headphones,1,2/17/2019 12:56
156623,Lightning Charging Cable,1,2/7/2019 12:41
156624,34in Ultrawide Monitor,1,2/6/2019 22:03
156625,Lightning Charging Cable,1,2/15/2019 16:40
156626,Bose SoundSport Headphones,1,2/4/2019 23:39
156627,Google Phone,1,2/4/2019 10:29
156628,Lightning Charging Cable,1,2/22/2019 7:54
156629,AAA Batteries (4-pack),1,2/25/2019 0:13
156630,Google Phone,1,2/15/2019 10:32
156631,34in Ultrawide Monitor,1,2/21/2019 20:49
156632,USB-C Charging Cable,1,2/13/2019 19:17
156633,34in Ultrawide Monitor,1,2/12/2019 1:42
156634,USB-C Charging Cable,1,2/27/2019 19:42
156635,Wired Headphones,1,2/15/2019 15:17
156636,34in Ultrawide Monitor,1,2/10/2019 12:45
156637,Lightning Charging Cable,1,2/24/2019 19:52
156638,AA Batteries (4-pack),5,2/22/2019 9:30
156638,Flatscreen TV,1,2/22/2019 9:30
156639,Lightning Charging Cable,1,2/22/2019 0:37
156640,Lightning Charging Cable,1,2/11/2019 10:32
156641,Lightning Charging Cable,1,2/27/2019 14:09
156642,Google Phone,1,2/13/2019 15:28
156643,Apple Airpods Headphones,1,2/28/2019 0:00
156644,USB-C Charging Cable,1,2/19/2019 13:26
156645,iPhone,1,2/27/2019 14:24
156646,Bose SoundSport Headphones,1,2/22/2019 21:34
156647,USB-C Charging Cable,1,2/19/2019 11:47
156648,USB-C Charging Cable,1,2/9/2019 11:55
156649,Lightning Charging Cable,1,2/20/2019 0:13
156650,Apple Airpods Headphones,1,2/3/2019 21:55
156651,27in 4K Gaming Monitor,1,2/2/2019 16:32
156652,AA Batteries (4-pack),1,2/10/2019 9:55
156653,Wired Headphones,1,2/11/2019 15:07
156654,ThinkPad Laptop,1,2/12/2019 8:19
156655,USB-C Charging Cable,1,2/6/2019 19:48
156656,AAA Batteries (4-pack),1,2/16/2019 18:25
156657,34in Ultrawide Monitor,1,2/20/2019 22:31
156658,USB-C Charging Cable,1,2/9/2019 0:18
156659,AA Batteries (4-pack),1,2/12/2019 8:36
156660,AA Batteries (4-pack),1,2/12/2019 13:15
156661,Lightning Charging Cable,1,2/19/2019 11:29
156662,Lightning Charging Cable,1,2/9/2019 14:21
156663,Lightning Charging Cable,1,2/11/2019 21:09
156664,USB-C Charging Cable,1,2/6/2019 14:59
156665,34in Ultrawide Monitor,1,2/9/2019 22:53
156666,Bose SoundSport Headphones,1,2/14/2019 9:40
156667,Apple Airpods Headphones,1,2/28/2019 10:12
156668,AAA Batteries (4-pack),2,2/14/2019 17:44
156669,Apple Airpods Headphones,1,2/16/2019 20:54
156670,USB-C Charging Cable,1,2/19/2019 12:37
156671,AAA Batteries (4-pack),2,2/28/2019 12:17
156672,34in Ultrawide Monitor,1,2/16/2019 19:34
156673,Flatscreen TV,1,2/7/2019 14:23
156674,Lightning Charging Cable,1,2/25/2019 15:26
156675,Lightning Charging Cable,1,2/6/2019 12:36
156676,Wired Headphones,1,2/22/2019 22:53
156677,ThinkPad Laptop,1,2/10/2019 17:44
156678,Bose SoundSport Headphones,1,2/12/2019 17:36
156679,AAA Batteries (4-pack),1,2/28/2019 22:42
156680,Bose SoundSport Headphones,1,2/5/2019 9:37
156681,Vareebadd Phone,1,2/22/2019 18:54
156682,iPhone,1,2/16/2019 10:07
156682,Wired Headphones,1,2/16/2019 10:07
156683,Lightning Charging Cable,1,2/2/2019 13:03
156684,USB-C Charging Cable,1,2/15/2019 19:25
156685,Lightning Charging Cable,1,2/24/2019 17:53
156686,AAA Batteries (4-pack),1,2/7/2019 11:47
156687,AAA Batteries (4-pack),2,2/10/2019 12:27
156688,27in 4K Gaming Monitor,1,2/21/2019 11:44
156689,Wired Headphones,1,2/18/2019 13:03
156690,Wired Headphones,1,2/2/2019 20:57
156691,AA Batteries (4-pack),1,2/26/2019 22:04
156692,AAA Batteries (4-pack),1,2/11/2019 18:57
156693,Google Phone,1,2/26/2019 19:31
156694,27in 4K Gaming Monitor,1,2/28/2019 19:46
156695,Vareebadd Phone,1,2/2/2019 10:06
156696,Wired Headphones,1,2/28/2019 17:36
156697,Lightning Charging Cable,1,2/19/2019 0:44
156698,ThinkPad Laptop,1,2/23/2019 13:01
156699,AA Batteries (4-pack),1,2/7/2019 21:51
156700,27in FHD Monitor,1,2/9/2019 21:26
156701,Macbook Pro Laptop,1,2/27/2019 10:29
156702,27in FHD Monitor,1,2/11/2019 7:37
156703,USB-C Charging Cable,1,2/6/2019 7:49
156704,Apple Airpods Headphones,1,2/16/2019 12:19
156705,AAA Batteries (4-pack),1,2/13/2019 18:36
156706,27in 4K Gaming Monitor,1,2/13/2019 21:12
156707,Lightning Charging Cable,1,2/18/2019 11:35
156708,AAA Batteries (4-pack),2,2/1/2019 23:52
156709,Wired Headphones,2,2/14/2019 9:03
156710,iPhone,1,2/13/2019 10:16
156711,ThinkPad Laptop,1,2/4/2019 19:29
156712,USB-C Charging Cable,1,2/8/2019 12:21
156713,USB-C Charging Cable,1,2/27/2019 15:23
156714,iPhone,1,2/20/2019 22:17
156715,Bose SoundSport Headphones,1,2/1/2019 21:32
156716,USB-C Charging Cable,1,2/4/2019 11:33
156717,AA Batteries (4-pack),1,2/11/2019 20:10
156718,Lightning Charging Cable,1,2/17/2019 5:56
156719,Flatscreen TV,1,2/28/2019 18:25
156720,Bose SoundSport Headphones,1,2/23/2019 23:27
156721,AA Batteries (4-pack),2,2/27/2019 10:50
156722,27in FHD Monitor,1,2/6/2019 11:52
156722,Lightning Charging Cable,1,2/6/2019 11:52
156723,Wired Headphones,1,2/1/2019 16:40
156724,Lightning Charging Cable,1,2/24/2019 7:26
156725,ThinkPad Laptop,1,2/8/2019 22:52
156726,AAA Batteries (4-pack),2,2/15/2019 12:50
156727,Wired Headphones,1,2/17/2019 22:35
156728,Macbook Pro Laptop,1,2/24/2019 20:40
156729,AAA Batteries (4-pack),2,2/15/2019 20:18
156730,Lightning Charging Cable,1,2/1/2019 16:22
156731,Lightning Charging Cable,1,2/23/2019 13:26
156732,AA Batteries (4-pack),1,2/9/2019 13:50
156733,AAA Batteries (4-pack),1,2/17/2019 15:29
156734,AA Batteries (4-pack),1,2/12/2019 13:18
156735,Wired Headphones,1,2/3/2019 7:12
156736,Wired Headphones,1,2/21/2019 20:12
156737,Apple Airpods Headphones,1,2/7/2019 6:17
156738,27in FHD Monitor,1,2/9/2019 22:01
156739,USB-C Charging Cable,1,2/12/2019 22:10
156740,Apple Airpods Headphones,1,2/16/2019 12:09
156741,USB-C Charging Cable,1,2/27/2019 3:52
156742,Apple Airpods Headphones,1,2/19/2019 13:05
156743,iPhone,1,2/18/2019 1:42
156744,USB-C Charging Cable,1,2/18/2019 17:38
156745,ThinkPad Laptop,1,2/18/2019 13:32
156746,AA Batteries (4-pack),1,2/12/2019 21:27
156747,Lightning Charging Cable,1,2/27/2019 1:09
156748,Bose SoundSport Headphones,1,2/26/2019 18:39
156749,34in Ultrawide Monitor,1,2/7/2019 9:25
156750,Google Phone,1,2/25/2019 13:31
156751,Apple Airpods Headphones,1,2/26/2019 23:35
156752,USB-C Charging Cable,2,2/14/2019 11:53
156753,Lightning Charging Cable,1,2/11/2019 12:12
156754,AAA Batteries (4-pack),2,2/24/2019 9:54
156755,Macbook Pro Laptop,1,2/2/2019 19:43
156756,USB-C Charging Cable,2,2/2/2019 13:00
156757,USB-C Charging Cable,1,2/21/2019 16:53
156758,27in FHD Monitor,1,2/15/2019 12:39
156759,Wired Headphones,2,2/4/2019 12:45
156760,Apple Airpods Headphones,1,2/14/2019 10:09
156761,iPhone,1,2/24/2019 11:58
156762,Lightning Charging Cable,1,2/1/2019 16:29
156763,Lightning Charging Cable,1,2/18/2019 19:05
156764,USB-C Charging Cable,1,2/8/2019 12:33
156765,LG Washing Machine,1,2/11/2019 20:49
156766,ThinkPad Laptop,1,2/9/2019 20:14
156767,27in FHD Monitor,1,2/23/2019 15:41
156768,Lightning Charging Cable,1,2/23/2019 10:01
156769,Lightning Charging Cable,1,2/10/2019 15:01
156770,Wired Headphones,1,2/20/2019 11:32
156771,Apple Airpods Headphones,1,2/9/2019 20:32
156772,27in 4K Gaming Monitor,1,2/28/2019 9:43
156773,Flatscreen TV,1,2/26/2019 20:43
156774,AAA Batteries (4-pack),1,2/26/2019 0:32
156775,iPhone,1,2/4/2019 11:53
156776,Wired Headphones,1,2/4/2019 16:01
156777,AAA Batteries (4-pack),1,2/4/2019 14:11
156778,AA Batteries (4-pack),2,2/22/2019 15:00
156779,USB-C Charging Cable,1,2/6/2019 18:27
156780,20in Monitor,1,2/4/2019 12:33
156781,Apple Airpods Headphones,1,2/14/2019 7:41
156782,27in FHD Monitor,1,2/23/2019 15:55
156783,AA Batteries (4-pack),1,2/23/2019 13:36
156784,27in 4K Gaming Monitor,1,2/17/2019 20:56
156785,AA Batteries (4-pack),1,2/15/2019 11:27
156786,AAA Batteries (4-pack),2,2/2/2019 21:40
156787,Wired Headphones,1,2/24/2019 9:31
156788,AA Batteries (4-pack),3,2/19/2019 13:15
156789,iPhone,1,2/26/2019 19:50
156790,Bose SoundSport Headphones,1,2/7/2019 20:50
156791,Wired Headphones,1,2/27/2019 13:57
156792,Wired Headphones,1,2/23/2019 19:31
156793,34in Ultrawide Monitor,1,2/11/2019 19:01
156794,27in FHD Monitor,1,2/17/2019 10:05
156795,Lightning Charging Cable,1,2/16/2019 21:53
156796,AA Batteries (4-pack),1,2/26/2019 19:22
156797,27in 4K Gaming Monitor,1,2/19/2019 11:02
156798,Apple Airpods Headphones,1,2/24/2019 18:50
156799,AAA Batteries (4-pack),2,2/16/2019 3:08
156800,AA Batteries (4-pack),2,2/16/2019 21:28
156801,34in Ultrawide Monitor,1,2/10/2019 18:20
156802,AA Batteries (4-pack),1,2/1/2019 22:20
156803,34in Ultrawide Monitor,1,2/1/2019 20:15
156804,Google Phone,1,2/28/2019 11:47
156805,Wired Headphones,1,2/22/2019 6:39
156806,USB-C Charging Cable,1,2/13/2019 17:11
156807,Apple Airpods Headphones,1,2/3/2019 12:35
156808,ThinkPad Laptop,1,2/6/2019 9:44
156809,Lightning Charging Cable,1,2/14/2019 9:29
156810,USB-C Charging Cable,1,2/3/2019 13:17
156811,Bose SoundSport Headphones,1,2/19/2019 19:36
156812,LG Washing Machine,1,2/13/2019 20:59
156813,USB-C Charging Cable,1,2/21/2019 8:08
156814,27in FHD Monitor,1,2/8/2019 9:54
156815,AA Batteries (4-pack),1,2/1/2019 14:46
156816,Bose SoundSport Headphones,1,2/24/2019 9:14
156817,Apple Airpods Headphones,1,2/25/2019 20:48
156818,Lightning Charging Cable,1,2/24/2019 21:15
156819,Bose SoundSport Headphones,1,2/14/2019 17:25
156820,Wired Headphones,1,2/15/2019 13:11
156821,Wired Headphones,1,2/13/2019 22:47
156822,ThinkPad Laptop,1,2/24/2019 8:29
156823,Apple Airpods Headphones,1,2/15/2019 10:30
156824,Apple Airpods Headphones,1,2/22/2019 16:11
156825,AA Batteries (4-pack),1,2/15/2019 9:01
156826,27in FHD Monitor,1,2/14/2019 20:14
156827,27in 4K Gaming Monitor,1,2/3/2019 8:21
156828,AA Batteries (4-pack),1,2/22/2019 8:11
156829,AAA Batteries (4-pack),2,2/28/2019 11:53
156830,ThinkPad Laptop,1,2/6/2019 12:56
156831,Bose SoundSport Headphones,1,2/11/2019 13:45
156832,Wired Headphones,1,2/9/2019 7:32
156833,Apple Airpods Headphones,1,2/1/2019 7:59
156834,27in FHD Monitor,1,2/1/2019 7:40
156835,27in 4K Gaming Monitor,1,2/19/2019 16:28
156836,AAA Batteries (4-pack),1,2/14/2019 23:15
156837,AA Batteries (4-pack),1,2/10/2019 16:27
156838,USB-C Charging Cable,1,2/6/2019 12:50
156839,AAA Batteries (4-pack),1,2/13/2019 0:40
156840,Wired Headphones,1,2/14/2019 18:09
156841,Wired Headphones,1,2/18/2019 12:11
156842,Apple Airpods Headphones,1,2/14/2019 16:54
156843,USB-C Charging Cable,1,2/1/2019 12:05
156844,Bose SoundSport Headphones,1,2/27/2019 5:34
156845,AAA Batteries (4-pack),1,2/18/2019 21:17
156846,Lightning Charging Cable,1,2/11/2019 7:20
156847,27in 4K Gaming Monitor,1,2/21/2019 6:38
156848,Apple Airpods Headphones,1,2/1/2019 21:56
156849,Bose SoundSport Headphones,1,2/1/2019 16:19
156850,ThinkPad Laptop,1,2/5/2019 18:17
156851,Lightning Charging Cable,1,2/21/2019 20:25
156852,AA Batteries (4-pack),2,2/14/2019 13:37
156853,34in Ultrawide Monitor,1,2/14/2019 22:06
156854,34in Ultrawide Monitor,1,2/3/2019 15:45
156855,AAA Batteries (4-pack),2,2/23/2019 14:02
156856,AAA Batteries (4-pack),2,2/25/2019 12:03
156857,AAA Batteries (4-pack),2,2/26/2019 1:33
156858,Lightning Charging Cable,1,2/17/2019 9:54
156859,USB-C Charging Cable,1,2/11/2019 13:43
156860,ThinkPad Laptop,1,2/8/2019 1:50
156861,AA Batteries (4-pack),1,2/4/2019 19:03
156862,AAA Batteries (4-pack),1,2/20/2019 16:04
156863,Vareebadd Phone,1,2/14/2019 0:41
156863,Wired Headphones,1,2/14/2019 0:41
156864,AA Batteries (4-pack),1,2/27/2019 13:02
156865,AA Batteries (4-pack),1,2/2/2019 19:49
156866,Apple Airpods Headphones,1,2/21/2019 22:58
156867,Lightning Charging Cable,1,2/22/2019 10:04
156868,AA Batteries (4-pack),3,2/25/2019 20:02
156869,Apple Airpods Headphones,1,2/19/2019 20:58
156870,Apple Airpods Headphones,1,2/9/2019 13:16
156871,USB-C Charging Cable,1,2/16/2019 13:38
156872,Apple Airpods Headphones,1,2/15/2019 0:04
156873,USB-C Charging Cable,1,2/23/2019 19:34
156874,Bose SoundSport Headphones,1,2/24/2019 17:01
156875,AA Batteries (4-pack),2,2/6/2019 13:58
156876,27in FHD Monitor,1,2/23/2019 18:04
156877,AA Batteries (4-pack),3,2/10/2019 16:27
156878,34in Ultrawide Monitor,1,2/23/2019 20:29
156879,USB-C Charging Cable,1,2/24/2019 21:06
156880,Bose SoundSport Headphones,1,2/18/2019 19:17
156881,iPhone,1,2/10/2019 23:38
156881,Lightning Charging Cable,1,2/10/2019 23:38
156882,Lightning Charging Cable,1,2/14/2019 9:38
156883,Lightning Charging Cable,1,2/3/2019 7:52
156884,Lightning Charging Cable,1,2/12/2019 7:13
156885,USB-C Charging Cable,1,2/7/2019 17:48
156886,LG Washing Machine,1,2/2/2019 16:36
156887,Lightning Charging Cable,1,2/6/2019 10:46
156888,USB-C Charging Cable,1,2/13/2019 8:55
156889,USB-C Charging Cable,1,2/1/2019 4:25
156890,Apple Airpods Headphones,1,2/8/2019 9:52
156891,USB-C Charging Cable,1,2/7/2019 8:16
156892,34in Ultrawide Monitor,1,2/20/2019 18:09
156893,Apple Airpods Headphones,1,2/21/2019 21:12
156894,Apple Airpods Headphones,1,2/26/2019 14:19
156895,Wired Headphones,1,2/12/2019 14:59
156896,Bose SoundSport Headphones,1,2/16/2019 17:05
156897,AAA Batteries (4-pack),1,2/7/2019 9:21
156897,Lightning Charging Cable,1,2/7/2019 9:21
156898,Wired Headphones,1,2/14/2019 15:39
156898,Lightning Charging Cable,1,2/14/2019 15:39
156899,Flatscreen TV,1,2/23/2019 22:54
156900,Wired Headphones,1,2/28/2019 22:06
156901,20in Monitor,1,2/2/2019 16:34
156902,AA Batteries (4-pack),1,2/28/2019 14:35
156903,USB-C Charging Cable,1,2/10/2019 10:59
156904,iPhone,1,2/13/2019 20:43
156904,Apple Airpods Headphones,1,2/13/2019 20:43
156905,Wired Headphones,1,2/5/2019 11:18
156906,Wired Headphones,1,2/4/2019 9:08
156907,ThinkPad Laptop,1,2/22/2019 22:48
156908,34in Ultrawide Monitor,1,2/28/2019 10:41
156909,AAA Batteries (4-pack),1,2/10/2019 13:24
156909,Wired Headphones,1,2/10/2019 13:24
156910,34in Ultrawide Monitor,1,2/10/2019 14:45
156911,Apple Airpods Headphones,1,2/19/2019 9:06
156912,27in FHD Monitor,1,2/9/2019 0:01
156913,34in Ultrawide Monitor,1,2/27/2019 16:54
156914,AA Batteries (4-pack),1,2/21/2019 20:29
156914,USB-C Charging Cable,1,2/21/2019 20:29
156915,ThinkPad Laptop,1,2/21/2019 17:29
156916,Lightning Charging Cable,1,2/8/2019 12:14
156917,27in FHD Monitor,1,2/11/2019 21:16
156918,Wired Headphones,1,2/11/2019 19:00
156919,AAA Batteries (4-pack),1,2/19/2019 17:03
156920,USB-C Charging Cable,1,2/26/2019 16:37
156921,Lightning Charging Cable,1,2/22/2019 13:12
156922,USB-C Charging Cable,1,2/14/2019 20:36
156923,Wired Headphones,1,2/11/2019 10:11
156924,Apple Airpods Headphones,1,2/4/2019 1:37
156925,Wired Headphones,1,2/25/2019 17:18
156926,AA Batteries (4-pack),1,2/13/2019 10:11
156927,AAA Batteries (4-pack),2,2/6/2019 12:23
156928,Lightning Charging Cable,1,2/21/2019 10:19
156929,Apple Airpods Headphones,1,2/20/2019 21:55
156930,USB-C Charging Cable,1,2/13/2019 9:10
156931,AAA Batteries (4-pack),1,2/10/2019 14:28
156932,Google Phone,1,2/26/2019 5:45
156932,USB-C Charging Cable,1,2/26/2019 5:45
156933,iPhone,1,2/26/2019 20:56
156934,Wired Headphones,1,2/21/2019 20:32
156935,AA Batteries (4-pack),1,2/4/2019 19:48
156936,USB-C Charging Cable,1,2/12/2019 19:12
156937,AA Batteries (4-pack),1,2/25/2019 16:18
156938,Google Phone,1,2/5/2019 16:59
156939,Bose SoundSport Headphones,1,2/13/2019 16:48
156940,20in Monitor,1,2/9/2019 21:03
156941,USB-C Charging Cable,1,2/6/2019 11:12
156942,AA Batteries (4-pack),1,2/21/2019 8:03
156943,Wired Headphones,1,2/16/2019 20:54
156944,AAA Batteries (4-pack),3,2/10/2019 14:53
156945,Apple Airpods Headphones,1,2/22/2019 12:19
156946,Google Phone,1,2/11/2019 17:15
156947,Lightning Charging Cable,1,2/28/2019 13:22
156948,Apple Airpods Headphones,1,2/3/2019 15:45
156949,Wired Headphones,1,2/6/2019 10:41
156950,Google Phone,1,2/4/2019 8:33
156950,Wired Headphones,1,2/4/2019 8:33
156951,USB-C Charging Cable,2,2/15/2019 18:58
156952,Wired Headphones,1,2/14/2019 16:27
156953,iPhone,1,2/15/2019 2:36
156954,AAA Batteries (4-pack),1,2/13/2019 13:13
156955,AAA Batteries (4-pack),1,2/25/2019 21:30
156956,iPhone,1,2/12/2019 9:52
156956,Apple Airpods Headphones,1,2/12/2019 9:52
156957,Lightning Charging Cable,1,2/11/2019 17:07
156958,Google Phone,1,2/19/2019 18:56
156959,USB-C Charging Cable,1,2/27/2019 17:49
156960,Macbook Pro Laptop,1,2/2/2019 8:19
156961,Lightning Charging Cable,1,2/15/2019 11:12
156962,AA Batteries (4-pack),1,2/4/2019 11:29
156963,iPhone,1,2/1/2019 14:32
156964,Wired Headphones,1,2/7/2019 0:46
156965,Bose SoundSport Headphones,1,2/24/2019 21:09
156966,iPhone,1,2/16/2019 22:47
156967,Lightning Charging Cable,1,2/24/2019 22:46
156968,USB-C Charging Cable,1,2/8/2019 17:38
156969,Bose SoundSport Headphones,1,2/4/2019 18:42
156970,AAA Batteries (4-pack),1,2/27/2019 18:49
156971,AA Batteries (4-pack),1,2/11/2019 16:46
156972,Lightning Charging Cable,1,2/1/2019 20:04
156973,LG Dryer,1,2/25/2019 14:18
156974,AAA Batteries (4-pack),1,2/28/2019 19:26
156975,27in 4K Gaming Monitor,1,2/18/2019 16:14
156976,AA Batteries (4-pack),1,2/8/2019 0:52
156977,AA Batteries (4-pack),2,2/14/2019 16:50
156978,USB-C Charging Cable,1,2/11/2019 16:15
156979,Apple Airpods Headphones,1,2/7/2019 19:10
156980,Apple Airpods Headphones,1,2/15/2019 17:31
156981,iPhone,1,2/19/2019 12:07
156981,Lightning Charging Cable,1,2/19/2019 12:07
156982,Apple Airpods Headphones,1,2/11/2019 14:33
156983,USB-C Charging Cable,1,2/13/2019 19:35
156984,Wired Headphones,1,2/25/2019 4:38
156985,USB-C Charging Cable,2,2/10/2019 17:51
156986,Wired Headphones,1,2/24/2019 18:49
156987,Google Phone,1,2/11/2019 19:05
156988,AA Batteries (4-pack),1,2/17/2019 20:28
156989,AAA Batteries (4-pack),2,2/25/2019 18:03
156990,Wired Headphones,1,2/8/2019 15:31
156991,Lightning Charging Cable,1,2/12/2019 22:55
156992,Google Phone,1,2/27/2019 13:01
156992,Bose SoundSport Headphones,1,2/27/2019 13:01
156993,Apple Airpods Headphones,1,2/16/2019 13:35
156994,Lightning Charging Cable,2,2/21/2019 20:39
156995,LG Washing Machine,1,2/20/2019 19:47
156996,27in FHD Monitor,1,2/21/2019 10:10
156997,Apple Airpods Headphones,1,2/21/2019 10:32
156998,Google Phone,1,2/12/2019 15:23
156998,Wired Headphones,1,2/12/2019 15:23
156999,USB-C Charging Cable,1,2/22/2019 20:18
157000,ThinkPad Laptop,1,2/21/2019 12:35
157001,AAA Batteries (4-pack),1,2/4/2019 8:16
157002,Bose SoundSport Headphones,1,2/8/2019 19:08
157002,USB-C Charging Cable,1,2/8/2019 19:08
157003,34in Ultrawide Monitor,1,2/22/2019 17:49
157004,AAA Batteries (4-pack),1,2/14/2019 20:26
157005,Lightning Charging Cable,1,2/12/2019 19:39
157006,iPhone,1,2/3/2019 0:10
157007,Bose SoundSport Headphones,1,2/3/2019 16:51
157008,iPhone,1,2/19/2019 11:19
157008,USB-C Charging Cable,1,2/19/2019 11:19
157009,AA Batteries (4-pack),2,2/7/2019 16:48
157010,AA Batteries (4-pack),1,2/8/2019 22:21
157011,Vareebadd Phone,1,2/18/2019 11:32
157012,USB-C Charging Cable,1,2/22/2019 18:09
157013,USB-C Charging Cable,1,2/13/2019 12:07
157014,Flatscreen TV,1,2/5/2019 19:08
157015,AAA Batteries (4-pack),1,2/5/2019 9:51
157016,Bose SoundSport Headphones,1,2/15/2019 12:09
157017,Bose SoundSport Headphones,1,2/9/2019 7:51
157018,Lightning Charging Cable,1,2/22/2019 3:31
157019,USB-C Charging Cable,1,2/7/2019 20:38
157020,AAA Batteries (4-pack),3,2/19/2019 9:26
157021,Google Phone,1,2/14/2019 15:52
157022,USB-C Charging Cable,1,2/20/2019 17:05
157023,27in FHD Monitor,1,2/17/2019 19:39
157024,Lightning Charging Cable,1,2/7/2019 19:50
157025,AA Batteries (4-pack),2,2/23/2019 19:51
,,,
157026,Bose SoundSport Headphones,1,2/5/2019 8:58
157027,AAA Batteries (4-pack),1,2/22/2019 11:01
157028,AAA Batteries (4-pack),1,2/5/2019 19:43
157029,Wired Headphones,2,2/20/2019 22:40
157030,Bose SoundSport Headphones,1,2/10/2019 8:16
157031,Wired Headphones,1,2/10/2019 10:40
157032,Bose SoundSport Headphones,1,2/3/2019 17:49
157033,LG Washing Machine,1,2/17/2019 14:08
157034,Bose SoundSport Headphones,1,2/24/2019 5:27
157035,27in FHD Monitor,1,2/22/2019 13:56
157036,34in Ultrawide Monitor,1,2/17/2019 20:07
157037,AAA Batteries (4-pack),1,2/28/2019 18:27
157038,USB-C Charging Cable,1,2/2/2019 19:29
157039,27in 4K Gaming Monitor,1,2/7/2019 17:23
157040,USB-C Charging Cable,1,2/19/2019 13:10
157041,27in FHD Monitor,1,2/16/2019 9:07
157042,Lightning Charging Cable,1,2/1/2019 12:40
157043,USB-C Charging Cable,1,2/23/2019 19:26
157044,Bose SoundSport Headphones,1,2/21/2019 18:43
157045,27in FHD Monitor,1,2/27/2019 14:37
157046,27in FHD Monitor,1,2/26/2019 23:30
157047,Lightning Charging Cable,1,2/15/2019 4:11
157048,Wired Headphones,1,2/2/2019 20:15
157049,Bose SoundSport Headphones,1,2/21/2019 4:26
157050,Bose SoundSport Headphones,1,2/13/2019 17:19
157051,Apple Airpods Headphones,1,2/9/2019 16:08
157052,Lightning Charging Cable,1,2/18/2019 6:47
157053,AAA Batteries (4-pack),2,2/5/2019 15:42
157054,AA Batteries (4-pack),2,2/18/2019 10:17
157055,27in FHD Monitor,1,2/28/2019 13:03
157056,Lightning Charging Cable,1,2/17/2019 11:05
157057,AAA Batteries (4-pack),1,2/19/2019 7:26
157058,Macbook Pro Laptop,1,2/18/2019 10:44
157059,Bose SoundSport Headphones,1,2/24/2019 5:35
157060,AAA Batteries (4-pack),2,2/28/2019 13:25
157061,AAA Batteries (4-pack),1,2/14/2019 8:12
157062,USB-C Charging Cable,1,2/23/2019 18:47
157063,Macbook Pro Laptop,1,2/15/2019 17:21
157064,Bose SoundSport Headphones,1,2/8/2019 17:44
157065,AA Batteries (4-pack),1,2/20/2019 12:41
157066,27in FHD Monitor,1,2/1/2019 9:43
157067,Flatscreen TV,1,2/1/2019 17:19
157068,Lightning Charging Cable,1,2/18/2019 12:27
157069,USB-C Charging Cable,1,2/11/2019 8:16
157070,20in Monitor,1,2/17/2019 11:35
157071,20in Monitor,1,2/27/2019 11:09
157072,Vareebadd Phone,1,2/7/2019 14:54
157072,USB-C Charging Cable,1,2/7/2019 14:54
157072,Wired Headphones,1,2/7/2019 14:54
157073,Bose SoundSport Headphones,1,2/7/2019 22:12
157074,Wired Headphones,1,2/13/2019 16:33
157075,Flatscreen TV,1,2/17/2019 11:05
157076,Apple Airpods Headphones,1,2/17/2019 14:00
157077,20in Monitor,1,2/11/2019 7:33
157078,iPhone,1,2/21/2019 5:33
157079,AAA Batteries (4-pack),4,2/11/2019 13:21
157080,Bose SoundSport Headphones,1,2/13/2019 18:12
157081,27in FHD Monitor,1,2/19/2019 22:34
157082,USB-C Charging Cable,1,2/27/2019 21:12
157083,iPhone,1,2/25/2019 18:24
157084,AAA Batteries (4-pack),3,2/25/2019 13:30
157085,Apple Airpods Headphones,1,2/27/2019 12:43
157086,Apple Airpods Headphones,1,2/23/2019 5:49
157087,Wired Headphones,1,2/26/2019 16:06
,,,
157088,USB-C Charging Cable,2,2/20/2019 1:40
157089,27in FHD Monitor,1,2/26/2019 18:29
157090,AAA Batteries (4-pack),2,2/20/2019 18:35
157091,Apple Airpods Headphones,1,2/27/2019 7:22
157092,Apple Airpods Headphones,1,2/26/2019 20:59
157093,27in FHD Monitor,1,2/16/2019 22:47
157094,Lightning Charging Cable,1,2/5/2019 16:38
157095,Lightning Charging Cable,1,2/2/2019 18:06
157096,USB-C Charging Cable,1,2/12/2019 21:50
157097,Lightning Charging Cable,1,2/17/2019 10:30
157098,Macbook Pro Laptop,1,2/2/2019 23:20
157099,Google Phone,1,2/1/2019 16:27
157099,USB-C Charging Cable,1,2/1/2019 16:27
157100,Macbook Pro Laptop,1,2/6/2019 21:37
157101,27in FHD Monitor,1,2/3/2019 15:48
157102,Google Phone,1,2/12/2019 23:14
157102,USB-C Charging Cable,1,2/12/2019 23:14
157103,AAA Batteries (4-pack),1,2/18/2019 7:28
157104,ThinkPad Laptop,1,2/9/2019 22:06
157105,Lightning Charging Cable,1,2/23/2019 14:12
157106,Wired Headphones,1,2/16/2019 17:13
157107,USB-C Charging Cable,1,2/14/2019 8:46
157108,Wired Headphones,2,2/2/2019 9:32
157109,Wired Headphones,1,2/6/2019 12:20
157110,Lightning Charging Cable,1,2/2/2019 13:37
157111,Apple Airpods Headphones,1,2/6/2019 16:30
157112,Bose SoundSport Headphones,1,2/17/2019 17:23
157113,AA Batteries (4-pack),1,2/14/2019 21:24
157114,Lightning Charging Cable,1,2/27/2019 18:27
157115,iPhone,1,2/14/2019 18:46
157115,Lightning Charging Cable,1,2/14/2019 18:46
157115,Apple Airpods Headphones,1,2/14/2019 18:46
157116,AA Batteries (4-pack),3,2/22/2019 14:16
157117,Apple Airpods Headphones,1,2/22/2019 21:55
157118,AAA Batteries (4-pack),1,2/18/2019 13:52
157119,Bose SoundSport Headphones,1,2/2/2019 11:06
157120,Bose SoundSport Headphones,1,2/9/2019 16:03
157121,AAA Batteries (4-pack),1,2/6/2019 19:52
157122,Bose SoundSport Headphones,2,2/18/2019 19:28
157123,Wired Headphones,1,2/8/2019 13:53
157124,AAA Batteries (4-pack),2,2/10/2019 13:04
157125,Lightning Charging Cable,1,2/2/2019 19:43
157126,Lightning Charging Cable,1,2/17/2019 21:39
157127,Flatscreen TV,1,2/1/2019 11:35
157128,iPhone,1,2/15/2019 7:25
157129,Wired Headphones,1,2/3/2019 8:04
157130,AA Batteries (4-pack),1,2/27/2019 17:55
157131,AA Batteries (4-pack),4,2/9/2019 12:32
157132,Lightning Charging Cable,1,2/14/2019 14:29
Order ID,Product,Quantity Ordered,Order Date
157133,USB-C Charging Cable,1,2/27/2019 15:31
157134,Lightning Charging Cable,1,2/10/2019 23:06
157135,AAA Batteries (4-pack),1,2/12/2019 9:38
157136,AAA Batteries (4-pack),2,2/27/2019 14:51
157137,USB-C Charging Cable,1,2/25/2019 15:20
157138,Apple Airpods Headphones,2,2/18/2019 11:53
157139,Vareebadd Phone,1,2/20/2019 13:18
157140,Wired Headphones,1,2/16/2019 20:16
157141,AAA Batteries (4-pack),1,2/13/2019 16:30
157142,20in Monitor,1,2/22/2019 14:26
157143,27in 4K Gaming Monitor,1,2/12/2019 9:27
157144,ThinkPad Laptop,1,2/27/2019 13:39
157145,AAA Batteries (4-pack),2,2/8/2019 11:11
157146,AA Batteries (4-pack),1,2/3/2019 13:04
157147,Bose SoundSport Headphones,1,2/21/2019 16:11
157148,AAA Batteries (4-pack),1,2/10/2019 10:01
157149,iPhone,1,2/26/2019 18:41
157150,Apple Airpods Headphones,1,2/20/2019 13:48
157151,AAA Batteries (4-pack),1,2/10/2019 13:08
157152,USB-C Charging Cable,1,2/28/2019 15:30
157153,ThinkPad Laptop,1,2/27/2019 12:46
157154,27in 4K Gaming Monitor,1,2/25/2019 11:53
157155,AA Batteries (4-pack),3,2/23/2019 11:53
157156,Lightning Charging Cable,1,2/12/2019 17:53
157157,Flatscreen TV,1,2/15/2019 22:03
157158,Wired Headphones,1,2/9/2019 12:21
157159,AA Batteries (4-pack),1,2/10/2019 12:40
157160,Macbook Pro Laptop,1,2/22/2019 11:42
157161,AA Batteries (4-pack),1,2/24/2019 20:07
157162,AA Batteries (4-pack),1,2/5/2019 12:47
157163,AAA Batteries (4-pack),1,2/7/2019 19:23
157164,Wired Headphones,1,2/9/2019 11:00
157165,Wired Headphones,1,2/5/2019 11:21
157166,AA Batteries (4-pack),3,2/19/2019 9:48
157167,Lightning Charging Cable,1,2/6/2019 12:29
157168,AAA Batteries (4-pack),3,2/14/2019 0:34
157169,27in 4K Gaming Monitor,1,2/18/2019 4:48
157170,AAA Batteries (4-pack),1,2/2/2019 13:09
157171,AA Batteries (4-pack),1,2/5/2019 11:20
157172,Lightning Charging Cable,1,2/24/2019 20:18
157173,Google Phone,1,2/12/2019 19:20
157174,Wired Headphones,1,2/19/2019 17:05
157175,AA Batteries (4-pack),1,2/24/2019 13:12
157176,AAA Batteries (4-pack),1,2/11/2019 16:30
157177,LG Dryer,1,2/12/2019 11:06
157178,Bose SoundSport Headphones,1,2/15/2019 12:48
157179,Apple Airpods Headphones,1,2/10/2019 8:57
157180,iPhone,1,2/23/2019 18:54
157181,27in 4K Gaming Monitor,1,2/4/2019 21:09
157182,27in 4K Gaming Monitor,1,2/24/2019 10:40
157183,Lightning Charging Cable,1,2/16/2019 19:31
157184,AA Batteries (4-pack),1,2/9/2019 15:57
157185,AAA Batteries (4-pack),1,2/28/2019 17:55
157186,Wired Headphones,1,2/24/2019 20:35
157187,AA Batteries (4-pack),1,2/24/2019 15:11
157188,USB-C Charging Cable,1,2/1/2019 12:35
157189,Flatscreen TV,1,2/23/2019 18:44
157190,Wired Headphones,1,2/5/2019 13:31
157190,27in 4K Gaming Monitor,1,2/5/2019 13:31
157191,AAA Batteries (4-pack),1,2/1/2019 10:28
157192,20in Monitor,1,2/2/2019 8:02
157193,AAA Batteries (4-pack),4,2/2/2019 20:37
157194,Bose SoundSport Headphones,1,2/18/2019 18:00
157195,20in Monitor,1,2/25/2019 12:46
157196,Wired Headphones,1,2/17/2019 7:03
157197,Apple Airpods Headphones,1,2/8/2019 10:23
157198,Apple Airpods Headphones,1,2/14/2019 18:44
157199,AA Batteries (4-pack),1,2/12/2019 17:16
157200,Lightning Charging Cable,1,2/23/2019 20:12
157201,Vareebadd Phone,1,2/20/2019 11:36
157202,AAA Batteries (4-pack),3,2/19/2019 20:27
157203,AAA Batteries (4-pack),2,2/22/2019 17:29
157204,AAA Batteries (4-pack),2,2/21/2019 13:19
157204,Macbook Pro Laptop,1,2/21/2019 13:19
157205,Wired Headphones,1,2/28/2019 21:48
157206,AA Batteries (4-pack),1,2/19/2019 11:34
157207,Macbook Pro Laptop,1,2/17/2019 19:01
157208,iPhone,1,2/15/2019 19:52
157208,Wired Headphones,1,2/15/2019 19:52
157209,Lightning Charging Cable,1,2/23/2019 10:14
157210,20in Monitor,1,2/23/2019 17:04
157211,Bose SoundSport Headphones,1,2/22/2019 11:40
157212,Flatscreen TV,1,2/28/2019 21:42
157213,27in 4K Gaming Monitor,1,2/12/2019 23:42
157214,USB-C Charging Cable,1,2/28/2019 20:13
157215,34in Ultrawide Monitor,1,2/3/2019 21:55
157216,AA Batteries (4-pack),1,2/17/2019 18:27
157217,Lightning Charging Cable,1,2/23/2019 22:17
157218,34in Ultrawide Monitor,1,2/7/2019 13:42
157219,AAA Batteries (4-pack),1,2/7/2019 12:32
157220,27in 4K Gaming Monitor,1,2/6/2019 12:37
157221,AA Batteries (4-pack),1,2/14/2019 10:18
157222,Google Phone,1,2/9/2019 18:41
157223,USB-C Charging Cable,1,2/8/2019 13:24
157224,USB-C Charging Cable,1,2/19/2019 20:50
157225,USB-C Charging Cable,1,2/15/2019 14:20
157226,Bose SoundSport Headphones,1,2/17/2019 11:15
157227,Macbook Pro Laptop,1,2/25/2019 15:34
157228,Lightning Charging Cable,1,2/5/2019 11:24
157229,27in 4K Gaming Monitor,1,2/7/2019 20:38
157230,Bose SoundSport Headphones,1,2/19/2019 20:56
157231,iPhone,1,2/18/2019 11:50
157232,Apple Airpods Headphones,1,2/12/2019 8:18
157233,USB-C Charging Cable,1,2/28/2019 11:25
157234,AAA Batteries (4-pack),1,2/19/2019 16:16
157235,Bose SoundSport Headphones,1,2/20/2019 16:27
157236,27in 4K Gaming Monitor,1,2/19/2019 12:18
157237,AA Batteries (4-pack),1,2/7/2019 16:29
157238,Macbook Pro Laptop,1,2/10/2019 19:59
157238,Wired Headphones,1,2/10/2019 19:59
157239,AA Batteries (4-pack),1,2/5/2019 18:54
157240,Wired Headphones,1,2/16/2019 10:42
157241,AAA Batteries (4-pack),1,2/18/2019 19:50
157242,AAA Batteries (4-pack),2,2/4/2019 14:19
157243,34in Ultrawide Monitor,1,2/26/2019 23:42
157244,20in Monitor,1,2/7/2019 21:09
157245,Flatscreen TV,1,2/18/2019 13:50
157246,Bose SoundSport Headphones,1,2/10/2019 16:46
157247,AA Batteries (4-pack),1,2/14/2019 9:06
157248,Bose SoundSport Headphones,1,2/1/2019 17:23
157249,USB-C Charging Cable,2,2/16/2019 6:19
157250,Apple Airpods Headphones,1,2/17/2019 14:12
157251,Vareebadd Phone,1,2/14/2019 14:20
157251,Wired Headphones,1,2/14/2019 14:20
157252,Lightning Charging Cable,1,2/9/2019 19:36
157253,AAA Batteries (4-pack),2,2/15/2019 11:51
157254,ThinkPad Laptop,1,2/15/2019 17:11
157255,Lightning Charging Cable,1,2/28/2019 13:22
157255,USB-C Charging Cable,1,2/28/2019 13:22
157256,AAA Batteries (4-pack),1,2/15/2019 7:44
157257,AA Batteries (4-pack),1,2/7/2019 21:56
157258,Wired Headphones,1,2/16/2019 16:50
157259,Lightning Charging Cable,1,2/2/2019 17:05
157260,Lightning Charging Cable,1,2/8/2019 13:25
157261,Apple Airpods Headphones,1,2/27/2019 17:00
157262,Google Phone,1,2/20/2019 20:08
157263,Flatscreen TV,1,2/20/2019 18:11
157264,AAA Batteries (4-pack),2,2/19/2019 17:15
157265,AA Batteries (4-pack),1,2/5/2019 18:23
157266,Wired Headphones,1,2/7/2019 14:16
157267,Flatscreen TV,1,2/6/2019 0:17
157268,USB-C Charging Cable,1,2/8/2019 14:52
157269,Lightning Charging Cable,1,2/2/2019 10:13
157270,Bose SoundSport Headphones,1,2/4/2019 10:43
157271,34in Ultrawide Monitor,1,2/1/2019 14:08
157272,iPhone,1,2/22/2019 14:38
157273,Lightning Charging Cable,1,2/18/2019 18:35
157274,Apple Airpods Headphones,1,2/13/2019 8:34
157275,34in Ultrawide Monitor,1,2/27/2019 19:00
157276,ThinkPad Laptop,1,2/21/2019 6:31
157277,Wired Headphones,1,2/4/2019 14:10
157278,Lightning Charging Cable,1,2/14/2019 21:43
157279,AA Batteries (4-pack),2,2/9/2019 19:29
157280,Lightning Charging Cable,1,2/4/2019 10:11
157281,Google Phone,1,2/12/2019 18:59
157281,USB-C Charging Cable,1,2/12/2019 18:59
157282,27in FHD Monitor,1,2/3/2019 16:11
157283,iPhone,1,2/24/2019 0:52
157284,Apple Airpods Headphones,1,2/12/2019 20:26
157285,Wired Headphones,1,2/12/2019 13:34
157286,iPhone,1,2/11/2019 15:10
157286,Apple Airpods Headphones,1,2/11/2019 15:10
157287,Wired Headphones,1,2/15/2019 13:33
157288,Wired Headphones,1,2/5/2019 21:25
157289,27in FHD Monitor,1,2/19/2019 13:14
157290,27in FHD Monitor,1,2/16/2019 21:37
157291,Wired Headphones,2,2/17/2019 8:53
157292,USB-C Charging Cable,1,2/16/2019 15:04
157293,Wired Headphones,1,2/16/2019 0:49
157294,Google Phone,1,2/28/2019 13:01
157295,AA Batteries (4-pack),3,2/8/2019 16:27
157296,USB-C Charging Cable,1,2/23/2019 22:46
157297,Flatscreen TV,1,2/23/2019 15:33
157298,27in 4K Gaming Monitor,1,2/20/2019 14:18
157299,Wired Headphones,1,2/24/2019 22:41
157300,34in Ultrawide Monitor,1,2/19/2019 18:45
157300,Lightning Charging Cable,1,2/19/2019 18:45
157301,USB-C Charging Cable,1,2/9/2019 21:49
157302,Flatscreen TV,1,2/5/2019 22:12
157303,AAA Batteries (4-pack),1,2/19/2019 20:45
157304,Lightning Charging Cable,1,2/10/2019 21:44
157305,AA Batteries (4-pack),1,2/17/2019 18:50
157306,Lightning Charging Cable,1,2/16/2019 22:34
157307,USB-C Charging Cable,1,2/25/2019 21:21
157308,AAA Batteries (4-pack),2,2/20/2019 18:48
157309,AA Batteries (4-pack),1,2/1/2019 17:57
157310,USB-C Charging Cable,1,2/22/2019 19:25
157311,34in Ultrawide Monitor,1,2/13/2019 10:20
157312,Google Phone,1,2/21/2019 21:42
157313,iPhone,1,2/21/2019 17:41
157314,USB-C Charging Cable,1,2/9/2019 19:43
157315,AAA Batteries (4-pack),3,2/3/2019 23:41
157316,Google Phone,1,2/26/2019 17:45
157316,USB-C Charging Cable,1,2/26/2019 17:45
157317,iPhone,1,2/16/2019 18:57
157318,AA Batteries (4-pack),1,2/4/2019 18:04
157319,AA Batteries (4-pack),1,2/11/2019 22:55
157320,34in Ultrawide Monitor,1,2/12/2019 18:18
157321,27in FHD Monitor,1,2/12/2019 16:18
157322,Bose SoundSport Headphones,1,2/22/2019 10:51
157323,Vareebadd Phone,1,2/8/2019 17:59
157324,Lightning Charging Cable,1,2/24/2019 9:38
157325,USB-C Charging Cable,1,2/9/2019 20:28
157326,AAA Batteries (4-pack),2,2/13/2019 20:10
157327,USB-C Charging Cable,1,2/2/2019 15:48
157328,Google Phone,1,2/25/2019 19:01
157329,AA Batteries (4-pack),1,2/20/2019 14:12
157330,Bose SoundSport Headphones,1,2/26/2019 18:56
157331,AA Batteries (4-pack),1,2/11/2019 14:26
157332,Lightning Charging Cable,1,2/23/2019 0:51
157333,AAA Batteries (4-pack),2,2/28/2019 15:07
157334,Google Phone,1,2/27/2019 12:52
157334,Wired Headphones,1,2/27/2019 12:52
157335,AAA Batteries (4-pack),3,2/4/2019 16:38
157336,27in FHD Monitor,1,2/13/2019 15:11
157337,USB-C Charging Cable,2,2/23/2019 8:01
157338,ThinkPad Laptop,1,2/8/2019 10:29
157339,Apple Airpods Headphones,1,2/10/2019 20:02
157340,Wired Headphones,3,2/28/2019 16:52
157341,Lightning Charging Cable,2,2/24/2019 11:05
157342,Vareebadd Phone,1,2/18/2019 19:43
157342,USB-C Charging Cable,1,2/18/2019 19:43
157343,AAA Batteries (4-pack),1,2/27/2019 16:53
157344,Vareebadd Phone,1,2/20/2019 17:14
157344,USB-C Charging Cable,1,2/20/2019 17:14
157344,Wired Headphones,1,2/20/2019 17:14
157345,Google Phone,1,2/8/2019 17:38
157346,Bose SoundSport Headphones,1,2/7/2019 16:43
157347,27in FHD Monitor,1,2/18/2019 12:43
157348,Apple Airpods Headphones,1,2/25/2019 20:06
157349,AA Batteries (4-pack),1,2/19/2019 14:19
157350,27in 4K Gaming Monitor,1,2/3/2019 9:08
157351,AA Batteries (4-pack),1,2/6/2019 15:35
157352,AA Batteries (4-pack),1,2/22/2019 21:36
157353,Bose SoundSport Headphones,1,2/12/2019 14:02
157354,AA Batteries (4-pack),1,2/6/2019 14:52
157355,iPhone,1,2/25/2019 10:20
157356,USB-C Charging Cable,1,2/21/2019 19:49
157357,AA Batteries (4-pack),1,2/1/2019 10:12
157358,USB-C Charging Cable,1,2/10/2019 17:04
157359,27in FHD Monitor,1,2/23/2019 22:38
157360,20in Monitor,1,2/14/2019 12:34
157361,Bose SoundSport Headphones,1,2/19/2019 16:27
157362,Apple Airpods Headphones,1,2/6/2019 17:32
157363,27in FHD Monitor,1,2/24/2019 6:55
157364,Apple Airpods Headphones,1,2/3/2019 17:25
157365,LG Dryer,1,2/8/2019 19:27
157366,27in FHD Monitor,1,2/15/2019 16:45
157367,USB-C Charging Cable,1,2/1/2019 21:58
157368,Lightning Charging Cable,1,2/27/2019 21:57
157368,USB-C Charging Cable,1,2/27/2019 21:57
157369,USB-C Charging Cable,1,2/3/2019 20:15
157370,Lightning Charging Cable,2,2/17/2019 13:32
157370,Wired Headphones,1,2/17/2019 13:32
157371,27in 4K Gaming Monitor,1,2/11/2019 18:49
157372,AAA Batteries (4-pack),1,2/12/2019 18:58
157373,27in FHD Monitor,1,2/4/2019 20:39
157374,Google Phone,1,2/10/2019 14:17
157375,USB-C Charging Cable,1,2/7/2019 21:36
157376,Bose SoundSport Headphones,1,2/3/2019 18:59
157377,Bose SoundSport Headphones,1,2/9/2019 21:28
157378,AAA Batteries (4-pack),1,2/4/2019 16:44
157379,Wired Headphones,1,2/11/2019 16:46
157380,Bose SoundSport Headphones,1,2/5/2019 9:55
157381,USB-C Charging Cable,1,2/5/2019 21:24
157382,AAA Batteries (4-pack),1,2/2/2019 20:19
157383,Wired Headphones,2,2/26/2019 20:02
157384,34in Ultrawide Monitor,1,2/20/2019 19:13
157385,Lightning Charging Cable,1,2/13/2019 14:00
157386,Macbook Pro Laptop,1,2/8/2019 19:15
157387,AAA Batteries (4-pack),1,2/24/2019 22:29
157388,USB-C Charging Cable,1,2/10/2019 23:55
157389,Flatscreen TV,1,2/1/2019 16:32
157390,Wired Headphones,2,2/26/2019 19:20
157391,iPhone,1,2/17/2019 6:10
157392,LG Washing Machine,1,2/28/2019 18:14
157393,Wired Headphones,1,2/16/2019 22:50
157394,27in 4K Gaming Monitor,1,2/13/2019 12:27
157395,AA Batteries (4-pack),1,2/19/2019 15:06
157396,Google Phone,1,2/17/2019 16:33
157396,USB-C Charging Cable,1,2/17/2019 16:33
157397,iPhone,1,2/16/2019 10:59
157398,AAA Batteries (4-pack),2,2/24/2019 15:29
157399,iPhone,1,2/12/2019 9:58
157399,Wired Headphones,2,2/12/2019 9:58
157400,Apple Airpods Headphones,1,2/2/2019 16:02
157401,Wired Headphones,1,2/1/2019 10:17
157402,Lightning Charging Cable,1,2/2/2019 11:55
157403,AAA Batteries (4-pack),1,2/25/2019 19:29
157404,AAA Batteries (4-pack),4,2/24/2019 11:35
157405,iPhone,1,2/2/2019 10:21
157406,Lightning Charging Cable,1,2/8/2019 12:43
157407,Wired Headphones,1,2/6/2019 9:52
157408,34in Ultrawide Monitor,1,2/2/2019 12:48
157409,AAA Batteries (4-pack),1,2/10/2019 16:06
157410,AAA Batteries (4-pack),4,2/7/2019 20:32
157411,AA Batteries (4-pack),1,2/19/2019 18:47
157412,AAA Batteries (4-pack),1,2/3/2019 13:25
157413,AAA Batteries (4-pack),3,2/27/2019 10:16
157414,USB-C Charging Cable,1,2/5/2019 20:52
157415,Apple Airpods Headphones,1,2/19/2019 20:10
157416,USB-C Charging Cable,1,2/4/2019 19:54
157417,AAA Batteries (4-pack),5,2/13/2019 12:34
157418,AA Batteries (4-pack),1,2/5/2019 16:58
157418,Apple Airpods Headphones,1,2/5/2019 16:58
157419,iPhone,1,2/22/2019 17:43
157420,Lightning Charging Cable,1,2/20/2019 21:25
157421,Lightning Charging Cable,2,2/7/2019 19:36
157422,Lightning Charging Cable,1,2/9/2019 14:39
157423,Flatscreen TV,1,2/22/2019 14:30
157424,Lightning Charging Cable,2,2/11/2019 14:15
157425,iPhone,1,2/5/2019 13:25
157425,Wired Headphones,1,2/5/2019 13:25
157426,20in Monitor,1,2/27/2019 12:19
157427,iPhone,1,2/13/2019 12:28
157427,Wired Headphones,1,2/13/2019 12:28
157428,Lightning Charging Cable,1,2/10/2019 23:40
157429,Lightning Charging Cable,1,2/12/2019 15:43
157430,Bose SoundSport Headphones,1,2/11/2019 18:15
157431,27in FHD Monitor,1,2/12/2019 8:41
157432,USB-C Charging Cable,1,2/16/2019 15:10
157433,AAA Batteries (4-pack),1,2/10/2019 18:27
157433,Apple Airpods Headphones,1,2/10/2019 18:27
157434,AA Batteries (4-pack),1,2/4/2019 19:35
157435,27in 4K Gaming Monitor,1,2/3/2019 12:16
157436,AA Batteries (4-pack),2,2/26/2019 21:44
157437,ThinkPad Laptop,1,2/23/2019 14:39
157438,Apple Airpods Headphones,1,2/3/2019 14:30
157439,USB-C Charging Cable,1,2/4/2019 11:38
157440,Google Phone,1,2/27/2019 17:13
157440,USB-C Charging Cable,1,2/27/2019 17:13
157441,iPhone,1,2/16/2019 13:38
157441,Apple Airpods Headphones,1,2/16/2019 13:38
157442,Lightning Charging Cable,1,2/25/2019 13:34
157443,Bose SoundSport Headphones,1,2/19/2019 0:15
157444,27in FHD Monitor,1,2/4/2019 3:15
157445,AA Batteries (4-pack),1,2/23/2019 16:04
157446,Wired Headphones,2,2/25/2019 10:18
157447,Wired Headphones,1,2/2/2019 23:03
157448,Wired Headphones,1,2/18/2019 20:12
157449,34in Ultrawide Monitor,1,2/4/2019 19:18
157450,Google Phone,1,2/9/2019 18:42
157450,USB-C Charging Cable,1,2/9/2019 18:42
Order ID,Product,Quantity Ordered,Order Date
157451,27in 4K Gaming Monitor,1,2/14/2019 12:39
157452,Lightning Charging Cable,1,2/12/2019 21:12
157453,Wired Headphones,1,2/26/2019 17:18
157454,Lightning Charging Cable,1,2/5/2019 16:43
157455,27in 4K Gaming Monitor,1,2/10/2019 15:41
157455,USB-C Charging Cable,1,2/10/2019 15:41
157456,Lightning Charging Cable,1,2/22/2019 0:10
157457,27in 4K Gaming Monitor,1,2/8/2019 19:49
157458,AAA Batteries (4-pack),2,2/10/2019 18:04
157459,AA Batteries (4-pack),1,2/5/2019 17:47
157460,AA Batteries (4-pack),1,2/2/2019 22:47
157461,Wired Headphones,1,2/5/2019 16:19
157462,20in Monitor,1,2/7/2019 18:55
157463,27in 4K Gaming Monitor,1,2/4/2019 11:35
157464,27in FHD Monitor,1,2/17/2019 17:44
157465,Lightning Charging Cable,1,2/19/2019 17:10
157466,USB-C Charging Cable,1,2/17/2019 19:39
157467,Apple Airpods Headphones,1,2/20/2019 20:52
157468,Lightning Charging Cable,1,2/8/2019 18:44
157469,iPhone,1,2/11/2019 10:27
157470,34in Ultrawide Monitor,1,2/13/2019 14:22
157471,AAA Batteries (4-pack),1,2/4/2019 15:39
157472,Lightning Charging Cable,1,2/4/2019 11:23
157473,34in Ultrawide Monitor,1,2/12/2019 21:16
157474,Apple Airpods Headphones,1,2/12/2019 16:32
157475,Apple Airpods Headphones,1,2/14/2019 6:03
157476,Lightning Charging Cable,1,2/20/2019 21:58
157477,USB-C Charging Cable,1,2/20/2019 13:10
157478,USB-C Charging Cable,1,2/23/2019 17:56
157479,Apple Airpods Headphones,1,2/11/2019 19:37
157480,AAA Batteries (4-pack),1,2/20/2019 13:30
157481,Lightning Charging Cable,1,2/7/2019 12:07
,,,
157482,iPhone,1,2/2/2019 14:31
157483,27in FHD Monitor,1,2/25/2019 13:35
157484,Wired Headphones,1,2/19/2019 9:10
157485,Lightning Charging Cable,3,2/10/2019 21:02
157486,Flatscreen TV,1,2/10/2019 13:06
157487,Flatscreen TV,1,2/21/2019 22:44
157488,Wired Headphones,1,2/28/2019 19:18
157489,Wired Headphones,1,2/23/2019 21:31
157490,Wired Headphones,1,2/26/2019 6:32
157491,Wired Headphones,1,2/16/2019 15:34
157492,AAA Batteries (4-pack),1,2/21/2019 9:23
157493,Flatscreen TV,1,2/13/2019 14:57
157494,AA Batteries (4-pack),1,2/25/2019 19:30
157495,AAA Batteries (4-pack),1,2/12/2019 23:06
157496,ThinkPad Laptop,1,2/8/2019 9:51
157497,AAA Batteries (4-pack),1,2/17/2019 19:58
157498,Lightning Charging Cable,1,2/26/2019 10:56
157499,Wired Headphones,1,2/15/2019 9:16
157500,20in Monitor,1,2/10/2019 18:17
157501,Flatscreen TV,1,2/23/2019 23:52
157502,27in 4K Gaming Monitor,1,2/23/2019 9:33
157503,Bose SoundSport Headphones,1,2/4/2019 21:42
157504,AAA Batteries (4-pack),1,2/10/2019 11:03
157505,AA Batteries (4-pack),1,2/25/2019 1:23
157506,Lightning Charging Cable,1,2/20/2019 14:49
157507,AA Batteries (4-pack),1,2/10/2019 12:33
157508,USB-C Charging Cable,1,2/21/2019 6:30
157509,iPhone,1,2/18/2019 13:08
157510,USB-C Charging Cable,1,2/28/2019 15:16
157511,AA Batteries (4-pack),1,2/11/2019 20:01
157512,Wired Headphones,1,2/3/2019 0:33
157513,Apple Airpods Headphones,1,2/18/2019 10:10
157514,Google Phone,1,2/16/2019 15:25
157515,AA Batteries (4-pack),1,2/24/2019 14:36
157516,Bose SoundSport Headphones,1,2/2/2019 15:58
157517,27in FHD Monitor,1,2/10/2019 1:54
157518,AA Batteries (4-pack),1,2/16/2019 19:57
157519,Apple Airpods Headphones,1,2/21/2019 14:03
157520,Apple Airpods Headphones,1,2/6/2019 9:21
157521,Apple Airpods Headphones,1,2/5/2019 11:10
157522,Macbook Pro Laptop,1,2/24/2019 19:01
157523,Bose SoundSport Headphones,1,2/10/2019 15:24
157524,ThinkPad Laptop,1,2/15/2019 19:19
157525,34in Ultrawide Monitor,1,2/11/2019 15:43
157526,AA Batteries (4-pack),2,2/10/2019 12:06
157527,Flatscreen TV,1,2/27/2019 10:36
157528,Wired Headphones,1,2/14/2019 16:31
157529,Google Phone,1,2/10/2019 12:39
157529,USB-C Charging Cable,1,2/10/2019 12:39
157530,AAA Batteries (4-pack),3,2/25/2019 12:47
157531,AA Batteries (4-pack),1,2/16/2019 18:46
157532,Bose SoundSport Headphones,1,2/25/2019 13:12
157533,AAA Batteries (4-pack),1,2/4/2019 16:11
157534,Apple Airpods Headphones,1,2/26/2019 16:24
157535,USB-C Charging Cable,1,2/4/2019 12:48
157536,34in Ultrawide Monitor,1,2/26/2019 18:42
157537,AA Batteries (4-pack),3,2/5/2019 11:23
157538,iPhone,1,2/3/2019 8:29
157539,USB-C Charging Cable,1,2/13/2019 17:55
157540,34in Ultrawide Monitor,1,2/12/2019 8:14
157541,Bose SoundSport Headphones,1,2/7/2019 11:28
157542,USB-C Charging Cable,1,2/25/2019 17:24
157543,ThinkPad Laptop,1,2/28/2019 21:28
157544,AAA Batteries (4-pack),1,2/21/2019 13:13
157545,AAA Batteries (4-pack),1,2/23/2019 15:27
157546,USB-C Charging Cable,1,2/12/2019 9:46
157547,20in Monitor,1,2/27/2019 12:30
157548,Apple Airpods Headphones,1,2/26/2019 17:18
157549,Bose SoundSport Headphones,1,2/27/2019 9:58
157550,AAA Batteries (4-pack),1,2/14/2019 19:03
157551,Lightning Charging Cable,1,2/14/2019 1:40
157552,USB-C Charging Cable,1,2/5/2019 17:05
157553,Wired Headphones,1,2/3/2019 21:39
157554,AA Batteries (4-pack),1,2/14/2019 16:37
157555,iPhone,1,2/17/2019 20:17
157556,27in FHD Monitor,1,2/9/2019 9:33
157557,Wired Headphones,1,2/14/2019 15:09
157558,USB-C Charging Cable,1,2/2/2019 10:07
157559,ThinkPad Laptop,1,2/15/2019 12:59
157560,AAA Batteries (4-pack),1,2/19/2019 13:31
157561,Apple Airpods Headphones,1,2/25/2019 19:15
157562,Bose SoundSport Headphones,1,2/16/2019 0:05
157563,iPhone,1,2/22/2019 12:01
157564,27in FHD Monitor,1,2/7/2019 11:28
157565,34in Ultrawide Monitor,1,2/18/2019 21:11
157566,USB-C Charging Cable,1,2/20/2019 18:32
157567,USB-C Charging Cable,2,2/9/2019 16:54
157568,USB-C Charging Cable,1,2/12/2019 23:59
157569,Lightning Charging Cable,2,2/19/2019 22:03
157570,Apple Airpods Headphones,1,2/17/2019 20:06
157571,Apple Airpods Headphones,1,2/21/2019 20:19
157572,AAA Batteries (4-pack),1,2/23/2019 5:33
157573,Wired Headphones,1,2/7/2019 13:47
157574,AAA Batteries (4-pack),1,2/20/2019 22:16
157575,USB-C Charging Cable,1,2/24/2019 5:38
157576,Lightning Charging Cable,1,2/6/2019 18:17
157577,AAA Batteries (4-pack),1,2/11/2019 10:48
157578,Flatscreen TV,1,2/27/2019 19:24
157579,27in FHD Monitor,1,2/7/2019 21:52
157580,USB-C Charging Cable,1,2/15/2019 15:37
157581,Bose SoundSport Headphones,1,2/12/2019 14:07
157582,AAA Batteries (4-pack),1,2/12/2019 18:32
157583,20in Monitor,1,2/10/2019 15:53
157584,USB-C Charging Cable,1,2/7/2019 12:10
157585,AAA Batteries (4-pack),1,2/9/2019 17:26
157586,AAA Batteries (4-pack),3,2/16/2019 17:59
157587,27in FHD Monitor,1,2/8/2019 17:54
157588,Wired Headphones,1,2/28/2019 12:24
157589,Apple Airpods Headphones,1,2/20/2019 23:30
157590,AAA Batteries (4-pack),1,2/8/2019 2:39
157591,USB-C Charging Cable,1,2/3/2019 11:24
157592,Flatscreen TV,1,2/4/2019 19:58
157593,USB-C Charging Cable,1,2/3/2019 23:47
157594,AAA Batteries (4-pack),1,2/24/2019 20:49
157595,USB-C Charging Cable,1,2/14/2019 10:46
157596,USB-C Charging Cable,1,2/15/2019 4:01
157597,Google Phone,1,2/12/2019 10:08
157598,Wired Headphones,1,2/20/2019 14:48
157599,Lightning Charging Cable,1,2/21/2019 11:23
157600,Apple Airpods Headphones,1,2/28/2019 14:40
157601,USB-C Charging Cable,1,2/6/2019 19:12
157602,Vareebadd Phone,1,2/25/2019 13:33
157603,Bose SoundSport Headphones,2,2/22/2019 20:43
157604,AAA Batteries (4-pack),2,2/20/2019 12:49
157605,USB-C Charging Cable,2,2/13/2019 0:29
157606,Lightning Charging Cable,1,2/22/2019 16:17
157607,27in FHD Monitor,1,2/22/2019 16:43
157608,Apple Airpods Headphones,1,2/11/2019 17:59
157609,Bose SoundSport Headphones,1,2/18/2019 15:58
157610,Lightning Charging Cable,1,2/18/2019 15:25
157611,Bose SoundSport Headphones,1,2/22/2019 17:45
157612,Bose SoundSport Headphones,1,2/28/2019 11:30
157613,AAA Batteries (4-pack),1,2/26/2019 9:59
157614,AAA Batteries (4-pack),1,2/6/2019 16:32
157615,ThinkPad Laptop,1,2/19/2019 16:29
157616,AAA Batteries (4-pack),1,2/7/2019 1:31
157617,Google Phone,1,2/24/2019 19:57
157618,20in Monitor,1,2/3/2019 5:56
157619,AAA Batteries (4-pack),2,2/1/2019 18:43
157620,iPhone,1,2/5/2019 17:12
157620,AA Batteries (4-pack),1,2/5/2019 17:12
157621,Bose SoundSport Headphones,1,2/22/2019 22:57
157622,Bose SoundSport Headphones,1,2/10/2019 21:38
157623,Apple Airpods Headphones,1,2/18/2019 19:33
157624,USB-C Charging Cable,1,2/19/2019 7:33
157625,Bose SoundSport Headphones,1,2/21/2019 19:44
157626,Apple Airpods Headphones,1,2/11/2019 12:08
157627,iPhone,1,2/7/2019 19:12
157628,Wired Headphones,1,2/18/2019 10:27
157629,Flatscreen TV,1,2/3/2019 6:32
157630,Apple Airpods Headphones,1,2/18/2019 14:15
157631,34in Ultrawide Monitor,1,2/21/2019 12:25
157632,Bose SoundSport Headphones,1,2/26/2019 19:45
157633,AAA Batteries (4-pack),1,2/24/2019 9:36
157634,Macbook Pro Laptop,1,2/19/2019 19:12
157635,AA Batteries (4-pack),2,2/28/2019 17:25
157636,iPhone,1,2/8/2019 18:14
157637,Lightning Charging Cable,1,2/28/2019 19:59
157638,iPhone,1,2/17/2019 9:35
157639,USB-C Charging Cable,1,2/8/2019 17:45
157640,Lightning Charging Cable,1,2/23/2019 6:31
157641,AAA Batteries (4-pack),2,2/14/2019 11:51
157642,27in FHD Monitor,1,2/4/2019 16:45
157643,27in 4K Gaming Monitor,1,2/18/2019 14:48
157644,27in 4K Gaming Monitor,1,2/3/2019 18:50
157645,27in FHD Monitor,1,2/24/2019 20:29
157646,Apple Airpods Headphones,1,2/23/2019 0:35
157647,USB-C Charging Cable,1,2/28/2019 7:56
157648,AA Batteries (4-pack),1,2/25/2019 12:24
157649,Apple Airpods Headphones,1,2/7/2019 21:32
157650,Bose SoundSport Headphones,1,2/10/2019 11:30
157651,Apple Airpods Headphones,1,2/13/2019 9:10
157652,Wired Headphones,1,2/26/2019 11:52
157653,Bose SoundSport Headphones,1,2/3/2019 19:44
157654,AA Batteries (4-pack),1,2/12/2019 22:35
157655,AAA Batteries (4-pack),2,2/14/2019 22:22
157656,AA Batteries (4-pack),2,2/25/2019 11:10
157657,Bose SoundSport Headphones,1,2/11/2019 8:19
157658,Apple Airpods Headphones,1,2/1/2019 22:52
157659,Wired Headphones,1,2/20/2019 11:33
157660,Wired Headphones,1,2/13/2019 12:42
157661,27in 4K Gaming Monitor,1,2/28/2019 19:55
157662,AA Batteries (4-pack),3,2/9/2019 0:24
157663,Apple Airpods Headphones,1,2/9/2019 16:59
157664,Bose SoundSport Headphones,1,2/24/2019 11:53
157665,USB-C Charging Cable,1,2/28/2019 13:38
157666,AAA Batteries (4-pack),2,2/17/2019 17:29
157667,USB-C Charging Cable,1,2/17/2019 10:24
157667,AAA Batteries (4-pack),1,2/17/2019 10:24
157668,Flatscreen TV,1,2/26/2019 9:47
157669,Macbook Pro Laptop,1,2/19/2019 9:42
157670,Bose SoundSport Headphones,1,2/12/2019 20:33
157671,iPhone,1,2/22/2019 19:55
157672,Apple Airpods Headphones,1,2/26/2019 20:45
157673,iPhone,1,2/3/2019 22:19
157674,AAA Batteries (4-pack),2,2/14/2019 16:50
157675,Lightning Charging Cable,1,2/17/2019 13:00
157676,Lightning Charging Cable,1,2/24/2019 16:44
157677,AAA Batteries (4-pack),1,2/3/2019 21:19
157678,Lightning Charging Cable,1,2/5/2019 19:15
157679,Wired Headphones,1,2/26/2019 19:52
157680,Lightning Charging Cable,2,2/6/2019 17:39
157681,Lightning Charging Cable,1,2/23/2019 16:26
157682,27in 4K Gaming Monitor,1,2/16/2019 20:41
157683,Wired Headphones,1,2/26/2019 13:31
157684,Wired Headphones,1,2/2/2019 13:19
157685,USB-C Charging Cable,1,2/28/2019 13:28
157686,Bose SoundSport Headphones,1,2/26/2019 14:56
157687,AA Batteries (4-pack),3,2/24/2019 20:50
157688,iPhone,1,2/4/2019 12:29
157688,Apple Airpods Headphones,1,2/4/2019 12:29
157689,20in Monitor,1,2/24/2019 11:41
157690,Lightning Charging Cable,1,2/27/2019 15:19
157691,27in 4K Gaming Monitor,1,2/15/2019 13:48
157692,AA Batteries (4-pack),3,2/12/2019 20:41
157693,Vareebadd Phone,1,2/5/2019 10:12
157694,AAA Batteries (4-pack),3,2/21/2019 17:29
157695,Wired Headphones,1,2/17/2019 21:02
157696,Apple Airpods Headphones,1,2/21/2019 20:39
157697,AA Batteries (4-pack),1,2/5/2019 12:38
157698,AA Batteries (4-pack),1,2/1/2019 17:56
157699,Lightning Charging Cable,1,2/14/2019 2:43
157700,USB-C Charging Cable,1,2/2/2019 1:15
157701,27in FHD Monitor,1,2/8/2019 18:25
157702,AA Batteries (4-pack),1,2/15/2019 21:11
157703,Apple Airpods Headphones,1,2/25/2019 21:34
157704,Apple Airpods Headphones,1,2/6/2019 21:37
157705,Lightning Charging Cable,1,2/16/2019 6:02
157706,AAA Batteries (4-pack),1,2/25/2019 18:06
157707,Flatscreen TV,1,2/16/2019 11:38
157708,Bose SoundSport Headphones,1,2/9/2019 17:25
157709,Bose SoundSport Headphones,1,2/6/2019 6:50
157710,Wired Headphones,1,2/11/2019 13:05
157711,Google Phone,1,2/6/2019 5:15
157712,Apple Airpods Headphones,1,2/14/2019 6:12
157713,Wired Headphones,1,2/27/2019 5:55
157714,USB-C Charging Cable,1,2/16/2019 14:07
157715,AA Batteries (4-pack),1,2/19/2019 13:41
157716,Wired Headphones,1,2/15/2019 4:24
157717,Google Phone,1,2/18/2019 14:01
157718,Wired Headphones,1,2/9/2019 14:04
157719,Apple Airpods Headphones,1,2/21/2019 13:46
157720,Wired Headphones,1,2/8/2019 21:28
157721,Macbook Pro Laptop,1,2/27/2019 18:29
157722,Macbook Pro Laptop,1,2/19/2019 15:14
157723,AA Batteries (4-pack),1,2/4/2019 21:13
157724,iPhone,1,2/12/2019 10:48
157724,Lightning Charging Cable,1,2/12/2019 10:48
157725,Macbook Pro Laptop,1,2/19/2019 14:45
157726,Wired Headphones,1,2/14/2019 15:29
157727,AA Batteries (4-pack),1,2/27/2019 20:04
157728,Lightning Charging Cable,1,2/12/2019 2:25
157729,USB-C Charging Cable,1,2/3/2019 22:59
157730,USB-C Charging Cable,1,2/12/2019 13:47
157731,20in Monitor,1,2/16/2019 9:55
157732,27in FHD Monitor,1,2/28/2019 15:04
157733,AAA Batteries (4-pack),1,2/20/2019 9:23
157734,AAA Batteries (4-pack),2,2/15/2019 19:50
157735,USB-C Charging Cable,1,2/26/2019 21:11
157735,Apple Airpods Headphones,1,2/26/2019 21:11
157736,USB-C Charging Cable,1,2/15/2019 20:06
157737,Apple Airpods Headphones,1,2/6/2019 12:57
157738,34in Ultrawide Monitor,1,2/22/2019 14:46
157739,Wired Headphones,1,2/17/2019 19:37
157740,Bose SoundSport Headphones,1,2/18/2019 22:28
157741,iPhone,1,2/26/2019 0:05
157742,USB-C Charging Cable,1,2/14/2019 18:56
157743,Lightning Charging Cable,1,2/26/2019 12:35
157744,USB-C Charging Cable,2,2/4/2019 17:06
157745,Lightning Charging Cable,1,2/6/2019 10:08
157746,AA Batteries (4-pack),1,2/3/2019 11:10
157747,Flatscreen TV,1,2/28/2019 22:16
157748,Macbook Pro Laptop,1,2/17/2019 21:19
157749,AAA Batteries (4-pack),3,2/10/2019 18:42
157750,27in FHD Monitor,1,2/12/2019 18:44
157751,USB-C Charging Cable,1,2/2/2019 6:57
157752,Apple Airpods Headphones,1,2/16/2019 10:37
157753,USB-C Charging Cable,1,2/18/2019 22:29
157754,27in 4K Gaming Monitor,1,2/10/2019 12:14
157755,Lightning Charging Cable,1,2/22/2019 15:17
157756,Bose SoundSport Headphones,1,2/23/2019 11:59
157757,Wired Headphones,2,2/25/2019 23:05
157758,Flatscreen TV,1,2/15/2019 9:18
157759,27in FHD Monitor,1,2/2/2019 21:51
157760,27in FHD Monitor,1,2/2/2019 14:12
157761,USB-C Charging Cable,1,2/22/2019 11:21
157762,AAA Batteries (4-pack),1,2/1/2019 11:39
157763,Wired Headphones,1,2/27/2019 17:41
157764,20in Monitor,1,2/5/2019 1:49
157765,Apple Airpods Headphones,1,2/12/2019 18:59
157766,USB-C Charging Cable,1,2/7/2019 17:12
157767,Wired Headphones,1,2/8/2019 12:56
157768,AA Batteries (4-pack),1,2/3/2019 14:19
157769,AAA Batteries (4-pack),2,2/10/2019 9:38
157770,AAA Batteries (4-pack),4,2/2/2019 17:01
157771,27in 4K Gaming Monitor,1,2/6/2019 17:46
157772,AA Batteries (4-pack),1,2/22/2019 13:18
157773,Wired Headphones,1,2/16/2019 19:34
157774,Wired Headphones,1,2/12/2019 15:17
157775,AA Batteries (4-pack),2,2/14/2019 15:18
157776,AA Batteries (4-pack),2,2/25/2019 21:11
157777,34in Ultrawide Monitor,1,2/17/2019 16:15
157778,Wired Headphones,1,2/15/2019 7:29
157779,Bose SoundSport Headphones,1,2/17/2019 18:09
157780,Google Phone,1,2/14/2019 9:12
157781,Bose SoundSport Headphones,1,2/3/2019 20:36
157782,Apple Airpods Headphones,1,2/19/2019 12:55
157783,USB-C Charging Cable,1,2/4/2019 17:09
157784,Apple Airpods Headphones,1,2/17/2019 8:03
157785,AA Batteries (4-pack),1,2/7/2019 10:35
157786,Apple Airpods Headphones,1,2/13/2019 0:30
157787,Lightning Charging Cable,1,2/22/2019 15:58
157788,AA Batteries (4-pack),2,2/13/2019 21:02
157789,iPhone,1,2/17/2019 20:08
157790,AAA Batteries (4-pack),2,2/19/2019 10:34
157791,Apple Airpods Headphones,1,2/7/2019 17:38
157792,Vareebadd Phone,1,2/9/2019 19:31
157793,Wired Headphones,1,2/13/2019 22:49
157794,Lightning Charging Cable,1,2/25/2019 12:04
157794,ThinkPad Laptop,1,2/25/2019 12:04
157795,Lightning Charging Cable,1,2/2/2019 22:09
157796,Lightning Charging Cable,1,2/27/2019 23:00
157797,27in FHD Monitor,1,2/12/2019 7:53
157798,AAA Batteries (4-pack),2,2/10/2019 14:24
157799,AAA Batteries (4-pack),1,2/21/2019 14:51
157800,iPhone,1,2/13/2019 1:17
157801,AAA Batteries (4-pack),2,2/12/2019 11:37
157802,Flatscreen TV,1,2/12/2019 7:48
157803,Lightning Charging Cable,1,2/12/2019 17:32
157804,USB-C Charging Cable,1,2/20/2019 1:09
157805,AA Batteries (4-pack),1,2/3/2019 16:04
157806,Macbook Pro Laptop,1,2/5/2019 6:04
157807,AAA Batteries (4-pack),3,2/6/2019 15:19
157808,Bose SoundSport Headphones,1,2/16/2019 0:45
157809,Apple Airpods Headphones,1,2/25/2019 14:35
157810,Bose SoundSport Headphones,1,2/27/2019 4:06
157811,USB-C Charging Cable,1,2/15/2019 12:27
157812,Lightning Charging Cable,1,2/23/2019 14:50
157813,Bose SoundSport Headphones,1,2/5/2019 19:20
157814,AA Batteries (4-pack),2,2/7/2019 15:55
157815,USB-C Charging Cable,1,2/13/2019 14:47
157816,27in FHD Monitor,1,2/10/2019 20:28
157817,AAA Batteries (4-pack),1,2/1/2019 23:55
157818,Macbook Pro Laptop,1,2/16/2019 13:17
157819,27in FHD Monitor,1,2/26/2019 8:27
157820,27in 4K Gaming Monitor,1,2/21/2019 15:10
157821,Apple Airpods Headphones,1,2/26/2019 16:19
157822,20in Monitor,1,2/12/2019 14:04
157823,Apple Airpods Headphones,1,2/26/2019 13:46
157824,AAA Batteries (4-pack),1,2/10/2019 21:56
157825,Wired Headphones,1,2/13/2019 13:33
157826,AAA Batteries (4-pack),2,2/1/2019 21:11
157827,27in FHD Monitor,1,2/9/2019 23:05
157827,LG Dryer,1,2/9/2019 23:05
157828,Google Phone,1,2/9/2019 19:57
157829,Apple Airpods Headphones,1,2/27/2019 23:57
157830,iPhone,1,2/12/2019 10:32
157831,Bose SoundSport Headphones,1,2/18/2019 16:17
157832,Wired Headphones,1,2/8/2019 19:40
157833,Wired Headphones,1,2/1/2019 17:12
157834,AAA Batteries (4-pack),2,2/24/2019 18:16
157835,27in 4K Gaming Monitor,1,2/23/2019 21:39
157836,AAA Batteries (4-pack),2,2/16/2019 12:20
157837,27in FHD Monitor,1,2/14/2019 20:07
157838,USB-C Charging Cable,2,2/3/2019 12:32
157839,AA Batteries (4-pack),1,2/1/2019 13:35
157840,iPhone,1,2/17/2019 18:31
157841,USB-C Charging Cable,1,2/23/2019 18:15
157842,AA Batteries (4-pack),1,2/26/2019 12:11
157843,Lightning Charging Cable,1,2/2/2019 18:57
157844,AAA Batteries (4-pack),1,2/5/2019 11:56
157845,iPhone,1,2/1/2019 6:28
157845,Lightning Charging Cable,1,2/1/2019 6:28
157846,Apple Airpods Headphones,1,2/19/2019 15:46
157847,Google Phone,1,2/25/2019 18:56
157848,AAA Batteries (4-pack),1,2/4/2019 22:22
157849,AAA Batteries (4-pack),1,2/10/2019 20:04
157850,AAA Batteries (4-pack),5,2/21/2019 13:51
157851,USB-C Charging Cable,1,2/25/2019 20:46
157852,Flatscreen TV,1,2/17/2019 23:38
157853,Lightning Charging Cable,1,2/3/2019 18:32
157854,AAA Batteries (4-pack),1,2/24/2019 12:27
157855,Apple Airpods Headphones,1,2/5/2019 0:40
157856,Bose SoundSport Headphones,1,2/4/2019 18:08
157857,Wired Headphones,1,2/19/2019 10:41
157858,USB-C Charging Cable,2,2/4/2019 22:11
157859,Wired Headphones,1,2/11/2019 10:46
157860,Apple Airpods Headphones,1,2/8/2019 12:36
157861,27in FHD Monitor,1,2/11/2019 19:29
157862,Apple Airpods Headphones,1,2/11/2019 22:57
157863,Wired Headphones,1,2/7/2019 18:21
,,,
157864,Lightning Charging Cable,1,2/13/2019 13:24
157865,Apple Airpods Headphones,1,2/27/2019 18:00
157866,USB-C Charging Cable,1,2/4/2019 12:34
157867,AA Batteries (4-pack),4,2/24/2019 15:00
157868,Flatscreen TV,1,2/5/2019 20:42
157869,Wired Headphones,1,2/1/2019 17:20
157870,AA Batteries (4-pack),1,2/24/2019 22:29
157871,USB-C Charging Cable,2,2/20/2019 17:12
157872,iPhone,1,2/12/2019 13:04
157873,USB-C Charging Cable,1,2/12/2019 20:38
157874,USB-C Charging Cable,1,2/28/2019 14:14
157875,Apple Airpods Headphones,1,2/10/2019 15:10
157876,Apple Airpods Headphones,1,2/20/2019 14:46
157877,27in FHD Monitor,1,2/17/2019 17:52
157878,Lightning Charging Cable,1,2/16/2019 15:10
157879,Wired Headphones,1,2/1/2019 23:58
157880,Bose SoundSport Headphones,1,2/5/2019 15:58
157881,Bose SoundSport Headphones,1,2/1/2019 13:56
157882,Wired Headphones,1,2/26/2019 22:41
157883,Apple Airpods Headphones,1,2/6/2019 0:02
157884,27in 4K Gaming Monitor,1,2/14/2019 15:47
157885,Wired Headphones,1,2/16/2019 9:18
157886,USB-C Charging Cable,1,2/26/2019 7:20
157887,AA Batteries (4-pack),1,2/11/2019 11:53
157888,20in Monitor,1,2/17/2019 13:19
157889,Flatscreen TV,1,2/20/2019 17:31
157890,USB-C Charging Cable,1,2/28/2019 11:58
157891,Apple Airpods Headphones,1,2/4/2019 10:16
157892,USB-C Charging Cable,1,2/24/2019 10:44
157893,27in FHD Monitor,1,2/13/2019 20:40
157894,Flatscreen TV,1,2/2/2019 15:21
157895,Google Phone,1,2/20/2019 12:07
157896,Wired Headphones,2,2/18/2019 14:47
157897,Wired Headphones,1,2/15/2019 13:52
157898,ThinkPad Laptop,1,2/26/2019 22:44
157899,Flatscreen TV,1,3/1/2019 1:41
157900,Apple Airpods Headphones,1,2/15/2019 16:32
157901,AA Batteries (4-pack),1,2/14/2019 18:24
157902,Bose SoundSport Headphones,1,2/19/2019 6:50
157903,Wired Headphones,1,2/9/2019 6:26
157904,ThinkPad Laptop,1,2/8/2019 22:11
157905,AAA Batteries (4-pack),1,2/28/2019 17:28
157906,27in FHD Monitor,1,2/25/2019 13:25
157907,Lightning Charging Cable,1,2/24/2019 12:52
157908,Lightning Charging Cable,1,2/6/2019 19:22
157909,27in FHD Monitor,1,2/12/2019 12:40
157909,20in Monitor,1,2/12/2019 12:40
157910,AA Batteries (4-pack),1,2/24/2019 11:57
157911,Apple Airpods Headphones,1,2/17/2019 9:06
157912,Flatscreen TV,1,2/17/2019 21:15
157913,34in Ultrawide Monitor,1,2/12/2019 22:24
157914,USB-C Charging Cable,1,2/10/2019 21:00
157915,Apple Airpods Headphones,1,2/27/2019 19:42
157916,Bose SoundSport Headphones,1,2/21/2019 18:13
157917,iPhone,1,2/4/2019 23:46
157918,34in Ultrawide Monitor,1,2/25/2019 9:35
157919,Apple Airpods Headphones,1,2/28/2019 18:28
157920,USB-C Charging Cable,1,2/18/2019 13:09
157921,Apple Airpods Headphones,1,2/4/2019 7:13
157922,iPhone,1,2/17/2019 19:01
157923,Google Phone,1,2/24/2019 7:20
157924,AAA Batteries (4-pack),1,2/15/2019 17:54
157925,Google Phone,1,2/11/2019 5:25
157926,Vareebadd Phone,1,2/6/2019 20:35
157927,Bose SoundSport Headphones,1,2/3/2019 9:47
157928,AA Batteries (4-pack),1,2/12/2019 20:05
157929,Flatscreen TV,1,2/26/2019 13:35
157930,USB-C Charging Cable,1,2/8/2019 17:42
157931,Wired Headphones,1,2/9/2019 10:19
157932,AA Batteries (4-pack),1,2/3/2019 18:44
157933,USB-C Charging Cable,1,2/20/2019 15:41
157934,34in Ultrawide Monitor,1,2/26/2019 19:04
157935,Wired Headphones,1,2/13/2019 14:32
157936,AAA Batteries (4-pack),1,2/24/2019 15:04
157937,USB-C Charging Cable,1,2/4/2019 18:35
157938,27in FHD Monitor,1,2/6/2019 10:29
157939,iPhone,1,2/23/2019 20:39
157940,Wired Headphones,1,2/18/2019 11:46
157941,AAA Batteries (4-pack),2,2/1/2019 19:04
157942,Lightning Charging Cable,2,2/27/2019 8:33
157943,27in FHD Monitor,1,2/18/2019 18:53
157944,USB-C Charging Cable,1,2/17/2019 8:36
157945,Lightning Charging Cable,1,2/23/2019 12:11
157946,Lightning Charging Cable,1,2/23/2019 12:09
157947,20in Monitor,1,2/19/2019 15:57
157948,Lightning Charging Cable,1,2/12/2019 14:44
157949,USB-C Charging Cable,1,2/27/2019 13:52
157950,Apple Airpods Headphones,1,2/27/2019 21:30
157951,27in 4K Gaming Monitor,1,2/21/2019 14:50
157952,AAA Batteries (4-pack),2,2/21/2019 10:48
157953,34in Ultrawide Monitor,1,2/22/2019 8:11
157954,Flatscreen TV,1,2/28/2019 21:49
157955,USB-C Charging Cable,1,2/6/2019 23:05
157956,Wired Headphones,1,2/2/2019 22:01
157957,ThinkPad Laptop,1,2/7/2019 8:37
157958,AAA Batteries (4-pack),1,2/16/2019 21:39
157959,AAA Batteries (4-pack),2,2/22/2019 15:06
157960,Lightning Charging Cable,1,2/22/2019 22:49
157960,Google Phone,1,2/22/2019 22:49
157961,AAA Batteries (4-pack),1,2/14/2019 8:30
157962,Apple Airpods Headphones,1,2/19/2019 9:32
157963,27in 4K Gaming Monitor,1,2/18/2019 19:26
157964,Lightning Charging Cable,1,2/27/2019 17:09
157965,iPhone,1,2/15/2019 21:58
157966,AA Batteries (4-pack),1,2/24/2019 14:17
157967,USB-C Charging Cable,1,2/17/2019 13:54
157968,AAA Batteries (4-pack),3,2/7/2019 15:41
157969,Bose SoundSport Headphones,1,2/8/2019 18:07
157970,Bose SoundSport Headphones,1,2/26/2019 21:27
157971,iPhone,1,2/10/2019 17:11
157972,Lightning Charging Cable,1,2/6/2019 10:08
157973,Lightning Charging Cable,1,2/16/2019 18:37
157974,Bose SoundSport Headphones,1,2/6/2019 10:09
157975,ThinkPad Laptop,1,2/16/2019 5:29
157976,Lightning Charging Cable,1,2/4/2019 10:20
157977,AA Batteries (4-pack),2,2/2/2019 23:48
157978,USB-C Charging Cable,1,2/4/2019 22:52
157979,Wired Headphones,1,2/9/2019 17:58
157980,Apple Airpods Headphones,1,2/11/2019 18:38
157981,Wired Headphones,1,2/5/2019 14:29
157982,Macbook Pro Laptop,1,2/24/2019 18:09
157983,20in Monitor,1,2/27/2019 8:22
157984,USB-C Charging Cable,1,2/3/2019 0:33
157985,USB-C Charging Cable,1,2/13/2019 13:21
157986,USB-C Charging Cable,1,2/10/2019 11:10
157987,Lightning Charging Cable,1,2/22/2019 18:57
157988,Lightning Charging Cable,2,2/14/2019 11:55
157989,Apple Airpods Headphones,1,2/26/2019 0:27
157990,Lightning Charging Cable,1,2/28/2019 17:48
157991,Apple Airpods Headphones,1,2/28/2019 9:40
157992,USB-C Charging Cable,1,2/8/2019 0:22
157993,AA Batteries (4-pack),1,2/16/2019 11:07
157994,Flatscreen TV,1,2/11/2019 20:35
157995,AAA Batteries (4-pack),1,2/19/2019 12:17
157996,ThinkPad Laptop,1,2/13/2019 19:15
157997,iPhone,1,2/9/2019 20:12
157998,iPhone,1,2/4/2019 17:34
157999,20in Monitor,1,2/14/2019 20:59
158000,Lightning Charging Cable,1,2/13/2019 21:58
158001,Bose SoundSport Headphones,1,2/9/2019 18:02
158002,AAA Batteries (4-pack),1,2/16/2019 22:15
158003,AAA Batteries (4-pack),3,2/12/2019 7:06
158004,Vareebadd Phone,1,2/4/2019 17:47
158005,Bose SoundSport Headphones,1,2/28/2019 0:12
158006,Macbook Pro Laptop,1,2/6/2019 13:44
158007,Wired Headphones,1,2/28/2019 20:06
158008,34in Ultrawide Monitor,1,2/5/2019 11:33
158009,Wired Headphones,1,2/9/2019 0:04
158010,AAA Batteries (4-pack),1,2/1/2019 13:46
158011,Bose SoundSport Headphones,1,2/13/2019 8:56
158012,USB-C Charging Cable,1,2/1/2019 19:30
158013,AA Batteries (4-pack),1,2/1/2019 14:06
158014,USB-C Charging Cable,1,2/23/2019 15:14
158015,AAA Batteries (4-pack),2,2/22/2019 18:56
158016,USB-C Charging Cable,1,2/9/2019 18:00
158017,USB-C Charging Cable,1,2/1/2019 12:10
158018,Apple Airpods Headphones,1,2/12/2019 18:11
158019,AA Batteries (4-pack),2,2/10/2019 17:53
158020,Wired Headphones,1,2/16/2019 9:01
158021,AA Batteries (4-pack),1,2/20/2019 11:25
158022,Lightning Charging Cable,1,2/9/2019 0:20
158022,Wired Headphones,2,2/9/2019 0:20
158023,ThinkPad Laptop,1,2/9/2019 7:43
158024,AA Batteries (4-pack),1,2/5/2019 7:26
158025,Google Phone,1,2/4/2019 1:22
158026,AAA Batteries (4-pack),2,2/18/2019 16:45
158027,Lightning Charging Cable,1,2/6/2019 21:08
158028,Apple Airpods Headphones,1,2/6/2019 21:19
158029,USB-C Charging Cable,1,2/8/2019 19:39
158030,27in FHD Monitor,1,2/27/2019 8:43
158031,27in FHD Monitor,1,2/15/2019 10:38
158032,Apple Airpods Headphones,1,2/23/2019 22:14
158033,USB-C Charging Cable,1,2/12/2019 15:58
158034,AAA Batteries (4-pack),1,2/6/2019 19:31
158035,Lightning Charging Cable,1,2/14/2019 20:05
158036,Lightning Charging Cable,2,2/22/2019 14:12
158037,Lightning Charging Cable,1,2/24/2019 17:14
158038,USB-C Charging Cable,1,2/20/2019 18:05
158039,AAA Batteries (4-pack),1,2/10/2019 13:43
158040,Lightning Charging Cable,1,2/10/2019 19:41
158041,Lightning Charging Cable,1,2/4/2019 11:03
158042,Lightning Charging Cable,1,2/23/2019 16:50
158043,Bose SoundSport Headphones,1,2/4/2019 12:50
158044,Bose SoundSport Headphones,1,2/25/2019 21:06
158045,USB-C Charging Cable,1,2/4/2019 1:40
158046,Vareebadd Phone,1,2/13/2019 15:34
158047,Apple Airpods Headphones,1,2/14/2019 19:51
158048,AAA Batteries (4-pack),1,2/5/2019 18:04
158049,Google Phone,1,2/16/2019 8:07
158050,34in Ultrawide Monitor,1,2/15/2019 17:34
158051,Lightning Charging Cable,1,2/1/2019 14:12
158052,Wired Headphones,1,2/23/2019 13:06
158053,Apple Airpods Headphones,1,2/3/2019 11:15
158054,34in Ultrawide Monitor,1,2/10/2019 20:39
158055,AAA Batteries (4-pack),1,2/15/2019 16:53
158056,27in 4K Gaming Monitor,1,2/6/2019 14:32
158057,Lightning Charging Cable,2,2/9/2019 1:18
158058,Lightning Charging Cable,1,2/24/2019 7:24
158059,USB-C Charging Cable,1,2/3/2019 13:25
158060,34in Ultrawide Monitor,1,2/10/2019 13:25
158061,27in 4K Gaming Monitor,1,2/28/2019 23:55
158062,Lightning Charging Cable,1,2/10/2019 12:45
158063,AA Batteries (4-pack),2,2/18/2019 19:59
158064,Wired Headphones,1,2/9/2019 17:00
158065,27in FHD Monitor,1,2/4/2019 10:52
158066,ThinkPad Laptop,1,2/17/2019 9:44
158067,Vareebadd Phone,1,2/2/2019 20:18
158068,Lightning Charging Cable,1,2/9/2019 16:46
158069,Wired Headphones,1,2/14/2019 21:06
158070,AA Batteries (4-pack),2,2/27/2019 19:56
158071,20in Monitor,1,2/10/2019 11:45
158072,USB-C Charging Cable,1,2/24/2019 13:36
158073,20in Monitor,1,2/28/2019 21:31
158074,AA Batteries (4-pack),1,2/23/2019 2:34
158075,27in FHD Monitor,1,2/26/2019 8:10
158076,27in FHD Monitor,1,2/4/2019 12:37
158077,Bose SoundSport Headphones,1,2/13/2019 14:48
158078,AA Batteries (4-pack),1,2/20/2019 18:05
158079,Wired Headphones,1,2/27/2019 19:41
158080,Lightning Charging Cable,2,2/18/2019 10:09
158081,Lightning Charging Cable,1,2/13/2019 16:52
158082,AA Batteries (4-pack),1,2/3/2019 16:42
158083,Wired Headphones,1,2/16/2019 13:55
158084,Wired Headphones,1,2/12/2019 11:36
158085,Macbook Pro Laptop,1,2/5/2019 16:50
158086,AAA Batteries (4-pack),1,2/12/2019 13:59
158086,Wired Headphones,1,2/12/2019 13:59
158087,AA Batteries (4-pack),1,2/22/2019 16:32
158088,AA Batteries (4-pack),2,2/22/2019 21:08
158089,Wired Headphones,1,2/18/2019 18:15
158090,Flatscreen TV,1,2/16/2019 1:59
158091,Lightning Charging Cable,1,2/27/2019 22:41
158092,Wired Headphones,2,2/5/2019 11:31
158093,34in Ultrawide Monitor,1,2/13/2019 19:20
158094,Lightning Charging Cable,1,2/26/2019 22:11
158095,iPhone,1,2/8/2019 23:53
158096,Lightning Charging Cable,1,2/28/2019 9:51
158097,Vareebadd Phone,1,2/21/2019 12:13
158098,Macbook Pro Laptop,1,2/17/2019 14:50
158099,Google Phone,1,2/11/2019 16:46
158100,Apple Airpods Headphones,1,2/9/2019 10:14
158101,AA Batteries (4-pack),1,2/28/2019 21:27
158102,20in Monitor,1,2/7/2019 23:37
158102,AA Batteries (4-pack),1,2/7/2019 23:37
158103,Lightning Charging Cable,2,2/22/2019 0:26
158104,27in 4K Gaming Monitor,1,2/21/2019 22:08
158105,Bose SoundSport Headphones,1,2/7/2019 13:31
158106,USB-C Charging Cable,1,2/12/2019 18:19
158107,Google Phone,1,2/7/2019 18:12
158107,USB-C Charging Cable,1,2/7/2019 18:12
158107,Bose SoundSport Headphones,1,2/7/2019 18:12
158108,27in 4K Gaming Monitor,1,2/3/2019 19:07
158109,27in FHD Monitor,1,2/8/2019 23:19
158110,Lightning Charging Cable,1,2/22/2019 1:51
158111,ThinkPad Laptop,1,2/14/2019 8:01
158112,Bose SoundSport Headphones,1,2/2/2019 17:46
158113,Lightning Charging Cable,1,2/24/2019 18:32
158114,AA Batteries (4-pack),1,2/11/2019 13:19
158115,27in FHD Monitor,1,2/3/2019 18:17
158116,34in Ultrawide Monitor,1,2/13/2019 17:07
158117,Wired Headphones,1,2/4/2019 11:16
158118,Bose SoundSport Headphones,1,2/15/2019 10:30
158119,Wired Headphones,1,2/20/2019 10:58
158120,34in Ultrawide Monitor,1,2/20/2019 23:29
158121,Wired Headphones,1,2/6/2019 6:37
158122,27in 4K Gaming Monitor,1,2/25/2019 11:01
158123,AAA Batteries (4-pack),3,2/23/2019 12:10
158124,USB-C Charging Cable,1,2/8/2019 17:32
158125,27in FHD Monitor,1,2/2/2019 11:24
158126,USB-C Charging Cable,1,2/28/2019 11:06
158127,USB-C Charging Cable,1,2/1/2019 15:37
158128,AAA Batteries (4-pack),1,2/15/2019 10:16
158129,Flatscreen TV,1,2/12/2019 6:12
158130,27in 4K Gaming Monitor,1,2/19/2019 18:46
158131,ThinkPad Laptop,1,2/17/2019 17:01
158132,Macbook Pro Laptop,1,2/3/2019 19:04
158133,27in 4K Gaming Monitor,1,2/10/2019 23:24
158134,USB-C Charging Cable,1,2/10/2019 15:14
158135,27in FHD Monitor,1,2/17/2019 15:19
158136,USB-C Charging Cable,1,2/18/2019 16:16
158137,Wired Headphones,1,2/18/2019 12:15
158138,AA Batteries (4-pack),1,2/4/2019 12:36
158139,27in FHD Monitor,1,2/8/2019 14:52
158140,USB-C Charging Cable,1,2/20/2019 14:55
158141,Apple Airpods Headphones,1,2/17/2019 7:38
158142,iPhone,1,2/3/2019 9:51
158142,Apple Airpods Headphones,1,2/3/2019 9:51
158143,20in Monitor,1,2/6/2019 13:51
158144,Bose SoundSport Headphones,1,2/7/2019 10:35
158145,Bose SoundSport Headphones,1,2/3/2019 15:41
158146,AA Batteries (4-pack),1,2/17/2019 12:34
158147,USB-C Charging Cable,1,2/10/2019 9:08
158148,iPhone,1,2/26/2019 14:07
158149,Wired Headphones,1,2/27/2019 19:19
158150,USB-C Charging Cable,1,2/2/2019 14:49
158151,Apple Airpods Headphones,1,2/7/2019 0:16
158152,AAA Batteries (4-pack),2,2/25/2019 17:37
158153,AA Batteries (4-pack),2,2/9/2019 18:40
158154,20in Monitor,1,2/6/2019 15:14
158155,Apple Airpods Headphones,1,2/10/2019 12:41
158156,Lightning Charging Cable,1,2/13/2019 18:27
158157,Lightning Charging Cable,2,2/12/2019 8:40
158158,Bose SoundSport Headphones,1,2/22/2019 13:01
158159,AAA Batteries (4-pack),2,2/10/2019 11:16
158160,AAA Batteries (4-pack),2,2/4/2019 11:05
158161,Bose SoundSport Headphones,1,2/27/2019 15:28
158162,AAA Batteries (4-pack),1,2/19/2019 20:12
158163,Wired Headphones,1,2/7/2019 1:14
158164,Apple Airpods Headphones,1,2/11/2019 16:12
158165,AAA Batteries (4-pack),1,2/16/2019 11:26
158166,USB-C Charging Cable,1,2/19/2019 10:14
158167,AAA Batteries (4-pack),2,2/4/2019 20:57
158168,Wired Headphones,1,2/1/2019 7:32
158169,AAA Batteries (4-pack),1,2/4/2019 20:33
158170,AAA Batteries (4-pack),1,2/26/2019 8:40
158171,USB-C Charging Cable,1,2/12/2019 20:46
158172,Bose SoundSport Headphones,1,2/9/2019 22:38
158173,USB-C Charging Cable,1,2/6/2019 11:00
158174,AAA Batteries (4-pack),2,2/20/2019 19:06
158175,AA Batteries (4-pack),1,2/12/2019 22:47
158176,USB-C Charging Cable,1,2/18/2019 18:49
158177,Google Phone,1,2/6/2019 18:50
158178,Lightning Charging Cable,1,2/11/2019 14:21
158179,27in FHD Monitor,1,2/19/2019 17:00
158180,AAA Batteries (4-pack),1,2/22/2019 8:38
158181,AAA Batteries (4-pack),1,2/2/2019 21:43
158182,LG Dryer,1,2/17/2019 10:24
158182,AA Batteries (4-pack),1,2/17/2019 10:24
158183,AAA Batteries (4-pack),1,2/23/2019 19:56
158184,AA Batteries (4-pack),1,2/5/2019 16:42
158185,AA Batteries (4-pack),1,2/22/2019 10:09
158186,AAA Batteries (4-pack),1,2/19/2019 16:59
158187,AA Batteries (4-pack),2,2/15/2019 6:55
158188,Apple Airpods Headphones,1,2/14/2019 11:35
158189,AA Batteries (4-pack),2,2/28/2019 10:59
158190,Wired Headphones,1,2/8/2019 14:42
158191,AAA Batteries (4-pack),1,2/4/2019 22:48
158192,iPhone,1,2/9/2019 14:46
158193,Apple Airpods Headphones,1,2/27/2019 19:40
158194,34in Ultrawide Monitor,1,2/14/2019 6:13
158195,Bose SoundSport Headphones,1,2/19/2019 7:58
158196,Bose SoundSport Headphones,1,2/19/2019 18:29
158197,Wired Headphones,1,2/25/2019 17:17
158198,27in 4K Gaming Monitor,1,2/27/2019 10:38
158199,AA Batteries (4-pack),1,2/15/2019 21:31
158200,Google Phone,1,2/6/2019 20:43
158201,Macbook Pro Laptop,1,2/21/2019 8:10
158202,ThinkPad Laptop,1,2/10/2019 15:04
158203,27in 4K Gaming Monitor,1,2/9/2019 9:59
158204,USB-C Charging Cable,1,2/7/2019 20:30
158205,Google Phone,1,2/8/2019 22:18
158205,USB-C Charging Cable,1,2/8/2019 22:18
158206,AAA Batteries (4-pack),1,2/5/2019 23:08
158207,ThinkPad Laptop,1,2/16/2019 17:00
158208,Wired Headphones,1,2/20/2019 7:13
158209,AA Batteries (4-pack),3,2/12/2019 22:46
158210,iPhone,1,2/15/2019 16:05
158210,Lightning Charging Cable,1,2/15/2019 16:05
158211,Lightning Charging Cable,1,2/11/2019 15:08
158212,Lightning Charging Cable,1,2/21/2019 11:00
158213,Lightning Charging Cable,1,2/24/2019 16:05
158214,Apple Airpods Headphones,1,2/6/2019 12:52
158215,AA Batteries (4-pack),1,2/5/2019 0:18
158216,Lightning Charging Cable,1,2/4/2019 12:25
158217,Apple Airpods Headphones,1,2/27/2019 17:45
158218,Wired Headphones,2,2/28/2019 16:01
158219,USB-C Charging Cable,2,2/6/2019 0:14
158220,Wired Headphones,1,2/5/2019 12:16
158221,AAA Batteries (4-pack),1,2/22/2019 13:14
158222,Lightning Charging Cable,2,2/17/2019 16:49
158223,AAA Batteries (4-pack),1,2/22/2019 11:25
158224,27in FHD Monitor,1,2/13/2019 20:35
158225,Bose SoundSport Headphones,1,2/5/2019 16:57
158226,Macbook Pro Laptop,1,2/3/2019 14:52
158227,34in Ultrawide Monitor,1,2/11/2019 10:02
158228,Bose SoundSport Headphones,1,2/3/2019 12:40
158229,USB-C Charging Cable,1,2/12/2019 13:58
158230,Lightning Charging Cable,1,2/11/2019 18:22
158231,USB-C Charging Cable,1,2/9/2019 19:42
158232,AA Batteries (4-pack),1,2/13/2019 22:45
158233,AA Batteries (4-pack),1,2/20/2019 10:33
158234,Flatscreen TV,1,2/12/2019 11:52
158235,USB-C Charging Cable,1,2/18/2019 6:26
158236,AA Batteries (4-pack),1,2/19/2019 9:49
158236,AA Batteries (4-pack),1,2/19/2019 9:49
158237,27in 4K Gaming Monitor,1,2/1/2019 10:44
158238,AAA Batteries (4-pack),1,2/2/2019 14:50
158239,Wired Headphones,1,2/20/2019 20:04
158240,Lightning Charging Cable,1,2/8/2019 12:12
158241,LG Dryer,1,2/15/2019 16:08
158242,ThinkPad Laptop,1,2/14/2019 15:04
158243,Bose SoundSport Headphones,1,2/21/2019 14:20
158244,Lightning Charging Cable,1,2/23/2019 18:11
158245,Google Phone,1,2/1/2019 17:28
158246,AAA Batteries (4-pack),1,2/14/2019 17:58
158247,34in Ultrawide Monitor,1,2/7/2019 17:14
158248,AAA Batteries (4-pack),2,2/2/2019 15:24
158249,Apple Airpods Headphones,1,2/26/2019 14:16
158250,AA Batteries (4-pack),2,2/1/2019 20:08
158251,Apple Airpods Headphones,1,2/27/2019 12:59
158252,Wired Headphones,2,2/20/2019 14:44
158253,Lightning Charging Cable,1,2/27/2019 17:53
158254,Lightning Charging Cable,1,2/17/2019 15:39
158255,USB-C Charging Cable,1,2/25/2019 0:50
158256,Apple Airpods Headphones,1,2/4/2019 10:12
158257,Bose SoundSport Headphones,1,2/4/2019 13:39
158258,AAA Batteries (4-pack),1,2/23/2019 14:01
158259,USB-C Charging Cable,1,2/3/2019 19:14
158260,Lightning Charging Cable,1,2/9/2019 11:33
158261,AAA Batteries (4-pack),2,2/19/2019 1:08
158262,Wired Headphones,1,3/1/2019 3:49
158263,34in Ultrawide Monitor,2,2/20/2019 13:24
158264,Macbook Pro Laptop,1,2/13/2019 18:52
158265,Lightning Charging Cable,1,2/9/2019 16:48
158266,Bose SoundSport Headphones,1,2/17/2019 17:54
158267,20in Monitor,1,2/25/2019 23:51
158268,USB-C Charging Cable,1,2/10/2019 9:41
158269,Bose SoundSport Headphones,1,2/5/2019 12:35
158270,iPhone,1,2/5/2019 13:08
158271,27in FHD Monitor,1,2/20/2019 11:35
158272,Lightning Charging Cable,1,2/11/2019 17:54
158273,20in Monitor,1,2/11/2019 23:56
158274,Apple Airpods Headphones,1,2/20/2019 12:54
158275,34in Ultrawide Monitor,1,2/7/2019 16:13
158276,Apple Airpods Headphones,1,2/26/2019 17:01
158277,AA Batteries (4-pack),1,2/27/2019 23:31
158278,USB-C Charging Cable,1,2/3/2019 13:27
158279,USB-C Charging Cable,1,2/10/2019 14:29
158280,Wired Headphones,1,2/2/2019 10:42
158281,AA Batteries (4-pack),1,2/20/2019 22:22
158282,Wired Headphones,1,2/18/2019 12:42
158283,USB-C Charging Cable,2,2/8/2019 19:41
158284,USB-C Charging Cable,1,2/9/2019 10:37
158285,Wired Headphones,1,2/14/2019 13:10
158286,Apple Airpods Headphones,1,2/4/2019 16:47
158287,Apple Airpods Headphones,1,2/25/2019 17:47
158288,Lightning Charging Cable,1,2/4/2019 2:05
158289,AAA Batteries (4-pack),1,2/15/2019 19:20
158290,Apple Airpods Headphones,1,2/6/2019 0:35
158291,20in Monitor,1,2/12/2019 22:03
158292,AA Batteries (4-pack),1,2/26/2019 23:13
158293,Lightning Charging Cable,1,2/8/2019 16:53
158294,Apple Airpods Headphones,1,2/23/2019 23:21
158295,Wired Headphones,1,2/26/2019 23:06
158296,iPhone,1,2/10/2019 10:35
158297,Lightning Charging Cable,1,2/13/2019 19:23
158298,iPhone,1,2/8/2019 7:50
158299,Macbook Pro Laptop,1,2/24/2019 16:02
158300,AAA Batteries (4-pack),1,2/23/2019 13:38
158301,AA Batteries (4-pack),2,2/6/2019 22:26
158302,20in Monitor,1,2/27/2019 22:31
158303,USB-C Charging Cable,1,2/26/2019 18:37
158304,Macbook Pro Laptop,1,2/19/2019 13:18
158305,Google Phone,1,2/27/2019 14:13
158306,Wired Headphones,1,2/13/2019 11:38
158307,ThinkPad Laptop,1,2/19/2019 19:20
158308,AAA Batteries (4-pack),1,2/22/2019 11:07
158309,AA Batteries (4-pack),1,2/14/2019 22:41
158310,Lightning Charging Cable,1,2/19/2019 7:59
158310,USB-C Charging Cable,1,2/19/2019 7:59
158311,Lightning Charging Cable,1,2/13/2019 8:58
158312,AAA Batteries (4-pack),1,2/14/2019 11:28
158313,27in 4K Gaming Monitor,1,2/14/2019 18:27
158314,Bose SoundSport Headphones,1,2/11/2019 13:30
158315,USB-C Charging Cable,1,2/23/2019 16:16
158316,Lightning Charging Cable,1,2/17/2019 18:12
158317,Wired Headphones,1,2/18/2019 19:35
158318,USB-C Charging Cable,1,2/10/2019 14:47
158319,AAA Batteries (4-pack),1,2/22/2019 0:54
158320,Wired Headphones,1,2/2/2019 15:32
158321,Wired Headphones,1,2/17/2019 0:19
158322,AAA Batteries (4-pack),2,2/24/2019 22:26
158323,27in 4K Gaming Monitor,1,2/26/2019 20:57
158324,AAA Batteries (4-pack),1,2/8/2019 10:25
158325,Apple Airpods Headphones,1,2/7/2019 19:19
158326,AAA Batteries (4-pack),1,2/24/2019 12:36
158327,iPhone,1,2/23/2019 12:03
158328,Lightning Charging Cable,1,2/8/2019 12:09
158329,Flatscreen TV,1,2/25/2019 11:18
158330,Google Phone,1,2/18/2019 23:19
158331,Lightning Charging Cable,1,2/12/2019 17:04
158332,Apple Airpods Headphones,1,2/14/2019 16:48
158332,20in Monitor,1,2/14/2019 16:48
158333,Apple Airpods Headphones,1,2/18/2019 19:35
158334,AA Batteries (4-pack),2,2/26/2019 11:18
158335,27in 4K Gaming Monitor,1,3/1/2019 2:01
158336,Apple Airpods Headphones,1,2/26/2019 12:34
158337,Vareebadd Phone,1,2/12/2019 19:22
158337,USB-C Charging Cable,2,2/12/2019 19:22
158338,34in Ultrawide Monitor,1,2/5/2019 21:05
158339,Wired Headphones,1,2/5/2019 11:45
158340,ThinkPad Laptop,1,2/13/2019 19:46
158341,Macbook Pro Laptop,1,2/15/2019 22:30
158342,Google Phone,1,2/3/2019 22:20
158342,USB-C Charging Cable,1,2/3/2019 22:20
158343,Bose SoundSport Headphones,1,2/10/2019 12:42
158344,LG Dryer,1,2/17/2019 10:21
158345,USB-C Charging Cable,1,2/1/2019 13:08
158346,USB-C Charging Cable,1,2/26/2019 20:35
158347,Macbook Pro Laptop,1,2/23/2019 16:20
158348,USB-C Charging Cable,1,2/23/2019 21:03
158348,27in FHD Monitor,1,2/23/2019 21:03
158349,Flatscreen TV,1,2/25/2019 19:12
158350,AAA Batteries (4-pack),1,2/22/2019 14:47
158351,Wired Headphones,1,2/3/2019 15:19
158352,USB-C Charging Cable,1,2/20/2019 8:58
158353,27in 4K Gaming Monitor,1,2/9/2019 16:11
158354,AAA Batteries (4-pack),3,2/12/2019 22:55
158355,Bose SoundSport Headphones,1,2/16/2019 21:39
158356,AA Batteries (4-pack),1,2/17/2019 22:22
158357,Apple Airpods Headphones,1,2/20/2019 15:30
158357,USB-C Charging Cable,1,2/20/2019 15:30
158358,Bose SoundSport Headphones,1,2/28/2019 8:43
158359,AAA Batteries (4-pack),1,2/6/2019 9:25
158360,Lightning Charging Cable,1,2/28/2019 12:27
158361,USB-C Charging Cable,1,2/10/2019 21:46
158362,Wired Headphones,1,2/3/2019 15:53
158363,AAA Batteries (4-pack),1,2/23/2019 18:20
158364,Bose SoundSport Headphones,1,2/19/2019 10:37
158365,AAA Batteries (4-pack),3,2/1/2019 7:32
158366,Apple Airpods Headphones,1,2/15/2019 21:28
158367,AA Batteries (4-pack),1,2/18/2019 22:22
158368,USB-C Charging Cable,1,2/28/2019 19:27
158369,Lightning Charging Cable,1,2/10/2019 14:10
158370,AA Batteries (4-pack),2,2/2/2019 17:15
158371,AA Batteries (4-pack),1,2/27/2019 13:29
158372,Bose SoundSport Headphones,1,2/23/2019 11:34
158373,Apple Airpods Headphones,1,2/2/2019 6:30
158374,AAA Batteries (4-pack),1,2/28/2019 4:47
158375,Apple Airpods Headphones,1,2/12/2019 11:12
158376,AA Batteries (4-pack),1,2/5/2019 14:01
158377,AA Batteries (4-pack),1,2/23/2019 22:33
158378,AA Batteries (4-pack),1,2/20/2019 12:55
158379,USB-C Charging Cable,1,2/5/2019 20:23
158380,34in Ultrawide Monitor,1,2/11/2019 9:24
158381,Lightning Charging Cable,1,2/13/2019 13:30
158382,Wired Headphones,1,2/4/2019 15:49
158383,USB-C Charging Cable,1,2/8/2019 22:16
158384,Apple Airpods Headphones,1,2/27/2019 16:23
158385,Google Phone,1,2/26/2019 18:43
158385,USB-C Charging Cable,1,2/26/2019 18:43
158386,USB-C Charging Cable,1,2/19/2019 12:00
158387,34in Ultrawide Monitor,1,2/24/2019 20:37
158388,USB-C Charging Cable,1,2/19/2019 18:44
158389,AAA Batteries (4-pack),1,2/12/2019 19:25
158390,27in FHD Monitor,1,2/10/2019 10:34
158391,Apple Airpods Headphones,1,2/8/2019 11:12
158391,iPhone,1,2/8/2019 11:12
158392,34in Ultrawide Monitor,1,2/11/2019 17:46
158393,USB-C Charging Cable,1,2/3/2019 7:59
158394,AA Batteries (4-pack),2,2/23/2019 12:11
158395,27in 4K Gaming Monitor,1,2/5/2019 17:01
158396,Bose SoundSport Headphones,1,2/19/2019 12:44
158397,AAA Batteries (4-pack),1,2/4/2019 16:01
158398,iPhone,1,2/24/2019 12:28
158399,AA Batteries (4-pack),1,2/1/2019 16:27
158400,AA Batteries (4-pack),1,2/13/2019 21:46
158401,AAA Batteries (4-pack),2,2/16/2019 14:49
158402,AA Batteries (4-pack),1,2/26/2019 9:36
158403,Apple Airpods Headphones,1,2/4/2019 13:34
158404,Wired Headphones,1,2/16/2019 13:14
158405,Apple Airpods Headphones,1,2/28/2019 23:51
158406,Wired Headphones,1,2/19/2019 21:02
158407,AA Batteries (4-pack),1,2/11/2019 22:44
158408,Wired Headphones,2,2/24/2019 15:43
158408,27in 4K Gaming Monitor,1,2/24/2019 15:43
158409,Lightning Charging Cable,1,2/12/2019 7:53
158410,AAA Batteries (4-pack),1,2/3/2019 13:23
158411,USB-C Charging Cable,1,2/11/2019 19:44
158412,Wired Headphones,1,2/21/2019 13:55
158413,Lightning Charging Cable,1,2/6/2019 20:42
158414,AAA Batteries (4-pack),3,2/27/2019 0:35
158415,Macbook Pro Laptop,1,2/10/2019 23:41
158416,USB-C Charging Cable,1,2/20/2019 10:04
158417,Macbook Pro Laptop,1,2/26/2019 0:55
158418,27in FHD Monitor,1,2/19/2019 8:32
158419,AAA Batteries (4-pack),1,2/8/2019 23:17
158420,USB-C Charging Cable,1,2/6/2019 23:53
158421,Bose SoundSport Headphones,1,2/3/2019 8:47
158422,Google Phone,1,2/9/2019 16:45
158423,27in 4K Gaming Monitor,1,2/7/2019 14:04
158424,ThinkPad Laptop,1,2/18/2019 19:33
158425,AAA Batteries (4-pack),1,2/10/2019 22:18
158426,AAA Batteries (4-pack),1,2/14/2019 21:38
158427,AA Batteries (4-pack),1,2/18/2019 7:30
158428,Apple Airpods Headphones,1,2/26/2019 14:52
158429,AA Batteries (4-pack),1,2/28/2019 18:13
158430,Wired Headphones,1,2/9/2019 14:42
158431,34in Ultrawide Monitor,1,2/25/2019 12:42
158432,USB-C Charging Cable,1,2/27/2019 9:41
158433,AAA Batteries (4-pack),1,2/15/2019 20:08
158434,Apple Airpods Headphones,1,2/17/2019 19:32
158435,Apple Airpods Headphones,1,2/18/2019 11:23
158436,AA Batteries (4-pack),2,2/8/2019 15:24
158437,AAA Batteries (4-pack),1,2/5/2019 17:31
158438,AA Batteries (4-pack),1,2/11/2019 22:55
158439,USB-C Charging Cable,1,2/25/2019 12:04
158440,Wired Headphones,1,2/9/2019 9:57
158441,USB-C Charging Cable,1,2/16/2019 9:02
158442,34in Ultrawide Monitor,1,2/14/2019 3:33
158443,27in FHD Monitor,1,2/22/2019 17:48
158444,Flatscreen TV,1,2/24/2019 13:18
158445,USB-C Charging Cable,1,2/8/2019 19:10
158446,27in 4K Gaming Monitor,1,2/6/2019 11:54
158447,USB-C Charging Cable,1,2/9/2019 14:01
158448,Wired Headphones,1,2/23/2019 15:39
158449,Lightning Charging Cable,1,2/1/2019 12:33
158450,ThinkPad Laptop,1,2/18/2019 14:59
158451,Wired Headphones,1,2/1/2019 19:49
158452,USB-C Charging Cable,1,2/15/2019 20:50
158453,20in Monitor,1,2/24/2019 5:58
158454,AAA Batteries (4-pack),2,2/22/2019 22:14
158455,Wired Headphones,2,2/6/2019 18:11
158456,AA Batteries (4-pack),1,2/5/2019 19:12
158457,AA Batteries (4-pack),1,2/18/2019 22:03
158458,AAA Batteries (4-pack),1,2/6/2019 13:21
158459,Apple Airpods Headphones,1,2/22/2019 0:41
158460,AAA Batteries (4-pack),1,2/4/2019 9:10
158461,USB-C Charging Cable,1,2/7/2019 22:31
158462,Bose SoundSport Headphones,1,2/16/2019 15:49
158463,AAA Batteries (4-pack),1,2/19/2019 17:23
158464,ThinkPad Laptop,1,2/10/2019 9:22
158465,Flatscreen TV,1,2/16/2019 10:36
158466,Bose SoundSport Headphones,1,2/8/2019 11:39
158467,Apple Airpods Headphones,1,2/6/2019 14:53
158468,Lightning Charging Cable,1,2/20/2019 18:08
158469,Flatscreen TV,1,2/22/2019 14:54
158470,Macbook Pro Laptop,1,2/4/2019 21:11
158471,Bose SoundSport Headphones,1,2/16/2019 18:27
158472,Google Phone,1,2/23/2019 21:00
158473,AAA Batteries (4-pack),3,2/20/2019 13:27
158474,iPhone,1,2/19/2019 22:57
158475,USB-C Charging Cable,1,2/12/2019 23:57
158476,27in FHD Monitor,1,2/3/2019 22:52
158477,27in 4K Gaming Monitor,1,2/8/2019 13:11
158478,Wired Headphones,1,2/26/2019 10:57
158479,34in Ultrawide Monitor,1,2/12/2019 0:03
158480,AA Batteries (4-pack),1,2/27/2019 0:13
158481,AA Batteries (4-pack),1,2/17/2019 12:35
158482,AA Batteries (4-pack),1,2/11/2019 17:08
158483,Apple Airpods Headphones,1,2/14/2019 13:26
158484,AAA Batteries (4-pack),1,2/13/2019 7:37
158485,iPhone,1,2/17/2019 11:01
158485,Apple Airpods Headphones,1,2/17/2019 11:01
158486,Wired Headphones,1,2/25/2019 13:46
158487,Lightning Charging Cable,2,2/27/2019 11:30
158488,Bose SoundSport Headphones,1,2/10/2019 21:18
158489,AA Batteries (4-pack),1,2/25/2019 18:00
158490,20in Monitor,1,2/15/2019 15:07
158491,Wired Headphones,1,2/28/2019 8:43
158492,USB-C Charging Cable,1,2/26/2019 16:21
158493,Bose SoundSport Headphones,1,2/7/2019 21:47
158494,Bose SoundSport Headphones,1,2/10/2019 18:58
158495,34in Ultrawide Monitor,1,2/2/2019 15:21
158496,AA Batteries (4-pack),2,2/18/2019 16:43
158497,Wired Headphones,1,2/13/2019 23:25
158498,Apple Airpods Headphones,1,2/16/2019 19:51
158499,Wired Headphones,1,2/16/2019 23:03
158500,AAA Batteries (4-pack),1,2/12/2019 17:21
158501,27in FHD Monitor,1,2/9/2019 15:31
158502,Wired Headphones,1,2/10/2019 22:59
158503,Apple Airpods Headphones,1,2/27/2019 18:23
158504,USB-C Charging Cable,1,2/6/2019 8:35
158505,Apple Airpods Headphones,1,2/16/2019 23:40
158506,USB-C Charging Cable,1,2/20/2019 9:58
158507,AAA Batteries (4-pack),4,2/24/2019 8:49
158508,Lightning Charging Cable,1,2/20/2019 3:21
158509,Apple Airpods Headphones,1,2/24/2019 16:57
158510,AA Batteries (4-pack),1,2/2/2019 14:24
158511,AA Batteries (4-pack),1,2/4/2019 22:52
158512,Lightning Charging Cable,1,2/28/2019 20:35
158512,AAA Batteries (4-pack),1,2/28/2019 20:35
158513,AAA Batteries (4-pack),3,2/20/2019 9:11
158514,Wired Headphones,1,2/27/2019 17:04
158515,34in Ultrawide Monitor,1,2/25/2019 11:35
158516,USB-C Charging Cable,1,2/20/2019 10:51
158517,Wired Headphones,1,2/9/2019 13:04
158518,34in Ultrawide Monitor,1,2/15/2019 9:59
158519,USB-C Charging Cable,1,2/10/2019 16:00
158520,USB-C Charging Cable,1,2/1/2019 12:19
158521,Wired Headphones,1,2/10/2019 15:46
158522,Macbook Pro Laptop,1,2/6/2019 21:48
158523,Apple Airpods Headphones,1,2/21/2019 15:25
158524,AAA Batteries (4-pack),1,2/25/2019 13:17
158525,Bose SoundSport Headphones,1,2/5/2019 12:21
158526,Lightning Charging Cable,1,2/12/2019 5:10
158527,AAA Batteries (4-pack),1,2/1/2019 10:21
158528,Lightning Charging Cable,1,2/11/2019 8:29
158529,iPhone,1,2/25/2019 21:15
158530,Bose SoundSport Headphones,1,2/9/2019 7:01
158531,USB-C Charging Cable,1,2/4/2019 18:52
158532,Google Phone,1,2/13/2019 8:36
158533,20in Monitor,1,2/16/2019 19:54
158534,USB-C Charging Cable,1,2/19/2019 4:53
158535,Apple Airpods Headphones,1,2/10/2019 17:48
158536,USB-C Charging Cable,1,2/20/2019 1:04
158537,Bose SoundSport Headphones,1,2/18/2019 19:15
158538,Lightning Charging Cable,1,2/1/2019 12:59
158539,Macbook Pro Laptop,1,2/16/2019 17:12
158540,Google Phone,1,2/26/2019 9:22
158541,27in 4K Gaming Monitor,1,2/8/2019 15:07
158542,AAA Batteries (4-pack),1,2/4/2019 21:30
158543,Lightning Charging Cable,1,2/7/2019 10:28
158544,34in Ultrawide Monitor,1,2/19/2019 0:06
158545,Wired Headphones,1,2/7/2019 15:28
158546,USB-C Charging Cable,1,2/21/2019 9:24
158547,AAA Batteries (4-pack),1,2/3/2019 18:05
158548,Lightning Charging Cable,1,2/25/2019 23:22
158549,Wired Headphones,1,2/16/2019 10:11
158550,27in FHD Monitor,1,2/18/2019 8:32
158551,LG Dryer,1,2/7/2019 23:50
158552,Apple Airpods Headphones,1,2/7/2019 13:48
158553,Bose SoundSport Headphones,1,2/20/2019 11:34
158554,AA Batteries (4-pack),1,2/24/2019 14:46
158555,Bose SoundSport Headphones,1,2/11/2019 21:27
158556,Macbook Pro Laptop,1,2/19/2019 18:19
158557,34in Ultrawide Monitor,1,2/16/2019 14:24
158558,Wired Headphones,1,2/13/2019 11:12
158559,Wired Headphones,1,2/9/2019 22:05
158560,Lightning Charging Cable,1,2/14/2019 13:12
158561,Bose SoundSport Headphones,1,2/9/2019 17:27
158562,27in 4K Gaming Monitor,1,2/27/2019 18:11
158563,USB-C Charging Cable,1,2/1/2019 23:45
158564,Lightning Charging Cable,1,2/20/2019 18:46
158565,Lightning Charging Cable,1,2/1/2019 16:03
158566,Lightning Charging Cable,1,2/17/2019 13:43
158567,Google Phone,1,2/15/2019 22:11
158568,Macbook Pro Laptop,1,2/24/2019 21:55
158569,USB-C Charging Cable,1,2/19/2019 1:27
158570,Flatscreen TV,1,2/17/2019 13:01
158571,Bose SoundSport Headphones,1,2/5/2019 14:55
158572,Apple Airpods Headphones,1,2/18/2019 0:11
158573,iPhone,1,2/20/2019 11:41
158574,Wired Headphones,1,2/24/2019 10:58
158574,Flatscreen TV,1,2/24/2019 10:58
158575,27in 4K Gaming Monitor,1,2/23/2019 15:11
158576,LG Washing Machine,1,2/16/2019 16:42
158577,Wired Headphones,1,2/13/2019 21:40
158578,Wired Headphones,1,2/2/2019 10:43
158579,AA Batteries (4-pack),1,2/28/2019 19:52
158580,AA Batteries (4-pack),1,2/9/2019 18:21
158581,ThinkPad Laptop,1,2/17/2019 18:13
158582,AA Batteries (4-pack),1,2/16/2019 19:55
158583,Apple Airpods Headphones,1,2/17/2019 13:31
158584,Vareebadd Phone,1,2/25/2019 10:50
158585,Apple Airpods Headphones,1,2/22/2019 1:34
158586,ThinkPad Laptop,1,2/9/2019 20:07
158587,Lightning Charging Cable,1,2/18/2019 0:33
158588,AAA Batteries (4-pack),1,2/24/2019 19:34
158589,Vareebadd Phone,1,2/27/2019 18:34
158589,USB-C Charging Cable,3,2/27/2019 18:34
158590,Lightning Charging Cable,1,2/4/2019 12:28
158591,27in FHD Monitor,1,2/6/2019 7:55
158592,20in Monitor,1,2/2/2019 18:31
158593,AA Batteries (4-pack),1,2/18/2019 19:25
158594,AAA Batteries (4-pack),1,2/26/2019 8:42
158595,Google Phone,1,2/19/2019 6:30
158596,Vareebadd Phone,1,2/6/2019 13:00
158596,Apple Airpods Headphones,1,2/6/2019 13:00
158597,Lightning Charging Cable,1,2/5/2019 11:45
158598,Bose SoundSport Headphones,1,2/2/2019 12:28
158599,iPhone,1,2/9/2019 11:19
158600,USB-C Charging Cable,1,2/28/2019 12:23
158601,Bose SoundSport Headphones,1,2/2/2019 7:20
158602,Apple Airpods Headphones,1,2/27/2019 0:04
158603,USB-C Charging Cable,1,2/23/2019 20:33
158604,Apple Airpods Headphones,1,2/17/2019 22:55
158605,AAA Batteries (4-pack),3,2/19/2019 13:00
158606,Apple Airpods Headphones,1,2/17/2019 11:58
158607,Apple Airpods Headphones,1,2/8/2019 4:24
158608,LG Washing Machine,1,2/11/2019 9:29
158609,Bose SoundSport Headphones,1,2/25/2019 23:34
158610,AA Batteries (4-pack),1,2/15/2019 12:38
158611,AA Batteries (4-pack),1,2/10/2019 11:46
158612,Wired Headphones,1,2/24/2019 18:30
158613,27in 4K Gaming Monitor,1,2/27/2019 11:03
158614,USB-C Charging Cable,1,2/7/2019 6:20
158615,Lightning Charging Cable,1,2/26/2019 22:04
158616,27in FHD Monitor,1,2/9/2019 11:16
158617,USB-C Charging Cable,1,2/8/2019 12:48
158618,34in Ultrawide Monitor,1,2/9/2019 13:52
158619,AAA Batteries (4-pack),1,2/11/2019 23:59
158620,Apple Airpods Headphones,1,2/27/2019 0:00
158621,AA Batteries (4-pack),2,2/3/2019 10:14
158622,Lightning Charging Cable,1,2/16/2019 9:08
158623,Flatscreen TV,1,2/14/2019 21:00
158624,Wired Headphones,1,2/1/2019 15:29
158625,Wired Headphones,1,2/7/2019 15:13
158626,Lightning Charging Cable,2,2/9/2019 13:32
158627,AAA Batteries (4-pack),1,2/10/2019 18:32
158628,USB-C Charging Cable,1,2/6/2019 17:12
158629,Bose SoundSport Headphones,1,2/12/2019 10:56
158630,ThinkPad Laptop,1,2/19/2019 15:50
158631,Wired Headphones,1,2/8/2019 22:26
158631,Bose SoundSport Headphones,1,2/8/2019 22:26
158632,AA Batteries (4-pack),1,2/9/2019 12:58
158633,AAA Batteries (4-pack),5,2/4/2019 18:45
158634,AA Batteries (4-pack),1,2/17/2019 23:22
158635,Lightning Charging Cable,1,2/22/2019 18:48
158636,27in FHD Monitor,1,2/20/2019 19:38
158637,Lightning Charging Cable,1,2/27/2019 12:41
158638,27in 4K Gaming Monitor,1,2/26/2019 16:02
158639,27in 4K Gaming Monitor,1,2/12/2019 18:38
158640,Macbook Pro Laptop,1,2/18/2019 13:30
158641,Flatscreen TV,1,2/21/2019 17:01
158642,Vareebadd Phone,1,2/8/2019 0:00
158642,USB-C Charging Cable,1,2/8/2019 0:00
158643,AA Batteries (4-pack),1,2/23/2019 16:34
158644,Lightning Charging Cable,1,2/18/2019 14:53
158645,AA Batteries (4-pack),2,2/22/2019 17:42
158646,Lightning Charging Cable,1,2/23/2019 3:12
158647,AA Batteries (4-pack),2,2/12/2019 19:52
158648,27in FHD Monitor,1,2/5/2019 12:12
158649,USB-C Charging Cable,1,2/2/2019 20:26
158650,AA Batteries (4-pack),2,2/15/2019 17:42
158651,Apple Airpods Headphones,1,2/27/2019 22:59
158652,Flatscreen TV,1,2/15/2019 14:56
158653,34in Ultrawide Monitor,1,2/7/2019 21:50
158654,USB-C Charging Cable,1,2/27/2019 12:07
158655,27in 4K Gaming Monitor,1,2/9/2019 20:56
158656,27in 4K Gaming Monitor,1,2/21/2019 13:24
158657,Apple Airpods Headphones,1,2/7/2019 12:11
158658,Bose SoundSport Headphones,1,2/6/2019 13:12
158659,AAA Batteries (4-pack),1,2/20/2019 11:27
158660,27in FHD Monitor,1,2/21/2019 9:48
158661,AAA Batteries (4-pack),2,2/13/2019 17:29
158662,AA Batteries (4-pack),1,2/10/2019 12:30
158663,AA Batteries (4-pack),1,2/5/2019 18:02
158664,AAA Batteries (4-pack),2,2/20/2019 10:15
158665,Apple Airpods Headphones,1,2/19/2019 13:56
158666,AAA Batteries (4-pack),1,2/13/2019 19:06
158667,USB-C Charging Cable,1,2/13/2019 15:48
158668,Bose SoundSport Headphones,1,2/14/2019 6:56
158669,USB-C Charging Cable,1,2/4/2019 10:36
158670,AA Batteries (4-pack),1,2/5/2019 20:40
158671,Flatscreen TV,1,2/17/2019 17:19
158672,LG Washing Machine,1,2/18/2019 18:03
158673,Flatscreen TV,1,2/1/2019 13:06
158674,AAA Batteries (4-pack),2,2/16/2019 14:22
158675,AAA Batteries (4-pack),1,2/21/2019 14:11
158676,34in Ultrawide Monitor,1,2/2/2019 21:23
158677,AAA Batteries (4-pack),2,2/24/2019 12:42
158678,AAA Batteries (4-pack),1,2/1/2019 12:28
158679,USB-C Charging Cable,1,2/7/2019 20:49
158680,27in FHD Monitor,1,2/24/2019 22:07
158681,AAA Batteries (4-pack),2,2/11/2019 18:54
158682,ThinkPad Laptop,1,2/16/2019 11:26
158683,Wired Headphones,2,2/27/2019 16:43
158684,Bose SoundSport Headphones,1,2/7/2019 18:20
158685,AA Batteries (4-pack),1,2/5/2019 12:53
158686,20in Monitor,1,2/25/2019 14:11
158687,Macbook Pro Laptop,1,2/10/2019 13:46
158688,AA Batteries (4-pack),1,2/13/2019 11:53
158689,AA Batteries (4-pack),1,2/21/2019 22:18
158690,27in 4K Gaming Monitor,1,2/17/2019 9:03
158691,Wired Headphones,2,2/17/2019 16:38
158692,27in FHD Monitor,1,2/14/2019 6:33
158693,USB-C Charging Cable,1,2/9/2019 9:48
158694,AAA Batteries (4-pack),3,2/23/2019 20:35
158695,Apple Airpods Headphones,1,2/18/2019 17:05
158695,Lightning Charging Cable,1,2/18/2019 17:05
158696,Google Phone,1,2/23/2019 8:29
158697,AA Batteries (4-pack),3,2/26/2019 9:30
158698,27in 4K Gaming Monitor,1,2/4/2019 19:33
158699,USB-C Charging Cable,1,2/11/2019 12:11
158700,Lightning Charging Cable,2,2/27/2019 9:41
158701,AA Batteries (4-pack),1,2/7/2019 10:42
158702,27in 4K Gaming Monitor,1,2/11/2019 12:23
158703,LG Washing Machine,1,2/1/2019 6:50
158704,Flatscreen TV,1,2/7/2019 14:57
158705,AAA Batteries (4-pack),1,2/14/2019 19:50
158706,USB-C Charging Cable,1,2/7/2019 9:09
158707,Bose SoundSport Headphones,1,2/19/2019 13:35
158708,Lightning Charging Cable,1,2/27/2019 16:03
158709,Wired Headphones,3,2/5/2019 11:49
158710,Lightning Charging Cable,1,2/16/2019 21:59
158711,Wired Headphones,1,2/6/2019 1:13
158712,AAA Batteries (4-pack),1,2/15/2019 12:01
158713,Lightning Charging Cable,1,2/14/2019 10:34
158714,Lightning Charging Cable,1,2/22/2019 10:49
158715,USB-C Charging Cable,1,2/22/2019 15:38
158716,USB-C Charging Cable,1,2/6/2019 13:22
158717,Flatscreen TV,1,2/1/2019 17:18
158718,Bose SoundSport Headphones,1,2/6/2019 21:36
158719,Bose SoundSport Headphones,1,2/9/2019 12:31
158720,Lightning Charging Cable,1,2/12/2019 21:54
158721,Wired Headphones,1,2/27/2019 11:32
158722,USB-C Charging Cable,1,2/23/2019 10:03
158723,Lightning Charging Cable,1,2/14/2019 8:10
158724,Wired Headphones,1,2/26/2019 22:22
158725,Bose SoundSport Headphones,1,2/28/2019 20:00
158726,Vareebadd Phone,1,2/6/2019 10:53
158727,Lightning Charging Cable,1,2/4/2019 19:17
158728,USB-C Charging Cable,1,2/15/2019 10:58
158729,USB-C Charging Cable,1,2/27/2019 22:27
158730,Wired Headphones,1,2/2/2019 9:48
158731,Lightning Charging Cable,1,2/18/2019 9:10
158732,AAA Batteries (4-pack),1,2/17/2019 17:02
158733,27in 4K Gaming Monitor,1,2/27/2019 20:25
158734,Macbook Pro Laptop,1,2/27/2019 21:36
158735,Wired Headphones,1,2/23/2019 17:34
158736,Lightning Charging Cable,1,2/16/2019 21:40
158737,USB-C Charging Cable,1,2/13/2019 21:32
158738,USB-C Charging Cable,1,2/23/2019 13:10
158739,AAA Batteries (4-pack),1,2/5/2019 20:34
158740,AAA Batteries (4-pack),1,2/4/2019 17:30
158741,USB-C Charging Cable,1,2/24/2019 14:23
158742,ThinkPad Laptop,1,2/28/2019 23:04
158743,Apple Airpods Headphones,1,2/3/2019 11:34
158744,27in 4K Gaming Monitor,1,2/27/2019 15:19
158745,Apple Airpods Headphones,1,2/3/2019 19:26
158746,USB-C Charging Cable,1,2/28/2019 0:32
158747,USB-C Charging Cable,1,2/7/2019 19:45
158748,Vareebadd Phone,1,2/2/2019 17:11
158749,Macbook Pro Laptop,1,2/14/2019 21:54
158750,27in FHD Monitor,1,2/9/2019 10:35
158751,Flatscreen TV,1,2/21/2019 23:22
158752,Google Phone,1,2/17/2019 16:11
158753,Lightning Charging Cable,1,2/11/2019 10:58
158754,20in Monitor,1,2/18/2019 8:25
158755,Apple Airpods Headphones,1,2/10/2019 14:18
158756,Flatscreen TV,1,2/1/2019 23:27
158757,Lightning Charging Cable,1,2/25/2019 22:41
158758,Wired Headphones,1,2/26/2019 22:01
158759,AAA Batteries (4-pack),2,2/10/2019 9:39
158760,Apple Airpods Headphones,1,2/7/2019 19:39
158761,Bose SoundSport Headphones,1,2/26/2019 9:12
158762,ThinkPad Laptop,1,2/20/2019 0:27
158763,AAA Batteries (4-pack),2,2/21/2019 19:47
158764,Wired Headphones,1,2/15/2019 18:38
158765,AAA Batteries (4-pack),1,2/2/2019 17:55
158766,AA Batteries (4-pack),1,2/5/2019 21:52
158767,Lightning Charging Cable,1,2/7/2019 18:20
158768,USB-C Charging Cable,1,2/3/2019 8:15
158769,USB-C Charging Cable,1,2/7/2019 14:19
158770,Lightning Charging Cable,1,2/15/2019 14:30
158771,Lightning Charging Cable,1,2/20/2019 17:46
158772,iPhone,1,2/17/2019 22:42
158773,20in Monitor,1,2/11/2019 19:05
158774,Wired Headphones,1,2/25/2019 11:13
158775,27in FHD Monitor,1,2/22/2019 9:09
158776,Google Phone,1,2/22/2019 20:10
158777,USB-C Charging Cable,1,2/17/2019 23:19
158778,AAA Batteries (4-pack),1,2/13/2019 15:57
158779,Apple Airpods Headphones,1,2/15/2019 11:35
158780,Wired Headphones,1,2/11/2019 21:45
158781,Lightning Charging Cable,1,2/28/2019 7:30
158782,Google Phone,1,2/16/2019 12:27
158783,AAA Batteries (4-pack),2,2/18/2019 14:53
158784,USB-C Charging Cable,1,2/1/2019 18:35
158785,AAA Batteries (4-pack),1,2/23/2019 18:28
158786,USB-C Charging Cable,1,2/24/2019 19:26
158787,USB-C Charging Cable,1,2/2/2019 16:23
158788,AA Batteries (4-pack),1,2/8/2019 20:01
158789,AA Batteries (4-pack),1,2/23/2019 9:54
158790,27in FHD Monitor,1,2/13/2019 19:37
158791,Lightning Charging Cable,1,2/9/2019 9:11
158792,LG Dryer,1,2/1/2019 20:12
158793,AA Batteries (4-pack),1,2/22/2019 16:58
158794,USB-C Charging Cable,1,2/1/2019 12:55
158795,AAA Batteries (4-pack),1,2/26/2019 7:48
158796,USB-C Charging Cable,1,2/23/2019 19:11
158797,Lightning Charging Cable,1,2/24/2019 21:19
158798,iPhone,1,2/23/2019 3:11
158799,Wired Headphones,1,2/19/2019 15:17
158800,Apple Airpods Headphones,1,2/21/2019 12:39
158801,Wired Headphones,1,2/27/2019 19:50
158802,27in FHD Monitor,1,2/18/2019 13:47
158803,USB-C Charging Cable,2,2/5/2019 20:20
158804,AAA Batteries (4-pack),1,2/22/2019 15:32
158805,34in Ultrawide Monitor,1,2/16/2019 10:44
158806,ThinkPad Laptop,1,2/21/2019 9:55
158807,Bose SoundSport Headphones,1,2/7/2019 21:13
158808,20in Monitor,1,2/27/2019 22:53
158809,USB-C Charging Cable,1,2/28/2019 18:01
158810,AA Batteries (4-pack),1,2/19/2019 9:10
158811,Apple Airpods Headphones,1,2/6/2019 15:33
158812,Wired Headphones,1,2/19/2019 6:50
158813,Bose SoundSport Headphones,1,2/13/2019 17:08
158814,USB-C Charging Cable,1,2/16/2019 12:12
158815,Vareebadd Phone,1,2/14/2019 22:13
158816,USB-C Charging Cable,1,2/14/2019 20:35
158817,27in 4K Gaming Monitor,2,2/8/2019 10:56
158818,Flatscreen TV,1,2/19/2019 13:25
158819,27in 4K Gaming Monitor,1,2/21/2019 23:17
158820,Lightning Charging Cable,1,2/9/2019 7:29
158821,Vareebadd Phone,1,2/7/2019 2:23
158822,USB-C Charging Cable,1,2/24/2019 15:23
158823,ThinkPad Laptop,1,2/18/2019 15:44
158824,Lightning Charging Cable,1,2/22/2019 0:07
158825,AAA Batteries (4-pack),1,2/11/2019 21:52
158826,AA Batteries (4-pack),1,2/20/2019 16:49
158827,34in Ultrawide Monitor,1,2/7/2019 17:57
158828,Apple Airpods Headphones,1,2/9/2019 15:25
158829,USB-C Charging Cable,1,2/27/2019 19:12
158830,Lightning Charging Cable,1,2/19/2019 14:17
158831,Macbook Pro Laptop,1,2/10/2019 13:18
158832,Apple Airpods Headphones,1,2/14/2019 0:35
158833,AAA Batteries (4-pack),4,2/23/2019 10:22
158834,27in 4K Gaming Monitor,1,2/12/2019 19:29
158835,Google Phone,1,2/21/2019 17:25
158836,AAA Batteries (4-pack),1,2/15/2019 0:26
158837,Macbook Pro Laptop,1,2/19/2019 13:16
158838,Wired Headphones,1,2/14/2019 20:06
158839,AAA Batteries (4-pack),1,2/23/2019 9:51
158840,Lightning Charging Cable,1,2/20/2019 21:32
158841,34in Ultrawide Monitor,1,2/1/2019 23:16
158841,34in Ultrawide Monitor,1,2/1/2019 23:16
158842,USB-C Charging Cable,1,2/8/2019 13:29
158843,34in Ultrawide Monitor,1,2/11/2019 22:29
158844,Lightning Charging Cable,1,2/8/2019 10:05
158845,Wired Headphones,1,2/7/2019 15:33
158846,USB-C Charging Cable,1,2/5/2019 15:43
158847,27in FHD Monitor,1,2/15/2019 18:13
158848,iPhone,1,2/8/2019 12:41
158849,Lightning Charging Cable,1,2/13/2019 16:55
158850,Google Phone,1,2/15/2019 22:37
158850,USB-C Charging Cable,1,2/15/2019 22:37
158851,Lightning Charging Cable,1,2/7/2019 19:04
158852,Vareebadd Phone,1,2/12/2019 17:53
158852,Wired Headphones,1,2/12/2019 17:53
158853,AA Batteries (4-pack),1,2/12/2019 20:35
158854,AAA Batteries (4-pack),1,2/23/2019 10:39
158855,Lightning Charging Cable,1,2/3/2019 20:21
158856,AA Batteries (4-pack),1,2/12/2019 9:05
158857,ThinkPad Laptop,1,2/3/2019 12:22
158858,USB-C Charging Cable,1,2/26/2019 19:29
158859,AAA Batteries (4-pack),2,2/8/2019 21:55
158860,Apple Airpods Headphones,1,2/8/2019 7:38
158861,Vareebadd Phone,1,2/24/2019 15:39
158862,Lightning Charging Cable,2,2/26/2019 16:18
158863,ThinkPad Laptop,1,2/21/2019 15:01
158864,Lightning Charging Cable,1,2/12/2019 22:14
158865,ThinkPad Laptop,1,2/27/2019 17:32
158866,Google Phone,1,2/13/2019 16:20
158866,USB-C Charging Cable,1,2/13/2019 16:20
158867,Lightning Charging Cable,1,2/20/2019 8:47
158868,Bose SoundSport Headphones,1,2/24/2019 19:46
158869,27in FHD Monitor,1,2/12/2019 17:49
158870,AA Batteries (4-pack),2,2/21/2019 15:17
158871,27in FHD Monitor,1,2/24/2019 22:27
158872,Lightning Charging Cable,1,2/25/2019 0:38
158873,Lightning Charging Cable,1,2/24/2019 1:53
158874,27in FHD Monitor,1,2/25/2019 11:53
158875,AA Batteries (4-pack),1,2/8/2019 19:26
158876,AA Batteries (4-pack),1,2/14/2019 12:55
158877,27in FHD Monitor,1,2/6/2019 13:42
158878,27in 4K Gaming Monitor,1,2/1/2019 7:54
158879,USB-C Charging Cable,1,2/25/2019 5:41
158880,Wired Headphones,1,2/20/2019 22:06
158881,AA Batteries (4-pack),1,2/17/2019 17:01
158882,AA Batteries (4-pack),2,2/22/2019 20:22
158883,Bose SoundSport Headphones,1,2/27/2019 14:29
158884,Google Phone,1,2/23/2019 22:47
158884,USB-C Charging Cable,1,2/23/2019 22:47
158885,AAA Batteries (4-pack),1,2/18/2019 14:13
158886,Google Phone,1,2/24/2019 17:46
158887,20in Monitor,1,2/15/2019 13:59
158888,ThinkPad Laptop,1,2/24/2019 12:09
158889,Google Phone,1,2/10/2019 9:23
158890,Apple Airpods Headphones,1,2/7/2019 13:10
158891,Lightning Charging Cable,1,2/5/2019 7:19
158892,Apple Airpods Headphones,1,2/10/2019 17:32
158893,USB-C Charging Cable,1,2/8/2019 15:32
158894,Apple Airpods Headphones,1,2/5/2019 17:10
158895,AA Batteries (4-pack),2,2/17/2019 8:39
158896,Lightning Charging Cable,1,2/13/2019 13:29
158897,Wired Headphones,1,2/13/2019 22:59
158898,AAA Batteries (4-pack),1,2/13/2019 17:55
158899,USB-C Charging Cable,1,2/11/2019 15:24
158899,34in Ultrawide Monitor,1,2/11/2019 15:24
158900,USB-C Charging Cable,1,2/2/2019 20:52
158901,27in 4K Gaming Monitor,1,2/8/2019 21:53
158902,Vareebadd Phone,1,2/16/2019 8:05
158903,Wired Headphones,1,2/17/2019 18:10
158904,iPhone,1,2/1/2019 16:47
158905,27in FHD Monitor,1,2/9/2019 20:13
158906,Lightning Charging Cable,1,2/5/2019 2:11
158907,Lightning Charging Cable,1,2/13/2019 10:42
158908,Lightning Charging Cable,1,2/6/2019 16:41
158909,Lightning Charging Cable,1,2/2/2019 18:39
158910,USB-C Charging Cable,1,2/16/2019 21:13
158911,Wired Headphones,1,2/2/2019 22:35
158912,Wired Headphones,1,2/26/2019 23:07
158913,Apple Airpods Headphones,1,2/19/2019 21:10
158914,Google Phone,1,2/22/2019 8:06
158915,27in 4K Gaming Monitor,1,2/12/2019 17:04
158916,20in Monitor,1,2/3/2019 1:25
158917,USB-C Charging Cable,1,2/9/2019 21:01
158918,AAA Batteries (4-pack),3,2/8/2019 22:03
158919,AAA Batteries (4-pack),2,2/1/2019 13:59
158920,Apple Airpods Headphones,1,2/9/2019 12:23
158921,20in Monitor,1,2/9/2019 20:02
158922,Wired Headphones,1,2/6/2019 18:56
158923,Bose SoundSport Headphones,1,2/5/2019 10:39
158924,34in Ultrawide Monitor,1,2/20/2019 6:35
158925,Bose SoundSport Headphones,1,2/4/2019 16:29
158926,iPhone,1,2/15/2019 12:58
158927,Wired Headphones,1,2/26/2019 13:21
158928,AAA Batteries (4-pack),1,2/24/2019 14:52
158929,AAA Batteries (4-pack),1,2/2/2019 8:18
158930,Lightning Charging Cable,1,2/7/2019 20:06
158931,Bose SoundSport Headphones,1,2/10/2019 9:42
158932,AAA Batteries (4-pack),1,2/26/2019 16:35
158933,AA Batteries (4-pack),1,2/12/2019 23:01
158934,AAA Batteries (4-pack),1,2/16/2019 16:24
158935,USB-C Charging Cable,1,2/12/2019 14:26
158936,Macbook Pro Laptop,1,2/2/2019 17:39
158937,20in Monitor,1,2/11/2019 12:39
158938,LG Washing Machine,1,2/4/2019 0:23
158939,Lightning Charging Cable,1,2/2/2019 20:20
158940,Lightning Charging Cable,1,2/19/2019 17:06
158941,AA Batteries (4-pack),1,2/13/2019 15:20
158942,Bose SoundSport Headphones,1,2/18/2019 8:55
158943,20in Monitor,1,2/25/2019 11:57
158944,iPhone,1,2/20/2019 16:12
158945,AA Batteries (4-pack),2,2/21/2019 21:57
158946,Apple Airpods Headphones,1,2/5/2019 18:04
158947,ThinkPad Laptop,1,2/13/2019 7:25
158948,USB-C Charging Cable,1,2/26/2019 15:28
158949,AA Batteries (4-pack),1,2/20/2019 18:49
158950,Bose SoundSport Headphones,1,2/2/2019 16:09
158951,27in FHD Monitor,1,2/9/2019 23:33
158952,Wired Headphones,1,2/22/2019 17:46
158953,AA Batteries (4-pack),1,2/17/2019 15:50
158954,Apple Airpods Headphones,1,2/16/2019 16:36
158955,Vareebadd Phone,1,2/19/2019 2:26
158955,USB-C Charging Cable,1,2/19/2019 2:26
158956,Wired Headphones,1,2/9/2019 9:56
158957,Lightning Charging Cable,1,2/18/2019 16:37
158958,AA Batteries (4-pack),1,2/26/2019 9:22
158959,USB-C Charging Cable,1,2/22/2019 18:31
158960,ThinkPad Laptop,1,2/1/2019 14:19
158961,Bose SoundSport Headphones,1,2/22/2019 17:33
158962,AAA Batteries (4-pack),2,2/12/2019 11:29
158963,Bose SoundSport Headphones,1,2/14/2019 18:26
158964,AAA Batteries (4-pack),1,2/24/2019 10:12
158965,Wired Headphones,1,2/6/2019 17:36
158966,AA Batteries (4-pack),2,2/3/2019 19:22
158967,Google Phone,1,2/4/2019 19:41
158968,Apple Airpods Headphones,1,2/13/2019 18:05
158969,Apple Airpods Headphones,1,2/18/2019 23:41
158970,LG Washing Machine,1,2/3/2019 13:16
158971,AAA Batteries (4-pack),1,2/10/2019 12:32
158972,AA Batteries (4-pack),1,2/20/2019 21:16
158973,34in Ultrawide Monitor,1,2/10/2019 20:19
158973,AA Batteries (4-pack),3,2/10/2019 20:19
158974,LG Washing Machine,1,2/5/2019 11:52
158975,Lightning Charging Cable,1,2/14/2019 23:49
158976,20in Monitor,1,2/27/2019 20:54
158977,AAA Batteries (4-pack),1,2/10/2019 15:26
158978,Apple Airpods Headphones,1,2/12/2019 14:57
158979,Wired Headphones,1,2/10/2019 14:45
158980,Google Phone,1,2/26/2019 22:31
158981,Google Phone,1,2/22/2019 11:44
158982,27in FHD Monitor,1,2/5/2019 21:18
158983,Apple Airpods Headphones,1,2/26/2019 13:40
158984,USB-C Charging Cable,1,2/25/2019 21:07
158985,AA Batteries (4-pack),3,2/24/2019 16:58
158986,AA Batteries (4-pack),3,2/16/2019 20:33
158987,USB-C Charging Cable,1,2/19/2019 21:40
158988,Wired Headphones,1,2/24/2019 22:56
158989,AAA Batteries (4-pack),1,2/26/2019 16:43
158990,Google Phone,1,2/9/2019 8:23
158991,27in 4K Gaming Monitor,1,2/26/2019 21:37
158992,27in FHD Monitor,1,2/6/2019 14:10
158993,AAA Batteries (4-pack),1,2/13/2019 10:04
158994,AAA Batteries (4-pack),2,2/20/2019 13:01
158995,Lightning Charging Cable,1,2/12/2019 23:06
158996,Bose SoundSport Headphones,1,2/5/2019 12:02
158997,USB-C Charging Cable,1,2/14/2019 23:35
158998,27in FHD Monitor,1,2/4/2019 17:33
158999,AAA Batteries (4-pack),3,2/21/2019 12:28
159000,iPhone,1,2/4/2019 10:40
159000,Lightning Charging Cable,1,2/4/2019 10:40
159000,Wired Headphones,1,2/4/2019 10:40
159001,USB-C Charging Cable,1,2/15/2019 9:41
159002,Wired Headphones,1,2/3/2019 15:05
159003,AAA Batteries (4-pack),2,2/7/2019 11:03
159004,Bose SoundSport Headphones,1,2/23/2019 18:54
159005,Lightning Charging Cable,1,2/2/2019 17:29
159006,Lightning Charging Cable,1,2/4/2019 11:45
159007,Lightning Charging Cable,1,2/9/2019 20:50
159008,34in Ultrawide Monitor,1,2/4/2019 7:19
159009,AAA Batteries (4-pack),1,2/16/2019 12:05
159010,iPhone,1,2/27/2019 17:23
159011,AAA Batteries (4-pack),2,2/28/2019 18:50
159012,AA Batteries (4-pack),2,2/15/2019 20:27
159013,AAA Batteries (4-pack),1,2/15/2019 13:07
159014,USB-C Charging Cable,1,2/11/2019 19:12
159015,Macbook Pro Laptop,1,2/21/2019 18:21
159016,27in 4K Gaming Monitor,1,2/24/2019 17:25
159017,Bose SoundSport Headphones,1,2/19/2019 22:01
159018,Lightning Charging Cable,1,2/9/2019 21:32
159019,Wired Headphones,1,2/12/2019 10:49
159020,Apple Airpods Headphones,1,2/26/2019 13:19
159021,AAA Batteries (4-pack),1,2/17/2019 16:26
159022,34in Ultrawide Monitor,1,2/15/2019 14:22
159023,USB-C Charging Cable,1,2/27/2019 14:56
159024,ThinkPad Laptop,1,2/13/2019 19:11
159025,AAA Batteries (4-pack),1,2/24/2019 15:11
159026,iPhone,1,2/1/2019 17:02
159026,Wired Headphones,2,2/1/2019 17:02
159027,Wired Headphones,1,2/10/2019 11:56
159028,Macbook Pro Laptop,1,2/17/2019 14:04
159029,Google Phone,1,2/17/2019 22:29
159030,USB-C Charging Cable,1,2/10/2019 17:18
159031,USB-C Charging Cable,1,2/22/2019 11:03
159032,Lightning Charging Cable,1,2/19/2019 14:21
159033,Wired Headphones,2,2/17/2019 18:39
159034,ThinkPad Laptop,1,2/15/2019 15:19
159035,USB-C Charging Cable,1,2/5/2019 9:38
159036,AAA Batteries (4-pack),1,2/6/2019 18:57
159037,20in Monitor,1,2/8/2019 10:44
159038,Lightning Charging Cable,1,2/3/2019 18:24
159039,27in 4K Gaming Monitor,1,2/26/2019 15:11
159040,34in Ultrawide Monitor,1,2/14/2019 12:06
159041,Bose SoundSport Headphones,1,2/22/2019 19:36
159041,USB-C Charging Cable,1,2/22/2019 19:36
159042,Bose SoundSport Headphones,1,2/26/2019 22:15
159043,Lightning Charging Cable,1,2/9/2019 20:58
159044,Bose SoundSport Headphones,1,2/7/2019 10:12
159045,Google Phone,1,2/25/2019 10:19
159045,Lightning Charging Cable,1,2/25/2019 10:19
159046,USB-C Charging Cable,2,2/13/2019 23:39
159047,AA Batteries (4-pack),1,2/18/2019 8:17
159048,USB-C Charging Cable,1,2/23/2019 10:31
159049,AAA Batteries (4-pack),1,2/4/2019 13:10
159050,iPhone,1,2/9/2019 21:30
159051,AA Batteries (4-pack),1,2/9/2019 17:05
159052,USB-C Charging Cable,2,2/1/2019 14:46
159053,Lightning Charging Cable,2,2/16/2019 18:31
159054,AAA Batteries (4-pack),1,2/13/2019 18:51
159055,AA Batteries (4-pack),1,2/1/2019 14:38
159056,27in FHD Monitor,1,2/26/2019 19:21
159057,Lightning Charging Cable,1,2/10/2019 14:03
159058,20in Monitor,1,2/2/2019 19:47
159059,Macbook Pro Laptop,1,2/8/2019 17:24
159060,Bose SoundSport Headphones,1,2/24/2019 15:42
159061,USB-C Charging Cable,1,2/15/2019 22:09
159062,Wired Headphones,1,2/12/2019 14:07
159063,Flatscreen TV,1,2/7/2019 20:24
159064,AAA Batteries (4-pack),1,2/19/2019 17:09
159065,Macbook Pro Laptop,1,2/12/2019 22:53
159066,AA Batteries (4-pack),1,2/9/2019 11:20
159067,27in 4K Gaming Monitor,1,2/20/2019 17:21
159068,Lightning Charging Cable,2,2/21/2019 10:10
159069,Wired Headphones,2,2/26/2019 18:52
159070,Lightning Charging Cable,1,2/26/2019 21:24
159071,Apple Airpods Headphones,1,2/27/2019 13:51
159072,Apple Airpods Headphones,1,2/6/2019 19:18
159073,USB-C Charging Cable,1,2/27/2019 16:57
159073,Flatscreen TV,1,2/27/2019 16:57
159074,27in 4K Gaming Monitor,1,2/23/2019 14:16
159075,Bose SoundSport Headphones,1,2/1/2019 22:04
159076,Bose SoundSport Headphones,1,2/23/2019 16:19
159077,34in Ultrawide Monitor,1,2/17/2019 8:32
159078,Lightning Charging Cable,1,2/26/2019 22:49
159079,20in Monitor,1,2/11/2019 15:53
159080,Wired Headphones,1,2/20/2019 21:00
159081,AAA Batteries (4-pack),1,2/16/2019 10:23
159082,Apple Airpods Headphones,1,2/21/2019 11:47
159083,USB-C Charging Cable,1,2/23/2019 12:38
159084,Google Phone,1,2/24/2019 20:43
159084,USB-C Charging Cable,1,2/24/2019 20:43
159085,iPhone,1,2/2/2019 18:56
159086,AA Batteries (4-pack),1,2/3/2019 17:19
159087,Wired Headphones,1,2/20/2019 15:52
159088,Vareebadd Phone,1,2/14/2019 7:18
159089,27in FHD Monitor,1,2/16/2019 13:37
159090,Flatscreen TV,1,2/7/2019 6:27
159091,USB-C Charging Cable,1,2/7/2019 16:34
159092,34in Ultrawide Monitor,1,2/28/2019 9:48
159093,Vareebadd Phone,1,2/28/2019 19:20
159094,Flatscreen TV,1,2/9/2019 20:34
159095,AAA Batteries (4-pack),1,2/7/2019 10:24
159096,ThinkPad Laptop,1,2/2/2019 9:03
159097,USB-C Charging Cable,1,2/2/2019 21:19
159098,USB-C Charging Cable,1,2/8/2019 13:09
159099,Wired Headphones,1,2/17/2019 18:26
159100,AA Batteries (4-pack),1,2/14/2019 18:04
159101,USB-C Charging Cable,1,2/17/2019 13:22
159102,USB-C Charging Cable,1,2/21/2019 6:53
159103,27in FHD Monitor,1,2/3/2019 22:16
159104,USB-C Charging Cable,1,2/27/2019 20:47
159105,Bose SoundSport Headphones,1,2/13/2019 6:50
159106,Apple Airpods Headphones,1,2/21/2019 0:20
159107,Apple Airpods Headphones,1,2/26/2019 14:53
159108,Macbook Pro Laptop,1,2/2/2019 0:17
159109,Bose SoundSport Headphones,1,2/13/2019 17:15
159110,27in 4K Gaming Monitor,1,2/16/2019 8:46
159111,USB-C Charging Cable,2,2/18/2019 10:16
159112,Lightning Charging Cable,1,2/5/2019 20:17
159113,Lightning Charging Cable,1,2/27/2019 6:34
159114,USB-C Charging Cable,1,2/18/2019 19:30
159115,Wired Headphones,1,2/10/2019 18:27
159116,USB-C Charging Cable,1,2/13/2019 16:37
159117,Lightning Charging Cable,1,2/13/2019 22:46
159118,27in 4K Gaming Monitor,1,2/7/2019 1:44
159119,Apple Airpods Headphones,1,2/10/2019 21:56
159120,USB-C Charging Cable,1,2/3/2019 14:14
159121,AA Batteries (4-pack),1,2/12/2019 15:25
159122,AA Batteries (4-pack),1,2/25/2019 10:25
159123,Bose SoundSport Headphones,1,2/12/2019 9:47
159124,AAA Batteries (4-pack),1,2/9/2019 17:49
159125,20in Monitor,1,2/23/2019 9:13
159126,27in FHD Monitor,1,2/14/2019 5:52
159127,Apple Airpods Headphones,1,2/3/2019 14:15
159128,AA Batteries (4-pack),1,2/20/2019 13:12
159129,AA Batteries (4-pack),2,2/27/2019 22:17
159130,iPhone,1,2/7/2019 13:17
159131,27in FHD Monitor,1,2/14/2019 14:25
159132,27in FHD Monitor,1,2/26/2019 13:40
159133,Lightning Charging Cable,1,2/22/2019 20:21
159134,34in Ultrawide Monitor,1,2/11/2019 9:52
159135,AAA Batteries (4-pack),1,2/25/2019 21:16
159136,AAA Batteries (4-pack),2,2/1/2019 21:03
159137,27in 4K Gaming Monitor,1,2/25/2019 19:31
159138,34in Ultrawide Monitor,1,2/2/2019 12:15
159139,USB-C Charging Cable,1,2/7/2019 14:00
159140,Google Phone,1,2/23/2019 17:00
159140,USB-C Charging Cable,1,2/23/2019 17:00
159141,Wired Headphones,1,2/22/2019 10:21
159142,USB-C Charging Cable,1,2/1/2019 21:17
159143,USB-C Charging Cable,1,2/25/2019 0:29
159144,27in FHD Monitor,1,2/17/2019 15:21
159145,Lightning Charging Cable,1,2/8/2019 19:05
159146,27in FHD Monitor,1,2/8/2019 20:20
159147,AA Batteries (4-pack),3,2/18/2019 23:30
159148,USB-C Charging Cable,1,2/1/2019 11:47
159149,AA Batteries (4-pack),1,2/26/2019 15:55
159150,27in 4K Gaming Monitor,1,2/17/2019 10:59
159151,Wired Headphones,1,2/2/2019 15:13
159152,USB-C Charging Cable,1,2/13/2019 14:56
159153,AA Batteries (4-pack),1,2/24/2019 7:41
159154,USB-C Charging Cable,1,2/8/2019 7:49
159155,USB-C Charging Cable,1,2/17/2019 17:36
159156,Apple Airpods Headphones,1,2/16/2019 0:09
159157,Lightning Charging Cable,1,2/24/2019 12:34
159158,Bose SoundSport Headphones,1,2/1/2019 7:00
159159,Bose SoundSport Headphones,1,2/7/2019 10:25
159160,USB-C Charging Cable,1,2/2/2019 5:31
159161,Bose SoundSport Headphones,1,2/3/2019 22:31
159162,AAA Batteries (4-pack),1,2/24/2019 17:59
159163,AAA Batteries (4-pack),2,2/5/2019 15:39
159164,LG Washing Machine,1,2/27/2019 18:01
159165,27in 4K Gaming Monitor,1,2/1/2019 19:34
,,,
159166,20in Monitor,1,2/26/2019 10:02
159167,Apple Airpods Headphones,1,2/10/2019 14:04
159168,AA Batteries (4-pack),1,2/25/2019 19:46
159169,Bose SoundSport Headphones,1,2/3/2019 17:23
159170,AAA Batteries (4-pack),2,2/16/2019 21:34
159171,Google Phone,1,2/15/2019 22:24
159172,AAA Batteries (4-pack),1,2/17/2019 2:55
159173,Macbook Pro Laptop,1,2/23/2019 9:02
159174,AA Batteries (4-pack),1,2/1/2019 20:25
159175,34in Ultrawide Monitor,1,2/28/2019 18:01
159176,Bose SoundSport Headphones,1,2/9/2019 9:49
159177,Lightning Charging Cable,1,2/7/2019 22:20
159178,AAA Batteries (4-pack),1,2/24/2019 12:13
159179,iPhone,1,2/3/2019 15:50
159180,Bose SoundSport Headphones,1,2/26/2019 18:57
159181,iPhone,1,2/19/2019 7:16
159182,Bose SoundSport Headphones,1,2/20/2019 16:20
159183,Wired Headphones,1,2/10/2019 10:43
159183,AAA Batteries (4-pack),1,2/10/2019 10:43
159184,Apple Airpods Headphones,1,2/28/2019 14:30
159185,Lightning Charging Cable,1,2/20/2019 17:10
159186,Google Phone,1,2/2/2019 9:21
159187,Lightning Charging Cable,1,2/14/2019 22:11
159188,AAA Batteries (4-pack),2,2/3/2019 20:42
159189,AAA Batteries (4-pack),1,2/20/2019 22:39
159190,Bose SoundSport Headphones,1,2/27/2019 17:56
159191,27in FHD Monitor,1,2/22/2019 18:08
159192,Lightning Charging Cable,1,2/12/2019 17:03
159193,USB-C Charging Cable,1,2/1/2019 5:50
159194,Flatscreen TV,1,2/9/2019 17:36
159195,iPhone,1,2/25/2019 19:04
159196,Apple Airpods Headphones,1,2/22/2019 11:42
159197,Vareebadd Phone,1,2/6/2019 11:14
159197,Wired Headphones,1,2/6/2019 11:14
159197,Apple Airpods Headphones,1,2/6/2019 11:14
159198,AA Batteries (4-pack),1,2/24/2019 21:17
159199,USB-C Charging Cable,1,2/21/2019 11:06
159200,USB-C Charging Cable,1,2/14/2019 8:02
159201,27in 4K Gaming Monitor,1,2/25/2019 8:24
159202,Wired Headphones,1,2/26/2019 16:26
159203,AA Batteries (4-pack),1,2/3/2019 21:18
159204,Google Phone,1,2/13/2019 21:52
159204,Wired Headphones,2,2/13/2019 21:52
159205,USB-C Charging Cable,1,2/11/2019 20:44
159206,Lightning Charging Cable,1,2/23/2019 22:10
159207,Vareebadd Phone,1,2/28/2019 18:14
159208,Bose SoundSport Headphones,1,2/16/2019 19:40
159209,Bose SoundSport Headphones,1,2/4/2019 15:20
159210,Lightning Charging Cable,1,2/21/2019 7:52
159211,Wired Headphones,2,2/27/2019 13:59
159212,Wired Headphones,1,2/19/2019 16:01
159213,Google Phone,1,2/12/2019 14:12
159214,AA Batteries (4-pack),2,2/1/2019 20:32
159215,34in Ultrawide Monitor,1,2/5/2019 13:02
159216,Bose SoundSport Headphones,1,2/27/2019 23:53
159217,AA Batteries (4-pack),1,2/8/2019 15:06
159218,Macbook Pro Laptop,1,2/11/2019 13:59
159219,Google Phone,1,2/4/2019 22:33
159219,USB-C Charging Cable,1,2/4/2019 22:33
159219,Wired Headphones,1,2/4/2019 22:33
159220,Bose SoundSport Headphones,1,2/5/2019 20:26
159221,AA Batteries (4-pack),4,2/8/2019 17:58
159222,Apple Airpods Headphones,1,2/27/2019 13:39
159223,Lightning Charging Cable,1,2/13/2019 18:22
159224,Lightning Charging Cable,1,2/8/2019 15:38
159225,AAA Batteries (4-pack),1,2/10/2019 18:48
159226,ThinkPad Laptop,1,2/4/2019 23:46
159227,AAA Batteries (4-pack),2,2/14/2019 17:39
159228,34in Ultrawide Monitor,1,2/18/2019 13:29
159229,Bose SoundSport Headphones,1,2/17/2019 12:55
159230,AAA Batteries (4-pack),1,2/24/2019 9:18
159231,USB-C Charging Cable,1,2/17/2019 10:49
159232,Apple Airpods Headphones,1,2/9/2019 14:16
159233,Bose SoundSport Headphones,1,2/4/2019 16:04
159234,iPhone,1,2/7/2019 12:33
159235,Bose SoundSport Headphones,1,2/22/2019 10:01
159236,AA Batteries (4-pack),1,2/3/2019 19:44
159237,34in Ultrawide Monitor,1,2/6/2019 16:32
159238,AA Batteries (4-pack),2,2/9/2019 10:24
159239,USB-C Charging Cable,1,2/10/2019 21:35
159240,Flatscreen TV,1,2/12/2019 19:38
159240,Apple Airpods Headphones,1,2/12/2019 19:38
159241,USB-C Charging Cable,1,2/20/2019 0:05
159242,AA Batteries (4-pack),1,2/11/2019 19:41
159243,Lightning Charging Cable,1,2/17/2019 17:54
159244,Macbook Pro Laptop,1,2/8/2019 11:28
159245,Lightning Charging Cable,1,2/24/2019 17:53
159246,Lightning Charging Cable,1,2/28/2019 11:47
159247,USB-C Charging Cable,1,2/19/2019 22:29
159248,AAA Batteries (4-pack),2,2/28/2019 1:38
159249,Google Phone,1,2/28/2019 18:45
159249,USB-C Charging Cable,1,2/28/2019 18:45
159250,Apple Airpods Headphones,1,2/17/2019 11:18
159251,Apple Airpods Headphones,1,2/2/2019 10:27
159252,AA Batteries (4-pack),1,2/3/2019 15:21
159253,27in 4K Gaming Monitor,1,2/5/2019 14:30
159254,USB-C Charging Cable,1,2/15/2019 13:27
159255,Lightning Charging Cable,1,2/11/2019 16:39
159256,27in FHD Monitor,1,2/22/2019 16:22
159257,USB-C Charging Cable,1,2/26/2019 14:33
159258,27in FHD Monitor,1,2/22/2019 22:55
159259,AAA Batteries (4-pack),2,2/16/2019 13:15
159260,Lightning Charging Cable,1,2/1/2019 19:54
159261,AA Batteries (4-pack),1,2/1/2019 19:28
159262,Vareebadd Phone,1,2/25/2019 0:32
159262,USB-C Charging Cable,1,2/25/2019 0:32
159263,Vareebadd Phone,1,2/16/2019 17:43
159264,AA Batteries (4-pack),1,2/4/2019 23:21
159265,Apple Airpods Headphones,1,2/5/2019 16:00
159266,AAA Batteries (4-pack),1,2/8/2019 16:19
159267,AA Batteries (4-pack),1,2/14/2019 11:14
159268,Lightning Charging Cable,1,2/10/2019 13:22
159269,iPhone,1,2/8/2019 18:05
159270,AAA Batteries (4-pack),1,2/17/2019 21:20
159271,Wired Headphones,2,2/26/2019 16:38
159272,Lightning Charging Cable,2,2/28/2019 0:30
159273,AA Batteries (4-pack),2,2/2/2019 16:48
159274,AAA Batteries (4-pack),1,2/28/2019 12:43
159275,27in FHD Monitor,1,2/18/2019 18:50
159276,USB-C Charging Cable,1,2/3/2019 10:17
159277,27in 4K Gaming Monitor,1,2/23/2019 22:25
159278,Lightning Charging Cable,1,2/8/2019 19:51
159279,Macbook Pro Laptop,1,2/24/2019 20:18
159280,Apple Airpods Headphones,1,2/16/2019 12:55
159281,AA Batteries (4-pack),1,2/22/2019 18:30
159282,USB-C Charging Cable,1,2/26/2019 16:59
159283,AAA Batteries (4-pack),2,2/28/2019 16:00
159284,Lightning Charging Cable,1,2/25/2019 14:45
159285,AAA Batteries (4-pack),2,2/28/2019 9:22
159286,Bose SoundSport Headphones,1,2/22/2019 16:29
159287,AAA Batteries (4-pack),1,2/7/2019 10:32
159288,Macbook Pro Laptop,1,2/5/2019 6:37
159289,Bose SoundSport Headphones,1,2/20/2019 19:27
159290,27in FHD Monitor,1,2/17/2019 15:08
159291,Macbook Pro Laptop,1,2/28/2019 18:17
159292,20in Monitor,1,2/4/2019 0:38
159293,AAA Batteries (4-pack),1,2/8/2019 17:28
159294,USB-C Charging Cable,1,2/24/2019 10:23
159295,USB-C Charging Cable,1,2/2/2019 17:03
159296,Macbook Pro Laptop,1,2/7/2019 16:18
159297,Bose SoundSport Headphones,1,2/18/2019 18:42
159298,34in Ultrawide Monitor,1,2/4/2019 11:22
159299,Bose SoundSport Headphones,1,2/2/2019 18:35
159300,Bose SoundSport Headphones,1,2/15/2019 8:02
159301,Apple Airpods Headphones,1,2/24/2019 15:59
159302,34in Ultrawide Monitor,1,2/10/2019 11:43
159303,Apple Airpods Headphones,1,2/20/2019 14:31
159304,AA Batteries (4-pack),3,2/26/2019 20:58
159305,Lightning Charging Cable,1,2/20/2019 20:19
159306,27in 4K Gaming Monitor,1,2/9/2019 12:55
,,,
159307,AAA Batteries (4-pack),1,2/14/2019 10:33
159308,Apple Airpods Headphones,1,2/25/2019 6:53
159309,iPhone,1,2/2/2019 16:50
159310,Bose SoundSport Headphones,1,2/8/2019 22:31
159311,AA Batteries (4-pack),2,2/22/2019 20:35
159312,AAA Batteries (4-pack),1,2/27/2019 7:43
159313,Apple Airpods Headphones,1,2/16/2019 16:35
159314,Wired Headphones,1,2/21/2019 16:39
159315,Apple Airpods Headphones,1,2/9/2019 21:06
159316,Lightning Charging Cable,1,2/12/2019 11:47
159317,Google Phone,1,2/19/2019 1:35
159317,USB-C Charging Cable,1,2/19/2019 1:35
159318,Apple Airpods Headphones,1,2/4/2019 11:30
159319,AA Batteries (4-pack),2,2/10/2019 13:01
159320,34in Ultrawide Monitor,1,2/27/2019 11:58
159321,Wired Headphones,1,2/20/2019 23:51
159322,20in Monitor,1,2/15/2019 10:28
159322,Macbook Pro Laptop,1,2/15/2019 10:28
159323,ThinkPad Laptop,1,2/5/2019 19:46
159324,Apple Airpods Headphones,1,2/2/2019 17:24
159325,Lightning Charging Cable,1,2/3/2019 9:40
159326,Wired Headphones,1,2/25/2019 11:40
159327,AAA Batteries (4-pack),1,2/1/2019 6:14
159328,Apple Airpods Headphones,1,2/2/2019 23:21
159329,Lightning Charging Cable,2,2/3/2019 16:37
159330,Wired Headphones,1,2/9/2019 10:10
159331,Wired Headphones,1,2/13/2019 20:02
159332,Bose SoundSport Headphones,1,2/24/2019 15:52
159333,AAA Batteries (4-pack),2,2/21/2019 21:08
159334,Bose SoundSport Headphones,1,2/16/2019 9:59
159335,Lightning Charging Cable,1,2/10/2019 22:27
159336,34in Ultrawide Monitor,1,2/18/2019 0:35
159337,AAA Batteries (4-pack),1,2/22/2019 19:23
159338,Apple Airpods Headphones,1,2/4/2019 13:29
159339,AAA Batteries (4-pack),2,2/6/2019 10:19
159340,AAA Batteries (4-pack),1,2/8/2019 14:28
159341,27in 4K Gaming Monitor,1,2/18/2019 11:20
159342,Lightning Charging Cable,1,2/16/2019 14:29
159343,Apple Airpods Headphones,1,2/1/2019 16:31
159344,AAA Batteries (4-pack),3,2/17/2019 19:54
159345,Bose SoundSport Headphones,1,2/20/2019 11:57
159346,AAA Batteries (4-pack),1,2/18/2019 10:14
159347,AAA Batteries (4-pack),1,3/1/2019 3:10
159348,Apple Airpods Headphones,1,2/9/2019 9:58
159349,34in Ultrawide Monitor,1,2/15/2019 11:45
159350,AA Batteries (4-pack),1,2/4/2019 17:02
159351,27in FHD Monitor,1,2/14/2019 23:28
159352,AA Batteries (4-pack),1,2/10/2019 11:54
159353,AA Batteries (4-pack),1,2/3/2019 15:14
159354,Bose SoundSport Headphones,1,2/27/2019 18:29
159355,20in Monitor,1,2/7/2019 20:41
159356,AAA Batteries (4-pack),1,2/6/2019 13:54
159357,AAA Batteries (4-pack),2,2/22/2019 17:06
159358,Google Phone,1,2/19/2019 8:03
159359,Macbook Pro Laptop,1,2/13/2019 22:21
159360,Wired Headphones,2,2/24/2019 18:23
159361,iPhone,1,2/9/2019 13:00
159362,Lightning Charging Cable,1,2/1/2019 17:19
159363,Apple Airpods Headphones,1,2/15/2019 11:42
159364,USB-C Charging Cable,1,2/14/2019 10:51
159365,Apple Airpods Headphones,1,2/8/2019 14:32
159366,AA Batteries (4-pack),2,2/6/2019 16:48
159367,Apple Airpods Headphones,1,2/2/2019 15:43
159368,USB-C Charging Cable,1,2/11/2019 22:52
159369,27in 4K Gaming Monitor,1,2/18/2019 11:38
159370,USB-C Charging Cable,1,2/4/2019 23:42
159371,iPhone,1,2/26/2019 13:18
159372,AAA Batteries (4-pack),1,2/8/2019 18:49
159373,ThinkPad Laptop,1,2/13/2019 18:00
159374,USB-C Charging Cable,1,2/11/2019 10:39
159375,USB-C Charging Cable,1,2/6/2019 5:06
159376,Wired Headphones,1,2/9/2019 6:11
159377,USB-C Charging Cable,1,2/26/2019 21:27
159378,Flatscreen TV,1,2/9/2019 21:26
159379,Google Phone,1,2/24/2019 17:52
159379,Wired Headphones,1,2/24/2019 17:52
159380,27in 4K Gaming Monitor,1,2/24/2019 17:09
159381,Wired Headphones,1,2/28/2019 21:29
159382,USB-C Charging Cable,1,2/23/2019 12:46
159383,Lightning Charging Cable,1,2/27/2019 19:40
159384,USB-C Charging Cable,1,2/25/2019 19:19
159385,Bose SoundSport Headphones,1,2/15/2019 16:41
159386,Lightning Charging Cable,1,2/16/2019 11:45
159387,USB-C Charging Cable,1,2/16/2019 17:15
159388,USB-C Charging Cable,1,2/24/2019 10:52
159389,ThinkPad Laptop,1,2/7/2019 23:46
159390,Lightning Charging Cable,1,2/26/2019 11:38
159391,Lightning Charging Cable,1,2/28/2019 11:28
159392,34in Ultrawide Monitor,1,2/28/2019 11:39
159393,AAA Batteries (4-pack),1,2/11/2019 7:10
159394,Apple Airpods Headphones,1,2/2/2019 19:38
159395,Wired Headphones,1,2/8/2019 20:54
159396,Google Phone,1,2/27/2019 14:40
159396,USB-C Charging Cable,1,2/27/2019 14:40
159397,AA Batteries (4-pack),1,2/23/2019 16:16
159398,Lightning Charging Cable,1,2/26/2019 17:21
159399,AAA Batteries (4-pack),1,2/28/2019 18:57
159400,27in 4K Gaming Monitor,1,2/11/2019 13:38
159401,AAA Batteries (4-pack),1,2/10/2019 16:55
159402,Flatscreen TV,1,2/21/2019 19:23
159403,USB-C Charging Cable,1,2/3/2019 11:18
159404,USB-C Charging Cable,1,2/23/2019 8:41
159405,Wired Headphones,1,2/27/2019 18:40
159406,Google Phone,1,2/9/2019 18:48
159407,AA Batteries (4-pack),1,2/1/2019 22:02
159408,Wired Headphones,1,2/8/2019 20:28
159409,iPhone,1,2/13/2019 16:36
159410,Lightning Charging Cable,1,2/20/2019 8:27
159411,AAA Batteries (4-pack),1,2/20/2019 10:45
159412,AA Batteries (4-pack),1,2/10/2019 22:48
159413,Lightning Charging Cable,1,2/28/2019 17:10
159414,iPhone,1,2/23/2019 9:02
159415,27in FHD Monitor,1,2/9/2019 22:03
159416,AA Batteries (4-pack),1,2/8/2019 18:51
159417,Lightning Charging Cable,1,2/4/2019 17:20
159418,27in FHD Monitor,1,2/3/2019 22:00
159419,Flatscreen TV,1,2/8/2019 11:45
159420,AAA Batteries (4-pack),2,2/10/2019 8:43
159421,USB-C Charging Cable,1,2/25/2019 14:15
159422,USB-C Charging Cable,1,2/16/2019 11:41
159423,27in FHD Monitor,1,2/28/2019 15:34
159424,iPhone,1,2/7/2019 20:17
159425,Lightning Charging Cable,1,2/26/2019 22:26
159426,Apple Airpods Headphones,1,2/21/2019 12:15
159427,27in FHD Monitor,1,2/28/2019 17:59
159428,Apple Airpods Headphones,1,2/24/2019 18:23
159429,AA Batteries (4-pack),2,2/4/2019 15:55
159430,Wired Headphones,1,2/1/2019 16:51
159431,Lightning Charging Cable,1,2/3/2019 19:51
159432,Wired Headphones,1,2/6/2019 8:32
159433,27in 4K Gaming Monitor,1,2/11/2019 17:17
159434,Macbook Pro Laptop,1,2/21/2019 17:49
159435,Lightning Charging Cable,1,2/4/2019 20:12
159436,Bose SoundSport Headphones,1,2/8/2019 8:43
159437,USB-C Charging Cable,1,2/25/2019 6:22
159438,Wired Headphones,1,2/27/2019 21:05
159439,Bose SoundSport Headphones,1,2/28/2019 23:59
159440,USB-C Charging Cable,1,2/15/2019 0:12
159441,AA Batteries (4-pack),1,2/8/2019 23:58
159442,Macbook Pro Laptop,1,2/17/2019 20:45
159443,USB-C Charging Cable,1,2/18/2019 20:55
159444,Bose SoundSport Headphones,1,2/4/2019 19:45
159445,AAA Batteries (4-pack),1,2/24/2019 12:59
159446,AAA Batteries (4-pack),1,2/14/2019 1:02
159447,27in 4K Gaming Monitor,1,2/23/2019 20:13
159448,Apple Airpods Headphones,1,2/12/2019 11:55
159449,Bose SoundSport Headphones,1,2/16/2019 2:02
159450,Apple Airpods Headphones,1,2/8/2019 9:02
159451,Apple Airpods Headphones,1,2/20/2019 1:56
159452,34in Ultrawide Monitor,1,2/1/2019 8:32
159453,AA Batteries (4-pack),3,2/13/2019 13:35
159454,Wired Headphones,1,2/12/2019 4:55
159455,27in FHD Monitor,1,2/22/2019 12:40
159456,Wired Headphones,1,2/1/2019 19:54
159457,USB-C Charging Cable,1,2/19/2019 20:13
159458,Wired Headphones,1,2/23/2019 13:59
159459,USB-C Charging Cable,1,2/17/2019 8:11
159460,USB-C Charging Cable,1,2/27/2019 19:36
159461,34in Ultrawide Monitor,1,2/16/2019 22:25
159462,Apple Airpods Headphones,1,2/1/2019 16:43
159463,AAA Batteries (4-pack),1,2/23/2019 22:51
159464,AAA Batteries (4-pack),1,2/7/2019 23:29
159465,Flatscreen TV,1,2/16/2019 2:32
159466,USB-C Charging Cable,1,2/19/2019 21:22
159466,27in FHD Monitor,1,2/19/2019 21:22
159467,27in 4K Gaming Monitor,1,2/10/2019 18:36
159468,USB-C Charging Cable,1,2/2/2019 23:38
159469,Apple Airpods Headphones,1,2/13/2019 19:50
159470,Macbook Pro Laptop,1,2/13/2019 16:51
159471,Apple Airpods Headphones,1,2/6/2019 18:11
159472,USB-C Charging Cable,1,2/24/2019 20:46
159473,AA Batteries (4-pack),1,2/6/2019 0:35
159474,iPhone,1,2/13/2019 20:30
159475,34in Ultrawide Monitor,1,2/24/2019 16:15
159476,Apple Airpods Headphones,1,2/18/2019 19:23
159477,Google Phone,1,2/1/2019 15:04
159478,34in Ultrawide Monitor,1,2/12/2019 22:16
159479,AA Batteries (4-pack),1,2/25/2019 16:58
159480,Lightning Charging Cable,1,2/25/2019 12:13
159481,AAA Batteries (4-pack),2,2/15/2019 21:16
159482,27in 4K Gaming Monitor,1,2/14/2019 19:12
159483,Apple Airpods Headphones,1,2/21/2019 23:09
159484,AA Batteries (4-pack),1,2/11/2019 23:37
159485,USB-C Charging Cable,1,2/24/2019 19:51
159486,Wired Headphones,1,2/6/2019 6:15
159487,Lightning Charging Cable,1,2/21/2019 11:20
159488,Wired Headphones,1,2/2/2019 18:50
159489,Google Phone,1,2/10/2019 21:26
159490,AAA Batteries (4-pack),2,2/7/2019 16:51
159491,Lightning Charging Cable,1,2/26/2019 6:40
159492,Bose SoundSport Headphones,1,2/26/2019 7:45
159493,20in Monitor,1,2/19/2019 22:50
159494,Flatscreen TV,1,2/20/2019 11:30
159495,27in FHD Monitor,1,2/10/2019 12:55
159496,USB-C Charging Cable,1,2/3/2019 16:21
159497,AA Batteries (4-pack),1,2/6/2019 10:03
159498,AAA Batteries (4-pack),1,2/20/2019 13:31
159499,Wired Headphones,1,2/25/2019 15:58
159500,Apple Airpods Headphones,1,2/23/2019 7:17
159501,AA Batteries (4-pack),2,2/7/2019 15:35
159502,Apple Airpods Headphones,1,2/14/2019 15:28
159503,Macbook Pro Laptop,1,2/9/2019 14:32
159504,AAA Batteries (4-pack),2,2/10/2019 21:28
159505,Bose SoundSport Headphones,1,2/4/2019 13:28
159506,Macbook Pro Laptop,1,2/3/2019 23:23
159507,USB-C Charging Cable,1,2/17/2019 12:49
159508,AA Batteries (4-pack),1,2/18/2019 14:50
159509,Lightning Charging Cable,1,2/5/2019 18:07
159510,Apple Airpods Headphones,1,2/1/2019 21:36
159511,USB-C Charging Cable,1,2/19/2019 17:17
159512,USB-C Charging Cable,2,2/8/2019 14:48
159513,Bose SoundSport Headphones,1,2/13/2019 14:12
159514,27in 4K Gaming Monitor,1,2/5/2019 17:26
159515,Bose SoundSport Headphones,1,2/13/2019 13:02
159516,Flatscreen TV,1,2/10/2019 20:39
159517,iPhone,1,2/28/2019 9:59
159517,Apple Airpods Headphones,1,2/28/2019 9:59
159518,Lightning Charging Cable,1,2/2/2019 13:09
159519,USB-C Charging Cable,1,2/6/2019 6:58
159520,AAA Batteries (4-pack),1,2/5/2019 0:44
159521,Apple Airpods Headphones,1,2/1/2019 8:35
159522,USB-C Charging Cable,1,2/7/2019 15:28
159523,Apple Airpods Headphones,1,2/21/2019 12:41
159524,Wired Headphones,1,2/13/2019 14:51
159525,Lightning Charging Cable,1,2/8/2019 17:08
159526,AA Batteries (4-pack),1,2/17/2019 8:56
159527,AA Batteries (4-pack),2,2/27/2019 18:02
159528,iPhone,1,2/27/2019 15:05
159529,AA Batteries (4-pack),1,2/8/2019 22:41
159530,Lightning Charging Cable,1,2/27/2019 6:30
159531,Bose SoundSport Headphones,1,2/19/2019 15:30
159532,LG Dryer,1,2/12/2019 10:14
159533,Apple Airpods Headphones,1,2/2/2019 8:06
159534,Macbook Pro Laptop,1,2/1/2019 15:20
159535,Lightning Charging Cable,1,2/5/2019 17:48
159536,USB-C Charging Cable,1,2/2/2019 17:15
159537,20in Monitor,1,2/28/2019 0:53
159538,27in 4K Gaming Monitor,1,2/9/2019 19:16
159539,27in FHD Monitor,1,2/13/2019 11:00
159540,USB-C Charging Cable,1,2/21/2019 13:27
159541,27in FHD Monitor,1,2/23/2019 10:03
159542,AAA Batteries (4-pack),4,2/13/2019 23:52
159543,USB-C Charging Cable,1,2/19/2019 17:25
159543,Lightning Charging Cable,3,2/19/2019 17:25
159544,Lightning Charging Cable,2,2/16/2019 12:54
159545,USB-C Charging Cable,1,2/14/2019 13:02
159546,27in FHD Monitor,1,2/21/2019 16:23
159547,AAA Batteries (4-pack),1,2/15/2019 9:58
159548,Bose SoundSport Headphones,1,2/23/2019 20:47
159549,Apple Airpods Headphones,1,2/20/2019 13:51
159550,AA Batteries (4-pack),2,2/15/2019 9:05
159551,Apple Airpods Headphones,1,2/26/2019 13:37
159552,USB-C Charging Cable,1,2/4/2019 16:52
159553,Macbook Pro Laptop,1,2/25/2019 23:56
159554,Wired Headphones,1,2/10/2019 17:00
159555,27in FHD Monitor,1,2/8/2019 13:41
159556,Wired Headphones,1,2/4/2019 7:41
159557,USB-C Charging Cable,1,2/9/2019 11:47
159558,27in 4K Gaming Monitor,1,2/10/2019 14:54
159559,27in 4K Gaming Monitor,1,2/19/2019 18:53
159560,Flatscreen TV,1,2/21/2019 12:25
159561,Apple Airpods Headphones,1,2/23/2019 23:00
159562,Bose SoundSport Headphones,1,2/24/2019 14:06
159563,Wired Headphones,2,2/24/2019 9:26
159564,Wired Headphones,1,2/7/2019 18:20
159565,USB-C Charging Cable,1,2/24/2019 18:41
159566,Wired Headphones,1,2/6/2019 19:15
159567,Apple Airpods Headphones,1,2/6/2019 18:02
159568,Google Phone,1,2/27/2019 18:53
159568,USB-C Charging Cable,1,2/27/2019 18:53
159569,USB-C Charging Cable,2,2/21/2019 17:49
159570,27in FHD Monitor,1,2/23/2019 13:59
159571,AAA Batteries (4-pack),1,2/1/2019 18:19
159572,iPhone,1,2/27/2019 0:44
159573,Google Phone,1,2/18/2019 22:05
159574,AA Batteries (4-pack),1,2/23/2019 0:58
159575,Apple Airpods Headphones,1,2/19/2019 15:46
159576,Apple Airpods Headphones,1,2/23/2019 16:00
159577,27in 4K Gaming Monitor,2,2/1/2019 15:22
159578,AAA Batteries (4-pack),4,2/2/2019 17:08
159579,LG Dryer,1,2/2/2019 12:55
159580,Wired Headphones,1,2/10/2019 17:44
159581,USB-C Charging Cable,1,2/18/2019 21:19
159582,AA Batteries (4-pack),3,2/13/2019 21:37
159583,Flatscreen TV,1,2/19/2019 21:38
159584,27in 4K Gaming Monitor,1,2/11/2019 12:12
159585,Lightning Charging Cable,1,2/4/2019 8:08
159586,AA Batteries (4-pack),2,2/7/2019 22:54
159587,AAA Batteries (4-pack),1,2/24/2019 6:08
159588,AA Batteries (4-pack),1,2/17/2019 10:57
159589,AAA Batteries (4-pack),2,2/5/2019 18:25
159590,34in Ultrawide Monitor,1,2/4/2019 21:39
159591,Bose SoundSport Headphones,1,2/9/2019 18:38
159592,USB-C Charging Cable,1,2/7/2019 19:07
159593,ThinkPad Laptop,1,2/27/2019 23:03
159594,Wired Headphones,1,2/16/2019 11:08
159595,USB-C Charging Cable,1,2/17/2019 16:29
159596,Flatscreen TV,1,2/7/2019 13:48
159597,Apple Airpods Headphones,1,2/22/2019 14:31
159598,Lightning Charging Cable,1,2/16/2019 19:52
159599,AA Batteries (4-pack),1,2/21/2019 17:45
159600,Flatscreen TV,1,2/10/2019 17:51
159601,AAA Batteries (4-pack),1,2/11/2019 19:34
159602,AAA Batteries (4-pack),1,2/12/2019 8:44
159603,Lightning Charging Cable,1,2/9/2019 9:34
159604,Lightning Charging Cable,1,2/16/2019 12:48
159605,USB-C Charging Cable,1,2/25/2019 21:06
159606,Wired Headphones,1,2/4/2019 19:37
159607,Apple Airpods Headphones,1,2/22/2019 21:40
159608,Wired Headphones,1,2/4/2019 12:41
159609,Lightning Charging Cable,1,2/21/2019 21:40
159610,Bose SoundSport Headphones,1,2/22/2019 19:48
159611,Lightning Charging Cable,1,2/6/2019 8:03
159611,Macbook Pro Laptop,1,2/6/2019 8:03
159612,AA Batteries (4-pack),1,2/4/2019 12:29
159613,20in Monitor,1,2/28/2019 6:28
159614,ThinkPad Laptop,1,2/3/2019 14:53
159615,Bose SoundSport Headphones,1,2/6/2019 19:27
159616,Wired Headphones,1,2/23/2019 13:01
159617,Google Phone,1,2/2/2019 10:56
159618,Bose SoundSport Headphones,1,2/19/2019 11:47
159619,AA Batteries (4-pack),1,2/28/2019 11:07
159620,Macbook Pro Laptop,1,2/6/2019 4:55
159621,LG Washing Machine,1,2/25/2019 13:05
159622,Wired Headphones,2,2/23/2019 8:04
159623,Bose SoundSport Headphones,1,2/18/2019 11:37
159624,Apple Airpods Headphones,1,2/6/2019 17:18
159625,Google Phone,1,2/27/2019 12:36
159626,Apple Airpods Headphones,1,2/12/2019 17:27
159627,Bose SoundSport Headphones,1,2/19/2019 0:11
159628,Wired Headphones,1,2/1/2019 14:15
159629,Google Phone,1,2/7/2019 14:15
159630,USB-C Charging Cable,2,2/1/2019 10:04
159631,34in Ultrawide Monitor,1,2/16/2019 18:46
159632,AAA Batteries (4-pack),2,2/17/2019 8:00
159633,AAA Batteries (4-pack),2,2/10/2019 23:54
159634,Lightning Charging Cable,1,2/24/2019 11:00
159635,Flatscreen TV,1,2/28/2019 5:51
159636,Bose SoundSport Headphones,1,2/4/2019 12:39
159637,Bose SoundSport Headphones,1,2/2/2019 9:54
159638,AAA Batteries (4-pack),1,2/17/2019 8:48
159639,Apple Airpods Headphones,1,2/21/2019 20:07
159640,20in Monitor,1,2/19/2019 13:59
159641,USB-C Charging Cable,1,2/21/2019 13:48
159642,Bose SoundSport Headphones,1,2/23/2019 22:50
159643,Wired Headphones,1,2/16/2019 21:47
159644,Wired Headphones,1,2/28/2019 12:08
159645,USB-C Charging Cable,1,2/12/2019 18:27
159646,AA Batteries (4-pack),1,2/14/2019 9:09
159647,Apple Airpods Headphones,1,2/25/2019 20:13
159648,Google Phone,1,2/16/2019 10:40
159649,27in 4K Gaming Monitor,1,2/4/2019 21:09
159650,27in FHD Monitor,1,2/27/2019 23:45
159651,USB-C Charging Cable,1,2/4/2019 9:05
159652,34in Ultrawide Monitor,1,2/20/2019 12:30
159653,27in 4K Gaming Monitor,1,2/11/2019 23:49
159654,USB-C Charging Cable,1,2/23/2019 20:51
159655,Apple Airpods Headphones,1,2/22/2019 19:13
159656,AAA Batteries (4-pack),1,2/25/2019 15:56
159657,Lightning Charging Cable,1,2/20/2019 16:29
159658,Bose SoundSport Headphones,1,2/13/2019 13:50
159659,27in 4K Gaming Monitor,1,2/27/2019 21:45
159660,Lightning Charging Cable,1,2/24/2019 20:38
159661,20in Monitor,1,2/19/2019 10:27
159662,27in FHD Monitor,1,2/11/2019 13:50
159663,34in Ultrawide Monitor,1,2/13/2019 13:41
159664,Lightning Charging Cable,1,2/19/2019 19:35
159665,34in Ultrawide Monitor,1,2/15/2019 17:09
159666,USB-C Charging Cable,1,2/25/2019 14:33
159667,AA Batteries (4-pack),1,2/27/2019 16:21
159668,Wired Headphones,1,2/20/2019 23:13
159669,Apple Airpods Headphones,1,2/8/2019 20:20
159670,Apple Airpods Headphones,1,2/5/2019 10:16
159671,USB-C Charging Cable,1,2/6/2019 9:20
159671,AA Batteries (4-pack),1,2/6/2019 9:20
159672,Apple Airpods Headphones,1,2/21/2019 19:39
159673,USB-C Charging Cable,1,2/22/2019 22:13
159674,AAA Batteries (4-pack),1,2/13/2019 15:53
159675,Wired Headphones,2,2/27/2019 13:21
159676,AAA Batteries (4-pack),2,2/22/2019 19:38
159677,27in 4K Gaming Monitor,1,2/25/2019 18:50
159678,Lightning Charging Cable,1,2/10/2019 8:36
159679,Lightning Charging Cable,1,2/25/2019 1:53
159680,iPhone,1,2/8/2019 11:34
159680,Lightning Charging Cable,1,2/8/2019 11:34
159681,AAA Batteries (4-pack),1,2/25/2019 8:38
159682,AA Batteries (4-pack),1,2/20/2019 20:47
159683,Wired Headphones,1,2/3/2019 21:10
159684,USB-C Charging Cable,1,2/17/2019 11:42
159685,Wired Headphones,1,2/4/2019 17:15
159686,AAA Batteries (4-pack),1,2/26/2019 16:25
159687,Bose SoundSport Headphones,1,2/5/2019 10:19
159688,34in Ultrawide Monitor,1,2/5/2019 22:33
159689,USB-C Charging Cable,1,2/8/2019 7:58
159690,AA Batteries (4-pack),2,2/5/2019 17:35
159691,Lightning Charging Cable,1,2/17/2019 14:18
159692,Apple Airpods Headphones,1,2/16/2019 13:58
159693,Wired Headphones,1,2/6/2019 12:18
159694,Wired Headphones,1,2/24/2019 22:01
159695,iPhone,1,2/18/2019 0:50
159695,Lightning Charging Cable,1,2/18/2019 0:50
159696,Apple Airpods Headphones,1,2/13/2019 9:34
159697,Lightning Charging Cable,1,2/2/2019 23:21
159698,AAA Batteries (4-pack),1,2/17/2019 17:08
159699,Bose SoundSport Headphones,1,2/21/2019 18:50
159700,AAA Batteries (4-pack),1,2/20/2019 10:52
159701,Wired Headphones,2,2/8/2019 18:41
159702,Google Phone,1,2/2/2019 20:48
159703,Wired Headphones,1,2/19/2019 10:50
159704,Lightning Charging Cable,1,2/22/2019 1:02
159705,USB-C Charging Cable,1,2/15/2019 14:18
159706,Bose SoundSport Headphones,1,2/20/2019 21:29
159707,34in Ultrawide Monitor,1,2/15/2019 15:13
159708,Lightning Charging Cable,2,2/18/2019 18:24
159709,AA Batteries (4-pack),1,2/26/2019 16:42
159710,Lightning Charging Cable,1,2/16/2019 9:14
159710,Apple Airpods Headphones,1,2/16/2019 9:14
159711,ThinkPad Laptop,1,2/14/2019 0:27
159712,27in FHD Monitor,1,2/27/2019 3:28
159713,AAA Batteries (4-pack),1,2/8/2019 12:33
159714,Lightning Charging Cable,1,2/26/2019 17:02
159715,Wired Headphones,1,2/27/2019 21:04
159716,iPhone,1,2/22/2019 13:00
159717,Bose SoundSport Headphones,1,2/22/2019 15:27
159718,Lightning Charging Cable,2,2/1/2019 11:47
159719,iPhone,1,2/8/2019 15:03
159719,Lightning Charging Cable,1,2/8/2019 15:03
159720,Wired Headphones,1,2/10/2019 18:18
159721,USB-C Charging Cable,3,2/27/2019 19:04
159722,Wired Headphones,1,2/12/2019 12:57
159723,AAA Batteries (4-pack),1,2/3/2019 15:45
159724,Wired Headphones,1,2/27/2019 17:31
159725,Lightning Charging Cable,1,2/19/2019 10:15
159726,Macbook Pro Laptop,1,2/13/2019 9:54
159727,Macbook Pro Laptop,1,2/17/2019 12:55
159728,AA Batteries (4-pack),1,2/13/2019 16:16
159729,20in Monitor,1,2/14/2019 12:28
159730,AA Batteries (4-pack),1,2/23/2019 22:42
159731,Apple Airpods Headphones,1,2/6/2019 12:21
159732,27in 4K Gaming Monitor,1,2/2/2019 8:38
159733,USB-C Charging Cable,1,2/8/2019 22:05
159734,ThinkPad Laptop,1,2/7/2019 16:12
159735,USB-C Charging Cable,2,2/11/2019 10:41
159736,Google Phone,1,2/7/2019 11:02
159737,Lightning Charging Cable,1,2/22/2019 10:31
159738,Flatscreen TV,1,2/14/2019 14:21
159739,Bose SoundSport Headphones,1,2/16/2019 11:25
159740,Google Phone,1,2/3/2019 16:38
159741,Bose SoundSport Headphones,1,2/3/2019 21:23
159742,AA Batteries (4-pack),3,2/15/2019 20:09
159743,AA Batteries (4-pack),1,2/13/2019 8:08
159744,Google Phone,1,2/10/2019 0:13
159745,Apple Airpods Headphones,1,2/25/2019 13:34
159746,AA Batteries (4-pack),1,2/19/2019 17:06
159747,Flatscreen TV,1,2/18/2019 13:15
159748,Wired Headphones,1,2/20/2019 14:18
159749,Lightning Charging Cable,1,2/9/2019 21:30
159750,20in Monitor,1,2/3/2019 17:11
159751,AAA Batteries (4-pack),1,2/11/2019 15:13
159752,USB-C Charging Cable,2,2/20/2019 1:28
159753,Flatscreen TV,1,2/17/2019 11:42
159754,Lightning Charging Cable,1,2/4/2019 18:42
159755,34in Ultrawide Monitor,1,2/1/2019 9:37
159756,iPhone,1,2/5/2019 18:04
159757,AA Batteries (4-pack),1,2/28/2019 22:55
159758,27in FHD Monitor,2,2/7/2019 12:52
159759,AAA Batteries (4-pack),1,2/23/2019 21:36
159760,Lightning Charging Cable,1,2/17/2019 10:38
159761,Wired Headphones,1,2/9/2019 12:56
159762,iPhone,1,2/13/2019 9:16
159763,USB-C Charging Cable,1,2/3/2019 20:36
159764,Wired Headphones,1,2/25/2019 11:22
159765,Lightning Charging Cable,1,2/26/2019 14:25
159766,34in Ultrawide Monitor,1,2/23/2019 18:01
159767,Wired Headphones,1,2/22/2019 15:53
159768,Google Phone,1,2/24/2019 18:05
159769,AA Batteries (4-pack),1,2/26/2019 13:08
159770,Apple Airpods Headphones,1,2/25/2019 17:33
159771,27in FHD Monitor,1,2/5/2019 23:30
159772,Macbook Pro Laptop,1,2/14/2019 12:41
159773,Google Phone,1,2/24/2019 15:54
159774,Vareebadd Phone,1,2/26/2019 13:52
159774,Wired Headphones,1,2/26/2019 13:52
159775,AA Batteries (4-pack),1,2/2/2019 17:05
159776,AA Batteries (4-pack),1,2/10/2019 22:15
159777,ThinkPad Laptop,1,2/21/2019 23:21
159778,Lightning Charging Cable,1,2/28/2019 21:22
159779,Wired Headphones,1,2/17/2019 9:52
159780,Lightning Charging Cable,1,2/11/2019 10:34
159781,27in FHD Monitor,1,2/26/2019 15:22
159782,AAA Batteries (4-pack),4,2/18/2019 16:10
159783,USB-C Charging Cable,1,2/22/2019 21:55
159784,AA Batteries (4-pack),2,2/9/2019 7:40
159785,AA Batteries (4-pack),1,2/14/2019 11:38
159786,AAA Batteries (4-pack),1,2/2/2019 10:35
159787,AAA Batteries (4-pack),1,2/11/2019 15:38
159788,USB-C Charging Cable,1,2/10/2019 21:13
159789,AAA Batteries (4-pack),3,2/17/2019 19:06
159790,Apple Airpods Headphones,1,2/6/2019 18:40
159791,27in 4K Gaming Monitor,1,2/22/2019 14:23
159792,Bose SoundSport Headphones,1,2/11/2019 19:06
159793,27in FHD Monitor,1,2/5/2019 20:28
159794,34in Ultrawide Monitor,1,2/21/2019 22:23
159795,Lightning Charging Cable,1,2/7/2019 12:35
159796,34in Ultrawide Monitor,1,2/10/2019 13:14
159797,27in FHD Monitor,1,2/10/2019 18:46
159798,USB-C Charging Cable,1,2/17/2019 20:59
159799,ThinkPad Laptop,1,2/6/2019 9:25
159800,Macbook Pro Laptop,1,2/26/2019 16:09
159801,AAA Batteries (4-pack),1,2/25/2019 22:06
159802,Flatscreen TV,1,2/18/2019 11:18
159803,Wired Headphones,1,2/14/2019 7:23
159804,Lightning Charging Cable,1,2/20/2019 21:09
159804,Lightning Charging Cable,2,2/20/2019 21:09
159805,AAA Batteries (4-pack),1,2/23/2019 22:59
159806,Lightning Charging Cable,1,2/16/2019 13:44
159807,Lightning Charging Cable,1,2/19/2019 18:48
159808,AAA Batteries (4-pack),1,2/25/2019 7:27
159809,Bose SoundSport Headphones,1,2/11/2019 1:00
159810,27in 4K Gaming Monitor,1,2/13/2019 21:28
159811,AA Batteries (4-pack),1,2/22/2019 13:23
159812,AA Batteries (4-pack),3,2/24/2019 21:07
159812,AAA Batteries (4-pack),1,2/24/2019 21:07
159813,Vareebadd Phone,1,2/8/2019 0:15
159814,Lightning Charging Cable,1,2/7/2019 20:49
159815,AA Batteries (4-pack),1,2/7/2019 19:28
159816,Macbook Pro Laptop,1,2/23/2019 5:20
159817,27in FHD Monitor,1,2/20/2019 11:51
159818,Macbook Pro Laptop,1,2/25/2019 8:56
159819,Apple Airpods Headphones,1,2/23/2019 14:16
159820,AA Batteries (4-pack),2,2/10/2019 22:25
159821,AAA Batteries (4-pack),2,2/27/2019 22:21
159822,20in Monitor,1,2/6/2019 12:09
159823,Lightning Charging Cable,1,2/7/2019 13:02
159824,ThinkPad Laptop,1,2/1/2019 20:28
159825,Bose SoundSport Headphones,1,2/20/2019 21:31
159826,AA Batteries (4-pack),2,2/16/2019 9:30
159827,Apple Airpods Headphones,1,2/16/2019 15:19
159828,USB-C Charging Cable,1,2/27/2019 12:05
159829,Wired Headphones,1,2/22/2019 20:17
159830,LG Dryer,1,2/25/2019 13:28
159831,USB-C Charging Cable,1,2/16/2019 18:50
159832,Bose SoundSport Headphones,1,2/28/2019 9:47
159833,USB-C Charging Cable,1,2/25/2019 12:34
159834,Vareebadd Phone,1,2/24/2019 13:01
159835,USB-C Charging Cable,1,2/22/2019 20:41
159835,AA Batteries (4-pack),1,2/22/2019 20:41
159836,Lightning Charging Cable,1,2/1/2019 20:13
159837,Macbook Pro Laptop,1,2/13/2019 16:26
159838,Wired Headphones,1,2/18/2019 5:21
159839,27in 4K Gaming Monitor,1,2/6/2019 8:52
159840,USB-C Charging Cable,1,2/26/2019 13:49
159841,Lightning Charging Cable,1,2/14/2019 14:30
159842,Bose SoundSport Headphones,1,2/3/2019 21:23
159843,Lightning Charging Cable,1,2/18/2019 10:59
159844,Macbook Pro Laptop,1,2/22/2019 13:25
159845,AA Batteries (4-pack),1,2/24/2019 18:40
159846,27in FHD Monitor,1,2/23/2019 20:31
159847,Bose SoundSport Headphones,1,2/21/2019 9:59
159848,ThinkPad Laptop,1,2/11/2019 20:01
159849,USB-C Charging Cable,1,2/26/2019 11:15
159850,Google Phone,1,2/17/2019 12:53
159850,USB-C Charging Cable,1,2/17/2019 12:53
159851,AAA Batteries (4-pack),1,2/18/2019 15:10
159852,AA Batteries (4-pack),1,2/14/2019 17:29
159853,AA Batteries (4-pack),1,2/14/2019 21:07
159854,ThinkPad Laptop,1,2/6/2019 15:27
159855,LG Dryer,1,2/4/2019 12:44
159856,Wired Headphones,1,2/16/2019 1:27
159857,Bose SoundSport Headphones,1,2/1/2019 13:16
159858,Vareebadd Phone,1,2/27/2019 12:33
159859,AA Batteries (4-pack),1,2/1/2019 17:52
159860,Apple Airpods Headphones,1,2/9/2019 17:21
159861,Apple Airpods Headphones,1,2/11/2019 4:39
159862,Vareebadd Phone,1,2/14/2019 14:55
159863,AA Batteries (4-pack),1,2/28/2019 14:28
159864,Wired Headphones,1,2/16/2019 20:48
159865,27in FHD Monitor,1,2/4/2019 9:31
159866,27in FHD Monitor,1,2/15/2019 11:17
159867,Bose SoundSport Headphones,1,2/4/2019 14:17
159868,Wired Headphones,1,2/10/2019 13:50
159869,Bose SoundSport Headphones,1,2/13/2019 21:47
159870,AAA Batteries (4-pack),1,2/21/2019 15:15
159871,Apple Airpods Headphones,1,2/4/2019 10:14
159872,USB-C Charging Cable,1,2/23/2019 19:57
159873,Apple Airpods Headphones,1,2/18/2019 1:02
159874,AAA Batteries (4-pack),1,2/24/2019 10:42
159875,Macbook Pro Laptop,1,2/22/2019 18:33
159876,AA Batteries (4-pack),1,2/5/2019 19:43
159877,27in 4K Gaming Monitor,1,2/26/2019 8:40
159878,Apple Airpods Headphones,1,2/20/2019 23:26
159879,34in Ultrawide Monitor,1,2/9/2019 11:14
159880,Wired Headphones,1,2/10/2019 22:19
159881,Wired Headphones,1,2/6/2019 11:46
159882,AA Batteries (4-pack),1,2/25/2019 2:01
159883,Google Phone,1,2/10/2019 13:12
159884,AAA Batteries (4-pack),1,2/26/2019 20:34
159885,27in 4K Gaming Monitor,1,2/18/2019 16:22
159886,AAA Batteries (4-pack),5,2/27/2019 19:00
159887,20in Monitor,1,2/17/2019 21:36
159888,LG Washing Machine,1,2/16/2019 18:39
159889,AAA Batteries (4-pack),3,2/2/2019 21:33
159890,Lightning Charging Cable,1,2/23/2019 9:24
159891,34in Ultrawide Monitor,1,2/18/2019 13:40
159892,27in FHD Monitor,1,2/2/2019 19:59
159893,Bose SoundSport Headphones,1,2/25/2019 22:24
159894,USB-C Charging Cable,1,2/3/2019 17:28
159895,Bose SoundSport Headphones,1,2/26/2019 9:39
159896,USB-C Charging Cable,2,2/27/2019 4:48
159897,34in Ultrawide Monitor,1,2/9/2019 13:25
159898,Google Phone,1,2/25/2019 11:04
159899,Lightning Charging Cable,1,2/16/2019 22:40
159900,Bose SoundSport Headphones,1,2/2/2019 14:49
159901,27in 4K Gaming Monitor,1,2/3/2019 11:30
159902,20in Monitor,1,2/15/2019 13:44
159903,USB-C Charging Cable,1,2/3/2019 22:43
159904,Bose SoundSport Headphones,1,2/19/2019 12:33
159905,AA Batteries (4-pack),3,2/28/2019 16:10
159906,Lightning Charging Cable,1,2/1/2019 19:01
159907,Macbook Pro Laptop,1,2/5/2019 10:54
159908,Apple Airpods Headphones,1,2/17/2019 11:31
159909,Apple Airpods Headphones,1,2/24/2019 18:05
159910,AA Batteries (4-pack),1,2/16/2019 0:17
159911,Lightning Charging Cable,1,2/1/2019 22:20
159912,27in FHD Monitor,1,2/7/2019 1:24
159913,Flatscreen TV,1,2/3/2019 17:03
159914,iPhone,1,2/1/2019 20:09
159915,20in Monitor,1,2/11/2019 19:30
159916,USB-C Charging Cable,1,2/22/2019 10:57
159917,Google Phone,1,2/19/2019 19:23
159918,Lightning Charging Cable,1,2/10/2019 17:36
159919,USB-C Charging Cable,1,2/14/2019 14:22
159920,Apple Airpods Headphones,1,2/20/2019 10:20
159921,ThinkPad Laptop,1,2/3/2019 3:01
159922,Apple Airpods Headphones,1,2/10/2019 18:20
159923,AA Batteries (4-pack),1,2/20/2019 18:48
159924,AAA Batteries (4-pack),1,2/24/2019 9:46
159925,Bose SoundSport Headphones,1,2/1/2019 16:13
159926,27in FHD Monitor,1,2/4/2019 9:49
159927,USB-C Charging Cable,1,2/27/2019 21:40
159928,Lightning Charging Cable,1,2/9/2019 6:42
159929,AAA Batteries (4-pack),1,2/13/2019 20:08
159930,AA Batteries (4-pack),4,2/13/2019 20:43
159931,Macbook Pro Laptop,1,2/20/2019 9:35
159932,Macbook Pro Laptop,1,2/3/2019 15:50
159933,20in Monitor,1,2/14/2019 17:57
159934,ThinkPad Laptop,1,2/19/2019 23:13
159935,AA Batteries (4-pack),1,2/25/2019 22:31
159936,Apple Airpods Headphones,1,2/7/2019 16:12
159937,ThinkPad Laptop,1,2/3/2019 17:59
159938,AAA Batteries (4-pack),1,2/16/2019 18:26
159939,Wired Headphones,1,2/2/2019 8:00
159940,Wired Headphones,1,2/18/2019 13:51
159941,AA Batteries (4-pack),1,2/20/2019 10:11
159942,Apple Airpods Headphones,1,2/17/2019 13:00
159943,Apple Airpods Headphones,1,2/9/2019 6:40
159944,Lightning Charging Cable,1,2/26/2019 23:40
159945,AAA Batteries (4-pack),4,2/8/2019 14:14
159946,Lightning Charging Cable,3,2/2/2019 10:06
159947,AAA Batteries (4-pack),2,2/20/2019 9:13
159948,AAA Batteries (4-pack),2,2/4/2019 20:48
159949,Google Phone,1,2/24/2019 12:21
159950,Lightning Charging Cable,1,2/28/2019 19:11
159951,Lightning Charging Cable,1,2/15/2019 13:09
159952,Google Phone,1,2/2/2019 14:11
159952,USB-C Charging Cable,2,2/2/2019 14:11
159953,USB-C Charging Cable,1,2/17/2019 8:33
159954,ThinkPad Laptop,1,2/4/2019 13:46
159955,27in 4K Gaming Monitor,1,2/12/2019 6:48
159956,AA Batteries (4-pack),1,2/16/2019 20:29
159957,Apple Airpods Headphones,1,2/27/2019 10:25
159958,Apple Airpods Headphones,1,2/5/2019 23:30
159959,Lightning Charging Cable,1,2/2/2019 12:50
159960,Vareebadd Phone,1,2/11/2019 12:42
159961,34in Ultrawide Monitor,1,2/25/2019 23:44
159962,AA Batteries (4-pack),1,2/2/2019 21:45
159963,AA Batteries (4-pack),1,2/20/2019 11:34
159964,20in Monitor,1,2/21/2019 21:31
159965,USB-C Charging Cable,2,2/16/2019 8:06
159966,Wired Headphones,1,2/10/2019 11:17
159967,34in Ultrawide Monitor,1,2/22/2019 19:32
159968,AA Batteries (4-pack),5,2/24/2019 21:34
159969,Bose SoundSport Headphones,1,2/28/2019 9:33
159970,ThinkPad Laptop,1,2/7/2019 18:40
159971,27in 4K Gaming Monitor,1,2/11/2019 22:47
159972,20in Monitor,1,2/17/2019 12:24
159973,AA Batteries (4-pack),1,2/27/2019 2:12
159974,LG Dryer,1,2/16/2019 17:34
159975,27in FHD Monitor,1,2/9/2019 23:53
159976,27in 4K Gaming Monitor,1,2/10/2019 19:03
159977,Wired Headphones,1,2/4/2019 14:21
159978,Lightning Charging Cable,1,2/7/2019 12:08
159979,AAA Batteries (4-pack),1,2/12/2019 12:32
159979,AA Batteries (4-pack),1,2/12/2019 12:32
159980,Apple Airpods Headphones,1,2/7/2019 12:18
159981,Lightning Charging Cable,1,2/2/2019 19:41
159982,Lightning Charging Cable,1,2/27/2019 10:59
159983,Apple Airpods Headphones,1,2/9/2019 20:55
159984,Apple Airpods Headphones,1,2/6/2019 13:13
159985,USB-C Charging Cable,1,2/12/2019 10:36
159986,27in FHD Monitor,1,2/21/2019 17:15
159987,USB-C Charging Cable,1,2/20/2019 15:11
159988,AAA Batteries (4-pack),1,2/20/2019 19:25
159989,Flatscreen TV,1,2/10/2019 9:47
159990,Lightning Charging Cable,1,2/16/2019 5:23
159991,AAA Batteries (4-pack),1,2/6/2019 20:04
159992,Apple Airpods Headphones,1,2/18/2019 4:49
159993,AAA Batteries (4-pack),1,2/23/2019 23:24
159994,iPhone,1,2/6/2019 21:27
159995,Bose SoundSport Headphones,1,2/11/2019 18:17
159996,Wired Headphones,1,2/10/2019 15:47
159997,Bose SoundSport Headphones,1,2/11/2019 21:51
159998,Lightning Charging Cable,1,2/8/2019 8:05
159999,27in FHD Monitor,1,2/28/2019 11:27
160000,Wired Headphones,1,2/3/2019 23:13
160001,AAA Batteries (4-pack),1,2/3/2019 7:27
160002,AAA Batteries (4-pack),1,2/16/2019 7:11
160003,AAA Batteries (4-pack),1,2/28/2019 22:55
160004,Bose SoundSport Headphones,1,2/27/2019 22:52
160005,Lightning Charging Cable,1,2/3/2019 12:23
160006,34in Ultrawide Monitor,1,2/5/2019 20:54
160007,AA Batteries (4-pack),1,2/20/2019 13:42
160008,USB-C Charging Cable,2,2/10/2019 0:09
160009,USB-C Charging Cable,1,2/5/2019 9:51
160010,AA Batteries (4-pack),1,2/15/2019 10:23
160011,USB-C Charging Cable,2,2/12/2019 22:02
160012,Lightning Charging Cable,1,2/7/2019 15:50
160013,27in 4K Gaming Monitor,1,2/13/2019 14:41
160014,USB-C Charging Cable,1,2/11/2019 9:27
160015,Flatscreen TV,1,2/11/2019 20:24
160016,34in Ultrawide Monitor,1,2/6/2019 16:16
160017,34in Ultrawide Monitor,1,2/25/2019 15:43
160018,AAA Batteries (4-pack),2,2/22/2019 1:23
160019,ThinkPad Laptop,1,2/11/2019 11:24
160020,AAA Batteries (4-pack),2,2/25/2019 2:03
160021,iPhone,1,2/19/2019 18:36
160021,Wired Headphones,1,2/19/2019 18:36
160022,AAA Batteries (4-pack),2,2/6/2019 18:03
160023,AAA Batteries (4-pack),1,2/15/2019 12:01
160024,USB-C Charging Cable,1,2/15/2019 22:44
160025,Lightning Charging Cable,1,2/10/2019 8:00
160026,Apple Airpods Headphones,1,2/16/2019 12:13
160027,LG Dryer,1,2/22/2019 13:32
160028,Wired Headphones,1,2/24/2019 21:49
160029,Google Phone,1,2/2/2019 12:36
160030,27in FHD Monitor,1,2/19/2019 19:36
160031,20in Monitor,1,2/17/2019 11:58
160032,Apple Airpods Headphones,1,2/2/2019 11:50
160033,Flatscreen TV,1,2/9/2019 14:57
160034,Wired Headphones,1,2/23/2019 15:34
160035,USB-C Charging Cable,1,2/26/2019 15:33
160036,Flatscreen TV,1,2/6/2019 17:25
160037,AAA Batteries (4-pack),1,2/1/2019 10:26
160038,Wired Headphones,1,2/9/2019 8:40
160039,Lightning Charging Cable,1,2/21/2019 3:00
160040,Vareebadd Phone,1,2/10/2019 11:39
160041,USB-C Charging Cable,2,2/21/2019 22:58
160042,Google Phone,1,2/20/2019 10:38
160043,34in Ultrawide Monitor,1,2/13/2019 19:26
160044,27in FHD Monitor,1,2/7/2019 15:03
160045,Wired Headphones,1,2/28/2019 8:16
160046,27in 4K Gaming Monitor,1,2/17/2019 9:36
160047,USB-C Charging Cable,1,2/3/2019 11:26
160048,Bose SoundSport Headphones,1,2/8/2019 17:40
160049,AAA Batteries (4-pack),1,2/25/2019 16:33
160050,Flatscreen TV,1,2/22/2019 14:43
160051,27in FHD Monitor,1,2/5/2019 15:55
160052,AA Batteries (4-pack),1,2/2/2019 8:31
160053,Bose SoundSport Headphones,1,2/22/2019 20:37
160054,34in Ultrawide Monitor,1,2/4/2019 13:18
160055,Google Phone,1,2/8/2019 16:27
160055,USB-C Charging Cable,1,2/8/2019 16:27
160055,Wired Headphones,1,2/8/2019 16:27
160056,USB-C Charging Cable,1,2/28/2019 15:55
160057,AA Batteries (4-pack),3,2/13/2019 20:24
160058,AAA Batteries (4-pack),1,2/19/2019 14:56
160059,Wired Headphones,1,2/7/2019 16:10
160060,Apple Airpods Headphones,1,2/6/2019 17:11
160061,AA Batteries (4-pack),1,2/2/2019 11:44
160062,Lightning Charging Cable,1,2/1/2019 13:26
160063,Apple Airpods Headphones,1,2/12/2019 9:12
160064,Lightning Charging Cable,1,2/2/2019 23:35
160065,Wired Headphones,1,2/19/2019 14:21
160066,Lightning Charging Cable,1,2/28/2019 10:05
160067,AAA Batteries (4-pack),2,2/22/2019 2:01
160068,AAA Batteries (4-pack),1,2/6/2019 19:58
160069,AA Batteries (4-pack),1,2/5/2019 9:19
160070,27in FHD Monitor,2,2/5/2019 23:02
160071,Wired Headphones,1,2/20/2019 20:25
160072,27in 4K Gaming Monitor,1,2/15/2019 14:19
160073,34in Ultrawide Monitor,1,2/8/2019 22:21
160074,Bose SoundSport Headphones,1,2/27/2019 16:08
160075,Bose SoundSport Headphones,1,2/9/2019 0:50
160076,Apple Airpods Headphones,1,2/12/2019 1:10
160077,AA Batteries (4-pack),1,2/11/2019 16:46
160078,USB-C Charging Cable,1,2/21/2019 19:36
160079,Lightning Charging Cable,1,2/15/2019 22:18
160080,Bose SoundSport Headphones,1,2/2/2019 15:55
160081,USB-C Charging Cable,1,2/18/2019 12:47
160082,Wired Headphones,1,2/16/2019 11:15
160083,27in FHD Monitor,1,2/14/2019 12:30
160084,Flatscreen TV,1,2/9/2019 16:41
160085,AAA Batteries (4-pack),2,2/22/2019 18:29
160086,Wired Headphones,1,2/3/2019 18:09
160087,Wired Headphones,1,2/12/2019 21:34
160088,USB-C Charging Cable,1,2/18/2019 14:43
160089,Apple Airpods Headphones,1,2/3/2019 22:38
160090,USB-C Charging Cable,1,2/2/2019 7:28
160091,USB-C Charging Cable,2,2/15/2019 14:53
160092,USB-C Charging Cable,1,2/14/2019 18:22
160093,iPhone,1,2/1/2019 16:51
160094,27in 4K Gaming Monitor,1,2/12/2019 14:50
160095,Lightning Charging Cable,1,2/15/2019 9:49
160096,Apple Airpods Headphones,1,2/12/2019 11:44
160097,20in Monitor,1,2/9/2019 11:05
160098,AAA Batteries (4-pack),1,2/1/2019 17:42
160099,USB-C Charging Cable,1,2/18/2019 21:34
160100,Lightning Charging Cable,1,2/11/2019 9:14
160101,AA Batteries (4-pack),1,2/17/2019 21:20
160102,Flatscreen TV,1,2/2/2019 10:16
160103,Apple Airpods Headphones,1,2/10/2019 14:54
160104,Wired Headphones,1,2/3/2019 17:36
160105,Apple Airpods Headphones,1,2/20/2019 13:22
160106,Bose SoundSport Headphones,1,2/11/2019 18:48
160107,34in Ultrawide Monitor,1,2/6/2019 11:12
160108,27in FHD Monitor,1,2/1/2019 18:25
160109,Macbook Pro Laptop,1,2/16/2019 13:31
160110,Flatscreen TV,1,2/3/2019 15:41
160111,USB-C Charging Cable,1,2/8/2019 19:46
160112,AA Batteries (4-pack),2,2/24/2019 23:08
160113,Apple Airpods Headphones,1,2/18/2019 16:56
160114,USB-C Charging Cable,1,2/17/2019 15:13
160115,Lightning Charging Cable,1,2/24/2019 11:08
160116,AA Batteries (4-pack),1,2/25/2019 17:38
160117,Wired Headphones,1,2/23/2019 14:11
160118,Lightning Charging Cable,1,2/10/2019 8:49
160119,27in 4K Gaming Monitor,1,2/9/2019 17:43
160120,Bose SoundSport Headphones,1,2/5/2019 11:50
160121,Wired Headphones,1,2/13/2019 7:14
160122,Lightning Charging Cable,1,2/21/2019 10:59
160123,Wired Headphones,1,2/1/2019 13:50
160124,AAA Batteries (4-pack),1,2/11/2019 18:25
160125,Lightning Charging Cable,1,2/4/2019 19:24
160126,AA Batteries (4-pack),1,2/28/2019 10:12
160127,27in FHD Monitor,1,2/17/2019 22:30
160128,iPhone,1,2/24/2019 12:14
160129,34in Ultrawide Monitor,1,2/15/2019 13:03
160130,AAA Batteries (4-pack),1,2/28/2019 17:13
160131,Lightning Charging Cable,1,2/27/2019 22:28
160132,Macbook Pro Laptop,1,2/11/2019 9:35
160133,Lightning Charging Cable,1,2/8/2019 20:54
160134,Bose SoundSport Headphones,1,2/2/2019 8:25
160135,AA Batteries (4-pack),1,2/13/2019 8:53
160136,Wired Headphones,1,2/24/2019 14:28
160137,Bose SoundSport Headphones,1,2/16/2019 21:29
160138,AA Batteries (4-pack),1,2/24/2019 9:27
160139,AA Batteries (4-pack),1,2/22/2019 16:46
160140,27in 4K Gaming Monitor,1,2/8/2019 9:25
160141,Flatscreen TV,1,2/17/2019 20:05
160142,USB-C Charging Cable,2,2/26/2019 18:40
160143,Apple Airpods Headphones,1,2/24/2019 18:52
160144,34in Ultrawide Monitor,1,2/24/2019 18:16
160145,AAA Batteries (4-pack),1,2/9/2019 18:20
160146,AA Batteries (4-pack),1,2/28/2019 8:34
160147,Lightning Charging Cable,1,2/15/2019 17:39
160148,27in 4K Gaming Monitor,1,2/4/2019 1:09
160149,USB-C Charging Cable,3,2/1/2019 22:02
160150,AA Batteries (4-pack),1,2/5/2019 13:33
160151,AAA Batteries (4-pack),1,2/22/2019 14:09
160152,AAA Batteries (4-pack),1,2/20/2019 21:12
160153,Wired Headphones,1,2/3/2019 9:38
160154,iPhone,1,2/5/2019 20:45
160155,USB-C Charging Cable,1,2/15/2019 17:55
160156,AAA Batteries (4-pack),2,2/14/2019 21:40
160157,Bose SoundSport Headphones,1,2/21/2019 21:15
160158,Apple Airpods Headphones,1,2/7/2019 20:40
160159,Apple Airpods Headphones,1,2/11/2019 17:37
160160,27in 4K Gaming Monitor,1,2/1/2019 21:17
160161,AAA Batteries (4-pack),1,2/6/2019 13:27
160162,AA Batteries (4-pack),2,2/10/2019 16:55
160163,ThinkPad Laptop,1,2/12/2019 14:35
160164,27in 4K Gaming Monitor,1,2/4/2019 7:12
160165,USB-C Charging Cable,1,2/17/2019 15:38
160166,USB-C Charging Cable,1,2/16/2019 7:44
160167,AA Batteries (4-pack),1,2/6/2019 12:18
160168,Wired Headphones,1,2/23/2019 14:55
160169,Lightning Charging Cable,1,2/21/2019 17:58
160170,AA Batteries (4-pack),1,2/25/2019 20:42
160171,AAA Batteries (4-pack),2,2/13/2019 16:55
160172,Bose SoundSport Headphones,1,2/3/2019 9:46
160173,27in FHD Monitor,1,2/14/2019 12:52
160174,Wired Headphones,1,2/8/2019 21:15
160175,Bose SoundSport Headphones,1,2/16/2019 19:13
160176,27in FHD Monitor,1,2/4/2019 0:25
160177,27in 4K Gaming Monitor,1,2/28/2019 21:10
160178,20in Monitor,1,2/17/2019 19:43
160179,Google Phone,1,2/26/2019 8:44
160179,USB-C Charging Cable,1,2/26/2019 8:44
160180,Wired Headphones,1,2/15/2019 15:36
160181,Flatscreen TV,1,2/23/2019 20:07
160182,USB-C Charging Cable,1,2/8/2019 18:08
160183,Wired Headphones,1,2/1/2019 19:50
160184,iPhone,1,2/8/2019 20:36
160185,Bose SoundSport Headphones,1,2/25/2019 17:53
160186,AA Batteries (4-pack),1,2/10/2019 15:26
160187,AAA Batteries (4-pack),1,2/13/2019 9:11
160188,Bose SoundSport Headphones,1,2/13/2019 0:49
160189,Lightning Charging Cable,1,2/5/2019 22:29
160190,USB-C Charging Cable,1,2/25/2019 21:42
160191,Lightning Charging Cable,1,2/1/2019 10:36
160192,Apple Airpods Headphones,1,2/18/2019 21:26
160193,20in Monitor,1,2/27/2019 19:01
160194,Bose SoundSport Headphones,1,2/20/2019 10:54
160195,Google Phone,1,2/9/2019 18:28
160196,USB-C Charging Cable,1,2/18/2019 21:52
160197,27in 4K Gaming Monitor,1,2/26/2019 18:12
160198,Apple Airpods Headphones,1,3/1/2019 0:29
160199,34in Ultrawide Monitor,1,2/20/2019 10:07
160200,Bose SoundSport Headphones,1,2/28/2019 13:11
160201,AA Batteries (4-pack),1,2/7/2019 21:18
160202,Wired Headphones,1,2/9/2019 18:34
160203,AAA Batteries (4-pack),4,2/11/2019 9:15
160204,Bose SoundSport Headphones,1,3/1/2019 1:04
160205,AA Batteries (4-pack),1,2/2/2019 20:39
160206,34in Ultrawide Monitor,1,2/13/2019 11:04
160207,AAA Batteries (4-pack),1,2/27/2019 10:40
160208,Lightning Charging Cable,1,2/28/2019 7:18
160209,USB-C Charging Cable,1,2/10/2019 14:16
160210,Apple Airpods Headphones,1,2/14/2019 19:02
160211,Apple Airpods Headphones,1,2/5/2019 18:41
160212,Lightning Charging Cable,1,2/15/2019 22:57
160213,iPhone,1,2/24/2019 20:50
160214,20in Monitor,1,2/22/2019 17:31
160215,USB-C Charging Cable,1,2/2/2019 21:29
160216,27in FHD Monitor,1,2/20/2019 1:33
160217,Apple Airpods Headphones,1,2/10/2019 14:30
160218,Apple Airpods Headphones,1,2/15/2019 21:11
,,,
160219,Lightning Charging Cable,1,2/24/2019 19:24
160220,Wired Headphones,1,2/28/2019 19:54
160221,Google Phone,1,2/12/2019 21:51
160222,Lightning Charging Cable,1,2/4/2019 22:20
160223,27in FHD Monitor,1,2/2/2019 14:09
160224,Google Phone,1,2/21/2019 13:11
160225,iPhone,1,2/9/2019 21:00
160226,ThinkPad Laptop,1,2/2/2019 13:30
160227,USB-C Charging Cable,1,2/19/2019 15:25
160228,USB-C Charging Cable,1,2/4/2019 16:06
160229,Lightning Charging Cable,1,2/27/2019 21:04
160230,Bose SoundSport Headphones,1,2/4/2019 17:43
160231,ThinkPad Laptop,1,2/24/2019 11:16
160232,20in Monitor,1,2/4/2019 13:41
160233,Apple Airpods Headphones,1,2/28/2019 0:30
160234,27in FHD Monitor,1,2/26/2019 17:36
160235,Lightning Charging Cable,1,2/13/2019 17:26
160236,AA Batteries (4-pack),1,2/14/2019 14:52
160237,Google Phone,1,2/10/2019 9:23
160238,AAA Batteries (4-pack),1,3/1/2019 2:08
160239,Wired Headphones,1,2/20/2019 12:33
160240,34in Ultrawide Monitor,1,2/16/2019 10:36
160241,AAA Batteries (4-pack),1,2/13/2019 15:44
160242,Wired Headphones,1,2/25/2019 15:47
160243,AA Batteries (4-pack),1,2/7/2019 12:20
160244,Lightning Charging Cable,1,2/14/2019 17:41
160245,Apple Airpods Headphones,1,2/13/2019 22:07
160246,Lightning Charging Cable,1,2/22/2019 11:01
160247,ThinkPad Laptop,1,2/26/2019 16:03
160248,20in Monitor,1,2/5/2019 11:32
160249,Google Phone,1,2/20/2019 14:05
160250,Google Phone,1,2/1/2019 14:40
160251,Bose SoundSport Headphones,1,2/22/2019 21:23
160252,Bose SoundSport Headphones,1,2/9/2019 22:39
160253,USB-C Charging Cable,2,2/26/2019 9:32
160254,Bose SoundSport Headphones,1,2/28/2019 19:50
160255,Apple Airpods Headphones,1,2/11/2019 16:01
160256,27in FHD Monitor,1,2/1/2019 22:51
160257,27in 4K Gaming Monitor,1,2/16/2019 23:59
160258,Flatscreen TV,1,2/28/2019 9:45
160259,Wired Headphones,1,2/28/2019 18:43
160260,Google Phone,1,2/13/2019 18:58
160261,Flatscreen TV,1,2/10/2019 17:09
160262,USB-C Charging Cable,1,2/23/2019 13:06
160263,20in Monitor,1,2/7/2019 13:00
160264,Vareebadd Phone,1,2/26/2019 17:09
160264,USB-C Charging Cable,1,2/26/2019 17:09
160265,USB-C Charging Cable,1,2/27/2019 21:09
160266,Wired Headphones,1,2/1/2019 18:58
160267,USB-C Charging Cable,1,2/17/2019 14:32
160268,Bose SoundSport Headphones,1,2/11/2019 10:21
160269,AAA Batteries (4-pack),2,2/25/2019 11:16
160270,iPhone,1,2/12/2019 0:04
160271,AA Batteries (4-pack),1,2/21/2019 9:17
160272,27in 4K Gaming Monitor,1,2/10/2019 15:50
160273,AA Batteries (4-pack),1,2/6/2019 14:52
160274,Bose SoundSport Headphones,1,2/22/2019 8:59
160275,Flatscreen TV,1,2/7/2019 22:33
160276,20in Monitor,1,2/27/2019 15:02
160277,27in FHD Monitor,1,2/16/2019 12:34
160278,Apple Airpods Headphones,1,2/3/2019 17:03
160279,AA Batteries (4-pack),1,2/26/2019 14:43
160280,Lightning Charging Cable,2,2/26/2019 13:20
160281,Apple Airpods Headphones,1,2/5/2019 7:23
160282,Lightning Charging Cable,1,2/12/2019 0:56
160283,USB-C Charging Cable,1,2/13/2019 16:15
160284,Lightning Charging Cable,1,2/28/2019 10:49
160285,Wired Headphones,1,2/19/2019 15:48
160286,Lightning Charging Cable,1,2/18/2019 10:57
160287,AAA Batteries (4-pack),1,2/8/2019 20:43
160288,USB-C Charging Cable,1,2/6/2019 20:34
160289,AA Batteries (4-pack),2,2/23/2019 17:54
160290,iPhone,1,2/1/2019 11:36
160291,Lightning Charging Cable,1,2/11/2019 10:05
160292,Flatscreen TV,1,2/19/2019 11:23
160293,ThinkPad Laptop,1,2/8/2019 23:25
160294,AAA Batteries (4-pack),3,2/13/2019 12:43
160295,AAA Batteries (4-pack),1,2/8/2019 21:16
160296,Lightning Charging Cable,1,2/12/2019 18:50
160297,AA Batteries (4-pack),1,2/8/2019 19:29
160298,USB-C Charging Cable,1,2/4/2019 18:01
160298,Apple Airpods Headphones,1,2/4/2019 18:01
160299,AAA Batteries (4-pack),1,2/3/2019 7:58
160300,Wired Headphones,2,2/22/2019 21:02
160301,27in FHD Monitor,1,2/2/2019 14:59
160302,USB-C Charging Cable,1,2/21/2019 16:09
160303,34in Ultrawide Monitor,1,2/17/2019 21:30
160304,Apple Airpods Headphones,1,2/1/2019 12:49
160305,AAA Batteries (4-pack),2,2/16/2019 7:40
160306,USB-C Charging Cable,1,2/14/2019 21:58
160307,Bose SoundSport Headphones,1,2/19/2019 19:09
160308,Apple Airpods Headphones,1,2/24/2019 14:46
160309,Bose SoundSport Headphones,1,2/23/2019 23:43
160310,27in FHD Monitor,1,2/24/2019 17:31
160311,AAA Batteries (4-pack),3,2/6/2019 13:44
160312,27in 4K Gaming Monitor,1,2/9/2019 9:14
160313,USB-C Charging Cable,1,2/21/2019 12:50
160314,Lightning Charging Cable,1,2/28/2019 13:17
160315,Apple Airpods Headphones,1,2/21/2019 8:45
160316,USB-C Charging Cable,1,2/8/2019 21:15
160317,AAA Batteries (4-pack),1,2/28/2019 22:35
160318,USB-C Charging Cable,1,2/15/2019 9:26
160319,Flatscreen TV,1,2/10/2019 8:19
160320,AA Batteries (4-pack),1,2/23/2019 8:59
160321,AAA Batteries (4-pack),2,2/15/2019 8:49
160322,AA Batteries (4-pack),1,2/25/2019 18:07
160323,Bose SoundSport Headphones,1,2/15/2019 9:19
160324,AAA Batteries (4-pack),2,2/11/2019 21:27
160325,AAA Batteries (4-pack),1,2/8/2019 22:21
160326,27in 4K Gaming Monitor,1,2/14/2019 11:42
160327,AAA Batteries (4-pack),1,2/27/2019 11:30
160328,Wired Headphones,1,2/10/2019 9:45
160329,AAA Batteries (4-pack),3,2/28/2019 10:12
160329,AAA Batteries (4-pack),1,2/28/2019 10:12
160330,34in Ultrawide Monitor,1,2/25/2019 13:33
160331,34in Ultrawide Monitor,1,2/7/2019 19:42
160332,Apple Airpods Headphones,1,2/3/2019 13:48
160333,iPhone,1,2/6/2019 22:28
160333,Lightning Charging Cable,1,2/6/2019 22:28
160334,Wired Headphones,1,2/6/2019 9:56
160335,Lightning Charging Cable,1,2/9/2019 18:25
160336,Apple Airpods Headphones,1,2/3/2019 17:07
160337,Flatscreen TV,1,2/21/2019 23:23
160338,Wired Headphones,1,2/12/2019 16:57
160339,Wired Headphones,1,2/21/2019 22:57
160340,iPhone,1,2/7/2019 17:47
160341,34in Ultrawide Monitor,1,2/17/2019 18:13
160342,AA Batteries (4-pack),1,2/15/2019 15:28
160343,AA Batteries (4-pack),2,2/12/2019 10:05
160344,AA Batteries (4-pack),1,2/17/2019 20:47
160345,AAA Batteries (4-pack),2,2/11/2019 18:59
160346,Bose SoundSport Headphones,1,2/5/2019 12:16
160347,Wired Headphones,2,2/15/2019 0:31
160348,Wired Headphones,1,2/20/2019 14:01
160349,Flatscreen TV,1,2/14/2019 10:46
160350,AA Batteries (4-pack),1,2/21/2019 19:17
160351,Lightning Charging Cable,1,2/16/2019 20:36
160352,Lightning Charging Cable,1,2/26/2019 18:36
160353,Flatscreen TV,1,2/14/2019 10:11
160354,Lightning Charging Cable,1,2/25/2019 15:28
160355,AA Batteries (4-pack),1,2/24/2019 19:11
160356,27in 4K Gaming Monitor,1,2/26/2019 11:07
160357,AA Batteries (4-pack),1,2/14/2019 11:22
160358,USB-C Charging Cable,1,2/22/2019 9:51
160359,27in FHD Monitor,1,2/27/2019 14:39
160360,Lightning Charging Cable,1,2/9/2019 21:32
160361,AAA Batteries (4-pack),2,2/24/2019 20:13
160362,Wired Headphones,1,2/17/2019 10:34
160363,AA Batteries (4-pack),1,2/3/2019 16:09
160364,AA Batteries (4-pack),1,2/13/2019 13:23
160365,Bose SoundSport Headphones,1,2/28/2019 2:23
160366,AAA Batteries (4-pack),1,2/24/2019 9:32
160367,Macbook Pro Laptop,1,2/8/2019 15:05
160368,AAA Batteries (4-pack),1,2/11/2019 16:11
160369,USB-C Charging Cable,2,2/18/2019 12:32
160370,Apple Airpods Headphones,1,2/25/2019 1:05
160371,Google Phone,1,2/13/2019 11:31
160371,USB-C Charging Cable,1,2/13/2019 11:31
160372,Lightning Charging Cable,1,2/17/2019 2:44
160373,Bose SoundSport Headphones,1,2/4/2019 11:19
160374,34in Ultrawide Monitor,1,2/1/2019 18:35
160375,Wired Headphones,1,2/22/2019 11:17
160376,Wired Headphones,1,2/19/2019 4:39
160377,AA Batteries (4-pack),1,2/11/2019 8:52
160378,USB-C Charging Cable,1,2/16/2019 23:07
160379,Lightning Charging Cable,1,2/22/2019 1:07
160380,Bose SoundSport Headphones,1,2/16/2019 12:00
160381,Flatscreen TV,1,2/14/2019 21:46
160382,USB-C Charging Cable,1,2/25/2019 10:07
160383,USB-C Charging Cable,1,2/26/2019 10:24
160384,ThinkPad Laptop,1,2/10/2019 11:55
160385,ThinkPad Laptop,1,2/16/2019 1:52
160386,Wired Headphones,1,2/16/2019 21:06
160387,34in Ultrawide Monitor,1,2/23/2019 20:34
160388,USB-C Charging Cable,1,2/24/2019 11:54
160389,Apple Airpods Headphones,1,2/10/2019 9:45
160390,34in Ultrawide Monitor,1,2/14/2019 10:44
160391,20in Monitor,1,2/1/2019 9:32
160392,Wired Headphones,1,2/6/2019 11:52
160393,AA Batteries (4-pack),1,2/6/2019 21:25
160394,USB-C Charging Cable,1,2/21/2019 13:00
160395,Apple Airpods Headphones,1,2/7/2019 13:10
160396,20in Monitor,1,2/16/2019 10:23
160397,AAA Batteries (4-pack),1,2/7/2019 20:38
160398,Lightning Charging Cable,1,2/3/2019 16:04
160399,Lightning Charging Cable,1,2/9/2019 6:49
160400,LG Washing Machine,1,2/3/2019 10:21
160401,Apple Airpods Headphones,1,2/2/2019 10:45
160402,Bose SoundSport Headphones,1,2/4/2019 11:15
160403,AAA Batteries (4-pack),1,2/10/2019 12:50
160404,Google Phone,1,2/1/2019 9:03
160405,Lightning Charging Cable,1,2/4/2019 10:58
160406,Apple Airpods Headphones,1,2/20/2019 22:10
160407,AA Batteries (4-pack),1,2/13/2019 15:33
160408,Wired Headphones,2,2/5/2019 17:01
160409,iPhone,1,2/28/2019 16:54
160410,ThinkPad Laptop,1,2/19/2019 8:31
160411,Wired Headphones,1,2/8/2019 9:21
160412,AAA Batteries (4-pack),2,2/28/2019 3:44
160413,USB-C Charging Cable,1,2/12/2019 15:32
160414,USB-C Charging Cable,1,2/7/2019 19:31
160415,Wired Headphones,1,2/7/2019 17:30
160416,Google Phone,1,2/7/2019 22:23
160417,Bose SoundSport Headphones,1,2/18/2019 15:14
160418,Wired Headphones,1,2/11/2019 6:48
160419,USB-C Charging Cable,1,2/3/2019 9:52
160420,Wired Headphones,1,2/19/2019 9:04
160421,Apple Airpods Headphones,1,2/25/2019 20:40
160422,AA Batteries (4-pack),2,2/22/2019 0:38
160423,ThinkPad Laptop,1,2/12/2019 12:51
160424,iPhone,1,2/4/2019 4:42
160425,AA Batteries (4-pack),1,2/12/2019 19:04
160426,ThinkPad Laptop,1,2/4/2019 16:49
160427,Wired Headphones,1,2/16/2019 12:04
160428,27in 4K Gaming Monitor,1,2/21/2019 20:40
160429,27in FHD Monitor,1,2/4/2019 0:17
160430,AA Batteries (4-pack),1,2/8/2019 14:02
160431,AAA Batteries (4-pack),1,2/24/2019 16:17
160432,Lightning Charging Cable,1,2/18/2019 14:48
160433,Wired Headphones,1,2/1/2019 13:07
160434,Wired Headphones,1,2/18/2019 18:27
160435,ThinkPad Laptop,1,2/21/2019 16:54
160436,Lightning Charging Cable,1,2/24/2019 10:38
160437,27in FHD Monitor,1,2/24/2019 16:09
160438,27in 4K Gaming Monitor,1,2/13/2019 16:42
160439,AAA Batteries (4-pack),1,2/1/2019 17:17
160440,AA Batteries (4-pack),1,2/11/2019 11:39
160441,Bose SoundSport Headphones,1,2/14/2019 13:02
160442,Flatscreen TV,1,2/12/2019 15:16
160443,AA Batteries (4-pack),3,2/25/2019 22:30
160444,Vareebadd Phone,1,2/23/2019 21:04
160445,20in Monitor,1,2/14/2019 19:23
160446,USB-C Charging Cable,1,2/2/2019 20:54
160447,27in 4K Gaming Monitor,1,2/1/2019 12:08
160448,AAA Batteries (4-pack),1,2/4/2019 16:21
160449,USB-C Charging Cable,1,2/23/2019 1:07
160450,AAA Batteries (4-pack),3,2/27/2019 16:24
160451,iPhone,1,2/12/2019 21:19
160452,Wired Headphones,1,2/8/2019 10:45
160453,Wired Headphones,1,2/1/2019 19:18
160454,USB-C Charging Cable,1,2/20/2019 0:46
160455,Wired Headphones,1,2/24/2019 0:15
160456,iPhone,1,2/7/2019 17:02
160457,AAA Batteries (4-pack),1,2/15/2019 11:07
160458,Google Phone,1,2/16/2019 17:19
160459,27in FHD Monitor,1,2/17/2019 21:09
160460,AAA Batteries (4-pack),2,2/22/2019 17:31
160461,Wired Headphones,1,2/3/2019 10:54
160462,34in Ultrawide Monitor,1,2/17/2019 19:47
160463,27in 4K Gaming Monitor,1,2/13/2019 15:41
160464,Bose SoundSport Headphones,1,2/22/2019 13:17
160465,AAA Batteries (4-pack),4,2/21/2019 19:48
160466,Bose SoundSport Headphones,1,2/25/2019 12:42
160467,Google Phone,1,2/21/2019 18:06
160468,USB-C Charging Cable,2,2/1/2019 9:42
160469,iPhone,1,2/25/2019 20:41
160470,34in Ultrawide Monitor,1,2/5/2019 17:33
160471,Apple Airpods Headphones,1,2/9/2019 15:29
160472,Macbook Pro Laptop,1,2/18/2019 19:02
160473,AAA Batteries (4-pack),1,2/20/2019 8:11
160474,27in FHD Monitor,1,2/6/2019 21:19
160475,Apple Airpods Headphones,1,2/2/2019 16:45
160476,USB-C Charging Cable,1,2/1/2019 13:26
160477,Bose SoundSport Headphones,1,2/12/2019 18:14
160478,Lightning Charging Cable,1,2/21/2019 11:01
160479,AA Batteries (4-pack),1,2/27/2019 19:38
160480,Bose SoundSport Headphones,1,2/10/2019 13:13
160481,27in 4K Gaming Monitor,1,2/12/2019 8:06
160481,AA Batteries (4-pack),2,2/12/2019 8:06
160482,AAA Batteries (4-pack),1,2/10/2019 7:50
160483,Bose SoundSport Headphones,1,2/11/2019 11:05
160484,AAA Batteries (4-pack),1,2/25/2019 12:53
160485,USB-C Charging Cable,1,2/18/2019 13:56
160486,Wired Headphones,1,2/19/2019 16:48
160487,27in FHD Monitor,1,2/9/2019 17:44
160488,Apple Airpods Headphones,1,2/16/2019 8:32
160489,Lightning Charging Cable,1,2/7/2019 11:08
160490,USB-C Charging Cable,1,2/19/2019 4:39
160491,Wired Headphones,2,2/21/2019 16:11
160492,Lightning Charging Cable,1,2/24/2019 10:41
160493,Bose SoundSport Headphones,1,2/8/2019 0:18
160494,Google Phone,1,2/15/2019 17:09
160495,Lightning Charging Cable,1,2/10/2019 13:30
160496,Lightning Charging Cable,1,2/19/2019 16:52
160497,Apple Airpods Headphones,1,2/7/2019 15:20
160498,Wired Headphones,1,2/5/2019 23:44
160499,Lightning Charging Cable,1,2/26/2019 22:57
160500,Bose SoundSport Headphones,1,2/28/2019 16:49
160501,Wired Headphones,1,2/7/2019 13:17
160502,AAA Batteries (4-pack),2,2/20/2019 10:45
160503,Bose SoundSport Headphones,1,2/11/2019 12:57
160504,USB-C Charging Cable,1,2/8/2019 16:03
160505,Bose SoundSport Headphones,1,2/10/2019 22:05
160506,Bose SoundSport Headphones,1,2/14/2019 21:18
160507,AAA Batteries (4-pack),1,2/25/2019 19:38
160508,iPhone,1,2/1/2019 9:59
160509,AAA Batteries (4-pack),2,2/1/2019 1:51
160510,Google Phone,1,2/6/2019 11:04
160511,Apple Airpods Headphones,1,2/4/2019 10:07
160512,USB-C Charging Cable,2,2/11/2019 12:53
160513,USB-C Charging Cable,1,2/23/2019 12:05
160514,Lightning Charging Cable,1,2/23/2019 12:04
160515,Bose SoundSport Headphones,1,2/26/2019 13:09
160516,20in Monitor,1,2/21/2019 17:14
160517,AA Batteries (4-pack),1,2/10/2019 17:01
160518,USB-C Charging Cable,1,2/7/2019 6:58
160519,Wired Headphones,1,2/15/2019 21:06
160520,USB-C Charging Cable,1,2/5/2019 20:57
160521,USB-C Charging Cable,1,2/19/2019 20:27
160522,Lightning Charging Cable,1,2/25/2019 19:16
160523,AA Batteries (4-pack),1,2/21/2019 15:27
160524,Flatscreen TV,1,2/5/2019 13:43
160525,USB-C Charging Cable,1,2/11/2019 13:41
160526,Lightning Charging Cable,1,2/18/2019 16:36
160527,AA Batteries (4-pack),2,2/25/2019 19:10
160528,Macbook Pro Laptop,1,2/7/2019 6:21
160529,34in Ultrawide Monitor,1,2/11/2019 11:05
160530,AA Batteries (4-pack),1,2/4/2019 20:12
160531,Macbook Pro Laptop,1,2/1/2019 17:46
160532,Wired Headphones,1,2/27/2019 21:50
160533,20in Monitor,1,2/27/2019 21:12
160534,Apple Airpods Headphones,1,2/14/2019 18:07
160535,AAA Batteries (4-pack),1,2/9/2019 22:38
160536,iPhone,1,2/24/2019 17:07
160537,AA Batteries (4-pack),5,2/13/2019 10:45
160538,ThinkPad Laptop,1,2/27/2019 12:50
160538,AA Batteries (4-pack),3,2/27/2019 12:50
160539,AA Batteries (4-pack),1,2/11/2019 21:57
160540,AA Batteries (4-pack),1,2/14/2019 11:40
160541,AA Batteries (4-pack),4,2/24/2019 21:05
160542,Flatscreen TV,1,2/25/2019 15:57
160543,Lightning Charging Cable,1,2/21/2019 14:24
160544,Macbook Pro Laptop,1,2/9/2019 10:45
160545,27in FHD Monitor,1,2/21/2019 10:39
160546,Vareebadd Phone,1,2/17/2019 22:19
160547,Lightning Charging Cable,1,2/28/2019 15:11
160548,AA Batteries (4-pack),1,2/17/2019 21:33
160549,27in 4K Gaming Monitor,1,2/1/2019 21:26
160550,Lightning Charging Cable,1,2/2/2019 9:58
160551,USB-C Charging Cable,1,2/24/2019 9:00
160552,Wired Headphones,1,2/6/2019 14:20
160553,Apple Airpods Headphones,1,2/24/2019 11:24
160554,Wired Headphones,1,2/18/2019 16:45
160555,USB-C Charging Cable,1,2/27/2019 20:47
160556,Apple Airpods Headphones,1,2/26/2019 21:31
160557,Apple Airpods Headphones,1,2/13/2019 20:31
160558,27in 4K Gaming Monitor,1,2/5/2019 14:08
160559,27in FHD Monitor,1,2/2/2019 14:35
160560,AA Batteries (4-pack),2,2/19/2019 19:24
160561,Apple Airpods Headphones,1,2/15/2019 21:19
160562,AAA Batteries (4-pack),2,2/23/2019 21:25
160563,USB-C Charging Cable,2,2/9/2019 9:58
160564,AA Batteries (4-pack),1,2/25/2019 11:26
160565,Lightning Charging Cable,1,2/1/2019 14:40
160566,USB-C Charging Cable,1,2/25/2019 12:50
160567,Apple Airpods Headphones,1,2/17/2019 8:12
160568,Apple Airpods Headphones,1,2/18/2019 20:49
160569,Google Phone,1,2/8/2019 20:36
160570,AAA Batteries (4-pack),1,2/6/2019 19:06
160571,Lightning Charging Cable,1,2/11/2019 16:14
160572,27in 4K Gaming Monitor,1,2/20/2019 15:12
160573,Google Phone,1,2/16/2019 8:55
160574,27in FHD Monitor,1,2/25/2019 14:51
160575,Lightning Charging Cable,1,2/12/2019 22:58
160576,AA Batteries (4-pack),1,2/6/2019 20:01
160577,27in FHD Monitor,1,2/26/2019 11:18
160578,AA Batteries (4-pack),1,2/5/2019 19:21
160579,USB-C Charging Cable,1,2/1/2019 15:26
160580,Apple Airpods Headphones,1,2/6/2019 9:47
160581,AA Batteries (4-pack),1,2/24/2019 19:46
160582,Wired Headphones,1,2/23/2019 18:07
160583,Apple Airpods Headphones,1,2/21/2019 15:08
160584,AA Batteries (4-pack),1,2/21/2019 20:43
160585,Lightning Charging Cable,1,2/18/2019 9:42
160586,USB-C Charging Cable,1,2/14/2019 11:07
160587,USB-C Charging Cable,1,2/11/2019 10:54
160588,Lightning Charging Cable,2,2/14/2019 17:44
160589,Bose SoundSport Headphones,1,2/16/2019 12:00
160590,AA Batteries (4-pack),2,2/22/2019 9:18
160591,27in 4K Gaming Monitor,1,2/16/2019 9:20
160592,iPhone,1,2/18/2019 16:12
160593,Google Phone,1,2/5/2019 20:46
160593,USB-C Charging Cable,1,2/5/2019 20:46
160594,Bose SoundSport Headphones,1,2/24/2019 7:36
160595,USB-C Charging Cable,1,2/21/2019 20:03
160596,AA Batteries (4-pack),1,2/10/2019 19:47
160597,USB-C Charging Cable,1,2/4/2019 21:35
160598,AAA Batteries (4-pack),1,2/13/2019 18:28
160599,Wired Headphones,1,2/11/2019 10:52
160600,Flatscreen TV,1,2/22/2019 20:21
160601,Flatscreen TV,1,2/2/2019 9:24
160602,AAA Batteries (4-pack),1,2/11/2019 11:50
160603,Wired Headphones,1,2/2/2019 11:22
160604,AAA Batteries (4-pack),4,2/2/2019 18:19
160605,USB-C Charging Cable,1,2/7/2019 22:08
160606,Lightning Charging Cable,1,2/10/2019 19:36
160607,Wired Headphones,1,2/9/2019 16:40
160608,Apple Airpods Headphones,1,2/4/2019 6:41
160609,USB-C Charging Cable,1,2/13/2019 20:52
160610,Lightning Charging Cable,1,2/11/2019 15:01
160611,Apple Airpods Headphones,1,2/3/2019 6:29
160612,AA Batteries (4-pack),1,2/5/2019 22:07
160613,AAA Batteries (4-pack),2,2/1/2019 22:55
160614,Lightning Charging Cable,1,2/11/2019 22:00
160615,Bose SoundSport Headphones,1,2/11/2019 19:40
160616,iPhone,1,2/13/2019 12:12
160617,Lightning Charging Cable,1,2/12/2019 11:40
160618,20in Monitor,1,2/17/2019 11:49
160619,Lightning Charging Cable,1,2/15/2019 15:26
160620,AAA Batteries (4-pack),1,2/24/2019 17:11
160621,Bose SoundSport Headphones,1,2/21/2019 18:57
160622,Bose SoundSport Headphones,1,2/10/2019 21:46
160623,Apple Airpods Headphones,1,2/26/2019 15:28
160624,20in Monitor,1,2/14/2019 22:04
160625,Lightning Charging Cable,1,2/18/2019 16:01
160626,Lightning Charging Cable,1,2/8/2019 11:04
160627,AA Batteries (4-pack),1,2/3/2019 18:14
160627,27in 4K Gaming Monitor,1,2/3/2019 18:14
160628,Lightning Charging Cable,1,2/22/2019 8:38
160629,USB-C Charging Cable,1,2/24/2019 11:51
160630,Lightning Charging Cable,1,2/24/2019 17:43
160631,AA Batteries (4-pack),1,2/28/2019 9:01
160632,iPhone,1,2/18/2019 17:55
160633,Lightning Charging Cable,1,2/26/2019 13:31
160634,Flatscreen TV,1,2/21/2019 4:29
160635,34in Ultrawide Monitor,1,2/15/2019 16:25
160636,USB-C Charging Cable,1,2/22/2019 12:38
160637,Wired Headphones,1,2/2/2019 8:41
160638,Lightning Charging Cable,1,2/14/2019 21:46
160639,USB-C Charging Cable,1,2/11/2019 10:48
160640,AA Batteries (4-pack),1,2/9/2019 16:03
160641,Bose SoundSport Headphones,1,2/10/2019 16:18
160642,USB-C Charging Cable,1,2/26/2019 22:19
160643,34in Ultrawide Monitor,1,2/3/2019 6:57
160644,27in FHD Monitor,1,2/22/2019 7:46
160645,Apple Airpods Headphones,1,2/20/2019 19:24
160646,Bose SoundSport Headphones,1,2/1/2019 23:12
160647,Wired Headphones,1,2/6/2019 9:36
160648,AAA Batteries (4-pack),1,2/10/2019 11:01
160649,Bose SoundSport Headphones,1,2/17/2019 0:03
160650,iPhone,1,2/11/2019 13:13
160651,AAA Batteries (4-pack),1,2/20/2019 12:24
160652,USB-C Charging Cable,1,2/3/2019 11:59
160653,AAA Batteries (4-pack),1,2/4/2019 8:06
160654,USB-C Charging Cable,1,2/1/2019 13:04
160655,AA Batteries (4-pack),1,2/28/2019 14:21
160656,Bose SoundSport Headphones,1,2/14/2019 7:34
160656,AA Batteries (4-pack),2,2/14/2019 7:34
160657,Lightning Charging Cable,1,2/11/2019 21:09
160658,AA Batteries (4-pack),3,2/2/2019 7:55
160659,20in Monitor,1,2/5/2019 7:34
160660,Lightning Charging Cable,1,2/27/2019 17:02
160661,Macbook Pro Laptop,1,2/5/2019 21:14
160662,Apple Airpods Headphones,1,2/14/2019 17:23
160663,USB-C Charging Cable,1,2/25/2019 10:43
160664,34in Ultrawide Monitor,1,2/22/2019 21:13
160665,USB-C Charging Cable,1,2/22/2019 18:18
160666,USB-C Charging Cable,1,2/6/2019 13:58
160667,20in Monitor,1,2/24/2019 18:41
160668,Wired Headphones,1,2/6/2019 10:18
160669,AA Batteries (4-pack),1,2/26/2019 12:08
160670,Flatscreen TV,1,2/3/2019 15:18
160671,Apple Airpods Headphones,1,2/2/2019 12:45
160672,Lightning Charging Cable,1,2/5/2019 11:42
160673,LG Dryer,1,2/22/2019 18:31
160674,Bose SoundSport Headphones,1,2/17/2019 8:24
160675,Wired Headphones,1,2/5/2019 16:25
160676,Wired Headphones,1,2/18/2019 19:14
160677,AAA Batteries (4-pack),1,2/2/2019 15:40
160678,Bose SoundSport Headphones,1,2/15/2019 15:51
160679,Apple Airpods Headphones,1,2/26/2019 8:29
160680,Bose SoundSport Headphones,1,2/20/2019 8:54
160681,Wired Headphones,1,2/12/2019 2:27
160682,Google Phone,1,2/22/2019 13:35
160683,USB-C Charging Cable,1,2/4/2019 18:51
160684,Apple Airpods Headphones,1,2/25/2019 18:48
160685,AA Batteries (4-pack),2,2/19/2019 20:08
160686,USB-C Charging Cable,1,2/1/2019 15:48
160687,Lightning Charging Cable,1,2/20/2019 3:07
160688,Lightning Charging Cable,1,2/20/2019 23:09
160689,Lightning Charging Cable,1,2/8/2019 21:19
160690,AAA Batteries (4-pack),1,2/3/2019 14:28
160691,ThinkPad Laptop,1,2/22/2019 15:49
160692,Wired Headphones,1,2/11/2019 9:07
160693,Lightning Charging Cable,1,2/18/2019 10:53
160694,Wired Headphones,1,2/8/2019 8:01
160695,AAA Batteries (4-pack),1,2/12/2019 15:57
160696,34in Ultrawide Monitor,1,2/10/2019 12:18
160697,Bose SoundSport Headphones,1,2/4/2019 11:44
160698,iPhone,1,2/28/2019 10:38
160698,Wired Headphones,1,2/28/2019 10:38
160699,USB-C Charging Cable,3,2/17/2019 10:00
160700,20in Monitor,1,2/1/2019 8:26
160701,Google Phone,1,2/9/2019 13:51
160702,Bose SoundSport Headphones,1,2/2/2019 18:40
160703,USB-C Charging Cable,1,2/16/2019 18:11
160704,Apple Airpods Headphones,1,2/13/2019 9:56
160705,Lightning Charging Cable,1,2/13/2019 0:21
160706,USB-C Charging Cable,1,2/7/2019 6:09
160707,iPhone,1,2/8/2019 19:19
160707,Wired Headphones,1,2/8/2019 19:19
160708,Wired Headphones,1,2/24/2019 1:17
160709,iPhone,1,2/3/2019 18:44
160710,Wired Headphones,1,2/2/2019 10:07
160711,AA Batteries (4-pack),1,2/23/2019 21:41
160712,20in Monitor,1,2/12/2019 12:08
160713,USB-C Charging Cable,1,2/28/2019 23:49
160714,AAA Batteries (4-pack),1,2/22/2019 11:53
160715,Lightning Charging Cable,1,2/22/2019 12:15
160716,Bose SoundSport Headphones,1,2/11/2019 16:59
160717,27in 4K Gaming Monitor,1,2/24/2019 12:05
160718,AAA Batteries (4-pack),1,2/2/2019 11:50
160719,ThinkPad Laptop,1,2/27/2019 16:55
160720,USB-C Charging Cable,1,2/17/2019 2:07
160721,Macbook Pro Laptop,1,2/20/2019 18:23
160722,Wired Headphones,1,2/15/2019 19:14
160723,Lightning Charging Cable,1,2/15/2019 10:50
160724,iPhone,1,2/13/2019 11:06
160725,Apple Airpods Headphones,1,2/21/2019 8:04
160726,27in FHD Monitor,1,2/13/2019 17:22
160727,Lightning Charging Cable,2,2/15/2019 20:04
160728,AA Batteries (4-pack),2,2/23/2019 11:48
160729,27in FHD Monitor,1,2/9/2019 14:38
160730,ThinkPad Laptop,1,2/24/2019 19:05
160731,Apple Airpods Headphones,1,2/12/2019 15:25
160732,AAA Batteries (4-pack),3,2/27/2019 19:44
160733,Apple Airpods Headphones,1,2/27/2019 16:49
160734,27in 4K Gaming Monitor,1,2/7/2019 15:41
160735,20in Monitor,1,2/17/2019 17:19
160736,AAA Batteries (4-pack),2,2/14/2019 18:26
160737,AAA Batteries (4-pack),2,2/4/2019 15:39
160738,Apple Airpods Headphones,1,2/15/2019 21:05
160739,34in Ultrawide Monitor,1,2/12/2019 23:23
160740,AA Batteries (4-pack),3,2/24/2019 20:05
160741,Bose SoundSport Headphones,1,2/15/2019 11:18
160742,34in Ultrawide Monitor,1,2/16/2019 8:50
160743,Flatscreen TV,1,2/11/2019 19:45
160744,Bose SoundSport Headphones,1,2/27/2019 19:05
160745,AA Batteries (4-pack),1,2/20/2019 12:30
160746,USB-C Charging Cable,1,2/13/2019 22:24
160747,USB-C Charging Cable,1,2/21/2019 5:10
160748,AAA Batteries (4-pack),1,2/3/2019 15:53
160749,Lightning Charging Cable,2,2/23/2019 11:02
160750,Bose SoundSport Headphones,1,2/9/2019 9:55
160751,Lightning Charging Cable,1,2/23/2019 16:31
160752,iPhone,1,2/22/2019 20:00
160753,AA Batteries (4-pack),1,2/24/2019 20:44
160754,USB-C Charging Cable,1,2/20/2019 13:03
160755,Lightning Charging Cable,1,2/21/2019 0:34
160756,AA Batteries (4-pack),2,2/2/2019 21:08
160757,34in Ultrawide Monitor,1,2/4/2019 18:08
160758,AAA Batteries (4-pack),1,2/1/2019 14:19
160759,AAA Batteries (4-pack),2,2/18/2019 13:50
160760,AAA Batteries (4-pack),2,2/21/2019 10:18
160761,USB-C Charging Cable,1,2/2/2019 9:50
160762,27in FHD Monitor,1,2/25/2019 6:24
160763,Macbook Pro Laptop,1,2/24/2019 18:32
160764,Lightning Charging Cable,1,2/20/2019 14:50
160765,34in Ultrawide Monitor,1,2/23/2019 9:42
160766,USB-C Charging Cable,1,2/20/2019 19:40
160767,Bose SoundSport Headphones,1,2/7/2019 10:26
160768,Macbook Pro Laptop,1,2/15/2019 7:51
160769,Macbook Pro Laptop,1,2/20/2019 14:24
160770,AAA Batteries (4-pack),2,2/2/2019 8:32
160771,Lightning Charging Cable,1,2/24/2019 21:06
160772,Lightning Charging Cable,1,2/5/2019 19:37
160773,Macbook Pro Laptop,1,2/18/2019 19:06
160774,Macbook Pro Laptop,1,2/17/2019 18:11
160775,iPhone,1,2/17/2019 15:28
160775,Lightning Charging Cable,1,2/17/2019 15:28
160776,20in Monitor,1,2/17/2019 23:10
160777,Apple Airpods Headphones,1,2/27/2019 12:51
160778,Flatscreen TV,1,2/21/2019 11:14
160779,Apple Airpods Headphones,1,2/24/2019 13:36
160780,Lightning Charging Cable,1,2/21/2019 0:52
160781,AA Batteries (4-pack),2,2/20/2019 21:42
160782,Lightning Charging Cable,1,2/8/2019 11:52
160783,27in FHD Monitor,1,2/8/2019 20:32
160784,Wired Headphones,1,2/22/2019 18:32
160785,Bose SoundSport Headphones,1,2/1/2019 13:32
160786,Lightning Charging Cable,2,2/24/2019 8:03
160787,Bose SoundSport Headphones,1,2/3/2019 14:17
160787,USB-C Charging Cable,2,2/3/2019 14:17
160788,Bose SoundSport Headphones,1,2/25/2019 22:22
160789,Bose SoundSport Headphones,1,2/8/2019 18:29
160790,Wired Headphones,1,2/3/2019 10:40
160791,27in 4K Gaming Monitor,1,2/27/2019 14:25
160792,Apple Airpods Headphones,1,2/2/2019 9:56
160793,Lightning Charging Cable,1,2/15/2019 15:35
160794,Lightning Charging Cable,2,2/17/2019 7:16
160795,Apple Airpods Headphones,1,2/27/2019 17:14
160796,Lightning Charging Cable,1,2/1/2019 15:10
160797,USB-C Charging Cable,1,2/28/2019 21:05
160798,iPhone,1,2/8/2019 21:49
160799,Macbook Pro Laptop,1,2/22/2019 21:51
160800,Lightning Charging Cable,1,2/8/2019 12:25
160801,Wired Headphones,1,2/12/2019 0:21
160802,Lightning Charging Cable,1,2/26/2019 12:23
160803,Lightning Charging Cable,1,2/13/2019 17:09
160803,Bose SoundSport Headphones,1,2/13/2019 17:09
160804,Apple Airpods Headphones,1,2/26/2019 13:51
160805,27in 4K Gaming Monitor,1,2/18/2019 14:23
160806,AA Batteries (4-pack),1,2/14/2019 22:07
160807,Flatscreen TV,1,2/28/2019 20:36
160808,34in Ultrawide Monitor,1,2/6/2019 21:03
160809,ThinkPad Laptop,1,2/23/2019 22:23
160810,USB-C Charging Cable,1,2/28/2019 0:13
160811,Bose SoundSport Headphones,1,2/18/2019 8:45
160812,Bose SoundSport Headphones,1,2/13/2019 9:57
160813,ThinkPad Laptop,1,2/3/2019 19:37
160814,ThinkPad Laptop,1,2/26/2019 12:48
160815,AA Batteries (4-pack),2,2/25/2019 0:45
160816,Google Phone,1,2/5/2019 12:15
160817,Wired Headphones,1,2/7/2019 18:18
160818,Bose SoundSport Headphones,1,2/7/2019 12:49
160819,Lightning Charging Cable,1,2/5/2019 17:41
160820,AA Batteries (4-pack),1,2/18/2019 12:24
160821,20in Monitor,1,2/26/2019 11:59
160822,Flatscreen TV,1,2/26/2019 20:09
160823,AAA Batteries (4-pack),1,2/21/2019 12:56
160824,27in FHD Monitor,1,2/3/2019 12:42
160825,Bose SoundSport Headphones,1,2/27/2019 10:55
160826,Macbook Pro Laptop,1,2/27/2019 12:51
160827,AAA Batteries (4-pack),1,2/26/2019 17:20
160828,27in 4K Gaming Monitor,1,2/22/2019 19:54
160829,Apple Airpods Headphones,1,2/24/2019 19:38
160830,AA Batteries (4-pack),2,2/16/2019 13:14
160831,AAA Batteries (4-pack),1,2/2/2019 14:41
160832,Macbook Pro Laptop,1,2/9/2019 13:36
160833,Lightning Charging Cable,2,2/8/2019 0:21
160834,ThinkPad Laptop,1,2/2/2019 15:16
160835,AA Batteries (4-pack),2,2/22/2019 22:25
160836,34in Ultrawide Monitor,1,2/22/2019 20:05
160837,Lightning Charging Cable,1,2/10/2019 14:06
160838,Google Phone,1,2/5/2019 8:15
160839,USB-C Charging Cable,1,2/5/2019 8:23
160840,USB-C Charging Cable,1,2/1/2019 12:11
160841,Lightning Charging Cable,1,2/11/2019 13:04
160842,iPhone,1,2/16/2019 11:02
160843,Wired Headphones,1,2/28/2019 5:35
160844,iPhone,1,2/3/2019 11:43
160845,Lightning Charging Cable,1,2/14/2019 9:01
160846,iPhone,1,2/9/2019 12:30
160847,Lightning Charging Cable,1,2/2/2019 8:58
160848,Apple Airpods Headphones,1,2/19/2019 13:08
160849,Lightning Charging Cable,1,2/28/2019 19:07
160850,Wired Headphones,1,2/5/2019 23:46
160850,AA Batteries (4-pack),1,2/5/2019 23:46
160851,Lightning Charging Cable,1,2/7/2019 18:02
160851,27in 4K Gaming Monitor,1,2/7/2019 18:02
160852,AA Batteries (4-pack),1,2/4/2019 13:54
160853,Lightning Charging Cable,1,2/27/2019 10:17
160854,Flatscreen TV,1,2/9/2019 17:25
160855,AAA Batteries (4-pack),2,2/20/2019 18:13
160856,20in Monitor,1,2/3/2019 16:25
160857,USB-C Charging Cable,2,2/27/2019 19:52
160858,Google Phone,1,2/5/2019 0:43
160859,34in Ultrawide Monitor,1,2/22/2019 13:08
160860,AA Batteries (4-pack),2,2/16/2019 17:19
160861,27in FHD Monitor,1,2/15/2019 5:40
160862,USB-C Charging Cable,1,2/17/2019 8:31
160863,Google Phone,1,2/22/2019 10:00
160863,Wired Headphones,1,2/22/2019 10:00
160864,AA Batteries (4-pack),3,2/25/2019 22:50
160865,USB-C Charging Cable,1,2/25/2019 19:56
160866,USB-C Charging Cable,1,2/7/2019 17:28
160867,Lightning Charging Cable,1,2/15/2019 11:41
160868,AAA Batteries (4-pack),3,2/15/2019 19:51
160869,AA Batteries (4-pack),1,2/15/2019 22:12
160870,AA Batteries (4-pack),1,2/26/2019 12:37
160871,Wired Headphones,1,2/17/2019 19:31
160872,ThinkPad Laptop,1,2/14/2019 19:16
160873,iPhone,1,2/10/2019 10:24
160873,Lightning Charging Cable,1,2/10/2019 10:24
160873,Apple Airpods Headphones,1,2/10/2019 10:24
160873,Wired Headphones,1,2/10/2019 10:24
160873,Google Phone,1,2/10/2019 10:24
160874,27in 4K Gaming Monitor,1,2/1/2019 21:56
160875,Flatscreen TV,1,2/4/2019 14:00
160876,Lightning Charging Cable,1,2/7/2019 19:56
160877,AA Batteries (4-pack),3,2/6/2019 17:56
160878,AAA Batteries (4-pack),1,2/23/2019 18:59
160879,27in FHD Monitor,1,2/12/2019 8:06
160880,AA Batteries (4-pack),1,2/20/2019 11:36
160881,AA Batteries (4-pack),1,2/26/2019 21:16
160882,Apple Airpods Headphones,1,2/21/2019 12:23
160883,Google Phone,1,2/20/2019 21:01
160883,USB-C Charging Cable,1,2/20/2019 21:01
160884,USB-C Charging Cable,1,2/16/2019 22:32
160885,iPhone,1,2/16/2019 11:03
160885,Lightning Charging Cable,1,2/16/2019 11:03
160886,Lightning Charging Cable,1,2/24/2019 12:25
160887,AA Batteries (4-pack),1,2/10/2019 13:00
160888,AA Batteries (4-pack),1,2/10/2019 11:13
160889,AA Batteries (4-pack),3,2/28/2019 9:20
160890,AA Batteries (4-pack),1,2/16/2019 9:25
160891,Wired Headphones,1,2/18/2019 11:51
160892,Wired Headphones,1,2/27/2019 12:37
160893,AAA Batteries (4-pack),1,2/19/2019 22:23
160894,AAA Batteries (4-pack),1,2/24/2019 3:52
160894,Apple Airpods Headphones,1,2/24/2019 3:52
160895,Apple Airpods Headphones,1,2/3/2019 14:49
160896,Lightning Charging Cable,1,2/26/2019 17:15
160897,Lightning Charging Cable,1,2/9/2019 0:20
160898,Wired Headphones,1,2/10/2019 23:26
160899,AA Batteries (4-pack),2,2/20/2019 7:16
160900,AA Batteries (4-pack),1,2/1/2019 11:36
160901,AAA Batteries (4-pack),1,2/2/2019 18:36
160902,Apple Airpods Headphones,1,2/28/2019 9:29
160903,USB-C Charging Cable,1,2/19/2019 0:01
160904,27in FHD Monitor,1,2/21/2019 8:04
160905,Wired Headphones,1,2/28/2019 8:26
160906,AAA Batteries (4-pack),3,2/17/2019 6:56
160906,iPhone,1,2/17/2019 6:56
160907,USB-C Charging Cable,1,2/27/2019 12:30
160908,AAA Batteries (4-pack),1,2/15/2019 8:35
160909,AA Batteries (4-pack),1,2/21/2019 9:28
160910,AAA Batteries (4-pack),1,2/11/2019 14:00
160911,Bose SoundSport Headphones,1,2/6/2019 7:44
160912,27in 4K Gaming Monitor,1,2/9/2019 23:04
160912,USB-C Charging Cable,1,2/9/2019 23:04
160913,Lightning Charging Cable,1,2/1/2019 20:45
160914,AA Batteries (4-pack),1,2/4/2019 10:52
160915,Apple Airpods Headphones,1,2/12/2019 22:28
160916,Lightning Charging Cable,1,2/28/2019 19:37
160917,USB-C Charging Cable,1,2/25/2019 11:54
160918,Lightning Charging Cable,1,2/10/2019 17:26
160919,Lightning Charging Cable,1,2/14/2019 10:57
160920,USB-C Charging Cable,1,2/15/2019 11:35
160921,AAA Batteries (4-pack),1,2/6/2019 15:13
160922,Lightning Charging Cable,1,2/3/2019 20:59
160923,27in FHD Monitor,1,2/3/2019 11:31
160924,Flatscreen TV,1,2/4/2019 12:21
160925,Lightning Charging Cable,1,2/14/2019 15:24
160926,Apple Airpods Headphones,1,2/23/2019 14:09
160927,Lightning Charging Cable,1,2/7/2019 23:02
160928,Vareebadd Phone,1,2/13/2019 15:59
160928,Wired Headphones,1,2/13/2019 15:59
160928,27in 4K Gaming Monitor,1,2/13/2019 15:59
160929,34in Ultrawide Monitor,1,2/17/2019 10:00
160930,AAA Batteries (4-pack),1,2/9/2019 14:42
160931,Bose SoundSport Headphones,1,2/14/2019 3:37
160932,Bose SoundSport Headphones,1,2/2/2019 17:48
160933,USB-C Charging Cable,2,2/17/2019 10:25
160934,27in 4K Gaming Monitor,1,2/19/2019 19:45
160935,AA Batteries (4-pack),2,2/3/2019 9:00
160936,Lightning Charging Cable,1,2/17/2019 7:51
160937,Lightning Charging Cable,1,2/9/2019 11:34
160938,Lightning Charging Cable,1,2/3/2019 14:11
160939,20in Monitor,1,2/8/2019 9:59
160940,USB-C Charging Cable,1,2/6/2019 11:11
160941,Apple Airpods Headphones,1,2/20/2019 19:41
160942,34in Ultrawide Monitor,1,2/18/2019 18:23
160943,27in FHD Monitor,1,2/3/2019 22:23
160944,Lightning Charging Cable,1,2/3/2019 14:09
160945,Apple Airpods Headphones,1,2/22/2019 12:28
160946,iPhone,1,2/16/2019 11:43
160947,Wired Headphones,1,2/23/2019 9:21
160948,AA Batteries (4-pack),3,2/9/2019 18:44
160949,34in Ultrawide Monitor,1,2/26/2019 23:42
160950,AAA Batteries (4-pack),2,2/27/2019 15:15
160951,AAA Batteries (4-pack),2,2/25/2019 13:47
160952,USB-C Charging Cable,1,2/28/2019 18:10
160953,USB-C Charging Cable,1,2/11/2019 9:25
160954,20in Monitor,1,2/14/2019 17:54
160955,AAA Batteries (4-pack),2,2/2/2019 4:34
160956,Apple Airpods Headphones,1,2/14/2019 21:21
160957,Wired Headphones,1,2/6/2019 13:32
160958,Apple Airpods Headphones,1,2/21/2019 1:33
160959,20in Monitor,1,2/14/2019 19:43
160960,AA Batteries (4-pack),1,2/14/2019 7:59
160961,Google Phone,1,2/1/2019 19:22
160961,USB-C Charging Cable,1,2/1/2019 19:22
160962,AAA Batteries (4-pack),4,2/3/2019 10:53
160963,Bose SoundSport Headphones,1,2/7/2019 15:05
160964,AAA Batteries (4-pack),1,2/25/2019 10:28
160965,AA Batteries (4-pack),2,3/1/2019 1:25
160966,27in 4K Gaming Monitor,1,2/4/2019 2:31
160967,Lightning Charging Cable,1,2/10/2019 22:25
160968,27in 4K Gaming Monitor,1,2/25/2019 12:18
160969,iPhone,1,2/19/2019 15:17
160970,Macbook Pro Laptop,1,2/4/2019 8:14
160970,27in 4K Gaming Monitor,1,2/4/2019 8:14
160971,Wired Headphones,1,2/25/2019 18:52
160972,Lightning Charging Cable,1,2/27/2019 11:40
160973,Flatscreen TV,1,2/12/2019 7:38
160974,AAA Batteries (4-pack),3,2/13/2019 21:21
160975,Flatscreen TV,1,2/22/2019 17:31
160976,Apple Airpods Headphones,1,2/24/2019 14:06
160977,27in 4K Gaming Monitor,1,2/14/2019 16:59
160978,Wired Headphones,1,2/9/2019 21:47
160979,Wired Headphones,1,2/16/2019 15:09
160980,Wired Headphones,1,2/25/2019 18:39
160981,27in 4K Gaming Monitor,1,2/8/2019 13:11
160982,AAA Batteries (4-pack),1,2/17/2019 21:27
160983,Apple Airpods Headphones,1,2/4/2019 13:58
160984,27in FHD Monitor,1,2/28/2019 15:00
160985,Bose SoundSport Headphones,1,2/3/2019 10:47
160986,Bose SoundSport Headphones,1,2/14/2019 15:27
160987,Apple Airpods Headphones,1,2/11/2019 18:09
160988,Apple Airpods Headphones,1,2/11/2019 12:46
160989,Flatscreen TV,1,2/28/2019 11:07
160990,Wired Headphones,1,2/6/2019 13:43
160991,USB-C Charging Cable,1,2/24/2019 16:17
160992,USB-C Charging Cable,1,2/2/2019 21:36
160993,AA Batteries (4-pack),2,2/27/2019 19:27
160994,Apple Airpods Headphones,2,2/8/2019 0:32
160995,Lightning Charging Cable,1,2/11/2019 10:49
160996,AA Batteries (4-pack),1,2/6/2019 2:37
160997,AA Batteries (4-pack),1,2/2/2019 10:35
160998,Bose SoundSport Headphones,1,2/3/2019 20:55
160999,AAA Batteries (4-pack),2,2/11/2019 13:55
161000,AA Batteries (4-pack),2,2/11/2019 17:00
161001,Bose SoundSport Headphones,1,2/15/2019 9:40
161002,AAA Batteries (4-pack),1,2/22/2019 20:23
161003,Bose SoundSport Headphones,1,2/13/2019 8:50
161004,Google Phone,1,2/10/2019 16:13
161005,Lightning Charging Cable,1,2/20/2019 8:17
161006,Bose SoundSport Headphones,1,2/11/2019 13:48
161007,iPhone,1,2/11/2019 10:27
161008,34in Ultrawide Monitor,1,2/17/2019 12:41
161009,iPhone,1,2/6/2019 18:32
161010,AAA Batteries (4-pack),3,2/10/2019 17:44
161011,AA Batteries (4-pack),1,2/24/2019 13:26
161012,Macbook Pro Laptop,1,2/16/2019 18:57
161013,Bose SoundSport Headphones,1,2/24/2019 19:44
161014,AAA Batteries (4-pack),2,2/25/2019 14:15
161015,Google Phone,1,2/4/2019 22:51
161015,USB-C Charging Cable,1,2/4/2019 22:51
161016,Vareebadd Phone,1,2/7/2019 7:43
161017,Lightning Charging Cable,1,2/7/2019 11:51
161018,Google Phone,1,2/18/2019 17:41
161019,Wired Headphones,1,2/20/2019 21:47
161020,34in Ultrawide Monitor,1,2/6/2019 11:14
161021,Bose SoundSport Headphones,1,2/3/2019 10:55
161022,USB-C Charging Cable,1,2/17/2019 21:14
161023,34in Ultrawide Monitor,1,2/27/2019 11:53
161024,Wired Headphones,1,2/4/2019 18:07
161025,Lightning Charging Cable,1,2/11/2019 14:59
161026,Lightning Charging Cable,1,2/18/2019 15:27
161027,34in Ultrawide Monitor,1,2/16/2019 10:16
161028,USB-C Charging Cable,1,2/7/2019 13:13
161029,34in Ultrawide Monitor,1,2/11/2019 22:41
161030,Lightning Charging Cable,1,2/23/2019 18:07
161031,iPhone,1,2/11/2019 7:46
161032,27in 4K Gaming Monitor,1,2/11/2019 9:01
161033,Apple Airpods Headphones,1,2/14/2019 7:06
161034,ThinkPad Laptop,1,2/26/2019 14:38
161035,USB-C Charging Cable,1,2/26/2019 20:59
161036,27in FHD Monitor,1,2/28/2019 21:50
161037,Wired Headphones,1,2/27/2019 14:50
161038,AA Batteries (4-pack),1,2/15/2019 9:21
161039,27in FHD Monitor,1,2/22/2019 15:04
161040,AAA Batteries (4-pack),3,2/20/2019 18:35
161041,34in Ultrawide Monitor,1,2/22/2019 10:29
161042,20in Monitor,1,2/14/2019 8:25
161043,Lightning Charging Cable,1,2/15/2019 10:51
161044,AA Batteries (4-pack),1,2/24/2019 23:04
161045,ThinkPad Laptop,1,2/9/2019 23:10
161046,AA Batteries (4-pack),1,2/18/2019 16:59
161047,Lightning Charging Cable,1,2/13/2019 7:09
161048,Google Phone,1,2/12/2019 16:35
161049,Wired Headphones,1,2/11/2019 10:49
161050,AA Batteries (4-pack),1,2/21/2019 8:34
161051,AA Batteries (4-pack),2,2/10/2019 19:34
161052,Bose SoundSport Headphones,1,2/10/2019 8:14
161053,27in 4K Gaming Monitor,1,2/9/2019 20:50
161054,AAA Batteries (4-pack),3,2/11/2019 14:45
161055,Macbook Pro Laptop,1,2/5/2019 15:42
161056,Macbook Pro Laptop,1,2/14/2019 9:32
161057,ThinkPad Laptop,1,2/12/2019 5:03
161058,Google Phone,1,2/3/2019 21:06
161059,USB-C Charging Cable,1,2/16/2019 16:57
161060,Lightning Charging Cable,1,2/13/2019 14:19
161061,Apple Airpods Headphones,1,2/17/2019 21:50
161062,27in 4K Gaming Monitor,1,2/9/2019 17:37
161063,AA Batteries (4-pack),2,2/22/2019 7:58
161064,Lightning Charging Cable,1,2/18/2019 18:22
161065,Apple Airpods Headphones,1,2/28/2019 1:47
161066,Bose SoundSport Headphones,1,2/20/2019 18:52
161067,Flatscreen TV,1,2/27/2019 5:11
161068,USB-C Charging Cable,1,2/26/2019 17:34
161069,Wired Headphones,1,2/9/2019 19:12
161070,27in 4K Gaming Monitor,1,2/5/2019 10:37
161071,AA Batteries (4-pack),1,2/1/2019 12:24
161072,Wired Headphones,1,2/9/2019 9:06
161073,AAA Batteries (4-pack),1,2/17/2019 14:13
161074,27in FHD Monitor,1,2/12/2019 13:15
161075,27in 4K Gaming Monitor,1,2/3/2019 13:06
161076,ThinkPad Laptop,1,2/23/2019 11:39
161077,iPhone,1,2/6/2019 18:08
161078,Bose SoundSport Headphones,2,2/23/2019 9:52
161079,Wired Headphones,1,2/20/2019 14:31
161080,Lightning Charging Cable,1,2/2/2019 11:04
161081,USB-C Charging Cable,1,2/21/2019 14:47
161082,Wired Headphones,1,2/20/2019 16:10
161083,Lightning Charging Cable,1,2/14/2019 14:56
161084,AA Batteries (4-pack),1,2/27/2019 14:09
161085,USB-C Charging Cable,1,2/18/2019 13:21
161086,AA Batteries (4-pack),1,2/5/2019 19:50
161087,Wired Headphones,2,2/18/2019 12:11
161088,USB-C Charging Cable,1,2/24/2019 15:23
161089,Bose SoundSport Headphones,1,2/18/2019 12:52
161090,iPhone,1,2/1/2019 13:21
161090,Wired Headphones,1,2/1/2019 13:21
161091,USB-C Charging Cable,1,2/3/2019 10:55
161092,USB-C Charging Cable,1,2/23/2019 13:54
161093,27in 4K Gaming Monitor,1,2/23/2019 9:42
161094,Lightning Charging Cable,1,2/20/2019 8:36
161095,27in 4K Gaming Monitor,1,2/15/2019 12:59
161096,34in Ultrawide Monitor,1,2/7/2019 18:34
161097,Apple Airpods Headphones,1,2/27/2019 21:16
161098,27in 4K Gaming Monitor,1,2/14/2019 13:31
161099,Apple Airpods Headphones,1,2/7/2019 11:08
161100,Google Phone,1,2/14/2019 12:40
161100,Bose SoundSport Headphones,1,2/14/2019 12:40
161101,27in 4K Gaming Monitor,1,2/2/2019 8:23
161102,Wired Headphones,1,2/26/2019 19:13
161103,Wired Headphones,1,2/22/2019 15:52
161104,27in 4K Gaming Monitor,1,2/28/2019 23:12
161105,27in 4K Gaming Monitor,1,2/14/2019 21:16
161106,Wired Headphones,1,2/2/2019 15:01
161107,USB-C Charging Cable,1,2/2/2019 8:57
161108,Apple Airpods Headphones,1,2/11/2019 8:29
161109,AAA Batteries (4-pack),3,2/24/2019 17:11
161110,27in FHD Monitor,1,2/20/2019 21:19
161111,27in FHD Monitor,1,2/10/2019 18:47
161111,34in Ultrawide Monitor,1,2/10/2019 18:47
161112,Vareebadd Phone,1,2/20/2019 10:34
161113,Apple Airpods Headphones,1,2/1/2019 17:46
161114,AA Batteries (4-pack),1,2/17/2019 15:57
161115,Flatscreen TV,1,2/19/2019 10:01
161116,Lightning Charging Cable,1,2/19/2019 19:12
161117,AA Batteries (4-pack),1,2/11/2019 18:01
161118,27in 4K Gaming Monitor,1,2/4/2019 17:56
161119,USB-C Charging Cable,1,2/16/2019 19:38
161120,Lightning Charging Cable,1,2/18/2019 8:01
161121,AAA Batteries (4-pack),6,2/16/2019 9:35
161122,27in 4K Gaming Monitor,1,2/9/2019 12:18
161123,Apple Airpods Headphones,1,2/8/2019 20:34
161124,Bose SoundSport Headphones,1,2/25/2019 2:20
161125,AA Batteries (4-pack),1,2/3/2019 5:52
161126,Wired Headphones,1,2/23/2019 20:03
161127,AA Batteries (4-pack),1,2/9/2019 17:31
161128,Lightning Charging Cable,1,2/13/2019 20:22
161129,AA Batteries (4-pack),1,2/22/2019 18:16
161130,Wired Headphones,1,2/20/2019 15:17
161131,AAA Batteries (4-pack),1,2/16/2019 15:23
161132,AA Batteries (4-pack),1,2/21/2019 14:50
161133,USB-C Charging Cable,1,2/25/2019 10:45
161134,27in FHD Monitor,1,2/22/2019 21:05
161135,Apple Airpods Headphones,1,2/12/2019 12:19
161136,USB-C Charging Cable,1,2/12/2019 9:04
161137,USB-C Charging Cable,1,2/28/2019 23:39
161138,Apple Airpods Headphones,1,2/3/2019 18:08
161139,AA Batteries (4-pack),2,2/1/2019 22:24
161140,AAA Batteries (4-pack),1,2/23/2019 18:56
161141,USB-C Charging Cable,1,2/7/2019 19:54
161142,Flatscreen TV,1,2/22/2019 14:34
161143,iPhone,1,2/3/2019 22:33
161144,AA Batteries (4-pack),1,2/19/2019 17:20
161145,Lightning Charging Cable,2,2/11/2019 20:10
161146,27in 4K Gaming Monitor,1,2/15/2019 13:09
161147,Wired Headphones,1,2/10/2019 21:40
161148,Bose SoundSport Headphones,1,2/2/2019 9:46
161149,iPhone,1,2/19/2019 17:50
161149,Lightning Charging Cable,1,2/19/2019 17:50
161150,USB-C Charging Cable,1,2/11/2019 20:25
161151,AAA Batteries (4-pack),1,2/1/2019 18:00
161152,USB-C Charging Cable,2,2/20/2019 10:10
161153,34in Ultrawide Monitor,1,2/8/2019 20:46
161154,Apple Airpods Headphones,1,2/17/2019 23:30
161155,AAA Batteries (4-pack),1,2/18/2019 14:55
161156,AA Batteries (4-pack),1,2/21/2019 21:45
161157,AA Batteries (4-pack),1,2/10/2019 11:32
161158,Wired Headphones,1,2/26/2019 7:30
161159,USB-C Charging Cable,2,2/21/2019 1:43
161159,Bose SoundSport Headphones,1,2/21/2019 1:43
161160,20in Monitor,1,2/18/2019 9:24
161161,AA Batteries (4-pack),1,2/23/2019 18:57
161162,iPhone,1,2/6/2019 11:47
161163,iPhone,1,2/27/2019 9:21
161164,Lightning Charging Cable,1,2/28/2019 12:30
161165,AA Batteries (4-pack),1,2/18/2019 9:45
161166,Bose SoundSport Headphones,1,2/14/2019 14:49
161167,AA Batteries (4-pack),2,2/3/2019 17:17
161168,27in FHD Monitor,1,2/22/2019 15:47
161169,AAA Batteries (4-pack),3,2/4/2019 10:16
161170,AAA Batteries (4-pack),1,2/3/2019 9:54
161171,AAA Batteries (4-pack),1,2/22/2019 11:09
161172,iPhone,1,2/2/2019 12:59
161172,Lightning Charging Cable,1,2/2/2019 12:59
161173,Lightning Charging Cable,1,2/15/2019 7:39
161174,27in 4K Gaming Monitor,1,2/2/2019 12:46
161175,Lightning Charging Cable,1,2/27/2019 23:42
161176,Flatscreen TV,1,2/26/2019 7:13
161177,Bose SoundSport Headphones,2,2/1/2019 17:45
161178,AA Batteries (4-pack),1,2/16/2019 22:43
161179,Apple Airpods Headphones,1,2/25/2019 9:52
161180,27in 4K Gaming Monitor,1,2/12/2019 7:07
161181,AA Batteries (4-pack),1,2/25/2019 18:21
161182,Bose SoundSport Headphones,1,2/24/2019 20:13
161183,iPhone,1,2/14/2019 15:08
161183,ThinkPad Laptop,1,2/14/2019 15:08
161184,Bose SoundSport Headphones,1,2/4/2019 15:09
161185,Apple Airpods Headphones,1,2/12/2019 17:57
161186,Google Phone,1,2/16/2019 16:29
161187,AAA Batteries (4-pack),1,2/16/2019 11:37
,,,
161188,iPhone,1,2/14/2019 20:30
161189,USB-C Charging Cable,1,2/27/2019 16:30
161190,USB-C Charging Cable,1,2/18/2019 20:24
161191,Wired Headphones,1,2/5/2019 11:50
161192,iPhone,1,2/22/2019 21:45
161193,Wired Headphones,1,2/21/2019 2:24
161194,Wired Headphones,1,2/12/2019 19:44
161195,Apple Airpods Headphones,1,2/13/2019 9:43
161196,AA Batteries (4-pack),1,2/7/2019 15:31
161197,AAA Batteries (4-pack),3,2/7/2019 10:40
161198,Wired Headphones,1,2/8/2019 10:11
161199,Wired Headphones,1,2/15/2019 11:04
161200,Bose SoundSport Headphones,1,2/28/2019 18:24
161201,34in Ultrawide Monitor,1,2/4/2019 19:28
161202,Macbook Pro Laptop,1,2/8/2019 5:40
161203,Lightning Charging Cable,1,2/1/2019 17:50
161204,USB-C Charging Cable,1,2/28/2019 12:47
161205,Apple Airpods Headphones,1,2/18/2019 20:51
161206,Apple Airpods Headphones,1,2/6/2019 20:31
161207,27in FHD Monitor,1,2/13/2019 18:21
161208,Lightning Charging Cable,1,2/25/2019 16:43
161209,USB-C Charging Cable,1,2/22/2019 15:48
161210,AA Batteries (4-pack),1,2/13/2019 11:26
161211,iPhone,1,2/27/2019 21:18
161212,iPhone,1,2/9/2019 17:49
161212,Lightning Charging Cable,1,2/9/2019 17:49
161213,Apple Airpods Headphones,1,2/10/2019 15:39
161214,AAA Batteries (4-pack),1,2/6/2019 13:50
161215,iPhone,1,2/2/2019 19:13
161216,Macbook Pro Laptop,1,2/28/2019 20:02
161217,Flatscreen TV,1,2/14/2019 21:11
161218,Lightning Charging Cable,1,2/24/2019 20:53
161219,Flatscreen TV,1,2/17/2019 18:15
161220,Google Phone,1,2/12/2019 23:21
161220,USB-C Charging Cable,1,2/12/2019 23:21
161221,AA Batteries (4-pack),2,2/26/2019 9:38
161222,Bose SoundSport Headphones,1,2/20/2019 12:55
161223,Apple Airpods Headphones,1,2/6/2019 19:28
161224,USB-C Charging Cable,3,2/22/2019 12:15
161225,Vareebadd Phone,1,2/16/2019 21:13
161226,Bose SoundSport Headphones,1,2/3/2019 10:40
161227,Bose SoundSport Headphones,1,2/2/2019 0:12
161228,AA Batteries (4-pack),1,2/28/2019 19:27
161229,Lightning Charging Cable,1,2/28/2019 3:09
161230,Vareebadd Phone,1,2/11/2019 22:08
161231,Lightning Charging Cable,1,2/10/2019 11:12
161232,USB-C Charging Cable,1,2/20/2019 13:10
161233,Wired Headphones,1,2/12/2019 15:53
161234,USB-C Charging Cable,1,2/4/2019 0:02
161235,USB-C Charging Cable,1,2/15/2019 5:01
161236,Flatscreen TV,1,2/19/2019 13:10
161237,Wired Headphones,1,2/1/2019 14:09
161238,USB-C Charging Cable,1,2/25/2019 17:13
161239,ThinkPad Laptop,1,2/3/2019 15:32
161240,Lightning Charging Cable,1,2/14/2019 23:56
161241,Lightning Charging Cable,2,2/18/2019 12:11
161242,Wired Headphones,1,2/17/2019 8:06
161243,USB-C Charging Cable,1,2/8/2019 12:50
161244,Bose SoundSport Headphones,1,2/13/2019 12:43
161244,USB-C Charging Cable,1,2/13/2019 12:43
161245,AAA Batteries (4-pack),1,2/6/2019 9:01
161246,Lightning Charging Cable,1,2/27/2019 21:21
161247,34in Ultrawide Monitor,1,2/18/2019 9:43
161248,AA Batteries (4-pack),1,2/25/2019 21:04
161249,Bose SoundSport Headphones,1,2/25/2019 16:43
161250,Lightning Charging Cable,1,2/28/2019 13:04
161251,LG Washing Machine,1,2/8/2019 14:38
161252,USB-C Charging Cable,1,2/15/2019 21:16
161253,AAA Batteries (4-pack),3,2/14/2019 21:09
161254,Google Phone,1,2/25/2019 18:56
161255,USB-C Charging Cable,1,2/16/2019 12:40
161256,Macbook Pro Laptop,1,2/6/2019 18:46
161257,Lightning Charging Cable,1,2/21/2019 12:45
161258,AAA Batteries (4-pack),1,2/6/2019 0:54
161259,AA Batteries (4-pack),1,2/22/2019 18:01
161260,AAA Batteries (4-pack),1,2/15/2019 19:48
161261,Macbook Pro Laptop,1,2/25/2019 14:24
161262,Google Phone,1,2/9/2019 15:05
161263,Bose SoundSport Headphones,1,2/1/2019 19:20
161263,AAA Batteries (4-pack),2,2/1/2019 19:20
161264,USB-C Charging Cable,1,2/25/2019 18:21
161265,Apple Airpods Headphones,1,2/8/2019 15:16
161266,Lightning Charging Cable,1,2/11/2019 18:57
161267,34in Ultrawide Monitor,1,2/18/2019 18:40
161268,Wired Headphones,1,2/5/2019 20:02
161269,Wired Headphones,2,2/27/2019 12:43
161270,Flatscreen TV,1,2/5/2019 20:51
161271,Apple Airpods Headphones,1,2/16/2019 6:06
161272,Wired Headphones,2,2/14/2019 10:02
161273,AA Batteries (4-pack),1,2/24/2019 23:14
161274,AA Batteries (4-pack),1,2/27/2019 22:57
161275,Lightning Charging Cable,1,2/28/2019 13:02
161276,AAA Batteries (4-pack),2,2/4/2019 17:20
161277,USB-C Charging Cable,2,2/26/2019 20:13
161278,LG Washing Machine,1,2/26/2019 19:11
161279,Apple Airpods Headphones,1,2/19/2019 17:00
161280,Lightning Charging Cable,1,2/22/2019 11:58
161281,Lightning Charging Cable,2,2/22/2019 19:36
161282,iPhone,1,2/16/2019 19:47
161282,Wired Headphones,1,2/16/2019 19:47
161283,27in FHD Monitor,1,2/24/2019 0:25
161284,AAA Batteries (4-pack),1,2/18/2019 12:05
161285,Macbook Pro Laptop,1,2/20/2019 17:33
161286,27in 4K Gaming Monitor,1,2/1/2019 15:42
161287,AAA Batteries (4-pack),3,2/28/2019 8:10
161288,Apple Airpods Headphones,1,2/18/2019 20:05
161289,USB-C Charging Cable,1,2/8/2019 22:19
161290,Lightning Charging Cable,1,2/27/2019 2:50
161291,Bose SoundSport Headphones,1,2/4/2019 16:56
161292,Flatscreen TV,1,2/24/2019 21:10
161293,Apple Airpods Headphones,1,2/27/2019 14:01
161294,AAA Batteries (4-pack),1,2/14/2019 12:16
161295,27in FHD Monitor,1,2/7/2019 9:57
161296,Lightning Charging Cable,1,2/11/2019 15:48
161297,USB-C Charging Cable,1,2/26/2019 1:57
161298,AA Batteries (4-pack),2,2/5/2019 7:07
161299,AA Batteries (4-pack),1,2/23/2019 14:41
161300,AAA Batteries (4-pack),2,2/19/2019 10:39
161301,Apple Airpods Headphones,1,2/1/2019 13:36
161302,USB-C Charging Cable,1,2/24/2019 22:42
161303,AA Batteries (4-pack),1,2/12/2019 13:57
161304,Lightning Charging Cable,1,2/22/2019 10:15
161305,Apple Airpods Headphones,1,2/3/2019 19:00
161306,USB-C Charging Cable,1,2/25/2019 21:49
161307,Lightning Charging Cable,1,2/15/2019 8:38
161308,USB-C Charging Cable,1,2/15/2019 1:10
161309,Wired Headphones,1,2/25/2019 10:49
161310,USB-C Charging Cable,1,2/15/2019 18:47
161311,27in 4K Gaming Monitor,1,2/14/2019 15:44
161312,AA Batteries (4-pack),1,2/28/2019 13:17
161313,AAA Batteries (4-pack),1,2/19/2019 11:02
161313,Apple Airpods Headphones,1,2/19/2019 11:02
161314,Wired Headphones,1,2/8/2019 10:26
161314,Lightning Charging Cable,1,2/8/2019 10:26
161315,iPhone,1,2/2/2019 11:56
161316,27in FHD Monitor,1,2/6/2019 10:11
161317,Wired Headphones,1,2/23/2019 13:32
161318,USB-C Charging Cable,1,2/20/2019 8:02
161319,Macbook Pro Laptop,1,2/22/2019 11:48
161320,AA Batteries (4-pack),1,2/14/2019 19:44
161321,27in FHD Monitor,1,2/2/2019 7:24
161322,Wired Headphones,2,2/3/2019 9:48
161323,AA Batteries (4-pack),1,2/21/2019 17:20
161324,27in FHD Monitor,1,2/26/2019 16:16
161325,27in 4K Gaming Monitor,1,2/20/2019 16:58
161325,20in Monitor,1,2/20/2019 16:58
161326,Apple Airpods Headphones,1,2/5/2019 16:36
161327,USB-C Charging Cable,1,2/11/2019 11:04
161328,iPhone,1,2/22/2019 14:51
161329,AAA Batteries (4-pack),1,2/17/2019 8:31
161330,iPhone,1,2/18/2019 18:37
161331,AA Batteries (4-pack),1,2/1/2019 8:57
161332,Lightning Charging Cable,1,2/5/2019 21:11
161333,AAA Batteries (4-pack),1,2/11/2019 17:12
161334,ThinkPad Laptop,1,2/7/2019 15:21
161335,AAA Batteries (4-pack),1,2/19/2019 14:40
161336,Apple Airpods Headphones,1,2/2/2019 11:05
161337,20in Monitor,1,2/27/2019 22:33
161337,Lightning Charging Cable,1,2/27/2019 22:33
161338,Apple Airpods Headphones,1,2/9/2019 19:36
161339,Wired Headphones,1,2/15/2019 16:19
161340,AAA Batteries (4-pack),1,2/8/2019 21:38
161341,ThinkPad Laptop,1,2/21/2019 0:04
161342,Lightning Charging Cable,1,2/5/2019 15:01
161343,AA Batteries (4-pack),2,2/22/2019 22:59
161344,27in FHD Monitor,1,2/20/2019 13:14
161345,USB-C Charging Cable,1,2/2/2019 18:44
161346,AAA Batteries (4-pack),1,2/15/2019 13:22
161347,AAA Batteries (4-pack),2,2/10/2019 9:38
161348,AAA Batteries (4-pack),2,2/19/2019 16:56
161349,AAA Batteries (4-pack),1,2/7/2019 17:11
161350,Apple Airpods Headphones,1,2/15/2019 20:19
161351,Flatscreen TV,1,2/19/2019 15:10
161352,Apple Airpods Headphones,1,2/12/2019 20:12
161353,USB-C Charging Cable,2,2/7/2019 11:12
161354,USB-C Charging Cable,1,2/28/2019 10:21
161355,20in Monitor,1,2/13/2019 15:24
161356,Lightning Charging Cable,1,2/23/2019 13:57
161357,Google Phone,1,2/14/2019 10:16
161358,Apple Airpods Headphones,1,2/21/2019 7:59
161359,USB-C Charging Cable,1,2/17/2019 9:18
161360,Bose SoundSport Headphones,1,2/5/2019 19:16
161361,Wired Headphones,1,2/18/2019 20:12
161362,iPhone,1,2/16/2019 12:57
161363,27in 4K Gaming Monitor,1,2/24/2019 10:57
161364,Wired Headphones,1,2/11/2019 23:42
161365,Lightning Charging Cable,1,2/18/2019 13:00
161366,USB-C Charging Cable,1,2/20/2019 23:04
161367,Bose SoundSport Headphones,1,2/12/2019 18:02
161368,Macbook Pro Laptop,1,2/14/2019 21:27
161369,USB-C Charging Cable,1,2/12/2019 18:19
161370,34in Ultrawide Monitor,1,2/26/2019 11:11
161371,Lightning Charging Cable,1,2/13/2019 17:39
161372,USB-C Charging Cable,1,2/28/2019 15:56
161373,USB-C Charging Cable,1,2/10/2019 8:23
161374,USB-C Charging Cable,1,2/23/2019 8:58
161375,ThinkPad Laptop,1,2/13/2019 10:46
161376,27in 4K Gaming Monitor,1,2/8/2019 16:44
161377,Apple Airpods Headphones,1,2/9/2019 8:49
161378,iPhone,1,2/1/2019 13:09
161379,Bose SoundSport Headphones,1,2/3/2019 17:56
161380,USB-C Charging Cable,1,2/11/2019 23:37
161381,AA Batteries (4-pack),2,2/1/2019 21:58
161382,AAA Batteries (4-pack),1,2/18/2019 11:56
161383,AA Batteries (4-pack),2,2/24/2019 12:49
161384,Bose SoundSport Headphones,1,2/5/2019 18:52
161385,Wired Headphones,1,2/11/2019 14:32
161386,USB-C Charging Cable,1,2/9/2019 22:06
161387,Wired Headphones,1,2/22/2019 22:53
161388,Google Phone,1,2/5/2019 11:37
161389,Flatscreen TV,1,2/6/2019 18:40
161390,34in Ultrawide Monitor,1,2/8/2019 22:04
161391,Lightning Charging Cable,1,2/1/2019 18:21
161392,AA Batteries (4-pack),2,2/13/2019 21:08
161393,27in FHD Monitor,1,2/22/2019 20:43
,,,
161394,LG Dryer,1,2/11/2019 10:07
161395,27in FHD Monitor,1,2/22/2019 15:47
161396,34in Ultrawide Monitor,1,2/19/2019 5:43
161396,Wired Headphones,1,2/19/2019 5:43
161397,Lightning Charging Cable,1,2/24/2019 10:30
161398,Wired Headphones,1,2/9/2019 12:04
161399,27in FHD Monitor,1,2/18/2019 11:33
161400,AAA Batteries (4-pack),2,2/17/2019 13:51
161401,USB-C Charging Cable,1,2/9/2019 15:13
161402,Macbook Pro Laptop,1,2/21/2019 3:38
161403,Lightning Charging Cable,1,2/12/2019 10:18
161404,27in FHD Monitor,1,2/26/2019 18:15
161405,Vareebadd Phone,1,2/13/2019 13:59
161405,Bose SoundSport Headphones,1,2/13/2019 13:59
161406,27in FHD Monitor,1,2/9/2019 14:35
161407,AA Batteries (4-pack),1,2/14/2019 21:57
161408,AAA Batteries (4-pack),1,2/24/2019 17:36
161409,Wired Headphones,1,2/17/2019 14:14
161410,USB-C Charging Cable,1,2/24/2019 18:24
161411,20in Monitor,1,2/10/2019 17:38
161412,Google Phone,1,2/1/2019 16:52
161412,USB-C Charging Cable,1,2/1/2019 16:52
161413,Wired Headphones,1,2/26/2019 21:15
161414,Lightning Charging Cable,1,2/7/2019 10:39
161415,Lightning Charging Cable,1,2/13/2019 10:50
161416,AA Batteries (4-pack),1,2/4/2019 21:43
161417,USB-C Charging Cable,1,2/24/2019 22:51
161418,AA Batteries (4-pack),2,2/26/2019 21:51
161419,Flatscreen TV,1,2/7/2019 21:53
161420,Flatscreen TV,1,2/26/2019 19:04
161421,AA Batteries (4-pack),1,2/9/2019 8:47
161422,Wired Headphones,1,2/26/2019 13:08
161423,34in Ultrawide Monitor,1,2/22/2019 11:04
161424,ThinkPad Laptop,1,2/26/2019 22:27
161425,Flatscreen TV,1,2/6/2019 15:01
161426,Wired Headphones,1,2/21/2019 6:40
161427,Lightning Charging Cable,1,2/23/2019 19:53
161428,Lightning Charging Cable,2,2/15/2019 10:17
161429,USB-C Charging Cable,1,2/15/2019 10:40
161430,Wired Headphones,1,2/24/2019 11:22
161431,AA Batteries (4-pack),2,2/28/2019 8:28
161432,Flatscreen TV,1,2/24/2019 15:24
161433,AAA Batteries (4-pack),1,2/8/2019 15:20
161434,Wired Headphones,1,2/16/2019 21:17
161435,34in Ultrawide Monitor,1,2/1/2019 18:42
161436,Lightning Charging Cable,1,2/16/2019 19:41
161437,AA Batteries (4-pack),1,2/6/2019 23:06
161438,AAA Batteries (4-pack),1,2/25/2019 18:01
161439,Lightning Charging Cable,1,2/2/2019 17:19
161440,AAA Batteries (4-pack),1,2/12/2019 16:25
161441,Google Phone,1,2/17/2019 15:42
161441,Wired Headphones,1,2/17/2019 15:42
161442,27in FHD Monitor,1,2/26/2019 15:14
161443,34in Ultrawide Monitor,1,2/17/2019 9:31
161444,Macbook Pro Laptop,1,2/16/2019 17:23
161445,AAA Batteries (4-pack),1,2/8/2019 19:57
161446,Lightning Charging Cable,1,2/6/2019 14:58
161447,Apple Airpods Headphones,1,2/28/2019 19:27
161448,Bose SoundSport Headphones,1,2/2/2019 10:36
161449,34in Ultrawide Monitor,1,2/18/2019 17:36
161450,Flatscreen TV,1,2/28/2019 15:54
161451,AA Batteries (4-pack),1,2/12/2019 17:47
161452,Wired Headphones,1,2/10/2019 9:42
161453,Apple Airpods Headphones,1,2/26/2019 20:26
161453,Wired Headphones,1,2/26/2019 20:26
161454,USB-C Charging Cable,1,2/21/2019 10:35
161455,Wired Headphones,1,2/28/2019 0:32
161456,AAA Batteries (4-pack),1,2/18/2019 15:15
161457,Wired Headphones,1,2/19/2019 10:52
161458,27in 4K Gaming Monitor,1,2/15/2019 18:48
161459,USB-C Charging Cable,1,2/13/2019 17:52
161460,Vareebadd Phone,1,2/28/2019 0:06
161461,Wired Headphones,1,2/15/2019 16:19
161462,USB-C Charging Cable,1,2/6/2019 10:35
161463,Wired Headphones,1,2/24/2019 13:05
161464,Wired Headphones,1,2/6/2019 11:04
161465,Lightning Charging Cable,1,2/21/2019 8:05
161466,34in Ultrawide Monitor,1,2/16/2019 11:55
161467,Google Phone,1,2/6/2019 14:31
,,,
161468,Apple Airpods Headphones,1,2/20/2019 5:57
161469,AAA Batteries (4-pack),3,2/1/2019 18:05
161470,Google Phone,1,2/18/2019 13:35
161471,LG Washing Machine,1,2/9/2019 9:35
161472,AAA Batteries (4-pack),1,2/25/2019 5:38
161473,AA Batteries (4-pack),1,2/22/2019 14:32
161474,Wired Headphones,1,2/27/2019 15:00
161475,AAA Batteries (4-pack),2,2/17/2019 0:07
161476,AA Batteries (4-pack),1,2/12/2019 0:11
161477,Wired Headphones,1,2/22/2019 11:19
161477,Lightning Charging Cable,1,2/22/2019 11:19
161478,AA Batteries (4-pack),1,2/15/2019 9:12
161479,Apple Airpods Headphones,1,2/17/2019 17:59
161480,iPhone,1,2/14/2019 18:49
161480,Lightning Charging Cable,1,2/14/2019 18:49
161481,AAA Batteries (4-pack),1,2/28/2019 13:17
161482,Bose SoundSport Headphones,1,2/1/2019 17:00
161483,iPhone,1,2/19/2019 9:07
161484,27in FHD Monitor,1,2/9/2019 2:37
161485,Bose SoundSport Headphones,1,2/21/2019 14:33
161486,AA Batteries (4-pack),1,2/3/2019 21:16
161487,AAA Batteries (4-pack),1,2/7/2019 22:24
161488,AAA Batteries (4-pack),2,2/15/2019 19:11
161489,USB-C Charging Cable,1,2/18/2019 23:29
161490,Flatscreen TV,1,2/28/2019 8:32
161491,Wired Headphones,1,2/15/2019 8:36
161492,AAA Batteries (4-pack),1,2/7/2019 5:50
161493,Lightning Charging Cable,1,2/9/2019 8:48
161494,Wired Headphones,1,2/7/2019 12:37
161495,27in FHD Monitor,1,2/21/2019 10:45
161496,Lightning Charging Cable,1,2/19/2019 16:43
161497,Apple Airpods Headphones,1,2/26/2019 19:51
161498,USB-C Charging Cable,1,2/16/2019 10:50
161499,USB-C Charging Cable,1,2/24/2019 20:20
161500,Bose SoundSport Headphones,1,2/5/2019 19:23
161501,AAA Batteries (4-pack),1,2/12/2019 21:00
161502,Google Phone,1,2/22/2019 14:27
161503,Apple Airpods Headphones,1,2/11/2019 23:39
161504,AAA Batteries (4-pack),3,2/2/2019 19:57
161505,Google Phone,1,2/3/2019 15:32
161505,Bose SoundSport Headphones,1,2/3/2019 15:32
161506,Wired Headphones,1,2/6/2019 12:47
161507,Bose SoundSport Headphones,1,2/11/2019 22:42
161508,Lightning Charging Cable,1,2/6/2019 10:24
161509,USB-C Charging Cable,1,2/28/2019 14:49
161510,Apple Airpods Headphones,1,2/18/2019 11:58
161511,Apple Airpods Headphones,1,2/24/2019 15:49
161512,Macbook Pro Laptop,1,2/20/2019 20:24
161513,27in FHD Monitor,1,2/20/2019 12:55
161514,Wired Headphones,1,2/23/2019 20:14
161515,USB-C Charging Cable,1,2/9/2019 9:28
161516,Lightning Charging Cable,1,2/15/2019 12:14
161517,AAA Batteries (4-pack),2,2/5/2019 8:15
161518,Lightning Charging Cable,1,2/28/2019 13:13
161519,27in 4K Gaming Monitor,1,2/7/2019 10:15
161520,iPhone,1,2/27/2019 16:56
161521,USB-C Charging Cable,1,2/7/2019 13:56
161522,Lightning Charging Cable,1,2/26/2019 22:36
161523,Wired Headphones,1,2/12/2019 20:31
Order ID,Product,Quantity Ordered,Order Date
161524,AA Batteries (4-pack),1,2/22/2019 8:17
161525,20in Monitor,1,2/15/2019 17:59
161526,USB-C Charging Cable,1,2/14/2019 11:29
161527,USB-C Charging Cable,1,2/13/2019 20:15
161528,Wired Headphones,1,2/26/2019 15:01
161529,Lightning Charging Cable,1,2/24/2019 19:41
161530,AA Batteries (4-pack),1,2/23/2019 23:39
161531,AA Batteries (4-pack),1,2/16/2019 13:48
161532,USB-C Charging Cable,1,2/15/2019 0:39
161533,USB-C Charging Cable,1,2/14/2019 10:36
161534,AAA Batteries (4-pack),1,2/3/2019 20:39
161535,Wired Headphones,1,2/28/2019 16:53
161536,Lightning Charging Cable,2,2/12/2019 16:39
161537,Lightning Charging Cable,1,2/12/2019 17:27
161538,Lightning Charging Cable,1,2/20/2019 19:11
161539,USB-C Charging Cable,2,2/28/2019 19:34
161540,20in Monitor,1,2/26/2019 0:33
161541,USB-C Charging Cable,1,2/14/2019 12:04
161542,34in Ultrawide Monitor,1,2/19/2019 18:05
161543,AA Batteries (4-pack),1,2/23/2019 12:45
161544,Google Phone,1,2/12/2019 15:35
161545,Apple Airpods Headphones,1,2/13/2019 15:23
161546,Lightning Charging Cable,1,2/16/2019 5:52
161547,USB-C Charging Cable,1,2/2/2019 19:13
161548,34in Ultrawide Monitor,1,2/22/2019 21:41
161549,Wired Headphones,2,2/18/2019 14:41
161550,34in Ultrawide Monitor,1,2/19/2019 18:15
161551,20in Monitor,1,2/11/2019 20:23
161552,Bose SoundSport Headphones,1,2/13/2019 13:46
161553,AA Batteries (4-pack),1,2/18/2019 19:23
161554,Wired Headphones,1,2/17/2019 0:31
161555,Google Phone,1,2/13/2019 20:07
161556,27in 4K Gaming Monitor,1,2/26/2019 19:42
161557,Wired Headphones,1,2/18/2019 16:29
161558,Lightning Charging Cable,1,2/2/2019 6:27
161559,Lightning Charging Cable,1,2/17/2019 15:39
161560,USB-C Charging Cable,2,2/5/2019 6:50
161561,AA Batteries (4-pack),1,2/17/2019 17:37
161562,USB-C Charging Cable,1,2/15/2019 13:03
161563,AA Batteries (4-pack),1,2/27/2019 18:10
161564,Google Phone,1,2/6/2019 17:55
161565,Wired Headphones,1,2/9/2019 16:35
161565,Lightning Charging Cable,1,2/9/2019 16:35
161566,Bose SoundSport Headphones,1,2/18/2019 13:18
161567,Apple Airpods Headphones,1,2/10/2019 11:42
161567,Apple Airpods Headphones,1,2/10/2019 11:42
161568,AA Batteries (4-pack),1,2/10/2019 21:17
161569,AAA Batteries (4-pack),2,2/26/2019 21:26
161570,27in 4K Gaming Monitor,1,2/12/2019 11:12
161571,USB-C Charging Cable,1,2/4/2019 10:56
161572,27in FHD Monitor,1,2/23/2019 16:04
161573,AA Batteries (4-pack),1,2/8/2019 19:07
161574,AA Batteries (4-pack),1,2/3/2019 20:06
161575,27in 4K Gaming Monitor,1,2/3/2019 22:02
161576,AAA Batteries (4-pack),2,2/7/2019 19:01
161577,27in FHD Monitor,1,2/27/2019 19:45
161578,AAA Batteries (4-pack),1,2/21/2019 7:24
161579,Bose SoundSport Headphones,1,2/9/2019 16:07
161580,27in FHD Monitor,1,2/12/2019 7:45
161581,Apple Airpods Headphones,1,2/23/2019 21:47
161582,iPhone,1,2/11/2019 13:01
161583,Lightning Charging Cable,1,2/16/2019 20:31
161584,Wired Headphones,1,2/8/2019 13:04
161585,Wired Headphones,1,2/12/2019 9:23
161586,iPhone,1,2/1/2019 13:48
161586,Lightning Charging Cable,1,2/1/2019 13:48
161587,AAA Batteries (4-pack),2,2/19/2019 10:09
161588,Bose SoundSport Headphones,1,2/11/2019 21:59
161589,Apple Airpods Headphones,1,2/28/2019 10:48
161590,USB-C Charging Cable,1,2/18/2019 10:36
161591,ThinkPad Laptop,1,2/9/2019 18:30
161592,Lightning Charging Cable,1,2/12/2019 19:36
161593,USB-C Charging Cable,1,2/3/2019 19:50
161594,USB-C Charging Cable,1,2/24/2019 18:28
161595,27in 4K Gaming Monitor,1,2/3/2019 17:10
161596,Flatscreen TV,1,2/20/2019 15:10
161597,AAA Batteries (4-pack),4,2/11/2019 18:52
161598,iPhone,1,2/9/2019 21:33
161598,Wired Headphones,1,2/9/2019 21:33
161599,AA Batteries (4-pack),1,2/19/2019 18:06
161600,AA Batteries (4-pack),3,2/13/2019 19:46
161601,Lightning Charging Cable,2,2/20/2019 16:31
161602,Wired Headphones,1,2/1/2019 7:28
161603,iPhone,1,2/24/2019 21:40
161603,Lightning Charging Cable,2,2/24/2019 21:40
161604,Lightning Charging Cable,1,2/22/2019 1:18
161605,ThinkPad Laptop,1,2/20/2019 14:47
161605,Lightning Charging Cable,1,2/20/2019 14:47
161606,AA Batteries (4-pack),1,2/25/2019 11:26
161607,34in Ultrawide Monitor,1,2/17/2019 16:16
161608,27in FHD Monitor,1,2/21/2019 10:45
161609,Macbook Pro Laptop,1,2/2/2019 20:17
161610,USB-C Charging Cable,1,2/20/2019 20:15
161611,20in Monitor,1,2/5/2019 12:36
161612,ThinkPad Laptop,1,2/17/2019 19:32
161613,Lightning Charging Cable,1,2/15/2019 21:51
161614,Google Phone,1,2/21/2019 21:03
161614,Bose SoundSport Headphones,1,2/21/2019 21:03
161615,AA Batteries (4-pack),2,2/18/2019 20:22
161616,Wired Headphones,1,2/19/2019 23:47
161617,Bose SoundSport Headphones,1,2/25/2019 12:29
161618,20in Monitor,1,2/12/2019 21:13
161619,AA Batteries (4-pack),1,2/12/2019 4:06
161620,USB-C Charging Cable,1,2/11/2019 15:12
161621,USB-C Charging Cable,1,2/11/2019 13:20
161622,Macbook Pro Laptop,1,2/10/2019 23:38
161623,27in 4K Gaming Monitor,1,2/10/2019 18:31
161624,Apple Airpods Headphones,1,2/19/2019 15:37
161625,20in Monitor,1,2/2/2019 16:45
161626,Lightning Charging Cable,1,2/21/2019 17:13
161627,Flatscreen TV,1,2/16/2019 14:55
161628,Wired Headphones,1,2/16/2019 7:33
161629,34in Ultrawide Monitor,1,2/15/2019 18:51
161630,iPhone,1,2/2/2019 22:01
161630,Lightning Charging Cable,1,2/2/2019 22:01
161631,USB-C Charging Cable,1,2/25/2019 15:06
161632,Lightning Charging Cable,1,2/26/2019 14:40
161633,Lightning Charging Cable,1,2/9/2019 15:13
161634,LG Dryer,1,2/4/2019 18:22
161635,Lightning Charging Cable,1,2/1/2019 22:49
161636,Lightning Charging Cable,1,2/27/2019 10:04
161637,AA Batteries (4-pack),2,2/1/2019 16:12
161638,Wired Headphones,1,2/21/2019 13:07
161639,Wired Headphones,1,2/10/2019 9:20
161640,27in FHD Monitor,1,2/20/2019 19:40
161641,Wired Headphones,2,2/15/2019 14:55
161642,USB-C Charging Cable,1,2/12/2019 19:52
161643,20in Monitor,1,2/4/2019 17:18
161644,27in FHD Monitor,1,2/13/2019 23:18
161645,Lightning Charging Cable,1,2/2/2019 19:59
161646,Lightning Charging Cable,1,2/8/2019 9:48
161647,Wired Headphones,1,2/20/2019 10:31
161648,AA Batteries (4-pack),2,2/17/2019 8:36
161649,Apple Airpods Headphones,1,2/24/2019 11:26
161650,Wired Headphones,1,2/28/2019 15:09
161651,27in 4K Gaming Monitor,1,2/6/2019 9:43
161652,USB-C Charging Cable,1,2/22/2019 5:20
161653,AA Batteries (4-pack),1,2/3/2019 20:11
161654,AA Batteries (4-pack),1,2/1/2019 17:14
161655,Bose SoundSport Headphones,1,2/12/2019 19:09
161656,Lightning Charging Cable,1,2/26/2019 19:17
161657,USB-C Charging Cable,1,2/13/2019 21:36
161658,AAA Batteries (4-pack),1,2/5/2019 2:24
161659,Bose SoundSport Headphones,1,2/25/2019 6:59
161660,Wired Headphones,1,2/5/2019 0:58
161661,27in FHD Monitor,1,2/27/2019 8:19
161662,27in 4K Gaming Monitor,1,2/10/2019 1:45
161663,Wired Headphones,1,2/4/2019 14:18
161664,Bose SoundSport Headphones,1,2/15/2019 12:13
161665,AAA Batteries (4-pack),1,2/8/2019 15:17
161666,USB-C Charging Cable,1,2/1/2019 16:38
161667,USB-C Charging Cable,1,2/8/2019 19:14
161668,Bose SoundSport Headphones,1,2/26/2019 16:56
161669,AA Batteries (4-pack),2,2/10/2019 13:29
161670,Wired Headphones,2,2/21/2019 13:51
161671,Macbook Pro Laptop,1,2/15/2019 20:47
161672,34in Ultrawide Monitor,1,2/7/2019 16:18
161673,AA Batteries (4-pack),1,2/3/2019 11:39
161674,20in Monitor,1,2/6/2019 10:20
161675,27in FHD Monitor,1,2/28/2019 22:56
161676,AAA Batteries (4-pack),1,2/14/2019 9:05
161677,AAA Batteries (4-pack),3,2/19/2019 9:04
161678,34in Ultrawide Monitor,1,2/16/2019 21:49
161678,USB-C Charging Cable,1,2/16/2019 21:49
161679,20in Monitor,1,2/15/2019 12:47
161680,Lightning Charging Cable,1,2/18/2019 11:57
161681,USB-C Charging Cable,1,2/15/2019 17:35
161682,Flatscreen TV,1,2/13/2019 8:15
161683,Bose SoundSport Headphones,1,2/7/2019 23:40
161684,ThinkPad Laptop,1,2/25/2019 12:40
161684,Apple Airpods Headphones,1,2/25/2019 12:40
161685,AA Batteries (4-pack),1,2/13/2019 13:41
161686,Wired Headphones,1,2/22/2019 8:44
161687,34in Ultrawide Monitor,1,2/26/2019 20:47
161688,AAA Batteries (4-pack),4,2/7/2019 20:04
161689,AAA Batteries (4-pack),1,2/24/2019 14:51
161690,Wired Headphones,1,2/6/2019 12:00
161691,Lightning Charging Cable,1,2/12/2019 21:46
161692,Flatscreen TV,1,2/9/2019 20:03
161693,27in FHD Monitor,1,2/17/2019 14:17
161694,USB-C Charging Cable,2,2/22/2019 13:38
161695,AAA Batteries (4-pack),1,2/5/2019 18:08
161696,Bose SoundSport Headphones,1,2/1/2019 23:35
161697,Apple Airpods Headphones,1,2/28/2019 22:57
161698,AA Batteries (4-pack),1,2/15/2019 17:12
161699,Apple Airpods Headphones,1,2/14/2019 15:45
161700,Lightning Charging Cable,1,2/6/2019 13:06
161701,USB-C Charging Cable,1,2/26/2019 17:55
161702,27in 4K Gaming Monitor,1,2/22/2019 22:52
161703,27in FHD Monitor,1,2/17/2019 11:59
161704,AA Batteries (4-pack),2,2/27/2019 20:51
161705,AA Batteries (4-pack),1,2/7/2019 18:42
161706,Bose SoundSport Headphones,1,2/16/2019 22:47
161707,Apple Airpods Headphones,1,2/3/2019 13:27
161708,Wired Headphones,1,2/3/2019 16:47
161709,ThinkPad Laptop,1,2/10/2019 14:35
161710,AA Batteries (4-pack),1,2/2/2019 11:56
161711,iPhone,1,2/27/2019 7:08
161712,Lightning Charging Cable,1,2/10/2019 9:58
161713,AAA Batteries (4-pack),1,2/3/2019 12:38
161714,Wired Headphones,1,2/16/2019 14:19
161715,USB-C Charging Cable,1,2/25/2019 6:11
161716,AAA Batteries (4-pack),1,2/11/2019 17:44
161717,Lightning Charging Cable,1,2/15/2019 15:23
161718,Bose SoundSport Headphones,1,2/1/2019 19:43
161719,Google Phone,1,2/12/2019 12:41
161720,Apple Airpods Headphones,1,2/28/2019 13:56
161721,Lightning Charging Cable,1,2/12/2019 13:33
161722,Lightning Charging Cable,1,2/22/2019 18:48
161723,AA Batteries (4-pack),1,2/4/2019 15:30
161724,Wired Headphones,1,2/6/2019 22:09
161725,Lightning Charging Cable,1,2/8/2019 11:59
161726,AA Batteries (4-pack),1,2/27/2019 16:46
161727,USB-C Charging Cable,1,2/25/2019 14:15
161728,27in 4K Gaming Monitor,1,2/18/2019 17:59
161729,Bose SoundSport Headphones,1,2/21/2019 6:51
161730,20in Monitor,1,2/4/2019 19:22
161731,Wired Headphones,1,2/7/2019 9:36
161732,Wired Headphones,1,2/11/2019 17:11
161733,AAA Batteries (4-pack),1,2/20/2019 21:13
161733,Lightning Charging Cable,1,2/20/2019 21:13
161734,Flatscreen TV,1,2/10/2019 10:58
161735,AAA Batteries (4-pack),1,2/13/2019 11:21
161736,AAA Batteries (4-pack),1,2/11/2019 20:09
161737,AA Batteries (4-pack),1,2/9/2019 10:51
161738,Bose SoundSport Headphones,1,2/3/2019 9:33
161739,Vareebadd Phone,1,2/2/2019 14:26
161740,Wired Headphones,1,2/3/2019 14:56
161741,AA Batteries (4-pack),1,2/6/2019 14:25
161742,iPhone,1,2/7/2019 22:56
161743,AA Batteries (4-pack),2,2/27/2019 1:19
161744,Bose SoundSport Headphones,1,2/26/2019 11:16
161745,Apple Airpods Headphones,1,2/15/2019 20:28
161746,Vareebadd Phone,1,2/22/2019 12:13
161747,LG Washing Machine,1,2/22/2019 22:59
161748,27in 4K Gaming Monitor,1,2/5/2019 23:06
161749,Apple Airpods Headphones,1,2/13/2019 17:38
161750,AA Batteries (4-pack),1,2/22/2019 13:35
161751,AAA Batteries (4-pack),2,2/20/2019 14:05
161752,20in Monitor,1,2/24/2019 16:31
161753,Apple Airpods Headphones,1,2/8/2019 0:13
161754,Apple Airpods Headphones,1,2/7/2019 23:04
161755,Macbook Pro Laptop,1,2/19/2019 12:14
161756,Flatscreen TV,1,2/13/2019 19:14
161757,Vareebadd Phone,1,2/2/2019 19:03
161758,LG Washing Machine,1,2/6/2019 17:02
161759,27in 4K Gaming Monitor,1,2/3/2019 18:25
161760,Lightning Charging Cable,1,2/16/2019 16:14
161761,USB-C Charging Cable,1,2/20/2019 13:27
161762,Apple Airpods Headphones,1,2/28/2019 8:14
161763,USB-C Charging Cable,1,2/24/2019 21:47
161764,Wired Headphones,1,2/27/2019 14:21
161765,USB-C Charging Cable,1,2/3/2019 18:52
161766,USB-C Charging Cable,2,2/5/2019 19:49
161767,Flatscreen TV,1,2/5/2019 15:27
161768,Lightning Charging Cable,2,2/5/2019 23:49
161769,Google Phone,1,2/3/2019 12:11
161770,Apple Airpods Headphones,1,2/13/2019 22:32
161771,AA Batteries (4-pack),2,2/5/2019 15:47
161772,USB-C Charging Cable,1,2/1/2019 11:17
161773,LG Washing Machine,1,2/14/2019 16:56
161774,27in FHD Monitor,1,2/8/2019 0:36
161775,Bose SoundSport Headphones,1,2/13/2019 17:39
161776,27in FHD Monitor,1,2/8/2019 21:25
161777,AAA Batteries (4-pack),3,2/2/2019 20:56
161778,27in 4K Gaming Monitor,1,2/23/2019 10:35
161779,Wired Headphones,1,2/12/2019 10:10
161780,Bose SoundSport Headphones,1,2/21/2019 8:51
161781,Bose SoundSport Headphones,1,2/27/2019 22:18
161782,Wired Headphones,1,2/25/2019 21:43
161783,AAA Batteries (4-pack),2,2/27/2019 19:21
161784,AAA Batteries (4-pack),3,2/13/2019 18:46
161785,Wired Headphones,1,2/19/2019 8:55
161786,Wired Headphones,1,2/4/2019 11:54
161787,Lightning Charging Cable,1,2/6/2019 18:14
161788,Lightning Charging Cable,1,2/4/2019 21:39
161789,27in 4K Gaming Monitor,1,2/28/2019 20:51
161790,27in FHD Monitor,1,2/24/2019 21:32
161791,AAA Batteries (4-pack),1,2/3/2019 14:07
161792,Wired Headphones,1,2/4/2019 9:44
161793,Wired Headphones,1,2/3/2019 12:03
161794,Bose SoundSport Headphones,1,2/27/2019 12:25
161795,Bose SoundSport Headphones,1,2/4/2019 12:31
161796,Lightning Charging Cable,1,2/14/2019 1:35
161797,Bose SoundSport Headphones,1,2/15/2019 12:46
161798,Wired Headphones,1,2/9/2019 22:02
161799,Lightning Charging Cable,1,2/1/2019 11:10
161800,20in Monitor,1,2/28/2019 9:21
161801,Lightning Charging Cable,1,2/25/2019 15:10
161802,27in FHD Monitor,1,2/22/2019 18:31
161803,USB-C Charging Cable,1,2/28/2019 12:26
161804,Lightning Charging Cable,1,2/22/2019 21:24
161805,AA Batteries (4-pack),1,2/17/2019 23:21
161806,iPhone,1,2/16/2019 7:55
161806,Apple Airpods Headphones,1,2/16/2019 7:55
161807,Lightning Charging Cable,1,2/23/2019 18:14
161808,Lightning Charging Cable,1,2/13/2019 19:25
161809,Google Phone,1,2/5/2019 11:37
161810,Apple Airpods Headphones,1,2/23/2019 9:40
161811,Wired Headphones,1,2/8/2019 13:06
161812,Wired Headphones,1,2/13/2019 11:18
161813,Google Phone,1,2/23/2019 17:48
161814,27in 4K Gaming Monitor,1,2/20/2019 16:22
161815,USB-C Charging Cable,1,2/20/2019 16:24
161816,iPhone,1,2/18/2019 16:04
161817,Lightning Charging Cable,1,2/16/2019 16:38
161818,Apple Airpods Headphones,1,2/25/2019 21:44
161819,Apple Airpods Headphones,1,2/18/2019 13:26
161820,Apple Airpods Headphones,1,2/17/2019 14:14
161821,20in Monitor,1,2/24/2019 0:39
161822,AA Batteries (4-pack),1,2/19/2019 11:07
161823,AA Batteries (4-pack),2,2/27/2019 2:29
161824,AA Batteries (4-pack),3,2/21/2019 7:24
161825,Lightning Charging Cable,1,2/25/2019 12:05
161826,LG Dryer,1,2/24/2019 21:06
161827,Flatscreen TV,1,2/3/2019 0:09
161828,USB-C Charging Cable,1,2/23/2019 14:33
161829,USB-C Charging Cable,1,2/5/2019 21:21
161830,AA Batteries (4-pack),1,2/8/2019 11:07
161831,Apple Airpods Headphones,1,2/26/2019 20:19
161832,AAA Batteries (4-pack),2,2/10/2019 16:28
161833,ThinkPad Laptop,1,2/3/2019 11:59
161834,AAA Batteries (4-pack),1,2/21/2019 1:12
161835,Wired Headphones,1,2/21/2019 7:39
161836,27in FHD Monitor,1,2/22/2019 10:49
161837,AA Batteries (4-pack),1,2/14/2019 0:33
161838,USB-C Charging Cable,1,2/13/2019 23:50
161839,AA Batteries (4-pack),1,2/27/2019 18:17
161840,Lightning Charging Cable,1,2/18/2019 20:54
161841,Wired Headphones,1,2/15/2019 18:31
161842,iPhone,1,2/3/2019 17:31
161843,27in 4K Gaming Monitor,1,2/17/2019 19:24
161844,Macbook Pro Laptop,1,2/24/2019 20:41
161845,Macbook Pro Laptop,1,2/26/2019 20:57
161846,ThinkPad Laptop,1,2/8/2019 12:59
161847,Lightning Charging Cable,1,2/28/2019 13:30
161848,Flatscreen TV,1,2/12/2019 19:34
161849,Lightning Charging Cable,1,2/3/2019 10:03
161850,AA Batteries (4-pack),1,2/17/2019 20:38
161850,AAA Batteries (4-pack),1,2/17/2019 20:38
161851,Flatscreen TV,1,2/19/2019 22:57
161852,Lightning Charging Cable,1,2/26/2019 22:53
161853,Wired Headphones,1,2/1/2019 18:05
161854,Google Phone,1,2/8/2019 12:02
161855,Wired Headphones,1,2/27/2019 12:51
161856,Flatscreen TV,1,2/14/2019 17:00
161857,27in FHD Monitor,1,2/2/2019 14:26
161858,USB-C Charging Cable,1,2/8/2019 20:05
161859,AA Batteries (4-pack),2,2/24/2019 22:58
161860,AAA Batteries (4-pack),1,2/13/2019 19:13
161861,Lightning Charging Cable,1,2/17/2019 8:29
161861,Wired Headphones,1,2/17/2019 8:29
161862,Apple Airpods Headphones,1,2/9/2019 22:14
161863,Google Phone,1,2/14/2019 11:45
161864,Wired Headphones,1,2/7/2019 21:02
161865,iPhone,1,2/11/2019 18:49
161866,AAA Batteries (4-pack),1,2/8/2019 10:24
161867,ThinkPad Laptop,1,2/11/2019 20:15
161868,AA Batteries (4-pack),1,2/4/2019 11:06
161869,USB-C Charging Cable,1,2/9/2019 11:15
161870,AAA Batteries (4-pack),1,2/26/2019 14:00
161871,AA Batteries (4-pack),1,2/25/2019 17:52
161872,Lightning Charging Cable,3,2/15/2019 22:26
161873,Lightning Charging Cable,1,2/26/2019 14:58
161874,27in FHD Monitor,1,2/3/2019 12:25
161875,USB-C Charging Cable,1,2/25/2019 15:08
161876,Wired Headphones,1,2/25/2019 14:38
161877,AAA Batteries (4-pack),4,2/16/2019 19:17
161878,Google Phone,1,2/26/2019 1:05
161879,AA Batteries (4-pack),2,2/14/2019 19:52
161880,USB-C Charging Cable,1,2/11/2019 8:58
161881,USB-C Charging Cable,1,2/1/2019 8:22
161882,Apple Airpods Headphones,1,2/6/2019 18:26
161883,Bose SoundSport Headphones,1,2/8/2019 10:26
161884,USB-C Charging Cable,1,2/27/2019 11:03
161885,Google Phone,1,2/25/2019 13:30
161886,AAA Batteries (4-pack),1,2/21/2019 13:09
161887,Apple Airpods Headphones,1,2/18/2019 19:48
161888,20in Monitor,1,2/9/2019 12:43
161889,Vareebadd Phone,1,2/10/2019 20:21
161890,Wired Headphones,1,2/1/2019 21:51
161891,LG Washing Machine,1,2/3/2019 14:16
161891,Lightning Charging Cable,1,2/3/2019 14:16
161892,AAA Batteries (4-pack),4,2/22/2019 11:52
161893,USB-C Charging Cable,1,2/9/2019 21:06
161894,AAA Batteries (4-pack),1,2/15/2019 0:43
161895,AAA Batteries (4-pack),1,2/8/2019 5:12
161896,ThinkPad Laptop,1,2/21/2019 17:15
161897,AAA Batteries (4-pack),1,2/6/2019 18:45
161898,Wired Headphones,1,2/27/2019 21:18
161899,AA Batteries (4-pack),1,2/26/2019 13:02
161900,iPhone,1,2/2/2019 0:24
161901,USB-C Charging Cable,1,2/24/2019 18:48
161902,27in FHD Monitor,1,2/1/2019 8:08
161903,USB-C Charging Cable,1,2/8/2019 22:13
161904,27in FHD Monitor,1,2/1/2019 11:29
161905,Bose SoundSport Headphones,1,2/3/2019 19:46
161906,AAA Batteries (4-pack),3,2/24/2019 8:51
161907,AAA Batteries (4-pack),2,2/5/2019 14:59
161908,Apple Airpods Headphones,1,2/21/2019 14:30
161909,Google Phone,1,2/2/2019 15:31
161910,Lightning Charging Cable,1,2/2/2019 20:55
161911,Lightning Charging Cable,1,2/22/2019 21:54
161912,LG Washing Machine,1,2/4/2019 19:21
161913,USB-C Charging Cable,1,2/18/2019 1:45
161914,Bose SoundSport Headphones,2,2/1/2019 17:50
161915,AA Batteries (4-pack),1,2/20/2019 8:39
161916,34in Ultrawide Monitor,1,2/5/2019 22:02
161917,Wired Headphones,1,2/19/2019 11:04
161918,Lightning Charging Cable,1,2/15/2019 13:54
161919,Lightning Charging Cable,1,2/25/2019 21:36
161920,Google Phone,1,2/24/2019 20:34
161920,USB-C Charging Cable,1,2/24/2019 20:34
161920,AAA Batteries (4-pack),1,2/24/2019 20:34
161921,Lightning Charging Cable,1,2/25/2019 10:19
161922,34in Ultrawide Monitor,1,2/9/2019 10:08
161923,AAA Batteries (4-pack),2,2/11/2019 17:56
161924,AA Batteries (4-pack),1,2/26/2019 18:38
161925,Wired Headphones,1,2/4/2019 15:00
161926,Wired Headphones,1,2/6/2019 11:08
161927,Apple Airpods Headphones,1,2/14/2019 16:50
161928,AA Batteries (4-pack),1,2/19/2019 10:10
161929,Lightning Charging Cable,1,2/19/2019 14:54
161930,AA Batteries (4-pack),1,2/2/2019 15:54
161931,iPhone,1,2/18/2019 21:01
161932,USB-C Charging Cable,1,2/12/2019 16:54
161933,34in Ultrawide Monitor,1,2/20/2019 16:51
161934,34in Ultrawide Monitor,1,2/9/2019 1:51
161935,AAA Batteries (4-pack),1,2/15/2019 12:58
161936,Flatscreen TV,1,2/21/2019 1:41
161937,Lightning Charging Cable,1,2/18/2019 14:47
161938,USB-C Charging Cable,1,2/12/2019 14:41
161939,34in Ultrawide Monitor,1,2/5/2019 20:24
161940,USB-C Charging Cable,1,2/22/2019 10:52
161941,Lightning Charging Cable,1,2/5/2019 20:38
161942,Bose SoundSport Headphones,1,2/3/2019 7:11
161943,AAA Batteries (4-pack),1,2/16/2019 17:43
161944,Apple Airpods Headphones,1,2/24/2019 9:34
161945,USB-C Charging Cable,1,2/19/2019 9:44
161945,34in Ultrawide Monitor,1,2/19/2019 9:44
161946,Wired Headphones,2,2/15/2019 16:51
161947,Apple Airpods Headphones,1,2/11/2019 18:39
161948,iPhone,1,2/3/2019 21:08
161949,AAA Batteries (4-pack),1,2/19/2019 11:08
,,,
161950,Bose SoundSport Headphones,1,2/27/2019 18:26
161951,AA Batteries (4-pack),2,2/22/2019 18:48
161952,27in FHD Monitor,1,2/13/2019 1:52
161953,AAA Batteries (4-pack),1,2/14/2019 9:52
161954,ThinkPad Laptop,1,2/6/2019 13:32
161955,USB-C Charging Cable,1,2/8/2019 11:16
161956,Lightning Charging Cable,1,2/12/2019 18:57
161957,Wired Headphones,1,2/25/2019 7:28
161958,USB-C Charging Cable,1,2/20/2019 18:28
161959,Bose SoundSport Headphones,1,2/12/2019 6:18
161960,Vareebadd Phone,1,2/1/2019 11:32
161960,USB-C Charging Cable,2,2/1/2019 11:32
161961,27in 4K Gaming Monitor,1,2/28/2019 16:13
161962,Macbook Pro Laptop,1,2/12/2019 17:28
161963,USB-C Charging Cable,1,2/15/2019 17:13
161964,Vareebadd Phone,1,2/24/2019 14:09
161965,Lightning Charging Cable,1,2/16/2019 11:08
161966,Bose SoundSport Headphones,1,2/19/2019 18:58
161967,20in Monitor,1,2/20/2019 12:27
161968,AA Batteries (4-pack),1,2/15/2019 17:58
161969,Lightning Charging Cable,1,2/17/2019 10:17
161970,Wired Headphones,1,2/9/2019 13:23
161971,Macbook Pro Laptop,1,2/9/2019 18:19
161972,Google Phone,1,2/2/2019 21:01
161972,USB-C Charging Cable,1,2/2/2019 21:01
161973,Lightning Charging Cable,1,2/9/2019 17:11
161974,34in Ultrawide Monitor,1,2/24/2019 10:12
161975,iPhone,1,2/27/2019 21:31
161976,27in FHD Monitor,1,2/23/2019 17:49
161977,USB-C Charging Cable,1,2/8/2019 1:36
161978,AA Batteries (4-pack),4,2/9/2019 8:25
161979,27in FHD Monitor,1,2/14/2019 20:50
161980,AA Batteries (4-pack),1,2/7/2019 15:58
161981,34in Ultrawide Monitor,1,2/26/2019 11:47
161982,AAA Batteries (4-pack),1,2/1/2019 19:47
161983,Macbook Pro Laptop,1,2/25/2019 0:27
161984,AAA Batteries (4-pack),1,2/4/2019 10:49
161985,Apple Airpods Headphones,1,2/26/2019 14:39
161986,Apple Airpods Headphones,1,2/12/2019 8:21
161987,Wired Headphones,1,2/15/2019 20:18
161988,Bose SoundSport Headphones,1,2/28/2019 7:49
161989,USB-C Charging Cable,1,2/21/2019 18:41
161990,AA Batteries (4-pack),1,2/17/2019 20:05
161991,AAA Batteries (4-pack),1,2/1/2019 19:24
161992,34in Ultrawide Monitor,1,2/1/2019 23:27
161993,AAA Batteries (4-pack),1,2/10/2019 12:09
161994,AA Batteries (4-pack),2,2/9/2019 12:04
161995,Lightning Charging Cable,1,2/23/2019 10:33
161996,27in FHD Monitor,1,2/22/2019 20:09
161997,Google Phone,1,2/28/2019 22:15
161997,USB-C Charging Cable,1,2/28/2019 22:15
161998,Apple Airpods Headphones,1,2/9/2019 18:31
161999,27in 4K Gaming Monitor,1,2/16/2019 19:08
162000,Macbook Pro Laptop,1,2/16/2019 16:44
162001,USB-C Charging Cable,1,2/6/2019 15:32
162002,USB-C Charging Cable,1,2/25/2019 14:30
162003,Macbook Pro Laptop,1,2/15/2019 18:31
162004,Apple Airpods Headphones,1,2/12/2019 22:02
162005,AAA Batteries (4-pack),2,2/4/2019 20:44
162006,USB-C Charging Cable,1,2/24/2019 6:31
162007,USB-C Charging Cable,1,2/24/2019 19:09
162008,27in FHD Monitor,1,2/26/2019 17:15
