Order ID,Product,Quantity Ordered,Order Date
194095,Wired Headphones,1,5/16/2019 17:14
194096,AA Batteries (4-pack),1,5/19/2019 14:43
194097,27in FHD Monitor,1,5/24/2019 11:36
194098,Wired Headphones,1,5/2/2019 20:40
194099,AAA Batteries (4-pack),2,5/11/2019 22:55
194100,iPhone,1,5/10/2019 19:44
194101,USB-C Charging Cable,1,5/11/2019 22:44
194102,Lightning Charging Cable,1,5/7/2019 12:49
194103,27in FHD Monitor,1,5/24/2019 18:28
194104,Wired Headphones,1,5/4/2019 18:38
194105,ThinkPad Laptop,1,5/13/2019 9:07
194106,USB-C Charging Cable,1,5/12/2019 10:07
194107,34in Ultrawide Monitor,1,5/19/2019 17:52
194108,AA Batteries (4-pack),1,5/22/2019 18:15
194109,AAA Batteries (4-pack),1,5/15/2019 14:00
194110,Google Phone,1,5/31/2019 18:07
194110,Wired Headphones,1,5/31/2019 18:07
194111,27in FHD Monitor,1,5/4/2019 15:08
194112,Google Phone,1,5/29/2019 21:13
194113,Apple Airpods Headphones,1,5/10/2019 22:33
194114,Wired Headphones,1,5/20/2019 1:57
194115,AAA Batteries (4-pack),1,5/30/2019 20:29
194116,Lightning Charging Cable,1,5/19/2019 23:19
194117,Lightning Charging Cable,1,5/12/2019 8:44
194118,AA Batteries (4-pack),1,5/18/2019 22:54
194119,Wired Headphones,3,5/7/2019 7:15
194120,AAA Batteries (4-pack),1,5/11/2019 21:53
194121,LG Dryer,1,5/10/2019 20:41
194122,Wired Headphones,1,5/27/2019 16:18
194123,Apple Airpods Headphones,1,5/24/2019 0:34
194124,iPhone,1,5/4/2019 23:40
194125,Bose SoundSport Headphones,1,5/19/2019 21:33
194126,AAA Batteries (4-pack),2,5/19/2019 21:28
194127,Wired Headphones,1,5/15/2019 14:46
194128,AAA Batteries (4-pack),2,5/3/2019 18:15
194129,AA Batteries (4-pack),2,5/5/2019 11:51
194130,34in Ultrawide Monitor,1,5/9/2019 15:57
194131,Bose SoundSport Headphones,1,5/7/2019 10:44
194132,iPhone,1,5/22/2019 21:35
194133,Bose SoundSport Headphones,1,5/3/2019 9:45
194134,USB-C Charging Cable,1,5/27/2019 18:22
194135,Bose SoundSport Headphones,1,5/9/2019 20:06
194136,Wired Headphones,1,5/23/2019 19:58
194137,27in FHD Monitor,1,5/14/2019 4:13
194138,Lightning Charging Cable,1,5/1/2019 21:55
194139,Apple Airpods Headphones,1,5/12/2019 23:13
194140,Lightning Charging Cable,1,5/7/2019 23:57
194141,Wired Headphones,1,5/13/2019 14:09
194142,27in FHD Monitor,1,5/11/2019 19:08
194143,Apple Airpods Headphones,1,5/9/2019 21:58
194144,USB-C Charging Cable,1,5/11/2019 20:12
194145,AA Batteries (4-pack),1,5/23/2019 12:27
194146,AAA Batteries (4-pack),2,5/23/2019 20:31
194147,Flatscreen TV,1,5/18/2019 10:18
194148,27in 4K Gaming Monitor,1,5/21/2019 7:37
194149,27in FHD Monitor,1,5/23/2019 21:32
194150,Google Phone,1,5/4/2019 20:34
194151,AA Batteries (4-pack),1,5/28/2019 23:03
,,,
194152,USB-C Charging Cable,1,5/6/2019 11:27
194153,iPhone,1,5/12/2019 11:11
194154,Bose SoundSport Headphones,1,5/20/2019 10:38
194155,Apple Airpods Headphones,1,5/22/2019 10:53
194156,Macbook Pro Laptop,1,5/20/2019 18:32
194157,AA Batteries (4-pack),1,5/30/2019 0:21
194158,Lightning Charging Cable,1,5/13/2019 15:47
194159,Lightning Charging Cable,1,5/24/2019 7:30
194160,Bose SoundSport Headphones,1,5/29/2019 15:23
194161,Bose SoundSport Headphones,1,5/31/2019 10:46
194162,AA Batteries (4-pack),1,5/7/2019 23:12
194163,20in Monitor,1,5/3/2019 12:51
194164,34in Ultrawide Monitor,1,5/28/2019 14:00
194165,Apple Airpods Headphones,1,5/29/2019 20:16
194166,Macbook Pro Laptop,1,5/6/2019 13:30
194167,AA Batteries (4-pack),1,5/24/2019 22:36
194168,USB-C Charging Cable,2,5/20/2019 13:16
194169,USB-C Charging Cable,1,5/1/2019 18:01
194170,Google Phone,1,5/30/2019 12:30
194170,USB-C Charging Cable,2,5/30/2019 12:30
194171,Vareebadd Phone,1,5/6/2019 15:18
194172,USB-C Charging Cable,2,5/8/2019 9:21
194173,USB-C Charging Cable,1,5/30/2019 14:09
194174,iPhone,1,5/4/2019 23:08
194174,Lightning Charging Cable,1,5/4/2019 23:08
194174,Wired Headphones,2,5/4/2019 23:08
194175,20in Monitor,1,5/26/2019 17:08
194176,AA Batteries (4-pack),1,5/5/2019 18:30
194177,Apple Airpods Headphones,1,5/22/2019 20:51
194178,Lightning Charging Cable,1,5/15/2019 7:35
194179,Flatscreen TV,1,5/10/2019 22:51
194179,AAA Batteries (4-pack),2,5/10/2019 22:51
194180,Bose SoundSport Headphones,1,5/6/2019 17:21
194181,Macbook Pro Laptop,1,5/21/2019 21:50
194182,Lightning Charging Cable,1,5/22/2019 12:11
194183,USB-C Charging Cable,1,5/20/2019 16:48
194184,Lightning Charging Cable,1,5/18/2019 10:57
194185,Google Phone,1,5/5/2019 20:34
194186,iPhone,1,5/10/2019 22:44
194187,Macbook Pro Laptop,1,5/9/2019 18:06
194188,Apple Airpods Headphones,1,5/26/2019 11:17
194189,AAA Batteries (4-pack),1,5/20/2019 18:34
194190,27in FHD Monitor,1,5/5/2019 12:29
194191,27in 4K Gaming Monitor,1,5/22/2019 10:20
194192,Wired Headphones,1,5/14/2019 18:00
194192,Bose SoundSport Headphones,1,5/14/2019 18:00
194193,Bose SoundSport Headphones,1,5/4/2019 11:32
194194,Wired Headphones,1,5/14/2019 19:38
194195,AAA Batteries (4-pack),1,5/6/2019 10:01
194196,Wired Headphones,1,5/29/2019 21:27
194197,AA Batteries (4-pack),3,5/28/2019 20:20
194198,Lightning Charging Cable,1,5/3/2019 21:24
,,,
194199,Lightning Charging Cable,1,5/18/2019 11:51
194200,AA Batteries (4-pack),1,5/22/2019 20:33
194201,USB-C Charging Cable,1,5/3/2019 17:06
194202,Apple Airpods Headphones,1,5/25/2019 13:22
194203,iPhone,1,5/10/2019 16:38
194203,Lightning Charging Cable,1,5/10/2019 16:38
194204,iPhone,1,5/7/2019 21:18
194205,iPhone,1,5/26/2019 20:35
194205,Wired Headphones,1,5/26/2019 20:35
194206,AA Batteries (4-pack),1,5/29/2019 14:52
194207,USB-C Charging Cable,1,5/4/2019 10:38
194208,Apple Airpods Headphones,1,5/16/2019 10:40
194209,ThinkPad Laptop,1,5/9/2019 21:06
194210,AAA Batteries (4-pack),2,5/23/2019 18:37
194211,Lightning Charging Cable,1,5/8/2019 13:40
194212,LG Washing Machine,1,5/22/2019 20:40
194213,Google Phone,1,5/9/2019 10:18
194214,AAA Batteries (4-pack),4,5/5/2019 9:21
194215,AAA Batteries (4-pack),1,5/16/2019 23:11
194216,Vareebadd Phone,1,5/26/2019 15:02
194217,Flatscreen TV,1,5/11/2019 19:50
194218,ThinkPad Laptop,1,5/31/2019 14:38
194219,Lightning Charging Cable,2,5/31/2019 6:45
194220,Bose SoundSport Headphones,1,5/24/2019 23:47
194221,27in 4K Gaming Monitor,1,5/23/2019 9:59
194222,AA Batteries (4-pack),2,5/14/2019 16:02
194223,Flatscreen TV,1,5/16/2019 4:53
194224,20in Monitor,1,5/27/2019 16:25
194225,Bose SoundSport Headphones,1,5/9/2019 17:22
194226,USB-C Charging Cable,1,5/16/2019 0:10
194227,AAA Batteries (4-pack),1,5/29/2019 19:36
194228,iPhone,1,5/20/2019 11:52
194229,Vareebadd Phone,1,5/9/2019 18:22
194230,USB-C Charging Cable,1,5/30/2019 20:03
194231,Wired Headphones,1,5/2/2019 13:41
194232,27in 4K Gaming Monitor,1,5/7/2019 7:53
194233,Apple Airpods Headphones,1,5/4/2019 17:16
194234,AA Batteries (4-pack),1,5/4/2019 17:21
194235,Apple Airpods Headphones,1,5/16/2019 12:51
194236,USB-C Charging Cable,1,5/16/2019 16:44
194237,USB-C Charging Cable,1,5/29/2019 16:29
194238,27in FHD Monitor,1,5/14/2019 13:11
194239,USB-C Charging Cable,1,5/17/2019 20:22
194240,USB-C Charging Cable,1,5/21/2019 20:36
194241,USB-C Charging Cable,1,5/16/2019 13:55
194242,20in Monitor,1,5/24/2019 20:18
194243,Apple Airpods Headphones,1,5/6/2019 21:33
194244,Wired Headphones,1,5/18/2019 12:04
194245,Macbook Pro Laptop,1,5/26/2019 16:50
194246,27in 4K Gaming Monitor,1,5/10/2019 17:34
194247,USB-C Charging Cable,1,5/23/2019 17:26
194248,AA Batteries (4-pack),2,5/4/2019 11:56
194249,AAA Batteries (4-pack),1,5/30/2019 23:53
194250,AAA Batteries (4-pack),1,5/11/2019 1:10
194251,Bose SoundSport Headphones,1,5/17/2019 22:25
194252,Apple Airpods Headphones,1,5/9/2019 8:53
194253,iPhone,1,5/7/2019 9:42
194253,Lightning Charging Cable,1,5/7/2019 9:42
194253,Wired Headphones,1,5/7/2019 9:42
194253,USB-C Charging Cable,1,5/7/2019 9:42
194254,AAA Batteries (4-pack),1,5/13/2019 13:17
194255,AA Batteries (4-pack),1,5/29/2019 21:45
194256,Bose SoundSport Headphones,1,5/3/2019 13:11
194257,27in 4K Gaming Monitor,1,5/19/2019 15:19
194258,Macbook Pro Laptop,1,5/24/2019 18:17
194259,USB-C Charging Cable,1,5/28/2019 16:24
194260,Apple Airpods Headphones,1,5/21/2019 11:07
194261,Bose SoundSport Headphones,1,5/14/2019 16:48
194262,Wired Headphones,1,5/4/2019 20:50
194263,USB-C Charging Cable,2,5/29/2019 19:53
194264,Wired Headphones,1,5/28/2019 23:01
194265,AAA Batteries (4-pack),1,5/18/2019 12:24
194266,USB-C Charging Cable,1,5/22/2019 21:15
194267,27in 4K Gaming Monitor,1,5/17/2019 22:08
194268,Lightning Charging Cable,1,5/13/2019 11:18
194269,Lightning Charging Cable,1,5/8/2019 13:03
194270,27in FHD Monitor,1,5/30/2019 19:20
194271,Wired Headphones,1,5/28/2019 22:37
194272,Apple Airpods Headphones,1,5/6/2019 14:23
194273,AAA Batteries (4-pack),4,5/22/2019 20:14
194274,AA Batteries (4-pack),1,5/4/2019 11:04
194275,Lightning Charging Cable,1,5/14/2019 17:49
194276,34in Ultrawide Monitor,1,5/2/2019 17:21
194277,27in FHD Monitor,1,5/10/2019 9:41
194278,20in Monitor,1,5/18/2019 21:27
194279,USB-C Charging Cable,1,5/6/2019 15:51
194280,AA Batteries (4-pack),1,5/8/2019 9:20
194281,Lightning Charging Cable,1,5/13/2019 12:08
194282,34in Ultrawide Monitor,1,5/25/2019 6:32
194283,USB-C Charging Cable,1,5/13/2019 19:09
194284,Apple Airpods Headphones,1,5/21/2019 9:46
194285,Apple Airpods Headphones,1,5/30/2019 22:18
194286,20in Monitor,1,5/20/2019 10:17
194287,Apple Airpods Headphones,1,5/12/2019 21:04
194288,AA Batteries (4-pack),1,5/25/2019 20:16
194289,iPhone,1,5/28/2019 21:05
194290,Lightning Charging Cable,1,5/1/2019 17:00
194291,Apple Airpods Headphones,1,5/23/2019 7:54
194292,USB-C Charging Cable,1,5/27/2019 11:19
194293,34in Ultrawide Monitor,1,5/16/2019 19:09
194294,Macbook Pro Laptop,1,5/31/2019 20:44
194294,Bose SoundSport Headphones,1,5/31/2019 20:44
194295,Wired Headphones,1,5/20/2019 21:02
194296,AAA Batteries (4-pack),1,5/24/2019 16:59
194297,Lightning Charging Cable,1,5/29/2019 13:20
194298,Lightning Charging Cable,1,5/14/2019 20:28
194299,USB-C Charging Cable,1,5/8/2019 21:21
194300,Bose SoundSport Headphones,1,5/12/2019 10:06
194301,Wired Headphones,1,5/10/2019 18:17
194302,Apple Airpods Headphones,1,5/6/2019 5:41
194303,iPhone,1,5/7/2019 19:31
194304,LG Dryer,1,5/27/2019 16:59
194305,AAA Batteries (4-pack),4,5/25/2019 11:04
194306,Bose SoundSport Headphones,1,5/28/2019 14:49
194307,Macbook Pro Laptop,1,5/25/2019 15:30
194308,USB-C Charging Cable,1,5/18/2019 8:02
194309,27in 4K Gaming Monitor,1,5/14/2019 18:28
194310,AA Batteries (4-pack),2,5/5/2019 9:57
194311,Apple Airpods Headphones,1,5/19/2019 12:06
194312,AAA Batteries (4-pack),1,5/8/2019 19:09
194313,Wired Headphones,1,5/30/2019 18:24
194314,Google Phone,1,5/4/2019 11:11
194314,USB-C Charging Cable,1,5/4/2019 11:11
194314,Wired Headphones,1,5/4/2019 11:11
194315,iPhone,1,5/16/2019 0:50
194316,34in Ultrawide Monitor,1,5/20/2019 15:06
194317,Flatscreen TV,1,5/31/2019 21:30
194318,AA Batteries (4-pack),1,5/18/2019 21:53
194319,AAA Batteries (4-pack),1,5/14/2019 21:00
194320,iPhone,1,5/17/2019 5:53
194320,Lightning Charging Cable,1,5/17/2019 5:53
194321,LG Washing Machine,1,5/14/2019 6:59
194322,Bose SoundSport Headphones,1,5/10/2019 10:58
194323,Apple Airpods Headphones,1,5/8/2019 14:48
194324,Wired Headphones,1,5/11/2019 8:39
194325,Wired Headphones,1,5/23/2019 18:18
194326,AA Batteries (4-pack),1,5/14/2019 21:37
194327,iPhone,1,5/10/2019 17:42
194328,LG Dryer,1,5/31/2019 14:01
194329,AAA Batteries (4-pack),1,5/22/2019 14:15
194330,Wired Headphones,1,5/25/2019 22:35
194331,USB-C Charging Cable,1,5/17/2019 20:35
194332,Lightning Charging Cable,1,5/27/2019 15:10
194333,Google Phone,1,5/23/2019 21:40
194334,AA Batteries (4-pack),1,5/4/2019 15:48
194335,Macbook Pro Laptop,1,5/16/2019 12:05
194336,Wired Headphones,1,5/30/2019 5:04
194337,34in Ultrawide Monitor,1,5/30/2019 12:45
194338,AA Batteries (4-pack),1,5/1/2019 16:38
194339,27in 4K Gaming Monitor,1,5/4/2019 14:57
194340,USB-C Charging Cable,1,5/22/2019 17:35
194341,20in Monitor,1,5/21/2019 11:30
194342,27in 4K Gaming Monitor,1,5/23/2019 17:01
194343,AAA Batteries (4-pack),2,5/28/2019 17:26
194343,AA Batteries (4-pack),1,5/28/2019 17:26
194344,Wired Headphones,1,5/8/2019 8:44
194345,AA Batteries (4-pack),2,5/16/2019 9:25
194346,Wired Headphones,1,5/29/2019 18:00
194347,Wired Headphones,1,5/26/2019 0:22
194348,20in Monitor,1,5/18/2019 20:03
194349,ThinkPad Laptop,1,5/11/2019 21:09
194350,AAA Batteries (4-pack),2,5/10/2019 12:00
194351,Macbook Pro Laptop,1,5/1/2019 13:23
194352,ThinkPad Laptop,1,5/21/2019 16:09
194353,27in FHD Monitor,1,5/5/2019 12:58
194354,Bose SoundSport Headphones,1,5/6/2019 12:49
194355,27in FHD Monitor,1,5/27/2019 15:55
194356,Bose SoundSport Headphones,1,5/7/2019 22:16
194357,USB-C Charging Cable,1,5/8/2019 10:24
194358,ThinkPad Laptop,1,5/30/2019 12:02
194359,AAA Batteries (4-pack),1,5/7/2019 12:53
194360,AA Batteries (4-pack),1,5/17/2019 7:32
194361,USB-C Charging Cable,1,5/14/2019 18:54
194362,iPhone,1,5/22/2019 18:56
194363,Wired Headphones,1,5/23/2019 15:27
194364,Flatscreen TV,1,5/1/2019 12:01
194365,AA Batteries (4-pack),3,5/14/2019 20:57
194366,34in Ultrawide Monitor,1,5/16/2019 23:43
194367,Lightning Charging Cable,1,5/2/2019 20:03
194368,AA Batteries (4-pack),2,5/8/2019 16:36
194369,AAA Batteries (4-pack),3,5/22/2019 7:29
194370,iPhone,1,5/29/2019 8:41
194370,ThinkPad Laptop,1,5/29/2019 8:41
194371,Wired Headphones,1,5/4/2019 19:37
194372,iPhone,1,5/27/2019 7:58
194373,AAA Batteries (4-pack),1,5/7/2019 22:51
194374,AA Batteries (4-pack),1,5/20/2019 20:03
194375,20in Monitor,1,5/25/2019 16:05
194376,Bose SoundSport Headphones,1,5/2/2019 14:32
194377,iPhone,1,5/27/2019 19:21
194378,Google Phone,1,5/23/2019 16:07
194378,Bose SoundSport Headphones,1,5/23/2019 16:07
194379,Wired Headphones,1,5/3/2019 18:46
194380,Apple Airpods Headphones,1,5/5/2019 12:05
194381,USB-C Charging Cable,1,5/23/2019 1:57
194382,Vareebadd Phone,1,5/20/2019 14:54
194382,Bose SoundSport Headphones,1,5/20/2019 14:54
194383,USB-C Charging Cable,1,5/9/2019 20:31
194384,Lightning Charging Cable,1,5/7/2019 4:18
194385,Bose SoundSport Headphones,1,5/31/2019 19:13
194386,Lightning Charging Cable,1,5/13/2019 19:10
194387,Bose SoundSport Headphones,1,5/25/2019 11:31
194388,27in 4K Gaming Monitor,1,5/19/2019 13:24
194389,AA Batteries (4-pack),2,5/30/2019 10:13
194390,Lightning Charging Cable,1,5/20/2019 18:51
194391,iPhone,1,5/1/2019 13:38
194392,Bose SoundSport Headphones,1,5/6/2019 18:11
194393,Lightning Charging Cable,1,5/24/2019 18:45
194394,iPhone,1,5/10/2019 17:14
194395,Wired Headphones,1,5/20/2019 9:57
194396,Apple Airpods Headphones,1,5/14/2019 2:41
194397,AA Batteries (4-pack),1,5/16/2019 3:03
194398,AAA Batteries (4-pack),1,5/7/2019 20:03
194399,Lightning Charging Cable,2,5/22/2019 18:58
194400,AAA Batteries (4-pack),2,5/31/2019 11:37
194401,Apple Airpods Headphones,1,5/22/2019 9:47
194402,AAA Batteries (4-pack),1,5/29/2019 9:28
194403,iPhone,1,5/8/2019 20:21
194404,AA Batteries (4-pack),1,5/10/2019 20:59
194405,Lightning Charging Cable,1,5/25/2019 10:19
194406,AA Batteries (4-pack),3,5/15/2019 16:06
194407,Lightning Charging Cable,1,5/11/2019 9:47
194408,Bose SoundSport Headphones,1,5/24/2019 15:59
194409,AAA Batteries (4-pack),2,5/15/2019 20:19
194410,AAA Batteries (4-pack),1,5/14/2019 17:07
194411,27in 4K Gaming Monitor,1,5/8/2019 10:45
194412,AA Batteries (4-pack),1,5/12/2019 10:32
194413,27in FHD Monitor,1,5/14/2019 11:55
194414,USB-C Charging Cable,3,5/22/2019 9:06
194415,AA Batteries (4-pack),1,5/17/2019 13:44
194416,Google Phone,1,5/3/2019 8:35
194416,USB-C Charging Cable,1,5/3/2019 8:35
194417,27in FHD Monitor,1,5/4/2019 6:27
194418,USB-C Charging Cable,2,5/25/2019 17:32
194419,Wired Headphones,1,5/23/2019 6:51
194420,Apple Airpods Headphones,1,5/9/2019 11:05
194421,AAA Batteries (4-pack),1,5/12/2019 7:45
194422,Apple Airpods Headphones,1,5/31/2019 14:01
194423,27in FHD Monitor,1,5/22/2019 19:54
194424,Apple Airpods Headphones,1,5/30/2019 8:17
194425,Wired Headphones,1,5/15/2019 15:02
194426,Google Phone,1,5/4/2019 14:40
194426,Bose SoundSport Headphones,1,5/4/2019 14:40
194427,Bose SoundSport Headphones,1,5/1/2019 15:33
194428,Macbook Pro Laptop,1,5/4/2019 16:37
194429,AA Batteries (4-pack),1,5/29/2019 19:21
194430,Vareebadd Phone,1,5/4/2019 10:35
194431,Bose SoundSport Headphones,1,5/2/2019 13:15
194432,Lightning Charging Cable,1,5/5/2019 8:27
194433,Flatscreen TV,1,5/31/2019 16:36
194434,Apple Airpods Headphones,1,5/30/2019 19:10
194435,Apple Airpods Headphones,1,5/8/2019 15:43
194436,Bose SoundSport Headphones,1,5/29/2019 13:27
194437,AAA Batteries (4-pack),4,5/27/2019 21:50
194438,AAA Batteries (4-pack),2,5/10/2019 8:29
194439,27in 4K Gaming Monitor,1,5/13/2019 13:59
194440,AAA Batteries (4-pack),2,5/1/2019 18:58
194441,Bose SoundSport Headphones,1,5/14/2019 19:48
194442,Google Phone,1,5/14/2019 21:17
194443,20in Monitor,1,5/5/2019 16:10
194444,AA Batteries (4-pack),1,5/15/2019 8:50
194445,USB-C Charging Cable,1,5/15/2019 8:07
194446,Flatscreen TV,1,5/2/2019 7:54
194447,USB-C Charging Cable,1,5/14/2019 9:55
194448,USB-C Charging Cable,1,5/1/2019 12:39
194449,Bose SoundSport Headphones,1,5/8/2019 12:05
194450,Wired Headphones,2,5/6/2019 12:36
194451,Wired Headphones,1,5/22/2019 4:37
194452,iPhone,1,5/19/2019 23:02
194453,USB-C Charging Cable,1,5/13/2019 10:35
194454,USB-C Charging Cable,2,5/5/2019 15:45
194455,AAA Batteries (4-pack),3,5/31/2019 19:31
194456,AAA Batteries (4-pack),3,5/4/2019 14:18
194457,Lightning Charging Cable,1,5/28/2019 13:59
194458,AA Batteries (4-pack),1,5/4/2019 8:56
194459,Lightning Charging Cable,1,5/29/2019 22:07
194460,Vareebadd Phone,1,5/8/2019 11:17
194461,Bose SoundSport Headphones,1,5/8/2019 10:24
194462,Bose SoundSport Headphones,1,5/31/2019 18:35
194463,USB-C Charging Cable,1,5/22/2019 11:33
194464,27in 4K Gaming Monitor,1,5/26/2019 15:41
194465,Flatscreen TV,1,5/6/2019 23:19
194466,Flatscreen TV,1,5/24/2019 19:22
194467,Bose SoundSport Headphones,1,5/25/2019 22:37
194468,Apple Airpods Headphones,1,5/1/2019 20:57
194469,27in FHD Monitor,1,5/9/2019 16:33
194470,27in FHD Monitor,1,5/31/2019 6:40
194471,USB-C Charging Cable,1,5/5/2019 13:38
194472,Lightning Charging Cable,1,5/8/2019 13:48
194473,Wired Headphones,1,5/28/2019 16:47
194474,Wired Headphones,1,5/9/2019 7:49
194474,USB-C Charging Cable,1,5/9/2019 7:49
194475,AAA Batteries (4-pack),3,5/24/2019 23:09
194476,Wired Headphones,1,5/24/2019 20:21
194477,Flatscreen TV,1,5/9/2019 15:20
194478,Lightning Charging Cable,1,5/8/2019 18:29
194479,USB-C Charging Cable,1,5/4/2019 10:05
194480,iPhone,1,5/19/2019 6:34
194481,USB-C Charging Cable,1,5/25/2019 20:07
194482,LG Dryer,1,5/1/2019 19:31
194483,Bose SoundSport Headphones,1,5/20/2019 23:05
194484,27in 4K Gaming Monitor,1,5/7/2019 17:11
194485,Lightning Charging Cable,2,5/8/2019 20:08
194486,Wired Headphones,1,5/11/2019 17:12
194487,Apple Airpods Headphones,1,5/25/2019 12:17
194488,AA Batteries (4-pack),2,5/9/2019 15:55
194489,AAA Batteries (4-pack),2,5/20/2019 6:52
194490,Lightning Charging Cable,1,5/29/2019 15:31
194491,Lightning Charging Cable,1,5/2/2019 23:35
194492,USB-C Charging Cable,2,5/16/2019 12:11
194493,27in 4K Gaming Monitor,1,5/21/2019 18:24
194494,Google Phone,1,5/22/2019 13:48
194494,Wired Headphones,1,5/22/2019 13:48
194495,LG Washing Machine,1,5/30/2019 21:43
194496,Google Phone,1,5/2/2019 11:07
194497,AAA Batteries (4-pack),3,5/28/2019 15:23
194498,AAA Batteries (4-pack),1,5/15/2019 16:36
194499,USB-C Charging Cable,1,5/13/2019 18:37
194500,20in Monitor,1,5/3/2019 13:02
194501,34in Ultrawide Monitor,1,5/9/2019 15:50
194502,AAA Batteries (4-pack),2,5/14/2019 19:47
194503,34in Ultrawide Monitor,1,5/9/2019 23:17
194504,AAA Batteries (4-pack),2,5/26/2019 12:47
194505,AAA Batteries (4-pack),1,5/4/2019 7:07
194506,AAA Batteries (4-pack),2,5/17/2019 14:17
194507,Bose SoundSport Headphones,1,5/10/2019 10:53
194508,34in Ultrawide Monitor,1,5/8/2019 14:40
194509,Apple Airpods Headphones,1,5/24/2019 18:32
194509,Lightning Charging Cable,1,5/24/2019 18:32
194510,20in Monitor,1,5/25/2019 12:49
194511,Google Phone,1,5/26/2019 19:13
194511,USB-C Charging Cable,1,5/26/2019 19:13
194512,Wired Headphones,1,5/15/2019 7:34
194513,AAA Batteries (4-pack),3,5/31/2019 13:20
194514,Bose SoundSport Headphones,1,5/28/2019 12:39
194515,Apple Airpods Headphones,1,5/29/2019 18:34
194516,27in FHD Monitor,1,5/9/2019 18:50
194517,AAA Batteries (4-pack),1,5/14/2019 10:14
194518,27in 4K Gaming Monitor,1,5/26/2019 14:17
194519,Google Phone,1,5/23/2019 13:13
194520,USB-C Charging Cable,1,5/29/2019 22:31
194521,Wired Headphones,1,5/14/2019 18:14
194522,USB-C Charging Cable,1,5/26/2019 20:12
194523,Wired Headphones,1,5/3/2019 13:19
194524,Lightning Charging Cable,1,5/30/2019 12:02
194525,AAA Batteries (4-pack),1,5/15/2019 13:36
194526,AAA Batteries (4-pack),1,5/14/2019 12:04
194527,AAA Batteries (4-pack),1,5/25/2019 11:32
194528,27in FHD Monitor,1,5/26/2019 17:15
194529,AA Batteries (4-pack),2,5/13/2019 13:07
194530,AAA Batteries (4-pack),1,5/24/2019 20:59
194531,USB-C Charging Cable,1,5/31/2019 23:49
194532,Google Phone,1,5/19/2019 13:19
194533,AA Batteries (4-pack),1,5/16/2019 14:39
194534,AA Batteries (4-pack),1,5/27/2019 11:58
194535,AA Batteries (4-pack),1,5/14/2019 14:45
194536,USB-C Charging Cable,1,5/19/2019 10:19
194537,USB-C Charging Cable,2,5/21/2019 18:44
194538,Wired Headphones,1,5/28/2019 23:56
194539,Apple Airpods Headphones,1,5/15/2019 4:38
194540,USB-C Charging Cable,1,5/8/2019 10:20
194541,ThinkPad Laptop,1,5/7/2019 19:44
194542,Bose SoundSport Headphones,1,5/24/2019 15:44
194543,Wired Headphones,1,5/4/2019 20:46
194544,20in Monitor,1,5/12/2019 11:14
194545,Wired Headphones,1,5/23/2019 11:35
194546,Apple Airpods Headphones,1,5/25/2019 11:57
194547,USB-C Charging Cable,1,5/26/2019 15:01
194548,AAA Batteries (4-pack),1,5/25/2019 1:49
194549,AA Batteries (4-pack),1,5/26/2019 7:17
194550,Bose SoundSport Headphones,1,5/5/2019 0:19
194551,USB-C Charging Cable,1,5/24/2019 13:51
194552,Vareebadd Phone,1,5/14/2019 15:25
194553,Flatscreen TV,1,5/31/2019 13:16
194554,AA Batteries (4-pack),1,5/17/2019 15:03
194555,LG Washing Machine,1,5/6/2019 10:31
194556,Flatscreen TV,1,5/15/2019 0:05
194557,AA Batteries (4-pack),1,5/28/2019 7:03
194558,27in FHD Monitor,1,5/10/2019 11:54
194559,ThinkPad Laptop,1,5/22/2019 19:38
194560,USB-C Charging Cable,1,5/19/2019 10:08
194561,Bose SoundSport Headphones,1,5/31/2019 13:05
194562,USB-C Charging Cable,2,5/20/2019 12:24
194563,27in 4K Gaming Monitor,1,5/1/2019 20:50
194564,AA Batteries (4-pack),1,5/27/2019 9:58
194565,Wired Headphones,1,5/8/2019 19:58
194566,Google Phone,1,5/2/2019 18:12
194566,Bose SoundSport Headphones,1,5/2/2019 18:12
194567,Apple Airpods Headphones,1,5/9/2019 10:03
194568,Apple Airpods Headphones,1,5/10/2019 23:12
194569,Macbook Pro Laptop,1,5/12/2019 21:08
194570,Lightning Charging Cable,1,5/8/2019 12:23
194571,AAA Batteries (4-pack),1,5/22/2019 12:34
194572,Macbook Pro Laptop,1,5/18/2019 12:07
194573,ThinkPad Laptop,1,5/21/2019 21:42
194574,Vareebadd Phone,1,5/26/2019 9:32
194575,AA Batteries (4-pack),2,5/10/2019 11:24
194575,AAA Batteries (4-pack),2,5/10/2019 11:24
194576,34in Ultrawide Monitor,1,5/26/2019 20:54
194577,AA Batteries (4-pack),1,5/2/2019 20:19
194578,Lightning Charging Cable,1,5/9/2019 17:57
194579,Bose SoundSport Headphones,1,5/26/2019 15:50
194580,AAA Batteries (4-pack),3,5/28/2019 8:13
194581,Lightning Charging Cable,1,5/10/2019 14:31
194582,AA Batteries (4-pack),1,5/1/2019 10:22
194583,Lightning Charging Cable,1,5/15/2019 11:50
194584,Bose SoundSport Headphones,1,5/2/2019 18:26
194585,20in Monitor,1,5/12/2019 20:29
194586,AA Batteries (4-pack),2,5/25/2019 20:57
194587,AAA Batteries (4-pack),1,5/26/2019 17:26
,,,
194588,ThinkPad Laptop,1,5/27/2019 7:57
194588,AAA Batteries (4-pack),2,5/27/2019 7:57
194589,AAA Batteries (4-pack),1,5/12/2019 1:48
194590,USB-C Charging Cable,2,5/25/2019 12:42
194591,Bose SoundSport Headphones,1,5/19/2019 19:30
194592,AAA Batteries (4-pack),1,5/8/2019 23:17
194593,AAA Batteries (4-pack),1,5/30/2019 12:37
194594,iPhone,1,5/8/2019 14:34
194595,AAA Batteries (4-pack),1,5/29/2019 15:42
194596,AAA Batteries (4-pack),1,5/30/2019 20:54
194597,Macbook Pro Laptop,1,5/20/2019 13:17
194598,AAA Batteries (4-pack),3,5/29/2019 21:14
194599,27in 4K Gaming Monitor,1,5/11/2019 20:44
194600,Lightning Charging Cable,1,5/22/2019 11:57
194600,27in FHD Monitor,1,5/22/2019 11:57
194601,Wired Headphones,1,5/31/2019 19:28
194602,27in FHD Monitor,1,5/5/2019 16:37
194603,Lightning Charging Cable,1,5/28/2019 21:28
194604,27in 4K Gaming Monitor,1,5/22/2019 13:00
194605,USB-C Charging Cable,1,5/5/2019 20:49
194606,AA Batteries (4-pack),1,5/31/2019 17:01
194607,Bose SoundSport Headphones,1,5/16/2019 22:26
194608,Lightning Charging Cable,1,5/22/2019 23:35
194609,Lightning Charging Cable,1,5/13/2019 5:47
194610,34in Ultrawide Monitor,1,5/22/2019 13:45
194611,Wired Headphones,1,5/2/2019 4:46
194612,Bose SoundSport Headphones,1,5/30/2019 11:35
194613,Apple Airpods Headphones,1,5/27/2019 23:58
194614,AAA Batteries (4-pack),2,5/31/2019 17:23
194615,Lightning Charging Cable,1,5/26/2019 0:51
194616,Google Phone,1,5/15/2019 22:48
194617,Flatscreen TV,1,5/30/2019 16:39
194618,27in FHD Monitor,1,5/3/2019 18:48
194619,Wired Headphones,1,5/30/2019 18:36
194620,Lightning Charging Cable,1,5/1/2019 12:16
194621,AA Batteries (4-pack),1,5/7/2019 20:39
194622,AAA Batteries (4-pack),3,5/4/2019 20:19
194623,Apple Airpods Headphones,1,5/14/2019 13:54
194624,Bose SoundSport Headphones,1,5/16/2019 10:54
194625,Lightning Charging Cable,1,5/9/2019 21:26
194626,AAA Batteries (4-pack),1,5/6/2019 19:29
194627,Bose SoundSport Headphones,1,5/24/2019 21:06
194628,AA Batteries (4-pack),1,5/2/2019 18:16
194629,AA Batteries (4-pack),3,5/18/2019 22:22
194630,Bose SoundSport Headphones,1,5/10/2019 19:29
194631,Bose SoundSport Headphones,1,5/19/2019 21:38
194632,USB-C Charging Cable,1,5/14/2019 21:03
194633,AA Batteries (4-pack),1,5/17/2019 19:00
194634,Bose SoundSport Headphones,1,5/14/2019 13:18
194635,AA Batteries (4-pack),2,5/5/2019 10:04
194636,AAA Batteries (4-pack),1,5/4/2019 11:42
194637,USB-C Charging Cable,1,5/16/2019 9:15
194638,AA Batteries (4-pack),1,5/8/2019 19:03
194639,Google Phone,1,5/4/2019 13:25
194640,ThinkPad Laptop,1,5/4/2019 1:05
194641,Lightning Charging Cable,1,5/28/2019 20:33
194642,Lightning Charging Cable,1,5/6/2019 13:29
194643,34in Ultrawide Monitor,1,5/8/2019 1:03
194644,Google Phone,1,5/17/2019 20:58
194645,AA Batteries (4-pack),1,5/22/2019 11:40
194646,AAA Batteries (4-pack),1,5/8/2019 11:42
194647,Wired Headphones,1,5/8/2019 17:38
194648,AA Batteries (4-pack),1,5/31/2019 20:15
194649,Bose SoundSport Headphones,1,5/12/2019 13:31
194650,Wired Headphones,1,5/10/2019 13:21
194651,Macbook Pro Laptop,1,5/7/2019 14:46
194652,AAA Batteries (4-pack),4,5/25/2019 12:19
194653,Apple Airpods Headphones,1,5/27/2019 7:42
194654,iPhone,1,5/5/2019 2:28
194655,Apple Airpods Headphones,2,5/11/2019 19:19
194656,Wired Headphones,1,5/15/2019 14:32
194657,ThinkPad Laptop,1,5/25/2019 8:51
194658,Google Phone,1,5/6/2019 14:32
194659,Apple Airpods Headphones,1,5/7/2019 15:02
194660,AAA Batteries (4-pack),1,5/14/2019 14:59
194661,Apple Airpods Headphones,1,5/18/2019 21:04
194662,USB-C Charging Cable,1,5/6/2019 21:44
194663,AAA Batteries (4-pack),2,5/17/2019 17:32
194664,USB-C Charging Cable,1,5/22/2019 8:03
194665,AA Batteries (4-pack),1,5/10/2019 20:15
194666,AAA Batteries (4-pack),4,5/14/2019 8:53
194667,27in FHD Monitor,1,5/17/2019 19:06
194668,AA Batteries (4-pack),1,5/7/2019 21:04
194669,34in Ultrawide Monitor,1,5/16/2019 18:01
194670,AA Batteries (4-pack),1,5/20/2019 10:49
194671,Macbook Pro Laptop,1,5/9/2019 11:36
194672,Macbook Pro Laptop,1,5/18/2019 7:01
194673,LG Washing Machine,1,5/12/2019 12:50
194674,Lightning Charging Cable,1,5/16/2019 8:29
194675,AA Batteries (4-pack),1,5/14/2019 21:13
194676,AAA Batteries (4-pack),1,5/27/2019 17:15
194677,Bose SoundSport Headphones,1,5/24/2019 10:16
194678,Lightning Charging Cable,1,5/4/2019 21:00
194679,AA Batteries (4-pack),1,5/23/2019 14:28
194680,Lightning Charging Cable,1,5/16/2019 22:45
194681,Google Phone,1,5/14/2019 19:16
194682,AAA Batteries (4-pack),4,5/25/2019 21:45
194683,AA Batteries (4-pack),2,5/25/2019 16:04
194684,AA Batteries (4-pack),1,5/21/2019 9:10
194685,27in 4K Gaming Monitor,1,5/9/2019 1:17
194686,Lightning Charging Cable,1,5/21/2019 12:24
194687,Apple Airpods Headphones,1,5/6/2019 10:16
194688,Macbook Pro Laptop,1,5/28/2019 11:16
194689,Lightning Charging Cable,1,5/18/2019 22:00
194690,Wired Headphones,1,5/9/2019 19:40
194691,Google Phone,1,5/1/2019 14:22
194692,AAA Batteries (4-pack),1,5/20/2019 16:12
194693,USB-C Charging Cable,1,5/3/2019 18:49
194694,USB-C Charging Cable,1,5/20/2019 23:32
194695,Wired Headphones,1,5/8/2019 12:38
194696,Lightning Charging Cable,1,5/15/2019 22:23
194697,Apple Airpods Headphones,1,5/11/2019 14:52
194698,Macbook Pro Laptop,1,5/9/2019 14:20
194699,20in Monitor,1,5/9/2019 15:36
194700,AA Batteries (4-pack),2,5/19/2019 12:22
194701,Google Phone,1,5/17/2019 22:35
194702,Wired Headphones,1,5/16/2019 6:59
194703,AAA Batteries (4-pack),2,5/28/2019 19:20
194704,USB-C Charging Cable,1,5/6/2019 23:24
194705,AAA Batteries (4-pack),2,5/15/2019 18:24
194706,Apple Airpods Headphones,1,5/26/2019 16:22
194707,Bose SoundSport Headphones,1,5/7/2019 19:20
194708,AAA Batteries (4-pack),1,5/31/2019 18:47
194709,27in 4K Gaming Monitor,1,5/6/2019 11:08
194710,AA Batteries (4-pack),1,5/20/2019 18:18
194710,Wired Headphones,1,5/20/2019 18:18
194711,Bose SoundSport Headphones,1,5/4/2019 20:50
194712,AAA Batteries (4-pack),1,5/19/2019 19:27
194713,Wired Headphones,1,5/30/2019 17:35
194714,Wired Headphones,1,5/7/2019 14:45
194715,AAA Batteries (4-pack),1,5/29/2019 12:20
194716,Lightning Charging Cable,1,5/20/2019 8:34
194717,AA Batteries (4-pack),2,5/21/2019 15:55
194718,AAA Batteries (4-pack),1,5/19/2019 9:15
194719,Apple Airpods Headphones,1,5/21/2019 15:02
194720,AAA Batteries (4-pack),3,5/3/2019 5:42
194721,AAA Batteries (4-pack),1,5/22/2019 18:44
194722,iPhone,1,5/29/2019 14:46
194723,Lightning Charging Cable,1,5/21/2019 11:59
194724,Wired Headphones,1,5/26/2019 16:32
194725,27in 4K Gaming Monitor,1,5/16/2019 11:50
194726,AA Batteries (4-pack),1,5/9/2019 14:00
194727,Bose SoundSport Headphones,1,5/17/2019 11:19
194728,AAA Batteries (4-pack),1,5/9/2019 15:05
194729,Wired Headphones,1,5/6/2019 18:30
194730,27in 4K Gaming Monitor,1,5/25/2019 14:19
194731,Wired Headphones,1,5/9/2019 21:25
194731,AAA Batteries (4-pack),1,5/9/2019 21:25
194732,20in Monitor,1,5/18/2019 18:12
194733,20in Monitor,1,5/11/2019 21:12
194734,Lightning Charging Cable,1,5/16/2019 21:17
194735,AA Batteries (4-pack),1,5/14/2019 22:20
194736,AAA Batteries (4-pack),2,5/24/2019 20:04
194737,Apple Airpods Headphones,1,5/24/2019 8:05
194738,Apple Airpods Headphones,1,5/24/2019 13:54
194739,Flatscreen TV,1,5/17/2019 13:59
194740,Apple Airpods Headphones,1,5/22/2019 22:07
194741,USB-C Charging Cable,1,5/12/2019 8:44
194742,AA Batteries (4-pack),1,5/17/2019 1:20
194743,Lightning Charging Cable,1,5/12/2019 0:25
194744,Lightning Charging Cable,1,5/1/2019 21:34
194745,34in Ultrawide Monitor,1,5/28/2019 16:59
194746,AA Batteries (4-pack),1,5/19/2019 8:59
194747,Lightning Charging Cable,1,5/24/2019 17:19
194748,Bose SoundSport Headphones,1,5/21/2019 18:31
194749,Wired Headphones,1,5/31/2019 22:24
194749,Lightning Charging Cable,1,5/31/2019 22:24
194750,Wired Headphones,1,5/4/2019 14:20
194751,20in Monitor,1,5/30/2019 14:44
194752,Wired Headphones,1,5/4/2019 20:36
194753,Wired Headphones,1,5/20/2019 16:06
194754,Bose SoundSport Headphones,1,5/26/2019 17:18
194754,34in Ultrawide Monitor,1,5/26/2019 17:18
194755,Vareebadd Phone,1,5/8/2019 12:44
194756,27in FHD Monitor,1,5/31/2019 10:20
194757,AAA Batteries (4-pack),1,5/29/2019 23:03
194758,Apple Airpods Headphones,1,5/15/2019 23:20
194759,27in FHD Monitor,1,5/27/2019 18:49
194760,34in Ultrawide Monitor,1,5/4/2019 16:36
194761,USB-C Charging Cable,1,5/17/2019 18:38
194762,20in Monitor,1,5/20/2019 17:20
194762,AAA Batteries (4-pack),1,5/20/2019 17:20
194763,27in FHD Monitor,1,5/25/2019 18:58
194764,Apple Airpods Headphones,1,5/24/2019 8:30
194765,27in 4K Gaming Monitor,1,5/10/2019 12:12
194766,AA Batteries (4-pack),1,5/15/2019 16:49
194767,Lightning Charging Cable,1,5/5/2019 14:02
194768,AA Batteries (4-pack),2,5/25/2019 20:14
194769,Apple Airpods Headphones,1,5/24/2019 16:00
194770,USB-C Charging Cable,1,5/10/2019 10:50
194771,Apple Airpods Headphones,1,5/19/2019 12:09
194772,34in Ultrawide Monitor,1,5/4/2019 12:14
194773,27in 4K Gaming Monitor,1,5/21/2019 18:23
194774,Vareebadd Phone,1,5/30/2019 17:37
194774,27in FHD Monitor,2,5/30/2019 17:37
194775,27in 4K Gaming Monitor,1,5/30/2019 19:48
194776,iPhone,1,5/16/2019 18:55
194777,Wired Headphones,1,5/21/2019 11:56
194778,Wired Headphones,1,5/20/2019 19:36
194779,AAA Batteries (4-pack),2,5/27/2019 8:29
194780,Google Phone,1,5/29/2019 12:26
194780,Wired Headphones,1,5/29/2019 12:26
194781,AA Batteries (4-pack),1,5/25/2019 7:38
194782,USB-C Charging Cable,1,5/10/2019 11:09
194783,Bose SoundSport Headphones,1,5/27/2019 18:49
194784,Apple Airpods Headphones,1,5/8/2019 14:34
194785,Lightning Charging Cable,1,5/11/2019 14:24
194786,Apple Airpods Headphones,1,5/17/2019 19:58
194786,27in 4K Gaming Monitor,1,5/17/2019 19:58
194787,Lightning Charging Cable,1,5/12/2019 12:12
194788,Apple Airpods Headphones,1,5/11/2019 13:45
194789,Macbook Pro Laptop,1,5/10/2019 17:39
194790,AA Batteries (4-pack),1,5/1/2019 20:26
194791,Wired Headphones,1,5/9/2019 13:09
194791,20in Monitor,1,5/9/2019 13:09
194792,Wired Headphones,1,5/1/2019 21:44
194793,Lightning Charging Cable,1,5/29/2019 19:02
194794,AA Batteries (4-pack),4,5/30/2019 19:17
194795,Bose SoundSport Headphones,1,5/28/2019 10:24
194796,Apple Airpods Headphones,1,5/6/2019 12:56
194797,AA Batteries (4-pack),1,5/13/2019 13:19
194798,27in FHD Monitor,1,5/22/2019 22:41
194799,20in Monitor,1,5/30/2019 8:05
194800,Macbook Pro Laptop,1,5/25/2019 21:26
194801,AA Batteries (4-pack),1,5/16/2019 7:27
194802,Vareebadd Phone,1,5/2/2019 12:57
194803,AA Batteries (4-pack),1,5/16/2019 13:43
194804,AAA Batteries (4-pack),3,5/13/2019 11:16
194805,27in FHD Monitor,1,5/20/2019 22:09
194806,Wired Headphones,1,5/11/2019 2:21
194807,Lightning Charging Cable,1,5/17/2019 17:02
194808,Bose SoundSport Headphones,1,5/8/2019 15:13
194809,Wired Headphones,1,5/3/2019 17:13
194810,Lightning Charging Cable,1,5/26/2019 17:22
194811,Flatscreen TV,1,5/20/2019 6:17
194812,AA Batteries (4-pack),1,5/27/2019 19:47
194813,USB-C Charging Cable,1,5/7/2019 22:58
194814,Wired Headphones,1,5/9/2019 21:23
194815,AA Batteries (4-pack),4,5/23/2019 14:27
194815,USB-C Charging Cable,1,5/23/2019 14:27
194816,Apple Airpods Headphones,1,5/18/2019 7:46
194817,USB-C Charging Cable,1,5/24/2019 13:14
194818,AA Batteries (4-pack),1,5/22/2019 19:51
194819,USB-C Charging Cable,1,5/3/2019 7:15
194820,Flatscreen TV,1,5/5/2019 10:18
194821,AA Batteries (4-pack),1,5/8/2019 21:18
194822,Wired Headphones,1,5/6/2019 23:05
194823,iPhone,1,5/13/2019 8:54
194823,Lightning Charging Cable,1,5/13/2019 8:54
194824,AA Batteries (4-pack),1,5/18/2019 8:54
194825,27in FHD Monitor,1,5/11/2019 13:39
194826,Lightning Charging Cable,1,5/29/2019 14:05
194827,USB-C Charging Cable,1,5/29/2019 16:25
194828,ThinkPad Laptop,1,5/11/2019 19:13
194829,USB-C Charging Cable,1,5/30/2019 8:56
194830,AA Batteries (4-pack),1,5/10/2019 17:32
194831,Lightning Charging Cable,1,5/16/2019 13:00
194832,Lightning Charging Cable,1,5/14/2019 22:50
194833,ThinkPad Laptop,1,5/24/2019 18:31
194834,AA Batteries (4-pack),1,5/1/2019 8:21
194835,Flatscreen TV,1,5/21/2019 11:07
194836,AAA Batteries (4-pack),3,5/24/2019 17:15
194837,Flatscreen TV,1,5/14/2019 11:31
194838,Wired Headphones,1,5/22/2019 20:48
194839,27in 4K Gaming Monitor,1,5/5/2019 1:01
194840,Google Phone,1,5/4/2019 21:39
194840,Wired Headphones,1,5/4/2019 21:39
194841,AAA Batteries (4-pack),1,5/27/2019 7:06
194842,Wired Headphones,1,5/14/2019 9:47
194843,USB-C Charging Cable,1,5/10/2019 8:17
194844,USB-C Charging Cable,1,5/30/2019 16:12
194845,Macbook Pro Laptop,1,5/26/2019 20:38
194846,AAA Batteries (4-pack),1,5/27/2019 8:26
194847,USB-C Charging Cable,1,5/29/2019 12:49
194848,iPhone,1,5/14/2019 14:56
194849,AA Batteries (4-pack),1,5/23/2019 8:13
194850,AA Batteries (4-pack),1,5/26/2019 12:34
194851,Wired Headphones,2,5/5/2019 12:30
194852,AAA Batteries (4-pack),2,5/14/2019 8:36
194853,Bose SoundSport Headphones,1,5/18/2019 13:42
194854,Google Phone,1,5/27/2019 19:42
194854,Wired Headphones,1,5/27/2019 19:42
194855,Lightning Charging Cable,1,5/22/2019 18:23
194856,USB-C Charging Cable,2,5/11/2019 21:26
194857,Wired Headphones,1,5/19/2019 17:47
194858,iPhone,1,5/12/2019 9:17
194859,34in Ultrawide Monitor,1,5/23/2019 9:37
194860,USB-C Charging Cable,1,5/13/2019 23:22
194861,ThinkPad Laptop,1,5/12/2019 11:19
194862,Vareebadd Phone,1,5/19/2019 9:01
194863,USB-C Charging Cable,1,5/6/2019 20:31
194864,USB-C Charging Cable,1,5/28/2019 19:48
194865,USB-C Charging Cable,1,5/28/2019 16:55
194866,Apple Airpods Headphones,1,5/8/2019 14:29
194867,ThinkPad Laptop,1,5/11/2019 11:36
194868,AAA Batteries (4-pack),3,5/14/2019 16:43
194869,USB-C Charging Cable,1,5/28/2019 12:31
194870,20in Monitor,1,5/20/2019 19:14
194871,27in 4K Gaming Monitor,1,5/11/2019 21:44
194872,Wired Headphones,1,5/18/2019 10:03
194873,LG Washing Machine,1,5/29/2019 13:44
194874,AAA Batteries (4-pack),1,5/14/2019 17:24
194875,27in 4K Gaming Monitor,1,5/7/2019 14:23
194876,USB-C Charging Cable,1,5/22/2019 13:26
194877,USB-C Charging Cable,1,5/20/2019 11:50
194878,Lightning Charging Cable,1,5/24/2019 19:45
194879,Bose SoundSport Headphones,1,5/11/2019 20:00
194880,Lightning Charging Cable,1,5/24/2019 15:00
194881,AAA Batteries (4-pack),1,5/18/2019 17:22
194882,Wired Headphones,2,5/18/2019 6:52
194883,USB-C Charging Cable,1,5/15/2019 13:04
194884,USB-C Charging Cable,1,5/17/2019 14:02
194885,Apple Airpods Headphones,1,5/6/2019 10:01
194886,Apple Airpods Headphones,1,5/7/2019 8:26
194887,AAA Batteries (4-pack),5,5/16/2019 15:07
194888,iPhone,1,5/1/2019 19:39
,,,
194889,Macbook Pro Laptop,1,5/11/2019 12:53
194890,Lightning Charging Cable,1,5/15/2019 20:52
194891,Wired Headphones,1,5/4/2019 22:09
194892,Apple Airpods Headphones,1,5/18/2019 1:25
194893,USB-C Charging Cable,1,5/13/2019 18:41
194894,iPhone,1,5/15/2019 15:20
194894,Lightning Charging Cable,1,5/15/2019 15:20
194895,Vareebadd Phone,1,5/1/2019 14:53
194896,Apple Airpods Headphones,1,5/13/2019 14:02
194897,AA Batteries (4-pack),1,5/3/2019 14:58
194898,AA Batteries (4-pack),1,5/24/2019 18:16
194899,Bose SoundSport Headphones,1,5/14/2019 10:29
194900,27in 4K Gaming Monitor,1,5/18/2019 12:27
194901,AA Batteries (4-pack),1,5/28/2019 19:21
194902,USB-C Charging Cable,1,5/27/2019 17:19
194903,USB-C Charging Cable,1,5/29/2019 20:27
194904,AA Batteries (4-pack),1,5/8/2019 15:04
194905,Wired Headphones,1,5/4/2019 22:59
194906,AA Batteries (4-pack),2,5/27/2019 20:57
194907,Google Phone,1,5/30/2019 0:22
194908,Flatscreen TV,1,5/31/2019 17:25
194909,iPhone,1,5/14/2019 18:17
194909,Lightning Charging Cable,1,5/14/2019 18:17
194910,Apple Airpods Headphones,1,5/2/2019 20:53
194911,iPhone,1,5/13/2019 14:38
194912,AAA Batteries (4-pack),1,5/22/2019 18:36
194913,Bose SoundSport Headphones,1,5/26/2019 12:18
194914,27in 4K Gaming Monitor,1,5/1/2019 18:22
194915,AA Batteries (4-pack),1,5/19/2019 16:32
194916,34in Ultrawide Monitor,1,5/30/2019 17:41
194917,LG Dryer,1,5/22/2019 20:22
194918,AAA Batteries (4-pack),2,5/18/2019 20:54
194919,Apple Airpods Headphones,1,5/24/2019 20:12
194920,AAA Batteries (4-pack),1,5/10/2019 14:11
194921,ThinkPad Laptop,1,5/10/2019 0:04
194922,Wired Headphones,1,5/3/2019 12:57
194923,Google Phone,1,5/30/2019 14:43
194924,Bose SoundSport Headphones,1,5/16/2019 10:58
194925,AA Batteries (4-pack),1,5/9/2019 12:16
194926,Bose SoundSport Headphones,1,5/28/2019 11:57
194927,Wired Headphones,1,5/22/2019 11:22
194927,AAA Batteries (4-pack),1,5/22/2019 11:22
194928,Lightning Charging Cable,1,5/9/2019 6:13
194929,iPhone,1,5/27/2019 22:04
194930,Wired Headphones,1,5/31/2019 22:51
194931,AAA Batteries (4-pack),1,5/7/2019 12:00
194932,20in Monitor,1,5/22/2019 18:13
194933,Flatscreen TV,1,5/5/2019 16:00
194934,Macbook Pro Laptop,1,5/12/2019 12:13
194935,iPhone,1,5/4/2019 10:00
194935,Lightning Charging Cable,1,5/4/2019 10:00
194936,34in Ultrawide Monitor,1,5/2/2019 17:33
194937,Apple Airpods Headphones,1,5/28/2019 7:11
194938,Apple Airpods Headphones,1,5/9/2019 16:35
194939,Wired Headphones,1,5/14/2019 18:03
194940,AA Batteries (4-pack),2,5/1/2019 14:37
194941,20in Monitor,1,5/29/2019 2:02
194942,Vareebadd Phone,1,5/22/2019 17:20
194943,27in 4K Gaming Monitor,1,5/6/2019 16:14
194944,Apple Airpods Headphones,1,5/19/2019 12:36
194945,Wired Headphones,1,5/2/2019 18:48
194946,USB-C Charging Cable,1,5/13/2019 20:52
194947,Apple Airpods Headphones,1,5/15/2019 15:44
194948,Wired Headphones,1,5/8/2019 22:22
194949,AAA Batteries (4-pack),3,5/25/2019 11:05
194950,27in 4K Gaming Monitor,1,5/13/2019 21:19
194951,Lightning Charging Cable,1,5/24/2019 20:02
194952,AAA Batteries (4-pack),1,5/15/2019 10:37
194953,AA Batteries (4-pack),2,5/16/2019 17:30
194954,Wired Headphones,1,5/1/2019 14:02
194955,AAA Batteries (4-pack),2,5/8/2019 14:26
194956,AA Batteries (4-pack),1,5/21/2019 14:07
194957,AA Batteries (4-pack),1,5/14/2019 11:53
194958,AA Batteries (4-pack),1,5/18/2019 20:17
194959,Apple Airpods Headphones,1,5/20/2019 11:20
194960,Lightning Charging Cable,1,5/13/2019 10:39
194961,AAA Batteries (4-pack),1,5/16/2019 19:53
194962,AA Batteries (4-pack),2,5/24/2019 11:05
194963,Lightning Charging Cable,1,5/18/2019 9:40
194964,Flatscreen TV,1,5/8/2019 18:39
194965,USB-C Charging Cable,1,5/21/2019 15:10
194966,AA Batteries (4-pack),1,5/1/2019 13:45
194967,USB-C Charging Cable,1,5/8/2019 8:52
194968,Apple Airpods Headphones,1,5/9/2019 19:31
194969,Lightning Charging Cable,1,5/22/2019 12:41
194970,USB-C Charging Cable,1,5/17/2019 20:49
194971,Macbook Pro Laptop,1,5/20/2019 7:17
194972,AA Batteries (4-pack),2,5/19/2019 20:21
194973,Vareebadd Phone,1,5/16/2019 19:18
194974,AA Batteries (4-pack),1,5/12/2019 18:43
194974,Apple Airpods Headphones,1,5/12/2019 18:43
194975,AA Batteries (4-pack),1,5/23/2019 0:54
194976,AAA Batteries (4-pack),1,5/26/2019 22:04
194977,Bose SoundSport Headphones,1,5/21/2019 19:34
194978,Wired Headphones,1,5/14/2019 15:40
194979,USB-C Charging Cable,1,5/29/2019 12:13
194980,AA Batteries (4-pack),2,5/29/2019 13:09
194981,Lightning Charging Cable,1,5/21/2019 11:39
194982,LG Washing Machine,1,5/16/2019 13:09
194983,LG Dryer,1,5/8/2019 9:51
194984,27in 4K Gaming Monitor,1,5/9/2019 5:52
194985,Lightning Charging Cable,2,5/16/2019 10:44
194986,Apple Airpods Headphones,1,5/26/2019 0:26
194987,AAA Batteries (4-pack),1,5/22/2019 12:45
194988,Lightning Charging Cable,1,5/30/2019 16:29
194989,Bose SoundSport Headphones,1,5/17/2019 1:19
194990,AA Batteries (4-pack),1,5/6/2019 19:39
194991,34in Ultrawide Monitor,1,5/26/2019 12:19
194992,Bose SoundSport Headphones,1,5/21/2019 20:33
194993,Lightning Charging Cable,1,5/29/2019 13:39
194994,Lightning Charging Cable,1,5/11/2019 13:18
194995,USB-C Charging Cable,1,5/8/2019 21:38
194996,AAA Batteries (4-pack),1,5/17/2019 10:15
194997,AAA Batteries (4-pack),2,5/28/2019 5:42
194998,34in Ultrawide Monitor,1,5/30/2019 11:43
194999,AA Batteries (4-pack),1,5/15/2019 10:14
195000,AA Batteries (4-pack),1,5/29/2019 20:33
195001,Lightning Charging Cable,1,5/12/2019 13:08
195002,USB-C Charging Cable,2,5/4/2019 12:49
195003,AA Batteries (4-pack),1,5/17/2019 16:39
195004,iPhone,1,5/28/2019 11:54
195005,Vareebadd Phone,1,5/8/2019 5:32
195005,Wired Headphones,1,5/8/2019 5:32
195006,USB-C Charging Cable,1,5/7/2019 17:23
Order ID,Product,Quantity Ordered,Order Date
195007,iPhone,1,5/14/2019 8:45
195008,iPhone,1,5/9/2019 10:29
195009,Bose SoundSport Headphones,1,5/5/2019 7:54
195010,USB-C Charging Cable,2,5/5/2019 22:29
195011,Wired Headphones,1,5/13/2019 13:43
195012,Bose SoundSport Headphones,1,5/15/2019 16:53
195013,USB-C Charging Cable,1,5/17/2019 10:26
195014,Flatscreen TV,1,5/27/2019 13:47
Order ID,Product,Quantity Ordered,Order Date
195015,Lightning Charging Cable,1,5/6/2019 10:28
Order ID,Product,Quantity Ordered,Order Date
195016,Lightning Charging Cable,1,5/1/2019 22:29
195017,AAA Batteries (4-pack),2,5/14/2019 7:16
195018,AAA Batteries (4-pack),1,5/8/2019 11:22
195019,27in FHD Monitor,1,5/6/2019 12:18
195019,Lightning Charging Cable,1,5/6/2019 12:18
195020,USB-C Charging Cable,1,5/15/2019 19:32
195021,Apple Airpods Headphones,1,5/31/2019 22:42
195022,AA Batteries (4-pack),1,5/23/2019 19:54
195023,27in FHD Monitor,1,5/19/2019 19:07
195024,AAA Batteries (4-pack),3,5/24/2019 14:44
195025,Wired Headphones,1,5/26/2019 12:29
195026,Apple Airpods Headphones,1,5/5/2019 12:08
195027,Google Phone,1,5/15/2019 21:05
195028,20in Monitor,1,5/7/2019 20:19
195029,Lightning Charging Cable,1,5/4/2019 10:42
195030,Wired Headphones,1,5/25/2019 12:45
195031,34in Ultrawide Monitor,1,5/21/2019 8:26
195032,USB-C Charging Cable,1,5/9/2019 23:41
195033,Lightning Charging Cable,1,5/4/2019 15:35
195034,Wired Headphones,1,5/30/2019 8:46
195035,27in FHD Monitor,1,5/26/2019 11:16
195036,Apple Airpods Headphones,1,5/23/2019 21:40
195037,AAA Batteries (4-pack),1,5/26/2019 19:15
195038,AAA Batteries (4-pack),2,5/19/2019 19:14
195039,AA Batteries (4-pack),2,5/18/2019 7:56
195040,AAA Batteries (4-pack),1,5/14/2019 8:48
195041,AAA Batteries (4-pack),1,5/7/2019 18:31
195042,AAA Batteries (4-pack),1,5/13/2019 20:02
195043,34in Ultrawide Monitor,1,5/2/2019 10:29
195044,Wired Headphones,1,5/23/2019 13:54
195045,Wired Headphones,1,5/24/2019 2:22
195045,Wired Headphones,1,5/24/2019 2:22
195046,AAA Batteries (4-pack),2,5/29/2019 14:04
195047,AA Batteries (4-pack),2,5/12/2019 21:18
195048,AA Batteries (4-pack),1,5/19/2019 18:01
195049,Wired Headphones,1,5/8/2019 13:36
195050,Wired Headphones,1,5/8/2019 8:44
195051,AAA Batteries (4-pack),3,5/14/2019 20:20
195052,AAA Batteries (4-pack),2,5/17/2019 15:20
195053,Flatscreen TV,1,5/22/2019 22:24
195054,AAA Batteries (4-pack),1,5/12/2019 20:22
195055,AA Batteries (4-pack),1,5/17/2019 22:23
195056,Lightning Charging Cable,1,5/17/2019 11:54
195057,AAA Batteries (4-pack),2,5/21/2019 9:46
195058,USB-C Charging Cable,1,5/28/2019 16:09
195059,Wired Headphones,2,5/27/2019 18:25
195059,27in FHD Monitor,1,5/27/2019 18:25
195060,USB-C Charging Cable,2,5/31/2019 14:39
195061,27in FHD Monitor,1,5/16/2019 9:39
195062,Google Phone,1,5/2/2019 17:03
195063,Apple Airpods Headphones,1,5/7/2019 21:33
195064,USB-C Charging Cable,1,5/18/2019 23:46
195065,Lightning Charging Cable,1,5/8/2019 14:31
195066,iPhone,1,5/16/2019 11:01
195066,Lightning Charging Cable,1,5/16/2019 11:01
195067,USB-C Charging Cable,1,5/20/2019 14:42
195068,USB-C Charging Cable,1,5/1/2019 14:28
195069,Bose SoundSport Headphones,1,5/17/2019 18:53
195070,Apple Airpods Headphones,1,5/3/2019 23:27
195071,ThinkPad Laptop,1,5/20/2019 17:04
195072,AAA Batteries (4-pack),1,5/22/2019 7:43
195073,ThinkPad Laptop,1,5/7/2019 11:32
195074,Apple Airpods Headphones,1,5/23/2019 10:03
195075,Vareebadd Phone,1,5/13/2019 10:43
195076,20in Monitor,1,5/2/2019 17:38
195077,20in Monitor,1,5/10/2019 20:16
195078,Flatscreen TV,1,5/25/2019 22:08
195079,USB-C Charging Cable,1,5/29/2019 22:06
195080,AAA Batteries (4-pack),1,5/14/2019 11:17
195081,27in FHD Monitor,1,5/13/2019 10:00
195082,Apple Airpods Headphones,1,5/25/2019 12:50
195083,Lightning Charging Cable,1,5/28/2019 18:39
195084,AA Batteries (4-pack),1,5/2/2019 7:36
195085,Flatscreen TV,1,5/5/2019 9:15
195086,Wired Headphones,1,5/7/2019 16:11
195087,Lightning Charging Cable,1,5/18/2019 8:16
195088,Bose SoundSport Headphones,1,5/6/2019 17:49
195089,Flatscreen TV,1,5/28/2019 21:53
195090,USB-C Charging Cable,1,5/6/2019 1:53
195091,Apple Airpods Headphones,2,5/15/2019 17:44
195092,Bose SoundSport Headphones,1,5/6/2019 8:43
195093,Google Phone,1,5/7/2019 9:29
195094,Macbook Pro Laptop,1,5/5/2019 6:01
195095,Wired Headphones,1,5/5/2019 16:07
195096,Bose SoundSport Headphones,1,5/27/2019 11:45
195097,iPhone,1,5/23/2019 8:52
195097,Lightning Charging Cable,1,5/23/2019 8:52
195097,Apple Airpods Headphones,1,5/23/2019 8:52
195098,AAA Batteries (4-pack),1,5/21/2019 14:35
195099,iPhone,1,5/30/2019 18:51
195100,Google Phone,1,5/22/2019 21:20
195101,Google Phone,1,5/17/2019 21:16
195102,USB-C Charging Cable,2,5/14/2019 7:33
195103,AA Batteries (4-pack),1,5/29/2019 22:59
195104,iPhone,1,5/7/2019 20:29
195104,Lightning Charging Cable,1,5/7/2019 20:29
195105,Apple Airpods Headphones,1,5/16/2019 13:07
195106,Apple Airpods Headphones,1,5/31/2019 20:54
195107,AAA Batteries (4-pack),1,5/15/2019 19:38
195108,Apple Airpods Headphones,1,5/12/2019 17:52
195109,Bose SoundSport Headphones,1,5/31/2019 17:32
195110,27in 4K Gaming Monitor,1,5/21/2019 13:18
195111,34in Ultrawide Monitor,1,5/25/2019 8:05
195112,Wired Headphones,1,5/21/2019 17:08
195113,Wired Headphones,1,5/22/2019 0:16
195114,Lightning Charging Cable,1,5/5/2019 14:15
195115,Flatscreen TV,1,5/27/2019 21:31
195116,AAA Batteries (4-pack),1,5/25/2019 14:15
195117,Lightning Charging Cable,1,5/30/2019 21:16
195118,USB-C Charging Cable,2,5/19/2019 6:34
195119,Lightning Charging Cable,1,5/31/2019 9:12
195120,Apple Airpods Headphones,1,5/8/2019 13:54
195121,AA Batteries (4-pack),1,5/25/2019 22:45
195122,27in FHD Monitor,1,5/30/2019 9:39
195123,27in 4K Gaming Monitor,1,5/17/2019 23:36
195123,AAA Batteries (4-pack),1,5/17/2019 23:36
195124,iPhone,1,5/29/2019 14:37
195124,Wired Headphones,1,5/29/2019 14:37
195125,Bose SoundSport Headphones,1,5/3/2019 15:58
195126,USB-C Charging Cable,2,5/24/2019 12:35
195127,LG Dryer,1,5/20/2019 15:50
195128,20in Monitor,1,5/5/2019 13:17
195129,27in FHD Monitor,1,5/1/2019 13:29
195130,AAA Batteries (4-pack),1,5/8/2019 15:38
195131,Lightning Charging Cable,2,5/6/2019 17:16
195132,Apple Airpods Headphones,2,5/19/2019 22:36
195133,Google Phone,1,5/12/2019 18:18
195134,Wired Headphones,1,5/14/2019 20:37
195135,AAA Batteries (4-pack),2,5/7/2019 22:00
195136,AA Batteries (4-pack),2,5/31/2019 15:07
195136,Vareebadd Phone,1,5/31/2019 15:07
195137,AA Batteries (4-pack),1,5/29/2019 9:32
195138,27in 4K Gaming Monitor,1,5/2/2019 9:23
195139,USB-C Charging Cable,1,5/15/2019 21:45
195140,Macbook Pro Laptop,1,5/7/2019 21:35
195141,Lightning Charging Cable,1,5/22/2019 22:25
195142,USB-C Charging Cable,1,5/13/2019 18:43
195143,AAA Batteries (4-pack),1,5/14/2019 8:42
195144,Vareebadd Phone,1,5/29/2019 11:52
195145,AA Batteries (4-pack),1,5/16/2019 7:32
195146,AAA Batteries (4-pack),3,5/4/2019 16:09
195147,Macbook Pro Laptop,1,5/2/2019 9:48
195148,Apple Airpods Headphones,1,5/7/2019 13:33
195149,Lightning Charging Cable,1,5/23/2019 6:55
195150,AA Batteries (4-pack),1,5/2/2019 21:17
195151,27in FHD Monitor,1,5/6/2019 7:32
195152,27in 4K Gaming Monitor,1,5/19/2019 9:05
195153,AAA Batteries (4-pack),2,5/28/2019 15:45
195154,Bose SoundSport Headphones,1,5/17/2019 13:30
195155,AAA Batteries (4-pack),1,5/23/2019 8:40
195156,AA Batteries (4-pack),4,5/7/2019 11:49
195157,AAA Batteries (4-pack),1,5/30/2019 9:50
195158,AAA Batteries (4-pack),2,5/1/2019 23:43
195159,27in FHD Monitor,1,5/25/2019 18:32
195160,Bose SoundSport Headphones,1,5/14/2019 15:00
195161,USB-C Charging Cable,1,5/3/2019 15:37
195162,Google Phone,1,5/21/2019 17:44
195163,USB-C Charging Cable,1,5/7/2019 13:52
195164,Bose SoundSport Headphones,1,5/9/2019 10:47
195165,Bose SoundSport Headphones,1,5/10/2019 13:10
195166,AAA Batteries (4-pack),1,5/13/2019 7:44
195167,ThinkPad Laptop,1,5/21/2019 7:15
195168,USB-C Charging Cable,1,5/16/2019 17:07
195169,Lightning Charging Cable,1,5/22/2019 19:48
195170,Macbook Pro Laptop,1,5/10/2019 13:13
195171,Wired Headphones,2,5/20/2019 22:46
195172,Apple Airpods Headphones,1,5/15/2019 20:19
195173,Apple Airpods Headphones,1,5/2/2019 21:33
195174,Bose SoundSport Headphones,1,5/22/2019 8:43
195175,Bose SoundSport Headphones,1,5/14/2019 17:06
195176,Google Phone,1,5/9/2019 7:46
195177,AA Batteries (4-pack),1,5/29/2019 14:05
195178,Lightning Charging Cable,1,5/12/2019 22:13
195179,20in Monitor,1,5/29/2019 14:12
195180,Bose SoundSport Headphones,1,5/31/2019 20:05
195181,Bose SoundSport Headphones,1,5/18/2019 12:12
195182,Macbook Pro Laptop,1,5/27/2019 22:14
195183,AA Batteries (4-pack),1,5/22/2019 12:06
195184,AA Batteries (4-pack),1,5/13/2019 8:38
195185,iPhone,1,5/27/2019 19:37
195186,AA Batteries (4-pack),1,5/29/2019 9:25
195187,Lightning Charging Cable,1,5/15/2019 10:25
195188,AAA Batteries (4-pack),1,5/5/2019 13:13
195188,Bose SoundSport Headphones,1,5/5/2019 13:13
195189,USB-C Charging Cable,1,5/16/2019 18:43
195190,Wired Headphones,1,5/25/2019 12:21
195191,AA Batteries (4-pack),2,5/28/2019 11:29
195192,Macbook Pro Laptop,1,5/21/2019 12:17
195192,AA Batteries (4-pack),3,5/21/2019 12:17
195193,Lightning Charging Cable,1,5/24/2019 11:38
195194,Apple Airpods Headphones,1,5/16/2019 3:41
195195,AAA Batteries (4-pack),2,5/19/2019 22:55
195196,AA Batteries (4-pack),1,5/2/2019 12:13
195197,AAA Batteries (4-pack),2,5/22/2019 23:56
195198,ThinkPad Laptop,1,5/22/2019 12:31
195199,Lightning Charging Cable,1,5/9/2019 22:16
195200,Lightning Charging Cable,1,5/30/2019 12:53
195201,Wired Headphones,1,5/30/2019 16:54
195202,Wired Headphones,1,5/15/2019 18:58
195203,USB-C Charging Cable,1,5/23/2019 21:38
195204,Google Phone,1,5/4/2019 14:47
195205,Apple Airpods Headphones,1,5/24/2019 14:06
195206,Apple Airpods Headphones,1,5/22/2019 10:53
195207,Bose SoundSport Headphones,1,5/18/2019 0:08
195208,Bose SoundSport Headphones,1,5/11/2019 19:11
195209,Bose SoundSport Headphones,1,5/12/2019 13:19
195210,AAA Batteries (4-pack),2,5/23/2019 8:46
195211,AA Batteries (4-pack),1,5/28/2019 21:15
195212,Google Phone,1,5/23/2019 1:07
195213,Wired Headphones,1,5/1/2019 17:29
195214,Flatscreen TV,1,5/24/2019 23:15
195215,AA Batteries (4-pack),1,5/12/2019 15:28
195216,AA Batteries (4-pack),1,5/7/2019 15:48
195217,Lightning Charging Cable,1,5/12/2019 20:10
195218,Lightning Charging Cable,1,5/26/2019 14:43
195219,Bose SoundSport Headphones,1,5/23/2019 14:34
195220,AAA Batteries (4-pack),1,5/21/2019 10:37
195221,20in Monitor,1,5/12/2019 13:35
195222,AA Batteries (4-pack),1,5/3/2019 19:32
195223,AA Batteries (4-pack),1,5/12/2019 10:06
195224,iPhone,1,5/13/2019 14:00
195224,Lightning Charging Cable,1,5/13/2019 14:00
195225,AAA Batteries (4-pack),1,5/24/2019 5:40
195226,Google Phone,1,5/29/2019 12:22
195227,Lightning Charging Cable,1,5/29/2019 18:56
195228,USB-C Charging Cable,1,5/1/2019 11:19
195229,Bose SoundSport Headphones,1,5/22/2019 21:57
195230,iPhone,1,5/5/2019 10:23
195231,ThinkPad Laptop,1,5/29/2019 23:06
195232,Apple Airpods Headphones,1,5/30/2019 11:11
195233,AA Batteries (4-pack),1,5/18/2019 22:03
195234,Bose SoundSport Headphones,1,5/21/2019 12:25
195235,27in 4K Gaming Monitor,1,5/21/2019 11:55
195236,AA Batteries (4-pack),1,5/26/2019 1:46
195237,Apple Airpods Headphones,1,5/9/2019 23:57
195238,USB-C Charging Cable,1,5/29/2019 15:18
195239,Google Phone,1,5/15/2019 9:39
195240,Lightning Charging Cable,1,5/20/2019 10:36
195241,AA Batteries (4-pack),1,5/31/2019 17:07
195242,Lightning Charging Cable,1,5/13/2019 15:44
195243,Lightning Charging Cable,1,5/23/2019 16:08
195244,AA Batteries (4-pack),1,5/18/2019 4:29
195245,34in Ultrawide Monitor,1,5/4/2019 18:21
195246,AA Batteries (4-pack),1,5/16/2019 21:02
195247,iPhone,1,5/11/2019 14:46
195247,Lightning Charging Cable,1,5/11/2019 14:46
195248,Flatscreen TV,1,5/3/2019 1:14
195249,AA Batteries (4-pack),2,5/23/2019 14:57
195250,34in Ultrawide Monitor,1,5/16/2019 11:05
195251,Apple Airpods Headphones,1,5/19/2019 14:36
195252,Apple Airpods Headphones,1,5/1/2019 11:29
195253,Lightning Charging Cable,1,5/11/2019 0:11
195254,Apple Airpods Headphones,1,5/4/2019 20:09
195255,Flatscreen TV,1,5/9/2019 19:16
195256,Google Phone,1,5/4/2019 20:40
195256,USB-C Charging Cable,1,5/4/2019 20:40
195257,Lightning Charging Cable,1,5/22/2019 9:39
195258,Apple Airpods Headphones,1,5/6/2019 17:26
195259,iPhone,1,5/2/2019 11:19
195260,Apple Airpods Headphones,1,5/29/2019 10:34
195261,Wired Headphones,1,5/18/2019 18:01
195262,AA Batteries (4-pack),1,5/13/2019 22:41
195263,Lightning Charging Cable,1,5/19/2019 21:58
195264,AA Batteries (4-pack),2,5/5/2019 14:47
195265,AA Batteries (4-pack),1,5/27/2019 22:15
195266,USB-C Charging Cable,2,5/17/2019 10:12
195267,Bose SoundSport Headphones,1,5/6/2019 11:49
195268,Google Phone,1,5/31/2019 22:15
195269,Google Phone,1,5/7/2019 8:35
195270,Wired Headphones,1,5/1/2019 21:56
195271,AA Batteries (4-pack),1,5/11/2019 14:44
195272,Bose SoundSport Headphones,1,5/1/2019 10:32
195273,USB-C Charging Cable,1,5/18/2019 14:40
195274,ThinkPad Laptop,1,5/3/2019 15:23
195275,27in FHD Monitor,1,5/10/2019 11:27
195276,Wired Headphones,2,5/13/2019 6:52
195277,Apple Airpods Headphones,1,5/20/2019 23:25
195278,Wired Headphones,1,5/11/2019 17:14
195279,Wired Headphones,1,5/9/2019 20:01
195280,34in Ultrawide Monitor,1,5/21/2019 13:47
195281,Google Phone,1,5/10/2019 9:15
195282,USB-C Charging Cable,1,5/28/2019 20:51
195283,iPhone,1,5/28/2019 12:45
195283,Lightning Charging Cable,1,5/28/2019 12:45
195284,Macbook Pro Laptop,1,5/18/2019 12:27
195285,Google Phone,1,5/30/2019 11:15
195286,20in Monitor,1,5/28/2019 20:00
195287,ThinkPad Laptop,1,5/6/2019 14:27
195288,Macbook Pro Laptop,1,5/12/2019 18:57
195289,Lightning Charging Cable,1,5/31/2019 10:12
195290,AAA Batteries (4-pack),1,5/5/2019 18:59
195291,USB-C Charging Cable,1,5/23/2019 12:52
195292,Lightning Charging Cable,1,5/6/2019 20:40
195293,AA Batteries (4-pack),1,5/5/2019 0:13
195294,AA Batteries (4-pack),1,5/21/2019 18:48
195295,Flatscreen TV,1,5/10/2019 12:47
195296,ThinkPad Laptop,1,5/16/2019 11:27
195296,Bose SoundSport Headphones,1,5/16/2019 11:27
195297,27in FHD Monitor,1,5/30/2019 17:49
195298,AA Batteries (4-pack),1,5/11/2019 20:04
195299,Lightning Charging Cable,1,5/30/2019 19:33
195299,Lightning Charging Cable,1,5/30/2019 19:33
195300,AA Batteries (4-pack),1,5/30/2019 22:20
195301,Lightning Charging Cable,1,5/9/2019 15:01
195302,AAA Batteries (4-pack),2,5/30/2019 7:05
195303,AA Batteries (4-pack),1,5/22/2019 18:54
195304,iPhone,1,5/1/2019 12:28
195305,AAA Batteries (4-pack),2,5/29/2019 10:20
195306,Wired Headphones,1,5/2/2019 11:08
195307,USB-C Charging Cable,1,5/25/2019 17:23
195308,iPhone,1,5/5/2019 12:05
195309,Wired Headphones,1,5/22/2019 23:03
195310,34in Ultrawide Monitor,2,5/14/2019 19:27
195311,AAA Batteries (4-pack),1,5/1/2019 15:47
195312,Macbook Pro Laptop,1,5/25/2019 19:32
195313,AAA Batteries (4-pack),4,5/9/2019 13:45
195314,Apple Airpods Headphones,1,5/14/2019 10:35
195315,27in FHD Monitor,1,5/26/2019 13:31
195316,Lightning Charging Cable,1,5/21/2019 12:57
195317,iPhone,1,5/10/2019 16:03
195318,Apple Airpods Headphones,1,5/26/2019 18:58
195319,AAA Batteries (4-pack),1,5/10/2019 12:46
195320,20in Monitor,1,5/3/2019 16:48
195321,27in 4K Gaming Monitor,1,5/8/2019 9:56
195322,USB-C Charging Cable,1,5/29/2019 14:40
195323,34in Ultrawide Monitor,1,5/11/2019 10:17
195324,Wired Headphones,1,5/1/2019 20:59
195325,AA Batteries (4-pack),1,5/11/2019 14:02
195326,Apple Airpods Headphones,1,5/20/2019 17:23
195327,AA Batteries (4-pack),2,5/17/2019 20:01
195328,Google Phone,1,5/3/2019 13:30
195328,USB-C Charging Cable,1,5/3/2019 13:30
195329,Flatscreen TV,1,5/23/2019 8:05
195330,Lightning Charging Cable,1,5/17/2019 9:37
195331,AAA Batteries (4-pack),1,5/1/2019 16:15
195332,Apple Airpods Headphones,1,5/11/2019 11:54
195333,AA Batteries (4-pack),1,5/14/2019 22:12
195334,USB-C Charging Cable,1,5/2/2019 12:44
195335,AA Batteries (4-pack),3,5/7/2019 13:09
195336,iPhone,1,5/27/2019 14:12
195337,USB-C Charging Cable,1,5/9/2019 18:20
195338,Bose SoundSport Headphones,1,5/17/2019 18:29
Order ID,Product,Quantity Ordered,Order Date
195339,27in FHD Monitor,1,5/13/2019 18:54
195340,AAA Batteries (4-pack),2,5/6/2019 14:19
195341,USB-C Charging Cable,1,5/20/2019 20:59
195342,Bose SoundSport Headphones,1,5/23/2019 17:08
195343,AA Batteries (4-pack),1,5/27/2019 22:25
195344,27in FHD Monitor,1,5/8/2019 9:27
195345,AAA Batteries (4-pack),2,5/15/2019 21:26
195346,Apple Airpods Headphones,1,5/6/2019 13:34
195347,ThinkPad Laptop,1,5/29/2019 11:44
195348,Lightning Charging Cable,1,5/8/2019 20:07
195349,27in FHD Monitor,1,5/27/2019 12:03
195350,Bose SoundSport Headphones,1,5/10/2019 17:12
195351,Lightning Charging Cable,1,5/11/2019 7:59
195352,27in FHD Monitor,1,5/28/2019 18:51
195353,USB-C Charging Cable,1,5/19/2019 20:51
195354,AA Batteries (4-pack),1,5/7/2019 21:13
195355,Bose SoundSport Headphones,1,5/28/2019 20:17
195356,Lightning Charging Cable,1,5/16/2019 22:22
195357,AA Batteries (4-pack),1,5/22/2019 19:03
195358,Google Phone,1,5/15/2019 18:17
195359,AA Batteries (4-pack),1,5/9/2019 12:56
195360,Wired Headphones,1,5/13/2019 16:45
195361,Wired Headphones,1,5/16/2019 13:10
195362,27in 4K Gaming Monitor,1,5/25/2019 13:37
195363,AAA Batteries (4-pack),2,5/22/2019 14:32
195364,AA Batteries (4-pack),1,5/15/2019 15:22
195365,AAA Batteries (4-pack),3,5/30/2019 13:39
195366,27in 4K Gaming Monitor,1,5/25/2019 23:50
195367,Macbook Pro Laptop,1,5/11/2019 17:19
195368,Wired Headphones,1,5/13/2019 11:49
195369,Lightning Charging Cable,1,5/1/2019 21:38
195370,ThinkPad Laptop,1,5/20/2019 18:40
195371,AAA Batteries (4-pack),1,5/11/2019 10:12
195372,Lightning Charging Cable,1,5/27/2019 15:15
195373,AAA Batteries (4-pack),1,5/27/2019 16:36
195374,27in 4K Gaming Monitor,1,5/25/2019 12:45
Order ID,Product,Quantity Ordered,Order Date
195375,34in Ultrawide Monitor,1,5/28/2019 8:43
195376,20in Monitor,1,5/22/2019 16:02
195377,Google Phone,1,5/29/2019 14:32
195377,USB-C Charging Cable,1,5/29/2019 14:32
195378,AAA Batteries (4-pack),2,5/12/2019 13:54
195379,USB-C Charging Cable,1,5/23/2019 21:04
195380,27in 4K Gaming Monitor,1,5/2/2019 17:43
195381,AAA Batteries (4-pack),1,5/8/2019 17:08
195382,Wired Headphones,1,5/28/2019 11:17
195383,USB-C Charging Cable,1,5/19/2019 16:14
195384,Lightning Charging Cable,1,5/23/2019 22:53
195385,USB-C Charging Cable,1,5/4/2019 8:36
195386,Lightning Charging Cable,1,5/7/2019 22:26
195387,AA Batteries (4-pack),1,5/8/2019 18:51
195388,Wired Headphones,1,5/2/2019 18:20
195389,USB-C Charging Cable,1,5/13/2019 13:53
195390,USB-C Charging Cable,1,5/9/2019 19:25
195391,iPhone,1,5/28/2019 10:01
195392,AA Batteries (4-pack),1,5/24/2019 20:55
195393,AAA Batteries (4-pack),1,5/28/2019 14:21
195394,27in 4K Gaming Monitor,1,5/16/2019 22:13
195395,AAA Batteries (4-pack),2,5/3/2019 13:39
195396,AAA Batteries (4-pack),1,5/29/2019 4:01
195397,20in Monitor,1,5/24/2019 8:42
195398,USB-C Charging Cable,1,5/1/2019 23:58
195399,USB-C Charging Cable,1,5/10/2019 13:42
195400,iPhone,1,5/1/2019 23:31
195400,Lightning Charging Cable,1,5/1/2019 23:31
195401,27in 4K Gaming Monitor,1,5/5/2019 9:08
195402,Apple Airpods Headphones,1,5/14/2019 13:26
195403,Bose SoundSport Headphones,1,5/12/2019 9:31
195404,Apple Airpods Headphones,1,5/2/2019 22:02
195404,Google Phone,1,5/2/2019 22:02
195405,iPhone,1,5/28/2019 15:25
195405,Lightning Charging Cable,1,5/28/2019 15:25
195406,iPhone,1,5/9/2019 12:12
195407,Bose SoundSport Headphones,1,5/8/2019 13:15
195408,ThinkPad Laptop,1,5/11/2019 23:02
195409,27in 4K Gaming Monitor,1,5/22/2019 18:46
195410,AA Batteries (4-pack),3,5/9/2019 12:59
195411,34in Ultrawide Monitor,1,5/2/2019 20:38
195412,Bose SoundSport Headphones,1,5/25/2019 20:16
195413,LG Dryer,1,5/17/2019 12:49
195414,AA Batteries (4-pack),1,5/14/2019 13:55
195415,AAA Batteries (4-pack),1,5/19/2019 10:38
195416,Apple Airpods Headphones,1,5/22/2019 13:33
195417,Vareebadd Phone,1,5/5/2019 9:51
195417,Bose SoundSport Headphones,1,5/5/2019 9:51
195418,Wired Headphones,1,5/10/2019 8:05
195419,Lightning Charging Cable,2,5/21/2019 18:04
195420,Wired Headphones,1,5/29/2019 23:21
195421,27in FHD Monitor,1,5/24/2019 0:02
195422,Lightning Charging Cable,1,5/6/2019 10:32
195423,34in Ultrawide Monitor,1,5/6/2019 10:26
195424,LG Washing Machine,1,5/5/2019 17:56
195425,AAA Batteries (4-pack),1,5/28/2019 21:40
195426,iPhone,1,5/5/2019 14:08
195426,Lightning Charging Cable,1,5/5/2019 14:08
195427,Wired Headphones,1,5/12/2019 10:08
195428,Apple Airpods Headphones,1,5/26/2019 10:55
195429,USB-C Charging Cable,1,5/17/2019 12:53
195430,AAA Batteries (4-pack),2,5/11/2019 14:04
195431,Apple Airpods Headphones,1,5/12/2019 12:51
195432,AAA Batteries (4-pack),3,5/13/2019 12:31
195433,AAA Batteries (4-pack),1,5/26/2019 13:02
195434,Lightning Charging Cable,1,5/7/2019 23:01
195435,Google Phone,1,5/16/2019 18:39
195436,20in Monitor,1,5/14/2019 18:18
195437,Wired Headphones,1,5/4/2019 11:14
195438,AAA Batteries (4-pack),1,5/21/2019 14:03
195439,LG Dryer,1,5/20/2019 21:13
195440,Macbook Pro Laptop,1,5/5/2019 22:49
195441,Lightning Charging Cable,1,5/5/2019 22:32
195442,Lightning Charging Cable,2,5/30/2019 4:34
195443,Bose SoundSport Headphones,2,5/19/2019 13:47
195444,Lightning Charging Cable,1,5/26/2019 21:50
195445,Google Phone,1,5/30/2019 19:35
195446,USB-C Charging Cable,1,5/6/2019 11:07
195447,AA Batteries (4-pack),1,5/3/2019 21:10
195448,Lightning Charging Cable,1,5/18/2019 17:44
195449,34in Ultrawide Monitor,1,5/21/2019 6:08
195450,Bose SoundSport Headphones,1,5/18/2019 9:01
195451,LG Dryer,1,5/28/2019 15:52
195452,iPhone,1,5/16/2019 9:24
195453,Bose SoundSport Headphones,1,5/2/2019 20:04
195454,Wired Headphones,1,5/16/2019 0:52
195455,iPhone,1,5/1/2019 14:52
195456,USB-C Charging Cable,1,5/25/2019 0:31
195457,Lightning Charging Cable,1,5/30/2019 10:27
195458,Apple Airpods Headphones,1,5/2/2019 11:26
195459,Wired Headphones,2,5/31/2019 21:53
195460,34in Ultrawide Monitor,1,5/23/2019 14:33
195461,iPhone,1,5/8/2019 15:50
195461,Wired Headphones,1,5/8/2019 15:50
195462,27in FHD Monitor,1,5/10/2019 13:15
195463,AA Batteries (4-pack),1,5/21/2019 19:25
195464,AA Batteries (4-pack),1,5/28/2019 20:33
195465,AAA Batteries (4-pack),3,5/27/2019 23:45
195466,AAA Batteries (4-pack),1,5/19/2019 20:06
195467,USB-C Charging Cable,3,5/20/2019 20:42
195468,AAA Batteries (4-pack),1,5/30/2019 19:28
195468,27in FHD Monitor,1,5/30/2019 19:28
195469,Lightning Charging Cable,1,5/14/2019 22:18
195470,Lightning Charging Cable,2,5/22/2019 13:14
195471,AA Batteries (4-pack),1,5/1/2019 19:45
195472,27in 4K Gaming Monitor,1,5/31/2019 17:00
195473,Bose SoundSport Headphones,1,5/5/2019 12:36
195474,USB-C Charging Cable,1,5/15/2019 12:16
195475,iPhone,1,5/19/2019 9:30
195475,Lightning Charging Cable,1,5/19/2019 9:30
195475,Wired Headphones,2,5/19/2019 9:30
195476,USB-C Charging Cable,1,5/9/2019 8:45
195477,LG Washing Machine,1,5/24/2019 19:55
195478,20in Monitor,1,5/29/2019 9:56
195479,Lightning Charging Cable,1,5/28/2019 16:33
195480,Macbook Pro Laptop,1,5/15/2019 20:44
195481,AA Batteries (4-pack),1,5/10/2019 21:34
195482,Bose SoundSport Headphones,1,5/27/2019 11:59
195483,Wired Headphones,1,5/27/2019 12:40
195484,Lightning Charging Cable,1,5/29/2019 7:02
195485,AAA Batteries (4-pack),4,5/26/2019 19:17
195486,Google Phone,1,5/8/2019 16:23
195486,USB-C Charging Cable,1,5/8/2019 16:23
195487,iPhone,1,5/24/2019 5:50
195487,Lightning Charging Cable,4,5/24/2019 5:50
195488,USB-C Charging Cable,1,5/25/2019 22:15
195489,ThinkPad Laptop,1,5/26/2019 19:06
195490,Bose SoundSport Headphones,1,5/14/2019 12:19
195491,Wired Headphones,1,5/6/2019 19:49
195492,AA Batteries (4-pack),2,5/17/2019 8:16
195493,27in 4K Gaming Monitor,1,5/26/2019 18:53
195494,AA Batteries (4-pack),1,5/19/2019 9:41
195495,Bose SoundSport Headphones,1,5/4/2019 14:28
195496,27in FHD Monitor,1,5/12/2019 21:02
195497,Lightning Charging Cable,1,5/18/2019 13:25
195498,20in Monitor,1,5/1/2019 16:14
195499,AAA Batteries (4-pack),3,5/1/2019 16:06
195500,AA Batteries (4-pack),1,5/5/2019 10:49
195501,34in Ultrawide Monitor,1,5/6/2019 13:08
195502,Apple Airpods Headphones,1,5/9/2019 18:21
195503,Wired Headphones,1,5/9/2019 13:31
195504,Bose SoundSport Headphones,1,5/23/2019 11:22
195505,AAA Batteries (4-pack),4,5/25/2019 14:27
195506,Lightning Charging Cable,1,5/16/2019 15:24
195507,Bose SoundSport Headphones,1,5/17/2019 23:12
195508,AA Batteries (4-pack),1,5/13/2019 16:55
195509,Lightning Charging Cable,1,5/6/2019 23:09
195510,27in FHD Monitor,1,5/15/2019 1:51
195511,Vareebadd Phone,1,5/4/2019 14:58
195512,Google Phone,1,5/20/2019 19:46
195513,34in Ultrawide Monitor,1,5/4/2019 22:03
195514,ThinkPad Laptop,1,5/19/2019 16:40
195515,AA Batteries (4-pack),2,5/17/2019 10:38
195516,AAA Batteries (4-pack),1,5/5/2019 18:42
195517,AA Batteries (4-pack),1,5/24/2019 19:50
195518,Flatscreen TV,1,5/25/2019 22:49
195519,Lightning Charging Cable,1,5/6/2019 9:31
195520,Bose SoundSport Headphones,1,5/4/2019 13:59
195521,Macbook Pro Laptop,1,5/14/2019 10:18
195522,Bose SoundSport Headphones,1,5/27/2019 12:16
195523,AA Batteries (4-pack),2,5/19/2019 19:31
195524,Wired Headphones,2,5/20/2019 19:01
195525,AAA Batteries (4-pack),1,5/26/2019 2:57
195526,AA Batteries (4-pack),2,5/29/2019 10:57
195527,Apple Airpods Headphones,1,5/11/2019 15:39
195528,Wired Headphones,1,5/3/2019 18:09
195529,Lightning Charging Cable,1,5/1/2019 16:52
195530,AA Batteries (4-pack),1,5/1/2019 16:44
195531,AAA Batteries (4-pack),1,5/2/2019 12:03
195532,AA Batteries (4-pack),1,5/4/2019 17:24
195533,Lightning Charging Cable,2,5/9/2019 22:11
195534,Bose SoundSport Headphones,1,5/17/2019 13:05
195535,Lightning Charging Cable,1,5/2/2019 12:34
195536,34in Ultrawide Monitor,1,5/27/2019 8:49
195537,Wired Headphones,1,5/1/2019 12:59
195538,LG Dryer,1,5/24/2019 6:28
195539,AAA Batteries (4-pack),2,5/13/2019 11:40
195540,USB-C Charging Cable,2,5/19/2019 10:43
195541,34in Ultrawide Monitor,1,5/6/2019 14:56
195542,Lightning Charging Cable,1,5/14/2019 16:38
195543,Wired Headphones,1,5/27/2019 22:19
195544,AAA Batteries (4-pack),1,5/28/2019 11:00
195545,USB-C Charging Cable,1,5/26/2019 20:41
195546,34in Ultrawide Monitor,1,5/24/2019 22:03
195547,27in 4K Gaming Monitor,1,5/19/2019 10:04
195548,AA Batteries (4-pack),1,5/3/2019 20:42
195549,AA Batteries (4-pack),1,5/28/2019 15:41
195550,27in 4K Gaming Monitor,1,5/21/2019 23:02
195551,20in Monitor,1,5/24/2019 15:03
195552,AAA Batteries (4-pack),1,5/19/2019 22:17
195553,34in Ultrawide Monitor,1,5/1/2019 7:00
195554,Apple Airpods Headphones,1,5/22/2019 19:44
195555,AA Batteries (4-pack),1,5/27/2019 9:53
195556,34in Ultrawide Monitor,1,5/23/2019 13:50
195557,iPhone,1,5/20/2019 12:04
195557,Lightning Charging Cable,1,5/20/2019 12:04
195557,Wired Headphones,1,5/20/2019 12:04
195558,34in Ultrawide Monitor,1,5/22/2019 12:39
195559,Wired Headphones,1,5/13/2019 11:04
195560,Lightning Charging Cable,1,5/19/2019 13:40
195561,34in Ultrawide Monitor,1,5/24/2019 17:28
195562,USB-C Charging Cable,1,5/14/2019 17:40
195563,Bose SoundSport Headphones,1,5/3/2019 19:23
195564,Wired Headphones,2,5/28/2019 1:13
195565,AA Batteries (4-pack),1,5/6/2019 14:19
195566,Apple Airpods Headphones,1,5/4/2019 17:24
195567,Wired Headphones,1,5/17/2019 10:07
195568,AAA Batteries (4-pack),1,5/19/2019 7:52
195569,Wired Headphones,1,5/31/2019 12:36
195570,Wired Headphones,1,5/25/2019 13:45
195571,Lightning Charging Cable,2,5/29/2019 9:18
195572,Bose SoundSport Headphones,1,5/3/2019 12:11
195573,Lightning Charging Cable,1,5/27/2019 23:10
195574,Wired Headphones,1,5/23/2019 19:51
195575,USB-C Charging Cable,1,5/8/2019 14:32
195576,AA Batteries (4-pack),1,5/7/2019 20:11
195577,Lightning Charging Cable,1,5/19/2019 9:20
195578,Wired Headphones,1,5/30/2019 20:48
195579,Bose SoundSport Headphones,1,5/19/2019 16:46
195580,iPhone,1,5/5/2019 15:08
195581,Lightning Charging Cable,1,5/27/2019 16:59
195582,Lightning Charging Cable,1,5/3/2019 19:08
195583,USB-C Charging Cable,1,5/19/2019 10:08
195584,Lightning Charging Cable,1,5/19/2019 18:33
195585,Apple Airpods Headphones,1,5/24/2019 0:58
195586,Bose SoundSport Headphones,1,5/19/2019 11:59
195587,AA Batteries (4-pack),1,5/6/2019 18:19
195588,AAA Batteries (4-pack),1,5/7/2019 10:42
195589,AAA Batteries (4-pack),1,5/27/2019 8:32
195590,AAA Batteries (4-pack),1,5/20/2019 17:55
195591,USB-C Charging Cable,1,5/23/2019 12:15
195592,Google Phone,1,5/7/2019 17:55
195593,AAA Batteries (4-pack),1,5/28/2019 19:06
195594,AAA Batteries (4-pack),1,5/29/2019 19:26
,,,
195595,Wired Headphones,1,5/1/2019 15:45
195596,AA Batteries (4-pack),1,5/22/2019 21:54
195597,34in Ultrawide Monitor,1,5/22/2019 17:38
195598,AAA Batteries (4-pack),1,5/22/2019 19:44
195599,27in 4K Gaming Monitor,1,5/9/2019 14:45
195600,USB-C Charging Cable,1,5/28/2019 19:18
195601,Wired Headphones,2,5/16/2019 9:37
195602,iPhone,1,5/22/2019 12:11
195603,Lightning Charging Cable,1,5/1/2019 22:42
195604,AAA Batteries (4-pack),1,5/24/2019 14:30
195605,20in Monitor,1,5/1/2019 11:11
195606,USB-C Charging Cable,1,5/9/2019 22:04
195607,AAA Batteries (4-pack),1,5/3/2019 20:53
195608,AAA Batteries (4-pack),2,5/2/2019 19:16
195609,AAA Batteries (4-pack),1,5/26/2019 13:01
195610,Macbook Pro Laptop,1,5/20/2019 11:51
195611,Wired Headphones,2,5/9/2019 19:04
195612,27in FHD Monitor,1,5/22/2019 17:48
195613,Flatscreen TV,1,5/24/2019 19:36
195614,Macbook Pro Laptop,1,5/31/2019 17:07
195615,Lightning Charging Cable,1,5/13/2019 22:17
195616,34in Ultrawide Monitor,1,5/7/2019 11:59
195617,Apple Airpods Headphones,1,5/13/2019 23:00
195618,AAA Batteries (4-pack),2,5/31/2019 0:46
195619,AAA Batteries (4-pack),3,5/18/2019 9:25
195619,Apple Airpods Headphones,1,5/18/2019 9:25
195620,AA Batteries (4-pack),1,5/13/2019 9:52
195621,Wired Headphones,1,5/13/2019 20:26
195622,Wired Headphones,1,5/9/2019 8:56
195623,34in Ultrawide Monitor,1,5/25/2019 9:55
195624,AA Batteries (4-pack),3,5/14/2019 11:19
195625,Apple Airpods Headphones,1,5/23/2019 17:52
195626,AA Batteries (4-pack),1,5/12/2019 22:34
195627,AA Batteries (4-pack),2,5/11/2019 11:09
195628,27in 4K Gaming Monitor,1,5/14/2019 8:59
195629,34in Ultrawide Monitor,1,5/17/2019 15:44
195630,Lightning Charging Cable,1,5/24/2019 20:36
195631,27in FHD Monitor,1,5/21/2019 0:22
195632,Wired Headphones,1,5/2/2019 9:40
195633,34in Ultrawide Monitor,1,5/13/2019 20:29
195634,20in Monitor,1,5/6/2019 12:31
195635,USB-C Charging Cable,1,5/23/2019 14:11
195636,ThinkPad Laptop,1,5/27/2019 21:58
195637,Apple Airpods Headphones,1,5/7/2019 17:26
195638,AA Batteries (4-pack),2,5/4/2019 19:19
195639,Lightning Charging Cable,1,5/14/2019 15:04
195640,Macbook Pro Laptop,1,5/11/2019 19:16
195641,iPhone,1,5/17/2019 15:03
195642,27in FHD Monitor,1,5/8/2019 22:42
195643,Apple Airpods Headphones,1,5/4/2019 19:08
195644,Lightning Charging Cable,1,5/24/2019 17:41
195645,AAA Batteries (4-pack),1,5/17/2019 13:54
195646,Lightning Charging Cable,1,5/22/2019 10:09
195646,Bose SoundSport Headphones,1,5/22/2019 10:09
195647,iPhone,1,5/12/2019 16:25
195648,27in FHD Monitor,1,5/3/2019 21:33
195649,USB-C Charging Cable,1,5/14/2019 15:37
195650,Bose SoundSport Headphones,1,5/28/2019 18:27
195651,Lightning Charging Cable,1,5/25/2019 3:05
195652,27in FHD Monitor,1,5/25/2019 15:56
195653,27in FHD Monitor,1,5/18/2019 15:29
195654,27in 4K Gaming Monitor,1,5/13/2019 9:53
195655,Lightning Charging Cable,1,5/18/2019 10:50
195656,USB-C Charging Cable,3,5/2/2019 10:38
195657,Bose SoundSport Headphones,1,5/17/2019 8:50
195658,USB-C Charging Cable,1,5/15/2019 20:15
195659,USB-C Charging Cable,1,5/15/2019 17:24
195660,iPhone,1,5/20/2019 9:17
195661,AA Batteries (4-pack),1,5/28/2019 9:50
195662,USB-C Charging Cable,1,5/31/2019 20:59
195663,34in Ultrawide Monitor,1,5/17/2019 20:36
195664,Lightning Charging Cable,1,5/7/2019 12:20
195665,Lightning Charging Cable,1,5/30/2019 13:48
195666,Lightning Charging Cable,1,5/24/2019 9:11
195667,20in Monitor,1,5/20/2019 18:27
195668,iPhone,1,5/16/2019 1:52
195669,USB-C Charging Cable,1,5/4/2019 9:03
195670,LG Dryer,1,5/4/2019 13:25
195671,Wired Headphones,1,5/15/2019 23:29
195672,Flatscreen TV,1,5/25/2019 12:30
195673,Google Phone,1,5/10/2019 12:23
195674,AA Batteries (4-pack),1,5/29/2019 19:29
195675,Wired Headphones,1,5/6/2019 15:45
195676,Apple Airpods Headphones,1,5/29/2019 22:12
195677,Wired Headphones,1,5/13/2019 13:00
195678,USB-C Charging Cable,1,5/28/2019 21:38
195679,Bose SoundSport Headphones,1,5/26/2019 13:21
195680,Apple Airpods Headphones,1,5/30/2019 22:40
195681,AAA Batteries (4-pack),2,5/29/2019 22:50
195682,Lightning Charging Cable,1,5/16/2019 11:08
195683,20in Monitor,1,5/2/2019 20:31
195684,AAA Batteries (4-pack),1,5/21/2019 14:21
195685,Google Phone,1,5/30/2019 18:06
195686,Wired Headphones,1,5/13/2019 10:23
195686,Apple Airpods Headphones,1,5/13/2019 10:23
195687,USB-C Charging Cable,1,5/29/2019 14:09
195688,Macbook Pro Laptop,1,5/21/2019 4:10
195689,AAA Batteries (4-pack),2,5/10/2019 16:54
195690,AA Batteries (4-pack),1,5/17/2019 20:13
195691,Macbook Pro Laptop,1,5/10/2019 10:44
195692,AA Batteries (4-pack),1,5/13/2019 16:23
195693,Bose SoundSport Headphones,1,5/21/2019 20:42
195694,USB-C Charging Cable,1,5/30/2019 19:58
195695,AA Batteries (4-pack),1,5/11/2019 23:25
195696,USB-C Charging Cable,1,5/4/2019 18:52
195697,Apple Airpods Headphones,1,5/18/2019 11:03
195698,AAA Batteries (4-pack),2,5/17/2019 14:52
195699,Lightning Charging Cable,1,5/8/2019 15:06
195700,Google Phone,1,5/22/2019 0:05
195700,USB-C Charging Cable,2,5/22/2019 0:05
195701,Google Phone,1,5/30/2019 19:42
195702,Wired Headphones,1,5/27/2019 10:51
195703,Bose SoundSport Headphones,1,5/30/2019 13:25
195704,Flatscreen TV,1,5/19/2019 19:37
195705,ThinkPad Laptop,1,5/28/2019 8:39
195706,AA Batteries (4-pack),1,5/25/2019 12:20
195707,AA Batteries (4-pack),1,5/15/2019 0:11
195708,Wired Headphones,1,5/9/2019 10:13
195709,Lightning Charging Cable,1,5/25/2019 16:17
195710,27in FHD Monitor,1,5/20/2019 13:28
195711,27in FHD Monitor,1,5/14/2019 9:51
195712,Lightning Charging Cable,1,5/12/2019 0:15
195713,Wired Headphones,1,5/28/2019 16:28
195714,27in FHD Monitor,1,5/5/2019 22:36
195714,AAA Batteries (4-pack),1,5/5/2019 22:36
195715,USB-C Charging Cable,1,5/13/2019 10:22
195716,34in Ultrawide Monitor,1,5/15/2019 8:19
195717,USB-C Charging Cable,1,5/13/2019 18:19
195718,Lightning Charging Cable,1,5/16/2019 13:04
195719,Lightning Charging Cable,1,5/11/2019 7:53
195720,Bose SoundSport Headphones,1,5/15/2019 10:17
195721,Bose SoundSport Headphones,1,5/31/2019 11:54
195722,Bose SoundSport Headphones,1,5/24/2019 18:24
195723,USB-C Charging Cable,1,5/20/2019 20:43
195724,AA Batteries (4-pack),1,5/18/2019 12:36
195725,Vareebadd Phone,1,5/21/2019 9:47
195726,Bose SoundSport Headphones,1,5/24/2019 15:52
195727,AAA Batteries (4-pack),1,5/13/2019 22:25
195728,Lightning Charging Cable,1,5/25/2019 2:18
195729,AAA Batteries (4-pack),1,5/29/2019 0:16
195730,Wired Headphones,1,5/30/2019 15:35
195731,AAA Batteries (4-pack),2,5/18/2019 20:24
195732,34in Ultrawide Monitor,1,5/25/2019 11:49
195733,AA Batteries (4-pack),1,5/23/2019 21:01
195734,27in FHD Monitor,1,5/21/2019 8:37
195735,AA Batteries (4-pack),1,5/6/2019 18:07
195736,Macbook Pro Laptop,1,5/14/2019 9:37
,,,
195737,Apple Airpods Headphones,1,5/10/2019 7:55
195738,20in Monitor,1,5/24/2019 17:28
195739,USB-C Charging Cable,1,5/19/2019 15:12
195740,Lightning Charging Cable,1,5/17/2019 18:43
195741,AAA Batteries (4-pack),2,5/8/2019 9:07
195742,Macbook Pro Laptop,1,5/17/2019 16:36
195743,Apple Airpods Headphones,1,5/8/2019 15:20
195744,iPhone,1,5/25/2019 2:19
195745,27in FHD Monitor,1,5/23/2019 7:35
195746,AAA Batteries (4-pack),1,5/22/2019 23:02
195747,AAA Batteries (4-pack),1,5/11/2019 9:27
195748,27in FHD Monitor,1,6/1/2019 3:26
195749,AA Batteries (4-pack),2,5/1/2019 7:30
195750,AAA Batteries (4-pack),1,5/25/2019 23:43
195751,AA Batteries (4-pack),1,5/24/2019 18:12
195752,AAA Batteries (4-pack),1,5/1/2019 20:38
195753,Google Phone,1,5/12/2019 8:25
195753,USB-C Charging Cable,1,5/12/2019 8:25
195753,Wired Headphones,1,5/12/2019 8:25
195754,27in FHD Monitor,1,5/6/2019 11:49
195755,Apple Airpods Headphones,1,5/14/2019 12:23
195756,Wired Headphones,1,5/13/2019 14:23
195756,Bose SoundSport Headphones,1,5/13/2019 14:23
195757,Apple Airpods Headphones,1,5/15/2019 8:25
195758,Vareebadd Phone,1,5/10/2019 23:35
195758,Wired Headphones,1,5/10/2019 23:35
195759,Google Phone,1,5/11/2019 18:37
195759,USB-C Charging Cable,1,5/11/2019 18:37
195760,Apple Airpods Headphones,1,5/19/2019 11:09
195761,Apple Airpods Headphones,1,5/16/2019 12:39
195762,Macbook Pro Laptop,1,5/6/2019 7:11
195763,Apple Airpods Headphones,1,5/28/2019 17:48
195764,34in Ultrawide Monitor,1,5/1/2019 11:27
195765,AA Batteries (4-pack),2,5/14/2019 10:52
195766,iPhone,1,5/31/2019 20:30
195767,Bose SoundSport Headphones,1,5/17/2019 15:18
195768,USB-C Charging Cable,1,5/27/2019 22:24
195769,iPhone,1,5/25/2019 10:36
195770,27in FHD Monitor,1,5/16/2019 14:26
195771,iPhone,1,5/30/2019 12:20
195771,Wired Headphones,1,5/30/2019 12:20
195772,Wired Headphones,1,5/16/2019 12:14
195773,AA Batteries (4-pack),1,5/14/2019 14:59
195774,27in 4K Gaming Monitor,1,5/11/2019 9:50
195775,AAA Batteries (4-pack),1,5/13/2019 22:24
195776,iPhone,1,5/21/2019 18:32
195777,Google Phone,1,5/9/2019 1:47
195778,Bose SoundSport Headphones,1,5/24/2019 6:51
195779,34in Ultrawide Monitor,1,5/2/2019 17:18
195780,AA Batteries (4-pack),2,5/7/2019 18:23
195781,AAA Batteries (4-pack),1,5/8/2019 21:55
195782,34in Ultrawide Monitor,1,5/10/2019 20:42
195783,USB-C Charging Cable,1,5/7/2019 12:36
195784,AA Batteries (4-pack),3,5/31/2019 19:06
195785,USB-C Charging Cable,1,5/15/2019 13:36
195785,Lightning Charging Cable,1,5/15/2019 13:36
195786,AA Batteries (4-pack),1,5/21/2019 15:03
195787,27in 4K Gaming Monitor,1,5/4/2019 11:36
195787,Lightning Charging Cable,1,5/4/2019 11:36
195788,Flatscreen TV,1,5/13/2019 11:48
195789,Wired Headphones,1,5/28/2019 11:49
195790,Macbook Pro Laptop,1,5/22/2019 21:35
195791,Lightning Charging Cable,1,5/2/2019 12:03
195792,Apple Airpods Headphones,1,5/25/2019 12:04
195793,ThinkPad Laptop,1,5/18/2019 17:29
195794,AA Batteries (4-pack),1,5/26/2019 0:10
195795,20in Monitor,1,5/11/2019 10:05
195796,USB-C Charging Cable,2,5/26/2019 23:30
195797,Wired Headphones,1,5/17/2019 13:51
195798,AAA Batteries (4-pack),1,5/9/2019 11:37
195799,Apple Airpods Headphones,1,5/21/2019 22:47
195800,AA Batteries (4-pack),1,5/24/2019 11:32
195801,iPhone,1,5/24/2019 12:06
195802,Apple Airpods Headphones,1,5/23/2019 22:23
195803,USB-C Charging Cable,2,5/16/2019 21:57
195804,Apple Airpods Headphones,1,5/14/2019 19:01
195805,34in Ultrawide Monitor,1,5/20/2019 12:38
195806,AAA Batteries (4-pack),1,5/4/2019 23:22
195807,Macbook Pro Laptop,1,5/28/2019 20:41
195808,Lightning Charging Cable,1,5/17/2019 13:54
195809,Flatscreen TV,1,5/17/2019 8:23
195810,AA Batteries (4-pack),2,5/24/2019 19:37
195811,USB-C Charging Cable,1,5/21/2019 10:49
195812,USB-C Charging Cable,1,5/1/2019 22:03
195813,Wired Headphones,1,5/11/2019 9:24
195814,AAA Batteries (4-pack),1,5/10/2019 0:27
195815,AAA Batteries (4-pack),6,5/24/2019 14:02
195816,Wired Headphones,1,5/9/2019 15:36
195817,27in FHD Monitor,1,5/7/2019 14:32
195818,Apple Airpods Headphones,1,5/15/2019 15:19
195819,AA Batteries (4-pack),1,5/15/2019 12:37
195820,Flatscreen TV,1,5/24/2019 2:24
195821,AAA Batteries (4-pack),2,5/23/2019 10:07
195822,Apple Airpods Headphones,1,5/26/2019 10:23
195823,Apple Airpods Headphones,1,5/21/2019 6:49
195824,AAA Batteries (4-pack),3,5/15/2019 19:18
195825,27in FHD Monitor,1,5/20/2019 22:02
195826,27in FHD Monitor,1,5/23/2019 1:33
195827,Wired Headphones,1,5/18/2019 12:50
195828,iPhone,1,5/23/2019 23:12
195829,Bose SoundSport Headphones,1,5/6/2019 20:53
195830,Wired Headphones,1,5/3/2019 11:34
195831,AA Batteries (4-pack),1,5/6/2019 19:14
195832,iPhone,1,5/16/2019 23:49
195832,Google Phone,1,5/16/2019 23:49
195833,Macbook Pro Laptop,1,5/27/2019 17:01
195834,Apple Airpods Headphones,1,5/20/2019 10:39
195835,AAA Batteries (4-pack),1,5/10/2019 8:18
195836,Lightning Charging Cable,1,5/22/2019 14:25
195837,Wired Headphones,1,5/29/2019 12:46
195838,Wired Headphones,1,5/13/2019 11:07
195839,USB-C Charging Cable,1,5/18/2019 14:41
195840,AAA Batteries (4-pack),1,5/11/2019 10:19
195841,AAA Batteries (4-pack),5,5/16/2019 10:03
195842,AAA Batteries (4-pack),1,5/29/2019 21:04
195843,Bose SoundSport Headphones,1,5/18/2019 18:32
195844,Lightning Charging Cable,1,5/25/2019 9:40
195845,AA Batteries (4-pack),1,5/30/2019 13:12
195846,Apple Airpods Headphones,1,5/3/2019 12:13
195847,Lightning Charging Cable,1,5/13/2019 19:35
195848,Google Phone,1,5/9/2019 14:51
195849,27in 4K Gaming Monitor,1,5/20/2019 16:56
195850,Apple Airpods Headphones,1,5/27/2019 0:26
195851,Wired Headphones,1,5/19/2019 19:58
195852,iPhone,1,5/13/2019 19:34
195853,Macbook Pro Laptop,1,5/13/2019 17:16
195854,Wired Headphones,1,5/18/2019 12:33
195855,USB-C Charging Cable,1,5/20/2019 7:20
195856,iPhone,1,5/10/2019 18:23
195857,AAA Batteries (4-pack),1,5/7/2019 14:49
195858,AA Batteries (4-pack),1,5/29/2019 8:14
195859,27in 4K Gaming Monitor,1,5/4/2019 9:58
195860,Bose SoundSport Headphones,1,5/31/2019 17:00
195861,USB-C Charging Cable,1,5/7/2019 11:38
195862,USB-C Charging Cable,1,5/16/2019 12:18
195863,iPhone,1,5/29/2019 11:26
195864,20in Monitor,1,5/17/2019 16:35
195865,Wired Headphones,1,5/21/2019 21:52
195866,Lightning Charging Cable,1,5/25/2019 10:17
195867,USB-C Charging Cable,1,5/22/2019 23:02
195868,Apple Airpods Headphones,1,5/10/2019 21:25
195869,AAA Batteries (4-pack),1,6/1/2019 1:06
195870,iPhone,1,5/24/2019 12:06
195870,Apple Airpods Headphones,1,5/24/2019 12:06
195871,Lightning Charging Cable,1,5/28/2019 20:06
195872,USB-C Charging Cable,1,5/13/2019 20:02
195873,AAA Batteries (4-pack),2,5/1/2019 12:48
195874,Google Phone,1,5/20/2019 0:44
195875,USB-C Charging Cable,1,5/9/2019 19:51
195876,AA Batteries (4-pack),1,5/25/2019 10:06
195877,Bose SoundSport Headphones,1,5/27/2019 13:13
195877,Wired Headphones,1,5/27/2019 13:13
195878,Lightning Charging Cable,3,5/22/2019 16:28
195879,AA Batteries (4-pack),2,5/9/2019 22:04
195880,Lightning Charging Cable,1,5/20/2019 21:04
195881,AA Batteries (4-pack),2,5/21/2019 13:01
195882,AAA Batteries (4-pack),2,5/16/2019 20:47
195883,Google Phone,1,5/3/2019 8:45
195883,USB-C Charging Cable,1,5/3/2019 8:45
195884,Bose SoundSport Headphones,1,5/1/2019 17:24
195885,Bose SoundSport Headphones,1,5/28/2019 9:25
195886,Vareebadd Phone,1,5/7/2019 22:20
195887,AA Batteries (4-pack),1,5/22/2019 11:29
195888,27in 4K Gaming Monitor,1,5/1/2019 18:46
195889,Lightning Charging Cable,1,5/4/2019 9:21
195890,Bose SoundSport Headphones,1,5/15/2019 20:45
195891,Lightning Charging Cable,1,5/28/2019 17:01
195892,Bose SoundSport Headphones,1,5/29/2019 19:23
195893,AA Batteries (4-pack),2,5/26/2019 12:47
195894,AAA Batteries (4-pack),1,5/24/2019 12:25
195895,USB-C Charging Cable,1,5/17/2019 14:46
195896,Wired Headphones,2,5/24/2019 13:05
195897,AA Batteries (4-pack),2,5/11/2019 10:06
195898,USB-C Charging Cable,1,5/11/2019 7:54
195899,AAA Batteries (4-pack),1,5/25/2019 9:37
195900,Apple Airpods Headphones,1,5/2/2019 10:16
195901,AAA Batteries (4-pack),1,5/1/2019 10:51
195902,Lightning Charging Cable,1,5/14/2019 13:01
195903,ThinkPad Laptop,1,5/13/2019 19:36
195904,Wired Headphones,1,5/2/2019 14:07
195905,Macbook Pro Laptop,1,5/23/2019 22:43
195906,AAA Batteries (4-pack),1,5/5/2019 11:55
195907,AA Batteries (4-pack),1,5/11/2019 12:57
195908,ThinkPad Laptop,1,5/25/2019 16:55
195908,27in 4K Gaming Monitor,1,5/25/2019 16:55
195909,AA Batteries (4-pack),1,5/10/2019 20:29
195910,27in FHD Monitor,1,5/12/2019 19:27
195910,AA Batteries (4-pack),1,5/12/2019 19:27
195911,Bose SoundSport Headphones,1,5/11/2019 9:47
195912,Apple Airpods Headphones,1,5/22/2019 12:50
195913,27in FHD Monitor,1,5/23/2019 17:19
195914,27in 4K Gaming Monitor,1,5/18/2019 13:58
195915,Wired Headphones,1,5/11/2019 12:29
195916,AA Batteries (4-pack),1,5/5/2019 13:17
195917,AAA Batteries (4-pack),1,5/5/2019 14:42
195918,27in 4K Gaming Monitor,1,5/8/2019 12:03
195919,AA Batteries (4-pack),1,5/10/2019 12:00
195920,Vareebadd Phone,1,5/2/2019 20:40
195920,USB-C Charging Cable,1,5/2/2019 20:40
195921,Apple Airpods Headphones,1,5/16/2019 21:52
195922,AA Batteries (4-pack),1,5/3/2019 5:15
195923,Wired Headphones,1,5/15/2019 10:53
195924,USB-C Charging Cable,1,5/28/2019 16:16
195925,Bose SoundSport Headphones,1,5/31/2019 13:03
195926,AAA Batteries (4-pack),1,5/19/2019 16:13
195927,AAA Batteries (4-pack),1,5/4/2019 22:15
195928,Lightning Charging Cable,1,5/9/2019 16:38
195929,Bose SoundSport Headphones,1,5/20/2019 7:23
195930,USB-C Charging Cable,1,5/14/2019 15:59
195931,34in Ultrawide Monitor,1,5/7/2019 12:04
195932,USB-C Charging Cable,1,5/11/2019 23:42
195933,20in Monitor,1,5/3/2019 7:19
195934,USB-C Charging Cable,1,5/12/2019 18:16
195935,Lightning Charging Cable,1,5/19/2019 10:20
195936,Bose SoundSport Headphones,1,5/31/2019 15:18
195937,AA Batteries (4-pack),1,5/26/2019 20:42
195938,ThinkPad Laptop,1,5/3/2019 18:05
195939,34in Ultrawide Monitor,1,5/27/2019 17:33
195940,Bose SoundSport Headphones,1,5/27/2019 6:38
195941,Flatscreen TV,1,5/31/2019 19:18
195942,ThinkPad Laptop,1,5/22/2019 12:08
195943,AAA Batteries (4-pack),3,5/16/2019 8:40
195944,AA Batteries (4-pack),2,5/27/2019 18:43
195945,AAA Batteries (4-pack),1,5/13/2019 14:13
,,,
195946,Bose SoundSport Headphones,1,5/5/2019 19:04
195947,Wired Headphones,1,5/22/2019 19:54
195948,Lightning Charging Cable,1,5/18/2019 15:34
195949,Macbook Pro Laptop,1,5/6/2019 11:11
195950,Flatscreen TV,1,5/19/2019 17:24
195951,Google Phone,1,5/14/2019 8:18
195952,AA Batteries (4-pack),1,5/8/2019 12:03
195953,Lightning Charging Cable,1,5/27/2019 20:40
195954,Wired Headphones,1,5/23/2019 11:51
195955,Wired Headphones,1,5/20/2019 21:16
195956,AAA Batteries (4-pack),1,5/17/2019 19:37
195957,Apple Airpods Headphones,1,5/31/2019 15:18
195958,Lightning Charging Cable,1,5/8/2019 17:45
195959,Bose SoundSport Headphones,1,5/30/2019 8:35
195960,27in 4K Gaming Monitor,1,5/24/2019 10:59
195961,Bose SoundSport Headphones,1,5/6/2019 22:19
195962,20in Monitor,1,5/14/2019 16:47
195963,USB-C Charging Cable,1,5/4/2019 19:45
195964,ThinkPad Laptop,1,5/8/2019 19:16
195965,USB-C Charging Cable,1,5/8/2019 11:24
195966,Apple Airpods Headphones,1,5/19/2019 9:15
195967,AAA Batteries (4-pack),1,5/23/2019 17:49
195968,Apple Airpods Headphones,1,5/11/2019 8:10
195969,Lightning Charging Cable,1,5/24/2019 22:34
195970,Bose SoundSport Headphones,1,5/8/2019 22:24
195971,27in FHD Monitor,1,5/6/2019 15:52
195972,USB-C Charging Cable,1,5/18/2019 23:52
195973,Lightning Charging Cable,1,5/14/2019 21:04
195974,27in 4K Gaming Monitor,1,5/14/2019 8:44
195975,Wired Headphones,1,5/5/2019 11:26
195976,Wired Headphones,1,5/31/2019 19:40
195977,Macbook Pro Laptop,1,5/30/2019 16:42
195978,AA Batteries (4-pack),1,5/20/2019 21:41
195979,ThinkPad Laptop,1,5/30/2019 19:04
195980,USB-C Charging Cable,1,5/25/2019 22:17
195981,iPhone,1,5/21/2019 15:02
195982,AAA Batteries (4-pack),1,5/19/2019 3:34
195983,Bose SoundSport Headphones,1,5/25/2019 18:32
195984,ThinkPad Laptop,1,5/22/2019 19:21
195985,AA Batteries (4-pack),1,5/11/2019 15:36
195986,Lightning Charging Cable,1,5/25/2019 17:38
195987,Lightning Charging Cable,1,5/7/2019 18:49
195988,27in 4K Gaming Monitor,1,5/22/2019 4:26
195989,AA Batteries (4-pack),1,5/10/2019 19:34
195990,Bose SoundSport Headphones,1,5/7/2019 20:42
195991,AAA Batteries (4-pack),1,5/21/2019 3:52
195992,Wired Headphones,1,5/27/2019 14:22
195993,Wired Headphones,1,5/20/2019 20:22
195994,USB-C Charging Cable,1,5/6/2019 20:37
195995,Bose SoundSport Headphones,1,5/7/2019 6:33
195996,27in 4K Gaming Monitor,1,5/13/2019 15:38
195997,ThinkPad Laptop,1,5/27/2019 15:58
195998,AAA Batteries (4-pack),1,5/3/2019 11:40
195999,iPhone,1,5/11/2019 16:39
196000,AA Batteries (4-pack),1,5/4/2019 9:42
196001,AAA Batteries (4-pack),2,5/23/2019 21:51
196002,AA Batteries (4-pack),1,5/7/2019 19:55
196003,iPhone,1,5/3/2019 14:29
196004,USB-C Charging Cable,1,5/31/2019 22:41
196005,USB-C Charging Cable,1,5/23/2019 18:53
196006,27in 4K Gaming Monitor,1,5/15/2019 10:06
196007,Bose SoundSport Headphones,1,5/29/2019 14:49
196008,ThinkPad Laptop,1,5/22/2019 22:33
196009,20in Monitor,1,5/25/2019 12:07
196010,Wired Headphones,1,5/26/2019 20:02
196011,USB-C Charging Cable,1,5/10/2019 13:15
196012,Lightning Charging Cable,2,5/10/2019 20:39
196013,34in Ultrawide Monitor,1,5/29/2019 14:39
196014,iPhone,1,5/16/2019 11:49
196014,Lightning Charging Cable,1,5/16/2019 11:49
196014,Apple Airpods Headphones,1,5/16/2019 11:49
196015,USB-C Charging Cable,1,5/17/2019 18:35
196016,27in FHD Monitor,1,5/4/2019 8:43
196017,27in FHD Monitor,1,5/5/2019 12:16
196018,Apple Airpods Headphones,1,5/18/2019 19:05
196019,AA Batteries (4-pack),1,5/19/2019 22:09
196020,Vareebadd Phone,1,5/26/2019 16:25
196021,AAA Batteries (4-pack),1,5/4/2019 16:55
196022,Bose SoundSport Headphones,1,5/29/2019 10:25
196023,Wired Headphones,1,5/15/2019 10:02
196024,iPhone,1,5/7/2019 21:15
196024,Lightning Charging Cable,1,5/7/2019 21:15
196025,27in FHD Monitor,1,5/13/2019 11:01
196026,34in Ultrawide Monitor,1,5/6/2019 18:04
196027,Bose SoundSport Headphones,1,5/7/2019 8:35
196028,Apple Airpods Headphones,1,5/21/2019 11:37
196029,Flatscreen TV,1,5/9/2019 16:20
196030,Wired Headphones,1,5/2/2019 13:55
196031,AAA Batteries (4-pack),1,5/28/2019 8:14
196032,AAA Batteries (4-pack),2,5/8/2019 10:04
196033,AAA Batteries (4-pack),1,5/19/2019 14:36
196034,USB-C Charging Cable,1,5/15/2019 12:58
196035,AA Batteries (4-pack),1,5/27/2019 12:12
196036,USB-C Charging Cable,1,5/3/2019 20:48
196037,Flatscreen TV,1,5/18/2019 21:25
196038,34in Ultrawide Monitor,1,5/18/2019 13:32
196039,Wired Headphones,1,5/24/2019 20:46
196040,USB-C Charging Cable,1,5/24/2019 21:07
196041,AA Batteries (4-pack),1,5/19/2019 11:11
196042,27in FHD Monitor,1,5/3/2019 22:50
196043,Apple Airpods Headphones,1,5/18/2019 20:08
196044,AAA Batteries (4-pack),1,5/18/2019 10:22
196045,20in Monitor,1,5/2/2019 7:18
196046,Lightning Charging Cable,1,5/3/2019 15:24
196047,Apple Airpods Headphones,1,5/30/2019 23:47
196048,Flatscreen TV,1,5/12/2019 13:47
196049,AA Batteries (4-pack),1,5/2/2019 20:33
196050,Bose SoundSport Headphones,1,5/24/2019 22:57
196051,34in Ultrawide Monitor,1,5/15/2019 23:17
196052,Bose SoundSport Headphones,1,5/21/2019 16:28
196053,Google Phone,1,5/25/2019 19:23
196054,34in Ultrawide Monitor,1,5/30/2019 18:48
196055,Bose SoundSport Headphones,1,5/8/2019 0:05
196056,Wired Headphones,1,5/20/2019 16:15
196057,AAA Batteries (4-pack),1,5/16/2019 16:18
196058,Bose SoundSport Headphones,1,5/21/2019 18:32
196059,Apple Airpods Headphones,1,5/10/2019 16:45
196060,Apple Airpods Headphones,1,5/2/2019 18:29
196061,Google Phone,1,5/19/2019 19:56
196061,USB-C Charging Cable,1,5/19/2019 19:56
196062,Lightning Charging Cable,1,5/21/2019 10:42
196063,USB-C Charging Cable,1,5/14/2019 0:29
196064,Wired Headphones,1,5/9/2019 12:04
196065,Bose SoundSport Headphones,1,5/16/2019 12:50
196066,27in FHD Monitor,1,5/12/2019 21:24
196067,Vareebadd Phone,1,5/23/2019 21:03
196068,Lightning Charging Cable,1,5/27/2019 20:54
196069,Apple Airpods Headphones,1,5/9/2019 14:23
196070,USB-C Charging Cable,1,5/6/2019 10:30
196071,Apple Airpods Headphones,1,5/7/2019 9:16
196072,Lightning Charging Cable,1,6/1/2019 0:18
196073,Bose SoundSport Headphones,1,5/20/2019 21:21
196074,AA Batteries (4-pack),2,5/7/2019 12:16
196075,34in Ultrawide Monitor,1,5/5/2019 12:04
196076,USB-C Charging Cable,1,5/7/2019 22:22
196077,Lightning Charging Cable,1,5/26/2019 10:15
196078,AA Batteries (4-pack),1,5/1/2019 6:54
196079,27in 4K Gaming Monitor,1,5/12/2019 10:56
196080,USB-C Charging Cable,1,5/22/2019 14:26
196081,AAA Batteries (4-pack),1,5/28/2019 16:41
196082,iPhone,1,5/6/2019 16:58
196083,iPhone,1,5/19/2019 20:38
196084,Flatscreen TV,1,5/17/2019 9:51
196085,USB-C Charging Cable,1,5/25/2019 10:10
196086,AAA Batteries (4-pack),1,5/14/2019 14:02
196087,iPhone,1,5/12/2019 20:41
196088,27in 4K Gaming Monitor,1,5/8/2019 17:41
196089,Lightning Charging Cable,1,5/2/2019 20:34
196090,iPhone,1,5/15/2019 19:41
196090,Apple Airpods Headphones,1,5/15/2019 19:41
196091,27in 4K Gaming Monitor,1,5/14/2019 14:38
196092,27in FHD Monitor,1,5/23/2019 17:45
196093,USB-C Charging Cable,1,5/5/2019 15:37
196094,AAA Batteries (4-pack),1,5/4/2019 16:30
196095,Bose SoundSport Headphones,1,5/3/2019 14:19
196096,Lightning Charging Cable,1,5/30/2019 23:16
196097,USB-C Charging Cable,1,5/23/2019 18:46
196098,27in 4K Gaming Monitor,1,5/2/2019 8:10
196099,AA Batteries (4-pack),1,5/19/2019 12:14
196100,iPhone,1,5/21/2019 13:06
196101,Bose SoundSport Headphones,1,5/11/2019 22:07
196102,iPhone,1,5/6/2019 19:30
196103,AAA Batteries (4-pack),2,5/22/2019 12:27
196104,27in FHD Monitor,1,5/2/2019 0:05
196105,AAA Batteries (4-pack),1,5/16/2019 5:29
196106,Flatscreen TV,1,5/3/2019 4:57
196107,Lightning Charging Cable,1,5/1/2019 9:36
196108,34in Ultrawide Monitor,1,5/30/2019 21:00
196109,27in 4K Gaming Monitor,1,5/25/2019 18:19
196110,Wired Headphones,1,5/23/2019 12:10
196111,Wired Headphones,1,5/21/2019 16:13
196112,27in FHD Monitor,1,5/16/2019 23:21
196113,27in FHD Monitor,1,5/19/2019 21:43
196114,AAA Batteries (4-pack),1,5/30/2019 23:36
196115,Wired Headphones,1,5/28/2019 12:20
196116,Bose SoundSport Headphones,1,5/16/2019 10:47
196117,Lightning Charging Cable,1,5/24/2019 20:22
196118,USB-C Charging Cable,1,5/24/2019 17:36
196119,Wired Headphones,1,5/17/2019 9:21
196120,AA Batteries (4-pack),2,5/28/2019 6:37
196121,AAA Batteries (4-pack),1,5/13/2019 23:11
196122,USB-C Charging Cable,1,5/1/2019 14:05
196123,Vareebadd Phone,1,5/12/2019 19:14
196123,USB-C Charging Cable,1,5/12/2019 19:14
196124,Apple Airpods Headphones,1,5/9/2019 19:53
196125,USB-C Charging Cable,2,5/17/2019 16:50
196126,Macbook Pro Laptop,1,5/8/2019 16:51
196127,27in 4K Gaming Monitor,1,5/19/2019 11:30
196128,Google Phone,1,5/6/2019 18:37
196128,USB-C Charging Cable,1,5/6/2019 18:37
196129,iPhone,1,5/9/2019 15:02
196130,AA Batteries (4-pack),1,5/30/2019 22:07
196131,USB-C Charging Cable,1,5/5/2019 14:34
196132,Lightning Charging Cable,1,6/1/2019 2:48
196133,AAA Batteries (4-pack),1,5/7/2019 21:20
196134,Wired Headphones,1,5/23/2019 16:07
196135,Apple Airpods Headphones,1,5/16/2019 19:53
196136,iPhone,1,5/23/2019 20:50
196136,Lightning Charging Cable,2,5/23/2019 20:50
196137,Apple Airpods Headphones,1,5/30/2019 15:52
196138,AAA Batteries (4-pack),1,5/5/2019 17:33
196139,AAA Batteries (4-pack),1,5/6/2019 14:56
196140,Lightning Charging Cable,1,5/19/2019 20:44
196141,USB-C Charging Cable,1,5/28/2019 7:09
196142,Bose SoundSport Headphones,1,5/5/2019 12:32
196143,Flatscreen TV,1,5/11/2019 20:01
196144,Lightning Charging Cable,1,5/1/2019 19:08
196145,Lightning Charging Cable,2,5/12/2019 18:29
196146,20in Monitor,1,5/5/2019 17:26
196147,AAA Batteries (4-pack),1,5/8/2019 21:21
196148,USB-C Charging Cable,2,5/27/2019 3:02
196149,USB-C Charging Cable,1,5/19/2019 16:15
196150,USB-C Charging Cable,1,5/4/2019 15:17
196151,LG Dryer,1,5/24/2019 11:43
196152,Bose SoundSport Headphones,1,5/16/2019 16:11
196153,USB-C Charging Cable,1,5/6/2019 19:48
196154,AA Batteries (4-pack),1,5/11/2019 21:16
196155,USB-C Charging Cable,1,5/14/2019 9:50
196156,AAA Batteries (4-pack),1,5/19/2019 9:27
196157,27in FHD Monitor,1,5/12/2019 22:22
196158,Apple Airpods Headphones,1,5/21/2019 22:45
196159,AAA Batteries (4-pack),1,5/10/2019 7:59
196160,AA Batteries (4-pack),1,5/19/2019 13:27
196161,Apple Airpods Headphones,1,5/31/2019 8:05
196162,Bose SoundSport Headphones,1,5/5/2019 10:26
196163,AA Batteries (4-pack),2,5/29/2019 11:49
196164,Lightning Charging Cable,1,5/22/2019 11:34
196165,Google Phone,1,5/7/2019 23:19
196165,USB-C Charging Cable,1,5/7/2019 23:19
196166,Lightning Charging Cable,1,5/19/2019 16:50
196167,USB-C Charging Cable,1,5/20/2019 18:00
196168,USB-C Charging Cable,1,5/27/2019 16:32
196169,USB-C Charging Cable,1,5/16/2019 18:49
196170,USB-C Charging Cable,1,5/23/2019 20:21
196171,Lightning Charging Cable,1,5/6/2019 21:02
196172,AAA Batteries (4-pack),2,5/26/2019 15:05
196173,AA Batteries (4-pack),1,5/21/2019 15:31
196174,34in Ultrawide Monitor,1,5/29/2019 17:01
196175,Wired Headphones,1,5/2/2019 8:06
196176,AAA Batteries (4-pack),1,5/23/2019 23:51
196177,Lightning Charging Cable,1,5/16/2019 13:23
196178,Wired Headphones,1,5/13/2019 12:08
196179,AA Batteries (4-pack),1,5/3/2019 18:10
196180,AA Batteries (4-pack),1,5/23/2019 0:30
196181,AA Batteries (4-pack),1,5/26/2019 10:14
196182,Apple Airpods Headphones,1,5/21/2019 20:02
196183,Apple Airpods Headphones,1,5/4/2019 23:45
196184,USB-C Charging Cable,1,5/27/2019 14:29
196185,ThinkPad Laptop,1,5/5/2019 10:43
196186,27in 4K Gaming Monitor,1,5/30/2019 19:35
196187,AAA Batteries (4-pack),1,5/13/2019 8:24
196188,USB-C Charging Cable,1,5/23/2019 19:24
196189,LG Washing Machine,1,5/30/2019 13:48
196190,AAA Batteries (4-pack),2,5/26/2019 10:46
196191,AA Batteries (4-pack),2,5/26/2019 10:58
196192,iPhone,1,5/9/2019 16:24
196193,USB-C Charging Cable,1,5/8/2019 20:40
196194,27in 4K Gaming Monitor,1,5/21/2019 13:54
196195,AA Batteries (4-pack),1,5/25/2019 15:00
196196,20in Monitor,1,5/28/2019 22:49
196197,Lightning Charging Cable,1,5/3/2019 18:47
196198,Apple Airpods Headphones,1,5/2/2019 18:35
196199,AA Batteries (4-pack),1,5/29/2019 16:46
196200,Apple Airpods Headphones,1,5/13/2019 22:57
196201,USB-C Charging Cable,1,5/26/2019 18:46
196202,27in FHD Monitor,1,5/27/2019 17:02
196203,Google Phone,1,5/22/2019 11:09
196204,Wired Headphones,1,5/31/2019 11:25
196205,Lightning Charging Cable,1,5/22/2019 19:41
196206,AA Batteries (4-pack),1,5/9/2019 10:36
196207,Bose SoundSport Headphones,1,5/21/2019 23:55
196208,Lightning Charging Cable,1,5/20/2019 19:19
196209,Bose SoundSport Headphones,1,5/17/2019 13:19
196210,iPhone,1,5/7/2019 18:45
196211,Apple Airpods Headphones,1,5/18/2019 7:30
196212,AA Batteries (4-pack),1,5/12/2019 15:52
196213,20in Monitor,1,5/17/2019 10:01
196214,AAA Batteries (4-pack),1,5/10/2019 22:11
196215,AA Batteries (4-pack),1,5/9/2019 15:07
196216,USB-C Charging Cable,1,5/20/2019 15:40
196217,AA Batteries (4-pack),1,5/28/2019 19:23
196218,USB-C Charging Cable,1,5/19/2019 13:05
196219,AAA Batteries (4-pack),2,5/14/2019 10:46
196220,Apple Airpods Headphones,1,5/3/2019 13:00
196221,Bose SoundSport Headphones,1,5/23/2019 12:34
196222,Lightning Charging Cable,1,5/8/2019 9:06
196223,Wired Headphones,1,5/16/2019 11:56
196224,AA Batteries (4-pack),1,5/25/2019 22:35
196225,USB-C Charging Cable,1,5/21/2019 18:30
196226,34in Ultrawide Monitor,1,5/21/2019 18:37
196227,Lightning Charging Cable,2,5/23/2019 9:40
196228,iPhone,1,5/19/2019 9:02
196229,AA Batteries (4-pack),1,5/21/2019 23:46
196230,27in 4K Gaming Monitor,1,5/2/2019 12:29
196231,Lightning Charging Cable,1,5/17/2019 13:14
196232,Wired Headphones,1,5/25/2019 17:11
196233,AA Batteries (4-pack),1,5/13/2019 17:17
196234,Bose SoundSport Headphones,1,5/12/2019 8:50
196235,Wired Headphones,1,5/18/2019 8:30
196236,AA Batteries (4-pack),2,5/13/2019 14:13
196237,Wired Headphones,1,5/14/2019 13:39
196238,AA Batteries (4-pack),1,5/5/2019 17:01
196239,Wired Headphones,1,5/5/2019 18:28
196240,Lightning Charging Cable,1,5/2/2019 13:47
196241,AAA Batteries (4-pack),3,5/20/2019 18:04
196242,AAA Batteries (4-pack),1,5/16/2019 18:49
196243,Lightning Charging Cable,1,5/10/2019 12:30
196244,AAA Batteries (4-pack),1,5/6/2019 22:57
196245,AA Batteries (4-pack),1,5/1/2019 12:54
196246,USB-C Charging Cable,1,5/11/2019 20:38
196247,Wired Headphones,1,5/20/2019 21:08
196248,Lightning Charging Cable,1,5/25/2019 10:44
196249,Lightning Charging Cable,1,5/4/2019 19:18
196250,Wired Headphones,1,5/26/2019 14:10
196251,Apple Airpods Headphones,1,5/25/2019 22:01
196252,USB-C Charging Cable,1,5/25/2019 23:21
196253,AAA Batteries (4-pack),1,5/1/2019 13:16
196254,Google Phone,1,5/28/2019 9:21
196255,Bose SoundSport Headphones,1,5/20/2019 10:49
196256,AAA Batteries (4-pack),3,5/17/2019 17:40
196257,27in FHD Monitor,1,5/14/2019 14:02
196258,AAA Batteries (4-pack),1,5/12/2019 17:19
196259,34in Ultrawide Monitor,1,5/29/2019 17:40
196260,AA Batteries (4-pack),2,5/29/2019 15:51
196260,Wired Headphones,1,5/29/2019 15:51
196261,AAA Batteries (4-pack),1,5/1/2019 11:21
196262,Apple Airpods Headphones,1,5/4/2019 16:22
196263,AAA Batteries (4-pack),1,5/7/2019 10:59
196264,USB-C Charging Cable,1,5/21/2019 19:41
196265,AAA Batteries (4-pack),2,5/11/2019 21:27
196266,USB-C Charging Cable,1,5/7/2019 19:32
196267,Bose SoundSport Headphones,1,5/8/2019 22:15
196268,AAA Batteries (4-pack),2,5/11/2019 2:17
196269,USB-C Charging Cable,1,5/30/2019 12:47
196270,34in Ultrawide Monitor,1,5/20/2019 14:45
196271,iPhone,1,5/9/2019 21:24
196272,Apple Airpods Headphones,1,5/14/2019 19:43
196273,20in Monitor,1,5/11/2019 10:39
196274,20in Monitor,1,5/1/2019 9:37
196275,AA Batteries (4-pack),1,5/14/2019 9:31
196276,34in Ultrawide Monitor,1,5/16/2019 0:28
196277,Lightning Charging Cable,1,5/13/2019 20:36
196278,AAA Batteries (4-pack),1,5/4/2019 12:24
196279,Bose SoundSport Headphones,1,5/3/2019 11:43
196280,AAA Batteries (4-pack),2,5/19/2019 15:57
196281,USB-C Charging Cable,1,5/10/2019 23:21
196282,AAA Batteries (4-pack),1,5/19/2019 17:52
196283,Wired Headphones,1,5/31/2019 11:07
196284,Lightning Charging Cable,1,5/15/2019 11:02
196285,Lightning Charging Cable,1,5/17/2019 19:31
196286,AA Batteries (4-pack),1,5/15/2019 9:49
196287,iPhone,1,5/17/2019 9:50
196288,27in 4K Gaming Monitor,1,5/9/2019 7:28
196289,AAA Batteries (4-pack),2,5/7/2019 11:10
196290,USB-C Charging Cable,1,5/3/2019 19:24
196291,Wired Headphones,1,5/12/2019 16:11
196292,iPhone,1,5/7/2019 10:08
196293,AA Batteries (4-pack),1,5/15/2019 14:21
196294,USB-C Charging Cable,2,5/12/2019 18:28
196295,iPhone,1,5/2/2019 10:14
196296,27in FHD Monitor,1,5/29/2019 12:29
196297,AA Batteries (4-pack),1,5/24/2019 22:04
196298,Bose SoundSport Headphones,1,5/16/2019 21:04
196299,AAA Batteries (4-pack),1,5/4/2019 8:02
196300,iPhone,1,5/1/2019 19:27
196301,Lightning Charging Cable,1,5/21/2019 12:00
196302,AA Batteries (4-pack),1,5/21/2019 12:03
196303,Wired Headphones,1,5/20/2019 13:24
196304,Wired Headphones,1,5/15/2019 15:10
196305,Wired Headphones,2,5/31/2019 16:04
196306,AAA Batteries (4-pack),3,5/5/2019 1:10
196307,AA Batteries (4-pack),1,5/24/2019 11:06
196308,AA Batteries (4-pack),1,5/10/2019 9:18
196309,34in Ultrawide Monitor,1,5/23/2019 19:54
196310,AA Batteries (4-pack),1,5/1/2019 19:48
196311,Google Phone,1,5/25/2019 13:15
196311,Wired Headphones,1,5/25/2019 13:15
196312,Lightning Charging Cable,1,5/4/2019 14:08
196313,Apple Airpods Headphones,1,5/18/2019 10:01
196314,Google Phone,1,5/13/2019 10:40
196315,AA Batteries (4-pack),1,5/6/2019 17:52
196316,AAA Batteries (4-pack),1,5/31/2019 11:07
196317,Wired Headphones,1,5/23/2019 21:06
196318,Google Phone,1,5/17/2019 14:36
196319,AA Batteries (4-pack),2,5/4/2019 12:13
196320,Lightning Charging Cable,1,5/26/2019 18:34
196321,Apple Airpods Headphones,1,5/1/2019 23:30
196322,AA Batteries (4-pack),1,5/5/2019 9:33
196323,Bose SoundSport Headphones,1,5/6/2019 9:16
196324,USB-C Charging Cable,1,5/24/2019 1:40
196325,Apple Airpods Headphones,1,5/19/2019 0:30
196326,AAA Batteries (4-pack),1,5/1/2019 7:14
196327,Google Phone,1,5/13/2019 14:08
196327,Wired Headphones,1,5/13/2019 14:08
196328,27in FHD Monitor,1,5/15/2019 10:46
196329,Bose SoundSport Headphones,1,5/17/2019 21:52
196330,27in FHD Monitor,1,5/12/2019 19:49
196331,AA Batteries (4-pack),1,5/17/2019 15:22
196332,iPhone,1,5/11/2019 10:04
196333,AA Batteries (4-pack),2,5/16/2019 20:09
196334,AAA Batteries (4-pack),1,5/24/2019 20:46
196335,Apple Airpods Headphones,1,5/16/2019 9:10
196336,AAA Batteries (4-pack),1,5/30/2019 19:25
196337,Wired Headphones,1,5/20/2019 19:54
196338,AA Batteries (4-pack),1,5/30/2019 11:19
196339,Bose SoundSport Headphones,1,5/1/2019 18:00
196340,AAA Batteries (4-pack),2,5/22/2019 21:45
196341,USB-C Charging Cable,1,5/9/2019 12:55
196342,Wired Headphones,1,5/6/2019 15:32
196343,Wired Headphones,1,5/10/2019 19:07
196344,Wired Headphones,1,5/21/2019 22:11
196345,AA Batteries (4-pack),1,5/12/2019 17:28
196346,AA Batteries (4-pack),1,5/15/2019 21:12
196347,USB-C Charging Cable,1,5/12/2019 18:51
196348,34in Ultrawide Monitor,1,5/25/2019 11:31
196349,27in FHD Monitor,1,5/1/2019 13:16
196350,AAA Batteries (4-pack),1,5/17/2019 11:09
196351,USB-C Charging Cable,1,5/17/2019 16:40
196352,USB-C Charging Cable,1,5/2/2019 14:51
196353,AAA Batteries (4-pack),1,5/3/2019 9:11
196354,Wired Headphones,1,5/17/2019 12:47
196355,20in Monitor,1,5/29/2019 20:31
196356,Apple Airpods Headphones,1,5/14/2019 7:55
196357,Apple Airpods Headphones,1,5/8/2019 12:56
196358,Wired Headphones,1,5/23/2019 18:42
196359,Wired Headphones,2,5/1/2019 10:19
196360,Wired Headphones,1,5/22/2019 12:18
196361,AAA Batteries (4-pack),2,5/17/2019 19:44
196362,Apple Airpods Headphones,1,5/29/2019 23:54
196363,USB-C Charging Cable,2,5/26/2019 13:46
196364,Wired Headphones,1,5/29/2019 1:24
196365,Lightning Charging Cable,1,5/15/2019 20:57
196366,USB-C Charging Cable,1,5/13/2019 16:50
196367,USB-C Charging Cable,1,5/22/2019 12:32
196368,Google Phone,1,5/17/2019 16:14
196368,Bose SoundSport Headphones,1,5/17/2019 16:14
196369,Lightning Charging Cable,1,5/7/2019 11:33
196370,USB-C Charging Cable,1,5/9/2019 8:29
196371,Apple Airpods Headphones,1,5/7/2019 7:49
196372,Apple Airpods Headphones,1,5/10/2019 13:03
196373,Apple Airpods Headphones,1,5/17/2019 10:30
196374,AA Batteries (4-pack),1,5/29/2019 10:58
196375,LG Washing Machine,1,5/28/2019 7:12
,,,
196376,Lightning Charging Cable,1,5/21/2019 11:52
196377,Flatscreen TV,1,5/30/2019 20:27
196378,AAA Batteries (4-pack),4,5/20/2019 21:01
196379,27in FHD Monitor,1,5/19/2019 12:36
196380,Wired Headphones,1,5/2/2019 15:05
196381,AA Batteries (4-pack),1,5/27/2019 14:09
196382,AA Batteries (4-pack),1,5/30/2019 22:05
196383,27in FHD Monitor,1,5/23/2019 15:11
196384,AA Batteries (4-pack),1,5/5/2019 14:43
196385,Lightning Charging Cable,1,5/25/2019 7:21
196386,USB-C Charging Cable,1,5/26/2019 12:31
196386,34in Ultrawide Monitor,1,5/26/2019 12:31
196387,27in FHD Monitor,1,5/19/2019 18:07
196388,27in FHD Monitor,1,5/25/2019 11:27
196389,AAA Batteries (4-pack),3,5/1/2019 20:52
196390,Lightning Charging Cable,1,5/31/2019 12:01
196391,27in FHD Monitor,1,5/25/2019 16:57
196392,Lightning Charging Cable,3,5/7/2019 21:52
196393,27in FHD Monitor,1,5/25/2019 16:21
196394,Bose SoundSport Headphones,1,5/22/2019 14:20
196395,Google Phone,1,5/24/2019 16:36
196395,USB-C Charging Cable,1,5/24/2019 16:36
196396,Google Phone,1,5/27/2019 14:22
196397,Apple Airpods Headphones,1,5/27/2019 10:31
196398,Lightning Charging Cable,1,5/22/2019 18:45
196399,27in FHD Monitor,1,5/12/2019 14:41
196400,USB-C Charging Cable,1,5/7/2019 6:01
196401,Apple Airpods Headphones,1,5/18/2019 9:52
196402,Lightning Charging Cable,1,5/28/2019 14:12
196403,Apple Airpods Headphones,1,5/4/2019 12:03
196404,USB-C Charging Cable,1,5/15/2019 10:17
196405,USB-C Charging Cable,1,5/27/2019 0:31
196406,USB-C Charging Cable,1,5/10/2019 9:21
196407,Lightning Charging Cable,1,5/2/2019 10:58
196408,Wired Headphones,1,5/9/2019 21:59
196409,Apple Airpods Headphones,1,5/16/2019 13:00
196410,Wired Headphones,2,5/7/2019 9:48
196411,Lightning Charging Cable,1,5/24/2019 11:37
196412,Apple Airpods Headphones,1,5/16/2019 21:05
196413,AAA Batteries (4-pack),3,5/22/2019 18:03
196414,AA Batteries (4-pack),1,5/27/2019 22:41
196415,Lightning Charging Cable,1,5/1/2019 14:49
196416,Wired Headphones,1,5/31/2019 9:16
196417,USB-C Charging Cable,1,5/13/2019 16:26
196418,AAA Batteries (4-pack),1,5/13/2019 9:53
196419,27in 4K Gaming Monitor,1,5/1/2019 8:09
196420,AAA Batteries (4-pack),1,5/9/2019 17:45
196421,USB-C Charging Cable,1,5/27/2019 14:05
196422,Apple Airpods Headphones,1,5/10/2019 19:11
196423,AAA Batteries (4-pack),1,5/11/2019 18:38
196424,Lightning Charging Cable,1,5/21/2019 12:09
196425,Bose SoundSport Headphones,1,5/4/2019 17:31
196426,Lightning Charging Cable,1,5/4/2019 15:04
196427,USB-C Charging Cable,1,5/23/2019 14:01
196428,USB-C Charging Cable,1,5/24/2019 16:06
196429,AAA Batteries (4-pack),1,5/30/2019 17:30
196429,AAA Batteries (4-pack),1,5/30/2019 17:30
196430,Apple Airpods Headphones,1,5/2/2019 10:53
196431,Apple Airpods Headphones,1,5/5/2019 14:09
196432,AAA Batteries (4-pack),1,5/25/2019 10:50
196433,Lightning Charging Cable,1,5/31/2019 22:26
196434,Lightning Charging Cable,1,5/30/2019 10:32
196435,27in FHD Monitor,1,5/28/2019 10:39
196436,AA Batteries (4-pack),3,5/13/2019 16:47
196437,Wired Headphones,1,5/25/2019 18:31
196438,Lightning Charging Cable,2,5/11/2019 18:13
196439,AA Batteries (4-pack),1,5/28/2019 10:59
196440,Google Phone,1,5/29/2019 19:08
196441,AAA Batteries (4-pack),1,5/1/2019 19:18
196442,USB-C Charging Cable,1,5/27/2019 18:36
196443,Apple Airpods Headphones,1,5/15/2019 14:50
196444,AA Batteries (4-pack),2,5/13/2019 17:23
196445,Lightning Charging Cable,1,5/11/2019 10:45
196446,Wired Headphones,1,5/26/2019 20:00
196447,iPhone,1,5/12/2019 13:24
196447,Lightning Charging Cable,1,5/12/2019 13:24
196448,USB-C Charging Cable,1,5/17/2019 10:07
196449,Bose SoundSport Headphones,1,5/29/2019 14:47
196450,Macbook Pro Laptop,1,5/26/2019 12:05
196451,Apple Airpods Headphones,1,5/29/2019 9:44
196452,USB-C Charging Cable,1,5/12/2019 14:24
196453,AAA Batteries (4-pack),1,5/27/2019 18:18
196454,Lightning Charging Cable,1,5/16/2019 15:13
196455,Macbook Pro Laptop,1,5/26/2019 16:48
196456,Lightning Charging Cable,1,5/28/2019 2:49
196457,Bose SoundSport Headphones,1,5/18/2019 10:30
196458,Apple Airpods Headphones,1,5/30/2019 19:28
196459,Wired Headphones,1,5/30/2019 18:06
196460,iPhone,1,5/23/2019 7:45
196461,iPhone,1,5/19/2019 21:26
196462,Wired Headphones,1,5/4/2019 21:47
196463,Lightning Charging Cable,1,5/15/2019 14:21
196464,Wired Headphones,1,5/5/2019 19:46
196465,Flatscreen TV,1,5/30/2019 20:20
196466,Lightning Charging Cable,1,5/31/2019 6:25
196467,ThinkPad Laptop,1,5/30/2019 1:23
196468,AAA Batteries (4-pack),1,5/28/2019 21:11
196469,USB-C Charging Cable,1,5/10/2019 21:04
196469,Wired Headphones,2,5/10/2019 21:04
196470,AA Batteries (4-pack),2,5/2/2019 16:40
196471,27in FHD Monitor,1,5/4/2019 18:07
196472,27in 4K Gaming Monitor,1,5/6/2019 10:25
196473,Lightning Charging Cable,1,5/28/2019 22:33
196474,AAA Batteries (4-pack),1,5/18/2019 0:29
196475,Wired Headphones,1,5/11/2019 21:30
196476,AA Batteries (4-pack),2,5/5/2019 21:02
196477,ThinkPad Laptop,1,5/10/2019 14:16
196478,Wired Headphones,3,5/9/2019 9:13
196478,ThinkPad Laptop,1,5/9/2019 9:13
196479,Bose SoundSport Headphones,1,5/24/2019 18:10
196480,Vareebadd Phone,1,5/28/2019 19:23
196481,20in Monitor,1,5/21/2019 23:59
196482,Lightning Charging Cable,1,5/11/2019 15:47
196483,ThinkPad Laptop,1,5/9/2019 8:46
196484,USB-C Charging Cable,1,5/14/2019 14:19
196485,AAA Batteries (4-pack),1,5/4/2019 12:45
196486,ThinkPad Laptop,1,5/31/2019 14:07
196487,Lightning Charging Cable,1,5/31/2019 10:29
196488,Lightning Charging Cable,1,5/6/2019 18:20
196489,Wired Headphones,1,5/28/2019 23:11
196490,Wired Headphones,1,5/29/2019 14:48
196491,AA Batteries (4-pack),1,5/30/2019 15:32
196492,AAA Batteries (4-pack),4,5/17/2019 12:12
196493,Lightning Charging Cable,1,5/1/2019 18:10
196493,AAA Batteries (4-pack),1,5/1/2019 18:10
196494,Lightning Charging Cable,1,5/24/2019 22:07
196495,Bose SoundSport Headphones,1,5/26/2019 17:38
196496,Flatscreen TV,1,5/20/2019 18:43
196497,Wired Headphones,1,5/27/2019 13:30
196498,Wired Headphones,1,5/28/2019 15:19
196499,AA Batteries (4-pack),1,5/24/2019 8:23
196500,Macbook Pro Laptop,1,5/10/2019 18:33
196501,Lightning Charging Cable,1,5/1/2019 13:25
196502,AAA Batteries (4-pack),1,5/28/2019 16:18
196503,Wired Headphones,1,5/28/2019 13:28
196504,20in Monitor,1,5/22/2019 19:33
196505,USB-C Charging Cable,1,5/9/2019 18:30
196506,34in Ultrawide Monitor,1,5/14/2019 11:03
196507,27in 4K Gaming Monitor,1,5/1/2019 18:05
196508,LG Dryer,1,5/8/2019 15:39
196509,LG Dryer,1,5/7/2019 14:19
196510,Wired Headphones,1,5/11/2019 17:38
196511,Lightning Charging Cable,1,5/20/2019 13:38
196512,27in 4K Gaming Monitor,1,5/24/2019 13:21
196513,Apple Airpods Headphones,1,5/24/2019 11:39
196514,AA Batteries (4-pack),1,5/23/2019 18:11
196515,Bose SoundSport Headphones,1,5/17/2019 13:04
196516,27in FHD Monitor,1,5/18/2019 15:41
196517,AA Batteries (4-pack),1,5/23/2019 10:38
196518,Macbook Pro Laptop,1,5/31/2019 9:47
196519,Apple Airpods Headphones,1,5/14/2019 11:25
196520,AAA Batteries (4-pack),1,5/2/2019 18:43
196521,Bose SoundSport Headphones,1,5/31/2019 19:29
196522,Bose SoundSport Headphones,1,5/22/2019 20:44
196523,iPhone,1,5/18/2019 20:49
196524,USB-C Charging Cable,1,5/20/2019 2:22
196525,ThinkPad Laptop,1,5/18/2019 16:02
196526,Google Phone,1,5/29/2019 19:24
196527,USB-C Charging Cable,1,5/2/2019 9:11
196528,USB-C Charging Cable,1,5/2/2019 8:38
196529,AAA Batteries (4-pack),1,5/20/2019 2:14
196530,34in Ultrawide Monitor,1,5/22/2019 14:54
,,,
196531,AAA Batteries (4-pack),1,5/6/2019 20:50
196532,Macbook Pro Laptop,1,5/11/2019 12:37
196533,USB-C Charging Cable,1,5/21/2019 19:58
,,,
196534,USB-C Charging Cable,1,5/2/2019 18:55
196535,AAA Batteries (4-pack),1,5/7/2019 16:25
196536,27in FHD Monitor,1,5/13/2019 13:03
196537,34in Ultrawide Monitor,1,5/28/2019 20:50
196538,27in FHD Monitor,1,5/27/2019 13:17
196539,AA Batteries (4-pack),1,5/4/2019 16:06
196540,Flatscreen TV,1,5/15/2019 18:23
196541,USB-C Charging Cable,2,5/25/2019 20:49
196542,34in Ultrawide Monitor,1,5/18/2019 18:59
196543,USB-C Charging Cable,1,5/21/2019 14:12
196544,Wired Headphones,1,5/4/2019 20:46
196545,Wired Headphones,1,5/19/2019 13:40
196546,Wired Headphones,1,5/23/2019 2:44
196547,Macbook Pro Laptop,1,5/18/2019 12:40
196548,AA Batteries (4-pack),2,5/22/2019 9:32
196549,USB-C Charging Cable,1,5/23/2019 9:46
196550,AAA Batteries (4-pack),1,5/31/2019 14:50
196551,AA Batteries (4-pack),1,5/30/2019 10:32
196552,27in 4K Gaming Monitor,1,5/20/2019 8:47
196553,27in 4K Gaming Monitor,1,5/23/2019 19:03
196554,Wired Headphones,1,5/27/2019 17:12
196555,Apple Airpods Headphones,1,5/28/2019 12:11
196556,USB-C Charging Cable,1,5/16/2019 17:59
196557,Bose SoundSport Headphones,1,5/5/2019 18:59
196558,Lightning Charging Cable,1,5/10/2019 13:09
196559,Macbook Pro Laptop,1,5/19/2019 19:45
196560,Flatscreen TV,1,5/18/2019 17:02
196561,USB-C Charging Cable,1,5/3/2019 12:51
196562,AAA Batteries (4-pack),2,5/17/2019 12:00
196563,Wired Headphones,1,5/3/2019 17:52
196564,27in FHD Monitor,1,5/18/2019 14:32
196565,Wired Headphones,1,5/2/2019 19:12
196566,AA Batteries (4-pack),1,5/21/2019 21:11
196567,Flatscreen TV,1,5/14/2019 10:24
196568,20in Monitor,1,5/5/2019 20:27
196569,Bose SoundSport Headphones,1,5/3/2019 20:20
196570,Macbook Pro Laptop,1,5/9/2019 20:44
196571,Bose SoundSport Headphones,1,5/9/2019 16:58
196572,iPhone,1,5/21/2019 12:08
196573,Lightning Charging Cable,1,5/9/2019 22:17
196574,27in 4K Gaming Monitor,1,5/18/2019 18:05
196575,ThinkPad Laptop,1,5/4/2019 10:48
196576,Apple Airpods Headphones,1,5/2/2019 0:15
196577,Apple Airpods Headphones,1,5/13/2019 13:36
196578,Apple Airpods Headphones,1,5/9/2019 13:01
196579,Lightning Charging Cable,2,5/26/2019 21:52
196580,iPhone,1,5/27/2019 4:55
196581,AAA Batteries (4-pack),1,5/21/2019 14:11
196582,AAA Batteries (4-pack),3,5/23/2019 20:55
196583,Flatscreen TV,1,5/11/2019 12:17
196584,iPhone,1,5/15/2019 19:47
196584,Wired Headphones,1,5/15/2019 19:47
196585,LG Dryer,1,5/6/2019 0:22
196586,Bose SoundSport Headphones,1,5/1/2019 14:02
196587,Wired Headphones,1,5/19/2019 13:01
196588,ThinkPad Laptop,1,5/26/2019 9:14
196589,AA Batteries (4-pack),1,5/6/2019 14:08
196590,20in Monitor,1,5/24/2019 23:22
196591,AA Batteries (4-pack),1,5/2/2019 15:01
196592,USB-C Charging Cable,1,5/30/2019 22:10
196593,USB-C Charging Cable,1,5/19/2019 12:04
196594,34in Ultrawide Monitor,1,5/7/2019 15:59
196595,AAA Batteries (4-pack),1,5/22/2019 12:09
196596,Bose SoundSport Headphones,1,5/10/2019 9:51
196597,Apple Airpods Headphones,1,5/23/2019 10:26
196598,ThinkPad Laptop,1,5/6/2019 9:50
196599,27in FHD Monitor,1,5/25/2019 18:39
196600,34in Ultrawide Monitor,1,5/14/2019 0:31
196601,AA Batteries (4-pack),1,5/25/2019 15:24
196602,AAA Batteries (4-pack),3,5/29/2019 19:17
196603,34in Ultrawide Monitor,1,5/5/2019 21:02
196604,Lightning Charging Cable,1,5/16/2019 13:38
196605,Macbook Pro Laptop,1,5/11/2019 22:19
196606,Lightning Charging Cable,1,5/19/2019 6:34
196607,34in Ultrawide Monitor,1,5/15/2019 17:48
196607,Lightning Charging Cable,1,5/15/2019 17:48
196608,27in 4K Gaming Monitor,1,5/21/2019 18:41
196609,ThinkPad Laptop,1,5/26/2019 15:40
196610,AAA Batteries (4-pack),1,5/2/2019 19:22
196611,Wired Headphones,1,5/15/2019 15:03
196612,USB-C Charging Cable,1,5/21/2019 16:46
196613,27in 4K Gaming Monitor,1,5/11/2019 8:18
196614,Lightning Charging Cable,1,5/17/2019 22:30
196615,Google Phone,1,5/8/2019 19:29
196615,USB-C Charging Cable,1,5/8/2019 19:29
196615,Bose SoundSport Headphones,1,5/8/2019 19:29
196615,Wired Headphones,1,5/8/2019 19:29
196616,Apple Airpods Headphones,1,5/22/2019 11:39
196617,AA Batteries (4-pack),1,5/28/2019 11:37
196618,Wired Headphones,1,5/31/2019 14:31
196619,ThinkPad Laptop,1,5/10/2019 20:52
196620,USB-C Charging Cable,1,5/31/2019 9:44
196621,Apple Airpods Headphones,1,5/26/2019 16:23
196622,Apple Airpods Headphones,1,5/25/2019 20:45
196623,Apple Airpods Headphones,1,5/11/2019 20:43
196624,Apple Airpods Headphones,1,5/12/2019 13:05
196625,Bose SoundSport Headphones,1,5/12/2019 22:50
196626,27in FHD Monitor,1,5/28/2019 14:09
196627,Wired Headphones,1,5/31/2019 11:50
196628,LG Washing Machine,1,5/8/2019 8:56
196629,iPhone,1,5/24/2019 17:19
196630,AAA Batteries (4-pack),1,5/12/2019 3:44
196631,Flatscreen TV,1,5/29/2019 14:53
196632,27in 4K Gaming Monitor,1,5/13/2019 17:05
196633,Vareebadd Phone,1,5/15/2019 20:28
196634,Macbook Pro Laptop,1,5/28/2019 20:45
196635,Wired Headphones,1,5/4/2019 13:04
196636,Wired Headphones,1,5/2/2019 15:54
196637,Apple Airpods Headphones,1,5/19/2019 7:33
196638,Vareebadd Phone,1,6/1/2019 1:51
196639,USB-C Charging Cable,1,6/1/2019 0:18
196640,27in 4K Gaming Monitor,1,5/17/2019 13:30
196641,Flatscreen TV,1,5/2/2019 21:12
196642,Wired Headphones,1,5/27/2019 14:18
196643,Bose SoundSport Headphones,1,5/31/2019 0:45
196644,USB-C Charging Cable,4,5/22/2019 12:17
196644,USB-C Charging Cable,1,5/22/2019 12:17
196645,Bose SoundSport Headphones,1,5/23/2019 19:56
196646,27in FHD Monitor,1,5/30/2019 18:23
196647,27in 4K Gaming Monitor,1,5/21/2019 11:10
196648,Flatscreen TV,1,5/31/2019 21:10
196649,iPhone,1,5/16/2019 14:11
196650,AAA Batteries (4-pack),2,5/11/2019 20:33
196651,AA Batteries (4-pack),2,5/28/2019 14:12
196652,AAA Batteries (4-pack),1,5/11/2019 15:21
196653,AAA Batteries (4-pack),2,5/27/2019 0:14
196654,Wired Headphones,1,5/5/2019 13:56
196654,iPhone,1,5/5/2019 13:56
196655,20in Monitor,1,5/8/2019 12:16
196656,Lightning Charging Cable,1,5/8/2019 0:23
196657,27in 4K Gaming Monitor,1,5/14/2019 11:55
196658,Bose SoundSport Headphones,1,5/9/2019 20:43
196659,Apple Airpods Headphones,1,5/28/2019 18:00
196660,AAA Batteries (4-pack),1,5/31/2019 7:08
196661,Apple Airpods Headphones,1,5/28/2019 19:25
196662,AA Batteries (4-pack),1,5/8/2019 8:24
196663,AAA Batteries (4-pack),1,5/18/2019 18:03
196664,Bose SoundSport Headphones,1,5/31/2019 20:19
196665,iPhone,1,5/4/2019 16:59
196666,Macbook Pro Laptop,1,5/22/2019 11:30
196667,Lightning Charging Cable,1,5/9/2019 19:48
196668,Macbook Pro Laptop,1,5/24/2019 15:58
196669,34in Ultrawide Monitor,1,5/31/2019 11:44
196670,Wired Headphones,1,5/17/2019 20:46
196671,AA Batteries (4-pack),2,5/3/2019 0:20
196672,Apple Airpods Headphones,2,5/8/2019 17:31
196673,Wired Headphones,2,5/20/2019 16:20
196674,AAA Batteries (4-pack),1,5/21/2019 7:40
196675,Apple Airpods Headphones,1,5/18/2019 12:24
196676,Wired Headphones,1,5/18/2019 20:12
196677,Wired Headphones,1,5/12/2019 21:31
196678,Wired Headphones,1,5/5/2019 11:41
196679,Wired Headphones,1,5/24/2019 12:21
196680,Lightning Charging Cable,2,5/21/2019 14:42
196681,USB-C Charging Cable,1,5/30/2019 20:06
196682,Lightning Charging Cable,1,5/18/2019 20:18
196683,Bose SoundSport Headphones,1,5/6/2019 23:07
196684,27in FHD Monitor,1,5/14/2019 12:11
196685,Wired Headphones,1,5/19/2019 21:24
196686,AA Batteries (4-pack),2,5/21/2019 19:17
196687,Wired Headphones,1,5/3/2019 3:03
196688,USB-C Charging Cable,1,5/12/2019 20:28
196689,USB-C Charging Cable,1,5/15/2019 16:00
196690,Apple Airpods Headphones,1,5/12/2019 13:30
196691,27in FHD Monitor,1,5/6/2019 0:31
196692,Apple Airpods Headphones,1,5/2/2019 15:41
196693,USB-C Charging Cable,1,5/12/2019 13:23
196694,Wired Headphones,1,5/14/2019 17:35
196695,Lightning Charging Cable,1,5/5/2019 19:35
196696,Lightning Charging Cable,1,5/12/2019 20:59
196697,Google Phone,1,5/23/2019 15:54
196697,USB-C Charging Cable,1,5/23/2019 15:54
196698,Wired Headphones,1,5/28/2019 10:14
196699,AA Batteries (4-pack),1,5/6/2019 14:27
196700,27in FHD Monitor,1,5/16/2019 12:52
196701,Wired Headphones,1,5/8/2019 22:15
196702,Lightning Charging Cable,1,5/16/2019 13:38
196703,iPhone,1,5/31/2019 14:33
196704,USB-C Charging Cable,1,5/10/2019 16:55
196705,Lightning Charging Cable,1,5/3/2019 8:29
196706,Lightning Charging Cable,1,5/30/2019 15:47
196707,Lightning Charging Cable,1,5/27/2019 11:12
196708,Google Phone,1,5/19/2019 0:30
196709,Bose SoundSport Headphones,1,5/14/2019 9:46
196710,27in 4K Gaming Monitor,1,5/20/2019 15:28
196711,AA Batteries (4-pack),1,5/31/2019 9:50
196712,Lightning Charging Cable,1,5/2/2019 17:02
196713,USB-C Charging Cable,1,5/13/2019 18:49
196714,Macbook Pro Laptop,1,5/24/2019 12:56
196715,AA Batteries (4-pack),2,5/5/2019 15:57
196716,Lightning Charging Cable,2,5/1/2019 8:16
196717,Flatscreen TV,1,5/21/2019 14:24
196718,USB-C Charging Cable,1,5/4/2019 21:48
196719,iPhone,1,5/24/2019 13:45
196720,Lightning Charging Cable,1,5/29/2019 9:27
196721,Google Phone,1,5/9/2019 20:59
196721,Wired Headphones,1,5/9/2019 20:59
196722,Wired Headphones,2,5/23/2019 19:35
196723,Lightning Charging Cable,1,5/5/2019 16:22
196724,27in 4K Gaming Monitor,1,5/9/2019 12:10
196725,27in FHD Monitor,1,5/6/2019 18:42
196726,20in Monitor,1,5/25/2019 20:28
196727,Lightning Charging Cable,1,5/2/2019 19:25
196728,Macbook Pro Laptop,1,5/13/2019 9:31
196729,AA Batteries (4-pack),1,5/2/2019 12:13
196730,27in 4K Gaming Monitor,1,5/9/2019 12:22
196731,AA Batteries (4-pack),1,5/7/2019 14:13
196732,USB-C Charging Cable,2,5/7/2019 21:06
196733,AAA Batteries (4-pack),2,5/30/2019 10:20
196734,27in FHD Monitor,1,5/19/2019 16:06
196735,AAA Batteries (4-pack),1,5/21/2019 19:18
196736,Lightning Charging Cable,1,5/13/2019 20:22
196737,iPhone,1,5/5/2019 21:14
196737,Lightning Charging Cable,1,5/5/2019 21:14
196738,Flatscreen TV,1,5/30/2019 12:47
196739,Vareebadd Phone,1,5/28/2019 1:01
196740,AAA Batteries (4-pack),3,5/31/2019 13:36
196741,AA Batteries (4-pack),1,5/12/2019 23:42
196742,USB-C Charging Cable,1,5/5/2019 17:37
196743,Bose SoundSport Headphones,1,5/19/2019 20:03
196744,Bose SoundSport Headphones,1,5/13/2019 12:23
196745,Apple Airpods Headphones,1,5/7/2019 10:27
196746,USB-C Charging Cable,1,5/19/2019 2:09
196747,34in Ultrawide Monitor,1,5/28/2019 10:52
196748,Apple Airpods Headphones,1,5/17/2019 9:15
196749,Wired Headphones,1,5/24/2019 15:51
196750,AAA Batteries (4-pack),1,5/5/2019 18:21
196751,AAA Batteries (4-pack),1,5/15/2019 15:49
196752,LG Washing Machine,1,5/6/2019 20:21
196753,27in 4K Gaming Monitor,1,5/18/2019 17:12
196754,27in 4K Gaming Monitor,1,5/13/2019 14:08
196755,27in FHD Monitor,1,5/28/2019 12:29
196756,Bose SoundSport Headphones,1,5/4/2019 10:41
196757,Apple Airpods Headphones,1,5/7/2019 20:50
196758,iPhone,1,5/21/2019 9:27
196759,AAA Batteries (4-pack),1,5/6/2019 12:34
196760,Apple Airpods Headphones,1,5/16/2019 9:39
196761,Apple Airpods Headphones,1,5/4/2019 21:52
196762,Lightning Charging Cable,1,5/28/2019 20:50
196763,iPhone,1,5/17/2019 21:40
196764,20in Monitor,1,5/29/2019 22:47
196765,27in 4K Gaming Monitor,1,5/19/2019 12:59
196766,34in Ultrawide Monitor,1,5/3/2019 12:04
196767,AA Batteries (4-pack),3,5/21/2019 14:34
196768,LG Dryer,1,5/29/2019 17:17
196769,Lightning Charging Cable,1,5/5/2019 23:16
196770,27in 4K Gaming Monitor,1,5/11/2019 14:02
196771,Bose SoundSport Headphones,1,5/10/2019 17:13
196772,Apple Airpods Headphones,1,5/16/2019 18:44
196773,Apple Airpods Headphones,1,5/25/2019 23:27
196774,Lightning Charging Cable,1,5/28/2019 17:53
196775,Wired Headphones,1,5/18/2019 19:32
196776,Flatscreen TV,1,5/20/2019 13:30
196777,20in Monitor,1,5/9/2019 17:59
196777,Bose SoundSport Headphones,1,5/9/2019 17:59
196778,Apple Airpods Headphones,1,5/18/2019 22:05
196778,Flatscreen TV,1,5/18/2019 22:05
196779,Lightning Charging Cable,1,5/31/2019 12:55
196780,Macbook Pro Laptop,1,5/31/2019 10:42
196781,ThinkPad Laptop,1,5/10/2019 0:24
196782,Google Phone,1,5/10/2019 0:23
196783,iPhone,1,5/2/2019 8:33
196784,AAA Batteries (4-pack),2,5/31/2019 1:03
196785,27in 4K Gaming Monitor,1,5/22/2019 23:36
196786,Lightning Charging Cable,1,5/2/2019 20:55
196787,Bose SoundSport Headphones,1,5/1/2019 18:50
196788,USB-C Charging Cable,1,5/7/2019 9:25
196789,AA Batteries (4-pack),1,5/11/2019 12:33
196790,Lightning Charging Cable,1,5/8/2019 18:08
196791,Apple Airpods Headphones,1,5/27/2019 13:36
196792,Google Phone,1,5/19/2019 21:24
196792,USB-C Charging Cable,1,5/19/2019 21:24
196793,Google Phone,1,5/4/2019 22:19
196794,Macbook Pro Laptop,1,5/2/2019 22:19
196795,Apple Airpods Headphones,1,5/26/2019 13:54
196796,Wired Headphones,1,5/21/2019 18:49
196797,USB-C Charging Cable,1,5/11/2019 14:12
196798,AA Batteries (4-pack),1,5/24/2019 14:54
196799,Bose SoundSport Headphones,1,5/22/2019 14:58
196800,ThinkPad Laptop,1,5/26/2019 15:43
196801,34in Ultrawide Monitor,1,5/16/2019 10:48
196801,Apple Airpods Headphones,1,5/16/2019 10:48
196802,AA Batteries (4-pack),2,5/15/2019 10:35
196803,AAA Batteries (4-pack),1,5/2/2019 11:58
196804,Flatscreen TV,1,5/20/2019 9:12
196805,34in Ultrawide Monitor,1,5/15/2019 10:47
196806,Lightning Charging Cable,1,5/11/2019 20:36
196807,ThinkPad Laptop,1,5/28/2019 16:27
196808,Bose SoundSport Headphones,1,5/30/2019 20:54
196809,27in 4K Gaming Monitor,1,5/15/2019 12:38
196810,27in 4K Gaming Monitor,1,5/14/2019 17:35
196811,Apple Airpods Headphones,1,5/4/2019 18:40
196812,Apple Airpods Headphones,1,5/2/2019 15:07
196813,Lightning Charging Cable,1,5/28/2019 13:20
196814,34in Ultrawide Monitor,1,5/3/2019 9:51
196815,Google Phone,1,5/9/2019 19:14
196816,USB-C Charging Cable,1,5/13/2019 0:23
196817,27in 4K Gaming Monitor,1,5/10/2019 17:22
196818,Wired Headphones,2,5/3/2019 11:52
196819,Wired Headphones,1,5/12/2019 17:33
196820,Lightning Charging Cable,1,5/17/2019 13:08
196821,Apple Airpods Headphones,1,5/5/2019 9:46
196822,Bose SoundSport Headphones,1,5/23/2019 23:18
196823,AAA Batteries (4-pack),1,5/21/2019 21:28
196824,20in Monitor,1,5/6/2019 20:00
196825,USB-C Charging Cable,1,5/14/2019 8:33
196826,Lightning Charging Cable,1,5/10/2019 19:50
196827,Apple Airpods Headphones,1,5/1/2019 9:03
196828,USB-C Charging Cable,1,5/5/2019 15:24
196829,AAA Batteries (4-pack),1,5/5/2019 21:12
196830,Lightning Charging Cable,1,5/13/2019 13:24
196831,Wired Headphones,1,5/24/2019 21:39
196832,AAA Batteries (4-pack),1,5/30/2019 9:34
196833,Lightning Charging Cable,1,5/20/2019 0:57
196834,AAA Batteries (4-pack),1,5/11/2019 20:16
196835,Wired Headphones,1,5/23/2019 9:23
196836,Lightning Charging Cable,1,5/8/2019 19:35
196837,AA Batteries (4-pack),1,5/17/2019 8:53
196838,34in Ultrawide Monitor,1,5/25/2019 0:35
196839,27in FHD Monitor,1,5/19/2019 12:01
196840,20in Monitor,1,5/12/2019 9:02
196841,Macbook Pro Laptop,1,5/28/2019 15:36
196842,USB-C Charging Cable,1,5/5/2019 23:18
196843,34in Ultrawide Monitor,1,5/5/2019 17:36
196844,Wired Headphones,1,5/30/2019 20:22
196845,USB-C Charging Cable,1,5/9/2019 17:07
196846,34in Ultrawide Monitor,1,5/2/2019 20:18
196847,AAA Batteries (4-pack),1,5/12/2019 13:07
196848,Flatscreen TV,1,5/10/2019 16:07
196849,Google Phone,1,5/13/2019 22:31
196850,AAA Batteries (4-pack),1,5/25/2019 14:42
196851,USB-C Charging Cable,1,5/18/2019 16:42
196852,Apple Airpods Headphones,1,5/15/2019 21:09
196853,Wired Headphones,1,5/13/2019 18:08
196854,iPhone,1,5/14/2019 11:32
196855,27in 4K Gaming Monitor,1,5/4/2019 10:27
196856,AAA Batteries (4-pack),1,5/13/2019 20:06
196857,27in FHD Monitor,1,5/18/2019 17:17
196858,AA Batteries (4-pack),1,5/9/2019 10:05
196859,Flatscreen TV,1,5/15/2019 10:44
196860,Wired Headphones,2,5/29/2019 13:26
196861,Lightning Charging Cable,1,5/31/2019 18:38
196862,ThinkPad Laptop,1,5/9/2019 22:25
196863,27in FHD Monitor,1,5/23/2019 15:51
196864,Macbook Pro Laptop,1,5/6/2019 11:39
196865,Google Phone,1,5/17/2019 20:27
196866,27in FHD Monitor,1,5/11/2019 21:07
196867,USB-C Charging Cable,1,5/19/2019 13:01
196868,27in 4K Gaming Monitor,1,5/12/2019 10:01
196868,Macbook Pro Laptop,1,5/12/2019 10:01
196869,Macbook Pro Laptop,1,5/12/2019 15:09
196870,Flatscreen TV,1,5/22/2019 15:23
196871,Bose SoundSport Headphones,1,5/15/2019 17:22
196872,Apple Airpods Headphones,1,5/22/2019 17:52
196872,27in FHD Monitor,1,5/22/2019 17:52
196873,27in FHD Monitor,1,5/3/2019 16:16
196874,34in Ultrawide Monitor,1,5/23/2019 19:26
196875,USB-C Charging Cable,1,5/16/2019 15:22
196875,Apple Airpods Headphones,1,5/16/2019 15:22
196876,Lightning Charging Cable,1,5/26/2019 0:22
196877,USB-C Charging Cable,1,5/23/2019 9:59
196878,Wired Headphones,1,5/31/2019 18:36
196879,Wired Headphones,1,5/18/2019 13:32
196880,Macbook Pro Laptop,1,5/10/2019 10:31
196881,AA Batteries (4-pack),1,5/20/2019 21:16
196882,Bose SoundSport Headphones,1,5/5/2019 21:05
196883,USB-C Charging Cable,1,5/16/2019 7:42
196884,Lightning Charging Cable,1,5/15/2019 13:02
196885,AA Batteries (4-pack),1,5/20/2019 9:47
196886,Wired Headphones,1,5/27/2019 13:51
Order ID,Product,Quantity Ordered,Order Date
196887,Macbook Pro Laptop,1,5/3/2019 17:20
196888,Macbook Pro Laptop,1,5/4/2019 15:23
196889,ThinkPad Laptop,1,5/31/2019 0:05
196890,Wired Headphones,1,5/25/2019 11:30
196891,Apple Airpods Headphones,1,5/31/2019 0:19
196892,27in 4K Gaming Monitor,1,5/30/2019 20:45
196893,AAA Batteries (4-pack),2,5/5/2019 10:12
196894,Bose SoundSport Headphones,1,5/22/2019 9:47
196895,USB-C Charging Cable,2,5/31/2019 17:15
196896,27in FHD Monitor,1,5/20/2019 14:38
196897,Bose SoundSport Headphones,1,5/8/2019 16:54
196898,Wired Headphones,1,5/30/2019 18:16
196899,AA Batteries (4-pack),1,5/26/2019 20:20
196900,Bose SoundSport Headphones,1,5/27/2019 11:50
196901,Lightning Charging Cable,2,5/7/2019 20:41
196902,Lightning Charging Cable,1,5/19/2019 15:01
196903,Google Phone,1,5/16/2019 8:33
196904,Lightning Charging Cable,1,5/23/2019 13:37
196905,Wired Headphones,1,5/15/2019 20:15
196906,27in 4K Gaming Monitor,1,5/22/2019 17:12
196907,ThinkPad Laptop,1,5/2/2019 15:45
196908,USB-C Charging Cable,1,5/8/2019 9:54
196909,Lightning Charging Cable,1,5/23/2019 8:58
196910,USB-C Charging Cable,1,5/8/2019 15:35
196911,AAA Batteries (4-pack),3,5/31/2019 9:51
196912,USB-C Charging Cable,1,5/2/2019 20:03
196913,Macbook Pro Laptop,1,5/15/2019 21:16
196914,Wired Headphones,1,5/28/2019 16:04
196915,Google Phone,1,5/20/2019 16:39
196916,AAA Batteries (4-pack),1,5/27/2019 22:44
196917,USB-C Charging Cable,1,5/24/2019 23:33
196917,AA Batteries (4-pack),1,5/24/2019 23:33
196918,AAA Batteries (4-pack),2,5/8/2019 12:59
196919,Wired Headphones,1,5/26/2019 10:19
196920,USB-C Charging Cable,1,5/10/2019 15:15
196920,Lightning Charging Cable,1,5/10/2019 15:15
196921,USB-C Charging Cable,1,5/20/2019 8:54
196922,27in 4K Gaming Monitor,1,5/16/2019 19:34
196923,AA Batteries (4-pack),1,5/24/2019 18:40
196924,AA Batteries (4-pack),1,5/8/2019 17:20
196925,AAA Batteries (4-pack),2,5/23/2019 17:06
196926,USB-C Charging Cable,1,5/3/2019 17:37
196927,Lightning Charging Cable,1,5/5/2019 20:47
196928,Apple Airpods Headphones,1,5/28/2019 16:22
196929,USB-C Charging Cable,1,5/23/2019 21:27
196930,Bose SoundSport Headphones,1,5/20/2019 20:50
196931,Lightning Charging Cable,1,5/16/2019 1:09
196932,Wired Headphones,1,5/10/2019 18:31
196933,Lightning Charging Cable,1,5/4/2019 16:52
196934,34in Ultrawide Monitor,1,5/17/2019 22:50
196935,USB-C Charging Cable,1,5/18/2019 11:34
196936,ThinkPad Laptop,1,5/16/2019 12:56
196937,34in Ultrawide Monitor,1,5/2/2019 12:00
196938,Lightning Charging Cable,1,5/18/2019 22:22
196939,Lightning Charging Cable,1,5/21/2019 15:19
196940,27in FHD Monitor,1,5/11/2019 7:52
196941,AA Batteries (4-pack),2,5/2/2019 22:46
196942,Wired Headphones,1,5/31/2019 20:31
196943,Wired Headphones,1,5/9/2019 14:50
196944,27in FHD Monitor,1,5/26/2019 11:09
196945,Google Phone,1,5/30/2019 15:55
196946,USB-C Charging Cable,1,5/23/2019 16:03
196947,USB-C Charging Cable,1,5/28/2019 20:31
196948,27in 4K Gaming Monitor,1,5/8/2019 22:41
196949,AAA Batteries (4-pack),2,5/26/2019 15:11
196950,Wired Headphones,1,5/7/2019 14:47
196951,Apple Airpods Headphones,1,5/28/2019 10:27
196952,USB-C Charging Cable,1,5/3/2019 10:53
196953,iPhone,1,5/3/2019 1:30
196954,Bose SoundSport Headphones,1,5/16/2019 12:45
196955,34in Ultrawide Monitor,1,5/14/2019 11:26
196956,AAA Batteries (4-pack),2,5/14/2019 21:28
196957,AAA Batteries (4-pack),2,5/27/2019 12:00
196958,Apple Airpods Headphones,1,5/1/2019 23:29
196959,Lightning Charging Cable,1,5/4/2019 17:18
196960,Wired Headphones,1,5/2/2019 22:56
196961,Apple Airpods Headphones,1,5/18/2019 6:58
196962,Lightning Charging Cable,1,5/31/2019 10:12
196963,Macbook Pro Laptop,1,5/20/2019 7:34
196964,27in FHD Monitor,1,5/9/2019 18:39
196965,Macbook Pro Laptop,1,5/19/2019 20:03
196966,AA Batteries (4-pack),2,5/9/2019 14:06
196967,Bose SoundSport Headphones,1,5/16/2019 21:29
196968,AA Batteries (4-pack),1,5/6/2019 12:11
196969,Wired Headphones,1,5/21/2019 15:18
196970,AAA Batteries (4-pack),1,5/28/2019 22:24
196971,Macbook Pro Laptop,1,5/23/2019 22:47
196972,Apple Airpods Headphones,1,5/22/2019 16:56
196973,Wired Headphones,1,5/25/2019 10:29
196974,AA Batteries (4-pack),1,5/9/2019 13:51
196975,Apple Airpods Headphones,1,5/27/2019 11:48
196976,AAA Batteries (4-pack),2,5/17/2019 21:18
196977,USB-C Charging Cable,1,5/4/2019 22:40
196978,Google Phone,1,5/14/2019 9:51
196979,Bose SoundSport Headphones,1,5/12/2019 19:34
196980,USB-C Charging Cable,1,5/4/2019 12:15
196981,iPhone,1,5/1/2019 10:15
Order ID,Product,Quantity Ordered,Order Date
196982,Wired Headphones,1,5/3/2019 18:48
196983,Wired Headphones,2,5/2/2019 13:34
196984,AA Batteries (4-pack),1,5/12/2019 16:13
196985,Google Phone,1,5/3/2019 18:56
196985,Wired Headphones,1,5/3/2019 18:56
196986,Apple Airpods Headphones,1,5/5/2019 22:05
196987,Macbook Pro Laptop,1,5/6/2019 11:23
196988,AA Batteries (4-pack),4,5/5/2019 18:06
196989,AA Batteries (4-pack),1,5/15/2019 19:46
196990,AA Batteries (4-pack),1,5/29/2019 8:32
196990,iPhone,1,5/29/2019 8:32
196991,AAA Batteries (4-pack),1,5/23/2019 21:21
196992,Macbook Pro Laptop,1,5/21/2019 3:09
196993,Apple Airpods Headphones,1,5/7/2019 12:26
196994,AA Batteries (4-pack),1,5/11/2019 11:54
196995,iPhone,1,5/17/2019 10:30
196996,AA Batteries (4-pack),1,5/31/2019 21:10
196997,Apple Airpods Headphones,1,5/3/2019 20:49
196998,Bose SoundSport Headphones,1,5/2/2019 12:42
196999,USB-C Charging Cable,1,5/12/2019 15:24
197000,AAA Batteries (4-pack),1,5/2/2019 12:00
197001,AAA Batteries (4-pack),1,5/22/2019 12:13
197002,Wired Headphones,2,5/10/2019 11:56
197003,27in FHD Monitor,1,5/11/2019 14:00
197004,AA Batteries (4-pack),1,5/31/2019 2:06
197004,20in Monitor,1,5/31/2019 2:06
197005,20in Monitor,1,5/2/2019 11:56
197006,Apple Airpods Headphones,1,5/4/2019 15:27
197007,USB-C Charging Cable,1,5/24/2019 23:01
197008,Lightning Charging Cable,2,5/9/2019 19:41
197009,LG Washing Machine,1,5/4/2019 19:08
197010,27in 4K Gaming Monitor,1,5/30/2019 20:41
197011,Lightning Charging Cable,1,5/26/2019 9:32
197012,AA Batteries (4-pack),2,5/18/2019 11:27
197013,Google Phone,1,5/30/2019 9:05
197014,AAA Batteries (4-pack),1,5/15/2019 12:27
197015,27in FHD Monitor,1,5/15/2019 8:14
197016,Lightning Charging Cable,1,5/24/2019 19:08
197017,Google Phone,1,5/4/2019 21:12
197018,AA Batteries (4-pack),1,5/30/2019 15:00
197019,Wired Headphones,1,5/31/2019 13:13
197020,27in FHD Monitor,1,5/4/2019 14:57
197021,AAA Batteries (4-pack),1,5/30/2019 18:45
197022,Wired Headphones,1,5/12/2019 20:17
197023,LG Washing Machine,1,5/5/2019 12:38
197024,Flatscreen TV,1,5/23/2019 12:36
197025,AA Batteries (4-pack),1,5/1/2019 12:51
197026,Flatscreen TV,1,5/4/2019 12:59
197027,iPhone,1,5/31/2019 10:24
197028,AA Batteries (4-pack),1,5/25/2019 11:34
197029,Lightning Charging Cable,1,5/9/2019 23:52
197030,27in FHD Monitor,1,5/7/2019 17:27
197031,AA Batteries (4-pack),1,5/21/2019 14:46
197032,27in 4K Gaming Monitor,1,5/29/2019 15:54
197033,AAA Batteries (4-pack),1,5/4/2019 15:45
197034,Apple Airpods Headphones,1,5/10/2019 18:37
197035,Apple Airpods Headphones,1,5/10/2019 18:35
197036,Bose SoundSport Headphones,1,5/31/2019 0:35
197037,Bose SoundSport Headphones,1,5/3/2019 10:24
197038,AAA Batteries (4-pack),1,5/26/2019 8:54
197039,AA Batteries (4-pack),2,5/18/2019 19:32
197040,34in Ultrawide Monitor,1,5/22/2019 19:02
197041,Google Phone,1,5/9/2019 16:34
197041,USB-C Charging Cable,1,5/9/2019 16:34
197042,USB-C Charging Cable,1,5/14/2019 8:21
197043,Bose SoundSport Headphones,1,5/12/2019 19:20
197044,AA Batteries (4-pack),1,5/31/2019 19:18
197045,Bose SoundSport Headphones,1,5/25/2019 9:02
197046,AAA Batteries (4-pack),1,5/29/2019 11:22
197047,AAA Batteries (4-pack),3,5/20/2019 1:52
197048,Lightning Charging Cable,1,5/18/2019 1:22
197049,Flatscreen TV,1,5/27/2019 15:08
197050,Lightning Charging Cable,1,5/21/2019 9:12
197051,ThinkPad Laptop,1,5/4/2019 15:35
197052,iPhone,1,5/11/2019 18:52
197053,AA Batteries (4-pack),1,5/21/2019 13:09
197054,ThinkPad Laptop,1,5/13/2019 19:28
197055,Lightning Charging Cable,1,5/22/2019 23:57
197056,27in 4K Gaming Monitor,1,5/12/2019 21:30
197057,AAA Batteries (4-pack),2,5/19/2019 13:06
197058,Bose SoundSport Headphones,1,5/5/2019 18:21
197059,Bose SoundSport Headphones,1,5/16/2019 14:33
197060,Apple Airpods Headphones,1,5/21/2019 16:24
197061,USB-C Charging Cable,1,5/31/2019 18:51
197062,Wired Headphones,1,5/31/2019 13:39
197063,Apple Airpods Headphones,1,5/31/2019 20:52
197064,USB-C Charging Cable,1,5/27/2019 11:07
197065,USB-C Charging Cable,1,5/4/2019 20:55
197066,27in FHD Monitor,1,5/31/2019 17:13
197067,AAA Batteries (4-pack),1,5/2/2019 19:11
197068,AA Batteries (4-pack),2,5/3/2019 17:44
197069,Vareebadd Phone,1,5/18/2019 13:14
197070,USB-C Charging Cable,1,5/22/2019 12:42
197071,AA Batteries (4-pack),4,5/15/2019 23:34
197072,Lightning Charging Cable,1,5/20/2019 17:12
197073,Google Phone,1,5/24/2019 19:25
197074,Lightning Charging Cable,1,5/31/2019 9:04
197075,Bose SoundSport Headphones,1,5/1/2019 14:04
197076,AAA Batteries (4-pack),2,5/9/2019 12:07
197076,AAA Batteries (4-pack),1,5/9/2019 12:07
197077,Apple Airpods Headphones,1,5/10/2019 8:51
197078,Bose SoundSport Headphones,1,5/19/2019 17:49
197079,Lightning Charging Cable,1,5/2/2019 13:51
197080,AA Batteries (4-pack),1,5/6/2019 12:20
197081,Lightning Charging Cable,1,5/15/2019 15:05
197082,Google Phone,1,5/14/2019 21:24
197082,Bose SoundSport Headphones,1,5/14/2019 21:24
197082,Wired Headphones,1,5/14/2019 21:24
197083,AA Batteries (4-pack),1,5/22/2019 3:50
197084,27in FHD Monitor,1,5/6/2019 22:46
197085,Wired Headphones,1,5/2/2019 11:09
197086,Apple Airpods Headphones,1,5/16/2019 14:32
197087,Apple Airpods Headphones,1,5/7/2019 9:05
197088,USB-C Charging Cable,1,5/31/2019 22:01
197089,Macbook Pro Laptop,1,5/9/2019 12:54
197090,Flatscreen TV,1,5/7/2019 10:19
197091,AAA Batteries (4-pack),1,5/29/2019 10:47
197092,Wired Headphones,1,5/16/2019 15:04
197093,AA Batteries (4-pack),1,5/10/2019 22:09
197094,Bose SoundSport Headphones,1,5/27/2019 18:19
197095,Wired Headphones,1,5/9/2019 22:24
197096,Macbook Pro Laptop,1,5/6/2019 13:32
197097,Flatscreen TV,1,5/6/2019 14:38
197098,Apple Airpods Headphones,1,5/15/2019 19:22
197099,Google Phone,1,5/29/2019 7:15
197099,USB-C Charging Cable,1,5/29/2019 7:15
197100,34in Ultrawide Monitor,1,5/20/2019 21:14
197101,Lightning Charging Cable,1,5/8/2019 12:45
197102,Wired Headphones,1,5/26/2019 22:21
197103,iPhone,1,5/9/2019 15:48
197104,Wired Headphones,1,5/23/2019 7:37
197105,USB-C Charging Cable,1,5/30/2019 15:39
197106,AA Batteries (4-pack),1,5/11/2019 21:19
197107,Wired Headphones,1,5/24/2019 15:30
197108,Bose SoundSport Headphones,1,5/20/2019 12:45
197109,Macbook Pro Laptop,1,5/15/2019 19:33
197110,Lightning Charging Cable,1,5/16/2019 7:43
197111,Wired Headphones,1,5/7/2019 18:10
197112,Lightning Charging Cable,2,5/1/2019 16:12
197113,Lightning Charging Cable,1,5/2/2019 18:05
197114,Lightning Charging Cable,1,5/10/2019 21:08
197115,AAA Batteries (4-pack),4,5/21/2019 17:14
197116,Vareebadd Phone,1,5/28/2019 16:21
197117,AAA Batteries (4-pack),1,5/9/2019 19:36
197118,Google Phone,1,5/16/2019 15:08
197118,Bose SoundSport Headphones,1,5/16/2019 15:08
197119,AA Batteries (4-pack),1,5/6/2019 13:47
197120,AA Batteries (4-pack),1,5/4/2019 8:39
197121,Bose SoundSport Headphones,1,5/29/2019 6:39
197122,AA Batteries (4-pack),1,5/8/2019 16:52
197123,ThinkPad Laptop,1,5/26/2019 16:43
197124,Vareebadd Phone,1,5/23/2019 12:13
197124,Wired Headphones,1,5/23/2019 12:13
197125,Wired Headphones,1,5/11/2019 16:39
197126,27in 4K Gaming Monitor,1,5/19/2019 9:53
197127,ThinkPad Laptop,1,5/14/2019 23:15
197128,AAA Batteries (4-pack),1,5/18/2019 19:55
197129,Bose SoundSport Headphones,1,5/12/2019 19:20
197130,Wired Headphones,1,5/17/2019 10:11
197131,AAA Batteries (4-pack),2,5/13/2019 13:25
197132,AAA Batteries (4-pack),2,5/27/2019 14:13
197133,AA Batteries (4-pack),1,5/12/2019 14:24
197134,Lightning Charging Cable,1,5/20/2019 13:54
197135,34in Ultrawide Monitor,1,5/27/2019 16:00
197136,USB-C Charging Cable,1,5/12/2019 9:26
197137,iPhone,1,5/11/2019 9:09
197138,Apple Airpods Headphones,1,5/9/2019 13:31
197139,ThinkPad Laptop,1,5/5/2019 12:27
197140,Apple Airpods Headphones,1,5/31/2019 18:16
197141,Macbook Pro Laptop,1,5/1/2019 10:40
197142,ThinkPad Laptop,1,5/2/2019 19:58
197143,Wired Headphones,1,5/29/2019 19:20
197144,Bose SoundSport Headphones,1,5/5/2019 13:23
197145,Lightning Charging Cable,1,5/19/2019 20:26
197146,Lightning Charging Cable,1,5/20/2019 22:05
197147,AAA Batteries (4-pack),1,5/28/2019 11:38
197148,Lightning Charging Cable,1,5/11/2019 10:39
197149,AAA Batteries (4-pack),1,5/13/2019 16:36
197150,Google Phone,1,5/21/2019 21:04
197151,USB-C Charging Cable,1,5/15/2019 11:11
197152,27in 4K Gaming Monitor,1,5/2/2019 18:18
197153,Lightning Charging Cable,1,5/12/2019 22:03
197154,Lightning Charging Cable,1,5/10/2019 18:11
197155,Wired Headphones,1,5/24/2019 8:07
197156,ThinkPad Laptop,1,5/1/2019 10:07
197157,27in FHD Monitor,1,5/15/2019 21:54
197158,Wired Headphones,1,5/3/2019 6:58
197159,34in Ultrawide Monitor,1,5/16/2019 9:38
197160,Bose SoundSport Headphones,1,5/8/2019 20:52
197161,Wired Headphones,1,5/13/2019 10:09
197162,Lightning Charging Cable,1,5/21/2019 8:38
197163,USB-C Charging Cable,1,5/28/2019 10:09
197164,AA Batteries (4-pack),1,5/15/2019 20:33
197165,Apple Airpods Headphones,1,5/30/2019 23:01
197166,AA Batteries (4-pack),1,5/29/2019 18:04
197167,iPhone,1,5/7/2019 12:06
197168,27in 4K Gaming Monitor,1,5/30/2019 16:48
197169,Macbook Pro Laptop,1,5/13/2019 17:49
197170,AAA Batteries (4-pack),1,5/16/2019 21:07
197171,Wired Headphones,1,5/11/2019 20:56
197172,Apple Airpods Headphones,1,5/27/2019 8:52
197173,Macbook Pro Laptop,1,5/18/2019 18:19
197174,LG Dryer,1,5/8/2019 1:04
197175,USB-C Charging Cable,1,5/31/2019 17:20
197176,Lightning Charging Cable,1,5/26/2019 22:08
197177,Wired Headphones,1,5/16/2019 22:53
197178,Lightning Charging Cable,1,5/26/2019 11:52
197179,ThinkPad Laptop,1,5/30/2019 0:20
197180,Wired Headphones,1,5/15/2019 13:41
197181,Bose SoundSport Headphones,1,5/23/2019 23:03
197181,iPhone,1,5/23/2019 23:03
,,,
197182,AA Batteries (4-pack),1,5/8/2019 13:12
197183,Wired Headphones,1,5/13/2019 11:52
197184,AA Batteries (4-pack),1,5/10/2019 7:59
197185,AA Batteries (4-pack),2,5/7/2019 9:53
197186,Lightning Charging Cable,1,5/30/2019 12:16
197187,Lightning Charging Cable,1,5/21/2019 14:30
197188,Lightning Charging Cable,1,5/27/2019 19:33
197189,AA Batteries (4-pack),1,5/16/2019 7:20
197190,AA Batteries (4-pack),1,5/11/2019 9:54
197191,Wired Headphones,1,5/31/2019 10:02
197192,AA Batteries (4-pack),2,5/21/2019 15:28
197193,AAA Batteries (4-pack),4,5/5/2019 12:03
197194,AAA Batteries (4-pack),2,5/26/2019 15:22
197195,Wired Headphones,1,5/4/2019 16:20
197196,Lightning Charging Cable,1,5/24/2019 15:40
197197,AAA Batteries (4-pack),1,5/25/2019 11:44
197198,34in Ultrawide Monitor,1,5/14/2019 14:28
197199,AAA Batteries (4-pack),1,5/31/2019 13:51
197200,AAA Batteries (4-pack),2,5/3/2019 9:31
197201,ThinkPad Laptop,1,5/26/2019 17:43
197202,Lightning Charging Cable,1,5/27/2019 10:00
197203,AA Batteries (4-pack),1,5/17/2019 22:43
197204,34in Ultrawide Monitor,1,5/12/2019 9:58
197205,Bose SoundSport Headphones,1,5/22/2019 16:16
197206,Bose SoundSport Headphones,1,5/7/2019 21:45
197207,Lightning Charging Cable,1,5/30/2019 16:51
197208,Wired Headphones,1,5/18/2019 12:41
197209,iPhone,1,5/24/2019 7:49
197209,Lightning Charging Cable,1,5/24/2019 7:49
197210,AA Batteries (4-pack),1,5/21/2019 12:41
197211,27in 4K Gaming Monitor,1,5/25/2019 15:43
197212,Wired Headphones,2,5/29/2019 15:19
197213,AA Batteries (4-pack),1,5/9/2019 17:24
197214,Apple Airpods Headphones,1,5/22/2019 21:02
197215,AAA Batteries (4-pack),1,5/20/2019 12:18
197216,iPhone,1,5/9/2019 16:50
197217,AAA Batteries (4-pack),1,5/17/2019 18:10
197218,Wired Headphones,1,5/28/2019 10:25
197219,Flatscreen TV,1,5/17/2019 14:07
197220,AA Batteries (4-pack),1,5/8/2019 21:24
197221,AAA Batteries (4-pack),1,5/15/2019 12:02
197222,iPhone,1,5/10/2019 7:55
197223,AAA Batteries (4-pack),2,5/28/2019 7:42
197224,USB-C Charging Cable,1,5/12/2019 20:48
197225,Macbook Pro Laptop,1,5/22/2019 14:13
197226,Apple Airpods Headphones,1,5/5/2019 17:54
197227,34in Ultrawide Monitor,1,5/14/2019 20:24
197228,Apple Airpods Headphones,1,5/19/2019 21:53
197229,Bose SoundSport Headphones,1,5/12/2019 11:28
197230,AAA Batteries (4-pack),1,5/25/2019 20:11
197231,Flatscreen TV,1,5/26/2019 22:58
197232,Lightning Charging Cable,1,5/29/2019 8:45
197233,USB-C Charging Cable,1,5/29/2019 15:52
197234,34in Ultrawide Monitor,1,5/26/2019 13:26
197235,Apple Airpods Headphones,1,5/2/2019 18:45
197236,34in Ultrawide Monitor,1,5/30/2019 7:18
197237,Macbook Pro Laptop,1,5/29/2019 16:21
197238,Apple Airpods Headphones,1,5/28/2019 14:11
197239,AA Batteries (4-pack),2,5/13/2019 12:38
197240,27in FHD Monitor,1,5/12/2019 11:28
197241,Google Phone,1,5/28/2019 19:05
197242,AA Batteries (4-pack),2,5/12/2019 18:38
197243,iPhone,1,5/27/2019 13:46
197244,Bose SoundSport Headphones,1,5/27/2019 0:17
197245,AA Batteries (4-pack),1,5/1/2019 15:49
197246,USB-C Charging Cable,1,5/4/2019 15:56
197247,Lightning Charging Cable,1,5/10/2019 5:11
197248,USB-C Charging Cable,1,5/23/2019 9:19
197249,Bose SoundSport Headphones,1,5/4/2019 19:21
197250,Macbook Pro Laptop,1,5/2/2019 20:24
197251,Bose SoundSport Headphones,1,5/6/2019 0:23
197252,Macbook Pro Laptop,1,5/28/2019 15:49
197253,AAA Batteries (4-pack),1,5/20/2019 21:57
197254,27in 4K Gaming Monitor,1,5/12/2019 9:57
197255,AAA Batteries (4-pack),2,5/13/2019 18:09
197256,USB-C Charging Cable,1,5/30/2019 23:46
197257,Apple Airpods Headphones,1,5/19/2019 20:37
197258,Wired Headphones,1,5/10/2019 0:21
197259,Wired Headphones,1,5/9/2019 17:08
197260,Google Phone,1,5/24/2019 10:47
197261,USB-C Charging Cable,1,5/31/2019 16:27
197262,Bose SoundSport Headphones,1,5/26/2019 9:14
197263,USB-C Charging Cable,1,5/14/2019 13:41
197264,20in Monitor,1,5/30/2019 21:59
197265,Apple Airpods Headphones,1,5/13/2019 23:10
197266,USB-C Charging Cable,1,5/16/2019 9:16
197267,Google Phone,1,5/19/2019 12:24
197268,AAA Batteries (4-pack),1,5/22/2019 17:42
197269,LG Washing Machine,1,5/8/2019 20:55
197270,Wired Headphones,1,5/3/2019 8:17
197271,Macbook Pro Laptop,1,5/7/2019 15:44
197272,ThinkPad Laptop,1,5/15/2019 10:39
197273,iPhone,1,5/25/2019 19:42
197273,Lightning Charging Cable,1,5/25/2019 19:42
197274,27in 4K Gaming Monitor,1,5/23/2019 14:53
197275,AA Batteries (4-pack),1,5/28/2019 22:59
197276,AAA Batteries (4-pack),2,5/27/2019 14:08
197277,34in Ultrawide Monitor,1,5/17/2019 2:16
197278,AA Batteries (4-pack),2,5/12/2019 15:36
197279,34in Ultrawide Monitor,1,5/2/2019 18:24
197280,iPhone,1,5/9/2019 15:59
197280,Apple Airpods Headphones,1,5/9/2019 15:59
197281,AAA Batteries (4-pack),2,5/29/2019 9:33
197282,LG Washing Machine,1,5/23/2019 20:42
197283,Apple Airpods Headphones,1,5/10/2019 17:28
197284,Lightning Charging Cable,1,5/14/2019 21:53
197285,Lightning Charging Cable,1,5/2/2019 22:27
197286,Google Phone,1,5/19/2019 21:38
197287,Wired Headphones,1,5/17/2019 23:06
197288,iPhone,1,5/3/2019 8:52
197288,Apple Airpods Headphones,1,5/3/2019 8:52
197289,ThinkPad Laptop,1,5/22/2019 11:53
197290,Lightning Charging Cable,1,5/8/2019 15:37
197291,27in FHD Monitor,1,5/5/2019 15:02
197292,Wired Headphones,1,5/8/2019 17:36
197293,AAA Batteries (4-pack),3,5/15/2019 22:32
197294,AA Batteries (4-pack),1,5/12/2019 17:36
197295,ThinkPad Laptop,1,5/26/2019 10:32
197296,Lightning Charging Cable,1,5/21/2019 2:02
197297,Lightning Charging Cable,1,5/20/2019 15:03
197298,Wired Headphones,1,5/30/2019 15:47
197299,Apple Airpods Headphones,1,5/1/2019 20:10
197300,Lightning Charging Cable,1,5/31/2019 11:12
197301,Apple Airpods Headphones,1,5/4/2019 19:14
197302,27in FHD Monitor,1,5/10/2019 17:52
197303,Lightning Charging Cable,1,5/24/2019 10:24
197304,AA Batteries (4-pack),1,5/12/2019 21:47
197305,Vareebadd Phone,1,5/3/2019 12:31
197306,Apple Airpods Headphones,1,5/21/2019 16:34
197307,Wired Headphones,1,5/12/2019 19:11
197308,Wired Headphones,1,5/8/2019 21:49
197309,USB-C Charging Cable,1,5/25/2019 16:43
197310,Wired Headphones,1,5/20/2019 19:41
197311,USB-C Charging Cable,1,5/30/2019 19:09
197312,27in FHD Monitor,1,5/6/2019 9:18
197313,AA Batteries (4-pack),1,5/9/2019 13:35
197314,USB-C Charging Cable,1,5/16/2019 22:00
197315,27in FHD Monitor,1,5/16/2019 17:13
197316,Lightning Charging Cable,1,5/15/2019 13:57
197317,AAA Batteries (4-pack),1,5/8/2019 19:09
197318,AA Batteries (4-pack),1,5/19/2019 9:51
197318,Wired Headphones,1,5/19/2019 9:51
197319,Apple Airpods Headphones,1,5/6/2019 21:09
197320,27in FHD Monitor,1,5/2/2019 15:22
197321,Apple Airpods Headphones,1,5/22/2019 19:11
197322,Lightning Charging Cable,1,5/31/2019 11:45
197323,Wired Headphones,1,5/24/2019 16:02
197324,ThinkPad Laptop,1,5/11/2019 23:49
197325,Lightning Charging Cable,1,5/14/2019 8:01
197326,AA Batteries (4-pack),1,5/12/2019 13:26
197327,Apple Airpods Headphones,1,5/10/2019 19:03
197328,Google Phone,1,5/16/2019 9:59
197329,Lightning Charging Cable,1,5/7/2019 12:31
197330,AAA Batteries (4-pack),1,5/15/2019 11:20
197331,Wired Headphones,1,5/17/2019 7:21
197332,AAA Batteries (4-pack),2,5/24/2019 20:37
197333,Flatscreen TV,1,5/18/2019 12:27
197334,34in Ultrawide Monitor,1,5/25/2019 6:05
197335,Lightning Charging Cable,1,5/12/2019 13:31
197336,Flatscreen TV,1,5/16/2019 8:52
197337,AA Batteries (4-pack),1,5/24/2019 12:09
197338,Wired Headphones,1,5/9/2019 6:01
197339,Bose SoundSport Headphones,1,5/3/2019 19:51
197340,AA Batteries (4-pack),1,5/23/2019 15:26
197341,Flatscreen TV,1,5/4/2019 12:56
197342,AA Batteries (4-pack),1,5/25/2019 10:40
197343,USB-C Charging Cable,1,5/28/2019 22:12
197344,Apple Airpods Headphones,1,5/4/2019 12:09
197345,27in FHD Monitor,1,5/6/2019 23:20
197346,Macbook Pro Laptop,1,5/12/2019 22:32
197347,AA Batteries (4-pack),1,5/31/2019 12:11
197348,Lightning Charging Cable,1,5/8/2019 20:59
197349,AAA Batteries (4-pack),1,5/17/2019 7:11
197350,USB-C Charging Cable,1,5/1/2019 14:49
197351,USB-C Charging Cable,1,5/24/2019 10:38
197352,27in FHD Monitor,1,5/20/2019 9:51
197353,Google Phone,1,5/25/2019 13:53
197354,Bose SoundSport Headphones,1,5/27/2019 11:49
197355,USB-C Charging Cable,1,5/5/2019 22:58
197356,Google Phone,1,5/4/2019 9:22
197356,USB-C Charging Cable,1,5/4/2019 9:22
197357,Google Phone,1,5/16/2019 22:28
197358,Wired Headphones,2,5/1/2019 19:50
197359,Bose SoundSport Headphones,1,5/1/2019 19:39
197360,Lightning Charging Cable,1,5/3/2019 10:24
197361,Google Phone,1,5/12/2019 12:05
197362,Wired Headphones,1,5/12/2019 10:44
197363,USB-C Charging Cable,1,5/28/2019 15:27
197364,USB-C Charging Cable,1,5/24/2019 13:57
197365,Bose SoundSport Headphones,1,5/13/2019 21:48
197366,Lightning Charging Cable,1,5/24/2019 10:21
197367,Vareebadd Phone,1,5/1/2019 14:22
197367,USB-C Charging Cable,1,5/1/2019 14:22
197368,iPhone,1,5/15/2019 10:30
197369,Wired Headphones,1,5/17/2019 10:49
197370,AAA Batteries (4-pack),1,5/28/2019 12:49
197371,iPhone,1,5/8/2019 18:35
197372,Lightning Charging Cable,1,5/10/2019 23:11
197372,Bose SoundSport Headphones,1,5/10/2019 23:11
197373,Apple Airpods Headphones,1,5/24/2019 21:05
197374,Wired Headphones,1,5/2/2019 20:46
197375,Apple Airpods Headphones,1,5/21/2019 10:01
197376,USB-C Charging Cable,1,5/24/2019 7:45
197377,iPhone,1,5/19/2019 9:59
197378,Lightning Charging Cable,1,5/24/2019 10:45
197379,Apple Airpods Headphones,1,5/2/2019 18:20
197380,AAA Batteries (4-pack),1,5/29/2019 14:50
197381,Apple Airpods Headphones,2,5/20/2019 16:31
197382,Lightning Charging Cable,1,5/30/2019 12:46
197383,Wired Headphones,1,5/15/2019 22:58
197384,AAA Batteries (4-pack),2,5/30/2019 6:49
197385,Bose SoundSport Headphones,1,5/7/2019 23:43
197386,34in Ultrawide Monitor,1,5/19/2019 13:36
197387,Flatscreen TV,1,5/19/2019 21:02
197388,Bose SoundSport Headphones,1,5/14/2019 11:37
197389,AAA Batteries (4-pack),1,5/12/2019 13:18
197390,AAA Batteries (4-pack),1,5/2/2019 1:42
197391,AAA Batteries (4-pack),1,5/31/2019 10:00
197392,Vareebadd Phone,1,5/2/2019 19:33
197393,AAA Batteries (4-pack),1,5/7/2019 21:04
197394,Macbook Pro Laptop,1,5/5/2019 21:24
197395,AA Batteries (4-pack),1,5/19/2019 7:04
197396,27in FHD Monitor,1,5/29/2019 14:25
197397,Lightning Charging Cable,1,5/29/2019 13:50
197398,iPhone,1,5/22/2019 18:16
197399,27in 4K Gaming Monitor,1,5/1/2019 22:12
197400,27in 4K Gaming Monitor,1,5/17/2019 20:43
197401,27in FHD Monitor,1,5/19/2019 13:31
197402,34in Ultrawide Monitor,1,5/1/2019 19:30
197403,AAA Batteries (4-pack),2,5/8/2019 11:13
197404,Apple Airpods Headphones,1,5/12/2019 20:32
197405,AAA Batteries (4-pack),3,5/12/2019 22:38
197406,20in Monitor,1,5/27/2019 21:20
197407,Google Phone,1,5/4/2019 11:53
197408,AA Batteries (4-pack),1,5/11/2019 13:14
197409,AA Batteries (4-pack),3,5/31/2019 18:38
197410,USB-C Charging Cable,1,5/13/2019 22:28
197411,AA Batteries (4-pack),1,5/31/2019 14:51
197412,AA Batteries (4-pack),1,5/14/2019 17:52
197413,34in Ultrawide Monitor,1,5/30/2019 10:51
197414,Wired Headphones,1,5/10/2019 12:43
197415,Apple Airpods Headphones,1,5/30/2019 9:22
197416,AA Batteries (4-pack),1,5/14/2019 13:37
197417,USB-C Charging Cable,1,5/12/2019 11:07
197418,AAA Batteries (4-pack),1,5/23/2019 7:08
197419,Lightning Charging Cable,1,5/28/2019 22:11
197420,AA Batteries (4-pack),1,5/11/2019 20:52
197421,AAA Batteries (4-pack),1,5/1/2019 17:32
197422,USB-C Charging Cable,2,5/13/2019 9:18
197423,Lightning Charging Cable,1,5/15/2019 22:01
197424,Wired Headphones,1,5/7/2019 19:27
197425,34in Ultrawide Monitor,1,5/28/2019 20:00
197426,Google Phone,1,5/17/2019 12:07
197427,Macbook Pro Laptop,1,5/18/2019 17:18
197428,Wired Headphones,1,5/31/2019 11:56
197429,Apple Airpods Headphones,1,5/18/2019 18:41
197430,AAA Batteries (4-pack),1,5/3/2019 11:40
197431,Bose SoundSport Headphones,1,5/16/2019 20:45
197432,Apple Airpods Headphones,1,5/3/2019 18:59
197433,AA Batteries (4-pack),2,5/14/2019 20:49
197434,AA Batteries (4-pack),2,5/30/2019 13:39
197435,34in Ultrawide Monitor,1,5/5/2019 19:22
197436,Bose SoundSport Headphones,1,5/14/2019 17:37
197437,AAA Batteries (4-pack),4,5/20/2019 11:21
197438,Google Phone,1,5/22/2019 12:14
197439,Wired Headphones,1,5/20/2019 14:35
197440,Apple Airpods Headphones,1,5/7/2019 12:25
197441,USB-C Charging Cable,1,5/1/2019 14:52
197442,Google Phone,1,5/16/2019 21:49
197443,AAA Batteries (4-pack),2,5/22/2019 19:15
197444,AAA Batteries (4-pack),2,5/19/2019 11:46
197445,USB-C Charging Cable,1,5/2/2019 17:51
197446,AAA Batteries (4-pack),1,5/1/2019 19:59
197447,USB-C Charging Cable,2,5/5/2019 17:59
197448,Apple Airpods Headphones,1,5/11/2019 20:14
197449,Macbook Pro Laptop,1,5/12/2019 9:39
197450,iPhone,1,5/23/2019 13:46
197451,Wired Headphones,1,5/2/2019 12:13
197452,27in 4K Gaming Monitor,1,5/9/2019 20:30
197453,Apple Airpods Headphones,1,5/14/2019 1:36
197453,Vareebadd Phone,1,5/14/2019 1:36
197454,Lightning Charging Cable,1,5/11/2019 9:01
197455,Bose SoundSport Headphones,1,5/9/2019 21:48
197456,34in Ultrawide Monitor,1,5/3/2019 19:49
197457,AAA Batteries (4-pack),2,5/11/2019 13:00
197458,AA Batteries (4-pack),3,5/12/2019 22:28
197459,Lightning Charging Cable,1,5/10/2019 12:52
197460,Lightning Charging Cable,1,5/22/2019 14:50
197461,AA Batteries (4-pack),2,5/1/2019 12:24
197462,Bose SoundSport Headphones,1,5/29/2019 18:51
197463,ThinkPad Laptop,1,5/3/2019 14:37
197464,27in 4K Gaming Monitor,1,5/24/2019 18:45
197465,Lightning Charging Cable,1,5/15/2019 19:52
197466,27in 4K Gaming Monitor,1,5/8/2019 9:56
197466,AAA Batteries (4-pack),4,5/8/2019 9:56
197467,USB-C Charging Cable,1,5/13/2019 14:51
197468,Wired Headphones,1,5/31/2019 19:21
197469,Flatscreen TV,1,5/5/2019 1:18
197470,AA Batteries (4-pack),1,5/4/2019 12:38
197471,27in FHD Monitor,1,5/5/2019 11:06
197472,Apple Airpods Headphones,1,5/6/2019 20:34
197473,Vareebadd Phone,1,5/30/2019 20:21
197473,USB-C Charging Cable,1,5/30/2019 20:21
197474,27in 4K Gaming Monitor,1,5/2/2019 11:52
197475,Apple Airpods Headphones,1,5/28/2019 13:09
197476,27in 4K Gaming Monitor,1,5/9/2019 10:41
197477,Wired Headphones,1,5/30/2019 16:41
197478,Macbook Pro Laptop,1,5/21/2019 19:03
197479,ThinkPad Laptop,1,5/3/2019 11:37
197480,AA Batteries (4-pack),1,5/9/2019 14:52
197481,Wired Headphones,1,5/17/2019 12:32
197482,27in FHD Monitor,1,5/16/2019 20:01
197483,ThinkPad Laptop,1,5/23/2019 11:01
197484,USB-C Charging Cable,1,5/24/2019 15:01
197485,LG Washing Machine,1,5/11/2019 19:34
197486,AA Batteries (4-pack),1,5/23/2019 14:45
197487,AAA Batteries (4-pack),1,5/10/2019 17:49
197488,AAA Batteries (4-pack),2,5/27/2019 20:18
197489,USB-C Charging Cable,1,5/17/2019 12:52
197490,Wired Headphones,1,5/6/2019 18:43
197491,AAA Batteries (4-pack),2,5/17/2019 14:31
197492,34in Ultrawide Monitor,1,5/2/2019 16:00
197493,iPhone,1,5/6/2019 10:13
197493,Lightning Charging Cable,1,5/6/2019 10:13
197494,AAA Batteries (4-pack),1,5/9/2019 13:21
197495,Lightning Charging Cable,1,5/6/2019 14:59
197496,27in FHD Monitor,1,5/15/2019 20:46
197497,Lightning Charging Cable,1,5/17/2019 7:38
197498,Lightning Charging Cable,1,5/24/2019 20:13
197499,Wired Headphones,1,5/16/2019 19:32
197500,Wired Headphones,1,5/14/2019 15:10
197501,Lightning Charging Cable,1,5/22/2019 16:12
197502,AAA Batteries (4-pack),1,5/28/2019 15:40
197503,20in Monitor,1,5/8/2019 20:16
197504,AA Batteries (4-pack),1,5/12/2019 19:46
,,,
197505,AAA Batteries (4-pack),1,5/7/2019 0:16
197506,AAA Batteries (4-pack),1,5/2/2019 12:31
197507,Google Phone,1,5/5/2019 13:55
197507,USB-C Charging Cable,1,5/5/2019 13:55
197508,27in FHD Monitor,1,5/1/2019 20:32
197509,LG Washing Machine,1,5/26/2019 14:36
197510,AAA Batteries (4-pack),1,5/3/2019 11:50
197511,USB-C Charging Cable,2,5/12/2019 10:59
197512,Lightning Charging Cable,1,5/7/2019 6:58
197513,Vareebadd Phone,1,5/21/2019 14:50
197514,AA Batteries (4-pack),1,5/1/2019 15:25
197515,AA Batteries (4-pack),2,5/6/2019 12:32
197516,27in FHD Monitor,1,5/9/2019 10:09
197517,Lightning Charging Cable,2,5/19/2019 17:58
197518,AAA Batteries (4-pack),1,5/6/2019 14:19
197519,USB-C Charging Cable,1,5/14/2019 8:02
197520,27in 4K Gaming Monitor,1,5/23/2019 14:33
197521,Wired Headphones,1,5/2/2019 20:38
197522,Wired Headphones,1,5/6/2019 21:21
197523,Bose SoundSport Headphones,1,5/17/2019 18:37
197524,AA Batteries (4-pack),1,5/28/2019 10:20
197525,iPhone,1,5/3/2019 14:50
197525,Lightning Charging Cable,1,5/3/2019 14:50
197526,Wired Headphones,1,5/7/2019 6:08
197527,Wired Headphones,1,5/12/2019 17:10
197528,USB-C Charging Cable,1,5/22/2019 8:53
197529,AA Batteries (4-pack),1,5/8/2019 20:14
197530,Lightning Charging Cable,1,5/16/2019 17:02
197531,Lightning Charging Cable,1,5/25/2019 8:18
197532,AA Batteries (4-pack),1,5/9/2019 8:57
197533,Lightning Charging Cable,1,5/17/2019 7:49
197534,Wired Headphones,1,5/26/2019 18:00
197535,Lightning Charging Cable,1,5/31/2019 22:10
197536,Wired Headphones,1,5/31/2019 16:52
197537,AAA Batteries (4-pack),2,5/22/2019 7:42
197538,34in Ultrawide Monitor,1,5/4/2019 12:08
197539,27in 4K Gaming Monitor,1,5/17/2019 20:57
197540,34in Ultrawide Monitor,1,5/21/2019 13:49
197541,34in Ultrawide Monitor,1,5/4/2019 16:28
197542,AA Batteries (4-pack),1,5/27/2019 22:42
197543,AAA Batteries (4-pack),1,5/5/2019 1:11
197544,AA Batteries (4-pack),2,5/3/2019 16:15
197545,Google Phone,1,5/6/2019 19:14
197546,USB-C Charging Cable,1,5/26/2019 22:00
197547,Vareebadd Phone,1,5/15/2019 4:00
197548,34in Ultrawide Monitor,1,5/9/2019 12:34
197549,AAA Batteries (4-pack),2,5/2/2019 16:10
197550,AAA Batteries (4-pack),1,5/26/2019 16:42
197551,USB-C Charging Cable,1,5/14/2019 12:50
197552,Bose SoundSport Headphones,1,5/21/2019 11:19
197553,27in FHD Monitor,1,5/15/2019 6:51
197554,AAA Batteries (4-pack),1,5/28/2019 5:10
197555,AA Batteries (4-pack),2,5/19/2019 18:25
197556,Wired Headphones,1,5/27/2019 9:18
197557,USB-C Charging Cable,1,5/13/2019 0:01
197558,34in Ultrawide Monitor,1,5/13/2019 17:01
197559,Macbook Pro Laptop,1,5/20/2019 12:44
197560,AAA Batteries (4-pack),3,5/22/2019 1:46
197561,AAA Batteries (4-pack),1,5/22/2019 17:02
197562,USB-C Charging Cable,1,5/15/2019 15:28
197563,Google Phone,1,5/16/2019 19:29
197564,Macbook Pro Laptop,1,5/6/2019 19:54
197565,27in 4K Gaming Monitor,1,5/28/2019 16:40
197566,LG Washing Machine,1,5/11/2019 21:34
197567,AAA Batteries (4-pack),2,5/30/2019 18:11
197568,Lightning Charging Cable,2,5/3/2019 23:27
197569,USB-C Charging Cable,1,5/31/2019 21:17
197570,AA Batteries (4-pack),1,5/8/2019 16:06
197571,Wired Headphones,2,5/13/2019 13:39
197572,AA Batteries (4-pack),3,5/14/2019 23:13
197573,AA Batteries (4-pack),1,5/26/2019 18:34
197574,AAA Batteries (4-pack),1,5/16/2019 20:35
197575,iPhone,1,5/26/2019 21:44
197576,AAA Batteries (4-pack),1,5/14/2019 5:40
197577,34in Ultrawide Monitor,1,5/25/2019 20:28
197578,Google Phone,1,5/27/2019 23:36
197578,Wired Headphones,1,5/27/2019 23:36
197579,AAA Batteries (4-pack),3,5/3/2019 20:01
197580,27in FHD Monitor,1,5/14/2019 10:33
197581,AAA Batteries (4-pack),1,5/10/2019 11:13
197581,USB-C Charging Cable,1,5/10/2019 11:13
197582,USB-C Charging Cable,2,5/27/2019 12:06
197583,Wired Headphones,1,5/14/2019 14:09
197584,27in 4K Gaming Monitor,1,5/9/2019 7:58
197585,Apple Airpods Headphones,1,5/10/2019 10:34
197586,AA Batteries (4-pack),1,5/13/2019 21:23
197587,AAA Batteries (4-pack),1,5/15/2019 15:50
197588,34in Ultrawide Monitor,1,5/25/2019 13:52
197589,AA Batteries (4-pack),1,5/1/2019 14:42
197590,Wired Headphones,1,5/22/2019 18:03
197591,USB-C Charging Cable,1,5/24/2019 9:17
197592,Apple Airpods Headphones,1,5/6/2019 7:14
197593,Vareebadd Phone,1,5/26/2019 22:21
197594,Lightning Charging Cable,1,5/6/2019 6:19
197595,USB-C Charging Cable,1,5/12/2019 9:40
197596,AAA Batteries (4-pack),1,5/4/2019 9:17
197597,AAA Batteries (4-pack),3,5/28/2019 16:05
197598,Wired Headphones,1,5/16/2019 14:25
197599,Macbook Pro Laptop,1,5/23/2019 12:21
197600,USB-C Charging Cable,1,5/21/2019 21:05
197601,iPhone,1,5/19/2019 19:15
197601,Apple Airpods Headphones,1,5/19/2019 19:15
197602,AAA Batteries (4-pack),1,5/11/2019 13:45
197603,Apple Airpods Headphones,1,5/26/2019 19:55
197604,AAA Batteries (4-pack),2,5/5/2019 11:58
197605,Wired Headphones,1,5/11/2019 12:34
197606,AAA Batteries (4-pack),3,5/12/2019 0:21
197607,AA Batteries (4-pack),1,5/10/2019 16:58
197608,Wired Headphones,1,5/22/2019 12:43
197609,AA Batteries (4-pack),1,5/4/2019 6:24
197610,AAA Batteries (4-pack),5,5/26/2019 9:44
197611,AAA Batteries (4-pack),1,5/24/2019 18:29
197612,USB-C Charging Cable,1,5/19/2019 11:13
197613,AA Batteries (4-pack),1,5/25/2019 10:12
197614,Wired Headphones,1,5/4/2019 20:55
197615,AA Batteries (4-pack),1,5/17/2019 23:00
197616,34in Ultrawide Monitor,1,5/7/2019 11:21
197617,Google Phone,1,5/14/2019 23:17
197618,Flatscreen TV,1,5/30/2019 20:44
197619,Apple Airpods Headphones,1,5/20/2019 19:01
197620,Flatscreen TV,1,5/9/2019 19:53
197621,Google Phone,1,5/24/2019 10:18
197622,USB-C Charging Cable,1,5/9/2019 19:36
197623,AA Batteries (4-pack),1,5/19/2019 22:49
197624,AA Batteries (4-pack),2,5/23/2019 22:05
197625,Wired Headphones,1,5/28/2019 1:03
197626,USB-C Charging Cable,1,5/29/2019 12:37
197627,Vareebadd Phone,1,5/2/2019 9:41
197628,Wired Headphones,1,5/24/2019 13:41
197629,Wired Headphones,2,5/4/2019 23:44
197630,AA Batteries (4-pack),1,5/2/2019 19:21
197631,Flatscreen TV,1,5/11/2019 21:05
197632,Google Phone,1,5/5/2019 1:11
197633,USB-C Charging Cable,2,5/19/2019 0:16
197634,Wired Headphones,1,5/12/2019 14:45
197635,ThinkPad Laptop,1,5/21/2019 20:13
197636,Lightning Charging Cable,1,5/29/2019 16:04
197637,Apple Airpods Headphones,1,5/24/2019 13:47
197638,27in 4K Gaming Monitor,1,5/20/2019 22:19
197639,AA Batteries (4-pack),1,5/16/2019 11:30
197640,AA Batteries (4-pack),1,5/15/2019 19:53
197641,AAA Batteries (4-pack),1,5/9/2019 11:55
197642,USB-C Charging Cable,1,5/29/2019 19:36
197643,USB-C Charging Cable,1,5/23/2019 16:58
197644,27in FHD Monitor,1,5/24/2019 19:03
197645,34in Ultrawide Monitor,1,5/3/2019 16:33
197646,USB-C Charging Cable,1,5/28/2019 0:40
197647,USB-C Charging Cable,2,5/7/2019 11:05
197648,Macbook Pro Laptop,1,5/24/2019 21:51
197649,USB-C Charging Cable,1,5/28/2019 15:54
197650,27in FHD Monitor,1,5/25/2019 9:44
197651,Wired Headphones,1,5/3/2019 1:25
197652,USB-C Charging Cable,1,5/20/2019 15:43
197653,Bose SoundSport Headphones,1,5/30/2019 8:11
197654,Apple Airpods Headphones,1,5/25/2019 14:58
197655,AA Batteries (4-pack),1,5/8/2019 13:02
197656,iPhone,1,5/22/2019 5:49
197656,Lightning Charging Cable,1,5/22/2019 5:49
197657,AAA Batteries (4-pack),2,5/17/2019 12:25
197658,27in FHD Monitor,1,5/29/2019 16:50
197659,AA Batteries (4-pack),2,5/5/2019 12:15
197660,Wired Headphones,1,5/18/2019 9:02
197661,Flatscreen TV,1,5/27/2019 15:49
197662,Bose SoundSport Headphones,1,5/23/2019 1:04
197663,Lightning Charging Cable,1,5/3/2019 22:18
197664,Apple Airpods Headphones,1,5/16/2019 11:18
197665,Lightning Charging Cable,1,5/14/2019 19:50
197666,USB-C Charging Cable,1,5/11/2019 11:41
197667,AA Batteries (4-pack),2,5/2/2019 8:38
197668,AAA Batteries (4-pack),3,5/16/2019 17:16
197669,Apple Airpods Headphones,1,5/20/2019 9:40
197670,Wired Headphones,1,5/31/2019 11:38
197671,Bose SoundSport Headphones,1,5/15/2019 14:02
197672,Flatscreen TV,1,5/11/2019 16:17
197673,Wired Headphones,1,5/24/2019 10:50
197674,ThinkPad Laptop,1,5/8/2019 9:01
197675,AAA Batteries (4-pack),3,5/17/2019 10:45
197676,34in Ultrawide Monitor,1,5/9/2019 17:56
197677,iPhone,1,5/7/2019 14:58
197677,Wired Headphones,1,5/7/2019 14:58
197678,Apple Airpods Headphones,1,5/28/2019 20:23
197679,Macbook Pro Laptop,1,5/6/2019 16:25
197680,Google Phone,1,5/29/2019 9:51
197681,Macbook Pro Laptop,1,5/15/2019 13:24
197682,AA Batteries (4-pack),1,5/15/2019 12:53
197683,Lightning Charging Cable,1,5/20/2019 23:23
197684,Bose SoundSport Headphones,1,5/7/2019 0:30
197685,USB-C Charging Cable,2,5/24/2019 19:47
197686,USB-C Charging Cable,1,5/12/2019 5:50
197687,Lightning Charging Cable,1,5/7/2019 12:45
197688,AA Batteries (4-pack),2,5/11/2019 20:05
197689,Wired Headphones,1,5/8/2019 17:32
197690,Lightning Charging Cable,1,5/10/2019 16:03
197691,34in Ultrawide Monitor,1,5/26/2019 18:43
197692,Google Phone,1,5/29/2019 21:51
197693,ThinkPad Laptop,1,5/9/2019 20:22
197694,Macbook Pro Laptop,1,5/27/2019 13:20
197695,Bose SoundSport Headphones,1,5/22/2019 18:34
197696,Wired Headphones,1,5/19/2019 10:29
197697,Wired Headphones,2,5/17/2019 13:53
197698,Google Phone,1,6/1/2019 1:03
197699,27in FHD Monitor,1,5/19/2019 23:06
197700,USB-C Charging Cable,1,5/5/2019 19:35
197701,USB-C Charging Cable,1,5/21/2019 22:36
197702,USB-C Charging Cable,1,5/12/2019 13:40
197703,Apple Airpods Headphones,1,5/9/2019 8:40
197704,Wired Headphones,1,5/14/2019 22:30
197705,USB-C Charging Cable,1,5/29/2019 6:08
197706,AAA Batteries (4-pack),2,5/12/2019 12:40
197707,Apple Airpods Headphones,2,5/9/2019 12:18
197708,Wired Headphones,1,5/29/2019 23:22
197709,AAA Batteries (4-pack),1,5/9/2019 11:50
197710,Apple Airpods Headphones,1,5/6/2019 20:00
197711,AA Batteries (4-pack),1,5/27/2019 20:11
197712,AAA Batteries (4-pack),2,5/9/2019 13:40
197713,Lightning Charging Cable,1,5/7/2019 9:51
197714,USB-C Charging Cable,1,5/25/2019 14:22
197715,AA Batteries (4-pack),1,5/14/2019 10:47
197716,Vareebadd Phone,1,5/24/2019 7:02
197717,Apple Airpods Headphones,1,5/1/2019 20:26
197718,27in 4K Gaming Monitor,1,5/16/2019 20:57
197719,Apple Airpods Headphones,1,5/16/2019 21:11
197720,Macbook Pro Laptop,1,5/1/2019 19:05
197721,27in FHD Monitor,1,5/31/2019 18:10
197722,iPhone,1,5/17/2019 18:56
197722,Lightning Charging Cable,1,5/17/2019 18:56
197723,iPhone,1,5/17/2019 12:43
197724,27in FHD Monitor,1,5/29/2019 22:57
197725,Apple Airpods Headphones,1,5/9/2019 5:20
197726,34in Ultrawide Monitor,1,5/8/2019 23:22
197726,Macbook Pro Laptop,1,5/8/2019 23:22
197727,Macbook Pro Laptop,1,5/17/2019 15:30
197728,Flatscreen TV,1,5/4/2019 17:50
197729,Google Phone,1,5/29/2019 10:45
197730,AA Batteries (4-pack),2,5/4/2019 8:47
197731,AAA Batteries (4-pack),1,5/27/2019 17:28
197732,27in 4K Gaming Monitor,1,5/20/2019 19:14
197733,AAA Batteries (4-pack),1,5/15/2019 9:57
197734,Flatscreen TV,1,5/5/2019 16:00
197735,Bose SoundSport Headphones,1,5/27/2019 10:45
197736,USB-C Charging Cable,1,5/16/2019 19:30
197737,AAA Batteries (4-pack),5,5/17/2019 16:20
197738,Bose SoundSport Headphones,1,5/4/2019 7:17
197739,Macbook Pro Laptop,1,5/30/2019 13:46
197740,Bose SoundSport Headphones,1,5/29/2019 8:16
197741,Google Phone,1,5/14/2019 13:15
197742,AAA Batteries (4-pack),1,5/26/2019 13:29
197743,Wired Headphones,1,5/23/2019 1:05
197744,34in Ultrawide Monitor,1,5/22/2019 16:26
197745,20in Monitor,1,5/22/2019 23:31
197746,USB-C Charging Cable,1,5/8/2019 12:54
197747,Lightning Charging Cable,1,5/4/2019 11:56
197748,iPhone,1,5/3/2019 8:07
197749,Wired Headphones,1,5/13/2019 22:26
197750,Lightning Charging Cable,1,5/2/2019 15:52
197751,AA Batteries (4-pack),1,5/23/2019 9:18
197752,Lightning Charging Cable,2,5/12/2019 14:49
197753,AAA Batteries (4-pack),1,5/10/2019 22:51
197754,AA Batteries (4-pack),1,5/27/2019 19:26
197755,Flatscreen TV,1,5/1/2019 15:16
197756,Lightning Charging Cable,1,5/24/2019 20:05
197757,AAA Batteries (4-pack),2,5/29/2019 10:49
197758,USB-C Charging Cable,1,5/18/2019 23:00
197759,Wired Headphones,1,5/25/2019 14:48
197760,Apple Airpods Headphones,1,5/18/2019 22:42
197761,USB-C Charging Cable,1,5/8/2019 15:15
197762,AA Batteries (4-pack),1,5/25/2019 13:17
197763,AA Batteries (4-pack),1,5/23/2019 11:12
197764,ThinkPad Laptop,1,5/22/2019 18:46
197765,USB-C Charging Cable,1,5/3/2019 8:03
197766,Vareebadd Phone,1,5/27/2019 14:39
197767,USB-C Charging Cable,1,5/6/2019 13:38
197768,Flatscreen TV,1,5/4/2019 19:25
197769,Apple Airpods Headphones,1,5/3/2019 17:34
197770,AAA Batteries (4-pack),4,5/2/2019 15:12
197771,AAA Batteries (4-pack),1,5/10/2019 9:15
197772,ThinkPad Laptop,1,5/21/2019 14:50
197773,Apple Airpods Headphones,1,5/3/2019 12:18
197774,Wired Headphones,1,5/4/2019 12:10
197775,Apple Airpods Headphones,1,5/2/2019 12:12
197776,Lightning Charging Cable,1,5/25/2019 21:35
197777,Bose SoundSport Headphones,1,5/9/2019 21:26
197778,Wired Headphones,1,5/25/2019 10:43
197779,AA Batteries (4-pack),1,5/15/2019 18:45
197780,AA Batteries (4-pack),1,5/27/2019 21:15
197781,Apple Airpods Headphones,1,5/7/2019 19:29
197782,20in Monitor,1,5/27/2019 22:09
197783,27in FHD Monitor,1,5/30/2019 19:06
197784,USB-C Charging Cable,1,5/17/2019 22:24
197785,Apple Airpods Headphones,1,5/29/2019 13:35
197786,Google Phone,1,5/30/2019 13:12
197786,USB-C Charging Cable,1,5/30/2019 13:12
197787,AAA Batteries (4-pack),1,5/13/2019 20:16
197788,iPhone,1,5/7/2019 12:36
197789,Wired Headphones,1,5/21/2019 16:00
197790,Apple Airpods Headphones,1,5/13/2019 12:01
197791,20in Monitor,1,5/5/2019 9:25
197792,AAA Batteries (4-pack),1,5/25/2019 13:29
197793,27in 4K Gaming Monitor,1,5/21/2019 12:44
197794,AAA Batteries (4-pack),1,5/7/2019 10:20
197795,AAA Batteries (4-pack),1,5/13/2019 17:29
197796,Flatscreen TV,1,5/21/2019 21:00
197797,Wired Headphones,1,5/17/2019 21:32
197798,Google Phone,1,5/23/2019 13:26
197798,USB-C Charging Cable,1,5/23/2019 13:26
197799,Google Phone,1,5/21/2019 8:35
197800,27in 4K Gaming Monitor,1,5/27/2019 15:11
197801,Wired Headphones,1,5/20/2019 20:38
197802,Apple Airpods Headphones,1,5/5/2019 20:29
197803,AA Batteries (4-pack),3,5/19/2019 20:27
197804,USB-C Charging Cable,1,5/23/2019 22:11
197805,34in Ultrawide Monitor,1,5/10/2019 21:50
197806,Lightning Charging Cable,1,5/15/2019 15:49
197807,Google Phone,1,5/24/2019 12:43
197808,Apple Airpods Headphones,1,5/23/2019 11:13
197809,Lightning Charging Cable,1,5/6/2019 9:05
197810,Lightning Charging Cable,1,5/31/2019 12:58
197811,Lightning Charging Cable,2,5/26/2019 11:20
197812,iPhone,1,5/16/2019 12:37
197812,Apple Airpods Headphones,1,5/16/2019 12:37
197813,Apple Airpods Headphones,1,5/7/2019 15:48
197813,27in FHD Monitor,1,5/7/2019 15:48
197814,Google Phone,1,5/22/2019 12:00
197815,27in FHD Monitor,1,5/28/2019 8:57
197816,USB-C Charging Cable,1,5/5/2019 18:56
197817,Apple Airpods Headphones,1,5/21/2019 22:29
197818,USB-C Charging Cable,1,5/2/2019 12:21
197819,iPhone,1,5/12/2019 18:37
197820,ThinkPad Laptop,1,5/31/2019 7:53
197821,Lightning Charging Cable,1,5/26/2019 8:15
197822,Bose SoundSport Headphones,1,5/3/2019 21:18
197823,AAA Batteries (4-pack),1,5/30/2019 15:03
197824,Lightning Charging Cable,1,5/12/2019 14:54
197825,USB-C Charging Cable,1,5/9/2019 19:21
197826,USB-C Charging Cable,1,5/16/2019 11:32
197827,Apple Airpods Headphones,1,5/7/2019 17:14
197828,Vareebadd Phone,1,5/25/2019 19:18
197829,AAA Batteries (4-pack),1,5/5/2019 13:56
197830,Wired Headphones,1,5/16/2019 16:52
197831,iPhone,1,5/12/2019 12:36
197832,Vareebadd Phone,1,5/5/2019 22:13
197833,Apple Airpods Headphones,1,5/24/2019 22:12
197834,USB-C Charging Cable,1,5/18/2019 11:21
197835,Bose SoundSport Headphones,1,5/11/2019 13:53
Order ID,Product,Quantity Ordered,Order Date
197836,AA Batteries (4-pack),3,5/4/2019 14:55
197837,Bose SoundSport Headphones,1,5/5/2019 9:19
197838,27in FHD Monitor,1,5/22/2019 14:56
197839,27in FHD Monitor,1,5/16/2019 17:00
197840,AA Batteries (4-pack),1,5/25/2019 12:04
197841,Apple Airpods Headphones,1,5/17/2019 8:23
197841,AAA Batteries (4-pack),2,5/17/2019 8:23
197842,Macbook Pro Laptop,1,5/1/2019 21:54
197843,AA Batteries (4-pack),1,5/22/2019 11:19
197844,Wired Headphones,1,5/10/2019 17:26
197845,USB-C Charging Cable,1,5/9/2019 15:23
197845,USB-C Charging Cable,1,5/9/2019 15:23
197846,AA Batteries (4-pack),1,5/31/2019 9:31
197847,27in FHD Monitor,1,5/25/2019 0:22
197848,Lightning Charging Cable,1,5/9/2019 13:13
197849,AA Batteries (4-pack),1,5/16/2019 3:22
197850,Wired Headphones,1,5/16/2019 11:42
197851,Wired Headphones,1,5/22/2019 12:50
197852,Google Phone,1,5/3/2019 12:47
197852,USB-C Charging Cable,1,5/3/2019 12:47
197852,AAA Batteries (4-pack),2,5/3/2019 12:47
197853,Apple Airpods Headphones,1,5/25/2019 20:45
197854,Bose SoundSport Headphones,1,5/28/2019 13:17
197855,AA Batteries (4-pack),1,5/7/2019 20:41
197856,34in Ultrawide Monitor,1,5/28/2019 14:48
197857,27in FHD Monitor,1,5/4/2019 6:28
197858,AA Batteries (4-pack),1,5/4/2019 16:45
197859,Google Phone,1,5/20/2019 10:28
,,,
197860,AA Batteries (4-pack),1,5/21/2019 9:00
197861,20in Monitor,1,5/3/2019 19:53
197862,iPhone,1,5/11/2019 12:32
197863,27in FHD Monitor,1,5/19/2019 17:38
197864,USB-C Charging Cable,1,5/15/2019 8:11
197865,27in FHD Monitor,1,5/5/2019 11:53
197866,Macbook Pro Laptop,1,5/14/2019 22:18
197867,Bose SoundSport Headphones,1,5/31/2019 8:06
197868,Wired Headphones,1,5/23/2019 19:23
197869,ThinkPad Laptop,1,5/18/2019 22:12
197870,USB-C Charging Cable,1,5/19/2019 15:39
197871,Bose SoundSport Headphones,1,5/17/2019 13:56
197872,Wired Headphones,1,5/1/2019 17:55
197873,Wired Headphones,1,5/23/2019 13:42
197874,34in Ultrawide Monitor,1,5/18/2019 16:25
197875,AAA Batteries (4-pack),2,5/20/2019 22:29
197876,USB-C Charging Cable,1,5/29/2019 18:35
197877,Wired Headphones,1,5/11/2019 8:04
197878,27in 4K Gaming Monitor,1,5/30/2019 9:34
197879,AA Batteries (4-pack),1,5/13/2019 8:01
197880,LG Washing Machine,1,5/31/2019 17:08
197881,Macbook Pro Laptop,1,5/29/2019 1:35
197882,Wired Headphones,1,5/19/2019 14:59
197883,Lightning Charging Cable,1,5/15/2019 15:08
197884,iPhone,1,5/21/2019 14:18
197885,Macbook Pro Laptop,1,5/26/2019 12:36
197886,27in 4K Gaming Monitor,1,5/30/2019 13:22
197887,USB-C Charging Cable,1,5/1/2019 20:32
197888,Wired Headphones,1,5/4/2019 10:59
197889,AAA Batteries (4-pack),1,5/30/2019 12:51
197890,Wired Headphones,1,5/30/2019 20:47
197891,Bose SoundSport Headphones,1,5/14/2019 14:46
197892,20in Monitor,1,5/28/2019 7:23
197893,27in 4K Gaming Monitor,1,5/2/2019 14:26
197894,27in FHD Monitor,1,5/16/2019 13:32
197895,iPhone,1,5/3/2019 16:27
197896,AA Batteries (4-pack),2,5/1/2019 8:55
197897,20in Monitor,1,5/10/2019 17:52
197898,34in Ultrawide Monitor,1,5/30/2019 7:19
197899,Bose SoundSport Headphones,1,5/13/2019 20:19
197900,27in FHD Monitor,1,5/1/2019 10:20
197900,AA Batteries (4-pack),1,5/1/2019 10:20
197901,Google Phone,1,5/12/2019 9:03
197901,USB-C Charging Cable,1,5/12/2019 9:03
197902,AAA Batteries (4-pack),2,5/24/2019 12:55
197903,Bose SoundSport Headphones,1,5/29/2019 9:58
197904,Lightning Charging Cable,1,5/21/2019 13:27
197905,20in Monitor,1,5/10/2019 17:10
197905,Lightning Charging Cable,1,5/10/2019 17:10
197906,iPhone,1,5/18/2019 23:46
197907,AAA Batteries (4-pack),1,5/23/2019 23:58
197908,Lightning Charging Cable,1,5/20/2019 10:03
197909,Apple Airpods Headphones,1,5/21/2019 15:06
197910,27in FHD Monitor,1,5/16/2019 21:12
197911,USB-C Charging Cable,1,5/4/2019 14:32
197912,27in FHD Monitor,1,5/13/2019 19:52
197913,Flatscreen TV,1,5/20/2019 10:21
197914,Wired Headphones,1,5/26/2019 0:00
197915,Bose SoundSport Headphones,1,5/9/2019 2:00
197916,AA Batteries (4-pack),2,5/13/2019 9:33
197917,Lightning Charging Cable,1,5/2/2019 22:27
197918,Wired Headphones,1,5/12/2019 10:02
197919,Bose SoundSport Headphones,1,5/22/2019 22:40
197920,27in 4K Gaming Monitor,1,5/31/2019 19:44
197921,iPhone,1,5/18/2019 8:27
197922,AA Batteries (4-pack),1,5/2/2019 15:51
197923,USB-C Charging Cable,1,5/12/2019 9:31
197924,Wired Headphones,1,5/26/2019 9:55
197925,Apple Airpods Headphones,1,5/30/2019 23:47
197926,Apple Airpods Headphones,1,5/17/2019 22:30
197927,Google Phone,1,5/13/2019 10:12
197928,27in 4K Gaming Monitor,1,5/20/2019 11:49
197929,Bose SoundSport Headphones,1,5/31/2019 14:09
197930,27in FHD Monitor,1,5/15/2019 18:28
197931,Apple Airpods Headphones,1,5/13/2019 9:07
,,,
197932,AAA Batteries (4-pack),1,5/19/2019 21:18
197933,USB-C Charging Cable,1,5/3/2019 17:35
197934,AAA Batteries (4-pack),1,5/19/2019 21:29
197935,AAA Batteries (4-pack),2,5/5/2019 15:12
197936,AAA Batteries (4-pack),1,5/14/2019 17:02
197937,AAA Batteries (4-pack),1,5/30/2019 8:54
197938,Apple Airpods Headphones,1,5/31/2019 14:32
197939,AA Batteries (4-pack),1,5/12/2019 21:51
197940,Apple Airpods Headphones,1,5/19/2019 11:19
197941,LG Dryer,1,5/12/2019 10:41
197942,27in FHD Monitor,1,5/12/2019 18:56
197943,Wired Headphones,1,5/14/2019 6:44
197944,Google Phone,1,5/2/2019 22:53
197945,AA Batteries (4-pack),1,5/28/2019 12:55
197946,Google Phone,1,5/11/2019 11:26
197947,AA Batteries (4-pack),1,5/19/2019 0:28
197948,Lightning Charging Cable,1,5/13/2019 10:39
197949,iPhone,1,5/28/2019 13:26
197950,Bose SoundSport Headphones,1,5/8/2019 16:26
197951,Lightning Charging Cable,1,5/3/2019 0:36
197952,27in 4K Gaming Monitor,1,5/10/2019 20:03
197953,Wired Headphones,1,5/22/2019 8:31
197954,Google Phone,1,5/7/2019 22:02
197954,USB-C Charging Cable,1,5/7/2019 22:02
197955,AAA Batteries (4-pack),1,5/6/2019 15:22
197956,Apple Airpods Headphones,1,5/14/2019 19:40
197957,Wired Headphones,1,5/12/2019 15:44
197958,iPhone,1,5/11/2019 8:02
197959,Bose SoundSport Headphones,1,5/7/2019 14:14
197960,Lightning Charging Cable,1,5/16/2019 15:25
197961,34in Ultrawide Monitor,1,5/29/2019 17:52
197962,Bose SoundSport Headphones,1,5/21/2019 21:18
197963,Bose SoundSport Headphones,1,5/3/2019 13:25
197964,Bose SoundSport Headphones,1,5/5/2019 17:12
197965,Flatscreen TV,1,5/26/2019 14:39
197966,20in Monitor,1,5/13/2019 14:22
197967,AAA Batteries (4-pack),1,5/11/2019 20:40
197968,27in 4K Gaming Monitor,1,5/23/2019 22:54
197969,LG Washing Machine,1,5/3/2019 21:24
197970,Wired Headphones,1,5/17/2019 20:06
197971,27in FHD Monitor,1,5/29/2019 15:32
197972,Apple Airpods Headphones,1,5/11/2019 22:55
197973,Wired Headphones,1,5/18/2019 22:10
197974,AA Batteries (4-pack),1,5/27/2019 11:26
197975,AAA Batteries (4-pack),1,5/8/2019 19:41
197976,Wired Headphones,1,5/7/2019 9:18
197977,Wired Headphones,1,5/20/2019 19:32
197977,AA Batteries (4-pack),2,5/20/2019 19:32
197978,Google Phone,1,5/17/2019 23:23
197978,Wired Headphones,1,5/17/2019 23:23
197979,Bose SoundSport Headphones,1,5/30/2019 13:20
197980,Lightning Charging Cable,1,5/9/2019 11:39
197981,ThinkPad Laptop,1,5/7/2019 4:06
197982,AA Batteries (4-pack),1,5/10/2019 12:52
197983,USB-C Charging Cable,1,5/17/2019 20:50
197984,AAA Batteries (4-pack),1,5/14/2019 16:32
197985,Bose SoundSport Headphones,1,5/15/2019 10:51
197986,USB-C Charging Cable,1,5/10/2019 19:42
197987,USB-C Charging Cable,1,5/21/2019 17:07
197987,34in Ultrawide Monitor,1,5/21/2019 17:07
197988,Macbook Pro Laptop,1,5/18/2019 7:58
197989,USB-C Charging Cable,2,5/17/2019 10:55
197990,USB-C Charging Cable,1,5/23/2019 19:48
197991,Macbook Pro Laptop,1,5/29/2019 0:40
197992,USB-C Charging Cable,1,5/17/2019 17:20
197993,USB-C Charging Cable,1,5/5/2019 15:48
197994,USB-C Charging Cable,1,5/7/2019 0:48
197995,Vareebadd Phone,1,5/21/2019 2:09
197995,Wired Headphones,1,5/21/2019 2:09
197996,27in FHD Monitor,1,5/21/2019 20:04
197997,USB-C Charging Cable,1,5/19/2019 15:13
197998,27in FHD Monitor,1,5/21/2019 19:31
197999,Macbook Pro Laptop,1,5/12/2019 15:48
198000,ThinkPad Laptop,1,5/20/2019 18:15
198001,ThinkPad Laptop,1,5/9/2019 15:50
198002,Apple Airpods Headphones,2,5/16/2019 19:19
198003,Lightning Charging Cable,1,5/10/2019 12:30
198004,AA Batteries (4-pack),1,5/11/2019 14:21
198005,Bose SoundSport Headphones,1,5/11/2019 8:20
198005,AAA Batteries (4-pack),2,5/11/2019 8:20
198006,Bose SoundSport Headphones,1,5/1/2019 22:45
198007,USB-C Charging Cable,1,5/30/2019 8:01
198008,USB-C Charging Cable,1,5/6/2019 10:57
198009,Macbook Pro Laptop,1,5/20/2019 11:10
198010,27in 4K Gaming Monitor,1,5/12/2019 13:41
198011,AAA Batteries (4-pack),1,5/12/2019 22:26
198012,LG Washing Machine,1,5/16/2019 5:41
198013,ThinkPad Laptop,1,5/24/2019 21:48
198014,Macbook Pro Laptop,1,5/20/2019 15:34
198015,ThinkPad Laptop,1,5/26/2019 14:12
198016,27in 4K Gaming Monitor,1,5/13/2019 17:41
198016,Apple Airpods Headphones,1,5/13/2019 17:41
198017,Bose SoundSport Headphones,1,5/15/2019 18:07
198018,USB-C Charging Cable,2,5/3/2019 12:02
198019,USB-C Charging Cable,1,5/12/2019 10:22
198020,20in Monitor,1,5/13/2019 20:10
198021,AAA Batteries (4-pack),2,5/14/2019 23:54
198022,AA Batteries (4-pack),3,5/29/2019 16:37
198023,USB-C Charging Cable,1,5/24/2019 0:30
198024,AAA Batteries (4-pack),1,5/6/2019 12:13
198025,Google Phone,1,5/16/2019 0:56
198025,USB-C Charging Cable,1,5/16/2019 0:56
198026,AAA Batteries (4-pack),1,5/22/2019 18:33
,,,
198027,AAA Batteries (4-pack),2,5/2/2019 7:10
198028,27in FHD Monitor,1,5/30/2019 16:50
198029,Bose SoundSport Headphones,1,5/10/2019 19:12
198030,iPhone,1,5/9/2019 8:44
198031,USB-C Charging Cable,1,5/3/2019 20:50
198032,Wired Headphones,1,5/3/2019 11:09
198033,ThinkPad Laptop,1,5/12/2019 22:07
198034,ThinkPad Laptop,1,5/15/2019 21:03
198035,USB-C Charging Cable,1,5/5/2019 20:51
198036,AAA Batteries (4-pack),1,5/18/2019 16:51
198037,USB-C Charging Cable,1,5/29/2019 2:30
198038,USB-C Charging Cable,1,5/1/2019 11:51
198039,AAA Batteries (4-pack),1,5/20/2019 14:02
198040,AA Batteries (4-pack),2,5/29/2019 13:17
198041,AAA Batteries (4-pack),1,5/6/2019 19:13
198042,Google Phone,1,5/8/2019 18:39
198042,USB-C Charging Cable,1,5/8/2019 18:39
198043,AAA Batteries (4-pack),1,5/5/2019 14:34
198044,34in Ultrawide Monitor,1,5/5/2019 23:04
198045,Wired Headphones,1,5/14/2019 11:14
198046,Lightning Charging Cable,1,5/7/2019 20:25
198046,Bose SoundSport Headphones,1,5/7/2019 20:25
198047,AAA Batteries (4-pack),2,5/25/2019 17:34
198048,AA Batteries (4-pack),1,5/10/2019 16:51
198049,USB-C Charging Cable,2,5/26/2019 22:44
198050,AA Batteries (4-pack),2,5/17/2019 17:36
198051,AA Batteries (4-pack),1,5/23/2019 11:42
198052,AA Batteries (4-pack),1,5/4/2019 0:20
198053,Lightning Charging Cable,1,5/1/2019 21:13
198054,Lightning Charging Cable,1,5/10/2019 10:13
198054,iPhone,1,5/10/2019 10:13
198055,AA Batteries (4-pack),2,5/14/2019 4:54
198056,USB-C Charging Cable,1,5/12/2019 11:07
198057,AAA Batteries (4-pack),1,5/16/2019 0:38
198058,AA Batteries (4-pack),1,5/4/2019 8:15
198059,Vareebadd Phone,1,5/26/2019 16:31
198059,Wired Headphones,1,5/26/2019 16:31
198060,Lightning Charging Cable,1,5/16/2019 14:44
198060,USB-C Charging Cable,1,5/16/2019 14:44
198061,AA Batteries (4-pack),3,5/7/2019 21:23
198062,AA Batteries (4-pack),1,5/31/2019 23:09
198063,Bose SoundSport Headphones,1,5/2/2019 11:47
198064,AA Batteries (4-pack),1,5/19/2019 8:12
198065,USB-C Charging Cable,1,5/30/2019 12:43
198066,AAA Batteries (4-pack),1,5/3/2019 9:22
198067,AA Batteries (4-pack),2,5/27/2019 20:05
198068,27in FHD Monitor,1,5/25/2019 19:58
198069,27in 4K Gaming Monitor,1,5/18/2019 9:42
198070,AA Batteries (4-pack),2,5/12/2019 15:59
198071,Apple Airpods Headphones,1,5/24/2019 10:53
198072,Bose SoundSport Headphones,1,5/25/2019 20:12
198073,27in FHD Monitor,1,5/22/2019 22:34
198074,34in Ultrawide Monitor,1,5/30/2019 20:18
198075,iPhone,1,5/13/2019 18:45
198075,Lightning Charging Cable,1,5/13/2019 18:45
198076,Wired Headphones,1,5/20/2019 18:25
198077,AA Batteries (4-pack),1,5/15/2019 10:01
198078,Bose SoundSport Headphones,1,5/16/2019 18:41
198078,USB-C Charging Cable,1,5/16/2019 18:41
198079,Google Phone,1,5/3/2019 16:39
198080,Apple Airpods Headphones,1,5/21/2019 17:51
198081,AAA Batteries (4-pack),4,5/27/2019 9:27
198082,iPhone,1,5/14/2019 17:41
198083,Bose SoundSport Headphones,1,5/15/2019 13:59
198084,AAA Batteries (4-pack),1,5/20/2019 9:31
198085,iPhone,1,5/2/2019 19:05
198086,34in Ultrawide Monitor,1,5/21/2019 14:19
198087,AA Batteries (4-pack),2,5/13/2019 21:08
198088,AAA Batteries (4-pack),3,5/26/2019 14:56
198089,Bose SoundSport Headphones,1,5/22/2019 0:51
198090,Lightning Charging Cable,1,5/30/2019 1:01
198091,Flatscreen TV,1,5/3/2019 13:44
198092,USB-C Charging Cable,1,5/6/2019 14:14
198093,27in 4K Gaming Monitor,1,5/11/2019 15:39
198094,Vareebadd Phone,1,5/29/2019 20:35
198094,USB-C Charging Cable,1,5/29/2019 20:35
198095,USB-C Charging Cable,1,5/7/2019 13:51
198096,Wired Headphones,1,5/13/2019 12:41
198097,Lightning Charging Cable,1,5/21/2019 16:36
198098,AAA Batteries (4-pack),1,5/2/2019 10:54
198099,Apple Airpods Headphones,1,5/26/2019 13:38
198100,Bose SoundSport Headphones,1,5/24/2019 23:28
198101,Lightning Charging Cable,1,5/6/2019 20:49
198102,Lightning Charging Cable,1,5/8/2019 1:15
198103,27in FHD Monitor,1,5/14/2019 15:55
198104,LG Dryer,1,5/14/2019 19:29
198105,Lightning Charging Cable,1,5/14/2019 12:10
198106,Apple Airpods Headphones,1,5/29/2019 13:55
198107,27in 4K Gaming Monitor,1,5/31/2019 10:27
198108,Bose SoundSport Headphones,1,5/9/2019 12:55
198109,AAA Batteries (4-pack),2,5/18/2019 16:25
198110,Lightning Charging Cable,1,5/13/2019 7:06
198111,34in Ultrawide Monitor,1,5/15/2019 8:33
198112,Lightning Charging Cable,1,5/10/2019 11:56
198113,AA Batteries (4-pack),1,5/11/2019 23:42
198114,20in Monitor,1,5/24/2019 19:17
198115,AA Batteries (4-pack),1,5/31/2019 10:39
198116,USB-C Charging Cable,1,5/27/2019 18:47
198117,20in Monitor,1,5/6/2019 15:32
198118,AAA Batteries (4-pack),1,5/16/2019 14:06
198119,USB-C Charging Cable,1,5/18/2019 14:50
198120,27in 4K Gaming Monitor,1,5/10/2019 20:10
198121,Apple Airpods Headphones,1,5/27/2019 23:21
198122,Lightning Charging Cable,1,5/5/2019 12:46
198123,Lightning Charging Cable,1,5/22/2019 8:42
198124,Bose SoundSport Headphones,1,5/6/2019 18:35
198125,Apple Airpods Headphones,1,5/26/2019 15:25
198126,LG Washing Machine,1,5/15/2019 1:53
198127,AA Batteries (4-pack),1,5/9/2019 9:05
198128,Apple Airpods Headphones,1,5/6/2019 8:11
198129,AAA Batteries (4-pack),1,5/8/2019 19:18
198130,Lightning Charging Cable,1,5/16/2019 14:33
198131,Lightning Charging Cable,1,5/4/2019 4:46
198132,AA Batteries (4-pack),1,5/30/2019 15:12
198133,AA Batteries (4-pack),1,5/29/2019 23:01
198134,Bose SoundSport Headphones,1,5/24/2019 8:49
198135,ThinkPad Laptop,1,5/12/2019 8:58
198136,AA Batteries (4-pack),1,5/13/2019 18:55
198137,USB-C Charging Cable,1,5/23/2019 23:07
198138,AAA Batteries (4-pack),2,5/23/2019 12:47
198139,Lightning Charging Cable,1,5/29/2019 12:13
198140,Wired Headphones,1,5/9/2019 13:25
198141,USB-C Charging Cable,1,5/18/2019 9:41
198141,Apple Airpods Headphones,1,5/18/2019 9:41
198142,Wired Headphones,2,5/6/2019 18:19
198143,AAA Batteries (4-pack),3,5/27/2019 2:03
198144,Google Phone,1,5/26/2019 20:13
198145,Apple Airpods Headphones,1,5/7/2019 10:50
198146,Bose SoundSport Headphones,1,5/18/2019 22:35
198147,27in FHD Monitor,1,5/27/2019 0:19
198148,Flatscreen TV,1,5/23/2019 23:59
198149,Vareebadd Phone,1,5/26/2019 11:53
198150,Bose SoundSport Headphones,1,5/8/2019 17:51
198151,USB-C Charging Cable,1,5/22/2019 10:54
198152,iPhone,1,5/14/2019 23:01
198153,Bose SoundSport Headphones,1,5/15/2019 13:50
198154,AA Batteries (4-pack),1,5/24/2019 10:47
198155,Bose SoundSport Headphones,1,5/23/2019 17:44
198156,Macbook Pro Laptop,1,5/22/2019 22:19
198157,Google Phone,1,5/18/2019 15:56
198158,Wired Headphones,1,5/30/2019 21:05
198159,Bose SoundSport Headphones,1,5/11/2019 15:37
198160,iPhone,1,5/3/2019 12:57
198161,Bose SoundSport Headphones,1,5/20/2019 19:21
198162,iPhone,1,5/27/2019 1:03
198163,USB-C Charging Cable,1,5/23/2019 19:53
198164,34in Ultrawide Monitor,1,5/29/2019 20:52
198165,Lightning Charging Cable,2,5/27/2019 20:03
198166,Lightning Charging Cable,1,5/23/2019 8:26
198167,USB-C Charging Cable,1,5/6/2019 2:36
198168,AA Batteries (4-pack),1,5/17/2019 22:19
198169,27in FHD Monitor,1,5/19/2019 20:38
198170,Apple Airpods Headphones,1,5/3/2019 8:22
198171,Lightning Charging Cable,2,5/28/2019 11:31
198172,AAA Batteries (4-pack),1,5/27/2019 17:30
198173,Wired Headphones,1,5/5/2019 20:32
198174,Flatscreen TV,1,5/13/2019 17:54
198175,AAA Batteries (4-pack),1,5/19/2019 13:21
198176,Wired Headphones,2,5/9/2019 12:23
198177,AAA Batteries (4-pack),2,5/16/2019 22:24
198178,AA Batteries (4-pack),1,5/18/2019 17:10
198179,Google Phone,1,5/25/2019 7:02
198180,Apple Airpods Headphones,1,5/23/2019 22:12
198181,34in Ultrawide Monitor,1,5/8/2019 20:34
198182,Apple Airpods Headphones,1,5/14/2019 0:56
198183,Vareebadd Phone,1,5/22/2019 18:55
198184,Lightning Charging Cable,1,5/21/2019 22:04
198185,27in FHD Monitor,1,5/4/2019 12:59
198186,AAA Batteries (4-pack),1,5/30/2019 11:16
198187,AA Batteries (4-pack),1,5/24/2019 8:47
198188,AAA Batteries (4-pack),1,5/28/2019 18:25
198189,USB-C Charging Cable,1,5/7/2019 11:19
198190,Wired Headphones,2,5/6/2019 22:13
198190,iPhone,1,5/6/2019 22:13
198191,iPhone,1,5/10/2019 20:55
198192,USB-C Charging Cable,1,5/2/2019 16:40
198193,ThinkPad Laptop,1,5/8/2019 22:08
198194,Lightning Charging Cable,1,5/16/2019 9:30
198195,AAA Batteries (4-pack),1,5/6/2019 14:34
198196,27in FHD Monitor,1,5/28/2019 12:15
198197,Wired Headphones,1,5/2/2019 18:19
198198,Bose SoundSport Headphones,1,5/4/2019 17:30
198199,Bose SoundSport Headphones,1,5/30/2019 13:44
198200,34in Ultrawide Monitor,1,5/11/2019 19:19
198201,AA Batteries (4-pack),2,5/27/2019 1:14
198202,Lightning Charging Cable,1,5/12/2019 20:40
198203,27in FHD Monitor,1,5/13/2019 15:32
198204,AA Batteries (4-pack),1,5/6/2019 11:09
198204,Lightning Charging Cable,1,5/6/2019 11:09
198205,USB-C Charging Cable,1,5/2/2019 17:13
198206,Bose SoundSport Headphones,1,5/18/2019 20:43
198207,27in 4K Gaming Monitor,1,5/12/2019 20:39
198208,27in FHD Monitor,1,5/25/2019 11:30
198209,Bose SoundSport Headphones,1,5/20/2019 12:03
198210,Apple Airpods Headphones,1,5/31/2019 20:57
198211,Google Phone,1,5/27/2019 19:34
198212,Bose SoundSport Headphones,1,5/3/2019 0:23
198213,USB-C Charging Cable,1,5/13/2019 15:37
198214,Macbook Pro Laptop,1,5/4/2019 13:33
198215,AAA Batteries (4-pack),2,5/24/2019 1:38
198215,Google Phone,1,5/24/2019 1:38
198216,Lightning Charging Cable,1,5/7/2019 13:29
198217,Bose SoundSport Headphones,1,5/24/2019 0:21
198218,USB-C Charging Cable,2,5/27/2019 21:32
198219,Macbook Pro Laptop,1,5/8/2019 9:56
198220,AAA Batteries (4-pack),3,5/23/2019 11:43
198221,20in Monitor,1,5/25/2019 18:51
198222,Wired Headphones,1,5/5/2019 20:26
198223,Lightning Charging Cable,1,5/25/2019 18:20
198224,Wired Headphones,1,5/1/2019 19:53
198225,34in Ultrawide Monitor,1,5/5/2019 21:49
198226,20in Monitor,1,5/5/2019 14:09
198227,Lightning Charging Cable,1,5/27/2019 16:07
198228,34in Ultrawide Monitor,1,5/22/2019 23:29
198229,USB-C Charging Cable,1,5/10/2019 5:55
198230,Lightning Charging Cable,1,5/12/2019 9:52
198231,USB-C Charging Cable,1,5/23/2019 19:07
198232,AA Batteries (4-pack),1,5/16/2019 20:21
198233,iPhone,1,5/14/2019 12:36
198234,Bose SoundSport Headphones,1,5/27/2019 19:46
198235,Apple Airpods Headphones,1,5/8/2019 21:28
198236,Flatscreen TV,1,5/16/2019 16:52
198237,AA Batteries (4-pack),1,5/13/2019 10:10
198238,AA Batteries (4-pack),1,5/29/2019 18:58
198238,27in FHD Monitor,1,5/29/2019 18:58
198239,Lightning Charging Cable,1,5/20/2019 10:25
198240,34in Ultrawide Monitor,1,5/8/2019 16:42
198241,AA Batteries (4-pack),1,5/23/2019 19:21
198242,Lightning Charging Cable,1,5/6/2019 19:25
198243,20in Monitor,1,5/14/2019 13:00
198244,USB-C Charging Cable,1,5/21/2019 20:32
198245,Bose SoundSport Headphones,1,5/25/2019 14:13
198246,Lightning Charging Cable,1,5/2/2019 17:32
198247,27in FHD Monitor,1,5/21/2019 17:03
198248,Wired Headphones,1,5/31/2019 10:24
198249,27in 4K Gaming Monitor,1,5/16/2019 14:56
198250,27in FHD Monitor,1,5/29/2019 18:14
198251,Google Phone,1,5/21/2019 14:24
198251,Wired Headphones,1,5/21/2019 14:24
198252,USB-C Charging Cable,1,5/29/2019 10:41
,,,
198253,AA Batteries (4-pack),1,5/17/2019 18:00
198254,USB-C Charging Cable,1,5/25/2019 14:02
198255,LG Washing Machine,1,5/21/2019 22:50
198256,Apple Airpods Headphones,1,5/29/2019 17:07
198257,Lightning Charging Cable,1,5/5/2019 15:34
198258,USB-C Charging Cable,1,5/28/2019 22:11
198259,AA Batteries (4-pack),2,5/9/2019 13:58
198260,Bose SoundSport Headphones,1,5/22/2019 6:58
198261,Lightning Charging Cable,1,5/23/2019 11:32
198262,27in FHD Monitor,1,5/19/2019 14:25
198263,AA Batteries (4-pack),3,5/9/2019 12:01
198264,Bose SoundSport Headphones,1,5/12/2019 17:26
198265,AAA Batteries (4-pack),1,5/18/2019 18:10
198266,USB-C Charging Cable,1,5/15/2019 12:22
198267,Macbook Pro Laptop,1,5/21/2019 5:38
198268,Bose SoundSport Headphones,1,5/22/2019 10:29
198269,Apple Airpods Headphones,1,5/28/2019 12:35
198270,AAA Batteries (4-pack),2,5/20/2019 17:35
198271,Flatscreen TV,1,5/17/2019 19:29
198272,USB-C Charging Cable,1,5/13/2019 9:42
198273,iPhone,1,5/14/2019 13:46
198274,Lightning Charging Cable,1,5/28/2019 15:36
198275,Wired Headphones,1,5/29/2019 8:06
198276,Vareebadd Phone,1,5/28/2019 1:53
198277,AA Batteries (4-pack),2,5/1/2019 9:46
198278,Lightning Charging Cable,1,5/20/2019 18:05
198279,AAA Batteries (4-pack),1,5/16/2019 2:41
198280,Google Phone,1,5/18/2019 18:01
198281,AA Batteries (4-pack),1,5/3/2019 9:54
198282,Lightning Charging Cable,1,5/22/2019 18:55
198283,Wired Headphones,1,5/30/2019 22:01
198284,USB-C Charging Cable,1,5/27/2019 11:14
198285,27in 4K Gaming Monitor,1,5/19/2019 23:56
198286,USB-C Charging Cable,1,5/12/2019 19:41
198287,iPhone,1,5/20/2019 1:18
198288,Wired Headphones,2,5/21/2019 7:38
198289,AA Batteries (4-pack),1,5/1/2019 22:24
198290,Lightning Charging Cable,1,5/5/2019 1:31
198291,USB-C Charging Cable,3,5/25/2019 14:06
198292,Lightning Charging Cable,1,5/12/2019 17:32
198293,Google Phone,1,5/3/2019 18:51
198294,AA Batteries (4-pack),2,5/27/2019 10:59
198295,Lightning Charging Cable,1,5/12/2019 1:59
198296,Wired Headphones,1,5/6/2019 12:31
198297,Bose SoundSport Headphones,1,5/10/2019 9:14
198298,Google Phone,1,5/22/2019 0:28
198299,27in 4K Gaming Monitor,1,5/30/2019 8:48
198300,Flatscreen TV,1,5/13/2019 13:54
198300,iPhone,1,5/13/2019 13:54
198301,Macbook Pro Laptop,1,5/26/2019 19:37
198302,USB-C Charging Cable,1,5/17/2019 16:36
198303,ThinkPad Laptop,1,5/29/2019 18:49
198304,Apple Airpods Headphones,1,5/25/2019 10:17
198305,Wired Headphones,1,5/20/2019 18:26
198306,Google Phone,1,5/2/2019 18:15
198307,iPhone,1,5/7/2019 14:45
198307,Lightning Charging Cable,1,5/7/2019 14:45
198308,Wired Headphones,1,5/13/2019 18:44
198309,Bose SoundSport Headphones,1,5/23/2019 16:25
198310,Bose SoundSport Headphones,1,5/30/2019 9:43
198311,Wired Headphones,1,5/4/2019 22:26
198312,Apple Airpods Headphones,1,5/20/2019 9:34
198313,iPhone,1,5/8/2019 16:45
198313,Lightning Charging Cable,1,5/8/2019 16:45
198314,20in Monitor,1,5/23/2019 12:30
198315,AAA Batteries (4-pack),2,5/13/2019 0:41
198316,Lightning Charging Cable,1,5/4/2019 23:07
198317,Bose SoundSport Headphones,1,5/1/2019 18:33
198318,Apple Airpods Headphones,1,5/18/2019 19:18
198319,Wired Headphones,1,5/12/2019 17:23
198320,Lightning Charging Cable,1,5/9/2019 17:32
198321,27in FHD Monitor,1,5/5/2019 20:31
198322,Wired Headphones,1,5/4/2019 23:15
198323,Apple Airpods Headphones,1,5/25/2019 10:29
198324,Wired Headphones,1,5/16/2019 11:39
198325,AAA Batteries (4-pack),5,5/12/2019 18:43
198326,USB-C Charging Cable,1,5/30/2019 19:43
198327,Flatscreen TV,1,5/7/2019 19:39
198328,USB-C Charging Cable,1,5/25/2019 2:22
Order ID,Product,Quantity Ordered,Order Date
198329,AAA Batteries (4-pack),1,5/22/2019 22:49
198330,Google Phone,1,5/18/2019 12:06
198331,USB-C Charging Cable,1,5/28/2019 21:05
198332,Wired Headphones,1,5/28/2019 21:09
198333,AAA Batteries (4-pack),1,5/14/2019 12:16
198334,Flatscreen TV,1,5/21/2019 14:10
198335,AA Batteries (4-pack),2,5/3/2019 13:03
198336,Apple Airpods Headphones,1,5/27/2019 0:15
198337,Apple Airpods Headphones,1,5/3/2019 12:09
198338,iPhone,1,5/20/2019 20:47
198339,AAA Batteries (4-pack),2,5/23/2019 16:10
198340,USB-C Charging Cable,1,5/17/2019 15:45
198341,USB-C Charging Cable,1,5/12/2019 10:47
198342,Google Phone,1,5/7/2019 12:23
198343,AA Batteries (4-pack),1,5/4/2019 13:37
198344,34in Ultrawide Monitor,1,5/21/2019 18:14
198345,Lightning Charging Cable,1,5/30/2019 19:16
198346,Wired Headphones,1,5/12/2019 12:00
198347,AA Batteries (4-pack),2,5/4/2019 13:56
198348,Wired Headphones,1,5/14/2019 11:54
198349,ThinkPad Laptop,1,5/25/2019 15:31
198350,Wired Headphones,1,5/4/2019 11:22
198351,Bose SoundSport Headphones,1,5/10/2019 5:34
198352,USB-C Charging Cable,1,5/31/2019 11:11
198353,USB-C Charging Cable,1,5/21/2019 12:32
198354,USB-C Charging Cable,1,5/15/2019 0:38
198355,Wired Headphones,1,5/28/2019 14:03
198356,27in FHD Monitor,1,5/4/2019 17:18
198357,Bose SoundSport Headphones,1,5/25/2019 20:40
198358,Wired Headphones,1,5/8/2019 14:37
198359,AAA Batteries (4-pack),1,5/6/2019 17:51
198360,Lightning Charging Cable,1,5/20/2019 10:22
198361,AAA Batteries (4-pack),2,5/29/2019 19:22
198362,Lightning Charging Cable,1,5/26/2019 8:44
198363,Vareebadd Phone,1,5/16/2019 10:31
198364,Apple Airpods Headphones,1,5/23/2019 15:32
198365,USB-C Charging Cable,1,5/22/2019 14:53
198366,Lightning Charging Cable,1,5/22/2019 16:23
198367,Apple Airpods Headphones,1,5/24/2019 10:36
198368,ThinkPad Laptop,1,5/8/2019 13:03
198368,27in FHD Monitor,1,5/8/2019 13:03
198369,USB-C Charging Cable,1,5/4/2019 12:58
198370,ThinkPad Laptop,1,5/31/2019 21:03
198371,USB-C Charging Cable,1,5/7/2019 17:26
198372,Lightning Charging Cable,1,5/17/2019 13:35
198373,AA Batteries (4-pack),1,5/30/2019 2:04
198374,Apple Airpods Headphones,1,5/4/2019 14:28
198375,AA Batteries (4-pack),2,5/19/2019 12:42
198376,Lightning Charging Cable,1,5/14/2019 13:41
198377,Lightning Charging Cable,1,5/8/2019 15:16
198378,Wired Headphones,1,5/15/2019 0:57
198379,Apple Airpods Headphones,1,5/30/2019 23:39
198380,Wired Headphones,1,5/3/2019 0:00
198381,27in FHD Monitor,1,5/21/2019 14:15
198382,Bose SoundSport Headphones,1,5/5/2019 11:02
198383,AA Batteries (4-pack),1,5/14/2019 16:55
198384,27in FHD Monitor,1,5/22/2019 12:52
198385,Apple Airpods Headphones,1,5/22/2019 17:15
198386,27in FHD Monitor,1,5/6/2019 19:59
198387,27in FHD Monitor,1,5/4/2019 14:55
198388,Lightning Charging Cable,1,5/10/2019 18:26
198389,AA Batteries (4-pack),1,5/30/2019 17:35
198390,27in FHD Monitor,1,5/9/2019 16:18
198391,34in Ultrawide Monitor,1,5/19/2019 19:37
198392,iPhone,1,5/17/2019 19:39
198393,27in FHD Monitor,1,5/20/2019 17:48
198394,Macbook Pro Laptop,1,5/4/2019 14:12
198395,AAA Batteries (4-pack),1,5/31/2019 18:34
198396,Google Phone,1,5/23/2019 16:09
198397,USB-C Charging Cable,1,5/15/2019 13:01
198398,Lightning Charging Cable,1,5/18/2019 21:06
198399,iPhone,1,5/14/2019 14:23
198400,Wired Headphones,1,5/17/2019 20:55
198401,Wired Headphones,1,5/16/2019 14:10
198402,27in 4K Gaming Monitor,1,5/6/2019 14:05
198403,Bose SoundSport Headphones,1,5/30/2019 21:14
198404,AA Batteries (4-pack),1,5/25/2019 15:33
198405,Apple Airpods Headphones,1,5/9/2019 4:30
198406,Macbook Pro Laptop,1,5/3/2019 23:44
198407,AA Batteries (4-pack),3,5/22/2019 10:03
198408,Lightning Charging Cable,1,5/3/2019 14:22
198409,Lightning Charging Cable,1,5/14/2019 10:43
198410,Google Phone,1,5/5/2019 12:03
198411,Lightning Charging Cable,1,5/29/2019 11:33
198412,USB-C Charging Cable,1,5/31/2019 21:04
198413,USB-C Charging Cable,1,5/30/2019 12:47
198414,Lightning Charging Cable,1,5/20/2019 20:30
198415,Google Phone,1,5/1/2019 14:12
198416,AAA Batteries (4-pack),1,5/10/2019 15:49
198417,Bose SoundSport Headphones,1,5/26/2019 10:58
198418,Bose SoundSport Headphones,1,5/30/2019 15:45
198419,USB-C Charging Cable,1,5/1/2019 9:23
198420,AA Batteries (4-pack),1,5/2/2019 9:37
198421,Macbook Pro Laptop,1,5/29/2019 18:44
198422,AAA Batteries (4-pack),1,5/21/2019 18:56
198423,Wired Headphones,1,5/7/2019 17:33
198424,20in Monitor,1,5/31/2019 11:00
198425,Flatscreen TV,1,5/23/2019 10:29
198426,AAA Batteries (4-pack),1,5/24/2019 20:34
198427,USB-C Charging Cable,1,5/29/2019 21:22
198428,AA Batteries (4-pack),1,5/25/2019 2:55
198429,Lightning Charging Cable,1,5/4/2019 16:12
198430,AAA Batteries (4-pack),2,5/28/2019 12:46
198431,Lightning Charging Cable,1,5/15/2019 12:10
198432,AAA Batteries (4-pack),1,5/24/2019 11:12
198433,AA Batteries (4-pack),1,5/27/2019 20:06
198434,Bose SoundSport Headphones,1,5/24/2019 8:46
198435,AA Batteries (4-pack),1,5/19/2019 19:13
198436,34in Ultrawide Monitor,1,5/16/2019 15:02
198437,27in FHD Monitor,1,5/29/2019 12:09
198438,AA Batteries (4-pack),1,5/3/2019 13:16
198439,Apple Airpods Headphones,1,5/16/2019 22:12
198440,Wired Headphones,1,5/13/2019 14:54
198441,Lightning Charging Cable,1,5/15/2019 13:09
198442,27in FHD Monitor,1,5/21/2019 11:08
198443,AA Batteries (4-pack),1,5/26/2019 1:14
198444,Wired Headphones,1,5/15/2019 0:20
198445,Apple Airpods Headphones,1,5/20/2019 22:45
198446,Macbook Pro Laptop,1,5/31/2019 14:17
198447,27in 4K Gaming Monitor,1,5/6/2019 19:46
198448,AAA Batteries (4-pack),2,5/12/2019 17:19
198449,AAA Batteries (4-pack),1,5/15/2019 8:20
198450,AA Batteries (4-pack),1,5/23/2019 21:00
198451,Lightning Charging Cable,1,5/14/2019 11:52
198452,Wired Headphones,1,5/6/2019 20:52
198453,AAA Batteries (4-pack),2,5/20/2019 19:49
198453,Bose SoundSport Headphones,1,5/20/2019 19:49
198454,AA Batteries (4-pack),1,5/19/2019 18:15
198455,Bose SoundSport Headphones,1,5/2/2019 21:36
198456,Google Phone,1,5/11/2019 14:58
198457,Wired Headphones,1,5/18/2019 12:17
198458,AAA Batteries (4-pack),1,5/7/2019 14:09
198459,AAA Batteries (4-pack),1,5/19/2019 20:38
198460,Lightning Charging Cable,1,5/18/2019 18:11
198460,AAA Batteries (4-pack),5,5/18/2019 18:11
198461,USB-C Charging Cable,1,5/22/2019 17:16
198461,27in 4K Gaming Monitor,1,5/22/2019 17:16
198462,Lightning Charging Cable,1,5/2/2019 21:06
198463,Apple Airpods Headphones,1,5/4/2019 22:06
198464,USB-C Charging Cable,1,5/26/2019 10:00
198465,Lightning Charging Cable,2,5/6/2019 13:17
198466,Google Phone,1,5/14/2019 17:45
198467,AAA Batteries (4-pack),2,5/7/2019 11:13
198468,Lightning Charging Cable,1,5/20/2019 17:58
198469,Apple Airpods Headphones,1,5/14/2019 23:03
198470,Bose SoundSport Headphones,1,5/18/2019 15:04
198471,AA Batteries (4-pack),1,5/22/2019 11:40
198472,USB-C Charging Cable,1,5/18/2019 21:07
198473,Google Phone,1,5/9/2019 19:15
198474,ThinkPad Laptop,1,5/30/2019 4:49
198475,iPhone,1,5/2/2019 19:51
198476,Wired Headphones,1,5/29/2019 19:36
198477,Lightning Charging Cable,1,5/1/2019 12:05
198478,Vareebadd Phone,1,5/21/2019 9:08
198479,Flatscreen TV,1,5/17/2019 20:36
198480,iPhone,1,5/1/2019 13:10
198480,Lightning Charging Cable,1,5/1/2019 13:10
198481,Macbook Pro Laptop,1,5/11/2019 13:18
198482,AAA Batteries (4-pack),1,5/5/2019 13:47
198483,USB-C Charging Cable,1,5/25/2019 12:00
198484,Wired Headphones,1,5/5/2019 16:36
198485,ThinkPad Laptop,1,5/6/2019 14:05
198486,AAA Batteries (4-pack),2,5/23/2019 8:03
198487,Macbook Pro Laptop,1,5/11/2019 0:14
198488,AA Batteries (4-pack),1,5/29/2019 21:24
198489,iPhone,1,5/4/2019 9:16
198490,AAA Batteries (4-pack),1,5/30/2019 12:03
198491,Macbook Pro Laptop,1,5/9/2019 7:13
198492,AAA Batteries (4-pack),1,5/16/2019 22:56
198493,AA Batteries (4-pack),1,5/14/2019 21:16
198494,Macbook Pro Laptop,1,5/23/2019 22:17
198495,Wired Headphones,1,5/31/2019 11:02
198496,Bose SoundSport Headphones,1,5/29/2019 23:37
198497,Flatscreen TV,1,5/11/2019 12:43
198498,Macbook Pro Laptop,1,5/24/2019 8:22
198499,Apple Airpods Headphones,1,5/22/2019 18:48
198500,Wired Headphones,1,5/16/2019 8:46
198501,USB-C Charging Cable,1,5/3/2019 22:17
198502,Bose SoundSport Headphones,1,5/7/2019 20:16
198503,Google Phone,1,5/16/2019 5:28
198504,Bose SoundSport Headphones,1,5/8/2019 20:37
198505,Apple Airpods Headphones,1,5/25/2019 9:23
198506,Lightning Charging Cable,1,5/26/2019 6:05
198507,Flatscreen TV,1,5/31/2019 13:06
198508,Apple Airpods Headphones,1,5/5/2019 15:14
198509,USB-C Charging Cable,1,5/3/2019 9:48
198509,Wired Headphones,1,5/3/2019 9:48
198510,USB-C Charging Cable,1,5/1/2019 12:03
198511,AA Batteries (4-pack),1,5/28/2019 15:31
198512,AA Batteries (4-pack),2,5/17/2019 8:28
198513,USB-C Charging Cable,1,5/9/2019 1:12
198514,Google Phone,1,5/13/2019 18:56
198514,USB-C Charging Cable,1,5/13/2019 18:56
198514,USB-C Charging Cable,1,5/13/2019 18:56
198515,Lightning Charging Cable,1,5/22/2019 12:44
198516,AA Batteries (4-pack),1,5/1/2019 16:22
198517,USB-C Charging Cable,1,5/27/2019 22:38
198517,Bose SoundSport Headphones,1,5/27/2019 22:38
198518,Lightning Charging Cable,2,5/8/2019 0:43
198519,USB-C Charging Cable,1,5/22/2019 16:42
198520,Bose SoundSport Headphones,1,5/13/2019 19:17
198521,27in FHD Monitor,1,5/9/2019 16:34
198522,Lightning Charging Cable,2,5/31/2019 11:49
198523,USB-C Charging Cable,1,5/24/2019 0:03
198524,27in FHD Monitor,1,5/6/2019 9:55
198525,Wired Headphones,1,5/11/2019 13:06
198526,34in Ultrawide Monitor,1,5/31/2019 11:35
198527,Apple Airpods Headphones,1,5/24/2019 14:59
198528,Google Phone,1,5/11/2019 21:04
198529,AAA Batteries (4-pack),1,5/16/2019 22:13
,,,
198530,USB-C Charging Cable,1,5/4/2019 13:13
198531,Bose SoundSport Headphones,1,5/29/2019 18:01
198532,Lightning Charging Cable,1,5/30/2019 19:05
198533,AAA Batteries (4-pack),4,5/1/2019 19:53
198534,AA Batteries (4-pack),1,5/28/2019 22:20
198535,Lightning Charging Cable,1,5/7/2019 19:53
198536,AAA Batteries (4-pack),2,5/28/2019 20:05
198537,AAA Batteries (4-pack),1,5/6/2019 11:29
198538,AAA Batteries (4-pack),1,5/1/2019 13:22
198539,Bose SoundSport Headphones,1,5/25/2019 12:36
198540,AAA Batteries (4-pack),1,5/16/2019 18:59
198541,27in FHD Monitor,1,5/31/2019 17:59
198542,ThinkPad Laptop,1,5/19/2019 12:40
198543,AA Batteries (4-pack),1,5/15/2019 21:09
198544,27in FHD Monitor,1,5/2/2019 19:32
198545,AA Batteries (4-pack),1,5/17/2019 13:29
198546,AA Batteries (4-pack),1,5/24/2019 17:17
198547,Bose SoundSport Headphones,1,5/26/2019 10:15
198548,USB-C Charging Cable,1,5/18/2019 22:34
198549,Macbook Pro Laptop,1,5/4/2019 11:26
198550,Bose SoundSport Headphones,1,5/26/2019 14:10
198551,Apple Airpods Headphones,1,5/4/2019 14:33
198552,AA Batteries (4-pack),1,5/23/2019 13:31
198553,Apple Airpods Headphones,1,5/4/2019 5:55
198554,AA Batteries (4-pack),1,5/19/2019 17:27
198555,USB-C Charging Cable,1,5/25/2019 22:57
198556,34in Ultrawide Monitor,1,5/4/2019 14:09
198557,AA Batteries (4-pack),3,5/26/2019 10:44
198558,Bose SoundSport Headphones,1,5/1/2019 20:38
198559,Apple Airpods Headphones,1,5/23/2019 9:56
198560,Google Phone,1,5/28/2019 14:13
198561,iPhone,1,5/31/2019 15:06
198562,USB-C Charging Cable,1,5/12/2019 21:09
198563,20in Monitor,1,5/3/2019 12:29
198564,AA Batteries (4-pack),1,5/6/2019 13:19
198565,Bose SoundSport Headphones,1,5/16/2019 10:10
198566,27in 4K Gaming Monitor,1,5/30/2019 17:29
198567,34in Ultrawide Monitor,1,5/15/2019 13:51
198568,Vareebadd Phone,1,5/26/2019 8:16
198569,34in Ultrawide Monitor,1,5/13/2019 20:37
198570,27in 4K Gaming Monitor,1,5/18/2019 4:53
198571,Apple Airpods Headphones,1,5/2/2019 13:31
198572,USB-C Charging Cable,1,5/21/2019 23:03
198573,AAA Batteries (4-pack),1,5/21/2019 15:19
198574,Lightning Charging Cable,1,5/15/2019 16:17
198575,27in FHD Monitor,1,5/2/2019 22:42
198576,Bose SoundSport Headphones,1,5/10/2019 14:33
198577,USB-C Charging Cable,1,5/28/2019 8:14
198578,AAA Batteries (4-pack),2,5/22/2019 20:18
198579,Wired Headphones,1,5/6/2019 19:28
198580,USB-C Charging Cable,1,5/28/2019 21:04
198581,AAA Batteries (4-pack),1,5/7/2019 12:48
198582,27in FHD Monitor,1,5/12/2019 21:03
198583,Macbook Pro Laptop,1,5/27/2019 11:03
198584,AA Batteries (4-pack),1,5/11/2019 23:52
198585,AA Batteries (4-pack),1,5/29/2019 21:38
198586,AAA Batteries (4-pack),1,5/19/2019 6:24
198587,Apple Airpods Headphones,1,5/14/2019 10:05
198588,Lightning Charging Cable,1,5/29/2019 9:33
198589,Apple Airpods Headphones,1,5/25/2019 18:27
198590,Apple Airpods Headphones,1,5/1/2019 17:19
198591,Wired Headphones,1,5/23/2019 13:34
198592,27in 4K Gaming Monitor,1,5/13/2019 11:39
198593,ThinkPad Laptop,1,5/2/2019 15:00
198594,Wired Headphones,1,5/26/2019 22:46
198595,AA Batteries (4-pack),3,5/22/2019 20:27
198596,AAA Batteries (4-pack),1,5/19/2019 18:54
198597,34in Ultrawide Monitor,1,5/28/2019 15:34
198598,Flatscreen TV,1,5/28/2019 10:18
198599,ThinkPad Laptop,1,5/28/2019 17:10
198600,Apple Airpods Headphones,1,5/25/2019 13:08
198601,27in FHD Monitor,1,5/16/2019 16:25
198602,Google Phone,1,5/18/2019 10:05
198602,USB-C Charging Cable,1,5/18/2019 10:05
198603,Bose SoundSport Headphones,1,5/1/2019 4:15
198604,USB-C Charging Cable,1,5/22/2019 20:21
198605,Apple Airpods Headphones,1,5/20/2019 21:22
198606,iPhone,1,5/20/2019 19:54
198606,Lightning Charging Cable,1,5/20/2019 19:54
198607,Wired Headphones,1,5/1/2019 14:06
198608,Bose SoundSport Headphones,1,5/9/2019 17:25
198609,AA Batteries (4-pack),3,5/10/2019 15:39
198610,iPhone,1,5/17/2019 20:11
198611,Bose SoundSport Headphones,1,5/6/2019 15:39
198612,27in FHD Monitor,1,5/19/2019 20:15
198613,Bose SoundSport Headphones,1,5/30/2019 14:16
198614,Bose SoundSport Headphones,1,5/25/2019 16:37
198615,USB-C Charging Cable,1,5/29/2019 23:30
198616,20in Monitor,1,5/29/2019 9:41
198617,USB-C Charging Cable,1,5/17/2019 17:01
198618,AA Batteries (4-pack),1,5/12/2019 10:06
198619,Lightning Charging Cable,1,5/31/2019 16:26
198620,27in FHD Monitor,1,5/4/2019 18:09
198621,Apple Airpods Headphones,1,5/18/2019 15:45
198622,AAA Batteries (4-pack),2,5/4/2019 12:52
198623,AA Batteries (4-pack),1,5/8/2019 11:35
198624,Wired Headphones,1,5/28/2019 17:30
198625,AAA Batteries (4-pack),1,5/18/2019 20:14
198626,LG Dryer,1,5/26/2019 12:28
198627,Bose SoundSport Headphones,2,5/20/2019 1:33
198628,34in Ultrawide Monitor,1,5/4/2019 7:49
198629,34in Ultrawide Monitor,1,5/15/2019 15:56
198630,Apple Airpods Headphones,1,5/14/2019 20:09
198631,Wired Headphones,1,5/11/2019 19:49
198632,Lightning Charging Cable,1,5/25/2019 5:31
198633,Wired Headphones,2,5/10/2019 21:11
198634,AAA Batteries (4-pack),1,5/11/2019 14:11
198635,27in 4K Gaming Monitor,1,5/2/2019 12:21
198636,USB-C Charging Cable,1,5/20/2019 21:23
198637,iPhone,1,5/5/2019 16:30
198638,Bose SoundSport Headphones,1,5/11/2019 16:41
198639,USB-C Charging Cable,1,5/12/2019 11:51
198640,27in FHD Monitor,1,5/24/2019 7:48
198641,Apple Airpods Headphones,1,5/24/2019 22:58
198642,Lightning Charging Cable,1,5/13/2019 19:54
198643,USB-C Charging Cable,2,5/17/2019 17:38
198644,Bose SoundSport Headphones,1,5/20/2019 4:02
198645,AAA Batteries (4-pack),1,5/16/2019 14:18
198646,USB-C Charging Cable,1,5/13/2019 9:59
198647,Apple Airpods Headphones,1,5/26/2019 9:40
198648,Wired Headphones,1,5/4/2019 13:57
198649,Lightning Charging Cable,1,5/30/2019 9:51
198650,Wired Headphones,1,5/3/2019 15:57
198651,Wired Headphones,1,5/17/2019 21:40
198652,USB-C Charging Cable,1,5/30/2019 13:05
198653,AA Batteries (4-pack),1,5/7/2019 16:41
198654,27in FHD Monitor,1,5/7/2019 8:49
198655,Wired Headphones,1,5/21/2019 9:17
198656,Bose SoundSport Headphones,1,5/16/2019 22:05
198657,Flatscreen TV,1,5/24/2019 9:32
198658,iPhone,1,5/27/2019 18:53
198659,AA Batteries (4-pack),1,5/11/2019 21:42
198660,34in Ultrawide Monitor,1,5/14/2019 19:27
198661,Google Phone,1,5/28/2019 21:48
198661,AAA Batteries (4-pack),1,5/28/2019 21:48
198662,Wired Headphones,1,5/3/2019 19:56
198663,Bose SoundSport Headphones,1,5/19/2019 17:09
198664,Lightning Charging Cable,1,5/24/2019 11:58
198665,Apple Airpods Headphones,1,5/11/2019 7:11
198666,AAA Batteries (4-pack),1,5/10/2019 12:25
198667,AA Batteries (4-pack),1,5/15/2019 14:21
198668,Wired Headphones,2,5/11/2019 17:57
198669,ThinkPad Laptop,1,5/22/2019 13:58
198670,AAA Batteries (4-pack),2,5/22/2019 17:29
198671,ThinkPad Laptop,1,5/29/2019 11:08
198672,AAA Batteries (4-pack),1,5/6/2019 20:37
198673,USB-C Charging Cable,1,5/29/2019 17:29
198674,Lightning Charging Cable,1,5/17/2019 14:10
198675,USB-C Charging Cable,1,5/16/2019 18:26
198676,Lightning Charging Cable,1,5/25/2019 18:16
198677,iPhone,1,5/27/2019 10:20
198677,Lightning Charging Cable,1,5/27/2019 10:20
198678,Wired Headphones,1,5/24/2019 22:13
198679,Wired Headphones,2,5/13/2019 8:44
198680,AAA Batteries (4-pack),2,5/31/2019 3:33
198681,iPhone,1,5/6/2019 16:59
198682,Vareebadd Phone,1,5/16/2019 19:02
198682,USB-C Charging Cable,1,5/16/2019 19:02
198683,USB-C Charging Cable,1,5/15/2019 22:38
198684,34in Ultrawide Monitor,1,5/7/2019 15:23
198685,AAA Batteries (4-pack),1,5/26/2019 13:15
198686,AAA Batteries (4-pack),1,5/2/2019 12:08
198687,Wired Headphones,1,5/2/2019 21:17
198688,Lightning Charging Cable,1,5/13/2019 7:26
198689,AAA Batteries (4-pack),1,5/17/2019 10:38
198690,USB-C Charging Cable,1,5/27/2019 17:17
198691,AA Batteries (4-pack),1,5/3/2019 13:41
198692,USB-C Charging Cable,1,5/6/2019 19:34
198693,USB-C Charging Cable,1,5/20/2019 12:21
198694,USB-C Charging Cable,1,5/22/2019 12:38
198695,Google Phone,1,5/9/2019 11:05
198696,Bose SoundSport Headphones,1,5/12/2019 19:08
198697,27in 4K Gaming Monitor,1,5/10/2019 14:22
198698,AA Batteries (4-pack),1,5/27/2019 11:33
198699,Google Phone,1,5/2/2019 20:38
198699,Bose SoundSport Headphones,1,5/2/2019 20:38
198700,USB-C Charging Cable,1,5/28/2019 10:15
198701,USB-C Charging Cable,1,5/22/2019 13:29
198702,USB-C Charging Cable,1,5/15/2019 15:28
198703,Lightning Charging Cable,1,5/14/2019 10:23
198704,Wired Headphones,1,5/25/2019 20:31
198705,Lightning Charging Cable,1,5/10/2019 13:27
198706,Apple Airpods Headphones,1,5/10/2019 6:03
198707,Wired Headphones,2,5/3/2019 23:19
198707,AA Batteries (4-pack),1,5/3/2019 23:19
198708,USB-C Charging Cable,1,5/8/2019 19:22
198709,Apple Airpods Headphones,1,5/24/2019 10:11
198710,AAA Batteries (4-pack),1,5/9/2019 17:37
198711,AA Batteries (4-pack),1,5/26/2019 2:17
198712,Lightning Charging Cable,1,5/1/2019 13:01
198713,AAA Batteries (4-pack),1,5/6/2019 20:59
198714,Wired Headphones,1,5/19/2019 22:45
198715,USB-C Charging Cable,1,5/30/2019 7:51
198715,Google Phone,1,5/30/2019 7:51
198716,iPhone,1,5/18/2019 10:49
198717,Flatscreen TV,1,5/27/2019 16:54
198718,Apple Airpods Headphones,1,5/29/2019 19:57
198719,Wired Headphones,2,5/16/2019 22:44
198720,Bose SoundSport Headphones,1,5/27/2019 16:28
198721,AA Batteries (4-pack),2,5/15/2019 14:04
198722,USB-C Charging Cable,2,5/27/2019 16:28
198723,USB-C Charging Cable,1,5/27/2019 12:25
198724,Flatscreen TV,1,5/11/2019 5:12
198725,Google Phone,1,5/26/2019 17:20
198726,27in FHD Monitor,1,5/20/2019 16:45
198727,AA Batteries (4-pack),1,5/24/2019 14:45
198728,iPhone,1,5/18/2019 19:05
198729,AAA Batteries (4-pack),2,5/11/2019 13:04
198730,Wired Headphones,2,5/1/2019 15:05
198731,27in FHD Monitor,1,5/2/2019 14:12
198732,Bose SoundSport Headphones,1,5/29/2019 10:57
198733,Lightning Charging Cable,1,5/23/2019 15:43
198734,Lightning Charging Cable,1,5/21/2019 13:42
198735,iPhone,1,5/9/2019 16:32
198736,USB-C Charging Cable,1,5/18/2019 8:22
198737,USB-C Charging Cable,1,5/5/2019 23:08
198738,Macbook Pro Laptop,1,5/26/2019 21:12
198739,ThinkPad Laptop,1,5/5/2019 22:05
198740,27in FHD Monitor,1,5/26/2019 12:34
198741,Wired Headphones,1,5/22/2019 16:15
198742,Apple Airpods Headphones,1,5/17/2019 12:49
198743,AA Batteries (4-pack),1,5/18/2019 3:54
198744,34in Ultrawide Monitor,1,5/17/2019 0:03
198745,Apple Airpods Headphones,1,5/3/2019 6:53
198746,Wired Headphones,1,5/1/2019 18:58
198747,Bose SoundSport Headphones,1,5/31/2019 20:09
198748,Apple Airpods Headphones,1,5/11/2019 9:24
198749,Bose SoundSport Headphones,1,5/29/2019 18:18
198750,AAA Batteries (4-pack),3,5/2/2019 11:24
198751,USB-C Charging Cable,1,5/8/2019 14:55
198752,USB-C Charging Cable,1,5/9/2019 20:41
198752,AAA Batteries (4-pack),1,5/9/2019 20:41
198753,USB-C Charging Cable,1,5/16/2019 20:41
198754,Apple Airpods Headphones,1,5/29/2019 21:38
198755,Apple Airpods Headphones,1,5/12/2019 13:25
198756,ThinkPad Laptop,1,5/9/2019 14:08
198757,USB-C Charging Cable,1,5/23/2019 20:04
198758,Apple Airpods Headphones,1,5/1/2019 21:40
198759,AAA Batteries (4-pack),2,5/27/2019 17:58
198760,USB-C Charging Cable,1,5/25/2019 17:20
198761,Google Phone,1,5/18/2019 19:56
198762,27in FHD Monitor,1,5/26/2019 12:34
198763,AA Batteries (4-pack),2,5/17/2019 11:11
198764,27in FHD Monitor,1,5/28/2019 12:16
198765,AA Batteries (4-pack),1,5/18/2019 18:39
198766,27in FHD Monitor,1,5/23/2019 19:40
198767,27in 4K Gaming Monitor,1,5/6/2019 11:00
198768,USB-C Charging Cable,1,5/26/2019 18:18
198769,Wired Headphones,1,5/15/2019 21:18
198770,20in Monitor,1,5/21/2019 0:17
198771,iPhone,1,5/7/2019 10:07
198772,34in Ultrawide Monitor,1,5/6/2019 13:20
198773,Lightning Charging Cable,1,5/9/2019 19:12
198774,Lightning Charging Cable,1,5/20/2019 20:03
198775,Apple Airpods Headphones,1,5/3/2019 22:01
198775,AA Batteries (4-pack),1,5/3/2019 22:01
198776,Lightning Charging Cable,1,5/26/2019 17:32
198777,27in FHD Monitor,1,5/5/2019 19:19
198778,AAA Batteries (4-pack),1,5/26/2019 20:38
198779,iPhone,1,5/10/2019 16:53
198780,Macbook Pro Laptop,1,5/13/2019 22:55
198781,AA Batteries (4-pack),1,5/16/2019 7:27
198782,20in Monitor,1,5/9/2019 23:05
198783,AAA Batteries (4-pack),1,5/24/2019 6:06
198784,Lightning Charging Cable,1,5/25/2019 11:13
198785,Google Phone,1,5/20/2019 11:01
198786,Bose SoundSport Headphones,1,5/11/2019 1:10
198787,27in FHD Monitor,1,5/13/2019 13:15
198788,Lightning Charging Cable,2,5/24/2019 17:53
198789,USB-C Charging Cable,1,5/5/2019 19:52
198790,Macbook Pro Laptop,1,5/11/2019 8:45
198791,iPhone,1,5/26/2019 17:58
198792,iPhone,1,5/19/2019 8:58
198793,20in Monitor,1,5/7/2019 8:58
198794,AAA Batteries (4-pack),1,5/3/2019 14:46
198795,Google Phone,1,5/8/2019 12:58
198795,AAA Batteries (4-pack),1,5/8/2019 12:58
198796,USB-C Charging Cable,1,5/4/2019 0:03
198797,Bose SoundSport Headphones,1,5/11/2019 20:05
198798,Lightning Charging Cable,1,5/25/2019 13:23
198799,AA Batteries (4-pack),1,5/11/2019 20:48
198800,Macbook Pro Laptop,1,5/1/2019 6:39
198801,Lightning Charging Cable,1,5/22/2019 14:13
198802,Apple Airpods Headphones,1,5/16/2019 10:17
198803,AAA Batteries (4-pack),1,5/10/2019 9:12
198804,Lightning Charging Cable,1,5/7/2019 12:52
198805,Vareebadd Phone,1,5/8/2019 4:45
198806,Lightning Charging Cable,1,5/18/2019 12:10
198807,Google Phone,1,5/30/2019 11:33
198808,USB-C Charging Cable,1,5/6/2019 12:43
198809,ThinkPad Laptop,1,5/10/2019 16:48
198810,Apple Airpods Headphones,1,5/4/2019 8:32
198811,Apple Airpods Headphones,1,5/28/2019 9:05
198811,27in 4K Gaming Monitor,1,5/28/2019 9:05
198812,Lightning Charging Cable,1,5/24/2019 12:47
198813,USB-C Charging Cable,1,5/23/2019 16:23
198814,Lightning Charging Cable,1,5/22/2019 15:37
198815,Wired Headphones,1,5/12/2019 9:08
198816,AA Batteries (4-pack),1,5/29/2019 13:28
198817,AAA Batteries (4-pack),1,5/5/2019 19:19
198818,USB-C Charging Cable,1,5/14/2019 22:06
198819,Macbook Pro Laptop,1,5/18/2019 18:53
198820,Wired Headphones,1,5/9/2019 10:38
198821,AAA Batteries (4-pack),2,5/19/2019 22:19
198822,Lightning Charging Cable,1,5/25/2019 7:40
198823,AA Batteries (4-pack),1,5/1/2019 18:35
198824,ThinkPad Laptop,1,5/13/2019 17:48
198825,20in Monitor,1,5/19/2019 6:29
198826,AAA Batteries (4-pack),1,5/14/2019 18:56
198827,AA Batteries (4-pack),1,5/25/2019 17:22
198828,27in FHD Monitor,1,5/2/2019 18:52
198829,USB-C Charging Cable,1,5/20/2019 21:36
198830,Apple Airpods Headphones,1,5/13/2019 18:50
198831,Lightning Charging Cable,1,5/31/2019 17:41
198832,Bose SoundSport Headphones,1,5/15/2019 10:08
198833,27in 4K Gaming Monitor,1,5/13/2019 20:45
198834,ThinkPad Laptop,1,5/11/2019 9:35
198835,Wired Headphones,1,5/25/2019 14:12
198836,AAA Batteries (4-pack),1,5/15/2019 16:23
198837,27in FHD Monitor,1,5/2/2019 20:45
198838,20in Monitor,1,5/25/2019 17:25
198839,AAA Batteries (4-pack),2,5/6/2019 17:48
198840,AA Batteries (4-pack),1,5/7/2019 15:35
198841,Wired Headphones,1,5/16/2019 20:36
198842,Lightning Charging Cable,1,5/19/2019 21:35
198843,USB-C Charging Cable,1,5/20/2019 13:08
198844,Wired Headphones,1,5/17/2019 10:04
198845,AA Batteries (4-pack),1,5/2/2019 16:09
198846,USB-C Charging Cable,1,5/9/2019 13:01
198847,Apple Airpods Headphones,1,5/4/2019 0:54
198847,Wired Headphones,1,5/4/2019 0:54
198848,AAA Batteries (4-pack),1,5/16/2019 7:32
198849,AA Batteries (4-pack),2,5/8/2019 23:04
198850,Lightning Charging Cable,1,5/16/2019 21:36
198851,AA Batteries (4-pack),2,5/10/2019 21:09
198852,AA Batteries (4-pack),1,5/28/2019 12:50
198853,Lightning Charging Cable,1,5/14/2019 20:06
198854,Wired Headphones,1,5/10/2019 7:38
198855,Lightning Charging Cable,1,5/5/2019 20:44
198856,Apple Airpods Headphones,1,5/20/2019 9:07
198857,Bose SoundSport Headphones,1,5/3/2019 21:05
198858,USB-C Charging Cable,1,5/27/2019 19:40
198859,34in Ultrawide Monitor,1,5/27/2019 12:45
198860,AA Batteries (4-pack),1,5/22/2019 2:26
198861,AA Batteries (4-pack),1,5/14/2019 12:38
198862,20in Monitor,1,5/12/2019 22:50
198863,Bose SoundSport Headphones,1,5/14/2019 23:37
198864,Bose SoundSport Headphones,1,5/24/2019 5:47
198865,Wired Headphones,1,5/25/2019 17:47
198866,USB-C Charging Cable,1,5/4/2019 22:17
198867,USB-C Charging Cable,2,5/15/2019 10:09
198868,Bose SoundSport Headphones,1,5/29/2019 3:58
198869,Apple Airpods Headphones,1,5/8/2019 15:29
198870,AAA Batteries (4-pack),2,5/2/2019 22:51
198871,ThinkPad Laptop,1,5/1/2019 16:19
198872,AAA Batteries (4-pack),1,5/8/2019 12:40
198873,Lightning Charging Cable,1,5/9/2019 3:01
198874,AAA Batteries (4-pack),1,5/3/2019 12:28
198875,Wired Headphones,1,5/31/2019 22:30
198876,AA Batteries (4-pack),1,5/25/2019 13:42
198877,Lightning Charging Cable,1,5/10/2019 15:08
198878,USB-C Charging Cable,1,5/11/2019 16:56
198879,Wired Headphones,2,5/24/2019 12:42
198880,Wired Headphones,1,5/6/2019 19:02
198881,AAA Batteries (4-pack),1,5/16/2019 11:56
198882,Macbook Pro Laptop,1,5/28/2019 12:57
198883,AAA Batteries (4-pack),1,5/18/2019 9:01
198884,Google Phone,1,5/31/2019 20:04
198885,ThinkPad Laptop,1,5/18/2019 16:13
198886,ThinkPad Laptop,1,5/18/2019 14:10
198887,AA Batteries (4-pack),1,5/30/2019 10:51
198888,Google Phone,1,5/30/2019 14:44
198889,AAA Batteries (4-pack),2,5/10/2019 19:35
198890,AAA Batteries (4-pack),1,5/26/2019 13:47
198891,Lightning Charging Cable,1,5/13/2019 11:43
198892,Apple Airpods Headphones,1,5/12/2019 14:06
198893,Google Phone,1,5/2/2019 21:44
198894,ThinkPad Laptop,1,5/30/2019 19:29
198895,Lightning Charging Cable,1,5/2/2019 1:13
198896,Wired Headphones,1,5/4/2019 0:46
198897,USB-C Charging Cable,3,5/31/2019 15:39
198898,Apple Airpods Headphones,1,5/16/2019 18:24
198899,Apple Airpods Headphones,1,5/13/2019 13:28
198900,AA Batteries (4-pack),2,5/15/2019 21:07
198901,Bose SoundSport Headphones,1,5/14/2019 14:06
198902,ThinkPad Laptop,1,5/3/2019 17:26
198903,AA Batteries (4-pack),2,5/11/2019 20:42
198904,USB-C Charging Cable,1,5/27/2019 22:33
198905,Lightning Charging Cable,1,5/21/2019 20:46
198906,AAA Batteries (4-pack),1,5/2/2019 13:29
198907,AA Batteries (4-pack),1,5/9/2019 20:11
198908,AAA Batteries (4-pack),2,5/30/2019 10:41
198909,Lightning Charging Cable,1,5/14/2019 19:18
198910,Wired Headphones,1,5/19/2019 8:47
198911,Apple Airpods Headphones,1,5/7/2019 9:41
198912,Apple Airpods Headphones,1,5/8/2019 9:02
Order ID,Product,Quantity Ordered,Order Date
198913,Google Phone,1,5/24/2019 10:41
198914,AA Batteries (4-pack),1,5/15/2019 14:56
198915,USB-C Charging Cable,1,5/9/2019 15:39
198916,USB-C Charging Cable,1,5/9/2019 20:39
198917,ThinkPad Laptop,1,5/3/2019 15:39
198918,AA Batteries (4-pack),1,5/22/2019 11:25
198919,Flatscreen TV,1,5/18/2019 9:12
198920,Bose SoundSport Headphones,1,5/22/2019 20:48
198921,Bose SoundSport Headphones,1,5/31/2019 13:03
198922,Wired Headphones,1,5/13/2019 7:00
198923,AA Batteries (4-pack),1,5/7/2019 19:17
198924,USB-C Charging Cable,1,5/13/2019 21:17
198925,27in FHD Monitor,1,5/10/2019 17:17
198926,USB-C Charging Cable,2,5/6/2019 0:20
198927,AA Batteries (4-pack),1,5/25/2019 16:19
198928,34in Ultrawide Monitor,1,5/8/2019 22:46
198929,AAA Batteries (4-pack),5,5/22/2019 0:41
198930,AAA Batteries (4-pack),2,5/17/2019 18:40
198931,AA Batteries (4-pack),1,5/24/2019 5:45
198932,USB-C Charging Cable,1,5/8/2019 20:48
198933,Lightning Charging Cable,1,5/25/2019 20:09
198934,27in 4K Gaming Monitor,1,5/20/2019 14:17
198935,Lightning Charging Cable,2,5/2/2019 19:20
198936,Lightning Charging Cable,1,5/3/2019 5:50
198937,27in 4K Gaming Monitor,1,5/5/2019 19:42
198938,Wired Headphones,1,5/4/2019 8:34
198939,27in 4K Gaming Monitor,1,5/18/2019 12:41
198940,USB-C Charging Cable,1,5/27/2019 15:50
198941,AA Batteries (4-pack),1,5/7/2019 21:56
198942,Bose SoundSport Headphones,1,5/17/2019 21:03
198943,Bose SoundSport Headphones,1,5/16/2019 10:50
198944,USB-C Charging Cable,1,5/5/2019 1:36
198945,27in FHD Monitor,1,5/20/2019 13:59
198946,27in 4K Gaming Monitor,1,5/31/2019 16:54
198947,27in 4K Gaming Monitor,1,5/10/2019 14:22
198948,Apple Airpods Headphones,2,5/18/2019 0:22
198949,Lightning Charging Cable,1,5/28/2019 15:54
198950,USB-C Charging Cable,1,5/25/2019 13:01
198951,AA Batteries (4-pack),2,5/18/2019 11:56
198952,Wired Headphones,1,5/18/2019 13:37
198953,Lightning Charging Cable,1,5/29/2019 18:53
198954,AA Batteries (4-pack),1,5/30/2019 10:23
198955,Lightning Charging Cable,1,5/8/2019 1:42
198956,AA Batteries (4-pack),3,5/15/2019 6:39
198957,AA Batteries (4-pack),1,5/22/2019 12:41
198958,Lightning Charging Cable,1,5/12/2019 2:14
198959,AAA Batteries (4-pack),2,5/6/2019 16:14
198960,Bose SoundSport Headphones,1,5/6/2019 10:57
198961,Vareebadd Phone,1,5/14/2019 13:56
198962,Apple Airpods Headphones,1,5/29/2019 13:58
198963,USB-C Charging Cable,1,5/30/2019 14:39
198964,AAA Batteries (4-pack),2,5/30/2019 15:56
198965,Lightning Charging Cable,1,5/15/2019 19:13
198966,AA Batteries (4-pack),2,5/26/2019 11:25
198967,Bose SoundSport Headphones,1,5/7/2019 10:04
198968,Lightning Charging Cable,1,5/25/2019 18:34
198969,AA Batteries (4-pack),2,5/20/2019 13:23
198970,USB-C Charging Cable,1,5/27/2019 13:50
198971,27in FHD Monitor,1,5/1/2019 22:20
198972,AAA Batteries (4-pack),1,5/19/2019 19:44
198973,Bose SoundSport Headphones,1,5/14/2019 17:31
198974,27in FHD Monitor,1,5/13/2019 8:34
198975,Apple Airpods Headphones,1,5/5/2019 18:09
198976,27in FHD Monitor,1,5/26/2019 19:31
198977,27in FHD Monitor,1,5/22/2019 16:15
198978,AA Batteries (4-pack),1,5/2/2019 11:06
198979,AA Batteries (4-pack),1,5/25/2019 21:54
198980,Apple Airpods Headphones,1,5/25/2019 16:47
198981,Wired Headphones,1,5/15/2019 10:51
198982,iPhone,1,5/26/2019 19:19
198982,Lightning Charging Cable,1,5/26/2019 19:19
198983,AA Batteries (4-pack),1,5/9/2019 10:53
198984,AAA Batteries (4-pack),1,5/1/2019 7:32
198985,USB-C Charging Cable,1,5/15/2019 12:03
198986,USB-C Charging Cable,1,5/13/2019 10:15
,,,
198987,Wired Headphones,1,5/25/2019 15:25
198988,USB-C Charging Cable,1,5/15/2019 17:45
198989,USB-C Charging Cable,1,5/1/2019 16:55
198990,Lightning Charging Cable,1,5/13/2019 7:04
198991,Bose SoundSport Headphones,1,5/12/2019 13:09
198992,Bose SoundSport Headphones,1,5/27/2019 12:07
198993,Bose SoundSport Headphones,1,5/9/2019 19:36
198994,USB-C Charging Cable,1,5/30/2019 11:21
198995,AA Batteries (4-pack),1,5/23/2019 0:29
198996,iPhone,1,5/30/2019 13:49
198996,Wired Headphones,1,5/30/2019 13:49
198997,Wired Headphones,1,5/9/2019 19:15
198998,USB-C Charging Cable,1,5/9/2019 17:43
198999,Macbook Pro Laptop,1,5/16/2019 6:11
199000,AA Batteries (4-pack),1,5/31/2019 14:55
199001,Lightning Charging Cable,1,5/31/2019 13:27
199002,Lightning Charging Cable,1,5/29/2019 11:03
199003,Lightning Charging Cable,1,5/16/2019 18:34
199004,USB-C Charging Cable,1,5/29/2019 1:21
199005,Apple Airpods Headphones,1,5/19/2019 10:58
199006,Macbook Pro Laptop,1,5/4/2019 20:59
199007,LG Washing Machine,1,5/2/2019 20:47
Order ID,Product,Quantity Ordered,Order Date
199008,USB-C Charging Cable,2,5/7/2019 19:01
199009,USB-C Charging Cable,1,5/28/2019 10:31
199010,USB-C Charging Cable,1,5/10/2019 8:18
199011,USB-C Charging Cable,1,5/19/2019 12:26
199012,Macbook Pro Laptop,1,5/5/2019 0:51
199013,USB-C Charging Cable,1,5/29/2019 11:31
199014,27in FHD Monitor,1,5/14/2019 11:45
199015,27in 4K Gaming Monitor,1,5/24/2019 10:43
199016,Apple Airpods Headphones,1,5/2/2019 13:33
199017,AAA Batteries (4-pack),1,5/15/2019 19:04
199017,Apple Airpods Headphones,1,5/15/2019 19:04
199018,iPhone,1,5/11/2019 13:15
199018,Wired Headphones,1,5/11/2019 13:15
199019,AA Batteries (4-pack),1,5/18/2019 10:52
199020,AAA Batteries (4-pack),4,5/13/2019 13:58
199021,Bose SoundSport Headphones,1,5/24/2019 2:33
199022,ThinkPad Laptop,1,5/6/2019 23:37
199023,20in Monitor,1,5/22/2019 19:12
199024,27in 4K Gaming Monitor,1,5/22/2019 11:24
199025,Apple Airpods Headphones,1,5/13/2019 10:59
199026,20in Monitor,1,5/22/2019 17:29
199027,Vareebadd Phone,1,5/18/2019 12:46
199028,Google Phone,1,5/18/2019 18:43
199029,34in Ultrawide Monitor,1,5/15/2019 15:38
199030,AAA Batteries (4-pack),1,5/2/2019 20:46
199031,34in Ultrawide Monitor,1,5/5/2019 11:55
199032,Wired Headphones,1,5/23/2019 14:02
199033,27in FHD Monitor,1,5/25/2019 10:24
199034,Bose SoundSport Headphones,1,5/25/2019 19:30
199035,Lightning Charging Cable,1,5/8/2019 23:14
199036,27in FHD Monitor,1,5/4/2019 18:22
199037,Flatscreen TV,1,5/3/2019 14:24
199038,Google Phone,1,5/31/2019 16:50
199039,AA Batteries (4-pack),1,5/17/2019 17:25
199040,Bose SoundSport Headphones,1,5/11/2019 19:45
199041,AA Batteries (4-pack),1,5/30/2019 11:06
199042,iPhone,1,5/12/2019 9:40
199043,Wired Headphones,1,5/1/2019 20:48
199044,Lightning Charging Cable,1,5/11/2019 17:49
199045,Apple Airpods Headphones,1,5/2/2019 17:28
199046,AA Batteries (4-pack),1,5/29/2019 15:59
199047,34in Ultrawide Monitor,1,5/26/2019 17:35
199048,Lightning Charging Cable,1,5/23/2019 16:55
199049,Wired Headphones,1,5/2/2019 23:00
199050,34in Ultrawide Monitor,1,5/6/2019 19:55
199051,20in Monitor,1,5/6/2019 12:04
199052,AAA Batteries (4-pack),1,5/11/2019 6:36
199053,Apple Airpods Headphones,1,5/11/2019 15:15
199054,AAA Batteries (4-pack),1,5/27/2019 11:43
199055,Wired Headphones,1,5/4/2019 15:04
199056,27in FHD Monitor,1,5/10/2019 14:23
199057,27in 4K Gaming Monitor,1,5/31/2019 20:09
199058,Wired Headphones,1,5/23/2019 15:36
199059,iPhone,1,5/29/2019 12:53
199060,Bose SoundSport Headphones,1,5/28/2019 11:37
199061,Bose SoundSport Headphones,1,5/26/2019 19:28
199062,27in 4K Gaming Monitor,1,5/10/2019 17:58
199063,USB-C Charging Cable,1,5/18/2019 18:54
199064,Google Phone,1,5/12/2019 14:08
199064,USB-C Charging Cable,1,5/12/2019 14:08
199065,Apple Airpods Headphones,1,5/30/2019 23:23
199066,27in FHD Monitor,1,5/14/2019 21:44
199067,AAA Batteries (4-pack),2,5/17/2019 13:25
199068,Wired Headphones,1,5/17/2019 19:50
199069,Bose SoundSport Headphones,1,5/28/2019 9:51
199070,20in Monitor,1,5/4/2019 19:19
199071,AA Batteries (4-pack),1,5/27/2019 20:23
199072,Bose SoundSport Headphones,1,5/22/2019 14:40
199073,Wired Headphones,1,5/4/2019 11:09
199074,AAA Batteries (4-pack),3,5/1/2019 14:29
199075,Apple Airpods Headphones,1,5/19/2019 21:07
199076,27in FHD Monitor,1,5/29/2019 12:48
199077,27in 4K Gaming Monitor,1,5/30/2019 22:47
199078,27in 4K Gaming Monitor,1,5/23/2019 11:01
199079,Bose SoundSport Headphones,1,5/21/2019 1:44
199080,AA Batteries (4-pack),1,5/5/2019 18:42
199081,Wired Headphones,1,5/29/2019 12:04
199082,Apple Airpods Headphones,1,5/13/2019 19:55
199083,Lightning Charging Cable,1,5/23/2019 9:49
199084,USB-C Charging Cable,1,5/22/2019 19:52
199085,Wired Headphones,1,5/1/2019 21:51
199086,Bose SoundSport Headphones,1,5/22/2019 13:24
199087,AAA Batteries (4-pack),2,5/9/2019 18:09
199088,AAA Batteries (4-pack),2,5/29/2019 22:06
199089,Lightning Charging Cable,1,5/5/2019 23:31
199090,Lightning Charging Cable,1,5/6/2019 11:40
199091,27in 4K Gaming Monitor,1,5/11/2019 14:57
199092,Lightning Charging Cable,1,5/31/2019 10:54
199093,USB-C Charging Cable,1,5/29/2019 12:08
199094,iPhone,1,5/17/2019 8:35
199095,ThinkPad Laptop,1,5/20/2019 22:13
199096,iPhone,1,5/23/2019 16:07
199097,AAA Batteries (4-pack),1,5/4/2019 4:57
199098,AA Batteries (4-pack),2,6/1/2019 0:50
199099,AA Batteries (4-pack),1,5/8/2019 17:10
199100,USB-C Charging Cable,1,5/26/2019 14:23
199101,Lightning Charging Cable,1,5/13/2019 17:32
199102,Lightning Charging Cable,1,5/20/2019 8:52
199103,Wired Headphones,1,5/6/2019 10:38
199104,USB-C Charging Cable,1,5/26/2019 10:24
199105,27in FHD Monitor,1,5/28/2019 8:45
199106,Flatscreen TV,1,5/10/2019 12:36
199107,USB-C Charging Cable,1,5/13/2019 9:20
199108,Macbook Pro Laptop,1,5/21/2019 17:53
199109,Wired Headphones,1,5/7/2019 14:46
199110,Wired Headphones,1,5/28/2019 12:26
199111,Lightning Charging Cable,1,5/17/2019 15:10
199112,Apple Airpods Headphones,1,5/13/2019 14:48
199113,27in FHD Monitor,1,5/26/2019 14:37
199114,Apple Airpods Headphones,1,5/23/2019 22:46
199115,AAA Batteries (4-pack),1,5/7/2019 12:32
199116,Lightning Charging Cable,2,5/29/2019 17:46
199117,AAA Batteries (4-pack),1,5/2/2019 15:58
199118,Wired Headphones,1,5/11/2019 13:11
199119,USB-C Charging Cable,1,5/10/2019 21:06
199120,Flatscreen TV,1,5/30/2019 22:37
199121,Bose SoundSport Headphones,1,5/7/2019 21:07
199122,USB-C Charging Cable,1,5/9/2019 15:02
199123,27in 4K Gaming Monitor,1,5/5/2019 8:31
199124,Apple Airpods Headphones,1,5/31/2019 18:15
199125,Lightning Charging Cable,1,5/12/2019 6:49
199126,27in FHD Monitor,1,5/2/2019 0:20
199127,AA Batteries (4-pack),1,5/2/2019 11:47
199128,Lightning Charging Cable,1,5/1/2019 23:13
199129,20in Monitor,1,5/13/2019 14:58
199130,34in Ultrawide Monitor,1,5/26/2019 0:23
199131,Lightning Charging Cable,1,5/26/2019 15:15
199132,USB-C Charging Cable,1,5/13/2019 18:01
199133,AAA Batteries (4-pack),1,5/11/2019 13:22
199134,20in Monitor,1,5/24/2019 8:34
199135,Macbook Pro Laptop,1,5/15/2019 19:18
199136,Apple Airpods Headphones,1,5/29/2019 2:06
199137,AA Batteries (4-pack),1,5/5/2019 10:18
199138,Google Phone,1,5/22/2019 5:00
199139,Lightning Charging Cable,1,5/23/2019 19:05
199140,Bose SoundSport Headphones,1,5/4/2019 18:37
199141,AA Batteries (4-pack),1,5/22/2019 14:27
199142,AA Batteries (4-pack),1,5/10/2019 17:57
199143,AAA Batteries (4-pack),2,5/21/2019 14:02
199144,20in Monitor,1,5/25/2019 18:28
199145,20in Monitor,1,5/29/2019 18:11
199146,AA Batteries (4-pack),1,5/10/2019 9:00
199147,AAA Batteries (4-pack),1,5/25/2019 20:56
199148,Lightning Charging Cable,1,5/24/2019 16:26
199149,Lightning Charging Cable,1,5/14/2019 19:55
199150,AAA Batteries (4-pack),2,5/8/2019 19:12
199151,Bose SoundSport Headphones,1,5/23/2019 19:03
199152,27in FHD Monitor,1,5/10/2019 19:56
199153,Bose SoundSport Headphones,1,5/25/2019 17:24
199154,Wired Headphones,1,5/20/2019 13:41
199155,USB-C Charging Cable,1,5/21/2019 10:36
199156,34in Ultrawide Monitor,1,5/13/2019 21:58
199157,Bose SoundSport Headphones,1,5/15/2019 0:33
199158,Lightning Charging Cable,1,5/13/2019 12:31
199159,AA Batteries (4-pack),2,5/6/2019 20:47
199160,Bose SoundSport Headphones,1,5/4/2019 22:44
199161,AAA Batteries (4-pack),1,5/25/2019 16:46
199162,Google Phone,1,5/20/2019 21:22
199163,Bose SoundSport Headphones,1,5/18/2019 21:44
199164,Bose SoundSport Headphones,1,5/16/2019 14:54
199165,AA Batteries (4-pack),1,5/22/2019 6:36
199166,Apple Airpods Headphones,1,5/10/2019 22:54
199167,ThinkPad Laptop,1,5/29/2019 20:44
199168,Bose SoundSport Headphones,1,5/16/2019 17:41
199169,34in Ultrawide Monitor,1,5/3/2019 9:06
199170,Bose SoundSport Headphones,1,5/14/2019 15:03
199171,Apple Airpods Headphones,1,5/2/2019 15:36
199172,Wired Headphones,1,5/8/2019 12:18
199173,AA Batteries (4-pack),1,5/23/2019 16:03
199174,iPhone,1,5/22/2019 10:29
199175,20in Monitor,1,5/28/2019 22:25
199176,27in 4K Gaming Monitor,1,5/1/2019 20:31
199177,Lightning Charging Cable,1,5/18/2019 10:31
199178,27in FHD Monitor,1,5/14/2019 9:13
199179,Lightning Charging Cable,1,5/4/2019 11:52
199180,iPhone,1,5/8/2019 1:14
199181,AAA Batteries (4-pack),1,5/30/2019 16:59
199182,AAA Batteries (4-pack),1,5/22/2019 20:17
199183,Lightning Charging Cable,1,5/5/2019 13:50
199184,27in 4K Gaming Monitor,1,5/17/2019 21:57
199185,AA Batteries (4-pack),1,5/7/2019 10:53
199186,AA Batteries (4-pack),1,5/13/2019 17:40
199187,AAA Batteries (4-pack),1,5/12/2019 17:09
199188,USB-C Charging Cable,1,5/9/2019 20:26
199189,Apple Airpods Headphones,1,5/22/2019 22:01
199190,Bose SoundSport Headphones,1,5/26/2019 18:10
199191,AAA Batteries (4-pack),3,5/29/2019 21:33
199192,Google Phone,2,5/27/2019 18:22
199193,Wired Headphones,1,5/29/2019 22:59
199194,Flatscreen TV,1,5/6/2019 7:24
199195,Bose SoundSport Headphones,1,5/18/2019 15:55
199196,Google Phone,1,5/13/2019 22:03
199197,AA Batteries (4-pack),1,5/20/2019 20:16
199198,USB-C Charging Cable,1,5/25/2019 21:28
199199,34in Ultrawide Monitor,1,5/26/2019 12:01
199200,AAA Batteries (4-pack),3,5/5/2019 11:13
199201,AA Batteries (4-pack),1,5/8/2019 11:44
199202,Macbook Pro Laptop,1,5/21/2019 9:13
199203,Flatscreen TV,1,5/1/2019 11:46
199204,AA Batteries (4-pack),2,5/16/2019 9:29
199205,34in Ultrawide Monitor,1,5/31/2019 14:18
199206,Wired Headphones,1,5/25/2019 19:16
199207,Bose SoundSport Headphones,1,5/15/2019 11:41
199208,USB-C Charging Cable,2,5/12/2019 12:09
199209,USB-C Charging Cable,1,5/5/2019 8:43
199210,AA Batteries (4-pack),3,5/28/2019 21:39
199211,iPhone,1,5/25/2019 11:45
199211,Lightning Charging Cable,1,5/25/2019 11:45
199212,Lightning Charging Cable,1,5/6/2019 17:47
199213,Bose SoundSport Headphones,1,5/10/2019 12:58
199214,Lightning Charging Cable,1,5/21/2019 20:39
199215,Vareebadd Phone,1,5/18/2019 14:00
199216,AAA Batteries (4-pack),1,5/28/2019 20:34
199217,USB-C Charging Cable,1,5/21/2019 14:15
199218,27in FHD Monitor,1,5/4/2019 18:15
199219,Wired Headphones,1,5/7/2019 21:46
199220,AAA Batteries (4-pack),1,5/20/2019 21:14
199221,USB-C Charging Cable,1,5/2/2019 16:10
199222,Bose SoundSport Headphones,1,5/28/2019 13:54
199223,Flatscreen TV,1,5/3/2019 19:50
199224,USB-C Charging Cable,1,5/23/2019 13:02
199225,Apple Airpods Headphones,1,5/19/2019 18:10
199226,AA Batteries (4-pack),1,5/19/2019 12:40
199227,27in FHD Monitor,1,5/2/2019 13:23
199228,Bose SoundSport Headphones,1,5/15/2019 15:06
199229,Bose SoundSport Headphones,1,5/22/2019 11:18
199230,iPhone,1,5/8/2019 9:09
199230,Vareebadd Phone,1,5/8/2019 9:09
199231,Macbook Pro Laptop,1,5/8/2019 12:23
,,,
199232,Lightning Charging Cable,1,5/10/2019 17:42
199233,Wired Headphones,1,5/22/2019 12:24
199234,Vareebadd Phone,1,5/11/2019 13:09
199235,27in FHD Monitor,1,5/23/2019 14:30
199236,Google Phone,1,5/5/2019 20:57
199237,Lightning Charging Cable,1,5/31/2019 11:54
199238,Wired Headphones,1,5/17/2019 10:54
199239,ThinkPad Laptop,1,5/19/2019 18:26
199240,Macbook Pro Laptop,1,5/16/2019 19:12
199241,AA Batteries (4-pack),2,5/12/2019 4:23
199242,Apple Airpods Headphones,1,5/12/2019 18:47
199243,ThinkPad Laptop,1,5/7/2019 17:42
199244,AA Batteries (4-pack),1,5/5/2019 8:40
199245,AAA Batteries (4-pack),1,5/5/2019 12:17
199246,ThinkPad Laptop,1,5/8/2019 14:51
199247,Wired Headphones,1,5/30/2019 20:26
199248,AA Batteries (4-pack),1,5/16/2019 11:24
199249,AA Batteries (4-pack),1,5/3/2019 22:50
199250,34in Ultrawide Monitor,1,5/3/2019 14:06
199251,Bose SoundSport Headphones,1,5/5/2019 9:23
199252,AA Batteries (4-pack),1,5/23/2019 15:15
199253,20in Monitor,1,5/22/2019 18:10
199254,AA Batteries (4-pack),2,5/12/2019 10:57
199255,Bose SoundSport Headphones,1,5/26/2019 10:52
199256,USB-C Charging Cable,1,5/21/2019 22:04
199257,AAA Batteries (4-pack),1,5/8/2019 18:14
199258,AA Batteries (4-pack),1,5/15/2019 13:56
199259,Apple Airpods Headphones,1,5/25/2019 6:10
199260,27in 4K Gaming Monitor,1,5/17/2019 16:09
199261,AAA Batteries (4-pack),1,5/12/2019 14:24
199262,AAA Batteries (4-pack),3,5/6/2019 12:16
199263,Vareebadd Phone,1,5/28/2019 20:44
199264,AAA Batteries (4-pack),2,5/8/2019 14:45
199265,LG Dryer,1,5/30/2019 18:23
199266,Flatscreen TV,1,5/26/2019 8:35
199267,AA Batteries (4-pack),1,5/17/2019 1:46
199268,Flatscreen TV,1,5/12/2019 9:59
199269,AA Batteries (4-pack),1,5/9/2019 15:12
199270,ThinkPad Laptop,1,5/5/2019 4:31
199271,Apple Airpods Headphones,1,5/30/2019 0:40
199272,27in 4K Gaming Monitor,1,5/31/2019 11:44
199273,AAA Batteries (4-pack),1,5/7/2019 12:34
199274,Wired Headphones,1,5/17/2019 18:02
199275,Google Phone,1,5/1/2019 18:31
199275,USB-C Charging Cable,1,5/1/2019 18:31
199276,20in Monitor,1,5/4/2019 13:45
199277,Wired Headphones,1,5/16/2019 8:29
199278,Vareebadd Phone,1,5/28/2019 12:33
199279,AA Batteries (4-pack),1,5/31/2019 15:50
199280,iPhone,1,5/15/2019 13:14
199281,Wired Headphones,1,5/13/2019 11:28
199282,Google Phone,1,5/27/2019 18:53
199282,USB-C Charging Cable,1,5/27/2019 18:53
199282,Bose SoundSport Headphones,1,5/27/2019 18:53
199283,AAA Batteries (4-pack),1,5/18/2019 19:20
199284,Flatscreen TV,1,5/4/2019 12:35
199285,Lightning Charging Cable,1,5/5/2019 12:00
199286,Wired Headphones,1,5/15/2019 7:52
199287,27in FHD Monitor,1,5/7/2019 10:43
199288,Flatscreen TV,1,5/10/2019 6:53
199289,Lightning Charging Cable,2,5/4/2019 7:59
199290,Wired Headphones,1,5/29/2019 10:09
199291,AAA Batteries (4-pack),2,5/31/2019 19:06
199292,27in FHD Monitor,1,5/29/2019 14:37
199293,34in Ultrawide Monitor,1,5/18/2019 19:22
199294,AAA Batteries (4-pack),2,5/11/2019 18:34
199295,Apple Airpods Headphones,1,5/19/2019 9:46
199296,Wired Headphones,1,5/17/2019 8:25
199297,USB-C Charging Cable,2,5/15/2019 20:42
199298,AAA Batteries (4-pack),2,5/16/2019 15:00
199299,USB-C Charging Cable,1,5/29/2019 18:55
199300,AAA Batteries (4-pack),4,5/7/2019 20:48
199301,Lightning Charging Cable,1,5/3/2019 12:02
199302,AAA Batteries (4-pack),4,5/5/2019 19:25
199303,AA Batteries (4-pack),1,5/4/2019 16:50
199304,Bose SoundSport Headphones,1,5/28/2019 18:24
199304,Lightning Charging Cable,1,5/28/2019 18:24
199305,Lightning Charging Cable,1,5/2/2019 10:49
199306,AAA Batteries (4-pack),1,5/3/2019 2:01
199307,Wired Headphones,1,5/19/2019 17:20
199308,AA Batteries (4-pack),1,5/10/2019 14:46
199309,USB-C Charging Cable,1,5/14/2019 11:13
199310,Bose SoundSport Headphones,1,5/27/2019 19:00
199311,Apple Airpods Headphones,1,5/19/2019 0:18
199312,Lightning Charging Cable,1,5/28/2019 14:48
199313,34in Ultrawide Monitor,1,5/9/2019 19:26
199314,iPhone,1,5/17/2019 0:09
199314,Lightning Charging Cable,1,5/17/2019 0:09
199314,Apple Airpods Headphones,1,5/17/2019 0:09
199315,AA Batteries (4-pack),1,5/2/2019 9:12
199316,Bose SoundSport Headphones,1,5/23/2019 9:36
199317,Wired Headphones,1,5/11/2019 12:25
199318,AAA Batteries (4-pack),1,5/6/2019 14:11
199319,Lightning Charging Cable,1,5/28/2019 8:28
199320,Bose SoundSport Headphones,1,5/24/2019 22:13
199321,LG Dryer,1,5/23/2019 5:45
199322,34in Ultrawide Monitor,1,5/11/2019 12:50
199323,AAA Batteries (4-pack),1,5/24/2019 21:04
199324,27in 4K Gaming Monitor,1,5/27/2019 13:03
199325,AAA Batteries (4-pack),2,5/14/2019 20:24
199326,Lightning Charging Cable,1,5/28/2019 13:54
199327,AA Batteries (4-pack),1,5/10/2019 13:13
199328,AA Batteries (4-pack),2,5/24/2019 10:31
199329,AAA Batteries (4-pack),1,5/23/2019 7:26
199330,AAA Batteries (4-pack),1,5/21/2019 18:12
199331,Vareebadd Phone,1,5/22/2019 14:11
199331,USB-C Charging Cable,1,5/22/2019 14:11
199332,Wired Headphones,1,5/13/2019 20:35
199333,Bose SoundSport Headphones,1,5/12/2019 7:57
199334,iPhone,1,5/17/2019 19:27
199334,Lightning Charging Cable,1,5/17/2019 19:27
199335,Lightning Charging Cable,1,5/22/2019 10:09
199336,Macbook Pro Laptop,1,5/29/2019 22:40
199337,Lightning Charging Cable,1,5/15/2019 8:30
199338,Wired Headphones,1,5/5/2019 23:41
199339,Google Phone,1,5/27/2019 14:02
199339,USB-C Charging Cable,1,5/27/2019 14:02
Order ID,Product,Quantity Ordered,Order Date
199340,AAA Batteries (4-pack),1,5/1/2019 18:32
199341,iPhone,1,5/19/2019 22:53
199342,Bose SoundSport Headphones,1,5/31/2019 13:27
199343,27in 4K Gaming Monitor,1,5/7/2019 10:49
199344,Lightning Charging Cable,1,5/25/2019 13:26
199345,Wired Headphones,1,5/8/2019 19:22
199346,USB-C Charging Cable,1,5/17/2019 13:31
199346,27in FHD Monitor,1,5/17/2019 13:31
199347,Lightning Charging Cable,1,5/5/2019 20:09
199348,USB-C Charging Cable,1,5/31/2019 15:11
199349,Bose SoundSport Headphones,1,5/14/2019 14:52
199350,AA Batteries (4-pack),1,5/6/2019 19:37
199351,Lightning Charging Cable,1,5/31/2019 17:44
199352,Wired Headphones,1,5/20/2019 20:15
199353,27in 4K Gaming Monitor,1,5/24/2019 21:29
199354,ThinkPad Laptop,1,5/14/2019 18:14
199355,Lightning Charging Cable,1,5/28/2019 6:44
199356,Flatscreen TV,1,5/18/2019 9:23
199357,Apple Airpods Headphones,1,5/19/2019 21:23
199358,27in 4K Gaming Monitor,1,5/29/2019 19:17
199359,Wired Headphones,1,5/21/2019 15:22
199360,AAA Batteries (4-pack),1,5/28/2019 13:58
199361,AA Batteries (4-pack),1,5/11/2019 11:27
199362,27in 4K Gaming Monitor,1,5/24/2019 23:56
199363,Lightning Charging Cable,1,5/5/2019 18:45
199364,AA Batteries (4-pack),1,5/13/2019 8:48
199365,Apple Airpods Headphones,1,5/6/2019 20:31
199366,Bose SoundSport Headphones,1,5/1/2019 22:46
199367,AAA Batteries (4-pack),1,5/27/2019 13:20
199368,Bose SoundSport Headphones,1,5/20/2019 8:45
199369,Google Phone,1,5/29/2019 15:30
199369,USB-C Charging Cable,1,5/29/2019 15:30
199370,AA Batteries (4-pack),1,5/29/2019 19:51
199371,34in Ultrawide Monitor,1,5/10/2019 11:46
199372,Wired Headphones,1,5/14/2019 20:11
199373,27in FHD Monitor,1,5/23/2019 17:03
199374,Wired Headphones,2,5/14/2019 10:13
199374,AAA Batteries (4-pack),1,5/14/2019 10:13
199375,AA Batteries (4-pack),1,5/10/2019 20:54
199376,Flatscreen TV,1,5/5/2019 18:50
199377,USB-C Charging Cable,1,5/25/2019 12:17
199378,Wired Headphones,1,5/11/2019 23:25
199379,AAA Batteries (4-pack),1,5/23/2019 14:33
199380,27in 4K Gaming Monitor,1,5/19/2019 18:40
199381,34in Ultrawide Monitor,1,5/29/2019 7:38
199382,Apple Airpods Headphones,1,5/5/2019 14:58
199383,Wired Headphones,1,5/29/2019 18:06
199384,27in 4K Gaming Monitor,1,5/23/2019 11:10
199385,Bose SoundSport Headphones,1,5/25/2019 14:02
199386,Lightning Charging Cable,1,5/26/2019 18:32
199387,Bose SoundSport Headphones,1,5/7/2019 6:17
199388,Bose SoundSport Headphones,1,5/29/2019 6:37
199389,Bose SoundSport Headphones,1,5/9/2019 9:02
199390,USB-C Charging Cable,1,5/12/2019 22:23
199391,Wired Headphones,1,5/1/2019 17:38
199392,Google Phone,1,5/4/2019 21:12
199392,Lightning Charging Cable,1,5/4/2019 21:12
199393,AAA Batteries (4-pack),1,5/22/2019 21:59
199394,Wired Headphones,2,5/3/2019 17:22
199395,Wired Headphones,1,5/5/2019 17:41
199396,Bose SoundSport Headphones,1,5/18/2019 19:39
199397,iPhone,1,5/26/2019 21:27
199397,Lightning Charging Cable,1,5/26/2019 21:27
199398,Macbook Pro Laptop,1,5/14/2019 18:26
199399,iPhone,1,5/31/2019 9:46
199399,Lightning Charging Cable,1,5/31/2019 9:46
199400,AAA Batteries (4-pack),1,5/24/2019 16:02
199401,27in FHD Monitor,1,5/22/2019 19:01
199402,USB-C Charging Cable,1,5/27/2019 0:56
199403,Lightning Charging Cable,1,5/3/2019 15:27
199404,AA Batteries (4-pack),4,5/14/2019 12:28
199405,ThinkPad Laptop,1,5/10/2019 13:18
199406,USB-C Charging Cable,1,5/26/2019 13:09
199407,USB-C Charging Cable,1,5/22/2019 6:59
199407,Bose SoundSport Headphones,1,5/22/2019 6:59
199408,USB-C Charging Cable,1,5/2/2019 17:59
199409,AAA Batteries (4-pack),1,5/18/2019 19:37
199410,USB-C Charging Cable,2,5/21/2019 21:22
199411,ThinkPad Laptop,1,5/24/2019 16:12
199412,AA Batteries (4-pack),4,5/28/2019 10:08
199413,Flatscreen TV,1,5/16/2019 23:36
199414,27in FHD Monitor,1,5/15/2019 11:16
199415,27in FHD Monitor,1,5/5/2019 17:25
199416,AAA Batteries (4-pack),1,5/6/2019 19:33
199417,Bose SoundSport Headphones,1,5/3/2019 20:12
199418,Wired Headphones,1,5/5/2019 22:55
199419,ThinkPad Laptop,1,5/23/2019 22:45
199420,USB-C Charging Cable,2,5/10/2019 17:03
199421,ThinkPad Laptop,1,5/11/2019 12:44
199422,Bose SoundSport Headphones,1,5/8/2019 14:10
199423,Apple Airpods Headphones,1,5/3/2019 17:16
199424,Wired Headphones,1,5/10/2019 13:35
199425,USB-C Charging Cable,1,5/9/2019 13:28
199426,Apple Airpods Headphones,1,5/5/2019 10:13
199427,Flatscreen TV,1,5/17/2019 18:17
199428,AAA Batteries (4-pack),4,5/21/2019 6:26
199429,USB-C Charging Cable,1,5/29/2019 12:39
199430,34in Ultrawide Monitor,1,5/24/2019 8:55
199431,AA Batteries (4-pack),1,5/24/2019 19:50
199431,AAA Batteries (4-pack),2,5/24/2019 19:50
Order ID,Product,Quantity Ordered,Order Date
199432,Lightning Charging Cable,1,5/21/2019 16:48
199433,Apple Airpods Headphones,1,5/15/2019 12:49
199434,USB-C Charging Cable,1,5/3/2019 11:30
199435,Apple Airpods Headphones,1,5/8/2019 22:38
199436,27in FHD Monitor,1,5/18/2019 14:28
199437,Lightning Charging Cable,2,5/23/2019 23:23
199438,Flatscreen TV,1,5/2/2019 17:24
199439,AAA Batteries (4-pack),1,5/23/2019 10:17
199440,Wired Headphones,1,5/23/2019 9:02
199441,LG Dryer,1,5/1/2019 18:31
199442,USB-C Charging Cable,1,5/29/2019 19:51
199443,Lightning Charging Cable,2,5/30/2019 20:15
199444,AA Batteries (4-pack),1,5/28/2019 12:38
199445,Bose SoundSport Headphones,1,5/18/2019 6:49
199446,34in Ultrawide Monitor,1,5/22/2019 22:54
199447,27in FHD Monitor,1,5/18/2019 7:31
199448,Lightning Charging Cable,1,5/31/2019 9:19
199449,Flatscreen TV,1,5/11/2019 13:26
199450,Wired Headphones,1,5/8/2019 9:57
199451,Lightning Charging Cable,1,5/9/2019 20:08
199452,27in FHD Monitor,1,5/23/2019 10:59
199453,Apple Airpods Headphones,1,5/31/2019 11:26
199454,LG Dryer,1,5/23/2019 13:58
199455,iPhone,1,5/11/2019 21:10
199455,Wired Headphones,1,5/11/2019 21:10
199456,AAA Batteries (4-pack),2,5/26/2019 0:31
199457,Apple Airpods Headphones,1,5/11/2019 6:59
199458,Lightning Charging Cable,1,5/18/2019 22:15
199459,Vareebadd Phone,1,5/21/2019 18:51
199459,USB-C Charging Cable,1,5/21/2019 18:51
199460,Flatscreen TV,1,5/28/2019 15:07
199461,AAA Batteries (4-pack),1,5/19/2019 10:19
199462,Google Phone,1,5/5/2019 18:56
199462,Bose SoundSport Headphones,1,5/5/2019 18:56
199463,20in Monitor,1,5/29/2019 11:03
199464,Wired Headphones,1,5/9/2019 0:59
199465,USB-C Charging Cable,1,5/16/2019 14:50
199466,USB-C Charging Cable,1,5/14/2019 9:15
199467,AA Batteries (4-pack),2,5/3/2019 10:53
199468,Google Phone,1,5/21/2019 9:54
199468,AAA Batteries (4-pack),1,5/21/2019 9:54
199469,Lightning Charging Cable,1,5/3/2019 21:06
199470,Wired Headphones,1,5/12/2019 17:12
199471,Wired Headphones,1,5/28/2019 8:44
199472,Apple Airpods Headphones,1,5/27/2019 13:12
199473,AA Batteries (4-pack),1,5/13/2019 15:43
199474,Macbook Pro Laptop,1,5/23/2019 7:25
199475,Lightning Charging Cable,1,5/31/2019 20:57
199476,Google Phone,1,5/3/2019 13:59
199477,27in FHD Monitor,1,5/30/2019 16:30
199478,Google Phone,1,5/14/2019 9:30
199479,Lightning Charging Cable,1,5/6/2019 23:23
199480,AA Batteries (4-pack),1,5/26/2019 7:59
199481,USB-C Charging Cable,1,5/2/2019 20:48
199482,ThinkPad Laptop,1,5/6/2019 15:51
199483,AA Batteries (4-pack),1,5/19/2019 20:44
199484,Lightning Charging Cable,1,5/19/2019 22:11
199485,Lightning Charging Cable,1,5/19/2019 17:34
199486,34in Ultrawide Monitor,1,5/22/2019 3:50
199487,Macbook Pro Laptop,1,5/7/2019 15:24
199488,Lightning Charging Cable,1,5/3/2019 14:24
199489,Wired Headphones,1,5/8/2019 12:42
199490,Wired Headphones,1,5/23/2019 13:23
199491,Flatscreen TV,1,5/21/2019 6:00
199492,Macbook Pro Laptop,1,5/9/2019 19:46
199493,AA Batteries (4-pack),1,5/29/2019 21:21
199494,20in Monitor,1,5/7/2019 19:29
199495,USB-C Charging Cable,1,5/12/2019 8:11
199496,USB-C Charging Cable,1,5/25/2019 8:48
199497,34in Ultrawide Monitor,1,5/12/2019 1:25
199498,20in Monitor,1,5/27/2019 16:57
199498,USB-C Charging Cable,1,5/27/2019 16:57
199499,Lightning Charging Cable,1,5/20/2019 23:18
199500,Wired Headphones,2,5/19/2019 20:44
199501,Bose SoundSport Headphones,1,5/3/2019 20:38
199502,Google Phone,1,5/20/2019 7:52
199503,iPhone,1,5/24/2019 18:04
199504,LG Washing Machine,1,5/19/2019 8:16
199505,iPhone,1,5/28/2019 0:37
199506,Macbook Pro Laptop,1,5/26/2019 21:16
199507,20in Monitor,1,5/9/2019 14:06
199508,Bose SoundSport Headphones,1,5/8/2019 17:45
199509,27in FHD Monitor,1,5/25/2019 15:51
199510,27in 4K Gaming Monitor,1,5/10/2019 22:33
199511,AA Batteries (4-pack),1,5/16/2019 21:33
199512,Apple Airpods Headphones,1,5/31/2019 19:13
199513,iPhone,1,5/22/2019 13:49
199514,Wired Headphones,1,5/3/2019 13:02
199515,USB-C Charging Cable,1,5/31/2019 2:23
199516,USB-C Charging Cable,2,5/10/2019 23:35
199517,Flatscreen TV,1,5/18/2019 18:02
199518,Google Phone,1,5/12/2019 16:00
199518,USB-C Charging Cable,1,5/12/2019 16:00
199519,AA Batteries (4-pack),1,5/5/2019 19:58
199520,Wired Headphones,1,5/14/2019 12:52
199521,USB-C Charging Cable,1,5/19/2019 12:39
199522,34in Ultrawide Monitor,1,5/18/2019 12:08
199523,ThinkPad Laptop,1,5/14/2019 18:48
199524,27in 4K Gaming Monitor,1,5/13/2019 23:27
199525,Wired Headphones,1,5/28/2019 18:31
199526,USB-C Charging Cable,1,5/20/2019 10:07
199527,USB-C Charging Cable,2,5/7/2019 17:35
199528,AAA Batteries (4-pack),2,5/7/2019 15:18
199529,34in Ultrawide Monitor,1,5/3/2019 16:38
199530,Wired Headphones,1,5/28/2019 13:24
199531,Wired Headphones,1,5/11/2019 19:28
199532,AAA Batteries (4-pack),1,5/7/2019 13:10
199533,ThinkPad Laptop,1,5/5/2019 10:36
199534,Bose SoundSport Headphones,1,5/31/2019 8:05
199535,USB-C Charging Cable,1,5/26/2019 10:12
199536,Bose SoundSport Headphones,1,5/7/2019 18:50
199537,USB-C Charging Cable,1,5/10/2019 4:34
199538,Wired Headphones,1,5/18/2019 15:49
199539,Wired Headphones,1,5/19/2019 14:01
199540,AAA Batteries (4-pack),1,5/10/2019 16:10
199541,27in 4K Gaming Monitor,1,5/14/2019 17:06
199542,AAA Batteries (4-pack),1,5/14/2019 14:11
199543,iPhone,1,5/30/2019 9:52
199544,Bose SoundSport Headphones,1,5/27/2019 8:56
199545,Bose SoundSport Headphones,1,5/4/2019 22:51
199546,Wired Headphones,1,5/19/2019 23:05
199547,USB-C Charging Cable,1,5/16/2019 12:17
199548,Apple Airpods Headphones,1,5/19/2019 15:56
199549,Flatscreen TV,1,5/29/2019 19:10
199550,iPhone,1,5/18/2019 18:04
199551,USB-C Charging Cable,1,5/24/2019 20:16
199552,Lightning Charging Cable,1,5/4/2019 18:44
199553,Wired Headphones,1,5/30/2019 17:05
199554,AA Batteries (4-pack),1,5/26/2019 18:25
199555,Lightning Charging Cable,1,5/30/2019 10:50
199556,Macbook Pro Laptop,1,5/6/2019 22:49
199557,USB-C Charging Cable,1,5/15/2019 13:02
199558,AAA Batteries (4-pack),4,5/22/2019 14:25
199559,Lightning Charging Cable,1,5/24/2019 15:48
199560,AAA Batteries (4-pack),1,5/22/2019 12:17
199561,USB-C Charging Cable,1,5/12/2019 19:30
199562,Google Phone,1,5/16/2019 12:50
199563,AAA Batteries (4-pack),1,5/29/2019 17:22
199564,Lightning Charging Cable,1,5/31/2019 20:44
199565,USB-C Charging Cable,1,5/15/2019 10:36
199566,AAA Batteries (4-pack),2,5/3/2019 21:11
199567,AAA Batteries (4-pack),2,5/9/2019 1:59
199568,Apple Airpods Headphones,1,5/14/2019 15:36
199569,Macbook Pro Laptop,1,5/8/2019 19:59
199570,34in Ultrawide Monitor,1,5/29/2019 8:17
199571,Lightning Charging Cable,1,5/30/2019 19:00
199572,Lightning Charging Cable,1,5/3/2019 21:51
199573,Apple Airpods Headphones,1,5/22/2019 11:00
199574,Lightning Charging Cable,1,5/1/2019 15:47
199575,34in Ultrawide Monitor,1,5/8/2019 12:33
199576,AAA Batteries (4-pack),2,5/4/2019 13:28
199577,AA Batteries (4-pack),1,5/4/2019 0:48
199578,Apple Airpods Headphones,1,5/5/2019 13:12
199579,Lightning Charging Cable,1,5/15/2019 8:58
199580,Wired Headphones,1,5/2/2019 20:58
199581,Bose SoundSport Headphones,1,5/20/2019 18:07
199582,20in Monitor,1,5/17/2019 10:23
199583,20in Monitor,1,5/17/2019 10:39
199584,ThinkPad Laptop,1,5/19/2019 7:54
199585,Wired Headphones,1,5/19/2019 17:08
199586,Lightning Charging Cable,2,5/26/2019 17:09
199587,AA Batteries (4-pack),1,5/4/2019 21:37
199588,20in Monitor,1,5/14/2019 12:57
199589,20in Monitor,1,5/7/2019 19:22
199590,Lightning Charging Cable,1,5/2/2019 10:37
199591,AAA Batteries (4-pack),1,5/14/2019 23:05
199592,27in 4K Gaming Monitor,1,5/30/2019 23:06
199593,Flatscreen TV,1,5/15/2019 13:20
199594,USB-C Charging Cable,2,5/3/2019 20:48
199595,Wired Headphones,1,5/5/2019 8:32
199596,AA Batteries (4-pack),1,5/30/2019 19:12
199597,Lightning Charging Cable,1,5/8/2019 20:47
199598,AAA Batteries (4-pack),2,5/26/2019 16:02
199599,27in FHD Monitor,1,5/14/2019 19:15
199600,27in FHD Monitor,1,5/16/2019 18:38
199601,AAA Batteries (4-pack),1,5/4/2019 13:41
199602,Macbook Pro Laptop,1,5/9/2019 14:43
199603,27in FHD Monitor,1,5/13/2019 8:58
199604,USB-C Charging Cable,1,5/18/2019 21:18
199605,Lightning Charging Cable,1,5/31/2019 18:21
199606,AA Batteries (4-pack),1,5/15/2019 17:31
199607,Bose SoundSport Headphones,1,5/7/2019 17:02
199608,Lightning Charging Cable,1,5/5/2019 22:08
199609,Wired Headphones,1,5/20/2019 20:49
199610,27in 4K Gaming Monitor,1,5/17/2019 21:34
199611,AA Batteries (4-pack),1,5/30/2019 8:39
199612,AA Batteries (4-pack),1,5/6/2019 14:34
199613,Wired Headphones,1,5/28/2019 20:20
199614,AA Batteries (4-pack),1,5/17/2019 15:12
199615,AAA Batteries (4-pack),1,5/23/2019 10:50
199616,Wired Headphones,1,5/14/2019 8:21
199617,AA Batteries (4-pack),1,5/27/2019 5:58
199618,AA Batteries (4-pack),1,5/15/2019 10:17
199619,USB-C Charging Cable,1,5/21/2019 21:35
199620,Bose SoundSport Headphones,1,5/14/2019 19:40
199621,Lightning Charging Cable,1,5/25/2019 16:31
199622,Wired Headphones,1,5/13/2019 7:22
199623,USB-C Charging Cable,1,5/11/2019 7:44
199624,27in 4K Gaming Monitor,1,5/30/2019 0:11
199625,Apple Airpods Headphones,1,5/25/2019 12:10
199626,34in Ultrawide Monitor,1,5/25/2019 20:34
199627,AA Batteries (4-pack),2,5/1/2019 10:50
199628,USB-C Charging Cable,2,5/26/2019 20:09
199629,USB-C Charging Cable,1,5/18/2019 11:02
199630,27in FHD Monitor,1,5/23/2019 18:03
199631,AA Batteries (4-pack),1,5/4/2019 9:40
199632,Wired Headphones,1,5/19/2019 16:08
199633,AAA Batteries (4-pack),1,5/14/2019 14:18
199634,34in Ultrawide Monitor,1,5/7/2019 14:33
199634,Lightning Charging Cable,1,5/7/2019 14:33
199635,AA Batteries (4-pack),1,5/30/2019 19:21
199636,Google Phone,1,5/10/2019 21:30
199636,USB-C Charging Cable,1,5/10/2019 21:30
199637,AAA Batteries (4-pack),1,5/27/2019 13:40
199638,AAA Batteries (4-pack),1,5/13/2019 13:13
199639,AAA Batteries (4-pack),4,5/8/2019 12:32
199640,Google Phone,1,5/1/2019 21:25
199641,Lightning Charging Cable,1,5/16/2019 1:18
199642,Bose SoundSport Headphones,1,5/9/2019 16:22
199643,AA Batteries (4-pack),1,5/30/2019 17:32
199644,27in FHD Monitor,1,5/21/2019 18:13
199645,Bose SoundSport Headphones,1,5/14/2019 13:55
199646,34in Ultrawide Monitor,1,5/6/2019 11:32
199647,AAA Batteries (4-pack),1,5/27/2019 15:11
199648,Wired Headphones,1,5/9/2019 7:48
199649,Apple Airpods Headphones,1,5/16/2019 0:10
199649,Lightning Charging Cable,1,5/16/2019 0:10
199650,Lightning Charging Cable,1,5/4/2019 19:48
199651,AA Batteries (4-pack),1,5/9/2019 16:03
199652,Flatscreen TV,1,5/14/2019 13:58
199653,Flatscreen TV,1,5/2/2019 11:20
199654,27in 4K Gaming Monitor,1,5/15/2019 8:19
199655,Flatscreen TV,1,5/15/2019 20:35
199656,27in FHD Monitor,1,5/6/2019 17:02
199657,Bose SoundSport Headphones,1,5/13/2019 15:40
199658,AA Batteries (4-pack),2,5/1/2019 20:15
199659,AAA Batteries (4-pack),1,5/18/2019 8:35
199660,Bose SoundSport Headphones,1,5/27/2019 8:37
199661,Wired Headphones,1,5/17/2019 11:00
199662,34in Ultrawide Monitor,1,5/28/2019 15:13
199663,Wired Headphones,1,5/23/2019 17:01
199664,Wired Headphones,1,5/2/2019 10:20
199664,iPhone,1,5/2/2019 10:20
199665,Lightning Charging Cable,1,5/22/2019 1:16
199666,USB-C Charging Cable,1,5/19/2019 22:56
199667,AA Batteries (4-pack),2,5/5/2019 18:36
199668,AAA Batteries (4-pack),1,5/6/2019 10:56
199669,USB-C Charging Cable,1,5/13/2019 16:16
199670,USB-C Charging Cable,1,5/26/2019 5:13
199671,Lightning Charging Cable,1,5/12/2019 19:52
199672,27in 4K Gaming Monitor,1,5/1/2019 19:14
199673,20in Monitor,1,5/19/2019 11:06
199674,Wired Headphones,1,5/17/2019 18:45
199675,27in FHD Monitor,1,5/17/2019 11:45
199676,LG Washing Machine,1,5/6/2019 23:10
199677,USB-C Charging Cable,1,5/11/2019 12:18
199678,AAA Batteries (4-pack),1,5/5/2019 12:44
199679,AA Batteries (4-pack),1,5/7/2019 18:36
199680,34in Ultrawide Monitor,1,5/9/2019 10:19
199681,USB-C Charging Cable,1,5/15/2019 11:09
199682,Wired Headphones,1,5/16/2019 12:39
199683,AAA Batteries (4-pack),5,5/7/2019 10:49
199684,Lightning Charging Cable,1,5/23/2019 22:25
199685,Bose SoundSport Headphones,1,5/23/2019 13:04
199686,AAA Batteries (4-pack),1,5/23/2019 19:53
199687,Bose SoundSport Headphones,1,5/3/2019 10:38
199688,iPhone,1,5/6/2019 21:24
199689,Wired Headphones,1,5/9/2019 23:04
199690,34in Ultrawide Monitor,1,5/29/2019 5:25
199691,USB-C Charging Cable,1,5/3/2019 12:23
199692,Google Phone,1,5/16/2019 17:38
199693,Bose SoundSport Headphones,1,5/22/2019 18:36
199694,Wired Headphones,1,5/16/2019 13:14
199695,USB-C Charging Cable,1,5/24/2019 11:41
199696,Wired Headphones,1,5/25/2019 20:41
199697,Google Phone,1,5/7/2019 2:33
199697,USB-C Charging Cable,1,5/7/2019 2:33
199698,Apple Airpods Headphones,1,5/19/2019 16:59
199699,iPhone,1,5/21/2019 4:29
199699,Lightning Charging Cable,1,5/21/2019 4:29
199700,AAA Batteries (4-pack),1,5/25/2019 13:27
199701,Lightning Charging Cable,1,5/4/2019 16:05
199702,27in FHD Monitor,1,5/27/2019 12:40
199703,Wired Headphones,1,5/9/2019 18:32
199704,Bose SoundSport Headphones,1,5/2/2019 10:14
199705,27in FHD Monitor,1,5/22/2019 11:29
199706,Lightning Charging Cable,1,5/7/2019 18:55
199707,AA Batteries (4-pack),1,5/10/2019 20:46
199708,Wired Headphones,1,5/21/2019 21:53
199709,34in Ultrawide Monitor,1,5/4/2019 13:44
199710,USB-C Charging Cable,1,5/29/2019 13:02
199711,Lightning Charging Cable,1,5/14/2019 0:46
199712,USB-C Charging Cable,1,5/7/2019 13:21
199713,iPhone,1,5/8/2019 15:26
199713,Lightning Charging Cable,1,5/8/2019 15:26
199714,Wired Headphones,1,5/7/2019 17:02
199715,AA Batteries (4-pack),1,5/8/2019 11:50
199716,Macbook Pro Laptop,1,5/4/2019 12:27
199717,AA Batteries (4-pack),1,5/16/2019 17:57
199718,USB-C Charging Cable,1,5/25/2019 16:27
199719,27in FHD Monitor,1,5/7/2019 2:01
199720,iPhone,1,5/29/2019 23:27
199721,Wired Headphones,1,5/25/2019 11:32
199722,AA Batteries (4-pack),1,5/27/2019 12:37
199723,AAA Batteries (4-pack),1,5/7/2019 19:25
199724,Lightning Charging Cable,1,5/2/2019 22:35
199725,AAA Batteries (4-pack),1,5/22/2019 20:50
199726,AAA Batteries (4-pack),1,5/17/2019 20:38
199727,Apple Airpods Headphones,1,5/18/2019 23:16
199728,Bose SoundSport Headphones,1,5/8/2019 7:13
199728,Macbook Pro Laptop,1,5/8/2019 7:13
199729,AAA Batteries (4-pack),1,5/21/2019 19:14
199730,Lightning Charging Cable,1,5/25/2019 12:45
199731,Bose SoundSport Headphones,1,5/1/2019 13:37
199732,Wired Headphones,1,5/4/2019 17:47
199733,Lightning Charging Cable,1,5/27/2019 23:48
199734,AA Batteries (4-pack),1,5/3/2019 19:44
199735,27in FHD Monitor,1,5/28/2019 13:24
199736,Macbook Pro Laptop,1,5/12/2019 10:43
199737,Bose SoundSport Headphones,1,5/13/2019 20:30
199738,20in Monitor,1,5/21/2019 20:52
199738,Flatscreen TV,1,5/21/2019 20:52
199739,Lightning Charging Cable,1,5/24/2019 15:37
199740,Lightning Charging Cable,1,5/30/2019 18:05
199741,Wired Headphones,1,5/18/2019 9:42
199742,AAA Batteries (4-pack),4,5/9/2019 21:34
199743,Apple Airpods Headphones,1,5/21/2019 14:58
199744,USB-C Charging Cable,1,5/11/2019 14:43
199745,Wired Headphones,1,5/27/2019 10:54
199746,iPhone,1,5/29/2019 3:19
199746,Wired Headphones,1,5/29/2019 3:19
199747,AAA Batteries (4-pack),1,5/2/2019 13:13
199748,AA Batteries (4-pack),1,5/11/2019 8:30
199748,20in Monitor,1,5/11/2019 8:30
199749,AA Batteries (4-pack),1,5/7/2019 18:45
199750,AA Batteries (4-pack),1,5/11/2019 8:30
199751,AAA Batteries (4-pack),2,5/5/2019 19:04
199752,ThinkPad Laptop,1,5/20/2019 22:28
199753,AAA Batteries (4-pack),5,5/20/2019 21:00
199754,Lightning Charging Cable,1,5/28/2019 10:24
199755,USB-C Charging Cable,1,5/15/2019 21:41
199756,Wired Headphones,1,5/10/2019 12:04
199757,AA Batteries (4-pack),1,5/8/2019 18:56
199758,Apple Airpods Headphones,1,5/19/2019 18:17
199759,Bose SoundSport Headphones,1,5/6/2019 12:42
199760,Lightning Charging Cable,1,5/15/2019 15:51
199761,Apple Airpods Headphones,1,5/19/2019 7:02
199762,Lightning Charging Cable,1,5/21/2019 10:01
199763,AA Batteries (4-pack),2,5/16/2019 12:53
199764,Lightning Charging Cable,1,5/20/2019 10:20
199765,Apple Airpods Headphones,1,5/31/2019 11:20
199766,iPhone,1,5/14/2019 10:43
199767,Wired Headphones,1,5/28/2019 1:06
199767,27in FHD Monitor,1,5/28/2019 1:06
199768,27in FHD Monitor,1,5/6/2019 19:26
199769,27in 4K Gaming Monitor,1,5/28/2019 12:04
199770,Lightning Charging Cable,1,5/17/2019 21:01
199771,27in FHD Monitor,1,5/30/2019 17:58
199772,Lightning Charging Cable,1,5/7/2019 16:53
199773,Apple Airpods Headphones,1,5/29/2019 15:23
199774,Macbook Pro Laptop,1,5/26/2019 20:50
199775,Wired Headphones,1,5/30/2019 17:54
199776,20in Monitor,1,5/12/2019 19:18
199777,Lightning Charging Cable,1,5/31/2019 0:34
199778,Apple Airpods Headphones,1,5/23/2019 16:55
199779,ThinkPad Laptop,1,5/1/2019 22:38
199780,Lightning Charging Cable,1,5/8/2019 15:52
199781,AAA Batteries (4-pack),2,5/9/2019 13:47
199781,Apple Airpods Headphones,1,5/9/2019 13:47
199782,Bose SoundSport Headphones,1,5/7/2019 8:39
199783,USB-C Charging Cable,1,5/3/2019 9:30
199784,Google Phone,1,5/1/2019 18:32
199785,USB-C Charging Cable,1,5/6/2019 14:59
199786,AAA Batteries (4-pack),1,5/1/2019 10:17
199787,Lightning Charging Cable,1,5/18/2019 7:15
199788,AA Batteries (4-pack),2,5/26/2019 12:30
199789,20in Monitor,1,5/1/2019 10:15
199790,USB-C Charging Cable,1,5/14/2019 11:14
199791,Apple Airpods Headphones,1,5/12/2019 17:17
199792,AA Batteries (4-pack),1,5/23/2019 17:49
199793,USB-C Charging Cable,1,5/6/2019 17:26
199794,34in Ultrawide Monitor,1,5/3/2019 0:31
Order ID,Product,Quantity Ordered,Order Date
199795,iPhone,1,5/8/2019 20:41
199796,AAA Batteries (4-pack),1,5/31/2019 10:35
199797,Lightning Charging Cable,1,5/23/2019 23:37
199798,iPhone,1,5/28/2019 21:42
199799,Wired Headphones,1,5/2/2019 23:06
199800,AAA Batteries (4-pack),2,5/4/2019 20:53
199801,Bose SoundSport Headphones,1,5/14/2019 10:43
199802,AA Batteries (4-pack),1,5/24/2019 10:13
199803,AA Batteries (4-pack),1,5/6/2019 22:51
199804,Lightning Charging Cable,1,5/30/2019 20:45
199805,Bose SoundSport Headphones,1,5/11/2019 10:04
199806,AA Batteries (4-pack),1,5/5/2019 12:09
199807,AAA Batteries (4-pack),1,5/26/2019 13:00
199808,AAA Batteries (4-pack),5,5/8/2019 9:51
199809,Lightning Charging Cable,1,5/12/2019 22:36
199810,27in 4K Gaming Monitor,1,5/17/2019 10:56
199811,27in 4K Gaming Monitor,1,5/29/2019 19:10
199812,AAA Batteries (4-pack),1,5/8/2019 15:51
199813,iPhone,1,5/29/2019 17:27
199814,Macbook Pro Laptop,1,5/2/2019 20:25
199815,27in FHD Monitor,1,5/15/2019 9:45
199816,AA Batteries (4-pack),1,5/7/2019 12:24
199817,Apple Airpods Headphones,1,5/30/2019 21:23
199818,Apple Airpods Headphones,1,5/9/2019 23:26
199819,Macbook Pro Laptop,1,5/4/2019 12:54
199820,Macbook Pro Laptop,1,5/3/2019 20:44
199821,34in Ultrawide Monitor,1,5/18/2019 14:10
199822,USB-C Charging Cable,1,5/21/2019 14:51
199823,AA Batteries (4-pack),2,5/21/2019 7:49
199824,ThinkPad Laptop,1,5/3/2019 7:45
199825,34in Ultrawide Monitor,1,5/23/2019 22:21
199826,Lightning Charging Cable,1,5/13/2019 19:19
199827,Wired Headphones,1,5/19/2019 8:51
199828,Wired Headphones,2,5/17/2019 19:29
199829,AA Batteries (4-pack),2,5/15/2019 2:33
199830,ThinkPad Laptop,1,5/2/2019 22:23
199831,34in Ultrawide Monitor,1,5/5/2019 15:58
199832,USB-C Charging Cable,1,5/9/2019 0:28
199833,27in 4K Gaming Monitor,1,5/31/2019 12:24
199834,AAA Batteries (4-pack),5,5/7/2019 11:34
199835,Wired Headphones,1,5/13/2019 16:25
199836,Bose SoundSport Headphones,1,5/26/2019 10:57
199837,Lightning Charging Cable,1,5/8/2019 13:17
199838,USB-C Charging Cable,2,5/19/2019 16:06
199839,USB-C Charging Cable,1,5/22/2019 19:01
199840,AAA Batteries (4-pack),2,5/10/2019 14:11
199841,Wired Headphones,1,5/23/2019 18:07
199842,34in Ultrawide Monitor,1,5/13/2019 11:55
199843,Lightning Charging Cable,1,5/9/2019 11:38
199844,20in Monitor,1,5/9/2019 12:32
199845,AA Batteries (4-pack),1,5/27/2019 14:11
199846,AAA Batteries (4-pack),2,5/11/2019 19:17
199847,AA Batteries (4-pack),1,5/8/2019 21:20
199848,AA Batteries (4-pack),2,5/15/2019 13:21
199849,Vareebadd Phone,1,5/7/2019 13:57
199849,USB-C Charging Cable,1,5/7/2019 13:57
199850,ThinkPad Laptop,1,5/25/2019 21:56
199851,27in 4K Gaming Monitor,1,5/28/2019 21:39
199852,AAA Batteries (4-pack),1,5/3/2019 21:07
199853,Bose SoundSport Headphones,1,5/27/2019 11:14
199854,Apple Airpods Headphones,1,5/26/2019 19:24
199855,Bose SoundSport Headphones,1,5/23/2019 10:39
199856,Apple Airpods Headphones,1,5/10/2019 18:58
199857,Lightning Charging Cable,1,5/1/2019 11:08
199858,34in Ultrawide Monitor,1,5/4/2019 13:13
199859,USB-C Charging Cable,2,5/3/2019 8:43
199860,27in FHD Monitor,1,5/17/2019 10:12
199861,Lightning Charging Cable,1,5/5/2019 20:46
199862,27in FHD Monitor,1,5/25/2019 20:40
199863,Lightning Charging Cable,1,5/10/2019 10:35
199864,iPhone,1,5/3/2019 11:35
199865,AAA Batteries (4-pack),1,5/13/2019 21:03
199866,Apple Airpods Headphones,1,5/2/2019 22:42
199867,AAA Batteries (4-pack),2,5/25/2019 21:49
199868,34in Ultrawide Monitor,1,5/12/2019 23:18
199869,Apple Airpods Headphones,1,5/1/2019 21:19
199870,Wired Headphones,1,5/9/2019 9:37
199871,LG Washing Machine,1,5/10/2019 15:11
199872,Wired Headphones,1,5/7/2019 22:26
199873,iPhone,1,5/20/2019 13:18
199874,AA Batteries (4-pack),1,5/28/2019 20:02
199875,Lightning Charging Cable,1,5/19/2019 12:13
199876,Lightning Charging Cable,1,5/18/2019 18:16
199877,20in Monitor,1,5/8/2019 20:45
199878,Google Phone,1,5/10/2019 23:42
199878,Wired Headphones,1,5/10/2019 23:42
199879,AAA Batteries (4-pack),1,5/20/2019 10:38
199880,Lightning Charging Cable,1,5/25/2019 11:25
199881,ThinkPad Laptop,1,5/24/2019 19:10
199882,20in Monitor,1,5/25/2019 9:07
199883,AA Batteries (4-pack),1,5/24/2019 8:57
199884,AA Batteries (4-pack),1,5/23/2019 18:29
199885,27in 4K Gaming Monitor,1,5/2/2019 11:04
199886,Lightning Charging Cable,1,5/2/2019 18:42
199887,AA Batteries (4-pack),1,5/17/2019 8:53
199888,Lightning Charging Cable,1,5/9/2019 8:35
199889,34in Ultrawide Monitor,1,5/15/2019 7:53
199890,USB-C Charging Cable,1,5/31/2019 18:28
199891,34in Ultrawide Monitor,1,5/30/2019 17:39
199892,LG Dryer,1,5/28/2019 17:33
199893,AAA Batteries (4-pack),1,5/23/2019 14:50
199894,Wired Headphones,1,5/5/2019 23:08
199895,iPhone,1,5/29/2019 16:16
199896,Bose SoundSport Headphones,1,5/15/2019 16:09
199897,Wired Headphones,1,5/13/2019 20:32
199898,ThinkPad Laptop,1,5/8/2019 16:05
199899,Bose SoundSport Headphones,1,5/3/2019 16:11
199899,Flatscreen TV,1,5/3/2019 16:11
199900,27in 4K Gaming Monitor,1,5/2/2019 8:25
199901,Google Phone,1,5/30/2019 0:01
199902,AA Batteries (4-pack),1,5/13/2019 14:56
199903,Google Phone,1,5/22/2019 16:49
199904,AA Batteries (4-pack),1,5/8/2019 12:07
199905,20in Monitor,1,5/9/2019 7:12
199906,AA Batteries (4-pack),2,5/16/2019 20:57
199907,Bose SoundSport Headphones,1,5/20/2019 17:44
199908,Wired Headphones,1,5/30/2019 17:33
199909,AAA Batteries (4-pack),1,5/9/2019 10:59
199910,Wired Headphones,1,5/14/2019 7:45
199911,Google Phone,1,5/29/2019 19:28
199912,Wired Headphones,1,5/9/2019 20:57
199913,AA Batteries (4-pack),1,5/12/2019 15:37
199914,Lightning Charging Cable,1,5/30/2019 17:39
199915,AAA Batteries (4-pack),1,5/21/2019 14:34
199916,Bose SoundSport Headphones,1,5/20/2019 12:34
199917,34in Ultrawide Monitor,1,5/10/2019 16:01
199918,AAA Batteries (4-pack),1,5/30/2019 11:18
199919,USB-C Charging Cable,1,5/27/2019 19:29
199920,Wired Headphones,1,5/12/2019 22:34
199921,Lightning Charging Cable,1,5/3/2019 8:46
199922,AA Batteries (4-pack),1,5/31/2019 10:06
199923,AAA Batteries (4-pack),1,5/18/2019 10:44
199924,iPhone,1,5/25/2019 13:41
199924,Apple Airpods Headphones,1,5/25/2019 13:41
199925,Bose SoundSport Headphones,1,5/19/2019 13:59
199926,27in FHD Monitor,1,5/8/2019 21:07
199927,USB-C Charging Cable,1,5/18/2019 9:45
199928,Wired Headphones,1,5/17/2019 13:30
199929,Google Phone,1,5/2/2019 15:34
199930,Macbook Pro Laptop,1,5/16/2019 6:30
199931,USB-C Charging Cable,1,5/2/2019 12:36
199932,AAA Batteries (4-pack),1,5/31/2019 17:24
199933,AA Batteries (4-pack),1,5/10/2019 16:47
199934,AAA Batteries (4-pack),1,5/9/2019 23:01
199935,Lightning Charging Cable,1,5/5/2019 18:21
199936,AAA Batteries (4-pack),4,5/9/2019 8:51
199937,USB-C Charging Cable,1,5/13/2019 17:00
199938,Apple Airpods Headphones,1,5/4/2019 19:28
199939,20in Monitor,1,5/15/2019 10:36
199940,Lightning Charging Cable,1,5/21/2019 18:24
199941,AAA Batteries (4-pack),5,5/28/2019 23:08
199942,Lightning Charging Cable,1,5/27/2019 14:08
199943,Apple Airpods Headphones,1,5/3/2019 17:06
199944,Google Phone,1,5/19/2019 15:58
,,,
199945,iPhone,1,5/11/2019 7:47
199946,20in Monitor,1,5/16/2019 10:03
199947,USB-C Charging Cable,2,5/24/2019 18:52
199948,AAA Batteries (4-pack),1,5/9/2019 16:02
199948,AAA Batteries (4-pack),1,5/9/2019 16:02
199949,Apple Airpods Headphones,1,5/7/2019 13:40
199950,Bose SoundSport Headphones,1,5/8/2019 18:46
199951,iPhone,1,5/23/2019 18:44
199951,Wired Headphones,1,5/23/2019 18:44
199952,27in FHD Monitor,1,5/23/2019 9:12
199953,Lightning Charging Cable,1,5/5/2019 10:50
199954,Wired Headphones,1,5/1/2019 6:51
199955,27in 4K Gaming Monitor,1,5/3/2019 16:33
199956,iPhone,1,5/18/2019 18:09
199957,20in Monitor,1,5/5/2019 14:08
199958,Bose SoundSport Headphones,1,5/19/2019 20:16
199959,ThinkPad Laptop,1,5/17/2019 10:19
199960,USB-C Charging Cable,1,5/29/2019 9:38
199961,USB-C Charging Cable,2,5/15/2019 0:38
199962,27in FHD Monitor,1,5/16/2019 10:28
199963,27in FHD Monitor,1,5/5/2019 14:18
199964,27in 4K Gaming Monitor,1,5/10/2019 12:17
199965,Macbook Pro Laptop,1,5/29/2019 17:14
199966,34in Ultrawide Monitor,1,5/1/2019 13:32
199967,AA Batteries (4-pack),3,5/24/2019 12:05
199968,Flatscreen TV,1,5/21/2019 17:58
199969,Lightning Charging Cable,1,5/1/2019 16:46
199970,USB-C Charging Cable,1,5/17/2019 18:10
199971,Apple Airpods Headphones,1,5/10/2019 23:15
199972,Flatscreen TV,1,5/21/2019 22:17
199973,Apple Airpods Headphones,1,5/20/2019 14:09
199974,Wired Headphones,1,5/29/2019 17:27
199975,Wired Headphones,1,5/15/2019 5:43
199976,LG Dryer,1,5/7/2019 22:58
199977,Macbook Pro Laptop,1,5/5/2019 20:34
199978,27in FHD Monitor,1,5/20/2019 18:54
199979,Wired Headphones,1,5/13/2019 14:39
199980,USB-C Charging Cable,1,5/1/2019 23:53
199981,iPhone,1,5/8/2019 11:46
199982,Google Phone,1,5/8/2019 19:46
199982,USB-C Charging Cable,1,5/8/2019 19:46
199983,Wired Headphones,1,5/16/2019 11:01
199984,Lightning Charging Cable,1,5/29/2019 19:49
199985,iPhone,1,5/17/2019 12:30
199986,Apple Airpods Headphones,1,5/17/2019 20:31
199987,Lightning Charging Cable,1,5/7/2019 2:40
199988,Wired Headphones,1,5/22/2019 16:56
199989,Lightning Charging Cable,1,5/12/2019 2:34
199990,AAA Batteries (4-pack),2,5/24/2019 8:56
199991,Lightning Charging Cable,1,5/1/2019 12:24
199992,Wired Headphones,1,5/1/2019 12:52
199993,USB-C Charging Cable,1,5/13/2019 12:57
199994,Google Phone,1,5/5/2019 12:27
199994,USB-C Charging Cable,1,5/5/2019 12:27
199995,USB-C Charging Cable,1,5/15/2019 11:22
199996,Google Phone,1,5/26/2019 15:16
199997,Google Phone,1,5/10/2019 17:18
199998,AA Batteries (4-pack),1,5/6/2019 15:40
199999,AA Batteries (4-pack),2,5/8/2019 17:47
200000,USB-C Charging Cable,1,5/31/2019 21:24
200001,34in Ultrawide Monitor,1,5/17/2019 12:50
200002,Vareebadd Phone,1,5/25/2019 19:58
200003,Bose SoundSport Headphones,1,5/17/2019 20:14
200004,iPhone,1,5/2/2019 18:04
200005,USB-C Charging Cable,1,5/29/2019 20:39
200006,AA Batteries (4-pack),1,5/10/2019 23:23
200007,AAA Batteries (4-pack),1,5/22/2019 2:17
200008,Lightning Charging Cable,1,5/23/2019 19:53
200009,Macbook Pro Laptop,1,5/15/2019 1:34
200010,Wired Headphones,1,5/15/2019 17:31
200011,Lightning Charging Cable,1,5/18/2019 21:02
200012,Wired Headphones,1,5/27/2019 12:56
200013,AA Batteries (4-pack),1,5/15/2019 11:05
200014,USB-C Charging Cable,1,5/4/2019 18:25
200015,USB-C Charging Cable,1,5/1/2019 15:19
200016,27in FHD Monitor,1,5/17/2019 19:35
200017,AA Batteries (4-pack),1,5/23/2019 15:15
200018,AA Batteries (4-pack),1,5/3/2019 22:34
200019,27in FHD Monitor,1,5/16/2019 16:17
200020,Lightning Charging Cable,1,5/16/2019 9:12
200021,Macbook Pro Laptop,1,5/24/2019 20:54
200022,AAA Batteries (4-pack),2,5/22/2019 22:44
200023,USB-C Charging Cable,1,5/7/2019 12:19
200024,Wired Headphones,1,5/23/2019 18:46
200025,Apple Airpods Headphones,1,5/19/2019 15:24
200026,Bose SoundSport Headphones,1,5/11/2019 13:28
200027,AA Batteries (4-pack),1,5/28/2019 12:02
200028,USB-C Charging Cable,1,5/31/2019 13:18
200029,Lightning Charging Cable,1,5/11/2019 10:10
200030,27in 4K Gaming Monitor,1,5/9/2019 16:08
200031,Apple Airpods Headphones,1,5/4/2019 15:57
200032,Lightning Charging Cable,1,5/16/2019 11:19
200033,iPhone,1,5/11/2019 23:03
200034,AA Batteries (4-pack),1,5/15/2019 14:33
200035,AA Batteries (4-pack),4,5/26/2019 14:50
200036,AAA Batteries (4-pack),2,5/11/2019 15:13
200037,20in Monitor,1,5/1/2019 21:47
200038,AA Batteries (4-pack),1,5/12/2019 21:18
200039,Flatscreen TV,1,5/24/2019 11:33
200040,Apple Airpods Headphones,1,5/4/2019 22:24
200041,USB-C Charging Cable,1,5/28/2019 23:19
200042,ThinkPad Laptop,1,5/25/2019 13:04
200043,USB-C Charging Cable,1,5/29/2019 14:07
200044,Lightning Charging Cable,2,5/18/2019 15:29
200045,Wired Headphones,1,5/12/2019 18:59
200046,27in FHD Monitor,1,5/16/2019 14:49
200047,iPhone,1,5/22/2019 18:00
200048,AA Batteries (4-pack),2,5/26/2019 21:50
200049,AAA Batteries (4-pack),1,5/25/2019 17:35
200050,27in FHD Monitor,1,5/29/2019 15:05
200051,Wired Headphones,1,5/15/2019 11:31
200052,Lightning Charging Cable,1,5/2/2019 8:52
200053,Apple Airpods Headphones,1,5/16/2019 23:10
200054,Flatscreen TV,1,5/2/2019 14:24
200055,AA Batteries (4-pack),1,5/19/2019 16:14
200056,USB-C Charging Cable,1,5/22/2019 15:50
200057,Apple Airpods Headphones,1,5/23/2019 21:42
200058,Bose SoundSport Headphones,1,5/2/2019 18:26
200059,Macbook Pro Laptop,1,5/19/2019 9:53
200060,USB-C Charging Cable,1,5/7/2019 11:14
200061,Wired Headphones,1,5/3/2019 15:06
200062,27in 4K Gaming Monitor,1,5/9/2019 10:05
200063,Bose SoundSport Headphones,1,5/11/2019 9:36
200064,AA Batteries (4-pack),1,5/27/2019 21:44
200065,Lightning Charging Cable,1,5/21/2019 19:43
200066,Wired Headphones,2,5/4/2019 16:10
200067,Wired Headphones,1,5/7/2019 1:09
200068,Lightning Charging Cable,1,5/8/2019 18:05
200069,USB-C Charging Cable,1,5/12/2019 14:53
200070,Lightning Charging Cable,1,5/14/2019 10:39
200071,AA Batteries (4-pack),1,5/21/2019 16:10
200071,AAA Batteries (4-pack),2,5/21/2019 16:10
200072,AA Batteries (4-pack),1,5/20/2019 12:01
200073,LG Washing Machine,1,5/3/2019 19:03
200074,Bose SoundSport Headphones,1,5/17/2019 15:29
200075,USB-C Charging Cable,2,5/24/2019 13:34
200076,20in Monitor,1,5/31/2019 15:03
200077,USB-C Charging Cable,1,5/2/2019 23:16
200078,USB-C Charging Cable,1,5/14/2019 18:21
200079,Bose SoundSport Headphones,1,5/11/2019 10:57
200079,AA Batteries (4-pack),1,5/11/2019 10:57
200080,Lightning Charging Cable,1,5/23/2019 19:53
200081,Lightning Charging Cable,1,5/31/2019 19:47
200082,Lightning Charging Cable,1,5/5/2019 15:59
200083,27in FHD Monitor,1,5/5/2019 14:56
200084,Apple Airpods Headphones,1,5/27/2019 16:07
200085,USB-C Charging Cable,1,5/25/2019 22:34
200086,Lightning Charging Cable,1,5/5/2019 13:33
200087,AAA Batteries (4-pack),1,5/23/2019 20:34
200088,iPhone,1,5/16/2019 16:14
200089,Wired Headphones,1,5/9/2019 9:38
200090,Wired Headphones,1,5/18/2019 7:28
200091,AAA Batteries (4-pack),1,5/5/2019 18:52
200092,Apple Airpods Headphones,1,5/31/2019 18:58
200093,Lightning Charging Cable,1,5/24/2019 9:52
200094,Lightning Charging Cable,1,5/2/2019 19:44
200095,Bose SoundSport Headphones,1,5/16/2019 16:40
200096,AA Batteries (4-pack),1,5/5/2019 22:13
200097,Bose SoundSport Headphones,1,5/18/2019 14:10
200098,Lightning Charging Cable,1,5/2/2019 8:43
200099,AA Batteries (4-pack),1,5/8/2019 16:51
200100,Lightning Charging Cable,1,5/15/2019 10:34
200101,AA Batteries (4-pack),1,5/22/2019 8:07
200102,27in 4K Gaming Monitor,1,5/6/2019 13:12
200103,Google Phone,1,5/22/2019 21:34
200103,Wired Headphones,1,5/22/2019 21:34
200104,Lightning Charging Cable,1,5/21/2019 9:48
200105,Wired Headphones,1,5/28/2019 0:32
200106,Apple Airpods Headphones,1,5/7/2019 22:39
200107,Lightning Charging Cable,1,5/2/2019 13:48
200108,Wired Headphones,1,5/30/2019 11:20
200109,Lightning Charging Cable,2,5/8/2019 12:51
200110,Vareebadd Phone,1,5/15/2019 18:34
200111,Apple Airpods Headphones,1,5/29/2019 19:48
200112,34in Ultrawide Monitor,1,5/10/2019 12:31
200113,AA Batteries (4-pack),1,5/21/2019 20:30
200114,AAA Batteries (4-pack),1,5/2/2019 1:08
200115,Wired Headphones,1,5/31/2019 23:41
200116,USB-C Charging Cable,1,5/2/2019 23:59
200117,Wired Headphones,2,5/16/2019 20:40
200118,Lightning Charging Cable,1,5/28/2019 16:37
200119,USB-C Charging Cable,1,5/1/2019 16:50
200120,Bose SoundSport Headphones,1,5/6/2019 10:02
200121,AA Batteries (4-pack),1,5/7/2019 0:25
200122,LG Dryer,1,5/7/2019 18:16
200123,Flatscreen TV,1,5/8/2019 12:48
200124,Lightning Charging Cable,1,5/26/2019 16:30
200125,AA Batteries (4-pack),1,5/6/2019 16:58
200126,Flatscreen TV,1,5/27/2019 8:34
200127,AA Batteries (4-pack),1,5/7/2019 10:53
200128,Lightning Charging Cable,2,5/27/2019 12:28
200129,USB-C Charging Cable,1,5/20/2019 18:17
200130,Lightning Charging Cable,1,5/16/2019 14:14
200131,AA Batteries (4-pack),1,5/7/2019 18:23
200132,20in Monitor,1,5/2/2019 12:28
200133,AA Batteries (4-pack),1,5/22/2019 9:05
200134,AAA Batteries (4-pack),2,5/13/2019 18:24
200135,34in Ultrawide Monitor,1,5/29/2019 16:05
200136,Wired Headphones,1,5/7/2019 9:33
200137,USB-C Charging Cable,1,5/23/2019 18:51
,,,
200138,AAA Batteries (4-pack),2,5/1/2019 12:46
200139,20in Monitor,1,5/8/2019 22:48
200140,AAA Batteries (4-pack),1,5/14/2019 11:08
200141,Vareebadd Phone,1,5/27/2019 16:47
200142,AAA Batteries (4-pack),3,5/4/2019 11:24
200143,Wired Headphones,1,5/6/2019 23:16
200144,20in Monitor,1,5/6/2019 16:05
200144,USB-C Charging Cable,1,5/6/2019 16:05
200145,Flatscreen TV,1,5/17/2019 14:59
200146,AAA Batteries (4-pack),2,5/12/2019 23:10
200147,AA Batteries (4-pack),1,5/15/2019 19:18
200148,USB-C Charging Cable,1,5/22/2019 5:37
200149,Wired Headphones,1,5/5/2019 10:57
200150,Bose SoundSport Headphones,1,5/28/2019 12:35
200151,Wired Headphones,1,5/2/2019 16:18
200152,27in 4K Gaming Monitor,1,5/5/2019 6:24
200153,AAA Batteries (4-pack),4,5/24/2019 12:41
200154,Lightning Charging Cable,1,5/6/2019 22:57
200155,Macbook Pro Laptop,1,5/14/2019 14:33
200156,USB-C Charging Cable,1,5/16/2019 13:04
200157,27in FHD Monitor,1,5/18/2019 11:09
200158,iPhone,1,5/17/2019 18:57
200159,27in 4K Gaming Monitor,1,5/7/2019 12:54
200160,20in Monitor,1,5/23/2019 16:53
200161,USB-C Charging Cable,1,5/29/2019 21:24
200162,AA Batteries (4-pack),1,5/22/2019 21:08
200163,Lightning Charging Cable,1,5/13/2019 18:17
200164,AAA Batteries (4-pack),3,5/22/2019 14:31
200165,ThinkPad Laptop,1,5/7/2019 22:36
200166,Macbook Pro Laptop,1,5/3/2019 15:39
200167,Flatscreen TV,1,5/3/2019 13:03
200168,27in 4K Gaming Monitor,1,5/28/2019 9:20
200169,Wired Headphones,1,5/2/2019 20:18
200170,Flatscreen TV,1,5/8/2019 22:55
200171,Apple Airpods Headphones,1,5/10/2019 18:11
200172,USB-C Charging Cable,1,5/9/2019 9:51
200172,27in FHD Monitor,1,5/9/2019 9:51
200173,27in FHD Monitor,1,5/26/2019 17:52
200174,AAA Batteries (4-pack),2,5/2/2019 6:39
200175,Google Phone,1,5/11/2019 7:36
200176,Wired Headphones,1,5/5/2019 14:04
200177,AA Batteries (4-pack),1,5/2/2019 12:32
200178,Google Phone,1,5/25/2019 11:35
200179,USB-C Charging Cable,1,5/16/2019 16:47
200180,Wired Headphones,1,5/23/2019 11:25
200181,20in Monitor,1,5/2/2019 13:09
200182,Apple Airpods Headphones,1,5/4/2019 13:26
200183,34in Ultrawide Monitor,1,5/16/2019 15:07
200184,Apple Airpods Headphones,1,5/25/2019 14:10
200185,Apple Airpods Headphones,1,5/28/2019 10:05
200186,Lightning Charging Cable,1,5/19/2019 18:02
200187,USB-C Charging Cable,1,5/28/2019 16:38
200188,AAA Batteries (4-pack),1,5/8/2019 9:02
200189,Lightning Charging Cable,1,5/18/2019 15:00
200190,Lightning Charging Cable,1,5/4/2019 19:53
200191,Apple Airpods Headphones,1,5/23/2019 11:14
200192,Lightning Charging Cable,2,5/1/2019 12:03
200193,Vareebadd Phone,1,5/30/2019 19:35
,,,
200194,Bose SoundSport Headphones,1,5/14/2019 15:58
200195,Google Phone,1,5/28/2019 12:12
200196,Lightning Charging Cable,1,5/12/2019 17:05
200197,Lightning Charging Cable,1,5/7/2019 8:45
200198,Lightning Charging Cable,1,5/13/2019 9:41
200199,Apple Airpods Headphones,1,5/6/2019 12:42
200200,AA Batteries (4-pack),1,5/21/2019 16:41
200201,Lightning Charging Cable,1,5/29/2019 14:13
200202,Macbook Pro Laptop,1,5/19/2019 23:19
200203,Bose SoundSport Headphones,1,5/12/2019 13:57
200204,AAA Batteries (4-pack),1,5/10/2019 16:36
200205,Bose SoundSport Headphones,1,5/17/2019 11:15
200206,AA Batteries (4-pack),1,5/19/2019 9:47
200207,USB-C Charging Cable,1,5/30/2019 18:42
200208,AA Batteries (4-pack),1,5/4/2019 21:30
200209,Apple Airpods Headphones,1,5/30/2019 23:00
200210,Lightning Charging Cable,1,5/14/2019 22:35
200211,ThinkPad Laptop,1,5/2/2019 21:41
200212,AAA Batteries (4-pack),1,5/11/2019 11:33
200213,USB-C Charging Cable,1,5/11/2019 12:16
200214,20in Monitor,1,5/26/2019 18:00
200215,ThinkPad Laptop,1,5/7/2019 12:28
200216,AA Batteries (4-pack),2,5/20/2019 18:47
200217,Apple Airpods Headphones,1,5/25/2019 11:39
200218,Macbook Pro Laptop,1,5/17/2019 17:16
200219,27in 4K Gaming Monitor,1,5/26/2019 13:29
200220,Bose SoundSport Headphones,1,5/14/2019 11:47
200221,AAA Batteries (4-pack),1,5/18/2019 10:54
200222,Lightning Charging Cable,1,5/30/2019 16:55
200223,Apple Airpods Headphones,1,5/2/2019 23:03
200224,ThinkPad Laptop,1,5/5/2019 22:36
200225,iPhone,1,5/30/2019 11:07
200225,Lightning Charging Cable,1,5/30/2019 11:07
200226,Flatscreen TV,1,5/27/2019 8:00
200227,AA Batteries (4-pack),1,5/8/2019 19:50
200228,Flatscreen TV,1,5/13/2019 19:57
200229,Wired Headphones,1,5/21/2019 5:28
200230,20in Monitor,1,5/20/2019 12:44
200231,AAA Batteries (4-pack),1,5/19/2019 12:16
200232,Wired Headphones,1,5/4/2019 12:03
200233,Vareebadd Phone,1,5/16/2019 23:07
200234,Bose SoundSport Headphones,1,5/14/2019 2:08
200235,USB-C Charging Cable,1,5/30/2019 13:44
200236,iPhone,1,5/18/2019 21:28
200236,Lightning Charging Cable,1,5/18/2019 21:28
200237,Lightning Charging Cable,1,5/22/2019 15:44
200238,AA Batteries (4-pack),1,5/1/2019 16:08
200239,AAA Batteries (4-pack),2,5/4/2019 15:35
200240,Google Phone,1,5/26/2019 1:48
200240,USB-C Charging Cable,1,5/26/2019 1:48
200241,iPhone,1,5/21/2019 17:37
200241,Lightning Charging Cable,1,5/21/2019 17:37
200241,Wired Headphones,1,5/21/2019 17:37
200242,34in Ultrawide Monitor,1,5/30/2019 21:20
200243,Apple Airpods Headphones,1,5/4/2019 18:17
200244,Bose SoundSport Headphones,1,5/7/2019 22:42
200245,Apple Airpods Headphones,1,5/13/2019 17:02
200246,Lightning Charging Cable,1,5/26/2019 16:51
200247,USB-C Charging Cable,2,5/2/2019 11:10
200248,Apple Airpods Headphones,1,5/14/2019 17:22
200249,Wired Headphones,2,5/22/2019 9:45
200250,AAA Batteries (4-pack),1,5/18/2019 17:54
200251,AAA Batteries (4-pack),1,5/10/2019 23:05
200252,Bose SoundSport Headphones,1,5/14/2019 14:27
200253,Apple Airpods Headphones,1,5/10/2019 17:57
200254,Apple Airpods Headphones,1,5/21/2019 10:32
200255,Apple Airpods Headphones,1,5/1/2019 14:26
200256,AAA Batteries (4-pack),1,5/9/2019 20:15
200257,USB-C Charging Cable,1,5/11/2019 18:22
200258,Bose SoundSport Headphones,1,5/21/2019 9:52
200259,USB-C Charging Cable,1,5/14/2019 10:47
200260,Wired Headphones,1,5/18/2019 19:52
200261,AAA Batteries (4-pack),1,5/8/2019 16:34
200262,USB-C Charging Cable,1,5/17/2019 9:56
200263,USB-C Charging Cable,1,5/24/2019 0:54
200264,27in 4K Gaming Monitor,1,5/14/2019 17:01
200265,Wired Headphones,1,5/20/2019 9:52
200266,AA Batteries (4-pack),2,5/31/2019 10:46
200267,27in 4K Gaming Monitor,1,5/9/2019 20:51
200268,USB-C Charging Cable,1,5/4/2019 9:04
200269,27in 4K Gaming Monitor,1,5/3/2019 23:19
200270,Lightning Charging Cable,1,5/28/2019 15:09
200271,Bose SoundSport Headphones,1,5/28/2019 12:52
200272,20in Monitor,1,5/4/2019 14:22
200273,Wired Headphones,1,5/18/2019 21:53
200274,AAA Batteries (4-pack),2,5/8/2019 12:48
200275,Apple Airpods Headphones,1,5/17/2019 9:37
200276,AAA Batteries (4-pack),1,5/14/2019 17:12
200277,AAA Batteries (4-pack),1,5/19/2019 20:30
200278,Flatscreen TV,1,5/30/2019 10:48
200278,AA Batteries (4-pack),2,5/30/2019 10:48
200279,Lightning Charging Cable,1,5/30/2019 12:45
200280,Apple Airpods Headphones,1,5/26/2019 20:27
200281,27in 4K Gaming Monitor,1,5/8/2019 18:08
200282,AA Batteries (4-pack),4,5/16/2019 8:41
200283,USB-C Charging Cable,1,5/16/2019 16:05
200284,20in Monitor,1,5/16/2019 13:00
200285,Macbook Pro Laptop,1,5/20/2019 17:17
200286,Lightning Charging Cable,1,5/14/2019 23:35
200287,AAA Batteries (4-pack),1,5/6/2019 19:19
200288,Lightning Charging Cable,1,5/31/2019 12:29
200289,Google Phone,1,5/14/2019 11:26
200289,Wired Headphones,1,5/14/2019 11:26
200290,Wired Headphones,2,5/13/2019 0:50
200291,Wired Headphones,2,5/3/2019 23:36
200292,USB-C Charging Cable,1,5/28/2019 17:48
200293,Macbook Pro Laptop,1,5/21/2019 11:06
200294,Apple Airpods Headphones,1,5/21/2019 20:22
200295,34in Ultrawide Monitor,1,5/31/2019 12:48
200296,27in FHD Monitor,1,5/16/2019 12:09
200297,USB-C Charging Cable,1,5/17/2019 18:00
200298,27in FHD Monitor,1,5/3/2019 0:44
200299,Bose SoundSport Headphones,1,5/31/2019 7:44
200300,AA Batteries (4-pack),5,5/12/2019 12:41
200301,27in FHD Monitor,1,5/1/2019 20:47
200301,Lightning Charging Cable,1,5/1/2019 20:47
200302,ThinkPad Laptop,1,5/15/2019 13:05
200303,Bose SoundSport Headphones,1,5/29/2019 6:35
200304,AAA Batteries (4-pack),1,5/29/2019 19:36
200305,Lightning Charging Cable,1,5/3/2019 14:30
200306,iPhone,1,5/15/2019 13:46
200307,AA Batteries (4-pack),1,5/21/2019 21:17
200308,Apple Airpods Headphones,1,5/2/2019 0:28
200309,iPhone,1,5/21/2019 11:19
200310,AAA Batteries (4-pack),3,5/13/2019 10:33
200311,Vareebadd Phone,1,5/1/2019 20:49
200311,USB-C Charging Cable,1,5/1/2019 20:49
200312,Apple Airpods Headphones,1,5/22/2019 8:34
200313,AA Batteries (4-pack),2,5/12/2019 11:00
200314,Apple Airpods Headphones,1,5/14/2019 18:44
200315,Wired Headphones,1,5/24/2019 22:46
200316,Lightning Charging Cable,1,5/13/2019 22:44
200317,Lightning Charging Cable,2,5/6/2019 19:09
200318,Macbook Pro Laptop,1,5/3/2019 14:17
200319,27in FHD Monitor,1,5/23/2019 18:13
200320,Bose SoundSport Headphones,1,5/27/2019 22:29
200321,27in 4K Gaming Monitor,1,5/2/2019 20:55
200322,USB-C Charging Cable,1,5/27/2019 19:42
200323,AA Batteries (4-pack),1,5/12/2019 10:05
200324,20in Monitor,1,5/3/2019 11:18
200325,Apple Airpods Headphones,1,5/15/2019 12:41
200326,Bose SoundSport Headphones,1,5/23/2019 21:27
200327,AAA Batteries (4-pack),1,5/7/2019 16:53
200328,Apple Airpods Headphones,1,5/31/2019 14:52
200329,Lightning Charging Cable,1,5/3/2019 10:00
200330,Macbook Pro Laptop,1,5/10/2019 23:49
200331,USB-C Charging Cable,1,5/13/2019 13:17
200332,Macbook Pro Laptop,1,5/20/2019 10:00
200333,AAA Batteries (4-pack),2,5/23/2019 11:59
200333,34in Ultrawide Monitor,1,5/23/2019 11:59
200334,Wired Headphones,1,5/31/2019 18:26
200335,USB-C Charging Cable,1,5/20/2019 10:22
200336,ThinkPad Laptop,1,5/5/2019 16:36
200337,AA Batteries (4-pack),2,5/31/2019 18:48
200338,Google Phone,1,5/4/2019 23:47
200338,USB-C Charging Cable,1,5/4/2019 23:47
200339,USB-C Charging Cable,1,5/24/2019 18:27
200340,27in FHD Monitor,1,5/19/2019 21:09
200341,Macbook Pro Laptop,1,5/27/2019 12:43
200342,AA Batteries (4-pack),1,5/18/2019 8:34
200343,Wired Headphones,1,5/3/2019 14:09
200344,Lightning Charging Cable,1,5/15/2019 15:27
200345,AAA Batteries (4-pack),1,5/26/2019 18:37
200346,Flatscreen TV,1,5/15/2019 21:05
200347,Bose SoundSport Headphones,1,5/13/2019 17:07
200348,Google Phone,1,5/12/2019 18:35
200349,Lightning Charging Cable,1,5/19/2019 15:42
200350,27in FHD Monitor,1,5/11/2019 16:05
200351,27in FHD Monitor,1,5/25/2019 8:02
200352,Bose SoundSport Headphones,1,5/12/2019 11:03
200353,USB-C Charging Cable,1,5/18/2019 13:10
200354,AAA Batteries (4-pack),1,5/18/2019 16:11
200354,USB-C Charging Cable,1,5/18/2019 16:11
200355,27in FHD Monitor,1,5/23/2019 21:01
200356,Vareebadd Phone,1,5/18/2019 22:51
200356,USB-C Charging Cable,1,5/18/2019 22:51
200357,AAA Batteries (4-pack),1,5/22/2019 10:58
200358,20in Monitor,1,5/9/2019 20:49
200359,Bose SoundSport Headphones,1,5/11/2019 14:16
200360,Lightning Charging Cable,1,5/12/2019 11:28
200361,Bose SoundSport Headphones,1,5/5/2019 20:59
200362,USB-C Charging Cable,1,5/11/2019 19:48
200363,AA Batteries (4-pack),1,5/25/2019 18:13
200364,Wired Headphones,1,5/16/2019 18:24
200365,Bose SoundSport Headphones,1,5/22/2019 10:00
200366,27in FHD Monitor,1,5/23/2019 23:00
200367,AA Batteries (4-pack),2,5/5/2019 22:25
200368,AA Batteries (4-pack),1,5/17/2019 13:33
200369,AAA Batteries (4-pack),1,5/26/2019 18:52
200370,Wired Headphones,1,5/4/2019 23:15
200371,Macbook Pro Laptop,1,5/29/2019 19:37
200372,Apple Airpods Headphones,1,5/3/2019 11:24
200373,Lightning Charging Cable,1,5/10/2019 18:32
200374,34in Ultrawide Monitor,1,5/5/2019 13:00
200375,ThinkPad Laptop,1,5/24/2019 18:36
200376,Flatscreen TV,1,5/28/2019 17:34
200377,Lightning Charging Cable,1,5/25/2019 12:21
200378,AA Batteries (4-pack),1,5/10/2019 13:55
200379,Lightning Charging Cable,1,5/8/2019 23:02
200380,USB-C Charging Cable,1,5/19/2019 15:53
200381,Wired Headphones,1,5/18/2019 11:58
200382,AA Batteries (4-pack),1,5/4/2019 16:04
200383,USB-C Charging Cable,1,5/13/2019 20:50
200384,Wired Headphones,1,5/11/2019 13:40
200385,AAA Batteries (4-pack),2,5/22/2019 16:25
200386,AA Batteries (4-pack),1,5/24/2019 21:49
200387,34in Ultrawide Monitor,1,5/17/2019 11:59
200388,Bose SoundSport Headphones,1,5/30/2019 20:41
200389,Macbook Pro Laptop,1,5/16/2019 18:04
200390,27in FHD Monitor,1,5/12/2019 16:50
200391,27in 4K Gaming Monitor,1,5/17/2019 13:42
200392,Wired Headphones,1,5/8/2019 13:54
200393,Wired Headphones,1,5/23/2019 16:11
200394,Bose SoundSport Headphones,1,5/8/2019 20:59
200395,AA Batteries (4-pack),2,5/31/2019 0:26
200396,Wired Headphones,1,5/4/2019 11:35
200397,AA Batteries (4-pack),1,5/20/2019 11:55
200398,Apple Airpods Headphones,1,5/9/2019 8:52
200399,Macbook Pro Laptop,1,5/28/2019 19:25
200400,ThinkPad Laptop,1,5/27/2019 9:24
200401,Vareebadd Phone,1,5/14/2019 16:55
200402,AAA Batteries (4-pack),3,5/22/2019 20:28
200403,Lightning Charging Cable,1,5/30/2019 6:57
200404,Flatscreen TV,1,5/20/2019 18:26
200405,Lightning Charging Cable,1,5/16/2019 15:20
200406,Bose SoundSport Headphones,1,5/12/2019 21:10
200407,Apple Airpods Headphones,1,5/18/2019 15:04
200408,Wired Headphones,1,5/27/2019 11:33
200409,27in 4K Gaming Monitor,1,5/20/2019 20:42
200410,Flatscreen TV,1,5/1/2019 19:56
200411,LG Dryer,1,5/8/2019 2:36
200412,AAA Batteries (4-pack),3,5/25/2019 18:11
200413,USB-C Charging Cable,1,5/13/2019 7:51
200414,AAA Batteries (4-pack),1,5/5/2019 15:14
200415,USB-C Charging Cable,1,5/18/2019 17:07
200416,iPhone,1,5/16/2019 23:36
200416,Lightning Charging Cable,1,5/16/2019 23:36
200417,Flatscreen TV,1,5/10/2019 9:13
200418,34in Ultrawide Monitor,1,5/20/2019 11:28
200419,USB-C Charging Cable,1,5/24/2019 13:49
200420,Lightning Charging Cable,1,5/22/2019 15:27
200421,Apple Airpods Headphones,1,5/27/2019 15:19
200422,AAA Batteries (4-pack),6,5/21/2019 11:27
200423,AAA Batteries (4-pack),1,5/10/2019 20:36
200424,Wired Headphones,1,5/11/2019 20:33
200425,27in 4K Gaming Monitor,1,5/31/2019 19:02
200426,27in 4K Gaming Monitor,1,5/16/2019 22:34
200427,AA Batteries (4-pack),1,5/21/2019 20:28
200428,USB-C Charging Cable,1,5/13/2019 16:13
200429,Bose SoundSport Headphones,1,5/7/2019 11:03
200430,LG Washing Machine,1,5/3/2019 11:38
200431,20in Monitor,1,5/25/2019 22:12
200432,Lightning Charging Cable,1,5/3/2019 22:50
200433,USB-C Charging Cable,1,5/15/2019 12:43
200434,Wired Headphones,1,5/23/2019 15:24
200435,Wired Headphones,1,5/17/2019 11:23
200436,Lightning Charging Cable,1,5/23/2019 18:56
200437,Bose SoundSport Headphones,1,5/10/2019 20:15
200438,USB-C Charging Cable,1,5/24/2019 4:29
200439,Lightning Charging Cable,1,5/27/2019 19:00
200440,iPhone,1,5/24/2019 17:15
200440,Apple Airpods Headphones,1,5/24/2019 17:15
200441,USB-C Charging Cable,1,5/16/2019 14:33
200442,USB-C Charging Cable,1,5/29/2019 21:09
200443,iPhone,1,5/4/2019 20:48
200444,Wired Headphones,1,5/28/2019 7:39
200445,USB-C Charging Cable,1,5/4/2019 6:20
200446,USB-C Charging Cable,1,5/14/2019 19:17
200447,AA Batteries (4-pack),1,5/17/2019 9:24
200448,USB-C Charging Cable,1,5/20/2019 3:31
200449,AAA Batteries (4-pack),1,5/17/2019 8:06
200450,USB-C Charging Cable,1,5/6/2019 19:30
200451,AAA Batteries (4-pack),1,5/4/2019 13:23
200452,AA Batteries (4-pack),2,5/19/2019 19:33
200453,Wired Headphones,1,5/17/2019 21:26
200454,34in Ultrawide Monitor,1,5/4/2019 22:08
200455,Bose SoundSport Headphones,1,5/22/2019 13:46
200456,Bose SoundSport Headphones,1,5/2/2019 17:18
200457,Apple Airpods Headphones,1,5/9/2019 11:37
200458,Wired Headphones,1,5/19/2019 16:22
200459,Apple Airpods Headphones,1,5/19/2019 16:44
200460,AAA Batteries (4-pack),2,5/4/2019 13:26
200461,Apple Airpods Headphones,1,5/15/2019 23:23
200462,AA Batteries (4-pack),1,5/13/2019 11:29
200463,USB-C Charging Cable,1,5/13/2019 12:42
200464,Google Phone,1,5/3/2019 13:10
200465,Wired Headphones,1,5/25/2019 18:44
200466,USB-C Charging Cable,1,5/14/2019 8:57
200467,Lightning Charging Cable,1,5/6/2019 21:21
200468,Lightning Charging Cable,1,5/11/2019 21:48
200469,Lightning Charging Cable,1,5/16/2019 9:45
200470,USB-C Charging Cable,1,5/29/2019 12:33
200471,USB-C Charging Cable,1,5/4/2019 19:02
200472,iPhone,1,5/10/2019 20:05
200472,Apple Airpods Headphones,1,5/10/2019 20:05
200473,27in 4K Gaming Monitor,1,5/11/2019 10:52
200474,AA Batteries (4-pack),1,5/23/2019 19:08
200475,LG Dryer,1,5/14/2019 23:18
200476,AA Batteries (4-pack),1,5/12/2019 12:31
200477,20in Monitor,1,5/7/2019 22:35
200478,AA Batteries (4-pack),2,5/17/2019 13:28
,,,
200479,Bose SoundSport Headphones,1,5/7/2019 19:22
200480,AAA Batteries (4-pack),2,5/12/2019 11:35
200481,27in 4K Gaming Monitor,1,5/29/2019 15:41
200482,Google Phone,1,5/17/2019 15:38
200483,AAA Batteries (4-pack),3,5/16/2019 15:35
200484,Wired Headphones,1,5/7/2019 20:11
200485,Macbook Pro Laptop,1,5/23/2019 12:59
200486,27in FHD Monitor,1,5/15/2019 11:44
200486,AA Batteries (4-pack),1,5/15/2019 11:44
200487,Wired Headphones,2,5/10/2019 16:40
200488,Apple Airpods Headphones,1,5/13/2019 10:39
200489,Apple Airpods Headphones,1,5/23/2019 19:14
200490,USB-C Charging Cable,1,5/11/2019 15:25
200491,27in FHD Monitor,1,5/28/2019 11:30
200492,iPhone,1,5/23/2019 12:23
200493,iPhone,1,5/8/2019 11:45
200494,Apple Airpods Headphones,1,5/29/2019 15:44
200494,LG Dryer,1,5/29/2019 15:44
200495,ThinkPad Laptop,1,5/27/2019 9:21
200496,20in Monitor,1,5/25/2019 19:47
200497,Lightning Charging Cable,2,5/11/2019 0:16
200498,Lightning Charging Cable,1,5/15/2019 22:21
200499,USB-C Charging Cable,1,5/14/2019 15:18
200500,Flatscreen TV,1,5/8/2019 12:22
200501,Lightning Charging Cable,2,5/24/2019 17:49
200502,Bose SoundSport Headphones,1,5/30/2019 11:12
200503,Apple Airpods Headphones,1,5/15/2019 13:48
200504,AAA Batteries (4-pack),1,5/3/2019 9:39
200505,Wired Headphones,1,5/21/2019 15:46
200506,AAA Batteries (4-pack),1,5/6/2019 10:27
200506,27in FHD Monitor,1,5/6/2019 10:27
200507,USB-C Charging Cable,1,5/10/2019 8:45
200508,Lightning Charging Cable,1,5/30/2019 11:04
200509,Macbook Pro Laptop,1,5/5/2019 12:51
200510,AAA Batteries (4-pack),1,5/15/2019 19:30
200511,Wired Headphones,1,5/6/2019 10:24
200512,Bose SoundSport Headphones,1,5/19/2019 22:27
200513,AA Batteries (4-pack),1,5/18/2019 14:04
200514,34in Ultrawide Monitor,1,5/26/2019 10:54
200515,USB-C Charging Cable,1,5/7/2019 17:21
200516,AAA Batteries (4-pack),1,5/31/2019 20:31
200517,AA Batteries (4-pack),1,5/3/2019 11:31
200518,AAA Batteries (4-pack),2,5/12/2019 19:54
200519,Lightning Charging Cable,1,5/9/2019 13:00
200520,AAA Batteries (4-pack),1,5/21/2019 8:51
200521,Wired Headphones,1,5/18/2019 9:50
200522,Wired Headphones,1,5/28/2019 18:31
200523,20in Monitor,1,5/30/2019 8:44
200524,USB-C Charging Cable,1,5/24/2019 5:25
200525,Lightning Charging Cable,1,5/8/2019 10:28
200526,Lightning Charging Cable,1,5/29/2019 12:28
200527,Macbook Pro Laptop,1,5/12/2019 11:32
200527,USB-C Charging Cable,1,5/12/2019 11:32
200528,Macbook Pro Laptop,2,5/13/2019 13:40
200529,Bose SoundSport Headphones,1,5/17/2019 21:13
200530,Lightning Charging Cable,1,5/8/2019 6:05
200531,AAA Batteries (4-pack),2,5/27/2019 13:20
200531,USB-C Charging Cable,1,5/27/2019 13:20
200532,Google Phone,1,5/17/2019 14:48
200533,Wired Headphones,1,5/2/2019 15:11
200534,USB-C Charging Cable,1,5/9/2019 17:48
200535,AA Batteries (4-pack),1,5/18/2019 22:19
200536,Vareebadd Phone,1,5/24/2019 5:16
200537,USB-C Charging Cable,1,5/10/2019 20:00
200538,Apple Airpods Headphones,1,5/24/2019 23:47
200539,Apple Airpods Headphones,1,5/19/2019 11:20
200540,Apple Airpods Headphones,1,5/13/2019 3:04
200541,USB-C Charging Cable,1,5/4/2019 9:38
200542,AA Batteries (4-pack),1,5/10/2019 8:03
200543,Apple Airpods Headphones,1,5/30/2019 15:13
200544,Apple Airpods Headphones,1,5/9/2019 10:23
200545,USB-C Charging Cable,2,5/25/2019 10:43
200546,Vareebadd Phone,1,5/17/2019 15:26
200546,USB-C Charging Cable,1,5/17/2019 15:26
200547,Google Phone,1,5/28/2019 9:39
200548,Bose SoundSport Headphones,1,5/8/2019 19:26
200549,Bose SoundSport Headphones,1,5/11/2019 14:27
200550,Lightning Charging Cable,1,5/8/2019 13:26
200551,Wired Headphones,1,5/1/2019 20:52
200552,AAA Batteries (4-pack),1,5/3/2019 11:22
200553,Apple Airpods Headphones,1,5/18/2019 11:51
200554,Apple Airpods Headphones,1,5/26/2019 21:12
200555,AAA Batteries (4-pack),1,5/26/2019 19:45
200556,Bose SoundSport Headphones,1,5/19/2019 17:09
200557,Google Phone,1,5/13/2019 12:46
200558,Wired Headphones,1,5/28/2019 13:29
200559,Apple Airpods Headphones,1,5/20/2019 12:32
200560,34in Ultrawide Monitor,1,5/3/2019 18:17
200561,Lightning Charging Cable,1,5/6/2019 18:05
200562,34in Ultrawide Monitor,1,5/31/2019 12:52
200563,Google Phone,1,5/29/2019 8:42
200564,Bose SoundSport Headphones,1,5/1/2019 21:15
200565,AA Batteries (4-pack),1,5/30/2019 18:57
200566,USB-C Charging Cable,1,5/14/2019 20:19
200567,USB-C Charging Cable,1,5/7/2019 13:30
200568,iPhone,1,5/22/2019 18:35
200568,Wired Headphones,1,5/22/2019 18:35
200569,USB-C Charging Cable,1,5/5/2019 15:06
200570,Macbook Pro Laptop,1,5/4/2019 21:58
200571,AAA Batteries (4-pack),3,5/20/2019 21:03
200572,iPhone,1,5/1/2019 12:51
200573,27in FHD Monitor,1,5/20/2019 8:27
200574,AAA Batteries (4-pack),1,5/12/2019 8:29
200575,iPhone,1,5/23/2019 21:32
200575,Lightning Charging Cable,1,5/23/2019 21:32
200576,34in Ultrawide Monitor,1,5/29/2019 14:05
200577,Bose SoundSport Headphones,1,5/8/2019 18:02
200578,AAA Batteries (4-pack),1,5/6/2019 7:52
200579,Flatscreen TV,1,5/20/2019 11:03
200580,iPhone,1,5/6/2019 15:00
200581,Vareebadd Phone,1,5/14/2019 16:48
200582,Bose SoundSport Headphones,1,5/24/2019 16:39
200583,iPhone,1,5/20/2019 14:25
200583,Wired Headphones,1,5/20/2019 14:25
200584,Wired Headphones,1,5/12/2019 16:22
200585,Wired Headphones,1,5/18/2019 16:33
200586,Wired Headphones,2,5/14/2019 17:52
200587,Google Phone,1,5/30/2019 19:05
200588,AA Batteries (4-pack),2,5/9/2019 17:39
200589,AA Batteries (4-pack),1,5/10/2019 11:42
200590,Wired Headphones,1,5/7/2019 19:41
200591,27in FHD Monitor,1,5/4/2019 1:48
200592,27in FHD Monitor,1,5/6/2019 12:55
200593,AA Batteries (4-pack),2,5/3/2019 21:22
200594,iPhone,1,5/14/2019 16:05
200595,USB-C Charging Cable,3,5/28/2019 10:59
200595,Flatscreen TV,1,5/28/2019 10:59
200596,Bose SoundSport Headphones,1,5/22/2019 12:36
200596,27in 4K Gaming Monitor,1,5/22/2019 12:36
200597,AA Batteries (4-pack),2,5/12/2019 12:15
200598,AAA Batteries (4-pack),4,5/17/2019 19:25
200599,USB-C Charging Cable,1,5/11/2019 6:51
200600,Bose SoundSport Headphones,1,5/31/2019 15:52
200601,iPhone,1,5/11/2019 20:03
200602,AAA Batteries (4-pack),1,5/9/2019 11:56
200603,AAA Batteries (4-pack),1,5/9/2019 21:46
200604,27in 4K Gaming Monitor,1,5/14/2019 9:40
200605,AAA Batteries (4-pack),1,5/16/2019 15:33
200606,AAA Batteries (4-pack),1,5/27/2019 19:29
200607,27in FHD Monitor,1,5/26/2019 20:20
200608,Macbook Pro Laptop,1,5/25/2019 22:42
200609,Vareebadd Phone,1,5/28/2019 9:54
200610,USB-C Charging Cable,1,5/28/2019 15:01
200611,AA Batteries (4-pack),2,5/28/2019 10:44
200612,AAA Batteries (4-pack),2,5/2/2019 20:29
200613,Lightning Charging Cable,1,5/5/2019 19:23
200614,Flatscreen TV,1,5/1/2019 20:40
200615,AAA Batteries (4-pack),3,5/10/2019 13:16
200616,27in 4K Gaming Monitor,1,5/4/2019 17:04
200617,Wired Headphones,1,5/21/2019 17:24
200618,USB-C Charging Cable,1,5/13/2019 9:10
200619,USB-C Charging Cable,2,5/20/2019 14:44
200620,Lightning Charging Cable,1,5/10/2019 8:54
200621,Bose SoundSport Headphones,1,5/9/2019 12:55
200622,Bose SoundSport Headphones,1,5/25/2019 4:44
200623,34in Ultrawide Monitor,1,5/30/2019 13:07
200624,Wired Headphones,1,5/29/2019 12:55
200625,Lightning Charging Cable,1,5/26/2019 11:02
200626,34in Ultrawide Monitor,1,5/10/2019 19:31
200627,27in FHD Monitor,1,5/6/2019 7:51
200628,Apple Airpods Headphones,1,5/11/2019 17:35
200629,34in Ultrawide Monitor,1,5/7/2019 3:05
200630,Bose SoundSport Headphones,1,5/1/2019 10:10
200631,Lightning Charging Cable,1,5/16/2019 16:18
200632,ThinkPad Laptop,1,5/22/2019 21:08
200633,AAA Batteries (4-pack),2,5/20/2019 18:15
200634,Apple Airpods Headphones,1,5/4/2019 16:12
200635,Wired Headphones,1,5/31/2019 18:23
200636,AA Batteries (4-pack),1,5/27/2019 22:47
200637,Apple Airpods Headphones,1,5/11/2019 11:12
200638,AA Batteries (4-pack),1,5/25/2019 18:22
200639,Bose SoundSport Headphones,1,5/15/2019 17:44
200640,Macbook Pro Laptop,1,5/28/2019 18:31
200641,Lightning Charging Cable,1,5/13/2019 22:09
200641,27in 4K Gaming Monitor,1,5/13/2019 22:09
200642,Lightning Charging Cable,1,5/28/2019 1:11
200643,Lightning Charging Cable,1,5/22/2019 11:25
200644,AAA Batteries (4-pack),1,5/30/2019 18:33
200645,20in Monitor,2,5/23/2019 17:48
200645,AA Batteries (4-pack),1,5/23/2019 17:48
200646,USB-C Charging Cable,2,5/30/2019 10:39
200647,Lightning Charging Cable,1,5/12/2019 9:34
200648,Apple Airpods Headphones,1,5/8/2019 12:00
200649,AA Batteries (4-pack),1,5/26/2019 19:13
200650,Apple Airpods Headphones,1,5/14/2019 16:20
200650,AAA Batteries (4-pack),2,5/14/2019 16:20
200651,27in FHD Monitor,1,5/19/2019 4:27
200652,Wired Headphones,1,5/5/2019 22:07
200653,27in 4K Gaming Monitor,1,5/29/2019 18:57
200653,Google Phone,1,5/29/2019 18:57
200654,ThinkPad Laptop,1,5/29/2019 13:55
200655,34in Ultrawide Monitor,1,5/12/2019 22:48
200656,AA Batteries (4-pack),1,5/22/2019 22:30
200657,Lightning Charging Cable,1,5/24/2019 12:43
200658,20in Monitor,1,5/31/2019 21:22
200659,ThinkPad Laptop,1,5/2/2019 17:35
200660,27in FHD Monitor,1,5/30/2019 15:30
200661,27in 4K Gaming Monitor,1,5/15/2019 10:23
200662,AA Batteries (4-pack),4,5/9/2019 14:48
200663,AA Batteries (4-pack),2,5/31/2019 22:03
200664,Lightning Charging Cable,1,5/13/2019 19:45
200665,Wired Headphones,1,5/22/2019 11:03
200666,34in Ultrawide Monitor,1,5/28/2019 0:10
200667,27in 4K Gaming Monitor,1,5/28/2019 13:10
200668,AAA Batteries (4-pack),2,5/7/2019 10:50
200669,Wired Headphones,1,5/8/2019 21:31
200670,Lightning Charging Cable,1,5/15/2019 11:26
200671,Lightning Charging Cable,1,5/11/2019 16:52
200672,USB-C Charging Cable,1,5/28/2019 17:42
200673,Apple Airpods Headphones,1,5/22/2019 21:51
200674,Wired Headphones,1,5/4/2019 6:41
200675,AA Batteries (4-pack),1,5/16/2019 16:01
200676,USB-C Charging Cable,1,5/13/2019 6:19
200677,AAA Batteries (4-pack),1,5/29/2019 13:52
200678,AA Batteries (4-pack),1,5/19/2019 18:39
200679,USB-C Charging Cable,1,5/18/2019 9:56
200680,AA Batteries (4-pack),1,5/3/2019 13:28
200681,27in FHD Monitor,1,5/22/2019 12:16
200682,iPhone,1,5/22/2019 23:22
200683,AAA Batteries (4-pack),2,5/2/2019 10:46
200684,Bose SoundSport Headphones,1,5/13/2019 23:18
200685,AAA Batteries (4-pack),1,5/12/2019 20:42
200686,AAA Batteries (4-pack),1,5/6/2019 11:34
200687,Lightning Charging Cable,1,5/11/2019 11:31
200688,27in 4K Gaming Monitor,1,5/22/2019 10:31
200689,USB-C Charging Cable,1,5/30/2019 13:24
200690,27in FHD Monitor,1,5/20/2019 19:31
200691,Bose SoundSport Headphones,1,5/14/2019 15:38
200692,AA Batteries (4-pack),1,5/2/2019 2:17
200693,AAA Batteries (4-pack),1,5/29/2019 11:08
200694,34in Ultrawide Monitor,1,5/1/2019 14:49
200695,Wired Headphones,1,5/31/2019 11:28
200696,20in Monitor,1,5/18/2019 18:44
200697,Google Phone,1,5/5/2019 22:54
200698,AAA Batteries (4-pack),2,5/18/2019 10:44
200699,AAA Batteries (4-pack),1,5/13/2019 15:20
200700,27in FHD Monitor,1,5/28/2019 10:44
200701,Apple Airpods Headphones,1,5/23/2019 10:42
200702,USB-C Charging Cable,2,5/21/2019 9:02
200703,AA Batteries (4-pack),1,5/19/2019 20:41
200704,Apple Airpods Headphones,1,5/24/2019 15:47
200705,Macbook Pro Laptop,1,5/21/2019 5:53
200706,27in 4K Gaming Monitor,1,5/25/2019 20:17
200707,Lightning Charging Cable,1,5/3/2019 20:55
200708,Apple Airpods Headphones,1,5/26/2019 17:00
200709,AA Batteries (4-pack),2,5/19/2019 19:24
200710,Wired Headphones,1,5/5/2019 10:24
200711,Wired Headphones,1,5/21/2019 14:34
200712,AA Batteries (4-pack),1,5/26/2019 16:27
200713,27in 4K Gaming Monitor,1,5/26/2019 9:43
200714,34in Ultrawide Monitor,1,5/19/2019 19:34
200715,Google Phone,1,5/4/2019 4:10
200716,USB-C Charging Cable,1,5/22/2019 7:26
200717,AAA Batteries (4-pack),1,5/25/2019 0:31
200718,USB-C Charging Cable,1,5/13/2019 23:13
200719,USB-C Charging Cable,1,5/5/2019 10:03
200720,AA Batteries (4-pack),1,5/9/2019 20:18
200721,Wired Headphones,1,5/27/2019 21:12
200722,Bose SoundSport Headphones,1,5/17/2019 13:34
200723,iPhone,1,5/22/2019 18:32
200723,Lightning Charging Cable,1,5/22/2019 18:32
200724,Wired Headphones,1,5/3/2019 10:24
200725,AAA Batteries (4-pack),1,5/29/2019 23:48
200726,Vareebadd Phone,1,5/17/2019 6:24
200727,27in 4K Gaming Monitor,1,5/27/2019 21:38
200728,Google Phone,1,5/22/2019 13:32
200729,27in 4K Gaming Monitor,1,5/19/2019 7:07
200729,iPhone,1,5/19/2019 7:07
200730,AA Batteries (4-pack),1,5/26/2019 11:34
200731,AAA Batteries (4-pack),1,5/11/2019 22:37
200732,Lightning Charging Cable,1,5/26/2019 17:19
200733,Wired Headphones,1,5/8/2019 20:39
200734,Apple Airpods Headphones,1,5/5/2019 15:52
200735,AA Batteries (4-pack),1,5/9/2019 13:41
200736,AAA Batteries (4-pack),2,5/29/2019 12:09
200737,Lightning Charging Cable,2,5/26/2019 19:55
200738,27in FHD Monitor,1,5/26/2019 14:05
200739,AA Batteries (4-pack),2,5/14/2019 15:28
200740,Flatscreen TV,1,5/3/2019 14:35
200741,Bose SoundSport Headphones,1,5/18/2019 11:01
200742,AAA Batteries (4-pack),1,5/9/2019 19:53
200743,27in 4K Gaming Monitor,2,5/25/2019 10:13
200744,USB-C Charging Cable,1,5/18/2019 19:13
200745,Wired Headphones,1,5/5/2019 14:33
200746,Bose SoundSport Headphones,1,5/4/2019 8:06
200747,Flatscreen TV,1,5/9/2019 20:22
200748,Bose SoundSport Headphones,1,5/13/2019 17:37
200749,27in FHD Monitor,1,5/25/2019 20:38
200750,Bose SoundSport Headphones,1,5/28/2019 14:35
200751,Wired Headphones,1,5/23/2019 8:07
200752,34in Ultrawide Monitor,1,5/26/2019 0:56
200753,AA Batteries (4-pack),2,5/30/2019 18:38
200754,Bose SoundSport Headphones,1,5/26/2019 9:50
200755,34in Ultrawide Monitor,1,5/27/2019 14:27
200756,Apple Airpods Headphones,1,5/1/2019 16:27
200757,Google Phone,1,5/5/2019 20:27
200757,USB-C Charging Cable,2,5/5/2019 20:27
200758,Wired Headphones,1,5/3/2019 20:14
200759,Apple Airpods Headphones,1,5/4/2019 16:21
200760,Wired Headphones,1,5/6/2019 15:04
200761,iPhone,1,5/12/2019 16:00
200761,Lightning Charging Cable,1,5/12/2019 16:00
200762,Macbook Pro Laptop,1,5/27/2019 8:41
200763,27in FHD Monitor,1,5/17/2019 20:37
200764,Wired Headphones,1,5/27/2019 21:16
200765,Apple Airpods Headphones,1,5/9/2019 20:16
200766,AA Batteries (4-pack),1,5/31/2019 19:21
200767,AAA Batteries (4-pack),2,5/14/2019 17:57
200768,Apple Airpods Headphones,1,5/4/2019 17:16
200769,Bose SoundSport Headphones,1,5/3/2019 13:41
200770,USB-C Charging Cable,1,5/5/2019 7:46
200771,27in 4K Gaming Monitor,1,5/31/2019 14:04
200772,Wired Headphones,1,5/27/2019 18:57
200773,Wired Headphones,1,5/12/2019 19:51
200774,Flatscreen TV,1,5/19/2019 10:41
200775,AAA Batteries (4-pack),2,5/13/2019 17:49
200776,USB-C Charging Cable,1,5/23/2019 2:31
200777,Lightning Charging Cable,1,5/7/2019 23:24
200778,AAA Batteries (4-pack),1,5/14/2019 12:15
200779,USB-C Charging Cable,1,5/14/2019 14:40
200780,Flatscreen TV,1,5/30/2019 14:53
200781,AA Batteries (4-pack),1,5/17/2019 10:19
200782,20in Monitor,1,5/2/2019 11:09
200783,Wired Headphones,1,5/20/2019 11:26
200784,AA Batteries (4-pack),1,5/7/2019 20:04
200785,34in Ultrawide Monitor,1,5/10/2019 21:05
200786,ThinkPad Laptop,1,5/25/2019 12:02
200787,34in Ultrawide Monitor,1,5/6/2019 17:44
200788,Wired Headphones,1,5/2/2019 16:05
200789,AA Batteries (4-pack),1,5/31/2019 0:49
200790,AA Batteries (4-pack),1,5/17/2019 12:11
200791,AAA Batteries (4-pack),1,5/17/2019 18:28
200792,Lightning Charging Cable,1,5/25/2019 12:06
200793,Google Phone,1,5/7/2019 19:45
200794,27in FHD Monitor,1,5/23/2019 0:21
200795,iPhone,1,5/28/2019 11:23
200796,AAA Batteries (4-pack),2,5/3/2019 22:00
200797,Bose SoundSport Headphones,1,5/13/2019 15:31
200798,Macbook Pro Laptop,1,5/17/2019 8:25
200799,27in FHD Monitor,1,5/17/2019 12:30
200800,USB-C Charging Cable,1,5/10/2019 16:18
200801,Wired Headphones,1,5/2/2019 22:53
200802,AA Batteries (4-pack),1,5/3/2019 12:25
200803,AAA Batteries (4-pack),1,5/11/2019 14:31
200804,Wired Headphones,1,5/31/2019 11:03
200805,27in 4K Gaming Monitor,1,5/13/2019 23:43
200806,Bose SoundSport Headphones,1,5/17/2019 13:15
200807,Apple Airpods Headphones,1,5/8/2019 15:48
200808,AA Batteries (4-pack),2,5/26/2019 18:52
200809,Wired Headphones,1,5/29/2019 22:30
200810,USB-C Charging Cable,1,5/24/2019 22:24
200811,AAA Batteries (4-pack),1,5/20/2019 17:00
200812,Flatscreen TV,1,5/25/2019 7:58
200813,AAA Batteries (4-pack),1,5/13/2019 2:26
200814,34in Ultrawide Monitor,1,5/24/2019 14:36
200815,USB-C Charging Cable,1,5/29/2019 19:50
200816,AAA Batteries (4-pack),1,5/6/2019 11:41
200817,Lightning Charging Cable,1,5/23/2019 10:19
200818,USB-C Charging Cable,1,5/28/2019 10:21
200819,27in 4K Gaming Monitor,1,5/27/2019 22:19
200820,Wired Headphones,1,5/24/2019 13:16
200821,Lightning Charging Cable,1,5/12/2019 16:00
200821,34in Ultrawide Monitor,1,5/12/2019 16:00
200822,AAA Batteries (4-pack),1,5/26/2019 16:04
200823,Macbook Pro Laptop,1,5/8/2019 11:24
200824,AAA Batteries (4-pack),2,5/25/2019 5:54
200825,Bose SoundSport Headphones,1,5/14/2019 22:08
200826,AA Batteries (4-pack),1,5/8/2019 18:09
200827,AAA Batteries (4-pack),1,5/2/2019 13:46
200828,27in FHD Monitor,1,5/27/2019 7:53
200829,Apple Airpods Headphones,1,5/28/2019 21:19
200830,AAA Batteries (4-pack),2,5/1/2019 11:28
200831,Google Phone,1,5/12/2019 23:47
200832,USB-C Charging Cable,1,5/9/2019 17:12
200833,AA Batteries (4-pack),1,5/30/2019 12:43
200834,AA Batteries (4-pack),2,5/22/2019 12:59
200835,Apple Airpods Headphones,1,5/17/2019 9:47
200836,AAA Batteries (4-pack),1,5/6/2019 13:33
200836,AAA Batteries (4-pack),3,5/6/2019 13:33
200837,Bose SoundSport Headphones,1,5/14/2019 0:26
200838,AAA Batteries (4-pack),2,5/6/2019 8:58
200839,AAA Batteries (4-pack),1,5/16/2019 12:39
200840,AAA Batteries (4-pack),1,5/31/2019 18:56
200841,27in 4K Gaming Monitor,1,5/19/2019 15:20
200842,AA Batteries (4-pack),1,5/31/2019 12:14
200843,Bose SoundSport Headphones,1,5/7/2019 19:27
200844,Flatscreen TV,1,5/16/2019 15:10
200845,USB-C Charging Cable,1,5/7/2019 22:44
200846,USB-C Charging Cable,1,5/29/2019 22:19
200847,Wired Headphones,1,5/9/2019 23:33
200847,AAA Batteries (4-pack),4,5/9/2019 23:33
200848,Lightning Charging Cable,1,5/20/2019 11:33
200849,Apple Airpods Headphones,1,5/27/2019 17:33
200850,Lightning Charging Cable,1,5/23/2019 9:54
200851,ThinkPad Laptop,1,5/17/2019 12:26
200851,AAA Batteries (4-pack),1,5/17/2019 12:26
200852,Bose SoundSport Headphones,1,5/19/2019 16:17
200853,Bose SoundSport Headphones,1,5/23/2019 20:28
200854,USB-C Charging Cable,1,5/29/2019 17:04
200855,Apple Airpods Headphones,1,5/9/2019 8:40
200856,Apple Airpods Headphones,1,5/11/2019 17:11
200857,Wired Headphones,1,5/1/2019 12:08
200858,USB-C Charging Cable,3,5/20/2019 17:37
200859,Apple Airpods Headphones,1,5/26/2019 12:36
200860,Wired Headphones,1,5/24/2019 14:27
200861,AAA Batteries (4-pack),2,5/11/2019 17:25
200862,AAA Batteries (4-pack),1,5/7/2019 13:06
200863,Macbook Pro Laptop,1,5/17/2019 16:46
200864,Lightning Charging Cable,1,5/24/2019 15:32
200865,USB-C Charging Cable,1,5/2/2019 16:56
200866,AAA Batteries (4-pack),1,5/14/2019 21:32
200867,Lightning Charging Cable,1,5/6/2019 17:28
200868,USB-C Charging Cable,1,5/10/2019 6:12
200869,27in FHD Monitor,1,5/14/2019 12:23
200870,AA Batteries (4-pack),1,5/21/2019 13:04
200871,Bose SoundSport Headphones,1,5/28/2019 16:45
200872,AAA Batteries (4-pack),3,5/10/2019 22:59
200873,AA Batteries (4-pack),1,5/26/2019 13:37
200874,27in FHD Monitor,1,5/11/2019 10:17
200875,34in Ultrawide Monitor,1,5/1/2019 17:33
200876,USB-C Charging Cable,1,5/25/2019 11:19
200877,Wired Headphones,1,5/27/2019 12:32
200878,AAA Batteries (4-pack),2,5/29/2019 23:54
200879,27in FHD Monitor,1,5/23/2019 9:08
200879,Bose SoundSport Headphones,1,5/23/2019 9:08
200880,ThinkPad Laptop,1,5/10/2019 18:14
200881,Wired Headphones,1,5/7/2019 14:32
200882,Apple Airpods Headphones,1,5/1/2019 17:15
200883,AAA Batteries (4-pack),1,5/29/2019 8:28
200884,Lightning Charging Cable,1,5/16/2019 11:17
200885,Apple Airpods Headphones,1,5/21/2019 19:03
200886,20in Monitor,1,5/2/2019 19:27
200887,27in FHD Monitor,1,5/24/2019 2:59
200888,Bose SoundSport Headphones,1,5/31/2019 11:57
,,,
200889,iPhone,1,5/22/2019 18:53
200890,USB-C Charging Cable,1,5/27/2019 19:07
200891,34in Ultrawide Monitor,1,5/10/2019 16:00
200892,USB-C Charging Cable,1,5/18/2019 11:38
200893,Apple Airpods Headphones,1,5/21/2019 9:40
200894,LG Washing Machine,1,5/6/2019 10:45
200895,Bose SoundSport Headphones,1,5/9/2019 9:51
200896,Apple Airpods Headphones,1,5/29/2019 13:54
200897,27in 4K Gaming Monitor,1,5/14/2019 13:13
200898,34in Ultrawide Monitor,1,5/5/2019 13:09
200899,Lightning Charging Cable,1,5/11/2019 15:00
200900,USB-C Charging Cable,1,5/8/2019 22:25
200901,ThinkPad Laptop,1,5/12/2019 11:05
200902,Macbook Pro Laptop,1,5/26/2019 22:06
200903,USB-C Charging Cable,1,5/8/2019 17:17
200904,Flatscreen TV,1,5/18/2019 10:34
200905,Bose SoundSport Headphones,1,5/25/2019 19:16
200906,Lightning Charging Cable,1,5/19/2019 13:21
200906,USB-C Charging Cable,1,5/19/2019 13:21
200907,iPhone,1,5/11/2019 22:37
200908,Apple Airpods Headphones,1,5/2/2019 11:55
200909,Flatscreen TV,1,5/4/2019 16:39
200910,Bose SoundSport Headphones,1,5/9/2019 11:49
200911,AAA Batteries (4-pack),1,5/4/2019 9:37
200912,27in 4K Gaming Monitor,1,5/18/2019 21:09
200913,Wired Headphones,1,5/19/2019 20:31
200914,Lightning Charging Cable,1,5/2/2019 19:18
200915,AA Batteries (4-pack),1,5/25/2019 19:06
200916,USB-C Charging Cable,1,5/24/2019 11:26
200917,20in Monitor,1,6/1/2019 0:36
200918,Vareebadd Phone,1,5/8/2019 16:18
200919,AA Batteries (4-pack),1,5/23/2019 18:22
200920,27in FHD Monitor,1,5/19/2019 20:39
200921,27in 4K Gaming Monitor,1,5/11/2019 19:30
200922,AAA Batteries (4-pack),2,5/28/2019 12:25
200923,AA Batteries (4-pack),1,5/1/2019 7:01
200924,Lightning Charging Cable,1,5/22/2019 14:28
200925,AA Batteries (4-pack),1,5/15/2019 18:43
200926,Lightning Charging Cable,1,5/29/2019 9:13
200927,Google Phone,1,5/24/2019 20:49
200928,AA Batteries (4-pack),1,5/28/2019 3:01
200929,iPhone,1,5/11/2019 11:23
200930,Lightning Charging Cable,1,5/21/2019 20:42
200931,27in 4K Gaming Monitor,1,5/1/2019 18:31
200932,Wired Headphones,1,5/26/2019 20:14
200933,27in FHD Monitor,1,5/20/2019 19:16
200934,AA Batteries (4-pack),1,5/30/2019 17:33
200935,USB-C Charging Cable,1,5/13/2019 20:33
200936,Macbook Pro Laptop,1,5/28/2019 8:13
200937,AA Batteries (4-pack),2,5/19/2019 23:44
200938,AAA Batteries (4-pack),1,5/21/2019 11:54
200939,ThinkPad Laptop,1,5/31/2019 2:16
200940,Apple Airpods Headphones,1,5/19/2019 10:22
200941,ThinkPad Laptop,1,5/11/2019 14:19
200942,Apple Airpods Headphones,1,5/29/2019 15:37
200943,Lightning Charging Cable,1,5/17/2019 22:22
200944,AAA Batteries (4-pack),1,5/25/2019 18:03
200945,Bose SoundSport Headphones,2,5/12/2019 14:29
200946,34in Ultrawide Monitor,1,5/18/2019 7:47
200947,AAA Batteries (4-pack),1,5/29/2019 22:39
200948,USB-C Charging Cable,1,5/19/2019 11:00
200949,Lightning Charging Cable,1,5/18/2019 16:42
200950,Lightning Charging Cable,1,5/6/2019 12:59
200951,Wired Headphones,1,5/18/2019 17:17
200952,AA Batteries (4-pack),2,5/30/2019 23:25
200953,Lightning Charging Cable,1,5/5/2019 17:07
200954,Bose SoundSport Headphones,1,5/6/2019 21:03
200955,iPhone,1,5/8/2019 19:28
200956,AAA Batteries (4-pack),1,5/14/2019 10:03
200957,Apple Airpods Headphones,1,5/24/2019 21:04
200958,Lightning Charging Cable,1,5/21/2019 23:40
200959,Wired Headphones,2,5/16/2019 14:36
200960,AA Batteries (4-pack),1,5/7/2019 21:16
200961,Lightning Charging Cable,1,5/30/2019 9:24
200962,Lightning Charging Cable,2,5/26/2019 12:57
200963,USB-C Charging Cable,1,5/11/2019 21:47
200964,34in Ultrawide Monitor,1,5/25/2019 22:00
200965,AA Batteries (4-pack),1,5/7/2019 18:58
200966,Lightning Charging Cable,1,5/6/2019 14:46
200967,34in Ultrawide Monitor,1,5/9/2019 17:59
200968,Wired Headphones,1,5/2/2019 20:08
200969,Wired Headphones,1,5/12/2019 20:42
200970,Apple Airpods Headphones,1,5/16/2019 9:54
200971,iPhone,1,5/12/2019 20:08
200971,Lightning Charging Cable,1,5/12/2019 20:08
200972,AA Batteries (4-pack),1,5/13/2019 23:38
200973,Apple Airpods Headphones,1,5/19/2019 0:48
200974,USB-C Charging Cable,1,5/13/2019 21:00
200975,Wired Headphones,1,5/22/2019 14:01
200976,ThinkPad Laptop,1,5/23/2019 11:12
200977,AA Batteries (4-pack),1,5/15/2019 17:28
200978,Lightning Charging Cable,1,5/11/2019 7:07
200979,AA Batteries (4-pack),1,5/26/2019 16:30
200980,27in FHD Monitor,1,5/12/2019 13:00
200981,Wired Headphones,1,5/9/2019 21:48
200982,Wired Headphones,1,5/15/2019 17:48
200983,ThinkPad Laptop,1,5/15/2019 15:38
200984,Bose SoundSport Headphones,1,5/17/2019 13:01
200985,Lightning Charging Cable,1,5/30/2019 17:57
200986,AAA Batteries (4-pack),2,5/17/2019 21:41
200987,Wired Headphones,1,5/15/2019 14:35
200988,27in FHD Monitor,1,5/6/2019 0:39
200989,USB-C Charging Cable,1,5/28/2019 13:42
200990,AA Batteries (4-pack),1,5/19/2019 13:23
200991,AAA Batteries (4-pack),2,5/30/2019 10:21
200992,USB-C Charging Cable,1,5/9/2019 16:01
200993,Apple Airpods Headphones,1,5/18/2019 19:30
200994,USB-C Charging Cable,1,5/8/2019 21:32
200995,Lightning Charging Cable,1,5/23/2019 10:46
200996,USB-C Charging Cable,1,5/30/2019 20:38
200997,Wired Headphones,1,5/9/2019 9:15
200998,Google Phone,1,5/23/2019 11:05
200998,Bose SoundSport Headphones,1,5/23/2019 11:05
200999,Google Phone,1,5/1/2019 23:57
201000,Flatscreen TV,1,5/2/2019 7:12
201001,20in Monitor,1,5/10/2019 18:38
201002,Macbook Pro Laptop,1,5/12/2019 17:37
201003,Wired Headphones,1,5/27/2019 10:57
201004,AAA Batteries (4-pack),1,5/28/2019 8:33
201005,Wired Headphones,1,5/6/2019 1:01
201006,USB-C Charging Cable,1,5/20/2019 20:51
201007,AA Batteries (4-pack),5,5/28/2019 18:55
201008,USB-C Charging Cable,1,5/16/2019 16:36
201009,Macbook Pro Laptop,1,5/26/2019 21:10
201010,Macbook Pro Laptop,1,5/27/2019 18:59
201011,Lightning Charging Cable,1,5/10/2019 17:06
201012,Lightning Charging Cable,1,5/26/2019 20:46
201013,iPhone,1,5/24/2019 9:18
201014,AA Batteries (4-pack),1,5/9/2019 15:09
201015,Lightning Charging Cable,2,5/4/2019 22:10
201016,AA Batteries (4-pack),1,5/20/2019 23:14
201017,AA Batteries (4-pack),2,5/12/2019 10:37
201018,Lightning Charging Cable,1,5/28/2019 19:03
201019,USB-C Charging Cable,1,5/27/2019 11:17
201020,AAA Batteries (4-pack),1,5/20/2019 19:07
201021,Lightning Charging Cable,1,5/25/2019 15:21
201022,Wired Headphones,1,5/30/2019 12:46
201023,ThinkPad Laptop,1,5/19/2019 18:50
201024,Apple Airpods Headphones,1,5/10/2019 21:05
201025,Bose SoundSport Headphones,1,5/4/2019 19:51
201026,Wired Headphones,1,5/20/2019 18:08
201027,Bose SoundSport Headphones,1,5/4/2019 9:16
201028,AA Batteries (4-pack),2,5/5/2019 17:28
201029,Apple Airpods Headphones,1,5/4/2019 18:28
201030,Macbook Pro Laptop,1,5/29/2019 16:27
201031,AA Batteries (4-pack),1,5/7/2019 3:22
201032,20in Monitor,1,5/8/2019 0:36
201033,Bose SoundSport Headphones,1,5/9/2019 19:27
201034,27in FHD Monitor,1,5/5/2019 7:08
201035,Apple Airpods Headphones,1,5/29/2019 19:07
201036,Wired Headphones,1,5/24/2019 12:58
201037,USB-C Charging Cable,1,5/25/2019 12:57
201038,AA Batteries (4-pack),1,5/23/2019 19:52
201039,USB-C Charging Cable,1,5/6/2019 16:20
201040,Wired Headphones,1,5/6/2019 23:50
201041,34in Ultrawide Monitor,1,5/17/2019 16:58
201042,Bose SoundSport Headphones,1,5/30/2019 11:25
201043,Wired Headphones,1,5/18/2019 18:04
201044,ThinkPad Laptop,1,5/18/2019 21:20
201045,USB-C Charging Cable,1,5/21/2019 15:55
201046,USB-C Charging Cable,1,5/28/2019 16:48
201047,20in Monitor,1,5/13/2019 13:39
201047,Bose SoundSport Headphones,1,5/13/2019 13:39
201048,AAA Batteries (4-pack),2,5/1/2019 14:18
201049,iPhone,1,5/31/2019 16:22
201050,Lightning Charging Cable,1,5/9/2019 14:05
201051,Wired Headphones,2,5/21/2019 17:14
201052,27in FHD Monitor,1,5/9/2019 13:29
201053,Apple Airpods Headphones,1,5/2/2019 17:02
201054,AAA Batteries (4-pack),2,5/15/2019 20:43
201055,AA Batteries (4-pack),1,5/26/2019 10:31
201056,AAA Batteries (4-pack),1,5/30/2019 19:55
201057,AA Batteries (4-pack),2,5/21/2019 16:57
201058,34in Ultrawide Monitor,1,5/19/2019 22:59
201059,Bose SoundSport Headphones,1,5/20/2019 18:27
201060,Macbook Pro Laptop,1,5/5/2019 17:49
201061,AA Batteries (4-pack),1,5/4/2019 9:37
201062,Lightning Charging Cable,1,5/19/2019 18:15
201063,USB-C Charging Cable,1,5/11/2019 17:39
201064,Macbook Pro Laptop,1,5/15/2019 12:56
201065,AAA Batteries (4-pack),1,5/21/2019 12:43
201066,Lightning Charging Cable,1,5/6/2019 9:51
201067,USB-C Charging Cable,1,5/13/2019 16:19
201068,AA Batteries (4-pack),1,5/7/2019 23:38
201069,iPhone,1,5/17/2019 10:04
201070,27in 4K Gaming Monitor,1,5/20/2019 23:38
201071,Bose SoundSport Headphones,1,5/10/2019 18:43
201072,Wired Headphones,1,5/31/2019 12:52
201073,Wired Headphones,1,5/31/2019 10:21
201074,AA Batteries (4-pack),2,5/22/2019 1:02
201075,Flatscreen TV,1,5/10/2019 16:53
201076,AA Batteries (4-pack),2,5/25/2019 16:04
201077,AAA Batteries (4-pack),1,5/22/2019 21:01
201078,AAA Batteries (4-pack),1,5/30/2019 18:08
201079,LG Washing Machine,1,5/10/2019 0:37
201080,27in 4K Gaming Monitor,1,5/14/2019 9:16
201081,Apple Airpods Headphones,1,5/10/2019 20:03
201082,Wired Headphones,2,5/22/2019 6:28
201083,USB-C Charging Cable,1,5/17/2019 14:51
201084,USB-C Charging Cable,1,5/26/2019 8:01
201085,AA Batteries (4-pack),2,5/9/2019 11:32
201086,Bose SoundSport Headphones,1,5/26/2019 16:30
201087,20in Monitor,1,5/13/2019 12:33
201088,Apple Airpods Headphones,1,5/3/2019 9:09
201089,Google Phone,1,5/4/2019 20:34
201089,USB-C Charging Cable,1,5/4/2019 20:34
201090,ThinkPad Laptop,1,5/31/2019 11:51
201091,Google Phone,1,5/2/2019 16:30
201091,USB-C Charging Cable,1,5/2/2019 16:30
201092,AA Batteries (4-pack),1,5/21/2019 17:54
201093,Wired Headphones,1,5/13/2019 12:28
201094,34in Ultrawide Monitor,1,5/16/2019 13:59
201095,ThinkPad Laptop,1,5/10/2019 2:12
201096,USB-C Charging Cable,1,5/1/2019 19:05
201097,Wired Headphones,1,5/4/2019 7:33
201098,AA Batteries (4-pack),1,5/28/2019 13:08
201099,34in Ultrawide Monitor,1,5/3/2019 6:52
201100,34in Ultrawide Monitor,1,5/5/2019 21:04
201101,Flatscreen TV,1,5/8/2019 21:54
201101,27in FHD Monitor,1,5/8/2019 21:54
201102,Bose SoundSport Headphones,1,5/30/2019 11:30
201103,AA Batteries (4-pack),1,5/25/2019 12:30
201104,20in Monitor,1,5/27/2019 19:00
201105,Wired Headphones,1,5/10/2019 19:12
201106,Bose SoundSport Headphones,1,5/23/2019 8:52
201107,AAA Batteries (4-pack),1,5/6/2019 22:15
Order ID,Product,Quantity Ordered,Order Date
201108,Lightning Charging Cable,1,5/24/2019 15:24
201109,Apple Airpods Headphones,1,5/16/2019 12:47
201110,USB-C Charging Cable,1,5/21/2019 18:11
201111,Wired Headphones,3,5/14/2019 18:36
201112,Lightning Charging Cable,1,5/4/2019 11:45
201113,Wired Headphones,1,5/15/2019 15:06
201114,27in FHD Monitor,1,5/16/2019 19:01
201114,Macbook Pro Laptop,1,5/16/2019 19:01
201115,AA Batteries (4-pack),2,5/7/2019 21:44
201116,AAA Batteries (4-pack),6,5/28/2019 13:56
201117,Apple Airpods Headphones,1,5/11/2019 15:58
201118,27in 4K Gaming Monitor,1,5/28/2019 3:20
201119,Apple Airpods Headphones,1,5/15/2019 11:24
201120,USB-C Charging Cable,1,5/20/2019 11:13
201121,AAA Batteries (4-pack),1,5/24/2019 12:19
201122,34in Ultrawide Monitor,1,5/4/2019 21:56
201123,Lightning Charging Cable,1,5/13/2019 7:16
201124,Wired Headphones,1,5/5/2019 10:53
201124,Apple Airpods Headphones,1,5/5/2019 10:53
201125,Lightning Charging Cable,1,5/6/2019 13:21
201126,AA Batteries (4-pack),1,5/22/2019 23:02
201126,USB-C Charging Cable,1,5/22/2019 23:02
201127,Vareebadd Phone,1,5/8/2019 0:25
201128,Bose SoundSport Headphones,1,5/23/2019 10:27
201129,iPhone,1,5/31/2019 7:43
201130,Google Phone,1,5/2/2019 6:22
201131,Apple Airpods Headphones,1,5/21/2019 16:50
201132,Apple Airpods Headphones,1,5/7/2019 17:18
201133,Lightning Charging Cable,1,5/25/2019 4:37
201134,Bose SoundSport Headphones,1,5/31/2019 4:37
201135,AAA Batteries (4-pack),1,5/2/2019 9:20
201136,USB-C Charging Cable,1,5/13/2019 17:02
201137,AAA Batteries (4-pack),1,5/19/2019 20:40
201138,AAA Batteries (4-pack),5,5/1/2019 23:48
201139,Google Phone,1,5/27/2019 15:57
201140,34in Ultrawide Monitor,1,5/8/2019 1:22
201140,AAA Batteries (4-pack),2,5/8/2019 1:22
201141,Wired Headphones,1,5/5/2019 20:40
201142,AA Batteries (4-pack),1,5/4/2019 18:56
201143,Apple Airpods Headphones,1,5/13/2019 18:46
201144,Wired Headphones,2,5/21/2019 20:35
201145,Lightning Charging Cable,1,5/13/2019 13:01
201146,AA Batteries (4-pack),1,5/10/2019 15:03
201147,AA Batteries (4-pack),2,5/5/2019 18:33
201148,27in FHD Monitor,1,5/18/2019 12:55
201149,27in 4K Gaming Monitor,1,5/6/2019 17:57
201150,AA Batteries (4-pack),2,5/20/2019 13:37
201151,Wired Headphones,1,5/23/2019 9:57
201152,27in FHD Monitor,1,5/13/2019 12:14
201153,AA Batteries (4-pack),1,5/27/2019 17:43
201154,AAA Batteries (4-pack),1,5/31/2019 8:39
201155,AA Batteries (4-pack),2,5/7/2019 8:21
201156,Bose SoundSport Headphones,1,5/11/2019 10:08
201157,LG Dryer,1,5/25/2019 10:58
201158,AAA Batteries (4-pack),2,5/1/2019 22:00
201159,27in FHD Monitor,1,5/23/2019 17:54
201160,Bose SoundSport Headphones,1,5/12/2019 10:27
201161,27in 4K Gaming Monitor,1,5/16/2019 15:16
201162,Bose SoundSport Headphones,1,5/29/2019 9:19
201163,AAA Batteries (4-pack),2,5/9/2019 10:19
201164,USB-C Charging Cable,1,5/8/2019 13:59
201165,AA Batteries (4-pack),1,5/10/2019 8:04
201166,AAA Batteries (4-pack),2,5/5/2019 18:21
201167,Wired Headphones,1,5/25/2019 22:16
201168,Wired Headphones,1,5/9/2019 11:37
201169,Apple Airpods Headphones,1,5/20/2019 8:58
201170,Lightning Charging Cable,1,5/14/2019 20:08
201171,USB-C Charging Cable,1,5/2/2019 0:02
201172,AA Batteries (4-pack),2,5/13/2019 16:42
201173,Apple Airpods Headphones,1,5/15/2019 12:58
201173,AA Batteries (4-pack),1,5/15/2019 12:58
201174,Bose SoundSport Headphones,1,5/8/2019 12:44
201175,AA Batteries (4-pack),2,5/6/2019 12:59
201176,Wired Headphones,1,5/26/2019 16:36
201177,Wired Headphones,1,5/14/2019 14:56
201178,USB-C Charging Cable,1,5/10/2019 11:48
201179,Flatscreen TV,1,5/9/2019 20:17
201180,USB-C Charging Cable,1,5/23/2019 11:23
201181,27in FHD Monitor,1,5/7/2019 20:50
201182,Lightning Charging Cable,1,5/6/2019 23:20
201183,Lightning Charging Cable,1,5/7/2019 12:13
201184,USB-C Charging Cable,1,5/22/2019 16:25
201185,Macbook Pro Laptop,1,5/31/2019 10:34
201185,Lightning Charging Cable,1,5/31/2019 10:34
201186,ThinkPad Laptop,1,5/23/2019 1:47
201187,Apple Airpods Headphones,1,5/19/2019 8:24
201188,Flatscreen TV,1,5/6/2019 9:05
201189,USB-C Charging Cable,1,5/15/2019 19:00
201190,Macbook Pro Laptop,1,5/17/2019 13:09
201191,Wired Headphones,1,5/14/2019 20:21
201192,Lightning Charging Cable,1,5/17/2019 9:14
201193,AAA Batteries (4-pack),2,5/7/2019 0:46
201194,AAA Batteries (4-pack),1,5/18/2019 11:08
201195,AA Batteries (4-pack),1,5/28/2019 12:06
201196,ThinkPad Laptop,1,5/5/2019 10:55
201197,iPhone,1,5/18/2019 14:56
201198,USB-C Charging Cable,1,5/13/2019 11:11
201199,Wired Headphones,1,5/30/2019 20:16
201200,27in 4K Gaming Monitor,1,5/10/2019 7:36
201201,27in 4K Gaming Monitor,1,5/14/2019 3:54
201202,Apple Airpods Headphones,1,5/30/2019 8:53
201203,AA Batteries (4-pack),2,5/24/2019 13:40
201204,Wired Headphones,1,5/3/2019 14:00
201205,USB-C Charging Cable,1,5/13/2019 20:38
201206,USB-C Charging Cable,1,5/6/2019 12:30
201207,AA Batteries (4-pack),1,5/5/2019 14:01
201208,34in Ultrawide Monitor,1,5/16/2019 9:19
201209,Wired Headphones,1,5/21/2019 1:00
201210,iPhone,1,5/28/2019 14:16
201211,USB-C Charging Cable,1,5/8/2019 10:50
201212,AAA Batteries (4-pack),1,5/11/2019 11:32
201212,USB-C Charging Cable,1,5/11/2019 11:32
201213,USB-C Charging Cable,1,5/10/2019 16:51
201214,Lightning Charging Cable,1,5/27/2019 20:19
201215,Lightning Charging Cable,1,5/26/2019 12:54
201216,iPhone,1,5/10/2019 18:20
201217,AA Batteries (4-pack),1,5/13/2019 22:25
201218,34in Ultrawide Monitor,1,5/4/2019 18:06
201219,34in Ultrawide Monitor,1,5/11/2019 23:26
201220,Bose SoundSport Headphones,1,5/23/2019 12:56
201221,USB-C Charging Cable,1,5/22/2019 8:58
201222,Wired Headphones,2,5/30/2019 9:37
201223,Wired Headphones,1,5/22/2019 11:30
201224,AA Batteries (4-pack),1,5/8/2019 23:01
201225,Lightning Charging Cable,1,5/1/2019 12:23
201226,AA Batteries (4-pack),1,5/20/2019 19:42
201227,Google Phone,1,5/13/2019 17:02
201228,34in Ultrawide Monitor,1,5/30/2019 19:41
201229,Apple Airpods Headphones,1,5/2/2019 22:33
201230,AAA Batteries (4-pack),1,5/6/2019 8:27
201231,34in Ultrawide Monitor,1,5/5/2019 16:34
201232,AA Batteries (4-pack),1,5/23/2019 18:47
201233,USB-C Charging Cable,1,5/19/2019 0:37
201234,Apple Airpods Headphones,1,5/21/2019 7:19
201235,Wired Headphones,1,5/13/2019 23:41
201236,USB-C Charging Cable,1,5/18/2019 15:23
201237,Apple Airpods Headphones,1,5/10/2019 17:37
201238,Lightning Charging Cable,3,5/28/2019 21:11
201239,USB-C Charging Cable,1,5/11/2019 3:21
201240,Lightning Charging Cable,1,5/26/2019 6:55
201241,Bose SoundSport Headphones,1,5/4/2019 14:29
201242,USB-C Charging Cable,1,5/5/2019 23:32
201243,Vareebadd Phone,1,5/8/2019 14:00
201243,USB-C Charging Cable,1,5/8/2019 14:00
201244,Macbook Pro Laptop,1,5/21/2019 9:05
201245,AA Batteries (4-pack),2,5/9/2019 11:36
201246,Lightning Charging Cable,1,5/23/2019 11:15
201247,Lightning Charging Cable,1,5/8/2019 21:36
201248,AAA Batteries (4-pack),2,5/9/2019 13:28
201249,27in 4K Gaming Monitor,1,5/29/2019 6:57
201250,AA Batteries (4-pack),2,5/1/2019 8:58
201251,USB-C Charging Cable,1,5/8/2019 17:10
201252,AAA Batteries (4-pack),2,5/23/2019 15:20
201253,Bose SoundSport Headphones,1,5/29/2019 20:42
201254,Lightning Charging Cable,1,5/4/2019 17:59
201255,Apple Airpods Headphones,1,5/13/2019 18:32
201256,Vareebadd Phone,1,5/18/2019 23:53
201257,Google Phone,1,5/7/2019 13:53
201257,Wired Headphones,1,5/7/2019 13:53
201258,Lightning Charging Cable,1,5/16/2019 17:18
201259,Bose SoundSport Headphones,1,5/14/2019 21:51
201260,27in 4K Gaming Monitor,1,5/28/2019 18:28
201261,AAA Batteries (4-pack),3,5/29/2019 15:08
201262,20in Monitor,1,5/6/2019 4:37
201263,Vareebadd Phone,1,5/4/2019 20:11
201264,Lightning Charging Cable,1,5/29/2019 9:31
201265,Apple Airpods Headphones,1,5/1/2019 9:50
201266,ThinkPad Laptop,1,5/2/2019 11:51
201267,USB-C Charging Cable,3,5/11/2019 13:17
201268,Bose SoundSport Headphones,1,5/6/2019 14:19
201269,AA Batteries (4-pack),1,5/5/2019 13:28
201270,Bose SoundSport Headphones,1,5/28/2019 10:06
201271,Bose SoundSport Headphones,1,5/17/2019 12:29
201272,Wired Headphones,1,5/22/2019 13:52
201273,Lightning Charging Cable,2,5/15/2019 11:38
201274,iPhone,1,5/20/2019 20:04
201275,AAA Batteries (4-pack),1,5/4/2019 21:11
201276,AA Batteries (4-pack),1,5/5/2019 12:16
201277,27in FHD Monitor,1,5/8/2019 0:25
201278,AA Batteries (4-pack),2,5/24/2019 16:47
201279,34in Ultrawide Monitor,1,5/3/2019 13:57
201280,Bose SoundSport Headphones,1,5/14/2019 22:24
201281,Apple Airpods Headphones,1,5/5/2019 16:40
201282,34in Ultrawide Monitor,1,5/8/2019 18:35
201283,Flatscreen TV,1,5/12/2019 15:02
201284,Wired Headphones,1,5/13/2019 20:44
201285,USB-C Charging Cable,1,5/19/2019 11:59
201286,Flatscreen TV,1,5/27/2019 16:29
201287,27in 4K Gaming Monitor,1,5/15/2019 19:53
201288,iPhone,1,5/5/2019 16:47
201288,Lightning Charging Cable,2,5/5/2019 16:47
201289,USB-C Charging Cable,2,5/26/2019 11:48
201290,Wired Headphones,1,5/23/2019 8:35
201291,USB-C Charging Cable,1,5/15/2019 16:50
201292,27in 4K Gaming Monitor,1,5/26/2019 15:27
201293,Lightning Charging Cable,1,5/13/2019 18:10
201294,Flatscreen TV,1,5/26/2019 20:36
201295,USB-C Charging Cable,1,5/1/2019 20:15
201296,Vareebadd Phone,1,5/31/2019 20:33
201297,Apple Airpods Headphones,1,5/11/2019 13:37
201298,AAA Batteries (4-pack),1,5/11/2019 8:23
201299,Wired Headphones,1,5/9/2019 15:54
201300,Lightning Charging Cable,2,5/1/2019 8:47
201301,Lightning Charging Cable,1,5/31/2019 19:21
201302,Bose SoundSport Headphones,1,5/27/2019 14:18
201303,AAA Batteries (4-pack),1,5/17/2019 10:57
201304,AAA Batteries (4-pack),2,5/21/2019 17:51
201305,Apple Airpods Headphones,1,5/4/2019 10:12
201306,Lightning Charging Cable,1,5/31/2019 21:03
201307,Wired Headphones,1,5/1/2019 22:13
201308,Lightning Charging Cable,1,5/20/2019 16:47
201309,AAA Batteries (4-pack),1,5/25/2019 16:01
201310,iPhone,1,5/26/2019 8:30
201311,34in Ultrawide Monitor,1,5/14/2019 2:36
201312,Wired Headphones,1,5/21/2019 7:14
201313,AA Batteries (4-pack),1,5/3/2019 12:36
201314,AA Batteries (4-pack),1,5/9/2019 8:16
201315,AA Batteries (4-pack),1,5/17/2019 10:39
201316,USB-C Charging Cable,1,5/20/2019 23:16
201317,Vareebadd Phone,1,5/14/2019 13:26
201318,27in FHD Monitor,1,5/6/2019 10:05
201319,Apple Airpods Headphones,1,5/26/2019 10:24
201320,34in Ultrawide Monitor,1,5/14/2019 17:17
201320,Wired Headphones,1,5/14/2019 17:17
201321,Apple Airpods Headphones,1,5/27/2019 12:09
201322,Bose SoundSport Headphones,1,5/11/2019 20:29
201323,Wired Headphones,1,5/17/2019 17:47
201324,AAA Batteries (4-pack),1,5/30/2019 13:56
201325,20in Monitor,1,5/29/2019 20:36
Order ID,Product,Quantity Ordered,Order Date
201326,USB-C Charging Cable,1,5/10/2019 12:14
201327,Wired Headphones,1,5/14/2019 16:22
201328,Apple Airpods Headphones,1,5/9/2019 20:22
201329,ThinkPad Laptop,1,5/13/2019 10:31
201330,Vareebadd Phone,1,5/20/2019 8:49
201331,Wired Headphones,1,5/4/2019 16:34
201332,AAA Batteries (4-pack),1,5/29/2019 12:39
201333,Lightning Charging Cable,1,5/12/2019 14:31
201334,AAA Batteries (4-pack),1,5/7/2019 10:31
201335,Wired Headphones,3,5/24/2019 19:20
201336,AAA Batteries (4-pack),2,5/30/2019 17:53
201337,Google Phone,1,5/2/2019 16:29
201338,Lightning Charging Cable,1,5/11/2019 12:03
201339,AA Batteries (4-pack),2,5/9/2019 13:42
201340,USB-C Charging Cable,1,5/17/2019 1:45
201340,AAA Batteries (4-pack),1,5/17/2019 1:45
201341,ThinkPad Laptop,1,5/16/2019 18:25
201342,AA Batteries (4-pack),1,5/9/2019 6:53
201343,AA Batteries (4-pack),1,5/3/2019 13:17
201344,Wired Headphones,1,5/14/2019 20:21
201345,AA Batteries (4-pack),1,5/18/2019 7:23
201346,AA Batteries (4-pack),1,5/23/2019 13:05
201347,20in Monitor,1,5/25/2019 19:54
201348,AAA Batteries (4-pack),3,5/31/2019 3:20
201349,USB-C Charging Cable,1,5/5/2019 10:19
201350,AAA Batteries (4-pack),2,5/28/2019 18:44
201351,Lightning Charging Cable,1,5/6/2019 17:27
201352,Apple Airpods Headphones,1,5/12/2019 20:07
201353,Apple Airpods Headphones,1,5/30/2019 23:55
201354,20in Monitor,1,5/15/2019 14:27
201355,Flatscreen TV,1,5/24/2019 11:47
201356,34in Ultrawide Monitor,1,5/13/2019 16:55
201357,Apple Airpods Headphones,1,5/23/2019 13:19
201358,Lightning Charging Cable,1,5/2/2019 8:00
201359,AA Batteries (4-pack),1,5/16/2019 20:47
201360,Lightning Charging Cable,3,5/24/2019 12:38
201361,Lightning Charging Cable,1,5/8/2019 23:11
201362,AAA Batteries (4-pack),1,5/17/2019 16:09
201363,Apple Airpods Headphones,1,5/12/2019 12:11
201364,Apple Airpods Headphones,1,5/21/2019 19:01
201365,Lightning Charging Cable,1,5/25/2019 10:06
201366,USB-C Charging Cable,1,5/6/2019 11:28
201367,27in 4K Gaming Monitor,1,5/18/2019 12:41
201368,Wired Headphones,1,5/1/2019 20:21
201369,iPhone,1,5/5/2019 17:58
201369,Apple Airpods Headphones,1,5/5/2019 17:58
201370,34in Ultrawide Monitor,1,5/9/2019 19:08
201371,USB-C Charging Cable,2,5/1/2019 10:02
201372,27in FHD Monitor,1,5/22/2019 15:26
201373,Apple Airpods Headphones,1,5/5/2019 14:25
201374,Wired Headphones,1,5/3/2019 15:37
201375,34in Ultrawide Monitor,1,5/8/2019 5:24
201376,34in Ultrawide Monitor,1,5/9/2019 11:16
201377,Wired Headphones,1,5/8/2019 10:35
201378,AA Batteries (4-pack),1,5/2/2019 13:56
201379,USB-C Charging Cable,1,5/6/2019 12:08
201380,Lightning Charging Cable,1,5/9/2019 12:47
201381,USB-C Charging Cable,1,5/7/2019 6:02
201382,ThinkPad Laptop,1,5/21/2019 14:59
201383,AA Batteries (4-pack),1,5/7/2019 12:10
201384,USB-C Charging Cable,1,5/18/2019 18:49
201385,USB-C Charging Cable,1,5/21/2019 10:31
201386,AA Batteries (4-pack),1,5/1/2019 11:03
201387,20in Monitor,1,5/6/2019 19:29
201388,AA Batteries (4-pack),1,5/15/2019 21:32
201389,Bose SoundSport Headphones,1,5/2/2019 13:36
201390,AA Batteries (4-pack),2,5/10/2019 19:47
201391,Lightning Charging Cable,1,5/31/2019 14:29
201392,USB-C Charging Cable,1,5/14/2019 6:48
201393,27in 4K Gaming Monitor,1,5/7/2019 12:33
201394,Apple Airpods Headphones,1,5/19/2019 23:42
201395,USB-C Charging Cable,1,5/26/2019 7:48
201396,27in 4K Gaming Monitor,1,5/3/2019 12:21
201397,USB-C Charging Cable,1,5/25/2019 20:00
201398,Wired Headphones,1,5/23/2019 12:55
201398,USB-C Charging Cable,1,5/23/2019 12:55
201399,AA Batteries (4-pack),1,5/1/2019 13:27
201400,AAA Batteries (4-pack),1,5/31/2019 17:45
201401,AAA Batteries (4-pack),1,5/12/2019 9:12
201402,Bose SoundSport Headphones,1,5/4/2019 14:01
201403,USB-C Charging Cable,1,5/20/2019 10:27
201404,AAA Batteries (4-pack),1,5/20/2019 16:59
201405,AAA Batteries (4-pack),2,5/25/2019 12:36
201406,Vareebadd Phone,1,5/19/2019 8:02
201407,USB-C Charging Cable,1,5/19/2019 10:33
201408,AA Batteries (4-pack),1,5/27/2019 9:37
201409,USB-C Charging Cable,1,5/19/2019 12:37
201410,Google Phone,1,5/22/2019 1:34
201411,34in Ultrawide Monitor,1,5/4/2019 17:29
201412,AA Batteries (4-pack),1,5/17/2019 7:32
201413,Wired Headphones,1,5/3/2019 14:48
201414,20in Monitor,1,5/14/2019 16:23
201415,USB-C Charging Cable,2,5/4/2019 16:32
201416,USB-C Charging Cable,1,5/30/2019 18:47
201417,Apple Airpods Headphones,1,5/10/2019 20:42
201417,Bose SoundSport Headphones,1,5/10/2019 20:42
201418,34in Ultrawide Monitor,1,5/21/2019 13:51
201419,Wired Headphones,1,5/15/2019 13:54
201420,AAA Batteries (4-pack),1,5/21/2019 22:57
201421,iPhone,1,5/28/2019 13:27
201422,34in Ultrawide Monitor,1,5/29/2019 12:03
201423,Macbook Pro Laptop,1,5/14/2019 12:54
201424,Lightning Charging Cable,1,5/5/2019 18:55
201425,USB-C Charging Cable,1,5/19/2019 21:24
201426,AAA Batteries (4-pack),1,5/11/2019 12:19
201427,Apple Airpods Headphones,1,5/24/2019 10:28
201428,USB-C Charging Cable,2,5/25/2019 11:13
201429,Bose SoundSport Headphones,1,5/21/2019 21:17
201430,USB-C Charging Cable,2,5/13/2019 14:15
201431,AA Batteries (4-pack),2,5/10/2019 9:07
201432,20in Monitor,1,5/13/2019 15:07
201433,Apple Airpods Headphones,1,5/13/2019 20:50
201434,34in Ultrawide Monitor,1,5/10/2019 9:12
201435,Lightning Charging Cable,1,5/29/2019 19:47
201436,Google Phone,1,5/25/2019 18:09
201437,Wired Headphones,1,5/12/2019 15:20
201438,Apple Airpods Headphones,1,5/3/2019 13:21
201439,Apple Airpods Headphones,1,5/26/2019 13:36
201440,Bose SoundSport Headphones,1,5/5/2019 1:59
201441,AAA Batteries (4-pack),2,5/25/2019 13:16
201442,iPhone,1,5/6/2019 9:13
201443,Bose SoundSport Headphones,1,5/19/2019 8:42
201444,34in Ultrawide Monitor,1,5/5/2019 12:38
201445,Lightning Charging Cable,2,5/28/2019 14:14
201446,AA Batteries (4-pack),1,5/19/2019 19:23
201447,AAA Batteries (4-pack),1,5/10/2019 13:02
201448,Lightning Charging Cable,1,5/2/2019 21:20
201449,27in FHD Monitor,1,5/1/2019 3:15
201450,27in 4K Gaming Monitor,1,5/27/2019 10:00
201451,Google Phone,1,5/5/2019 15:42
201452,Google Phone,1,5/15/2019 18:57
201453,Apple Airpods Headphones,1,5/26/2019 14:44
201454,USB-C Charging Cable,1,5/4/2019 14:40
201455,Bose SoundSport Headphones,1,5/13/2019 22:08
201456,ThinkPad Laptop,1,5/1/2019 22:57
201457,Wired Headphones,1,5/13/2019 13:18
201458,Apple Airpods Headphones,1,5/4/2019 14:17
201459,Bose SoundSport Headphones,1,5/18/2019 10:31
201460,Lightning Charging Cable,1,5/24/2019 1:36
201461,Apple Airpods Headphones,1,5/21/2019 14:23
201462,AAA Batteries (4-pack),1,5/10/2019 10:18
201463,USB-C Charging Cable,1,5/17/2019 7:19
201464,USB-C Charging Cable,2,5/30/2019 9:42
201465,34in Ultrawide Monitor,1,5/1/2019 16:30
201466,20in Monitor,1,5/30/2019 17:33
201467,Google Phone,1,5/14/2019 1:44
201468,AA Batteries (4-pack),1,5/28/2019 12:26
201469,34in Ultrawide Monitor,1,5/23/2019 13:51
201470,AA Batteries (4-pack),1,5/14/2019 12:58
201471,USB-C Charging Cable,1,5/4/2019 14:12
201472,Apple Airpods Headphones,1,5/30/2019 11:11
201473,USB-C Charging Cable,1,5/2/2019 11:38
201474,27in FHD Monitor,1,5/19/2019 14:57
201475,USB-C Charging Cable,1,5/4/2019 18:56
201476,Macbook Pro Laptop,1,5/12/2019 18:26
201477,USB-C Charging Cable,1,5/19/2019 15:58
201478,AA Batteries (4-pack),1,5/12/2019 22:05
201479,Apple Airpods Headphones,1,5/23/2019 12:25
201480,Lightning Charging Cable,1,5/2/2019 17:54
201481,Bose SoundSport Headphones,1,5/31/2019 22:00
201482,34in Ultrawide Monitor,1,5/6/2019 14:27
201482,USB-C Charging Cable,1,5/6/2019 14:27
201483,Flatscreen TV,1,5/3/2019 10:37
201484,34in Ultrawide Monitor,1,5/3/2019 10:28
201485,Google Phone,1,5/24/2019 7:39
201486,Lightning Charging Cable,1,5/12/2019 13:42
201487,Macbook Pro Laptop,1,5/21/2019 13:25
201488,Wired Headphones,2,5/22/2019 16:35
201489,Wired Headphones,1,5/21/2019 0:58
201490,Lightning Charging Cable,1,5/27/2019 12:35
201491,USB-C Charging Cable,1,5/23/2019 21:23
201492,27in FHD Monitor,1,5/21/2019 17:55
201493,Lightning Charging Cable,1,5/20/2019 8:10
201494,Wired Headphones,1,5/25/2019 14:08
201495,AA Batteries (4-pack),1,5/28/2019 13:50
201496,AAA Batteries (4-pack),1,5/8/2019 15:40
201497,iPhone,1,5/30/2019 21:38
201497,Lightning Charging Cable,1,5/30/2019 21:38
201498,Google Phone,1,5/2/2019 8:15
,,,
201499,Apple Airpods Headphones,1,5/3/2019 11:58
201500,Wired Headphones,2,5/9/2019 20:43
201501,Lightning Charging Cable,1,5/18/2019 17:23
201502,Apple Airpods Headphones,1,5/16/2019 20:52
201503,AA Batteries (4-pack),1,5/15/2019 9:08
201504,Apple Airpods Headphones,1,5/1/2019 15:52
201505,USB-C Charging Cable,1,5/15/2019 9:56
201506,Flatscreen TV,1,5/20/2019 19:56
201507,Macbook Pro Laptop,1,5/5/2019 16:59
201508,Vareebadd Phone,1,5/30/2019 10:34
201509,20in Monitor,1,5/4/2019 11:44
201510,Flatscreen TV,1,5/6/2019 8:07
201511,AAA Batteries (4-pack),1,5/28/2019 18:10
201512,USB-C Charging Cable,1,5/11/2019 21:53
201513,Apple Airpods Headphones,1,5/24/2019 1:24
201514,27in 4K Gaming Monitor,1,5/10/2019 21:21
201515,Flatscreen TV,1,5/15/2019 17:44
201516,Wired Headphones,1,5/25/2019 19:01
201517,Lightning Charging Cable,1,5/18/2019 12:39
201518,Wired Headphones,1,5/8/2019 18:11
201519,Lightning Charging Cable,1,5/16/2019 19:36
201520,AAA Batteries (4-pack),2,5/7/2019 21:00
201521,AA Batteries (4-pack),1,5/13/2019 13:53
201522,Lightning Charging Cable,1,5/22/2019 8:44
201523,Wired Headphones,1,5/3/2019 18:48
201524,Apple Airpods Headphones,1,5/14/2019 23:24
201525,AA Batteries (4-pack),2,5/18/2019 14:43
201526,Bose SoundSport Headphones,1,5/10/2019 22:06
201527,Apple Airpods Headphones,1,5/11/2019 14:49
201528,USB-C Charging Cable,1,5/2/2019 20:39
201529,Apple Airpods Headphones,1,5/16/2019 8:51
201530,27in 4K Gaming Monitor,1,5/29/2019 22:01
201531,Apple Airpods Headphones,1,5/12/2019 12:42
201532,Wired Headphones,1,5/28/2019 20:21
201533,Apple Airpods Headphones,1,5/1/2019 11:55
201534,AAA Batteries (4-pack),1,5/23/2019 0:21
201535,Wired Headphones,1,5/2/2019 11:48
201536,LG Dryer,1,5/1/2019 22:26
201537,Bose SoundSport Headphones,1,5/10/2019 19:25
201538,Bose SoundSport Headphones,1,5/13/2019 11:15
201539,Macbook Pro Laptop,1,5/12/2019 12:28
201540,Lightning Charging Cable,1,5/22/2019 13:20
201541,Vareebadd Phone,1,5/11/2019 20:02
201542,Google Phone,1,5/13/2019 5:37
201543,Apple Airpods Headphones,1,5/30/2019 15:53
201544,20in Monitor,1,5/4/2019 20:53
201545,AAA Batteries (4-pack),4,5/29/2019 15:00
201546,Wired Headphones,1,5/26/2019 7:55
201547,Google Phone,1,5/21/2019 13:49
201547,USB-C Charging Cable,1,5/21/2019 13:49
201548,AA Batteries (4-pack),1,5/15/2019 10:40
201549,Flatscreen TV,1,5/2/2019 18:57
201550,AAA Batteries (4-pack),2,5/11/2019 10:14
201551,Flatscreen TV,1,5/8/2019 21:16
201552,Lightning Charging Cable,1,5/28/2019 4:57
201553,Flatscreen TV,1,5/26/2019 17:41
201554,27in 4K Gaming Monitor,1,5/5/2019 11:25
201555,Google Phone,1,5/21/2019 13:28
201556,Google Phone,1,5/24/2019 14:32
201557,AA Batteries (4-pack),1,5/30/2019 10:47
201558,iPhone,1,5/26/2019 15:26
201558,Lightning Charging Cable,1,5/26/2019 15:26
201559,Apple Airpods Headphones,1,5/16/2019 22:57
201560,Bose SoundSport Headphones,1,5/10/2019 15:59
201561,Bose SoundSport Headphones,1,5/1/2019 7:36
201562,USB-C Charging Cable,1,5/3/2019 12:18
201563,AA Batteries (4-pack),1,5/20/2019 17:09
201564,Wired Headphones,1,5/28/2019 8:31
201565,Apple Airpods Headphones,1,5/20/2019 15:57
201566,USB-C Charging Cable,1,5/8/2019 21:57
201567,AA Batteries (4-pack),2,5/21/2019 19:03
201568,USB-C Charging Cable,1,5/27/2019 7:54
201569,Vareebadd Phone,1,5/14/2019 21:28
201570,AAA Batteries (4-pack),1,5/18/2019 11:21
201571,AAA Batteries (4-pack),1,5/27/2019 10:22
201572,Lightning Charging Cable,1,5/20/2019 19:33
201573,Lightning Charging Cable,1,5/23/2019 20:19
201574,Lightning Charging Cable,1,5/14/2019 8:04
201575,Lightning Charging Cable,1,5/15/2019 14:19
201576,Wired Headphones,1,5/28/2019 22:23
201577,Apple Airpods Headphones,1,5/3/2019 12:00
201578,Wired Headphones,1,5/14/2019 16:52
201579,Lightning Charging Cable,1,5/9/2019 19:01
201579,Flatscreen TV,1,5/9/2019 19:01
201580,Apple Airpods Headphones,1,5/10/2019 22:31
201581,Wired Headphones,1,5/3/2019 15:53
201582,ThinkPad Laptop,1,5/12/2019 20:33
201583,Wired Headphones,1,5/7/2019 23:13
201584,Macbook Pro Laptop,1,5/5/2019 16:47
201585,USB-C Charging Cable,1,5/12/2019 8:24
201586,Flatscreen TV,1,5/31/2019 21:49
201587,Apple Airpods Headphones,1,5/7/2019 13:01
201588,27in 4K Gaming Monitor,1,5/31/2019 0:28
201589,AAA Batteries (4-pack),1,5/7/2019 18:06
201590,Wired Headphones,1,5/20/2019 1:32
201591,Apple Airpods Headphones,1,5/28/2019 8:26
201592,Google Phone,1,5/22/2019 13:57
201593,AA Batteries (4-pack),1,5/28/2019 12:45
201594,AA Batteries (4-pack),1,5/16/2019 22:03
201595,AA Batteries (4-pack),1,5/2/2019 9:03
201596,Bose SoundSport Headphones,1,5/6/2019 9:53
201597,Wired Headphones,1,5/26/2019 23:50
201598,Apple Airpods Headphones,1,5/30/2019 12:08
201599,AA Batteries (4-pack),1,5/1/2019 20:42
201600,Lightning Charging Cable,1,5/5/2019 21:07
201601,AAA Batteries (4-pack),4,5/31/2019 11:26
201602,Bose SoundSport Headphones,1,5/12/2019 0:24
201603,AA Batteries (4-pack),1,5/4/2019 19:39
201604,AA Batteries (4-pack),3,5/31/2019 21:55
201605,Bose SoundSport Headphones,1,5/7/2019 9:34
201606,AA Batteries (4-pack),1,5/2/2019 14:07
201606,AA Batteries (4-pack),1,5/2/2019 14:07
201607,Bose SoundSport Headphones,1,5/9/2019 9:57
201608,USB-C Charging Cable,1,5/3/2019 18:56
201609,Vareebadd Phone,1,5/1/2019 16:49
201610,Apple Airpods Headphones,1,5/28/2019 2:00
201611,20in Monitor,1,5/10/2019 12:40
201612,27in 4K Gaming Monitor,1,5/15/2019 11:18
201613,20in Monitor,1,5/21/2019 19:04
201614,AA Batteries (4-pack),1,5/15/2019 19:01
201615,ThinkPad Laptop,1,5/7/2019 22:06
201616,Wired Headphones,1,5/20/2019 13:04
201617,AA Batteries (4-pack),1,5/19/2019 11:33
201618,AA Batteries (4-pack),1,5/13/2019 18:48
201619,Apple Airpods Headphones,1,5/12/2019 13:55
201620,Lightning Charging Cable,1,5/9/2019 12:39
201621,Lightning Charging Cable,1,5/2/2019 18:13
201622,Lightning Charging Cable,1,5/18/2019 11:19
201623,ThinkPad Laptop,1,5/4/2019 16:17
201624,AA Batteries (4-pack),1,5/18/2019 11:23
201625,Bose SoundSport Headphones,1,5/27/2019 12:28
201626,USB-C Charging Cable,1,5/2/2019 19:00
201627,Google Phone,1,5/25/2019 16:55
201628,27in FHD Monitor,1,5/10/2019 15:36
201629,USB-C Charging Cable,1,5/10/2019 21:00
201630,20in Monitor,1,5/28/2019 11:11
201631,USB-C Charging Cable,1,5/9/2019 18:50
201632,USB-C Charging Cable,1,5/13/2019 20:45
201633,USB-C Charging Cable,1,5/1/2019 22:40
201634,AAA Batteries (4-pack),1,5/19/2019 20:14
201635,iPhone,1,5/27/2019 9:58
201636,AAA Batteries (4-pack),1,5/28/2019 18:29
201637,AA Batteries (4-pack),1,5/5/2019 11:43
201638,Bose SoundSport Headphones,1,5/11/2019 21:32
201639,34in Ultrawide Monitor,1,5/3/2019 12:46
201640,Lightning Charging Cable,1,5/3/2019 23:01
201641,Wired Headphones,1,5/8/2019 13:52
201642,Bose SoundSport Headphones,1,5/27/2019 13:46
201643,Lightning Charging Cable,1,5/20/2019 14:24
201644,AA Batteries (4-pack),1,5/11/2019 16:11
201645,Flatscreen TV,1,5/8/2019 12:16
201646,Bose SoundSport Headphones,1,5/13/2019 12:48
201647,iPhone,1,5/20/2019 11:34
201648,iPhone,1,5/2/2019 10:17
201649,Apple Airpods Headphones,1,5/2/2019 8:09
201650,34in Ultrawide Monitor,1,5/7/2019 18:25
201651,Wired Headphones,1,5/29/2019 20:53
201652,AAA Batteries (4-pack),1,5/30/2019 12:09
201653,iPhone,1,5/21/2019 22:06
201654,20in Monitor,1,5/14/2019 12:23
201655,AAA Batteries (4-pack),3,5/10/2019 13:53
201656,USB-C Charging Cable,1,5/13/2019 19:07
201657,Wired Headphones,1,5/5/2019 14:32
201658,Macbook Pro Laptop,1,5/11/2019 18:15
201659,iPhone,1,5/29/2019 13:21
201660,Macbook Pro Laptop,1,5/2/2019 14:17
201661,USB-C Charging Cable,1,5/10/2019 11:17
201662,AAA Batteries (4-pack),1,5/22/2019 11:32
201663,20in Monitor,1,5/18/2019 18:22
201664,ThinkPad Laptop,1,5/25/2019 20:49
201665,34in Ultrawide Monitor,1,5/1/2019 17:04
201666,Flatscreen TV,1,5/1/2019 14:18
201667,AAA Batteries (4-pack),1,5/15/2019 9:52
201668,Bose SoundSport Headphones,1,5/24/2019 22:15
201669,Wired Headphones,1,5/14/2019 10:31
201670,iPhone,1,5/28/2019 20:35
201671,Vareebadd Phone,1,5/2/2019 20:27
201672,27in 4K Gaming Monitor,1,5/13/2019 16:44
201672,Wired Headphones,1,5/13/2019 16:44
201673,Wired Headphones,1,5/22/2019 4:56
201674,USB-C Charging Cable,1,5/24/2019 14:52
201675,Lightning Charging Cable,1,5/24/2019 8:37
201676,Vareebadd Phone,1,5/12/2019 16:26
201676,AAA Batteries (4-pack),1,5/12/2019 16:26
201677,Lightning Charging Cable,1,5/2/2019 23:49
201678,Flatscreen TV,1,5/11/2019 19:47
201679,27in FHD Monitor,1,5/14/2019 15:03
201680,Wired Headphones,1,5/6/2019 16:33
201681,Bose SoundSport Headphones,1,5/28/2019 18:35
201682,AA Batteries (4-pack),1,5/14/2019 15:27
201683,AAA Batteries (4-pack),1,5/10/2019 10:42
201684,AAA Batteries (4-pack),2,5/30/2019 18:01
201685,AAA Batteries (4-pack),5,5/27/2019 17:33
201686,Apple Airpods Headphones,1,5/28/2019 18:38
201687,Wired Headphones,1,5/10/2019 12:44
201688,AAA Batteries (4-pack),5,5/17/2019 20:14
201689,AAA Batteries (4-pack),1,5/29/2019 13:00
201690,USB-C Charging Cable,1,5/9/2019 0:10
201691,Wired Headphones,1,5/10/2019 9:25
201692,Wired Headphones,1,5/4/2019 14:38
201693,Apple Airpods Headphones,1,5/13/2019 19:34
201694,Apple Airpods Headphones,1,5/17/2019 18:15
201695,Apple Airpods Headphones,1,5/4/2019 22:23
201696,Wired Headphones,1,5/21/2019 12:08
201697,Lightning Charging Cable,1,5/30/2019 19:42
201698,iPhone,1,5/7/2019 12:33
201699,27in FHD Monitor,1,5/6/2019 10:48
201700,AA Batteries (4-pack),2,5/1/2019 17:51
201700,20in Monitor,1,5/1/2019 17:51
201701,20in Monitor,1,5/24/2019 21:18
201702,AA Batteries (4-pack),1,5/2/2019 12:56
201703,27in 4K Gaming Monitor,1,5/14/2019 14:28
201704,Macbook Pro Laptop,1,5/17/2019 7:03
201705,27in 4K Gaming Monitor,1,5/13/2019 13:13
201706,iPhone,1,5/28/2019 21:30
201707,27in FHD Monitor,1,5/3/2019 13:17
201708,USB-C Charging Cable,1,5/2/2019 5:24
201708,LG Dryer,1,5/2/2019 5:24
201709,AA Batteries (4-pack),1,5/18/2019 14:41
201710,27in 4K Gaming Monitor,1,5/3/2019 18:40
201711,Wired Headphones,3,5/3/2019 16:28
201712,Bose SoundSport Headphones,1,5/27/2019 9:03
201713,AAA Batteries (4-pack),3,5/21/2019 3:57
201714,Apple Airpods Headphones,1,5/23/2019 2:28
201715,AAA Batteries (4-pack),1,5/30/2019 13:12
201716,iPhone,1,5/22/2019 17:21
201717,Wired Headphones,1,5/6/2019 15:07
201718,AAA Batteries (4-pack),3,5/13/2019 16:48
201719,AAA Batteries (4-pack),1,5/28/2019 15:43
201720,Vareebadd Phone,1,5/14/2019 21:09
201720,USB-C Charging Cable,1,5/14/2019 21:09
201721,AA Batteries (4-pack),1,5/12/2019 14:02
201722,Lightning Charging Cable,1,5/19/2019 8:37
201723,AAA Batteries (4-pack),2,5/28/2019 14:35
201724,ThinkPad Laptop,1,5/22/2019 19:41
201725,Macbook Pro Laptop,1,5/10/2019 17:31
201726,AA Batteries (4-pack),3,5/7/2019 13:35
201727,AAA Batteries (4-pack),1,5/8/2019 17:00
201727,AAA Batteries (4-pack),1,5/8/2019 17:00
201728,Macbook Pro Laptop,1,5/23/2019 22:14
201729,Apple Airpods Headphones,1,5/17/2019 17:51
201729,Lightning Charging Cable,1,5/17/2019 17:51
201730,Bose SoundSport Headphones,1,5/7/2019 23:03
201730,AAA Batteries (4-pack),3,5/7/2019 23:03
201731,USB-C Charging Cable,1,5/20/2019 12:43
201732,AA Batteries (4-pack),1,5/17/2019 22:31
201733,Google Phone,1,5/8/2019 13:45
201734,Google Phone,1,5/19/2019 11:32
201735,Lightning Charging Cable,1,5/22/2019 15:35
201736,AAA Batteries (4-pack),1,5/1/2019 13:00
201737,Bose SoundSport Headphones,1,5/28/2019 16:52
201738,Lightning Charging Cable,1,5/19/2019 17:19
201739,AA Batteries (4-pack),1,5/11/2019 20:45
201740,Google Phone,1,5/31/2019 18:45
201741,20in Monitor,1,5/26/2019 0:06
201742,Wired Headphones,1,5/9/2019 10:05
201743,Lightning Charging Cable,1,5/4/2019 20:16
201744,Apple Airpods Headphones,1,5/19/2019 22:57
201745,Lightning Charging Cable,1,5/8/2019 22:28
201746,Lightning Charging Cable,1,5/4/2019 14:05
201747,Wired Headphones,1,5/5/2019 12:03
201748,Lightning Charging Cable,1,5/7/2019 10:32
201749,Bose SoundSport Headphones,1,5/12/2019 17:28
201750,27in FHD Monitor,1,5/7/2019 15:48
201751,Lightning Charging Cable,1,5/9/2019 17:02
201752,Lightning Charging Cable,1,5/21/2019 14:14
201753,iPhone,1,5/27/2019 6:33
201754,Apple Airpods Headphones,1,5/26/2019 21:12
201755,AAA Batteries (4-pack),1,5/2/2019 11:38
201756,27in FHD Monitor,1,5/5/2019 0:27
201757,20in Monitor,1,5/31/2019 10:58
201758,Lightning Charging Cable,1,5/5/2019 18:33
201759,Lightning Charging Cable,1,5/4/2019 21:07
201760,AAA Batteries (4-pack),1,5/30/2019 6:21
201761,Lightning Charging Cable,1,5/15/2019 7:21
201762,ThinkPad Laptop,1,5/31/2019 17:09
201763,iPhone,1,5/17/2019 9:05
201764,Vareebadd Phone,1,5/26/2019 16:45
201765,Macbook Pro Laptop,1,5/11/2019 23:24
201766,ThinkPad Laptop,1,5/23/2019 11:48
201767,34in Ultrawide Monitor,1,5/20/2019 2:07
201768,Lightning Charging Cable,1,5/26/2019 13:10
201769,Bose SoundSport Headphones,1,5/7/2019 12:17
201770,20in Monitor,1,5/17/2019 20:46
201771,20in Monitor,1,5/1/2019 21:17
201772,34in Ultrawide Monitor,1,5/20/2019 12:36
201773,Bose SoundSport Headphones,1,5/2/2019 20:16
201774,27in 4K Gaming Monitor,1,5/21/2019 13:38
201775,Google Phone,1,5/23/2019 13:52
201775,USB-C Charging Cable,1,5/23/2019 13:52
201775,Wired Headphones,1,5/23/2019 13:52
201776,USB-C Charging Cable,1,5/14/2019 9:33
201777,27in 4K Gaming Monitor,1,5/14/2019 9:42
201778,USB-C Charging Cable,1,5/19/2019 19:51
201779,Flatscreen TV,1,5/7/2019 8:53
201780,Wired Headphones,1,5/29/2019 13:32
201781,Google Phone,1,5/6/2019 11:11
201782,34in Ultrawide Monitor,1,5/30/2019 9:28
201783,AAA Batteries (4-pack),1,5/5/2019 18:19
201784,Lightning Charging Cable,1,5/16/2019 11:24
201785,AAA Batteries (4-pack),2,5/14/2019 14:22
201786,27in FHD Monitor,1,5/30/2019 13:30
201787,27in FHD Monitor,1,5/14/2019 9:58
201788,AAA Batteries (4-pack),1,5/20/2019 18:27
201789,34in Ultrawide Monitor,1,5/30/2019 18:55
201789,iPhone,1,5/30/2019 18:55
201790,Lightning Charging Cable,1,5/28/2019 15:37
201791,Wired Headphones,1,5/28/2019 11:51
201792,Lightning Charging Cable,1,5/20/2019 18:36
201792,USB-C Charging Cable,1,5/20/2019 18:36
201793,Apple Airpods Headphones,1,5/20/2019 8:23
201794,Apple Airpods Headphones,1,5/28/2019 11:29
201795,Wired Headphones,1,5/27/2019 14:06
201796,Wired Headphones,2,5/19/2019 7:26
201797,27in 4K Gaming Monitor,1,5/5/2019 22:01
201798,iPhone,1,5/5/2019 16:56
201798,Lightning Charging Cable,1,5/5/2019 16:56
201799,27in FHD Monitor,1,5/8/2019 9:56
201800,USB-C Charging Cable,2,5/14/2019 9:42
201801,USB-C Charging Cable,1,5/22/2019 10:12
201802,Vareebadd Phone,1,5/19/2019 14:53
201802,USB-C Charging Cable,1,5/19/2019 14:53
201803,USB-C Charging Cable,1,5/20/2019 12:51
201804,Lightning Charging Cable,1,5/26/2019 1:14
201805,AAA Batteries (4-pack),4,5/5/2019 15:41
201806,ThinkPad Laptop,1,5/23/2019 11:38
201807,Bose SoundSport Headphones,1,5/28/2019 14:59
201808,34in Ultrawide Monitor,1,5/28/2019 8:18
201809,AAA Batteries (4-pack),2,5/4/2019 7:27
201810,Wired Headphones,1,5/9/2019 17:33
201811,Lightning Charging Cable,1,5/27/2019 21:22
201812,USB-C Charging Cable,1,5/22/2019 20:41
201813,Apple Airpods Headphones,1,5/3/2019 15:36
201814,Google Phone,1,5/16/2019 16:54
201815,USB-C Charging Cable,1,5/31/2019 16:30
201816,Apple Airpods Headphones,1,5/16/2019 18:17
201817,LG Dryer,1,5/7/2019 22:35
201818,Apple Airpods Headphones,1,5/28/2019 18:46
201819,AAA Batteries (4-pack),1,5/5/2019 17:09
201820,USB-C Charging Cable,1,5/8/2019 16:30
201821,Wired Headphones,1,5/23/2019 7:00
201822,Lightning Charging Cable,1,5/22/2019 11:26
201823,Lightning Charging Cable,1,5/3/2019 16:56
201824,ThinkPad Laptop,1,5/7/2019 14:32
201825,AA Batteries (4-pack),3,5/11/2019 7:57
201826,LG Washing Machine,1,5/18/2019 10:04
201827,Bose SoundSport Headphones,1,5/15/2019 21:38
201828,USB-C Charging Cable,1,5/2/2019 18:16
201829,AA Batteries (4-pack),4,5/9/2019 17:05
201830,AAA Batteries (4-pack),2,5/26/2019 18:13
201831,AAA Batteries (4-pack),2,5/15/2019 15:59
201832,iPhone,1,5/9/2019 12:32
201833,ThinkPad Laptop,1,5/22/2019 17:16
201834,AA Batteries (4-pack),1,5/10/2019 23:36
201835,AAA Batteries (4-pack),1,5/2/2019 19:38
201836,AA Batteries (4-pack),2,5/14/2019 16:43
201837,AAA Batteries (4-pack),1,5/20/2019 18:40
201838,AA Batteries (4-pack),1,5/14/2019 0:31
201839,USB-C Charging Cable,1,5/7/2019 13:57
201840,20in Monitor,1,5/20/2019 21:51
201841,Lightning Charging Cable,1,5/22/2019 12:21
201842,Macbook Pro Laptop,1,5/2/2019 19:49
201843,27in FHD Monitor,1,5/10/2019 13:42
201844,AAA Batteries (4-pack),5,5/18/2019 14:22
201845,Flatscreen TV,1,5/25/2019 23:41
201846,AA Batteries (4-pack),2,5/17/2019 12:00
201847,Lightning Charging Cable,1,5/6/2019 16:46
201848,27in 4K Gaming Monitor,1,5/18/2019 21:21
201849,27in FHD Monitor,1,5/24/2019 9:51
201850,AA Batteries (4-pack),1,5/4/2019 20:59
201851,Wired Headphones,1,5/7/2019 8:48
201852,34in Ultrawide Monitor,1,5/31/2019 7:50
201853,Lightning Charging Cable,1,5/11/2019 2:13
201854,Google Phone,1,5/27/2019 23:38
201855,USB-C Charging Cable,1,5/14/2019 8:46
201856,Apple Airpods Headphones,1,5/24/2019 10:10
201857,27in 4K Gaming Monitor,1,5/7/2019 19:40
201858,Wired Headphones,2,5/2/2019 19:56
201859,AA Batteries (4-pack),1,5/13/2019 19:47
201860,Macbook Pro Laptop,1,5/3/2019 22:27
201861,AA Batteries (4-pack),2,5/30/2019 10:44
201862,USB-C Charging Cable,1,5/11/2019 19:23
201863,27in FHD Monitor,1,5/8/2019 14:59
201864,Apple Airpods Headphones,1,5/28/2019 10:40
201865,AA Batteries (4-pack),1,5/30/2019 15:54
201866,Lightning Charging Cable,1,5/10/2019 15:40
201867,34in Ultrawide Monitor,1,5/27/2019 16:54
201868,Wired Headphones,1,5/16/2019 12:24
201869,AAA Batteries (4-pack),1,5/14/2019 8:19
201870,LG Washing Machine,1,5/29/2019 13:00
201871,Bose SoundSport Headphones,1,5/10/2019 12:09
201872,Lightning Charging Cable,1,5/5/2019 12:36
201873,Wired Headphones,1,5/12/2019 11:54
201874,27in 4K Gaming Monitor,1,5/7/2019 13:53
201875,34in Ultrawide Monitor,1,5/16/2019 8:12
201876,Wired Headphones,1,5/28/2019 1:01
201877,Apple Airpods Headphones,1,5/10/2019 21:54
201878,Google Phone,1,5/10/2019 12:14
201879,Apple Airpods Headphones,1,5/11/2019 17:54
201880,Macbook Pro Laptop,1,5/19/2019 8:08
201881,Wired Headphones,1,5/16/2019 8:25
201882,34in Ultrawide Monitor,1,5/17/2019 18:05
201883,Apple Airpods Headphones,1,5/21/2019 20:16
201884,Lightning Charging Cable,1,5/23/2019 16:09
201885,Lightning Charging Cable,3,5/22/2019 22:46
201886,Flatscreen TV,1,5/7/2019 17:25
201887,Apple Airpods Headphones,1,5/14/2019 19:29
201888,USB-C Charging Cable,1,5/1/2019 16:40
201889,Wired Headphones,3,5/1/2019 7:31
201890,Lightning Charging Cable,1,5/14/2019 0:16
201891,AAA Batteries (4-pack),1,5/20/2019 14:01
201892,AAA Batteries (4-pack),1,5/28/2019 11:00
201893,AAA Batteries (4-pack),1,5/28/2019 11:14
201894,27in FHD Monitor,1,5/25/2019 10:15
201895,Wired Headphones,1,5/3/2019 8:42
201896,34in Ultrawide Monitor,1,5/30/2019 20:40
201897,AA Batteries (4-pack),1,5/20/2019 20:34
201898,AA Batteries (4-pack),1,5/25/2019 16:18
201899,USB-C Charging Cable,1,5/25/2019 22:39
201900,Lightning Charging Cable,1,5/4/2019 14:51
201901,20in Monitor,1,5/2/2019 17:28
201902,AA Batteries (4-pack),2,5/28/2019 20:23
201903,Bose SoundSport Headphones,1,5/11/2019 8:59
201904,Lightning Charging Cable,2,5/5/2019 23:31
201905,Wired Headphones,1,5/6/2019 0:15
201906,Wired Headphones,1,5/22/2019 9:13
201907,AAA Batteries (4-pack),2,5/29/2019 11:25
201908,AAA Batteries (4-pack),1,5/25/2019 8:59
201909,Lightning Charging Cable,1,5/27/2019 10:57
201910,AAA Batteries (4-pack),1,5/8/2019 17:42
201911,Apple Airpods Headphones,1,5/6/2019 20:52
201912,Apple Airpods Headphones,1,5/8/2019 6:41
201913,AAA Batteries (4-pack),2,5/1/2019 20:37
201914,AA Batteries (4-pack),1,5/11/2019 20:43
201915,AAA Batteries (4-pack),2,5/16/2019 9:19
201916,Wired Headphones,1,5/26/2019 22:00
201917,Google Phone,1,5/25/2019 23:06
201917,USB-C Charging Cable,1,5/25/2019 23:06
201918,USB-C Charging Cable,1,5/17/2019 19:04
201919,34in Ultrawide Monitor,1,5/31/2019 12:47
201920,USB-C Charging Cable,1,5/13/2019 20:02
201921,AA Batteries (4-pack),1,5/28/2019 21:46
201922,Wired Headphones,1,5/16/2019 12:38
201923,Wired Headphones,2,5/29/2019 13:36
201924,27in FHD Monitor,1,5/24/2019 21:39
201925,Flatscreen TV,1,5/29/2019 14:57
201926,Bose SoundSport Headphones,1,5/8/2019 19:22
201927,27in 4K Gaming Monitor,1,5/30/2019 13:01
201928,Google Phone,1,5/20/2019 14:20
201929,Lightning Charging Cable,1,5/22/2019 19:39
201930,AAA Batteries (4-pack),1,5/10/2019 1:20
201931,Flatscreen TV,1,5/11/2019 0:13
201932,Lightning Charging Cable,1,5/20/2019 9:38
201933,AA Batteries (4-pack),1,5/19/2019 10:47
201934,Flatscreen TV,1,5/18/2019 8:06
201935,Bose SoundSport Headphones,1,5/27/2019 10:29
201936,Lightning Charging Cable,1,5/13/2019 16:03
201937,AA Batteries (4-pack),1,5/30/2019 11:01
201938,iPhone,1,5/10/2019 18:20
201939,Apple Airpods Headphones,1,5/23/2019 7:06
201939,Flatscreen TV,1,5/23/2019 7:06
201940,27in FHD Monitor,1,5/4/2019 23:00
201941,AA Batteries (4-pack),1,5/22/2019 8:37
201942,Apple Airpods Headphones,1,5/21/2019 12:06
201943,27in 4K Gaming Monitor,1,5/26/2019 10:44
201944,AA Batteries (4-pack),1,5/25/2019 14:37
201945,Lightning Charging Cable,1,5/25/2019 18:04
201946,27in 4K Gaming Monitor,1,5/22/2019 8:30
201947,LG Dryer,1,5/17/2019 19:21
201948,AAA Batteries (4-pack),1,5/30/2019 16:27
201948,Lightning Charging Cable,1,5/30/2019 16:27
201949,Apple Airpods Headphones,1,5/20/2019 20:16
201950,Lightning Charging Cable,1,5/15/2019 13:34
201951,Apple Airpods Headphones,1,5/19/2019 11:57
201952,Lightning Charging Cable,1,5/24/2019 18:53
201953,Apple Airpods Headphones,1,5/13/2019 12:20
201954,AAA Batteries (4-pack),2,5/17/2019 21:27
201955,Apple Airpods Headphones,1,5/13/2019 10:09
201955,AA Batteries (4-pack),1,5/13/2019 10:09
201956,27in 4K Gaming Monitor,1,5/11/2019 18:54
201957,AAA Batteries (4-pack),3,5/24/2019 16:49
201958,Wired Headphones,1,5/21/2019 13:14
201959,AAA Batteries (4-pack),2,5/23/2019 21:30
201960,AA Batteries (4-pack),2,5/10/2019 15:33
201961,Apple Airpods Headphones,1,5/28/2019 11:18
201962,iPhone,1,5/20/2019 17:00
201962,Wired Headphones,1,5/20/2019 17:00
201963,AA Batteries (4-pack),1,5/21/2019 9:34
201964,Google Phone,1,5/17/2019 23:02
201965,iPhone,1,5/11/2019 15:21
201966,iPhone,1,5/25/2019 17:40
201967,USB-C Charging Cable,1,5/17/2019 10:31
201968,Macbook Pro Laptop,1,5/12/2019 11:33
201969,Lightning Charging Cable,1,5/4/2019 19:03
201970,AA Batteries (4-pack),1,5/13/2019 18:43
201971,AA Batteries (4-pack),1,5/10/2019 12:37
201972,USB-C Charging Cable,1,5/26/2019 14:24
201973,27in 4K Gaming Monitor,1,5/26/2019 18:56
201974,ThinkPad Laptop,1,5/19/2019 17:09
201975,iPhone,1,5/12/2019 23:15
201976,Lightning Charging Cable,1,5/25/2019 23:08
201977,USB-C Charging Cable,1,5/14/2019 21:11
201978,USB-C Charging Cable,1,5/10/2019 7:39
201979,AA Batteries (4-pack),1,5/8/2019 19:04
201979,Wired Headphones,1,5/8/2019 19:04
201980,Wired Headphones,1,5/19/2019 16:51
201981,Wired Headphones,1,5/22/2019 14:11
201982,Wired Headphones,1,5/16/2019 20:58
201983,AAA Batteries (4-pack),1,5/15/2019 19:48
201984,Lightning Charging Cable,1,5/29/2019 12:37
201985,Apple Airpods Headphones,1,5/13/2019 17:11
201986,USB-C Charging Cable,2,5/19/2019 11:07
201987,Wired Headphones,1,5/28/2019 21:07
201988,USB-C Charging Cable,1,5/7/2019 9:51
201989,Lightning Charging Cable,1,5/1/2019 23:49
201990,USB-C Charging Cable,1,5/4/2019 6:37
201991,AA Batteries (4-pack),1,5/20/2019 11:28
201992,Lightning Charging Cable,1,5/19/2019 11:56
201993,Apple Airpods Headphones,1,5/6/2019 12:22
201994,LG Dryer,1,5/12/2019 17:37
201995,AA Batteries (4-pack),1,5/25/2019 17:43
201996,Apple Airpods Headphones,1,5/13/2019 14:35
201997,27in FHD Monitor,1,5/24/2019 0:14
201998,27in FHD Monitor,1,5/1/2019 18:41
201999,AAA Batteries (4-pack),4,5/26/2019 20:35
202000,AAA Batteries (4-pack),2,5/17/2019 10:24
202001,Lightning Charging Cable,1,5/25/2019 15:44
202002,Google Phone,1,5/21/2019 10:58
202003,iPhone,1,5/10/2019 16:27
202004,Wired Headphones,1,5/17/2019 14:19
202005,34in Ultrawide Monitor,1,5/19/2019 23:27
202006,AAA Batteries (4-pack),2,5/10/2019 14:26
202007,Lightning Charging Cable,1,5/31/2019 21:17
202008,USB-C Charging Cable,1,5/6/2019 21:22
202009,iPhone,1,5/10/2019 23:53
202010,AA Batteries (4-pack),1,5/20/2019 16:06
202011,Google Phone,1,5/15/2019 12:53
202012,Lightning Charging Cable,1,5/9/2019 11:13
202013,27in FHD Monitor,1,5/7/2019 10:31
202014,AA Batteries (4-pack),1,5/25/2019 17:38
202015,AA Batteries (4-pack),1,5/1/2019 11:05
202016,Bose SoundSport Headphones,1,5/13/2019 19:45
202016,iPhone,1,5/13/2019 19:45
202017,Bose SoundSport Headphones,1,5/30/2019 19:05
202018,AA Batteries (4-pack),1,5/17/2019 12:38
202019,Bose SoundSport Headphones,1,5/27/2019 10:39
202020,AAA Batteries (4-pack),1,5/29/2019 5:39
202021,Bose SoundSport Headphones,1,5/31/2019 18:29
202022,AAA Batteries (4-pack),1,5/3/2019 22:54
202023,Wired Headphones,2,5/30/2019 14:22
202024,Bose SoundSport Headphones,1,5/28/2019 11:58
202025,USB-C Charging Cable,1,5/5/2019 20:03
202026,Macbook Pro Laptop,1,5/12/2019 14:05
202027,iPhone,1,5/10/2019 15:14
202028,Wired Headphones,1,5/17/2019 17:51
202029,Flatscreen TV,1,5/29/2019 8:09
202030,Apple Airpods Headphones,1,5/20/2019 12:22
202031,Apple Airpods Headphones,1,5/20/2019 11:58
202032,20in Monitor,1,5/23/2019 17:36
202033,Wired Headphones,1,5/29/2019 19:45
202034,AA Batteries (4-pack),2,5/15/2019 14:46
202035,27in FHD Monitor,1,5/9/2019 17:34
202036,27in FHD Monitor,1,5/18/2019 23:00
202037,27in 4K Gaming Monitor,1,5/13/2019 22:49
202038,USB-C Charging Cable,1,5/23/2019 14:13
202039,Apple Airpods Headphones,1,5/29/2019 10:51
202040,AA Batteries (4-pack),2,5/8/2019 20:36
202041,Lightning Charging Cable,1,5/22/2019 17:13
202042,AAA Batteries (4-pack),1,5/7/2019 20:18
202043,AA Batteries (4-pack),1,5/5/2019 11:47
202044,Lightning Charging Cable,1,5/11/2019 9:15
202045,AAA Batteries (4-pack),1,5/4/2019 20:31
202046,Lightning Charging Cable,1,5/15/2019 11:23
202047,Macbook Pro Laptop,1,5/31/2019 20:03
202048,34in Ultrawide Monitor,1,5/15/2019 14:13
202049,iPhone,1,5/24/2019 23:33
202050,ThinkPad Laptop,1,5/31/2019 7:25
202051,Wired Headphones,1,5/14/2019 20:14
202052,Apple Airpods Headphones,1,5/30/2019 19:52
202053,Wired Headphones,1,5/28/2019 11:53
202054,AA Batteries (4-pack),3,5/24/2019 17:13
202055,Flatscreen TV,1,5/31/2019 9:44
202056,Wired Headphones,1,5/15/2019 14:58
202057,34in Ultrawide Monitor,1,5/26/2019 19:57
202058,Bose SoundSport Headphones,1,5/21/2019 18:26
202059,AAA Batteries (4-pack),1,5/12/2019 15:50
202060,27in 4K Gaming Monitor,1,5/4/2019 14:33
202061,LG Dryer,1,5/15/2019 20:47
202062,AA Batteries (4-pack),1,5/9/2019 17:04
202063,27in 4K Gaming Monitor,1,5/20/2019 11:52
202064,USB-C Charging Cable,1,5/10/2019 4:50
202065,AA Batteries (4-pack),1,5/26/2019 8:01
202066,AA Batteries (4-pack),1,5/16/2019 1:37
202066,iPhone,1,5/16/2019 1:37
202067,AAA Batteries (4-pack),1,5/2/2019 22:17
202068,Google Phone,1,5/24/2019 19:45
202069,AA Batteries (4-pack),2,5/21/2019 12:42
202070,Wired Headphones,1,5/4/2019 11:51
202071,Apple Airpods Headphones,1,5/19/2019 18:30
202072,AA Batteries (4-pack),2,5/9/2019 23:22
202073,iPhone,1,5/27/2019 19:38
202074,ThinkPad Laptop,1,5/29/2019 12:04
202075,Bose SoundSport Headphones,1,5/11/2019 23:57
202076,Lightning Charging Cable,1,5/1/2019 5:25
202077,AAA Batteries (4-pack),1,5/13/2019 19:58
202078,Bose SoundSport Headphones,1,5/23/2019 8:30
202079,Wired Headphones,1,5/8/2019 10:40
202080,Wired Headphones,1,5/8/2019 9:04
202081,Wired Headphones,1,5/28/2019 13:43
202082,27in 4K Gaming Monitor,1,5/1/2019 23:12
202083,AA Batteries (4-pack),1,5/5/2019 12:20
202084,27in FHD Monitor,1,5/25/2019 18:26
202085,USB-C Charging Cable,1,5/16/2019 16:05
202086,Apple Airpods Headphones,1,5/17/2019 8:00
202087,USB-C Charging Cable,1,5/4/2019 23:19
202088,AA Batteries (4-pack),1,5/17/2019 17:09
202089,Wired Headphones,1,5/22/2019 13:24
202090,Bose SoundSport Headphones,1,5/27/2019 15:44
202091,Wired Headphones,1,5/25/2019 6:27
202092,27in FHD Monitor,1,5/14/2019 21:34
202093,USB-C Charging Cable,1,5/10/2019 13:42
202094,Wired Headphones,1,5/16/2019 19:03
202095,Google Phone,1,5/15/2019 17:17
202096,Lightning Charging Cable,1,5/18/2019 9:34
202097,Wired Headphones,1,5/11/2019 5:48
202097,AA Batteries (4-pack),2,5/11/2019 5:48
202098,iPhone,1,5/10/2019 17:10
202099,34in Ultrawide Monitor,1,5/1/2019 10:57
202100,USB-C Charging Cable,1,5/21/2019 18:06
202101,AAA Batteries (4-pack),1,5/14/2019 12:23
202102,AA Batteries (4-pack),1,5/19/2019 23:02
202103,Apple Airpods Headphones,1,5/31/2019 6:51
202104,USB-C Charging Cable,1,5/29/2019 13:47
202105,Google Phone,1,5/2/2019 14:56
202106,Bose SoundSport Headphones,1,5/18/2019 11:04
202107,34in Ultrawide Monitor,1,5/8/2019 20:31
202108,Vareebadd Phone,1,5/29/2019 16:55
202109,27in FHD Monitor,1,5/26/2019 12:22
202110,Lightning Charging Cable,1,5/10/2019 20:55
202111,AA Batteries (4-pack),1,5/27/2019 12:44
202112,34in Ultrawide Monitor,1,5/4/2019 9:14
202113,AAA Batteries (4-pack),2,5/2/2019 8:37
202114,Wired Headphones,1,5/8/2019 19:54
202115,Bose SoundSport Headphones,1,5/8/2019 12:02
202116,AA Batteries (4-pack),1,5/21/2019 12:51
202117,27in 4K Gaming Monitor,1,5/6/2019 17:46
202118,Lightning Charging Cable,1,5/5/2019 12:29
202118,ThinkPad Laptop,1,5/5/2019 12:29
202119,AAA Batteries (4-pack),1,5/28/2019 9:40
202120,Wired Headphones,2,5/15/2019 20:04
202121,AAA Batteries (4-pack),1,5/28/2019 13:34
202122,AAA Batteries (4-pack),2,5/4/2019 22:52
202123,Apple Airpods Headphones,1,5/13/2019 11:59
202124,Wired Headphones,1,5/2/2019 13:54
202125,Lightning Charging Cable,1,5/20/2019 14:40
202126,Apple Airpods Headphones,1,5/16/2019 8:15
202126,Wired Headphones,1,5/16/2019 8:15
202127,AA Batteries (4-pack),2,5/27/2019 15:41
202128,Lightning Charging Cable,1,5/11/2019 8:56
202129,Lightning Charging Cable,1,5/22/2019 20:02
202130,Flatscreen TV,1,5/16/2019 11:47
202131,20in Monitor,1,5/4/2019 17:05
202132,20in Monitor,1,5/19/2019 7:45
202133,20in Monitor,1,5/11/2019 20:28
202134,Vareebadd Phone,1,5/19/2019 19:16
202135,Apple Airpods Headphones,1,5/25/2019 15:01
202136,LG Washing Machine,1,5/1/2019 19:25
202137,AAA Batteries (4-pack),2,5/19/2019 3:26
202138,Apple Airpods Headphones,1,5/17/2019 21:32
202138,AAA Batteries (4-pack),1,5/17/2019 21:32
202139,Bose SoundSport Headphones,1,5/18/2019 11:43
202140,Wired Headphones,1,5/7/2019 18:08
202141,AA Batteries (4-pack),1,5/13/2019 12:08
202142,27in FHD Monitor,1,5/11/2019 12:39
202143,Wired Headphones,1,5/14/2019 10:50
202144,iPhone,1,5/22/2019 13:13
202144,Wired Headphones,1,5/22/2019 13:13
202145,USB-C Charging Cable,1,5/22/2019 19:53
202146,USB-C Charging Cable,2,5/30/2019 7:59
202147,Wired Headphones,1,5/29/2019 18:22
202148,27in 4K Gaming Monitor,1,5/30/2019 7:17
202149,iPhone,1,5/19/2019 19:29
202150,Lightning Charging Cable,1,5/17/2019 16:54
202151,Lightning Charging Cable,1,5/5/2019 16:44
202152,27in 4K Gaming Monitor,1,5/20/2019 19:22
202153,AAA Batteries (4-pack),1,5/12/2019 22:05
202154,27in FHD Monitor,1,5/24/2019 11:21
202155,34in Ultrawide Monitor,1,5/18/2019 21:42
202156,Bose SoundSport Headphones,1,5/7/2019 9:38
202157,AA Batteries (4-pack),2,5/4/2019 18:43
202158,AAA Batteries (4-pack),1,5/25/2019 12:02
202159,27in FHD Monitor,1,5/12/2019 19:13
202160,27in FHD Monitor,1,5/7/2019 20:14
202161,34in Ultrawide Monitor,1,5/19/2019 16:52
202162,USB-C Charging Cable,1,5/28/2019 16:50
202163,AA Batteries (4-pack),1,5/6/2019 20:40
202164,34in Ultrawide Monitor,1,5/29/2019 14:05
202165,27in FHD Monitor,1,5/25/2019 2:36
202166,USB-C Charging Cable,1,5/29/2019 14:31
202167,USB-C Charging Cable,1,5/26/2019 8:44
202168,Macbook Pro Laptop,1,5/10/2019 16:41
202169,Google Phone,1,5/3/2019 18:07
202170,AA Batteries (4-pack),3,5/30/2019 19:44
202171,Lightning Charging Cable,2,5/8/2019 10:28
202172,AAA Batteries (4-pack),2,5/20/2019 21:24
202173,AA Batteries (4-pack),1,5/14/2019 12:02
202174,Lightning Charging Cable,1,5/27/2019 21:05
202175,Lightning Charging Cable,1,5/7/2019 19:26
202176,Lightning Charging Cable,1,5/17/2019 22:04
202177,Apple Airpods Headphones,1,5/15/2019 14:38
202178,USB-C Charging Cable,2,5/21/2019 22:20
202179,AAA Batteries (4-pack),1,5/10/2019 20:43
202180,AA Batteries (4-pack),2,5/6/2019 16:24
202181,AAA Batteries (4-pack),1,5/23/2019 10:18
202182,Apple Airpods Headphones,1,5/18/2019 19:43
202183,Bose SoundSport Headphones,1,5/16/2019 11:59
202184,AAA Batteries (4-pack),1,5/30/2019 9:33
202185,AAA Batteries (4-pack),2,5/6/2019 9:55
202186,Bose SoundSport Headphones,1,5/16/2019 7:09
202186,Bose SoundSport Headphones,1,5/16/2019 7:09
202187,Bose SoundSport Headphones,1,5/3/2019 21:55
202188,Google Phone,1,5/8/2019 16:20
202189,Wired Headphones,1,5/31/2019 18:42
202189,USB-C Charging Cable,1,5/31/2019 18:42
202190,Wired Headphones,1,5/6/2019 13:55
202191,Google Phone,1,5/4/2019 11:05
202192,27in 4K Gaming Monitor,1,5/31/2019 12:00
202193,Apple Airpods Headphones,1,5/24/2019 18:50
202194,Lightning Charging Cable,1,5/3/2019 13:04
202195,Wired Headphones,1,5/7/2019 15:43
202196,AA Batteries (4-pack),1,5/31/2019 10:58
202197,Wired Headphones,1,5/13/2019 2:23
202198,Wired Headphones,1,5/2/2019 17:08
202199,Lightning Charging Cable,1,5/16/2019 14:02
202200,Lightning Charging Cable,1,5/18/2019 15:47
202201,Lightning Charging Cable,2,5/25/2019 22:58
202202,34in Ultrawide Monitor,1,5/16/2019 23:07
202203,AAA Batteries (4-pack),1,5/28/2019 19:27
202204,AAA Batteries (4-pack),1,5/17/2019 16:16
202205,27in FHD Monitor,1,5/28/2019 12:32
202206,Lightning Charging Cable,1,5/23/2019 9:57
202207,Macbook Pro Laptop,1,5/10/2019 20:35
202208,USB-C Charging Cable,1,5/12/2019 16:26
202209,Bose SoundSport Headphones,1,5/31/2019 20:20
202210,Flatscreen TV,1,5/19/2019 19:38
202211,Apple Airpods Headphones,1,5/20/2019 14:52
202212,Macbook Pro Laptop,1,5/25/2019 13:19
202212,Macbook Pro Laptop,1,5/25/2019 13:19
202213,iPhone,1,5/31/2019 15:47
202214,Lightning Charging Cable,1,5/11/2019 20:39
202215,AA Batteries (4-pack),1,5/26/2019 21:48
202216,Wired Headphones,1,5/9/2019 20:12
202217,Lightning Charging Cable,1,5/2/2019 22:19
202218,Wired Headphones,1,5/30/2019 21:18
202219,Apple Airpods Headphones,1,5/26/2019 10:53
202220,Wired Headphones,1,5/12/2019 12:41
202221,Bose SoundSport Headphones,1,5/21/2019 22:44
202222,Bose SoundSport Headphones,1,5/8/2019 17:04
202223,Bose SoundSport Headphones,1,5/29/2019 11:25
202224,Lightning Charging Cable,1,5/19/2019 21:45
202225,Apple Airpods Headphones,1,5/5/2019 16:12
202226,34in Ultrawide Monitor,1,5/12/2019 21:05
202227,USB-C Charging Cable,1,5/28/2019 17:34
202228,AAA Batteries (4-pack),1,5/7/2019 1:12
202229,AA Batteries (4-pack),1,5/13/2019 16:16
202230,27in FHD Monitor,1,5/17/2019 4:17
202231,AAA Batteries (4-pack),2,5/7/2019 10:34
202232,USB-C Charging Cable,1,5/30/2019 21:36
202233,Google Phone,1,5/25/2019 16:08
202234,Apple Airpods Headphones,1,5/6/2019 14:57
,,,
202235,iPhone,1,5/28/2019 13:28
202236,Wired Headphones,1,5/13/2019 16:21
202236,USB-C Charging Cable,1,5/13/2019 16:21
202237,Flatscreen TV,1,5/14/2019 8:54
202238,Lightning Charging Cable,1,5/8/2019 14:45
202239,Bose SoundSport Headphones,1,5/22/2019 19:44
202240,34in Ultrawide Monitor,1,5/22/2019 16:24
202241,27in 4K Gaming Monitor,1,5/24/2019 20:09
202242,LG Washing Machine,1,5/22/2019 9:37
202243,AA Batteries (4-pack),1,5/3/2019 21:54
202244,Bose SoundSport Headphones,1,5/30/2019 11:13
202245,iPhone,1,5/15/2019 15:13
202245,Apple Airpods Headphones,1,5/15/2019 15:13
202246,Apple Airpods Headphones,1,5/2/2019 21:13
202247,Apple Airpods Headphones,1,5/13/2019 19:48
202248,Apple Airpods Headphones,1,5/13/2019 18:43
202249,34in Ultrawide Monitor,1,5/7/2019 14:21
202250,Bose SoundSport Headphones,1,5/19/2019 20:11
202251,AA Batteries (4-pack),2,5/27/2019 0:57
202252,Wired Headphones,1,5/9/2019 17:03
202253,LG Dryer,1,5/23/2019 10:47
202254,Lightning Charging Cable,1,5/12/2019 2:37
202255,AAA Batteries (4-pack),2,5/31/2019 10:24
202256,Apple Airpods Headphones,1,5/8/2019 20:18
202257,AA Batteries (4-pack),1,5/14/2019 9:10
202258,Lightning Charging Cable,1,5/17/2019 19:13
202259,USB-C Charging Cable,1,5/8/2019 8:00
202260,34in Ultrawide Monitor,1,5/1/2019 8:10
202261,AA Batteries (4-pack),2,5/6/2019 19:00
202262,Lightning Charging Cable,1,5/18/2019 6:02
202262,34in Ultrawide Monitor,1,5/18/2019 6:02
202263,34in Ultrawide Monitor,1,5/15/2019 17:46
202264,Wired Headphones,1,5/12/2019 11:47
202265,Apple Airpods Headphones,1,5/6/2019 0:56
202266,27in FHD Monitor,1,5/18/2019 15:41
202267,ThinkPad Laptop,1,5/8/2019 20:33
202268,Wired Headphones,1,5/8/2019 11:16
202269,Lightning Charging Cable,1,5/4/2019 17:15
202270,Wired Headphones,1,5/29/2019 16:13
202271,Wired Headphones,2,5/1/2019 7:56
202271,Wired Headphones,1,5/1/2019 7:56
202272,AA Batteries (4-pack),1,5/7/2019 23:41
202273,Flatscreen TV,1,5/30/2019 19:22
202274,USB-C Charging Cable,1,5/26/2019 11:36
202275,Lightning Charging Cable,1,5/3/2019 11:33
202276,iPhone,1,5/5/2019 19:43
202277,USB-C Charging Cable,1,5/10/2019 23:59
202278,Lightning Charging Cable,1,5/27/2019 8:01
202279,Apple Airpods Headphones,1,5/2/2019 16:27
202280,20in Monitor,1,5/28/2019 10:59
202281,Lightning Charging Cable,1,5/14/2019 17:57
202282,Apple Airpods Headphones,1,5/28/2019 13:48
202283,34in Ultrawide Monitor,1,5/11/2019 18:49
202284,Apple Airpods Headphones,1,5/29/2019 20:19
202285,20in Monitor,1,5/10/2019 18:45
202286,USB-C Charging Cable,1,5/13/2019 1:21
202287,34in Ultrawide Monitor,1,5/22/2019 8:23
202288,iPhone,1,5/14/2019 19:24
202289,Apple Airpods Headphones,1,5/16/2019 10:54
202290,AA Batteries (4-pack),1,5/11/2019 20:49
202291,27in FHD Monitor,1,5/12/2019 22:04
202292,Lightning Charging Cable,1,5/16/2019 21:02
202293,iPhone,1,5/26/2019 19:34
202294,AA Batteries (4-pack),1,5/10/2019 10:46
202295,AA Batteries (4-pack),1,5/18/2019 15:30
202296,Apple Airpods Headphones,1,5/4/2019 11:01
202297,AAA Batteries (4-pack),2,5/25/2019 10:15
202298,Wired Headphones,1,5/12/2019 22:01
202299,34in Ultrawide Monitor,1,5/17/2019 18:14
202300,USB-C Charging Cable,1,5/29/2019 16:38
202301,Apple Airpods Headphones,1,5/8/2019 21:59
202302,AAA Batteries (4-pack),1,5/23/2019 21:44
202303,Bose SoundSport Headphones,1,5/15/2019 18:14
202304,Lightning Charging Cable,1,5/9/2019 14:09
202305,AAA Batteries (4-pack),2,5/18/2019 11:58
202306,Bose SoundSport Headphones,1,5/20/2019 19:54
202307,AA Batteries (4-pack),1,5/28/2019 13:01
202308,Wired Headphones,1,5/24/2019 9:36
202309,Lightning Charging Cable,1,5/8/2019 19:32
202310,Wired Headphones,2,5/20/2019 20:11
202311,AA Batteries (4-pack),2,5/22/2019 8:07
202312,Bose SoundSport Headphones,1,5/16/2019 12:57
202313,Macbook Pro Laptop,1,5/1/2019 11:48
202314,iPhone,1,5/27/2019 23:14
202315,iPhone,1,5/2/2019 17:14
202315,Lightning Charging Cable,1,5/2/2019 17:14
202315,Apple Airpods Headphones,1,5/2/2019 17:14
202316,Wired Headphones,1,5/17/2019 9:21
202317,Wired Headphones,1,5/25/2019 10:04
202318,Lightning Charging Cable,1,5/13/2019 16:50
202319,USB-C Charging Cable,1,5/22/2019 21:57
202320,Lightning Charging Cable,1,5/4/2019 13:46
202321,Bose SoundSport Headphones,1,5/2/2019 0:28
202322,27in FHD Monitor,1,5/9/2019 12:54
202323,Lightning Charging Cable,1,5/8/2019 12:57
202324,Apple Airpods Headphones,1,5/1/2019 21:11
202325,Wired Headphones,1,5/1/2019 11:21
202326,Apple Airpods Headphones,1,5/7/2019 6:36
202327,LG Dryer,1,5/22/2019 6:59
202328,Lightning Charging Cable,1,5/22/2019 10:53
202329,27in 4K Gaming Monitor,1,5/22/2019 23:18
202330,AAA Batteries (4-pack),1,5/7/2019 20:02
202331,Apple Airpods Headphones,1,5/19/2019 15:18
202332,ThinkPad Laptop,1,5/4/2019 10:53
202333,AA Batteries (4-pack),2,5/24/2019 8:01
202334,USB-C Charging Cable,1,5/30/2019 13:03
202335,Apple Airpods Headphones,1,5/20/2019 8:44
202336,Apple Airpods Headphones,1,5/17/2019 17:36
202337,LG Dryer,1,5/9/2019 12:29
202338,27in FHD Monitor,1,5/4/2019 23:57
202339,Apple Airpods Headphones,1,5/19/2019 14:53
202340,USB-C Charging Cable,1,5/10/2019 18:36
202341,USB-C Charging Cable,1,5/19/2019 13:26
202342,Wired Headphones,1,5/10/2019 19:45
202343,Bose SoundSport Headphones,1,5/28/2019 12:47
202344,Lightning Charging Cable,1,5/14/2019 22:20
202345,AAA Batteries (4-pack),2,5/6/2019 23:29
202346,Lightning Charging Cable,1,5/5/2019 23:08
202347,34in Ultrawide Monitor,1,5/13/2019 9:18
202347,Lightning Charging Cable,1,5/13/2019 9:18
202348,34in Ultrawide Monitor,1,5/30/2019 22:14
202349,AAA Batteries (4-pack),1,5/3/2019 18:54
202350,iPhone,1,5/12/2019 10:24
202351,AA Batteries (4-pack),1,5/22/2019 12:50
202352,AA Batteries (4-pack),2,5/6/2019 5:46
,,,
202353,34in Ultrawide Monitor,1,5/29/2019 12:20
202354,ThinkPad Laptop,1,5/3/2019 11:33
202355,AAA Batteries (4-pack),1,5/6/2019 13:21
202356,Wired Headphones,1,5/19/2019 15:24
202357,USB-C Charging Cable,1,5/21/2019 10:16
202358,Wired Headphones,1,5/29/2019 17:21
202359,27in FHD Monitor,1,5/1/2019 17:17
202359,LG Dryer,1,5/1/2019 17:17
202360,20in Monitor,1,5/16/2019 21:25
202361,34in Ultrawide Monitor,1,5/30/2019 12:45
202362,Wired Headphones,1,5/20/2019 23:15
202362,20in Monitor,1,5/20/2019 23:15
202363,AAA Batteries (4-pack),1,5/29/2019 15:35
202364,Bose SoundSport Headphones,1,5/14/2019 20:35
202365,Wired Headphones,1,5/31/2019 11:27
202366,Apple Airpods Headphones,1,5/2/2019 16:27
202367,Apple Airpods Headphones,1,5/27/2019 14:31
202368,iPhone,1,5/16/2019 18:22
202368,Wired Headphones,1,5/16/2019 18:22
202369,27in FHD Monitor,1,5/28/2019 21:45
202370,AA Batteries (4-pack),1,5/24/2019 21:04
202371,AA Batteries (4-pack),2,5/14/2019 12:05
202372,AAA Batteries (4-pack),1,5/28/2019 10:32
202373,Bose SoundSport Headphones,1,5/17/2019 23:24
202374,Lightning Charging Cable,1,5/29/2019 22:36
202375,Bose SoundSport Headphones,1,5/30/2019 12:52
202376,USB-C Charging Cable,1,5/5/2019 19:09
202377,Flatscreen TV,1,5/4/2019 17:15
202378,Apple Airpods Headphones,1,5/13/2019 22:11
202379,AAA Batteries (4-pack),1,5/6/2019 20:04
202380,AA Batteries (4-pack),1,5/9/2019 16:30
202381,ThinkPad Laptop,1,5/3/2019 20:29
202382,iPhone,1,5/25/2019 9:58
202383,27in FHD Monitor,1,5/18/2019 12:10
202384,AA Batteries (4-pack),1,5/22/2019 22:13
202385,AA Batteries (4-pack),2,5/21/2019 3:33
202386,AAA Batteries (4-pack),4,5/8/2019 10:13
202387,Apple Airpods Headphones,1,5/15/2019 21:22
202388,AAA Batteries (4-pack),1,5/13/2019 0:45
202389,AA Batteries (4-pack),1,5/29/2019 20:05
202390,AA Batteries (4-pack),3,5/13/2019 10:11
202391,ThinkPad Laptop,1,5/13/2019 19:16
202392,Wired Headphones,1,5/29/2019 17:53
202393,AA Batteries (4-pack),3,5/8/2019 22:17
202394,27in 4K Gaming Monitor,1,5/31/2019 23:16
202395,AAA Batteries (4-pack),2,5/29/2019 10:47
202396,34in Ultrawide Monitor,1,5/30/2019 17:17
202397,USB-C Charging Cable,1,5/11/2019 23:33
202397,iPhone,1,5/11/2019 23:33
202398,AAA Batteries (4-pack),1,5/17/2019 13:07
202399,Macbook Pro Laptop,1,5/9/2019 19:46
202400,Wired Headphones,1,5/21/2019 11:54
202401,34in Ultrawide Monitor,1,5/30/2019 6:36
202402,27in 4K Gaming Monitor,1,5/1/2019 12:02
202403,Apple Airpods Headphones,1,5/24/2019 7:46
202404,USB-C Charging Cable,1,5/15/2019 0:52
202405,AAA Batteries (4-pack),1,5/27/2019 21:16
202406,iPhone,1,5/26/2019 17:47
202407,Lightning Charging Cable,1,5/17/2019 10:57
202408,Bose SoundSport Headphones,1,5/26/2019 19:57
202409,iPhone,1,5/8/2019 17:13
202410,USB-C Charging Cable,1,5/20/2019 0:31
202411,Lightning Charging Cable,1,5/19/2019 15:21
202412,34in Ultrawide Monitor,1,5/13/2019 4:39
202413,AA Batteries (4-pack),1,5/27/2019 22:36
202414,Lightning Charging Cable,1,5/6/2019 10:29
202415,Macbook Pro Laptop,1,5/17/2019 11:05
202416,Vareebadd Phone,1,5/28/2019 21:22
202417,27in FHD Monitor,1,5/16/2019 0:04
202418,ThinkPad Laptop,1,5/16/2019 15:23
202419,Lightning Charging Cable,1,5/16/2019 14:34
202420,AAA Batteries (4-pack),1,5/14/2019 15:50
202421,AAA Batteries (4-pack),1,5/22/2019 19:08
202422,27in FHD Monitor,1,5/27/2019 7:15
202423,AA Batteries (4-pack),1,5/9/2019 6:40
202424,Apple Airpods Headphones,1,5/10/2019 14:51
202425,Wired Headphones,1,5/31/2019 12:42
202426,AAA Batteries (4-pack),1,5/9/2019 16:41
202427,AAA Batteries (4-pack),2,5/8/2019 18:53
202428,Lightning Charging Cable,1,5/7/2019 11:30
202429,Apple Airpods Headphones,1,5/30/2019 11:16
202430,Wired Headphones,1,5/27/2019 23:18
202431,USB-C Charging Cable,1,5/28/2019 10:56
202432,Bose SoundSport Headphones,1,5/25/2019 18:14
202433,AA Batteries (4-pack),1,5/16/2019 10:39
202434,Lightning Charging Cable,1,5/21/2019 8:40
202435,AAA Batteries (4-pack),2,5/15/2019 14:07
202436,USB-C Charging Cable,1,5/7/2019 6:29
202437,Lightning Charging Cable,1,5/18/2019 10:12
202438,Lightning Charging Cable,1,5/27/2019 17:03
202439,Bose SoundSport Headphones,1,5/18/2019 20:22
202440,iPhone,1,5/31/2019 21:29
202441,Bose SoundSport Headphones,1,5/14/2019 17:53
202442,27in 4K Gaming Monitor,1,5/22/2019 10:26
202443,AAA Batteries (4-pack),1,5/15/2019 10:05
202444,AAA Batteries (4-pack),3,5/26/2019 12:34
202445,34in Ultrawide Monitor,1,5/23/2019 22:30
202446,Apple Airpods Headphones,1,5/17/2019 11:30
202447,Wired Headphones,1,5/4/2019 18:57
202448,Wired Headphones,1,5/11/2019 1:47
202448,AA Batteries (4-pack),1,5/11/2019 1:47
202449,USB-C Charging Cable,1,5/25/2019 12:35
202450,Apple Airpods Headphones,1,5/8/2019 19:10
202451,Flatscreen TV,1,5/19/2019 2:37
202452,Macbook Pro Laptop,1,5/12/2019 11:19
202453,Lightning Charging Cable,1,5/25/2019 15:16
202454,Bose SoundSport Headphones,1,5/12/2019 7:27
Order ID,Product,Quantity Ordered,Order Date
202455,Lightning Charging Cable,1,5/3/2019 7:42
202456,Bose SoundSport Headphones,1,5/27/2019 11:05
202457,AA Batteries (4-pack),1,5/26/2019 9:08
202458,27in 4K Gaming Monitor,1,5/31/2019 17:33
202459,27in FHD Monitor,1,5/13/2019 9:45
202460,Bose SoundSport Headphones,1,6/1/2019 1:29
202461,Wired Headphones,1,5/13/2019 18:55
202462,Apple Airpods Headphones,1,5/26/2019 11:02
202463,ThinkPad Laptop,1,5/7/2019 15:37
202464,AA Batteries (4-pack),1,5/19/2019 19:42
202465,AA Batteries (4-pack),1,5/6/2019 22:00
202466,Wired Headphones,1,5/9/2019 18:10
202467,USB-C Charging Cable,1,5/24/2019 16:52
202468,Wired Headphones,1,5/20/2019 8:52
202469,iPhone,1,5/18/2019 19:37
202470,ThinkPad Laptop,1,5/27/2019 7:09
202471,AA Batteries (4-pack),1,5/25/2019 22:49
202472,AA Batteries (4-pack),1,5/9/2019 14:22
202473,AA Batteries (4-pack),2,5/15/2019 12:47
202474,Wired Headphones,1,5/9/2019 13:40
202475,Apple Airpods Headphones,1,5/26/2019 19:22
202476,27in FHD Monitor,1,5/7/2019 10:12
202477,Bose SoundSport Headphones,1,5/17/2019 12:48
202478,AAA Batteries (4-pack),1,5/14/2019 12:17
202479,Lightning Charging Cable,1,5/6/2019 16:48
202480,AA Batteries (4-pack),1,5/25/2019 10:10
202481,iPhone,1,5/10/2019 14:42
202482,Lightning Charging Cable,1,5/12/2019 21:04
202483,Bose SoundSport Headphones,1,5/20/2019 17:53
202484,AAA Batteries (4-pack),1,5/20/2019 14:37
202485,AA Batteries (4-pack),1,5/25/2019 18:01
202486,Wired Headphones,1,5/21/2019 9:58
202487,Lightning Charging Cable,1,5/14/2019 0:59
202488,AA Batteries (4-pack),1,5/18/2019 19:37
202489,USB-C Charging Cable,1,5/19/2019 13:13
202490,27in FHD Monitor,1,5/29/2019 15:30
202491,AAA Batteries (4-pack),1,5/4/2019 8:01
202492,AAA Batteries (4-pack),1,5/8/2019 17:58
202493,Apple Airpods Headphones,1,5/19/2019 18:24
202493,Wired Headphones,1,5/19/2019 18:24
202494,USB-C Charging Cable,1,5/19/2019 11:58
202495,Macbook Pro Laptop,1,5/21/2019 16:19
202496,Wired Headphones,1,5/10/2019 20:12
202497,Macbook Pro Laptop,1,5/3/2019 9:18
202498,27in 4K Gaming Monitor,1,5/1/2019 7:56
202499,AA Batteries (4-pack),2,5/15/2019 22:09
202500,Wired Headphones,2,5/6/2019 18:50
202501,27in FHD Monitor,1,5/18/2019 8:12
202502,AAA Batteries (4-pack),1,5/6/2019 13:14
202503,Bose SoundSport Headphones,1,5/20/2019 12:21
202504,27in FHD Monitor,1,5/7/2019 14:36
202505,Macbook Pro Laptop,1,5/5/2019 22:42
202506,Wired Headphones,1,5/25/2019 20:01
202507,AA Batteries (4-pack),1,5/31/2019 22:21
202508,Lightning Charging Cable,1,5/19/2019 13:03
202509,Apple Airpods Headphones,1,5/12/2019 12:26
202510,Flatscreen TV,1,5/26/2019 10:01
202511,Wired Headphones,1,5/10/2019 21:12
202512,USB-C Charging Cable,1,5/15/2019 6:46
202513,27in 4K Gaming Monitor,1,5/24/2019 1:17
202514,AAA Batteries (4-pack),1,5/2/2019 11:56
202515,Wired Headphones,1,5/19/2019 12:00
202516,27in FHD Monitor,1,5/19/2019 11:29
202517,Apple Airpods Headphones,1,5/30/2019 17:22
202518,AAA Batteries (4-pack),1,5/12/2019 23:36
202518,AA Batteries (4-pack),1,5/12/2019 23:36
202519,20in Monitor,1,5/25/2019 17:30
202520,Lightning Charging Cable,1,5/3/2019 15:18
202521,Google Phone,1,5/3/2019 11:15
202521,USB-C Charging Cable,1,5/3/2019 11:15
202522,27in 4K Gaming Monitor,1,5/10/2019 21:43
202523,Wired Headphones,1,5/27/2019 20:55
202524,Wired Headphones,1,5/4/2019 18:07
202525,AA Batteries (4-pack),1,5/6/2019 20:27
202526,Lightning Charging Cable,1,5/5/2019 11:51
202527,Google Phone,1,5/14/2019 1:54
202528,Apple Airpods Headphones,1,5/1/2019 19:42
202529,iPhone,1,5/5/2019 11:32
202529,Wired Headphones,1,5/5/2019 11:32
202530,AA Batteries (4-pack),1,5/1/2019 14:22
202531,27in FHD Monitor,1,5/29/2019 17:13
202532,20in Monitor,1,5/28/2019 19:59
202533,Wired Headphones,1,5/26/2019 19:18
202534,Google Phone,1,5/4/2019 10:57
202535,USB-C Charging Cable,1,5/15/2019 17:39
202536,Macbook Pro Laptop,1,5/7/2019 16:24
202537,Lightning Charging Cable,1,5/23/2019 23:32
202538,AAA Batteries (4-pack),1,5/18/2019 21:44
202539,Lightning Charging Cable,1,5/23/2019 8:34
202540,AA Batteries (4-pack),1,5/12/2019 15:36
202541,AA Batteries (4-pack),2,5/10/2019 22:08
202542,Vareebadd Phone,1,5/2/2019 15:26
202542,Apple Airpods Headphones,1,5/2/2019 15:26
202543,Apple Airpods Headphones,1,5/14/2019 18:36
202544,Apple Airpods Headphones,1,5/8/2019 20:32
202545,Macbook Pro Laptop,1,5/31/2019 21:58
202546,Lightning Charging Cable,1,5/14/2019 7:46
202547,Lightning Charging Cable,1,5/4/2019 15:59
202548,Flatscreen TV,1,5/9/2019 12:56
202549,34in Ultrawide Monitor,1,5/24/2019 15:40
202550,Lightning Charging Cable,1,5/26/2019 17:42
202551,USB-C Charging Cable,2,5/24/2019 17:04
202552,27in 4K Gaming Monitor,1,5/6/2019 20:17
202553,34in Ultrawide Monitor,1,5/31/2019 23:20
202554,Lightning Charging Cable,1,5/27/2019 22:11
202555,iPhone,1,5/4/2019 21:11
202555,Apple Airpods Headphones,1,5/4/2019 21:11
202556,Lightning Charging Cable,1,5/9/2019 9:26
202557,Apple Airpods Headphones,1,5/21/2019 18:46
202558,AAA Batteries (4-pack),1,5/3/2019 18:32
202559,Vareebadd Phone,1,5/16/2019 22:37
202559,USB-C Charging Cable,1,5/16/2019 22:37
202560,AAA Batteries (4-pack),4,5/17/2019 4:29
202561,Wired Headphones,1,5/12/2019 12:09
202562,Lightning Charging Cable,1,5/12/2019 1:36
202563,USB-C Charging Cable,1,5/24/2019 19:34
202564,Lightning Charging Cable,1,5/27/2019 22:17
202565,Wired Headphones,1,5/20/2019 17:15
202566,USB-C Charging Cable,1,5/24/2019 15:02
202567,Apple Airpods Headphones,1,5/6/2019 19:12
202568,AAA Batteries (4-pack),1,5/27/2019 20:44
202569,USB-C Charging Cable,1,5/17/2019 9:04
202570,AA Batteries (4-pack),1,5/25/2019 17:05
202571,Bose SoundSport Headphones,1,5/13/2019 21:55
202572,USB-C Charging Cable,1,5/10/2019 16:53
202573,AAA Batteries (4-pack),1,5/7/2019 18:08
202574,Wired Headphones,1,5/25/2019 22:02
202575,Wired Headphones,1,5/18/2019 16:36
202576,Wired Headphones,1,5/27/2019 18:25
202577,USB-C Charging Cable,1,5/22/2019 19:49
202578,Vareebadd Phone,1,5/31/2019 23:21
202579,34in Ultrawide Monitor,1,5/15/2019 23:02
202580,Apple Airpods Headphones,1,5/4/2019 14:00
202581,Wired Headphones,1,5/30/2019 13:39
202582,Lightning Charging Cable,1,5/28/2019 13:18
202583,AAA Batteries (4-pack),2,5/25/2019 20:33
202584,Wired Headphones,1,5/23/2019 16:40
202585,Bose SoundSport Headphones,1,5/30/2019 15:09
202586,Macbook Pro Laptop,1,5/26/2019 19:12
202587,Bose SoundSport Headphones,1,5/17/2019 11:27
202588,Macbook Pro Laptop,1,5/18/2019 13:04
202589,Bose SoundSport Headphones,1,5/28/2019 19:20
202590,USB-C Charging Cable,1,5/2/2019 21:29
202591,Lightning Charging Cable,1,5/3/2019 11:38
202592,Apple Airpods Headphones,1,5/1/2019 6:44
202593,Wired Headphones,1,5/13/2019 12:45
202594,USB-C Charging Cable,1,5/5/2019 21:31
202595,AA Batteries (4-pack),1,5/10/2019 20:08
202596,Lightning Charging Cable,1,5/13/2019 12:18
202597,Lightning Charging Cable,1,5/23/2019 18:55
202598,USB-C Charging Cable,1,5/29/2019 18:28
202599,iPhone,1,5/6/2019 17:30
202599,Apple Airpods Headphones,1,5/6/2019 17:30
202600,USB-C Charging Cable,1,5/21/2019 11:14
202601,Bose SoundSport Headphones,1,5/4/2019 13:33
202602,USB-C Charging Cable,1,5/1/2019 10:57
202603,Wired Headphones,1,5/11/2019 18:35
202604,Vareebadd Phone,1,5/11/2019 21:14
202604,Wired Headphones,1,5/11/2019 21:14
202605,USB-C Charging Cable,1,5/9/2019 17:17
202606,iPhone,1,5/16/2019 17:29
202606,Apple Airpods Headphones,1,5/16/2019 17:29
202607,Bose SoundSport Headphones,1,5/18/2019 17:57
202608,AA Batteries (4-pack),1,5/26/2019 9:10
202609,20in Monitor,1,5/5/2019 12:23
202610,27in 4K Gaming Monitor,1,5/8/2019 18:13
202611,iPhone,1,5/16/2019 14:10
202611,Wired Headphones,1,5/16/2019 14:10
202612,AAA Batteries (4-pack),3,5/5/2019 11:34
202613,Wired Headphones,1,5/22/2019 15:13
202614,Bose SoundSport Headphones,1,5/31/2019 11:31
202615,Lightning Charging Cable,1,5/13/2019 22:57
202616,AA Batteries (4-pack),1,5/28/2019 19:10
202617,iPhone,1,5/1/2019 20:54
202618,27in FHD Monitor,1,5/25/2019 23:32
202619,Wired Headphones,1,5/21/2019 18:13
202620,20in Monitor,1,5/3/2019 0:08
202621,Apple Airpods Headphones,1,5/12/2019 11:43
202622,Wired Headphones,2,5/25/2019 18:04
202623,Apple Airpods Headphones,1,5/14/2019 9:47
202623,Bose SoundSport Headphones,1,5/14/2019 9:47
202624,ThinkPad Laptop,1,5/1/2019 7:19
202625,Wired Headphones,1,5/27/2019 18:23
202626,34in Ultrawide Monitor,1,5/4/2019 20:44
202627,Wired Headphones,1,5/5/2019 21:24
202628,Lightning Charging Cable,1,5/15/2019 14:39
202629,34in Ultrawide Monitor,1,5/14/2019 12:47
202630,AA Batteries (4-pack),1,5/20/2019 11:41
202631,Wired Headphones,1,5/14/2019 14:55
202632,20in Monitor,1,5/30/2019 22:58
202633,AAA Batteries (4-pack),1,5/1/2019 20:49
202634,Bose SoundSport Headphones,1,5/4/2019 19:13
202635,USB-C Charging Cable,1,5/12/2019 11:53
202636,Bose SoundSport Headphones,1,5/26/2019 18:29
202637,Wired Headphones,1,5/29/2019 14:42
202638,Wired Headphones,1,5/27/2019 13:26
202639,AAA Batteries (4-pack),1,5/5/2019 17:56
202640,Bose SoundSport Headphones,1,5/29/2019 14:39
202641,Lightning Charging Cable,1,5/30/2019 16:05
202642,AAA Batteries (4-pack),1,5/13/2019 21:35
202643,USB-C Charging Cable,1,5/1/2019 19:25
202644,27in 4K Gaming Monitor,1,5/14/2019 11:10
202645,Lightning Charging Cable,1,5/23/2019 16:11
202646,Lightning Charging Cable,1,5/8/2019 19:31
202647,Apple Airpods Headphones,1,5/2/2019 15:22
202648,AAA Batteries (4-pack),3,5/23/2019 15:56
202649,34in Ultrawide Monitor,1,5/22/2019 19:06
202650,Lightning Charging Cable,1,5/16/2019 17:59
202651,Google Phone,1,5/29/2019 19:29
202652,AA Batteries (4-pack),1,5/14/2019 16:55
202653,Lightning Charging Cable,1,5/16/2019 22:36
202654,AAA Batteries (4-pack),1,5/13/2019 3:38
202655,27in FHD Monitor,1,5/27/2019 18:52
202656,Lightning Charging Cable,1,5/18/2019 14:56
202657,ThinkPad Laptop,1,5/22/2019 14:34
202658,Google Phone,1,5/7/2019 12:18
202659,Flatscreen TV,1,5/26/2019 10:48
202660,USB-C Charging Cable,1,5/16/2019 4:34
202661,Macbook Pro Laptop,1,5/10/2019 10:12
202662,AA Batteries (4-pack),1,5/24/2019 19:07
202663,Lightning Charging Cable,1,5/13/2019 13:17
202664,AA Batteries (4-pack),1,5/24/2019 13:29
202665,20in Monitor,1,5/15/2019 23:17
202666,Flatscreen TV,1,5/6/2019 21:26
202667,Lightning Charging Cable,1,5/15/2019 12:56
202668,Wired Headphones,1,5/31/2019 19:03
202669,USB-C Charging Cable,1,5/5/2019 19:51
202670,Wired Headphones,1,5/4/2019 0:50
202671,USB-C Charging Cable,1,5/30/2019 20:48
202672,AA Batteries (4-pack),1,5/16/2019 22:38
202673,USB-C Charging Cable,1,5/13/2019 14:30
202674,AAA Batteries (4-pack),1,5/28/2019 9:12
202675,iPhone,1,5/18/2019 16:51
202676,Lightning Charging Cable,1,5/25/2019 8:08
202677,ThinkPad Laptop,1,5/8/2019 11:47
202678,USB-C Charging Cable,2,5/5/2019 20:06
202678,27in FHD Monitor,1,5/5/2019 20:06
202679,iPhone,1,5/6/2019 22:15
202679,Wired Headphones,1,5/6/2019 22:15
202679,Lightning Charging Cable,1,5/6/2019 22:15
202680,27in 4K Gaming Monitor,1,5/18/2019 20:25
202681,27in 4K Gaming Monitor,1,5/10/2019 12:57
202682,34in Ultrawide Monitor,1,5/24/2019 11:36
202683,iPhone,1,5/2/2019 18:51
202684,Lightning Charging Cable,1,5/8/2019 19:46
202685,Lightning Charging Cable,1,5/17/2019 20:11
202686,AA Batteries (4-pack),1,5/31/2019 21:28
202687,Wired Headphones,1,5/2/2019 0:10
202688,Google Phone,1,5/4/2019 14:29
202689,USB-C Charging Cable,1,5/10/2019 17:34
202690,ThinkPad Laptop,1,5/24/2019 13:37
202691,AAA Batteries (4-pack),1,5/21/2019 19:24
202692,34in Ultrawide Monitor,1,5/1/2019 13:12
202693,iPhone,1,5/31/2019 14:37
202694,Flatscreen TV,1,5/30/2019 15:41
202695,Wired Headphones,2,5/20/2019 18:59
202696,Bose SoundSport Headphones,1,5/4/2019 16:18
202697,Wired Headphones,1,5/28/2019 9:06
202698,Lightning Charging Cable,1,5/8/2019 18:15
202699,AAA Batteries (4-pack),2,5/11/2019 10:46
202700,Apple Airpods Headphones,1,5/2/2019 10:13
202701,27in 4K Gaming Monitor,1,5/30/2019 19:08
202702,AAA Batteries (4-pack),2,5/20/2019 15:49
202703,AAA Batteries (4-pack),1,5/3/2019 0:11
202704,27in FHD Monitor,1,5/24/2019 8:15
202705,Lightning Charging Cable,1,5/4/2019 17:21
202706,USB-C Charging Cable,1,5/27/2019 9:43
202707,Bose SoundSport Headphones,1,5/23/2019 11:45
202708,AA Batteries (4-pack),1,5/4/2019 19:24
202709,USB-C Charging Cable,1,5/3/2019 16:48
202710,Macbook Pro Laptop,1,5/11/2019 8:09
202711,Macbook Pro Laptop,1,5/27/2019 21:12
202712,34in Ultrawide Monitor,1,5/18/2019 11:48
202713,AAA Batteries (4-pack),4,5/6/2019 19:24
202714,USB-C Charging Cable,1,5/1/2019 9:25
202715,AAA Batteries (4-pack),1,5/6/2019 14:23
202716,Wired Headphones,1,5/19/2019 23:53
202717,Bose SoundSport Headphones,1,5/31/2019 6:25
202718,AAA Batteries (4-pack),1,5/26/2019 22:33
202719,USB-C Charging Cable,1,5/4/2019 9:47
202720,Macbook Pro Laptop,1,5/27/2019 20:43
202721,AAA Batteries (4-pack),2,5/24/2019 21:11
,,,
202722,34in Ultrawide Monitor,1,5/27/2019 0:51
202723,Lightning Charging Cable,1,5/11/2019 13:00
202724,AA Batteries (4-pack),1,5/24/2019 11:59
202725,Macbook Pro Laptop,1,5/30/2019 14:06
202726,34in Ultrawide Monitor,1,5/19/2019 10:33
202727,USB-C Charging Cable,1,5/14/2019 19:11
202728,Google Phone,1,5/13/2019 23:26
202729,AAA Batteries (4-pack),3,5/26/2019 18:18
202730,Lightning Charging Cable,1,5/25/2019 10:26
202731,USB-C Charging Cable,2,5/14/2019 21:31
202732,Wired Headphones,1,5/16/2019 0:42
202733,AA Batteries (4-pack),1,5/20/2019 10:08
202734,USB-C Charging Cable,1,5/23/2019 1:53
202735,27in 4K Gaming Monitor,1,5/24/2019 2:06
202736,34in Ultrawide Monitor,1,5/7/2019 21:22
202737,ThinkPad Laptop,1,5/25/2019 9:11
202738,27in FHD Monitor,1,5/7/2019 8:58
202739,Google Phone,1,5/6/2019 10:35
202740,Wired Headphones,1,5/1/2019 18:27
202741,Lightning Charging Cable,2,5/28/2019 15:22
202742,34in Ultrawide Monitor,1,5/1/2019 11:14
Order ID,Product,Quantity Ordered,Order Date
202743,27in 4K Gaming Monitor,1,5/9/2019 14:51
202744,AAA Batteries (4-pack),1,5/19/2019 19:34
202745,AAA Batteries (4-pack),3,5/26/2019 7:21
202746,Lightning Charging Cable,1,5/15/2019 19:17
202747,ThinkPad Laptop,1,5/11/2019 19:15
202748,AAA Batteries (4-pack),1,5/15/2019 16:45
202749,Apple Airpods Headphones,1,5/19/2019 18:56
202750,USB-C Charging Cable,1,5/31/2019 7:45
202751,USB-C Charging Cable,1,5/12/2019 11:47
202752,USB-C Charging Cable,1,5/26/2019 12:20
202753,AA Batteries (4-pack),1,5/7/2019 9:30
202754,Google Phone,1,5/16/2019 20:28
202754,USB-C Charging Cable,1,5/16/2019 20:28
202754,Bose SoundSport Headphones,1,5/16/2019 20:28
202755,20in Monitor,1,5/20/2019 13:44
202756,iPhone,1,5/17/2019 14:24
202757,AAA Batteries (4-pack),1,5/6/2019 20:33
202758,Apple Airpods Headphones,1,5/20/2019 21:42
202759,AAA Batteries (4-pack),2,5/15/2019 20:44
202760,AAA Batteries (4-pack),1,5/5/2019 11:16
202761,AA Batteries (4-pack),1,5/17/2019 11:55
202762,Lightning Charging Cable,1,5/26/2019 14:12
202763,Apple Airpods Headphones,1,5/6/2019 23:37
202764,AA Batteries (4-pack),1,5/9/2019 6:52
202765,iPhone,1,5/15/2019 18:44
202765,Lightning Charging Cable,1,5/15/2019 18:44
202765,USB-C Charging Cable,1,5/15/2019 18:44
202766,Flatscreen TV,1,5/24/2019 22:33
202767,Lightning Charging Cable,1,5/20/2019 11:16
202768,34in Ultrawide Monitor,1,5/16/2019 22:28
202769,Apple Airpods Headphones,1,5/23/2019 17:47
202770,Lightning Charging Cable,1,5/19/2019 8:11
202771,AA Batteries (4-pack),2,5/4/2019 23:30
202772,AA Batteries (4-pack),1,5/19/2019 23:40
202773,USB-C Charging Cable,1,5/24/2019 15:45
202774,AAA Batteries (4-pack),2,5/20/2019 9:29
202775,Flatscreen TV,1,5/17/2019 18:16
202776,Apple Airpods Headphones,1,5/3/2019 18:33
202777,Wired Headphones,1,5/6/2019 18:58
202778,AAA Batteries (4-pack),2,5/29/2019 2:20
202779,27in FHD Monitor,1,5/10/2019 11:10
202780,27in FHD Monitor,1,5/24/2019 17:00
202781,Wired Headphones,1,5/5/2019 21:57
202782,AAA Batteries (4-pack),1,5/30/2019 13:26
202783,Flatscreen TV,1,5/14/2019 17:39
202783,Macbook Pro Laptop,1,5/14/2019 17:39
202784,Lightning Charging Cable,1,5/29/2019 19:48
202785,USB-C Charging Cable,1,5/21/2019 1:25
202786,Google Phone,1,5/24/2019 18:46
202787,Bose SoundSport Headphones,1,5/14/2019 3:42
202788,Flatscreen TV,1,5/14/2019 16:29
202789,Bose SoundSport Headphones,1,5/20/2019 18:18
202790,AAA Batteries (4-pack),1,5/31/2019 11:22
202791,AA Batteries (4-pack),1,5/27/2019 22:07
202792,AA Batteries (4-pack),1,5/27/2019 17:01
202793,AAA Batteries (4-pack),1,5/11/2019 19:06
202794,Apple Airpods Headphones,1,5/26/2019 20:30
202795,USB-C Charging Cable,1,5/11/2019 14:18
202796,27in FHD Monitor,1,5/7/2019 15:08
202797,AA Batteries (4-pack),2,5/19/2019 7:45
202798,AA Batteries (4-pack),1,5/13/2019 16:24
202799,AA Batteries (4-pack),1,5/28/2019 3:59
202800,USB-C Charging Cable,1,5/9/2019 22:26
202801,Bose SoundSport Headphones,1,5/14/2019 8:48
202802,AA Batteries (4-pack),1,5/15/2019 11:58
202803,USB-C Charging Cable,1,5/13/2019 10:44
202804,AA Batteries (4-pack),1,5/14/2019 22:05
202805,Wired Headphones,1,5/9/2019 22:45
202806,20in Monitor,1,5/8/2019 10:03
202807,Bose SoundSport Headphones,1,5/4/2019 9:54
202808,AAA Batteries (4-pack),1,5/5/2019 11:49
202809,AAA Batteries (4-pack),1,5/31/2019 21:18
202810,AAA Batteries (4-pack),1,5/4/2019 8:49
202811,Apple Airpods Headphones,1,5/7/2019 23:04
202811,Wired Headphones,1,5/7/2019 23:04
202812,AAA Batteries (4-pack),1,5/26/2019 22:37
202813,Wired Headphones,1,5/25/2019 18:33
202814,ThinkPad Laptop,1,5/25/2019 15:09
202815,AA Batteries (4-pack),1,5/3/2019 11:49
202816,Wired Headphones,1,5/13/2019 15:33
202817,27in FHD Monitor,1,5/12/2019 18:11
202818,27in 4K Gaming Monitor,1,5/12/2019 17:16
202819,Bose SoundSport Headphones,1,5/2/2019 22:01
202820,Flatscreen TV,1,5/28/2019 18:15
202821,Lightning Charging Cable,1,5/25/2019 13:07
202822,Lightning Charging Cable,1,5/7/2019 19:37
202823,Bose SoundSport Headphones,1,5/16/2019 23:39
202824,Google Phone,1,5/8/2019 10:09
202825,AAA Batteries (4-pack),2,5/14/2019 17:23
202826,AAA Batteries (4-pack),2,5/23/2019 17:24
202827,Bose SoundSport Headphones,1,5/16/2019 10:02
202828,AAA Batteries (4-pack),1,5/4/2019 14:37
202829,iPhone,1,5/17/2019 7:00
202830,iPhone,1,5/16/2019 11:13
202831,Flatscreen TV,1,5/27/2019 17:37
202832,Wired Headphones,1,5/4/2019 20:57
202833,Lightning Charging Cable,1,5/12/2019 11:33
202834,AA Batteries (4-pack),1,5/9/2019 18:55
202835,AAA Batteries (4-pack),1,5/26/2019 22:53
202836,AAA Batteries (4-pack),1,5/12/2019 23:38
202837,USB-C Charging Cable,1,5/26/2019 12:15
202838,Vareebadd Phone,1,5/25/2019 13:08
202839,Apple Airpods Headphones,1,5/30/2019 7:42
202840,AA Batteries (4-pack),1,5/19/2019 12:42
202841,Apple Airpods Headphones,1,5/18/2019 19:02
202842,Wired Headphones,1,5/29/2019 14:45
202842,USB-C Charging Cable,1,5/29/2019 14:45
202843,AAA Batteries (4-pack),1,5/1/2019 20:24
202844,34in Ultrawide Monitor,1,5/26/2019 12:17
202845,USB-C Charging Cable,1,5/21/2019 23:34
202846,AAA Batteries (4-pack),1,5/20/2019 14:03
202847,AAA Batteries (4-pack),2,5/14/2019 23:57
202848,AAA Batteries (4-pack),1,5/15/2019 20:27
202849,Bose SoundSport Headphones,1,5/14/2019 11:36
202850,27in 4K Gaming Monitor,1,5/18/2019 16:24
202851,USB-C Charging Cable,1,5/15/2019 9:53
202852,27in FHD Monitor,1,5/24/2019 11:00
202853,LG Dryer,1,5/18/2019 11:16
202854,Lightning Charging Cable,1,5/23/2019 9:36
202855,AAA Batteries (4-pack),1,5/14/2019 10:56
202856,Bose SoundSport Headphones,1,5/30/2019 16:08
202857,Macbook Pro Laptop,1,5/13/2019 11:21
202858,Bose SoundSport Headphones,1,5/1/2019 19:42
202859,Apple Airpods Headphones,1,5/27/2019 4:33
202860,Google Phone,1,5/25/2019 10:00
202861,AAA Batteries (4-pack),1,5/23/2019 19:50
202862,USB-C Charging Cable,1,5/2/2019 9:09
202863,USB-C Charging Cable,1,5/20/2019 16:57
202864,USB-C Charging Cable,1,5/18/2019 15:51
202865,AAA Batteries (4-pack),1,5/26/2019 17:46
202866,USB-C Charging Cable,1,5/25/2019 20:50
202867,AAA Batteries (4-pack),2,5/19/2019 5:08
202868,Lightning Charging Cable,1,5/31/2019 9:15
202869,LG Washing Machine,1,5/30/2019 19:58
202870,27in FHD Monitor,1,5/16/2019 1:37
202871,USB-C Charging Cable,1,5/23/2019 20:28
202872,AAA Batteries (4-pack),1,5/4/2019 16:44
202873,iPhone,1,5/26/2019 17:02
202874,Lightning Charging Cable,3,5/12/2019 21:14
202875,Wired Headphones,1,5/5/2019 17:04
202876,34in Ultrawide Monitor,1,5/22/2019 17:53
202877,Apple Airpods Headphones,1,5/7/2019 14:10
202878,27in FHD Monitor,1,5/29/2019 19:34
202879,Macbook Pro Laptop,1,5/24/2019 19:17
202880,AAA Batteries (4-pack),2,5/14/2019 13:41
202881,Lightning Charging Cable,1,5/1/2019 16:05
202882,iPhone,1,5/3/2019 16:22
202883,ThinkPad Laptop,1,5/29/2019 16:07
202884,Apple Airpods Headphones,1,5/21/2019 18:33
202885,Apple Airpods Headphones,1,5/10/2019 17:36
202886,27in 4K Gaming Monitor,1,5/24/2019 14:27
202887,Wired Headphones,1,5/3/2019 13:44
202888,USB-C Charging Cable,1,5/14/2019 13:06
202889,Lightning Charging Cable,1,5/29/2019 13:19
202890,27in FHD Monitor,1,5/5/2019 16:01
202891,Wired Headphones,2,5/30/2019 22:54
202892,AAA Batteries (4-pack),1,5/22/2019 22:18
202893,Bose SoundSport Headphones,1,5/12/2019 8:21
202894,Lightning Charging Cable,1,5/31/2019 9:56
202895,Wired Headphones,1,5/13/2019 20:40
202896,Bose SoundSport Headphones,1,5/29/2019 18:33
202897,Lightning Charging Cable,1,5/20/2019 21:18
202898,AA Batteries (4-pack),6,5/14/2019 17:47
202899,AAA Batteries (4-pack),1,5/11/2019 22:20
202900,USB-C Charging Cable,1,5/4/2019 17:31
202901,Lightning Charging Cable,1,5/26/2019 19:48
202902,AAA Batteries (4-pack),7,5/23/2019 19:58
202903,Apple Airpods Headphones,1,5/4/2019 12:33
202904,iPhone,1,5/5/2019 19:47
202905,AAA Batteries (4-pack),2,5/2/2019 11:56
202906,20in Monitor,1,5/9/2019 12:13
202906,Macbook Pro Laptop,1,5/9/2019 12:13
202907,AA Batteries (4-pack),2,5/3/2019 15:54
202908,USB-C Charging Cable,1,5/13/2019 7:55
202909,Bose SoundSport Headphones,1,5/7/2019 14:56
202910,iPhone,1,5/25/2019 12:42
202910,Lightning Charging Cable,1,5/25/2019 12:42
202911,AAA Batteries (4-pack),1,5/17/2019 18:17
202912,ThinkPad Laptop,1,5/16/2019 11:15
202913,AA Batteries (4-pack),1,5/2/2019 18:43
202914,USB-C Charging Cable,1,5/8/2019 20:55
202915,Flatscreen TV,1,5/13/2019 16:29
202916,USB-C Charging Cable,1,5/1/2019 17:07
202917,Flatscreen TV,1,5/6/2019 19:42
202918,Apple Airpods Headphones,1,5/24/2019 22:08
202919,Flatscreen TV,1,5/1/2019 16:51
202919,USB-C Charging Cable,1,5/1/2019 16:51
202920,USB-C Charging Cable,1,5/19/2019 20:29
202921,AA Batteries (4-pack),1,5/6/2019 14:32
202922,Apple Airpods Headphones,1,5/1/2019 12:40
202923,AA Batteries (4-pack),1,5/9/2019 18:29
202924,27in 4K Gaming Monitor,1,5/6/2019 12:59
202925,Lightning Charging Cable,1,5/29/2019 21:43
202925,Lightning Charging Cable,2,5/29/2019 21:43
202926,USB-C Charging Cable,1,5/2/2019 10:34
202927,34in Ultrawide Monitor,1,5/19/2019 18:37
202928,AA Batteries (4-pack),2,5/19/2019 12:43
202929,20in Monitor,1,5/14/2019 14:40
202930,Flatscreen TV,1,5/18/2019 14:34
202931,34in Ultrawide Monitor,1,5/23/2019 10:38
202932,Apple Airpods Headphones,1,5/20/2019 14:32
202933,Lightning Charging Cable,1,5/31/2019 6:14
202934,USB-C Charging Cable,1,5/20/2019 8:40
202935,USB-C Charging Cable,1,5/10/2019 16:10
202936,AA Batteries (4-pack),2,5/17/2019 17:21
202937,Apple Airpods Headphones,1,5/12/2019 13:29
202938,iPhone,1,5/9/2019 0:39
202939,USB-C Charging Cable,1,5/19/2019 13:07
202940,34in Ultrawide Monitor,1,5/1/2019 19:25
202941,Apple Airpods Headphones,1,5/30/2019 17:15
202942,iPhone,1,5/19/2019 16:18
202943,27in FHD Monitor,1,5/22/2019 16:41
202944,AAA Batteries (4-pack),2,5/19/2019 19:39
202945,Lightning Charging Cable,1,5/29/2019 4:00
202946,Wired Headphones,2,5/14/2019 0:53
202947,AAA Batteries (4-pack),1,5/16/2019 11:21
202948,AA Batteries (4-pack),1,5/21/2019 21:07
202948,27in 4K Gaming Monitor,1,5/21/2019 21:07
202949,Wired Headphones,1,5/17/2019 13:06
202950,iPhone,1,5/19/2019 11:08
202950,Lightning Charging Cable,1,5/19/2019 11:08
202951,Wired Headphones,2,5/25/2019 1:29
202952,Lightning Charging Cable,1,5/12/2019 21:03
202953,27in FHD Monitor,1,5/26/2019 13:39
202954,AAA Batteries (4-pack),1,5/20/2019 9:25
202955,USB-C Charging Cable,1,5/20/2019 17:30
202956,Wired Headphones,1,5/14/2019 13:00
202957,27in 4K Gaming Monitor,1,5/8/2019 18:56
202958,Lightning Charging Cable,1,5/1/2019 9:45
202959,27in FHD Monitor,1,5/30/2019 15:30
202960,USB-C Charging Cable,1,5/18/2019 10:07
202961,27in FHD Monitor,1,5/25/2019 19:03
202962,AA Batteries (4-pack),2,5/21/2019 20:39
202963,Lightning Charging Cable,1,5/15/2019 10:18
202964,Bose SoundSport Headphones,2,5/13/2019 13:18
202965,Wired Headphones,1,5/6/2019 18:20
202966,Wired Headphones,1,5/10/2019 12:41
202967,Lightning Charging Cable,1,5/14/2019 20:16
202968,Apple Airpods Headphones,1,5/19/2019 23:40
202969,AAA Batteries (4-pack),1,5/30/2019 9:37
202970,Lightning Charging Cable,1,5/17/2019 6:06
202971,iPhone,1,5/5/2019 21:04
202972,ThinkPad Laptop,1,5/3/2019 15:14
202973,AA Batteries (4-pack),1,5/21/2019 13:16
202974,Wired Headphones,1,5/27/2019 15:00
202975,27in FHD Monitor,1,5/24/2019 16:15
202976,Google Phone,1,5/1/2019 19:08
202977,Apple Airpods Headphones,1,5/17/2019 9:02
202978,20in Monitor,1,5/23/2019 12:58
202979,Wired Headphones,1,5/10/2019 20:04
202980,USB-C Charging Cable,1,5/4/2019 19:34
202981,Bose SoundSport Headphones,1,5/24/2019 6:20
202982,Bose SoundSport Headphones,1,5/11/2019 0:25
202983,Wired Headphones,1,5/29/2019 17:54
202984,Wired Headphones,1,5/24/2019 6:38
202985,AA Batteries (4-pack),2,5/10/2019 18:49
202986,iPhone,1,5/22/2019 22:04
202987,Bose SoundSport Headphones,1,5/18/2019 8:59
202988,Bose SoundSport Headphones,1,5/19/2019 10:50
202989,Apple Airpods Headphones,1,5/1/2019 13:16
202990,Apple Airpods Headphones,1,5/26/2019 18:10
202991,27in FHD Monitor,1,5/29/2019 11:17
202992,Wired Headphones,1,5/7/2019 9:28
202992,AAA Batteries (4-pack),3,5/7/2019 9:28
202993,iPhone,1,5/21/2019 16:08
202993,Lightning Charging Cable,1,5/21/2019 16:08
202994,27in 4K Gaming Monitor,1,5/14/2019 9:22
202995,20in Monitor,1,5/23/2019 6:37
202996,iPhone,1,5/20/2019 8:16
202997,iPhone,1,5/27/2019 16:05
202998,AAA Batteries (4-pack),1,5/29/2019 15:07
202999,20in Monitor,1,5/3/2019 20:41
203000,Google Phone,1,5/25/2019 15:10
203001,Google Phone,1,5/5/2019 10:31
203002,Lightning Charging Cable,1,5/22/2019 5:35
203002,27in FHD Monitor,1,5/22/2019 5:35
203003,34in Ultrawide Monitor,1,5/15/2019 22:03
203004,Apple Airpods Headphones,1,5/15/2019 22:08
203005,USB-C Charging Cable,1,5/4/2019 10:20
203006,AAA Batteries (4-pack),1,5/27/2019 23:18
203007,ThinkPad Laptop,1,5/25/2019 19:35
203008,AA Batteries (4-pack),1,5/7/2019 11:11
203009,AA Batteries (4-pack),1,5/2/2019 21:37
203010,Bose SoundSport Headphones,1,5/25/2019 18:57
203011,27in 4K Gaming Monitor,1,5/25/2019 22:03
203012,USB-C Charging Cable,1,5/18/2019 22:04
203013,AAA Batteries (4-pack),1,5/17/2019 9:06
203014,USB-C Charging Cable,1,5/21/2019 7:21
203015,Apple Airpods Headphones,1,5/30/2019 11:01
203016,27in 4K Gaming Monitor,1,5/28/2019 13:43
203017,Lightning Charging Cable,1,5/21/2019 20:38
203018,Vareebadd Phone,1,5/25/2019 9:42
203018,Bose SoundSport Headphones,1,5/25/2019 9:42
203019,Flatscreen TV,1,5/6/2019 14:25
203020,iPhone,1,5/30/2019 10:10
203021,Apple Airpods Headphones,1,5/8/2019 23:19
203022,Wired Headphones,1,5/18/2019 10:05
203023,Apple Airpods Headphones,1,5/22/2019 16:43
203024,Lightning Charging Cable,1,5/7/2019 17:24
203025,USB-C Charging Cable,1,5/13/2019 10:50
203026,AAA Batteries (4-pack),1,5/22/2019 20:55
203027,Bose SoundSport Headphones,1,5/14/2019 14:00
203028,USB-C Charging Cable,1,5/16/2019 8:58
203029,Apple Airpods Headphones,1,5/15/2019 15:42
203030,AA Batteries (4-pack),1,5/2/2019 18:04
203031,iPhone,1,5/29/2019 12:36
203032,AA Batteries (4-pack),1,5/18/2019 13:44
203033,Lightning Charging Cable,1,5/2/2019 9:17
203034,Vareebadd Phone,1,5/14/2019 20:15
203035,Bose SoundSport Headphones,1,5/1/2019 14:23
203036,USB-C Charging Cable,1,5/8/2019 11:19
203037,Lightning Charging Cable,1,5/22/2019 11:05
203038,27in 4K Gaming Monitor,1,5/17/2019 21:42
203039,USB-C Charging Cable,1,5/20/2019 8:53
203040,Wired Headphones,1,5/20/2019 21:25
203041,iPhone,1,5/24/2019 10:02
203042,AAA Batteries (4-pack),1,5/23/2019 13:15
203043,Lightning Charging Cable,1,5/18/2019 16:21
203044,Bose SoundSport Headphones,1,5/2/2019 17:41
203045,Lightning Charging Cable,1,5/27/2019 20:40
203046,Bose SoundSport Headphones,1,5/2/2019 12:33
203047,Wired Headphones,1,5/10/2019 10:18
203048,AA Batteries (4-pack),2,5/1/2019 12:57
203049,USB-C Charging Cable,1,5/2/2019 18:59
203050,AA Batteries (4-pack),1,5/20/2019 21:13
203051,Bose SoundSport Headphones,1,5/23/2019 15:42
203052,Macbook Pro Laptop,1,5/2/2019 21:52
203053,34in Ultrawide Monitor,1,5/9/2019 12:07
203054,AAA Batteries (4-pack),2,5/11/2019 17:15
203055,Apple Airpods Headphones,1,5/9/2019 18:34
203056,Vareebadd Phone,1,5/18/2019 15:01
203057,Bose SoundSport Headphones,1,5/23/2019 19:55
203058,Lightning Charging Cable,1,5/8/2019 0:06
203059,AA Batteries (4-pack),1,5/31/2019 12:45
203060,AAA Batteries (4-pack),2,5/6/2019 15:02
203061,Bose SoundSport Headphones,1,5/27/2019 20:29
203062,USB-C Charging Cable,1,5/4/2019 20:47
203063,USB-C Charging Cable,1,5/4/2019 19:45
203064,USB-C Charging Cable,1,5/29/2019 17:29
203065,Wired Headphones,1,5/1/2019 20:20
203066,Apple Airpods Headphones,1,5/18/2019 21:37
203067,Wired Headphones,1,5/18/2019 11:58
203068,USB-C Charging Cable,1,5/9/2019 13:16
203069,AA Batteries (4-pack),1,5/12/2019 11:30
203070,AAA Batteries (4-pack),1,5/22/2019 8:29
203071,Bose SoundSport Headphones,1,5/23/2019 19:27
203072,Apple Airpods Headphones,1,5/14/2019 12:08
203073,AA Batteries (4-pack),1,5/13/2019 8:04
203074,27in FHD Monitor,1,5/14/2019 19:40
203075,27in 4K Gaming Monitor,1,5/18/2019 3:47
203076,Bose SoundSport Headphones,1,5/7/2019 10:15
203077,Wired Headphones,1,5/20/2019 12:43
203078,AAA Batteries (4-pack),1,5/6/2019 11:53
203079,AA Batteries (4-pack),2,5/19/2019 17:31
203080,Lightning Charging Cable,1,5/14/2019 21:13
203081,AA Batteries (4-pack),1,5/2/2019 15:47
203082,AA Batteries (4-pack),2,5/6/2019 16:19
203083,Macbook Pro Laptop,1,5/28/2019 18:28
203084,iPhone,1,5/17/2019 23:53
203085,Lightning Charging Cable,1,5/29/2019 15:46
203086,AAA Batteries (4-pack),1,5/22/2019 17:01
203086,34in Ultrawide Monitor,1,5/22/2019 17:01
203087,Lightning Charging Cable,1,5/6/2019 17:10
203088,27in FHD Monitor,1,5/28/2019 23:01
203089,Flatscreen TV,1,5/19/2019 11:57
203090,USB-C Charging Cable,1,5/27/2019 11:02
203091,Wired Headphones,1,5/14/2019 14:50
203092,27in FHD Monitor,1,5/9/2019 15:41
203093,Wired Headphones,2,5/19/2019 14:07
203094,AA Batteries (4-pack),1,5/22/2019 12:09
203094,Bose SoundSport Headphones,1,5/22/2019 12:09
203095,Bose SoundSport Headphones,1,5/28/2019 9:19
203096,USB-C Charging Cable,1,5/30/2019 23:50
203097,Lightning Charging Cable,1,5/5/2019 13:48
203098,Wired Headphones,1,5/24/2019 13:54
203099,USB-C Charging Cable,1,5/9/2019 15:50
203100,27in 4K Gaming Monitor,1,5/3/2019 20:51
203100,AAA Batteries (4-pack),2,5/3/2019 20:51
203101,27in 4K Gaming Monitor,1,5/16/2019 12:13
203102,USB-C Charging Cable,1,5/16/2019 14:34
203103,Flatscreen TV,1,5/20/2019 12:36
203104,Flatscreen TV,1,5/10/2019 18:38
203105,Lightning Charging Cable,1,5/9/2019 12:09
203106,Apple Airpods Headphones,1,5/4/2019 20:57
203107,USB-C Charging Cable,2,5/10/2019 20:32
203108,Wired Headphones,2,5/18/2019 15:34
203109,27in 4K Gaming Monitor,1,5/23/2019 20:04
203110,Lightning Charging Cable,1,5/29/2019 22:11
203111,Wired Headphones,1,5/6/2019 8:08
203112,Wired Headphones,1,5/2/2019 16:08
203113,AAA Batteries (4-pack),1,5/27/2019 8:46
203114,Lightning Charging Cable,1,5/25/2019 19:11
203115,Bose SoundSport Headphones,1,5/6/2019 13:43
203116,Bose SoundSport Headphones,1,5/5/2019 9:52
203117,AAA Batteries (4-pack),2,5/12/2019 9:53
203118,ThinkPad Laptop,1,5/24/2019 15:36
203119,AA Batteries (4-pack),1,5/16/2019 11:04
203120,27in FHD Monitor,1,5/30/2019 18:26
203121,Wired Headphones,1,5/18/2019 12:42
203122,Flatscreen TV,1,5/26/2019 11:52
203123,iPhone,1,5/11/2019 23:39
203124,AAA Batteries (4-pack),1,5/19/2019 20:29
203125,Lightning Charging Cable,1,5/9/2019 20:11
203125,AA Batteries (4-pack),1,5/9/2019 20:11
203126,AA Batteries (4-pack),1,5/23/2019 0:42
203127,27in FHD Monitor,1,5/25/2019 20:25
203128,USB-C Charging Cable,1,5/12/2019 10:37
203129,AA Batteries (4-pack),1,5/13/2019 13:33
203130,Lightning Charging Cable,1,5/9/2019 9:18
203131,iPhone,1,5/28/2019 16:38
203131,Lightning Charging Cable,1,5/28/2019 16:38
203132,USB-C Charging Cable,1,5/9/2019 16:08
203133,Google Phone,1,5/14/2019 18:36
203133,USB-C Charging Cable,1,5/14/2019 18:36
203133,Wired Headphones,1,5/14/2019 18:36
203134,Bose SoundSport Headphones,1,5/21/2019 18:17
203135,34in Ultrawide Monitor,1,5/5/2019 11:13
203136,Lightning Charging Cable,1,5/9/2019 13:20
203137,AA Batteries (4-pack),1,5/31/2019 11:33
203138,AAA Batteries (4-pack),1,5/31/2019 7:54
203139,AAA Batteries (4-pack),1,5/23/2019 10:01
203140,Wired Headphones,1,5/3/2019 16:14
203141,Bose SoundSport Headphones,1,5/19/2019 11:43
203142,USB-C Charging Cable,1,5/17/2019 21:41
203143,Lightning Charging Cable,1,5/5/2019 9:00
203144,AA Batteries (4-pack),3,5/8/2019 11:05
203145,AA Batteries (4-pack),1,5/21/2019 23:59
203146,Lightning Charging Cable,1,5/10/2019 16:23
203147,AAA Batteries (4-pack),1,5/18/2019 0:01
203148,27in 4K Gaming Monitor,1,5/9/2019 14:13
203149,Google Phone,1,5/8/2019 15:39
203149,USB-C Charging Cable,1,5/8/2019 15:39
203150,Bose SoundSport Headphones,1,5/1/2019 18:50
203151,Lightning Charging Cable,1,5/25/2019 9:23
203152,Flatscreen TV,1,5/3/2019 10:54
203153,Bose SoundSport Headphones,1,5/16/2019 21:33
203153,AA Batteries (4-pack),1,5/16/2019 21:33
203154,AA Batteries (4-pack),1,5/6/2019 19:11
203155,27in FHD Monitor,1,5/25/2019 10:04
203156,Apple Airpods Headphones,1,5/26/2019 8:28
203157,AAA Batteries (4-pack),2,5/15/2019 9:43
203158,Lightning Charging Cable,2,5/29/2019 18:14
203159,AAA Batteries (4-pack),1,5/2/2019 22:57
203160,27in 4K Gaming Monitor,1,5/21/2019 12:40
203161,Apple Airpods Headphones,1,5/19/2019 20:37
203162,Flatscreen TV,1,5/20/2019 10:58
203163,USB-C Charging Cable,1,5/29/2019 21:42
Order ID,Product,Quantity Ordered,Order Date
203164,Wired Headphones,1,5/6/2019 14:26
203165,Apple Airpods Headphones,1,5/2/2019 16:24
203166,USB-C Charging Cable,1,5/23/2019 11:19
203167,27in FHD Monitor,1,5/19/2019 9:08
203168,Lightning Charging Cable,1,5/25/2019 7:44
Order ID,Product,Quantity Ordered,Order Date
203169,Lightning Charging Cable,1,5/26/2019 22:01
203170,ThinkPad Laptop,1,5/3/2019 19:56
203171,AA Batteries (4-pack),1,5/2/2019 7:12
203172,Apple Airpods Headphones,1,5/1/2019 10:15
203173,Bose SoundSport Headphones,1,5/29/2019 18:26
203174,USB-C Charging Cable,1,5/4/2019 18:12
203174,27in FHD Monitor,1,5/4/2019 18:12
203175,Apple Airpods Headphones,1,5/22/2019 11:48
203176,AAA Batteries (4-pack),1,5/6/2019 21:23
203177,USB-C Charging Cable,2,5/31/2019 21:02
203178,Flatscreen TV,1,5/9/2019 1:38
203179,Wired Headphones,1,5/4/2019 14:55
203180,Lightning Charging Cable,1,5/22/2019 12:59
203181,20in Monitor,1,5/2/2019 11:22
203182,34in Ultrawide Monitor,1,5/9/2019 21:09
203183,20in Monitor,2,5/15/2019 21:45
203184,iPhone,1,5/25/2019 21:52
203185,Apple Airpods Headphones,1,5/11/2019 23:43
203186,27in FHD Monitor,1,5/18/2019 14:23
203187,USB-C Charging Cable,1,5/23/2019 21:14
203188,27in FHD Monitor,1,5/16/2019 17:18
203189,27in 4K Gaming Monitor,1,5/31/2019 11:39
203190,AA Batteries (4-pack),1,5/4/2019 23:06
203190,Lightning Charging Cable,2,5/4/2019 23:06
203191,iPhone,1,5/10/2019 19:56
203191,Apple Airpods Headphones,1,5/10/2019 19:56
203192,Bose SoundSport Headphones,1,5/4/2019 14:56
203193,27in 4K Gaming Monitor,1,5/14/2019 8:09
203194,Bose SoundSport Headphones,1,5/26/2019 13:05
,,,
203195,AAA Batteries (4-pack),1,5/19/2019 22:35
203196,34in Ultrawide Monitor,1,5/19/2019 1:02
203197,Apple Airpods Headphones,1,5/3/2019 11:18
203198,Wired Headphones,1,5/28/2019 23:57
203199,USB-C Charging Cable,1,5/5/2019 13:15
203200,20in Monitor,1,5/22/2019 23:43
203201,iPhone,1,5/17/2019 16:26
203202,iPhone,1,5/7/2019 15:34
203203,Lightning Charging Cable,1,5/25/2019 11:29
203204,AAA Batteries (4-pack),1,5/25/2019 19:44
203205,USB-C Charging Cable,3,5/26/2019 20:53
203206,Wired Headphones,1,5/22/2019 15:54
203207,AAA Batteries (4-pack),1,5/10/2019 11:28
203208,Wired Headphones,1,5/15/2019 11:40
203209,USB-C Charging Cable,1,5/2/2019 18:40
203210,Google Phone,1,5/5/2019 9:28
203211,27in FHD Monitor,1,5/6/2019 18:35
203212,USB-C Charging Cable,1,5/1/2019 16:50
203213,Lightning Charging Cable,1,5/6/2019 11:44
203214,Bose SoundSport Headphones,1,5/28/2019 16:02
203215,27in FHD Monitor,1,5/7/2019 21:07
203216,27in FHD Monitor,1,5/26/2019 20:03
203217,Lightning Charging Cable,1,5/9/2019 19:30
203218,Flatscreen TV,1,5/30/2019 6:24
203219,AA Batteries (4-pack),1,5/22/2019 14:13
203220,Lightning Charging Cable,1,5/23/2019 7:46
203221,Lightning Charging Cable,2,5/18/2019 22:11
203222,Apple Airpods Headphones,1,5/9/2019 7:23
203223,Google Phone,1,5/14/2019 22:57
203224,AA Batteries (4-pack),1,5/6/2019 19:29
203225,Macbook Pro Laptop,1,5/24/2019 19:21
203226,Wired Headphones,1,5/21/2019 21:22
203227,AAA Batteries (4-pack),1,5/30/2019 17:18
203228,Bose SoundSport Headphones,1,5/29/2019 19:11
203229,AA Batteries (4-pack),1,5/26/2019 15:39
203230,USB-C Charging Cable,1,5/20/2019 17:35
203231,AAA Batteries (4-pack),2,5/18/2019 20:32
203232,ThinkPad Laptop,1,5/27/2019 13:57
203233,AAA Batteries (4-pack),1,5/13/2019 21:08
203234,Bose SoundSport Headphones,1,5/14/2019 14:09
203235,AAA Batteries (4-pack),1,5/29/2019 17:28
203235,34in Ultrawide Monitor,1,5/29/2019 17:28
203236,Bose SoundSport Headphones,1,5/19/2019 17:33
203237,AA Batteries (4-pack),1,5/8/2019 15:23
203238,20in Monitor,1,5/11/2019 22:25
203239,USB-C Charging Cable,2,5/18/2019 6:59
203240,Apple Airpods Headphones,1,5/16/2019 14:45
203241,Wired Headphones,1,5/26/2019 11:23
203242,Lightning Charging Cable,1,5/16/2019 19:13
203243,AAA Batteries (4-pack),1,5/5/2019 20:52
203244,Apple Airpods Headphones,1,5/25/2019 9:38
203245,iPhone,1,5/31/2019 19:49
203245,Lightning Charging Cable,1,5/31/2019 19:49
203246,Wired Headphones,1,5/23/2019 20:55
203247,AAA Batteries (4-pack),1,5/5/2019 21:34
203248,Flatscreen TV,1,5/23/2019 16:41
203249,Wired Headphones,1,5/4/2019 21:56
203250,AAA Batteries (4-pack),2,5/11/2019 16:58
203251,USB-C Charging Cable,1,5/28/2019 16:49
203252,AA Batteries (4-pack),1,5/4/2019 23:20
203253,Apple Airpods Headphones,1,5/29/2019 21:51
203254,AAA Batteries (4-pack),1,5/1/2019 14:42
203255,iPhone,1,5/7/2019 21:05
203256,Lightning Charging Cable,1,5/3/2019 7:18
203257,Wired Headphones,1,5/12/2019 13:34
203258,USB-C Charging Cable,1,5/8/2019 15:13
203259,iPhone,1,5/23/2019 10:05
203260,Lightning Charging Cable,1,5/14/2019 12:40
203261,Lightning Charging Cable,1,5/18/2019 10:12
203262,Lightning Charging Cable,1,5/6/2019 16:52
203263,AAA Batteries (4-pack),1,5/19/2019 17:03
203264,LG Washing Machine,1,5/18/2019 14:19
203265,20in Monitor,1,5/20/2019 17:35
203266,Wired Headphones,1,5/5/2019 18:41
203267,Apple Airpods Headphones,1,5/2/2019 23:51
203268,ThinkPad Laptop,1,5/30/2019 21:14
203269,AAA Batteries (4-pack),1,5/13/2019 22:36
203270,AA Batteries (4-pack),1,5/22/2019 20:46
203271,Wired Headphones,1,5/19/2019 23:31
203272,Apple Airpods Headphones,1,5/25/2019 18:58
203273,AA Batteries (4-pack),1,5/15/2019 20:02
203274,AAA Batteries (4-pack),1,5/6/2019 22:06
203275,USB-C Charging Cable,1,5/9/2019 21:00
203276,27in FHD Monitor,1,5/12/2019 0:59
203277,27in FHD Monitor,1,5/1/2019 17:13
203278,USB-C Charging Cable,1,5/22/2019 18:57
203279,ThinkPad Laptop,1,5/25/2019 15:55
203280,27in FHD Monitor,1,5/13/2019 23:13
203281,Lightning Charging Cable,1,5/19/2019 23:35
203282,Lightning Charging Cable,1,5/9/2019 10:19
203283,Wired Headphones,1,5/11/2019 13:08
203284,ThinkPad Laptop,1,5/5/2019 19:44
203284,Lightning Charging Cable,1,5/5/2019 19:44
203285,27in 4K Gaming Monitor,1,5/16/2019 2:19
203286,27in FHD Monitor,1,5/4/2019 15:36
203287,AAA Batteries (4-pack),1,5/26/2019 22:23
203288,Wired Headphones,1,5/21/2019 17:50
203289,Wired Headphones,1,5/23/2019 13:15
203290,AA Batteries (4-pack),1,5/14/2019 21:35
203291,Macbook Pro Laptop,1,5/26/2019 19:35
203292,ThinkPad Laptop,1,5/8/2019 1:46
203293,AA Batteries (4-pack),1,5/25/2019 12:15
203294,Bose SoundSport Headphones,1,5/25/2019 18:27
203295,Lightning Charging Cable,1,5/23/2019 10:13
203296,Apple Airpods Headphones,1,5/19/2019 19:37
203297,USB-C Charging Cable,1,5/19/2019 12:45
203298,Flatscreen TV,1,5/22/2019 19:31
203299,USB-C Charging Cable,1,5/5/2019 19:32
203300,AA Batteries (4-pack),2,5/21/2019 18:52
203301,AA Batteries (4-pack),1,5/29/2019 12:59
203302,ThinkPad Laptop,1,5/8/2019 13:31
203303,Bose SoundSport Headphones,1,5/11/2019 18:42
203304,AAA Batteries (4-pack),1,5/11/2019 11:05
203305,Google Phone,1,5/22/2019 10:54
203306,USB-C Charging Cable,1,5/28/2019 18:55
203307,USB-C Charging Cable,1,5/12/2019 12:36
203308,Lightning Charging Cable,1,5/11/2019 12:34
203309,iPhone,1,5/7/2019 21:00
203310,Macbook Pro Laptop,1,5/27/2019 15:16
203311,20in Monitor,1,5/28/2019 20:44
203312,AA Batteries (4-pack),2,5/28/2019 18:34
203313,Wired Headphones,1,5/20/2019 15:18
203314,Apple Airpods Headphones,1,5/19/2019 9:36
203315,AA Batteries (4-pack),1,5/16/2019 9:56
203316,AA Batteries (4-pack),1,5/17/2019 9:29
203317,27in 4K Gaming Monitor,1,5/25/2019 19:15
203318,Lightning Charging Cable,2,5/6/2019 8:47
203319,Lightning Charging Cable,2,5/29/2019 14:40
203320,USB-C Charging Cable,1,5/15/2019 22:04
203321,Bose SoundSport Headphones,1,5/31/2019 19:13
203322,USB-C Charging Cable,1,5/27/2019 10:41
203323,Macbook Pro Laptop,1,5/11/2019 20:09
203324,Lightning Charging Cable,1,5/13/2019 5:57
203325,ThinkPad Laptop,1,5/30/2019 21:41
203326,ThinkPad Laptop,1,5/11/2019 9:05
203327,AA Batteries (4-pack),1,5/12/2019 19:51
203328,27in FHD Monitor,1,5/3/2019 21:17
203328,AA Batteries (4-pack),1,5/3/2019 21:17
203329,USB-C Charging Cable,1,5/12/2019 6:22
,,,
203330,AA Batteries (4-pack),1,5/13/2019 20:33
203331,Bose SoundSport Headphones,1,5/2/2019 1:22
203332,iPhone,1,5/27/2019 18:11
203333,iPhone,1,5/29/2019 13:49
203334,Macbook Pro Laptop,1,5/11/2019 11:11
203335,AAA Batteries (4-pack),2,5/21/2019 18:13
203336,27in FHD Monitor,1,5/22/2019 15:30
203337,ThinkPad Laptop,1,5/14/2019 1:32
203338,Apple Airpods Headphones,1,5/12/2019 8:57
203339,Bose SoundSport Headphones,1,5/5/2019 22:56
203340,Lightning Charging Cable,1,5/8/2019 9:24
203341,AAA Batteries (4-pack),2,5/2/2019 16:00
203342,27in 4K Gaming Monitor,1,5/18/2019 10:19
203343,Flatscreen TV,1,5/29/2019 3:37
203344,Wired Headphones,1,5/5/2019 18:45
203345,Apple Airpods Headphones,1,5/20/2019 6:34
203346,Apple Airpods Headphones,1,5/16/2019 11:45
203347,Wired Headphones,1,5/25/2019 14:57
203348,Bose SoundSport Headphones,1,5/21/2019 13:34
203349,Lightning Charging Cable,1,5/4/2019 22:18
203350,Lightning Charging Cable,1,5/22/2019 15:13
203351,AA Batteries (4-pack),2,5/14/2019 19:55
203352,Bose SoundSport Headphones,1,5/4/2019 17:25
203353,LG Washing Machine,1,5/11/2019 14:06
203354,USB-C Charging Cable,1,5/8/2019 12:26
203355,USB-C Charging Cable,1,5/23/2019 0:21
203356,Lightning Charging Cable,1,5/11/2019 20:39
203357,34in Ultrawide Monitor,1,5/21/2019 10:07
203358,Lightning Charging Cable,1,5/21/2019 12:40
203359,20in Monitor,1,5/13/2019 19:41
203360,27in FHD Monitor,1,5/20/2019 13:58
203361,Vareebadd Phone,1,5/14/2019 19:26
203362,AAA Batteries (4-pack),1,5/25/2019 8:20
203363,34in Ultrawide Monitor,1,5/3/2019 19:57
203364,Apple Airpods Headphones,1,5/24/2019 15:40
203365,Google Phone,1,5/5/2019 13:38
203365,Bose SoundSport Headphones,1,5/5/2019 13:38
203365,Apple Airpods Headphones,1,5/5/2019 13:38
203366,34in Ultrawide Monitor,1,5/7/2019 19:18
203367,ThinkPad Laptop,1,5/28/2019 16:37
203368,AA Batteries (4-pack),1,5/29/2019 7:13
203369,AA Batteries (4-pack),2,5/13/2019 10:32
203370,iPhone,1,5/31/2019 10:43
203370,Lightning Charging Cable,1,5/31/2019 10:43
203371,Google Phone,1,5/26/2019 7:09
203372,34in Ultrawide Monitor,1,5/13/2019 15:07
203373,Google Phone,1,5/2/2019 10:44
203374,Bose SoundSport Headphones,1,5/7/2019 19:42
203375,ThinkPad Laptop,1,5/28/2019 14:52
,,,
203376,USB-C Charging Cable,1,5/27/2019 15:21
203377,27in FHD Monitor,1,5/9/2019 11:40
203378,USB-C Charging Cable,1,5/6/2019 14:16
203379,AA Batteries (4-pack),1,5/28/2019 20:41
203380,Wired Headphones,1,5/14/2019 6:16
203381,AAA Batteries (4-pack),2,5/31/2019 22:20
203382,34in Ultrawide Monitor,1,5/17/2019 10:10
203383,Apple Airpods Headphones,1,5/12/2019 13:48
203384,Macbook Pro Laptop,1,5/24/2019 10:45
203384,27in 4K Gaming Monitor,1,5/24/2019 10:45
203385,Flatscreen TV,1,5/5/2019 18:02
203386,Wired Headphones,1,5/17/2019 21:12
203387,27in 4K Gaming Monitor,1,5/10/2019 12:02
203388,27in FHD Monitor,1,5/20/2019 8:43
203389,Wired Headphones,1,5/10/2019 21:12
203390,Bose SoundSport Headphones,1,5/7/2019 20:33
203391,27in FHD Monitor,1,5/23/2019 20:30
203392,Vareebadd Phone,1,5/11/2019 14:40
203392,USB-C Charging Cable,1,5/11/2019 14:40
203393,Wired Headphones,1,5/28/2019 18:20
203394,USB-C Charging Cable,1,5/31/2019 20:52
203395,AAA Batteries (4-pack),3,5/2/2019 21:05
203395,AAA Batteries (4-pack),2,5/2/2019 21:05
203396,AA Batteries (4-pack),2,5/30/2019 16:26
203397,AA Batteries (4-pack),1,5/25/2019 10:36
203398,Bose SoundSport Headphones,1,5/1/2019 10:55
203399,Lightning Charging Cable,1,5/7/2019 9:26
203400,Lightning Charging Cable,1,5/3/2019 17:06
203401,AA Batteries (4-pack),1,5/26/2019 19:40
203402,iPhone,1,5/9/2019 14:38
203403,Apple Airpods Headphones,1,5/6/2019 4:22
203404,Google Phone,1,5/11/2019 22:32
203405,27in 4K Gaming Monitor,1,5/28/2019 5:35
203406,Flatscreen TV,1,5/20/2019 17:19
203407,Apple Airpods Headphones,1,5/17/2019 19:03
Order ID,Product,Quantity Ordered,Order Date
203408,USB-C Charging Cable,1,5/4/2019 19:10
203409,Macbook Pro Laptop,1,5/5/2019 12:02
203410,Lightning Charging Cable,1,5/16/2019 12:06
203411,ThinkPad Laptop,1,5/16/2019 10:20
203412,AA Batteries (4-pack),1,5/3/2019 21:59
203413,Wired Headphones,1,5/14/2019 16:13
203414,AA Batteries (4-pack),3,5/2/2019 20:07
203415,AAA Batteries (4-pack),1,5/20/2019 2:36
203416,27in 4K Gaming Monitor,1,5/15/2019 20:37
203417,USB-C Charging Cable,1,5/27/2019 22:57
203418,Wired Headphones,1,5/8/2019 19:47
203419,Wired Headphones,1,5/18/2019 19:49
203420,USB-C Charging Cable,1,5/4/2019 19:37
203421,Macbook Pro Laptop,1,5/16/2019 9:51
203422,iPhone,1,5/28/2019 19:31
203422,Lightning Charging Cable,1,5/28/2019 19:31
203423,AAA Batteries (4-pack),3,5/26/2019 13:26
203424,USB-C Charging Cable,1,5/18/2019 15:29
203425,AA Batteries (4-pack),1,5/3/2019 22:04
203426,Lightning Charging Cable,1,5/17/2019 12:08
203427,USB-C Charging Cable,2,5/14/2019 10:54
203428,USB-C Charging Cable,1,5/20/2019 17:45
203429,Wired Headphones,1,5/1/2019 11:00
203430,Wired Headphones,1,5/12/2019 10:57
203431,AA Batteries (4-pack),1,5/25/2019 19:39
203432,USB-C Charging Cable,1,5/10/2019 18:19
203433,AAA Batteries (4-pack),3,5/31/2019 18:57
203434,AA Batteries (4-pack),1,5/21/2019 9:55
203435,USB-C Charging Cable,1,5/23/2019 23:25
203436,AA Batteries (4-pack),1,5/15/2019 8:03
203437,iPhone,1,5/1/2019 18:21
203437,Wired Headphones,1,5/1/2019 18:21
203438,20in Monitor,1,5/8/2019 19:52
203439,Wired Headphones,1,5/30/2019 21:40
203440,iPhone,1,5/9/2019 20:26
203441,USB-C Charging Cable,1,5/20/2019 14:38
203442,USB-C Charging Cable,1,5/6/2019 21:24
203443,Apple Airpods Headphones,1,5/11/2019 18:49
203444,Bose SoundSport Headphones,2,5/29/2019 22:11
203445,Apple Airpods Headphones,1,5/5/2019 18:15
203446,ThinkPad Laptop,1,5/17/2019 9:40
203447,Wired Headphones,1,5/25/2019 13:13
203448,Bose SoundSport Headphones,1,5/27/2019 12:36
203449,Apple Airpods Headphones,1,5/23/2019 12:59
203450,Apple Airpods Headphones,1,5/23/2019 22:50
203450,Google Phone,1,5/23/2019 22:50
203451,AA Batteries (4-pack),1,5/21/2019 20:00
203452,Wired Headphones,1,5/31/2019 10:33
203453,AAA Batteries (4-pack),2,5/9/2019 17:42
203454,Wired Headphones,4,5/25/2019 10:06
203455,Apple Airpods Headphones,1,5/6/2019 23:47
203456,AAA Batteries (4-pack),1,5/13/2019 16:30
203457,Wired Headphones,1,5/16/2019 19:49
203458,AA Batteries (4-pack),1,5/23/2019 6:50
203459,AAA Batteries (4-pack),1,5/6/2019 8:13
203460,AAA Batteries (4-pack),1,5/9/2019 15:17
203461,Macbook Pro Laptop,1,5/11/2019 14:31
203462,Wired Headphones,1,5/27/2019 12:29
203463,ThinkPad Laptop,1,5/8/2019 16:33
203464,Wired Headphones,3,5/4/2019 13:19
203465,Apple Airpods Headphones,1,5/25/2019 14:43
203466,AAA Batteries (4-pack),1,5/7/2019 17:56
203467,Bose SoundSport Headphones,1,5/25/2019 9:21
203468,27in FHD Monitor,1,5/14/2019 22:41
203469,iPhone,1,5/5/2019 20:28
203469,Lightning Charging Cable,1,5/5/2019 20:28
203470,34in Ultrawide Monitor,1,5/15/2019 9:12
203471,Wired Headphones,1,5/12/2019 19:47
203471,AA Batteries (4-pack),1,5/12/2019 19:47
203472,AAA Batteries (4-pack),2,5/11/2019 11:59
203473,Wired Headphones,1,5/5/2019 20:33
203474,Bose SoundSport Headphones,1,5/18/2019 0:13
203475,Apple Airpods Headphones,1,5/23/2019 2:18
203476,Apple Airpods Headphones,1,5/14/2019 14:34
203477,34in Ultrawide Monitor,1,5/20/2019 12:24
203478,AAA Batteries (4-pack),2,5/15/2019 9:19
203479,AA Batteries (4-pack),1,5/21/2019 21:10
203480,Apple Airpods Headphones,1,5/29/2019 22:58
203481,ThinkPad Laptop,1,5/15/2019 16:52
203482,USB-C Charging Cable,1,5/24/2019 8:42
203483,Wired Headphones,1,5/3/2019 9:05
203484,Flatscreen TV,1,5/17/2019 11:03
203485,iPhone,1,5/10/2019 9:59
203485,Lightning Charging Cable,1,5/10/2019 9:59
203486,AA Batteries (4-pack),1,5/18/2019 11:25
203487,Apple Airpods Headphones,1,5/30/2019 18:21
203488,USB-C Charging Cable,1,5/7/2019 8:29
203489,AA Batteries (4-pack),1,5/11/2019 17:27
203490,Apple Airpods Headphones,1,5/2/2019 15:21
203491,USB-C Charging Cable,1,5/11/2019 14:27
203492,iPhone,1,5/12/2019 7:45
203493,Bose SoundSport Headphones,1,5/8/2019 10:47
203494,AA Batteries (4-pack),1,5/20/2019 15:34
203495,Lightning Charging Cable,1,5/8/2019 10:40
203496,Apple Airpods Headphones,1,5/22/2019 9:02
203497,USB-C Charging Cable,1,5/20/2019 9:38
203498,20in Monitor,1,5/9/2019 9:13
203499,USB-C Charging Cable,1,5/28/2019 15:19
203500,LG Washing Machine,1,5/25/2019 19:12
203501,AAA Batteries (4-pack),1,5/8/2019 16:48
203502,AA Batteries (4-pack),1,5/24/2019 17:49
203503,AAA Batteries (4-pack),1,5/27/2019 14:28
203504,iPhone,1,5/16/2019 22:53
203505,Wired Headphones,2,5/26/2019 18:39
203506,USB-C Charging Cable,1,5/5/2019 18:33
203507,USB-C Charging Cable,1,5/27/2019 18:20
203508,USB-C Charging Cable,1,5/15/2019 9:42
203509,USB-C Charging Cable,1,5/21/2019 14:04
203510,AA Batteries (4-pack),1,5/11/2019 16:15
203511,iPhone,1,5/2/2019 22:46
203512,Wired Headphones,1,5/10/2019 0:59
203513,34in Ultrawide Monitor,1,5/18/2019 7:40
203514,34in Ultrawide Monitor,1,5/11/2019 8:04
203515,Lightning Charging Cable,2,5/20/2019 20:05
203516,Flatscreen TV,1,5/24/2019 18:24
203517,Lightning Charging Cable,1,5/17/2019 8:07
203518,Google Phone,1,5/8/2019 17:54
203518,Apple Airpods Headphones,1,5/8/2019 17:54
203519,20in Monitor,1,5/6/2019 10:57
203520,Vareebadd Phone,1,5/24/2019 10:05
203521,Bose SoundSport Headphones,1,5/24/2019 1:12
203522,Lightning Charging Cable,2,5/22/2019 8:11
203523,Google Phone,1,5/7/2019 17:26
203524,Wired Headphones,1,5/20/2019 9:54
203525,Macbook Pro Laptop,1,5/3/2019 13:57
203526,Apple Airpods Headphones,1,5/10/2019 11:50
203527,Macbook Pro Laptop,1,5/6/2019 11:33
203528,USB-C Charging Cable,2,5/28/2019 13:13
203529,20in Monitor,1,5/2/2019 11:23
203530,27in FHD Monitor,1,5/15/2019 20:11
203531,USB-C Charging Cable,2,5/14/2019 4:45
203532,AAA Batteries (4-pack),1,5/28/2019 11:49
203533,AAA Batteries (4-pack),2,5/15/2019 13:38
203534,AAA Batteries (4-pack),1,5/21/2019 19:15
203535,27in FHD Monitor,1,5/10/2019 12:44
203536,Wired Headphones,1,5/31/2019 0:15
203537,Wired Headphones,1,5/12/2019 13:35
203538,AAA Batteries (4-pack),1,5/9/2019 12:11
203539,USB-C Charging Cable,1,5/17/2019 9:07
203540,Apple Airpods Headphones,1,5/28/2019 11:33
203541,27in 4K Gaming Monitor,1,5/4/2019 23:54
203542,Lightning Charging Cable,2,5/19/2019 22:19
203543,Macbook Pro Laptop,1,5/22/2019 19:09
203544,iPhone,1,5/7/2019 2:03
203545,AA Batteries (4-pack),2,5/21/2019 8:41
203546,AA Batteries (4-pack),1,5/31/2019 19:14
203547,USB-C Charging Cable,1,5/24/2019 14:07
203548,USB-C Charging Cable,1,5/17/2019 17:43
203549,Apple Airpods Headphones,1,5/29/2019 9:04
203550,AA Batteries (4-pack),1,5/2/2019 11:32
203551,Lightning Charging Cable,1,5/6/2019 8:29
203552,USB-C Charging Cable,1,5/11/2019 20:20
203553,Lightning Charging Cable,1,5/28/2019 13:28
203554,AAA Batteries (4-pack),1,5/10/2019 19:31
203555,AAA Batteries (4-pack),1,5/6/2019 18:18
203556,Lightning Charging Cable,1,5/7/2019 11:14
203557,Apple Airpods Headphones,1,5/31/2019 17:16
203558,34in Ultrawide Monitor,1,5/1/2019 18:49
203559,Bose SoundSport Headphones,1,5/11/2019 13:19
203560,AA Batteries (4-pack),1,5/22/2019 22:19
203561,AA Batteries (4-pack),2,5/4/2019 19:19
203562,iPhone,1,5/29/2019 15:21
203563,AAA Batteries (4-pack),1,5/22/2019 22:33
203564,AAA Batteries (4-pack),1,5/11/2019 9:00
203565,Lightning Charging Cable,1,5/4/2019 9:35
203566,AAA Batteries (4-pack),1,5/16/2019 18:13
203567,Lightning Charging Cable,1,5/25/2019 22:03
203568,AAA Batteries (4-pack),2,5/20/2019 19:44
203569,Lightning Charging Cable,1,5/3/2019 14:40
203570,AA Batteries (4-pack),1,5/6/2019 18:48
203571,USB-C Charging Cable,1,5/17/2019 12:46
203572,Wired Headphones,1,5/27/2019 7:41
203573,27in FHD Monitor,1,5/5/2019 8:17
203574,Apple Airpods Headphones,1,5/17/2019 20:28
203575,27in 4K Gaming Monitor,1,5/18/2019 11:32
203576,Wired Headphones,1,5/3/2019 9:04
203577,AAA Batteries (4-pack),1,5/6/2019 19:13
203578,Flatscreen TV,1,5/20/2019 8:46
203579,AAA Batteries (4-pack),1,5/9/2019 1:09
203580,USB-C Charging Cable,2,5/7/2019 13:51
203581,27in 4K Gaming Monitor,1,5/21/2019 19:23
203582,Vareebadd Phone,1,5/7/2019 18:22
203582,USB-C Charging Cable,1,5/7/2019 18:22
203583,Lightning Charging Cable,1,5/18/2019 6:42
203584,34in Ultrawide Monitor,1,5/30/2019 19:39
203585,Wired Headphones,1,5/19/2019 6:48
203586,27in FHD Monitor,1,5/9/2019 19:42
203587,ThinkPad Laptop,1,5/8/2019 20:45
203588,Apple Airpods Headphones,1,5/23/2019 19:44
203589,27in FHD Monitor,1,5/31/2019 20:37
203590,Lightning Charging Cable,1,5/11/2019 10:17
203591,iPhone,1,5/17/2019 13:38
203591,Lightning Charging Cable,1,5/17/2019 13:38
203592,Wired Headphones,1,5/13/2019 15:28
203593,AAA Batteries (4-pack),2,5/13/2019 0:08
203594,Wired Headphones,1,5/18/2019 11:11
203595,USB-C Charging Cable,2,5/8/2019 15:21
203596,USB-C Charging Cable,1,5/15/2019 11:30
203597,AAA Batteries (4-pack),4,5/7/2019 20:45
203597,USB-C Charging Cable,1,5/7/2019 20:45
,,,
203598,27in FHD Monitor,1,5/15/2019 10:06
203599,Lightning Charging Cable,1,5/16/2019 21:58
203600,USB-C Charging Cable,1,5/27/2019 12:47
203601,Wired Headphones,1,5/1/2019 13:36
203602,Apple Airpods Headphones,1,5/26/2019 1:30
203603,Flatscreen TV,1,5/20/2019 20:32
203604,34in Ultrawide Monitor,1,5/31/2019 12:23
203605,iPhone,1,5/20/2019 17:58
203606,Flatscreen TV,1,5/4/2019 15:39
203607,Wired Headphones,1,5/18/2019 21:28
203608,Wired Headphones,1,5/9/2019 20:17
203608,Vareebadd Phone,1,5/9/2019 20:17
203609,Wired Headphones,1,5/25/2019 12:18
203610,AAA Batteries (4-pack),2,5/12/2019 10:11
203611,USB-C Charging Cable,1,5/14/2019 6:38
203612,USB-C Charging Cable,1,5/27/2019 14:22
203613,Bose SoundSport Headphones,1,5/19/2019 13:42
203614,iPhone,1,5/30/2019 19:27
203614,Lightning Charging Cable,2,5/30/2019 19:27
203614,Wired Headphones,1,5/30/2019 19:27
203615,27in FHD Monitor,1,5/14/2019 16:56
203616,AAA Batteries (4-pack),3,5/25/2019 6:11
203617,Lightning Charging Cable,1,5/16/2019 15:34
203618,USB-C Charging Cable,1,5/19/2019 18:54
203619,Apple Airpods Headphones,1,5/28/2019 12:54
203620,AAA Batteries (4-pack),1,5/11/2019 19:44
203621,USB-C Charging Cable,2,5/15/2019 10:58
203622,iPhone,1,5/17/2019 17:55
203623,AA Batteries (4-pack),1,5/8/2019 20:56
203624,AAA Batteries (4-pack),1,5/3/2019 15:42
203625,AAA Batteries (4-pack),1,5/13/2019 16:50
203626,27in 4K Gaming Monitor,1,5/14/2019 14:57
203627,34in Ultrawide Monitor,1,5/29/2019 0:18
203628,Lightning Charging Cable,2,5/30/2019 22:04
203629,Bose SoundSport Headphones,1,5/16/2019 18:42
203630,34in Ultrawide Monitor,1,5/7/2019 20:30
203631,27in 4K Gaming Monitor,1,5/5/2019 8:07
203632,USB-C Charging Cable,1,5/27/2019 21:16
203633,27in FHD Monitor,1,5/16/2019 13:16
203634,Wired Headphones,1,5/26/2019 17:46
203635,Bose SoundSport Headphones,1,5/8/2019 14:28
203636,AAA Batteries (4-pack),2,5/5/2019 18:33
203637,ThinkPad Laptop,1,5/18/2019 21:38
203638,AAA Batteries (4-pack),1,5/22/2019 14:29
203639,Bose SoundSport Headphones,1,5/29/2019 13:40
203640,AAA Batteries (4-pack),1,5/25/2019 21:11
203641,Lightning Charging Cable,2,5/25/2019 1:02
203642,AA Batteries (4-pack),1,5/16/2019 14:59
203643,AA Batteries (4-pack),1,5/13/2019 19:55
203644,AA Batteries (4-pack),1,5/30/2019 10:23
203645,AA Batteries (4-pack),1,5/13/2019 21:56
203646,Flatscreen TV,1,5/2/2019 15:51
203647,USB-C Charging Cable,1,5/9/2019 1:00
203648,27in 4K Gaming Monitor,1,5/11/2019 21:52
203649,Wired Headphones,1,5/1/2019 12:17
203650,Apple Airpods Headphones,1,5/30/2019 18:19
203651,Google Phone,1,5/14/2019 1:30
,,,
203652,Apple Airpods Headphones,1,5/14/2019 13:41
203653,27in 4K Gaming Monitor,1,5/22/2019 8:40
203654,27in FHD Monitor,1,5/22/2019 22:09
203655,Apple Airpods Headphones,1,5/21/2019 8:47
203656,ThinkPad Laptop,1,5/8/2019 9:01
203657,Bose SoundSport Headphones,1,5/7/2019 9:00
203658,Wired Headphones,1,5/14/2019 20:57
203659,Lightning Charging Cable,2,5/7/2019 17:58
203660,AA Batteries (4-pack),1,5/1/2019 7:27
203661,Bose SoundSport Headphones,1,5/18/2019 9:47
203662,Apple Airpods Headphones,1,5/2/2019 9:32
203663,AA Batteries (4-pack),1,5/23/2019 17:48
203664,Apple Airpods Headphones,1,5/14/2019 15:20
203665,USB-C Charging Cable,1,5/5/2019 15:35
203666,USB-C Charging Cable,1,5/24/2019 17:41
203667,Apple Airpods Headphones,1,5/30/2019 7:42
203668,AAA Batteries (4-pack),2,5/11/2019 22:30
203669,AA Batteries (4-pack),1,5/28/2019 17:39
203670,Macbook Pro Laptop,1,5/13/2019 20:09
203671,AA Batteries (4-pack),2,5/20/2019 18:16
203672,ThinkPad Laptop,1,5/25/2019 16:37
203673,Wired Headphones,1,5/1/2019 17:18
203674,USB-C Charging Cable,1,5/31/2019 2:41
203675,AAA Batteries (4-pack),3,5/9/2019 12:47
203676,Vareebadd Phone,1,5/20/2019 21:42
203676,USB-C Charging Cable,1,5/20/2019 21:42
203677,iPhone,1,5/8/2019 11:10
203678,Apple Airpods Headphones,1,5/5/2019 0:15
203679,Flatscreen TV,1,5/19/2019 23:30
203680,USB-C Charging Cable,2,5/16/2019 6:57
203681,iPhone,1,5/11/2019 11:00
203682,Lightning Charging Cable,1,5/14/2019 9:01
203683,34in Ultrawide Monitor,1,5/29/2019 13:17
203684,Apple Airpods Headphones,1,5/27/2019 20:04
203685,27in 4K Gaming Monitor,1,5/24/2019 21:01
203686,Lightning Charging Cable,1,5/25/2019 20:32
203687,Bose SoundSport Headphones,1,5/3/2019 20:01
203688,Google Phone,1,5/6/2019 15:27
203689,Wired Headphones,1,5/7/2019 19:38
203690,USB-C Charging Cable,2,5/25/2019 9:14
203691,Bose SoundSport Headphones,1,5/15/2019 9:14
203692,Flatscreen TV,1,5/2/2019 14:13
203693,Lightning Charging Cable,2,5/19/2019 15:58
203694,USB-C Charging Cable,2,5/29/2019 14:28
203695,Wired Headphones,1,5/22/2019 14:34
203696,Lightning Charging Cable,1,5/3/2019 12:28
203697,Wired Headphones,1,5/4/2019 18:21
203698,USB-C Charging Cable,1,5/18/2019 10:15
203699,ThinkPad Laptop,1,5/15/2019 17:37
203700,Flatscreen TV,1,5/10/2019 20:15
203701,USB-C Charging Cable,2,5/11/2019 21:31
203702,27in 4K Gaming Monitor,1,5/9/2019 22:01
203703,USB-C Charging Cable,2,5/7/2019 1:21
203704,AA Batteries (4-pack),1,5/1/2019 19:04
203705,Lightning Charging Cable,1,5/12/2019 9:39
203706,27in 4K Gaming Monitor,1,5/16/2019 16:26
203707,Lightning Charging Cable,1,5/23/2019 20:52
203708,Lightning Charging Cable,1,5/11/2019 0:13
203709,AA Batteries (4-pack),1,5/19/2019 20:47
203710,34in Ultrawide Monitor,1,5/19/2019 15:14
203711,AA Batteries (4-pack),1,5/24/2019 2:11
203712,Lightning Charging Cable,1,5/3/2019 14:37
203713,USB-C Charging Cable,1,5/29/2019 10:49
203714,USB-C Charging Cable,1,5/10/2019 17:01
203715,Lightning Charging Cable,1,5/4/2019 18:44
203716,USB-C Charging Cable,2,5/3/2019 11:04
203717,Flatscreen TV,1,5/13/2019 12:33
203718,Bose SoundSport Headphones,1,5/5/2019 22:00
203719,Apple Airpods Headphones,1,5/3/2019 11:10
203720,Wired Headphones,1,5/14/2019 9:47
203721,AAA Batteries (4-pack),1,5/30/2019 19:57
203722,USB-C Charging Cable,1,5/17/2019 23:54
203723,AAA Batteries (4-pack),1,5/12/2019 19:32
203724,AA Batteries (4-pack),1,5/20/2019 1:26
203725,34in Ultrawide Monitor,1,5/20/2019 23:12
203726,Bose SoundSport Headphones,1,5/23/2019 17:33
203727,AAA Batteries (4-pack),1,5/29/2019 18:42
203728,20in Monitor,1,5/9/2019 11:42
203729,Bose SoundSport Headphones,1,5/30/2019 21:47
203730,USB-C Charging Cable,2,5/12/2019 10:29
203731,USB-C Charging Cable,1,5/27/2019 20:29
203732,27in FHD Monitor,1,5/22/2019 11:36
203733,27in FHD Monitor,1,5/6/2019 12:52
203734,Wired Headphones,1,5/13/2019 17:05
203735,USB-C Charging Cable,1,5/17/2019 6:06
203736,USB-C Charging Cable,2,5/12/2019 20:48
203736,AAA Batteries (4-pack),1,5/12/2019 20:48
203737,Apple Airpods Headphones,1,5/23/2019 14:28
203738,AA Batteries (4-pack),1,5/3/2019 21:27
203739,Apple Airpods Headphones,1,5/12/2019 15:27
203740,USB-C Charging Cable,1,5/27/2019 12:13
203741,iPhone,1,5/6/2019 18:20
203741,Wired Headphones,1,5/6/2019 18:20
203742,Bose SoundSport Headphones,1,5/27/2019 17:57
203743,Lightning Charging Cable,1,5/31/2019 18:40
203744,Apple Airpods Headphones,1,5/21/2019 21:25
203745,USB-C Charging Cable,1,5/27/2019 14:04
203746,27in FHD Monitor,1,5/30/2019 19:08
203747,iPhone,1,5/20/2019 12:02
203748,AAA Batteries (4-pack),2,5/22/2019 19:42
203749,Flatscreen TV,1,5/15/2019 1:40
203750,Wired Headphones,1,5/2/2019 12:18
203751,Lightning Charging Cable,1,5/6/2019 17:32
203752,Flatscreen TV,1,5/21/2019 8:09
203753,34in Ultrawide Monitor,1,5/8/2019 8:46
203754,27in FHD Monitor,1,5/5/2019 20:57
203755,AAA Batteries (4-pack),4,5/5/2019 14:31
203756,Wired Headphones,1,5/31/2019 21:52
203757,34in Ultrawide Monitor,1,5/18/2019 8:39
203758,Macbook Pro Laptop,1,5/8/2019 19:14
203759,27in 4K Gaming Monitor,1,5/23/2019 14:49
203760,AAA Batteries (4-pack),1,5/9/2019 17:20
203761,27in 4K Gaming Monitor,1,5/30/2019 14:13
203762,Google Phone,1,5/8/2019 15:37
203763,USB-C Charging Cable,1,6/1/2019 1:40
203764,AAA Batteries (4-pack),1,5/8/2019 14:31
203765,Flatscreen TV,1,5/14/2019 20:16
203766,AAA Batteries (4-pack),1,5/6/2019 16:11
203767,Wired Headphones,2,5/31/2019 17:03
203768,Lightning Charging Cable,1,5/6/2019 9:38
203769,AAA Batteries (4-pack),1,5/14/2019 21:31
203770,AAA Batteries (4-pack),1,5/22/2019 9:12
203771,Google Phone,1,5/22/2019 11:41
203771,USB-C Charging Cable,1,5/22/2019 11:41
203772,Bose SoundSport Headphones,1,5/2/2019 21:21
203773,USB-C Charging Cable,1,5/24/2019 20:03
203774,Lightning Charging Cable,1,5/14/2019 23:11
203775,Bose SoundSport Headphones,1,5/21/2019 22:01
203776,Apple Airpods Headphones,1,5/12/2019 20:36
203777,AA Batteries (4-pack),1,5/12/2019 15:57
203778,AA Batteries (4-pack),1,5/15/2019 14:54
203779,AAA Batteries (4-pack),1,5/31/2019 6:50
203780,Apple Airpods Headphones,1,5/18/2019 14:40
203781,Lightning Charging Cable,1,5/11/2019 11:08
203782,Apple Airpods Headphones,1,5/13/2019 1:18
203783,Apple Airpods Headphones,2,5/17/2019 8:01
203784,20in Monitor,1,5/20/2019 19:55
203785,Macbook Pro Laptop,1,5/31/2019 9:11
203786,Wired Headphones,1,5/10/2019 13:22
203787,AA Batteries (4-pack),1,5/3/2019 20:14
203788,USB-C Charging Cable,1,5/10/2019 12:12
203789,Wired Headphones,1,5/14/2019 14:26
203790,Wired Headphones,1,5/26/2019 18:59
203791,AA Batteries (4-pack),1,5/23/2019 22:59
203792,Apple Airpods Headphones,1,5/1/2019 20:27
203793,34in Ultrawide Monitor,1,5/19/2019 9:57
203794,Bose SoundSport Headphones,1,5/25/2019 13:32
203795,USB-C Charging Cable,1,5/30/2019 19:19
203796,AAA Batteries (4-pack),2,5/1/2019 20:00
203797,Google Phone,1,5/28/2019 14:52
203798,iPhone,1,5/4/2019 10:48
203799,27in 4K Gaming Monitor,1,5/24/2019 21:37
203800,Lightning Charging Cable,1,5/31/2019 15:57
203801,27in 4K Gaming Monitor,1,5/5/2019 11:29
203802,Lightning Charging Cable,1,5/20/2019 18:46
203803,Lightning Charging Cable,1,5/30/2019 22:20
203804,Apple Airpods Headphones,1,5/26/2019 15:10
203805,USB-C Charging Cable,3,5/26/2019 18:33
203806,USB-C Charging Cable,1,5/4/2019 16:06
203807,USB-C Charging Cable,1,5/18/2019 5:31
203808,Flatscreen TV,1,5/20/2019 9:42
203809,USB-C Charging Cable,1,5/17/2019 6:34
203810,Bose SoundSport Headphones,1,5/18/2019 12:58
203811,USB-C Charging Cable,1,5/13/2019 20:00
203812,27in 4K Gaming Monitor,1,5/21/2019 7:08
203813,AA Batteries (4-pack),1,5/28/2019 15:14
203814,USB-C Charging Cable,2,5/25/2019 16:35
203815,AAA Batteries (4-pack),1,5/30/2019 18:35
203816,Flatscreen TV,1,5/10/2019 22:24
203817,Bose SoundSport Headphones,1,5/1/2019 22:37
203818,USB-C Charging Cable,1,5/4/2019 12:06
203819,Apple Airpods Headphones,1,5/15/2019 16:32
203820,Macbook Pro Laptop,1,5/14/2019 18:14
203821,34in Ultrawide Monitor,1,5/19/2019 0:21
,,,
203822,AAA Batteries (4-pack),1,5/2/2019 12:53
203823,Apple Airpods Headphones,1,5/8/2019 21:29
203824,34in Ultrawide Monitor,1,5/23/2019 4:49
203825,AA Batteries (4-pack),2,5/22/2019 21:13
203826,USB-C Charging Cable,1,5/13/2019 20:59
203827,Flatscreen TV,1,5/22/2019 11:53
203828,iPhone,1,5/19/2019 17:21
203829,Macbook Pro Laptop,1,5/26/2019 9:06
203830,iPhone,1,5/8/2019 20:20
203831,20in Monitor,1,5/1/2019 10:53
203832,Macbook Pro Laptop,1,5/11/2019 13:17
203833,34in Ultrawide Monitor,1,5/28/2019 11:08
203834,34in Ultrawide Monitor,1,5/3/2019 21:20
203835,Lightning Charging Cable,1,5/4/2019 10:49
203836,Apple Airpods Headphones,1,5/10/2019 7:49
203837,27in FHD Monitor,1,5/30/2019 20:33
203838,Macbook Pro Laptop,1,5/6/2019 16:16
203839,Lightning Charging Cable,1,5/31/2019 21:49
203840,USB-C Charging Cable,1,5/25/2019 20:45
203841,USB-C Charging Cable,1,5/2/2019 23:37
203842,AA Batteries (4-pack),1,5/25/2019 22:56
203843,Wired Headphones,1,5/2/2019 9:07
203844,AAA Batteries (4-pack),1,5/17/2019 10:46
203845,Lightning Charging Cable,1,5/29/2019 11:12
203846,Lightning Charging Cable,1,5/23/2019 5:09
203847,20in Monitor,1,5/10/2019 13:46
203848,27in 4K Gaming Monitor,1,5/15/2019 9:10
203849,34in Ultrawide Monitor,1,5/31/2019 8:00
203850,AAA Batteries (4-pack),1,5/18/2019 17:17
203850,AAA Batteries (4-pack),1,5/18/2019 17:17
203851,USB-C Charging Cable,1,5/23/2019 11:04
203852,Flatscreen TV,1,5/20/2019 17:00
203853,AA Batteries (4-pack),1,5/22/2019 15:05
203854,27in FHD Monitor,1,5/12/2019 21:27
203855,USB-C Charging Cable,1,5/4/2019 19:37
203856,AAA Batteries (4-pack),2,5/19/2019 15:44
203857,Apple Airpods Headphones,1,5/13/2019 15:21
203858,Flatscreen TV,1,5/21/2019 19:22
203859,Lightning Charging Cable,1,5/30/2019 14:58
203860,27in FHD Monitor,1,5/28/2019 12:53
203861,Lightning Charging Cable,1,5/16/2019 19:18
203862,AA Batteries (4-pack),1,5/1/2019 15:08
203862,USB-C Charging Cable,1,5/1/2019 15:08
203863,Lightning Charging Cable,1,5/28/2019 21:26
203864,34in Ultrawide Monitor,1,5/13/2019 16:30
203865,27in 4K Gaming Monitor,1,5/4/2019 20:08
203866,Apple Airpods Headphones,1,5/11/2019 9:44
203867,AA Batteries (4-pack),1,5/26/2019 12:03
203868,USB-C Charging Cable,1,5/12/2019 16:58
203869,Bose SoundSport Headphones,1,5/8/2019 23:47
203870,Wired Headphones,1,5/31/2019 14:58
203871,Apple Airpods Headphones,1,5/16/2019 19:26
203872,Google Phone,1,5/13/2019 11:03
203872,USB-C Charging Cable,1,5/13/2019 11:03
203873,Lightning Charging Cable,1,5/18/2019 13:51
203874,AAA Batteries (4-pack),2,5/31/2019 8:37
203875,Lightning Charging Cable,1,5/27/2019 17:22
203876,Apple Airpods Headphones,1,5/30/2019 13:37
203877,USB-C Charging Cable,1,5/21/2019 14:39
203878,Lightning Charging Cable,1,5/8/2019 18:37
203879,ThinkPad Laptop,1,5/6/2019 18:48
203880,Lightning Charging Cable,1,5/6/2019 7:46
203881,AA Batteries (4-pack),1,5/20/2019 17:58
203882,Wired Headphones,1,5/4/2019 12:12
203883,27in 4K Gaming Monitor,1,5/20/2019 13:39
203884,Lightning Charging Cable,1,5/29/2019 13:15
203885,Apple Airpods Headphones,1,5/14/2019 14:29
203886,AAA Batteries (4-pack),1,5/16/2019 19:23
203887,Bose SoundSport Headphones,1,5/17/2019 22:50
203888,Lightning Charging Cable,1,5/7/2019 12:27
203889,Lightning Charging Cable,1,5/15/2019 23:15
203890,USB-C Charging Cable,1,5/15/2019 22:51
203891,AAA Batteries (4-pack),1,5/5/2019 21:29
203892,USB-C Charging Cable,1,5/24/2019 12:17
203893,Apple Airpods Headphones,1,5/6/2019 11:05
203894,AA Batteries (4-pack),2,5/19/2019 12:43
203894,AAA Batteries (4-pack),1,5/19/2019 12:43
203895,AA Batteries (4-pack),1,5/15/2019 14:13
203896,Wired Headphones,1,5/2/2019 20:31
203897,Bose SoundSport Headphones,1,5/2/2019 22:49
203898,AA Batteries (4-pack),1,5/17/2019 19:22
203899,Flatscreen TV,1,5/18/2019 20:52
203900,Bose SoundSport Headphones,1,5/3/2019 21:20
203901,27in FHD Monitor,1,5/14/2019 18:02
203902,Wired Headphones,1,5/11/2019 11:13
203903,Bose SoundSport Headphones,1,5/15/2019 19:00
203904,27in 4K Gaming Monitor,1,5/20/2019 9:58
203905,27in FHD Monitor,1,5/11/2019 7:40
203906,Apple Airpods Headphones,1,5/11/2019 21:49
203907,AAA Batteries (4-pack),1,5/21/2019 17:42
203908,Wired Headphones,1,5/2/2019 21:20
203909,Apple Airpods Headphones,1,5/1/2019 22:28
203910,iPhone,1,5/10/2019 16:01
203911,ThinkPad Laptop,1,5/18/2019 0:46
203912,Wired Headphones,1,5/22/2019 17:04
203913,USB-C Charging Cable,1,5/17/2019 16:39
203914,Wired Headphones,1,5/30/2019 8:14
203915,ThinkPad Laptop,1,5/3/2019 21:27
203916,20in Monitor,1,5/9/2019 8:57
203917,27in 4K Gaming Monitor,1,5/28/2019 20:13
203918,AAA Batteries (4-pack),1,5/25/2019 0:14
203918,Bose SoundSport Headphones,1,5/25/2019 0:14
203919,Apple Airpods Headphones,1,5/23/2019 18:54
203920,USB-C Charging Cable,1,5/16/2019 1:18
203921,AAA Batteries (4-pack),1,5/28/2019 11:53
203922,iPhone,1,5/31/2019 15:18
203922,Wired Headphones,1,5/31/2019 15:18
203923,iPhone,1,5/18/2019 21:26
203923,Lightning Charging Cable,1,5/18/2019 21:26
203924,Wired Headphones,1,5/13/2019 18:15
203925,USB-C Charging Cable,1,5/18/2019 19:00
203926,Flatscreen TV,1,5/19/2019 15:16
203927,Wired Headphones,1,5/10/2019 16:17
203928,USB-C Charging Cable,1,5/17/2019 20:17
203929,AA Batteries (4-pack),1,5/2/2019 21:16
203930,Bose SoundSport Headphones,1,5/12/2019 12:31
203931,AAA Batteries (4-pack),2,5/16/2019 17:00
203932,iPhone,1,5/7/2019 9:45
203933,Lightning Charging Cable,2,5/22/2019 18:11
203934,Wired Headphones,1,5/9/2019 11:43
203935,Wired Headphones,1,5/6/2019 12:19
203936,Macbook Pro Laptop,1,5/14/2019 19:08
203937,AAA Batteries (4-pack),2,5/13/2019 8:17
203938,LG Dryer,1,5/26/2019 18:26
203939,AAA Batteries (4-pack),1,5/15/2019 3:12
203940,Bose SoundSport Headphones,1,5/27/2019 15:56
203941,iPhone,1,5/23/2019 16:12
203942,Apple Airpods Headphones,1,5/14/2019 21:03
203943,Lightning Charging Cable,1,5/13/2019 16:51
203944,Macbook Pro Laptop,1,5/5/2019 11:07
203945,iPhone,1,5/11/2019 9:48
203946,ThinkPad Laptop,1,5/22/2019 23:10
203947,AA Batteries (4-pack),1,5/12/2019 19:45
203948,Lightning Charging Cable,1,5/11/2019 9:09
203949,iPhone,1,5/30/2019 15:52
203950,iPhone,1,5/29/2019 8:11
203951,AAA Batteries (4-pack),1,5/1/2019 11:07
203952,AAA Batteries (4-pack),1,5/17/2019 19:24
203953,ThinkPad Laptop,1,5/19/2019 11:15
203954,Google Phone,1,5/19/2019 1:10
203955,20in Monitor,1,5/28/2019 15:36
203956,Lightning Charging Cable,1,5/23/2019 16:58
203957,ThinkPad Laptop,1,5/15/2019 21:43
203958,Lightning Charging Cable,1,5/17/2019 10:48
203959,Apple Airpods Headphones,1,5/25/2019 20:16
203960,Lightning Charging Cable,1,5/6/2019 12:23
203961,AAA Batteries (4-pack),2,5/28/2019 20:28
203962,AAA Batteries (4-pack),4,5/20/2019 13:31
203963,27in 4K Gaming Monitor,1,5/1/2019 22:11
203964,Wired Headphones,1,5/21/2019 9:14
203965,Macbook Pro Laptop,1,5/28/2019 16:33
203966,ThinkPad Laptop,1,5/15/2019 16:18
203967,AA Batteries (4-pack),1,5/23/2019 18:39
203968,Bose SoundSport Headphones,1,5/21/2019 18:22
203969,Flatscreen TV,1,5/7/2019 17:41
203970,Macbook Pro Laptop,1,5/14/2019 8:48
203971,USB-C Charging Cable,2,5/18/2019 19:35
203972,20in Monitor,1,5/24/2019 16:13
203973,iPhone,1,6/1/2019 3:05
203974,USB-C Charging Cable,1,5/15/2019 16:37
203975,USB-C Charging Cable,1,5/4/2019 14:40
203976,AAA Batteries (4-pack),1,5/3/2019 14:26
203977,Wired Headphones,1,5/3/2019 9:18
203978,USB-C Charging Cable,1,5/13/2019 17:55
203979,Apple Airpods Headphones,1,5/5/2019 14:52
203980,USB-C Charging Cable,1,6/1/2019 2:20
203981,Wired Headphones,1,5/6/2019 11:27
203982,Apple Airpods Headphones,1,5/9/2019 13:38
203983,Bose SoundSport Headphones,1,5/31/2019 10:43
203984,iPhone,1,5/6/2019 17:24
203984,Wired Headphones,2,5/6/2019 17:24
203985,Lightning Charging Cable,2,5/24/2019 20:38
203986,Wired Headphones,1,5/6/2019 19:27
203987,Wired Headphones,1,5/24/2019 16:36
203988,Bose SoundSport Headphones,2,5/14/2019 18:36
203989,Bose SoundSport Headphones,1,5/11/2019 19:00
203990,AA Batteries (4-pack),3,5/11/2019 17:33
203991,Apple Airpods Headphones,1,5/25/2019 15:14
203992,Bose SoundSport Headphones,1,5/7/2019 19:13
203993,iPhone,1,5/4/2019 15:50
203993,Lightning Charging Cable,1,5/4/2019 15:50
203994,Wired Headphones,1,5/26/2019 16:56
203995,ThinkPad Laptop,1,5/23/2019 17:39
203996,27in 4K Gaming Monitor,1,5/10/2019 0:01
203997,Lightning Charging Cable,1,5/22/2019 0:16
203998,USB-C Charging Cable,1,5/1/2019 9:49
203999,Wired Headphones,1,5/27/2019 20:25
204000,AA Batteries (4-pack),1,5/11/2019 17:55
204001,AA Batteries (4-pack),2,5/1/2019 14:04
204002,AAA Batteries (4-pack),1,5/3/2019 17:03
204003,AA Batteries (4-pack),1,5/24/2019 8:43
204004,AAA Batteries (4-pack),1,5/31/2019 11:46
204005,Bose SoundSport Headphones,1,5/12/2019 16:45
204006,USB-C Charging Cable,2,5/25/2019 22:35
204007,AAA Batteries (4-pack),2,5/8/2019 16:32
204008,Lightning Charging Cable,1,5/26/2019 11:19
204009,AA Batteries (4-pack),1,5/23/2019 12:22
204010,USB-C Charging Cable,2,5/12/2019 19:02
204011,ThinkPad Laptop,1,5/1/2019 15:35
204012,Wired Headphones,1,5/14/2019 8:19
204012,AAA Batteries (4-pack),3,5/14/2019 8:19
204013,Apple Airpods Headphones,1,5/20/2019 20:42
204014,Bose SoundSport Headphones,1,5/25/2019 10:03
204015,AA Batteries (4-pack),2,5/15/2019 10:48
204016,Lightning Charging Cable,1,5/2/2019 12:49
204017,Apple Airpods Headphones,1,5/28/2019 21:58
204018,20in Monitor,1,5/14/2019 10:48
204019,Macbook Pro Laptop,1,5/22/2019 14:16
204020,iPhone,1,5/15/2019 3:09
204021,Lightning Charging Cable,1,5/2/2019 21:54
204022,AA Batteries (4-pack),1,5/24/2019 16:26
204023,AAA Batteries (4-pack),3,5/28/2019 21:02
204023,AA Batteries (4-pack),1,5/28/2019 21:02
204024,AAA Batteries (4-pack),1,5/3/2019 18:45
204025,AA Batteries (4-pack),2,5/25/2019 10:58
204026,AA Batteries (4-pack),1,5/22/2019 16:55
204027,USB-C Charging Cable,1,5/19/2019 21:08
204028,27in FHD Monitor,1,5/22/2019 23:56
204029,AAA Batteries (4-pack),1,5/31/2019 8:27
204030,AA Batteries (4-pack),2,5/2/2019 0:35
204031,Google Phone,1,5/29/2019 10:39
204032,Wired Headphones,1,5/12/2019 19:13
204033,20in Monitor,1,5/29/2019 21:36
204034,27in FHD Monitor,1,5/19/2019 15:18
204035,ThinkPad Laptop,1,5/13/2019 12:16
204036,Apple Airpods Headphones,1,5/21/2019 17:06
204037,Bose SoundSport Headphones,1,5/19/2019 17:30
204038,AA Batteries (4-pack),1,5/9/2019 17:11
204039,Macbook Pro Laptop,1,5/6/2019 21:13
204040,Bose SoundSport Headphones,1,5/1/2019 20:49
204041,USB-C Charging Cable,1,5/29/2019 22:44
204042,Wired Headphones,1,5/12/2019 20:28
204043,34in Ultrawide Monitor,1,5/21/2019 22:45
204044,AA Batteries (4-pack),1,5/27/2019 7:05
204045,AA Batteries (4-pack),2,5/28/2019 21:34
204046,Apple Airpods Headphones,1,5/3/2019 7:21
204047,USB-C Charging Cable,1,5/9/2019 23:35
204048,Flatscreen TV,1,5/11/2019 16:57
204049,Flatscreen TV,1,5/1/2019 12:50
204050,AAA Batteries (4-pack),3,5/8/2019 6:01
204051,20in Monitor,1,5/3/2019 8:50
204052,AA Batteries (4-pack),1,5/23/2019 18:58
204053,AAA Batteries (4-pack),1,5/18/2019 18:29
204054,Macbook Pro Laptop,1,5/27/2019 13:02
Order ID,Product,Quantity Ordered,Order Date
204055,AAA Batteries (4-pack),1,5/18/2019 20:25
204056,AAA Batteries (4-pack),1,5/23/2019 1:25
204057,27in 4K Gaming Monitor,1,5/27/2019 20:46
204058,Apple Airpods Headphones,1,5/7/2019 11:40
204059,USB-C Charging Cable,2,5/2/2019 13:09
204060,AAA Batteries (4-pack),1,5/17/2019 10:17
204061,Lightning Charging Cable,2,5/22/2019 18:29
204062,USB-C Charging Cable,1,5/27/2019 11:19
204063,Lightning Charging Cable,2,5/3/2019 18:50
204064,AAA Batteries (4-pack),1,5/10/2019 19:55
204065,AA Batteries (4-pack),1,5/5/2019 15:37
204066,AA Batteries (4-pack),1,5/28/2019 1:52
204067,AAA Batteries (4-pack),3,5/27/2019 11:00
204068,Wired Headphones,1,5/13/2019 22:15
204069,Apple Airpods Headphones,1,5/24/2019 14:14
204070,USB-C Charging Cable,2,5/12/2019 21:57
204071,Apple Airpods Headphones,1,5/17/2019 8:49
204072,34in Ultrawide Monitor,1,5/11/2019 20:35
204073,Apple Airpods Headphones,1,5/26/2019 19:37
204074,AA Batteries (4-pack),1,5/16/2019 20:19
204075,Macbook Pro Laptop,1,5/26/2019 8:00
204076,USB-C Charging Cable,1,5/14/2019 9:18
204077,Wired Headphones,1,5/24/2019 22:19
204078,Macbook Pro Laptop,1,5/3/2019 18:49
204079,Lightning Charging Cable,1,5/30/2019 20:03
204080,Apple Airpods Headphones,2,5/27/2019 16:40
204081,AAA Batteries (4-pack),2,5/7/2019 9:51
204082,Lightning Charging Cable,1,5/22/2019 19:45
204083,USB-C Charging Cable,1,5/31/2019 16:24
204084,34in Ultrawide Monitor,1,5/25/2019 11:02
204085,USB-C Charging Cable,1,5/6/2019 20:38
204086,ThinkPad Laptop,1,5/23/2019 18:20
204087,AAA Batteries (4-pack),1,5/21/2019 18:14
204088,Flatscreen TV,1,5/28/2019 20:55
204089,Wired Headphones,1,5/5/2019 16:11
204090,AAA Batteries (4-pack),1,5/6/2019 12:20
204091,Apple Airpods Headphones,1,5/3/2019 12:24
204092,Wired Headphones,1,5/11/2019 20:38
204093,AAA Batteries (4-pack),3,5/4/2019 19:55
204094,AA Batteries (4-pack),1,5/25/2019 16:26
204095,Bose SoundSport Headphones,1,5/12/2019 11:29
204096,USB-C Charging Cable,1,5/19/2019 11:26
204097,AAA Batteries (4-pack),1,5/10/2019 10:00
204098,Wired Headphones,1,5/25/2019 20:06
204099,Bose SoundSport Headphones,2,5/12/2019 15:11
204100,AA Batteries (4-pack),1,5/1/2019 11:54
204101,USB-C Charging Cable,1,5/19/2019 15:14
204102,Bose SoundSport Headphones,1,5/21/2019 14:00
204103,AA Batteries (4-pack),1,5/8/2019 19:55
204104,Apple Airpods Headphones,1,5/30/2019 22:10
204105,AAA Batteries (4-pack),4,5/23/2019 7:01
204106,AA Batteries (4-pack),3,5/20/2019 7:44
204107,AAA Batteries (4-pack),1,5/24/2019 17:53
204108,27in 4K Gaming Monitor,1,5/30/2019 11:21
204109,Apple Airpods Headphones,1,5/20/2019 17:51
204110,AAA Batteries (4-pack),1,5/14/2019 11:14
204111,34in Ultrawide Monitor,1,5/1/2019 16:28
204112,Wired Headphones,1,5/21/2019 17:27
204113,Vareebadd Phone,1,5/28/2019 20:06
204114,Macbook Pro Laptop,1,5/21/2019 22:34
204115,Macbook Pro Laptop,1,5/7/2019 15:35
204116,34in Ultrawide Monitor,1,5/30/2019 19:16
204117,Wired Headphones,1,5/10/2019 16:02
204118,34in Ultrawide Monitor,1,5/22/2019 20:07
204119,USB-C Charging Cable,2,5/28/2019 21:25
204120,ThinkPad Laptop,1,5/21/2019 10:24
204121,Macbook Pro Laptop,1,5/1/2019 21:47
204122,Lightning Charging Cable,1,5/21/2019 17:18
204123,AA Batteries (4-pack),1,5/22/2019 1:29
204124,LG Washing Machine,1,5/15/2019 10:44
204125,34in Ultrawide Monitor,1,5/19/2019 23:13
204126,iPhone,1,5/9/2019 16:06
204127,20in Monitor,1,5/1/2019 13:44
204128,Vareebadd Phone,1,5/19/2019 1:31
204129,AAA Batteries (4-pack),1,5/30/2019 23:17
204130,Wired Headphones,2,5/25/2019 14:18
204131,AAA Batteries (4-pack),4,5/16/2019 18:22
204132,27in FHD Monitor,1,5/25/2019 11:58
204133,Wired Headphones,1,5/7/2019 12:37
204134,ThinkPad Laptop,1,5/7/2019 16:03
204135,Lightning Charging Cable,1,5/5/2019 10:49
204136,Bose SoundSport Headphones,1,5/28/2019 17:07
204137,27in 4K Gaming Monitor,1,5/8/2019 12:27
204138,iPhone,1,5/7/2019 14:06
204139,AAA Batteries (4-pack),1,5/27/2019 8:43
204140,AAA Batteries (4-pack),1,5/30/2019 9:42
204141,Wired Headphones,1,5/27/2019 19:03
204142,Lightning Charging Cable,1,5/12/2019 20:50
204143,AA Batteries (4-pack),1,5/21/2019 22:50
204144,iPhone,1,5/17/2019 18:14
204145,27in FHD Monitor,1,5/9/2019 8:48
204146,Apple Airpods Headphones,1,5/4/2019 10:32
204147,USB-C Charging Cable,1,5/8/2019 16:12
204148,iPhone,1,5/13/2019 0:02
204149,34in Ultrawide Monitor,1,5/13/2019 17:18
204150,AAA Batteries (4-pack),1,5/5/2019 11:58
204150,Flatscreen TV,1,5/5/2019 11:58
204151,USB-C Charging Cable,1,5/16/2019 17:29
204152,Bose SoundSport Headphones,1,5/31/2019 16:32
204152,Apple Airpods Headphones,1,5/31/2019 16:32
Order ID,Product,Quantity Ordered,Order Date
204153,Lightning Charging Cable,1,5/14/2019 21:58
204154,Macbook Pro Laptop,1,5/13/2019 18:44
204155,Lightning Charging Cable,1,5/12/2019 20:09
204156,Bose SoundSport Headphones,1,5/2/2019 13:02
204157,Macbook Pro Laptop,1,5/17/2019 16:47
204158,Lightning Charging Cable,1,5/28/2019 19:21
204159,20in Monitor,1,5/16/2019 14:50
204160,Wired Headphones,1,5/9/2019 10:07
204161,Lightning Charging Cable,1,5/10/2019 6:04
204162,iPhone,1,5/25/2019 19:51
204163,AA Batteries (4-pack),1,5/5/2019 20:39
204164,AAA Batteries (4-pack),1,5/13/2019 16:17
204165,27in 4K Gaming Monitor,1,5/17/2019 17:43
204166,USB-C Charging Cable,1,5/10/2019 20:48
204167,AA Batteries (4-pack),1,5/19/2019 16:24
204168,AA Batteries (4-pack),1,5/8/2019 20:14
204169,iPhone,1,5/23/2019 23:22
204170,iPhone,1,5/20/2019 17:27
204170,Lightning Charging Cable,1,5/20/2019 17:27
204171,Macbook Pro Laptop,1,5/29/2019 13:11
204172,Apple Airpods Headphones,1,5/30/2019 19:49
204173,AAA Batteries (4-pack),3,5/19/2019 13:27
204174,Flatscreen TV,1,5/5/2019 16:23
204175,AA Batteries (4-pack),2,5/19/2019 19:13
204176,Bose SoundSport Headphones,1,5/2/2019 21:47
204177,27in FHD Monitor,1,5/5/2019 14:28
204178,USB-C Charging Cable,2,5/11/2019 13:55
204179,AAA Batteries (4-pack),3,5/28/2019 9:46
204180,Wired Headphones,1,5/12/2019 20:34
204181,Apple Airpods Headphones,1,5/24/2019 19:19
204182,27in FHD Monitor,1,5/28/2019 11:49
204183,AAA Batteries (4-pack),1,5/30/2019 16:11
204184,Wired Headphones,1,5/9/2019 22:31
204185,Google Phone,1,5/24/2019 17:24
204186,USB-C Charging Cable,1,5/16/2019 19:47
204187,27in 4K Gaming Monitor,1,5/11/2019 22:12
204188,AAA Batteries (4-pack),1,5/31/2019 14:59
204189,AAA Batteries (4-pack),1,5/23/2019 18:41
204190,Wired Headphones,1,6/1/2019 1:46
204191,Wired Headphones,1,5/29/2019 16:05
204192,Apple Airpods Headphones,1,5/23/2019 8:49
204193,Lightning Charging Cable,1,5/10/2019 1:20
204194,Wired Headphones,1,5/29/2019 17:04
204195,Apple Airpods Headphones,1,5/13/2019 9:39
204196,Wired Headphones,1,5/1/2019 22:46
204197,Lightning Charging Cable,1,5/9/2019 16:46
204198,Wired Headphones,1,5/19/2019 23:06
204199,Bose SoundSport Headphones,1,5/31/2019 19:59
204200,Bose SoundSport Headphones,1,5/8/2019 10:38
204201,Flatscreen TV,1,5/16/2019 10:44
204202,Vareebadd Phone,1,5/10/2019 19:14
204202,Wired Headphones,1,5/10/2019 19:14
204203,34in Ultrawide Monitor,1,5/31/2019 14:11
204204,Lightning Charging Cable,1,5/25/2019 14:33
204205,AA Batteries (4-pack),1,5/26/2019 12:18
204206,Wired Headphones,1,5/13/2019 17:23
204207,27in 4K Gaming Monitor,1,5/19/2019 9:43
204208,AAA Batteries (4-pack),2,5/23/2019 12:56
204209,Bose SoundSport Headphones,1,5/27/2019 15:33
204210,Lightning Charging Cable,1,5/31/2019 11:10
204211,Apple Airpods Headphones,1,5/8/2019 9:22
204212,AAA Batteries (4-pack),4,5/9/2019 19:51
204213,Macbook Pro Laptop,1,5/20/2019 11:55
204214,Bose SoundSport Headphones,1,5/10/2019 0:12
204215,AAA Batteries (4-pack),1,5/12/2019 18:37
204216,20in Monitor,1,5/17/2019 11:56
204217,27in FHD Monitor,1,5/19/2019 13:16
204218,Wired Headphones,1,5/17/2019 21:35
204219,AAA Batteries (4-pack),1,5/6/2019 22:40
204220,Flatscreen TV,1,5/11/2019 20:24
204221,Lightning Charging Cable,1,5/23/2019 10:36
204222,AAA Batteries (4-pack),2,5/20/2019 21:33
204223,AA Batteries (4-pack),2,5/4/2019 15:06
204224,AAA Batteries (4-pack),1,5/10/2019 16:50
204225,Flatscreen TV,1,5/22/2019 20:03
204226,27in FHD Monitor,1,5/18/2019 20:21
204227,Lightning Charging Cable,1,5/12/2019 10:58
204228,USB-C Charging Cable,1,5/15/2019 11:59
204229,USB-C Charging Cable,1,5/23/2019 10:47
204230,AAA Batteries (4-pack),4,5/8/2019 15:41
204231,Bose SoundSport Headphones,1,5/20/2019 10:38
204232,AAA Batteries (4-pack),1,5/2/2019 14:04
204233,Apple Airpods Headphones,1,5/16/2019 19:39
204234,AA Batteries (4-pack),1,5/2/2019 13:39
204235,AAA Batteries (4-pack),1,5/24/2019 11:47
204236,AAA Batteries (4-pack),1,5/18/2019 19:57
204237,20in Monitor,1,5/20/2019 9:49
204238,AA Batteries (4-pack),1,5/23/2019 17:04
204239,Flatscreen TV,1,5/8/2019 18:06
204240,34in Ultrawide Monitor,1,5/3/2019 12:42
204241,AAA Batteries (4-pack),1,5/3/2019 10:15
204242,Lightning Charging Cable,1,5/25/2019 10:47
204243,USB-C Charging Cable,1,5/1/2019 22:24
204244,Bose SoundSport Headphones,1,5/20/2019 11:51
204245,Lightning Charging Cable,1,5/14/2019 16:04
204246,AA Batteries (4-pack),1,5/12/2019 12:44
204247,Lightning Charging Cable,1,5/19/2019 0:59
204248,Flatscreen TV,1,5/1/2019 16:53
204249,AAA Batteries (4-pack),1,5/20/2019 22:55
204250,Apple Airpods Headphones,1,5/3/2019 20:48
204251,Wired Headphones,1,5/12/2019 23:26
204252,ThinkPad Laptop,1,5/2/2019 7:37
204253,Apple Airpods Headphones,1,5/17/2019 16:46
204254,Bose SoundSport Headphones,1,5/10/2019 21:29
204255,Apple Airpods Headphones,1,5/3/2019 10:09
204256,AA Batteries (4-pack),1,5/11/2019 12:27
204257,AAA Batteries (4-pack),1,5/3/2019 18:51
204258,AAA Batteries (4-pack),1,5/20/2019 15:21
204259,Flatscreen TV,1,5/8/2019 17:57
204260,USB-C Charging Cable,1,5/10/2019 20:20
204261,ThinkPad Laptop,1,5/12/2019 15:54
204262,Lightning Charging Cable,1,5/18/2019 12:11
204263,34in Ultrawide Monitor,1,5/9/2019 18:31
204264,USB-C Charging Cable,1,5/10/2019 21:29
204265,USB-C Charging Cable,1,5/12/2019 21:22
204266,27in 4K Gaming Monitor,1,5/27/2019 17:01
204267,AAA Batteries (4-pack),1,5/26/2019 20:44
204268,Vareebadd Phone,1,5/3/2019 5:44
204269,AA Batteries (4-pack),1,5/4/2019 11:42
204270,USB-C Charging Cable,1,5/9/2019 18:00
204270,Apple Airpods Headphones,1,5/9/2019 18:00
204271,iPhone,1,5/28/2019 11:55
204271,Lightning Charging Cable,2,5/28/2019 11:55
204272,AA Batteries (4-pack),1,5/18/2019 1:20
204273,Wired Headphones,1,5/16/2019 12:07
204274,Lightning Charging Cable,1,5/14/2019 19:27
204275,Bose SoundSport Headphones,1,5/29/2019 19:07
204276,Macbook Pro Laptop,1,5/4/2019 11:31
204277,AAA Batteries (4-pack),3,5/17/2019 19:04
204278,AAA Batteries (4-pack),3,5/21/2019 16:49
204279,AA Batteries (4-pack),1,5/26/2019 10:35
204280,Flatscreen TV,1,5/23/2019 9:24
204281,AAA Batteries (4-pack),1,5/7/2019 23:08
204282,ThinkPad Laptop,1,5/26/2019 0:42
204283,27in FHD Monitor,1,5/19/2019 22:27
204284,Lightning Charging Cable,1,5/14/2019 15:53
204285,AA Batteries (4-pack),2,5/3/2019 10:50
204286,Wired Headphones,1,5/25/2019 15:43
204287,Macbook Pro Laptop,1,5/24/2019 18:06
204288,Macbook Pro Laptop,1,5/14/2019 10:50
204289,Lightning Charging Cable,1,5/3/2019 10:55
204290,34in Ultrawide Monitor,1,5/29/2019 16:12
204291,Lightning Charging Cable,2,5/9/2019 19:41
204292,Macbook Pro Laptop,1,5/5/2019 1:59
204293,Lightning Charging Cable,1,5/28/2019 18:50
204294,Wired Headphones,1,5/27/2019 9:47
204295,USB-C Charging Cable,1,5/12/2019 18:22
204296,Apple Airpods Headphones,1,5/12/2019 7:48
204297,ThinkPad Laptop,1,5/30/2019 17:53
204297,Wired Headphones,1,5/30/2019 17:53
204298,34in Ultrawide Monitor,1,5/6/2019 21:10
204299,Apple Airpods Headphones,1,5/19/2019 12:07
204300,Lightning Charging Cable,1,5/24/2019 17:12
204301,LG Dryer,1,5/15/2019 22:57
204302,Lightning Charging Cable,1,5/30/2019 0:21
204303,AAA Batteries (4-pack),1,5/30/2019 10:56
204304,AA Batteries (4-pack),1,5/20/2019 7:45
Order ID,Product,Quantity Ordered,Order Date
204305,USB-C Charging Cable,1,5/23/2019 17:21
204306,AA Batteries (4-pack),1,5/9/2019 22:48
204307,Apple Airpods Headphones,1,5/31/2019 10:36
204308,Apple Airpods Headphones,1,5/14/2019 9:31
204309,27in 4K Gaming Monitor,1,5/29/2019 21:09
204310,Wired Headphones,1,5/27/2019 14:23
204311,Apple Airpods Headphones,1,5/19/2019 13:22
204312,AA Batteries (4-pack),1,5/11/2019 12:46
204313,20in Monitor,1,5/28/2019 12:45
204314,27in FHD Monitor,1,5/6/2019 21:54
204315,Apple Airpods Headphones,1,5/2/2019 22:45
204316,27in FHD Monitor,1,5/1/2019 12:23
204317,Lightning Charging Cable,1,5/7/2019 12:47
204318,27in 4K Gaming Monitor,1,5/16/2019 8:06
204319,AA Batteries (4-pack),1,5/30/2019 20:27
204320,Apple Airpods Headphones,1,5/14/2019 10:16
204321,ThinkPad Laptop,1,5/19/2019 15:44
204322,AAA Batteries (4-pack),1,5/21/2019 22:06
204323,Bose SoundSport Headphones,1,5/11/2019 15:38
204324,USB-C Charging Cable,1,5/24/2019 13:27
204325,27in FHD Monitor,1,5/7/2019 14:39
204326,AAA Batteries (4-pack),1,5/25/2019 14:10
204327,AA Batteries (4-pack),2,5/28/2019 14:39
204328,27in FHD Monitor,1,5/4/2019 19:12
204329,AA Batteries (4-pack),1,5/12/2019 12:50
204330,Wired Headphones,1,5/10/2019 11:33
204331,AA Batteries (4-pack),3,5/1/2019 19:32
204332,AA Batteries (4-pack),1,5/26/2019 23:55
204333,Lightning Charging Cable,2,5/21/2019 19:32
204334,Lightning Charging Cable,1,5/1/2019 22:29
204335,AA Batteries (4-pack),3,5/26/2019 14:28
204336,AA Batteries (4-pack),1,5/20/2019 19:52
204337,AA Batteries (4-pack),1,5/3/2019 20:45
204338,Apple Airpods Headphones,1,5/24/2019 20:13
204339,AAA Batteries (4-pack),1,5/29/2019 13:28
204340,Wired Headphones,1,5/17/2019 11:55
204341,Apple Airpods Headphones,1,5/17/2019 18:44
204342,Lightning Charging Cable,1,5/16/2019 14:52
204343,USB-C Charging Cable,1,5/30/2019 17:42
204344,Wired Headphones,1,5/25/2019 18:55
204345,Lightning Charging Cable,1,5/22/2019 19:09
204346,USB-C Charging Cable,1,5/28/2019 19:23
204347,ThinkPad Laptop,1,5/31/2019 7:03
204348,Bose SoundSport Headphones,1,5/16/2019 16:26
204349,USB-C Charging Cable,1,5/14/2019 19:18
204350,27in FHD Monitor,1,5/17/2019 20:32
204351,ThinkPad Laptop,1,5/13/2019 17:36
204352,USB-C Charging Cable,1,5/21/2019 17:33
204353,27in FHD Monitor,1,5/27/2019 19:21
204354,Bose SoundSport Headphones,1,5/9/2019 19:15
204355,Lightning Charging Cable,1,5/25/2019 22:43
204356,Bose SoundSport Headphones,1,5/2/2019 0:31
204357,USB-C Charging Cable,1,5/20/2019 16:58
204358,Wired Headphones,1,5/3/2019 15:49
204359,Wired Headphones,1,5/27/2019 1:23
204360,USB-C Charging Cable,1,5/2/2019 6:34
204361,AAA Batteries (4-pack),2,5/16/2019 15:56
204362,AA Batteries (4-pack),2,5/13/2019 16:12
204363,Lightning Charging Cable,1,5/2/2019 1:09
204364,AAA Batteries (4-pack),1,5/21/2019 12:52
204365,AA Batteries (4-pack),1,5/17/2019 12:23
204365,Bose SoundSport Headphones,1,5/17/2019 12:23
204366,AAA Batteries (4-pack),3,5/24/2019 14:14
204367,iPhone,1,5/24/2019 21:26
204368,Apple Airpods Headphones,1,5/9/2019 20:14
204369,AAA Batteries (4-pack),3,5/25/2019 17:21
204370,AA Batteries (4-pack),1,5/5/2019 22:12
204371,Apple Airpods Headphones,1,5/28/2019 6:59
204372,Apple Airpods Headphones,1,5/25/2019 0:12
204373,Bose SoundSport Headphones,1,5/19/2019 11:44
204374,AAA Batteries (4-pack),1,5/19/2019 9:20
204375,USB-C Charging Cable,1,5/17/2019 9:05
204376,Wired Headphones,1,5/20/2019 8:11
204377,Wired Headphones,1,5/30/2019 17:39
204378,Lightning Charging Cable,1,5/25/2019 19:54
204379,Lightning Charging Cable,2,5/30/2019 10:16
204380,Lightning Charging Cable,1,5/9/2019 14:59
204381,Bose SoundSport Headphones,1,5/13/2019 8:08
204382,Bose SoundSport Headphones,1,5/8/2019 16:16
204383,USB-C Charging Cable,1,5/18/2019 19:24
204384,27in 4K Gaming Monitor,1,5/24/2019 13:22
204385,USB-C Charging Cable,1,5/4/2019 5:54
204386,USB-C Charging Cable,1,5/24/2019 15:48
204387,LG Washing Machine,1,5/16/2019 13:06
204388,AA Batteries (4-pack),1,5/2/2019 22:18
204389,27in 4K Gaming Monitor,1,5/26/2019 12:07
204390,Lightning Charging Cable,1,5/10/2019 22:38
204391,Wired Headphones,1,5/4/2019 15:52
204392,Bose SoundSport Headphones,1,5/8/2019 18:18
204393,Lightning Charging Cable,1,5/9/2019 16:39
204394,Lightning Charging Cable,1,5/20/2019 8:57
204395,27in FHD Monitor,1,5/10/2019 8:58
204396,AA Batteries (4-pack),1,5/24/2019 14:10
204397,USB-C Charging Cable,1,5/13/2019 18:41
204398,Wired Headphones,1,5/27/2019 21:52
204399,Lightning Charging Cable,2,5/23/2019 22:44
204400,Apple Airpods Headphones,1,5/7/2019 22:12
204401,AAA Batteries (4-pack),1,5/10/2019 2:41
204402,Wired Headphones,1,5/31/2019 0:10
204403,Bose SoundSport Headphones,1,5/9/2019 19:21
204404,Apple Airpods Headphones,1,5/26/2019 21:59
204405,AA Batteries (4-pack),1,5/12/2019 17:17
204406,USB-C Charging Cable,2,5/9/2019 11:00
204407,Lightning Charging Cable,2,5/15/2019 21:51
204408,AA Batteries (4-pack),1,5/17/2019 8:37
204409,AA Batteries (4-pack),1,5/14/2019 22:43
204410,AA Batteries (4-pack),2,5/19/2019 21:09
204411,20in Monitor,1,5/15/2019 18:11
204412,Google Phone,1,5/7/2019 7:12
204412,USB-C Charging Cable,1,5/7/2019 7:12
204413,Bose SoundSport Headphones,1,5/29/2019 9:31
204414,AAA Batteries (4-pack),2,5/8/2019 18:06
204415,USB-C Charging Cable,1,5/2/2019 13:19
204416,AA Batteries (4-pack),1,5/18/2019 10:33
204417,Wired Headphones,1,5/2/2019 19:50
204418,Flatscreen TV,1,5/19/2019 16:39
204419,iPhone,1,5/15/2019 15:37
204420,Lightning Charging Cable,2,5/16/2019 17:06
204421,34in Ultrawide Monitor,1,5/27/2019 16:36
204422,Lightning Charging Cable,1,5/20/2019 17:00
204423,20in Monitor,1,5/4/2019 17:25
204424,Apple Airpods Headphones,1,5/24/2019 8:15
204425,USB-C Charging Cable,1,5/5/2019 21:51
204426,AA Batteries (4-pack),1,5/27/2019 15:23
204427,Wired Headphones,1,5/24/2019 11:10
204428,Lightning Charging Cable,1,5/4/2019 11:10
204429,27in FHD Monitor,1,5/26/2019 6:07
204430,iPhone,1,5/19/2019 13:03
204431,Bose SoundSport Headphones,1,5/19/2019 9:02
204432,Flatscreen TV,1,5/25/2019 8:55
204433,Apple Airpods Headphones,1,5/3/2019 13:46
204434,AA Batteries (4-pack),1,5/27/2019 19:17
204435,Vareebadd Phone,1,5/29/2019 20:38
204436,Apple Airpods Headphones,1,5/4/2019 20:39
204437,Macbook Pro Laptop,1,5/28/2019 12:11
204438,27in FHD Monitor,1,5/18/2019 23:39
204439,34in Ultrawide Monitor,1,5/7/2019 8:14
204440,AAA Batteries (4-pack),2,5/5/2019 19:45
204441,27in FHD Monitor,1,5/22/2019 21:37
204442,Wired Headphones,1,5/3/2019 22:46
204443,USB-C Charging Cable,1,5/2/2019 8:48
204443,Apple Airpods Headphones,1,5/2/2019 8:48
204444,Wired Headphones,1,5/3/2019 19:30
204445,27in FHD Monitor,1,5/20/2019 15:10
204446,AA Batteries (4-pack),1,5/2/2019 18:43
204447,Apple Airpods Headphones,1,5/26/2019 18:24
204448,Bose SoundSport Headphones,1,5/12/2019 16:58
204449,Wired Headphones,1,5/9/2019 13:17
204450,Google Phone,1,5/7/2019 9:10
204450,Bose SoundSport Headphones,1,5/7/2019 9:10
204451,Lightning Charging Cable,1,5/11/2019 20:31
204452,iPhone,1,5/9/2019 11:25
204453,Wired Headphones,1,5/29/2019 19:14
204454,Macbook Pro Laptop,1,5/24/2019 17:29
204455,27in FHD Monitor,1,5/23/2019 9:02
204456,Wired Headphones,1,5/20/2019 19:42
204457,Wired Headphones,1,5/27/2019 9:14
204458,USB-C Charging Cable,1,5/24/2019 21:24
204459,AAA Batteries (4-pack),1,5/6/2019 2:13
204460,AAA Batteries (4-pack),1,5/26/2019 0:24
204461,AA Batteries (4-pack),1,5/20/2019 14:27
204462,AAA Batteries (4-pack),1,5/13/2019 9:41
204463,USB-C Charging Cable,1,5/18/2019 16:45
204464,AA Batteries (4-pack),1,5/31/2019 20:49
204465,27in FHD Monitor,1,5/15/2019 11:15
204466,Lightning Charging Cable,2,5/27/2019 10:15
204467,AA Batteries (4-pack),1,5/17/2019 6:29
204468,Macbook Pro Laptop,1,5/21/2019 21:02
204469,iPhone,1,5/10/2019 12:16
204470,20in Monitor,1,5/3/2019 14:35
204471,USB-C Charging Cable,1,5/11/2019 16:42
204472,Lightning Charging Cable,1,5/3/2019 22:42
204473,Google Phone,1,5/12/2019 13:06
204474,Apple Airpods Headphones,1,5/9/2019 20:27
204475,Bose SoundSport Headphones,1,5/5/2019 16:08
204476,Flatscreen TV,1,5/23/2019 11:34
204477,ThinkPad Laptop,1,5/30/2019 13:58
204478,Lightning Charging Cable,2,5/8/2019 17:33
204479,Lightning Charging Cable,1,5/21/2019 0:09
204480,20in Monitor,1,5/12/2019 23:57
204481,AA Batteries (4-pack),1,5/6/2019 17:38
204482,27in FHD Monitor,1,5/14/2019 6:02
204483,Macbook Pro Laptop,1,5/2/2019 19:29
204484,20in Monitor,1,5/4/2019 17:27
204485,USB-C Charging Cable,1,5/20/2019 12:40
204486,AAA Batteries (4-pack),1,5/14/2019 13:44
204487,Lightning Charging Cable,2,5/3/2019 12:47
204488,Lightning Charging Cable,1,5/15/2019 17:11
204489,20in Monitor,1,5/13/2019 20:18
204490,Flatscreen TV,1,5/14/2019 12:58
204491,ThinkPad Laptop,1,5/18/2019 16:29
204492,34in Ultrawide Monitor,1,5/17/2019 18:13
204493,Google Phone,1,5/6/2019 10:39
204493,Wired Headphones,1,5/6/2019 10:39
204494,27in 4K Gaming Monitor,1,5/26/2019 19:23
Order ID,Product,Quantity Ordered,Order Date
204495,USB-C Charging Cable,1,5/24/2019 13:57
204496,Wired Headphones,2,5/21/2019 14:10
204497,Wired Headphones,1,5/28/2019 16:03
204498,Wired Headphones,1,5/1/2019 11:36
204499,Wired Headphones,1,5/9/2019 10:43
204500,20in Monitor,2,5/26/2019 22:02
204501,iPhone,1,5/20/2019 21:51
204502,USB-C Charging Cable,1,5/17/2019 22:44
204503,USB-C Charging Cable,1,5/25/2019 10:55
204504,20in Monitor,1,5/24/2019 18:48
204505,AA Batteries (4-pack),1,5/14/2019 12:36
204506,USB-C Charging Cable,1,5/4/2019 8:12
204507,AAA Batteries (4-pack),2,5/18/2019 18:00
204508,27in FHD Monitor,1,5/18/2019 5:28
204509,AAA Batteries (4-pack),4,5/21/2019 10:07
204510,Wired Headphones,1,5/23/2019 8:44
204511,Lightning Charging Cable,1,5/7/2019 15:49
204511,27in 4K Gaming Monitor,1,5/7/2019 15:49
204512,AA Batteries (4-pack),1,5/2/2019 13:43
204513,AA Batteries (4-pack),1,5/13/2019 10:46
204514,AAA Batteries (4-pack),1,5/20/2019 22:56
204515,Wired Headphones,1,5/19/2019 13:21
204516,USB-C Charging Cable,1,5/31/2019 21:45
204517,Apple Airpods Headphones,1,5/17/2019 14:48
204518,AAA Batteries (4-pack),1,5/17/2019 16:41
204519,AA Batteries (4-pack),1,5/30/2019 15:22
204520,AA Batteries (4-pack),1,5/23/2019 14:06
204521,Lightning Charging Cable,1,5/28/2019 13:25
204522,AA Batteries (4-pack),1,5/7/2019 9:28
204523,USB-C Charging Cable,1,5/1/2019 11:26
204524,AAA Batteries (4-pack),1,5/16/2019 16:29
204525,27in FHD Monitor,1,5/25/2019 8:40
204526,34in Ultrawide Monitor,1,5/10/2019 0:01
204527,AA Batteries (4-pack),1,5/19/2019 9:28
204528,Lightning Charging Cable,1,5/7/2019 14:32
204529,USB-C Charging Cable,1,5/3/2019 15:54
204530,ThinkPad Laptop,1,5/1/2019 18:27
204531,USB-C Charging Cable,1,5/29/2019 16:56
204532,Wired Headphones,1,5/26/2019 18:39
204533,AA Batteries (4-pack),3,5/6/2019 19:34
204534,AA Batteries (4-pack),2,5/4/2019 17:01
204535,Lightning Charging Cable,1,5/3/2019 19:36
204536,iPhone,1,5/22/2019 9:14
204536,Lightning Charging Cable,1,5/22/2019 9:14
204537,iPhone,1,5/15/2019 16:38
204537,Apple Airpods Headphones,1,5/15/2019 16:38
204538,34in Ultrawide Monitor,1,5/10/2019 15:15
204539,Apple Airpods Headphones,1,5/5/2019 17:23
204540,Apple Airpods Headphones,1,5/10/2019 18:53
204540,AAA Batteries (4-pack),1,5/10/2019 18:53
204541,Wired Headphones,1,5/14/2019 13:16
204542,AA Batteries (4-pack),1,5/14/2019 9:45
204543,Wired Headphones,1,5/23/2019 19:51
204544,Lightning Charging Cable,1,5/18/2019 8:50
204545,Lightning Charging Cable,1,5/20/2019 7:04
204546,Wired Headphones,1,5/2/2019 23:53
204547,Macbook Pro Laptop,1,5/19/2019 16:03
204548,Apple Airpods Headphones,1,5/25/2019 15:32
204549,LG Washing Machine,1,5/22/2019 13:11
204550,27in FHD Monitor,1,5/15/2019 15:01
204551,Macbook Pro Laptop,1,5/19/2019 12:26
204552,AA Batteries (4-pack),2,5/1/2019 20:15
204553,AAA Batteries (4-pack),1,5/22/2019 12:58
204554,Wired Headphones,1,5/25/2019 8:56
204555,AA Batteries (4-pack),1,5/2/2019 9:29
204556,Bose SoundSport Headphones,1,5/13/2019 22:32
204557,Lightning Charging Cable,1,5/15/2019 8:14
204558,Bose SoundSport Headphones,1,5/10/2019 14:21
204559,27in 4K Gaming Monitor,1,5/8/2019 8:57
204560,Lightning Charging Cable,1,5/4/2019 20:25
204561,Flatscreen TV,1,5/28/2019 18:11
204562,USB-C Charging Cable,2,5/29/2019 11:35
204563,Wired Headphones,1,5/26/2019 9:30
204564,Lightning Charging Cable,1,5/25/2019 0:46
204565,Bose SoundSport Headphones,1,5/7/2019 20:00
204566,Lightning Charging Cable,1,5/6/2019 14:01
204567,AA Batteries (4-pack),2,5/16/2019 4:00
204568,AAA Batteries (4-pack),1,5/31/2019 16:12
204569,27in 4K Gaming Monitor,1,5/7/2019 18:44
204570,Macbook Pro Laptop,1,5/31/2019 11:39
204571,AAA Batteries (4-pack),2,5/7/2019 6:44
204572,Bose SoundSport Headphones,1,5/27/2019 21:08
204573,AAA Batteries (4-pack),1,5/17/2019 19:29
204574,Wired Headphones,3,5/27/2019 14:33
204575,USB-C Charging Cable,1,5/20/2019 10:26
204576,Lightning Charging Cable,1,5/19/2019 19:06
204577,Apple Airpods Headphones,1,5/28/2019 8:17
204578,AAA Batteries (4-pack),1,5/15/2019 21:39
204579,Bose SoundSport Headphones,1,5/11/2019 19:56
204580,iPhone,1,5/26/2019 10:09
204581,Bose SoundSport Headphones,1,5/23/2019 16:10
204581,AA Batteries (4-pack),2,5/23/2019 16:10
204582,iPhone,1,5/26/2019 20:58
204582,Apple Airpods Headphones,1,5/26/2019 20:58
204583,Flatscreen TV,1,5/2/2019 12:41
204584,27in FHD Monitor,1,5/18/2019 19:41
204585,Apple Airpods Headphones,1,5/7/2019 9:21
204586,Lightning Charging Cable,1,5/29/2019 11:11
204587,AA Batteries (4-pack),1,5/26/2019 16:12
204588,USB-C Charging Cable,1,5/8/2019 10:33
204589,27in 4K Gaming Monitor,1,5/6/2019 20:55
204590,Flatscreen TV,1,5/16/2019 23:56
204591,AA Batteries (4-pack),2,5/10/2019 17:30
204592,Apple Airpods Headphones,1,5/2/2019 21:31
204593,USB-C Charging Cable,1,5/17/2019 15:43
204594,Macbook Pro Laptop,1,5/2/2019 10:23
204595,34in Ultrawide Monitor,1,5/23/2019 12:19
204596,Wired Headphones,1,5/31/2019 18:00
204597,Bose SoundSport Headphones,1,5/3/2019 9:28
204598,Lightning Charging Cable,1,5/3/2019 2:21
204599,Lightning Charging Cable,1,5/5/2019 13:00
204600,Bose SoundSport Headphones,1,5/13/2019 5:27
204601,AA Batteries (4-pack),1,5/10/2019 21:05
204602,Lightning Charging Cable,1,5/14/2019 14:33
204603,Vareebadd Phone,1,5/5/2019 4:55
204604,Apple Airpods Headphones,1,5/30/2019 14:23
204605,AA Batteries (4-pack),1,5/10/2019 15:53
204606,AA Batteries (4-pack),1,5/6/2019 2:51
204607,27in 4K Gaming Monitor,1,5/10/2019 18:44
204608,ThinkPad Laptop,1,5/1/2019 22:53
204609,AAA Batteries (4-pack),1,5/9/2019 9:08
204610,AAA Batteries (4-pack),3,6/1/2019 0:51
204611,Lightning Charging Cable,1,5/16/2019 21:48
204612,USB-C Charging Cable,1,5/3/2019 16:24
204613,Macbook Pro Laptop,1,5/9/2019 15:04
204614,USB-C Charging Cable,1,5/17/2019 9:34
204615,AA Batteries (4-pack),1,5/13/2019 18:08
204616,AA Batteries (4-pack),2,5/28/2019 17:00
204617,AA Batteries (4-pack),1,5/20/2019 8:23
204618,Apple Airpods Headphones,1,5/19/2019 19:08
204619,Apple Airpods Headphones,1,5/13/2019 19:26
204620,Apple Airpods Headphones,1,5/2/2019 11:12
204621,Macbook Pro Laptop,1,5/18/2019 14:57
204622,Apple Airpods Headphones,1,5/29/2019 9:40
204623,AAA Batteries (4-pack),2,5/17/2019 11:41
204624,AAA Batteries (4-pack),1,5/25/2019 11:41
204625,USB-C Charging Cable,1,5/25/2019 10:57
204626,Apple Airpods Headphones,1,5/7/2019 0:30
204627,Lightning Charging Cable,1,5/13/2019 17:10
204628,iPhone,1,5/20/2019 13:28
204629,27in 4K Gaming Monitor,1,5/12/2019 11:31
204630,27in 4K Gaming Monitor,1,5/27/2019 0:49
204631,Wired Headphones,1,5/2/2019 12:20
204632,USB-C Charging Cable,1,5/3/2019 18:22
204633,AAA Batteries (4-pack),1,5/2/2019 18:30
204634,AAA Batteries (4-pack),1,5/21/2019 19:46
204635,USB-C Charging Cable,1,5/18/2019 16:25
204636,AA Batteries (4-pack),1,5/5/2019 17:48
204637,Wired Headphones,1,5/9/2019 18:23
204638,34in Ultrawide Monitor,1,5/12/2019 12:55
204639,Lightning Charging Cable,1,5/6/2019 1:12
204640,LG Dryer,1,5/10/2019 17:35
204641,AA Batteries (4-pack),2,5/26/2019 11:00
204642,Bose SoundSport Headphones,1,5/24/2019 13:12
204643,AAA Batteries (4-pack),1,5/22/2019 22:10
204644,27in FHD Monitor,1,5/9/2019 6:33
204645,Apple Airpods Headphones,1,5/21/2019 21:58
204645,20in Monitor,1,5/21/2019 21:58
204646,Lightning Charging Cable,1,5/22/2019 13:14
204647,Lightning Charging Cable,1,5/4/2019 17:18
204648,Lightning Charging Cable,1,5/15/2019 3:34
204649,AA Batteries (4-pack),1,5/9/2019 14:15
204650,AA Batteries (4-pack),1,5/21/2019 16:01
204651,AA Batteries (4-pack),2,5/13/2019 11:34
204652,Bose SoundSport Headphones,1,5/28/2019 19:09
204653,iPhone,1,5/18/2019 14:45
204654,Wired Headphones,1,5/25/2019 9:31
204655,Bose SoundSport Headphones,1,5/2/2019 8:31
204656,Lightning Charging Cable,2,5/25/2019 14:19
204657,Wired Headphones,1,5/9/2019 23:33
204658,USB-C Charging Cable,1,5/7/2019 19:36
204659,USB-C Charging Cable,1,5/13/2019 18:37
204660,27in FHD Monitor,1,5/21/2019 22:28
204661,Bose SoundSport Headphones,1,5/8/2019 12:29
204662,AA Batteries (4-pack),5,5/12/2019 23:05
204663,USB-C Charging Cable,1,5/13/2019 9:20
204664,Wired Headphones,1,5/27/2019 8:58
204665,AAA Batteries (4-pack),4,5/13/2019 11:11
204666,Lightning Charging Cable,2,5/5/2019 17:13
204667,ThinkPad Laptop,1,5/18/2019 7:22
204668,iPhone,1,5/25/2019 10:02
204669,Wired Headphones,1,5/31/2019 11:28
204670,LG Dryer,1,5/20/2019 12:00
204671,Wired Headphones,1,5/24/2019 10:19
204672,Wired Headphones,2,5/11/2019 21:41
204673,AAA Batteries (4-pack),1,5/8/2019 20:53
204674,Vareebadd Phone,1,5/29/2019 10:54
204675,Flatscreen TV,1,5/28/2019 23:08
204676,AAA Batteries (4-pack),2,5/19/2019 15:23
204677,AAA Batteries (4-pack),1,5/2/2019 21:28
204678,AAA Batteries (4-pack),2,5/17/2019 20:56
204679,Bose SoundSport Headphones,1,5/15/2019 8:53
204680,USB-C Charging Cable,2,5/22/2019 8:26
204681,AA Batteries (4-pack),1,5/29/2019 20:03
204682,27in FHD Monitor,1,5/25/2019 10:43
204683,Apple Airpods Headphones,1,5/14/2019 10:37
204684,Lightning Charging Cable,1,5/29/2019 14:21
204685,27in FHD Monitor,1,5/20/2019 12:46
204686,iPhone,1,5/23/2019 12:19
204686,27in 4K Gaming Monitor,1,5/23/2019 12:19
204687,Apple Airpods Headphones,1,5/27/2019 22:20
204688,Wired Headphones,1,5/29/2019 6:54
Order ID,Product,Quantity Ordered,Order Date
204689,Bose SoundSport Headphones,1,5/14/2019 21:54
204690,27in 4K Gaming Monitor,1,5/11/2019 15:17
204691,Wired Headphones,1,5/3/2019 5:53
204692,Apple Airpods Headphones,1,5/26/2019 22:16
204693,iPhone,1,5/11/2019 12:47
204694,AA Batteries (4-pack),2,5/29/2019 23:58
204695,Google Phone,1,5/19/2019 14:08
204696,AAA Batteries (4-pack),2,5/6/2019 15:10
204697,Wired Headphones,1,5/1/2019 17:02
204698,Bose SoundSport Headphones,1,5/3/2019 23:21
204699,Lightning Charging Cable,1,5/29/2019 8:25
204700,AAA Batteries (4-pack),2,5/14/2019 22:41
204701,Apple Airpods Headphones,1,5/28/2019 12:41
204702,Google Phone,1,5/11/2019 11:18
204703,20in Monitor,1,5/14/2019 8:20
204704,Apple Airpods Headphones,1,5/13/2019 22:00
204705,AAA Batteries (4-pack),2,5/25/2019 16:04
204706,AAA Batteries (4-pack),3,5/1/2019 10:07
204707,Wired Headphones,1,5/16/2019 9:53
204708,Macbook Pro Laptop,1,5/12/2019 16:53
204709,AA Batteries (4-pack),1,5/6/2019 10:21
204710,Wired Headphones,1,5/30/2019 12:48
204711,Flatscreen TV,1,5/7/2019 13:17
204712,AA Batteries (4-pack),1,5/11/2019 12:06
204713,27in FHD Monitor,1,5/11/2019 23:01
204714,Lightning Charging Cable,1,5/10/2019 11:16
204715,Wired Headphones,1,5/13/2019 21:28
204716,AAA Batteries (4-pack),2,5/5/2019 18:11
204717,Lightning Charging Cable,1,5/26/2019 8:20
204718,USB-C Charging Cable,1,5/8/2019 14:14
204719,USB-C Charging Cable,1,5/12/2019 13:28
204720,Lightning Charging Cable,1,5/20/2019 20:01
204721,Wired Headphones,1,5/20/2019 19:16
204722,ThinkPad Laptop,1,5/8/2019 19:32
204723,27in FHD Monitor,1,5/19/2019 16:57
204724,Lightning Charging Cable,1,5/30/2019 21:08
204725,27in 4K Gaming Monitor,1,5/19/2019 20:17
204726,Lightning Charging Cable,1,5/7/2019 12:36
204727,AAA Batteries (4-pack),5,5/15/2019 17:56
204728,Google Phone,1,5/10/2019 10:16
204729,Bose SoundSport Headphones,1,5/18/2019 19:00
204730,27in FHD Monitor,1,5/5/2019 14:46
204731,Lightning Charging Cable,1,5/22/2019 18:40
204732,USB-C Charging Cable,1,5/17/2019 16:29
204733,AAA Batteries (4-pack),2,5/12/2019 12:28
204734,Flatscreen TV,1,5/13/2019 21:12
204735,Vareebadd Phone,1,5/26/2019 8:59
204736,34in Ultrawide Monitor,1,5/15/2019 15:58
204737,AA Batteries (4-pack),1,5/20/2019 13:26
204738,Wired Headphones,1,5/22/2019 11:31
204739,Lightning Charging Cable,1,5/20/2019 15:53
204740,AAA Batteries (4-pack),1,5/27/2019 23:31
204741,Wired Headphones,1,5/31/2019 8:08
204742,Google Phone,1,5/1/2019 19:47
204742,USB-C Charging Cable,1,5/1/2019 19:47
204743,AAA Batteries (4-pack),1,5/22/2019 18:07
204744,27in FHD Monitor,1,5/3/2019 8:39
204745,iPhone,1,5/27/2019 18:31
204746,AAA Batteries (4-pack),1,5/13/2019 13:31
204747,Apple Airpods Headphones,1,5/11/2019 21:36
204748,Lightning Charging Cable,1,5/27/2019 17:35
204749,Vareebadd Phone,1,5/27/2019 6:57
204750,AA Batteries (4-pack),1,5/11/2019 7:34
204751,Macbook Pro Laptop,1,5/2/2019 15:06
204752,Apple Airpods Headphones,1,5/21/2019 13:44
204753,AA Batteries (4-pack),1,5/21/2019 15:54
204754,LG Washing Machine,1,5/12/2019 11:04
204755,USB-C Charging Cable,1,5/30/2019 7:46
204756,AAA Batteries (4-pack),1,5/12/2019 20:04
204757,Lightning Charging Cable,1,5/8/2019 21:58
204758,Wired Headphones,1,5/15/2019 17:33
204759,iPhone,1,5/5/2019 21:55
204760,AAA Batteries (4-pack),1,5/27/2019 21:01
204761,Wired Headphones,1,5/2/2019 12:20
204762,AA Batteries (4-pack),1,5/12/2019 22:27
204763,iPhone,1,5/2/2019 20:07
204764,Wired Headphones,1,5/30/2019 14:30
204765,Wired Headphones,1,5/5/2019 10:19
204766,Bose SoundSport Headphones,1,5/11/2019 18:49
204767,Lightning Charging Cable,1,5/10/2019 23:26
204768,ThinkPad Laptop,1,5/5/2019 17:09
204769,Lightning Charging Cable,1,5/16/2019 7:38
204770,iPhone,1,5/4/2019 11:58
204771,Google Phone,1,5/9/2019 13:10
204772,Bose SoundSport Headphones,1,5/7/2019 23:30
204773,USB-C Charging Cable,1,5/15/2019 22:12
204774,USB-C Charging Cable,1,5/11/2019 17:36
204775,Wired Headphones,1,5/5/2019 7:58
204776,Lightning Charging Cable,1,5/20/2019 19:39
204777,Bose SoundSport Headphones,1,5/5/2019 16:03
204778,Google Phone,1,5/23/2019 11:51
204779,27in FHD Monitor,1,5/19/2019 13:01
204780,Wired Headphones,1,5/9/2019 1:09
204781,USB-C Charging Cable,1,5/19/2019 17:18
204782,iPhone,1,5/31/2019 13:42
204783,Macbook Pro Laptop,1,5/8/2019 7:45
204784,34in Ultrawide Monitor,1,5/19/2019 16:26
204785,27in FHD Monitor,1,5/25/2019 10:50
204786,AAA Batteries (4-pack),1,5/16/2019 12:04
204787,Apple Airpods Headphones,1,5/20/2019 20:45
204788,AA Batteries (4-pack),1,5/21/2019 10:15
204789,Lightning Charging Cable,1,5/5/2019 18:52
204790,AA Batteries (4-pack),2,5/16/2019 20:35
204791,AAA Batteries (4-pack),1,5/7/2019 9:31
204792,Wired Headphones,1,5/9/2019 16:37
204793,Lightning Charging Cable,1,5/7/2019 21:32
204794,AAA Batteries (4-pack),1,5/14/2019 10:46
204795,AAA Batteries (4-pack),1,5/24/2019 10:39
204796,AA Batteries (4-pack),1,5/28/2019 22:07
204797,Macbook Pro Laptop,1,5/31/2019 7:55
204798,AAA Batteries (4-pack),1,5/10/2019 1:51
204799,AA Batteries (4-pack),1,5/21/2019 20:28
204800,AA Batteries (4-pack),1,5/3/2019 21:43
204801,ThinkPad Laptop,1,5/28/2019 19:45
204802,AAA Batteries (4-pack),4,5/30/2019 9:10
204803,USB-C Charging Cable,1,5/16/2019 18:57
204804,ThinkPad Laptop,1,5/15/2019 9:14
204805,USB-C Charging Cable,1,5/16/2019 13:20
204806,Lightning Charging Cable,1,5/9/2019 13:30
204807,Wired Headphones,1,5/17/2019 14:57
204808,Apple Airpods Headphones,1,5/18/2019 21:00
204809,Flatscreen TV,1,5/24/2019 16:39
204810,AAA Batteries (4-pack),1,5/22/2019 18:01
204811,Macbook Pro Laptop,1,5/27/2019 12:41
204812,Bose SoundSport Headphones,1,5/14/2019 16:54
204813,USB-C Charging Cable,1,5/29/2019 16:37
204814,iPhone,1,5/30/2019 20:49
204815,AA Batteries (4-pack),2,5/14/2019 17:23
204816,Flatscreen TV,1,5/9/2019 19:46
204817,AAA Batteries (4-pack),2,5/13/2019 14:55
204818,iPhone,1,5/1/2019 19:09
204818,Wired Headphones,1,5/1/2019 19:09
204819,Lightning Charging Cable,1,5/21/2019 11:01
204820,AA Batteries (4-pack),1,5/28/2019 23:52
204821,Vareebadd Phone,1,5/14/2019 23:33
204822,Wired Headphones,1,5/4/2019 17:24
204823,USB-C Charging Cable,1,5/29/2019 14:53
204824,AA Batteries (4-pack),1,5/2/2019 19:36
204825,34in Ultrawide Monitor,1,5/25/2019 20:48
204826,Bose SoundSport Headphones,1,5/31/2019 21:18
204826,Wired Headphones,1,5/31/2019 21:18
204827,Bose SoundSport Headphones,1,5/17/2019 23:22
204828,USB-C Charging Cable,1,5/17/2019 19:35
204829,ThinkPad Laptop,1,5/11/2019 13:40
204830,Wired Headphones,1,5/30/2019 17:04
204831,27in FHD Monitor,1,5/31/2019 19:43
204832,AAA Batteries (4-pack),1,5/2/2019 7:45
204833,Wired Headphones,1,5/12/2019 15:15
204834,Bose SoundSport Headphones,1,5/17/2019 1:43
204835,USB-C Charging Cable,1,5/7/2019 10:26
204836,AAA Batteries (4-pack),1,5/31/2019 12:57
204837,AA Batteries (4-pack),3,5/4/2019 19:31
204838,AA Batteries (4-pack),1,5/6/2019 12:35
204839,Google Phone,1,5/14/2019 16:56
204840,AAA Batteries (4-pack),1,5/27/2019 23:11
204841,Flatscreen TV,1,5/11/2019 13:23
204842,AA Batteries (4-pack),1,5/24/2019 11:59
204843,USB-C Charging Cable,1,5/11/2019 8:36
204844,AA Batteries (4-pack),2,5/17/2019 17:23
204845,Wired Headphones,1,5/21/2019 9:18
204846,Apple Airpods Headphones,1,5/28/2019 16:56
204847,Wired Headphones,1,5/5/2019 17:10
204848,AAA Batteries (4-pack),2,5/30/2019 20:20
204849,Apple Airpods Headphones,1,5/26/2019 14:58
204850,Wired Headphones,1,5/6/2019 11:43
204851,AAA Batteries (4-pack),1,5/1/2019 16:03
204852,Wired Headphones,1,5/26/2019 0:22
204853,USB-C Charging Cable,1,5/14/2019 15:12
204854,27in FHD Monitor,1,5/8/2019 22:03
204855,USB-C Charging Cable,1,5/31/2019 14:10
204856,Wired Headphones,1,5/2/2019 23:57
204857,ThinkPad Laptop,1,5/27/2019 22:27
204858,AAA Batteries (4-pack),1,5/12/2019 20:12
204859,AA Batteries (4-pack),1,5/20/2019 22:27
204860,Lightning Charging Cable,1,5/5/2019 17:32
204861,Apple Airpods Headphones,1,5/30/2019 13:05
204862,27in FHD Monitor,1,5/14/2019 9:31
204863,Apple Airpods Headphones,1,5/29/2019 23:13
204864,AAA Batteries (4-pack),5,5/20/2019 12:07
204865,USB-C Charging Cable,1,5/4/2019 18:43
204866,Apple Airpods Headphones,1,5/25/2019 13:08
204867,AA Batteries (4-pack),1,5/20/2019 10:52
204868,Google Phone,1,5/17/2019 9:13
204868,USB-C Charging Cable,1,5/17/2019 9:13
204868,Wired Headphones,1,5/17/2019 9:13
204869,Wired Headphones,1,5/4/2019 10:46
204870,AAA Batteries (4-pack),3,5/14/2019 18:07
204871,Vareebadd Phone,1,5/19/2019 18:56
204872,USB-C Charging Cable,1,5/5/2019 11:20
204873,Apple Airpods Headphones,1,5/1/2019 13:16
204874,Lightning Charging Cable,1,5/7/2019 20:16
204875,Wired Headphones,1,5/23/2019 18:54
204876,Lightning Charging Cable,1,5/9/2019 10:43
204877,27in 4K Gaming Monitor,1,5/8/2019 18:20
204878,AAA Batteries (4-pack),1,5/22/2019 21:25
204879,34in Ultrawide Monitor,1,5/26/2019 22:16
204880,Apple Airpods Headphones,1,5/25/2019 20:47
204881,Vareebadd Phone,1,5/26/2019 16:09
204882,Lightning Charging Cable,1,5/5/2019 14:57
204883,USB-C Charging Cable,1,5/1/2019 19:20
204884,Apple Airpods Headphones,1,5/3/2019 14:18
204885,27in 4K Gaming Monitor,1,5/21/2019 18:14
204886,Lightning Charging Cable,1,5/2/2019 19:42
204887,20in Monitor,1,5/2/2019 7:21
204888,USB-C Charging Cable,1,5/18/2019 14:47
204889,27in 4K Gaming Monitor,1,5/14/2019 19:26
204890,Bose SoundSport Headphones,1,5/19/2019 11:30
204891,Apple Airpods Headphones,1,5/14/2019 17:12
204892,Wired Headphones,1,5/10/2019 20:38
204893,Apple Airpods Headphones,1,5/2/2019 8:51
204894,Wired Headphones,2,5/20/2019 17:09
204895,AA Batteries (4-pack),2,5/12/2019 13:10
204896,Lightning Charging Cable,1,5/16/2019 14:46
204897,Wired Headphones,1,5/30/2019 19:13
204898,USB-C Charging Cable,2,5/19/2019 12:42
204899,USB-C Charging Cable,2,5/26/2019 10:59
204899,AAA Batteries (4-pack),1,5/26/2019 10:59
204900,AA Batteries (4-pack),1,5/26/2019 17:51
204901,Macbook Pro Laptop,1,5/12/2019 17:07
204902,Wired Headphones,1,5/4/2019 16:08
204903,Lightning Charging Cable,1,5/22/2019 19:16
204904,Apple Airpods Headphones,1,5/18/2019 20:54
204905,AAA Batteries (4-pack),1,5/26/2019 18:47
204906,USB-C Charging Cable,1,5/9/2019 13:49
204907,AAA Batteries (4-pack),1,5/5/2019 11:38
204908,27in FHD Monitor,1,5/7/2019 21:29
204909,Bose SoundSport Headphones,1,5/24/2019 22:15
204910,Macbook Pro Laptop,1,5/28/2019 0:20
204911,34in Ultrawide Monitor,1,5/18/2019 11:59
204912,Flatscreen TV,1,5/8/2019 19:37
204913,Lightning Charging Cable,1,5/20/2019 15:59
204914,LG Washing Machine,1,5/25/2019 20:49
204914,20in Monitor,1,5/25/2019 20:49
204915,AA Batteries (4-pack),1,5/23/2019 12:14
204916,ThinkPad Laptop,1,5/26/2019 12:44
204917,AA Batteries (4-pack),3,5/30/2019 22:45
204918,Lightning Charging Cable,1,5/1/2019 8:21
204919,AAA Batteries (4-pack),2,5/24/2019 20:47
204920,USB-C Charging Cable,1,5/27/2019 12:55
204921,Wired Headphones,1,5/28/2019 9:08
204922,Bose SoundSport Headphones,1,5/31/2019 10:51
204923,Lightning Charging Cable,1,5/4/2019 11:59
204924,AA Batteries (4-pack),1,5/12/2019 14:00
204925,27in 4K Gaming Monitor,1,5/17/2019 11:15
204926,AAA Batteries (4-pack),1,5/26/2019 10:59
204927,Apple Airpods Headphones,1,5/4/2019 11:59
204928,34in Ultrawide Monitor,1,5/19/2019 18:16
204929,Google Phone,1,5/28/2019 22:40
204930,AAA Batteries (4-pack),1,5/30/2019 21:35
204931,USB-C Charging Cable,1,5/11/2019 17:44
204932,AA Batteries (4-pack),1,5/16/2019 22:25
204933,iPhone,1,5/10/2019 13:43
204934,USB-C Charging Cable,1,5/22/2019 17:55
204935,Wired Headphones,1,5/4/2019 22:36
204936,27in 4K Gaming Monitor,1,5/8/2019 9:05
204937,AAA Batteries (4-pack),1,5/29/2019 13:14
204938,Flatscreen TV,1,5/8/2019 13:11
204938,20in Monitor,1,5/8/2019 13:11
204939,AAA Batteries (4-pack),1,5/31/2019 10:02
204940,Apple Airpods Headphones,1,5/20/2019 16:30
204941,Flatscreen TV,1,5/18/2019 9:45
204942,Wired Headphones,1,5/30/2019 17:42
204943,Wired Headphones,1,5/18/2019 11:55
204944,Wired Headphones,1,5/26/2019 15:07
204945,Google Phone,1,5/6/2019 12:17
204946,AAA Batteries (4-pack),3,5/20/2019 14:34
204947,USB-C Charging Cable,1,5/30/2019 19:57
204948,Wired Headphones,1,5/19/2019 14:35
204949,27in FHD Monitor,1,5/31/2019 10:26
204950,AAA Batteries (4-pack),2,5/26/2019 17:22
204951,Lightning Charging Cable,1,5/13/2019 11:03
204952,34in Ultrawide Monitor,1,5/22/2019 17:22
204953,Apple Airpods Headphones,1,5/22/2019 17:57
204954,Lightning Charging Cable,1,5/4/2019 9:46
204955,Apple Airpods Headphones,1,5/27/2019 18:01
204956,AAA Batteries (4-pack),2,5/12/2019 9:09
204957,AAA Batteries (4-pack),5,5/29/2019 21:09
204958,Apple Airpods Headphones,1,5/19/2019 2:37
204959,Wired Headphones,1,5/19/2019 10:05
204960,Apple Airpods Headphones,1,5/15/2019 12:05
204961,AA Batteries (4-pack),1,5/6/2019 8:59
204962,AA Batteries (4-pack),1,5/26/2019 14:54
204963,27in 4K Gaming Monitor,1,5/2/2019 12:50
204964,34in Ultrawide Monitor,1,5/8/2019 19:06
204965,Macbook Pro Laptop,1,5/16/2019 18:18
204966,AA Batteries (4-pack),1,5/18/2019 20:08
204967,iPhone,1,5/27/2019 10:45
204967,Wired Headphones,3,5/27/2019 10:45
204968,AA Batteries (4-pack),1,5/14/2019 9:59
204969,Vareebadd Phone,1,5/1/2019 23:54
204970,AAA Batteries (4-pack),1,5/28/2019 17:33
204971,ThinkPad Laptop,1,5/21/2019 16:18
204972,27in FHD Monitor,1,5/25/2019 16:26
204973,Lightning Charging Cable,1,5/10/2019 13:11
204974,27in 4K Gaming Monitor,1,5/24/2019 11:24
204975,27in 4K Gaming Monitor,1,5/24/2019 17:37
204976,USB-C Charging Cable,1,5/24/2019 16:39
204977,Vareebadd Phone,1,5/10/2019 9:35
204978,27in FHD Monitor,1,5/25/2019 9:56
204979,AA Batteries (4-pack),2,5/17/2019 14:24
204980,27in 4K Gaming Monitor,1,5/21/2019 16:03
204981,ThinkPad Laptop,1,5/26/2019 17:24
204982,Macbook Pro Laptop,1,5/30/2019 3:44
204983,Wired Headphones,1,5/22/2019 21:48
204984,Google Phone,1,5/1/2019 14:42
204984,Wired Headphones,1,5/1/2019 14:42
204985,USB-C Charging Cable,1,5/26/2019 20:26
204986,LG Washing Machine,1,5/17/2019 12:25
204987,ThinkPad Laptop,1,5/29/2019 20:45
204988,Bose SoundSport Headphones,1,5/21/2019 18:17
204989,USB-C Charging Cable,1,5/25/2019 15:23
204990,Wired Headphones,1,5/27/2019 14:07
204991,Bose SoundSport Headphones,1,5/21/2019 20:38
204992,Wired Headphones,1,5/1/2019 22:24
204993,Macbook Pro Laptop,1,5/14/2019 14:51
204994,Lightning Charging Cable,1,5/15/2019 0:36
204995,Wired Headphones,1,5/10/2019 22:34
204996,AA Batteries (4-pack),1,5/7/2019 23:57
204997,Bose SoundSport Headphones,2,5/29/2019 11:09
204998,20in Monitor,1,5/8/2019 21:50
204999,USB-C Charging Cable,1,5/15/2019 19:48
205000,Lightning Charging Cable,1,5/9/2019 2:04
205001,Wired Headphones,1,5/30/2019 12:58
205002,AA Batteries (4-pack),1,5/21/2019 16:22
205003,27in 4K Gaming Monitor,1,5/30/2019 19:23
205004,ThinkPad Laptop,1,5/3/2019 20:06
205005,Apple Airpods Headphones,1,5/2/2019 12:24
205006,Vareebadd Phone,1,5/10/2019 8:50
205007,USB-C Charging Cable,1,5/9/2019 18:58
205008,Wired Headphones,1,5/15/2019 12:35
205009,Bose SoundSport Headphones,1,5/28/2019 23:46
205010,Wired Headphones,1,5/21/2019 19:41
205011,AAA Batteries (4-pack),1,5/10/2019 13:24
205012,iPhone,1,5/29/2019 9:34
205012,Lightning Charging Cable,1,5/29/2019 9:34
205013,27in 4K Gaming Monitor,1,5/16/2019 20:29
205014,AA Batteries (4-pack),4,5/7/2019 22:08
205015,USB-C Charging Cable,1,5/9/2019 13:21
205016,iPhone,1,5/17/2019 0:16
205016,Lightning Charging Cable,1,5/17/2019 0:16
205017,ThinkPad Laptop,1,5/19/2019 14:57
205018,USB-C Charging Cable,1,5/16/2019 22:32
205018,USB-C Charging Cable,1,5/16/2019 22:32
205019,34in Ultrawide Monitor,1,5/26/2019 21:07
205020,AAA Batteries (4-pack),1,5/5/2019 9:47
205021,34in Ultrawide Monitor,1,5/7/2019 17:22
205022,Lightning Charging Cable,1,5/21/2019 14:54
205023,20in Monitor,1,5/3/2019 23:27
205024,Wired Headphones,1,5/17/2019 1:45
205025,AAA Batteries (4-pack),1,5/9/2019 20:18
205026,AAA Batteries (4-pack),1,5/7/2019 15:53
205027,Apple Airpods Headphones,1,5/20/2019 12:06
205028,Macbook Pro Laptop,1,5/3/2019 5:34
205029,Wired Headphones,1,5/28/2019 8:10
205030,USB-C Charging Cable,1,5/16/2019 21:31
205031,Wired Headphones,1,5/29/2019 20:56
205032,Lightning Charging Cable,1,5/18/2019 14:29
205033,Apple Airpods Headphones,1,5/9/2019 11:10
205034,Wired Headphones,1,5/17/2019 15:41
205035,AAA Batteries (4-pack),2,5/25/2019 19:49
205036,Wired Headphones,2,5/17/2019 14:32
205037,AA Batteries (4-pack),1,5/17/2019 23:22
205038,USB-C Charging Cable,3,5/28/2019 20:18
205039,USB-C Charging Cable,1,5/15/2019 20:38
205040,AAA Batteries (4-pack),1,5/12/2019 12:19
205041,AAA Batteries (4-pack),2,5/30/2019 11:44
205042,Macbook Pro Laptop,1,5/30/2019 19:51
205043,Wired Headphones,1,5/4/2019 11:22
205044,iPhone,1,5/30/2019 12:32
205044,Lightning Charging Cable,1,5/30/2019 12:32
205045,Apple Airpods Headphones,1,5/27/2019 10:00
205046,USB-C Charging Cable,1,5/23/2019 11:48
205047,27in FHD Monitor,1,5/29/2019 13:48
205048,Macbook Pro Laptop,1,5/15/2019 22:16
205049,Flatscreen TV,1,5/9/2019 12:02
205050,AAA Batteries (4-pack),1,5/4/2019 0:02
205051,AA Batteries (4-pack),1,5/19/2019 17:32
205052,USB-C Charging Cable,1,5/16/2019 14:18
205053,Apple Airpods Headphones,1,5/20/2019 8:27
205054,Wired Headphones,1,5/2/2019 12:28
205055,Bose SoundSport Headphones,1,5/4/2019 15:04
205056,USB-C Charging Cable,1,5/3/2019 22:38
205057,Bose SoundSport Headphones,1,5/20/2019 16:12
205058,34in Ultrawide Monitor,1,5/11/2019 10:07
205059,Lightning Charging Cable,2,5/20/2019 17:39
205060,27in 4K Gaming Monitor,1,5/21/2019 9:14
205061,Apple Airpods Headphones,1,5/30/2019 22:26
205062,27in FHD Monitor,1,5/28/2019 9:27
205063,Apple Airpods Headphones,1,5/25/2019 16:50
205064,AA Batteries (4-pack),1,5/29/2019 19:59
205065,USB-C Charging Cable,1,5/18/2019 17:54
205066,Wired Headphones,2,5/17/2019 22:47
205067,USB-C Charging Cable,1,5/30/2019 19:48
205067,AA Batteries (4-pack),1,5/30/2019 19:48
205068,27in 4K Gaming Monitor,1,5/14/2019 11:25
205069,AA Batteries (4-pack),1,5/31/2019 21:59
205070,AAA Batteries (4-pack),1,5/12/2019 18:05
205071,Bose SoundSport Headphones,1,5/6/2019 20:52
205072,27in FHD Monitor,1,5/3/2019 22:18
205073,Bose SoundSport Headphones,1,5/16/2019 1:02
205074,USB-C Charging Cable,1,5/8/2019 6:10
205075,AA Batteries (4-pack),1,5/23/2019 21:40
205076,Google Phone,1,5/3/2019 19:53
205077,USB-C Charging Cable,2,5/26/2019 11:12
205078,Apple Airpods Headphones,1,5/13/2019 7:26
205079,Google Phone,1,5/8/2019 13:18
205080,AAA Batteries (4-pack),1,5/30/2019 15:02
205081,Bose SoundSport Headphones,1,5/25/2019 17:36
205082,Macbook Pro Laptop,1,5/11/2019 18:37
205083,34in Ultrawide Monitor,1,5/21/2019 11:59
205084,AA Batteries (4-pack),1,5/22/2019 13:34
205085,AA Batteries (4-pack),1,5/21/2019 12:27
205086,Macbook Pro Laptop,1,5/16/2019 16:13
205087,USB-C Charging Cable,1,5/10/2019 20:35
205088,AAA Batteries (4-pack),2,5/5/2019 8:58
205089,AAA Batteries (4-pack),2,5/25/2019 21:27
205090,Lightning Charging Cable,1,5/12/2019 12:22
205091,Lightning Charging Cable,1,5/16/2019 16:43
205092,AAA Batteries (4-pack),1,5/12/2019 20:10
205093,Wired Headphones,1,5/18/2019 14:16
205094,Wired Headphones,1,5/29/2019 18:24
205095,Lightning Charging Cable,1,5/29/2019 22:48
205096,USB-C Charging Cable,1,5/21/2019 0:53
205097,Wired Headphones,1,5/21/2019 12:45
205098,AA Batteries (4-pack),1,5/25/2019 14:18
205099,Apple Airpods Headphones,1,5/14/2019 18:46
205100,Wired Headphones,1,5/28/2019 20:13
205101,27in FHD Monitor,1,5/11/2019 20:16
205102,USB-C Charging Cable,1,5/24/2019 10:23
205103,AA Batteries (4-pack),1,5/4/2019 10:33
205104,Wired Headphones,1,5/2/2019 8:59
205105,AA Batteries (4-pack),1,5/19/2019 18:12
205106,USB-C Charging Cable,1,5/19/2019 22:17
205107,iPhone,1,5/5/2019 20:33
205108,AA Batteries (4-pack),2,5/21/2019 19:58
205109,AA Batteries (4-pack),1,5/15/2019 10:05
205110,Bose SoundSport Headphones,1,5/1/2019 21:17
205111,AA Batteries (4-pack),1,5/26/2019 15:47
205112,Bose SoundSport Headphones,1,5/1/2019 19:18
205113,34in Ultrawide Monitor,1,5/17/2019 21:38
205114,34in Ultrawide Monitor,1,5/1/2019 8:51
205115,Lightning Charging Cable,1,5/17/2019 10:08
205116,34in Ultrawide Monitor,1,5/14/2019 12:39
205117,Wired Headphones,1,5/14/2019 11:47
205118,Bose SoundSport Headphones,1,5/23/2019 22:52
205119,AAA Batteries (4-pack),1,5/21/2019 12:47
205120,ThinkPad Laptop,1,5/8/2019 12:30
205121,Wired Headphones,1,5/13/2019 14:23
205122,AA Batteries (4-pack),1,5/14/2019 16:27
205123,AAA Batteries (4-pack),1,5/26/2019 21:38
205124,Apple Airpods Headphones,2,5/23/2019 15:47
205125,AA Batteries (4-pack),1,5/19/2019 13:19
205126,Lightning Charging Cable,1,5/14/2019 23:39
205127,27in FHD Monitor,1,5/14/2019 11:17
205128,Bose SoundSport Headphones,1,5/26/2019 7:41
205129,27in FHD Monitor,1,5/13/2019 19:38
205130,Lightning Charging Cable,1,5/8/2019 19:24
205131,iPhone,1,5/8/2019 8:43
205132,AAA Batteries (4-pack),1,5/1/2019 17:27
205133,Vareebadd Phone,1,5/10/2019 0:50
205134,AA Batteries (4-pack),2,5/20/2019 20:43
205135,USB-C Charging Cable,1,5/14/2019 19:36
205136,Lightning Charging Cable,1,5/19/2019 16:18
205137,27in FHD Monitor,1,5/14/2019 12:03
205138,Bose SoundSport Headphones,1,5/18/2019 20:33
205139,Wired Headphones,2,5/29/2019 22:09
205140,Apple Airpods Headphones,1,5/1/2019 13:50
205141,AA Batteries (4-pack),1,5/19/2019 16:55
205142,iPhone,1,5/18/2019 22:53
205142,Lightning Charging Cable,1,5/18/2019 22:53
205143,Google Phone,1,5/25/2019 14:49
205144,Google Phone,1,5/17/2019 11:46
205144,Wired Headphones,1,5/17/2019 11:46
205145,AAA Batteries (4-pack),1,5/1/2019 13:27
205146,AA Batteries (4-pack),1,5/3/2019 20:12
205147,Macbook Pro Laptop,1,5/19/2019 12:54
205148,AAA Batteries (4-pack),2,5/7/2019 21:34
205149,Wired Headphones,1,5/31/2019 20:45
205150,Wired Headphones,1,5/20/2019 8:48
205151,AA Batteries (4-pack),3,5/9/2019 18:18
205152,AA Batteries (4-pack),2,5/22/2019 15:06
205153,Lightning Charging Cable,1,5/8/2019 17:46
205154,Apple Airpods Headphones,1,5/13/2019 12:29
205155,USB-C Charging Cable,1,5/30/2019 23:47
205156,Lightning Charging Cable,1,5/11/2019 8:31
205157,Wired Headphones,1,5/12/2019 19:51
205158,Apple Airpods Headphones,1,5/22/2019 19:16
205159,20in Monitor,1,5/22/2019 19:27
205160,AAA Batteries (4-pack),1,5/11/2019 19:08
205161,Wired Headphones,1,5/17/2019 13:51
205162,AAA Batteries (4-pack),1,5/4/2019 8:52
205163,AAA Batteries (4-pack),2,5/5/2019 17:28
205164,Vareebadd Phone,1,5/29/2019 12:13
205165,AAA Batteries (4-pack),2,5/30/2019 19:22
205166,Lightning Charging Cable,2,5/26/2019 13:44
205167,Macbook Pro Laptop,1,5/12/2019 5:22
205167,Lightning Charging Cable,1,5/12/2019 5:22
205168,Lightning Charging Cable,2,5/28/2019 18:50
205169,Lightning Charging Cable,1,5/12/2019 20:44
205170,AAA Batteries (4-pack),1,5/31/2019 23:22
205171,Bose SoundSport Headphones,1,5/13/2019 6:07
205172,Flatscreen TV,1,5/27/2019 4:50
205173,Lightning Charging Cable,1,5/24/2019 8:03
205174,Wired Headphones,1,5/20/2019 16:09
205175,27in 4K Gaming Monitor,1,5/1/2019 16:40
205176,USB-C Charging Cable,1,5/10/2019 17:17
205177,ThinkPad Laptop,1,5/24/2019 19:26
205178,Lightning Charging Cable,1,5/19/2019 12:36
205179,27in 4K Gaming Monitor,1,5/15/2019 21:48
205180,USB-C Charging Cable,1,5/17/2019 14:38
205181,Apple Airpods Headphones,1,5/18/2019 13:38
205182,AAA Batteries (4-pack),2,5/16/2019 9:22
205183,27in FHD Monitor,1,5/28/2019 15:50
205184,AA Batteries (4-pack),1,5/9/2019 11:35
205185,Lightning Charging Cable,1,5/1/2019 12:00
205186,34in Ultrawide Monitor,1,5/27/2019 17:07
205187,AAA Batteries (4-pack),1,5/31/2019 10:28
205188,AA Batteries (4-pack),2,5/14/2019 13:45
205189,Lightning Charging Cable,1,5/12/2019 19:32
205190,USB-C Charging Cable,1,5/30/2019 20:45
205191,Lightning Charging Cable,2,5/19/2019 0:42
205192,Apple Airpods Headphones,1,5/20/2019 16:56
205193,Apple Airpods Headphones,1,5/26/2019 23:30
205194,Vareebadd Phone,1,5/3/2019 21:01
205194,Wired Headphones,1,5/3/2019 21:01
205195,AAA Batteries (4-pack),3,5/5/2019 12:14
205196,Lightning Charging Cable,1,5/15/2019 18:01
205197,USB-C Charging Cable,1,5/18/2019 9:48
205198,Lightning Charging Cable,2,5/12/2019 22:42
205199,Apple Airpods Headphones,1,5/14/2019 20:43
205200,Lightning Charging Cable,1,5/18/2019 10:42
205201,27in 4K Gaming Monitor,1,5/24/2019 11:20
205202,AA Batteries (4-pack),2,5/9/2019 11:59
205203,Wired Headphones,1,5/15/2019 20:56
205204,27in 4K Gaming Monitor,1,5/24/2019 10:29
205205,20in Monitor,1,5/29/2019 6:22
205206,Lightning Charging Cable,2,5/10/2019 21:23
205207,Apple Airpods Headphones,1,5/20/2019 14:09
205208,USB-C Charging Cable,1,5/18/2019 22:08
205209,Lightning Charging Cable,1,5/3/2019 12:12
205210,Macbook Pro Laptop,1,5/5/2019 12:12
205211,AA Batteries (4-pack),1,5/31/2019 13:16
205212,AA Batteries (4-pack),1,5/17/2019 20:03
205213,34in Ultrawide Monitor,1,5/4/2019 15:22
205214,AA Batteries (4-pack),1,5/12/2019 10:00
205215,Macbook Pro Laptop,1,5/24/2019 22:56
205216,Bose SoundSport Headphones,1,5/3/2019 19:21
205217,27in FHD Monitor,1,5/3/2019 23:30
205218,Wired Headphones,1,5/24/2019 10:57
205219,Wired Headphones,1,5/1/2019 3:53
205220,AAA Batteries (4-pack),2,5/12/2019 20:09
205221,Lightning Charging Cable,1,5/13/2019 1:47
205222,Wired Headphones,1,5/9/2019 6:28
205223,USB-C Charging Cable,1,5/27/2019 0:58
205224,Lightning Charging Cable,1,5/15/2019 20:40
205225,Wired Headphones,1,5/24/2019 11:08
205226,20in Monitor,1,5/18/2019 14:22
205227,Wired Headphones,1,5/26/2019 14:35
205228,Apple Airpods Headphones,1,5/8/2019 12:00
205229,AAA Batteries (4-pack),1,5/8/2019 23:25
205230,20in Monitor,1,5/16/2019 2:23
205231,Lightning Charging Cable,1,5/27/2019 21:22
205232,Macbook Pro Laptop,1,5/25/2019 17:07
205233,AAA Batteries (4-pack),1,5/30/2019 16:57
205234,Macbook Pro Laptop,1,5/13/2019 9:54
205235,34in Ultrawide Monitor,1,5/30/2019 17:54
205236,34in Ultrawide Monitor,1,5/24/2019 20:35
205237,AAA Batteries (4-pack),4,5/11/2019 12:52
205238,AAA Batteries (4-pack),1,5/5/2019 23:18
205239,AAA Batteries (4-pack),1,5/21/2019 20:48
205240,AAA Batteries (4-pack),1,5/24/2019 9:04
205241,Google Phone,1,5/12/2019 11:47
205242,Lightning Charging Cable,1,5/15/2019 22:22
205243,AA Batteries (4-pack),2,5/20/2019 0:46
205244,Google Phone,1,5/15/2019 19:17
205244,USB-C Charging Cable,1,5/15/2019 19:17
205245,Wired Headphones,1,5/13/2019 10:16
205246,ThinkPad Laptop,1,5/11/2019 13:59
205247,Wired Headphones,1,5/22/2019 18:40
205248,Google Phone,1,5/24/2019 0:06
205249,Flatscreen TV,1,5/30/2019 10:49
205250,27in 4K Gaming Monitor,1,5/29/2019 12:41
205251,34in Ultrawide Monitor,1,5/19/2019 18:39
205252,Bose SoundSport Headphones,1,5/25/2019 9:47
205253,Flatscreen TV,1,5/22/2019 18:41
205254,Lightning Charging Cable,1,5/19/2019 21:32
205255,Lightning Charging Cable,1,5/3/2019 17:40
205256,AAA Batteries (4-pack),5,5/5/2019 11:54
205257,Lightning Charging Cable,1,5/11/2019 22:21
205258,USB-C Charging Cable,1,5/23/2019 11:51
205259,AAA Batteries (4-pack),1,5/17/2019 19:54
205260,Apple Airpods Headphones,1,5/25/2019 13:38
205261,Apple Airpods Headphones,1,5/7/2019 16:37
205262,AA Batteries (4-pack),2,5/26/2019 18:06
205263,Apple Airpods Headphones,1,5/19/2019 11:19
205264,27in 4K Gaming Monitor,1,5/7/2019 12:44
205265,USB-C Charging Cable,1,5/31/2019 17:17
205266,Bose SoundSport Headphones,1,5/7/2019 9:31
205267,Macbook Pro Laptop,1,5/4/2019 13:22
205268,USB-C Charging Cable,1,5/6/2019 12:40
205269,Wired Headphones,1,5/19/2019 18:10
205270,Lightning Charging Cable,1,5/30/2019 14:38
205271,Google Phone,1,5/21/2019 13:26
205271,USB-C Charging Cable,1,5/21/2019 13:26
205271,Wired Headphones,1,5/21/2019 13:26
205272,Lightning Charging Cable,1,5/26/2019 23:36
205273,Apple Airpods Headphones,1,5/30/2019 7:02
205274,27in FHD Monitor,1,5/26/2019 9:28
205275,AAA Batteries (4-pack),1,5/16/2019 19:37
205276,Bose SoundSport Headphones,1,5/14/2019 18:42
205277,Bose SoundSport Headphones,1,5/10/2019 13:33
205278,34in Ultrawide Monitor,1,5/8/2019 18:08
205279,Macbook Pro Laptop,1,5/9/2019 16:13
205280,Macbook Pro Laptop,1,5/22/2019 0:44
205281,Lightning Charging Cable,2,5/23/2019 22:12
205282,AAA Batteries (4-pack),2,5/15/2019 6:26
205283,Bose SoundSport Headphones,1,5/23/2019 20:59
205284,Flatscreen TV,1,5/13/2019 15:36
205285,Wired Headphones,1,5/16/2019 11:44
205286,Lightning Charging Cable,1,5/12/2019 17:44
205287,Vareebadd Phone,1,5/26/2019 21:04
205288,AAA Batteries (4-pack),2,5/21/2019 12:01
205289,27in 4K Gaming Monitor,1,5/5/2019 21:46
205290,USB-C Charging Cable,1,5/12/2019 13:20
205291,iPhone,1,5/19/2019 11:34
205292,iPhone,1,5/5/2019 15:23
205293,USB-C Charging Cable,1,5/22/2019 9:02
205294,Bose SoundSport Headphones,1,5/23/2019 21:11
205295,AAA Batteries (4-pack),1,5/9/2019 17:20
205296,Apple Airpods Headphones,1,5/22/2019 20:18
205297,20in Monitor,1,5/20/2019 10:15
205298,Lightning Charging Cable,1,5/2/2019 0:09
205299,Wired Headphones,1,5/18/2019 10:06
205300,34in Ultrawide Monitor,1,5/31/2019 9:07
205301,AA Batteries (4-pack),2,5/30/2019 20:19
205302,Google Phone,1,5/7/2019 18:37
205302,USB-C Charging Cable,1,5/7/2019 18:37
205302,Bose SoundSport Headphones,1,5/7/2019 18:37
205303,Apple Airpods Headphones,1,5/14/2019 13:51
205304,AA Batteries (4-pack),1,5/7/2019 17:12
205305,Wired Headphones,1,5/12/2019 12:11
205306,AAA Batteries (4-pack),2,5/12/2019 20:55
205307,AAA Batteries (4-pack),1,5/13/2019 10:54
205308,Flatscreen TV,1,5/12/2019 23:38
205309,AAA Batteries (4-pack),1,5/17/2019 15:44
205310,Wired Headphones,1,5/28/2019 18:06
205311,Wired Headphones,1,5/29/2019 18:23
205312,Wired Headphones,1,5/7/2019 18:57
205313,Macbook Pro Laptop,1,5/28/2019 22:32
205314,Bose SoundSport Headphones,1,5/26/2019 12:08
205315,AA Batteries (4-pack),1,5/14/2019 21:35
205316,27in FHD Monitor,1,5/25/2019 10:37
205317,AA Batteries (4-pack),1,5/15/2019 22:38
205318,AAA Batteries (4-pack),4,5/6/2019 13:10
205319,ThinkPad Laptop,1,5/24/2019 9:01
205320,AA Batteries (4-pack),1,5/30/2019 15:22
205321,Apple Airpods Headphones,1,5/4/2019 14:27
205322,Wired Headphones,1,5/25/2019 19:02
205323,Apple Airpods Headphones,1,5/7/2019 14:17
205324,Bose SoundSport Headphones,1,5/15/2019 8:32
205325,AA Batteries (4-pack),4,5/16/2019 22:34
205326,27in FHD Monitor,1,5/18/2019 19:13
205327,Lightning Charging Cable,1,5/31/2019 18:57
205328,USB-C Charging Cable,1,5/11/2019 17:16
205329,USB-C Charging Cable,1,5/24/2019 21:26
205330,USB-C Charging Cable,1,5/14/2019 21:02
205331,Wired Headphones,1,5/28/2019 18:52
205332,Lightning Charging Cable,1,5/2/2019 11:01
205333,27in FHD Monitor,1,5/12/2019 15:21
205334,Macbook Pro Laptop,1,5/29/2019 19:01
205335,Flatscreen TV,1,5/19/2019 16:20
205336,Flatscreen TV,1,5/21/2019 11:46
205337,27in FHD Monitor,1,5/13/2019 14:20
205338,Apple Airpods Headphones,1,5/3/2019 22:35
205339,Apple Airpods Headphones,1,5/10/2019 13:27
205340,Lightning Charging Cable,1,5/29/2019 17:25
205341,27in 4K Gaming Monitor,1,5/1/2019 12:45
205342,34in Ultrawide Monitor,1,5/29/2019 19:45
205343,27in FHD Monitor,1,5/13/2019 10:48
205344,AA Batteries (4-pack),1,5/9/2019 12:29
205345,Wired Headphones,1,5/10/2019 22:10
205346,Google Phone,1,5/23/2019 13:44
205347,Google Phone,1,5/9/2019 15:11
205348,27in 4K Gaming Monitor,1,5/30/2019 20:27
205349,Lightning Charging Cable,1,5/15/2019 16:09
205350,iPhone,1,5/23/2019 14:18
205351,USB-C Charging Cable,1,5/24/2019 23:10
205352,USB-C Charging Cable,1,5/31/2019 16:35
205353,USB-C Charging Cable,2,5/5/2019 6:19
205354,34in Ultrawide Monitor,1,5/13/2019 15:50
205355,USB-C Charging Cable,1,5/21/2019 15:53
205356,ThinkPad Laptop,1,5/17/2019 12:17
205357,Lightning Charging Cable,1,5/9/2019 14:41
205358,Wired Headphones,1,5/12/2019 7:49
205359,Apple Airpods Headphones,1,5/20/2019 21:19
205360,Apple Airpods Headphones,1,5/3/2019 15:43
205361,Lightning Charging Cable,1,5/25/2019 21:28
205362,Lightning Charging Cable,1,5/8/2019 13:32
205363,Lightning Charging Cable,2,5/4/2019 15:05
205364,iPhone,1,5/28/2019 10:32
205365,iPhone,1,5/19/2019 17:19
205365,Lightning Charging Cable,1,5/19/2019 17:19
205366,Lightning Charging Cable,1,5/23/2019 13:50
205367,Apple Airpods Headphones,1,5/27/2019 12:39
205368,AA Batteries (4-pack),1,5/21/2019 9:32
205369,AA Batteries (4-pack),1,5/10/2019 13:50
205370,AAA Batteries (4-pack),1,5/3/2019 7:37
205371,34in Ultrawide Monitor,1,5/7/2019 10:21
205372,Wired Headphones,1,5/26/2019 12:24
205373,Lightning Charging Cable,1,5/20/2019 17:14
205374,AAA Batteries (4-pack),2,5/30/2019 10:09
205375,Lightning Charging Cable,1,5/15/2019 13:10
205376,Google Phone,1,5/12/2019 9:39
205377,Apple Airpods Headphones,1,5/23/2019 21:19
205378,34in Ultrawide Monitor,1,5/24/2019 10:29
205379,20in Monitor,1,5/7/2019 19:10
205380,20in Monitor,1,5/10/2019 10:10
205381,LG Dryer,1,5/2/2019 11:52
205382,AA Batteries (4-pack),2,5/30/2019 13:44
205383,USB-C Charging Cable,1,5/21/2019 19:04
205384,Lightning Charging Cable,1,5/20/2019 11:41
205385,20in Monitor,1,5/12/2019 13:52
205386,Macbook Pro Laptop,1,5/9/2019 16:00
205387,AA Batteries (4-pack),1,5/31/2019 14:49
205388,Google Phone,1,5/5/2019 20:56
205389,AA Batteries (4-pack),1,5/17/2019 13:54
205390,AA Batteries (4-pack),1,5/19/2019 12:56
205391,Apple Airpods Headphones,1,5/8/2019 21:13
,,,
205392,Lightning Charging Cable,1,5/14/2019 9:41
205393,USB-C Charging Cable,1,5/16/2019 7:41
205394,AA Batteries (4-pack),1,5/10/2019 11:30
205395,Apple Airpods Headphones,1,5/16/2019 14:53
205396,Google Phone,1,5/28/2019 9:01
205397,Google Phone,1,5/2/2019 13:27
205397,Wired Headphones,1,5/2/2019 13:27
205397,AA Batteries (4-pack),3,5/2/2019 13:27
205398,27in 4K Gaming Monitor,1,5/21/2019 14:34
205399,Apple Airpods Headphones,1,5/2/2019 20:39
205400,USB-C Charging Cable,1,5/30/2019 19:52
205401,Macbook Pro Laptop,1,5/18/2019 8:14
205402,Lightning Charging Cable,1,5/31/2019 18:48
205403,Bose SoundSport Headphones,1,5/19/2019 11:02
205404,AAA Batteries (4-pack),1,5/27/2019 5:03
205405,AA Batteries (4-pack),1,5/14/2019 15:24
205406,Lightning Charging Cable,1,5/22/2019 16:40
205407,Lightning Charging Cable,1,5/24/2019 18:09
205408,iPhone,1,5/8/2019 15:37
205409,Bose SoundSport Headphones,1,5/21/2019 20:24
205410,Google Phone,1,5/2/2019 4:31
205411,Google Phone,1,5/18/2019 22:03
205412,AA Batteries (4-pack),1,5/3/2019 6:16
205413,LG Washing Machine,1,5/2/2019 21:35
205414,Flatscreen TV,1,5/9/2019 18:44
205414,Google Phone,1,5/9/2019 18:44
205415,USB-C Charging Cable,2,5/29/2019 19:55
205416,27in FHD Monitor,1,5/10/2019 21:49
205417,27in 4K Gaming Monitor,1,5/2/2019 19:46
205418,Lightning Charging Cable,1,5/15/2019 15:25
205419,Lightning Charging Cable,1,5/18/2019 19:10
205420,AAA Batteries (4-pack),3,5/17/2019 10:27
205421,LG Dryer,1,5/22/2019 12:49
205422,Wired Headphones,1,5/5/2019 0:28
205423,20in Monitor,1,5/20/2019 13:51
205424,Apple Airpods Headphones,1,5/28/2019 18:02
205425,USB-C Charging Cable,2,5/30/2019 18:51
205426,AA Batteries (4-pack),2,5/12/2019 20:25
205427,AA Batteries (4-pack),1,5/4/2019 9:57
205428,AAA Batteries (4-pack),1,5/9/2019 12:40
205429,USB-C Charging Cable,1,5/31/2019 13:54
205430,Lightning Charging Cable,1,5/22/2019 8:54
205431,Apple Airpods Headphones,1,5/23/2019 0:02
205432,Lightning Charging Cable,1,5/30/2019 21:31
205433,Flatscreen TV,1,5/13/2019 11:53
205434,Bose SoundSport Headphones,1,5/8/2019 7:00
205435,Google Phone,1,5/22/2019 1:34
205435,USB-C Charging Cable,1,5/22/2019 1:34
205436,USB-C Charging Cable,1,5/16/2019 21:03
205437,Lightning Charging Cable,1,5/1/2019 15:48
205438,AAA Batteries (4-pack),1,5/15/2019 9:31
205439,iPhone,1,5/24/2019 21:23
205440,27in FHD Monitor,1,5/4/2019 15:16
205441,Apple Airpods Headphones,1,5/7/2019 22:01
205442,AAA Batteries (4-pack),1,5/14/2019 10:09
205443,Google Phone,1,5/30/2019 13:30
205444,iPhone,1,5/17/2019 1:05
205445,Lightning Charging Cable,1,5/7/2019 10:00
205446,AA Batteries (4-pack),1,5/11/2019 12:49
205447,iPhone,1,5/18/2019 14:43
205448,AAA Batteries (4-pack),1,5/19/2019 19:28
205449,Wired Headphones,1,5/23/2019 17:01
205450,ThinkPad Laptop,1,5/5/2019 19:48
205451,Lightning Charging Cable,1,5/22/2019 14:45
205452,Flatscreen TV,1,5/17/2019 13:41
205453,Bose SoundSport Headphones,1,5/13/2019 19:13
205454,Wired Headphones,1,5/15/2019 13:13
205455,LG Washing Machine,1,5/31/2019 19:42
205456,Flatscreen TV,1,5/6/2019 22:23
205457,AA Batteries (4-pack),1,5/9/2019 17:35
205458,ThinkPad Laptop,1,5/23/2019 14:15
205459,Apple Airpods Headphones,1,5/6/2019 16:14
205460,Apple Airpods Headphones,1,5/22/2019 11:54
205461,Lightning Charging Cable,1,5/7/2019 21:17
205462,AA Batteries (4-pack),1,5/26/2019 22:27
205463,AAA Batteries (4-pack),1,5/8/2019 21:17
205464,Google Phone,1,5/19/2019 22:47
205465,USB-C Charging Cable,1,5/10/2019 11:35
205466,Bose SoundSport Headphones,1,5/11/2019 19:54
205467,AAA Batteries (4-pack),2,5/24/2019 12:33
205468,Bose SoundSport Headphones,1,5/10/2019 15:29
205469,Lightning Charging Cable,1,5/28/2019 3:40
205470,AAA Batteries (4-pack),4,5/20/2019 9:25
205471,Bose SoundSport Headphones,1,5/10/2019 10:45
205472,Bose SoundSport Headphones,1,5/13/2019 21:16
205473,27in FHD Monitor,1,5/30/2019 8:59
205474,Bose SoundSport Headphones,1,5/30/2019 21:32
205475,Bose SoundSport Headphones,1,5/18/2019 21:16
205476,USB-C Charging Cable,1,5/4/2019 21:09
205477,Bose SoundSport Headphones,1,5/12/2019 10:18
205478,Vareebadd Phone,1,5/24/2019 13:42
205479,Lightning Charging Cable,2,5/5/2019 10:51
205480,AAA Batteries (4-pack),1,5/26/2019 23:05
205481,Apple Airpods Headphones,1,5/25/2019 13:08
205482,34in Ultrawide Monitor,1,5/6/2019 22:50
205483,Bose SoundSport Headphones,1,5/23/2019 11:48
205484,27in FHD Monitor,1,5/11/2019 12:09
205485,Lightning Charging Cable,1,5/12/2019 12:01
205486,AA Batteries (4-pack),1,5/25/2019 12:01
205487,AAA Batteries (4-pack),1,5/26/2019 16:01
205488,AA Batteries (4-pack),2,5/19/2019 12:07
205489,iPhone,1,5/25/2019 12:49
205490,34in Ultrawide Monitor,1,5/24/2019 14:40
205491,Apple Airpods Headphones,1,5/15/2019 13:23
205491,Flatscreen TV,1,5/15/2019 13:23
205492,AAA Batteries (4-pack),1,5/26/2019 7:47
205493,USB-C Charging Cable,1,5/8/2019 20:06
205494,AA Batteries (4-pack),2,5/20/2019 15:10
205495,AA Batteries (4-pack),1,5/4/2019 10:48
205496,USB-C Charging Cable,1,5/16/2019 21:21
205497,USB-C Charging Cable,1,5/17/2019 10:15
205498,USB-C Charging Cable,1,5/4/2019 11:29
205499,Flatscreen TV,1,5/5/2019 11:40
205500,AAA Batteries (4-pack),2,5/3/2019 15:23
205501,AAA Batteries (4-pack),2,5/11/2019 9:54
205502,AAA Batteries (4-pack),3,5/20/2019 22:33
205503,iPhone,1,5/25/2019 16:15
205503,Apple Airpods Headphones,1,5/25/2019 16:15
205504,AA Batteries (4-pack),1,5/30/2019 17:50
205505,ThinkPad Laptop,1,5/2/2019 20:34
205506,iPhone,1,5/16/2019 9:20
205507,27in FHD Monitor,1,5/12/2019 4:44
205508,AAA Batteries (4-pack),1,5/29/2019 16:48
205509,AA Batteries (4-pack),1,5/6/2019 22:44
205510,USB-C Charging Cable,1,5/5/2019 19:13
205511,Macbook Pro Laptop,1,5/4/2019 10:37
205512,AA Batteries (4-pack),1,5/7/2019 8:53
205513,AAA Batteries (4-pack),1,5/31/2019 9:33
205514,USB-C Charging Cable,1,5/12/2019 12:05
205515,AAA Batteries (4-pack),2,5/5/2019 11:40
205516,USB-C Charging Cable,1,5/5/2019 7:44
205517,AA Batteries (4-pack),1,5/16/2019 20:08
205518,27in FHD Monitor,1,5/20/2019 21:56
205519,AA Batteries (4-pack),1,5/27/2019 9:59
205520,20in Monitor,1,5/5/2019 18:38
205521,AA Batteries (4-pack),1,5/9/2019 15:46
205522,Google Phone,1,5/27/2019 2:29
205523,AAA Batteries (4-pack),2,5/22/2019 20:05
205524,Lightning Charging Cable,1,5/8/2019 15:38
205525,AA Batteries (4-pack),1,5/22/2019 12:36
205526,27in FHD Monitor,1,5/26/2019 18:57
205527,34in Ultrawide Monitor,1,5/26/2019 11:09
205528,USB-C Charging Cable,1,5/24/2019 13:15
205529,Vareebadd Phone,1,5/20/2019 9:00
205529,USB-C Charging Cable,1,5/20/2019 9:00
205529,Wired Headphones,1,5/20/2019 9:00
205530,Macbook Pro Laptop,1,5/3/2019 17:58
205531,Bose SoundSport Headphones,1,5/11/2019 2:13
205532,34in Ultrawide Monitor,1,5/21/2019 13:09
205532,Lightning Charging Cable,1,5/21/2019 13:09
205533,ThinkPad Laptop,1,5/11/2019 10:27
205534,Bose SoundSport Headphones,1,5/8/2019 16:24
205535,Lightning Charging Cable,1,5/2/2019 13:31
205536,Bose SoundSport Headphones,1,5/29/2019 17:44
205537,Wired Headphones,2,5/8/2019 14:39
205538,AAA Batteries (4-pack),1,5/15/2019 18:20
205539,AAA Batteries (4-pack),2,5/28/2019 10:36
205540,AAA Batteries (4-pack),1,5/5/2019 18:25
205541,20in Monitor,1,5/10/2019 20:58
205542,USB-C Charging Cable,1,5/20/2019 23:16
205543,AA Batteries (4-pack),1,5/1/2019 22:45
205544,20in Monitor,1,5/19/2019 0:30
205545,Apple Airpods Headphones,1,5/16/2019 17:29
205546,34in Ultrawide Monitor,1,5/10/2019 10:00
205547,20in Monitor,1,5/7/2019 12:07
205548,AAA Batteries (4-pack),3,5/5/2019 20:51
205549,AAA Batteries (4-pack),1,5/27/2019 19:13
205550,AAA Batteries (4-pack),2,5/28/2019 19:05
205551,Lightning Charging Cable,1,5/14/2019 22:01
205552,AAA Batteries (4-pack),4,5/11/2019 11:07
205553,Apple Airpods Headphones,1,5/4/2019 12:34
205554,Apple Airpods Headphones,1,5/19/2019 18:06
205555,AA Batteries (4-pack),1,5/11/2019 13:14
205556,Macbook Pro Laptop,1,5/17/2019 22:18
205557,Bose SoundSport Headphones,1,5/24/2019 19:23
205558,Lightning Charging Cable,1,5/5/2019 1:16
205559,27in FHD Monitor,1,5/11/2019 11:08
205560,USB-C Charging Cable,1,5/29/2019 13:20
205561,AAA Batteries (4-pack),1,5/29/2019 0:10
205562,Google Phone,1,5/20/2019 8:46
205563,34in Ultrawide Monitor,1,5/29/2019 10:59
205564,Apple Airpods Headphones,1,5/21/2019 17:23
205565,AAA Batteries (4-pack),3,5/24/2019 12:53
205566,AA Batteries (4-pack),1,5/23/2019 21:37
205567,27in FHD Monitor,1,5/12/2019 14:01
205568,AAA Batteries (4-pack),1,5/30/2019 12:03
205569,AA Batteries (4-pack),1,5/7/2019 2:24
205570,Wired Headphones,1,5/14/2019 20:43
205571,AA Batteries (4-pack),1,5/11/2019 12:04
205572,Macbook Pro Laptop,1,5/3/2019 15:04
205573,USB-C Charging Cable,3,5/25/2019 19:08
205574,Apple Airpods Headphones,1,5/15/2019 22:57
205575,Flatscreen TV,1,5/13/2019 11:48
205576,Vareebadd Phone,1,5/26/2019 7:49
205577,AA Batteries (4-pack),1,5/31/2019 7:33
205578,ThinkPad Laptop,1,5/6/2019 13:18
205579,AA Batteries (4-pack),1,5/16/2019 6:17
205580,Apple Airpods Headphones,1,5/7/2019 9:49
205581,Bose SoundSport Headphones,1,5/30/2019 20:16
205582,Wired Headphones,1,5/29/2019 9:35
205582,iPhone,1,5/29/2019 9:35
205583,AAA Batteries (4-pack),1,5/21/2019 5:14
205584,Bose SoundSport Headphones,1,5/5/2019 14:34
205585,ThinkPad Laptop,1,5/12/2019 11:38
205586,34in Ultrawide Monitor,1,5/18/2019 22:30
205587,Flatscreen TV,1,5/26/2019 17:39
205588,Apple Airpods Headphones,1,5/15/2019 15:24
205589,Google Phone,1,5/28/2019 8:45
205589,USB-C Charging Cable,1,5/28/2019 8:45
205590,Apple Airpods Headphones,1,5/14/2019 19:21
205591,Lightning Charging Cable,1,5/30/2019 11:04
205592,27in FHD Monitor,1,5/2/2019 13:44
205593,iPhone,1,5/10/2019 10:20
205594,AA Batteries (4-pack),1,5/14/2019 17:20
205595,AA Batteries (4-pack),1,5/12/2019 21:29
205596,Wired Headphones,2,5/21/2019 14:05
205597,AAA Batteries (4-pack),1,5/9/2019 21:34
205598,AA Batteries (4-pack),1,5/17/2019 18:21
205599,USB-C Charging Cable,1,5/5/2019 15:47
205600,AA Batteries (4-pack),1,5/22/2019 12:05
205601,27in FHD Monitor,1,5/21/2019 11:33
205602,iPhone,1,5/13/2019 11:55
205603,AA Batteries (4-pack),1,5/8/2019 15:41
205604,Wired Headphones,1,5/12/2019 9:20
205605,27in FHD Monitor,1,5/31/2019 14:11
205606,20in Monitor,1,5/16/2019 18:08
205607,AA Batteries (4-pack),2,5/25/2019 21:52
205607,AA Batteries (4-pack),1,5/25/2019 21:52
205608,AAA Batteries (4-pack),2,5/13/2019 11:46
205609,Bose SoundSport Headphones,1,5/15/2019 14:55
205610,USB-C Charging Cable,1,5/14/2019 9:06
205611,Bose SoundSport Headphones,1,5/1/2019 23:03
205612,AA Batteries (4-pack),1,5/20/2019 14:05
205613,Lightning Charging Cable,1,5/24/2019 20:58
205614,LG Washing Machine,1,5/4/2019 0:53
205615,AA Batteries (4-pack),1,5/19/2019 16:22
205616,AA Batteries (4-pack),3,5/13/2019 11:38
205617,iPhone,1,5/30/2019 15:35
205618,Bose SoundSport Headphones,1,5/16/2019 18:47
205619,34in Ultrawide Monitor,1,6/1/2019 3:22
205620,Lightning Charging Cable,1,5/1/2019 20:55
205621,Bose SoundSport Headphones,1,5/26/2019 17:52
205622,Apple Airpods Headphones,1,5/16/2019 14:52
205623,AA Batteries (4-pack),1,5/1/2019 14:41
205624,LG Washing Machine,1,5/3/2019 21:07
205625,AA Batteries (4-pack),2,5/2/2019 15:01
205626,Apple Airpods Headphones,1,5/2/2019 13:57
205627,Bose SoundSport Headphones,1,5/10/2019 14:28
205628,Wired Headphones,1,5/12/2019 10:59
205629,AAA Batteries (4-pack),1,5/21/2019 20:00
205630,ThinkPad Laptop,1,5/14/2019 22:54
205631,34in Ultrawide Monitor,1,5/1/2019 12:04
205632,USB-C Charging Cable,1,5/28/2019 21:28
205633,Google Phone,1,5/9/2019 17:32
205634,ThinkPad Laptop,1,5/22/2019 4:37
205635,ThinkPad Laptop,1,5/22/2019 17:28
205636,Apple Airpods Headphones,1,5/14/2019 23:48
205637,AA Batteries (4-pack),1,5/29/2019 10:55
205638,Lightning Charging Cable,1,5/17/2019 1:10
205639,Lightning Charging Cable,1,5/18/2019 13:43
205640,AA Batteries (4-pack),1,5/5/2019 14:36
205641,Macbook Pro Laptop,1,5/5/2019 22:04
205642,Bose SoundSport Headphones,1,5/11/2019 8:37
205643,USB-C Charging Cable,1,5/19/2019 20:32
205644,Macbook Pro Laptop,1,5/1/2019 15:48
205645,Bose SoundSport Headphones,1,5/16/2019 14:56
205646,USB-C Charging Cable,1,5/16/2019 17:15
205647,Wired Headphones,1,5/22/2019 0:23
205648,Apple Airpods Headphones,1,5/6/2019 20:16
205649,Vareebadd Phone,1,5/13/2019 18:51
205650,Wired Headphones,1,5/12/2019 13:09
205651,USB-C Charging Cable,1,5/5/2019 12:58
205652,Apple Airpods Headphones,1,5/16/2019 11:48
205653,USB-C Charging Cable,1,5/3/2019 10:06
205654,Lightning Charging Cable,1,5/6/2019 20:50
205655,27in 4K Gaming Monitor,1,5/19/2019 9:34
205656,AAA Batteries (4-pack),1,5/24/2019 17:54
205657,34in Ultrawide Monitor,1,5/20/2019 19:42
205658,Bose SoundSport Headphones,1,5/25/2019 20:29
205659,Lightning Charging Cable,1,5/18/2019 14:41
205660,34in Ultrawide Monitor,1,5/23/2019 11:27
205661,27in FHD Monitor,1,5/9/2019 9:05
205662,34in Ultrawide Monitor,1,5/22/2019 19:12
205663,Macbook Pro Laptop,1,5/27/2019 18:02
205664,Bose SoundSport Headphones,1,5/2/2019 20:11
205665,27in 4K Gaming Monitor,1,5/13/2019 9:58
205666,Bose SoundSport Headphones,1,5/12/2019 11:17
205667,27in 4K Gaming Monitor,1,5/26/2019 20:11
205667,USB-C Charging Cable,1,5/26/2019 20:11
205668,USB-C Charging Cable,1,5/8/2019 21:27
205669,AA Batteries (4-pack),1,5/16/2019 8:28
205670,AA Batteries (4-pack),1,5/7/2019 10:30
205671,Lightning Charging Cable,1,5/24/2019 23:14
205672,27in 4K Gaming Monitor,1,5/12/2019 1:20
205673,AA Batteries (4-pack),2,5/18/2019 10:57
205674,Lightning Charging Cable,1,5/2/2019 17:09
205675,Lightning Charging Cable,1,5/5/2019 13:20
205676,Flatscreen TV,1,5/22/2019 16:32
205677,LG Dryer,1,5/18/2019 19:21
205678,AA Batteries (4-pack),3,5/3/2019 22:02
205678,iPhone,1,5/3/2019 22:02
205679,AA Batteries (4-pack),1,5/21/2019 13:18
205680,Bose SoundSport Headphones,1,5/27/2019 10:40
205681,Google Phone,1,5/24/2019 7:10
205682,Flatscreen TV,1,5/28/2019 20:08
205683,AA Batteries (4-pack),1,5/22/2019 21:58
205684,Google Phone,1,5/5/2019 18:13
205685,Vareebadd Phone,1,5/26/2019 0:14
205686,27in 4K Gaming Monitor,1,5/12/2019 14:43
205687,Bose SoundSport Headphones,1,5/23/2019 12:34
205688,Macbook Pro Laptop,1,5/22/2019 8:15
205689,Lightning Charging Cable,1,5/9/2019 17:28
205690,Wired Headphones,1,5/5/2019 20:05
205691,AA Batteries (4-pack),2,5/19/2019 20:25
205692,AA Batteries (4-pack),3,5/7/2019 15:49
205693,USB-C Charging Cable,1,5/22/2019 9:22
205694,AAA Batteries (4-pack),1,5/9/2019 1:27
205695,Apple Airpods Headphones,1,5/11/2019 21:19
205696,Bose SoundSport Headphones,1,5/14/2019 18:56
205697,AA Batteries (4-pack),1,5/28/2019 11:03
205698,USB-C Charging Cable,1,5/8/2019 15:05
205699,AA Batteries (4-pack),1,5/25/2019 13:55
205700,AAA Batteries (4-pack),3,5/10/2019 20:31
205701,Wired Headphones,1,5/23/2019 19:33
205702,Apple Airpods Headphones,1,5/3/2019 18:14
205702,Wired Headphones,1,5/3/2019 18:14
205703,AA Batteries (4-pack),1,5/25/2019 16:32
205704,ThinkPad Laptop,1,5/1/2019 18:04
205704,AAA Batteries (4-pack),1,5/1/2019 18:04
205705,iPhone,1,5/16/2019 17:55
205705,Lightning Charging Cable,1,5/16/2019 17:55
205706,Macbook Pro Laptop,1,5/28/2019 18:53
205707,Bose SoundSport Headphones,1,5/31/2019 16:46
205708,Lightning Charging Cable,1,5/23/2019 7:52
205709,20in Monitor,1,5/18/2019 21:25
205710,Lightning Charging Cable,1,5/25/2019 9:51
205711,AAA Batteries (4-pack),1,5/27/2019 12:22
205712,Google Phone,1,5/27/2019 13:53
205712,USB-C Charging Cable,1,5/27/2019 13:53
205713,Wired Headphones,1,5/4/2019 23:17
205714,Bose SoundSport Headphones,1,5/14/2019 18:56
205715,20in Monitor,1,5/19/2019 12:38
205716,Bose SoundSport Headphones,1,5/29/2019 11:34
205717,USB-C Charging Cable,1,5/11/2019 8:15
205718,AAA Batteries (4-pack),4,5/28/2019 11:42
205719,AAA Batteries (4-pack),2,5/1/2019 21:06
205720,Lightning Charging Cable,1,5/4/2019 12:01
205721,Lightning Charging Cable,1,5/7/2019 0:54
205722,Lightning Charging Cable,1,5/12/2019 22:49
205723,34in Ultrawide Monitor,1,5/29/2019 8:17
205724,34in Ultrawide Monitor,1,5/12/2019 23:42
205725,USB-C Charging Cable,1,5/24/2019 13:36
205726,USB-C Charging Cable,1,5/27/2019 11:52
205727,USB-C Charging Cable,1,5/27/2019 16:11
205728,Vareebadd Phone,1,5/22/2019 18:11
205729,Macbook Pro Laptop,1,5/18/2019 11:47
205730,Apple Airpods Headphones,1,5/31/2019 18:45
205731,AAA Batteries (4-pack),2,5/7/2019 15:18
205732,20in Monitor,1,5/27/2019 18:08
205733,Google Phone,1,5/8/2019 14:14
205734,Wired Headphones,1,5/19/2019 21:44
205735,USB-C Charging Cable,1,5/17/2019 19:11
205736,AA Batteries (4-pack),1,5/26/2019 12:06
205737,Apple Airpods Headphones,1,5/14/2019 10:31
205738,Apple Airpods Headphones,1,5/12/2019 7:01
205739,Lightning Charging Cable,1,5/4/2019 16:06
205740,Apple Airpods Headphones,1,5/4/2019 21:25
205741,Macbook Pro Laptop,1,5/13/2019 16:48
205742,LG Dryer,1,5/17/2019 4:38
205743,27in FHD Monitor,1,5/18/2019 20:29
205744,AA Batteries (4-pack),1,5/2/2019 18:26
205745,Lightning Charging Cable,1,5/16/2019 13:20
205746,Bose SoundSport Headphones,1,5/11/2019 1:13
205747,Apple Airpods Headphones,1,5/12/2019 9:46
205748,USB-C Charging Cable,1,5/26/2019 11:44
205749,ThinkPad Laptop,1,5/3/2019 21:03
205750,AAA Batteries (4-pack),1,5/4/2019 17:44
205751,Bose SoundSport Headphones,1,5/2/2019 18:53
205752,Wired Headphones,1,5/10/2019 18:51
205753,AAA Batteries (4-pack),1,5/16/2019 12:31
205754,Lightning Charging Cable,1,5/20/2019 19:12
205755,USB-C Charging Cable,1,5/1/2019 12:18
205756,Wired Headphones,1,5/6/2019 21:02
205757,AAA Batteries (4-pack),2,5/10/2019 20:17
205758,20in Monitor,1,5/12/2019 20:39
205759,Lightning Charging Cable,1,5/30/2019 9:07
205760,Apple Airpods Headphones,1,5/6/2019 12:33
205761,AAA Batteries (4-pack),1,5/17/2019 16:34
205762,27in 4K Gaming Monitor,1,5/23/2019 14:27
205763,Macbook Pro Laptop,1,5/4/2019 9:45
205764,27in FHD Monitor,1,5/19/2019 16:07
205765,AA Batteries (4-pack),1,5/29/2019 17:10
205766,Lightning Charging Cable,1,5/3/2019 20:22
205766,Apple Airpods Headphones,1,5/3/2019 20:22
205767,Wired Headphones,1,5/15/2019 23:34
205768,USB-C Charging Cable,1,5/13/2019 20:04
205769,AAA Batteries (4-pack),3,5/12/2019 0:04
205770,iPhone,1,5/1/2019 12:22
205770,Wired Headphones,1,5/1/2019 12:22
205771,Lightning Charging Cable,1,5/15/2019 16:46
205772,Bose SoundSport Headphones,1,5/20/2019 20:50
205773,Apple Airpods Headphones,1,5/7/2019 21:04
205774,USB-C Charging Cable,1,5/15/2019 8:03
205775,AA Batteries (4-pack),3,5/30/2019 12:24
205776,USB-C Charging Cable,1,5/10/2019 0:58
205777,AAA Batteries (4-pack),3,5/25/2019 8:08
205778,Vareebadd Phone,1,5/9/2019 8:02
205778,USB-C Charging Cable,1,5/9/2019 8:02
205778,Bose SoundSport Headphones,1,5/9/2019 8:02
205779,USB-C Charging Cable,1,5/27/2019 19:35
205780,Lightning Charging Cable,1,5/26/2019 16:16
205781,Bose SoundSport Headphones,1,5/9/2019 8:38
205782,Lightning Charging Cable,1,5/18/2019 8:04
205783,Vareebadd Phone,1,5/12/2019 23:51
205783,USB-C Charging Cable,1,5/12/2019 23:51
205784,Wired Headphones,1,5/26/2019 17:37
205785,Wired Headphones,1,5/9/2019 20:25
205786,AAA Batteries (4-pack),2,5/25/2019 19:35
205787,20in Monitor,1,5/21/2019 13:15
205788,AAA Batteries (4-pack),1,5/23/2019 9:44
205789,USB-C Charging Cable,1,5/3/2019 14:08
205790,Wired Headphones,1,5/26/2019 12:04
205791,iPhone,1,5/29/2019 10:40
205791,Apple Airpods Headphones,1,5/29/2019 10:40
205792,27in FHD Monitor,1,5/8/2019 18:58
205793,USB-C Charging Cable,1,5/10/2019 19:01
205794,Apple Airpods Headphones,1,5/28/2019 15:52
205795,Wired Headphones,1,5/19/2019 8:39
205796,27in 4K Gaming Monitor,1,5/23/2019 21:30
205797,34in Ultrawide Monitor,1,5/10/2019 0:40
205798,USB-C Charging Cable,1,5/5/2019 13:48
205799,AA Batteries (4-pack),2,5/13/2019 18:26
205800,AAA Batteries (4-pack),1,5/10/2019 18:59
205801,AAA Batteries (4-pack),3,5/16/2019 14:59
205801,Apple Airpods Headphones,1,5/16/2019 14:59
205802,AAA Batteries (4-pack),3,5/31/2019 19:17
205803,iPhone,1,5/26/2019 21:28
205803,Lightning Charging Cable,1,5/26/2019 21:28
205804,USB-C Charging Cable,1,5/16/2019 9:55
205804,AAA Batteries (4-pack),1,5/16/2019 9:55
205805,Lightning Charging Cable,1,5/18/2019 21:43
205806,Lightning Charging Cable,1,5/16/2019 16:55
205807,27in FHD Monitor,1,5/2/2019 20:23
205808,27in 4K Gaming Monitor,1,5/1/2019 9:54
205809,Wired Headphones,1,5/10/2019 13:04
205810,Apple Airpods Headphones,1,5/12/2019 21:24
205811,Google Phone,1,5/26/2019 11:28
205812,AA Batteries (4-pack),1,5/6/2019 18:33
205813,Apple Airpods Headphones,1,5/29/2019 20:19
205814,iPhone,1,5/27/2019 2:19
205814,Wired Headphones,1,5/27/2019 2:19
205815,34in Ultrawide Monitor,1,5/8/2019 8:06
205816,Lightning Charging Cable,1,5/28/2019 10:48
205817,Apple Airpods Headphones,1,5/1/2019 21:22
205818,34in Ultrawide Monitor,1,5/2/2019 13:11
205819,Apple Airpods Headphones,1,5/10/2019 19:05
205820,34in Ultrawide Monitor,1,5/2/2019 12:09
205821,AA Batteries (4-pack),1,5/27/2019 22:48
205822,34in Ultrawide Monitor,1,5/18/2019 21:58
205823,20in Monitor,1,5/24/2019 21:30
205824,Lightning Charging Cable,1,5/22/2019 12:00
205825,Flatscreen TV,1,5/2/2019 9:39
205826,Apple Airpods Headphones,1,5/22/2019 16:11
205827,Macbook Pro Laptop,1,5/12/2019 17:47
205828,Wired Headphones,1,5/3/2019 23:28
205829,Lightning Charging Cable,1,5/16/2019 12:10
205830,AA Batteries (4-pack),1,5/15/2019 21:34
205831,20in Monitor,1,5/16/2019 10:16
205832,USB-C Charging Cable,1,5/21/2019 2:08
205833,AAA Batteries (4-pack),1,5/7/2019 12:27
205834,ThinkPad Laptop,1,5/3/2019 8:12
205835,LG Dryer,1,5/23/2019 17:18
205836,27in FHD Monitor,1,5/24/2019 15:33
205837,AAA Batteries (4-pack),2,5/21/2019 9:16
205838,Lightning Charging Cable,1,5/19/2019 14:39
205839,AA Batteries (4-pack),1,5/14/2019 11:13
205840,Wired Headphones,1,5/15/2019 16:23
205841,Wired Headphones,1,5/8/2019 0:19
205842,Lightning Charging Cable,1,5/6/2019 20:13
205843,AA Batteries (4-pack),1,5/5/2019 20:59
205844,Lightning Charging Cable,1,5/31/2019 14:00
205845,Apple Airpods Headphones,1,5/31/2019 17:31
205846,Wired Headphones,1,5/31/2019 12:58
205847,Lightning Charging Cable,1,5/12/2019 12:03
205848,Flatscreen TV,1,5/21/2019 23:44
205849,USB-C Charging Cable,1,5/4/2019 13:02
205850,AAA Batteries (4-pack),2,5/10/2019 6:05
205851,Apple Airpods Headphones,1,5/11/2019 13:58
205852,AA Batteries (4-pack),1,5/8/2019 14:24
205853,Wired Headphones,1,5/3/2019 21:29
205854,AAA Batteries (4-pack),3,5/16/2019 21:09
205855,Bose SoundSport Headphones,1,5/29/2019 12:42
205856,27in 4K Gaming Monitor,1,5/19/2019 21:02
205857,AA Batteries (4-pack),3,5/6/2019 17:24
205858,AAA Batteries (4-pack),1,5/20/2019 0:02
205859,USB-C Charging Cable,1,5/19/2019 15:22
205860,AAA Batteries (4-pack),1,5/19/2019 23:25
205861,USB-C Charging Cable,2,5/31/2019 17:34
205862,AAA Batteries (4-pack),1,5/5/2019 13:32
205863,AAA Batteries (4-pack),1,5/2/2019 23:36
205864,27in 4K Gaming Monitor,1,5/13/2019 13:17
205865,iPhone,1,5/2/2019 6:13
205865,Apple Airpods Headphones,1,5/2/2019 6:13
205866,27in FHD Monitor,1,5/31/2019 12:57
205867,iPhone,1,5/11/2019 22:49
205868,AAA Batteries (4-pack),2,5/19/2019 23:37
205869,Flatscreen TV,1,5/10/2019 14:37
205870,Wired Headphones,1,5/6/2019 19:03
205871,Wired Headphones,1,5/6/2019 19:50
205872,34in Ultrawide Monitor,1,5/9/2019 23:23
205873,AAA Batteries (4-pack),2,5/27/2019 20:13
205874,Bose SoundSport Headphones,1,5/31/2019 16:50
205875,Lightning Charging Cable,1,5/25/2019 15:57
205876,USB-C Charging Cable,1,5/18/2019 17:58
205877,USB-C Charging Cable,1,5/13/2019 16:46
205878,USB-C Charging Cable,1,5/13/2019 20:40
205879,Lightning Charging Cable,1,5/22/2019 19:18
205880,Apple Airpods Headphones,1,5/9/2019 20:02
205881,AAA Batteries (4-pack),2,5/26/2019 20:11
205882,Wired Headphones,1,5/26/2019 18:21
205883,Wired Headphones,1,5/23/2019 19:57
205884,Macbook Pro Laptop,1,5/29/2019 11:52
205885,Macbook Pro Laptop,1,5/8/2019 17:44
205886,Flatscreen TV,1,5/26/2019 11:51
205887,27in 4K Gaming Monitor,1,5/18/2019 11:02
205888,AAA Batteries (4-pack),1,5/23/2019 12:11
205889,34in Ultrawide Monitor,1,5/15/2019 22:50
205890,USB-C Charging Cable,1,5/20/2019 15:48
205891,AA Batteries (4-pack),1,5/2/2019 10:28
205892,AAA Batteries (4-pack),2,5/3/2019 18:57
205893,Apple Airpods Headphones,1,5/31/2019 15:27
205894,Bose SoundSport Headphones,1,5/23/2019 9:44
205895,Apple Airpods Headphones,1,5/21/2019 14:41
205896,USB-C Charging Cable,1,5/17/2019 9:33
205897,AA Batteries (4-pack),1,5/21/2019 0:02
205898,USB-C Charging Cable,1,5/18/2019 18:28
205899,20in Monitor,1,5/11/2019 19:40
205900,iPhone,1,5/20/2019 11:52
205901,AA Batteries (4-pack),1,5/5/2019 15:28
205902,USB-C Charging Cable,1,5/7/2019 0:45
205902,Vareebadd Phone,1,5/7/2019 0:45
205903,LG Dryer,1,5/13/2019 12:43
205904,Lightning Charging Cable,1,5/18/2019 21:25
205905,USB-C Charging Cable,1,5/29/2019 10:58
205906,Flatscreen TV,1,5/24/2019 14:16
205907,Wired Headphones,1,5/28/2019 18:12
205908,Lightning Charging Cable,1,5/2/2019 7:13
205909,27in 4K Gaming Monitor,1,5/21/2019 17:47
205910,Apple Airpods Headphones,1,5/14/2019 9:42
205911,20in Monitor,1,5/29/2019 17:10
205912,Lightning Charging Cable,1,5/5/2019 23:09
205913,Lightning Charging Cable,1,5/17/2019 20:25
205914,27in 4K Gaming Monitor,1,5/23/2019 19:11
205915,Wired Headphones,1,5/21/2019 23:21
205916,20in Monitor,1,5/16/2019 12:52
205917,Google Phone,1,5/17/2019 19:05
205918,USB-C Charging Cable,1,5/5/2019 20:50
205919,Wired Headphones,1,5/2/2019 9:47
205920,Apple Airpods Headphones,1,5/18/2019 9:54
205921,USB-C Charging Cable,1,5/10/2019 19:15
205922,Macbook Pro Laptop,1,5/13/2019 11:33
205923,Apple Airpods Headphones,1,5/4/2019 22:08
205923,Lightning Charging Cable,1,5/4/2019 22:08
205924,USB-C Charging Cable,1,5/19/2019 6:34
205925,USB-C Charging Cable,1,5/15/2019 7:13
205926,AAA Batteries (4-pack),1,5/8/2019 11:33
205927,Apple Airpods Headphones,1,5/7/2019 3:25
205928,AAA Batteries (4-pack),1,5/8/2019 12:48
205929,AAA Batteries (4-pack),1,5/1/2019 18:17
205930,USB-C Charging Cable,1,5/5/2019 13:09
205931,ThinkPad Laptop,1,5/24/2019 20:57
,,,
205932,27in 4K Gaming Monitor,1,5/30/2019 11:02
205933,Wired Headphones,1,5/3/2019 13:53
205934,Wired Headphones,1,5/12/2019 17:01
205935,AAA Batteries (4-pack),2,5/29/2019 8:35
205936,Wired Headphones,1,5/25/2019 11:05
205937,AA Batteries (4-pack),1,5/31/2019 12:20
205938,AAA Batteries (4-pack),1,5/24/2019 19:58
205939,Wired Headphones,1,5/28/2019 16:58
205940,ThinkPad Laptop,1,5/1/2019 8:51
205941,Wired Headphones,1,5/8/2019 13:58
205942,Apple Airpods Headphones,1,5/28/2019 19:54
205943,Apple Airpods Headphones,1,5/9/2019 7:16
205944,USB-C Charging Cable,2,5/18/2019 20:23
205945,34in Ultrawide Monitor,1,5/29/2019 18:34
205946,20in Monitor,1,5/11/2019 18:58
205947,Lightning Charging Cable,1,5/23/2019 18:45
205948,Apple Airpods Headphones,1,5/13/2019 18:10
205949,Lightning Charging Cable,2,5/16/2019 20:39
205950,AA Batteries (4-pack),1,5/28/2019 21:31
205951,27in FHD Monitor,1,5/19/2019 23:30
205952,USB-C Charging Cable,1,5/25/2019 19:10
205953,27in 4K Gaming Monitor,1,5/27/2019 23:08
205954,27in FHD Monitor,1,5/10/2019 16:26
205955,Wired Headphones,1,5/14/2019 7:19
205956,Wired Headphones,1,5/27/2019 19:49
205957,Wired Headphones,1,5/27/2019 20:16
205958,USB-C Charging Cable,1,5/29/2019 17:40
205959,AAA Batteries (4-pack),1,5/8/2019 0:19
205960,Google Phone,1,5/8/2019 16:41
205960,USB-C Charging Cable,1,5/8/2019 16:41
205961,USB-C Charging Cable,1,5/16/2019 19:26
205961,Lightning Charging Cable,1,5/16/2019 19:26
205962,USB-C Charging Cable,1,5/2/2019 18:10
205963,AA Batteries (4-pack),1,5/24/2019 20:17
205964,Apple Airpods Headphones,1,5/8/2019 23:34
205965,Wired Headphones,1,5/25/2019 7:14
205966,20in Monitor,1,5/21/2019 12:06
205967,USB-C Charging Cable,1,5/3/2019 13:09
205968,iPhone,1,5/9/2019 9:00
205968,Lightning Charging Cable,1,5/9/2019 9:00
205969,Lightning Charging Cable,1,5/14/2019 22:29
205970,Wired Headphones,1,5/27/2019 12:57
205971,27in FHD Monitor,1,5/29/2019 22:05
205972,Bose SoundSport Headphones,1,5/26/2019 0:10
205973,USB-C Charging Cable,1,5/9/2019 23:48
205974,USB-C Charging Cable,1,5/23/2019 21:44
205975,27in 4K Gaming Monitor,1,5/10/2019 18:12
205976,Lightning Charging Cable,1,5/30/2019 12:24
205977,Flatscreen TV,1,5/24/2019 9:42
205978,USB-C Charging Cable,1,5/4/2019 18:21
205979,AAA Batteries (4-pack),2,5/9/2019 11:18
205980,AA Batteries (4-pack),1,5/2/2019 1:01
205981,27in 4K Gaming Monitor,1,5/16/2019 22:24
205982,USB-C Charging Cable,1,5/14/2019 21:31
205983,Wired Headphones,1,5/8/2019 12:24
205984,Apple Airpods Headphones,1,5/30/2019 12:14
205985,USB-C Charging Cable,1,5/9/2019 20:06
205986,27in FHD Monitor,1,5/3/2019 20:21
205987,Lightning Charging Cable,1,5/24/2019 21:06
205988,AAA Batteries (4-pack),1,5/17/2019 9:20
205989,USB-C Charging Cable,1,5/25/2019 15:29
205990,Bose SoundSport Headphones,1,5/6/2019 6:24
205991,AA Batteries (4-pack),1,5/26/2019 0:20
205992,USB-C Charging Cable,1,5/15/2019 9:53
205993,ThinkPad Laptop,1,5/15/2019 1:14
205994,20in Monitor,1,5/11/2019 10:22
205995,USB-C Charging Cable,2,5/15/2019 15:01
205996,Bose SoundSport Headphones,1,5/28/2019 17:51
205997,AA Batteries (4-pack),3,5/27/2019 18:14
205998,AA Batteries (4-pack),1,5/1/2019 16:38
205999,Lightning Charging Cable,1,5/20/2019 12:18
206000,Bose SoundSport Headphones,1,5/16/2019 13:54
206001,iPhone,1,5/18/2019 17:52
206001,Apple Airpods Headphones,1,5/18/2019 17:52
206002,Wired Headphones,1,5/30/2019 19:02
206002,Bose SoundSport Headphones,1,5/30/2019 19:02
206003,AAA Batteries (4-pack),2,5/19/2019 20:28
206004,Lightning Charging Cable,1,5/30/2019 10:41
206005,USB-C Charging Cable,1,5/8/2019 19:56
206006,USB-C Charging Cable,2,5/11/2019 11:48
206007,AAA Batteries (4-pack),2,5/1/2019 14:49
206008,Wired Headphones,1,5/15/2019 13:50
206009,iPhone,1,5/27/2019 12:36
206009,Lightning Charging Cable,1,5/27/2019 12:36
206009,Wired Headphones,1,5/27/2019 12:36
206010,iPhone,1,5/22/2019 16:57
206011,Lightning Charging Cable,1,5/7/2019 13:58
206012,Lightning Charging Cable,1,5/24/2019 9:38
206013,34in Ultrawide Monitor,1,5/21/2019 20:31
206014,Wired Headphones,1,5/20/2019 18:08
206014,AAA Batteries (4-pack),2,5/20/2019 18:08
206015,AA Batteries (4-pack),1,5/6/2019 14:51
206016,USB-C Charging Cable,2,5/29/2019 9:23
206017,Lightning Charging Cable,1,5/8/2019 21:09
206018,Apple Airpods Headphones,1,5/16/2019 7:35
206019,Apple Airpods Headphones,1,5/2/2019 11:07
206020,20in Monitor,1,5/12/2019 2:44
206021,AA Batteries (4-pack),1,5/12/2019 9:25
206022,Bose SoundSport Headphones,1,5/1/2019 12:16
206023,34in Ultrawide Monitor,1,5/28/2019 17:56
206023,USB-C Charging Cable,1,5/28/2019 17:56
206024,USB-C Charging Cable,1,5/1/2019 15:23
206025,AA Batteries (4-pack),1,5/15/2019 20:16
206026,AA Batteries (4-pack),1,5/9/2019 17:45
206027,USB-C Charging Cable,1,5/23/2019 16:17
206028,Apple Airpods Headphones,1,5/5/2019 14:34
206029,AAA Batteries (4-pack),2,5/9/2019 22:40
206030,27in 4K Gaming Monitor,1,5/29/2019 20:21
206031,20in Monitor,1,5/14/2019 1:20
206032,AA Batteries (4-pack),2,5/21/2019 8:47
206033,AA Batteries (4-pack),2,5/24/2019 14:10
206034,AA Batteries (4-pack),1,5/22/2019 19:46
206035,Apple Airpods Headphones,1,5/19/2019 12:00
206036,Google Phone,1,5/23/2019 9:00
206037,Wired Headphones,1,5/3/2019 23:09
206038,USB-C Charging Cable,1,5/13/2019 19:37
206039,Apple Airpods Headphones,1,5/28/2019 17:15
206040,AA Batteries (4-pack),1,5/28/2019 16:11
206041,ThinkPad Laptop,1,5/5/2019 1:33
206042,Bose SoundSport Headphones,1,5/7/2019 11:59
206043,27in FHD Monitor,1,5/29/2019 10:08
206044,AAA Batteries (4-pack),2,5/28/2019 23:13
206045,AAA Batteries (4-pack),1,5/12/2019 18:07
206046,Lightning Charging Cable,1,5/23/2019 11:13
206047,USB-C Charging Cable,1,5/1/2019 13:32
206048,Apple Airpods Headphones,1,5/22/2019 17:32
206049,AAA Batteries (4-pack),1,5/31/2019 20:41
206050,USB-C Charging Cable,1,5/14/2019 21:18
206051,Lightning Charging Cable,1,5/12/2019 7:07
206052,AAA Batteries (4-pack),2,5/15/2019 10:08
206053,Wired Headphones,2,5/16/2019 17:39
206054,Wired Headphones,1,5/11/2019 19:13
206055,iPhone,1,5/25/2019 22:21
206056,Lightning Charging Cable,2,5/9/2019 11:52
206057,Lightning Charging Cable,1,5/7/2019 20:10
206058,34in Ultrawide Monitor,1,5/25/2019 21:37
206059,Lightning Charging Cable,1,5/7/2019 18:00
206060,27in FHD Monitor,1,5/4/2019 21:40
206061,Wired Headphones,2,5/16/2019 18:42
206062,AAA Batteries (4-pack),1,5/28/2019 17:31
206063,20in Monitor,1,5/6/2019 22:22
206064,Lightning Charging Cable,1,5/29/2019 16:59
206065,Lightning Charging Cable,2,5/23/2019 14:14
206066,Macbook Pro Laptop,1,5/17/2019 13:06
206067,AAA Batteries (4-pack),1,5/23/2019 21:17
206068,27in 4K Gaming Monitor,1,5/16/2019 3:40
206069,AAA Batteries (4-pack),1,5/14/2019 14:58
206070,Vareebadd Phone,1,5/15/2019 19:59
206071,Wired Headphones,1,5/6/2019 16:54
206072,Wired Headphones,1,5/2/2019 22:07
206073,AAA Batteries (4-pack),1,5/18/2019 6:40
206074,USB-C Charging Cable,2,5/21/2019 19:24
206075,Bose SoundSport Headphones,1,5/22/2019 19:48
206076,Lightning Charging Cable,1,5/20/2019 13:35
206077,Lightning Charging Cable,1,5/19/2019 9:12
206078,27in FHD Monitor,1,5/4/2019 22:11
206079,iPhone,1,5/3/2019 2:26
206079,Wired Headphones,1,5/3/2019 2:26
206080,AAA Batteries (4-pack),4,5/12/2019 12:21
206081,ThinkPad Laptop,1,5/12/2019 10:16
206082,AA Batteries (4-pack),1,5/8/2019 16:51
206083,Bose SoundSport Headphones,1,5/30/2019 12:23
206084,Wired Headphones,1,5/8/2019 13:54
206085,Apple Airpods Headphones,1,5/14/2019 12:40
206086,20in Monitor,1,5/11/2019 15:38
206087,Lightning Charging Cable,1,5/31/2019 13:03
206088,USB-C Charging Cable,1,5/8/2019 10:30
206089,AA Batteries (4-pack),1,5/27/2019 14:14
206090,Wired Headphones,1,5/25/2019 23:04
206091,USB-C Charging Cable,1,5/2/2019 13:21
206092,AA Batteries (4-pack),1,5/15/2019 18:20
206093,Lightning Charging Cable,2,5/12/2019 20:32
206094,Wired Headphones,2,5/14/2019 18:12
206095,Wired Headphones,1,5/23/2019 17:34
206096,Wired Headphones,2,5/31/2019 18:23
206097,iPhone,1,5/5/2019 10:00
206097,Lightning Charging Cable,1,5/5/2019 10:00
206097,Apple Airpods Headphones,1,5/5/2019 10:00
206098,Bose SoundSport Headphones,1,5/26/2019 8:42
206099,27in 4K Gaming Monitor,1,5/23/2019 20:10
206100,USB-C Charging Cable,1,5/28/2019 16:04
206101,ThinkPad Laptop,1,5/30/2019 10:50
206102,AA Batteries (4-pack),1,5/30/2019 15:43
206103,Wired Headphones,1,5/8/2019 17:04
206104,34in Ultrawide Monitor,1,5/9/2019 14:17
206105,Bose SoundSport Headphones,1,5/22/2019 16:02
206106,27in FHD Monitor,1,5/9/2019 21:51
206107,iPhone,1,5/21/2019 8:19
206108,AAA Batteries (4-pack),6,5/15/2019 15:56
206109,USB-C Charging Cable,2,5/24/2019 19:36
206110,Wired Headphones,1,5/20/2019 18:32
206111,AA Batteries (4-pack),1,5/27/2019 19:42
206112,Flatscreen TV,1,5/31/2019 12:22
206113,Wired Headphones,1,5/28/2019 13:21
206113,27in 4K Gaming Monitor,1,5/28/2019 13:21
206114,USB-C Charging Cable,1,5/14/2019 1:50
206115,Lightning Charging Cable,1,5/13/2019 9:30
206116,Apple Airpods Headphones,1,5/21/2019 7:23
206117,27in FHD Monitor,1,5/10/2019 22:09
206118,Lightning Charging Cable,2,5/20/2019 22:02
206119,Google Phone,1,5/11/2019 12:34
206120,AA Batteries (4-pack),1,5/14/2019 14:12
206121,Lightning Charging Cable,1,5/23/2019 8:49
206122,27in FHD Monitor,1,5/2/2019 11:48
206123,AAA Batteries (4-pack),1,5/5/2019 15:30
206124,20in Monitor,1,5/25/2019 17:09
206125,Lightning Charging Cable,1,5/8/2019 17:40
206126,27in FHD Monitor,1,5/16/2019 9:32
206127,USB-C Charging Cable,1,5/12/2019 11:33
206128,AA Batteries (4-pack),1,5/31/2019 1:56
206129,USB-C Charging Cable,1,5/6/2019 14:47
206130,Macbook Pro Laptop,1,5/1/2019 13:27
206131,Lightning Charging Cable,1,5/26/2019 11:23
206132,USB-C Charging Cable,1,5/10/2019 22:37
206133,Apple Airpods Headphones,1,5/18/2019 3:04
206134,Macbook Pro Laptop,1,5/23/2019 16:09
206135,34in Ultrawide Monitor,1,5/6/2019 21:09
206136,Apple Airpods Headphones,1,5/2/2019 14:52
206137,AA Batteries (4-pack),2,5/14/2019 20:37
206138,USB-C Charging Cable,1,5/18/2019 16:34
206139,USB-C Charging Cable,1,5/13/2019 18:02
206140,USB-C Charging Cable,1,5/4/2019 22:01
206141,USB-C Charging Cable,1,5/17/2019 12:47
206142,27in FHD Monitor,1,5/16/2019 13:40
206143,20in Monitor,1,5/27/2019 16:59
206144,Macbook Pro Laptop,1,5/15/2019 21:32
206145,AA Batteries (4-pack),1,5/30/2019 16:45
206146,AAA Batteries (4-pack),1,5/25/2019 16:33
206147,Lightning Charging Cable,1,5/31/2019 15:16
206148,AA Batteries (4-pack),1,5/8/2019 12:09
206149,Apple Airpods Headphones,1,5/3/2019 15:06
206150,Bose SoundSport Headphones,1,5/18/2019 16:36
206151,USB-C Charging Cable,1,5/2/2019 19:54
206152,AAA Batteries (4-pack),1,5/2/2019 8:35
206153,iPhone,1,5/27/2019 20:45
206154,USB-C Charging Cable,1,5/29/2019 23:26
206155,Apple Airpods Headphones,1,5/21/2019 12:52
206156,Bose SoundSport Headphones,1,5/12/2019 21:43
206157,Google Phone,1,5/25/2019 21:59
206158,Google Phone,1,5/11/2019 20:06
206159,AA Batteries (4-pack),2,5/31/2019 14:54
206160,USB-C Charging Cable,1,5/22/2019 14:34
206161,Vareebadd Phone,1,5/3/2019 12:19
206161,USB-C Charging Cable,1,5/3/2019 12:19
206162,27in 4K Gaming Monitor,1,5/2/2019 14:49
206163,27in FHD Monitor,1,5/28/2019 8:51
206164,Wired Headphones,1,5/19/2019 5:49
206165,34in Ultrawide Monitor,1,5/14/2019 22:04
206166,USB-C Charging Cable,1,5/26/2019 12:18
206167,Google Phone,1,5/11/2019 11:58
206168,27in FHD Monitor,1,5/12/2019 18:18
206169,Lightning Charging Cable,1,5/28/2019 20:24
Order ID,Product,Quantity Ordered,Order Date
206170,Bose SoundSport Headphones,1,5/8/2019 9:44
206171,Vareebadd Phone,1,5/30/2019 8:42
206172,Lightning Charging Cable,1,5/30/2019 5:10
206173,AAA Batteries (4-pack),1,5/2/2019 16:14
206174,AAA Batteries (4-pack),1,5/11/2019 17:45
206175,Wired Headphones,1,5/31/2019 19:43
206176,Lightning Charging Cable,1,5/14/2019 23:55
206177,ThinkPad Laptop,1,5/1/2019 10:46
206178,Google Phone,1,5/1/2019 21:08
206179,USB-C Charging Cable,1,5/14/2019 13:25
206180,Lightning Charging Cable,1,5/28/2019 8:52
206181,AA Batteries (4-pack),2,5/30/2019 21:42
206182,Apple Airpods Headphones,1,5/6/2019 16:07
206183,Apple Airpods Headphones,1,5/6/2019 9:43
206184,USB-C Charging Cable,1,5/16/2019 20:39
206185,Bose SoundSport Headphones,1,5/31/2019 12:10
206186,Bose SoundSport Headphones,1,5/13/2019 12:33
206187,ThinkPad Laptop,1,5/17/2019 11:42
206188,AAA Batteries (4-pack),1,5/29/2019 12:56
206189,Lightning Charging Cable,1,5/28/2019 4:35
206190,27in 4K Gaming Monitor,1,5/1/2019 21:52
206191,Wired Headphones,2,5/12/2019 18:40
206192,Lightning Charging Cable,1,5/22/2019 10:40
206193,iPhone,1,5/29/2019 22:53
206194,34in Ultrawide Monitor,1,5/11/2019 0:17
206195,AAA Batteries (4-pack),1,5/10/2019 14:51
206196,Apple Airpods Headphones,1,5/15/2019 20:09
206197,Wired Headphones,1,5/7/2019 7:20
206198,AAA Batteries (4-pack),2,5/15/2019 20:55
206199,ThinkPad Laptop,1,5/26/2019 8:35
206200,AA Batteries (4-pack),1,5/5/2019 8:41
206201,ThinkPad Laptop,1,5/9/2019 16:46
206202,Flatscreen TV,1,5/5/2019 12:52
206203,Apple Airpods Headphones,1,5/27/2019 18:49
206204,USB-C Charging Cable,1,5/27/2019 12:07
206205,USB-C Charging Cable,1,5/22/2019 15:10
206206,Lightning Charging Cable,1,5/4/2019 11:05
206207,Wired Headphones,1,5/15/2019 14:18
206208,Bose SoundSport Headphones,1,5/2/2019 19:05
206209,USB-C Charging Cable,1,5/7/2019 9:17
206210,iPhone,1,5/18/2019 21:54
206211,AA Batteries (4-pack),1,5/6/2019 11:05
206212,Lightning Charging Cable,1,5/15/2019 11:21
206213,Wired Headphones,1,5/30/2019 20:03
206214,Apple Airpods Headphones,1,5/10/2019 21:22
206215,USB-C Charging Cable,1,5/17/2019 11:20
206216,AA Batteries (4-pack),1,5/21/2019 9:22
206217,AA Batteries (4-pack),1,5/26/2019 7:55
206218,Flatscreen TV,1,5/23/2019 9:47
206219,AAA Batteries (4-pack),2,5/15/2019 18:53
206220,USB-C Charging Cable,1,5/16/2019 13:45
206221,Lightning Charging Cable,1,5/25/2019 19:58
206222,USB-C Charging Cable,1,5/28/2019 12:52
206223,USB-C Charging Cable,1,5/18/2019 19:22
206224,iPhone,1,5/17/2019 20:27
206225,Wired Headphones,1,5/9/2019 23:35
206226,AAA Batteries (4-pack),1,5/29/2019 13:40
206227,Bose SoundSport Headphones,1,5/1/2019 12:55
206228,Wired Headphones,1,5/15/2019 22:44
206229,AA Batteries (4-pack),2,5/22/2019 12:19
206230,Lightning Charging Cable,1,5/4/2019 10:25
206231,AA Batteries (4-pack),1,5/13/2019 0:05
206232,27in FHD Monitor,1,5/27/2019 8:26
206233,Google Phone,1,5/11/2019 14:04
206234,Google Phone,1,5/10/2019 0:50
206234,USB-C Charging Cable,1,5/10/2019 0:50
206234,Wired Headphones,1,5/10/2019 0:50
206235,AA Batteries (4-pack),2,5/16/2019 23:15
206236,Apple Airpods Headphones,1,5/18/2019 7:31
206237,Lightning Charging Cable,1,5/13/2019 13:58
206238,USB-C Charging Cable,1,5/21/2019 0:15
206239,27in 4K Gaming Monitor,1,5/24/2019 16:20
206240,USB-C Charging Cable,1,5/19/2019 13:56
206241,27in FHD Monitor,1,5/10/2019 9:33
206242,iPhone,1,5/28/2019 21:36
206242,Lightning Charging Cable,1,5/28/2019 21:36
206243,AAA Batteries (4-pack),1,5/29/2019 10:29
206244,Lightning Charging Cable,1,5/31/2019 20:07
206245,USB-C Charging Cable,1,5/2/2019 12:28
206246,AAA Batteries (4-pack),1,5/1/2019 20:21
206247,AAA Batteries (4-pack),1,5/26/2019 11:16
206248,AAA Batteries (4-pack),1,5/26/2019 21:58
206249,27in 4K Gaming Monitor,1,5/11/2019 13:17
206250,Apple Airpods Headphones,1,5/12/2019 17:42
206251,Macbook Pro Laptop,1,5/7/2019 8:27
206252,AA Batteries (4-pack),1,5/29/2019 17:45
206253,34in Ultrawide Monitor,1,5/10/2019 23:43
206254,AAA Batteries (4-pack),1,5/6/2019 12:00
206255,Lightning Charging Cable,1,5/8/2019 8:14
206256,27in FHD Monitor,1,5/31/2019 23:19
206257,Lightning Charging Cable,1,5/16/2019 19:00
206258,Macbook Pro Laptop,1,5/19/2019 22:51
206259,AA Batteries (4-pack),1,5/1/2019 22:04
206260,USB-C Charging Cable,1,5/1/2019 12:41
206261,Wired Headphones,1,5/25/2019 21:02
206262,27in FHD Monitor,1,5/14/2019 14:32
206263,USB-C Charging Cable,1,5/16/2019 8:08
206264,AAA Batteries (4-pack),1,5/21/2019 12:33
206265,Bose SoundSport Headphones,1,5/16/2019 6:16
206266,Macbook Pro Laptop,1,5/9/2019 14:56
206267,Bose SoundSport Headphones,1,5/4/2019 21:05
206268,Apple Airpods Headphones,1,5/2/2019 10:34
206269,Macbook Pro Laptop,1,5/21/2019 9:54
206270,27in FHD Monitor,1,5/25/2019 21:08
206271,AAA Batteries (4-pack),1,5/15/2019 17:01
206272,Lightning Charging Cable,1,5/9/2019 15:51
206273,Lightning Charging Cable,1,5/6/2019 23:50
206274,AAA Batteries (4-pack),2,5/24/2019 13:51
206275,Lightning Charging Cable,1,5/15/2019 11:56
206276,Lightning Charging Cable,2,5/20/2019 12:28
206277,20in Monitor,1,5/13/2019 11:05
206278,AA Batteries (4-pack),1,5/24/2019 13:49
206279,iPhone,1,5/19/2019 6:51
206280,AAA Batteries (4-pack),1,5/22/2019 10:55
206281,Lightning Charging Cable,2,5/22/2019 10:18
206282,Google Phone,1,5/2/2019 18:24
206283,Wired Headphones,1,5/25/2019 21:16
206284,Apple Airpods Headphones,1,5/18/2019 10:47
206285,34in Ultrawide Monitor,1,5/19/2019 12:07
206286,27in FHD Monitor,1,5/8/2019 13:01
206287,Google Phone,1,5/29/2019 20:55
206288,USB-C Charging Cable,1,5/5/2019 17:48
206289,iPhone,1,5/11/2019 13:36
206290,Bose SoundSport Headphones,1,5/23/2019 15:57
206291,27in FHD Monitor,1,5/28/2019 20:52
206292,Apple Airpods Headphones,1,5/11/2019 14:13
206293,AA Batteries (4-pack),2,5/2/2019 9:39
206294,AA Batteries (4-pack),1,5/14/2019 13:25
206295,Lightning Charging Cable,1,5/20/2019 10:45
206296,Apple Airpods Headphones,1,5/2/2019 11:24
206297,27in FHD Monitor,1,5/15/2019 10:55
206298,Lightning Charging Cable,1,5/31/2019 21:25
206299,Lightning Charging Cable,1,5/29/2019 19:02
206300,AA Batteries (4-pack),1,5/19/2019 9:29
206301,AAA Batteries (4-pack),2,5/17/2019 17:05
206302,Lightning Charging Cable,1,5/11/2019 9:44
206303,AA Batteries (4-pack),1,5/19/2019 18:56
206304,Wired Headphones,1,5/29/2019 15:38
206305,Wired Headphones,1,5/21/2019 9:48
206306,Wired Headphones,1,5/18/2019 7:06
206307,USB-C Charging Cable,1,5/2/2019 7:25
206308,USB-C Charging Cable,1,5/20/2019 6:59
206309,Wired Headphones,1,5/23/2019 0:27
206310,Lightning Charging Cable,1,5/14/2019 5:42
206311,27in FHD Monitor,1,5/15/2019 9:01
206312,Lightning Charging Cable,1,5/28/2019 16:16
206313,AA Batteries (4-pack),1,5/22/2019 12:19
206314,AA Batteries (4-pack),2,5/30/2019 21:04
206315,AA Batteries (4-pack),2,5/12/2019 23:27
206316,Bose SoundSport Headphones,1,5/31/2019 15:02
206317,Flatscreen TV,1,5/10/2019 13:38
206318,27in 4K Gaming Monitor,1,5/10/2019 14:50
206319,Wired Headphones,1,5/26/2019 10:07
206320,AA Batteries (4-pack),1,5/11/2019 21:35
206321,Lightning Charging Cable,1,5/7/2019 10:10
206322,Macbook Pro Laptop,1,5/19/2019 18:36
206323,AAA Batteries (4-pack),1,5/17/2019 21:23
206324,Bose SoundSport Headphones,1,5/7/2019 6:58
206325,Lightning Charging Cable,1,5/29/2019 21:11
206326,Flatscreen TV,1,5/23/2019 17:12
206327,Lightning Charging Cable,1,5/11/2019 14:55
206328,Wired Headphones,1,5/15/2019 16:41
206329,AA Batteries (4-pack),1,5/30/2019 23:06
206330,Bose SoundSport Headphones,1,5/28/2019 14:56
206331,iPhone,1,5/9/2019 20:16
206332,Wired Headphones,2,5/20/2019 13:00
206333,AA Batteries (4-pack),2,5/18/2019 11:16
206334,Macbook Pro Laptop,1,5/10/2019 14:03
206335,Lightning Charging Cable,1,5/2/2019 13:30
206336,Apple Airpods Headphones,1,5/23/2019 10:51
206337,Lightning Charging Cable,1,5/25/2019 19:32
206338,Apple Airpods Headphones,1,5/11/2019 23:29
206339,USB-C Charging Cable,1,5/6/2019 15:32
206340,iPhone,1,5/9/2019 16:26
206340,Lightning Charging Cable,1,5/9/2019 16:26
206341,27in FHD Monitor,1,5/5/2019 10:02
206342,AAA Batteries (4-pack),3,5/20/2019 2:18
206343,Flatscreen TV,1,5/14/2019 11:58
206344,AAA Batteries (4-pack),1,5/3/2019 19:32
206345,AAA Batteries (4-pack),1,5/27/2019 20:54
206346,27in 4K Gaming Monitor,1,5/14/2019 8:10
206347,ThinkPad Laptop,1,5/9/2019 11:22
206348,Apple Airpods Headphones,1,5/3/2019 21:08
206349,Lightning Charging Cable,1,5/23/2019 12:20
206350,Bose SoundSport Headphones,1,5/14/2019 9:27
206351,Wired Headphones,1,5/7/2019 19:59
206352,Lightning Charging Cable,1,5/15/2019 11:07
206353,AA Batteries (4-pack),2,5/3/2019 8:53
206353,USB-C Charging Cable,1,5/3/2019 8:53
206354,Google Phone,1,5/6/2019 13:53
206354,USB-C Charging Cable,1,5/6/2019 13:53
206355,27in FHD Monitor,1,5/5/2019 18:16
206356,AA Batteries (4-pack),1,5/21/2019 20:55
206357,Wired Headphones,3,5/2/2019 7:40
206358,Lightning Charging Cable,1,5/14/2019 14:45
206359,AAA Batteries (4-pack),1,5/21/2019 3:33
206360,AA Batteries (4-pack),1,5/5/2019 20:50
206361,AA Batteries (4-pack),1,5/1/2019 20:33
206362,AA Batteries (4-pack),2,5/16/2019 0:50
206363,USB-C Charging Cable,1,5/26/2019 18:12
206364,AA Batteries (4-pack),2,5/17/2019 22:31
206365,Wired Headphones,1,5/22/2019 13:19
206366,AAA Batteries (4-pack),1,5/23/2019 12:44
206367,USB-C Charging Cable,1,5/20/2019 17:12
206368,AA Batteries (4-pack),1,5/21/2019 13:53
206369,Apple Airpods Headphones,1,5/21/2019 22:23
206370,34in Ultrawide Monitor,1,5/26/2019 9:54
206371,iPhone,1,5/21/2019 14:34
206372,Google Phone,1,5/23/2019 19:03
206372,Wired Headphones,1,5/23/2019 19:03
206373,Flatscreen TV,1,5/25/2019 18:30
206374,Lightning Charging Cable,1,5/7/2019 19:03
206375,Wired Headphones,1,5/4/2019 20:16
206376,AA Batteries (4-pack),1,5/11/2019 21:48
206377,Wired Headphones,1,5/12/2019 18:17
206378,Wired Headphones,1,5/7/2019 16:16
206379,Wired Headphones,1,5/25/2019 10:04
206380,AAA Batteries (4-pack),3,5/24/2019 11:32
206381,AAA Batteries (4-pack),4,5/28/2019 13:57
206382,AAA Batteries (4-pack),1,5/10/2019 22:27
206383,AA Batteries (4-pack),1,5/26/2019 16:02
206384,34in Ultrawide Monitor,1,5/5/2019 10:23
206385,Apple Airpods Headphones,1,5/29/2019 0:54
206386,Apple Airpods Headphones,1,5/21/2019 13:25
206387,Flatscreen TV,1,5/2/2019 11:51
206388,AAA Batteries (4-pack),2,5/12/2019 17:06
206389,USB-C Charging Cable,1,5/15/2019 12:02
206390,USB-C Charging Cable,1,5/8/2019 18:06
206391,Lightning Charging Cable,1,5/7/2019 20:53
206392,Lightning Charging Cable,1,5/18/2019 11:11
206393,Wired Headphones,1,5/9/2019 9:49
206394,ThinkPad Laptop,1,5/24/2019 8:54
206395,Apple Airpods Headphones,1,5/12/2019 13:42
206396,Macbook Pro Laptop,1,5/14/2019 3:17
206397,USB-C Charging Cable,1,5/11/2019 15:07
206398,Bose SoundSport Headphones,1,5/12/2019 16:45
206399,Vareebadd Phone,1,5/23/2019 9:53
206399,Bose SoundSport Headphones,1,5/23/2019 9:53
206400,Bose SoundSport Headphones,1,5/9/2019 17:55
206401,AA Batteries (4-pack),1,5/3/2019 21:39
206402,Bose SoundSport Headphones,1,5/13/2019 19:52
206403,Lightning Charging Cable,1,5/29/2019 17:33
206404,AAA Batteries (4-pack),2,5/2/2019 14:50
206404,AAA Batteries (4-pack),1,5/2/2019 14:50
206405,AAA Batteries (4-pack),1,5/20/2019 13:35
206406,Lightning Charging Cable,2,5/20/2019 17:35
206407,USB-C Charging Cable,1,5/23/2019 15:35
206408,Lightning Charging Cable,1,5/28/2019 15:36
206409,USB-C Charging Cable,1,5/23/2019 10:42
206410,34in Ultrawide Monitor,1,5/17/2019 19:42
206411,34in Ultrawide Monitor,1,5/10/2019 17:19
206412,34in Ultrawide Monitor,1,5/13/2019 16:13
206413,Macbook Pro Laptop,1,5/7/2019 9:41
206413,iPhone,1,5/7/2019 9:41
206414,AA Batteries (4-pack),1,5/12/2019 6:55
206415,AAA Batteries (4-pack),1,5/10/2019 16:27
206416,Apple Airpods Headphones,1,5/13/2019 13:54
206417,34in Ultrawide Monitor,1,5/24/2019 8:30
206418,AAA Batteries (4-pack),1,5/30/2019 11:45
206419,Wired Headphones,1,5/3/2019 11:11
206420,Flatscreen TV,1,5/20/2019 8:58
206421,Apple Airpods Headphones,1,5/27/2019 11:10
206422,27in 4K Gaming Monitor,1,5/11/2019 10:15
206423,Wired Headphones,1,5/17/2019 16:42
206424,27in FHD Monitor,1,5/9/2019 15:22
206425,USB-C Charging Cable,1,5/6/2019 9:08
206426,iPhone,1,5/31/2019 13:24
206427,Bose SoundSport Headphones,1,5/10/2019 9:14
206428,AAA Batteries (4-pack),4,5/10/2019 9:53
206429,AAA Batteries (4-pack),1,5/19/2019 17:21
206430,AAA Batteries (4-pack),1,5/16/2019 1:56
206431,Wired Headphones,1,5/30/2019 12:47
206432,AA Batteries (4-pack),1,5/11/2019 14:16
206433,34in Ultrawide Monitor,1,5/28/2019 9:34
206434,iPhone,1,5/6/2019 17:08
206434,Lightning Charging Cable,1,5/6/2019 17:08
206435,USB-C Charging Cable,1,5/30/2019 18:00
206436,Flatscreen TV,1,5/22/2019 16:25
206437,Lightning Charging Cable,1,5/12/2019 13:12
206438,AAA Batteries (4-pack),1,5/7/2019 21:01
206439,Apple Airpods Headphones,1,5/17/2019 7:53
206440,AAA Batteries (4-pack),1,5/11/2019 21:55
206441,Apple Airpods Headphones,1,5/10/2019 13:04
206442,Wired Headphones,1,5/22/2019 17:58
206443,Bose SoundSport Headphones,1,5/2/2019 2:46
206444,AA Batteries (4-pack),1,5/5/2019 19:59
206445,USB-C Charging Cable,1,5/17/2019 14:37
206446,Flatscreen TV,1,5/23/2019 13:58
206447,Wired Headphones,1,5/25/2019 0:54
206448,Macbook Pro Laptop,1,5/4/2019 9:15
206449,Apple Airpods Headphones,1,5/11/2019 10:58
206450,34in Ultrawide Monitor,1,5/10/2019 17:41
206451,Wired Headphones,1,5/11/2019 18:26
206452,AA Batteries (4-pack),1,5/1/2019 15:27
206453,ThinkPad Laptop,1,5/22/2019 9:35
206454,Lightning Charging Cable,1,5/22/2019 14:29
206455,USB-C Charging Cable,1,5/19/2019 5:42
206456,34in Ultrawide Monitor,1,5/30/2019 21:22
206457,20in Monitor,1,5/4/2019 23:39
206458,AA Batteries (4-pack),1,5/5/2019 17:36
206459,Bose SoundSport Headphones,1,5/16/2019 16:45
206460,Macbook Pro Laptop,1,5/2/2019 12:40
206461,AAA Batteries (4-pack),1,5/10/2019 11:05
206462,AA Batteries (4-pack),1,5/29/2019 20:06
206463,Wired Headphones,1,5/12/2019 13:44
206464,Apple Airpods Headphones,1,5/30/2019 1:19
206465,27in 4K Gaming Monitor,1,5/23/2019 16:22
206466,Wired Headphones,1,5/25/2019 14:25
206467,LG Washing Machine,1,5/29/2019 13:18
206468,USB-C Charging Cable,1,5/23/2019 23:53
206469,Lightning Charging Cable,1,5/2/2019 11:08
206470,Bose SoundSport Headphones,1,5/12/2019 7:56
206471,USB-C Charging Cable,1,5/6/2019 13:22
206472,AA Batteries (4-pack),1,5/28/2019 16:37
206473,AA Batteries (4-pack),1,5/14/2019 21:28
206474,Lightning Charging Cable,1,5/23/2019 16:23
206475,27in 4K Gaming Monitor,1,5/19/2019 17:43
206476,Bose SoundSport Headphones,1,5/22/2019 11:55
206476,Lightning Charging Cable,2,5/22/2019 11:55
206477,ThinkPad Laptop,1,5/11/2019 20:05
206478,Wired Headphones,1,5/13/2019 18:42
206479,AAA Batteries (4-pack),2,5/24/2019 12:44
206480,AA Batteries (4-pack),1,5/14/2019 22:59
206481,27in FHD Monitor,1,5/5/2019 12:35
206482,Wired Headphones,1,5/9/2019 11:02
206483,AA Batteries (4-pack),1,5/7/2019 7:30
206484,USB-C Charging Cable,1,5/20/2019 20:19
206485,AAA Batteries (4-pack),1,5/19/2019 21:30
206486,AA Batteries (4-pack),1,5/22/2019 23:22
206487,Lightning Charging Cable,1,5/2/2019 15:51
206488,27in 4K Gaming Monitor,1,5/5/2019 12:26
206489,27in FHD Monitor,1,5/15/2019 9:04
206490,USB-C Charging Cable,1,5/1/2019 7:23
206491,Bose SoundSport Headphones,1,5/20/2019 15:46
206492,AA Batteries (4-pack),1,5/14/2019 4:19
206493,Bose SoundSport Headphones,1,5/17/2019 7:52
206494,27in 4K Gaming Monitor,1,5/17/2019 11:30
206495,Lightning Charging Cable,1,5/11/2019 18:05
206496,20in Monitor,1,5/10/2019 12:32
206497,Google Phone,1,5/26/2019 10:23
206497,Lightning Charging Cable,1,5/26/2019 10:23
206498,Wired Headphones,1,5/1/2019 12:08
206499,Lightning Charging Cable,1,5/10/2019 20:12
206500,27in 4K Gaming Monitor,1,5/27/2019 21:47
206501,Wired Headphones,1,5/11/2019 10:29
206502,Apple Airpods Headphones,1,5/17/2019 19:01
206503,iPhone,1,5/18/2019 13:12
206504,AAA Batteries (4-pack),1,5/24/2019 0:56
206505,Wired Headphones,1,5/23/2019 9:38
206506,USB-C Charging Cable,1,5/2/2019 15:23
206507,AAA Batteries (4-pack),1,5/7/2019 17:55
206508,iPhone,1,5/8/2019 22:41
206509,Bose SoundSport Headphones,1,5/30/2019 0:50
206510,AAA Batteries (4-pack),1,5/16/2019 15:02
206511,Apple Airpods Headphones,1,5/24/2019 12:35
206512,Bose SoundSport Headphones,1,5/24/2019 7:55
206513,USB-C Charging Cable,1,5/19/2019 13:42
206514,USB-C Charging Cable,1,5/2/2019 8:48
206515,Wired Headphones,1,5/27/2019 21:41
206516,Wired Headphones,1,5/5/2019 19:15
206517,Bose SoundSport Headphones,1,5/18/2019 19:06
206518,USB-C Charging Cable,1,5/12/2019 15:16
206519,Apple Airpods Headphones,1,5/5/2019 20:20
206520,Lightning Charging Cable,1,5/26/2019 14:43
206521,Google Phone,1,5/19/2019 10:03
206521,Wired Headphones,1,5/19/2019 10:03
206522,AAA Batteries (4-pack),1,5/17/2019 18:55
206523,USB-C Charging Cable,1,5/25/2019 21:42
206524,AAA Batteries (4-pack),2,5/24/2019 17:14
206525,AAA Batteries (4-pack),3,5/10/2019 7:04
206526,AA Batteries (4-pack),1,5/25/2019 21:07
206527,27in 4K Gaming Monitor,1,5/27/2019 22:04
206528,AAA Batteries (4-pack),1,5/3/2019 22:08
206529,iPhone,1,5/23/2019 15:45
206529,Wired Headphones,1,5/23/2019 15:45
206530,34in Ultrawide Monitor,1,5/28/2019 13:38
206531,27in 4K Gaming Monitor,1,5/12/2019 21:04
206532,iPhone,1,5/14/2019 0:11
206533,AAA Batteries (4-pack),2,5/26/2019 0:21
206534,Wired Headphones,1,5/13/2019 21:31
206535,AAA Batteries (4-pack),1,5/7/2019 11:44
206536,Wired Headphones,1,5/8/2019 12:53
206537,iPhone,1,5/27/2019 18:44
206538,AAA Batteries (4-pack),1,5/26/2019 12:41
206539,AA Batteries (4-pack),3,5/7/2019 9:28
206540,iPhone,1,5/29/2019 14:32
206541,USB-C Charging Cable,1,5/14/2019 10:33
206542,Wired Headphones,2,5/17/2019 12:10
206543,iPhone,1,5/12/2019 17:39
206543,Lightning Charging Cable,1,5/12/2019 17:39
206544,USB-C Charging Cable,1,5/13/2019 13:38
206545,Lightning Charging Cable,1,5/4/2019 16:11
206546,AAA Batteries (4-pack),2,5/19/2019 19:14
206547,Bose SoundSport Headphones,1,5/25/2019 0:05
206548,Apple Airpods Headphones,1,5/13/2019 21:03
206549,34in Ultrawide Monitor,1,5/3/2019 10:39
206550,34in Ultrawide Monitor,1,5/10/2019 1:36
206551,Google Phone,1,5/19/2019 9:36
206551,USB-C Charging Cable,1,5/19/2019 9:36
206552,AAA Batteries (4-pack),1,5/3/2019 18:59
206553,27in 4K Gaming Monitor,1,5/25/2019 20:42
206554,Bose SoundSport Headphones,1,5/8/2019 15:12
206555,Wired Headphones,2,5/12/2019 6:17
206556,27in FHD Monitor,1,5/14/2019 20:03
206557,Apple Airpods Headphones,1,5/1/2019 13:07
206558,USB-C Charging Cable,1,5/1/2019 12:47
206559,Apple Airpods Headphones,1,5/7/2019 9:46
206560,Lightning Charging Cable,1,5/27/2019 14:29
206561,Macbook Pro Laptop,1,5/24/2019 16:12
206562,Flatscreen TV,1,5/21/2019 11:44
206563,Wired Headphones,1,5/5/2019 12:13
206564,AAA Batteries (4-pack),1,5/16/2019 20:45
206565,AAA Batteries (4-pack),1,5/22/2019 8:42
206566,Apple Airpods Headphones,1,5/19/2019 13:55
206567,Wired Headphones,1,5/7/2019 13:25
206568,Google Phone,1,5/29/2019 16:57
206569,27in FHD Monitor,1,5/3/2019 15:10
206570,Apple Airpods Headphones,1,5/22/2019 21:32
206571,ThinkPad Laptop,1,5/7/2019 10:04
206572,AAA Batteries (4-pack),4,5/6/2019 10:25
206573,USB-C Charging Cable,1,5/15/2019 21:50
206574,20in Monitor,1,5/28/2019 16:53
206575,Vareebadd Phone,1,5/28/2019 19:08
206576,AAA Batteries (4-pack),1,5/12/2019 17:06
206577,iPhone,1,5/26/2019 19:54
206578,Bose SoundSport Headphones,1,5/27/2019 14:48
206579,AAA Batteries (4-pack),2,5/13/2019 14:04
206580,Lightning Charging Cable,1,5/16/2019 10:04
206581,USB-C Charging Cable,1,5/30/2019 15:00
206582,AAA Batteries (4-pack),1,5/23/2019 16:03
206583,AA Batteries (4-pack),1,5/22/2019 14:08
206584,Lightning Charging Cable,1,5/11/2019 23:11
206585,Bose SoundSport Headphones,1,5/22/2019 15:29
206586,34in Ultrawide Monitor,1,5/15/2019 13:36
206587,AA Batteries (4-pack),1,5/18/2019 20:41
206587,Wired Headphones,1,5/18/2019 20:41
206588,USB-C Charging Cable,1,5/11/2019 19:50
206589,LG Dryer,1,5/16/2019 0:27
206590,27in FHD Monitor,1,5/28/2019 14:23
206591,Lightning Charging Cable,1,5/9/2019 9:16
206592,USB-C Charging Cable,1,5/12/2019 15:15
206593,Apple Airpods Headphones,1,5/20/2019 7:02
206594,Lightning Charging Cable,1,5/21/2019 7:01
206595,AAA Batteries (4-pack),1,5/29/2019 13:09
206596,Bose SoundSport Headphones,1,5/7/2019 9:12
206597,Wired Headphones,1,5/19/2019 10:49
206598,USB-C Charging Cable,1,5/3/2019 21:06
206599,AA Batteries (4-pack),1,5/3/2019 8:12
206600,Wired Headphones,1,5/4/2019 19:23
206601,Apple Airpods Headphones,1,5/19/2019 8:39
206602,AAA Batteries (4-pack),1,5/16/2019 8:55
206603,USB-C Charging Cable,1,5/30/2019 19:31
206604,Lightning Charging Cable,1,5/2/2019 20:24
206605,iPhone,1,5/15/2019 11:44
206606,Apple Airpods Headphones,1,5/30/2019 21:42
206607,AA Batteries (4-pack),1,5/17/2019 7:33
206608,USB-C Charging Cable,1,5/10/2019 23:34
206609,AAA Batteries (4-pack),1,5/1/2019 17:30
206610,Bose SoundSport Headphones,1,5/14/2019 10:16
206611,AAA Batteries (4-pack),1,5/30/2019 19:02
206612,Macbook Pro Laptop,1,5/3/2019 7:47
206613,27in FHD Monitor,1,5/13/2019 11:10
206614,27in FHD Monitor,1,5/11/2019 19:16
206615,USB-C Charging Cable,1,5/2/2019 14:21
206616,Google Phone,1,5/30/2019 17:14
206617,Apple Airpods Headphones,1,5/18/2019 9:20
206618,Apple Airpods Headphones,1,5/15/2019 10:12
206619,AA Batteries (4-pack),2,5/6/2019 10:02
206620,Flatscreen TV,1,5/9/2019 19:20
206621,Apple Airpods Headphones,1,5/8/2019 22:36
206622,Lightning Charging Cable,1,5/28/2019 17:10
206623,27in FHD Monitor,1,5/12/2019 8:32
206624,iPhone,1,5/17/2019 17:21
206625,AA Batteries (4-pack),1,5/11/2019 18:35
206626,Apple Airpods Headphones,1,5/29/2019 9:51
206627,27in 4K Gaming Monitor,1,5/15/2019 12:58
206628,Wired Headphones,1,5/21/2019 22:17
206629,Macbook Pro Laptop,1,5/30/2019 15:02
206630,Wired Headphones,1,5/31/2019 16:01
206631,Apple Airpods Headphones,1,5/18/2019 16:37
206632,Flatscreen TV,1,5/12/2019 17:02
206633,Bose SoundSport Headphones,1,5/18/2019 18:36
206634,20in Monitor,1,5/6/2019 11:59
206635,Wired Headphones,1,5/11/2019 11:44
206636,Google Phone,1,5/27/2019 15:49
206637,AAA Batteries (4-pack),2,5/6/2019 18:21
206638,AA Batteries (4-pack),1,5/18/2019 13:45
206639,Lightning Charging Cable,1,5/20/2019 12:42
206640,ThinkPad Laptop,1,5/18/2019 10:30
206641,USB-C Charging Cable,2,5/7/2019 13:14
206642,Wired Headphones,1,5/28/2019 15:36
206643,ThinkPad Laptop,1,5/14/2019 4:35
206644,USB-C Charging Cable,1,5/11/2019 18:48
206645,Lightning Charging Cable,1,5/24/2019 16:52
206646,Flatscreen TV,1,5/20/2019 7:20
206647,Wired Headphones,1,5/15/2019 16:05
206648,27in FHD Monitor,1,5/25/2019 15:57
206649,Bose SoundSport Headphones,1,5/23/2019 23:41
206650,ThinkPad Laptop,1,5/30/2019 22:48
206651,USB-C Charging Cable,1,5/25/2019 22:55
206652,USB-C Charging Cable,1,5/11/2019 2:43
206653,USB-C Charging Cable,1,5/11/2019 15:59
206654,Apple Airpods Headphones,1,5/3/2019 20:38
206655,Vareebadd Phone,1,5/8/2019 18:10
206655,USB-C Charging Cable,1,5/8/2019 18:10
206655,Wired Headphones,1,5/8/2019 18:10
206656,Lightning Charging Cable,2,5/3/2019 3:56
206657,Lightning Charging Cable,1,5/1/2019 12:44
206658,AA Batteries (4-pack),2,5/21/2019 13:55
206659,Flatscreen TV,1,5/8/2019 4:58
206659,Apple Airpods Headphones,1,5/8/2019 4:58
206660,AAA Batteries (4-pack),1,5/30/2019 19:34
206661,AAA Batteries (4-pack),1,5/7/2019 9:51
206662,Flatscreen TV,1,5/8/2019 14:53
206663,Wired Headphones,2,5/21/2019 23:29
206664,Apple Airpods Headphones,1,5/17/2019 22:44
206665,USB-C Charging Cable,1,5/26/2019 18:02
206666,AA Batteries (4-pack),2,5/30/2019 21:21
206667,Bose SoundSport Headphones,1,5/4/2019 20:23
206668,AAA Batteries (4-pack),1,5/12/2019 17:41
206669,Bose SoundSport Headphones,1,5/22/2019 14:57
206670,Apple Airpods Headphones,1,5/3/2019 13:20
206671,USB-C Charging Cable,1,5/24/2019 18:02
206672,Lightning Charging Cable,1,5/2/2019 6:23
206673,AAA Batteries (4-pack),1,5/8/2019 16:14
206674,AAA Batteries (4-pack),1,5/31/2019 12:33
206675,AAA Batteries (4-pack),1,5/18/2019 12:02
206676,Wired Headphones,1,5/14/2019 5:40
206677,34in Ultrawide Monitor,1,5/14/2019 9:55
206678,27in 4K Gaming Monitor,1,5/6/2019 18:16
206679,AAA Batteries (4-pack),1,5/20/2019 14:57
206680,USB-C Charging Cable,1,5/4/2019 11:11
206681,AAA Batteries (4-pack),1,5/28/2019 1:35
206682,Lightning Charging Cable,2,5/24/2019 20:36
206683,Apple Airpods Headphones,1,5/31/2019 8:42
206684,USB-C Charging Cable,1,5/7/2019 10:11
206685,Wired Headphones,1,5/20/2019 0:19
206686,Wired Headphones,1,5/14/2019 12:45
206687,27in FHD Monitor,1,5/31/2019 8:07
206688,AA Batteries (4-pack),1,5/22/2019 14:28
206689,Wired Headphones,1,5/7/2019 18:09
206690,Wired Headphones,2,5/18/2019 20:18
206691,27in FHD Monitor,1,5/23/2019 6:48
206692,Lightning Charging Cable,1,5/10/2019 13:45
206693,Google Phone,1,5/24/2019 19:02
206694,27in FHD Monitor,1,5/8/2019 13:59
206695,Bose SoundSport Headphones,1,5/20/2019 23:22
206696,Flatscreen TV,1,5/17/2019 20:01
206697,Macbook Pro Laptop,1,5/5/2019 13:20
206698,Bose SoundSport Headphones,1,5/16/2019 7:34
206699,Bose SoundSport Headphones,1,5/20/2019 13:54
206700,20in Monitor,1,5/31/2019 14:52
206701,Google Phone,1,5/9/2019 10:43
206702,Google Phone,1,5/20/2019 19:06
206703,27in 4K Gaming Monitor,1,5/27/2019 11:45
206704,Lightning Charging Cable,1,5/31/2019 15:24
206705,AAA Batteries (4-pack),1,5/24/2019 6:32
206706,Google Phone,1,5/23/2019 21:23
206706,Wired Headphones,1,5/23/2019 21:23
206707,iPhone,1,5/7/2019 17:04
206708,Flatscreen TV,1,5/27/2019 15:56
206709,27in FHD Monitor,1,5/26/2019 8:18
206710,USB-C Charging Cable,1,5/12/2019 19:58
206711,Bose SoundSport Headphones,1,5/13/2019 13:24
206712,ThinkPad Laptop,1,5/19/2019 22:48
206713,Apple Airpods Headphones,1,5/8/2019 23:50
206714,Bose SoundSport Headphones,1,5/6/2019 19:41
206715,AA Batteries (4-pack),3,5/21/2019 20:02
206716,USB-C Charging Cable,1,5/25/2019 7:47
206717,Apple Airpods Headphones,1,5/8/2019 11:35
206718,iPhone,1,5/22/2019 12:02
206719,AA Batteries (4-pack),2,5/30/2019 7:33
206720,AA Batteries (4-pack),3,5/13/2019 15:52
206721,ThinkPad Laptop,1,5/3/2019 18:55
206722,Apple Airpods Headphones,1,5/24/2019 9:22
206723,Bose SoundSport Headphones,1,5/13/2019 0:19
206724,Lightning Charging Cable,1,5/7/2019 2:29
206725,iPhone,1,5/5/2019 16:42
206725,Apple Airpods Headphones,1,5/5/2019 16:42
206726,Apple Airpods Headphones,1,5/11/2019 11:21
206727,Apple Airpods Headphones,1,5/22/2019 17:33
206728,AA Batteries (4-pack),1,5/1/2019 15:02
206729,34in Ultrawide Monitor,1,5/22/2019 15:03
206730,20in Monitor,1,5/9/2019 14:43
206731,AAA Batteries (4-pack),1,5/13/2019 13:48
206732,AA Batteries (4-pack),2,5/12/2019 20:36
206733,Apple Airpods Headphones,1,5/14/2019 11:10
206734,27in FHD Monitor,1,5/12/2019 11:29
206735,Wired Headphones,1,5/6/2019 14:23
206736,Wired Headphones,1,5/25/2019 14:37
206737,Wired Headphones,1,5/8/2019 13:21
206738,27in FHD Monitor,1,5/9/2019 10:35
206739,Lightning Charging Cable,2,5/24/2019 11:26
206740,Apple Airpods Headphones,1,5/3/2019 14:50
206741,27in FHD Monitor,1,5/31/2019 19:15
206742,Macbook Pro Laptop,1,5/9/2019 23:41
206743,USB-C Charging Cable,1,5/28/2019 13:08
206743,Bose SoundSport Headphones,1,5/28/2019 13:08
206744,AAA Batteries (4-pack),1,5/13/2019 14:42
206745,AAA Batteries (4-pack),1,5/23/2019 17:52
206746,Macbook Pro Laptop,1,5/2/2019 17:08
206747,USB-C Charging Cable,1,5/10/2019 10:22
206748,USB-C Charging Cable,2,5/8/2019 22:40
206749,Bose SoundSport Headphones,1,5/12/2019 19:54
206750,Wired Headphones,1,5/29/2019 21:39
206751,Lightning Charging Cable,1,5/19/2019 17:46
206752,Lightning Charging Cable,1,5/31/2019 21:08
206753,Bose SoundSport Headphones,1,5/2/2019 21:39
206754,Bose SoundSport Headphones,1,5/3/2019 0:01
206755,Bose SoundSport Headphones,1,5/31/2019 13:35
206756,Apple Airpods Headphones,1,5/1/2019 12:46
206757,Macbook Pro Laptop,1,5/26/2019 14:29
206758,Google Phone,1,5/22/2019 10:03
206759,AA Batteries (4-pack),1,5/1/2019 17:10
206760,27in FHD Monitor,1,5/7/2019 12:36
206761,Bose SoundSport Headphones,1,5/15/2019 16:24
206762,Bose SoundSport Headphones,1,5/18/2019 20:52
206763,AAA Batteries (4-pack),2,5/11/2019 6:55
206764,USB-C Charging Cable,1,5/17/2019 7:14
206765,Lightning Charging Cable,1,5/15/2019 13:56
206766,27in FHD Monitor,1,5/10/2019 0:34
206766,Macbook Pro Laptop,1,5/10/2019 0:34
206767,Lightning Charging Cable,1,5/20/2019 21:05
206768,USB-C Charging Cable,1,5/10/2019 11:58
206769,ThinkPad Laptop,1,5/5/2019 5:57
206770,AA Batteries (4-pack),2,5/16/2019 13:34
206771,Bose SoundSport Headphones,1,5/18/2019 23:50
206772,Wired Headphones,1,5/2/2019 22:48
206773,Flatscreen TV,1,5/14/2019 11:01
206774,AAA Batteries (4-pack),2,5/23/2019 20:06
206775,Wired Headphones,1,5/13/2019 18:59
206776,Lightning Charging Cable,1,5/9/2019 20:27
206777,USB-C Charging Cable,1,5/13/2019 20:56
206778,AA Batteries (4-pack),2,5/22/2019 21:00
206779,Wired Headphones,1,5/21/2019 16:45
206780,Wired Headphones,1,5/10/2019 20:04
206781,Bose SoundSport Headphones,1,5/15/2019 17:26
206782,Lightning Charging Cable,1,5/30/2019 17:21
206783,Apple Airpods Headphones,1,5/30/2019 19:52
206784,iPhone,1,5/12/2019 14:00
206784,Wired Headphones,1,5/12/2019 14:00
206785,AA Batteries (4-pack),1,5/17/2019 18:30
206786,Wired Headphones,1,5/13/2019 8:32
206787,AA Batteries (4-pack),1,5/29/2019 17:44
206788,AAA Batteries (4-pack),1,5/31/2019 9:30
206789,AA Batteries (4-pack),2,5/26/2019 16:29
206790,Wired Headphones,1,5/30/2019 10:45
206791,27in 4K Gaming Monitor,1,5/12/2019 13:09
206792,Apple Airpods Headphones,1,5/19/2019 18:14
,,,
206793,AAA Batteries (4-pack),2,5/15/2019 23:48
206794,Wired Headphones,1,5/29/2019 15:22
206795,Wired Headphones,1,5/26/2019 20:08
206796,USB-C Charging Cable,1,5/14/2019 16:23
206797,AAA Batteries (4-pack),1,5/5/2019 6:46
206798,Apple Airpods Headphones,1,5/5/2019 6:03
206799,Bose SoundSport Headphones,1,5/14/2019 21:43
206800,Lightning Charging Cable,1,5/17/2019 11:24
206801,Apple Airpods Headphones,1,5/24/2019 20:35
206802,Lightning Charging Cable,1,5/7/2019 19:17
206803,Lightning Charging Cable,1,5/18/2019 20:22
206804,AA Batteries (4-pack),2,5/13/2019 10:29
206805,Apple Airpods Headphones,1,5/25/2019 23:38
206806,Wired Headphones,1,5/9/2019 8:56
206807,Lightning Charging Cable,1,5/27/2019 22:39
206808,Bose SoundSport Headphones,1,5/5/2019 8:49
206809,Bose SoundSport Headphones,1,5/22/2019 1:02
206810,USB-C Charging Cable,1,5/12/2019 9:26
206811,AAA Batteries (4-pack),1,5/16/2019 7:23
206812,AAA Batteries (4-pack),1,5/3/2019 18:29
206813,Wired Headphones,1,5/22/2019 11:42
206814,AA Batteries (4-pack),1,5/13/2019 19:27
206815,27in FHD Monitor,1,5/7/2019 21:31
206816,27in 4K Gaming Monitor,1,5/21/2019 10:30
206817,Wired Headphones,1,5/15/2019 18:52
206818,Google Phone,1,5/11/2019 12:01
206819,AAA Batteries (4-pack),1,5/24/2019 18:12
206820,Bose SoundSport Headphones,1,5/12/2019 21:20
206821,USB-C Charging Cable,1,5/30/2019 17:26
206822,AAA Batteries (4-pack),2,5/25/2019 11:30
206823,AAA Batteries (4-pack),1,5/8/2019 18:26
206824,27in 4K Gaming Monitor,1,5/7/2019 16:57
206825,AA Batteries (4-pack),1,5/23/2019 8:18
206826,AAA Batteries (4-pack),1,5/8/2019 9:05
206827,Wired Headphones,1,5/10/2019 20:37
206828,27in FHD Monitor,1,5/10/2019 15:57
206829,AA Batteries (4-pack),2,5/21/2019 17:47
206830,AA Batteries (4-pack),1,5/22/2019 21:46
206831,Wired Headphones,1,5/12/2019 13:03
206832,27in 4K Gaming Monitor,1,5/24/2019 12:43
206833,Lightning Charging Cable,1,5/26/2019 12:28
206834,27in 4K Gaming Monitor,1,5/20/2019 20:18
206835,Wired Headphones,1,5/10/2019 13:12
206836,Macbook Pro Laptop,1,5/20/2019 18:08
206837,20in Monitor,1,5/6/2019 17:07
206838,USB-C Charging Cable,1,5/1/2019 13:18
206839,20in Monitor,1,5/13/2019 21:41
206840,27in 4K Gaming Monitor,1,5/21/2019 22:05
206841,AAA Batteries (4-pack),1,5/12/2019 14:40
206842,Bose SoundSport Headphones,1,5/15/2019 21:29
206843,Apple Airpods Headphones,1,5/26/2019 14:32
206844,AA Batteries (4-pack),2,5/8/2019 18:12
206845,AA Batteries (4-pack),1,5/4/2019 12:17
206846,Bose SoundSport Headphones,1,5/29/2019 3:37
206847,27in 4K Gaming Monitor,1,5/28/2019 15:06
206848,34in Ultrawide Monitor,1,5/27/2019 14:38
206849,Lightning Charging Cable,2,5/7/2019 18:55
206850,Wired Headphones,1,5/9/2019 21:49
206851,AAA Batteries (4-pack),3,5/14/2019 8:17
206852,USB-C Charging Cable,2,5/6/2019 12:37
206853,27in FHD Monitor,1,5/3/2019 19:19
206854,USB-C Charging Cable,2,5/15/2019 12:42
206855,USB-C Charging Cable,1,5/4/2019 14:46
206856,27in FHD Monitor,1,5/2/2019 10:29
206857,AA Batteries (4-pack),1,5/9/2019 14:25
206858,Lightning Charging Cable,1,5/2/2019 11:42
206859,AAA Batteries (4-pack),4,5/14/2019 14:14
206860,Lightning Charging Cable,1,5/4/2019 19:35
206861,Wired Headphones,1,5/16/2019 12:32
206862,USB-C Charging Cable,1,5/4/2019 12:34
206863,Lightning Charging Cable,1,5/4/2019 17:17
206864,Bose SoundSport Headphones,1,5/1/2019 20:32
206865,34in Ultrawide Monitor,1,5/22/2019 0:16
206866,27in 4K Gaming Monitor,1,5/23/2019 22:51
206867,AAA Batteries (4-pack),2,5/5/2019 18:53
206868,Lightning Charging Cable,1,5/14/2019 16:01
206869,Macbook Pro Laptop,1,5/30/2019 20:57
206870,Apple Airpods Headphones,1,5/25/2019 8:46
206871,AAA Batteries (4-pack),1,5/13/2019 14:03
206872,USB-C Charging Cable,1,5/22/2019 17:49
206873,AA Batteries (4-pack),2,5/12/2019 12:11
206874,Wired Headphones,1,5/1/2019 10:36
206875,Apple Airpods Headphones,1,5/6/2019 16:51
206876,27in FHD Monitor,1,5/30/2019 17:55
206877,AAA Batteries (4-pack),1,5/15/2019 5:26
206878,Bose SoundSport Headphones,1,5/2/2019 19:09
206879,Wired Headphones,1,5/16/2019 9:46
206880,AAA Batteries (4-pack),1,5/29/2019 3:25
206881,Google Phone,1,5/19/2019 10:27
206882,34in Ultrawide Monitor,1,5/23/2019 0:14
206883,Lightning Charging Cable,1,5/2/2019 16:44
206884,27in 4K Gaming Monitor,1,5/28/2019 20:54
206885,AAA Batteries (4-pack),1,5/7/2019 16:32
206886,20in Monitor,1,5/22/2019 18:12
206887,Wired Headphones,1,5/15/2019 14:42
206888,USB-C Charging Cable,2,5/24/2019 11:26
206889,Lightning Charging Cable,1,5/29/2019 20:14
206890,Flatscreen TV,1,5/2/2019 13:19
206891,USB-C Charging Cable,1,5/30/2019 19:45
206892,Lightning Charging Cable,1,5/21/2019 19:52
206893,Bose SoundSport Headphones,1,5/3/2019 11:32
206894,AA Batteries (4-pack),1,5/24/2019 12:25
206895,ThinkPad Laptop,1,5/3/2019 7:44
206896,Wired Headphones,1,5/28/2019 9:00
206897,Wired Headphones,2,5/26/2019 14:32
206898,Bose SoundSport Headphones,1,5/13/2019 9:40
206899,Wired Headphones,1,5/19/2019 20:59
206900,AAA Batteries (4-pack),1,5/23/2019 9:27
206901,AAA Batteries (4-pack),1,5/31/2019 9:41
206902,Apple Airpods Headphones,1,5/26/2019 5:15
206903,ThinkPad Laptop,1,5/9/2019 10:11
206904,AA Batteries (4-pack),1,5/14/2019 2:57
206905,iPhone,1,5/2/2019 13:54
206906,AA Batteries (4-pack),1,5/18/2019 19:42
206907,AA Batteries (4-pack),1,5/2/2019 21:02
206908,Apple Airpods Headphones,1,5/9/2019 19:59
206909,AAA Batteries (4-pack),1,5/19/2019 18:20
206910,Wired Headphones,1,5/10/2019 12:39
206911,USB-C Charging Cable,2,5/17/2019 12:17
206912,AA Batteries (4-pack),1,5/12/2019 13:46
206913,34in Ultrawide Monitor,1,5/23/2019 14:27
206914,Bose SoundSport Headphones,1,5/29/2019 20:54
206915,Bose SoundSport Headphones,1,5/7/2019 9:16
206916,Macbook Pro Laptop,1,5/26/2019 11:31
206917,AAA Batteries (4-pack),1,5/4/2019 13:20
206918,Flatscreen TV,1,5/19/2019 21:46
206919,Lightning Charging Cable,1,5/2/2019 8:25
206920,LG Dryer,1,5/13/2019 14:09
206921,Wired Headphones,1,5/18/2019 13:36
206922,27in 4K Gaming Monitor,1,5/22/2019 15:49
206923,USB-C Charging Cable,1,5/13/2019 10:55
206924,Lightning Charging Cable,2,5/4/2019 1:31
206925,USB-C Charging Cable,1,5/4/2019 16:11
206926,20in Monitor,1,5/21/2019 7:02
206927,USB-C Charging Cable,1,5/7/2019 3:38
206928,AAA Batteries (4-pack),2,5/29/2019 17:55
206929,Lightning Charging Cable,1,5/21/2019 18:45
206930,Wired Headphones,1,5/17/2019 15:14
206931,Wired Headphones,2,5/22/2019 10:55
206932,Apple Airpods Headphones,1,5/16/2019 15:59
206933,Apple Airpods Headphones,1,5/14/2019 11:47
,,,
206934,Flatscreen TV,1,5/10/2019 12:44
206935,Macbook Pro Laptop,1,5/4/2019 12:16
206936,AA Batteries (4-pack),1,5/19/2019 22:26
206937,AA Batteries (4-pack),1,5/22/2019 7:00
206938,iPhone,1,5/24/2019 18:10
206938,Lightning Charging Cable,1,5/24/2019 18:10
206939,Wired Headphones,1,5/19/2019 12:45
206940,AA Batteries (4-pack),1,5/1/2019 11:20
206941,Bose SoundSport Headphones,1,5/26/2019 7:27
206942,AA Batteries (4-pack),1,5/8/2019 22:45
206943,AA Batteries (4-pack),2,5/15/2019 21:30
206944,USB-C Charging Cable,1,5/29/2019 9:24
206945,27in FHD Monitor,1,5/4/2019 12:07
206946,AAA Batteries (4-pack),1,5/2/2019 21:54
206947,Lightning Charging Cable,1,5/22/2019 15:58
206948,USB-C Charging Cable,1,5/11/2019 10:26
206949,Bose SoundSport Headphones,1,5/14/2019 17:05
206950,USB-C Charging Cable,1,5/15/2019 12:37
206951,Wired Headphones,1,5/9/2019 19:07
206952,AA Batteries (4-pack),2,5/12/2019 9:10
206953,iPhone,1,5/30/2019 13:50
206954,AAA Batteries (4-pack),1,5/11/2019 13:27
206955,AA Batteries (4-pack),1,5/18/2019 23:11
206956,iPhone,1,5/29/2019 20:22
206956,Lightning Charging Cable,1,5/29/2019 20:22
206957,AA Batteries (4-pack),1,5/27/2019 12:56
206958,ThinkPad Laptop,1,5/8/2019 19:47
206959,Flatscreen TV,1,5/15/2019 10:27
206960,Google Phone,1,5/6/2019 12:45
206961,AA Batteries (4-pack),1,5/31/2019 14:54
206962,AA Batteries (4-pack),1,5/21/2019 20:47
206963,Apple Airpods Headphones,1,5/2/2019 20:43
206964,AAA Batteries (4-pack),1,5/13/2019 15:24
206965,Lightning Charging Cable,1,5/7/2019 22:27
206966,Lightning Charging Cable,1,5/25/2019 10:17
206967,Wired Headphones,1,5/13/2019 18:01
206968,Macbook Pro Laptop,1,5/3/2019 16:14
206969,USB-C Charging Cable,1,5/10/2019 1:48
206970,Wired Headphones,1,5/26/2019 12:04
206971,Apple Airpods Headphones,1,5/20/2019 20:15
206972,Lightning Charging Cable,1,5/6/2019 1:41
206972,Wired Headphones,1,5/6/2019 1:41
206973,Apple Airpods Headphones,1,5/1/2019 9:18
206974,Macbook Pro Laptop,1,5/6/2019 9:55
206975,Google Phone,1,5/26/2019 21:18
206976,AA Batteries (4-pack),1,5/7/2019 13:32
206977,AA Batteries (4-pack),1,5/21/2019 13:06
206978,USB-C Charging Cable,1,5/19/2019 8:33
206979,Lightning Charging Cable,1,5/15/2019 12:06
206980,ThinkPad Laptop,1,5/31/2019 22:48
206981,Macbook Pro Laptop,1,5/1/2019 20:43
206982,AA Batteries (4-pack),1,5/29/2019 13:50
206983,Wired Headphones,1,5/7/2019 17:22
206984,Vareebadd Phone,1,5/9/2019 12:59
206985,Macbook Pro Laptop,1,5/12/2019 21:16
206986,AA Batteries (4-pack),2,5/29/2019 17:17
206987,Macbook Pro Laptop,1,5/26/2019 1:12
206988,AAA Batteries (4-pack),1,5/20/2019 11:10
206989,USB-C Charging Cable,1,5/17/2019 18:52
206990,Lightning Charging Cable,1,5/4/2019 12:50
206991,Bose SoundSport Headphones,1,5/22/2019 16:11
206992,Bose SoundSport Headphones,1,5/18/2019 20:19
206993,USB-C Charging Cable,1,5/17/2019 6:59
206994,Wired Headphones,1,5/10/2019 17:56
206995,iPhone,1,5/19/2019 23:30
206996,Apple Airpods Headphones,1,5/21/2019 19:50
206997,USB-C Charging Cable,1,5/20/2019 16:24
206998,Vareebadd Phone,1,5/20/2019 17:24
206999,AAA Batteries (4-pack),2,5/12/2019 15:24
207000,Wired Headphones,1,5/30/2019 21:16
207001,20in Monitor,1,5/6/2019 16:54
207002,Apple Airpods Headphones,1,5/28/2019 12:11
207003,USB-C Charging Cable,1,5/1/2019 2:50
207004,AAA Batteries (4-pack),2,5/24/2019 20:36
207004,Wired Headphones,1,5/24/2019 20:36
207005,AA Batteries (4-pack),1,5/25/2019 8:38
207006,Apple Airpods Headphones,1,5/15/2019 19:04
207007,34in Ultrawide Monitor,1,5/15/2019 17:16
207008,Macbook Pro Laptop,1,5/19/2019 7:35
207009,Lightning Charging Cable,1,5/13/2019 19:09
207010,AA Batteries (4-pack),2,5/11/2019 21:43
207011,Apple Airpods Headphones,1,5/10/2019 21:56
207012,Apple Airpods Headphones,1,5/19/2019 8:03
207013,Lightning Charging Cable,1,5/1/2019 21:22
207014,Wired Headphones,1,5/29/2019 22:40
207015,Lightning Charging Cable,1,5/7/2019 14:57
207016,Bose SoundSport Headphones,1,5/9/2019 14:01
207017,Bose SoundSport Headphones,2,5/12/2019 19:03
207018,iPhone,1,5/15/2019 9:24
207019,AA Batteries (4-pack),1,5/1/2019 20:24
207020,USB-C Charging Cable,1,5/27/2019 10:05
207021,Bose SoundSport Headphones,1,5/18/2019 12:34
207022,27in FHD Monitor,1,5/24/2019 10:06
207023,Wired Headphones,1,5/22/2019 12:04
207024,Vareebadd Phone,1,5/24/2019 14:33
207025,Bose SoundSport Headphones,1,5/17/2019 13:38
207026,Apple Airpods Headphones,1,5/25/2019 16:18
207027,Wired Headphones,2,5/27/2019 13:32
207028,Wired Headphones,1,5/10/2019 21:49
207029,AAA Batteries (4-pack),3,5/10/2019 19:30
207030,27in FHD Monitor,1,5/29/2019 17:05
207031,Wired Headphones,1,5/21/2019 18:48
207032,Lightning Charging Cable,1,5/24/2019 12:42
207033,iPhone,1,5/8/2019 12:09
207034,USB-C Charging Cable,1,5/13/2019 18:11
207035,27in FHD Monitor,1,5/27/2019 19:59
207036,AAA Batteries (4-pack),2,5/23/2019 14:47
207037,Wired Headphones,1,5/15/2019 12:56
207038,USB-C Charging Cable,1,5/25/2019 11:25
207039,Apple Airpods Headphones,1,5/13/2019 11:46
207040,Lightning Charging Cable,1,5/27/2019 7:38
207041,Lightning Charging Cable,1,5/22/2019 18:09
207042,USB-C Charging Cable,1,5/31/2019 0:59
207043,Lightning Charging Cable,1,5/30/2019 13:24
207044,Bose SoundSport Headphones,1,5/2/2019 14:04
207045,27in FHD Monitor,1,5/20/2019 23:49
207046,USB-C Charging Cable,1,5/26/2019 17:28
207047,USB-C Charging Cable,1,5/1/2019 17:20
207048,Wired Headphones,2,5/27/2019 17:16
207049,Lightning Charging Cable,2,5/25/2019 2:22
207050,Lightning Charging Cable,1,5/30/2019 20:03
207051,USB-C Charging Cable,1,5/10/2019 12:21
207052,Flatscreen TV,1,5/3/2019 5:46
207053,AA Batteries (4-pack),1,5/20/2019 23:36
207054,Lightning Charging Cable,1,5/30/2019 4:35
207055,Bose SoundSport Headphones,1,5/19/2019 12:53
207056,AAA Batteries (4-pack),1,5/20/2019 9:01
207057,AA Batteries (4-pack),1,5/11/2019 10:04
207058,Bose SoundSport Headphones,1,5/11/2019 5:42
207059,27in FHD Monitor,1,5/7/2019 6:08
207060,Wired Headphones,1,5/12/2019 11:18
207061,27in FHD Monitor,1,5/9/2019 12:39
207062,Lightning Charging Cable,1,5/26/2019 15:23
207063,Lightning Charging Cable,1,5/5/2019 18:04
207064,34in Ultrawide Monitor,1,5/6/2019 7:28
207065,Apple Airpods Headphones,1,5/15/2019 12:31
207065,Google Phone,1,5/15/2019 12:31
207066,Flatscreen TV,1,5/24/2019 0:41
207067,34in Ultrawide Monitor,1,5/6/2019 11:31
207068,27in 4K Gaming Monitor,1,5/30/2019 17:43
207069,AA Batteries (4-pack),1,5/17/2019 16:17
207070,iPhone,1,5/9/2019 20:31
207071,Lightning Charging Cable,1,5/24/2019 17:01
207072,Lightning Charging Cable,1,5/11/2019 23:16
207073,Lightning Charging Cable,1,5/6/2019 22:10
207074,AAA Batteries (4-pack),1,5/7/2019 16:21
207075,27in 4K Gaming Monitor,1,5/27/2019 16:00
207076,ThinkPad Laptop,1,5/10/2019 14:04
207077,AAA Batteries (4-pack),1,5/14/2019 20:42
207078,Lightning Charging Cable,1,5/7/2019 17:05
207079,Lightning Charging Cable,1,5/22/2019 19:50
207080,AA Batteries (4-pack),1,5/12/2019 20:13
207081,iPhone,1,5/13/2019 1:38
207082,Bose SoundSport Headphones,1,5/8/2019 13:32
207083,34in Ultrawide Monitor,1,5/20/2019 9:28
207084,iPhone,1,5/29/2019 19:28
207085,Apple Airpods Headphones,1,5/23/2019 13:41
207086,AA Batteries (4-pack),1,5/18/2019 18:24
207087,USB-C Charging Cable,1,5/23/2019 13:04
207088,Apple Airpods Headphones,1,5/17/2019 10:24
207089,Lightning Charging Cable,1,5/24/2019 8:34
207090,AA Batteries (4-pack),1,5/28/2019 12:48
207091,AAA Batteries (4-pack),3,5/27/2019 12:44
207092,AAA Batteries (4-pack),1,5/19/2019 21:07
207093,Wired Headphones,1,5/12/2019 20:25
207094,AAA Batteries (4-pack),1,5/8/2019 9:16
207095,iPhone,1,5/20/2019 21:31
207096,AAA Batteries (4-pack),1,5/3/2019 18:27
207097,iPhone,1,5/13/2019 20:11
207098,AAA Batteries (4-pack),2,5/7/2019 21:59
207099,AA Batteries (4-pack),1,5/29/2019 14:32
207099,Apple Airpods Headphones,1,5/29/2019 14:32
207100,34in Ultrawide Monitor,1,5/5/2019 16:40
207101,Wired Headphones,1,5/16/2019 7:03
207102,AA Batteries (4-pack),1,5/9/2019 9:11
207103,AAA Batteries (4-pack),2,5/8/2019 20:46
207104,Apple Airpods Headphones,1,5/4/2019 9:10
207105,Bose SoundSport Headphones,1,5/24/2019 12:00
207106,34in Ultrawide Monitor,1,5/7/2019 10:33
207107,USB-C Charging Cable,1,5/6/2019 21:18
207108,Apple Airpods Headphones,1,5/1/2019 21:02
207109,Wired Headphones,1,5/17/2019 0:08
207110,Apple Airpods Headphones,1,5/7/2019 19:52
207111,34in Ultrawide Monitor,1,5/9/2019 17:35
207112,Bose SoundSport Headphones,1,5/24/2019 22:51
207113,AAA Batteries (4-pack),2,5/16/2019 19:04
207114,AAA Batteries (4-pack),1,5/28/2019 12:20
207115,Lightning Charging Cable,1,5/12/2019 10:15
207116,Bose SoundSport Headphones,1,5/2/2019 11:26
207117,Apple Airpods Headphones,1,5/17/2019 14:14
207118,AAA Batteries (4-pack),1,5/4/2019 9:03
207119,AA Batteries (4-pack),2,5/11/2019 10:37
207120,USB-C Charging Cable,1,5/21/2019 21:16
207121,AAA Batteries (4-pack),1,5/29/2019 10:39
207122,Macbook Pro Laptop,1,5/22/2019 14:31
207123,Wired Headphones,1,5/1/2019 10:10
207124,iPhone,1,5/26/2019 16:36
207125,Bose SoundSport Headphones,1,5/9/2019 21:00
207126,27in 4K Gaming Monitor,1,5/13/2019 13:16
207127,AAA Batteries (4-pack),2,5/14/2019 4:50
207128,Bose SoundSport Headphones,1,5/2/2019 9:59
207129,Google Phone,1,5/23/2019 16:52
207130,Bose SoundSport Headphones,1,5/25/2019 13:45
207131,Apple Airpods Headphones,1,5/17/2019 4:42
207132,Lightning Charging Cable,1,5/27/2019 8:43
207133,AAA Batteries (4-pack),1,5/12/2019 22:55
207134,Wired Headphones,1,5/28/2019 11:34
207135,Apple Airpods Headphones,1,5/24/2019 20:01
207136,iPhone,1,5/29/2019 20:30
207136,Lightning Charging Cable,1,5/29/2019 20:30
207137,Wired Headphones,1,5/22/2019 15:12
207138,USB-C Charging Cable,1,5/27/2019 21:20
207139,27in FHD Monitor,1,5/14/2019 18:41
207140,iPhone,1,5/19/2019 11:29
207141,LG Dryer,1,5/27/2019 19:03
207142,Flatscreen TV,1,5/14/2019 19:46
207143,USB-C Charging Cable,1,5/27/2019 18:42
207144,AAA Batteries (4-pack),2,5/17/2019 8:59
207145,Lightning Charging Cable,1,5/2/2019 18:24
207146,Lightning Charging Cable,1,5/14/2019 16:01
207147,Wired Headphones,1,5/17/2019 18:24
207148,20in Monitor,1,5/2/2019 11:30
207149,USB-C Charging Cable,1,5/10/2019 13:22
207150,AAA Batteries (4-pack),2,5/21/2019 19:42
207151,20in Monitor,1,5/7/2019 19:22
207152,Wired Headphones,1,5/19/2019 18:14
207153,Google Phone,1,5/11/2019 21:12
207154,Macbook Pro Laptop,1,5/18/2019 14:40
207155,Lightning Charging Cable,1,5/22/2019 20:57
207156,Wired Headphones,2,5/11/2019 23:26
207157,27in 4K Gaming Monitor,1,5/21/2019 18:48
207158,USB-C Charging Cable,1,5/16/2019 7:20
207159,AAA Batteries (4-pack),1,5/17/2019 10:49
207160,AA Batteries (4-pack),4,5/2/2019 23:15
207161,20in Monitor,1,5/3/2019 20:33
207162,Lightning Charging Cable,1,5/10/2019 8:32
207163,USB-C Charging Cable,1,5/20/2019 11:45
207164,Bose SoundSport Headphones,1,5/9/2019 18:36
207165,Apple Airpods Headphones,1,5/14/2019 0:02
207166,Apple Airpods Headphones,1,5/11/2019 20:26
207167,27in FHD Monitor,1,5/22/2019 21:13
207168,27in 4K Gaming Monitor,1,5/12/2019 23:08
207169,AA Batteries (4-pack),1,5/10/2019 10:50
207170,AA Batteries (4-pack),2,5/8/2019 22:02
207171,27in 4K Gaming Monitor,1,5/29/2019 22:56
207172,Wired Headphones,1,5/19/2019 15:13
207173,AA Batteries (4-pack),1,5/4/2019 13:48
207174,34in Ultrawide Monitor,1,5/27/2019 16:21
207175,AA Batteries (4-pack),1,5/24/2019 21:58
207176,Vareebadd Phone,1,5/17/2019 4:52
207176,USB-C Charging Cable,1,5/17/2019 4:52
207177,AA Batteries (4-pack),1,5/26/2019 3:32
207178,Wired Headphones,1,5/20/2019 17:02
207179,USB-C Charging Cable,1,5/14/2019 12:21
207180,USB-C Charging Cable,1,5/26/2019 19:35
207181,Lightning Charging Cable,1,5/27/2019 10:52
207182,Bose SoundSport Headphones,1,5/2/2019 20:17
207183,Lightning Charging Cable,1,5/13/2019 17:45
207184,27in FHD Monitor,1,5/29/2019 17:15
207185,AAA Batteries (4-pack),1,5/6/2019 18:46
207186,Wired Headphones,1,5/27/2019 3:06
207187,AAA Batteries (4-pack),1,5/4/2019 20:35
207188,20in Monitor,1,5/27/2019 5:31
207189,34in Ultrawide Monitor,1,5/15/2019 16:12
207190,Google Phone,1,5/16/2019 20:45
207191,20in Monitor,1,5/10/2019 8:08
207192,Bose SoundSport Headphones,1,5/6/2019 10:08
207193,Wired Headphones,1,5/22/2019 2:21
207194,Bose SoundSport Headphones,1,5/16/2019 18:08
207195,Google Phone,1,5/26/2019 1:04
207196,AAA Batteries (4-pack),1,5/5/2019 13:55
207197,Flatscreen TV,1,5/23/2019 9:23
207198,USB-C Charging Cable,1,5/13/2019 19:54
207199,Apple Airpods Headphones,1,5/26/2019 9:30
207200,Lightning Charging Cable,1,5/13/2019 14:30
207201,AA Batteries (4-pack),5,5/7/2019 13:10
207202,Wired Headphones,1,5/10/2019 11:31
207203,27in FHD Monitor,1,5/1/2019 15:03
207204,USB-C Charging Cable,1,5/6/2019 19:22
207205,AA Batteries (4-pack),1,5/9/2019 21:06
207206,Lightning Charging Cable,1,5/1/2019 16:12
207207,Lightning Charging Cable,1,5/5/2019 21:07
207208,Wired Headphones,1,5/11/2019 22:04
207209,Macbook Pro Laptop,1,5/15/2019 17:13
207210,20in Monitor,1,5/24/2019 19:35
207211,AA Batteries (4-pack),2,5/7/2019 13:09
207212,AA Batteries (4-pack),1,5/12/2019 9:20
207213,Bose SoundSport Headphones,1,5/19/2019 5:47
207214,iPhone,1,5/27/2019 6:00
207215,AAA Batteries (4-pack),1,5/16/2019 21:57
207216,USB-C Charging Cable,1,5/17/2019 12:59
207217,Wired Headphones,1,5/13/2019 16:13
207218,Wired Headphones,1,5/16/2019 14:00
207219,Wired Headphones,2,5/9/2019 20:15
207220,AAA Batteries (4-pack),1,5/1/2019 8:03
207221,iPhone,1,5/15/2019 18:52
207222,AAA Batteries (4-pack),1,5/18/2019 17:29
207223,27in FHD Monitor,1,5/12/2019 18:20
207224,AA Batteries (4-pack),1,5/22/2019 12:17
207225,Lightning Charging Cable,1,5/11/2019 17:58
207226,Lightning Charging Cable,1,5/27/2019 20:37
207227,27in 4K Gaming Monitor,1,5/8/2019 19:29
207228,USB-C Charging Cable,1,5/13/2019 10:41
207229,27in 4K Gaming Monitor,1,5/1/2019 21:55
207230,27in 4K Gaming Monitor,1,5/2/2019 12:50
207231,USB-C Charging Cable,1,5/27/2019 0:12
207232,Google Phone,1,5/3/2019 12:46
207232,USB-C Charging Cable,1,5/3/2019 12:46
207233,Google Phone,1,5/11/2019 14:23
207233,USB-C Charging Cable,2,5/11/2019 14:23
207234,USB-C Charging Cable,2,5/15/2019 15:06
207235,AA Batteries (4-pack),4,5/31/2019 12:55
,,,
207236,Lightning Charging Cable,1,5/11/2019 14:01
207237,Wired Headphones,1,5/25/2019 10:52
207238,AAA Batteries (4-pack),1,5/25/2019 17:24
207239,Wired Headphones,1,5/1/2019 23:20
207240,Lightning Charging Cable,1,5/26/2019 11:53
207241,Apple Airpods Headphones,1,5/13/2019 12:12
207242,AA Batteries (4-pack),2,5/23/2019 9:25
207243,AAA Batteries (4-pack),1,5/29/2019 8:38
207244,Wired Headphones,1,5/22/2019 12:13
207245,iPhone,1,5/24/2019 21:11
207246,34in Ultrawide Monitor,1,5/10/2019 11:03
207247,USB-C Charging Cable,1,5/19/2019 18:41
207248,Lightning Charging Cable,1,5/6/2019 10:29
207249,20in Monitor,1,5/14/2019 11:40
207250,AA Batteries (4-pack),1,5/12/2019 12:06
207251,Lightning Charging Cable,1,5/29/2019 7:48
207252,Lightning Charging Cable,1,5/3/2019 18:32
207253,Macbook Pro Laptop,1,5/4/2019 14:52
207254,Apple Airpods Headphones,1,5/21/2019 11:27
207255,27in 4K Gaming Monitor,1,5/31/2019 16:16
207256,AA Batteries (4-pack),2,5/18/2019 19:57
207257,Lightning Charging Cable,1,5/9/2019 19:10
207258,Apple Airpods Headphones,1,5/29/2019 6:04
207259,Flatscreen TV,1,5/31/2019 9:07
207260,34in Ultrawide Monitor,1,5/14/2019 22:10
207261,Apple Airpods Headphones,1,5/13/2019 0:07
207262,27in 4K Gaming Monitor,1,5/11/2019 21:33
207263,AA Batteries (4-pack),1,5/26/2019 14:46
207264,AAA Batteries (4-pack),1,5/9/2019 21:13
207265,AAA Batteries (4-pack),1,5/24/2019 14:46
207266,Bose SoundSport Headphones,1,5/4/2019 0:22
207267,AAA Batteries (4-pack),2,5/22/2019 12:10
207268,27in FHD Monitor,1,5/15/2019 11:21
207269,Lightning Charging Cable,1,5/17/2019 10:19
207270,iPhone,1,5/5/2019 18:48
207270,Lightning Charging Cable,1,5/5/2019 18:48
207271,USB-C Charging Cable,1,5/7/2019 21:37
207272,USB-C Charging Cable,1,5/18/2019 18:28
207273,iPhone,1,5/12/2019 20:01
207274,Google Phone,1,5/24/2019 12:03
207275,Macbook Pro Laptop,1,5/8/2019 9:15
207276,Lightning Charging Cable,1,5/9/2019 12:04
207277,Macbook Pro Laptop,1,5/19/2019 23:16
207278,USB-C Charging Cable,1,5/5/2019 23:38
207279,iPhone,1,5/7/2019 1:31
207280,USB-C Charging Cable,2,5/3/2019 0:14
207281,iPhone,1,5/6/2019 12:45
207282,Lightning Charging Cable,1,5/27/2019 16:53
207283,Google Phone,1,5/29/2019 11:31
207284,20in Monitor,1,5/3/2019 14:45
207285,USB-C Charging Cable,1,5/26/2019 19:39
207286,Apple Airpods Headphones,1,5/30/2019 11:36
207287,LG Dryer,1,5/8/2019 14:20
207288,USB-C Charging Cable,1,5/14/2019 20:45
207289,Lightning Charging Cable,1,5/8/2019 19:56
207290,Lightning Charging Cable,1,5/6/2019 23:01
207291,20in Monitor,1,5/29/2019 22:19
207292,Apple Airpods Headphones,1,5/29/2019 18:19
207293,ThinkPad Laptop,1,5/28/2019 14:13
207294,Google Phone,1,5/23/2019 17:49
207295,AAA Batteries (4-pack),1,5/18/2019 23:34
207296,Apple Airpods Headphones,1,5/30/2019 6:01
207297,Apple Airpods Headphones,1,5/22/2019 11:19
207298,USB-C Charging Cable,1,5/27/2019 12:30
207299,USB-C Charging Cable,1,5/27/2019 10:32
207300,AAA Batteries (4-pack),2,5/5/2019 15:10
207301,iPhone,1,5/3/2019 11:56
207301,Wired Headphones,1,5/3/2019 11:56
207302,27in 4K Gaming Monitor,1,5/24/2019 13:32
207303,Lightning Charging Cable,1,5/16/2019 8:07
207304,Lightning Charging Cable,1,5/7/2019 18:25
207305,Apple Airpods Headphones,1,5/17/2019 22:31
207306,Lightning Charging Cable,1,5/4/2019 4:40
207307,27in FHD Monitor,1,5/22/2019 12:55
207308,USB-C Charging Cable,1,5/2/2019 19:58
207309,34in Ultrawide Monitor,1,5/8/2019 19:20
207310,AA Batteries (4-pack),1,5/26/2019 15:48
207311,USB-C Charging Cable,1,5/21/2019 20:47
207312,AAA Batteries (4-pack),1,5/21/2019 16:31
207313,AAA Batteries (4-pack),1,5/5/2019 13:54
207314,iPhone,1,5/7/2019 12:57
207314,Wired Headphones,1,5/7/2019 12:57
207315,Wired Headphones,1,5/23/2019 8:15
207316,Apple Airpods Headphones,1,5/11/2019 0:38
207317,27in FHD Monitor,1,5/6/2019 0:15
207318,LG Washing Machine,1,5/3/2019 11:39
207319,Wired Headphones,1,5/8/2019 10:54
207320,Macbook Pro Laptop,1,5/2/2019 21:04
207321,Lightning Charging Cable,2,5/3/2019 20:44
207322,AA Batteries (4-pack),1,5/8/2019 20:41
207323,AAA Batteries (4-pack),2,5/8/2019 16:35
207324,Bose SoundSport Headphones,1,5/3/2019 20:50
207325,Wired Headphones,2,5/22/2019 15:26
207326,iPhone,1,5/16/2019 17:40
207327,AA Batteries (4-pack),1,5/4/2019 0:06
207328,27in FHD Monitor,1,5/11/2019 21:55
207329,Wired Headphones,1,5/17/2019 17:09
207330,Lightning Charging Cable,1,5/18/2019 9:50
207331,AAA Batteries (4-pack),1,5/9/2019 20:00
207332,Lightning Charging Cable,1,5/29/2019 17:29
207333,Bose SoundSport Headphones,1,5/10/2019 23:09
207333,27in 4K Gaming Monitor,1,5/10/2019 23:09
207334,Google Phone,1,5/11/2019 16:29
207335,Flatscreen TV,1,5/3/2019 13:58
207336,Apple Airpods Headphones,1,5/11/2019 21:22
207337,20in Monitor,1,5/27/2019 6:10
207338,Flatscreen TV,1,5/9/2019 22:24
207339,Apple Airpods Headphones,1,5/8/2019 11:10
207340,USB-C Charging Cable,1,5/27/2019 8:19
207341,Apple Airpods Headphones,1,5/9/2019 10:51
207342,Vareebadd Phone,1,5/3/2019 11:40
207342,Wired Headphones,1,5/3/2019 11:40
207343,Lightning Charging Cable,2,5/19/2019 13:30
207344,Lightning Charging Cable,1,5/2/2019 15:47
207345,Bose SoundSport Headphones,1,5/16/2019 17:57
207346,27in FHD Monitor,1,5/3/2019 13:24
207347,Macbook Pro Laptop,1,5/9/2019 22:26
207348,27in FHD Monitor,1,5/26/2019 12:48
207349,USB-C Charging Cable,1,5/8/2019 21:17
207350,Wired Headphones,1,5/25/2019 9:32
207351,Wired Headphones,1,5/13/2019 0:20
207352,Wired Headphones,1,5/22/2019 22:30
207353,Lightning Charging Cable,1,5/5/2019 19:34
207354,Wired Headphones,1,5/31/2019 12:38
207355,Apple Airpods Headphones,1,5/19/2019 0:27
207356,Bose SoundSport Headphones,1,5/20/2019 9:43
207357,27in FHD Monitor,1,5/12/2019 16:27
207358,AAA Batteries (4-pack),1,5/30/2019 15:43
207359,AA Batteries (4-pack),1,5/28/2019 20:00
207360,Wired Headphones,1,5/13/2019 19:16
207361,USB-C Charging Cable,1,5/3/2019 19:49
207362,AAA Batteries (4-pack),1,5/8/2019 18:18
207363,Lightning Charging Cable,1,5/2/2019 12:53
207364,Lightning Charging Cable,1,5/18/2019 14:26
207365,Lightning Charging Cable,1,5/29/2019 5:23
207366,AAA Batteries (4-pack),1,5/1/2019 21:13
207367,34in Ultrawide Monitor,1,5/30/2019 20:50
207368,USB-C Charging Cable,1,5/29/2019 16:07
207369,27in FHD Monitor,1,5/10/2019 17:06
207369,USB-C Charging Cable,1,5/10/2019 17:06
207370,AAA Batteries (4-pack),1,5/15/2019 16:21
207371,AA Batteries (4-pack),1,5/14/2019 10:22
207372,AAA Batteries (4-pack),5,5/21/2019 17:29
207373,AA Batteries (4-pack),1,5/5/2019 12:30
207374,AA Batteries (4-pack),1,5/14/2019 20:30
207375,Bose SoundSport Headphones,1,5/19/2019 12:52
207376,Apple Airpods Headphones,1,5/11/2019 10:18
207377,20in Monitor,1,5/13/2019 19:29
207378,27in 4K Gaming Monitor,1,5/13/2019 14:02
207379,Google Phone,1,5/29/2019 18:24
207379,Wired Headphones,1,5/29/2019 18:24
207380,Macbook Pro Laptop,1,5/23/2019 18:27
207381,USB-C Charging Cable,1,5/1/2019 18:09
207382,Wired Headphones,1,5/10/2019 16:22
207383,AAA Batteries (4-pack),2,5/15/2019 16:41
207384,Google Phone,1,5/17/2019 17:15
207385,USB-C Charging Cable,1,5/22/2019 10:56
207386,Flatscreen TV,1,5/24/2019 18:28
207387,Apple Airpods Headphones,1,5/20/2019 14:18
207388,27in 4K Gaming Monitor,1,5/23/2019 0:52
207389,Bose SoundSport Headphones,1,5/10/2019 12:39
207390,27in FHD Monitor,1,5/19/2019 23:20
207391,iPhone,1,5/30/2019 17:08
207392,27in 4K Gaming Monitor,1,5/11/2019 12:07
207393,AA Batteries (4-pack),1,5/23/2019 23:16
207394,Lightning Charging Cable,1,5/7/2019 14:49
207395,USB-C Charging Cable,1,5/18/2019 7:44
207395,USB-C Charging Cable,1,5/18/2019 7:44
207396,Wired Headphones,1,5/30/2019 22:10
207397,AAA Batteries (4-pack),1,5/13/2019 15:35
207398,USB-C Charging Cable,1,5/8/2019 15:57
207399,Lightning Charging Cable,2,5/19/2019 9:56
207400,Flatscreen TV,1,5/14/2019 20:59
207401,Lightning Charging Cable,1,5/6/2019 9:28
207402,27in 4K Gaming Monitor,1,5/9/2019 20:01
207403,Bose SoundSport Headphones,1,5/9/2019 12:01
207404,27in 4K Gaming Monitor,1,5/19/2019 18:08
207405,20in Monitor,1,5/6/2019 10:58
207406,AA Batteries (4-pack),1,5/12/2019 14:40
207407,27in FHD Monitor,1,5/11/2019 14:36
207408,AAA Batteries (4-pack),1,5/29/2019 23:46
207409,Google Phone,1,5/10/2019 14:42
207410,USB-C Charging Cable,1,5/20/2019 20:44
207411,27in FHD Monitor,1,5/12/2019 17:21
207412,AAA Batteries (4-pack),1,5/19/2019 12:20
207413,Lightning Charging Cable,1,5/12/2019 17:43
207414,AA Batteries (4-pack),1,5/16/2019 22:45
207415,Google Phone,1,5/19/2019 13:26
207415,USB-C Charging Cable,1,5/19/2019 13:26
207416,iPhone,1,5/7/2019 17:28
207417,Google Phone,1,5/21/2019 9:20
207418,Wired Headphones,1,5/20/2019 8:53
207419,27in FHD Monitor,1,5/8/2019 19:13
207420,USB-C Charging Cable,1,5/17/2019 18:53
207421,AAA Batteries (4-pack),1,5/2/2019 22:16
207422,Lightning Charging Cable,1,5/3/2019 8:22
207423,Apple Airpods Headphones,1,5/17/2019 21:04
207424,27in FHD Monitor,1,5/8/2019 13:59
207425,Bose SoundSport Headphones,1,5/27/2019 19:49
207426,Flatscreen TV,1,5/8/2019 22:59
207427,Apple Airpods Headphones,1,5/31/2019 14:55
207428,AAA Batteries (4-pack),2,5/5/2019 13:44
207429,AA Batteries (4-pack),1,5/5/2019 13:39
207430,Lightning Charging Cable,1,5/11/2019 9:47
207431,AA Batteries (4-pack),1,5/3/2019 16:02
207432,Apple Airpods Headphones,1,5/12/2019 16:15
207433,USB-C Charging Cable,1,5/19/2019 12:14
207434,AAA Batteries (4-pack),1,5/14/2019 20:22
207435,AAA Batteries (4-pack),3,5/11/2019 22:57
207436,AA Batteries (4-pack),1,5/14/2019 10:09
207437,Wired Headphones,1,5/28/2019 18:29
207438,USB-C Charging Cable,1,5/4/2019 19:09
207439,Wired Headphones,1,5/16/2019 16:09
207440,AA Batteries (4-pack),1,5/15/2019 19:50
207441,AAA Batteries (4-pack),2,5/20/2019 9:03
207442,Apple Airpods Headphones,1,5/29/2019 23:23
207443,Apple Airpods Headphones,1,5/7/2019 15:52
207444,Lightning Charging Cable,1,5/28/2019 13:49
207444,USB-C Charging Cable,1,5/28/2019 13:49
207445,Lightning Charging Cable,1,5/25/2019 22:29
207446,AA Batteries (4-pack),1,5/30/2019 10:42
207447,USB-C Charging Cable,1,5/12/2019 15:37
207448,20in Monitor,1,5/18/2019 7:58
207449,Google Phone,1,5/2/2019 0:02
207450,iPhone,1,5/25/2019 23:25
207450,Lightning Charging Cable,1,5/25/2019 23:25
207451,AA Batteries (4-pack),2,5/10/2019 18:40
207452,AAA Batteries (4-pack),2,5/28/2019 19:58
207453,Wired Headphones,1,5/10/2019 17:17
207454,27in 4K Gaming Monitor,1,5/7/2019 17:09
207455,Wired Headphones,1,5/23/2019 15:48
207456,Flatscreen TV,1,5/1/2019 19:52
207457,Flatscreen TV,1,5/24/2019 12:08
207458,Apple Airpods Headphones,1,5/12/2019 10:59
207459,Lightning Charging Cable,1,5/18/2019 19:47
207460,AA Batteries (4-pack),1,5/27/2019 14:46
207461,Flatscreen TV,1,5/26/2019 14:00
207461,iPhone,1,5/26/2019 14:00
207462,USB-C Charging Cable,1,5/9/2019 19:21
207463,AA Batteries (4-pack),1,5/10/2019 18:06
207464,27in 4K Gaming Monitor,1,5/14/2019 19:59
207465,Macbook Pro Laptop,1,5/23/2019 10:24
207466,Bose SoundSport Headphones,1,5/7/2019 23:10
207467,AA Batteries (4-pack),1,5/31/2019 21:51
207468,AA Batteries (4-pack),2,5/29/2019 10:20
207469,Vareebadd Phone,1,5/24/2019 8:46
207470,Wired Headphones,1,5/16/2019 21:48
207471,USB-C Charging Cable,1,5/12/2019 13:47
207472,Wired Headphones,3,5/7/2019 23:35
207473,ThinkPad Laptop,1,5/26/2019 20:06
207474,Apple Airpods Headphones,1,5/26/2019 22:14
Order ID,Product,Quantity Ordered,Order Date
207475,Lightning Charging Cable,1,5/6/2019 16:48
207476,Lightning Charging Cable,1,5/2/2019 19:48
207477,AAA Batteries (4-pack),1,5/16/2019 17:57
207478,Lightning Charging Cable,1,5/4/2019 10:01
207479,Lightning Charging Cable,1,5/17/2019 8:27
207480,Wired Headphones,1,5/21/2019 20:26
207481,USB-C Charging Cable,1,5/4/2019 10:54
207482,AA Batteries (4-pack),1,5/27/2019 11:58
207483,Bose SoundSport Headphones,1,5/12/2019 15:49
207484,27in FHD Monitor,1,5/26/2019 16:24
207485,27in 4K Gaming Monitor,1,5/7/2019 17:37
207486,Lightning Charging Cable,1,5/10/2019 0:24
207487,AA Batteries (4-pack),3,5/24/2019 15:13
207488,Google Phone,1,5/31/2019 14:30
207488,USB-C Charging Cable,1,5/31/2019 14:30
207489,USB-C Charging Cable,1,5/24/2019 8:16
207490,Lightning Charging Cable,2,5/18/2019 8:03
207491,27in FHD Monitor,1,5/24/2019 12:22
207492,Wired Headphones,2,5/12/2019 2:36
207493,Wired Headphones,1,5/8/2019 7:25
207494,USB-C Charging Cable,3,5/22/2019 23:03
207495,AAA Batteries (4-pack),1,5/19/2019 23:27
207496,Wired Headphones,1,5/27/2019 12:30
207497,Lightning Charging Cable,1,5/13/2019 14:06
207498,27in 4K Gaming Monitor,1,5/4/2019 18:09
207499,Wired Headphones,1,5/15/2019 23:24
207500,Wired Headphones,1,5/10/2019 0:14
207501,Wired Headphones,1,5/7/2019 22:46
207502,27in 4K Gaming Monitor,1,5/23/2019 19:24
207503,Apple Airpods Headphones,1,5/22/2019 18:00
207504,Wired Headphones,1,5/7/2019 9:54
207505,USB-C Charging Cable,1,5/18/2019 8:12
207506,AA Batteries (4-pack),1,5/19/2019 16:25
207507,Apple Airpods Headphones,1,5/11/2019 18:42
207508,Apple Airpods Headphones,1,5/21/2019 0:07
207509,Lightning Charging Cable,1,5/7/2019 15:18
207510,Wired Headphones,1,5/4/2019 19:41
207511,iPhone,1,5/16/2019 12:51
207512,AA Batteries (4-pack),1,5/2/2019 18:01
207513,USB-C Charging Cable,2,5/19/2019 11:18
207514,Lightning Charging Cable,1,5/6/2019 14:05
207515,Apple Airpods Headphones,1,5/29/2019 6:34
207516,AAA Batteries (4-pack),1,5/10/2019 19:00
207517,AA Batteries (4-pack),1,5/6/2019 5:10
207518,Google Phone,1,5/2/2019 21:21
207519,AAA Batteries (4-pack),1,5/1/2019 14:11
207520,ThinkPad Laptop,1,5/26/2019 16:21
207521,AAA Batteries (4-pack),5,5/7/2019 9:58
207522,AAA Batteries (4-pack),2,5/27/2019 19:04
207523,Macbook Pro Laptop,1,5/4/2019 14:57
207524,Lightning Charging Cable,1,5/11/2019 9:18
207525,Google Phone,1,5/13/2019 18:53
207525,USB-C Charging Cable,2,5/13/2019 18:53
207526,AAA Batteries (4-pack),1,5/6/2019 23:39
207527,AAA Batteries (4-pack),5,5/30/2019 19:19
207528,Lightning Charging Cable,1,5/3/2019 22:08
207529,Wired Headphones,1,5/7/2019 14:22
207530,Wired Headphones,1,5/25/2019 10:44
207531,Bose SoundSport Headphones,1,5/17/2019 12:47
207532,27in FHD Monitor,1,5/3/2019 8:12
207533,Apple Airpods Headphones,1,5/17/2019 17:39
207534,Wired Headphones,1,5/1/2019 23:44
207535,Lightning Charging Cable,1,5/28/2019 9:38
207536,Google Phone,1,5/14/2019 18:57
207536,Bose SoundSport Headphones,1,5/14/2019 18:57
207537,20in Monitor,1,5/16/2019 1:13
207538,AA Batteries (4-pack),1,5/10/2019 13:21
207539,Lightning Charging Cable,1,5/29/2019 15:18
207540,iPhone,1,5/15/2019 20:49
207540,Lightning Charging Cable,1,5/15/2019 20:49
207541,Lightning Charging Cable,1,5/6/2019 18:39
207542,AA Batteries (4-pack),1,5/31/2019 18:47
207543,27in 4K Gaming Monitor,1,5/9/2019 9:10
207544,Google Phone,1,5/24/2019 9:27
207545,AA Batteries (4-pack),1,5/3/2019 19:54
207546,Macbook Pro Laptop,1,5/23/2019 22:14
207547,AA Batteries (4-pack),1,5/31/2019 11:16
207547,Bose SoundSport Headphones,1,5/31/2019 11:16
207548,Bose SoundSport Headphones,1,5/11/2019 3:24
207549,Apple Airpods Headphones,1,5/10/2019 11:17
207550,Lightning Charging Cable,1,5/10/2019 13:31
207551,LG Dryer,1,5/21/2019 21:24
207552,Lightning Charging Cable,1,5/1/2019 14:25
207553,AA Batteries (4-pack),1,5/13/2019 16:34
207554,iPhone,1,5/9/2019 19:24
207555,AAA Batteries (4-pack),1,5/19/2019 2:43
207556,AA Batteries (4-pack),1,5/15/2019 13:26
207557,Bose SoundSport Headphones,1,5/29/2019 18:04
207558,Macbook Pro Laptop,1,5/14/2019 8:59
207559,Lightning Charging Cable,1,5/3/2019 17:55
207560,USB-C Charging Cable,1,5/6/2019 22:06
207561,27in FHD Monitor,1,5/11/2019 20:45
207562,Wired Headphones,1,5/19/2019 18:05
207562,USB-C Charging Cable,1,5/19/2019 18:05
207563,Macbook Pro Laptop,1,5/28/2019 21:16
207564,Lightning Charging Cable,1,5/1/2019 13:34
207565,34in Ultrawide Monitor,1,5/6/2019 20:20
207566,27in FHD Monitor,1,5/25/2019 23:25
207567,AA Batteries (4-pack),1,5/20/2019 15:38
207568,Wired Headphones,1,5/13/2019 9:33
207569,AAA Batteries (4-pack),1,5/19/2019 5:21
207570,USB-C Charging Cable,2,5/6/2019 18:00
207571,iPhone,1,5/5/2019 21:15
207572,AA Batteries (4-pack),1,5/11/2019 22:45
207573,Apple Airpods Headphones,1,5/14/2019 18:46
207574,USB-C Charging Cable,2,5/25/2019 10:06
207575,Macbook Pro Laptop,1,5/4/2019 23:08
207576,27in FHD Monitor,1,5/17/2019 16:55
207577,Wired Headphones,1,5/9/2019 20:06
207578,AAA Batteries (4-pack),1,5/13/2019 18:08
207579,27in 4K Gaming Monitor,1,5/20/2019 22:58
207580,AAA Batteries (4-pack),1,5/14/2019 15:08
207581,AA Batteries (4-pack),2,5/1/2019 19:06
207582,Macbook Pro Laptop,1,5/28/2019 16:09
207583,Lightning Charging Cable,1,5/9/2019 18:54
207584,Apple Airpods Headphones,1,5/3/2019 12:02
207584,AAA Batteries (4-pack),1,5/3/2019 12:02
207585,AA Batteries (4-pack),2,5/20/2019 0:09
207586,Wired Headphones,2,5/19/2019 21:20
207587,AA Batteries (4-pack),1,5/20/2019 10:11
207588,AAA Batteries (4-pack),1,5/28/2019 21:47
207589,Apple Airpods Headphones,1,5/16/2019 8:19
207590,USB-C Charging Cable,1,5/3/2019 19:48
207591,Apple Airpods Headphones,1,5/21/2019 20:35
207592,27in 4K Gaming Monitor,1,5/30/2019 5:51
207593,AA Batteries (4-pack),1,5/30/2019 22:52
207594,USB-C Charging Cable,1,5/3/2019 12:39
207595,ThinkPad Laptop,1,5/8/2019 20:40
207596,34in Ultrawide Monitor,1,5/30/2019 9:58
207597,iPhone,1,5/27/2019 2:07
207598,Wired Headphones,2,5/17/2019 19:44
207599,27in FHD Monitor,1,5/31/2019 23:10
207600,Vareebadd Phone,1,5/31/2019 9:00
207601,AA Batteries (4-pack),1,5/6/2019 14:24
207602,20in Monitor,1,5/10/2019 5:17
207603,Bose SoundSport Headphones,1,5/21/2019 14:07
207604,Macbook Pro Laptop,1,5/15/2019 10:57
207605,Lightning Charging Cable,1,5/31/2019 11:34
207606,Macbook Pro Laptop,1,5/1/2019 22:06
207607,Lightning Charging Cable,2,5/26/2019 0:43
207608,AA Batteries (4-pack),1,5/18/2019 22:08
207609,Google Phone,1,5/31/2019 18:46
207610,USB-C Charging Cable,1,5/6/2019 13:25
207611,27in FHD Monitor,1,5/12/2019 9:38
207612,34in Ultrawide Monitor,1,5/12/2019 19:20
207613,Vareebadd Phone,1,5/30/2019 15:24
207613,Wired Headphones,1,5/30/2019 15:24
207614,AAA Batteries (4-pack),1,5/18/2019 9:43
207615,Wired Headphones,1,5/4/2019 20:12
207616,AA Batteries (4-pack),1,5/11/2019 20:05
207617,AA Batteries (4-pack),1,5/4/2019 14:17
207618,LG Dryer,1,5/23/2019 23:54
207619,Lightning Charging Cable,1,5/14/2019 18:01
207620,AAA Batteries (4-pack),1,5/6/2019 10:45
207621,AAA Batteries (4-pack),2,5/27/2019 0:07
207622,Google Phone,1,5/10/2019 9:19
207623,Apple Airpods Headphones,1,5/15/2019 7:35
207624,AA Batteries (4-pack),1,5/22/2019 18:16
207625,Macbook Pro Laptop,1,5/16/2019 20:10
207626,AA Batteries (4-pack),1,5/8/2019 11:15
207627,LG Dryer,1,5/21/2019 12:58
207628,USB-C Charging Cable,1,5/23/2019 7:02
207629,AAA Batteries (4-pack),2,5/7/2019 16:34
207630,AA Batteries (4-pack),1,5/17/2019 10:01
207631,Lightning Charging Cable,1,5/11/2019 2:55
207632,Apple Airpods Headphones,1,5/13/2019 17:21
207633,Lightning Charging Cable,1,5/2/2019 17:40
207634,AAA Batteries (4-pack),1,5/4/2019 12:36
207634,34in Ultrawide Monitor,1,5/4/2019 12:36
207635,Flatscreen TV,1,5/26/2019 13:53
207636,USB-C Charging Cable,1,5/4/2019 12:34
207637,Lightning Charging Cable,1,5/25/2019 11:13
207638,Lightning Charging Cable,1,5/4/2019 10:23
207639,34in Ultrawide Monitor,1,5/1/2019 18:29
207640,Macbook Pro Laptop,1,5/16/2019 16:55
207641,Apple Airpods Headphones,1,5/26/2019 20:42
207642,AAA Batteries (4-pack),1,5/14/2019 14:26
207643,AAA Batteries (4-pack),1,5/11/2019 10:47
207644,USB-C Charging Cable,1,5/14/2019 11:28
207645,Bose SoundSport Headphones,1,5/20/2019 0:04
207646,Lightning Charging Cable,1,5/17/2019 11:31
207647,Lightning Charging Cable,1,5/17/2019 11:53
207648,Wired Headphones,1,5/6/2019 22:40
207649,Google Phone,1,5/13/2019 0:58
207650,AA Batteries (4-pack),1,5/5/2019 21:40
207651,iPhone,1,5/10/2019 22:50
207652,iPhone,1,5/23/2019 10:01
207653,Wired Headphones,2,5/20/2019 23:31
207654,AA Batteries (4-pack),4,5/28/2019 14:35
207655,Wired Headphones,1,5/25/2019 21:46
207656,AAA Batteries (4-pack),1,5/13/2019 10:14
207657,Wired Headphones,1,5/28/2019 13:26
207658,Bose SoundSport Headphones,1,5/7/2019 16:26
207658,Bose SoundSport Headphones,1,5/7/2019 16:26
207659,AAA Batteries (4-pack),1,5/24/2019 19:16
207660,ThinkPad Laptop,1,5/12/2019 18:49
207661,AA Batteries (4-pack),1,5/25/2019 23:28
207662,Google Phone,1,5/23/2019 20:18
207663,AA Batteries (4-pack),1,5/7/2019 8:16
207664,27in 4K Gaming Monitor,1,5/27/2019 8:44
207665,ThinkPad Laptop,1,5/11/2019 23:45
207666,USB-C Charging Cable,1,5/17/2019 14:25
207667,Apple Airpods Headphones,1,5/25/2019 15:04
207668,AAA Batteries (4-pack),1,5/4/2019 15:12
207669,Apple Airpods Headphones,1,5/30/2019 19:42
207670,27in 4K Gaming Monitor,1,5/26/2019 16:54
207671,AA Batteries (4-pack),1,5/30/2019 22:58
207672,Apple Airpods Headphones,1,5/9/2019 14:07
207673,Wired Headphones,1,5/26/2019 15:43
207674,AA Batteries (4-pack),1,5/8/2019 11:40
207675,Lightning Charging Cable,1,5/10/2019 17:51
207676,20in Monitor,1,5/6/2019 16:18
207677,AAA Batteries (4-pack),2,5/19/2019 9:05
207677,AA Batteries (4-pack),1,5/19/2019 9:05
207678,Bose SoundSport Headphones,1,5/12/2019 9:17
207679,Wired Headphones,1,5/7/2019 19:32
207680,Lightning Charging Cable,1,5/18/2019 8:13
207681,Lightning Charging Cable,1,5/30/2019 18:32
207682,Lightning Charging Cable,1,5/25/2019 22:19
207683,34in Ultrawide Monitor,1,5/3/2019 21:44
207684,27in FHD Monitor,1,5/23/2019 19:39
207685,Apple Airpods Headphones,1,5/2/2019 13:51
207686,AA Batteries (4-pack),2,5/11/2019 18:24
207687,34in Ultrawide Monitor,1,5/7/2019 19:09
207688,AAA Batteries (4-pack),3,5/22/2019 17:22
207689,Apple Airpods Headphones,1,5/23/2019 22:44
207690,USB-C Charging Cable,1,5/19/2019 10:00
207691,ThinkPad Laptop,1,5/10/2019 18:01
Order ID,Product,Quantity Ordered,Order Date
207692,USB-C Charging Cable,1,5/23/2019 17:42
207693,AAA Batteries (4-pack),2,5/3/2019 22:22
207694,Wired Headphones,1,5/1/2019 20:18
207695,Lightning Charging Cable,1,5/12/2019 21:49
207696,27in FHD Monitor,1,5/8/2019 19:20
207697,Bose SoundSport Headphones,1,5/2/2019 13:21
207698,iPhone,1,5/1/2019 17:12
207698,Wired Headphones,1,5/1/2019 17:12
207699,AA Batteries (4-pack),1,5/30/2019 9:27
207700,Wired Headphones,1,5/9/2019 19:03
207701,USB-C Charging Cable,1,5/17/2019 13:32
207702,AA Batteries (4-pack),1,5/2/2019 12:43
207703,USB-C Charging Cable,1,5/1/2019 18:50
207704,Google Phone,1,5/20/2019 12:43
207705,AA Batteries (4-pack),1,5/21/2019 18:00
207706,34in Ultrawide Monitor,1,5/5/2019 16:44
207707,AAA Batteries (4-pack),1,5/21/2019 18:25
207708,AAA Batteries (4-pack),2,5/28/2019 14:47
207709,Bose SoundSport Headphones,1,5/20/2019 10:17
207710,USB-C Charging Cable,1,5/12/2019 10:36
207711,20in Monitor,1,5/9/2019 18:07
207712,USB-C Charging Cable,1,5/19/2019 18:43
207713,Apple Airpods Headphones,1,5/31/2019 17:25
207714,USB-C Charging Cable,1,5/2/2019 11:58
207715,Apple Airpods Headphones,1,5/16/2019 14:10
207716,AA Batteries (4-pack),1,5/10/2019 16:23
207717,Apple Airpods Headphones,1,5/4/2019 9:44
207718,27in FHD Monitor,1,5/4/2019 9:37
207719,Apple Airpods Headphones,1,5/17/2019 20:09
207720,27in 4K Gaming Monitor,1,5/17/2019 9:34
207721,20in Monitor,1,5/12/2019 13:20
207722,27in 4K Gaming Monitor,1,5/16/2019 13:10
207723,AAA Batteries (4-pack),1,5/19/2019 18:39
207724,AA Batteries (4-pack),1,5/21/2019 20:53
207725,iPhone,1,5/12/2019 19:30
207725,Wired Headphones,1,5/12/2019 19:30
207726,Bose SoundSport Headphones,1,5/29/2019 18:22
207727,iPhone,1,5/13/2019 19:24
207728,Wired Headphones,1,5/2/2019 20:09
207729,ThinkPad Laptop,1,5/18/2019 9:31
207730,ThinkPad Laptop,1,5/3/2019 14:06
207731,AAA Batteries (4-pack),2,5/5/2019 19:00
207732,Wired Headphones,1,5/22/2019 19:32
207733,Vareebadd Phone,1,5/20/2019 18:12
207734,AAA Batteries (4-pack),4,5/8/2019 15:48
207735,LG Dryer,1,5/26/2019 20:26
207736,Lightning Charging Cable,1,5/11/2019 13:26
207737,USB-C Charging Cable,1,5/30/2019 16:07
207738,Wired Headphones,1,5/8/2019 10:33
207739,Lightning Charging Cable,1,5/20/2019 19:07
207740,AA Batteries (4-pack),1,5/6/2019 15:13
207741,USB-C Charging Cable,1,5/28/2019 19:17
207742,27in FHD Monitor,1,5/3/2019 17:27
207743,AA Batteries (4-pack),1,5/23/2019 7:02
207744,Wired Headphones,1,5/10/2019 12:48
207745,Apple Airpods Headphones,1,5/20/2019 18:31
207746,Bose SoundSport Headphones,1,5/5/2019 18:08
207747,AAA Batteries (4-pack),1,5/23/2019 17:04
207748,27in 4K Gaming Monitor,1,5/12/2019 21:10
207749,Bose SoundSport Headphones,1,5/23/2019 11:28
207750,34in Ultrawide Monitor,1,5/29/2019 17:02
207751,Lightning Charging Cable,1,5/25/2019 17:17
207752,Apple Airpods Headphones,1,5/8/2019 12:51
207753,USB-C Charging Cable,1,5/20/2019 16:27
207754,Lightning Charging Cable,1,5/24/2019 6:51
207755,Lightning Charging Cable,1,5/29/2019 15:13
207756,USB-C Charging Cable,1,5/2/2019 16:37
207757,34in Ultrawide Monitor,1,5/24/2019 16:27
207758,Bose SoundSport Headphones,1,5/23/2019 21:25
207759,Macbook Pro Laptop,1,5/16/2019 17:14
207760,Lightning Charging Cable,1,5/6/2019 18:41
207761,Apple Airpods Headphones,1,5/14/2019 17:49
207762,AAA Batteries (4-pack),1,5/27/2019 21:02
207763,ThinkPad Laptop,1,5/27/2019 10:26
207764,AA Batteries (4-pack),1,5/1/2019 17:43
207765,AA Batteries (4-pack),1,5/20/2019 1:14
207766,Wired Headphones,1,5/30/2019 11:15
207766,Lightning Charging Cable,1,5/30/2019 11:15
207767,Wired Headphones,1,5/12/2019 17:36
207768,AAA Batteries (4-pack),1,5/5/2019 12:41
207769,AAA Batteries (4-pack),1,5/21/2019 8:37
207770,AAA Batteries (4-pack),1,5/14/2019 17:57
207771,Lightning Charging Cable,1,5/10/2019 18:23
207772,LG Dryer,1,5/19/2019 1:24
207773,ThinkPad Laptop,1,5/8/2019 12:54
207773,AA Batteries (4-pack),1,5/8/2019 12:54
207774,USB-C Charging Cable,1,5/12/2019 12:26
207775,Macbook Pro Laptop,1,5/9/2019 18:16
207776,34in Ultrawide Monitor,1,5/12/2019 22:50
207777,Apple Airpods Headphones,1,5/21/2019 2:26
207778,27in 4K Gaming Monitor,1,5/2/2019 19:51
207779,Apple Airpods Headphones,1,5/31/2019 22:57
207780,Wired Headphones,2,5/6/2019 11:13
207781,USB-C Charging Cable,1,5/26/2019 8:28
207782,AAA Batteries (4-pack),2,5/28/2019 22:45
207783,USB-C Charging Cable,1,5/10/2019 12:35
207784,Lightning Charging Cable,1,5/18/2019 21:00
207785,Apple Airpods Headphones,1,5/26/2019 19:03
207786,Wired Headphones,1,5/8/2019 19:29
207787,AAA Batteries (4-pack),3,5/2/2019 7:01
207788,AA Batteries (4-pack),1,5/15/2019 6:10
207789,AA Batteries (4-pack),2,5/25/2019 20:12
207790,AAA Batteries (4-pack),1,5/8/2019 17:19
207791,Lightning Charging Cable,1,5/8/2019 19:11
207792,Macbook Pro Laptop,1,5/30/2019 22:03
207793,USB-C Charging Cable,1,5/2/2019 8:27
207794,iPhone,1,5/6/2019 19:19
207795,ThinkPad Laptop,1,5/11/2019 21:09
207796,USB-C Charging Cable,1,5/23/2019 0:40
207797,27in FHD Monitor,1,5/20/2019 21:07
207798,USB-C Charging Cable,1,5/7/2019 18:10
207799,Flatscreen TV,1,5/27/2019 5:33
207800,Bose SoundSport Headphones,1,5/21/2019 20:47
207801,USB-C Charging Cable,1,5/3/2019 11:22
207802,AA Batteries (4-pack),2,5/28/2019 6:23
207803,AAA Batteries (4-pack),1,5/19/2019 21:21
207804,AA Batteries (4-pack),1,5/11/2019 21:46
207805,AAA Batteries (4-pack),2,5/20/2019 16:40
207806,27in 4K Gaming Monitor,1,5/18/2019 10:36
207807,Lightning Charging Cable,1,5/4/2019 19:46
207808,AA Batteries (4-pack),1,5/22/2019 1:51
207809,Lightning Charging Cable,1,5/8/2019 17:09
207810,AA Batteries (4-pack),1,5/27/2019 1:47
207811,ThinkPad Laptop,1,5/17/2019 12:28
207812,Flatscreen TV,1,5/16/2019 16:23
207813,Lightning Charging Cable,1,5/9/2019 1:12
207814,Wired Headphones,1,5/10/2019 23:43
207814,Bose SoundSport Headphones,1,5/10/2019 23:43
207815,ThinkPad Laptop,1,5/4/2019 13:37
207816,Lightning Charging Cable,1,5/19/2019 5:25
207817,AA Batteries (4-pack),1,5/31/2019 20:22
207818,Bose SoundSport Headphones,1,5/2/2019 21:12
207819,Wired Headphones,1,5/5/2019 19:23
207820,AAA Batteries (4-pack),1,5/11/2019 19:40
207821,Vareebadd Phone,1,5/13/2019 1:49
207822,34in Ultrawide Monitor,1,5/6/2019 14:39
207823,Lightning Charging Cable,2,5/1/2019 20:26
207824,iPhone,1,5/26/2019 12:34
207825,USB-C Charging Cable,2,5/27/2019 21:09
207826,Apple Airpods Headphones,1,5/7/2019 16:48
207827,USB-C Charging Cable,1,5/4/2019 19:14
207828,iPhone,1,5/23/2019 19:56
207828,Lightning Charging Cable,2,5/23/2019 19:56
207829,27in FHD Monitor,1,5/29/2019 6:45
207830,27in 4K Gaming Monitor,1,5/29/2019 20:24
207831,Lightning Charging Cable,1,5/22/2019 20:22
207832,USB-C Charging Cable,1,5/26/2019 14:17
207833,27in FHD Monitor,1,5/3/2019 14:41
207833,Flatscreen TV,1,5/3/2019 14:41
207834,Wired Headphones,1,5/16/2019 13:08
207835,Flatscreen TV,1,5/30/2019 19:11
207836,USB-C Charging Cable,1,5/20/2019 20:45
207837,AAA Batteries (4-pack),1,5/20/2019 17:33
207838,AAA Batteries (4-pack),1,5/10/2019 16:57
207839,AA Batteries (4-pack),2,5/5/2019 14:59
207840,ThinkPad Laptop,1,5/4/2019 17:54
207841,Apple Airpods Headphones,1,5/24/2019 10:18
207842,Google Phone,1,5/12/2019 13:28
207843,Apple Airpods Headphones,1,5/8/2019 9:32
207844,AA Batteries (4-pack),1,5/26/2019 20:11
207845,AAA Batteries (4-pack),2,5/30/2019 10:52
207846,Vareebadd Phone,1,5/25/2019 13:12
207847,27in FHD Monitor,1,5/9/2019 21:34
207848,USB-C Charging Cable,1,5/13/2019 13:05
207849,AAA Batteries (4-pack),1,5/1/2019 17:58
207850,Apple Airpods Headphones,1,5/15/2019 14:25
207851,Bose SoundSport Headphones,1,5/16/2019 21:51
207852,USB-C Charging Cable,1,5/17/2019 14:37
207853,Wired Headphones,1,5/28/2019 11:02
207854,AA Batteries (4-pack),1,5/18/2019 9:01
207855,USB-C Charging Cable,1,5/31/2019 8:35
207856,27in 4K Gaming Monitor,1,5/12/2019 0:01
207857,AA Batteries (4-pack),1,5/7/2019 13:17
207858,27in FHD Monitor,1,5/30/2019 20:53
207859,AA Batteries (4-pack),1,5/3/2019 22:47
207860,Lightning Charging Cable,1,5/30/2019 18:10
207861,AAA Batteries (4-pack),1,5/9/2019 15:15
207862,Lightning Charging Cable,1,5/26/2019 17:49
207863,27in FHD Monitor,1,5/18/2019 15:39
207864,USB-C Charging Cable,1,5/11/2019 12:18
207865,AAA Batteries (4-pack),3,5/10/2019 7:48
207866,Flatscreen TV,1,5/17/2019 12:45
207867,27in FHD Monitor,1,5/13/2019 8:39
207868,AA Batteries (4-pack),1,5/28/2019 14:05
207869,Flatscreen TV,1,5/24/2019 8:09
207870,27in FHD Monitor,1,5/26/2019 20:48
207871,Lightning Charging Cable,1,5/24/2019 20:10
207872,Lightning Charging Cable,1,5/25/2019 11:07
207873,Flatscreen TV,1,5/31/2019 17:58
207874,AAA Batteries (4-pack),1,5/28/2019 22:47
207875,AAA Batteries (4-pack),1,5/18/2019 15:00
207876,27in 4K Gaming Monitor,1,5/24/2019 22:10
207877,Lightning Charging Cable,1,5/29/2019 11:57
207878,Wired Headphones,1,5/16/2019 21:55
207879,27in FHD Monitor,1,5/2/2019 9:24
207880,AAA Batteries (4-pack),3,5/13/2019 20:48
207881,AA Batteries (4-pack),1,5/30/2019 21:09
207882,Bose SoundSport Headphones,1,5/31/2019 16:53
207883,Lightning Charging Cable,1,5/19/2019 16:00
207884,Bose SoundSport Headphones,1,5/12/2019 6:42
207885,Flatscreen TV,1,5/18/2019 7:29
207886,USB-C Charging Cable,1,5/20/2019 0:03
207887,AAA Batteries (4-pack),2,5/14/2019 0:05
207888,Lightning Charging Cable,1,5/28/2019 21:44
207889,iPhone,1,5/31/2019 10:58
,,,
207890,AA Batteries (4-pack),1,5/27/2019 17:02
207891,Lightning Charging Cable,1,5/4/2019 9:43
207892,Wired Headphones,1,5/25/2019 21:01
207893,AAA Batteries (4-pack),1,5/20/2019 10:25
207894,AA Batteries (4-pack),1,5/25/2019 18:43
207895,iPhone,1,5/31/2019 19:35
207896,Apple Airpods Headphones,1,5/27/2019 11:23
207897,Lightning Charging Cable,1,5/20/2019 0:52
207898,Bose SoundSport Headphones,1,5/5/2019 9:30
207899,iPhone,1,5/25/2019 18:19
207900,Lightning Charging Cable,1,5/30/2019 23:30
207900,AA Batteries (4-pack),1,5/30/2019 23:30
207901,USB-C Charging Cable,1,5/6/2019 11:03
207902,AAA Batteries (4-pack),3,5/21/2019 18:50
207903,AA Batteries (4-pack),1,5/26/2019 9:57
207904,Flatscreen TV,1,5/22/2019 20:26
207905,Lightning Charging Cable,1,5/14/2019 12:37
207906,Apple Airpods Headphones,1,5/24/2019 15:15
207907,Lightning Charging Cable,1,5/2/2019 18:36
207908,iPhone,1,5/24/2019 9:12
207908,Lightning Charging Cable,1,5/24/2019 9:12
207909,AA Batteries (4-pack),2,5/6/2019 17:42
207910,USB-C Charging Cable,1,5/31/2019 9:23
207911,Bose SoundSport Headphones,1,5/23/2019 11:37
207912,Lightning Charging Cable,1,5/26/2019 12:39
207913,Lightning Charging Cable,1,5/15/2019 22:47
207914,AA Batteries (4-pack),1,5/28/2019 11:42
207915,Lightning Charging Cable,1,5/13/2019 7:16
207916,USB-C Charging Cable,1,5/4/2019 10:56
207917,34in Ultrawide Monitor,1,5/6/2019 12:50
207918,Lightning Charging Cable,1,5/25/2019 11:06
207919,AA Batteries (4-pack),1,5/26/2019 13:33
207920,USB-C Charging Cable,1,5/8/2019 17:24
207921,Lightning Charging Cable,1,5/21/2019 10:00
207922,AAA Batteries (4-pack),4,5/9/2019 15:21
207923,iPhone,1,5/14/2019 10:14
207923,USB-C Charging Cable,1,5/14/2019 10:14
207924,27in 4K Gaming Monitor,1,5/9/2019 12:44
207925,Macbook Pro Laptop,1,5/7/2019 8:16
207926,AA Batteries (4-pack),1,5/25/2019 18:43
207927,Wired Headphones,1,5/28/2019 14:05
207928,Lightning Charging Cable,1,5/9/2019 10:38
207929,USB-C Charging Cable,1,5/20/2019 19:21
207930,AA Batteries (4-pack),5,5/25/2019 13:40
207931,Lightning Charging Cable,1,5/7/2019 21:12
207932,LG Dryer,1,5/30/2019 15:08
207933,AA Batteries (4-pack),1,5/4/2019 20:23
207934,27in 4K Gaming Monitor,1,5/24/2019 0:15
207935,Google Phone,1,5/8/2019 15:23
207935,USB-C Charging Cable,1,5/8/2019 15:23
207935,Wired Headphones,1,5/8/2019 15:23
207936,AAA Batteries (4-pack),1,5/27/2019 10:15
207937,Lightning Charging Cable,1,5/9/2019 14:23
207938,USB-C Charging Cable,1,5/24/2019 19:13
207939,27in 4K Gaming Monitor,1,5/27/2019 20:44
207940,Wired Headphones,1,5/4/2019 9:37
207941,Apple Airpods Headphones,1,5/28/2019 18:46
207942,AA Batteries (4-pack),2,5/30/2019 18:46
207943,Google Phone,1,5/4/2019 12:53
207944,Google Phone,1,5/5/2019 9:04
207944,Wired Headphones,1,5/5/2019 9:04
207945,AAA Batteries (4-pack),4,5/3/2019 16:29
207946,AAA Batteries (4-pack),1,5/17/2019 9:12
207947,27in FHD Monitor,1,5/22/2019 10:42
207948,Lightning Charging Cable,1,5/26/2019 8:45
207949,Bose SoundSport Headphones,1,5/26/2019 11:36
207950,27in FHD Monitor,1,5/5/2019 20:44
207951,Wired Headphones,1,5/18/2019 8:28
207952,34in Ultrawide Monitor,1,5/23/2019 22:29
207953,Bose SoundSport Headphones,1,5/10/2019 14:32
207954,AAA Batteries (4-pack),1,5/10/2019 21:19
207955,Apple Airpods Headphones,1,5/17/2019 8:22
207956,AAA Batteries (4-pack),1,5/12/2019 16:35
207957,AA Batteries (4-pack),1,5/27/2019 14:39
207958,AAA Batteries (4-pack),1,5/12/2019 8:52
207959,Vareebadd Phone,1,5/12/2019 9:45
207960,20in Monitor,1,5/19/2019 21:45
207961,34in Ultrawide Monitor,1,5/31/2019 4:39
207962,27in 4K Gaming Monitor,1,5/4/2019 14:57
207963,Macbook Pro Laptop,1,5/26/2019 8:49
207964,AAA Batteries (4-pack),1,5/1/2019 20:40
207965,Lightning Charging Cable,1,5/7/2019 6:01
207966,AAA Batteries (4-pack),3,5/9/2019 21:24
207967,Wired Headphones,1,5/27/2019 16:44
207968,Wired Headphones,2,5/19/2019 18:22
207969,Apple Airpods Headphones,1,5/17/2019 16:33
207970,AAA Batteries (4-pack),1,5/7/2019 18:51
207971,Apple Airpods Headphones,1,5/4/2019 13:18
207972,34in Ultrawide Monitor,1,5/30/2019 9:55
207973,Apple Airpods Headphones,1,5/2/2019 18:21
207974,Wired Headphones,1,5/13/2019 11:11
207975,Bose SoundSport Headphones,1,5/12/2019 11:22
207976,Google Phone,1,5/3/2019 20:17
207977,34in Ultrawide Monitor,1,5/26/2019 12:26
207978,34in Ultrawide Monitor,1,5/22/2019 17:40
207979,Wired Headphones,1,5/28/2019 13:34
207980,27in FHD Monitor,1,5/25/2019 17:07
207981,Apple Airpods Headphones,1,5/16/2019 13:56
207982,USB-C Charging Cable,1,5/28/2019 14:47
207983,34in Ultrawide Monitor,1,5/8/2019 18:55
207984,AAA Batteries (4-pack),4,5/20/2019 23:51
207985,USB-C Charging Cable,1,5/28/2019 18:49
207986,Flatscreen TV,1,5/4/2019 20:35
207987,AAA Batteries (4-pack),1,5/12/2019 13:14
207988,AAA Batteries (4-pack),1,5/23/2019 12:27
207989,Bose SoundSport Headphones,1,5/15/2019 21:12
207990,Wired Headphones,2,5/14/2019 14:32
207991,Lightning Charging Cable,1,5/23/2019 1:14
207992,Wired Headphones,1,5/9/2019 12:40
207993,AAA Batteries (4-pack),3,5/10/2019 22:45
207994,AAA Batteries (4-pack),1,5/13/2019 22:40
207995,Lightning Charging Cable,1,5/31/2019 23:02
207996,AA Batteries (4-pack),1,5/31/2019 18:41
207997,Vareebadd Phone,1,5/23/2019 11:56
207997,USB-C Charging Cable,1,5/23/2019 11:56
207997,Bose SoundSport Headphones,1,5/23/2019 11:56
207998,AA Batteries (4-pack),1,5/2/2019 20:49
207999,27in FHD Monitor,1,5/15/2019 23:46
208000,iPhone,1,5/17/2019 13:19
208000,Wired Headphones,1,5/17/2019 13:19
208001,iPhone,1,5/8/2019 11:26
208002,Wired Headphones,1,5/31/2019 10:43
208003,USB-C Charging Cable,1,5/29/2019 21:34
208004,Lightning Charging Cable,1,5/8/2019 13:32
208005,AAA Batteries (4-pack),1,5/9/2019 18:13
208006,AAA Batteries (4-pack),1,5/5/2019 11:19
208007,iPhone,1,5/22/2019 17:25
208008,27in FHD Monitor,1,5/3/2019 8:16
208009,AA Batteries (4-pack),1,5/9/2019 17:29
208010,Bose SoundSport Headphones,1,5/11/2019 10:49
208011,AA Batteries (4-pack),2,5/7/2019 10:12
208012,iPhone,1,5/28/2019 10:34
208013,27in 4K Gaming Monitor,1,5/25/2019 11:29
208014,Macbook Pro Laptop,1,5/22/2019 10:58
208015,USB-C Charging Cable,1,5/20/2019 15:54
208016,Wired Headphones,1,5/3/2019 16:32
208017,Lightning Charging Cable,1,5/19/2019 14:31
208018,Macbook Pro Laptop,1,5/16/2019 17:43
208019,AAA Batteries (4-pack),2,5/19/2019 11:16
208020,27in FHD Monitor,1,5/1/2019 11:20
208021,USB-C Charging Cable,1,5/17/2019 19:32
208022,Wired Headphones,1,5/1/2019 13:28
208023,AAA Batteries (4-pack),1,5/11/2019 11:42
208024,Lightning Charging Cable,1,5/20/2019 21:42
208025,Wired Headphones,2,5/30/2019 8:26
208026,Wired Headphones,1,5/18/2019 14:35
208027,ThinkPad Laptop,1,5/4/2019 8:34
208028,27in 4K Gaming Monitor,1,5/2/2019 20:50
208029,34in Ultrawide Monitor,1,5/22/2019 18:25
208030,Wired Headphones,1,5/22/2019 11:53
208031,USB-C Charging Cable,1,5/18/2019 23:58
208032,27in FHD Monitor,1,5/21/2019 17:19
208033,AA Batteries (4-pack),1,5/9/2019 10:32
208034,Macbook Pro Laptop,1,5/3/2019 12:44
208035,AAA Batteries (4-pack),1,5/23/2019 23:51
208036,USB-C Charging Cable,1,5/15/2019 19:13
208037,Bose SoundSport Headphones,1,5/2/2019 13:51
208038,Bose SoundSport Headphones,1,5/17/2019 18:47
208039,Apple Airpods Headphones,1,5/28/2019 20:59
208040,AA Batteries (4-pack),2,5/28/2019 22:44
208041,Bose SoundSport Headphones,1,5/25/2019 17:19
208042,27in 4K Gaming Monitor,1,5/3/2019 19:15
208043,Vareebadd Phone,1,5/25/2019 20:58
208044,Bose SoundSport Headphones,1,5/10/2019 14:50
208045,USB-C Charging Cable,1,5/21/2019 14:32
208046,AAA Batteries (4-pack),2,5/6/2019 18:46
208047,Wired Headphones,1,5/17/2019 7:23
208048,iPhone,1,5/6/2019 21:30
208049,Lightning Charging Cable,1,5/4/2019 9:27
208050,AA Batteries (4-pack),1,5/24/2019 23:35
208051,Google Phone,1,5/17/2019 19:44
208052,Apple Airpods Headphones,1,5/25/2019 14:39
208053,27in FHD Monitor,1,5/2/2019 15:44
208054,AA Batteries (4-pack),1,5/17/2019 19:54
208055,USB-C Charging Cable,1,5/15/2019 14:38
208056,AA Batteries (4-pack),1,5/5/2019 9:37
208057,AAA Batteries (4-pack),1,5/1/2019 16:49
208058,27in 4K Gaming Monitor,1,5/1/2019 5:05
208059,Wired Headphones,1,5/15/2019 21:12
208060,LG Washing Machine,1,5/28/2019 15:52
208061,USB-C Charging Cable,1,5/13/2019 23:29
208062,AA Batteries (4-pack),1,5/7/2019 14:09
208063,USB-C Charging Cable,1,5/23/2019 14:19
208064,Lightning Charging Cable,1,5/5/2019 13:40
208065,Apple Airpods Headphones,1,5/8/2019 12:10
208066,AAA Batteries (4-pack),1,5/29/2019 15:02
208067,Lightning Charging Cable,1,5/5/2019 20:44
208068,Bose SoundSport Headphones,1,5/4/2019 16:06
208069,Flatscreen TV,1,5/15/2019 10:23
208070,Bose SoundSport Headphones,1,5/17/2019 16:57
208071,iPhone,1,5/3/2019 2:34
208072,USB-C Charging Cable,1,5/19/2019 15:25
208073,AAA Batteries (4-pack),1,5/13/2019 8:16
208074,Bose SoundSport Headphones,1,5/8/2019 7:52
208075,Bose SoundSport Headphones,1,5/12/2019 17:12
208076,AA Batteries (4-pack),1,5/16/2019 13:11
208076,Google Phone,1,5/16/2019 13:11
208077,20in Monitor,1,5/11/2019 23:39
208078,Lightning Charging Cable,1,5/22/2019 22:18
208079,Lightning Charging Cable,1,5/13/2019 11:48
208080,34in Ultrawide Monitor,1,5/24/2019 9:44
208081,Vareebadd Phone,1,5/17/2019 16:53
208082,Wired Headphones,1,5/6/2019 17:53
208083,AAA Batteries (4-pack),1,5/18/2019 22:14
208084,Apple Airpods Headphones,1,5/7/2019 14:47
208085,Macbook Pro Laptop,1,5/19/2019 18:47
208086,AAA Batteries (4-pack),1,5/15/2019 18:20
208087,Apple Airpods Headphones,1,5/1/2019 18:15
208088,USB-C Charging Cable,2,5/14/2019 21:44
208089,27in FHD Monitor,1,5/8/2019 22:01
208090,Lightning Charging Cable,1,5/23/2019 9:12
208091,ThinkPad Laptop,1,5/9/2019 17:09
208092,Bose SoundSport Headphones,1,5/13/2019 20:14
208093,AAA Batteries (4-pack),1,5/18/2019 22:45
208094,27in 4K Gaming Monitor,1,5/4/2019 9:05
208095,AA Batteries (4-pack),1,5/8/2019 0:23
208096,AA Batteries (4-pack),1,5/22/2019 12:33
208097,Wired Headphones,1,5/23/2019 10:29
208098,27in FHD Monitor,1,5/8/2019 20:53
208099,34in Ultrawide Monitor,1,5/30/2019 8:35
208100,Bose SoundSport Headphones,1,5/13/2019 3:12
208101,iPhone,1,5/22/2019 12:54
208102,Flatscreen TV,1,5/26/2019 11:06
208103,Bose SoundSport Headphones,1,5/30/2019 9:11
208104,iPhone,1,5/12/2019 21:23
208104,Lightning Charging Cable,1,5/12/2019 21:23
208105,Apple Airpods Headphones,1,5/3/2019 18:36
208106,27in FHD Monitor,1,5/29/2019 19:13
208107,Wired Headphones,1,5/14/2019 11:18
208108,Lightning Charging Cable,1,5/28/2019 21:59
208109,USB-C Charging Cable,1,5/14/2019 20:51
208110,Apple Airpods Headphones,1,5/23/2019 21:18
208111,AA Batteries (4-pack),2,5/28/2019 9:25
208112,Lightning Charging Cable,1,5/18/2019 12:00
208113,AAA Batteries (4-pack),3,5/9/2019 20:21
208114,Bose SoundSport Headphones,1,5/4/2019 16:30
208115,Lightning Charging Cable,1,5/25/2019 22:53
208116,Wired Headphones,1,5/5/2019 18:31
208117,USB-C Charging Cable,1,5/24/2019 0:45
208118,Wired Headphones,1,5/21/2019 15:17
208119,Lightning Charging Cable,1,5/24/2019 9:40
208120,27in 4K Gaming Monitor,1,5/29/2019 14:46
208121,AAA Batteries (4-pack),2,5/12/2019 20:08
208122,AA Batteries (4-pack),1,5/8/2019 9:19
208123,USB-C Charging Cable,1,5/6/2019 0:58
208124,AA Batteries (4-pack),1,5/12/2019 13:55
208125,Lightning Charging Cable,1,5/7/2019 8:21
208126,Wired Headphones,1,5/17/2019 18:27
208127,ThinkPad Laptop,1,5/22/2019 22:43
208128,Macbook Pro Laptop,1,5/30/2019 21:47
208129,Apple Airpods Headphones,1,5/16/2019 13:30
208130,Wired Headphones,1,5/23/2019 21:51
208131,27in FHD Monitor,1,5/11/2019 14:37
208132,iPhone,1,5/3/2019 19:52
208133,Apple Airpods Headphones,1,5/21/2019 23:22
208134,USB-C Charging Cable,1,5/17/2019 10:36
208135,20in Monitor,1,5/29/2019 19:47
208136,AA Batteries (4-pack),1,5/30/2019 18:39
208137,Apple Airpods Headphones,1,5/23/2019 7:37
208138,27in FHD Monitor,1,5/6/2019 23:05
208139,AAA Batteries (4-pack),1,5/10/2019 20:24
208140,Lightning Charging Cable,1,5/29/2019 8:16
208141,Lightning Charging Cable,1,5/12/2019 11:17
208142,iPhone,1,5/12/2019 11:36
208143,Wired Headphones,2,5/11/2019 9:23
208144,AA Batteries (4-pack),1,5/4/2019 23:34
208145,AAA Batteries (4-pack),1,5/7/2019 14:12
208146,USB-C Charging Cable,1,5/18/2019 7:49
208147,AAA Batteries (4-pack),1,5/7/2019 17:40
208148,Wired Headphones,1,5/24/2019 19:17
208149,Lightning Charging Cable,1,5/24/2019 8:39
208150,Lightning Charging Cable,1,5/13/2019 10:04
208151,USB-C Charging Cable,1,5/16/2019 0:35
208152,Google Phone,1,5/16/2019 23:59
208153,USB-C Charging Cable,1,5/29/2019 21:37
208154,Wired Headphones,1,5/7/2019 12:34
208155,AAA Batteries (4-pack),2,5/15/2019 20:03
208156,USB-C Charging Cable,1,5/19/2019 21:00
208157,AA Batteries (4-pack),1,5/11/2019 9:24
208158,AA Batteries (4-pack),1,5/25/2019 22:38
208159,Wired Headphones,1,5/24/2019 8:26
208160,27in FHD Monitor,1,5/17/2019 11:57
208161,ThinkPad Laptop,1,5/5/2019 16:25
208162,AA Batteries (4-pack),2,5/6/2019 12:46
208163,AAA Batteries (4-pack),1,5/10/2019 19:28
208164,Apple Airpods Headphones,1,5/9/2019 17:08
208165,AA Batteries (4-pack),3,5/14/2019 16:00
208166,USB-C Charging Cable,3,5/10/2019 16:08
208167,Apple Airpods Headphones,1,5/3/2019 6:58
208168,Bose SoundSport Headphones,1,5/28/2019 23:27
208169,Vareebadd Phone,1,5/31/2019 14:35
208170,27in 4K Gaming Monitor,1,5/30/2019 11:05
208171,AAA Batteries (4-pack),1,5/21/2019 15:10
208172,Apple Airpods Headphones,1,5/8/2019 14:17
208173,Bose SoundSport Headphones,1,5/7/2019 17:21
208174,Macbook Pro Laptop,1,5/21/2019 20:24
208174,27in 4K Gaming Monitor,1,5/21/2019 20:24
208175,ThinkPad Laptop,1,5/1/2019 8:43
208176,Apple Airpods Headphones,1,5/25/2019 20:24
208177,AA Batteries (4-pack),1,5/31/2019 23:27
208178,Bose SoundSport Headphones,1,5/25/2019 14:23
208179,Apple Airpods Headphones,1,5/9/2019 18:23
208180,Apple Airpods Headphones,1,5/17/2019 10:54
208181,iPhone,1,5/30/2019 18:23
208181,Lightning Charging Cable,1,5/30/2019 18:23
208182,Wired Headphones,1,5/23/2019 18:44
208183,34in Ultrawide Monitor,1,5/2/2019 7:08
208184,AAA Batteries (4-pack),1,5/24/2019 22:36
208185,AAA Batteries (4-pack),1,5/10/2019 8:22
208186,20in Monitor,1,5/8/2019 10:13
208187,Apple Airpods Headphones,1,5/25/2019 19:20
208188,Lightning Charging Cable,1,5/23/2019 17:15
208189,Apple Airpods Headphones,1,5/19/2019 0:13
208190,Flatscreen TV,1,5/28/2019 15:09
208191,USB-C Charging Cable,1,5/31/2019 15:04
208192,AA Batteries (4-pack),1,5/1/2019 21:02
208193,Apple Airpods Headphones,1,5/4/2019 11:55
208194,34in Ultrawide Monitor,1,5/16/2019 22:41
208195,Flatscreen TV,1,5/25/2019 15:03
208196,AA Batteries (4-pack),1,5/30/2019 13:44
208197,AA Batteries (4-pack),1,5/16/2019 17:53
208197,AAA Batteries (4-pack),3,5/16/2019 17:53
208198,Lightning Charging Cable,1,5/23/2019 14:29
208198,AAA Batteries (4-pack),1,5/23/2019 14:29
208199,Google Phone,1,5/22/2019 15:21
208200,Apple Airpods Headphones,1,5/16/2019 13:11
208201,Macbook Pro Laptop,1,5/22/2019 12:32
208202,USB-C Charging Cable,1,5/20/2019 21:55
208203,Vareebadd Phone,1,5/28/2019 20:19
208204,Apple Airpods Headphones,1,5/14/2019 19:33
208205,AAA Batteries (4-pack),2,5/8/2019 10:29
208206,Lightning Charging Cable,1,5/26/2019 8:18
208207,AA Batteries (4-pack),1,5/11/2019 21:33
208208,Bose SoundSport Headphones,1,5/31/2019 20:56
208209,Lightning Charging Cable,1,5/16/2019 15:31
208210,AA Batteries (4-pack),3,5/28/2019 14:22
208211,USB-C Charging Cable,1,5/22/2019 19:52
208212,Lightning Charging Cable,1,5/26/2019 18:26
208213,AAA Batteries (4-pack),1,5/16/2019 17:16
208214,Lightning Charging Cable,1,5/23/2019 22:05
208215,iPhone,1,5/22/2019 22:26
208215,Lightning Charging Cable,1,5/22/2019 22:26
208216,Lightning Charging Cable,1,5/7/2019 13:46
208217,USB-C Charging Cable,1,5/8/2019 10:10
208218,Apple Airpods Headphones,1,5/23/2019 18:19
208219,Bose SoundSport Headphones,1,5/31/2019 12:04
208220,ThinkPad Laptop,1,5/13/2019 17:55
208221,Bose SoundSport Headphones,1,5/7/2019 14:57
208222,Macbook Pro Laptop,1,5/9/2019 20:21
208223,Google Phone,1,5/5/2019 19:01
208223,Bose SoundSport Headphones,1,5/5/2019 19:01
208224,Lightning Charging Cable,1,5/8/2019 17:38
208225,AAA Batteries (4-pack),1,5/13/2019 12:55
208226,Bose SoundSport Headphones,1,5/2/2019 9:47
208227,AAA Batteries (4-pack),1,5/3/2019 11:08
208228,AAA Batteries (4-pack),2,5/29/2019 7:05
208228,Wired Headphones,1,5/29/2019 7:05
208229,Bose SoundSport Headphones,1,5/17/2019 17:51
208230,AAA Batteries (4-pack),1,5/26/2019 17:57
208231,AA Batteries (4-pack),1,5/26/2019 14:18
208232,Lightning Charging Cable,1,5/5/2019 13:45
208233,AAA Batteries (4-pack),1,5/17/2019 20:06
208234,Bose SoundSport Headphones,1,5/3/2019 16:46
208235,Lightning Charging Cable,1,5/5/2019 11:56
208236,34in Ultrawide Monitor,1,5/1/2019 13:28
208237,Bose SoundSport Headphones,1,5/12/2019 22:04
208238,USB-C Charging Cable,2,5/17/2019 7:41
208239,AAA Batteries (4-pack),1,5/3/2019 12:18
208240,Apple Airpods Headphones,1,5/27/2019 19:31
208241,Lightning Charging Cable,1,5/13/2019 0:11
208242,AA Batteries (4-pack),1,5/31/2019 9:22
208243,Flatscreen TV,1,5/21/2019 22:02
208244,Wired Headphones,1,5/10/2019 4:16
208245,Apple Airpods Headphones,1,5/15/2019 19:00
208246,Apple Airpods Headphones,1,5/21/2019 10:34
208247,Bose SoundSport Headphones,1,5/8/2019 15:43
208248,iPhone,1,5/14/2019 13:53
208249,Bose SoundSport Headphones,1,5/18/2019 20:29
208250,27in 4K Gaming Monitor,1,5/17/2019 19:47
208251,Apple Airpods Headphones,1,5/21/2019 18:17
208252,Bose SoundSport Headphones,1,5/25/2019 12:50
208253,Lightning Charging Cable,1,5/17/2019 9:19
208254,Flatscreen TV,1,5/15/2019 13:14
208255,Lightning Charging Cable,1,5/18/2019 16:13
208256,LG Dryer,1,5/10/2019 16:45
208257,Lightning Charging Cable,1,5/24/2019 21:47
208258,Apple Airpods Headphones,1,5/18/2019 20:02
208259,Macbook Pro Laptop,1,5/1/2019 20:14
208260,Apple Airpods Headphones,1,5/17/2019 8:46
208261,Google Phone,1,5/5/2019 18:35
208262,AAA Batteries (4-pack),1,5/22/2019 20:23
208263,AAA Batteries (4-pack),2,5/26/2019 18:07
208264,Flatscreen TV,1,5/5/2019 12:24
208265,USB-C Charging Cable,1,5/19/2019 21:37
208266,Bose SoundSport Headphones,1,5/7/2019 19:42
208267,Flatscreen TV,1,5/29/2019 10:52
208268,USB-C Charging Cable,1,5/25/2019 12:40
208269,Lightning Charging Cable,1,5/9/2019 17:38
208270,Lightning Charging Cable,1,5/26/2019 22:31
208271,Wired Headphones,1,5/8/2019 19:27
208272,Wired Headphones,1,5/6/2019 12:46
208273,USB-C Charging Cable,1,5/29/2019 16:36
208274,Lightning Charging Cable,1,5/16/2019 21:57
208275,Bose SoundSport Headphones,1,5/17/2019 20:28
208276,Wired Headphones,1,5/19/2019 8:15
208277,Macbook Pro Laptop,1,5/1/2019 8:30
208278,AA Batteries (4-pack),1,5/14/2019 13:23
208279,Lightning Charging Cable,1,5/4/2019 18:37
208280,Wired Headphones,1,5/10/2019 17:40
208281,27in FHD Monitor,1,5/22/2019 9:31
208282,AA Batteries (4-pack),2,5/14/2019 2:21
208283,20in Monitor,1,5/21/2019 8:46
208284,AA Batteries (4-pack),1,5/25/2019 8:23
208285,USB-C Charging Cable,1,5/31/2019 15:34
208286,Macbook Pro Laptop,1,5/22/2019 12:04
208287,ThinkPad Laptop,1,5/23/2019 20:35
208288,USB-C Charging Cable,1,5/26/2019 9:04
208289,ThinkPad Laptop,1,5/7/2019 21:29
208290,Wired Headphones,1,5/25/2019 12:45
208291,Bose SoundSport Headphones,1,5/1/2019 20:56
208292,27in FHD Monitor,1,5/14/2019 10:21
208293,USB-C Charging Cable,1,5/24/2019 11:22
208294,iPhone,1,5/29/2019 13:11
208294,Lightning Charging Cable,1,5/29/2019 13:11
208295,AA Batteries (4-pack),1,5/7/2019 23:06
208296,ThinkPad Laptop,1,5/28/2019 17:49
208297,AAA Batteries (4-pack),1,5/29/2019 15:16
208298,Google Phone,1,5/11/2019 12:19
208299,34in Ultrawide Monitor,1,5/10/2019 19:38
208300,AAA Batteries (4-pack),2,5/31/2019 17:43
208301,USB-C Charging Cable,1,5/3/2019 16:28
208302,Lightning Charging Cable,1,5/27/2019 13:40
208303,Bose SoundSport Headphones,1,5/8/2019 14:26
208304,27in 4K Gaming Monitor,1,5/2/2019 15:37
208305,USB-C Charging Cable,1,5/6/2019 11:47
208306,Google Phone,1,5/21/2019 0:10
208307,27in FHD Monitor,1,5/29/2019 6:09
208308,Wired Headphones,1,5/5/2019 16:35
208309,Lightning Charging Cable,1,5/4/2019 10:15
208310,AAA Batteries (4-pack),1,5/11/2019 19:15
208311,Wired Headphones,1,5/23/2019 21:57
208312,Macbook Pro Laptop,1,5/19/2019 19:51
208313,Lightning Charging Cable,1,5/11/2019 9:49
208314,Apple Airpods Headphones,1,5/4/2019 9:40
208315,Apple Airpods Headphones,1,5/17/2019 0:42
208316,Apple Airpods Headphones,1,5/17/2019 23:27
208317,AA Batteries (4-pack),1,5/16/2019 2:38
208318,AA Batteries (4-pack),1,5/30/2019 18:51
208319,Wired Headphones,1,5/24/2019 17:28
208320,Apple Airpods Headphones,1,5/31/2019 18:21
208321,Lightning Charging Cable,1,5/15/2019 21:25
208322,LG Dryer,1,5/15/2019 11:00
208323,AAA Batteries (4-pack),2,5/6/2019 14:41
208324,Wired Headphones,1,5/21/2019 16:12
208325,Wired Headphones,1,5/14/2019 16:41
208326,Bose SoundSport Headphones,1,5/18/2019 21:22
208327,Bose SoundSport Headphones,1,5/14/2019 9:58
208328,Wired Headphones,1,5/20/2019 15:36
208329,Lightning Charging Cable,1,5/24/2019 20:59
208330,iPhone,1,5/1/2019 10:11
208331,Flatscreen TV,1,5/2/2019 11:23
208332,iPhone,1,5/6/2019 17:04
208333,Lightning Charging Cable,1,5/22/2019 12:17
208334,USB-C Charging Cable,1,5/14/2019 14:08
208335,Wired Headphones,1,5/12/2019 12:32
208336,Apple Airpods Headphones,1,5/25/2019 21:38
208337,Apple Airpods Headphones,1,5/26/2019 11:33
208338,Lightning Charging Cable,1,5/21/2019 22:29
208339,Apple Airpods Headphones,1,5/24/2019 11:59
208340,AAA Batteries (4-pack),1,5/6/2019 23:30
208341,AA Batteries (4-pack),3,5/8/2019 13:49
208342,AAA Batteries (4-pack),1,5/9/2019 13:16
208343,Lightning Charging Cable,1,5/10/2019 7:27
208344,Lightning Charging Cable,1,5/31/2019 12:10
208345,Wired Headphones,1,5/21/2019 19:29
208346,Bose SoundSport Headphones,1,5/15/2019 13:28
208347,AA Batteries (4-pack),1,5/6/2019 18:14
208348,Lightning Charging Cable,1,5/5/2019 18:28
208349,Bose SoundSport Headphones,1,5/13/2019 3:36
208350,AAA Batteries (4-pack),1,5/29/2019 9:26
208351,AAA Batteries (4-pack),1,5/30/2019 13:17
208352,Google Phone,1,5/4/2019 16:38
208353,AAA Batteries (4-pack),2,5/18/2019 20:01
208354,Wired Headphones,1,5/11/2019 15:52
208355,AA Batteries (4-pack),2,5/19/2019 17:48
208356,USB-C Charging Cable,1,5/24/2019 19:26
208357,USB-C Charging Cable,2,5/24/2019 14:06
208358,iPhone,1,5/1/2019 9:32
208359,Wired Headphones,1,5/21/2019 14:52
208360,LG Dryer,1,5/26/2019 21:38
208361,Lightning Charging Cable,1,5/21/2019 15:53
208361,Apple Airpods Headphones,1,5/21/2019 15:53
208362,Lightning Charging Cable,1,5/21/2019 21:18
208363,27in FHD Monitor,1,5/23/2019 15:49
208364,AAA Batteries (4-pack),1,5/25/2019 10:47
208365,Wired Headphones,1,5/13/2019 16:47
208366,AAA Batteries (4-pack),1,5/18/2019 1:58
208367,27in FHD Monitor,1,5/6/2019 18:36
208368,27in FHD Monitor,1,5/2/2019 10:04
208369,Bose SoundSport Headphones,1,5/25/2019 13:47
208369,Apple Airpods Headphones,1,5/25/2019 13:47
208370,Macbook Pro Laptop,1,5/6/2019 11:19
208371,Wired Headphones,1,5/29/2019 15:01
208372,Lightning Charging Cable,1,5/25/2019 15:26
208373,27in 4K Gaming Monitor,1,5/20/2019 23:56
208374,Bose SoundSport Headphones,1,5/14/2019 11:28
208375,Bose SoundSport Headphones,1,5/19/2019 12:27
208376,AA Batteries (4-pack),1,5/5/2019 5:12
208377,Wired Headphones,1,5/10/2019 8:28
208378,Wired Headphones,1,5/19/2019 12:27
208379,Bose SoundSport Headphones,1,5/19/2019 13:57
208380,Bose SoundSport Headphones,1,5/25/2019 19:25
208381,Google Phone,1,5/28/2019 11:54
208381,USB-C Charging Cable,1,5/28/2019 11:54
208382,ThinkPad Laptop,1,5/18/2019 0:06
208383,27in 4K Gaming Monitor,1,5/12/2019 16:19
208384,Apple Airpods Headphones,1,5/14/2019 15:58
208385,USB-C Charging Cable,1,5/20/2019 17:34
208386,Wired Headphones,1,5/28/2019 15:19
208387,AAA Batteries (4-pack),2,5/1/2019 11:30
208388,Vareebadd Phone,1,5/5/2019 14:06
208388,USB-C Charging Cable,2,5/5/2019 14:06
208389,AA Batteries (4-pack),1,5/11/2019 16:28
208390,34in Ultrawide Monitor,1,5/8/2019 13:11
208391,Wired Headphones,1,5/17/2019 10:47
208392,Lightning Charging Cable,1,5/25/2019 15:45
208393,Lightning Charging Cable,1,5/17/2019 6:43
208394,Lightning Charging Cable,1,5/15/2019 1:05
208395,Apple Airpods Headphones,1,5/14/2019 7:09
208396,AAA Batteries (4-pack),2,5/12/2019 13:01
208397,USB-C Charging Cable,1,5/30/2019 9:57
208398,AAA Batteries (4-pack),1,5/8/2019 21:18
208399,Wired Headphones,1,5/26/2019 13:40
208400,27in FHD Monitor,1,5/14/2019 11:53
208401,iPhone,1,5/20/2019 9:00
208401,Lightning Charging Cable,2,5/20/2019 9:00
208401,Apple Airpods Headphones,1,5/20/2019 9:00
208402,Lightning Charging Cable,1,5/12/2019 18:54
208403,Apple Airpods Headphones,1,5/11/2019 22:09
208404,AAA Batteries (4-pack),1,5/21/2019 17:47
208404,Lightning Charging Cable,1,5/21/2019 17:47
208405,Lightning Charging Cable,1,5/19/2019 16:55
208406,Bose SoundSport Headphones,1,5/4/2019 12:40
208407,AA Batteries (4-pack),2,5/30/2019 11:35
208408,AA Batteries (4-pack),1,5/20/2019 23:11
208408,Google Phone,1,5/20/2019 23:11
208409,ThinkPad Laptop,1,5/15/2019 20:51
208410,34in Ultrawide Monitor,1,5/10/2019 18:30
208411,Wired Headphones,1,5/30/2019 12:22
208412,Lightning Charging Cable,1,5/9/2019 12:59
208413,Google Phone,1,5/22/2019 17:30
208414,iPhone,1,5/31/2019 14:20
208415,AA Batteries (4-pack),1,5/7/2019 7:23
208416,Bose SoundSport Headphones,1,5/3/2019 16:39
208417,Wired Headphones,1,5/26/2019 18:39
208418,Lightning Charging Cable,1,5/6/2019 7:48
208419,Wired Headphones,1,5/1/2019 9:11
208420,Flatscreen TV,1,5/6/2019 20:15
208421,AAA Batteries (4-pack),1,5/20/2019 18:28
208422,AAA Batteries (4-pack),1,5/22/2019 12:31
208423,AA Batteries (4-pack),1,5/23/2019 3:36
208424,USB-C Charging Cable,1,5/29/2019 15:10
208425,Lightning Charging Cable,1,5/27/2019 11:15
208426,LG Washing Machine,1,5/2/2019 12:14
208427,USB-C Charging Cable,1,5/20/2019 9:03
208428,AA Batteries (4-pack),4,5/30/2019 21:12
208429,AA Batteries (4-pack),1,5/1/2019 19:48
208430,Lightning Charging Cable,1,5/6/2019 8:36
208431,AA Batteries (4-pack),2,5/14/2019 6:46
208432,Apple Airpods Headphones,1,5/21/2019 21:45
208433,AA Batteries (4-pack),1,5/19/2019 19:21
208434,AAA Batteries (4-pack),1,5/16/2019 17:59
208435,Lightning Charging Cable,1,5/31/2019 0:15
208436,Apple Airpods Headphones,1,5/27/2019 0:51
208437,AA Batteries (4-pack),2,5/30/2019 7:49
208438,Wired Headphones,1,5/16/2019 11:54
208439,AAA Batteries (4-pack),2,5/6/2019 15:39
208440,AAA Batteries (4-pack),1,5/22/2019 9:13
208441,Wired Headphones,1,5/16/2019 8:07
208442,Apple Airpods Headphones,1,5/14/2019 15:49
208443,Bose SoundSport Headphones,1,5/5/2019 21:30
208444,AAA Batteries (4-pack),1,5/20/2019 14:56
208445,AAA Batteries (4-pack),1,5/16/2019 11:32
208446,LG Dryer,1,5/8/2019 9:15
208447,USB-C Charging Cable,1,5/25/2019 13:06
208448,AAA Batteries (4-pack),3,5/9/2019 7:55
208449,27in FHD Monitor,1,5/16/2019 2:26
208450,USB-C Charging Cable,1,5/12/2019 13:01
208451,Google Phone,1,5/13/2019 23:16
208451,USB-C Charging Cable,1,5/13/2019 23:16
208452,Lightning Charging Cable,1,5/27/2019 19:32
208453,USB-C Charging Cable,1,5/10/2019 15:50
208454,Wired Headphones,1,5/3/2019 12:06
208455,USB-C Charging Cable,1,5/9/2019 10:55
208456,27in 4K Gaming Monitor,1,5/26/2019 9:56
208457,Vareebadd Phone,1,5/24/2019 7:42
208458,Lightning Charging Cable,1,5/31/2019 19:22
208459,AA Batteries (4-pack),1,5/11/2019 6:13
208460,Wired Headphones,1,5/18/2019 17:43
208461,USB-C Charging Cable,1,5/19/2019 8:58
208462,AA Batteries (4-pack),1,5/15/2019 14:08
208463,AAA Batteries (4-pack),1,5/12/2019 12:10
208464,Wired Headphones,1,5/27/2019 18:03
208465,Apple Airpods Headphones,1,5/24/2019 7:16
208466,27in 4K Gaming Monitor,1,5/22/2019 21:44
208467,Wired Headphones,1,5/4/2019 17:41
208468,Bose SoundSport Headphones,1,5/26/2019 15:51
208469,Lightning Charging Cable,1,5/27/2019 21:19
208470,Lightning Charging Cable,1,5/23/2019 14:58
208471,Flatscreen TV,1,5/13/2019 10:01
208472,AA Batteries (4-pack),1,5/6/2019 9:20
208473,20in Monitor,1,5/10/2019 18:53
208474,AAA Batteries (4-pack),1,5/9/2019 11:37
208475,Apple Airpods Headphones,1,5/9/2019 21:42
208476,AAA Batteries (4-pack),1,5/18/2019 17:33
208477,AA Batteries (4-pack),2,5/6/2019 19:13
208478,34in Ultrawide Monitor,1,5/9/2019 14:03
208479,Macbook Pro Laptop,1,5/29/2019 15:11
208480,AA Batteries (4-pack),1,5/15/2019 22:52
208481,USB-C Charging Cable,1,5/27/2019 16:22
208482,27in FHD Monitor,1,5/23/2019 13:45
208483,Apple Airpods Headphones,1,5/14/2019 17:21
208484,Lightning Charging Cable,1,5/18/2019 16:27
208485,Wired Headphones,1,5/4/2019 12:02
208486,Flatscreen TV,1,5/18/2019 14:03
208487,Flatscreen TV,1,5/23/2019 0:43
208488,27in FHD Monitor,1,5/10/2019 19:52
208489,Lightning Charging Cable,1,5/28/2019 13:24
208490,Bose SoundSport Headphones,1,5/5/2019 11:41
208491,AA Batteries (4-pack),1,5/7/2019 22:44
208492,Lightning Charging Cable,1,5/11/2019 15:36
208493,Apple Airpods Headphones,1,5/17/2019 10:53
208493,USB-C Charging Cable,1,5/17/2019 10:53
208494,Apple Airpods Headphones,1,5/21/2019 12:45
208495,27in 4K Gaming Monitor,1,5/22/2019 6:47
208496,iPhone,1,5/17/2019 8:36
208497,27in FHD Monitor,1,5/2/2019 16:47
208498,USB-C Charging Cable,1,5/23/2019 20:08
208499,Wired Headphones,1,5/13/2019 14:29
208500,USB-C Charging Cable,1,5/28/2019 20:55
208501,iPhone,1,5/27/2019 23:28
208501,Wired Headphones,1,5/27/2019 23:28
208502,Apple Airpods Headphones,1,5/23/2019 16:38
208503,Apple Airpods Headphones,1,5/12/2019 18:29
208504,USB-C Charging Cable,1,5/24/2019 10:17
208505,Wired Headphones,1,5/3/2019 13:06
208506,27in 4K Gaming Monitor,1,5/28/2019 19:11
208507,Lightning Charging Cable,1,5/9/2019 14:41
208508,AA Batteries (4-pack),1,5/9/2019 12:54
208509,Macbook Pro Laptop,1,5/17/2019 10:35
208510,Macbook Pro Laptop,1,5/26/2019 11:35
208511,USB-C Charging Cable,1,5/12/2019 18:48
208512,Lightning Charging Cable,1,5/7/2019 18:24
208513,AAA Batteries (4-pack),1,5/18/2019 11:25
208514,iPhone,1,5/20/2019 15:41
208515,USB-C Charging Cable,1,5/17/2019 23:46
208516,Macbook Pro Laptop,1,5/5/2019 18:41
208517,Google Phone,1,5/25/2019 22:20
208518,Wired Headphones,1,5/12/2019 17:19
208519,AAA Batteries (4-pack),1,5/5/2019 16:14
208520,27in FHD Monitor,1,5/6/2019 21:24
208521,Macbook Pro Laptop,1,5/19/2019 8:29
208522,27in FHD Monitor,1,5/9/2019 20:27
208523,AAA Batteries (4-pack),2,5/2/2019 9:58
208524,20in Monitor,1,5/8/2019 9:29
208525,iPhone,1,5/1/2019 19:41
208526,Lightning Charging Cable,1,5/6/2019 8:20
208527,Bose SoundSport Headphones,1,5/31/2019 11:35
208528,Bose SoundSport Headphones,1,5/24/2019 18:21
208529,Wired Headphones,1,5/5/2019 12:43
208530,Apple Airpods Headphones,1,5/6/2019 16:44
208531,iPhone,1,5/13/2019 22:07
208532,AAA Batteries (4-pack),1,5/12/2019 13:26
208533,Bose SoundSport Headphones,1,5/19/2019 22:02
208534,iPhone,1,5/21/2019 21:33
208534,Lightning Charging Cable,1,5/21/2019 21:33
208534,Wired Headphones,1,5/21/2019 21:33
208535,USB-C Charging Cable,1,5/24/2019 15:52
208536,ThinkPad Laptop,1,5/29/2019 11:42
208537,Apple Airpods Headphones,1,5/29/2019 10:19
208538,AA Batteries (4-pack),2,5/13/2019 13:21
208539,AAA Batteries (4-pack),2,5/22/2019 15:49
208540,Wired Headphones,1,5/24/2019 10:15
208541,Google Phone,1,5/17/2019 11:00
208542,Lightning Charging Cable,1,5/19/2019 20:38
208543,Apple Airpods Headphones,1,5/26/2019 14:26
208544,27in FHD Monitor,1,5/27/2019 14:39
208545,Lightning Charging Cable,1,5/14/2019 19:41
208546,USB-C Charging Cable,1,5/10/2019 9:07
208547,Bose SoundSport Headphones,1,5/8/2019 2:41
208548,AA Batteries (4-pack),2,5/14/2019 16:31
208549,Flatscreen TV,1,5/13/2019 10:30
208550,Bose SoundSport Headphones,1,5/1/2019 22:39
208551,iPhone,1,5/17/2019 19:44
208552,Bose SoundSport Headphones,1,5/10/2019 8:34
208553,Apple Airpods Headphones,1,5/3/2019 19:09
208554,27in FHD Monitor,1,5/29/2019 14:14
208555,AA Batteries (4-pack),2,5/22/2019 23:31
208556,Lightning Charging Cable,1,5/21/2019 10:19
208557,AAA Batteries (4-pack),1,5/13/2019 14:00
208558,Google Phone,1,5/5/2019 18:37
208558,USB-C Charging Cable,1,5/5/2019 18:37
208559,Apple Airpods Headphones,1,5/11/2019 5:55
208560,USB-C Charging Cable,1,5/8/2019 19:40
208561,USB-C Charging Cable,1,5/29/2019 21:57
208562,Lightning Charging Cable,1,5/29/2019 19:27
208563,AAA Batteries (4-pack),1,5/23/2019 19:00
208564,Lightning Charging Cable,1,5/16/2019 18:54
208564,USB-C Charging Cable,1,5/16/2019 18:54
208565,Wired Headphones,1,5/9/2019 12:36
208566,27in 4K Gaming Monitor,1,5/14/2019 10:11
208567,Apple Airpods Headphones,1,5/1/2019 19:22
208568,ThinkPad Laptop,1,5/13/2019 14:51
208569,AA Batteries (4-pack),3,5/21/2019 23:31
208570,Apple Airpods Headphones,1,5/12/2019 21:47
208571,USB-C Charging Cable,1,5/17/2019 19:30
208572,AA Batteries (4-pack),1,5/30/2019 9:37
208573,Bose SoundSport Headphones,1,5/1/2019 17:06
208574,AAA Batteries (4-pack),2,5/6/2019 10:11
208575,Google Phone,1,5/12/2019 18:08
208576,34in Ultrawide Monitor,1,5/10/2019 0:37
208577,Wired Headphones,1,5/22/2019 11:51
208577,AA Batteries (4-pack),2,5/22/2019 11:51
208578,AA Batteries (4-pack),1,5/28/2019 12:45
208579,Flatscreen TV,1,5/6/2019 11:16
208580,27in 4K Gaming Monitor,1,5/23/2019 23:18
208581,Wired Headphones,1,5/20/2019 17:27
208582,AAA Batteries (4-pack),1,5/19/2019 20:36
208583,AA Batteries (4-pack),2,5/29/2019 15:12
208584,AAA Batteries (4-pack),1,5/19/2019 8:43
208585,27in 4K Gaming Monitor,1,5/5/2019 14:47
208586,34in Ultrawide Monitor,1,5/14/2019 22:56
208587,USB-C Charging Cable,1,5/22/2019 7:00
208588,Wired Headphones,1,5/10/2019 10:51
208589,AA Batteries (4-pack),1,5/9/2019 1:46
208590,USB-C Charging Cable,1,5/10/2019 18:48
208591,USB-C Charging Cable,1,5/22/2019 11:41
208592,AA Batteries (4-pack),2,5/4/2019 10:12
208593,ThinkPad Laptop,1,5/10/2019 0:58
208594,Lightning Charging Cable,1,5/10/2019 13:41
208595,Flatscreen TV,1,5/9/2019 17:23
208596,AA Batteries (4-pack),1,5/9/2019 12:48
208596,Macbook Pro Laptop,1,5/9/2019 12:48
208597,AA Batteries (4-pack),1,5/31/2019 21:19
208598,27in FHD Monitor,1,5/20/2019 12:50
208599,Flatscreen TV,1,5/31/2019 23:35
208600,Google Phone,1,5/15/2019 8:52
208601,Macbook Pro Laptop,1,5/4/2019 17:57
208602,Wired Headphones,1,5/31/2019 10:17
208603,USB-C Charging Cable,1,5/5/2019 12:39
208604,Flatscreen TV,1,5/5/2019 16:40
208605,20in Monitor,1,5/3/2019 15:55
208606,Wired Headphones,1,5/9/2019 11:08
208607,Lightning Charging Cable,1,5/4/2019 1:35
208608,AA Batteries (4-pack),1,5/31/2019 21:00
208609,Lightning Charging Cable,1,5/20/2019 15:04
208610,Apple Airpods Headphones,1,5/19/2019 18:58
208611,Bose SoundSport Headphones,1,5/25/2019 11:04
208612,27in 4K Gaming Monitor,1,5/16/2019 20:56
208613,Apple Airpods Headphones,1,5/21/2019 20:16
208614,USB-C Charging Cable,1,5/7/2019 23:22
208615,27in FHD Monitor,1,5/2/2019 15:20
208616,iPhone,1,5/30/2019 0:28
208617,Lightning Charging Cable,1,5/25/2019 19:57
208618,Apple Airpods Headphones,1,5/27/2019 13:24
208619,AAA Batteries (4-pack),1,5/11/2019 1:11
208620,Flatscreen TV,1,5/13/2019 20:59
208621,Wired Headphones,1,5/18/2019 21:01
208622,Bose SoundSport Headphones,1,5/30/2019 18:51
208623,USB-C Charging Cable,1,5/18/2019 10:20
208624,USB-C Charging Cable,1,5/2/2019 14:07
208625,Wired Headphones,1,5/17/2019 10:31
208626,27in 4K Gaming Monitor,1,5/25/2019 15:15
208627,Apple Airpods Headphones,1,5/20/2019 23:43
208628,USB-C Charging Cable,1,5/9/2019 5:44
208629,iPhone,1,5/13/2019 17:07
208630,Apple Airpods Headphones,1,5/18/2019 10:59
208631,Apple Airpods Headphones,1,5/8/2019 22:31
208632,Vareebadd Phone,1,5/14/2019 18:58
208633,Wired Headphones,1,5/13/2019 23:08
208634,Macbook Pro Laptop,1,5/17/2019 12:20
208635,27in 4K Gaming Monitor,1,5/30/2019 10:09
208636,Lightning Charging Cable,1,5/30/2019 22:38
208637,Lightning Charging Cable,1,5/7/2019 12:07
208638,Macbook Pro Laptop,1,5/20/2019 18:01
208639,Lightning Charging Cable,1,5/9/2019 18:37
208640,AA Batteries (4-pack),1,5/23/2019 11:49
208641,iPhone,1,5/26/2019 12:07
208642,20in Monitor,1,5/3/2019 11:55
208643,AA Batteries (4-pack),3,5/22/2019 16:41
208644,AA Batteries (4-pack),2,5/15/2019 19:59
208645,27in 4K Gaming Monitor,1,5/7/2019 11:36
208645,27in FHD Monitor,1,5/7/2019 11:36
208646,Wired Headphones,1,5/9/2019 14:35
208647,Wired Headphones,1,5/5/2019 19:58
208648,Macbook Pro Laptop,1,5/22/2019 11:44
208649,Macbook Pro Laptop,1,5/11/2019 18:03
208650,USB-C Charging Cable,1,5/1/2019 11:04
208651,27in FHD Monitor,1,5/24/2019 17:44
208652,USB-C Charging Cable,1,5/20/2019 19:08
208653,Flatscreen TV,1,5/8/2019 5:47
208654,34in Ultrawide Monitor,1,5/7/2019 12:04
208655,Lightning Charging Cable,1,5/17/2019 18:18
208656,Wired Headphones,1,5/26/2019 19:09
208657,AAA Batteries (4-pack),1,5/17/2019 0:06
208658,ThinkPad Laptop,1,5/28/2019 19:13
208659,Google Phone,1,5/1/2019 10:41
208660,AA Batteries (4-pack),1,5/22/2019 4:39
208661,USB-C Charging Cable,1,5/26/2019 12:52
208662,34in Ultrawide Monitor,1,5/14/2019 12:31
208663,Apple Airpods Headphones,1,5/18/2019 14:26
208664,AA Batteries (4-pack),2,5/12/2019 13:05
208665,Wired Headphones,1,5/16/2019 14:53
208666,AA Batteries (4-pack),1,5/2/2019 11:14
208667,Apple Airpods Headphones,1,5/11/2019 17:43
208668,27in 4K Gaming Monitor,1,5/12/2019 16:32
208669,Wired Headphones,1,5/31/2019 13:30
208670,Bose SoundSport Headphones,1,5/27/2019 19:15
208671,AA Batteries (4-pack),3,5/29/2019 6:31
208672,Apple Airpods Headphones,1,5/5/2019 21:06
208673,Apple Airpods Headphones,1,5/31/2019 1:48
208674,Bose SoundSport Headphones,1,5/18/2019 12:17
208675,Bose SoundSport Headphones,1,5/6/2019 19:22
208676,USB-C Charging Cable,1,5/17/2019 21:06
208677,Apple Airpods Headphones,1,5/13/2019 20:01
208678,Wired Headphones,1,5/4/2019 17:36
208679,27in FHD Monitor,1,5/4/2019 9:43
208680,Wired Headphones,1,5/4/2019 10:28
208681,34in Ultrawide Monitor,1,5/4/2019 20:23
208682,Wired Headphones,1,5/25/2019 6:15
208683,USB-C Charging Cable,2,5/24/2019 20:00
208684,Apple Airpods Headphones,1,5/6/2019 13:06
208685,Bose SoundSport Headphones,1,5/30/2019 9:15
208686,USB-C Charging Cable,1,5/23/2019 17:22
208687,USB-C Charging Cable,1,5/19/2019 10:12
208688,iPhone,1,5/3/2019 13:16
208689,iPhone,1,5/29/2019 12:57
208690,34in Ultrawide Monitor,1,5/18/2019 14:20
208691,AAA Batteries (4-pack),1,5/13/2019 11:23
208692,AAA Batteries (4-pack),2,5/3/2019 21:14
208693,AA Batteries (4-pack),3,5/4/2019 2:18
208694,USB-C Charging Cable,1,5/17/2019 11:37
208695,Apple Airpods Headphones,1,5/31/2019 22:53
208696,Lightning Charging Cable,1,5/11/2019 13:26
208697,AA Batteries (4-pack),1,5/8/2019 13:27
208698,USB-C Charging Cable,1,5/20/2019 11:46
208699,Lightning Charging Cable,1,5/28/2019 17:44
208700,USB-C Charging Cable,1,5/21/2019 10:40
208701,Lightning Charging Cable,1,5/2/2019 13:55
208702,27in FHD Monitor,1,5/15/2019 19:39
208703,AA Batteries (4-pack),1,5/13/2019 3:53
208704,AAA Batteries (4-pack),2,5/6/2019 20:03
208705,Bose SoundSport Headphones,1,5/25/2019 10:28
208706,AAA Batteries (4-pack),1,5/22/2019 11:50
208707,34in Ultrawide Monitor,1,5/10/2019 20:34
208708,27in 4K Gaming Monitor,1,5/3/2019 23:31
208709,Apple Airpods Headphones,1,5/1/2019 11:29
208710,AAA Batteries (4-pack),3,5/27/2019 10:50
208711,Lightning Charging Cable,1,5/28/2019 0:18
208712,27in FHD Monitor,1,5/10/2019 14:43
208713,AAA Batteries (4-pack),1,5/4/2019 10:38
208714,AA Batteries (4-pack),1,5/13/2019 6:36
208715,USB-C Charging Cable,1,5/26/2019 18:23
208716,USB-C Charging Cable,1,5/18/2019 17:46
208717,Apple Airpods Headphones,1,5/17/2019 20:13
208718,Apple Airpods Headphones,1,5/8/2019 2:41
208719,Apple Airpods Headphones,1,5/23/2019 0:03
208720,Wired Headphones,1,5/16/2019 9:56
208721,Google Phone,1,5/29/2019 20:00
208722,ThinkPad Laptop,1,5/15/2019 6:31
208723,Apple Airpods Headphones,1,5/15/2019 12:57
208724,AA Batteries (4-pack),1,5/25/2019 19:12
208725,AA Batteries (4-pack),1,5/13/2019 11:46
208726,Apple Airpods Headphones,1,5/20/2019 16:03
208727,Wired Headphones,2,5/16/2019 14:31
208728,Lightning Charging Cable,1,5/24/2019 10:22
208729,AAA Batteries (4-pack),2,5/7/2019 7:55
208730,AA Batteries (4-pack),1,5/5/2019 13:38
208731,LG Washing Machine,1,5/8/2019 8:53
208732,27in FHD Monitor,1,5/26/2019 23:27
208733,Macbook Pro Laptop,1,5/5/2019 11:46
208734,Wired Headphones,1,5/29/2019 18:06
208735,Google Phone,1,5/20/2019 11:58
208736,LG Washing Machine,1,5/2/2019 14:56
208737,Wired Headphones,1,5/9/2019 20:19
208738,AAA Batteries (4-pack),1,5/19/2019 15:44
208739,Google Phone,1,5/17/2019 22:25
208740,AAA Batteries (4-pack),1,5/13/2019 19:15
208741,Bose SoundSport Headphones,1,5/9/2019 10:23
208742,Lightning Charging Cable,1,5/19/2019 12:52
208743,USB-C Charging Cable,1,5/18/2019 19:19
208744,AA Batteries (4-pack),1,5/10/2019 14:45
208745,Lightning Charging Cable,1,5/26/2019 17:21
208746,AAA Batteries (4-pack),1,5/12/2019 21:59
208747,Lightning Charging Cable,1,5/11/2019 15:02
208748,AAA Batteries (4-pack),2,5/7/2019 19:21
208749,Apple Airpods Headphones,1,5/21/2019 18:06
208750,USB-C Charging Cable,1,5/26/2019 18:20
208751,AA Batteries (4-pack),1,5/4/2019 20:43
208752,Wired Headphones,1,5/17/2019 20:19
208753,AA Batteries (4-pack),1,5/11/2019 16:10
208754,Bose SoundSport Headphones,1,5/30/2019 21:45
208755,iPhone,1,5/9/2019 10:17
208755,Lightning Charging Cable,1,5/9/2019 10:17
208756,Apple Airpods Headphones,1,5/22/2019 8:37
208757,LG Dryer,1,5/9/2019 12:42
208758,ThinkPad Laptop,1,5/6/2019 17:22
208759,USB-C Charging Cable,2,5/30/2019 16:55
208760,AAA Batteries (4-pack),3,5/19/2019 10:32
208761,Flatscreen TV,1,5/3/2019 21:06
208762,Wired Headphones,1,5/31/2019 13:31
208763,20in Monitor,1,5/6/2019 11:20
208764,Lightning Charging Cable,1,5/21/2019 3:32
208765,Bose SoundSport Headphones,1,5/10/2019 17:43
208766,Wired Headphones,1,5/4/2019 17:53
208767,Bose SoundSport Headphones,1,5/30/2019 7:38
208768,ThinkPad Laptop,1,5/16/2019 19:06
208769,Lightning Charging Cable,1,5/29/2019 13:29
208770,AAA Batteries (4-pack),1,5/23/2019 12:19
208771,20in Monitor,1,5/31/2019 18:18
208772,Wired Headphones,1,5/14/2019 10:46
Order ID,Product,Quantity Ordered,Order Date
208773,Apple Airpods Headphones,1,5/14/2019 15:07
208774,AAA Batteries (4-pack),1,5/13/2019 21:08
208774,AA Batteries (4-pack),1,5/13/2019 21:08
208775,LG Washing Machine,1,5/11/2019 11:19
208776,Wired Headphones,1,5/9/2019 9:37
208777,ThinkPad Laptop,1,5/13/2019 14:45
208778,Wired Headphones,1,5/24/2019 11:12
208779,Bose SoundSport Headphones,1,5/7/2019 19:49
208780,AAA Batteries (4-pack),1,5/22/2019 9:01
208781,USB-C Charging Cable,1,5/8/2019 14:52
208782,20in Monitor,1,5/13/2019 7:44
208783,ThinkPad Laptop,1,5/1/2019 16:19
208784,Macbook Pro Laptop,1,5/6/2019 20:09
208785,Bose SoundSport Headphones,1,5/22/2019 20:51
208786,AAA Batteries (4-pack),5,5/17/2019 19:09
208787,iPhone,1,5/17/2019 21:10
208788,AAA Batteries (4-pack),1,5/23/2019 13:26
208789,USB-C Charging Cable,1,5/9/2019 20:54
208790,Macbook Pro Laptop,1,5/26/2019 17:59
208791,27in FHD Monitor,1,5/15/2019 17:00
208792,AA Batteries (4-pack),4,5/14/2019 8:39
208793,Wired Headphones,1,5/16/2019 13:51
,,,
208794,34in Ultrawide Monitor,1,5/8/2019 7:38
208795,USB-C Charging Cable,1,5/20/2019 22:15
208796,20in Monitor,1,5/5/2019 16:03
208797,LG Washing Machine,1,5/25/2019 9:32
208798,AAA Batteries (4-pack),2,5/7/2019 18:58
208799,Lightning Charging Cable,1,5/27/2019 14:47
208800,Bose SoundSport Headphones,1,5/21/2019 12:39
208801,Lightning Charging Cable,1,5/9/2019 9:06
208802,Apple Airpods Headphones,1,5/26/2019 0:23
208803,Lightning Charging Cable,1,5/7/2019 12:59
208804,AAA Batteries (4-pack),2,5/31/2019 13:12
208805,Macbook Pro Laptop,1,5/28/2019 17:58
208806,USB-C Charging Cable,1,5/24/2019 16:28
208807,AA Batteries (4-pack),3,5/20/2019 10:18
208808,AAA Batteries (4-pack),1,5/20/2019 11:57
208809,iPhone,1,5/31/2019 15:59
208810,Apple Airpods Headphones,1,5/12/2019 12:01
208811,27in FHD Monitor,1,5/19/2019 17:54
208812,Apple Airpods Headphones,1,5/7/2019 5:39
208813,Bose SoundSport Headphones,1,5/27/2019 18:39
208814,Lightning Charging Cable,1,5/8/2019 19:47
208815,iPhone,1,5/19/2019 16:19
208816,Lightning Charging Cable,1,5/26/2019 16:16
208817,iPhone,1,5/14/2019 17:04
208818,Lightning Charging Cable,1,5/22/2019 17:46
208819,Wired Headphones,1,5/12/2019 17:15
208820,27in 4K Gaming Monitor,1,5/25/2019 17:38
208821,Bose SoundSport Headphones,1,5/23/2019 10:44
208822,Google Phone,1,5/20/2019 22:29
208823,Google Phone,1,5/22/2019 15:00
208824,AA Batteries (4-pack),2,5/31/2019 16:21
208825,Apple Airpods Headphones,1,5/1/2019 22:20
208826,iPhone,1,5/7/2019 8:32
208827,Lightning Charging Cable,1,5/15/2019 11:10
208828,Macbook Pro Laptop,1,5/20/2019 18:27
208829,USB-C Charging Cable,1,5/10/2019 13:18
208830,AAA Batteries (4-pack),2,5/20/2019 12:05
208831,Apple Airpods Headphones,1,5/21/2019 13:54
208832,AAA Batteries (4-pack),1,5/26/2019 23:46
208833,Bose SoundSport Headphones,1,5/23/2019 15:17
208834,AA Batteries (4-pack),1,5/8/2019 10:13
208835,AAA Batteries (4-pack),1,5/6/2019 7:58
208836,AAA Batteries (4-pack),1,5/23/2019 14:31
208837,USB-C Charging Cable,1,5/17/2019 10:16
208838,Wired Headphones,1,5/21/2019 19:13
208839,AAA Batteries (4-pack),2,5/19/2019 13:36
208840,AA Batteries (4-pack),1,5/3/2019 1:00
208841,Lightning Charging Cable,1,5/16/2019 6:19
208842,AAA Batteries (4-pack),1,5/4/2019 22:44
208843,Lightning Charging Cable,1,5/15/2019 21:47
208844,Wired Headphones,1,5/6/2019 14:27
208845,AAA Batteries (4-pack),1,5/16/2019 21:01
208846,AAA Batteries (4-pack),1,5/14/2019 2:16
208847,Google Phone,1,5/20/2019 9:06
208848,AAA Batteries (4-pack),1,5/15/2019 13:13
208849,AAA Batteries (4-pack),1,5/25/2019 0:46
208850,Macbook Pro Laptop,1,5/26/2019 7:56
208851,iPhone,1,5/5/2019 21:56
208852,Lightning Charging Cable,1,5/5/2019 18:22
208853,AAA Batteries (4-pack),2,5/27/2019 14:25
208853,34in Ultrawide Monitor,1,5/27/2019 14:25
208854,Apple Airpods Headphones,1,5/15/2019 10:07
208855,USB-C Charging Cable,1,5/11/2019 19:58
208856,AAA Batteries (4-pack),1,5/27/2019 8:01
208857,USB-C Charging Cable,2,5/27/2019 13:28
208858,AAA Batteries (4-pack),1,5/11/2019 18:48
208859,AAA Batteries (4-pack),1,5/23/2019 1:20
208860,Bose SoundSport Headphones,1,5/9/2019 10:37
208861,USB-C Charging Cable,1,5/6/2019 13:57
208862,Lightning Charging Cable,2,5/17/2019 8:55
208863,Apple Airpods Headphones,1,5/16/2019 12:07
208864,Bose SoundSport Headphones,1,5/10/2019 0:18
208865,AA Batteries (4-pack),1,5/24/2019 13:07
208866,AAA Batteries (4-pack),3,5/5/2019 20:58
208867,Lightning Charging Cable,2,5/1/2019 8:43
208868,AAA Batteries (4-pack),1,5/26/2019 20:27
208869,AA Batteries (4-pack),1,5/13/2019 22:46
208869,Lightning Charging Cable,1,5/13/2019 22:46
208870,Google Phone,1,5/21/2019 11:57
208871,USB-C Charging Cable,1,5/17/2019 12:28
208872,AA Batteries (4-pack),1,5/16/2019 19:47
208873,AAA Batteries (4-pack),2,5/21/2019 15:00
208874,Wired Headphones,1,5/27/2019 18:14
208875,AA Batteries (4-pack),1,5/21/2019 20:16
208876,AA Batteries (4-pack),1,5/17/2019 20:48
208877,Lightning Charging Cable,2,5/26/2019 16:57
208878,Wired Headphones,1,5/24/2019 23:15
208879,Lightning Charging Cable,1,5/21/2019 19:24
208880,Wired Headphones,1,5/8/2019 17:06
208881,Lightning Charging Cable,1,5/24/2019 22:37
208882,AAA Batteries (4-pack),1,5/14/2019 23:05
208883,AAA Batteries (4-pack),1,5/26/2019 13:01
208884,AA Batteries (4-pack),2,5/6/2019 23:34
208885,Lightning Charging Cable,1,5/13/2019 20:42
208886,AAA Batteries (4-pack),1,5/16/2019 21:43
208887,AA Batteries (4-pack),4,5/19/2019 21:08
208888,iPhone,1,5/11/2019 17:15
208889,LG Dryer,1,5/9/2019 22:47
208890,Wired Headphones,1,5/28/2019 14:18
208891,Apple Airpods Headphones,1,5/9/2019 9:17
208892,27in FHD Monitor,1,5/6/2019 22:44
208893,AAA Batteries (4-pack),1,5/21/2019 7:01
208894,ThinkPad Laptop,1,5/18/2019 19:46
208895,AA Batteries (4-pack),1,5/14/2019 21:10
208896,AAA Batteries (4-pack),1,5/18/2019 13:52
208897,iPhone,1,5/14/2019 16:50
208898,AA Batteries (4-pack),1,5/23/2019 10:59
208898,Bose SoundSport Headphones,1,5/23/2019 10:59
208899,Apple Airpods Headphones,1,5/10/2019 11:49
208900,34in Ultrawide Monitor,1,5/12/2019 14:11
208901,Lightning Charging Cable,1,5/2/2019 9:50
208902,27in 4K Gaming Monitor,1,5/5/2019 20:03
208903,AA Batteries (4-pack),1,5/14/2019 8:28
208904,Vareebadd Phone,1,5/3/2019 7:28
208905,Macbook Pro Laptop,1,5/20/2019 10:04
208906,34in Ultrawide Monitor,1,5/16/2019 18:49
208907,Apple Airpods Headphones,1,5/23/2019 10:31
208908,Wired Headphones,1,5/24/2019 11:01
208909,USB-C Charging Cable,1,5/2/2019 20:21
208910,34in Ultrawide Monitor,1,5/18/2019 16:44
208911,Flatscreen TV,1,5/18/2019 6:51
208912,Flatscreen TV,1,5/24/2019 13:45
208913,34in Ultrawide Monitor,1,5/8/2019 16:06
208914,AAA Batteries (4-pack),2,5/27/2019 20:49
208915,Apple Airpods Headphones,1,5/16/2019 10:31
208916,Wired Headphones,1,5/29/2019 11:14
208917,USB-C Charging Cable,1,5/19/2019 19:46
208918,USB-C Charging Cable,1,5/29/2019 13:13
208919,Lightning Charging Cable,1,5/13/2019 12:55
208920,Lightning Charging Cable,1,5/13/2019 18:40
208921,34in Ultrawide Monitor,1,5/26/2019 7:56
208922,34in Ultrawide Monitor,1,5/28/2019 20:10
208923,AAA Batteries (4-pack),1,5/26/2019 9:25
208924,USB-C Charging Cable,1,5/28/2019 13:04
208925,Bose SoundSport Headphones,1,5/3/2019 20:38
208926,USB-C Charging Cable,1,5/31/2019 9:13
208926,AAA Batteries (4-pack),1,5/31/2019 9:13
208927,AA Batteries (4-pack),1,5/30/2019 11:09
208928,Wired Headphones,1,5/22/2019 13:30
208929,Wired Headphones,1,5/31/2019 11:18
208930,27in FHD Monitor,1,5/2/2019 9:38
208930,Apple Airpods Headphones,1,5/2/2019 9:38
208931,AA Batteries (4-pack),2,5/30/2019 11:43
208932,ThinkPad Laptop,1,5/27/2019 19:15
208933,USB-C Charging Cable,1,5/4/2019 14:34
208934,Wired Headphones,1,5/23/2019 13:02
208935,Wired Headphones,1,5/1/2019 16:39
208936,AA Batteries (4-pack),1,5/4/2019 15:44
208937,Wired Headphones,1,5/13/2019 10:01
208938,LG Dryer,1,5/31/2019 15:34
208939,AA Batteries (4-pack),1,5/13/2019 15:01
208940,Apple Airpods Headphones,1,5/6/2019 12:15
208941,Wired Headphones,1,5/19/2019 13:13
208942,Wired Headphones,1,5/30/2019 21:48
208943,27in 4K Gaming Monitor,1,5/10/2019 18:31
208944,Lightning Charging Cable,1,5/24/2019 9:00
208945,AA Batteries (4-pack),1,5/13/2019 8:44
208946,Lightning Charging Cable,1,5/25/2019 18:08
208947,Bose SoundSport Headphones,1,5/1/2019 23:12
208948,Bose SoundSport Headphones,1,5/9/2019 19:50
208949,Lightning Charging Cable,1,5/20/2019 11:41
208950,Bose SoundSport Headphones,1,5/12/2019 5:45
208951,Wired Headphones,1,5/5/2019 19:30
208952,Macbook Pro Laptop,1,5/30/2019 14:17
208953,AAA Batteries (4-pack),1,5/3/2019 21:45
208954,Apple Airpods Headphones,1,5/11/2019 15:15
208955,AAA Batteries (4-pack),2,5/18/2019 18:47
208956,Macbook Pro Laptop,1,5/3/2019 12:02
208957,Apple Airpods Headphones,1,5/12/2019 6:48
208958,USB-C Charging Cable,1,5/22/2019 11:18
208959,ThinkPad Laptop,1,5/7/2019 20:36
208960,Wired Headphones,1,5/8/2019 21:46
208961,USB-C Charging Cable,1,5/12/2019 20:33
208962,Lightning Charging Cable,1,5/4/2019 16:36
208963,Lightning Charging Cable,1,5/11/2019 21:09
208964,AAA Batteries (4-pack),1,5/25/2019 19:03
208965,Bose SoundSport Headphones,1,5/28/2019 22:26
208966,Bose SoundSport Headphones,1,5/16/2019 11:01
208967,Lightning Charging Cable,1,5/30/2019 11:21
208968,USB-C Charging Cable,2,5/22/2019 22:27
208969,AA Batteries (4-pack),1,5/5/2019 20:14
208970,Bose SoundSport Headphones,1,5/20/2019 9:36
208971,Google Phone,1,5/24/2019 22:47
208971,AA Batteries (4-pack),1,5/24/2019 22:47
208972,Apple Airpods Headphones,1,5/23/2019 12:07
208973,iPhone,1,5/31/2019 17:22
208974,AA Batteries (4-pack),1,5/3/2019 18:58
208975,Wired Headphones,1,5/18/2019 21:51
208976,AA Batteries (4-pack),3,5/18/2019 21:51
208977,USB-C Charging Cable,1,5/10/2019 11:59
208978,AAA Batteries (4-pack),1,5/9/2019 9:03
208979,Lightning Charging Cable,1,5/23/2019 19:13
208980,AAA Batteries (4-pack),2,5/4/2019 12:01
208981,USB-C Charging Cable,1,5/24/2019 10:26
208982,AA Batteries (4-pack),1,5/23/2019 19:40
208983,USB-C Charging Cable,1,5/9/2019 17:20
208984,iPhone,1,5/1/2019 18:49
208985,AA Batteries (4-pack),2,5/16/2019 14:32
208986,Lightning Charging Cable,1,5/19/2019 13:49
208987,AAA Batteries (4-pack),1,5/8/2019 12:06
208988,Bose SoundSport Headphones,1,5/8/2019 13:04
208989,Lightning Charging Cable,1,5/20/2019 10:20
208990,Vareebadd Phone,1,5/7/2019 22:27
208991,Lightning Charging Cable,1,5/12/2019 22:26
208992,27in 4K Gaming Monitor,1,5/21/2019 9:39
208993,iPhone,1,5/10/2019 14:00
208994,Lightning Charging Cable,1,5/2/2019 9:08
208995,Apple Airpods Headphones,1,5/8/2019 1:25
208996,AA Batteries (4-pack),1,5/4/2019 9:56
208997,Lightning Charging Cable,2,5/29/2019 23:50
208998,Wired Headphones,1,5/8/2019 18:33
208999,USB-C Charging Cable,1,5/3/2019 21:59
209000,27in FHD Monitor,1,5/17/2019 12:39
209001,USB-C Charging Cable,1,5/9/2019 15:54
209002,USB-C Charging Cable,2,5/14/2019 9:16
209003,Bose SoundSport Headphones,1,5/15/2019 6:55
209004,27in 4K Gaming Monitor,1,5/3/2019 20:19
209005,Apple Airpods Headphones,1,5/2/2019 9:59
209006,AAA Batteries (4-pack),1,5/15/2019 14:40
209007,27in FHD Monitor,1,5/11/2019 22:29
209008,Lightning Charging Cable,1,5/10/2019 10:22
209009,AA Batteries (4-pack),2,5/24/2019 8:06
209010,27in FHD Monitor,1,5/20/2019 11:02
209011,AAA Batteries (4-pack),2,5/20/2019 10:50
209012,Bose SoundSport Headphones,1,5/19/2019 10:47
209013,Apple Airpods Headphones,1,5/17/2019 1:21
209014,Lightning Charging Cable,1,5/30/2019 6:36
209015,Apple Airpods Headphones,1,5/13/2019 21:22
209016,AAA Batteries (4-pack),1,5/19/2019 14:31
209017,Macbook Pro Laptop,1,5/15/2019 19:10
209018,USB-C Charging Cable,1,5/24/2019 12:27
209019,Wired Headphones,1,5/23/2019 0:30
209020,AAA Batteries (4-pack),1,5/27/2019 15:05
209021,AA Batteries (4-pack),1,5/13/2019 18:56
209022,ThinkPad Laptop,1,5/18/2019 13:38
209023,AAA Batteries (4-pack),1,5/4/2019 14:53
209024,Wired Headphones,1,5/27/2019 5:27
209025,Bose SoundSport Headphones,1,5/19/2019 21:33
209026,AA Batteries (4-pack),2,5/20/2019 14:06
209027,AAA Batteries (4-pack),1,5/13/2019 10:49
209028,34in Ultrawide Monitor,1,5/20/2019 16:39
209029,USB-C Charging Cable,1,5/4/2019 15:01
209030,34in Ultrawide Monitor,1,5/6/2019 6:31
209031,AAA Batteries (4-pack),1,5/22/2019 13:40
209032,Wired Headphones,1,5/7/2019 9:10
209033,Lightning Charging Cable,2,5/22/2019 15:15
209034,20in Monitor,1,5/17/2019 19:40
209035,20in Monitor,1,5/27/2019 15:57
209036,AA Batteries (4-pack),1,5/6/2019 16:56
209037,Wired Headphones,1,5/25/2019 22:18
209038,USB-C Charging Cable,2,5/3/2019 23:09
209039,USB-C Charging Cable,1,5/30/2019 12:10
209039,Apple Airpods Headphones,1,5/30/2019 12:10
209040,AA Batteries (4-pack),1,5/28/2019 11:41
209041,AAA Batteries (4-pack),1,5/30/2019 19:30
209042,Wired Headphones,1,5/19/2019 23:31
209043,AAA Batteries (4-pack),2,5/31/2019 7:56
209044,USB-C Charging Cable,1,5/31/2019 20:40
209045,27in FHD Monitor,1,5/2/2019 17:00
209046,USB-C Charging Cable,1,5/12/2019 22:31
209047,Google Phone,1,5/29/2019 17:42
209048,AAA Batteries (4-pack),1,5/20/2019 11:59
209049,Lightning Charging Cable,1,5/6/2019 16:53
209050,USB-C Charging Cable,1,5/4/2019 13:04
209051,Bose SoundSport Headphones,1,5/26/2019 15:51
209052,Bose SoundSport Headphones,1,5/5/2019 22:08
209053,Wired Headphones,1,5/10/2019 19:14
209054,Lightning Charging Cable,1,5/20/2019 16:35
209055,Flatscreen TV,1,5/10/2019 17:27
209056,Apple Airpods Headphones,1,5/22/2019 21:15
209057,Apple Airpods Headphones,1,5/25/2019 10:44
209058,AAA Batteries (4-pack),1,5/12/2019 10:54
209059,AAA Batteries (4-pack),1,5/15/2019 21:27
209060,Flatscreen TV,1,5/26/2019 17:52
209061,Lightning Charging Cable,1,5/22/2019 12:41
209062,Bose SoundSport Headphones,1,5/18/2019 13:16
209063,Lightning Charging Cable,1,5/11/2019 19:21
209064,Bose SoundSport Headphones,1,5/24/2019 21:21
209065,Macbook Pro Laptop,1,5/6/2019 12:22
209066,AA Batteries (4-pack),1,5/25/2019 21:41
209067,27in FHD Monitor,1,5/11/2019 13:37
209068,ThinkPad Laptop,1,5/6/2019 14:18
209069,20in Monitor,1,5/27/2019 14:47
209070,Lightning Charging Cable,1,5/12/2019 0:13
209070,Bose SoundSport Headphones,1,5/12/2019 0:13
209071,Apple Airpods Headphones,1,5/17/2019 21:19
209072,AAA Batteries (4-pack),1,5/22/2019 16:36
209073,iPhone,1,5/3/2019 16:10
209073,Lightning Charging Cable,1,5/3/2019 16:10
209074,AA Batteries (4-pack),1,5/23/2019 17:43
209074,Apple Airpods Headphones,1,5/23/2019 17:43
209075,Bose SoundSport Headphones,1,5/27/2019 23:32
209076,AA Batteries (4-pack),1,5/25/2019 14:05
209077,Flatscreen TV,1,5/4/2019 1:45
209078,iPhone,1,5/3/2019 17:57
209079,27in 4K Gaming Monitor,1,5/9/2019 14:40
209080,Wired Headphones,1,5/4/2019 20:49
209081,iPhone,1,5/3/2019 19:40
209082,AAA Batteries (4-pack),1,5/3/2019 7:09
209083,34in Ultrawide Monitor,1,5/17/2019 9:18
209084,AA Batteries (4-pack),1,5/22/2019 18:53
209085,AAA Batteries (4-pack),1,5/21/2019 19:25
209086,Vareebadd Phone,1,5/28/2019 21:55
209087,Bose SoundSport Headphones,1,5/22/2019 12:32
209088,iPhone,1,5/13/2019 8:25
209089,USB-C Charging Cable,1,5/5/2019 11:55
209090,iPhone,1,5/13/2019 10:51
209091,20in Monitor,1,5/12/2019 18:05
209092,Lightning Charging Cable,1,5/23/2019 10:05
209093,Apple Airpods Headphones,1,5/5/2019 14:07
209094,Lightning Charging Cable,1,5/2/2019 22:53
209095,AAA Batteries (4-pack),1,5/8/2019 19:12
209096,Lightning Charging Cable,1,5/29/2019 22:30
209097,USB-C Charging Cable,1,5/27/2019 19:41
209098,Macbook Pro Laptop,1,5/10/2019 22:29
209099,Lightning Charging Cable,1,5/29/2019 11:23
209100,Lightning Charging Cable,2,5/17/2019 20:05
209101,Apple Airpods Headphones,1,5/2/2019 19:47
209102,AA Batteries (4-pack),1,5/7/2019 20:08
209102,Lightning Charging Cable,1,5/7/2019 20:08
209103,Wired Headphones,1,5/10/2019 15:01
209104,Wired Headphones,1,5/10/2019 11:26
209105,iPhone,1,5/16/2019 23:32
209106,Google Phone,1,5/21/2019 21:28
209107,20in Monitor,1,5/1/2019 11:07
209108,Lightning Charging Cable,1,5/14/2019 19:54
209109,Bose SoundSport Headphones,1,5/8/2019 13:07
209110,Flatscreen TV,1,5/25/2019 19:33
209111,34in Ultrawide Monitor,1,5/4/2019 23:08
209112,34in Ultrawide Monitor,1,5/15/2019 0:53
209113,Wired Headphones,1,5/29/2019 9:33
209114,ThinkPad Laptop,1,5/28/2019 16:43
209115,27in FHD Monitor,1,5/20/2019 21:53
209116,Apple Airpods Headphones,1,5/14/2019 15:33
209117,AA Batteries (4-pack),2,5/16/2019 20:45
209118,USB-C Charging Cable,1,5/29/2019 16:56
209119,USB-C Charging Cable,2,5/16/2019 18:22
209120,Google Phone,1,5/25/2019 0:54
209121,27in 4K Gaming Monitor,1,5/4/2019 17:23
209122,USB-C Charging Cable,1,5/22/2019 21:04
209123,20in Monitor,1,5/7/2019 9:47
209124,20in Monitor,1,5/12/2019 15:13
209125,34in Ultrawide Monitor,1,5/11/2019 8:09
209126,Wired Headphones,1,5/18/2019 20:11
209127,34in Ultrawide Monitor,1,5/1/2019 7:09
209128,AAA Batteries (4-pack),4,5/16/2019 8:24
209129,20in Monitor,1,5/17/2019 0:47
209130,Wired Headphones,1,5/20/2019 16:51
209131,34in Ultrawide Monitor,1,5/21/2019 23:41
209132,iPhone,1,5/12/2019 16:24
209132,Lightning Charging Cable,1,5/12/2019 16:24
209133,Macbook Pro Laptop,1,5/30/2019 12:25
209134,Lightning Charging Cable,1,5/23/2019 17:35
,,,
209135,Apple Airpods Headphones,1,5/20/2019 2:26
209136,Wired Headphones,2,5/17/2019 9:57
209137,Lightning Charging Cable,1,5/5/2019 13:36
209138,Wired Headphones,1,5/31/2019 12:09
209139,iPhone,1,5/28/2019 20:06
209140,27in FHD Monitor,1,5/10/2019 13:19
209141,Apple Airpods Headphones,1,5/19/2019 6:48
209142,AAA Batteries (4-pack),2,5/4/2019 13:01
209143,27in 4K Gaming Monitor,1,5/17/2019 15:54
209144,34in Ultrawide Monitor,1,5/6/2019 16:27
209145,Wired Headphones,1,5/20/2019 16:37
209146,Lightning Charging Cable,1,5/12/2019 11:39
209147,Wired Headphones,1,5/12/2019 12:51
209148,34in Ultrawide Monitor,1,5/30/2019 14:25
209149,AA Batteries (4-pack),1,5/12/2019 14:45
209150,Macbook Pro Laptop,1,5/17/2019 17:43
209151,USB-C Charging Cable,1,5/7/2019 14:55
209152,Wired Headphones,1,5/5/2019 9:55
209153,ThinkPad Laptop,1,5/28/2019 17:03
209154,Flatscreen TV,1,5/8/2019 12:07
209155,Bose SoundSport Headphones,1,5/28/2019 8:12
209156,AAA Batteries (4-pack),3,5/7/2019 19:44
209157,AA Batteries (4-pack),1,5/31/2019 6:18
209158,iPhone,1,5/28/2019 8:11
209159,Google Phone,1,5/12/2019 10:37
209159,USB-C Charging Cable,1,5/12/2019 10:37
209160,USB-C Charging Cable,1,5/7/2019 22:47
209161,Google Phone,1,5/30/2019 14:10
209161,USB-C Charging Cable,1,5/30/2019 14:10
209162,AAA Batteries (4-pack),1,5/24/2019 10:59
209163,Bose SoundSport Headphones,1,5/10/2019 6:25
209164,Wired Headphones,1,5/8/2019 11:08
209165,USB-C Charging Cable,1,5/21/2019 22:57
209166,AAA Batteries (4-pack),2,5/18/2019 19:07
209167,27in 4K Gaming Monitor,1,5/7/2019 20:35
209168,27in FHD Monitor,1,5/15/2019 17:44
209169,34in Ultrawide Monitor,1,5/6/2019 11:25
209170,AA Batteries (4-pack),1,5/19/2019 22:59
209171,Apple Airpods Headphones,1,5/24/2019 18:27
209172,Bose SoundSport Headphones,1,5/4/2019 12:15
209173,Wired Headphones,1,5/21/2019 14:25
209174,Lightning Charging Cable,1,5/9/2019 15:19
209175,AAA Batteries (4-pack),1,5/3/2019 18:22
209176,Lightning Charging Cable,1,5/14/2019 23:25
209177,Lightning Charging Cable,2,5/7/2019 13:24
209178,Lightning Charging Cable,1,5/26/2019 16:00
209179,Google Phone,1,5/7/2019 22:56
209180,Lightning Charging Cable,1,5/27/2019 7:53
209181,AA Batteries (4-pack),1,5/17/2019 18:32
209182,AAA Batteries (4-pack),1,5/7/2019 12:30
209183,USB-C Charging Cable,1,5/4/2019 11:53
209184,AAA Batteries (4-pack),2,5/9/2019 17:43
209185,AAA Batteries (4-pack),3,5/21/2019 8:58
209186,USB-C Charging Cable,1,5/2/2019 18:49
209187,Apple Airpods Headphones,1,5/20/2019 17:26
209188,Wired Headphones,1,5/7/2019 13:14
209189,AA Batteries (4-pack),1,5/26/2019 16:13
209190,Google Phone,1,5/19/2019 4:24
209190,Wired Headphones,1,5/19/2019 4:24
209191,AAA Batteries (4-pack),1,5/15/2019 8:28
209192,Apple Airpods Headphones,1,5/17/2019 17:59
209193,LG Dryer,1,5/4/2019 20:47
209194,Macbook Pro Laptop,1,5/20/2019 23:02
209195,AA Batteries (4-pack),1,5/21/2019 12:51
209196,AAA Batteries (4-pack),1,5/30/2019 21:25
209197,USB-C Charging Cable,1,5/11/2019 21:03
209198,27in FHD Monitor,1,5/14/2019 23:32
209199,USB-C Charging Cable,1,5/4/2019 9:32
209200,Macbook Pro Laptop,1,5/21/2019 12:42
209201,AAA Batteries (4-pack),1,5/9/2019 21:23
209202,Macbook Pro Laptop,1,5/22/2019 10:31
209203,Lightning Charging Cable,1,5/24/2019 12:38
209204,USB-C Charging Cable,1,5/10/2019 17:44
209205,Wired Headphones,1,5/6/2019 21:24
209206,20in Monitor,1,5/19/2019 19:33
209206,Lightning Charging Cable,1,5/19/2019 19:33
209207,Apple Airpods Headphones,1,5/2/2019 12:24
209208,Wired Headphones,1,5/8/2019 19:27
209209,LG Washing Machine,1,5/24/2019 18:58
,,,
209210,AA Batteries (4-pack),3,5/6/2019 12:11
209211,34in Ultrawide Monitor,1,5/16/2019 13:29
209212,Wired Headphones,1,5/3/2019 13:44
209213,AA Batteries (4-pack),1,5/20/2019 21:39
209214,AA Batteries (4-pack),2,5/8/2019 23:58
209215,Apple Airpods Headphones,1,5/2/2019 22:42
209216,27in 4K Gaming Monitor,1,5/21/2019 17:08
209217,27in 4K Gaming Monitor,1,5/14/2019 10:08
209217,ThinkPad Laptop,1,5/14/2019 10:08
209218,27in FHD Monitor,1,5/11/2019 10:41
209219,AA Batteries (4-pack),1,5/22/2019 12:28
209220,Lightning Charging Cable,1,5/20/2019 7:34
209221,Bose SoundSport Headphones,1,5/4/2019 21:12
209222,USB-C Charging Cable,1,5/30/2019 21:44
209223,Apple Airpods Headphones,1,5/31/2019 23:30
209224,Macbook Pro Laptop,1,5/27/2019 21:21
209225,Bose SoundSport Headphones,1,5/3/2019 13:22
209226,USB-C Charging Cable,1,5/25/2019 17:47
209227,Lightning Charging Cable,1,5/30/2019 20:46
209228,USB-C Charging Cable,1,5/22/2019 10:10
209229,AA Batteries (4-pack),1,5/27/2019 22:43
209230,Lightning Charging Cable,1,5/18/2019 1:20
209231,AA Batteries (4-pack),2,5/20/2019 16:27
209232,Macbook Pro Laptop,1,5/22/2019 8:32
209233,AAA Batteries (4-pack),1,5/22/2019 18:47
209234,Bose SoundSport Headphones,1,5/14/2019 11:17
209235,Google Phone,1,5/10/2019 5:36
209235,USB-C Charging Cable,1,5/10/2019 5:36
209235,Wired Headphones,1,5/10/2019 5:36
209236,Flatscreen TV,1,5/11/2019 0:05
209237,USB-C Charging Cable,2,5/9/2019 23:18
209238,Lightning Charging Cable,1,5/1/2019 12:02
209239,AA Batteries (4-pack),1,5/31/2019 14:55
209240,Vareebadd Phone,1,5/1/2019 17:57
209241,iPhone,1,5/20/2019 21:44
209241,Lightning Charging Cable,1,5/20/2019 21:44
209242,USB-C Charging Cable,1,5/11/2019 17:40
209243,Flatscreen TV,1,5/30/2019 17:21
209244,Flatscreen TV,1,5/24/2019 12:15
209245,AAA Batteries (4-pack),2,5/12/2019 9:22
209246,27in 4K Gaming Monitor,1,5/5/2019 18:36
209247,USB-C Charging Cable,2,5/1/2019 22:11
209248,USB-C Charging Cable,2,5/24/2019 13:49
209249,USB-C Charging Cable,1,5/4/2019 13:29
209250,Apple Airpods Headphones,1,5/28/2019 11:02
209251,AA Batteries (4-pack),1,5/8/2019 15:17
209252,Bose SoundSport Headphones,1,5/9/2019 9:29
209253,LG Dryer,1,5/14/2019 7:50
209254,USB-C Charging Cable,1,5/6/2019 0:00
209255,Lightning Charging Cable,1,5/19/2019 9:47
209256,Wired Headphones,1,5/10/2019 13:53
209257,USB-C Charging Cable,1,5/9/2019 9:23
209258,Vareebadd Phone,1,5/17/2019 0:55
209259,Wired Headphones,1,5/8/2019 21:40
209260,AAA Batteries (4-pack),1,5/18/2019 19:21
209261,AA Batteries (4-pack),2,5/7/2019 13:48
209262,AA Batteries (4-pack),1,5/21/2019 18:22
209263,Apple Airpods Headphones,1,5/10/2019 13:56
209264,Apple Airpods Headphones,1,5/9/2019 18:42
209265,Flatscreen TV,1,5/23/2019 11:51
209266,Wired Headphones,1,5/9/2019 11:22
209267,AAA Batteries (4-pack),1,5/21/2019 10:25
209268,AAA Batteries (4-pack),2,5/31/2019 20:26
209269,iPhone,1,5/20/2019 14:11
209269,Lightning Charging Cable,1,5/20/2019 14:11
209269,AA Batteries (4-pack),3,5/20/2019 14:11
209270,Lightning Charging Cable,1,5/23/2019 21:53
209271,34in Ultrawide Monitor,1,5/23/2019 14:36
209272,AAA Batteries (4-pack),1,5/16/2019 11:28
209273,AA Batteries (4-pack),1,5/15/2019 12:45
209274,Apple Airpods Headphones,1,5/18/2019 12:46
209275,AAA Batteries (4-pack),1,5/24/2019 17:47
209276,AAA Batteries (4-pack),1,5/27/2019 11:23
209277,USB-C Charging Cable,1,5/27/2019 20:28
209278,34in Ultrawide Monitor,1,5/28/2019 15:42
209279,27in 4K Gaming Monitor,1,5/27/2019 12:41
209280,iPhone,1,5/9/2019 20:43
209281,AAA Batteries (4-pack),1,5/13/2019 22:43
209282,Lightning Charging Cable,2,5/27/2019 11:40
209283,Wired Headphones,1,5/26/2019 8:49
209284,Lightning Charging Cable,1,5/19/2019 3:32
209285,Lightning Charging Cable,1,5/18/2019 13:48
209286,AA Batteries (4-pack),1,5/9/2019 12:27
209287,AA Batteries (4-pack),1,5/21/2019 17:54
209288,AAA Batteries (4-pack),1,5/25/2019 19:45
209289,AAA Batteries (4-pack),1,5/31/2019 11:00
Order ID,Product,Quantity Ordered,Order Date
209290,ThinkPad Laptop,1,5/3/2019 21:13
209291,USB-C Charging Cable,1,5/21/2019 21:45
209292,AA Batteries (4-pack),2,5/5/2019 18:05
209293,Wired Headphones,1,5/28/2019 19:43
209294,AA Batteries (4-pack),1,5/28/2019 22:07
209295,27in 4K Gaming Monitor,1,5/6/2019 17:32
209296,Wired Headphones,1,5/19/2019 20:37
209297,Wired Headphones,1,5/5/2019 21:07
209298,Macbook Pro Laptop,1,5/6/2019 14:07
209299,AA Batteries (4-pack),1,5/11/2019 20:39
209300,Lightning Charging Cable,1,5/3/2019 17:10
209301,27in 4K Gaming Monitor,1,5/19/2019 11:35
209302,Wired Headphones,1,5/15/2019 18:48
209303,Flatscreen TV,1,5/6/2019 12:26
209304,USB-C Charging Cable,1,5/28/2019 14:59
209305,AAA Batteries (4-pack),2,5/22/2019 22:20
209306,USB-C Charging Cable,1,5/29/2019 12:14
209307,USB-C Charging Cable,1,5/2/2019 13:06
209308,Bose SoundSport Headphones,1,5/1/2019 13:28
209309,AAA Batteries (4-pack),2,5/18/2019 16:02
209310,27in 4K Gaming Monitor,1,5/29/2019 21:36
209311,Lightning Charging Cable,1,5/30/2019 12:32
209312,27in FHD Monitor,1,5/22/2019 20:51
209313,AA Batteries (4-pack),2,5/17/2019 21:29
209314,Wired Headphones,1,5/24/2019 0:12
209315,Apple Airpods Headphones,1,5/29/2019 22:25
209316,USB-C Charging Cable,1,5/25/2019 22:55
209317,USB-C Charging Cable,1,5/5/2019 15:02
209318,USB-C Charging Cable,1,5/3/2019 10:40
209319,34in Ultrawide Monitor,1,5/2/2019 21:30
209320,Lightning Charging Cable,1,5/31/2019 11:29
209321,27in FHD Monitor,1,5/12/2019 6:39
209322,34in Ultrawide Monitor,1,5/17/2019 15:28
209323,AA Batteries (4-pack),1,5/1/2019 18:41
209324,Bose SoundSport Headphones,1,5/3/2019 11:57
209325,Google Phone,1,5/15/2019 12:15
209326,USB-C Charging Cable,1,5/19/2019 15:09
209327,34in Ultrawide Monitor,1,5/13/2019 0:06
209328,Wired Headphones,1,5/20/2019 23:51
209329,AAA Batteries (4-pack),1,5/14/2019 19:39
209330,Bose SoundSport Headphones,1,5/7/2019 7:55
209331,USB-C Charging Cable,1,5/13/2019 6:03
209332,AAA Batteries (4-pack),1,5/25/2019 20:05
209333,AA Batteries (4-pack),1,5/11/2019 13:47
209334,USB-C Charging Cable,1,5/17/2019 15:38
209335,USB-C Charging Cable,2,5/25/2019 18:26
209336,34in Ultrawide Monitor,1,5/14/2019 14:57
209337,USB-C Charging Cable,1,5/2/2019 22:14
209338,AAA Batteries (4-pack),3,5/29/2019 16:47
209339,ThinkPad Laptop,1,5/18/2019 22:19
209340,27in 4K Gaming Monitor,1,5/15/2019 14:23
209341,Apple Airpods Headphones,1,5/9/2019 7:32
209342,AAA Batteries (4-pack),1,5/27/2019 19:41
209343,Lightning Charging Cable,1,5/18/2019 18:39
209344,iPhone,1,5/21/2019 8:48
209345,Bose SoundSport Headphones,1,5/4/2019 20:54
209346,Lightning Charging Cable,1,5/26/2019 20:22
209347,AAA Batteries (4-pack),2,5/29/2019 21:47
209348,Flatscreen TV,1,5/13/2019 21:11
209349,Wired Headphones,1,5/24/2019 20:58
209350,Google Phone,1,5/3/2019 11:14
209351,34in Ultrawide Monitor,1,5/24/2019 11:08
209352,Lightning Charging Cable,1,5/29/2019 12:17
209353,Bose SoundSport Headphones,1,5/1/2019 13:34
209354,Bose SoundSport Headphones,1,5/7/2019 13:16
209355,Apple Airpods Headphones,1,5/30/2019 8:17
209356,USB-C Charging Cable,1,5/31/2019 14:55
209357,27in 4K Gaming Monitor,1,5/6/2019 19:19
209358,AAA Batteries (4-pack),5,5/10/2019 6:27
209359,20in Monitor,1,5/3/2019 19:27
209360,AAA Batteries (4-pack),1,5/25/2019 16:09
209361,Google Phone,1,5/16/2019 10:57
209361,USB-C Charging Cable,1,5/16/2019 10:57
209362,AAA Batteries (4-pack),1,5/21/2019 20:39
209363,27in FHD Monitor,1,5/27/2019 23:03
209364,iPhone,1,5/29/2019 15:07
209364,Lightning Charging Cable,1,5/29/2019 15:07
209365,AAA Batteries (4-pack),2,5/5/2019 8:45
209366,27in 4K Gaming Monitor,1,5/2/2019 10:32
209367,USB-C Charging Cable,1,5/26/2019 13:22
209368,AAA Batteries (4-pack),3,5/26/2019 11:46
209369,Bose SoundSport Headphones,1,5/24/2019 17:29
209370,AAA Batteries (4-pack),1,5/5/2019 12:49
209371,Wired Headphones,1,5/17/2019 16:17
209372,27in FHD Monitor,1,5/1/2019 12:18
209373,iPhone,1,5/13/2019 12:24
209374,iPhone,1,5/26/2019 20:14
209375,USB-C Charging Cable,1,5/29/2019 20:17
209376,AAA Batteries (4-pack),1,5/3/2019 17:46
209377,AAA Batteries (4-pack),1,5/30/2019 15:04
209378,ThinkPad Laptop,1,5/15/2019 18:58
209379,Wired Headphones,1,5/13/2019 11:47
209380,Lightning Charging Cable,1,5/2/2019 2:26
209381,Wired Headphones,2,5/22/2019 13:34
209382,Lightning Charging Cable,3,5/9/2019 14:10
209383,AAA Batteries (4-pack),1,5/4/2019 19:46
209384,Wired Headphones,1,5/3/2019 14:02
209385,Lightning Charging Cable,1,5/20/2019 14:36
209386,USB-C Charging Cable,1,5/23/2019 10:44
209387,AA Batteries (4-pack),1,5/22/2019 19:54
209388,Apple Airpods Headphones,1,5/9/2019 17:23
209388,Vareebadd Phone,1,5/9/2019 17:23
209389,iPhone,1,5/18/2019 11:45
209390,USB-C Charging Cable,1,5/7/2019 21:58
209391,AA Batteries (4-pack),1,5/16/2019 15:40
209392,USB-C Charging Cable,1,5/29/2019 1:32
209393,AAA Batteries (4-pack),2,5/19/2019 11:59
209394,Apple Airpods Headphones,1,5/16/2019 14:36
209395,Lightning Charging Cable,1,5/8/2019 11:05
209396,AAA Batteries (4-pack),2,5/25/2019 11:15
209397,USB-C Charging Cable,1,5/17/2019 11:14
209398,Lightning Charging Cable,1,5/15/2019 18:25
209399,AA Batteries (4-pack),1,5/18/2019 13:58
209400,Apple Airpods Headphones,1,5/27/2019 9:06
209401,Wired Headphones,1,5/1/2019 13:01
209402,USB-C Charging Cable,1,5/27/2019 9:38
209403,USB-C Charging Cable,1,5/21/2019 19:01
209404,27in 4K Gaming Monitor,1,5/16/2019 8:37
209405,Bose SoundSport Headphones,1,5/22/2019 13:45
209406,USB-C Charging Cable,1,5/20/2019 13:16
209407,AA Batteries (4-pack),1,5/15/2019 21:36
209408,AA Batteries (4-pack),1,5/4/2019 12:09
209409,AAA Batteries (4-pack),1,5/23/2019 14:37
209410,Bose SoundSport Headphones,1,5/27/2019 9:47
209411,Wired Headphones,1,5/22/2019 13:39
209412,Apple Airpods Headphones,1,5/2/2019 9:21
209413,27in FHD Monitor,1,5/22/2019 20:40
209414,AA Batteries (4-pack),2,5/5/2019 13:49
209415,AA Batteries (4-pack),1,5/6/2019 14:43
209416,iPhone,1,5/14/2019 12:15
209417,27in 4K Gaming Monitor,1,5/27/2019 18:01
209417,27in FHD Monitor,1,5/27/2019 18:01
209418,Wired Headphones,1,5/9/2019 20:23
209419,Lightning Charging Cable,1,5/15/2019 15:03
209420,34in Ultrawide Monitor,1,5/12/2019 11:29
209421,20in Monitor,1,5/4/2019 13:10
209422,ThinkPad Laptop,1,5/19/2019 8:57
209423,Google Phone,1,5/6/2019 19:01
209424,Apple Airpods Headphones,1,5/26/2019 11:01
209425,AAA Batteries (4-pack),2,5/17/2019 10:56
209426,USB-C Charging Cable,1,5/22/2019 20:07
209427,USB-C Charging Cable,1,5/7/2019 15:33
209428,LG Washing Machine,1,5/20/2019 15:32
209429,Apple Airpods Headphones,1,5/21/2019 19:08
209430,Lightning Charging Cable,1,5/23/2019 8:55
209431,iPhone,1,5/13/2019 18:35
209431,Lightning Charging Cable,1,5/13/2019 18:35
209432,Flatscreen TV,1,5/11/2019 6:10
209433,Apple Airpods Headphones,1,5/1/2019 13:00
209434,Macbook Pro Laptop,1,5/17/2019 23:08
209435,AAA Batteries (4-pack),3,5/4/2019 17:24
209436,AA Batteries (4-pack),3,5/29/2019 21:42
209437,USB-C Charging Cable,1,5/5/2019 19:07
209438,Bose SoundSport Headphones,1,5/29/2019 10:50
209439,Bose SoundSport Headphones,1,5/9/2019 15:31
209440,USB-C Charging Cable,1,5/22/2019 23:18
209441,27in FHD Monitor,1,5/29/2019 23:37
209442,ThinkPad Laptop,1,5/17/2019 18:33
209443,27in 4K Gaming Monitor,1,5/18/2019 10:15
209444,Bose SoundSport Headphones,1,5/2/2019 19:22
209445,Wired Headphones,1,5/16/2019 12:38
209446,AA Batteries (4-pack),1,5/25/2019 11:23
209447,USB-C Charging Cable,2,5/26/2019 20:21
209448,iPhone,1,5/10/2019 21:32
209449,Vareebadd Phone,1,5/15/2019 12:32
209450,20in Monitor,1,5/1/2019 17:09
209451,Wired Headphones,1,5/3/2019 12:47
209452,Apple Airpods Headphones,1,5/26/2019 20:17
209453,Bose SoundSport Headphones,1,5/21/2019 14:27
,,,
209454,USB-C Charging Cable,1,5/22/2019 11:44
209455,USB-C Charging Cable,1,5/31/2019 14:30
209456,Apple Airpods Headphones,1,5/7/2019 11:01
209457,iPhone,1,5/25/2019 9:58
209457,Apple Airpods Headphones,1,5/25/2019 9:58
209458,Bose SoundSport Headphones,1,5/29/2019 0:47
209459,AA Batteries (4-pack),1,5/27/2019 17:31
209460,Apple Airpods Headphones,1,5/4/2019 14:02
209461,Lightning Charging Cable,1,5/22/2019 20:18
209462,27in 4K Gaming Monitor,1,5/26/2019 13:58
209463,Apple Airpods Headphones,1,5/29/2019 1:48
209464,AAA Batteries (4-pack),2,5/12/2019 14:53
209465,AAA Batteries (4-pack),5,5/12/2019 13:12
209466,27in FHD Monitor,1,5/1/2019 20:44
209467,Wired Headphones,2,5/20/2019 6:17
209468,Google Phone,1,5/18/2019 19:00
209468,USB-C Charging Cable,1,5/18/2019 19:00
209469,AAA Batteries (4-pack),1,5/19/2019 11:33
209470,Lightning Charging Cable,1,5/9/2019 18:38
209471,Bose SoundSport Headphones,1,5/8/2019 15:19
209472,Lightning Charging Cable,1,5/28/2019 21:19
209473,Apple Airpods Headphones,1,5/1/2019 19:58
209474,Wired Headphones,1,5/16/2019 18:09
209475,Bose SoundSport Headphones,1,5/31/2019 12:46
209476,AAA Batteries (4-pack),3,5/3/2019 16:20
209477,Vareebadd Phone,1,5/4/2019 11:32
209478,AAA Batteries (4-pack),2,5/25/2019 10:42
209479,27in 4K Gaming Monitor,1,5/2/2019 22:41
209480,iPhone,1,5/10/2019 14:50
209480,Lightning Charging Cable,1,5/10/2019 14:50
209481,27in FHD Monitor,1,5/17/2019 8:55
209482,Wired Headphones,1,5/3/2019 6:26
209483,Apple Airpods Headphones,1,5/12/2019 8:12
209484,Lightning Charging Cable,1,5/9/2019 17:42
209485,AA Batteries (4-pack),1,5/7/2019 15:02
209486,Lightning Charging Cable,1,5/27/2019 20:44
209487,Lightning Charging Cable,1,5/9/2019 12:20
209488,Bose SoundSport Headphones,1,5/15/2019 16:25
209489,Lightning Charging Cable,1,5/30/2019 20:23
209490,AAA Batteries (4-pack),2,5/17/2019 13:43
209491,AAA Batteries (4-pack),1,5/4/2019 15:38
,,,
209492,AAA Batteries (4-pack),1,5/12/2019 16:52
209493,Lightning Charging Cable,1,5/25/2019 19:13
209494,iPhone,1,5/30/2019 11:13
209495,ThinkPad Laptop,1,5/1/2019 12:56
209496,Apple Airpods Headphones,1,5/17/2019 22:11
209497,Flatscreen TV,1,5/5/2019 20:25
209498,ThinkPad Laptop,1,5/25/2019 19:18
209499,Lightning Charging Cable,1,5/28/2019 11:48
209500,27in FHD Monitor,1,5/6/2019 8:25
209501,Apple Airpods Headphones,1,5/15/2019 22:08
209501,USB-C Charging Cable,1,5/15/2019 22:08
209502,27in FHD Monitor,1,5/15/2019 15:08
209503,USB-C Charging Cable,1,5/3/2019 8:18
209504,Wired Headphones,1,5/21/2019 20:54
209505,34in Ultrawide Monitor,1,5/17/2019 2:00
,,,
209506,LG Washing Machine,1,5/11/2019 22:06
209507,Macbook Pro Laptop,1,5/8/2019 19:34
209508,Google Phone,1,5/27/2019 23:20
209509,27in FHD Monitor,1,5/5/2019 11:08
209510,Bose SoundSport Headphones,1,5/26/2019 12:50
209511,Lightning Charging Cable,1,5/5/2019 12:39
209512,Flatscreen TV,1,5/8/2019 13:43
209513,20in Monitor,1,5/20/2019 14:34
209514,Lightning Charging Cable,1,5/5/2019 10:45
209515,Apple Airpods Headphones,1,5/14/2019 10:00
209516,Flatscreen TV,1,5/10/2019 12:22
209517,Wired Headphones,1,5/21/2019 21:51
209518,AA Batteries (4-pack),2,5/2/2019 22:11
209519,iPhone,1,5/25/2019 9:39
209520,Lightning Charging Cable,1,5/17/2019 0:44
209521,34in Ultrawide Monitor,1,5/12/2019 0:03
209522,Lightning Charging Cable,1,5/5/2019 16:24
209523,Apple Airpods Headphones,1,5/3/2019 20:51
209524,USB-C Charging Cable,1,5/31/2019 12:02
209525,Apple Airpods Headphones,1,5/31/2019 19:00
209526,AAA Batteries (4-pack),1,5/31/2019 10:25
209527,27in 4K Gaming Monitor,1,5/20/2019 22:10
209528,Apple Airpods Headphones,1,5/27/2019 8:39
209529,Apple Airpods Headphones,1,5/19/2019 12:06
209530,AA Batteries (4-pack),1,5/30/2019 9:29
209531,AA Batteries (4-pack),2,5/17/2019 12:58
209532,Flatscreen TV,1,5/6/2019 11:04
209533,USB-C Charging Cable,2,5/14/2019 12:38
209533,AAA Batteries (4-pack),2,5/14/2019 12:38
209534,27in FHD Monitor,1,5/17/2019 14:47
209535,Google Phone,1,5/4/2019 15:13
209535,USB-C Charging Cable,1,5/4/2019 15:13
209536,Vareebadd Phone,1,5/21/2019 20:04
209537,USB-C Charging Cable,1,5/13/2019 1:19
209538,AAA Batteries (4-pack),1,5/10/2019 20:55
209539,AA Batteries (4-pack),1,5/11/2019 19:26
209540,27in FHD Monitor,1,5/16/2019 12:13
209541,AA Batteries (4-pack),1,5/20/2019 15:58
209542,Lightning Charging Cable,3,5/15/2019 9:57
209543,Lightning Charging Cable,1,5/19/2019 21:14
209544,AAA Batteries (4-pack),1,5/8/2019 13:21
209545,27in FHD Monitor,1,5/1/2019 17:38
Order ID,Product,Quantity Ordered,Order Date
209546,27in FHD Monitor,1,5/9/2019 9:10
209547,AA Batteries (4-pack),1,5/28/2019 14:49
209548,Wired Headphones,1,5/4/2019 21:08
209549,LG Dryer,1,5/27/2019 0:02
209550,Google Phone,1,5/19/2019 15:42
209551,Bose SoundSport Headphones,1,5/8/2019 15:10
209552,Wired Headphones,3,5/12/2019 11:00
209553,AA Batteries (4-pack),1,5/17/2019 21:06
209554,AAA Batteries (4-pack),1,5/11/2019 23:08
209555,20in Monitor,1,5/18/2019 18:55
209556,27in 4K Gaming Monitor,1,5/23/2019 21:47
209557,Wired Headphones,1,5/22/2019 15:15
209558,Wired Headphones,1,5/10/2019 23:24
209559,AAA Batteries (4-pack),2,5/27/2019 17:51
209560,Bose SoundSport Headphones,1,5/25/2019 23:18
209561,Macbook Pro Laptop,1,5/4/2019 20:31
209562,27in FHD Monitor,1,5/13/2019 17:55
209563,AA Batteries (4-pack),1,5/14/2019 14:25
209564,Apple Airpods Headphones,1,5/17/2019 14:35
209565,USB-C Charging Cable,1,5/26/2019 7:08
209566,Apple Airpods Headphones,1,5/1/2019 23:14
209567,Lightning Charging Cable,1,5/22/2019 19:13
209568,AA Batteries (4-pack),1,5/8/2019 22:43
209569,Apple Airpods Headphones,1,5/22/2019 18:19
209570,Apple Airpods Headphones,1,5/3/2019 21:26
209571,iPhone,1,5/29/2019 11:03
209572,34in Ultrawide Monitor,1,5/15/2019 17:35
209573,27in FHD Monitor,1,5/29/2019 18:41
209574,Lightning Charging Cable,1,5/27/2019 11:22
209575,AAA Batteries (4-pack),1,5/20/2019 20:24
209576,AA Batteries (4-pack),3,5/14/2019 13:22
209577,Bose SoundSport Headphones,1,5/11/2019 11:19
209578,AAA Batteries (4-pack),1,5/13/2019 10:53
209579,USB-C Charging Cable,1,5/17/2019 12:17
209580,AA Batteries (4-pack),1,5/27/2019 21:06
209580,Wired Headphones,1,5/27/2019 21:06
209581,Lightning Charging Cable,1,5/30/2019 18:32
209582,ThinkPad Laptop,1,5/20/2019 7:13
209583,Apple Airpods Headphones,1,5/10/2019 22:13
209584,20in Monitor,1,5/6/2019 18:17
209585,AA Batteries (4-pack),1,5/16/2019 18:24
209586,AA Batteries (4-pack),2,5/19/2019 18:14
209587,AAA Batteries (4-pack),2,5/8/2019 15:17
209588,Bose SoundSport Headphones,1,5/23/2019 11:24
209589,AA Batteries (4-pack),1,5/1/2019 10:47
209589,ThinkPad Laptop,1,5/1/2019 10:47
209590,AAA Batteries (4-pack),2,5/15/2019 11:22
209591,27in FHD Monitor,1,5/4/2019 15:18
209592,USB-C Charging Cable,2,5/22/2019 23:21
209593,Wired Headphones,1,5/15/2019 9:39
209594,AA Batteries (4-pack),2,5/16/2019 9:41
209595,AA Batteries (4-pack),2,5/7/2019 6:49
209596,27in FHD Monitor,1,5/19/2019 14:29
209597,AAA Batteries (4-pack),1,5/9/2019 0:05
209598,AA Batteries (4-pack),1,5/10/2019 16:53
209599,Lightning Charging Cable,1,5/21/2019 10:42
209600,Bose SoundSport Headphones,1,5/12/2019 21:09
209601,AAA Batteries (4-pack),1,5/12/2019 14:00
209602,Wired Headphones,1,5/18/2019 13:51
209603,AA Batteries (4-pack),1,5/19/2019 1:00
209604,Bose SoundSport Headphones,1,5/6/2019 7:49
209605,Bose SoundSport Headphones,1,5/13/2019 16:12
209606,iPhone,1,5/10/2019 22:25
209607,Wired Headphones,1,5/5/2019 16:24
209608,USB-C Charging Cable,2,5/31/2019 14:20
209609,Google Phone,1,5/12/2019 19:55
209609,Bose SoundSport Headphones,1,5/12/2019 19:55
209610,20in Monitor,1,5/14/2019 21:33
209611,iPhone,1,5/3/2019 9:53
209612,Google Phone,1,5/13/2019 16:56
209613,Wired Headphones,1,5/5/2019 11:59
209614,AAA Batteries (4-pack),2,5/20/2019 16:52
209615,Bose SoundSport Headphones,1,5/20/2019 11:35
209616,Lightning Charging Cable,1,5/7/2019 19:19
209617,AA Batteries (4-pack),1,5/10/2019 11:44
209618,Macbook Pro Laptop,1,5/4/2019 15:25
209619,USB-C Charging Cable,1,5/5/2019 19:43
209620,AAA Batteries (4-pack),3,5/5/2019 14:10
209621,AA Batteries (4-pack),1,5/6/2019 12:50
209622,iPhone,1,5/20/2019 20:00
209622,Wired Headphones,1,5/20/2019 20:00
209623,Apple Airpods Headphones,1,5/15/2019 20:35
209624,AA Batteries (4-pack),1,5/19/2019 4:12
209625,LG Dryer,1,5/19/2019 11:18
209626,AA Batteries (4-pack),1,5/6/2019 19:02
209627,Flatscreen TV,1,5/22/2019 17:56
209628,AA Batteries (4-pack),1,5/23/2019 20:32
209629,Macbook Pro Laptop,1,5/25/2019 23:46
209630,AA Batteries (4-pack),1,5/6/2019 8:31
209631,Bose SoundSport Headphones,1,5/2/2019 20:15
209632,Lightning Charging Cable,1,5/16/2019 1:29
209632,Apple Airpods Headphones,1,5/16/2019 1:29
209633,AAA Batteries (4-pack),1,5/19/2019 8:47
209634,USB-C Charging Cable,1,5/9/2019 9:26
209635,Lightning Charging Cable,1,5/20/2019 17:17
209636,Apple Airpods Headphones,1,5/8/2019 16:21
209637,Wired Headphones,1,5/24/2019 8:33
209638,Bose SoundSport Headphones,1,5/2/2019 18:01
209638,Lightning Charging Cable,1,5/2/2019 18:01
209639,USB-C Charging Cable,1,5/17/2019 9:33
209640,27in 4K Gaming Monitor,1,5/16/2019 18:11
209641,AA Batteries (4-pack),2,5/6/2019 12:45
209642,Apple Airpods Headphones,1,5/9/2019 13:14
209643,Flatscreen TV,1,5/20/2019 15:29
209644,ThinkPad Laptop,1,5/19/2019 11:35
209645,20in Monitor,1,5/28/2019 11:39
209646,Flatscreen TV,1,5/18/2019 22:23
209647,34in Ultrawide Monitor,1,5/24/2019 11:57
209648,iPhone,1,5/22/2019 2:09
209649,AAA Batteries (4-pack),4,5/7/2019 20:01
209650,Lightning Charging Cable,1,5/27/2019 0:51
209651,Vareebadd Phone,1,5/11/2019 15:47
209651,USB-C Charging Cable,1,5/11/2019 15:47
209651,Apple Airpods Headphones,1,5/11/2019 15:47
209652,ThinkPad Laptop,1,5/1/2019 23:01
209653,LG Dryer,1,5/6/2019 21:34
209654,USB-C Charging Cable,1,5/16/2019 12:18
209655,Wired Headphones,1,5/3/2019 7:18
209656,Wired Headphones,1,5/26/2019 20:35
209657,Lightning Charging Cable,1,5/20/2019 22:55
209658,USB-C Charging Cable,1,5/2/2019 12:47
209659,Google Phone,1,5/9/2019 15:17
209659,USB-C Charging Cable,1,5/9/2019 15:17
209659,Bose SoundSport Headphones,1,5/9/2019 15:17
209660,iPhone,1,5/24/2019 10:47
209661,Google Phone,1,5/21/2019 19:06
209661,USB-C Charging Cable,1,5/21/2019 19:06
209662,Bose SoundSport Headphones,1,5/27/2019 17:59
209663,Macbook Pro Laptop,1,5/30/2019 12:52
209664,Lightning Charging Cable,1,5/28/2019 12:56
209665,AA Batteries (4-pack),1,5/7/2019 9:52
209666,Lightning Charging Cable,1,5/20/2019 14:28
209667,Bose SoundSport Headphones,1,5/2/2019 14:13
209668,Bose SoundSport Headphones,1,5/15/2019 15:45
209669,AAA Batteries (4-pack),1,5/1/2019 13:01
209670,27in 4K Gaming Monitor,1,5/10/2019 16:05
209671,AA Batteries (4-pack),1,5/24/2019 17:06
209672,Vareebadd Phone,1,5/16/2019 13:29
209673,Bose SoundSport Headphones,1,5/13/2019 17:46
209674,Apple Airpods Headphones,1,5/28/2019 15:58
209675,AA Batteries (4-pack),1,5/28/2019 17:38
209676,USB-C Charging Cable,1,5/31/2019 11:00
209677,AA Batteries (4-pack),1,5/19/2019 15:42
209678,Wired Headphones,1,5/9/2019 15:45
,,,
209679,AAA Batteries (4-pack),1,5/2/2019 13:01
209680,AA Batteries (4-pack),3,5/3/2019 23:25
209681,27in FHD Monitor,1,5/20/2019 13:01
209682,Apple Airpods Headphones,1,5/18/2019 11:22
209683,Bose SoundSport Headphones,1,5/28/2019 13:26
209684,Wired Headphones,1,5/25/2019 4:25
209684,Lightning Charging Cable,1,5/25/2019 4:25
209685,AA Batteries (4-pack),1,5/8/2019 20:30
209686,AAA Batteries (4-pack),1,5/10/2019 20:34
209687,20in Monitor,1,5/12/2019 16:30
209688,Wired Headphones,1,5/5/2019 14:46
209689,iPhone,1,5/12/2019 15:44
209690,LG Washing Machine,1,5/11/2019 5:35
209691,27in FHD Monitor,1,5/30/2019 18:33
209692,27in FHD Monitor,1,5/7/2019 10:12
209693,USB-C Charging Cable,1,5/2/2019 23:41
209694,Vareebadd Phone,1,5/17/2019 11:36
209695,27in FHD Monitor,1,5/16/2019 9:58
209696,Apple Airpods Headphones,1,5/19/2019 20:21
209697,34in Ultrawide Monitor,1,5/5/2019 17:50
209698,Apple Airpods Headphones,1,5/15/2019 7:49
209699,34in Ultrawide Monitor,1,5/20/2019 11:43
209700,USB-C Charging Cable,1,5/10/2019 19:43
209701,USB-C Charging Cable,1,5/8/2019 18:18
209702,Apple Airpods Headphones,1,5/8/2019 10:38
209703,ThinkPad Laptop,1,5/28/2019 22:02
209704,Google Phone,1,5/14/2019 12:31
209704,USB-C Charging Cable,1,5/14/2019 12:31
209705,Wired Headphones,1,5/13/2019 8:14
209706,Google Phone,1,5/4/2019 12:10
209707,Lightning Charging Cable,1,5/5/2019 17:12
209708,AAA Batteries (4-pack),1,5/26/2019 7:13
209709,Flatscreen TV,1,5/13/2019 0:52
209710,Wired Headphones,2,5/6/2019 14:25
209711,27in 4K Gaming Monitor,1,5/31/2019 16:16
209712,Wired Headphones,1,5/30/2019 12:13
209713,Macbook Pro Laptop,1,5/15/2019 23:51
209714,Apple Airpods Headphones,1,5/5/2019 22:46
209715,34in Ultrawide Monitor,1,5/4/2019 20:55
209716,ThinkPad Laptop,1,5/15/2019 16:22
209717,AAA Batteries (4-pack),1,5/6/2019 21:08
209718,Bose SoundSport Headphones,1,5/28/2019 22:47
209719,AAA Batteries (4-pack),1,5/15/2019 11:38
209720,AAA Batteries (4-pack),1,5/15/2019 19:44
209721,AAA Batteries (4-pack),2,5/28/2019 17:34
209722,Macbook Pro Laptop,1,5/20/2019 8:26
209723,Apple Airpods Headphones,1,5/29/2019 16:05
209724,iPhone,1,5/24/2019 20:22
209725,LG Dryer,1,5/17/2019 9:11
209726,Macbook Pro Laptop,1,5/8/2019 21:14
209726,AA Batteries (4-pack),1,5/8/2019 21:14
209727,Wired Headphones,1,5/30/2019 13:40
209728,Flatscreen TV,1,5/3/2019 15:51
209729,AA Batteries (4-pack),1,5/7/2019 11:01
209730,AA Batteries (4-pack),1,5/27/2019 13:26
209731,20in Monitor,1,5/15/2019 10:29
209732,Apple Airpods Headphones,1,5/27/2019 2:22
209733,Apple Airpods Headphones,1,5/8/2019 14:14
209734,34in Ultrawide Monitor,1,5/11/2019 21:02
209735,AAA Batteries (4-pack),1,5/16/2019 15:44
209736,USB-C Charging Cable,1,5/6/2019 19:31
209737,27in FHD Monitor,1,5/21/2019 18:13
209738,34in Ultrawide Monitor,1,5/22/2019 11:06
209739,Lightning Charging Cable,1,5/2/2019 18:46
209740,AA Batteries (4-pack),2,5/29/2019 23:23
209741,ThinkPad Laptop,1,5/19/2019 17:11
209742,Flatscreen TV,1,5/5/2019 19:10
209743,USB-C Charging Cable,1,5/26/2019 18:25
209744,Lightning Charging Cable,1,5/20/2019 20:02
209745,USB-C Charging Cable,1,5/22/2019 7:21
209746,Lightning Charging Cable,1,5/20/2019 1:55
209747,Apple Airpods Headphones,1,5/1/2019 12:38
209748,Flatscreen TV,1,5/11/2019 21:40
209749,AAA Batteries (4-pack),2,5/16/2019 21:05
209750,USB-C Charging Cable,1,5/27/2019 11:22
209751,AAA Batteries (4-pack),1,5/16/2019 20:09
209752,Lightning Charging Cable,1,5/28/2019 9:16
209753,AAA Batteries (4-pack),2,5/26/2019 19:14
209754,Wired Headphones,1,5/7/2019 14:01
209755,AAA Batteries (4-pack),1,5/15/2019 22:04
209756,Wired Headphones,1,5/31/2019 13:02
209757,Google Phone,1,5/23/2019 7:10
209758,27in FHD Monitor,1,5/2/2019 10:24
209759,Google Phone,1,5/18/2019 16:46
209759,USB-C Charging Cable,1,5/18/2019 16:46
209760,USB-C Charging Cable,1,5/8/2019 12:30
209761,27in 4K Gaming Monitor,1,5/15/2019 12:53
209762,34in Ultrawide Monitor,1,5/27/2019 14:06
209763,Google Phone,1,5/10/2019 23:55
209763,USB-C Charging Cable,1,5/10/2019 23:55
209764,Wired Headphones,1,5/23/2019 10:26
209765,USB-C Charging Cable,1,5/4/2019 12:23
209766,iPhone,1,5/27/2019 10:29
209767,Wired Headphones,2,5/7/2019 13:37
209768,AAA Batteries (4-pack),2,5/30/2019 13:30
209769,Bose SoundSport Headphones,1,5/27/2019 20:24
209770,Wired Headphones,1,5/28/2019 0:09
209771,Lightning Charging Cable,1,5/3/2019 7:46
209772,AAA Batteries (4-pack),2,5/4/2019 13:13
209773,Apple Airpods Headphones,1,5/6/2019 13:18
209774,Wired Headphones,1,5/28/2019 9:31
209775,Bose SoundSport Headphones,1,5/5/2019 13:00
209776,Apple Airpods Headphones,1,5/24/2019 12:58
209777,Bose SoundSport Headphones,1,5/13/2019 22:20
209778,iPhone,1,5/10/2019 9:56
209778,Apple Airpods Headphones,1,5/10/2019 9:56
209779,Bose SoundSport Headphones,1,5/24/2019 19:17
209780,AAA Batteries (4-pack),2,5/23/2019 19:36
209781,AAA Batteries (4-pack),2,5/14/2019 16:54
209782,Lightning Charging Cable,1,5/27/2019 18:58
209783,AA Batteries (4-pack),3,5/14/2019 23:26
209784,Macbook Pro Laptop,1,5/24/2019 20:30
209785,Flatscreen TV,1,5/17/2019 12:21
209785,AA Batteries (4-pack),1,5/17/2019 12:21
209786,Apple Airpods Headphones,1,5/14/2019 13:17
209787,27in FHD Monitor,1,5/11/2019 23:00
209788,AAA Batteries (4-pack),1,5/10/2019 17:54
209789,Lightning Charging Cable,1,5/27/2019 20:34
209790,AA Batteries (4-pack),1,5/17/2019 23:47
209791,AAA Batteries (4-pack),2,5/31/2019 19:49
209792,Lightning Charging Cable,1,5/12/2019 18:23
209793,AA Batteries (4-pack),1,5/20/2019 16:41
209794,USB-C Charging Cable,1,5/3/2019 18:24
209794,Wired Headphones,1,5/3/2019 18:24
209795,Lightning Charging Cable,1,5/18/2019 20:07
Order ID,Product,Quantity Ordered,Order Date
209796,Lightning Charging Cable,1,5/28/2019 20:43
209797,USB-C Charging Cable,1,5/8/2019 9:19
209798,Macbook Pro Laptop,1,5/7/2019 13:51
209799,USB-C Charging Cable,1,5/26/2019 17:01
209800,USB-C Charging Cable,1,5/8/2019 22:23
209801,AA Batteries (4-pack),1,5/18/2019 13:44
209802,AA Batteries (4-pack),5,5/25/2019 8:19
209803,USB-C Charging Cable,1,5/4/2019 16:33
209804,Apple Airpods Headphones,1,5/16/2019 22:39
209805,AAA Batteries (4-pack),2,5/25/2019 10:48
209806,27in 4K Gaming Monitor,1,5/12/2019 12:25
209807,iPhone,1,5/27/2019 20:20
209808,AAA Batteries (4-pack),1,5/19/2019 9:23
209809,34in Ultrawide Monitor,1,5/26/2019 17:59
209810,AA Batteries (4-pack),1,5/28/2019 19:11
209810,USB-C Charging Cable,2,5/28/2019 19:11
209811,AAA Batteries (4-pack),1,5/7/2019 19:39
209812,Lightning Charging Cable,1,5/18/2019 18:40
209813,Lightning Charging Cable,1,5/10/2019 19:14
209814,Macbook Pro Laptop,1,5/31/2019 0:27
209815,AA Batteries (4-pack),1,5/7/2019 13:49
209816,Apple Airpods Headphones,1,5/16/2019 11:58
209817,Bose SoundSport Headphones,1,5/9/2019 11:46
209818,USB-C Charging Cable,2,5/22/2019 19:21
209819,AA Batteries (4-pack),2,5/24/2019 17:29
209820,Lightning Charging Cable,1,5/25/2019 4:17
209821,27in 4K Gaming Monitor,1,5/19/2019 17:59
209822,Lightning Charging Cable,1,5/14/2019 13:31
209823,Lightning Charging Cable,1,5/10/2019 16:37
209824,Bose SoundSport Headphones,1,5/21/2019 13:43
209825,Bose SoundSport Headphones,1,5/25/2019 7:28
209826,Google Phone,1,5/18/2019 21:53
209827,Wired Headphones,1,5/17/2019 23:32
209828,Lightning Charging Cable,1,5/27/2019 16:40
209829,Apple Airpods Headphones,1,5/3/2019 19:30
209830,USB-C Charging Cable,1,5/14/2019 21:38
209831,Wired Headphones,1,5/5/2019 17:46
209832,ThinkPad Laptop,1,5/16/2019 17:01
209833,Vareebadd Phone,1,5/1/2019 15:32
209834,AA Batteries (4-pack),1,5/25/2019 15:01
209835,Vareebadd Phone,1,5/27/2019 0:39
209836,Wired Headphones,1,5/15/2019 7:47
209837,USB-C Charging Cable,1,5/19/2019 19:47
209838,AAA Batteries (4-pack),1,5/1/2019 13:16
209839,Flatscreen TV,1,5/7/2019 21:54
209840,Macbook Pro Laptop,1,5/19/2019 19:48
209841,Flatscreen TV,1,5/26/2019 15:39
209842,Bose SoundSport Headphones,1,5/29/2019 22:52
209843,AA Batteries (4-pack),1,5/6/2019 19:12
209844,USB-C Charging Cable,1,5/24/2019 19:28
209845,Bose SoundSport Headphones,1,5/3/2019 12:01
209846,AAA Batteries (4-pack),2,5/30/2019 19:38
209847,Macbook Pro Laptop,1,5/4/2019 18:34
209848,ThinkPad Laptop,1,5/21/2019 14:59
209849,AA Batteries (4-pack),1,5/25/2019 18:46
209850,Bose SoundSport Headphones,1,5/14/2019 13:44
209851,USB-C Charging Cable,2,5/24/2019 19:19
209852,LG Washing Machine,1,5/25/2019 11:01
209853,Wired Headphones,1,5/9/2019 20:06
209854,AAA Batteries (4-pack),3,5/29/2019 11:18
209855,Wired Headphones,2,5/22/2019 11:48
209856,Apple Airpods Headphones,1,5/13/2019 11:16
209857,Lightning Charging Cable,1,5/16/2019 14:59
209858,Vareebadd Phone,1,5/21/2019 19:45
209859,Google Phone,1,5/25/2019 14:33
209859,USB-C Charging Cable,1,5/25/2019 14:33
209859,Wired Headphones,1,5/25/2019 14:33
209860,Lightning Charging Cable,2,5/5/2019 0:03
209861,AA Batteries (4-pack),1,5/15/2019 10:43
209862,Wired Headphones,1,5/3/2019 20:13
209863,Wired Headphones,1,5/9/2019 16:19
209864,AA Batteries (4-pack),1,5/10/2019 20:27
209865,AA Batteries (4-pack),1,5/6/2019 10:16
209866,34in Ultrawide Monitor,1,5/5/2019 11:20
209867,Bose SoundSport Headphones,1,5/24/2019 22:00
209868,AA Batteries (4-pack),1,5/2/2019 14:03
209869,Lightning Charging Cable,1,5/1/2019 8:55
209870,AAA Batteries (4-pack),1,5/14/2019 15:05
209871,AA Batteries (4-pack),1,5/17/2019 13:05
209872,Bose SoundSport Headphones,1,5/11/2019 10:43
209873,Lightning Charging Cable,1,5/13/2019 14:41
209874,Wired Headphones,1,5/3/2019 0:04
209875,Wired Headphones,1,5/8/2019 22:57
209876,20in Monitor,1,5/26/2019 5:51
209877,Lightning Charging Cable,1,5/21/2019 11:37
209878,USB-C Charging Cable,1,5/27/2019 11:25
209879,Apple Airpods Headphones,1,5/8/2019 22:54
209880,AA Batteries (4-pack),1,5/15/2019 11:03
209881,USB-C Charging Cable,1,5/1/2019 12:15
209882,Apple Airpods Headphones,1,5/18/2019 10:48
209883,Wired Headphones,1,5/2/2019 14:59
209884,AA Batteries (4-pack),1,5/14/2019 16:56
209885,AA Batteries (4-pack),1,5/27/2019 22:36
209886,Bose SoundSport Headphones,1,5/16/2019 21:17
209887,Macbook Pro Laptop,1,5/6/2019 15:49
209888,Flatscreen TV,1,5/4/2019 17:11
209889,Macbook Pro Laptop,1,5/22/2019 10:21
209890,AA Batteries (4-pack),1,5/23/2019 20:59
209891,Bose SoundSport Headphones,1,5/7/2019 22:53
209892,Wired Headphones,1,5/17/2019 8:37
209893,20in Monitor,1,5/7/2019 21:01
209894,USB-C Charging Cable,1,5/23/2019 18:40
209895,USB-C Charging Cable,1,5/19/2019 17:43
209896,USB-C Charging Cable,1,5/9/2019 0:14
209897,Wired Headphones,2,5/29/2019 14:15
209898,AAA Batteries (4-pack),1,5/16/2019 17:48
209899,AA Batteries (4-pack),1,5/25/2019 8:49
209900,Lightning Charging Cable,1,5/26/2019 22:12
209901,20in Monitor,1,5/30/2019 11:44
209902,Apple Airpods Headphones,1,5/1/2019 8:57
209903,AAA Batteries (4-pack),2,5/27/2019 12:59
209904,AAA Batteries (4-pack),1,5/20/2019 18:52
209905,Wired Headphones,1,5/29/2019 14:45
209906,Flatscreen TV,1,5/26/2019 5:27
209907,Lightning Charging Cable,1,5/20/2019 10:18
209908,Wired Headphones,1,5/28/2019 11:58
,,,
209909,USB-C Charging Cable,1,5/13/2019 13:50
209910,Lightning Charging Cable,1,5/9/2019 8:37
209911,Wired Headphones,1,5/13/2019 19:46
209912,20in Monitor,1,5/1/2019 15:30
209913,AAA Batteries (4-pack),1,5/11/2019 11:51
209914,ThinkPad Laptop,1,5/2/2019 19:57
209915,Apple Airpods Headphones,1,5/1/2019 18:05
209916,Bose SoundSport Headphones,1,5/8/2019 19:15
209917,Wired Headphones,1,5/24/2019 22:02
209918,AAA Batteries (4-pack),2,5/24/2019 17:44
209919,USB-C Charging Cable,1,5/4/2019 12:46
209920,ThinkPad Laptop,1,5/18/2019 23:07
