Order ID,Product,Quantity Ordered,Order Date
162009,iPhone,1,3/28/2019 20:59
162009,Lightning Charging Cable,1,3/28/2019 20:59
162009,Wired Headphones,2,3/28/2019 20:59
162010,Bose SoundSport Headphones,1,3/17/2019 5:39
162011,34in Ultrawide Monitor,1,3/10/2019 0:01
162012,AA Batteries (4-pack),1,3/20/2019 21:33
162013,34in Ultrawide Monitor,1,3/15/2019 23:05
162014,USB-C Charging Cable,1,3/1/2019 21:33
162015,AA Batteries (4-pack),1,3/2/2019 8:52
162016,AAA Batteries (4-pack),5,3/19/2019 21:10
162017,Lightning Charging Cable,1,3/2/2019 13:55
162018,USB-C Charging Cable,2,3/18/2019 11:07
162019,AAA Batteries (4-pack),1,3/5/2019 12:20
162020,LG Washing Machine,1,3/26/2019 18:17
162021,Wired Headphones,1,3/30/2019 12:02
162022,AA Batteries (4-pack),1,3/17/2019 22:18
162023,Apple Airpods Headphones,1,3/11/2019 20:00
162024,27in 4K Gaming Monitor,1,3/17/2019 9:22
162025,AAA Batteries (4-pack),1,3/7/2019 20:50
162026,iPhone,1,3/22/2019 22:31
162027,AAA Batteries (4-pack),1,3/16/2019 20:52
162028,AAA Batteries (4-pack),3,3/20/2019 15:23
162029,AAA Batteries (4-pack),1,3/26/2019 12:17
162030,Google Phone,1,3/9/2019 16:50
162031,Lightning Charging Cable,1,3/28/2019 17:03
162032,Lightning Charging Cable,1,3/31/2019 10:39
162033,iPhone,1,3/19/2019 11:06
162034,USB-C Charging Cable,1,3/26/2019 20:34
162035,Macbook Pro Laptop,1,3/8/2019 13:07
162036,Lightning Charging Cable,1,3/9/2019 19:39
162037,iPhone,1,3/23/2019 2:11
162037,Lightning Charging Cable,1,3/23/2019 2:11
162038,AAA Batteries (4-pack),2,3/18/2019 20:31
162039,AA Batteries (4-pack),1,3/29/2019 12:01
162040,USB-C Charging Cable,1,3/25/2019 9:11
162041,Apple Airpods Headphones,1,3/14/2019 1:01
162042,USB-C Charging Cable,1,3/9/2019 22:39
162043,AA Batteries (4-pack),1,3/29/2019 10:59
162044,27in FHD Monitor,1,3/22/2019 10:11
162045,Apple Airpods Headphones,1,3/26/2019 13:31
162046,AAA Batteries (4-pack),2,3/20/2019 20:33
162047,Bose SoundSport Headphones,1,3/8/2019 18:41
162048,AA Batteries (4-pack),1,3/31/2019 19:24
162049,Lightning Charging Cable,1,3/25/2019 13:35
162050,AAA Batteries (4-pack),1,3/26/2019 17:09
162051,AAA Batteries (4-pack),1,3/12/2019 9:12
162052,Wired Headphones,1,3/11/2019 9:44
162053,iPhone,1,3/10/2019 18:29
162054,Wired Headphones,1,3/20/2019 0:42
162055,AA Batteries (4-pack),1,3/29/2019 9:21
162056,Wired Headphones,1,3/17/2019 10:24
162057,Wired Headphones,1,3/30/2019 18:44
162058,27in FHD Monitor,1,3/30/2019 2:30
162059,USB-C Charging Cable,1,3/3/2019 5:47
162060,AAA Batteries (4-pack),3,3/10/2019 16:04
162061,Wired Headphones,1,3/1/2019 22:07
162062,AAA Batteries (4-pack),1,3/24/2019 3:37
162063,AAA Batteries (4-pack),2,3/2/2019 11:58
162064,Macbook Pro Laptop,1,3/5/2019 9:00
162065,Google Phone,1,3/2/2019 13:18
162066,AA Batteries (4-pack),1,3/13/2019 13:57
162066,USB-C Charging Cable,2,3/13/2019 13:57
162067,ThinkPad Laptop,1,3/7/2019 23:40
162068,Wired Headphones,1,3/24/2019 12:25
162069,AA Batteries (4-pack),1,3/15/2019 16:53
162070,27in FHD Monitor,1,3/15/2019 18:19
162071,Vareebadd Phone,1,3/30/2019 20:23
162071,USB-C Charging Cable,1,3/30/2019 20:23
162072,AA Batteries (4-pack),1,3/2/2019 12:04
162073,Bose SoundSport Headphones,1,3/23/2019 20:52
162074,Apple Airpods Headphones,1,3/5/2019 12:45
162075,Apple Airpods Headphones,1,3/11/2019 9:19
162076,Wired Headphones,1,3/4/2019 9:12
162077,AAA Batteries (4-pack),1,3/22/2019 11:54
162078,Lightning Charging Cable,1,3/2/2019 16:48
162079,Google Phone,1,3/24/2019 21:36
162080,Apple Airpods Headphones,1,3/24/2019 9:37
162081,Lightning Charging Cable,1,3/26/2019 20:58
162082,Vareebadd Phone,1,3/9/2019 14:15
162082,Wired Headphones,1,3/9/2019 14:15
162083,Wired Headphones,1,3/27/2019 19:04
162084,iPhone,1,3/27/2019 12:53
162085,Lightning Charging Cable,1,3/24/2019 19:52
162086,Google Phone,1,3/18/2019 9:12
162087,Google Phone,1,3/18/2019 13:58
162087,USB-C Charging Cable,1,3/18/2019 13:58
162088,Google Phone,1,3/2/2019 15:50
162089,Wired Headphones,1,3/7/2019 12:25
162090,Bose SoundSport Headphones,1,3/12/2019 13:03
162091,Bose SoundSport Headphones,1,3/18/2019 8:13
162092,Flatscreen TV,1,3/18/2019 11:29
162092,AAA Batteries (4-pack),1,3/18/2019 11:29
162093,Vareebadd Phone,1,3/19/2019 11:32
162094,ThinkPad Laptop,1,3/21/2019 3:42
162095,Wired Headphones,1,3/29/2019 13:18
162096,Bose SoundSport Headphones,1,3/4/2019 0:20
162097,Flatscreen TV,1,3/28/2019 13:43
162098,Flatscreen TV,1,3/7/2019 15:44
162099,USB-C Charging Cable,1,3/3/2019 0:18
162100,Wired Headphones,1,3/4/2019 0:17
162101,Macbook Pro Laptop,1,3/30/2019 10:47
162102,Wired Headphones,1,3/31/2019 19:51
162103,AAA Batteries (4-pack),1,3/18/2019 20:50
162104,Lightning Charging Cable,1,3/5/2019 15:25
162105,USB-C Charging Cable,1,3/9/2019 8:45
162106,AA Batteries (4-pack),1,3/2/2019 15:25
162107,Wired Headphones,1,3/29/2019 15:15
162108,USB-C Charging Cable,2,3/26/2019 11:38
162109,Lightning Charging Cable,1,3/25/2019 11:12
162110,20in Monitor,1,3/15/2019 9:05
162111,AA Batteries (4-pack),3,3/8/2019 16:59
162112,34in Ultrawide Monitor,1,3/15/2019 21:52
162113,Bose SoundSport Headphones,1,3/27/2019 13:09
162114,Lightning Charging Cable,1,3/21/2019 14:29
162115,Flatscreen TV,1,3/26/2019 8:06
162116,USB-C Charging Cable,1,3/9/2019 11:48
162117,Wired Headphones,1,3/11/2019 14:12
162118,iPhone,1,3/10/2019 22:32
162119,27in FHD Monitor,1,3/6/2019 13:46
162120,Macbook Pro Laptop,1,3/15/2019 18:43
162121,USB-C Charging Cable,1,3/20/2019 13:05
162122,AAA Batteries (4-pack),1,3/6/2019 10:22
162123,Bose SoundSport Headphones,1,3/13/2019 18:02
162124,Macbook Pro Laptop,1,3/27/2019 9:52
162125,27in 4K Gaming Monitor,1,3/29/2019 12:16
162126,Apple Airpods Headphones,1,3/17/2019 19:41
162127,Macbook Pro Laptop,1,3/25/2019 13:08
162128,USB-C Charging Cable,1,3/23/2019 22:59
162129,AAA Batteries (4-pack),1,3/11/2019 16:14
162130,USB-C Charging Cable,1,3/8/2019 12:17
162131,USB-C Charging Cable,1,3/10/2019 23:29
162132,AA Batteries (4-pack),1,3/15/2019 6:52
162133,AA Batteries (4-pack),1,3/10/2019 9:28
162134,Vareebadd Phone,1,3/17/2019 20:36
162135,USB-C Charging Cable,1,3/23/2019 22:58
162136,AA Batteries (4-pack),1,3/28/2019 11:13
162137,Bose SoundSport Headphones,1,3/14/2019 16:05
162138,20in Monitor,1,3/19/2019 10:10
162139,34in Ultrawide Monitor,1,3/21/2019 12:21
162140,ThinkPad Laptop,1,3/6/2019 23:34
162141,Lightning Charging Cable,1,3/8/2019 19:03
162142,Vareebadd Phone,1,3/1/2019 12:57
162142,AA Batteries (4-pack),1,3/1/2019 12:57
162143,USB-C Charging Cable,1,3/9/2019 13:26
162144,Macbook Pro Laptop,1,3/24/2019 13:04
162145,Bose SoundSport Headphones,1,3/11/2019 16:56
162146,Apple Airpods Headphones,1,3/11/2019 22:20
162147,Wired Headphones,1,3/5/2019 10:53
162148,USB-C Charging Cable,1,3/17/2019 23:55
162149,Apple Airpods Headphones,1,3/5/2019 0:36
162150,AA Batteries (4-pack),1,3/28/2019 22:21
162151,Bose SoundSport Headphones,1,3/25/2019 20:11
162152,Lightning Charging Cable,1,3/24/2019 9:42
162153,27in FHD Monitor,1,3/8/2019 8:31
162154,ThinkPad Laptop,1,3/30/2019 10:18
162155,AA Batteries (4-pack),1,3/28/2019 16:35
162156,Wired Headphones,1,3/1/2019 22:47
162157,Flatscreen TV,1,3/27/2019 18:56
162158,USB-C Charging Cable,1,3/20/2019 17:50
162159,Wired Headphones,1,3/30/2019 13:29
162160,Apple Airpods Headphones,1,3/12/2019 19:50
162161,Wired Headphones,1,3/30/2019 19:20
162161,AAA Batteries (4-pack),2,3/30/2019 19:20
162162,Lightning Charging Cable,1,3/5/2019 8:32
162163,Flatscreen TV,1,3/25/2019 7:48
162164,AA Batteries (4-pack),1,3/1/2019 16:05
162165,Macbook Pro Laptop,1,3/12/2019 12:32
162166,AAA Batteries (4-pack),1,3/6/2019 21:36
162167,AA Batteries (4-pack),1,3/2/2019 13:36
162168,34in Ultrawide Monitor,1,3/20/2019 10:26
162169,27in 4K Gaming Monitor,1,3/11/2019 13:43
162170,Wired Headphones,2,3/16/2019 11:14
162171,Lightning Charging Cable,1,3/16/2019 12:10
162172,Wired Headphones,1,3/3/2019 18:34
162173,Bose SoundSport Headphones,1,3/7/2019 14:09
162174,27in 4K Gaming Monitor,1,3/5/2019 18:44
162175,Lightning Charging Cable,1,3/2/2019 11:09
162176,Apple Airpods Headphones,1,3/31/2019 19:38
162177,ThinkPad Laptop,1,3/22/2019 19:40
162178,Lightning Charging Cable,1,3/11/2019 18:11
162179,AAA Batteries (4-pack),1,3/25/2019 12:40
162180,Flatscreen TV,1,3/17/2019 14:55
162181,Macbook Pro Laptop,1,3/3/2019 13:15
162182,Google Phone,1,3/19/2019 13:01
162183,AA Batteries (4-pack),1,3/8/2019 16:22
162184,AA Batteries (4-pack),1,3/23/2019 16:51
162185,USB-C Charging Cable,1,3/3/2019 7:26
162186,AAA Batteries (4-pack),5,3/5/2019 14:17
162187,Google Phone,1,3/16/2019 10:34
162187,USB-C Charging Cable,1,3/16/2019 10:34
162188,AAA Batteries (4-pack),1,3/2/2019 20:28
162189,iPhone,1,3/23/2019 14:06
162189,Lightning Charging Cable,1,3/23/2019 14:06
162189,27in 4K Gaming Monitor,1,3/23/2019 14:06
162190,Wired Headphones,1,3/4/2019 20:47
162191,Apple Airpods Headphones,1,3/5/2019 20:49
162192,AAA Batteries (4-pack),3,3/6/2019 18:27
162193,Lightning Charging Cable,1,3/14/2019 10:27
162194,27in FHD Monitor,1,3/21/2019 21:22
162195,AAA Batteries (4-pack),3,3/25/2019 7:23
162196,AA Batteries (4-pack),1,3/24/2019 9:22
162197,Macbook Pro Laptop,1,3/1/2019 15:30
162198,Bose SoundSport Headphones,1,3/16/2019 19:18
162199,Macbook Pro Laptop,1,3/3/2019 17:41
162200,20in Monitor,1,3/15/2019 14:50
162201,Apple Airpods Headphones,1,3/29/2019 13:22
162202,27in FHD Monitor,1,3/28/2019 23:33
162203,USB-C Charging Cable,1,3/21/2019 10:24
162204,Wired Headphones,1,3/8/2019 12:24
162205,AAA Batteries (4-pack),3,3/27/2019 19:28
162206,AA Batteries (4-pack),1,3/2/2019 19:20
162207,34in Ultrawide Monitor,1,3/2/2019 12:54
162208,Lightning Charging Cable,1,3/11/2019 16:08
162209,AAA Batteries (4-pack),1,3/18/2019 1:48
162210,USB-C Charging Cable,1,3/19/2019 17:42
162211,Wired Headphones,1,3/15/2019 5:02
162212,USB-C Charging Cable,2,3/31/2019 12:42
162213,AA Batteries (4-pack),1,3/21/2019 9:58
162214,AA Batteries (4-pack),1,3/16/2019 7:09
162215,AAA Batteries (4-pack),1,3/11/2019 12:06
162215,Macbook Pro Laptop,1,3/11/2019 12:06
162216,ThinkPad Laptop,1,3/20/2019 11:03
162217,Wired Headphones,1,3/7/2019 16:30
162218,Apple Airpods Headphones,1,3/5/2019 19:53
162219,Apple Airpods Headphones,1,3/31/2019 21:28
162220,Bose SoundSport Headphones,1,3/6/2019 17:33
162221,Apple Airpods Headphones,1,3/9/2019 21:44
162222,Bose SoundSport Headphones,1,3/14/2019 6:36
162223,AAA Batteries (4-pack),1,3/24/2019 10:47
162224,27in FHD Monitor,1,3/23/2019 7:28
162225,AA Batteries (4-pack),2,3/30/2019 17:01
162226,AA Batteries (4-pack),2,3/25/2019 21:36
162227,AA Batteries (4-pack),3,3/30/2019 19:45
162228,Lightning Charging Cable,1,3/14/2019 9:46
162229,27in FHD Monitor,1,3/27/2019 13:13
162230,Lightning Charging Cable,1,3/30/2019 16:55
162231,AA Batteries (4-pack),2,3/4/2019 19:42
162232,27in 4K Gaming Monitor,1,3/9/2019 12:45
162233,Macbook Pro Laptop,1,3/29/2019 19:32
162234,AA Batteries (4-pack),1,3/6/2019 13:39
162235,27in FHD Monitor,1,3/11/2019 22:05
162236,Wired Headphones,1,3/28/2019 18:33
162237,Lightning Charging Cable,2,3/23/2019 16:22
162238,AA Batteries (4-pack),1,3/14/2019 17:16
162239,ThinkPad Laptop,1,3/10/2019 19:45
162240,Lightning Charging Cable,1,3/30/2019 0:13
162241,Macbook Pro Laptop,1,3/30/2019 11:58
162242,AAA Batteries (4-pack),1,3/14/2019 20:32
162243,Lightning Charging Cable,1,3/15/2019 19:18
162244,Google Phone,1,3/23/2019 23:33
162244,USB-C Charging Cable,1,3/23/2019 23:33
162245,AAA Batteries (4-pack),1,3/17/2019 18:18
162246,27in FHD Monitor,1,3/1/2019 12:12
162247,27in FHD Monitor,1,3/22/2019 15:47
162248,Wired Headphones,1,3/14/2019 16:03
162249,Bose SoundSport Headphones,1,3/27/2019 19:50
162250,Flatscreen TV,1,3/16/2019 10:47
162251,27in FHD Monitor,1,3/29/2019 15:10
162252,Wired Headphones,2,3/9/2019 5:31
162253,USB-C Charging Cable,1,3/7/2019 22:15
162254,Macbook Pro Laptop,1,3/9/2019 10:48
162255,27in FHD Monitor,1,3/6/2019 11:21
162256,20in Monitor,1,3/15/2019 11:55
162257,AA Batteries (4-pack),1,3/30/2019 12:01
162258,Bose SoundSport Headphones,1,3/20/2019 19:09
162259,27in 4K Gaming Monitor,1,3/14/2019 10:07
162260,Apple Airpods Headphones,1,3/29/2019 12:08
162261,Bose SoundSport Headphones,1,3/24/2019 6:54
162262,Wired Headphones,1,3/8/2019 22:17
162263,Wired Headphones,1,3/5/2019 22:06
162264,Apple Airpods Headphones,1,3/13/2019 18:06
162265,Wired Headphones,1,3/12/2019 8:12
162266,AA Batteries (4-pack),1,3/13/2019 8:34
162267,Bose SoundSport Headphones,1,3/26/2019 14:07
162268,Lightning Charging Cable,1,3/30/2019 20:26
162269,Wired Headphones,1,3/3/2019 1:30
162270,Macbook Pro Laptop,1,3/7/2019 11:45
162271,Lightning Charging Cable,1,3/26/2019 10:37
162272,Lightning Charging Cable,1,3/16/2019 9:30
162273,Google Phone,1,3/20/2019 18:36
162274,Lightning Charging Cable,1,3/7/2019 9:06
162275,Wired Headphones,1,3/12/2019 20:22
162276,Bose SoundSport Headphones,1,3/11/2019 6:54
162277,27in 4K Gaming Monitor,1,3/26/2019 22:06
162278,Bose SoundSport Headphones,1,3/23/2019 14:02
162279,Google Phone,1,3/12/2019 19:03
162280,Bose SoundSport Headphones,1,3/5/2019 11:48
162281,Lightning Charging Cable,2,3/10/2019 15:31
162282,USB-C Charging Cable,1,3/3/2019 2:06
162283,AA Batteries (4-pack),1,3/5/2019 20:33
162284,Lightning Charging Cable,1,3/5/2019 22:25
162285,27in FHD Monitor,1,3/13/2019 21:40
162286,iPhone,1,3/25/2019 12:49
162287,Google Phone,1,3/30/2019 10:02
162288,20in Monitor,1,3/1/2019 9:19
162289,USB-C Charging Cable,1,3/18/2019 4:46
162290,27in 4K Gaming Monitor,1,3/13/2019 20:36
162291,Lightning Charging Cable,1,3/12/2019 12:08
162292,Lightning Charging Cable,1,3/8/2019 6:56
162293,20in Monitor,1,3/4/2019 17:57
162294,Vareebadd Phone,1,3/10/2019 11:57
162295,AAA Batteries (4-pack),1,3/18/2019 19:17
162296,Lightning Charging Cable,1,3/10/2019 19:12
162297,Apple Airpods Headphones,1,3/12/2019 17:48
162297,20in Monitor,1,3/12/2019 17:48
162298,AA Batteries (4-pack),1,3/15/2019 21:34
162299,27in FHD Monitor,1,3/3/2019 10:40
162300,Lightning Charging Cable,1,3/12/2019 14:47
162301,USB-C Charging Cable,1,3/23/2019 10:49
162302,USB-C Charging Cable,2,3/6/2019 18:30
162303,Wired Headphones,1,3/6/2019 20:38
162304,AA Batteries (4-pack),1,3/20/2019 22:44
162305,iPhone,1,3/26/2019 17:08
162306,iPhone,1,3/10/2019 19:33
162307,Wired Headphones,1,3/29/2019 6:31
162308,ThinkPad Laptop,1,3/18/2019 19:25
162309,USB-C Charging Cable,1,3/27/2019 13:00
162310,AAA Batteries (4-pack),2,3/12/2019 11:42
162311,27in FHD Monitor,2,3/29/2019 9:06
162312,USB-C Charging Cable,1,3/9/2019 14:11
162313,ThinkPad Laptop,1,3/25/2019 10:52
162314,Lightning Charging Cable,1,3/22/2019 8:47
162315,27in FHD Monitor,1,3/12/2019 21:36
162316,AAA Batteries (4-pack),1,3/8/2019 13:19
162317,AA Batteries (4-pack),1,3/20/2019 15:31
162318,Lightning Charging Cable,2,3/13/2019 5:24
162319,USB-C Charging Cable,1,3/14/2019 16:50
162320,Lightning Charging Cable,1,3/24/2019 11:28
162321,USB-C Charging Cable,1,3/4/2019 12:35
162322,AA Batteries (4-pack),1,3/23/2019 20:35
162323,27in FHD Monitor,1,3/5/2019 11:48
162324,Apple Airpods Headphones,1,3/10/2019 11:58
162325,iPhone,1,3/26/2019 23:54
162326,Bose SoundSport Headphones,2,3/30/2019 19:40
162327,20in Monitor,1,3/9/2019 1:51
162328,Wired Headphones,1,3/31/2019 13:06
162329,Vareebadd Phone,1,3/26/2019 14:50
162329,USB-C Charging Cable,1,3/26/2019 14:50
162330,Macbook Pro Laptop,1,3/25/2019 6:04
162331,Wired Headphones,1,3/3/2019 15:40
162332,Flatscreen TV,1,3/20/2019 14:23
162332,Flatscreen TV,1,3/20/2019 14:23
162333,AA Batteries (4-pack),4,3/28/2019 18:34
162334,27in 4K Gaming Monitor,1,3/31/2019 11:16
162335,AAA Batteries (4-pack),1,3/22/2019 22:43
162336,AAA Batteries (4-pack),3,3/12/2019 20:10
162337,Bose SoundSport Headphones,1,3/10/2019 13:10
162338,iPhone,1,3/22/2019 0:42
162339,Wired Headphones,1,3/22/2019 16:20
162340,AAA Batteries (4-pack),2,3/13/2019 19:15
162341,Lightning Charging Cable,1,3/26/2019 19:33
162342,USB-C Charging Cable,1,3/15/2019 21:32
162343,AAA Batteries (4-pack),1,3/2/2019 20:38
162344,27in 4K Gaming Monitor,1,3/24/2019 6:41
162345,USB-C Charging Cable,2,3/28/2019 21:32
162346,AAA Batteries (4-pack),2,3/30/2019 10:58
162347,34in Ultrawide Monitor,1,3/31/2019 19:04
162347,Lightning Charging Cable,1,3/31/2019 19:04
162348,USB-C Charging Cable,1,3/18/2019 13:49
162349,USB-C Charging Cable,1,3/8/2019 13:33
162350,Apple Airpods Headphones,1,3/20/2019 17:16
162351,AA Batteries (4-pack),3,3/22/2019 11:25
162352,AAA Batteries (4-pack),6,3/24/2019 22:57
162352,Bose SoundSport Headphones,1,3/24/2019 22:57
162353,Wired Headphones,2,3/26/2019 14:06
162354,AA Batteries (4-pack),1,3/6/2019 18:08
162355,Lightning Charging Cable,1,3/4/2019 18:40
162356,Lightning Charging Cable,1,3/15/2019 11:55
162357,Apple Airpods Headphones,1,3/3/2019 13:51
162358,Flatscreen TV,1,4/1/2019 1:11
162359,Lightning Charging Cable,1,3/23/2019 18:00
162360,AAA Batteries (4-pack),3,3/10/2019 21:52
162361,Vareebadd Phone,1,3/4/2019 22:50
162361,Wired Headphones,1,3/4/2019 22:50
162362,AAA Batteries (4-pack),1,3/17/2019 12:44
162363,Bose SoundSport Headphones,1,3/10/2019 15:17
162364,iPhone,1,3/1/2019 19:42
162364,Lightning Charging Cable,1,3/1/2019 19:42
162365,Apple Airpods Headphones,1,3/22/2019 9:20
162366,USB-C Charging Cable,1,3/2/2019 18:36
162367,Apple Airpods Headphones,1,3/23/2019 14:58
162368,Lightning Charging Cable,1,3/11/2019 18:04
162368,Wired Headphones,1,3/11/2019 18:04
162369,USB-C Charging Cable,3,3/8/2019 20:00
162370,20in Monitor,1,3/11/2019 19:53
162371,AA Batteries (4-pack),1,3/9/2019 17:57
162372,AA Batteries (4-pack),1,3/7/2019 15:08
162373,AA Batteries (4-pack),1,3/18/2019 14:41
162374,Flatscreen TV,1,3/2/2019 20:17
162375,Lightning Charging Cable,1,3/25/2019 11:31
162376,iPhone,1,3/2/2019 21:09
162376,Wired Headphones,1,3/2/2019 21:09
162377,ThinkPad Laptop,1,3/20/2019 8:55
162378,Lightning Charging Cable,1,3/24/2019 6:00
162379,Lightning Charging Cable,1,3/31/2019 21:23
162380,Lightning Charging Cable,1,3/20/2019 6:54
162381,AA Batteries (4-pack),1,3/31/2019 18:32
162381,iPhone,1,3/31/2019 18:32
162382,Google Phone,1,3/13/2019 11:46
162383,USB-C Charging Cable,1,3/23/2019 0:45
162384,iPhone,1,3/17/2019 6:45
162385,Wired Headphones,1,3/24/2019 17:46
162386,Lightning Charging Cable,1,3/11/2019 18:30
162387,ThinkPad Laptop,1,3/25/2019 18:39
162388,AA Batteries (4-pack),1,3/30/2019 13:28
162389,USB-C Charging Cable,1,3/7/2019 8:40
162390,AAA Batteries (4-pack),2,3/30/2019 9:29
162391,iPhone,1,3/16/2019 13:24
162391,Apple Airpods Headphones,1,3/16/2019 13:24
162392,iPhone,1,3/9/2019 10:55
162393,Lightning Charging Cable,1,3/3/2019 21:07
162394,Google Phone,1,3/4/2019 18:51
162395,USB-C Charging Cable,1,3/16/2019 9:52
162396,27in FHD Monitor,1,3/8/2019 21:42
162397,AA Batteries (4-pack),1,3/31/2019 19:56
162398,AA Batteries (4-pack),3,3/1/2019 14:36
162399,Google Phone,1,3/18/2019 14:26
162400,Lightning Charging Cable,1,3/6/2019 21:23
162401,Bose SoundSport Headphones,1,3/10/2019 23:25
162402,Bose SoundSport Headphones,1,3/9/2019 19:15
162403,AA Batteries (4-pack),1,3/21/2019 20:35
162404,Flatscreen TV,1,3/30/2019 23:04
162405,AAA Batteries (4-pack),1,3/27/2019 17:27
162406,Google Phone,1,3/15/2019 17:12
162407,AAA Batteries (4-pack),1,3/5/2019 17:51
162408,Google Phone,1,3/24/2019 23:45
162408,Wired Headphones,1,3/24/2019 23:45
162409,Apple Airpods Headphones,1,3/17/2019 19:20
162409,Wired Headphones,1,3/17/2019 19:20
162410,Apple Airpods Headphones,1,3/5/2019 12:18
162411,AAA Batteries (4-pack),1,3/20/2019 9:46
162412,Apple Airpods Headphones,1,3/22/2019 19:20
162413,34in Ultrawide Monitor,1,3/18/2019 12:52
Order ID,Product,Quantity Ordered,Order Date
162414,iPhone,1,3/17/2019 10:48
162415,Wired Headphones,1,3/20/2019 19:40
162416,Wired Headphones,1,3/30/2019 8:19
162417,USB-C Charging Cable,1,3/1/2019 18:46
162418,Wired Headphones,1,3/4/2019 11:57
162419,USB-C Charging Cable,2,3/21/2019 18:20
162420,Lightning Charging Cable,1,3/19/2019 22:47
162421,AA Batteries (4-pack),2,3/31/2019 14:12
162422,Lightning Charging Cable,1,3/26/2019 0:10
162423,Macbook Pro Laptop,1,3/3/2019 15:13
162424,AA Batteries (4-pack),1,3/4/2019 19:35
162425,AAA Batteries (4-pack),2,3/27/2019 11:41
162426,USB-C Charging Cable,1,3/17/2019 19:54
162427,27in FHD Monitor,1,3/27/2019 20:52
162428,Wired Headphones,1,3/15/2019 17:39
162429,USB-C Charging Cable,1,3/29/2019 22:54
162430,Apple Airpods Headphones,1,3/25/2019 22:01
162431,Apple Airpods Headphones,1,3/16/2019 15:18
162432,AAA Batteries (4-pack),1,3/6/2019 12:16
162433,iPhone,1,3/29/2019 19:14
162434,AA Batteries (4-pack),1,3/15/2019 10:46
162435,USB-C Charging Cable,1,3/14/2019 20:16
162436,Apple Airpods Headphones,1,3/31/2019 10:49
162437,Lightning Charging Cable,1,3/13/2019 14:14
162438,Lightning Charging Cable,1,3/11/2019 22:03
162439,USB-C Charging Cable,1,3/13/2019 18:47
162440,Wired Headphones,1,3/4/2019 23:49
162441,AAA Batteries (4-pack),2,3/27/2019 10:36
162442,Macbook Pro Laptop,1,3/6/2019 19:19
162443,Lightning Charging Cable,1,3/24/2019 7:33
162444,AA Batteries (4-pack),1,3/10/2019 22:45
162445,Apple Airpods Headphones,1,3/24/2019 15:42
162446,27in FHD Monitor,1,3/28/2019 10:27
162447,34in Ultrawide Monitor,1,3/17/2019 16:37
162448,Bose SoundSport Headphones,1,3/4/2019 13:04
162449,AA Batteries (4-pack),1,3/11/2019 19:54
162450,USB-C Charging Cable,1,3/12/2019 10:53
162451,AA Batteries (4-pack),3,3/22/2019 8:59
162452,27in FHD Monitor,1,3/2/2019 7:28
162453,AAA Batteries (4-pack),1,3/29/2019 4:37
162454,AAA Batteries (4-pack),1,3/2/2019 14:10
162455,34in Ultrawide Monitor,1,3/14/2019 10:52
162456,Wired Headphones,1,3/19/2019 9:13
162457,ThinkPad Laptop,1,3/4/2019 17:32
162458,Apple Airpods Headphones,1,3/11/2019 16:15
162459,AAA Batteries (4-pack),1,3/9/2019 8:17
162460,Bose SoundSport Headphones,1,3/27/2019 8:05
162461,Wired Headphones,1,3/12/2019 20:19
162462,USB-C Charging Cable,1,3/18/2019 11:58
162463,iPhone,1,3/26/2019 20:40
162463,Lightning Charging Cable,1,3/26/2019 20:40
162464,iPhone,1,3/23/2019 17:03
162465,Apple Airpods Headphones,1,3/8/2019 21:43
162466,iPhone,1,3/30/2019 11:46
162467,Wired Headphones,1,3/30/2019 11:02
162468,AA Batteries (4-pack),1,3/18/2019 11:24
162469,27in FHD Monitor,1,3/30/2019 23:28
162470,USB-C Charging Cable,1,3/12/2019 16:58
162471,ThinkPad Laptop,1,3/4/2019 8:59
162472,Vareebadd Phone,1,3/5/2019 23:55
162473,Wired Headphones,1,3/23/2019 12:37
162474,AAA Batteries (4-pack),1,3/21/2019 8:26
162475,Lightning Charging Cable,1,3/29/2019 15:39
162476,Flatscreen TV,1,3/27/2019 19:09
162477,USB-C Charging Cable,1,3/17/2019 15:38
162478,USB-C Charging Cable,1,3/28/2019 11:53
162479,27in 4K Gaming Monitor,1,3/15/2019 19:09
162480,USB-C Charging Cable,1,3/23/2019 13:01
162481,AAA Batteries (4-pack),3,3/24/2019 22:00
162482,34in Ultrawide Monitor,1,3/23/2019 20:42
162483,34in Ultrawide Monitor,1,3/12/2019 14:26
162484,Bose SoundSport Headphones,1,3/5/2019 8:12
162485,USB-C Charging Cable,1,3/25/2019 9:20
162486,iPhone,1,3/4/2019 11:46
162486,Lightning Charging Cable,1,3/4/2019 11:46
162487,USB-C Charging Cable,3,3/9/2019 14:42
162488,AA Batteries (4-pack),1,3/30/2019 9:14
162489,27in 4K Gaming Monitor,1,3/30/2019 1:01
162490,Google Phone,1,3/12/2019 0:56
162490,USB-C Charging Cable,1,3/12/2019 0:56
162491,Bose SoundSport Headphones,1,3/5/2019 20:00
162492,iPhone,1,3/20/2019 10:00
162493,AAA Batteries (4-pack),1,3/23/2019 21:16
162494,27in FHD Monitor,1,3/31/2019 19:57
162495,Macbook Pro Laptop,1,3/2/2019 11:38
162496,AA Batteries (4-pack),1,3/27/2019 11:55
162497,AA Batteries (4-pack),2,3/22/2019 23:42
162498,Wired Headphones,1,3/13/2019 10:28
162499,AA Batteries (4-pack),3,3/28/2019 12:20
162500,Wired Headphones,1,3/27/2019 21:17
162501,Bose SoundSport Headphones,1,3/31/2019 16:00
162502,Flatscreen TV,1,3/15/2019 16:20
162503,AAA Batteries (4-pack),2,3/3/2019 20:31
162504,34in Ultrawide Monitor,1,3/4/2019 17:42
162505,27in FHD Monitor,1,3/13/2019 8:31
162506,USB-C Charging Cable,1,3/8/2019 15:50
162507,20in Monitor,1,3/18/2019 9:00
162508,iPhone,1,3/25/2019 11:21
162508,Lightning Charging Cable,1,3/25/2019 11:21
162509,AAA Batteries (4-pack),1,3/9/2019 19:21
162510,Macbook Pro Laptop,1,3/13/2019 13:03
162511,Wired Headphones,1,3/17/2019 23:08
162512,USB-C Charging Cable,1,3/6/2019 20:30
162513,Bose SoundSport Headphones,1,3/11/2019 9:20
162514,Bose SoundSport Headphones,1,3/11/2019 12:15
162515,AA Batteries (4-pack),3,3/6/2019 18:30
162516,AA Batteries (4-pack),4,3/10/2019 11:31
162517,Wired Headphones,1,3/16/2019 15:47
162518,USB-C Charging Cable,1,3/8/2019 11:24
162519,Vareebadd Phone,1,3/4/2019 6:57
162520,AA Batteries (4-pack),1,3/24/2019 11:16
162521,Flatscreen TV,1,3/30/2019 8:12
162522,Lightning Charging Cable,1,3/3/2019 21:18
162523,Wired Headphones,1,3/26/2019 15:23
162524,AA Batteries (4-pack),1,3/21/2019 13:14
162525,34in Ultrawide Monitor,1,3/10/2019 19:00
162526,Wired Headphones,2,3/30/2019 15:12
162527,ThinkPad Laptop,1,3/3/2019 14:42
162528,27in FHD Monitor,1,3/11/2019 8:15
162529,iPhone,1,3/15/2019 20:25
162530,AAA Batteries (4-pack),1,3/24/2019 12:09
162531,27in 4K Gaming Monitor,1,3/27/2019 8:12
162532,27in 4K Gaming Monitor,1,3/25/2019 19:40
162533,iPhone,1,3/12/2019 19:48
162534,Bose SoundSport Headphones,1,3/29/2019 21:06
162535,AAA Batteries (4-pack),1,3/3/2019 18:44
162536,Wired Headphones,1,3/27/2019 0:42
162537,AA Batteries (4-pack),2,3/16/2019 20:00
162538,34in Ultrawide Monitor,1,3/22/2019 19:06
162539,AA Batteries (4-pack),1,3/31/2019 21:31
162540,Bose SoundSport Headphones,1,3/20/2019 23:01
162541,AAA Batteries (4-pack),2,4/1/2019 1:15
162542,USB-C Charging Cable,1,3/8/2019 17:50
162543,AA Batteries (4-pack),2,3/6/2019 13:03
162544,Apple Airpods Headphones,2,3/10/2019 12:40
162545,Google Phone,1,3/23/2019 17:22
162546,Macbook Pro Laptop,1,3/5/2019 0:39
162547,27in 4K Gaming Monitor,1,3/18/2019 21:55
162548,ThinkPad Laptop,1,3/11/2019 11:30
162549,Macbook Pro Laptop,1,3/26/2019 8:09
162550,Wired Headphones,1,3/3/2019 20:11
162551,iPhone,1,3/27/2019 10:48
162552,USB-C Charging Cable,1,3/10/2019 17:05
162553,Bose SoundSport Headphones,1,3/8/2019 12:01
162554,iPhone,1,3/29/2019 15:30
162554,Wired Headphones,1,3/29/2019 15:30
162555,Lightning Charging Cable,1,3/30/2019 11:59
162556,Flatscreen TV,1,3/31/2019 19:47
162557,iPhone,1,3/22/2019 12:50
162557,Lightning Charging Cable,2,3/22/2019 12:50
162558,Lightning Charging Cable,1,3/3/2019 18:36
162559,Wired Headphones,1,3/21/2019 9:24
162560,AA Batteries (4-pack),1,3/10/2019 23:56
162561,Wired Headphones,1,3/12/2019 7:58
162562,AA Batteries (4-pack),1,3/29/2019 21:16
162563,27in FHD Monitor,1,3/12/2019 15:51
162564,Apple Airpods Headphones,1,3/19/2019 14:55
162565,USB-C Charging Cable,1,3/29/2019 0:25
162566,Macbook Pro Laptop,1,3/8/2019 22:13
162567,AA Batteries (4-pack),1,3/8/2019 11:41
162568,USB-C Charging Cable,2,3/2/2019 20:41
162569,34in Ultrawide Monitor,1,3/27/2019 12:16
162570,Lightning Charging Cable,2,3/17/2019 23:22
162571,AA Batteries (4-pack),1,3/29/2019 21:01
162572,Lightning Charging Cable,1,3/10/2019 14:41
162573,Google Phone,1,3/2/2019 11:34
162574,AAA Batteries (4-pack),3,3/8/2019 12:14
162575,iPhone,1,3/25/2019 12:56
162576,Bose SoundSport Headphones,2,3/21/2019 23:07
162577,AAA Batteries (4-pack),1,3/19/2019 19:54
162578,Bose SoundSport Headphones,1,3/20/2019 13:58
162579,AA Batteries (4-pack),2,3/13/2019 12:20
162580,AAA Batteries (4-pack),1,3/11/2019 18:00
162581,Flatscreen TV,1,3/5/2019 15:07
162582,Flatscreen TV,1,3/16/2019 11:45
162583,Apple Airpods Headphones,1,3/20/2019 21:52
162584,34in Ultrawide Monitor,1,3/25/2019 23:04
162585,27in 4K Gaming Monitor,1,3/3/2019 8:39
162586,USB-C Charging Cable,1,3/20/2019 8:50
162587,LG Washing Machine,1,3/20/2019 12:58
162588,AAA Batteries (4-pack),1,3/29/2019 9:03
162589,AA Batteries (4-pack),2,3/23/2019 0:37
162590,27in FHD Monitor,1,3/15/2019 16:50
162591,USB-C Charging Cable,1,3/30/2019 19:10
162592,Bose SoundSport Headphones,1,3/5/2019 15:10
162593,Bose SoundSport Headphones,1,3/24/2019 15:06
162594,Lightning Charging Cable,2,3/3/2019 10:49
162595,AAA Batteries (4-pack),1,3/10/2019 10:07
162596,Wired Headphones,1,3/27/2019 12:30
162597,34in Ultrawide Monitor,1,3/14/2019 9:15
162598,USB-C Charging Cable,1,3/31/2019 18:07
162599,Apple Airpods Headphones,1,3/9/2019 19:22
162600,34in Ultrawide Monitor,1,3/18/2019 10:48
162601,Bose SoundSport Headphones,1,3/13/2019 19:00
162602,Lightning Charging Cable,1,3/19/2019 13:29
162603,20in Monitor,1,3/30/2019 13:34
162604,Wired Headphones,1,3/3/2019 13:56
162605,Vareebadd Phone,1,3/16/2019 16:43
162606,AA Batteries (4-pack),2,3/21/2019 18:06
162607,Apple Airpods Headphones,1,3/31/2019 10:18
162608,Google Phone,1,3/13/2019 9:05
162609,Bose SoundSport Headphones,1,3/17/2019 12:32
162610,USB-C Charging Cable,1,3/2/2019 15:59
162611,AA Batteries (4-pack),1,3/5/2019 10:21
162612,Wired Headphones,1,3/11/2019 11:18
162612,USB-C Charging Cable,1,3/11/2019 11:18
162613,Bose SoundSport Headphones,1,3/12/2019 15:21
162614,Lightning Charging Cable,1,3/17/2019 13:22
162615,AA Batteries (4-pack),1,3/22/2019 12:43
162616,Vareebadd Phone,1,3/31/2019 13:00
162617,AAA Batteries (4-pack),2,3/19/2019 8:12
162618,Lightning Charging Cable,1,3/9/2019 12:08
162619,27in FHD Monitor,1,3/30/2019 18:41
162620,27in FHD Monitor,1,3/2/2019 2:11
162621,USB-C Charging Cable,1,3/7/2019 9:44
162622,Lightning Charging Cable,1,3/17/2019 14:31
162623,AAA Batteries (4-pack),1,3/25/2019 17:34
162623,AA Batteries (4-pack),1,3/25/2019 17:34
162624,USB-C Charging Cable,1,3/1/2019 11:42
162625,Lightning Charging Cable,1,3/9/2019 20:49
162626,27in FHD Monitor,1,3/9/2019 23:47
162627,Apple Airpods Headphones,1,3/24/2019 11:42
162628,USB-C Charging Cable,1,3/26/2019 14:56
162629,27in 4K Gaming Monitor,1,3/27/2019 9:58
162630,34in Ultrawide Monitor,1,3/9/2019 0:36
162631,Bose SoundSport Headphones,1,3/19/2019 22:27
162632,AAA Batteries (4-pack),1,3/18/2019 12:10
162633,27in FHD Monitor,1,3/29/2019 14:42
162634,Apple Airpods Headphones,1,3/13/2019 16:42
162635,27in FHD Monitor,1,3/8/2019 13:24
162636,USB-C Charging Cable,1,3/5/2019 22:49
162637,Apple Airpods Headphones,1,3/10/2019 7:17
162638,Apple Airpods Headphones,1,3/19/2019 14:06
162639,27in 4K Gaming Monitor,1,3/7/2019 23:44
162640,27in FHD Monitor,1,3/20/2019 21:29
162641,Apple Airpods Headphones,1,3/10/2019 11:50
162642,AAA Batteries (4-pack),4,3/17/2019 18:44
162643,AAA Batteries (4-pack),1,3/9/2019 14:56
162644,AAA Batteries (4-pack),1,3/20/2019 2:15
162645,iPhone,1,3/25/2019 21:26
162646,Apple Airpods Headphones,1,3/8/2019 18:11
162647,AAA Batteries (4-pack),1,3/24/2019 13:47
162648,AAA Batteries (4-pack),2,3/26/2019 9:29
162649,AAA Batteries (4-pack),1,3/8/2019 19:04
162650,USB-C Charging Cable,1,3/11/2019 20:05
162651,USB-C Charging Cable,1,3/4/2019 19:06
162652,Macbook Pro Laptop,1,3/21/2019 20:49
162653,AAA Batteries (4-pack),2,3/13/2019 14:51
162654,Lightning Charging Cable,1,3/2/2019 13:40
162655,Wired Headphones,1,3/5/2019 15:54
162656,Apple Airpods Headphones,2,3/12/2019 12:30
162657,34in Ultrawide Monitor,1,3/13/2019 7:40
162658,AA Batteries (4-pack),1,3/6/2019 17:53
162659,Flatscreen TV,1,3/2/2019 23:26
162660,AAA Batteries (4-pack),1,3/14/2019 14:26
162661,Lightning Charging Cable,1,3/4/2019 20:53
162661,Apple Airpods Headphones,1,3/4/2019 20:53
162662,AA Batteries (4-pack),1,3/6/2019 18:06
162663,Lightning Charging Cable,1,3/28/2019 15:04
162664,Lightning Charging Cable,1,3/2/2019 15:59
162665,AAA Batteries (4-pack),3,3/12/2019 21:22
162666,USB-C Charging Cable,1,3/10/2019 15:19
162667,USB-C Charging Cable,1,3/21/2019 13:23
162668,iPhone,1,3/6/2019 20:17
162669,Lightning Charging Cable,1,3/28/2019 15:29
162670,AAA Batteries (4-pack),1,3/9/2019 0:50
162671,USB-C Charging Cable,1,3/2/2019 18:34
162672,20in Monitor,1,3/5/2019 11:42
162673,Apple Airpods Headphones,1,3/3/2019 12:24
162674,Bose SoundSport Headphones,1,3/16/2019 18:31
162675,27in FHD Monitor,1,3/28/2019 12:41
162676,Apple Airpods Headphones,1,3/6/2019 20:04
162677,iPhone,1,3/31/2019 21:16
162678,Bose SoundSport Headphones,1,3/2/2019 17:01
162679,Apple Airpods Headphones,1,3/14/2019 11:53
162680,USB-C Charging Cable,1,3/29/2019 10:59
162681,ThinkPad Laptop,1,3/25/2019 11:26
162682,Vareebadd Phone,1,3/12/2019 17:04
162683,Google Phone,1,3/23/2019 19:01
162684,Flatscreen TV,1,3/9/2019 17:42
162685,iPhone,1,3/31/2019 16:23
162686,AA Batteries (4-pack),1,3/28/2019 11:21
162687,AAA Batteries (4-pack),1,3/19/2019 21:59
162688,Wired Headphones,1,3/12/2019 10:57
162689,USB-C Charging Cable,1,3/13/2019 12:43
162690,27in FHD Monitor,1,3/19/2019 8:40
162691,Bose SoundSport Headphones,1,3/8/2019 14:05
162692,Lightning Charging Cable,1,3/28/2019 14:54
162693,AAA Batteries (4-pack),2,3/5/2019 18:59
162694,AA Batteries (4-pack),1,3/15/2019 16:35
162695,Apple Airpods Headphones,1,3/12/2019 19:13
162696,Macbook Pro Laptop,1,3/6/2019 21:47
162697,Macbook Pro Laptop,1,3/9/2019 18:27
162698,Bose SoundSport Headphones,1,3/13/2019 10:07
162699,Wired Headphones,1,3/31/2019 20:22
162700,Lightning Charging Cable,2,3/12/2019 14:52
162701,AA Batteries (4-pack),1,3/27/2019 18:10
162702,Google Phone,1,3/17/2019 15:38
162703,Bose SoundSport Headphones,1,3/31/2019 11:21
162704,Macbook Pro Laptop,1,3/11/2019 20:06
162705,AAA Batteries (4-pack),3,3/8/2019 22:09
162706,Wired Headphones,2,3/2/2019 6:33
162707,27in 4K Gaming Monitor,1,3/16/2019 13:01
162708,Lightning Charging Cable,1,3/22/2019 20:28
162709,AAA Batteries (4-pack),1,3/26/2019 13:16
162710,USB-C Charging Cable,1,3/22/2019 13:05
162711,Wired Headphones,1,3/12/2019 13:10
162712,34in Ultrawide Monitor,1,3/7/2019 20:33
162713,AAA Batteries (4-pack),2,3/6/2019 6:20
162714,20in Monitor,1,3/2/2019 20:04
162715,ThinkPad Laptop,1,3/24/2019 10:14
162716,20in Monitor,1,3/11/2019 19:52
162717,AAA Batteries (4-pack),1,3/28/2019 9:13
162718,Bose SoundSport Headphones,1,3/4/2019 19:33
162719,34in Ultrawide Monitor,1,3/18/2019 12:25
162720,Bose SoundSport Headphones,1,3/4/2019 15:50
162721,AAA Batteries (4-pack),1,3/13/2019 2:27
162722,AA Batteries (4-pack),2,3/14/2019 11:27
162723,Wired Headphones,1,3/8/2019 0:34
162724,Lightning Charging Cable,2,3/1/2019 18:07
162725,Bose SoundSport Headphones,1,3/2/2019 18:53
162726,Macbook Pro Laptop,1,3/15/2019 8:45
162727,27in FHD Monitor,1,3/12/2019 18:33
162728,Google Phone,1,3/1/2019 23:38
162729,34in Ultrawide Monitor,1,3/16/2019 19:21
162730,Wired Headphones,1,3/1/2019 10:17
162731,Wired Headphones,1,3/25/2019 11:24
162732,Bose SoundSport Headphones,1,3/1/2019 22:01
162733,AAA Batteries (4-pack),2,3/2/2019 21:46
162734,Lightning Charging Cable,1,3/7/2019 22:34
162735,Lightning Charging Cable,1,3/11/2019 11:26
162736,Apple Airpods Headphones,1,3/26/2019 16:27
162737,27in FHD Monitor,1,3/11/2019 16:21
162738,Apple Airpods Headphones,1,3/16/2019 14:15
162739,Google Phone,1,3/18/2019 11:41
162739,USB-C Charging Cable,1,3/18/2019 11:41
162740,Google Phone,1,3/13/2019 20:18
162741,Vareebadd Phone,1,3/1/2019 11:32
162741,USB-C Charging Cable,1,3/1/2019 11:32
162742,Apple Airpods Headphones,1,3/17/2019 10:17
162743,LG Dryer,1,3/4/2019 20:11
162744,Lightning Charging Cable,1,3/19/2019 17:22
162745,Bose SoundSport Headphones,1,3/12/2019 10:52
162746,AAA Batteries (4-pack),5,3/25/2019 13:22
162747,Macbook Pro Laptop,1,3/28/2019 12:00
162748,AAA Batteries (4-pack),1,3/11/2019 23:13
162749,Wired Headphones,1,3/3/2019 21:27
162750,AAA Batteries (4-pack),2,3/18/2019 20:24
162751,AAA Batteries (4-pack),1,3/24/2019 23:50
162752,Bose SoundSport Headphones,1,3/20/2019 2:06
162753,AA Batteries (4-pack),1,3/30/2019 8:50
162754,Wired Headphones,1,3/17/2019 10:29
162755,27in FHD Monitor,1,3/3/2019 17:55
162756,ThinkPad Laptop,1,3/21/2019 10:07
162757,Google Phone,1,3/11/2019 20:25
162758,USB-C Charging Cable,1,3/23/2019 21:39
162759,Vareebadd Phone,1,3/31/2019 19:30
162759,Wired Headphones,1,3/31/2019 19:30
162760,Apple Airpods Headphones,1,3/14/2019 11:03
162761,AAA Batteries (4-pack),1,3/18/2019 9:49
162762,Wired Headphones,1,3/17/2019 6:50
162763,AA Batteries (4-pack),1,3/24/2019 15:38
162764,AAA Batteries (4-pack),2,3/7/2019 18:37
162765,AAA Batteries (4-pack),1,3/1/2019 20:54
162766,AAA Batteries (4-pack),2,3/28/2019 18:23
162767,AAA Batteries (4-pack),1,3/31/2019 17:49
162768,AAA Batteries (4-pack),1,3/31/2019 10:35
162769,Flatscreen TV,1,3/7/2019 10:13
162770,Flatscreen TV,1,3/30/2019 17:54
162771,Google Phone,1,3/1/2019 9:08
162772,Wired Headphones,1,3/3/2019 9:53
162773,Bose SoundSport Headphones,1,3/28/2019 8:17
162774,Wired Headphones,1,3/25/2019 19:09
162775,USB-C Charging Cable,1,3/31/2019 13:23
162776,USB-C Charging Cable,1,3/4/2019 16:31
162777,AA Batteries (4-pack),1,3/15/2019 18:56
162778,AA Batteries (4-pack),1,3/13/2019 23:39
162779,USB-C Charging Cable,1,3/18/2019 12:57
162780,AA Batteries (4-pack),1,3/20/2019 12:20
162781,AAA Batteries (4-pack),1,3/28/2019 12:49
162782,iPhone,1,3/31/2019 13:13
162783,Lightning Charging Cable,1,3/31/2019 12:23
162784,Bose SoundSport Headphones,1,3/8/2019 13:25
162785,Wired Headphones,1,3/2/2019 19:17
162786,Lightning Charging Cable,1,3/9/2019 6:00
162786,Bose SoundSport Headphones,1,3/9/2019 6:00
162787,Wired Headphones,1,3/23/2019 13:42
162788,Bose SoundSport Headphones,1,3/15/2019 17:22
162788,Apple Airpods Headphones,1,3/15/2019 17:22
162789,AA Batteries (4-pack),1,3/23/2019 19:17
162790,Lightning Charging Cable,1,3/22/2019 14:01
162791,Lightning Charging Cable,1,3/1/2019 22:54
162792,Wired Headphones,1,3/8/2019 12:48
162793,USB-C Charging Cable,1,3/28/2019 10:03
162794,AA Batteries (4-pack),1,3/28/2019 11:37
162795,AA Batteries (4-pack),1,3/3/2019 11:58
162796,Wired Headphones,1,3/3/2019 5:45
162797,Lightning Charging Cable,1,3/5/2019 19:07
162798,20in Monitor,1,3/20/2019 7:52
162799,27in 4K Gaming Monitor,1,3/1/2019 12:03
162800,Lightning Charging Cable,1,3/28/2019 15:36
162801,iPhone,1,3/19/2019 17:41
162801,Apple Airpods Headphones,1,3/19/2019 17:41
162802,Wired Headphones,1,3/20/2019 15:29
162803,USB-C Charging Cable,1,3/3/2019 9:59
162804,AA Batteries (4-pack),1,3/13/2019 21:30
162805,AAA Batteries (4-pack),2,3/11/2019 23:15
162806,27in 4K Gaming Monitor,1,3/3/2019 19:57
162807,Lightning Charging Cable,1,3/19/2019 17:40
162808,AA Batteries (4-pack),1,3/20/2019 9:55
162809,Bose SoundSport Headphones,1,3/22/2019 17:34
162810,Flatscreen TV,1,3/26/2019 14:12
162811,20in Monitor,1,3/30/2019 15:30
162812,Lightning Charging Cable,1,3/23/2019 13:13
162813,27in FHD Monitor,1,3/13/2019 17:37
162814,Apple Airpods Headphones,1,3/29/2019 20:40
162814,USB-C Charging Cable,1,3/29/2019 20:40
162815,Wired Headphones,1,3/7/2019 13:21
162816,Wired Headphones,1,3/8/2019 15:59
162817,AAA Batteries (4-pack),2,3/24/2019 11:58
162818,USB-C Charging Cable,1,3/30/2019 18:39
162819,Bose SoundSport Headphones,1,3/26/2019 17:52
162820,Wired Headphones,1,3/7/2019 21:56
162821,Lightning Charging Cable,1,3/10/2019 16:28
162822,Lightning Charging Cable,2,3/2/2019 13:22
162823,Lightning Charging Cable,2,3/3/2019 19:30
162824,Lightning Charging Cable,1,3/24/2019 21:26
162825,USB-C Charging Cable,1,3/5/2019 14:10
162826,USB-C Charging Cable,2,3/22/2019 11:30
162827,AA Batteries (4-pack),1,3/12/2019 9:25
Order ID,Product,Quantity Ordered,Order Date
162828,Apple Airpods Headphones,1,3/28/2019 12:35
162829,ThinkPad Laptop,1,3/2/2019 14:53
162830,Bose SoundSport Headphones,1,3/20/2019 8:42
162831,Wired Headphones,1,3/5/2019 19:53
162832,Apple Airpods Headphones,1,3/13/2019 22:35
162833,Flatscreen TV,1,3/28/2019 20:49
162834,Bose SoundSport Headphones,1,3/5/2019 9:24
162835,Apple Airpods Headphones,1,3/15/2019 12:31
162836,Google Phone,1,3/26/2019 21:18
162837,USB-C Charging Cable,2,3/5/2019 22:41
162838,Wired Headphones,2,3/2/2019 22:33
162839,USB-C Charging Cable,1,3/30/2019 7:52
162840,Wired Headphones,1,3/13/2019 15:27
162841,Wired Headphones,1,3/12/2019 12:57
162842,Flatscreen TV,1,3/14/2019 14:17
162843,Bose SoundSport Headphones,1,3/29/2019 8:53
162844,Lightning Charging Cable,1,3/2/2019 8:31
162845,Apple Airpods Headphones,1,3/4/2019 18:24
162846,Bose SoundSport Headphones,1,3/17/2019 12:24
162847,Lightning Charging Cable,1,3/3/2019 19:58
162848,Lightning Charging Cable,1,3/10/2019 21:16
162849,Macbook Pro Laptop,1,3/17/2019 9:13
162850,Lightning Charging Cable,1,3/8/2019 17:13
162851,Apple Airpods Headphones,1,3/7/2019 11:36
162852,27in FHD Monitor,1,3/17/2019 15:55
162853,Wired Headphones,1,3/14/2019 23:10
162854,iPhone,1,3/15/2019 10:42
162854,Lightning Charging Cable,2,3/15/2019 10:42
162855,Apple Airpods Headphones,1,3/22/2019 8:56
162856,Lightning Charging Cable,1,3/19/2019 9:25
162857,34in Ultrawide Monitor,1,3/5/2019 0:08
162857,AA Batteries (4-pack),1,3/5/2019 0:08
162858,USB-C Charging Cable,1,3/19/2019 23:20
162859,Bose SoundSport Headphones,1,3/27/2019 18:57
162860,USB-C Charging Cable,1,3/4/2019 14:12
162861,Apple Airpods Headphones,1,3/19/2019 19:11
162862,Lightning Charging Cable,1,3/23/2019 7:21
162863,USB-C Charging Cable,2,3/8/2019 16:43
162864,AA Batteries (4-pack),2,3/31/2019 17:46
162865,Wired Headphones,1,3/27/2019 1:36
162866,AAA Batteries (4-pack),1,3/26/2019 9:24
162867,USB-C Charging Cable,1,3/31/2019 13:37
162868,27in FHD Monitor,1,3/4/2019 0:39
162869,AA Batteries (4-pack),1,3/31/2019 13:27
162870,Wired Headphones,1,3/23/2019 8:12
162871,Bose SoundSport Headphones,1,3/16/2019 10:06
162872,USB-C Charging Cable,1,3/18/2019 9:22
162873,Flatscreen TV,1,3/20/2019 16:07
162874,Apple Airpods Headphones,1,3/19/2019 15:15
162875,Macbook Pro Laptop,1,3/27/2019 22:03
162876,AAA Batteries (4-pack),1,3/11/2019 8:29
162877,Google Phone,1,3/29/2019 11:26
162877,Bose SoundSport Headphones,1,3/29/2019 11:26
162878,Lightning Charging Cable,1,3/22/2019 18:48
162879,Apple Airpods Headphones,1,3/14/2019 17:45
162880,Wired Headphones,1,3/17/2019 15:02
162881,Google Phone,1,3/2/2019 15:07
162882,34in Ultrawide Monitor,1,3/12/2019 23:10
162883,Vareebadd Phone,1,3/24/2019 14:19
162883,USB-C Charging Cable,1,3/24/2019 14:19
162884,AAA Batteries (4-pack),2,3/12/2019 19:03
162885,AAA Batteries (4-pack),3,3/31/2019 23:28
162886,USB-C Charging Cable,2,3/20/2019 10:13
162887,Lightning Charging Cable,1,3/9/2019 17:04
162888,USB-C Charging Cable,3,3/24/2019 8:55
Order ID,Product,Quantity Ordered,Order Date
162889,Bose SoundSport Headphones,1,3/14/2019 14:06
162890,Flatscreen TV,1,3/24/2019 20:59
162891,AAA Batteries (4-pack),1,3/27/2019 4:01
162892,AA Batteries (4-pack),1,3/12/2019 10:58
162893,Apple Airpods Headphones,1,3/19/2019 12:37
162894,AA Batteries (4-pack),2,3/18/2019 23:05
162895,Bose SoundSport Headphones,1,3/15/2019 20:06
162896,Wired Headphones,1,3/14/2019 18:01
162897,Bose SoundSport Headphones,1,3/9/2019 13:06
162898,USB-C Charging Cable,1,3/7/2019 12:01
162899,34in Ultrawide Monitor,1,3/17/2019 19:42
162900,27in FHD Monitor,1,3/27/2019 5:38
162901,Lightning Charging Cable,1,3/13/2019 23:24
162902,Google Phone,1,3/20/2019 10:21
162903,AAA Batteries (4-pack),2,3/27/2019 12:02
162904,AA Batteries (4-pack),1,3/14/2019 17:06
162905,Apple Airpods Headphones,1,3/20/2019 18:09
162906,27in FHD Monitor,1,3/7/2019 18:49
162907,AA Batteries (4-pack),1,3/6/2019 10:25
162908,Macbook Pro Laptop,1,3/23/2019 9:57
162909,27in FHD Monitor,1,3/17/2019 17:50
162910,iPhone,1,3/10/2019 12:42
162911,AAA Batteries (4-pack),1,3/28/2019 13:49
162912,Bose SoundSport Headphones,1,3/2/2019 22:56
162913,AA Batteries (4-pack),3,3/30/2019 19:47
162914,Google Phone,1,3/26/2019 17:53
162915,USB-C Charging Cable,1,3/11/2019 10:09
162916,Flatscreen TV,1,3/10/2019 19:22
162917,Apple Airpods Headphones,1,3/10/2019 12:07
162918,AA Batteries (4-pack),1,3/16/2019 8:46
162919,27in FHD Monitor,1,3/2/2019 14:21
162920,AA Batteries (4-pack),1,3/26/2019 22:43
162921,AAA Batteries (4-pack),1,3/25/2019 18:59
162922,Bose SoundSport Headphones,1,3/28/2019 15:04
162923,34in Ultrawide Monitor,1,3/9/2019 0:17
162924,AAA Batteries (4-pack),1,3/2/2019 20:27
162925,Bose SoundSport Headphones,1,3/24/2019 8:15
162926,Apple Airpods Headphones,1,3/30/2019 21:34
162927,Apple Airpods Headphones,1,3/24/2019 19:20
162928,AA Batteries (4-pack),1,3/26/2019 22:23
162929,AAA Batteries (4-pack),2,3/26/2019 15:43
162930,27in FHD Monitor,1,3/22/2019 14:22
162931,Wired Headphones,1,3/24/2019 18:48
162932,Apple Airpods Headphones,1,3/4/2019 8:41
162933,Bose SoundSport Headphones,1,3/12/2019 12:05
162934,Vareebadd Phone,1,3/11/2019 10:10
162934,USB-C Charging Cable,1,3/11/2019 10:10
162935,USB-C Charging Cable,1,3/15/2019 12:47
162936,AAA Batteries (4-pack),2,3/13/2019 12:46
162937,Apple Airpods Headphones,1,3/10/2019 12:54
162938,AAA Batteries (4-pack),1,3/25/2019 6:39
162939,34in Ultrawide Monitor,1,3/24/2019 10:34
162940,ThinkPad Laptop,1,3/4/2019 16:36
162941,AA Batteries (4-pack),2,3/7/2019 7:35
162942,Wired Headphones,1,3/21/2019 13:58
162943,iPhone,1,3/22/2019 19:49
162944,27in 4K Gaming Monitor,1,3/24/2019 5:05
162945,Wired Headphones,1,3/15/2019 17:50
162946,Google Phone,1,3/19/2019 11:12
162947,Lightning Charging Cable,1,3/12/2019 13:55
162948,Google Phone,1,3/13/2019 11:24
162949,Flatscreen TV,1,3/17/2019 17:16
162950,27in 4K Gaming Monitor,1,3/14/2019 10:15
162951,USB-C Charging Cable,1,3/19/2019 9:00
162952,Apple Airpods Headphones,1,3/5/2019 12:57
162953,Wired Headphones,1,3/19/2019 15:14
162954,USB-C Charging Cable,1,3/16/2019 12:07
162955,iPhone,1,3/1/2019 17:56
162955,Lightning Charging Cable,1,3/1/2019 17:56
162956,AAA Batteries (4-pack),1,3/11/2019 17:21
162957,Apple Airpods Headphones,1,3/8/2019 11:13
162958,AAA Batteries (4-pack),2,3/26/2019 18:01
162959,Wired Headphones,1,3/1/2019 23:21
162960,USB-C Charging Cable,1,3/20/2019 18:17
162961,AAA Batteries (4-pack),2,3/17/2019 14:16
162962,AA Batteries (4-pack),2,3/12/2019 19:33
162963,Bose SoundSport Headphones,1,3/18/2019 14:29
162964,AAA Batteries (4-pack),1,3/27/2019 17:14
162965,Lightning Charging Cable,1,3/6/2019 16:00
162966,Wired Headphones,1,3/20/2019 18:13
162967,Bose SoundSport Headphones,1,3/29/2019 13:48
162968,AAA Batteries (4-pack),1,3/25/2019 15:31
162969,Lightning Charging Cable,1,3/12/2019 12:46
162970,USB-C Charging Cable,1,3/29/2019 18:48
162971,AAA Batteries (4-pack),2,3/29/2019 19:07
162972,USB-C Charging Cable,1,3/3/2019 18:53
162973,AA Batteries (4-pack),5,3/4/2019 0:08
162974,27in 4K Gaming Monitor,1,3/29/2019 18:43
162975,Lightning Charging Cable,1,3/8/2019 13:53
162976,20in Monitor,1,3/17/2019 2:54
162977,Flatscreen TV,1,3/25/2019 7:24
162978,USB-C Charging Cable,1,3/21/2019 9:27
162979,iPhone,1,3/22/2019 11:41
162980,AA Batteries (4-pack),1,3/24/2019 19:53
162981,AAA Batteries (4-pack),2,3/8/2019 11:08
162982,Lightning Charging Cable,1,3/9/2019 5:58
162983,USB-C Charging Cable,1,3/30/2019 14:40
162984,Flatscreen TV,1,3/6/2019 11:51
162985,Wired Headphones,1,3/22/2019 16:25
162986,Apple Airpods Headphones,1,3/22/2019 1:15
162987,AA Batteries (4-pack),1,3/18/2019 14:55
162988,Google Phone,1,3/27/2019 17:49
162988,Wired Headphones,1,3/27/2019 17:49
162989,Wired Headphones,1,3/6/2019 15:46
162990,Google Phone,1,3/21/2019 10:22
162991,Wired Headphones,3,3/3/2019 9:09
162992,USB-C Charging Cable,1,3/4/2019 19:19
162993,27in FHD Monitor,1,3/10/2019 20:15
162994,Flatscreen TV,1,3/14/2019 21:37
162995,USB-C Charging Cable,1,3/18/2019 12:38
162996,27in 4K Gaming Monitor,1,3/27/2019 16:53
162997,Lightning Charging Cable,1,3/22/2019 23:45
162998,Lightning Charging Cable,1,3/31/2019 14:32
162999,Lightning Charging Cable,1,3/3/2019 17:37
163000,AA Batteries (4-pack),1,3/13/2019 14:29
163001,AAA Batteries (4-pack),3,3/31/2019 14:43
,,,
163002,Google Phone,1,3/8/2019 13:19
163002,USB-C Charging Cable,1,3/8/2019 13:19
163003,USB-C Charging Cable,1,3/22/2019 20:42
163004,AAA Batteries (4-pack),1,3/16/2019 8:25
163005,AA Batteries (4-pack),1,3/23/2019 19:26
163006,Macbook Pro Laptop,1,3/20/2019 14:53
163007,Macbook Pro Laptop,1,3/29/2019 11:26
163008,Lightning Charging Cable,1,3/22/2019 21:07
163009,Wired Headphones,1,3/19/2019 22:01
163010,AAA Batteries (4-pack),1,3/10/2019 23:02
163011,Wired Headphones,3,3/5/2019 18:28
163012,USB-C Charging Cable,1,3/30/2019 1:13
163013,Lightning Charging Cable,1,3/23/2019 18:29
163014,Flatscreen TV,1,3/27/2019 10:12
163015,AAA Batteries (4-pack),2,3/4/2019 14:46
163016,27in FHD Monitor,1,3/15/2019 20:38
163017,Lightning Charging Cable,1,3/23/2019 22:42
163018,AAA Batteries (4-pack),1,3/17/2019 14:10
163018,AAA Batteries (4-pack),1,3/17/2019 14:10
163019,Lightning Charging Cable,1,3/18/2019 15:37
163019,34in Ultrawide Monitor,1,3/18/2019 15:37
163020,34in Ultrawide Monitor,1,3/15/2019 9:27
163021,Apple Airpods Headphones,1,3/30/2019 21:40
163022,Macbook Pro Laptop,1,3/26/2019 21:13
163023,Flatscreen TV,1,3/22/2019 19:49
163024,USB-C Charging Cable,1,3/29/2019 14:52
163025,iPhone,1,3/19/2019 14:59
163026,Google Phone,1,3/4/2019 9:27
163027,AA Batteries (4-pack),1,3/21/2019 19:31
163028,27in 4K Gaming Monitor,1,3/28/2019 20:45
163029,iPhone,1,3/8/2019 20:58
163030,Wired Headphones,1,3/19/2019 20:13
163031,27in FHD Monitor,1,3/21/2019 14:56
163032,Lightning Charging Cable,1,3/8/2019 14:21
163033,27in FHD Monitor,1,3/20/2019 11:58
163034,Apple Airpods Headphones,1,3/6/2019 14:38
163035,AAA Batteries (4-pack),1,3/27/2019 18:10
163036,34in Ultrawide Monitor,1,3/1/2019 22:05
163037,AAA Batteries (4-pack),1,3/7/2019 19:20
163038,Macbook Pro Laptop,1,3/7/2019 10:23
163039,AAA Batteries (4-pack),2,3/6/2019 18:10
163040,LG Washing Machine,1,3/27/2019 16:01
163041,USB-C Charging Cable,2,3/23/2019 10:13
163042,ThinkPad Laptop,1,3/16/2019 16:43
163043,Wired Headphones,1,3/19/2019 8:35
163044,Lightning Charging Cable,1,3/21/2019 15:36
163045,USB-C Charging Cable,1,3/2/2019 16:07
163046,AA Batteries (4-pack),2,3/11/2019 11:05
163047,AA Batteries (4-pack),1,3/13/2019 21:39
163048,USB-C Charging Cable,1,3/18/2019 12:22
163049,Bose SoundSport Headphones,1,3/23/2019 11:14
163050,Wired Headphones,1,3/9/2019 9:52
163051,Wired Headphones,1,3/2/2019 5:40
163052,Lightning Charging Cable,1,3/19/2019 21:33
163053,USB-C Charging Cable,1,3/26/2019 20:05
163054,Flatscreen TV,1,3/3/2019 14:14
163055,Bose SoundSport Headphones,1,3/29/2019 14:13
163056,iPhone,1,3/20/2019 12:35
163056,Lightning Charging Cable,1,3/20/2019 12:35
163057,Apple Airpods Headphones,1,3/27/2019 10:17
163058,34in Ultrawide Monitor,1,3/5/2019 10:43
163059,Lightning Charging Cable,1,3/7/2019 12:24
163060,USB-C Charging Cable,1,3/11/2019 13:36
163061,Bose SoundSport Headphones,1,3/16/2019 22:29
163062,Bose SoundSport Headphones,1,3/13/2019 13:50
163063,AA Batteries (4-pack),1,3/10/2019 12:22
163064,Wired Headphones,1,3/25/2019 5:42
163065,Bose SoundSport Headphones,1,3/29/2019 9:15
163066,Lightning Charging Cable,1,3/2/2019 20:48
163067,AA Batteries (4-pack),4,3/22/2019 6:29
163068,USB-C Charging Cable,1,3/3/2019 21:04
163069,Apple Airpods Headphones,1,3/26/2019 21:14
163070,Wired Headphones,1,3/15/2019 13:03
163071,27in 4K Gaming Monitor,1,3/31/2019 20:43
163072,USB-C Charging Cable,1,3/18/2019 17:19
163073,Google Phone,1,3/2/2019 18:28
163074,AAA Batteries (4-pack),1,3/31/2019 19:56
163075,USB-C Charging Cable,1,3/27/2019 16:32
163076,USB-C Charging Cable,1,3/30/2019 16:32
163077,AAA Batteries (4-pack),1,3/16/2019 14:23
163078,34in Ultrawide Monitor,1,3/14/2019 11:41
163079,Lightning Charging Cable,1,3/12/2019 20:35
163080,Wired Headphones,1,3/23/2019 15:52
163081,AA Batteries (4-pack),1,3/13/2019 22:45
163082,AA Batteries (4-pack),2,3/27/2019 12:59
163083,Apple Airpods Headphones,1,3/24/2019 17:08
163084,Google Phone,1,3/6/2019 8:40
163085,AA Batteries (4-pack),3,3/28/2019 9:32
163086,USB-C Charging Cable,1,3/22/2019 9:39
163087,Lightning Charging Cable,1,3/15/2019 16:22
163088,Apple Airpods Headphones,1,3/12/2019 7:52
163089,20in Monitor,1,3/28/2019 3:43
163090,27in FHD Monitor,1,3/1/2019 18:05
163091,AA Batteries (4-pack),1,3/21/2019 20:15
163092,AA Batteries (4-pack),1,3/4/2019 23:10
163093,27in FHD Monitor,1,3/11/2019 1:16
163094,AA Batteries (4-pack),1,3/14/2019 13:18
163095,LG Washing Machine,1,3/1/2019 17:20
163096,AAA Batteries (4-pack),1,3/14/2019 16:34
163097,Macbook Pro Laptop,1,3/1/2019 17:55
163098,AA Batteries (4-pack),3,3/6/2019 13:36
163099,AAA Batteries (4-pack),1,3/26/2019 21:21
163100,Apple Airpods Headphones,1,3/30/2019 7:45
163101,AA Batteries (4-pack),1,3/31/2019 17:04
163102,Bose SoundSport Headphones,1,3/21/2019 7:03
163103,Apple Airpods Headphones,1,3/10/2019 9:52
163104,AA Batteries (4-pack),1,3/20/2019 16:03
163105,Macbook Pro Laptop,1,3/13/2019 12:41
163106,USB-C Charging Cable,1,3/13/2019 3:10
163107,Wired Headphones,1,3/3/2019 17:50
163108,USB-C Charging Cable,1,3/12/2019 17:27
163109,Wired Headphones,1,3/22/2019 19:53
163110,Apple Airpods Headphones,1,3/11/2019 17:36
163111,34in Ultrawide Monitor,1,3/23/2019 12:19
163112,Macbook Pro Laptop,1,3/28/2019 21:14
163113,Flatscreen TV,1,3/19/2019 22:18
163114,Wired Headphones,1,3/16/2019 8:42
163115,Google Phone,1,3/21/2019 18:12
163116,Google Phone,1,3/1/2019 10:46
163117,Wired Headphones,1,3/11/2019 18:52
163118,27in 4K Gaming Monitor,1,3/27/2019 20:52
163119,AA Batteries (4-pack),1,3/15/2019 9:19
163120,Wired Headphones,1,3/31/2019 11:15
163121,USB-C Charging Cable,1,3/9/2019 17:19
163122,AAA Batteries (4-pack),1,3/21/2019 5:20
163123,AAA Batteries (4-pack),2,3/11/2019 22:15
163124,Bose SoundSport Headphones,1,3/9/2019 17:55
163125,AA Batteries (4-pack),3,3/21/2019 23:10
163126,AA Batteries (4-pack),1,3/23/2019 20:29
163127,Wired Headphones,1,3/8/2019 21:44
163128,AA Batteries (4-pack),1,3/22/2019 13:21
163129,USB-C Charging Cable,1,3/7/2019 3:22
163130,Flatscreen TV,1,3/3/2019 19:49
163131,Macbook Pro Laptop,1,3/4/2019 21:51
163132,AA Batteries (4-pack),1,3/29/2019 18:51
163133,Lightning Charging Cable,1,3/8/2019 16:27
163133,USB-C Charging Cable,1,3/8/2019 16:27
163134,AA Batteries (4-pack),1,3/2/2019 8:34
163135,34in Ultrawide Monitor,1,3/3/2019 16:11
163136,Lightning Charging Cable,1,3/26/2019 13:17
163137,Lightning Charging Cable,1,3/9/2019 11:13
163138,USB-C Charging Cable,1,3/6/2019 16:14
163139,Macbook Pro Laptop,1,3/24/2019 10:44
163140,AA Batteries (4-pack),2,3/30/2019 22:51
163141,AAA Batteries (4-pack),1,3/17/2019 1:38
163142,iPhone,1,3/11/2019 8:57
163143,AA Batteries (4-pack),1,3/3/2019 11:16
163144,iPhone,1,3/27/2019 23:50
163144,Lightning Charging Cable,1,3/27/2019 23:50
163145,AAA Batteries (4-pack),1,3/10/2019 21:43
163146,34in Ultrawide Monitor,1,3/10/2019 6:18
163147,AAA Batteries (4-pack),1,3/1/2019 15:19
163148,27in FHD Monitor,1,3/31/2019 18:51
163149,Google Phone,1,3/29/2019 20:36
163149,USB-C Charging Cable,1,3/29/2019 20:36
163149,Bose SoundSport Headphones,1,3/29/2019 20:36
163150,AA Batteries (4-pack),2,3/8/2019 12:50
163151,27in FHD Monitor,1,3/4/2019 19:21
163152,Lightning Charging Cable,2,3/23/2019 10:36
163153,USB-C Charging Cable,1,3/19/2019 17:29
163154,AA Batteries (4-pack),1,3/1/2019 10:20
163155,27in 4K Gaming Monitor,1,3/21/2019 13:44
163156,Macbook Pro Laptop,1,3/11/2019 13:25
163157,Lightning Charging Cable,1,3/5/2019 11:29
163158,USB-C Charging Cable,2,3/21/2019 17:34
163159,USB-C Charging Cable,1,3/29/2019 13:34
163160,Lightning Charging Cable,1,3/27/2019 19:17
163161,Google Phone,1,3/12/2019 18:09
163162,USB-C Charging Cable,1,3/11/2019 13:18
163163,Google Phone,1,3/14/2019 18:26
163164,Wired Headphones,1,3/26/2019 1:53
163164,ThinkPad Laptop,1,3/26/2019 1:53
163165,Wired Headphones,2,3/24/2019 18:18
163166,34in Ultrawide Monitor,1,3/19/2019 23:08
163167,Lightning Charging Cable,1,3/13/2019 23:02
163168,AAA Batteries (4-pack),1,3/24/2019 14:06
163169,Wired Headphones,1,3/13/2019 22:30
163170,34in Ultrawide Monitor,1,3/2/2019 11:28
163171,Wired Headphones,2,3/29/2019 8:51
163171,Flatscreen TV,1,3/29/2019 8:51
163172,AA Batteries (4-pack),1,3/13/2019 13:52
163173,Macbook Pro Laptop,1,3/22/2019 16:12
163174,34in Ultrawide Monitor,1,3/31/2019 11:53
163175,USB-C Charging Cable,1,3/24/2019 17:14
163176,ThinkPad Laptop,1,3/21/2019 20:49
163177,Lightning Charging Cable,1,3/5/2019 13:33
163178,AA Batteries (4-pack),1,3/1/2019 12:07
163179,AA Batteries (4-pack),1,3/1/2019 19:36
163180,27in FHD Monitor,1,3/29/2019 14:21
163181,34in Ultrawide Monitor,1,3/15/2019 21:51
163182,Lightning Charging Cable,1,3/1/2019 23:56
163183,USB-C Charging Cable,2,3/21/2019 21:35
163184,Lightning Charging Cable,1,3/29/2019 20:41
163185,Lightning Charging Cable,1,3/22/2019 2:25
163186,AA Batteries (4-pack),1,3/14/2019 11:58
163187,Flatscreen TV,1,3/29/2019 19:37
163188,USB-C Charging Cable,1,3/2/2019 10:58
163189,Bose SoundSport Headphones,1,3/3/2019 11:33
163190,Bose SoundSport Headphones,1,3/6/2019 20:58
163191,Apple Airpods Headphones,1,3/16/2019 11:22
163192,AA Batteries (4-pack),1,3/23/2019 13:27
163193,USB-C Charging Cable,1,3/9/2019 9:01
163194,Wired Headphones,1,3/15/2019 19:24
163195,iPhone,1,3/17/2019 23:34
163196,Lightning Charging Cable,1,3/25/2019 12:30
163197,AAA Batteries (4-pack),1,3/20/2019 17:06
163198,Apple Airpods Headphones,1,3/17/2019 11:45
163199,Lightning Charging Cable,1,3/17/2019 14:19
163200,AA Batteries (4-pack),3,3/20/2019 16:23
163201,Vareebadd Phone,1,3/6/2019 16:37
163201,USB-C Charging Cable,1,3/6/2019 16:37
163202,Wired Headphones,1,3/4/2019 17:58
163203,27in 4K Gaming Monitor,1,3/24/2019 17:15
163204,27in FHD Monitor,1,3/20/2019 13:27
163205,USB-C Charging Cable,1,3/15/2019 18:00
163206,AA Batteries (4-pack),2,3/15/2019 8:05
163207,Lightning Charging Cable,1,3/15/2019 18:28
163208,USB-C Charging Cable,1,3/8/2019 14:28
163208,34in Ultrawide Monitor,1,3/8/2019 14:28
163209,Bose SoundSport Headphones,1,3/24/2019 20:17
163210,USB-C Charging Cable,1,3/21/2019 21:54
163211,iPhone,1,3/31/2019 18:41
163211,Wired Headphones,1,3/31/2019 18:41
163212,AAA Batteries (4-pack),1,3/8/2019 12:38
163213,Bose SoundSport Headphones,1,3/29/2019 18:18
163213,27in FHD Monitor,1,3/29/2019 18:18
163214,Flatscreen TV,1,3/4/2019 19:43
163215,Apple Airpods Headphones,1,3/18/2019 14:53
163216,iPhone,1,3/12/2019 21:10
163217,Wired Headphones,2,3/9/2019 16:59
163218,USB-C Charging Cable,1,3/10/2019 19:41
163219,AA Batteries (4-pack),2,3/9/2019 23:45
163220,Google Phone,1,3/1/2019 17:42
163221,AAA Batteries (4-pack),3,3/17/2019 9:57
163222,20in Monitor,1,3/3/2019 12:18
163223,AA Batteries (4-pack),1,3/7/2019 16:07
163224,27in 4K Gaming Monitor,1,3/10/2019 22:11
163225,Lightning Charging Cable,1,3/13/2019 21:02
163226,Lightning Charging Cable,1,3/10/2019 18:25
163227,AA Batteries (4-pack),1,3/23/2019 11:34
163228,Wired Headphones,2,3/17/2019 8:40
163229,USB-C Charging Cable,1,3/19/2019 12:58
163230,Flatscreen TV,1,3/11/2019 14:52
163231,20in Monitor,1,3/16/2019 19:14
163232,27in FHD Monitor,1,3/13/2019 10:04
163233,AA Batteries (4-pack),1,3/10/2019 9:16
163234,Lightning Charging Cable,1,3/28/2019 12:02
163235,Google Phone,1,3/17/2019 3:17
163236,Google Phone,1,3/10/2019 20:26
163236,Bose SoundSport Headphones,1,3/10/2019 20:26
163237,AA Batteries (4-pack),1,3/17/2019 4:33
163238,AA Batteries (4-pack),1,3/7/2019 20:29
163239,Bose SoundSport Headphones,1,3/4/2019 0:46
163240,Bose SoundSport Headphones,1,3/14/2019 15:21
163241,AA Batteries (4-pack),1,3/18/2019 13:48
163242,USB-C Charging Cable,1,3/14/2019 14:53
163243,Lightning Charging Cable,1,3/14/2019 22:06
163244,Google Phone,1,3/5/2019 9:09
163245,Google Phone,1,3/24/2019 7:08
163246,AAA Batteries (4-pack),2,3/31/2019 16:49
163247,Flatscreen TV,1,3/25/2019 14:58
163248,iPhone,1,3/12/2019 20:27
163249,AA Batteries (4-pack),1,3/22/2019 7:55
163250,34in Ultrawide Monitor,1,3/10/2019 16:32
163251,Macbook Pro Laptop,1,3/14/2019 15:13
163252,USB-C Charging Cable,1,3/2/2019 19:01
163253,27in FHD Monitor,1,3/20/2019 18:04
163254,AAA Batteries (4-pack),1,3/6/2019 19:56
163255,USB-C Charging Cable,1,3/13/2019 17:44
163256,Lightning Charging Cable,1,3/23/2019 21:01
163257,iPhone,1,3/5/2019 15:18
163257,Apple Airpods Headphones,1,3/5/2019 15:18
163257,Wired Headphones,1,3/5/2019 15:18
163258,Wired Headphones,1,3/27/2019 11:34
163259,Wired Headphones,1,3/17/2019 18:26
163260,Apple Airpods Headphones,1,3/11/2019 11:40
163261,USB-C Charging Cable,1,3/13/2019 12:50
163262,AA Batteries (4-pack),1,3/8/2019 12:41
163263,Apple Airpods Headphones,1,3/20/2019 11:58
163264,USB-C Charging Cable,1,3/28/2019 14:47
163265,AA Batteries (4-pack),1,3/4/2019 16:41
163266,27in 4K Gaming Monitor,1,3/24/2019 20:18
163267,AAA Batteries (4-pack),1,3/2/2019 6:14
163268,AAA Batteries (4-pack),1,3/21/2019 18:24
163269,USB-C Charging Cable,1,3/16/2019 20:17
163270,AAA Batteries (4-pack),1,3/5/2019 16:58
163271,USB-C Charging Cable,1,3/12/2019 1:50
163272,USB-C Charging Cable,1,3/6/2019 10:54
163273,AA Batteries (4-pack),2,3/4/2019 20:07
163274,USB-C Charging Cable,1,3/11/2019 19:07
163275,27in FHD Monitor,1,3/27/2019 11:09
163276,Wired Headphones,1,3/26/2019 16:52
163277,AA Batteries (4-pack),2,3/30/2019 10:02
163278,Bose SoundSport Headphones,1,3/18/2019 16:59
163279,Wired Headphones,1,3/27/2019 12:33
163280,USB-C Charging Cable,1,3/1/2019 14:46
163281,Lightning Charging Cable,1,3/5/2019 12:34
163282,AAA Batteries (4-pack),1,3/25/2019 21:13
163283,27in 4K Gaming Monitor,1,3/29/2019 19:43
163284,AA Batteries (4-pack),1,3/16/2019 13:16
163285,USB-C Charging Cable,1,3/6/2019 18:55
163286,Wired Headphones,1,3/21/2019 3:17
163287,AAA Batteries (4-pack),1,3/1/2019 13:10
163288,20in Monitor,1,3/7/2019 12:47
163289,iPhone,1,3/10/2019 9:22
163290,USB-C Charging Cable,1,3/28/2019 15:08
163291,AAA Batteries (4-pack),1,3/2/2019 19:13
163292,AAA Batteries (4-pack),1,3/23/2019 11:17
163293,AAA Batteries (4-pack),1,3/29/2019 11:54
163294,Wired Headphones,1,3/17/2019 20:40
163295,AA Batteries (4-pack),1,3/16/2019 11:03
163296,Wired Headphones,1,3/8/2019 17:03
163297,AA Batteries (4-pack),1,3/7/2019 1:12
163298,Macbook Pro Laptop,1,3/22/2019 16:10
163299,27in 4K Gaming Monitor,1,3/26/2019 12:55
163300,AA Batteries (4-pack),3,3/6/2019 22:26
163301,Bose SoundSport Headphones,1,3/31/2019 9:36
163302,AA Batteries (4-pack),1,3/3/2019 12:03
163303,AAA Batteries (4-pack),2,3/5/2019 11:43
163304,AA Batteries (4-pack),1,3/24/2019 19:41
163305,Lightning Charging Cable,1,3/24/2019 17:05
163306,AA Batteries (4-pack),1,3/17/2019 18:29
163307,AA Batteries (4-pack),1,3/14/2019 10:30
163308,AA Batteries (4-pack),2,3/5/2019 12:21
163309,AA Batteries (4-pack),1,3/23/2019 8:17
163310,Lightning Charging Cable,1,3/30/2019 13:36
163311,iPhone,1,3/28/2019 13:12
163312,AA Batteries (4-pack),1,3/8/2019 13:33
163313,Lightning Charging Cable,1,3/14/2019 9:15
163314,Wired Headphones,1,3/6/2019 21:45
163315,Lightning Charging Cable,1,3/15/2019 20:42
163316,Bose SoundSport Headphones,1,3/3/2019 13:49
163317,Bose SoundSport Headphones,1,3/25/2019 16:22
163318,Macbook Pro Laptop,1,3/31/2019 19:19
163319,Wired Headphones,1,3/20/2019 14:23
163320,USB-C Charging Cable,1,3/9/2019 19:06
163321,AAA Batteries (4-pack),1,3/22/2019 8:34
163322,Bose SoundSport Headphones,1,3/14/2019 13:53
163323,Bose SoundSport Headphones,1,3/27/2019 19:33
163324,Wired Headphones,2,3/15/2019 17:32
163325,27in FHD Monitor,1,3/10/2019 23:13
163326,Lightning Charging Cable,1,3/7/2019 2:25
163327,Bose SoundSport Headphones,1,3/3/2019 8:11
163328,Lightning Charging Cable,1,3/11/2019 16:09
163329,AA Batteries (4-pack),1,3/8/2019 17:40
163330,USB-C Charging Cable,1,3/23/2019 21:34
163331,Google Phone,1,3/17/2019 15:32
163332,USB-C Charging Cable,1,3/1/2019 14:37
163333,ThinkPad Laptop,1,3/2/2019 21:03
163334,iPhone,1,3/19/2019 22:47
163335,AA Batteries (4-pack),2,3/12/2019 3:11
163336,Bose SoundSport Headphones,1,3/16/2019 13:22
163337,34in Ultrawide Monitor,1,3/20/2019 16:41
163338,Lightning Charging Cable,1,3/10/2019 10:35
163339,USB-C Charging Cable,1,3/5/2019 21:39
163340,USB-C Charging Cable,1,3/18/2019 13:11
163341,Lightning Charging Cable,1,3/31/2019 15:07
163342,USB-C Charging Cable,1,3/17/2019 9:20
163343,Google Phone,1,3/21/2019 6:25
163343,USB-C Charging Cable,1,3/21/2019 6:25
163344,Lightning Charging Cable,1,3/5/2019 21:18
163345,Apple Airpods Headphones,1,3/9/2019 7:41
163346,Apple Airpods Headphones,1,3/6/2019 13:25
163347,Apple Airpods Headphones,1,3/14/2019 22:25
163348,AA Batteries (4-pack),2,3/4/2019 14:16
163349,Lightning Charging Cable,1,3/14/2019 18:46
163350,20in Monitor,1,3/8/2019 15:53
163351,AAA Batteries (4-pack),1,3/2/2019 16:52
163352,AAA Batteries (4-pack),6,3/26/2019 19:42
163353,AAA Batteries (4-pack),1,3/29/2019 20:28
163354,Wired Headphones,2,3/25/2019 7:48
163355,Bose SoundSport Headphones,1,3/20/2019 18:15
163356,Apple Airpods Headphones,1,3/1/2019 15:52
163357,AAA Batteries (4-pack),5,3/27/2019 16:59
163358,AAA Batteries (4-pack),1,3/24/2019 17:43
163359,AA Batteries (4-pack),1,3/12/2019 10:29
163360,Macbook Pro Laptop,1,3/16/2019 19:30
163361,Wired Headphones,1,3/15/2019 14:58
163362,AAA Batteries (4-pack),1,3/21/2019 23:51
163363,AAA Batteries (4-pack),1,3/31/2019 19:09
163364,iPhone,1,3/15/2019 11:26
163365,AAA Batteries (4-pack),1,3/5/2019 13:23
163366,Apple Airpods Headphones,1,3/11/2019 12:52
163367,iPhone,1,3/7/2019 9:44
163368,AAA Batteries (4-pack),1,3/14/2019 16:10
163369,AA Batteries (4-pack),2,3/9/2019 14:41
163370,27in FHD Monitor,1,3/24/2019 21:07
163371,Apple Airpods Headphones,1,3/20/2019 8:17
163372,iPhone,1,3/9/2019 0:20
163373,ThinkPad Laptop,1,3/27/2019 9:08
163374,34in Ultrawide Monitor,1,3/17/2019 9:39
163375,iPhone,1,3/6/2019 22:30
163375,Lightning Charging Cable,3,3/6/2019 22:30
163375,Apple Airpods Headphones,1,3/6/2019 22:30
163376,iPhone,1,3/4/2019 15:51
163377,Lightning Charging Cable,1,3/6/2019 21:25
163378,AA Batteries (4-pack),1,3/8/2019 16:49
163379,Wired Headphones,1,3/23/2019 20:08
163380,AA Batteries (4-pack),1,3/21/2019 0:48
163381,Lightning Charging Cable,1,3/7/2019 17:24
163382,USB-C Charging Cable,1,3/29/2019 18:01
163383,Wired Headphones,1,3/28/2019 5:46
163384,20in Monitor,1,3/14/2019 15:25
163385,Apple Airpods Headphones,1,3/15/2019 19:54
163386,27in FHD Monitor,1,3/21/2019 4:32
163387,Wired Headphones,1,3/18/2019 20:12
163388,27in 4K Gaming Monitor,1,3/27/2019 8:18
163389,Apple Airpods Headphones,1,3/11/2019 12:24
163390,AA Batteries (4-pack),1,3/10/2019 14:21
163391,Lightning Charging Cable,1,3/31/2019 7:22
163392,AAA Batteries (4-pack),1,3/13/2019 11:20
163393,USB-C Charging Cable,1,3/23/2019 22:38
163394,AAA Batteries (4-pack),1,3/23/2019 10:06
163395,27in 4K Gaming Monitor,1,3/31/2019 21:32
163396,Lightning Charging Cable,2,3/30/2019 18:26
163397,Flatscreen TV,1,3/31/2019 15:37
163398,Google Phone,1,3/16/2019 17:43
163399,Lightning Charging Cable,1,3/9/2019 8:20
163400,Bose SoundSport Headphones,1,3/17/2019 18:54
163401,AA Batteries (4-pack),1,3/21/2019 3:32
163402,USB-C Charging Cable,1,3/8/2019 10:01
163403,34in Ultrawide Monitor,1,3/30/2019 10:27
163404,AA Batteries (4-pack),1,3/11/2019 21:14
163405,Wired Headphones,2,3/24/2019 18:55
163406,USB-C Charging Cable,1,3/31/2019 10:53
163407,27in 4K Gaming Monitor,1,3/5/2019 4:49
163408,34in Ultrawide Monitor,1,3/27/2019 21:57
163409,USB-C Charging Cable,1,3/10/2019 13:12
163410,27in FHD Monitor,1,3/14/2019 14:40
163411,Lightning Charging Cable,1,3/8/2019 13:36
163412,Bose SoundSport Headphones,1,3/23/2019 21:16
163413,USB-C Charging Cable,1,3/8/2019 14:04
163414,iPhone,1,3/11/2019 16:13
163415,iPhone,1,3/10/2019 23:24
163416,34in Ultrawide Monitor,1,3/5/2019 12:28
163417,AA Batteries (4-pack),2,3/25/2019 11:46
163418,Lightning Charging Cable,1,3/16/2019 21:45
163419,27in 4K Gaming Monitor,1,3/20/2019 16:33
163420,Bose SoundSport Headphones,1,3/24/2019 18:22
163421,Wired Headphones,1,3/20/2019 18:53
163422,USB-C Charging Cable,1,3/2/2019 10:56
163423,34in Ultrawide Monitor,1,3/13/2019 21:45
163424,20in Monitor,1,3/26/2019 20:19
163425,Wired Headphones,1,3/20/2019 1:57
163426,Macbook Pro Laptop,1,3/6/2019 22:57
163427,Lightning Charging Cable,1,3/1/2019 20:44
163428,Macbook Pro Laptop,1,3/22/2019 13:21
163429,Apple Airpods Headphones,1,3/1/2019 17:20
163430,Wired Headphones,1,3/12/2019 13:07
163431,AAA Batteries (4-pack),1,3/8/2019 15:50
163432,USB-C Charging Cable,1,3/9/2019 11:48
163433,Lightning Charging Cable,1,3/17/2019 18:16
163434,Apple Airpods Headphones,1,3/2/2019 21:42
163435,Apple Airpods Headphones,1,3/27/2019 16:25
163436,AAA Batteries (4-pack),1,3/9/2019 19:59
163437,Lightning Charging Cable,2,3/22/2019 16:08
163438,Wired Headphones,1,3/28/2019 18:11
163439,AAA Batteries (4-pack),1,3/26/2019 17:09
163440,Apple Airpods Headphones,1,3/23/2019 23:25
163441,iPhone,1,3/8/2019 17:26
163442,Flatscreen TV,1,3/24/2019 23:49
163443,Flatscreen TV,1,3/11/2019 12:33
163444,27in 4K Gaming Monitor,1,3/26/2019 17:04
163445,USB-C Charging Cable,1,3/30/2019 8:18
163446,Bose SoundSport Headphones,1,3/17/2019 22:54
163447,Bose SoundSport Headphones,1,3/9/2019 20:10
163448,Apple Airpods Headphones,1,3/2/2019 20:43
163449,Wired Headphones,1,3/26/2019 16:59
163450,Wired Headphones,1,3/20/2019 2:48
163451,Lightning Charging Cable,1,3/2/2019 11:47
163452,20in Monitor,1,3/29/2019 22:55
163453,Wired Headphones,1,3/3/2019 14:58
163454,34in Ultrawide Monitor,1,3/12/2019 21:01
163455,AA Batteries (4-pack),1,3/4/2019 20:43
163456,Wired Headphones,1,3/17/2019 12:06
163457,USB-C Charging Cable,1,3/31/2019 16:15
163458,USB-C Charging Cable,1,3/2/2019 0:03
163459,Lightning Charging Cable,1,3/31/2019 18:07
163460,AAA Batteries (4-pack),3,3/23/2019 13:43
163461,AAA Batteries (4-pack),1,3/21/2019 12:49
163462,27in FHD Monitor,1,3/4/2019 11:00
163463,Lightning Charging Cable,1,3/5/2019 0:17
163464,34in Ultrawide Monitor,1,3/14/2019 21:46
163465,Wired Headphones,1,3/21/2019 12:11
163466,Lightning Charging Cable,1,3/5/2019 10:31
163467,27in 4K Gaming Monitor,1,3/22/2019 12:24
163468,AA Batteries (4-pack),1,3/4/2019 14:28
163469,USB-C Charging Cable,1,3/24/2019 17:52
163470,AA Batteries (4-pack),1,3/29/2019 14:56
163471,AAA Batteries (4-pack),1,3/14/2019 14:54
163472,AA Batteries (4-pack),1,3/8/2019 21:44
163473,ThinkPad Laptop,1,3/7/2019 19:29
163474,27in FHD Monitor,1,3/2/2019 18:35
163475,34in Ultrawide Monitor,1,3/24/2019 15:34
,,,
163476,AA Batteries (4-pack),1,3/14/2019 14:39
163477,34in Ultrawide Monitor,1,3/30/2019 1:20
163478,Bose SoundSport Headphones,1,3/26/2019 20:44
163479,Lightning Charging Cable,1,3/6/2019 13:24
163480,iPhone,1,3/2/2019 13:48
163480,Lightning Charging Cable,1,3/2/2019 13:48
163481,Bose SoundSport Headphones,1,3/4/2019 15:21
163482,34in Ultrawide Monitor,1,3/2/2019 13:26
163483,AA Batteries (4-pack),1,3/30/2019 18:11
163484,20in Monitor,1,3/20/2019 2:24
163485,USB-C Charging Cable,1,3/21/2019 19:18
163486,Apple Airpods Headphones,1,3/23/2019 16:32
163487,Lightning Charging Cable,1,3/11/2019 10:42
163488,Lightning Charging Cable,1,3/15/2019 12:43
163489,Wired Headphones,1,3/10/2019 12:11
163490,AAA Batteries (4-pack),1,3/1/2019 21:27
163491,Google Phone,1,3/14/2019 11:14
163492,Bose SoundSport Headphones,1,3/27/2019 10:17
163493,34in Ultrawide Monitor,1,3/24/2019 18:29
163494,Flatscreen TV,1,3/14/2019 19:16
163495,27in FHD Monitor,1,3/7/2019 20:33
163496,Lightning Charging Cable,1,3/10/2019 18:26
163497,Apple Airpods Headphones,1,3/18/2019 12:20
163498,Bose SoundSport Headphones,1,3/30/2019 23:29
163499,USB-C Charging Cable,1,3/9/2019 16:06
163500,Wired Headphones,1,3/26/2019 19:48
163501,34in Ultrawide Monitor,1,3/28/2019 21:19
163502,Vareebadd Phone,1,3/27/2019 17:21
163502,Bose SoundSport Headphones,1,3/27/2019 17:21
163503,Wired Headphones,1,3/1/2019 21:18
163504,AAA Batteries (4-pack),1,3/22/2019 10:11
163505,Lightning Charging Cable,1,3/29/2019 17:21
163506,USB-C Charging Cable,1,3/2/2019 15:07
163507,Vareebadd Phone,1,3/22/2019 14:52
163508,Bose SoundSport Headphones,1,3/6/2019 18:22
163509,AAA Batteries (4-pack),2,3/6/2019 13:17
163510,Apple Airpods Headphones,1,3/27/2019 17:07
163510,Macbook Pro Laptop,1,3/27/2019 17:07
163511,34in Ultrawide Monitor,1,3/28/2019 16:05
163512,AAA Batteries (4-pack),1,3/26/2019 11:46
163513,Bose SoundSport Headphones,1,3/4/2019 17:45
163514,Lightning Charging Cable,1,3/20/2019 13:08
163515,Apple Airpods Headphones,1,3/22/2019 21:25
163516,Wired Headphones,1,3/13/2019 17:11
163517,AAA Batteries (4-pack),1,3/26/2019 16:16
163518,USB-C Charging Cable,1,3/14/2019 13:09
163519,AAA Batteries (4-pack),1,3/7/2019 19:31
163520,USB-C Charging Cable,1,3/10/2019 20:14
163521,Wired Headphones,1,3/7/2019 9:58
163522,AAA Batteries (4-pack),1,3/16/2019 14:39
163523,Apple Airpods Headphones,1,3/23/2019 11:41
163524,USB-C Charging Cable,1,3/27/2019 21:53
163525,AAA Batteries (4-pack),1,3/5/2019 9:38
163526,Apple Airpods Headphones,1,3/12/2019 16:22
163527,34in Ultrawide Monitor,1,3/22/2019 15:21
163528,Google Phone,1,3/21/2019 18:28
163529,Apple Airpods Headphones,1,3/21/2019 6:13
163530,AAA Batteries (4-pack),1,3/13/2019 15:23
163531,USB-C Charging Cable,1,3/29/2019 19:01
163532,Bose SoundSport Headphones,1,3/7/2019 15:49
163533,Google Phone,1,3/3/2019 15:40
163534,ThinkPad Laptop,1,3/23/2019 18:43
163535,Apple Airpods Headphones,1,3/26/2019 17:51
163536,Macbook Pro Laptop,1,3/8/2019 16:44
163537,Lightning Charging Cable,1,3/18/2019 6:20
163538,Lightning Charging Cable,1,3/23/2019 11:03
163539,Wired Headphones,1,3/4/2019 15:43
163540,Apple Airpods Headphones,1,3/2/2019 20:37
163541,USB-C Charging Cable,1,3/21/2019 9:05
163542,iPhone,1,3/29/2019 15:50
163543,USB-C Charging Cable,1,3/31/2019 12:44
163544,Lightning Charging Cable,1,3/1/2019 22:10
163545,Google Phone,1,3/2/2019 10:15
163546,ThinkPad Laptop,1,3/31/2019 20:58
163547,USB-C Charging Cable,2,3/4/2019 18:47
163547,AA Batteries (4-pack),2,3/4/2019 18:47
163548,Bose SoundSport Headphones,1,3/2/2019 17:06
163549,Macbook Pro Laptop,1,3/14/2019 11:23
163550,Lightning Charging Cable,1,3/18/2019 12:51
163551,Lightning Charging Cable,1,3/19/2019 14:26
163552,Lightning Charging Cable,1,3/20/2019 5:19
163553,Lightning Charging Cable,1,3/27/2019 23:40
163554,Apple Airpods Headphones,1,3/13/2019 9:54
163555,USB-C Charging Cable,1,3/4/2019 1:16
163556,Apple Airpods Headphones,1,3/27/2019 19:09
163557,Lightning Charging Cable,1,3/22/2019 22:48
163558,USB-C Charging Cable,1,3/3/2019 20:06
163559,Bose SoundSport Headphones,1,3/25/2019 11:06
163560,AA Batteries (4-pack),1,3/24/2019 14:12
163561,Bose SoundSport Headphones,1,3/31/2019 20:39
163562,20in Monitor,1,3/9/2019 18:28
163563,ThinkPad Laptop,1,3/1/2019 18:44
163564,Bose SoundSport Headphones,1,3/30/2019 18:27
163565,AA Batteries (4-pack),1,3/19/2019 22:12
163566,Bose SoundSport Headphones,1,3/14/2019 20:57
163567,AA Batteries (4-pack),1,3/4/2019 12:11
163568,Bose SoundSport Headphones,1,3/14/2019 16:33
163569,Lightning Charging Cable,1,3/23/2019 21:16
163570,Bose SoundSport Headphones,1,3/25/2019 13:36
163571,AA Batteries (4-pack),1,3/30/2019 1:05
163572,Bose SoundSport Headphones,1,3/21/2019 14:33
163573,ThinkPad Laptop,1,3/21/2019 15:51
163574,AAA Batteries (4-pack),3,3/23/2019 20:23
163575,Bose SoundSport Headphones,1,3/8/2019 23:36
163576,34in Ultrawide Monitor,1,3/26/2019 19:34
163577,AA Batteries (4-pack),1,3/9/2019 19:08
163578,AA Batteries (4-pack),2,3/27/2019 13:58
163578,AA Batteries (4-pack),1,3/27/2019 13:58
163579,Lightning Charging Cable,1,3/25/2019 9:23
163580,AAA Batteries (4-pack),1,3/24/2019 15:45
,,,
163581,Apple Airpods Headphones,1,3/27/2019 21:37
163582,ThinkPad Laptop,1,3/3/2019 13:12
163583,AAA Batteries (4-pack),1,3/10/2019 13:02
163584,Flatscreen TV,1,3/18/2019 23:57
163585,Apple Airpods Headphones,1,3/5/2019 16:51
163586,Lightning Charging Cable,1,3/22/2019 8:52
163587,Wired Headphones,1,3/26/2019 6:46
163588,Bose SoundSport Headphones,1,3/21/2019 9:03
163589,AA Batteries (4-pack),1,3/1/2019 9:54
163590,iPhone,1,3/27/2019 20:24
163590,Lightning Charging Cable,1,3/27/2019 20:24
163591,USB-C Charging Cable,1,3/23/2019 14:51
163592,AA Batteries (4-pack),1,3/15/2019 17:38
163593,Apple Airpods Headphones,1,3/24/2019 20:31
163594,Bose SoundSport Headphones,1,3/8/2019 15:18
163595,Lightning Charging Cable,1,3/21/2019 23:54
163596,Apple Airpods Headphones,1,3/19/2019 19:22
163597,iPhone,1,3/9/2019 5:00
163598,34in Ultrawide Monitor,1,3/31/2019 1:46
163599,Bose SoundSport Headphones,1,3/22/2019 12:43
163600,Bose SoundSport Headphones,1,3/7/2019 17:27
163601,Lightning Charging Cable,1,3/11/2019 19:52
163602,Flatscreen TV,1,3/26/2019 16:39
163603,Macbook Pro Laptop,1,3/29/2019 18:48
163604,USB-C Charging Cable,1,3/11/2019 21:53
163605,Lightning Charging Cable,1,3/11/2019 13:11
163606,Google Phone,1,3/1/2019 9:24
163606,USB-C Charging Cable,1,3/1/2019 9:24
163607,AAA Batteries (4-pack),1,3/15/2019 7:35
163608,Bose SoundSport Headphones,1,3/2/2019 21:16
163609,LG Washing Machine,1,3/25/2019 10:30
163610,ThinkPad Laptop,1,3/1/2019 19:54
163611,Wired Headphones,1,3/11/2019 8:55
163612,AAA Batteries (4-pack),2,3/27/2019 8:10
163613,Bose SoundSport Headphones,1,3/16/2019 10:32
163614,AA Batteries (4-pack),1,3/31/2019 10:38
163615,AAA Batteries (4-pack),1,3/19/2019 16:03
163616,Google Phone,1,3/4/2019 1:23
163617,USB-C Charging Cable,1,3/26/2019 10:05
163618,Apple Airpods Headphones,1,3/14/2019 11:39
163619,LG Washing Machine,1,3/18/2019 20:18
163620,USB-C Charging Cable,1,3/1/2019 18:47
163621,iPhone,1,3/27/2019 14:20
163622,Apple Airpods Headphones,1,3/18/2019 22:13
163623,27in FHD Monitor,1,3/8/2019 6:07
163624,USB-C Charging Cable,1,3/5/2019 14:06
163625,Wired Headphones,1,3/2/2019 14:46
163626,AA Batteries (4-pack),1,3/27/2019 23:29
163627,USB-C Charging Cable,1,3/13/2019 20:56
163628,AA Batteries (4-pack),1,3/3/2019 21:26
163629,Google Phone,1,3/22/2019 18:31
163630,Wired Headphones,1,3/4/2019 15:52
163631,AAA Batteries (4-pack),3,3/15/2019 16:02
163632,Macbook Pro Laptop,1,3/27/2019 19:08
163633,Apple Airpods Headphones,1,3/30/2019 16:46
163634,Wired Headphones,1,3/2/2019 10:27
163635,Bose SoundSport Headphones,1,3/6/2019 22:48
163636,AAA Batteries (4-pack),1,3/28/2019 22:31
163637,Lightning Charging Cable,1,3/10/2019 11:26
163638,Wired Headphones,1,3/1/2019 23:45
163639,27in 4K Gaming Monitor,1,3/1/2019 22:16
163640,Bose SoundSport Headphones,1,3/2/2019 14:46
163641,ThinkPad Laptop,1,3/7/2019 12:14
163642,Wired Headphones,1,3/29/2019 19:11
163643,Lightning Charging Cable,1,3/9/2019 19:33
163644,27in FHD Monitor,1,3/14/2019 10:17
163645,USB-C Charging Cable,1,3/4/2019 10:38
163646,Wired Headphones,1,3/18/2019 21:49
163647,AAA Batteries (4-pack),1,3/22/2019 10:50
163648,Wired Headphones,1,3/2/2019 20:07
163649,AA Batteries (4-pack),1,3/28/2019 11:41
163650,Apple Airpods Headphones,1,3/9/2019 20:58
163651,27in FHD Monitor,1,3/22/2019 12:55
163652,iPhone,1,3/31/2019 6:28
163653,iPhone,1,3/31/2019 17:42
163653,Lightning Charging Cable,1,3/31/2019 17:42
163654,USB-C Charging Cable,1,3/1/2019 8:42
163655,20in Monitor,1,3/16/2019 14:35
163656,ThinkPad Laptop,1,3/16/2019 11:42
163657,Lightning Charging Cable,1,3/31/2019 9:46
163658,Apple Airpods Headphones,1,3/17/2019 22:29
163658,iPhone,1,3/17/2019 22:29
163659,AA Batteries (4-pack),1,3/19/2019 7:03
163660,iPhone,1,3/5/2019 21:01
163661,34in Ultrawide Monitor,1,3/4/2019 21:28
163662,27in FHD Monitor,1,3/15/2019 14:50
163663,Lightning Charging Cable,1,3/23/2019 10:08
163664,USB-C Charging Cable,1,3/30/2019 10:49
163665,Flatscreen TV,1,3/19/2019 12:51
163666,AAA Batteries (4-pack),1,3/27/2019 21:48
163667,Apple Airpods Headphones,1,3/4/2019 18:09
163668,27in FHD Monitor,1,3/9/2019 19:56
163669,Lightning Charging Cable,1,3/9/2019 13:07
163670,34in Ultrawide Monitor,1,3/29/2019 9:05
163671,Wired Headphones,1,3/12/2019 11:55
163672,AA Batteries (4-pack),1,3/23/2019 11:06
163673,Wired Headphones,1,3/14/2019 10:02
163674,AA Batteries (4-pack),1,3/4/2019 11:24
163675,Wired Headphones,1,3/29/2019 19:07
163676,Wired Headphones,1,3/20/2019 23:24
163677,Apple Airpods Headphones,1,3/13/2019 20:12
163678,AAA Batteries (4-pack),1,3/4/2019 21:50
163679,27in FHD Monitor,1,3/15/2019 13:11
163680,Google Phone,1,3/22/2019 15:30
163680,USB-C Charging Cable,1,3/22/2019 15:30
163681,Apple Airpods Headphones,1,3/16/2019 16:00
163682,Vareebadd Phone,1,3/19/2019 19:41
163682,Wired Headphones,1,3/19/2019 19:41
163683,Bose SoundSport Headphones,1,3/30/2019 3:55
163684,AA Batteries (4-pack),1,3/27/2019 2:40
163685,Flatscreen TV,1,3/6/2019 6:41
163686,AA Batteries (4-pack),1,3/19/2019 18:46
163687,Wired Headphones,1,3/29/2019 21:57
163688,27in 4K Gaming Monitor,1,3/4/2019 12:33
163689,Vareebadd Phone,1,3/8/2019 13:24
163690,34in Ultrawide Monitor,1,3/5/2019 20:38
163691,USB-C Charging Cable,1,3/4/2019 15:55
163692,ThinkPad Laptop,1,3/19/2019 23:16
163693,20in Monitor,1,3/31/2019 8:15
163694,AA Batteries (4-pack),1,3/17/2019 10:33
163695,Wired Headphones,1,3/12/2019 16:50
163696,34in Ultrawide Monitor,1,3/7/2019 18:44
163697,Wired Headphones,1,3/28/2019 18:29
163698,USB-C Charging Cable,1,3/17/2019 20:50
163699,20in Monitor,1,3/1/2019 14:04
163700,27in FHD Monitor,1,3/10/2019 8:27
163701,Apple Airpods Headphones,1,3/24/2019 12:43
163702,Google Phone,1,3/12/2019 15:39
163703,AA Batteries (4-pack),1,3/20/2019 11:36
163704,AA Batteries (4-pack),2,3/8/2019 19:20
163705,iPhone,1,3/17/2019 17:54
163706,27in 4K Gaming Monitor,1,3/11/2019 21:16
163707,Google Phone,1,3/1/2019 10:26
163708,Flatscreen TV,1,3/22/2019 12:38
163709,USB-C Charging Cable,2,3/27/2019 8:08
163710,Google Phone,1,3/26/2019 14:12
163710,USB-C Charging Cable,1,3/26/2019 14:12
163711,Wired Headphones,1,3/14/2019 21:33
163712,AA Batteries (4-pack),1,3/23/2019 19:34
163713,Bose SoundSport Headphones,1,3/24/2019 18:55
163714,AA Batteries (4-pack),1,3/29/2019 14:30
163715,AAA Batteries (4-pack),2,3/1/2019 15:26
163716,Lightning Charging Cable,1,3/9/2019 18:50
163717,Lightning Charging Cable,1,3/14/2019 20:18
163718,34in Ultrawide Monitor,1,3/23/2019 10:58
163719,AA Batteries (4-pack),1,3/13/2019 15:12
163720,AAA Batteries (4-pack),2,3/19/2019 19:32
163721,27in FHD Monitor,1,3/28/2019 18:23
163722,iPhone,1,3/16/2019 7:22
163723,USB-C Charging Cable,3,3/23/2019 19:31
163724,AAA Batteries (4-pack),1,3/29/2019 21:15
163725,ThinkPad Laptop,1,3/30/2019 20:46
163726,27in FHD Monitor,1,3/28/2019 21:07
163727,27in FHD Monitor,1,3/7/2019 17:38
163728,AA Batteries (4-pack),1,3/8/2019 9:06
163729,Wired Headphones,1,3/6/2019 16:39
163730,USB-C Charging Cable,1,3/16/2019 13:33
163731,Wired Headphones,1,3/15/2019 10:49
163732,Google Phone,1,3/25/2019 5:13
163733,34in Ultrawide Monitor,1,3/22/2019 18:40
163734,AA Batteries (4-pack),1,3/1/2019 17:31
163735,Lightning Charging Cable,1,3/7/2019 12:41
163736,AA Batteries (4-pack),1,3/22/2019 20:05
163737,Apple Airpods Headphones,1,3/5/2019 1:05
163738,Apple Airpods Headphones,1,3/6/2019 17:42
163739,Google Phone,1,3/26/2019 4:25
163740,Lightning Charging Cable,1,3/14/2019 8:31
163741,Bose SoundSport Headphones,1,3/3/2019 18:48
163742,Flatscreen TV,1,3/3/2019 12:29
163743,iPhone,1,3/31/2019 11:35
163744,USB-C Charging Cable,1,3/31/2019 18:48
163745,27in FHD Monitor,1,3/20/2019 8:50
163746,Flatscreen TV,1,3/13/2019 21:01
163747,iPhone,1,3/6/2019 21:32
163748,USB-C Charging Cable,2,3/7/2019 18:22
163749,Bose SoundSport Headphones,1,3/29/2019 7:37
163750,Flatscreen TV,1,3/28/2019 20:02
163751,Bose SoundSport Headphones,1,3/9/2019 17:00
163752,AA Batteries (4-pack),1,3/4/2019 0:28
163753,Lightning Charging Cable,1,3/14/2019 16:36
163754,Bose SoundSport Headphones,1,3/25/2019 22:27
163755,Bose SoundSport Headphones,1,3/20/2019 21:31
163756,ThinkPad Laptop,1,3/17/2019 22:25
163757,AA Batteries (4-pack),1,3/9/2019 16:11
163758,iPhone,1,3/14/2019 18:31
163759,AAA Batteries (4-pack),1,3/21/2019 15:53
163760,Lightning Charging Cable,1,3/13/2019 21:49
163761,Lightning Charging Cable,2,3/28/2019 15:25
163762,USB-C Charging Cable,1,3/21/2019 12:05
163763,20in Monitor,1,3/26/2019 16:55
163764,Bose SoundSport Headphones,1,3/16/2019 15:36
163765,USB-C Charging Cable,1,3/30/2019 11:21
163766,Apple Airpods Headphones,1,3/24/2019 2:24
163767,AAA Batteries (4-pack),3,3/2/2019 18:35
163768,Flatscreen TV,1,3/21/2019 20:23
163769,Apple Airpods Headphones,1,3/17/2019 17:11
163770,AA Batteries (4-pack),2,3/1/2019 12:00
163771,AAA Batteries (4-pack),2,3/23/2019 14:41
163772,Wired Headphones,1,3/5/2019 11:09
163773,Google Phone,1,3/7/2019 10:57
163774,27in FHD Monitor,1,3/1/2019 22:27
163775,iPhone,1,3/13/2019 13:37
163776,Lightning Charging Cable,1,3/13/2019 7:44
163777,AAA Batteries (4-pack),2,3/15/2019 1:35
163778,AAA Batteries (4-pack),2,3/23/2019 21:25
163779,USB-C Charging Cable,1,3/9/2019 8:09
163780,ThinkPad Laptop,1,3/30/2019 19:44
163781,USB-C Charging Cable,1,3/26/2019 20:49
163782,27in FHD Monitor,1,3/10/2019 17:33
163783,27in FHD Monitor,1,3/10/2019 8:58
163783,Apple Airpods Headphones,1,3/10/2019 8:58
163784,Lightning Charging Cable,1,3/3/2019 18:22
163785,Lightning Charging Cable,1,3/14/2019 12:03
163786,AAA Batteries (4-pack),2,3/19/2019 11:24
163787,ThinkPad Laptop,1,3/20/2019 22:34
163788,Lightning Charging Cable,1,3/21/2019 8:14
163789,27in FHD Monitor,1,3/2/2019 22:17
163790,Apple Airpods Headphones,1,3/23/2019 18:37
163791,AAA Batteries (4-pack),1,3/21/2019 12:10
163792,Apple Airpods Headphones,1,3/25/2019 9:16
163793,AA Batteries (4-pack),1,3/26/2019 19:53
163794,AAA Batteries (4-pack),1,3/28/2019 11:49
163795,Flatscreen TV,1,3/21/2019 20:19
163796,USB-C Charging Cable,1,3/7/2019 11:16
163797,USB-C Charging Cable,1,3/11/2019 17:55
163798,Wired Headphones,1,3/4/2019 8:19
163799,Lightning Charging Cable,1,3/4/2019 16:57
163800,Lightning Charging Cable,1,3/2/2019 16:39
163801,Wired Headphones,2,3/11/2019 9:14
163802,34in Ultrawide Monitor,1,3/13/2019 17:29
163802,27in FHD Monitor,1,3/13/2019 17:29
163803,27in 4K Gaming Monitor,1,3/20/2019 10:39
163804,27in FHD Monitor,1,3/13/2019 10:30
163805,AAA Batteries (4-pack),1,3/27/2019 17:46
163806,Wired Headphones,1,3/13/2019 14:58
163807,AAA Batteries (4-pack),1,3/23/2019 18:52
163808,AAA Batteries (4-pack),1,3/31/2019 10:59
163809,Wired Headphones,1,3/23/2019 20:26
163810,AA Batteries (4-pack),1,3/4/2019 13:06
163811,Lightning Charging Cable,1,3/11/2019 12:25
163812,Lightning Charging Cable,1,3/21/2019 7:05
163813,Apple Airpods Headphones,1,3/14/2019 22:58
163814,AAA Batteries (4-pack),2,3/26/2019 21:44
163815,AA Batteries (4-pack),4,3/19/2019 16:50
163816,Lightning Charging Cable,1,3/2/2019 11:22
163817,USB-C Charging Cable,1,3/16/2019 12:17
163818,Bose SoundSport Headphones,1,3/30/2019 11:06
163819,USB-C Charging Cable,1,3/7/2019 12:26
163820,iPhone,1,3/14/2019 17:18
163821,Apple Airpods Headphones,1,3/5/2019 6:56
163822,Google Phone,1,3/11/2019 14:19
163823,Wired Headphones,1,3/22/2019 16:33
163824,Lightning Charging Cable,1,3/17/2019 16:01
163825,Bose SoundSport Headphones,1,3/25/2019 11:30
163826,iPhone,1,3/21/2019 16:02
163826,Lightning Charging Cable,1,3/21/2019 16:02
163827,Lightning Charging Cable,1,3/12/2019 14:02
163828,iPhone,1,3/31/2019 14:12
163829,Flatscreen TV,1,3/9/2019 22:35
163830,AAA Batteries (4-pack),3,3/19/2019 9:51
163831,AA Batteries (4-pack),1,3/27/2019 21:40
163832,AA Batteries (4-pack),1,3/11/2019 12:21
163833,AA Batteries (4-pack),1,3/10/2019 9:25
163834,LG Washing Machine,1,3/4/2019 18:54
163835,Lightning Charging Cable,1,3/10/2019 19:00
163836,AA Batteries (4-pack),1,3/2/2019 9:33
163837,AA Batteries (4-pack),2,3/29/2019 23:05
163838,Lightning Charging Cable,1,3/21/2019 21:53
163839,Wired Headphones,1,3/14/2019 17:20
163840,34in Ultrawide Monitor,1,3/9/2019 16:11
163841,Bose SoundSport Headphones,1,3/3/2019 15:18
163842,Wired Headphones,1,3/17/2019 15:04
163843,AAA Batteries (4-pack),1,3/22/2019 19:42
163844,AA Batteries (4-pack),1,3/18/2019 14:55
163845,AAA Batteries (4-pack),1,3/13/2019 13:48
163846,Macbook Pro Laptop,1,3/23/2019 12:33
163847,34in Ultrawide Monitor,1,3/13/2019 18:52
163848,Lightning Charging Cable,1,3/14/2019 13:21
163849,AA Batteries (4-pack),1,3/3/2019 21:12
163850,Wired Headphones,1,3/17/2019 8:04
163851,Wired Headphones,1,3/1/2019 15:05
163852,USB-C Charging Cable,1,3/28/2019 16:59
163853,Bose SoundSport Headphones,1,3/6/2019 3:54
163854,AA Batteries (4-pack),1,3/31/2019 20:42
163855,Wired Headphones,1,3/1/2019 14:35
163856,AAA Batteries (4-pack),1,3/20/2019 22:58
163857,Apple Airpods Headphones,1,3/28/2019 9:37
163858,Wired Headphones,1,3/5/2019 20:24
163859,Apple Airpods Headphones,1,3/11/2019 18:15
163860,27in 4K Gaming Monitor,1,3/24/2019 21:18
163861,Bose SoundSport Headphones,1,3/11/2019 3:17
163862,AAA Batteries (4-pack),1,3/21/2019 15:36
163862,Lightning Charging Cable,1,3/21/2019 15:36
163863,Lightning Charging Cable,1,3/22/2019 16:37
163864,AA Batteries (4-pack),2,3/7/2019 20:11
163865,Wired Headphones,1,3/16/2019 1:42
163866,Wired Headphones,1,3/14/2019 15:00
163867,AA Batteries (4-pack),1,3/24/2019 19:24
163868,AA Batteries (4-pack),1,3/7/2019 10:00
163869,USB-C Charging Cable,1,3/31/2019 8:00
163870,USB-C Charging Cable,1,3/3/2019 17:19
163871,USB-C Charging Cable,1,3/23/2019 10:31
163872,Apple Airpods Headphones,1,3/15/2019 8:56
163873,AA Batteries (4-pack),1,3/26/2019 16:42
163874,Bose SoundSport Headphones,1,3/11/2019 21:38
163875,Apple Airpods Headphones,1,3/13/2019 10:23
163876,AA Batteries (4-pack),1,3/19/2019 11:03
163877,Bose SoundSport Headphones,1,3/17/2019 6:38
163878,AAA Batteries (4-pack),1,3/28/2019 11:39
163879,USB-C Charging Cable,1,3/31/2019 16:42
163880,Lightning Charging Cable,1,3/24/2019 6:03
163881,ThinkPad Laptop,1,3/18/2019 9:44
163882,iPhone,1,3/18/2019 9:12
163883,Bose SoundSport Headphones,1,3/23/2019 6:09
163884,Google Phone,1,3/4/2019 18:44
163885,Bose SoundSport Headphones,1,3/24/2019 18:14
163886,Lightning Charging Cable,1,3/9/2019 11:44
163887,Bose SoundSport Headphones,1,3/30/2019 16:47
163888,iPhone,1,3/28/2019 11:14
163889,Wired Headphones,1,3/25/2019 23:21
163890,Bose SoundSport Headphones,1,3/26/2019 8:37
163891,34in Ultrawide Monitor,1,3/17/2019 15:54
163892,iPhone,1,3/3/2019 23:58
163893,Wired Headphones,1,3/2/2019 10:23
163894,iPhone,1,3/1/2019 8:02
Order ID,Product,Quantity Ordered,Order Date
163895,Lightning Charging Cable,1,3/22/2019 22:04
163896,USB-C Charging Cable,1,3/8/2019 10:28
163897,AAA Batteries (4-pack),4,3/1/2019 17:33
163898,Lightning Charging Cable,1,3/17/2019 6:45
163899,LG Dryer,1,3/29/2019 16:13
163900,Apple Airpods Headphones,1,3/19/2019 14:41
163901,Lightning Charging Cable,1,3/5/2019 15:38
163902,Vareebadd Phone,1,3/4/2019 22:08
163903,Vareebadd Phone,1,3/10/2019 16:25
163904,USB-C Charging Cable,1,3/14/2019 15:49
163905,AA Batteries (4-pack),2,3/27/2019 23:33
163906,Apple Airpods Headphones,1,3/17/2019 12:35
163907,Flatscreen TV,1,3/23/2019 20:28
163908,AAA Batteries (4-pack),2,3/11/2019 19:43
163909,USB-C Charging Cable,1,3/6/2019 12:45
163910,AAA Batteries (4-pack),1,3/28/2019 20:02
163911,iPhone,1,3/20/2019 8:37
163912,20in Monitor,1,3/9/2019 14:44
163913,Bose SoundSport Headphones,1,3/24/2019 12:20
163913,Flatscreen TV,1,3/24/2019 12:20
163914,iPhone,1,3/24/2019 12:58
163915,20in Monitor,1,3/20/2019 16:42
163916,Wired Headphones,1,3/18/2019 21:35
163917,Apple Airpods Headphones,1,3/13/2019 23:10
163918,USB-C Charging Cable,1,3/2/2019 16:40
163919,AAA Batteries (4-pack),1,3/25/2019 14:40
163920,27in FHD Monitor,1,3/7/2019 21:28
163921,ThinkPad Laptop,1,3/6/2019 23:17
163922,Flatscreen TV,1,3/30/2019 11:50
163923,Flatscreen TV,1,3/8/2019 19:25
163924,27in 4K Gaming Monitor,1,3/5/2019 10:45
163925,Apple Airpods Headphones,1,3/15/2019 20:41
163926,AAA Batteries (4-pack),1,3/21/2019 13:33
163927,AAA Batteries (4-pack),1,3/7/2019 21:10
,,,
163928,Wired Headphones,1,3/7/2019 15:23
163929,Wired Headphones,1,3/5/2019 13:42
163930,Lightning Charging Cable,1,3/20/2019 13:13
163931,AAA Batteries (4-pack),1,3/26/2019 9:31
163932,Flatscreen TV,1,3/20/2019 15:32
163933,27in FHD Monitor,1,3/4/2019 18:30
163934,Lightning Charging Cable,1,3/14/2019 20:18
163935,AAA Batteries (4-pack),2,3/25/2019 18:22
163936,Apple Airpods Headphones,1,3/25/2019 11:36
163937,Google Phone,1,3/6/2019 18:31
163938,AAA Batteries (4-pack),2,3/5/2019 11:06
163939,USB-C Charging Cable,1,3/29/2019 13:49
163940,Lightning Charging Cable,1,3/25/2019 20:12
163941,USB-C Charging Cable,1,3/9/2019 11:35
163942,AA Batteries (4-pack),2,3/3/2019 9:47
163943,Lightning Charging Cable,1,3/4/2019 9:17
163944,Wired Headphones,1,3/8/2019 17:16
Order ID,Product,Quantity Ordered,Order Date
163945,20in Monitor,1,3/15/2019 17:46
163946,Lightning Charging Cable,1,3/8/2019 17:23
163947,AA Batteries (4-pack),3,3/10/2019 0:19
163948,Bose SoundSport Headphones,1,3/11/2019 11:04
163949,Lightning Charging Cable,1,3/10/2019 19:00
163950,AA Batteries (4-pack),3,3/10/2019 22:30
163951,Vareebadd Phone,1,3/14/2019 14:46
163952,34in Ultrawide Monitor,1,3/19/2019 18:38
163953,Flatscreen TV,1,3/10/2019 15:01
163954,Lightning Charging Cable,1,3/1/2019 22:28
,,,
163955,Lightning Charging Cable,1,3/15/2019 15:11
163956,AAA Batteries (4-pack),2,3/28/2019 12:19
163957,AA Batteries (4-pack),2,3/20/2019 17:35
163958,AAA Batteries (4-pack),1,3/6/2019 13:16
163959,Bose SoundSport Headphones,1,3/13/2019 7:51
163960,iPhone,1,3/27/2019 0:21
163961,AAA Batteries (4-pack),2,3/27/2019 12:13
163962,USB-C Charging Cable,1,3/27/2019 21:06
163963,27in FHD Monitor,1,3/31/2019 19:16
163964,Macbook Pro Laptop,1,3/5/2019 23:06
163965,USB-C Charging Cable,1,3/20/2019 0:46
163966,AAA Batteries (4-pack),2,3/12/2019 13:05
163967,Google Phone,1,3/21/2019 19:33
163968,AA Batteries (4-pack),2,3/25/2019 7:16
163969,AA Batteries (4-pack),1,3/26/2019 6:50
163970,iPhone,1,3/13/2019 12:18
163971,Macbook Pro Laptop,1,3/22/2019 20:11
163972,AA Batteries (4-pack),1,3/25/2019 13:42
163973,AA Batteries (4-pack),2,3/26/2019 10:16
163974,20in Monitor,1,3/25/2019 3:39
163975,Apple Airpods Headphones,1,3/22/2019 13:13
163976,Bose SoundSport Headphones,1,3/7/2019 15:20
163977,Apple Airpods Headphones,1,3/29/2019 13:00
163978,Apple Airpods Headphones,1,3/3/2019 10:14
163979,Apple Airpods Headphones,1,3/1/2019 7:37
163980,ThinkPad Laptop,1,3/10/2019 21:21
163981,USB-C Charging Cable,1,3/14/2019 16:41
163982,AA Batteries (4-pack),1,3/13/2019 15:02
163983,USB-C Charging Cable,1,3/5/2019 10:51
163983,iPhone,1,3/5/2019 10:51
163984,Lightning Charging Cable,1,3/13/2019 19:43
163984,USB-C Charging Cable,1,3/13/2019 19:43
163985,27in 4K Gaming Monitor,1,3/9/2019 16:28
163986,AAA Batteries (4-pack),2,3/27/2019 16:37
163987,AA Batteries (4-pack),1,3/27/2019 14:34
163988,Bose SoundSport Headphones,1,3/7/2019 10:17
163989,Lightning Charging Cable,1,3/31/2019 16:12
163990,USB-C Charging Cable,1,3/28/2019 10:11
163991,Google Phone,1,3/3/2019 10:46
163991,Wired Headphones,1,3/3/2019 10:46
163992,USB-C Charging Cable,1,3/14/2019 21:20
163993,Vareebadd Phone,1,3/21/2019 13:16
163993,27in 4K Gaming Monitor,1,3/21/2019 13:16
163994,Lightning Charging Cable,1,3/11/2019 22:04
163995,Google Phone,1,3/13/2019 10:57
163996,Bose SoundSport Headphones,1,3/9/2019 17:19
163997,AA Batteries (4-pack),1,3/10/2019 13:53
163998,LG Dryer,1,3/17/2019 18:27
163999,AAA Batteries (4-pack),1,3/11/2019 9:09
164000,USB-C Charging Cable,2,3/19/2019 22:48
164001,AA Batteries (4-pack),2,3/9/2019 7:35
164002,27in 4K Gaming Monitor,1,3/14/2019 16:18
164003,AA Batteries (4-pack),3,3/6/2019 21:31
164004,AA Batteries (4-pack),1,3/19/2019 10:29
164005,iPhone,1,3/4/2019 22:57
164006,Google Phone,1,3/7/2019 0:13
164006,USB-C Charging Cable,1,3/7/2019 0:13
164007,USB-C Charging Cable,1,3/25/2019 9:08
164008,Apple Airpods Headphones,1,3/9/2019 13:30
164009,34in Ultrawide Monitor,1,3/5/2019 14:40
164010,Wired Headphones,1,3/10/2019 17:22
164011,Macbook Pro Laptop,1,3/16/2019 8:13
164012,Wired Headphones,1,3/26/2019 20:52
Order ID,Product,Quantity Ordered,Order Date
164013,AA Batteries (4-pack),1,3/16/2019 19:19
164014,Wired Headphones,2,3/5/2019 9:03
164015,Lightning Charging Cable,1,3/8/2019 17:29
164016,Wired Headphones,1,3/11/2019 15:33
164017,34in Ultrawide Monitor,1,3/1/2019 18:47
164018,Wired Headphones,1,3/11/2019 11:23
164019,ThinkPad Laptop,1,3/24/2019 15:14
164020,Apple Airpods Headphones,1,3/12/2019 10:19
164021,Wired Headphones,1,3/11/2019 21:54
164022,AAA Batteries (4-pack),1,3/30/2019 12:37
164023,USB-C Charging Cable,1,3/30/2019 14:22
164024,Bose SoundSport Headphones,1,3/24/2019 11:22
164025,Wired Headphones,1,3/21/2019 14:10
164026,Apple Airpods Headphones,1,3/14/2019 19:09
164027,USB-C Charging Cable,1,3/29/2019 19:45
164028,USB-C Charging Cable,1,3/27/2019 21:04
164029,Wired Headphones,1,3/10/2019 12:05
164030,Apple Airpods Headphones,1,3/26/2019 11:26
164031,Wired Headphones,1,3/3/2019 2:12
164032,34in Ultrawide Monitor,1,3/31/2019 17:33
164033,20in Monitor,1,3/19/2019 10:32
164034,USB-C Charging Cable,1,3/26/2019 23:33
164035,Wired Headphones,1,3/3/2019 22:57
164036,Apple Airpods Headphones,1,3/18/2019 18:11
164037,Lightning Charging Cable,1,3/30/2019 14:42
164038,Wired Headphones,1,3/24/2019 10:21
164039,Wired Headphones,1,3/31/2019 1:00
164040,Apple Airpods Headphones,1,3/24/2019 12:09
164041,Bose SoundSport Headphones,1,3/1/2019 22:56
164042,ThinkPad Laptop,1,3/18/2019 21:20
164043,Lightning Charging Cable,1,3/14/2019 19:58
164044,ThinkPad Laptop,1,3/10/2019 19:46
164045,AA Batteries (4-pack),1,3/19/2019 11:16
164046,Bose SoundSport Headphones,1,3/17/2019 20:44
164046,Bose SoundSport Headphones,1,3/17/2019 20:44
164047,Apple Airpods Headphones,1,3/26/2019 19:41
164048,Lightning Charging Cable,1,3/28/2019 19:31
164049,34in Ultrawide Monitor,1,3/25/2019 21:06
164050,27in 4K Gaming Monitor,1,3/30/2019 17:00
164051,Wired Headphones,1,3/28/2019 19:18
164052,34in Ultrawide Monitor,1,3/10/2019 11:33
164053,20in Monitor,1,3/19/2019 17:37
164054,Wired Headphones,1,3/11/2019 15:41
164055,AAA Batteries (4-pack),1,3/2/2019 22:32
164056,Wired Headphones,1,3/9/2019 19:13
164057,AAA Batteries (4-pack),1,3/6/2019 6:50
164058,USB-C Charging Cable,1,3/19/2019 14:56
164059,Wired Headphones,1,3/23/2019 18:18
164060,USB-C Charging Cable,1,3/5/2019 14:49
164061,Lightning Charging Cable,1,3/22/2019 15:35
164061,AAA Batteries (4-pack),2,3/22/2019 15:35
164062,Lightning Charging Cable,1,3/7/2019 16:32
164063,AAA Batteries (4-pack),3,3/2/2019 20:38
164064,Macbook Pro Laptop,1,3/12/2019 0:22
164065,34in Ultrawide Monitor,1,3/10/2019 23:16
164066,AA Batteries (4-pack),1,3/9/2019 8:37
164067,Apple Airpods Headphones,1,3/30/2019 13:15
164068,Wired Headphones,1,3/22/2019 20:58
164069,20in Monitor,1,3/18/2019 8:18
164070,Wired Headphones,1,3/16/2019 16:21
164071,AA Batteries (4-pack),1,3/16/2019 14:56
164072,AA Batteries (4-pack),1,3/14/2019 11:02
164072,USB-C Charging Cable,1,3/14/2019 11:02
164073,iPhone,1,3/24/2019 17:34
164074,AAA Batteries (4-pack),2,3/12/2019 20:09
164075,AA Batteries (4-pack),1,3/17/2019 12:12
164076,Macbook Pro Laptop,1,3/9/2019 11:21
164077,AAA Batteries (4-pack),1,3/31/2019 14:06
164078,Lightning Charging Cable,1,3/23/2019 12:24
164079,AAA Batteries (4-pack),1,3/16/2019 10:08
164080,Lightning Charging Cable,1,3/25/2019 14:01
164081,Flatscreen TV,1,3/22/2019 11:18
164082,USB-C Charging Cable,1,3/12/2019 14:24
164083,Apple Airpods Headphones,1,3/3/2019 9:24
164084,Lightning Charging Cable,1,3/21/2019 18:17
164085,AAA Batteries (4-pack),1,3/11/2019 22:04
164086,USB-C Charging Cable,1,3/31/2019 15:00
164087,Wired Headphones,1,3/31/2019 22:03
164088,USB-C Charging Cable,1,3/18/2019 18:13
164089,AAA Batteries (4-pack),1,3/22/2019 16:49
164090,Lightning Charging Cable,1,3/3/2019 22:45
164091,Apple Airpods Headphones,1,3/5/2019 20:25
164092,Lightning Charging Cable,1,3/20/2019 19:42
164093,AA Batteries (4-pack),1,3/11/2019 22:04
164094,AAA Batteries (4-pack),1,3/29/2019 10:45
164095,AA Batteries (4-pack),2,3/7/2019 16:34
164096,34in Ultrawide Monitor,1,3/22/2019 20:36
164097,AA Batteries (4-pack),1,3/26/2019 19:28
164098,Lightning Charging Cable,1,3/16/2019 10:36
164099,27in 4K Gaming Monitor,1,3/1/2019 21:58
164100,27in 4K Gaming Monitor,1,3/13/2019 11:32
164101,AAA Batteries (4-pack),3,3/26/2019 0:14
164102,34in Ultrawide Monitor,1,3/11/2019 8:26
164103,27in FHD Monitor,1,3/21/2019 9:30
164104,AAA Batteries (4-pack),2,3/10/2019 11:05
164105,iPhone,1,3/2/2019 15:54
164106,Flatscreen TV,1,3/31/2019 13:37
164107,Apple Airpods Headphones,1,3/16/2019 20:41
164108,USB-C Charging Cable,1,3/15/2019 10:48
164109,AA Batteries (4-pack),1,3/23/2019 9:48
164110,AA Batteries (4-pack),1,3/6/2019 12:24
164111,Wired Headphones,1,3/12/2019 16:19
164112,Lightning Charging Cable,1,3/11/2019 9:07
164113,Wired Headphones,1,3/21/2019 16:50
164114,Lightning Charging Cable,1,3/16/2019 18:36
164115,AA Batteries (4-pack),1,3/28/2019 11:57
164116,iPhone,1,3/20/2019 12:18
164117,27in 4K Gaming Monitor,1,3/30/2019 11:40
164118,Macbook Pro Laptop,1,3/13/2019 20:39
164119,Wired Headphones,1,3/29/2019 22:01
164120,AAA Batteries (4-pack),1,3/5/2019 14:11
164121,Google Phone,1,3/7/2019 21:30
164122,Lightning Charging Cable,1,3/25/2019 0:10
164123,Lightning Charging Cable,1,3/18/2019 21:57
164124,Lightning Charging Cable,1,3/20/2019 18:47
164125,Wired Headphones,1,3/12/2019 10:57
164126,Lightning Charging Cable,1,3/23/2019 18:13
164127,Apple Airpods Headphones,1,3/20/2019 17:14
164128,AA Batteries (4-pack),1,3/29/2019 17:45
164129,USB-C Charging Cable,1,3/26/2019 12:48
164130,AAA Batteries (4-pack),1,3/19/2019 7:01
164131,Lightning Charging Cable,1,3/16/2019 16:28
164132,AA Batteries (4-pack),1,3/20/2019 16:19
164133,Macbook Pro Laptop,1,3/21/2019 14:07
164134,AA Batteries (4-pack),1,3/26/2019 21:16
164135,iPhone,1,3/6/2019 18:22
164136,27in FHD Monitor,1,3/8/2019 11:20
164137,34in Ultrawide Monitor,1,3/5/2019 22:09
164138,AA Batteries (4-pack),1,3/2/2019 5:59
164139,Bose SoundSport Headphones,1,3/6/2019 11:03
164140,ThinkPad Laptop,1,3/16/2019 21:59
164141,Apple Airpods Headphones,1,3/17/2019 21:07
164142,USB-C Charging Cable,1,3/12/2019 14:26
164143,AAA Batteries (4-pack),1,3/2/2019 13:23
164144,Apple Airpods Headphones,1,3/13/2019 21:16
164145,USB-C Charging Cable,1,3/16/2019 21:33
164146,27in FHD Monitor,1,3/9/2019 11:26
164147,Bose SoundSport Headphones,1,3/6/2019 14:16
164148,AAA Batteries (4-pack),2,3/20/2019 23:15
164149,AAA Batteries (4-pack),1,3/11/2019 19:10
164150,AA Batteries (4-pack),1,3/30/2019 8:49
164151,iPhone,1,3/19/2019 19:56
164152,27in FHD Monitor,1,3/20/2019 20:34
164153,Wired Headphones,1,3/11/2019 22:28
164154,Wired Headphones,1,3/6/2019 8:34
164155,AA Batteries (4-pack),1,3/28/2019 12:53
164156,Wired Headphones,2,3/29/2019 13:08
164157,Wired Headphones,1,3/29/2019 6:44
164158,USB-C Charging Cable,1,3/17/2019 20:07
164159,AA Batteries (4-pack),2,3/21/2019 19:55
164160,34in Ultrawide Monitor,1,3/30/2019 16:25
164161,AAA Batteries (4-pack),1,3/5/2019 12:27
164162,27in FHD Monitor,1,3/16/2019 17:48
164163,27in FHD Monitor,1,3/22/2019 11:03
164164,Bose SoundSport Headphones,1,3/18/2019 11:10
164165,Vareebadd Phone,1,3/15/2019 15:54
164166,Macbook Pro Laptop,1,3/26/2019 13:49
164167,USB-C Charging Cable,1,3/7/2019 20:57
164168,AAA Batteries (4-pack),3,3/31/2019 0:07
164169,USB-C Charging Cable,1,3/5/2019 21:28
164170,27in 4K Gaming Monitor,1,3/17/2019 11:47
164171,Wired Headphones,1,3/30/2019 9:17
164172,Bose SoundSport Headphones,1,3/14/2019 14:17
164173,LG Dryer,1,3/24/2019 14:46
164174,iPhone,1,3/27/2019 22:16
164175,Lightning Charging Cable,1,3/4/2019 16:25
164176,USB-C Charging Cable,1,3/2/2019 22:34
164177,AA Batteries (4-pack),1,3/5/2019 18:04
164178,AA Batteries (4-pack),1,3/2/2019 11:52
164179,AA Batteries (4-pack),1,3/7/2019 19:23
164180,Lightning Charging Cable,1,3/1/2019 7:57
164181,Apple Airpods Headphones,1,3/23/2019 10:28
164182,Wired Headphones,1,3/30/2019 12:54
164183,AA Batteries (4-pack),1,3/7/2019 14:26
164184,20in Monitor,1,3/4/2019 19:19
164185,Wired Headphones,1,3/15/2019 11:26
164186,iPhone,1,3/15/2019 22:25
164187,USB-C Charging Cable,1,3/26/2019 13:40
164188,USB-C Charging Cable,1,3/2/2019 18:16
164189,Lightning Charging Cable,1,3/22/2019 10:57
164190,Wired Headphones,1,3/28/2019 22:57
164191,Lightning Charging Cable,1,3/17/2019 18:35
164192,ThinkPad Laptop,1,3/28/2019 20:11
164193,Bose SoundSport Headphones,1,3/3/2019 12:08
164194,Lightning Charging Cable,1,3/5/2019 23:11
164195,Apple Airpods Headphones,1,3/26/2019 12:28
164196,AAA Batteries (4-pack),1,3/3/2019 12:57
164197,USB-C Charging Cable,1,3/5/2019 13:29
164198,34in Ultrawide Monitor,1,3/15/2019 13:12
164199,Bose SoundSport Headphones,1,3/8/2019 21:02
164200,AA Batteries (4-pack),2,3/14/2019 22:58
164201,Apple Airpods Headphones,1,3/2/2019 11:24
164202,AA Batteries (4-pack),1,3/11/2019 11:00
164203,AA Batteries (4-pack),1,3/20/2019 1:56
164204,Apple Airpods Headphones,1,3/21/2019 13:02
164205,27in FHD Monitor,1,3/8/2019 18:35
164206,Wired Headphones,1,3/3/2019 15:54
164207,AA Batteries (4-pack),1,3/8/2019 19:20
164208,AA Batteries (4-pack),1,3/29/2019 13:16
164209,Bose SoundSport Headphones,1,3/15/2019 7:56
164210,iPhone,1,3/7/2019 16:44
164211,27in FHD Monitor,1,3/11/2019 20:10
164212,Bose SoundSport Headphones,1,3/22/2019 18:08
164213,AAA Batteries (4-pack),1,3/6/2019 13:25
164214,Lightning Charging Cable,1,3/23/2019 15:16
164215,iPhone,1,3/3/2019 19:46
164216,AA Batteries (4-pack),1,3/24/2019 20:14
164217,AA Batteries (4-pack),1,3/21/2019 19:46
164218,Wired Headphones,1,3/15/2019 10:40
164219,Macbook Pro Laptop,1,3/9/2019 11:28
164220,Bose SoundSport Headphones,1,3/28/2019 21:54
164221,USB-C Charging Cable,1,3/10/2019 16:54
164222,AAA Batteries (4-pack),2,3/15/2019 13:28
164223,20in Monitor,1,3/5/2019 17:30
164224,Wired Headphones,1,3/8/2019 20:06
164225,Bose SoundSport Headphones,1,3/29/2019 16:15
164226,AAA Batteries (4-pack),1,3/1/2019 13:25
164227,AA Batteries (4-pack),3,3/25/2019 23:29
164228,Wired Headphones,1,3/5/2019 14:53
164229,Google Phone,1,3/30/2019 14:12
164230,27in 4K Gaming Monitor,1,3/30/2019 10:41
164231,34in Ultrawide Monitor,1,3/14/2019 10:38
164232,Wired Headphones,1,3/21/2019 8:58
164233,Google Phone,1,3/21/2019 19:59
164233,USB-C Charging Cable,1,3/21/2019 19:59
164234,AAA Batteries (4-pack),2,3/9/2019 21:54
164235,AA Batteries (4-pack),2,3/23/2019 11:01
164236,USB-C Charging Cable,1,3/7/2019 6:49
164237,AAA Batteries (4-pack),1,3/16/2019 9:51
164238,USB-C Charging Cable,1,3/30/2019 20:55
164239,Lightning Charging Cable,1,3/24/2019 14:28
164240,Apple Airpods Headphones,1,3/13/2019 18:45
164241,USB-C Charging Cable,1,3/24/2019 9:43
164242,34in Ultrawide Monitor,1,3/25/2019 21:26
164242,AA Batteries (4-pack),1,3/25/2019 21:26
164243,Lightning Charging Cable,1,3/31/2019 22:08
164244,Lightning Charging Cable,1,3/4/2019 11:47
164245,34in Ultrawide Monitor,1,3/12/2019 13:29
,,,
164246,AAA Batteries (4-pack),5,3/17/2019 15:45
164247,34in Ultrawide Monitor,1,3/18/2019 18:18
164248,27in 4K Gaming Monitor,1,3/28/2019 18:01
164249,USB-C Charging Cable,1,3/20/2019 9:35
164250,Apple Airpods Headphones,1,3/31/2019 8:56
164251,USB-C Charging Cable,1,3/9/2019 15:39
164252,AA Batteries (4-pack),3,3/11/2019 18:51
164253,Apple Airpods Headphones,1,3/1/2019 16:01
164254,34in Ultrawide Monitor,1,3/26/2019 8:44
164255,20in Monitor,1,3/25/2019 22:33
164256,34in Ultrawide Monitor,1,3/25/2019 9:46
164257,USB-C Charging Cable,2,3/23/2019 21:22
164258,Wired Headphones,1,3/23/2019 14:08
164259,27in 4K Gaming Monitor,1,3/25/2019 22:54
164260,AAA Batteries (4-pack),3,3/21/2019 11:31
164261,27in 4K Gaming Monitor,1,3/13/2019 14:30
164262,Lightning Charging Cable,1,3/8/2019 14:05
164263,Lightning Charging Cable,1,3/8/2019 21:31
164264,27in 4K Gaming Monitor,1,3/25/2019 19:24
164265,Lightning Charging Cable,1,3/31/2019 0:42
164265,Flatscreen TV,1,3/31/2019 0:42
164266,Macbook Pro Laptop,1,3/22/2019 22:51
164267,Lightning Charging Cable,1,3/18/2019 6:37
164268,34in Ultrawide Monitor,1,3/19/2019 11:23
164269,Wired Headphones,1,3/7/2019 8:34
164270,iPhone,1,3/31/2019 15:54
164271,Google Phone,1,3/19/2019 9:47
164272,LG Washing Machine,1,3/20/2019 12:51
164273,iPhone,1,3/15/2019 10:57
164273,Lightning Charging Cable,1,3/15/2019 10:57
164274,Wired Headphones,1,3/25/2019 20:29
164275,AA Batteries (4-pack),2,3/29/2019 22:51
164276,27in FHD Monitor,1,3/31/2019 23:13
164277,AAA Batteries (4-pack),1,3/22/2019 19:36
164278,34in Ultrawide Monitor,1,3/14/2019 8:31
164279,USB-C Charging Cable,1,3/12/2019 11:09
164280,34in Ultrawide Monitor,1,3/1/2019 23:46
164281,Wired Headphones,1,3/5/2019 11:28
164282,Lightning Charging Cable,2,3/31/2019 13:27
164283,AA Batteries (4-pack),1,3/15/2019 14:17
164284,27in FHD Monitor,1,3/21/2019 11:16
164285,20in Monitor,1,3/24/2019 18:56
164286,USB-C Charging Cable,1,3/18/2019 22:55
164287,34in Ultrawide Monitor,1,3/23/2019 16:29
164288,AAA Batteries (4-pack),1,3/19/2019 17:47
164289,USB-C Charging Cable,1,3/19/2019 11:33
164290,Bose SoundSport Headphones,1,3/29/2019 5:38
164291,USB-C Charging Cable,1,3/6/2019 12:18
164292,Apple Airpods Headphones,1,3/28/2019 21:34
164293,20in Monitor,1,3/28/2019 7:58
164294,Lightning Charging Cable,1,3/18/2019 20:31
164295,AA Batteries (4-pack),2,3/7/2019 18:36
164296,Wired Headphones,1,3/25/2019 20:40
164297,Google Phone,1,3/3/2019 18:23
164298,ThinkPad Laptop,1,3/5/2019 19:46
164299,Apple Airpods Headphones,1,3/18/2019 3:43
164300,AA Batteries (4-pack),1,3/28/2019 16:52
164301,Wired Headphones,1,3/22/2019 8:48
164302,Lightning Charging Cable,1,3/26/2019 20:41
164303,Lightning Charging Cable,1,3/25/2019 15:09
164304,AA Batteries (4-pack),1,3/6/2019 17:47
164305,Apple Airpods Headphones,1,3/16/2019 11:06
164306,Apple Airpods Headphones,1,3/1/2019 17:02
164307,Apple Airpods Headphones,1,3/15/2019 12:12
164308,Bose SoundSport Headphones,1,3/21/2019 17:43
164309,Wired Headphones,1,3/6/2019 17:27
164309,AAA Batteries (4-pack),3,3/6/2019 17:27
164310,AAA Batteries (4-pack),1,3/1/2019 17:29
164311,AA Batteries (4-pack),1,3/19/2019 18:35
164312,Apple Airpods Headphones,1,3/13/2019 18:34
164313,AAA Batteries (4-pack),1,3/26/2019 9:24
164314,Bose SoundSport Headphones,1,3/24/2019 19:26
164315,27in 4K Gaming Monitor,1,3/19/2019 19:53
164316,Wired Headphones,1,3/2/2019 17:28
164317,USB-C Charging Cable,1,3/2/2019 13:47
164318,Wired Headphones,1,3/22/2019 21:38
164319,Apple Airpods Headphones,1,3/6/2019 13:53
164320,Bose SoundSport Headphones,1,3/23/2019 14:24
164321,Google Phone,1,3/24/2019 7:36
164322,AAA Batteries (4-pack),1,3/2/2019 16:33
164323,USB-C Charging Cable,1,3/15/2019 21:08
164324,AAA Batteries (4-pack),2,3/28/2019 20:03
164325,27in 4K Gaming Monitor,1,3/17/2019 18:40
164326,Bose SoundSport Headphones,1,3/19/2019 12:52
164327,AA Batteries (4-pack),1,3/10/2019 14:27
164328,Lightning Charging Cable,1,3/23/2019 15:05
164329,LG Washing Machine,1,3/17/2019 16:20
164330,AA Batteries (4-pack),2,3/20/2019 18:37
164331,Apple Airpods Headphones,1,3/27/2019 17:42
164331,20in Monitor,1,3/27/2019 17:42
164332,AA Batteries (4-pack),2,3/20/2019 16:51
164333,27in FHD Monitor,1,3/31/2019 10:01
164334,34in Ultrawide Monitor,1,3/18/2019 10:27
164335,Apple Airpods Headphones,1,3/21/2019 11:56
164336,ThinkPad Laptop,1,3/22/2019 14:23
164337,iPhone,1,3/8/2019 9:26
164337,Lightning Charging Cable,1,3/8/2019 9:26
164338,AA Batteries (4-pack),2,3/3/2019 11:54
164339,Google Phone,1,3/8/2019 13:28
164340,Apple Airpods Headphones,1,3/28/2019 21:21
164341,AA Batteries (4-pack),3,3/19/2019 10:52
164342,Wired Headphones,1,3/7/2019 8:17
164343,Bose SoundSport Headphones,1,3/5/2019 18:04
164344,27in FHD Monitor,1,3/13/2019 17:36
164345,Flatscreen TV,1,3/13/2019 18:49
164346,27in FHD Monitor,1,3/25/2019 11:21
164347,Bose SoundSport Headphones,1,3/2/2019 19:06
164348,iPhone,1,3/2/2019 9:27
164348,Wired Headphones,1,3/2/2019 9:27
164349,USB-C Charging Cable,1,3/14/2019 18:54
164350,Lightning Charging Cable,1,3/24/2019 10:26
164351,iPhone,1,3/14/2019 14:55
164351,Lightning Charging Cable,1,3/14/2019 14:55
164351,Wired Headphones,1,3/14/2019 14:55
164352,Bose SoundSport Headphones,1,3/23/2019 12:00
164353,Apple Airpods Headphones,1,3/10/2019 14:31
164354,USB-C Charging Cable,1,3/11/2019 0:02
164355,Lightning Charging Cable,1,3/15/2019 22:20
164356,ThinkPad Laptop,1,3/5/2019 11:41
164357,USB-C Charging Cable,1,3/23/2019 19:14
164358,Lightning Charging Cable,1,3/25/2019 13:34
164359,Apple Airpods Headphones,1,3/10/2019 16:50
164360,Wired Headphones,2,3/9/2019 12:56
164361,iPhone,1,3/11/2019 0:13
164361,Wired Headphones,1,3/11/2019 0:13
164362,Wired Headphones,1,3/24/2019 14:32
164363,Lightning Charging Cable,1,3/22/2019 22:57
164363,Bose SoundSport Headphones,1,3/22/2019 22:57
164364,Lightning Charging Cable,1,3/29/2019 21:53
164365,34in Ultrawide Monitor,1,3/13/2019 0:54
164366,27in FHD Monitor,1,3/30/2019 18:30
164367,20in Monitor,1,3/16/2019 14:08
164368,AA Batteries (4-pack),1,3/16/2019 20:05
164369,34in Ultrawide Monitor,1,3/10/2019 20:40
164370,ThinkPad Laptop,1,3/5/2019 8:15
164371,AA Batteries (4-pack),2,3/24/2019 21:33
164372,Bose SoundSport Headphones,1,3/28/2019 13:09
164373,USB-C Charging Cable,1,3/18/2019 19:11
Order ID,Product,Quantity Ordered,Order Date
164374,AAA Batteries (4-pack),2,3/29/2019 11:28
164375,Apple Airpods Headphones,1,3/28/2019 14:26
164376,Lightning Charging Cable,1,3/19/2019 7:25
164377,USB-C Charging Cable,1,3/19/2019 20:35
164378,Macbook Pro Laptop,1,3/3/2019 14:13
164379,Lightning Charging Cable,1,3/10/2019 21:48
164380,Flatscreen TV,1,3/31/2019 13:10
164381,USB-C Charging Cable,1,3/9/2019 14:05
164382,Wired Headphones,1,3/29/2019 18:45
164383,USB-C Charging Cable,1,3/15/2019 20:54
164384,Macbook Pro Laptop,1,3/18/2019 18:18
164385,27in 4K Gaming Monitor,1,3/5/2019 22:57
164386,USB-C Charging Cable,1,3/29/2019 21:12
164387,AAA Batteries (4-pack),1,3/8/2019 14:47
164388,Bose SoundSport Headphones,1,3/17/2019 20:39
164389,AA Batteries (4-pack),1,3/31/2019 13:24
164390,AA Batteries (4-pack),1,3/15/2019 13:57
164391,iPhone,1,3/28/2019 21:06
164392,USB-C Charging Cable,1,3/13/2019 22:05
164393,Apple Airpods Headphones,1,3/25/2019 9:33
164394,Bose SoundSport Headphones,1,3/8/2019 9:08
164395,Bose SoundSport Headphones,1,3/9/2019 21:30
164396,Wired Headphones,1,3/15/2019 23:16
164397,Google Phone,1,3/3/2019 19:56
164398,Macbook Pro Laptop,1,3/7/2019 19:07
164399,AA Batteries (4-pack),2,3/21/2019 22:09
164400,Bose SoundSport Headphones,1,3/31/2019 5:53
164401,iPhone,1,3/1/2019 14:04
164402,AA Batteries (4-pack),1,3/19/2019 0:34
164403,Wired Headphones,1,3/9/2019 19:04
164404,AA Batteries (4-pack),1,3/29/2019 16:14
164405,AAA Batteries (4-pack),1,3/11/2019 19:19
164406,AA Batteries (4-pack),1,3/24/2019 19:32
164407,27in FHD Monitor,1,3/9/2019 13:42
164408,AAA Batteries (4-pack),1,3/2/2019 11:56
164409,Google Phone,1,3/26/2019 19:43
164410,iPhone,1,3/8/2019 17:00
164411,iPhone,1,3/14/2019 18:41
164412,Apple Airpods Headphones,1,3/1/2019 17:48
164413,AA Batteries (4-pack),1,3/29/2019 21:07
164414,USB-C Charging Cable,1,3/6/2019 14:03
164415,USB-C Charging Cable,1,3/28/2019 19:48
164416,USB-C Charging Cable,1,3/4/2019 3:21
164417,USB-C Charging Cable,1,3/7/2019 1:25
164418,34in Ultrawide Monitor,1,3/26/2019 10:23
164419,AA Batteries (4-pack),1,3/31/2019 0:24
164420,Bose SoundSport Headphones,1,3/14/2019 12:01
164421,27in FHD Monitor,1,3/28/2019 12:04
164422,AA Batteries (4-pack),1,3/10/2019 14:43
164423,27in 4K Gaming Monitor,1,3/15/2019 20:33
164424,27in FHD Monitor,1,3/2/2019 10:44
164425,Lightning Charging Cable,1,3/9/2019 17:42
164426,Wired Headphones,1,3/27/2019 8:02
164427,ThinkPad Laptop,1,3/8/2019 19:04
164428,ThinkPad Laptop,1,3/21/2019 13:47
164429,AAA Batteries (4-pack),1,3/27/2019 13:43
164430,Bose SoundSport Headphones,1,3/14/2019 6:39
164431,USB-C Charging Cable,2,3/8/2019 0:02
164432,AA Batteries (4-pack),1,3/18/2019 9:50
164433,USB-C Charging Cable,1,3/19/2019 19:01
164434,AAA Batteries (4-pack),1,3/21/2019 11:47
164435,Apple Airpods Headphones,1,3/24/2019 12:37
164436,Macbook Pro Laptop,1,3/12/2019 9:51
164437,27in FHD Monitor,1,3/2/2019 21:00
164438,AA Batteries (4-pack),2,3/29/2019 11:08
164439,USB-C Charging Cable,1,3/23/2019 20:49
164440,Lightning Charging Cable,1,3/9/2019 20:37
164441,iPhone,1,3/19/2019 19:54
164441,Lightning Charging Cable,1,3/19/2019 19:54
164442,AA Batteries (4-pack),1,3/27/2019 10:32
164443,USB-C Charging Cable,1,3/27/2019 19:08
164444,USB-C Charging Cable,1,3/22/2019 11:59
164445,AAA Batteries (4-pack),2,3/26/2019 7:33
164446,Wired Headphones,1,3/1/2019 9:51
164447,USB-C Charging Cable,1,3/8/2019 20:47
164448,34in Ultrawide Monitor,1,3/4/2019 20:43
164449,USB-C Charging Cable,1,3/13/2019 22:16
164450,USB-C Charging Cable,1,3/11/2019 7:45
164451,Apple Airpods Headphones,1,3/9/2019 1:40
164452,USB-C Charging Cable,1,3/20/2019 0:48
164453,USB-C Charging Cable,1,3/1/2019 20:03
164454,Google Phone,1,3/23/2019 7:11
164454,Bose SoundSport Headphones,1,3/23/2019 7:11
164455,Lightning Charging Cable,1,3/9/2019 8:49
164456,27in FHD Monitor,1,3/17/2019 19:37
164457,Wired Headphones,1,3/27/2019 21:24
164458,Lightning Charging Cable,1,3/1/2019 10:16
164459,AAA Batteries (4-pack),1,3/29/2019 16:00
164460,Wired Headphones,1,3/15/2019 10:11
164461,AAA Batteries (4-pack),1,3/10/2019 21:27
164462,Bose SoundSport Headphones,1,3/4/2019 8:27
164463,USB-C Charging Cable,2,3/7/2019 21:39
164464,Lightning Charging Cable,1,3/13/2019 10:42
164465,USB-C Charging Cable,1,3/5/2019 16:48
164466,AA Batteries (4-pack),1,3/9/2019 17:42
164467,Lightning Charging Cable,1,3/31/2019 14:08
164468,Google Phone,1,3/6/2019 19:06
164468,Wired Headphones,1,3/6/2019 19:06
164469,Wired Headphones,1,3/29/2019 18:32
164470,AA Batteries (4-pack),2,3/12/2019 15:48
164471,USB-C Charging Cable,1,3/7/2019 21:26
164472,34in Ultrawide Monitor,1,3/27/2019 21:07
164473,AAA Batteries (4-pack),2,3/14/2019 20:08
164474,Apple Airpods Headphones,1,3/25/2019 21:32
164475,Bose SoundSport Headphones,1,3/23/2019 21:59
164476,27in 4K Gaming Monitor,1,3/12/2019 9:07
164477,AAA Batteries (4-pack),1,3/11/2019 22:10
164477,Wired Headphones,1,3/11/2019 22:10
164478,Apple Airpods Headphones,1,3/23/2019 13:45
164479,LG Washing Machine,1,3/10/2019 10:26
164480,Lightning Charging Cable,1,3/29/2019 18:28
164481,AAA Batteries (4-pack),1,3/1/2019 14:36
164482,Apple Airpods Headphones,1,3/22/2019 16:53
164483,AA Batteries (4-pack),1,3/5/2019 21:59
164484,Google Phone,1,3/31/2019 16:10
164484,USB-C Charging Cable,1,3/31/2019 16:10
164485,AA Batteries (4-pack),2,3/17/2019 13:57
164486,Bose SoundSport Headphones,1,3/4/2019 21:03
164487,AA Batteries (4-pack),1,3/14/2019 20:43
164488,34in Ultrawide Monitor,1,3/26/2019 20:35
164489,Flatscreen TV,1,3/14/2019 15:08
164490,Bose SoundSport Headphones,1,3/17/2019 18:35
164491,ThinkPad Laptop,1,3/4/2019 11:45
164492,AA Batteries (4-pack),2,3/24/2019 14:51
164493,Bose SoundSport Headphones,1,3/25/2019 18:33
164494,AA Batteries (4-pack),1,3/30/2019 16:46
164495,Lightning Charging Cable,1,3/23/2019 15:10
164496,Wired Headphones,1,3/10/2019 7:30
164497,34in Ultrawide Monitor,1,3/29/2019 10:11
164498,Lightning Charging Cable,1,3/26/2019 12:53
164499,Google Phone,1,3/9/2019 22:42
164500,AA Batteries (4-pack),1,3/6/2019 21:44
164501,20in Monitor,1,3/22/2019 14:28
164502,Apple Airpods Headphones,1,3/30/2019 19:48
164503,Lightning Charging Cable,1,3/6/2019 20:02
164504,Bose SoundSport Headphones,1,3/21/2019 3:10
164505,20in Monitor,1,3/19/2019 12:53
164506,Bose SoundSport Headphones,1,3/9/2019 11:54
164507,USB-C Charging Cable,1,3/9/2019 17:16
164508,27in 4K Gaming Monitor,1,3/23/2019 9:18
164509,27in 4K Gaming Monitor,1,3/22/2019 10:08
164510,AA Batteries (4-pack),1,3/12/2019 13:04
164511,Lightning Charging Cable,2,3/7/2019 11:46
164512,27in FHD Monitor,1,3/14/2019 16:30
164513,AAA Batteries (4-pack),1,3/3/2019 16:51
164514,27in FHD Monitor,1,3/16/2019 9:55
164515,Macbook Pro Laptop,1,3/2/2019 17:07
164516,Apple Airpods Headphones,1,3/16/2019 18:06
164517,AAA Batteries (4-pack),1,3/15/2019 18:12
164518,AAA Batteries (4-pack),2,3/15/2019 20:10
164519,Macbook Pro Laptop,1,3/7/2019 12:44
164520,Bose SoundSport Headphones,1,3/13/2019 12:47
164521,Bose SoundSport Headphones,1,3/4/2019 11:25
164521,Flatscreen TV,1,3/4/2019 11:25
164522,20in Monitor,1,3/29/2019 23:20
164523,Apple Airpods Headphones,1,3/16/2019 11:42
164524,34in Ultrawide Monitor,1,3/15/2019 12:32
164525,USB-C Charging Cable,1,3/28/2019 18:57
164526,Lightning Charging Cable,1,3/30/2019 21:08
164527,USB-C Charging Cable,1,3/13/2019 5:28
164528,Vareebadd Phone,1,3/16/2019 6:52
164529,Lightning Charging Cable,1,3/30/2019 20:21
164530,Bose SoundSport Headphones,1,3/1/2019 20:32
164531,AAA Batteries (4-pack),2,3/6/2019 22:24
164532,Flatscreen TV,1,3/10/2019 21:47
164533,AAA Batteries (4-pack),1,3/3/2019 12:42
164534,USB-C Charging Cable,1,3/18/2019 18:40
164535,AA Batteries (4-pack),1,3/30/2019 10:21
164536,AAA Batteries (4-pack),3,3/27/2019 9:38
164537,27in 4K Gaming Monitor,1,3/4/2019 10:06
164538,USB-C Charging Cable,1,3/27/2019 14:21
164539,iPhone,1,3/1/2019 13:21
164540,27in 4K Gaming Monitor,1,3/30/2019 15:16
164541,Google Phone,1,3/11/2019 20:22
164541,USB-C Charging Cable,2,3/11/2019 20:22
164542,27in 4K Gaming Monitor,1,3/15/2019 12:33
164543,27in 4K Gaming Monitor,1,3/31/2019 13:34
164544,AA Batteries (4-pack),1,3/25/2019 16:08
164545,AAA Batteries (4-pack),1,3/12/2019 22:20
164546,27in 4K Gaming Monitor,1,3/17/2019 21:58
164547,AA Batteries (4-pack),2,3/13/2019 8:41
164548,AA Batteries (4-pack),1,3/23/2019 9:02
164549,27in 4K Gaming Monitor,1,3/19/2019 14:25
164550,AAA Batteries (4-pack),2,3/15/2019 17:22
164551,Bose SoundSport Headphones,1,3/20/2019 22:13
164552,27in FHD Monitor,1,3/12/2019 1:37
164553,AA Batteries (4-pack),1,3/6/2019 11:35
164553,Bose SoundSport Headphones,1,3/6/2019 11:35
164554,Lightning Charging Cable,1,3/9/2019 11:49
164555,AAA Batteries (4-pack),2,3/12/2019 7:55
164555,USB-C Charging Cable,1,3/12/2019 7:55
164556,Lightning Charging Cable,1,3/4/2019 18:05
164557,34in Ultrawide Monitor,1,3/7/2019 17:20
164558,USB-C Charging Cable,1,3/17/2019 18:39
164559,AAA Batteries (4-pack),4,3/25/2019 17:20
164560,Google Phone,1,3/30/2019 22:22
164561,34in Ultrawide Monitor,1,3/1/2019 14:25
164562,34in Ultrawide Monitor,1,3/3/2019 12:51
164563,Macbook Pro Laptop,1,3/25/2019 23:46
164564,Bose SoundSport Headphones,1,3/12/2019 19:45
164565,34in Ultrawide Monitor,1,3/30/2019 10:49
164566,Google Phone,1,3/17/2019 14:39
164567,USB-C Charging Cable,1,3/18/2019 13:22
164568,Lightning Charging Cable,1,3/27/2019 20:09
164569,USB-C Charging Cable,1,3/18/2019 9:21
164570,Lightning Charging Cable,2,3/31/2019 19:32
164571,27in FHD Monitor,1,3/2/2019 16:13
164572,27in FHD Monitor,1,3/5/2019 20:48
164573,27in 4K Gaming Monitor,1,3/20/2019 13:51
164574,Lightning Charging Cable,3,3/29/2019 11:51
164575,USB-C Charging Cable,1,3/27/2019 19:12
164576,Apple Airpods Headphones,1,3/21/2019 16:52
164577,USB-C Charging Cable,1,3/10/2019 18:57
164578,20in Monitor,1,3/10/2019 23:45
164579,27in FHD Monitor,1,3/1/2019 12:31
164580,27in 4K Gaming Monitor,1,3/13/2019 18:16
164581,Wired Headphones,1,3/15/2019 22:37
164582,34in Ultrawide Monitor,1,3/17/2019 18:48
164583,Wired Headphones,1,3/24/2019 22:03
164584,USB-C Charging Cable,1,3/20/2019 9:19
164585,Lightning Charging Cable,1,3/12/2019 12:20
164586,Apple Airpods Headphones,1,3/24/2019 16:34
164587,Lightning Charging Cable,1,3/16/2019 16:36
164588,Bose SoundSport Headphones,1,3/4/2019 16:52
164589,Lightning Charging Cable,1,3/13/2019 11:40
164590,Lightning Charging Cable,1,3/27/2019 16:48
164591,Flatscreen TV,1,3/21/2019 20:39
164592,AA Batteries (4-pack),1,3/21/2019 22:13
164593,Bose SoundSport Headphones,1,3/16/2019 11:49
164594,USB-C Charging Cable,1,3/6/2019 21:53
164595,Apple Airpods Headphones,1,3/10/2019 22:15
164596,AA Batteries (4-pack),1,3/21/2019 13:31
164597,AA Batteries (4-pack),1,3/19/2019 8:28
164598,iPhone,1,3/13/2019 8:50
164599,AA Batteries (4-pack),1,3/23/2019 22:28
164600,Lightning Charging Cable,1,3/1/2019 12:07
164601,Lightning Charging Cable,1,3/10/2019 19:38
164602,USB-C Charging Cable,1,3/2/2019 22:27
164603,Apple Airpods Headphones,1,3/22/2019 8:37
164604,Flatscreen TV,1,3/3/2019 3:48
164605,AA Batteries (4-pack),1,3/29/2019 14:14
164606,20in Monitor,1,3/1/2019 13:05
Order ID,Product,Quantity Ordered,Order Date
164607,iPhone,1,3/6/2019 15:34
164608,Bose SoundSport Headphones,1,3/24/2019 17:38
164609,AA Batteries (4-pack),1,3/30/2019 16:55
164610,27in FHD Monitor,1,3/24/2019 22:42
164611,AAA Batteries (4-pack),1,3/8/2019 15:30
164611,USB-C Charging Cable,1,3/8/2019 15:30
164612,iPhone,1,3/22/2019 16:14
164613,USB-C Charging Cable,1,3/29/2019 15:02
164614,AA Batteries (4-pack),1,3/1/2019 9:23
164615,USB-C Charging Cable,1,3/17/2019 18:19
164616,AAA Batteries (4-pack),1,3/22/2019 19:57
164617,Flatscreen TV,1,3/16/2019 16:35
164618,Bose SoundSport Headphones,1,3/1/2019 13:18
164619,iPhone,1,3/26/2019 6:42
164620,iPhone,1,3/25/2019 18:02
164621,AAA Batteries (4-pack),2,3/30/2019 14:46
164622,34in Ultrawide Monitor,1,3/28/2019 18:54
164623,AA Batteries (4-pack),2,3/20/2019 13:04
164624,AAA Batteries (4-pack),2,3/31/2019 21:01
164625,Apple Airpods Headphones,1,3/28/2019 19:43
164626,Lightning Charging Cable,1,3/10/2019 16:44
164627,AAA Batteries (4-pack),1,3/3/2019 9:22
164628,20in Monitor,1,3/24/2019 13:06
164629,27in 4K Gaming Monitor,1,3/13/2019 9:37
164630,20in Monitor,1,3/8/2019 10:34
164631,Wired Headphones,1,3/16/2019 8:14
164632,Bose SoundSport Headphones,1,3/23/2019 10:32
164633,USB-C Charging Cable,1,3/8/2019 21:13
164634,Wired Headphones,1,3/7/2019 21:18
164635,Lightning Charging Cable,1,3/3/2019 20:35
164635,34in Ultrawide Monitor,1,3/3/2019 20:35
164636,Macbook Pro Laptop,1,3/22/2019 21:40
164637,AAA Batteries (4-pack),1,3/26/2019 18:21
164638,USB-C Charging Cable,1,3/19/2019 13:25
164639,Vareebadd Phone,1,3/12/2019 19:45
164640,Apple Airpods Headphones,1,3/24/2019 11:23
164641,USB-C Charging Cable,1,3/20/2019 11:06
164642,Vareebadd Phone,1,3/17/2019 11:11
164643,Wired Headphones,1,3/4/2019 15:22
164644,Macbook Pro Laptop,1,3/8/2019 16:37
164645,AAA Batteries (4-pack),1,3/14/2019 22:17
164646,AAA Batteries (4-pack),1,3/6/2019 16:17
164647,USB-C Charging Cable,1,3/23/2019 3:51
164648,AA Batteries (4-pack),1,3/15/2019 18:29
164649,AAA Batteries (4-pack),1,3/31/2019 13:49
164650,Lightning Charging Cable,2,3/26/2019 10:20
164651,Apple Airpods Headphones,1,3/17/2019 18:55
164652,USB-C Charging Cable,1,3/16/2019 17:31
164653,Lightning Charging Cable,1,3/17/2019 18:46
164654,Bose SoundSport Headphones,1,3/22/2019 4:28
164655,27in FHD Monitor,1,3/22/2019 11:06
164656,Lightning Charging Cable,1,3/10/2019 19:45
164657,AA Batteries (4-pack),1,3/27/2019 11:34
164658,USB-C Charging Cable,1,3/21/2019 0:03
164659,AAA Batteries (4-pack),2,3/25/2019 10:05
164659,USB-C Charging Cable,1,3/25/2019 10:05
164660,20in Monitor,1,3/2/2019 18:56
164661,Apple Airpods Headphones,1,3/31/2019 14:21
164662,AAA Batteries (4-pack),2,3/11/2019 22:58
164663,AA Batteries (4-pack),1,3/25/2019 14:41
164664,Bose SoundSport Headphones,1,3/27/2019 7:20
164665,Wired Headphones,1,3/13/2019 8:28
164666,Lightning Charging Cable,1,3/20/2019 17:19
164667,Lightning Charging Cable,2,3/21/2019 9:32
164668,iPhone,1,3/21/2019 21:06
164669,AAA Batteries (4-pack),2,3/1/2019 13:56
164670,AA Batteries (4-pack),1,3/7/2019 12:33
164671,Lightning Charging Cable,1,3/12/2019 21:39
164672,Apple Airpods Headphones,1,3/18/2019 8:51
164673,LG Dryer,1,3/29/2019 19:02
164674,AAA Batteries (4-pack),1,3/29/2019 17:21
164675,Flatscreen TV,1,3/28/2019 19:56
164676,20in Monitor,1,3/14/2019 10:45
164677,Google Phone,1,3/4/2019 12:32
164677,USB-C Charging Cable,1,3/4/2019 12:32
164678,27in 4K Gaming Monitor,1,3/7/2019 11:14
164679,Google Phone,1,3/4/2019 20:14
164680,20in Monitor,1,3/6/2019 17:35
164681,Wired Headphones,1,3/27/2019 19:13
164682,Apple Airpods Headphones,1,3/22/2019 18:27
164683,Apple Airpods Headphones,1,3/28/2019 14:19
164684,AA Batteries (4-pack),1,3/25/2019 18:26
164685,34in Ultrawide Monitor,1,3/31/2019 11:06
164686,20in Monitor,1,3/29/2019 19:38
164687,Apple Airpods Headphones,1,3/5/2019 15:00
164688,AAA Batteries (4-pack),2,3/12/2019 14:10
164689,Google Phone,1,3/3/2019 21:46
164689,USB-C Charging Cable,1,3/3/2019 21:46
164689,Bose SoundSport Headphones,1,3/3/2019 21:46
164690,Lightning Charging Cable,1,3/11/2019 16:02
164691,Lightning Charging Cable,1,3/3/2019 23:45
164692,34in Ultrawide Monitor,1,3/10/2019 13:23
164693,Lightning Charging Cable,1,3/8/2019 13:32
164694,Macbook Pro Laptop,1,3/10/2019 11:57
164695,Wired Headphones,1,3/28/2019 9:51
164696,Wired Headphones,1,3/15/2019 19:36
164697,20in Monitor,1,3/24/2019 8:51
164698,USB-C Charging Cable,1,3/7/2019 9:55
164699,Wired Headphones,1,3/13/2019 10:50
164700,Bose SoundSport Headphones,1,3/9/2019 23:02
164701,USB-C Charging Cable,1,3/16/2019 17:06
164702,20in Monitor,1,3/11/2019 9:56
164703,Wired Headphones,1,3/19/2019 14:19
164704,USB-C Charging Cable,1,3/26/2019 15:19
164705,Flatscreen TV,1,3/26/2019 2:09
164706,USB-C Charging Cable,1,3/6/2019 0:58
164707,USB-C Charging Cable,1,3/3/2019 18:09
164708,USB-C Charging Cable,2,3/25/2019 14:12
164709,AA Batteries (4-pack),2,3/13/2019 6:58
164710,Apple Airpods Headphones,1,3/23/2019 11:49
164710,Bose SoundSport Headphones,1,3/23/2019 11:49
164711,Wired Headphones,2,3/9/2019 14:26
164712,AAA Batteries (4-pack),3,3/29/2019 13:49
164713,Google Phone,1,3/31/2019 20:01
164713,Bose SoundSport Headphones,1,3/31/2019 20:01
164714,Apple Airpods Headphones,1,3/11/2019 11:33
164715,Flatscreen TV,1,3/4/2019 13:54
164716,AAA Batteries (4-pack),2,3/13/2019 9:23
164717,AA Batteries (4-pack),1,3/10/2019 15:24
164717,AAA Batteries (4-pack),1,3/10/2019 15:24
164718,USB-C Charging Cable,1,3/4/2019 17:23
164719,AA Batteries (4-pack),2,3/8/2019 9:01
164720,Wired Headphones,1,3/14/2019 17:15
164721,Lightning Charging Cable,1,3/1/2019 20:32
164722,27in 4K Gaming Monitor,1,3/4/2019 7:23
164723,Macbook Pro Laptop,1,3/31/2019 8:55
164724,AAA Batteries (4-pack),1,3/18/2019 18:49
164725,Wired Headphones,1,3/27/2019 21:19
164726,AAA Batteries (4-pack),1,3/6/2019 9:39
164727,Lightning Charging Cable,1,3/31/2019 11:10
164728,USB-C Charging Cable,3,3/25/2019 16:16
164729,Bose SoundSport Headphones,1,3/25/2019 17:43
164730,USB-C Charging Cable,1,3/27/2019 22:57
164731,Wired Headphones,1,3/10/2019 16:17
164732,20in Monitor,1,3/22/2019 6:18
164733,USB-C Charging Cable,1,3/9/2019 11:40
164734,20in Monitor,1,3/27/2019 18:38
164735,USB-C Charging Cable,1,3/4/2019 17:33
164736,AAA Batteries (4-pack),1,3/18/2019 11:10
164737,Google Phone,1,3/14/2019 22:16
164737,USB-C Charging Cable,1,3/14/2019 22:16
164738,Wired Headphones,1,3/19/2019 23:14
164739,27in 4K Gaming Monitor,1,3/25/2019 19:15
164740,AA Batteries (4-pack),1,3/24/2019 14:54
164741,Google Phone,1,3/25/2019 17:18
164742,Google Phone,1,3/23/2019 14:56
164743,Wired Headphones,1,3/20/2019 1:10
164744,Vareebadd Phone,1,3/7/2019 16:44
164745,Apple Airpods Headphones,1,3/10/2019 11:13
164746,Wired Headphones,1,3/14/2019 16:17
164747,Wired Headphones,1,3/6/2019 14:52
164748,USB-C Charging Cable,1,3/9/2019 17:10
164749,Wired Headphones,2,3/28/2019 20:06
164750,34in Ultrawide Monitor,1,3/31/2019 17:14
164750,AA Batteries (4-pack),1,3/31/2019 17:14
164751,AA Batteries (4-pack),1,3/22/2019 19:01
164752,27in FHD Monitor,1,3/11/2019 12:49
164753,USB-C Charging Cable,1,3/10/2019 11:44
164754,LG Dryer,1,3/18/2019 15:38
164755,Google Phone,1,3/29/2019 13:29
164755,USB-C Charging Cable,1,3/29/2019 13:29
164756,ThinkPad Laptop,1,3/4/2019 20:55
164757,USB-C Charging Cable,1,3/2/2019 19:32
164758,Wired Headphones,1,3/21/2019 23:49
164759,Google Phone,1,3/4/2019 19:29
164759,USB-C Charging Cable,1,3/4/2019 19:29
164760,Wired Headphones,1,3/19/2019 10:18
164761,Lightning Charging Cable,1,3/15/2019 10:00
164762,AAA Batteries (4-pack),1,3/5/2019 8:57
164763,Google Phone,1,3/11/2019 18:43
164764,Wired Headphones,1,3/23/2019 19:29
164765,20in Monitor,1,3/25/2019 10:15
164766,Macbook Pro Laptop,1,3/8/2019 12:31
164767,USB-C Charging Cable,1,3/20/2019 18:22
164768,Apple Airpods Headphones,1,3/20/2019 16:34
164769,34in Ultrawide Monitor,1,3/27/2019 8:57
164770,Google Phone,1,3/26/2019 17:59
164770,USB-C Charging Cable,1,3/26/2019 17:59
164771,iPhone,1,3/17/2019 18:20
164772,AA Batteries (4-pack),2,3/8/2019 16:12
164773,Bose SoundSport Headphones,1,3/30/2019 21:15
164774,USB-C Charging Cable,1,3/14/2019 20:14
164775,Apple Airpods Headphones,1,3/8/2019 8:17
164776,34in Ultrawide Monitor,1,3/13/2019 13:23
164777,Lightning Charging Cable,1,3/18/2019 8:03
164778,AA Batteries (4-pack),1,3/3/2019 11:39
164779,Apple Airpods Headphones,1,3/2/2019 14:40
164780,27in 4K Gaming Monitor,1,3/7/2019 17:17
164781,Apple Airpods Headphones,1,3/4/2019 19:48
164782,AAA Batteries (4-pack),1,3/24/2019 8:02
164783,Google Phone,1,3/22/2019 13:59
164784,USB-C Charging Cable,1,3/1/2019 12:30
164785,ThinkPad Laptop,1,3/14/2019 21:05
164786,Wired Headphones,1,3/27/2019 20:04
164787,Wired Headphones,1,3/22/2019 2:15
164788,Lightning Charging Cable,1,3/22/2019 7:25
164789,AA Batteries (4-pack),1,3/16/2019 17:42
164790,Lightning Charging Cable,1,3/3/2019 20:25
164791,USB-C Charging Cable,2,3/26/2019 9:20
164792,Vareebadd Phone,1,3/28/2019 22:52
164793,Google Phone,1,3/9/2019 10:58
164793,USB-C Charging Cable,2,3/9/2019 10:58
164794,USB-C Charging Cable,1,3/27/2019 18:55
164795,AA Batteries (4-pack),3,3/6/2019 20:12
164796,USB-C Charging Cable,1,3/4/2019 14:23
164797,Google Phone,1,3/22/2019 13:03
164798,AA Batteries (4-pack),1,3/7/2019 8:23
164799,Lightning Charging Cable,1,3/2/2019 12:05
164800,AA Batteries (4-pack),1,3/23/2019 8:00
164801,Apple Airpods Headphones,1,3/23/2019 12:25
164802,Apple Airpods Headphones,1,3/9/2019 12:07
164803,AA Batteries (4-pack),1,3/21/2019 1:07
164804,Google Phone,1,3/25/2019 18:08
164804,USB-C Charging Cable,1,3/25/2019 18:08
164805,Apple Airpods Headphones,1,3/15/2019 18:59
164806,Bose SoundSport Headphones,1,3/3/2019 12:20
164807,Google Phone,1,3/7/2019 21:07
164808,Lightning Charging Cable,1,3/26/2019 10:18
164809,AA Batteries (4-pack),3,3/19/2019 20:09
164810,Lightning Charging Cable,1,3/20/2019 2:31
164811,Lightning Charging Cable,1,3/28/2019 14:41
164812,iPhone,1,3/8/2019 11:59
164812,Wired Headphones,1,3/8/2019 11:59
164813,AAA Batteries (4-pack),1,3/10/2019 23:41
164814,Wired Headphones,1,3/23/2019 20:16
164815,34in Ultrawide Monitor,1,3/6/2019 12:09
164816,USB-C Charging Cable,1,3/18/2019 11:55
164817,Bose SoundSport Headphones,1,3/18/2019 0:51
164817,Apple Airpods Headphones,1,3/18/2019 0:51
164818,Lightning Charging Cable,1,3/11/2019 6:09
164819,USB-C Charging Cable,1,3/28/2019 20:12
164820,Apple Airpods Headphones,1,3/20/2019 12:31
164821,AA Batteries (4-pack),1,3/8/2019 10:49
164822,AA Batteries (4-pack),4,3/11/2019 10:58
164823,34in Ultrawide Monitor,1,3/4/2019 7:51
164824,Wired Headphones,2,3/14/2019 17:28
164825,Lightning Charging Cable,1,3/23/2019 18:51
164825,Lightning Charging Cable,1,3/23/2019 18:51
164826,Bose SoundSport Headphones,1,3/2/2019 18:00
164827,Apple Airpods Headphones,1,3/14/2019 21:06
164828,ThinkPad Laptop,1,3/16/2019 13:30
164829,Apple Airpods Headphones,1,3/6/2019 0:58
164830,AAA Batteries (4-pack),1,3/25/2019 10:31
164831,Apple Airpods Headphones,1,3/15/2019 12:17
164832,AAA Batteries (4-pack),1,3/9/2019 10:36
164833,USB-C Charging Cable,1,3/24/2019 0:43
164834,Lightning Charging Cable,1,3/25/2019 1:42
164835,Bose SoundSport Headphones,1,3/29/2019 16:07
164836,AA Batteries (4-pack),2,3/24/2019 10:41
164837,Wired Headphones,1,3/30/2019 23:20
164838,Bose SoundSport Headphones,1,3/18/2019 12:53
164839,Wired Headphones,1,3/20/2019 21:35
164840,20in Monitor,1,3/4/2019 18:45
164841,AAA Batteries (4-pack),1,3/18/2019 12:59
164842,USB-C Charging Cable,1,3/4/2019 19:38
,,,
164843,34in Ultrawide Monitor,1,3/2/2019 8:50
164844,AAA Batteries (4-pack),1,3/11/2019 22:23
164845,Lightning Charging Cable,1,3/27/2019 6:41
164846,Lightning Charging Cable,1,3/7/2019 18:57
164847,iPhone,1,3/9/2019 7:16
164848,USB-C Charging Cable,1,3/8/2019 9:23
164849,AA Batteries (4-pack),1,3/8/2019 16:01
164850,AAA Batteries (4-pack),1,3/10/2019 19:58
164851,ThinkPad Laptop,1,3/4/2019 9:01
164852,Lightning Charging Cable,1,3/20/2019 14:06
164853,AA Batteries (4-pack),3,3/7/2019 14:48
164854,AA Batteries (4-pack),1,3/8/2019 8:40
164855,AA Batteries (4-pack),1,3/10/2019 0:41
164856,Lightning Charging Cable,1,3/2/2019 11:08
164857,Lightning Charging Cable,1,3/22/2019 19:54
164857,Macbook Pro Laptop,1,3/22/2019 19:54
164858,AAA Batteries (4-pack),1,3/30/2019 20:35
164859,Wired Headphones,1,3/19/2019 2:40
164860,AA Batteries (4-pack),1,3/16/2019 15:00
164861,Apple Airpods Headphones,1,3/30/2019 20:07
164862,iPhone,1,3/17/2019 10:05
164863,USB-C Charging Cable,1,3/11/2019 20:30
164864,20in Monitor,1,3/15/2019 16:54
164865,Macbook Pro Laptop,1,3/27/2019 9:50
164866,LG Washing Machine,1,3/7/2019 20:51
164867,AAA Batteries (4-pack),2,3/16/2019 18:12
164868,USB-C Charging Cable,1,3/1/2019 21:35
164869,USB-C Charging Cable,1,3/15/2019 21:47
164870,20in Monitor,1,3/1/2019 19:03
164871,AAA Batteries (4-pack),1,3/24/2019 22:16
164872,Macbook Pro Laptop,1,3/15/2019 11:08
164873,AA Batteries (4-pack),1,3/15/2019 17:55
164874,Flatscreen TV,1,3/4/2019 8:13
164875,Flatscreen TV,1,3/29/2019 15:20
164876,Wired Headphones,1,3/15/2019 17:36
164877,Bose SoundSport Headphones,1,3/26/2019 7:46
164878,AA Batteries (4-pack),5,3/5/2019 14:49
164879,Apple Airpods Headphones,1,3/7/2019 19:21
164880,Wired Headphones,1,3/10/2019 22:21
164880,Vareebadd Phone,1,3/10/2019 22:21
164881,Apple Airpods Headphones,1,3/13/2019 19:36
164882,Bose SoundSport Headphones,1,3/20/2019 16:59
164883,Bose SoundSport Headphones,1,3/2/2019 5:43
164884,Lightning Charging Cable,1,3/5/2019 18:41
164885,AA Batteries (4-pack),1,3/2/2019 17:01
,,,
164886,Lightning Charging Cable,1,3/12/2019 9:48
164887,Bose SoundSport Headphones,1,3/28/2019 15:25
164888,Wired Headphones,1,3/6/2019 12:35
164889,ThinkPad Laptop,1,3/10/2019 15:49
164890,USB-C Charging Cable,1,3/15/2019 18:19
164891,Apple Airpods Headphones,1,3/23/2019 15:58
164892,Wired Headphones,1,3/31/2019 22:59
164893,Flatscreen TV,1,3/8/2019 19:29
164894,Bose SoundSport Headphones,1,3/5/2019 6:44
164895,20in Monitor,1,3/13/2019 18:13
164896,AA Batteries (4-pack),2,3/15/2019 13:15
164897,AA Batteries (4-pack),1,3/12/2019 22:20
164898,AAA Batteries (4-pack),2,3/25/2019 17:55
164899,AAA Batteries (4-pack),1,3/4/2019 19:33
164900,Lightning Charging Cable,1,3/9/2019 20:27
164901,20in Monitor,1,3/26/2019 22:07
164902,Google Phone,1,3/5/2019 7:44
164903,Apple Airpods Headphones,1,3/2/2019 5:11
164903,AA Batteries (4-pack),2,3/2/2019 5:11
164904,Bose SoundSport Headphones,1,3/14/2019 22:17
164905,Lightning Charging Cable,1,3/31/2019 19:34
164906,USB-C Charging Cable,1,3/21/2019 20:47
164907,AA Batteries (4-pack),2,3/1/2019 18:16
164908,27in FHD Monitor,1,3/13/2019 18:42
164909,Apple Airpods Headphones,1,3/3/2019 10:40
164910,AAA Batteries (4-pack),1,3/31/2019 1:05
164911,Wired Headphones,1,3/4/2019 11:39
164912,Apple Airpods Headphones,1,3/15/2019 8:54
164913,Bose SoundSport Headphones,1,3/18/2019 14:55
164914,AAA Batteries (4-pack),1,3/22/2019 16:44
164915,Wired Headphones,1,3/7/2019 7:27
164916,20in Monitor,1,3/9/2019 21:10
164917,USB-C Charging Cable,1,3/10/2019 20:52
164918,Lightning Charging Cable,1,3/6/2019 22:57
164919,Flatscreen TV,1,3/14/2019 9:18
164920,Wired Headphones,1,3/10/2019 18:11
164921,Flatscreen TV,1,3/24/2019 17:36
164922,AAA Batteries (4-pack),2,3/28/2019 13:03
164923,ThinkPad Laptop,1,3/24/2019 10:06
164924,AAA Batteries (4-pack),1,3/20/2019 13:25
164925,Lightning Charging Cable,1,3/19/2019 14:59
164926,Macbook Pro Laptop,1,3/12/2019 17:46
164927,Lightning Charging Cable,1,3/11/2019 7:24
164928,Lightning Charging Cable,1,3/6/2019 14:52
164928,AA Batteries (4-pack),2,3/6/2019 14:52
164929,AAA Batteries (4-pack),1,3/15/2019 13:11
164930,34in Ultrawide Monitor,1,3/6/2019 7:00
164931,Wired Headphones,1,3/9/2019 19:27
164932,34in Ultrawide Monitor,1,3/5/2019 18:24
164933,Wired Headphones,2,3/26/2019 17:01
164934,Apple Airpods Headphones,1,3/5/2019 12:51
164935,Apple Airpods Headphones,1,3/9/2019 13:12
164936,Wired Headphones,1,3/22/2019 13:22
164937,Macbook Pro Laptop,1,3/8/2019 13:12
164938,AAA Batteries (4-pack),1,3/7/2019 9:40
164939,Wired Headphones,1,3/17/2019 2:15
164940,ThinkPad Laptop,1,3/6/2019 15:25
164941,USB-C Charging Cable,1,3/7/2019 21:19
164942,Lightning Charging Cable,1,3/14/2019 17:33
164943,Apple Airpods Headphones,1,3/5/2019 21:37
164944,USB-C Charging Cable,2,3/21/2019 12:48
164945,Google Phone,1,3/20/2019 9:38
164946,Macbook Pro Laptop,1,3/1/2019 19:28
164947,iPhone,1,3/28/2019 12:21
164948,Macbook Pro Laptop,1,3/22/2019 11:02
164949,Wired Headphones,2,3/6/2019 5:38
164950,AA Batteries (4-pack),1,3/20/2019 14:42
164951,Lightning Charging Cable,1,3/25/2019 12:28
164952,Wired Headphones,1,3/12/2019 8:56
164953,27in FHD Monitor,1,3/26/2019 16:21
164954,AAA Batteries (4-pack),2,3/29/2019 5:41
164955,Bose SoundSport Headphones,1,3/12/2019 18:42
164956,USB-C Charging Cable,1,3/9/2019 12:27
164957,Flatscreen TV,1,3/13/2019 20:07
164958,AAA Batteries (4-pack),1,3/7/2019 14:50
164959,AAA Batteries (4-pack),1,3/13/2019 22:19
164960,AA Batteries (4-pack),1,3/6/2019 16:53
164961,AAA Batteries (4-pack),1,3/5/2019 6:42
164962,LG Washing Machine,1,3/26/2019 21:04
164963,Wired Headphones,1,3/21/2019 10:07
164964,Wired Headphones,1,3/7/2019 23:27
164965,27in FHD Monitor,1,3/2/2019 12:14
164966,AA Batteries (4-pack),2,3/10/2019 12:01
164967,Apple Airpods Headphones,1,3/30/2019 23:23
164968,LG Washing Machine,1,3/7/2019 10:00
164969,AAA Batteries (4-pack),1,3/3/2019 8:14
164970,AA Batteries (4-pack),1,3/7/2019 18:37
164971,AAA Batteries (4-pack),1,3/9/2019 23:04
164972,20in Monitor,1,3/14/2019 22:45
164973,AAA Batteries (4-pack),2,3/21/2019 8:49
164974,Lightning Charging Cable,1,3/24/2019 14:37
164975,Lightning Charging Cable,1,3/17/2019 22:29
164976,Wired Headphones,1,3/18/2019 19:02
164977,iPhone,1,3/23/2019 17:19
164977,Lightning Charging Cable,1,3/23/2019 17:19
164978,Apple Airpods Headphones,1,3/4/2019 13:40
164979,AAA Batteries (4-pack),2,3/6/2019 5:27
164980,USB-C Charging Cable,1,3/2/2019 3:17
164981,Wired Headphones,1,3/18/2019 23:15
164982,Macbook Pro Laptop,1,3/16/2019 17:20
164983,27in FHD Monitor,1,3/17/2019 21:33
164984,Bose SoundSport Headphones,1,3/4/2019 22:59
164985,Google Phone,1,3/21/2019 14:27
164985,Wired Headphones,1,3/21/2019 14:27
164986,LG Dryer,1,3/6/2019 8:40
164987,Lightning Charging Cable,2,3/13/2019 14:39
164988,AAA Batteries (4-pack),2,3/30/2019 19:49
164989,ThinkPad Laptop,1,3/30/2019 14:46
164990,AA Batteries (4-pack),1,3/10/2019 21:19
164991,Flatscreen TV,1,3/7/2019 18:25
164992,Flatscreen TV,1,3/22/2019 19:20
164993,USB-C Charging Cable,1,3/9/2019 19:39
164994,Bose SoundSport Headphones,1,3/21/2019 11:29
164995,Bose SoundSport Headphones,1,3/26/2019 4:47
164996,Lightning Charging Cable,1,3/21/2019 9:19
164997,Vareebadd Phone,1,3/5/2019 22:09
164998,iPhone,1,3/31/2019 12:17
164999,34in Ultrawide Monitor,1,3/11/2019 14:07
165000,Macbook Pro Laptop,1,3/24/2019 20:07
165001,34in Ultrawide Monitor,1,3/25/2019 11:51
165002,ThinkPad Laptop,1,3/22/2019 23:36
165003,27in 4K Gaming Monitor,1,3/21/2019 12:09
165004,USB-C Charging Cable,1,3/23/2019 20:48
165005,LG Washing Machine,1,3/25/2019 16:22
165006,Wired Headphones,1,3/15/2019 17:45
165007,34in Ultrawide Monitor,1,4/1/2019 0:12
165008,Apple Airpods Headphones,1,3/23/2019 20:04
165009,Wired Headphones,1,3/25/2019 11:23
165010,Lightning Charging Cable,1,3/28/2019 11:35
165011,Apple Airpods Headphones,1,3/12/2019 10:44
165012,iPhone,1,3/25/2019 13:22
165013,AAA Batteries (4-pack),2,3/12/2019 18:17
165014,Apple Airpods Headphones,1,3/23/2019 20:09
165015,Apple Airpods Headphones,1,3/17/2019 0:40
165016,Lightning Charging Cable,1,3/30/2019 10:57
165017,27in FHD Monitor,1,3/22/2019 21:45
165018,Wired Headphones,1,3/29/2019 18:25
165019,USB-C Charging Cable,1,3/20/2019 20:08
165020,Google Phone,1,3/2/2019 10:33
165021,ThinkPad Laptop,1,3/19/2019 13:01
165022,AAA Batteries (4-pack),1,3/17/2019 11:53
165023,Apple Airpods Headphones,1,3/10/2019 21:05
165024,AAA Batteries (4-pack),2,3/15/2019 18:13
165025,AAA Batteries (4-pack),1,3/19/2019 16:28
165026,AAA Batteries (4-pack),3,3/21/2019 13:06
165027,Lightning Charging Cable,1,3/3/2019 11:10
165028,Apple Airpods Headphones,1,3/13/2019 16:37
165029,AA Batteries (4-pack),1,3/4/2019 16:44
165030,AAA Batteries (4-pack),1,3/13/2019 17:21
165031,AAA Batteries (4-pack),2,3/4/2019 11:50
165032,Apple Airpods Headphones,1,3/26/2019 11:40
165033,iPhone,1,3/20/2019 0:38
165034,AA Batteries (4-pack),2,3/27/2019 13:57
165035,ThinkPad Laptop,1,3/2/2019 8:48
165036,27in 4K Gaming Monitor,1,3/21/2019 21:13
165037,Lightning Charging Cable,1,3/1/2019 9:00
165038,USB-C Charging Cable,1,3/9/2019 18:26
165039,34in Ultrawide Monitor,1,3/8/2019 20:44
165040,AA Batteries (4-pack),1,3/15/2019 22:41
165041,LG Washing Machine,1,3/18/2019 9:31
165042,Apple Airpods Headphones,1,3/4/2019 21:35
165043,27in FHD Monitor,1,3/4/2019 14:29
165044,Google Phone,1,3/24/2019 8:25
165045,USB-C Charging Cable,1,3/10/2019 20:03
165046,Bose SoundSport Headphones,1,3/18/2019 13:23
165047,Bose SoundSport Headphones,1,3/3/2019 19:11
165048,AA Batteries (4-pack),1,3/16/2019 11:23
165049,AAA Batteries (4-pack),2,3/22/2019 22:28
165050,Google Phone,1,3/25/2019 21:31
165051,Vareebadd Phone,1,3/16/2019 0:07
165051,USB-C Charging Cable,1,3/16/2019 0:07
165052,Apple Airpods Headphones,1,3/7/2019 10:51
165053,20in Monitor,1,3/11/2019 13:23
165054,USB-C Charging Cable,1,3/27/2019 12:09
165055,Lightning Charging Cable,1,3/4/2019 20:44
165056,AA Batteries (4-pack),2,3/24/2019 23:31
165057,ThinkPad Laptop,1,3/21/2019 23:09
165058,27in 4K Gaming Monitor,1,3/31/2019 10:17
165059,AAA Batteries (4-pack),3,3/11/2019 9:52
165060,Bose SoundSport Headphones,1,3/17/2019 17:42
165061,Wired Headphones,1,3/29/2019 10:40
165062,AA Batteries (4-pack),1,3/31/2019 20:46
165063,AAA Batteries (4-pack),1,3/13/2019 20:43
165064,Wired Headphones,1,3/8/2019 19:36
165065,27in FHD Monitor,1,3/17/2019 9:54
165066,AA Batteries (4-pack),1,3/10/2019 12:24
165067,AA Batteries (4-pack),2,3/17/2019 20:54
165068,Apple Airpods Headphones,1,3/17/2019 20:58
165069,AAA Batteries (4-pack),1,3/22/2019 16:20
165070,AA Batteries (4-pack),3,3/29/2019 17:37
165071,AA Batteries (4-pack),1,3/31/2019 13:02
165072,USB-C Charging Cable,1,3/28/2019 20:22
165073,27in FHD Monitor,1,3/14/2019 21:37
165074,AAA Batteries (4-pack),1,3/4/2019 16:40
165075,34in Ultrawide Monitor,1,3/22/2019 23:09
165076,USB-C Charging Cable,1,3/13/2019 11:47
165077,Wired Headphones,1,3/21/2019 23:38
165078,Wired Headphones,1,3/26/2019 14:08
165079,AA Batteries (4-pack),1,3/24/2019 19:17
165080,AAA Batteries (4-pack),1,3/5/2019 15:37
165081,iPhone,1,3/8/2019 14:42
165082,AAA Batteries (4-pack),1,3/13/2019 11:31
165083,Google Phone,1,3/12/2019 18:38
165084,Bose SoundSport Headphones,1,3/10/2019 15:12
165085,Wired Headphones,1,3/7/2019 14:31
165086,AAA Batteries (4-pack),1,3/2/2019 18:02
165087,AA Batteries (4-pack),1,3/22/2019 12:31
165088,Vareebadd Phone,1,3/26/2019 18:24
165089,Wired Headphones,1,3/18/2019 4:42
165090,Google Phone,1,3/5/2019 13:59
165091,Bose SoundSport Headphones,1,3/15/2019 19:38
165092,USB-C Charging Cable,2,3/26/2019 12:25
165093,27in FHD Monitor,1,3/6/2019 14:17
165094,USB-C Charging Cable,1,3/8/2019 18:50
165095,Apple Airpods Headphones,1,3/9/2019 19:52
165096,Wired Headphones,1,3/8/2019 16:13
165097,Wired Headphones,1,3/3/2019 18:46
165098,AAA Batteries (4-pack),2,3/16/2019 10:01
165099,Apple Airpods Headphones,1,3/7/2019 19:29
165100,ThinkPad Laptop,1,3/12/2019 21:31
165101,Bose SoundSport Headphones,1,3/17/2019 13:40
165102,AAA Batteries (4-pack),1,3/1/2019 12:25
165103,AA Batteries (4-pack),1,3/6/2019 19:20
165103,Google Phone,1,3/6/2019 19:20
165104,Macbook Pro Laptop,1,3/29/2019 23:58
165105,AAA Batteries (4-pack),1,3/9/2019 13:06
165106,AAA Batteries (4-pack),1,3/22/2019 20:36
165107,AA Batteries (4-pack),2,3/12/2019 7:58
165108,Wired Headphones,1,3/5/2019 16:00
165109,Bose SoundSport Headphones,1,3/8/2019 8:05
165110,AAA Batteries (4-pack),2,3/10/2019 11:23
165111,27in FHD Monitor,1,3/8/2019 11:37
165112,AAA Batteries (4-pack),2,3/1/2019 18:48
165113,AAA Batteries (4-pack),1,3/12/2019 15:12
165114,27in 4K Gaming Monitor,1,3/9/2019 23:14
165115,Google Phone,1,3/22/2019 22:37
165115,Bose SoundSport Headphones,1,3/22/2019 22:37
165116,AAA Batteries (4-pack),1,3/8/2019 10:52
165117,AAA Batteries (4-pack),1,3/1/2019 9:15
165118,AA Batteries (4-pack),1,3/7/2019 23:24
165119,Macbook Pro Laptop,1,3/11/2019 9:58
165120,Lightning Charging Cable,1,3/22/2019 9:48
165121,iPhone,1,3/30/2019 16:20
165122,USB-C Charging Cable,1,3/29/2019 21:29
165122,Apple Airpods Headphones,1,3/29/2019 21:29
165123,Wired Headphones,2,3/18/2019 14:42
165123,Lightning Charging Cable,1,3/18/2019 14:42
165124,ThinkPad Laptop,1,3/27/2019 20:29
165125,AA Batteries (4-pack),1,3/27/2019 7:10
165126,AAA Batteries (4-pack),1,3/21/2019 22:20
165127,AAA Batteries (4-pack),3,3/23/2019 19:34
165128,27in FHD Monitor,1,3/7/2019 18:30
165129,USB-C Charging Cable,1,3/2/2019 9:11
165129,iPhone,1,3/2/2019 9:11
165130,AA Batteries (4-pack),2,3/26/2019 6:28
165131,Flatscreen TV,1,3/12/2019 11:00
165132,iPhone,1,3/16/2019 20:27
165133,Wired Headphones,1,3/29/2019 13:58
165134,Google Phone,1,3/22/2019 22:55
165135,LG Dryer,1,3/12/2019 13:19
165136,USB-C Charging Cable,1,3/16/2019 6:20
165137,27in FHD Monitor,1,3/21/2019 22:28
165138,Bose SoundSport Headphones,1,3/15/2019 17:07
165139,AA Batteries (4-pack),1,3/25/2019 12:51
165140,Lightning Charging Cable,1,3/16/2019 12:29
165141,Wired Headphones,1,3/23/2019 10:59
,,,
165142,AA Batteries (4-pack),1,3/31/2019 19:44
165143,AAA Batteries (4-pack),2,3/31/2019 2:46
165144,AAA Batteries (4-pack),2,3/26/2019 20:46
165145,20in Monitor,1,3/24/2019 13:02
165146,iPhone,1,3/4/2019 18:39
165147,Lightning Charging Cable,1,3/19/2019 19:36
165148,iPhone,1,3/2/2019 22:42
165149,Apple Airpods Headphones,1,3/18/2019 21:57
165150,USB-C Charging Cable,1,3/29/2019 14:34
165151,AA Batteries (4-pack),2,3/1/2019 9:21
165152,Apple Airpods Headphones,1,3/12/2019 0:10
165153,Lightning Charging Cable,1,3/8/2019 15:04
165154,AAA Batteries (4-pack),1,3/17/2019 9:34
165155,USB-C Charging Cable,1,3/28/2019 23:01
165156,Lightning Charging Cable,1,3/16/2019 12:53
165157,Bose SoundSport Headphones,1,3/14/2019 13:09
165158,iPhone,1,3/11/2019 11:58
165158,Lightning Charging Cable,1,3/11/2019 11:58
165159,Google Phone,1,3/21/2019 18:40
165160,Apple Airpods Headphones,1,3/3/2019 19:06
165161,Wired Headphones,1,3/19/2019 23:31
165162,Lightning Charging Cable,1,3/21/2019 10:49
165163,Lightning Charging Cable,1,3/9/2019 13:46
165164,AAA Batteries (4-pack),1,3/8/2019 0:47
165165,27in FHD Monitor,1,3/22/2019 20:15
165166,AA Batteries (4-pack),2,3/17/2019 15:50
165167,Bose SoundSport Headphones,1,3/8/2019 19:32
165168,Apple Airpods Headphones,1,3/1/2019 12:51
165169,27in 4K Gaming Monitor,1,3/26/2019 20:48
165170,Vareebadd Phone,1,3/13/2019 18:07
165171,Lightning Charging Cable,1,3/12/2019 14:38
165172,Lightning Charging Cable,1,3/18/2019 21:28
165173,AA Batteries (4-pack),1,3/19/2019 16:47
165174,LG Dryer,1,3/24/2019 18:03
165175,Apple Airpods Headphones,1,3/14/2019 12:50
165176,AAA Batteries (4-pack),1,3/15/2019 20:38
165177,LG Dryer,1,3/7/2019 18:41
165178,Lightning Charging Cable,1,3/6/2019 18:45
165179,USB-C Charging Cable,1,3/30/2019 13:25
165180,Lightning Charging Cable,1,3/24/2019 12:57
165180,Lightning Charging Cable,1,3/24/2019 12:57
Order ID,Product,Quantity Ordered,Order Date
165181,Bose SoundSport Headphones,1,3/6/2019 20:37
165182,AAA Batteries (4-pack),1,3/10/2019 10:24
165183,iPhone,1,3/15/2019 13:49
165184,USB-C Charging Cable,1,3/8/2019 19:03
165185,27in 4K Gaming Monitor,1,3/18/2019 9:32
165186,Wired Headphones,1,3/3/2019 14:07
165187,Wired Headphones,1,3/12/2019 19:38
165188,iPhone,1,3/20/2019 18:48
165189,Apple Airpods Headphones,1,3/6/2019 19:41
165190,AA Batteries (4-pack),3,3/31/2019 17:48
165191,AA Batteries (4-pack),1,3/4/2019 9:26
165192,34in Ultrawide Monitor,1,3/18/2019 10:37
165193,AA Batteries (4-pack),1,3/29/2019 8:35
165194,AAA Batteries (4-pack),1,3/13/2019 12:53
165195,27in FHD Monitor,1,3/4/2019 13:48
165196,Lightning Charging Cable,2,3/29/2019 8:31
165197,Apple Airpods Headphones,1,3/22/2019 22:44
165197,Macbook Pro Laptop,1,3/22/2019 22:44
165198,AAA Batteries (4-pack),1,3/13/2019 18:43
165199,USB-C Charging Cable,1,3/23/2019 11:33
165200,USB-C Charging Cable,2,3/25/2019 14:41
165201,iPhone,1,3/11/2019 10:19
165202,Bose SoundSport Headphones,1,3/4/2019 20:20
165203,27in 4K Gaming Monitor,1,3/7/2019 22:11
165204,Bose SoundSport Headphones,1,3/21/2019 12:16
165205,27in FHD Monitor,1,3/13/2019 12:07
165206,USB-C Charging Cable,1,3/7/2019 23:41
165207,Lightning Charging Cable,1,3/20/2019 9:25
165208,Flatscreen TV,1,3/27/2019 18:13
165209,Flatscreen TV,1,3/8/2019 0:53
165210,34in Ultrawide Monitor,1,3/29/2019 16:15
165211,Wired Headphones,1,3/3/2019 13:37
165212,AA Batteries (4-pack),1,3/29/2019 21:09
165213,Wired Headphones,1,3/18/2019 17:21
165214,AA Batteries (4-pack),2,3/16/2019 15:37
165215,AAA Batteries (4-pack),1,3/8/2019 23:21
165216,USB-C Charging Cable,1,3/17/2019 20:24
165217,USB-C Charging Cable,2,3/10/2019 12:56
165217,ThinkPad Laptop,1,3/10/2019 12:56
165218,Bose SoundSport Headphones,1,3/23/2019 10:29
165219,34in Ultrawide Monitor,1,3/3/2019 19:20
165220,AAA Batteries (4-pack),3,3/8/2019 9:46
165221,Apple Airpods Headphones,1,3/12/2019 7:39
165222,Apple Airpods Headphones,1,3/15/2019 12:44
165223,iPhone,1,3/4/2019 6:01
165224,AAA Batteries (4-pack),1,3/21/2019 20:50
165225,USB-C Charging Cable,1,3/17/2019 7:00
165226,Wired Headphones,1,3/3/2019 10:54
165227,Bose SoundSport Headphones,1,3/3/2019 15:17
165228,AAA Batteries (4-pack),3,3/27/2019 9:28
165229,Wired Headphones,1,3/3/2019 16:00
165230,Apple Airpods Headphones,1,3/16/2019 2:16
165231,USB-C Charging Cable,2,3/15/2019 14:36
165232,27in FHD Monitor,1,3/9/2019 4:58
165233,USB-C Charging Cable,1,3/14/2019 7:57
165234,AAA Batteries (4-pack),1,3/7/2019 23:40
165235,Lightning Charging Cable,1,3/23/2019 11:02
165236,Lightning Charging Cable,1,3/9/2019 15:28
165237,Lightning Charging Cable,1,3/16/2019 19:26
165238,AAA Batteries (4-pack),1,3/19/2019 1:27
165239,Apple Airpods Headphones,1,3/22/2019 14:49
165240,Lightning Charging Cable,1,3/14/2019 8:20
165241,Google Phone,1,3/7/2019 19:47
165241,USB-C Charging Cable,2,3/7/2019 19:47
165242,Bose SoundSport Headphones,1,3/28/2019 8:50
165243,AAA Batteries (4-pack),1,3/23/2019 6:25
165244,iPhone,1,3/15/2019 20:10
165244,AA Batteries (4-pack),1,3/15/2019 20:10
165245,AAA Batteries (4-pack),1,3/17/2019 12:02
165246,USB-C Charging Cable,1,3/19/2019 11:14
165247,AA Batteries (4-pack),2,3/24/2019 9:21
165248,27in FHD Monitor,1,3/11/2019 12:45
165248,Lightning Charging Cable,1,3/11/2019 12:45
165249,Bose SoundSport Headphones,1,3/18/2019 11:29
165250,USB-C Charging Cable,1,3/3/2019 5:23
165251,AA Batteries (4-pack),1,3/10/2019 11:20
165252,USB-C Charging Cable,1,3/13/2019 15:31
165253,iPhone,1,3/15/2019 21:17
165254,AA Batteries (4-pack),1,3/30/2019 20:53
165255,Vareebadd Phone,1,3/9/2019 18:46
165256,Macbook Pro Laptop,1,3/5/2019 17:41
165257,USB-C Charging Cable,1,3/5/2019 10:20
165258,AA Batteries (4-pack),1,3/18/2019 13:39
165259,Apple Airpods Headphones,1,3/11/2019 19:51
165260,34in Ultrawide Monitor,1,3/3/2019 17:22
165261,AA Batteries (4-pack),3,3/27/2019 1:01
165262,Wired Headphones,1,3/8/2019 19:05
165263,AA Batteries (4-pack),2,3/13/2019 19:06
165264,iPhone,1,3/27/2019 13:33
165265,27in 4K Gaming Monitor,1,3/6/2019 2:10
165266,27in 4K Gaming Monitor,1,3/1/2019 21:37
165267,AA Batteries (4-pack),1,3/23/2019 10:46
165268,Wired Headphones,2,3/17/2019 22:48
165269,AAA Batteries (4-pack),1,3/24/2019 12:01
165270,Google Phone,1,3/27/2019 3:04
165270,USB-C Charging Cable,1,3/27/2019 3:04
165271,Flatscreen TV,1,3/12/2019 21:45
165272,AAA Batteries (4-pack),1,3/3/2019 13:57
165273,AAA Batteries (4-pack),1,3/29/2019 0:38
165274,Flatscreen TV,1,3/21/2019 17:45
165275,Wired Headphones,1,3/22/2019 10:47
165276,AA Batteries (4-pack),1,3/23/2019 15:44
165277,USB-C Charging Cable,1,3/1/2019 23:43
165278,Google Phone,1,3/5/2019 15:48
165279,Macbook Pro Laptop,1,3/16/2019 13:21
165280,AA Batteries (4-pack),1,3/19/2019 19:49
165281,AA Batteries (4-pack),1,3/30/2019 16:50
165282,AAA Batteries (4-pack),1,3/17/2019 17:50
165283,27in FHD Monitor,1,3/15/2019 12:22
165284,Wired Headphones,1,3/17/2019 13:07
165285,Wired Headphones,1,3/5/2019 8:57
165286,20in Monitor,1,3/26/2019 18:00
165287,AA Batteries (4-pack),1,3/17/2019 0:22
165288,AAA Batteries (4-pack),3,3/11/2019 22:41
165289,AA Batteries (4-pack),1,3/22/2019 11:13
165290,34in Ultrawide Monitor,1,3/20/2019 16:49
165291,Bose SoundSport Headphones,1,3/25/2019 12:47
165292,Lightning Charging Cable,2,3/8/2019 11:33
165293,Wired Headphones,1,3/16/2019 21:57
165294,USB-C Charging Cable,1,3/26/2019 13:13
165295,AAA Batteries (4-pack),2,3/23/2019 8:54
165296,AAA Batteries (4-pack),1,3/12/2019 15:52
165297,AAA Batteries (4-pack),2,3/8/2019 11:34
165298,Apple Airpods Headphones,1,3/19/2019 17:46
165299,Lightning Charging Cable,1,3/18/2019 19:22
165300,Google Phone,1,3/19/2019 14:05
165301,AAA Batteries (4-pack),3,3/8/2019 15:42
,,,
165302,27in 4K Gaming Monitor,1,3/14/2019 11:55
165303,USB-C Charging Cable,1,3/3/2019 23:02
165304,ThinkPad Laptop,1,3/30/2019 20:39
165305,Vareebadd Phone,1,3/5/2019 19:24
165306,USB-C Charging Cable,1,3/2/2019 22:58
165307,Wired Headphones,2,3/22/2019 12:42
165308,Wired Headphones,1,3/30/2019 19:56
165309,27in 4K Gaming Monitor,1,3/26/2019 20:49
165310,Apple Airpods Headphones,1,3/3/2019 4:47
165311,AAA Batteries (4-pack),1,3/23/2019 20:52
165312,Lightning Charging Cable,1,3/6/2019 19:17
165313,USB-C Charging Cable,1,3/28/2019 13:05
165314,Lightning Charging Cable,1,3/23/2019 17:35
165315,USB-C Charging Cable,1,3/14/2019 20:22
165316,iPhone,1,3/29/2019 4:42
165317,Lightning Charging Cable,1,3/24/2019 8:50
165318,Macbook Pro Laptop,1,3/29/2019 21:08
165319,Bose SoundSport Headphones,1,3/18/2019 19:19
165320,34in Ultrawide Monitor,1,3/30/2019 23:45
165321,Apple Airpods Headphones,1,3/9/2019 10:04
165322,34in Ultrawide Monitor,1,3/24/2019 13:59
165323,Bose SoundSport Headphones,1,3/21/2019 9:05
165324,USB-C Charging Cable,1,3/31/2019 9:21
165325,34in Ultrawide Monitor,1,3/20/2019 19:41
165326,Bose SoundSport Headphones,1,3/29/2019 6:06
165327,Lightning Charging Cable,1,3/18/2019 19:12
165328,AAA Batteries (4-pack),1,3/29/2019 13:42
165329,AAA Batteries (4-pack),1,3/17/2019 20:20
165330,Flatscreen TV,1,3/7/2019 3:54
165331,Lightning Charging Cable,1,3/10/2019 10:50
165332,27in 4K Gaming Monitor,1,3/18/2019 16:28
165333,Bose SoundSport Headphones,1,3/4/2019 10:45
165334,34in Ultrawide Monitor,1,3/31/2019 21:55
165335,AAA Batteries (4-pack),1,3/29/2019 18:08
165336,Lightning Charging Cable,1,3/10/2019 12:20
165337,ThinkPad Laptop,1,3/12/2019 23:00
165338,Vareebadd Phone,1,3/19/2019 20:23
165339,27in FHD Monitor,1,3/9/2019 15:37
165340,34in Ultrawide Monitor,1,3/26/2019 19:15
165341,27in FHD Monitor,1,3/15/2019 18:23
165342,USB-C Charging Cable,1,3/21/2019 7:14
165343,USB-C Charging Cable,1,3/31/2019 6:31
165344,Macbook Pro Laptop,1,3/19/2019 21:53
165345,AAA Batteries (4-pack),1,3/16/2019 19:14
165346,Apple Airpods Headphones,1,3/30/2019 17:34
165347,Lightning Charging Cable,1,3/25/2019 12:34
165348,Flatscreen TV,1,3/31/2019 18:03
165349,Wired Headphones,1,3/2/2019 8:28
165350,USB-C Charging Cable,1,3/31/2019 17:43
165351,AAA Batteries (4-pack),1,3/22/2019 15:08
165352,USB-C Charging Cable,1,3/25/2019 22:58
165353,Wired Headphones,1,3/10/2019 14:18
165354,Lightning Charging Cable,1,3/2/2019 0:12
165355,AAA Batteries (4-pack),1,3/28/2019 6:05
165356,iPhone,1,3/22/2019 20:32
165357,Wired Headphones,1,3/1/2019 10:24
165358,Apple Airpods Headphones,1,3/8/2019 12:48
165359,Lightning Charging Cable,1,3/11/2019 18:57
165360,AAA Batteries (4-pack),2,3/8/2019 17:32
165361,Lightning Charging Cable,2,3/4/2019 10:41
165362,Lightning Charging Cable,1,3/14/2019 0:39
165363,27in 4K Gaming Monitor,1,3/7/2019 9:53
165364,iPhone,1,3/15/2019 19:08
165365,AAA Batteries (4-pack),1,3/28/2019 20:06
165366,27in 4K Gaming Monitor,1,3/7/2019 18:24
165367,AA Batteries (4-pack),1,3/5/2019 22:29
165368,34in Ultrawide Monitor,1,3/17/2019 23:18
165369,27in FHD Monitor,1,3/7/2019 16:52
165370,USB-C Charging Cable,1,3/14/2019 12:03
165371,USB-C Charging Cable,1,3/3/2019 19:39
165372,Macbook Pro Laptop,1,3/20/2019 21:50
165373,iPhone,1,3/24/2019 13:00
165374,Wired Headphones,1,3/26/2019 13:34
165375,Bose SoundSport Headphones,2,3/13/2019 11:07
165376,USB-C Charging Cable,1,3/13/2019 11:42
165377,34in Ultrawide Monitor,1,3/2/2019 17:25
165378,AAA Batteries (4-pack),1,3/13/2019 15:37
165379,Apple Airpods Headphones,1,3/27/2019 23:26
165380,AA Batteries (4-pack),1,3/3/2019 20:11
165381,AA Batteries (4-pack),1,3/7/2019 18:05
165382,Bose SoundSport Headphones,1,3/16/2019 9:57
165383,Lightning Charging Cable,1,3/16/2019 17:10
165384,AAA Batteries (4-pack),1,3/18/2019 14:13
165385,Lightning Charging Cable,1,3/4/2019 12:10
165386,27in FHD Monitor,1,3/17/2019 17:12
165387,Flatscreen TV,1,3/24/2019 17:17
165388,Wired Headphones,1,3/10/2019 12:01
165389,20in Monitor,1,3/4/2019 16:43
165390,ThinkPad Laptop,1,3/12/2019 2:01
165391,Lightning Charging Cable,1,3/2/2019 4:36
165392,Wired Headphones,1,3/18/2019 9:31
165393,USB-C Charging Cable,1,3/17/2019 9:27
165394,AAA Batteries (4-pack),1,3/13/2019 12:25
165395,Google Phone,1,3/26/2019 14:36
165396,Apple Airpods Headphones,1,3/19/2019 10:00
165397,20in Monitor,1,3/24/2019 11:37
165398,ThinkPad Laptop,1,3/30/2019 13:51
165399,Bose SoundSport Headphones,2,3/11/2019 18:56
165400,USB-C Charging Cable,2,3/12/2019 23:49
165401,AA Batteries (4-pack),1,3/1/2019 9:55
165402,27in FHD Monitor,1,3/20/2019 18:17
165403,Bose SoundSport Headphones,1,3/8/2019 17:09
165404,Lightning Charging Cable,1,3/12/2019 13:07
165405,AA Batteries (4-pack),1,3/31/2019 11:30
165406,27in FHD Monitor,1,3/23/2019 18:50
165407,20in Monitor,1,3/8/2019 18:16
165408,Wired Headphones,1,3/9/2019 13:00
165409,27in 4K Gaming Monitor,1,3/9/2019 12:02
165410,USB-C Charging Cable,1,3/20/2019 14:42
165410,AAA Batteries (4-pack),1,3/20/2019 14:42
165411,USB-C Charging Cable,1,3/10/2019 21:20
165412,Lightning Charging Cable,1,3/2/2019 13:48
165413,USB-C Charging Cable,1,3/27/2019 7:25
165414,AAA Batteries (4-pack),1,3/30/2019 0:09
165415,AAA Batteries (4-pack),2,3/28/2019 10:25
165416,ThinkPad Laptop,1,3/22/2019 14:21
165417,AA Batteries (4-pack),1,3/28/2019 19:13
165418,AAA Batteries (4-pack),1,3/22/2019 20:20
165419,USB-C Charging Cable,1,3/21/2019 8:55
165420,27in FHD Monitor,1,3/6/2019 15:59
165421,AAA Batteries (4-pack),1,3/27/2019 12:58
165422,Lightning Charging Cable,1,3/3/2019 23:24
165423,USB-C Charging Cable,1,3/5/2019 9:42
165424,USB-C Charging Cable,1,3/3/2019 19:03
165425,AAA Batteries (4-pack),2,3/25/2019 16:49
165426,AA Batteries (4-pack),1,3/4/2019 18:07
165427,Macbook Pro Laptop,1,3/1/2019 18:50
165428,20in Monitor,1,3/23/2019 12:32
165429,Lightning Charging Cable,1,3/25/2019 20:30
165430,AA Batteries (4-pack),1,3/21/2019 22:41
165431,Apple Airpods Headphones,1,3/13/2019 10:34
165432,AA Batteries (4-pack),1,3/27/2019 19:20
165433,Lightning Charging Cable,3,3/13/2019 18:51
165434,AA Batteries (4-pack),3,3/4/2019 9:50
165435,27in FHD Monitor,1,3/10/2019 20:02
165436,Apple Airpods Headphones,1,3/7/2019 4:19
165437,Lightning Charging Cable,1,3/19/2019 14:12
165438,Apple Airpods Headphones,1,3/10/2019 19:16
165439,Apple Airpods Headphones,1,3/23/2019 11:53
165440,Google Phone,1,3/15/2019 18:02
165441,AA Batteries (4-pack),2,3/29/2019 21:49
165442,Wired Headphones,1,3/25/2019 22:03
165443,Lightning Charging Cable,1,3/18/2019 1:34
165444,Apple Airpods Headphones,1,3/22/2019 6:53
165445,AA Batteries (4-pack),2,3/17/2019 11:13
165446,AAA Batteries (4-pack),3,3/4/2019 0:03
165447,Wired Headphones,1,3/25/2019 15:14
165448,Wired Headphones,1,3/17/2019 23:13
165449,USB-C Charging Cable,1,3/6/2019 19:36
165450,34in Ultrawide Monitor,1,3/20/2019 14:45
165451,AAA Batteries (4-pack),1,3/27/2019 19:13
165452,Apple Airpods Headphones,1,3/12/2019 15:10
165453,34in Ultrawide Monitor,1,3/27/2019 0:10
165454,34in Ultrawide Monitor,1,3/14/2019 21:22
165455,27in 4K Gaming Monitor,1,3/11/2019 18:13
165456,Wired Headphones,1,3/13/2019 20:11
165457,AAA Batteries (4-pack),3,3/24/2019 23:01
165458,Wired Headphones,1,3/20/2019 11:14
165459,27in 4K Gaming Monitor,1,3/8/2019 19:31
165460,LG Washing Machine,1,3/6/2019 11:38
165461,ThinkPad Laptop,1,3/9/2019 18:40
165462,Google Phone,1,3/14/2019 16:56
165462,Wired Headphones,2,3/14/2019 16:56
165463,AA Batteries (4-pack),1,3/27/2019 23:21
165464,Bose SoundSport Headphones,1,3/18/2019 9:12
165465,27in 4K Gaming Monitor,1,3/23/2019 16:52
165466,AA Batteries (4-pack),1,3/22/2019 15:39
165467,20in Monitor,1,3/23/2019 13:01
165468,AA Batteries (4-pack),1,3/10/2019 9:21
165469,Bose SoundSport Headphones,1,3/23/2019 15:59
165470,Lightning Charging Cable,1,3/28/2019 15:02
165471,Wired Headphones,1,3/25/2019 22:58
165471,AAA Batteries (4-pack),1,3/25/2019 22:58
165472,AAA Batteries (4-pack),2,3/9/2019 22:29
165473,Wired Headphones,1,3/2/2019 22:43
165474,Bose SoundSport Headphones,1,3/28/2019 13:07
165475,AA Batteries (4-pack),1,3/1/2019 5:41
165476,iPhone,1,3/26/2019 17:24
165477,Apple Airpods Headphones,1,3/5/2019 15:38
165478,Flatscreen TV,1,3/10/2019 17:11
165479,Google Phone,1,3/31/2019 16:42
165480,USB-C Charging Cable,1,3/9/2019 8:54
165481,Apple Airpods Headphones,1,3/19/2019 18:55
165481,Apple Airpods Headphones,1,3/19/2019 18:55
165482,AA Batteries (4-pack),2,3/16/2019 18:13
165483,Apple Airpods Headphones,1,3/10/2019 21:01
165484,USB-C Charging Cable,1,3/5/2019 18:09
165485,Lightning Charging Cable,1,3/17/2019 11:28
165486,Bose SoundSport Headphones,1,3/25/2019 17:16
165487,USB-C Charging Cable,1,3/1/2019 9:15
165488,AAA Batteries (4-pack),2,3/11/2019 12:02
165489,Wired Headphones,1,3/2/2019 19:17
165490,Wired Headphones,1,3/27/2019 18:04
165491,Lightning Charging Cable,1,3/20/2019 7:39
165492,20in Monitor,1,3/16/2019 11:46
165493,AA Batteries (4-pack),1,3/15/2019 19:49
165494,AAA Batteries (4-pack),2,3/3/2019 13:19
165495,Bose SoundSport Headphones,1,3/16/2019 10:27
165496,AA Batteries (4-pack),2,3/22/2019 21:56
165497,Flatscreen TV,1,3/4/2019 19:34
165498,AA Batteries (4-pack),1,3/13/2019 7:53
165499,27in 4K Gaming Monitor,1,3/7/2019 20:35
165500,Wired Headphones,1,3/3/2019 20:51
165501,USB-C Charging Cable,1,3/1/2019 10:35
165502,AA Batteries (4-pack),1,3/14/2019 20:04
165503,Apple Airpods Headphones,1,3/18/2019 14:38
165504,34in Ultrawide Monitor,1,3/26/2019 6:44
165505,AA Batteries (4-pack),2,3/17/2019 9:09
165506,AA Batteries (4-pack),1,3/17/2019 11:00
165507,AA Batteries (4-pack),2,3/31/2019 19:56
165508,Lightning Charging Cable,1,3/14/2019 3:09
165509,Vareebadd Phone,1,3/30/2019 14:59
165510,Lightning Charging Cable,1,3/23/2019 15:37
165511,iPhone,1,3/8/2019 19:10
165511,Lightning Charging Cable,1,3/8/2019 19:10
165512,Wired Headphones,1,3/3/2019 7:10
165513,34in Ultrawide Monitor,1,3/19/2019 2:18
165514,AA Batteries (4-pack),1,3/7/2019 9:23
165514,Lightning Charging Cable,1,3/7/2019 9:23
165515,AAA Batteries (4-pack),1,3/13/2019 10:44
165516,Lightning Charging Cable,1,3/9/2019 22:26
165517,AAA Batteries (4-pack),1,3/26/2019 18:57
165518,AA Batteries (4-pack),1,3/28/2019 15:53
165519,USB-C Charging Cable,1,3/19/2019 14:16
165520,Apple Airpods Headphones,1,3/20/2019 10:52
165521,USB-C Charging Cable,1,3/4/2019 20:16
165522,AAA Batteries (4-pack),2,3/2/2019 8:01
165523,20in Monitor,1,3/5/2019 15:44
165524,Wired Headphones,1,3/3/2019 15:47
165525,AAA Batteries (4-pack),1,3/8/2019 13:33
165526,AA Batteries (4-pack),1,3/12/2019 16:52
165527,Lightning Charging Cable,1,3/29/2019 18:31
165528,AA Batteries (4-pack),1,3/23/2019 19:50
165529,Apple Airpods Headphones,1,3/28/2019 18:35
165530,ThinkPad Laptop,1,3/4/2019 11:58
165531,Apple Airpods Headphones,1,3/16/2019 17:51
165532,AA Batteries (4-pack),1,3/2/2019 20:52
165533,Google Phone,1,3/29/2019 8:55
165534,Lightning Charging Cable,1,3/13/2019 7:23
165535,AAA Batteries (4-pack),1,3/16/2019 12:11
165536,Bose SoundSport Headphones,1,3/1/2019 14:36
165537,Wired Headphones,4,3/13/2019 18:02
165538,Apple Airpods Headphones,1,3/17/2019 4:31
165539,Wired Headphones,1,3/22/2019 10:38
165540,iPhone,1,3/10/2019 10:25
165541,iPhone,1,3/22/2019 12:21
165542,Apple Airpods Headphones,1,3/12/2019 19:15
165543,Google Phone,1,3/26/2019 19:55
165544,USB-C Charging Cable,3,3/20/2019 14:44
165545,AA Batteries (4-pack),1,3/23/2019 13:15
165546,Lightning Charging Cable,1,3/5/2019 10:51
165547,Apple Airpods Headphones,1,3/18/2019 3:19
165548,AAA Batteries (4-pack),3,3/11/2019 13:30
165549,27in FHD Monitor,1,3/21/2019 11:15
165550,Bose SoundSport Headphones,1,3/10/2019 12:40
165551,Lightning Charging Cable,1,3/30/2019 16:59
165552,Flatscreen TV,1,3/30/2019 8:41
165553,Lightning Charging Cable,1,3/3/2019 22:05
165554,Apple Airpods Headphones,1,3/10/2019 11:25
165555,AA Batteries (4-pack),1,3/31/2019 15:03
165556,Apple Airpods Headphones,1,3/29/2019 17:36
165557,Wired Headphones,1,3/29/2019 21:16
165558,AA Batteries (4-pack),2,3/11/2019 5:30
165559,AA Batteries (4-pack),1,3/16/2019 10:51
165560,Apple Airpods Headphones,1,3/20/2019 9:41
165561,Flatscreen TV,1,3/7/2019 11:58
165562,Lightning Charging Cable,1,3/29/2019 19:39
165563,Apple Airpods Headphones,1,3/8/2019 20:37
165564,27in FHD Monitor,1,3/25/2019 3:34
165565,USB-C Charging Cable,1,3/6/2019 11:14
165566,Apple Airpods Headphones,1,3/16/2019 20:17
165567,34in Ultrawide Monitor,1,3/21/2019 8:53
165568,Apple Airpods Headphones,1,3/5/2019 11:01
165569,AA Batteries (4-pack),1,3/13/2019 7:27
165570,Lightning Charging Cable,1,3/8/2019 4:07
165571,20in Monitor,1,3/23/2019 22:26
165572,Lightning Charging Cable,1,3/12/2019 17:14
165573,AAA Batteries (4-pack),1,3/3/2019 12:27
165574,Wired Headphones,1,3/23/2019 11:35
165575,ThinkPad Laptop,1,3/8/2019 22:29
165576,AAA Batteries (4-pack),1,3/5/2019 14:18
165577,USB-C Charging Cable,1,3/23/2019 8:04
165578,Google Phone,1,3/24/2019 21:41
165579,AAA Batteries (4-pack),1,3/15/2019 14:04
165580,AAA Batteries (4-pack),2,3/13/2019 18:13
165581,Apple Airpods Headphones,1,3/11/2019 22:28
165582,Lightning Charging Cable,1,3/3/2019 16:41
165583,AA Batteries (4-pack),1,3/28/2019 16:39
165584,Lightning Charging Cable,1,3/13/2019 17:19
165584,Apple Airpods Headphones,1,3/13/2019 17:19
165585,34in Ultrawide Monitor,1,3/11/2019 7:44
165586,Wired Headphones,1,3/16/2019 20:51
165587,27in 4K Gaming Monitor,1,3/27/2019 19:49
165588,34in Ultrawide Monitor,1,3/28/2019 22:16
165589,27in FHD Monitor,1,3/29/2019 15:17
165590,Wired Headphones,1,3/1/2019 11:32
165591,Apple Airpods Headphones,1,3/3/2019 21:03
165592,Flatscreen TV,1,3/1/2019 16:40
165593,AA Batteries (4-pack),1,3/6/2019 7:02
165594,Wired Headphones,1,3/4/2019 22:37
165595,AA Batteries (4-pack),1,3/14/2019 12:48
165596,20in Monitor,1,3/9/2019 18:45
165597,AAA Batteries (4-pack),1,3/25/2019 22:11
165598,27in FHD Monitor,1,3/8/2019 17:53
165599,AAA Batteries (4-pack),1,3/5/2019 21:18
165600,Lightning Charging Cable,1,3/4/2019 10:41
165601,iPhone,1,3/13/2019 15:19
165601,Apple Airpods Headphones,1,3/13/2019 15:19
165602,Google Phone,1,3/19/2019 20:37
165603,Apple Airpods Headphones,1,3/2/2019 14:22
165604,ThinkPad Laptop,1,3/28/2019 20:35
165605,AA Batteries (4-pack),4,3/15/2019 21:06
165606,20in Monitor,1,3/11/2019 14:03
165607,USB-C Charging Cable,1,3/11/2019 23:15
165608,Wired Headphones,1,3/6/2019 12:01
165609,Lightning Charging Cable,1,3/12/2019 20:10
165610,Wired Headphones,1,3/14/2019 15:20
165611,USB-C Charging Cable,1,3/20/2019 11:22
165612,Bose SoundSport Headphones,1,3/11/2019 23:03
165613,34in Ultrawide Monitor,1,3/27/2019 15:16
165614,AAA Batteries (4-pack),2,3/31/2019 11:24
165615,USB-C Charging Cable,1,3/28/2019 11:57
165616,USB-C Charging Cable,1,3/12/2019 15:09
165617,AA Batteries (4-pack),2,3/12/2019 7:34
165618,iPhone,1,3/7/2019 20:02
165618,Lightning Charging Cable,1,3/7/2019 20:02
165619,Lightning Charging Cable,1,3/19/2019 19:40
165620,USB-C Charging Cable,1,3/15/2019 13:34
165621,USB-C Charging Cable,1,3/11/2019 12:07
165622,Lightning Charging Cable,1,4/1/2019 2:59
165623,LG Dryer,1,3/26/2019 9:22
165624,ThinkPad Laptop,1,3/4/2019 16:07
165625,Lightning Charging Cable,1,3/2/2019 18:02
165626,Apple Airpods Headphones,1,3/1/2019 20:02
165627,20in Monitor,1,3/11/2019 12:21
165628,Lightning Charging Cable,1,3/17/2019 2:01
165629,ThinkPad Laptop,1,3/14/2019 16:55
165630,AA Batteries (4-pack),1,3/3/2019 20:44
165631,AA Batteries (4-pack),1,3/27/2019 6:41
165632,ThinkPad Laptop,1,3/13/2019 12:34
165633,Bose SoundSport Headphones,1,3/20/2019 10:37
165634,20in Monitor,1,3/4/2019 0:10
165635,Apple Airpods Headphones,1,3/24/2019 22:41
165636,Lightning Charging Cable,1,3/7/2019 16:18
165637,Lightning Charging Cable,1,3/18/2019 20:34
165638,Lightning Charging Cable,1,3/31/2019 12:56
165639,27in FHD Monitor,1,3/14/2019 11:15
165640,27in 4K Gaming Monitor,1,3/28/2019 6:04
165641,AA Batteries (4-pack),1,3/8/2019 19:38
165642,Flatscreen TV,1,3/19/2019 8:03
165643,Bose SoundSport Headphones,1,3/13/2019 14:02
165644,Apple Airpods Headphones,1,3/20/2019 8:17
165645,Wired Headphones,1,3/26/2019 17:13
165646,Lightning Charging Cable,1,3/1/2019 8:56
165647,Google Phone,1,3/21/2019 13:33
165648,AA Batteries (4-pack),1,3/20/2019 20:54
165649,USB-C Charging Cable,1,3/29/2019 22:16
,,,
165650,Lightning Charging Cable,1,3/6/2019 13:58
165651,Lightning Charging Cable,1,3/9/2019 14:36
165652,Lightning Charging Cable,1,3/26/2019 22:13
165653,Apple Airpods Headphones,1,3/24/2019 17:23
165654,Lightning Charging Cable,1,3/23/2019 21:21
165655,AA Batteries (4-pack),1,3/2/2019 23:30
165656,AA Batteries (4-pack),3,3/8/2019 20:25
165657,27in 4K Gaming Monitor,1,3/14/2019 3:09
165658,AAA Batteries (4-pack),1,3/12/2019 23:48
165659,Google Phone,1,3/6/2019 12:38
165660,27in 4K Gaming Monitor,1,3/16/2019 14:11
165661,Lightning Charging Cable,1,3/26/2019 16:44
165662,Google Phone,1,3/31/2019 9:20
165663,Bose SoundSport Headphones,1,3/2/2019 9:27
165664,iPhone,1,3/13/2019 19:42
165665,Google Phone,1,3/1/2019 17:48
165665,USB-C Charging Cable,1,3/1/2019 17:48
165665,Wired Headphones,1,3/1/2019 17:48
165665,AA Batteries (4-pack),1,3/1/2019 17:48
165666,Apple Airpods Headphones,1,3/3/2019 10:24
165667,27in 4K Gaming Monitor,1,3/29/2019 4:57
165668,34in Ultrawide Monitor,1,3/27/2019 11:28
165668,34in Ultrawide Monitor,1,3/27/2019 11:28
165669,USB-C Charging Cable,1,3/15/2019 13:23
165670,Google Phone,1,3/12/2019 9:32
165671,AAA Batteries (4-pack),1,3/22/2019 16:44
165672,Lightning Charging Cable,1,3/7/2019 23:55
165673,AAA Batteries (4-pack),1,3/9/2019 10:59
165674,AAA Batteries (4-pack),1,3/24/2019 6:53
165675,Wired Headphones,1,3/23/2019 18:34
165676,USB-C Charging Cable,1,3/30/2019 16:27
165677,34in Ultrawide Monitor,1,3/11/2019 11:44
165678,USB-C Charging Cable,1,3/30/2019 11:53
165679,Apple Airpods Headphones,1,3/27/2019 16:19
165680,AAA Batteries (4-pack),1,3/22/2019 19:47
165681,27in 4K Gaming Monitor,1,3/26/2019 17:22
165682,USB-C Charging Cable,1,3/31/2019 9:41
165683,Lightning Charging Cable,1,3/24/2019 14:28
165684,27in FHD Monitor,1,3/20/2019 13:13
165685,Macbook Pro Laptop,1,3/24/2019 14:04
165686,AAA Batteries (4-pack),1,3/12/2019 19:43
165687,27in 4K Gaming Monitor,1,3/27/2019 14:40
165688,Lightning Charging Cable,2,3/15/2019 12:04
165689,USB-C Charging Cable,1,3/21/2019 21:22
165690,USB-C Charging Cable,1,3/28/2019 23:12
165691,Lightning Charging Cable,1,3/7/2019 22:40
165692,USB-C Charging Cable,1,3/21/2019 13:16
165693,Google Phone,1,3/12/2019 14:34
165694,27in FHD Monitor,1,3/25/2019 16:12
165695,USB-C Charging Cable,1,3/10/2019 18:43
165696,Wired Headphones,1,3/17/2019 16:36
165697,USB-C Charging Cable,1,3/20/2019 19:51
165698,Apple Airpods Headphones,1,3/2/2019 23:37
165699,AAA Batteries (4-pack),1,3/4/2019 17:38
165700,Lightning Charging Cable,1,3/1/2019 12:18
165701,Wired Headphones,1,3/17/2019 18:32
165702,Apple Airpods Headphones,1,3/13/2019 16:38
165703,USB-C Charging Cable,1,3/26/2019 21:02
165704,Wired Headphones,1,3/1/2019 15:20
165705,Macbook Pro Laptop,1,3/10/2019 19:00
165706,Wired Headphones,1,3/24/2019 8:30
165707,Apple Airpods Headphones,1,3/4/2019 20:48
165708,AA Batteries (4-pack),1,3/16/2019 13:34
165709,Bose SoundSport Headphones,1,3/17/2019 16:44
165710,Flatscreen TV,1,3/18/2019 0:56
165711,iPhone,1,3/12/2019 23:49
165712,Wired Headphones,1,3/16/2019 8:35
165713,Wired Headphones,2,3/7/2019 17:21
165714,Wired Headphones,1,3/2/2019 10:06
165715,AA Batteries (4-pack),1,3/2/2019 23:21
165716,Bose SoundSport Headphones,1,3/27/2019 9:42
165717,34in Ultrawide Monitor,1,3/23/2019 9:05
165718,34in Ultrawide Monitor,1,3/14/2019 20:47
165719,Apple Airpods Headphones,1,3/1/2019 18:04
165720,AAA Batteries (4-pack),1,3/9/2019 0:25
165721,20in Monitor,1,3/1/2019 20:35
165722,Wired Headphones,2,3/10/2019 20:58
165723,20in Monitor,1,3/3/2019 14:38
165724,iPhone,1,3/27/2019 15:47
165725,AAA Batteries (4-pack),1,3/12/2019 19:57
165726,Lightning Charging Cable,2,3/10/2019 23:43
165727,Apple Airpods Headphones,1,3/18/2019 11:32
165728,USB-C Charging Cable,1,3/21/2019 16:43
165729,34in Ultrawide Monitor,1,3/23/2019 19:24
165730,34in Ultrawide Monitor,1,3/8/2019 21:16
165731,Apple Airpods Headphones,1,3/8/2019 18:57
165732,AAA Batteries (4-pack),2,3/25/2019 11:05
165732,AAA Batteries (4-pack),1,3/25/2019 11:05
165733,Apple Airpods Headphones,1,3/16/2019 21:22
165734,AA Batteries (4-pack),4,3/21/2019 16:47
165735,Wired Headphones,1,3/17/2019 18:29
165736,Bose SoundSport Headphones,1,3/2/2019 16:09
165737,AA Batteries (4-pack),1,3/23/2019 11:25
165738,AAA Batteries (4-pack),1,3/17/2019 11:21
165739,AA Batteries (4-pack),1,3/28/2019 15:10
165740,Wired Headphones,1,3/22/2019 14:35
165741,Bose SoundSport Headphones,1,3/10/2019 15:31
165742,Bose SoundSport Headphones,1,3/27/2019 20:11
165743,AAA Batteries (4-pack),2,3/5/2019 13:00
165744,Wired Headphones,1,3/15/2019 13:46
165745,Apple Airpods Headphones,1,3/13/2019 11:50
165746,AA Batteries (4-pack),1,3/6/2019 18:06
165747,Wired Headphones,1,3/10/2019 14:07
165748,Lightning Charging Cable,1,3/11/2019 22:47
165749,AA Batteries (4-pack),3,3/12/2019 10:10
165750,Bose SoundSport Headphones,1,3/8/2019 7:03
165751,Bose SoundSport Headphones,1,3/4/2019 16:18
165752,ThinkPad Laptop,1,3/1/2019 10:13
165753,20in Monitor,1,3/26/2019 8:21
165754,Google Phone,1,3/9/2019 13:38
165754,Wired Headphones,1,3/9/2019 13:38
165755,AA Batteries (4-pack),3,3/27/2019 7:07
165756,Wired Headphones,1,3/25/2019 13:19
165756,AAA Batteries (4-pack),3,3/25/2019 13:19
165757,Flatscreen TV,1,3/2/2019 11:10
165758,USB-C Charging Cable,1,3/14/2019 11:55
165759,AAA Batteries (4-pack),2,3/4/2019 6:57
165760,AA Batteries (4-pack),1,3/17/2019 7:12
165761,Wired Headphones,1,3/20/2019 21:54
165762,Wired Headphones,1,3/15/2019 14:41
165763,Vareebadd Phone,1,3/8/2019 21:12
165764,27in FHD Monitor,1,3/13/2019 9:53
165765,Wired Headphones,1,3/19/2019 20:43
165766,AAA Batteries (4-pack),1,3/9/2019 12:15
165767,ThinkPad Laptop,1,3/1/2019 20:05
165768,iPhone,1,3/17/2019 12:49
165768,Lightning Charging Cable,1,3/17/2019 12:49
165769,AAA Batteries (4-pack),1,3/24/2019 18:42
165770,USB-C Charging Cable,1,3/13/2019 10:11
165771,Macbook Pro Laptop,1,3/11/2019 18:40
165772,AAA Batteries (4-pack),1,3/19/2019 12:31
165773,Wired Headphones,2,3/9/2019 14:05
165774,AAA Batteries (4-pack),2,3/7/2019 16:54
165775,Wired Headphones,1,3/24/2019 0:36
165776,27in FHD Monitor,1,3/28/2019 20:41
165777,AAA Batteries (4-pack),1,3/2/2019 11:04
165778,Lightning Charging Cable,1,3/1/2019 12:14
165779,Macbook Pro Laptop,1,3/21/2019 18:54
165780,AAA Batteries (4-pack),1,3/28/2019 13:47
165781,20in Monitor,1,3/24/2019 12:45
165782,Vareebadd Phone,1,3/27/2019 21:25
165782,AA Batteries (4-pack),1,3/27/2019 21:25
165783,iPhone,1,3/23/2019 11:40
165784,Flatscreen TV,1,3/6/2019 19:07
165785,USB-C Charging Cable,1,3/4/2019 14:37
165786,AAA Batteries (4-pack),1,3/7/2019 9:59
165787,LG Dryer,1,3/19/2019 19:40
165788,20in Monitor,1,3/21/2019 16:37
165789,Bose SoundSport Headphones,1,3/18/2019 15:51
165790,AA Batteries (4-pack),1,3/9/2019 20:45
165791,Apple Airpods Headphones,1,3/15/2019 15:33
165792,Bose SoundSport Headphones,1,3/22/2019 15:05
165792,Wired Headphones,1,3/22/2019 15:05
165793,AAA Batteries (4-pack),4,3/31/2019 22:30
165794,Lightning Charging Cable,1,3/12/2019 17:11
165795,iPhone,1,3/7/2019 15:49
165796,USB-C Charging Cable,1,3/23/2019 7:21
165797,Lightning Charging Cable,1,3/3/2019 16:47
165798,Vareebadd Phone,1,3/3/2019 10:22
165799,LG Dryer,1,3/8/2019 13:13
165800,Bose SoundSport Headphones,1,3/9/2019 10:35
165801,27in 4K Gaming Monitor,1,3/6/2019 13:49
165802,Lightning Charging Cable,1,3/2/2019 11:48
165803,AAA Batteries (4-pack),2,3/2/2019 10:21
165804,AAA Batteries (4-pack),1,3/3/2019 18:04
165805,20in Monitor,1,3/28/2019 6:15
165806,USB-C Charging Cable,1,3/1/2019 19:35
165807,Flatscreen TV,1,3/12/2019 17:42
165808,USB-C Charging Cable,1,3/10/2019 20:29
165809,Wired Headphones,1,3/31/2019 11:57
165810,Bose SoundSport Headphones,1,3/24/2019 12:15
165811,Google Phone,1,3/26/2019 8:35
165812,iPhone,1,3/30/2019 19:18
165812,Lightning Charging Cable,1,3/30/2019 19:18
165813,AAA Batteries (4-pack),1,3/6/2019 19:47
165814,AAA Batteries (4-pack),1,3/18/2019 11:35
165815,Apple Airpods Headphones,1,3/5/2019 15:50
165816,AA Batteries (4-pack),1,3/31/2019 17:02
165817,AAA Batteries (4-pack),3,3/23/2019 13:03
165818,Bose SoundSport Headphones,1,3/14/2019 14:19
165819,AA Batteries (4-pack),1,3/13/2019 11:23
165820,Apple Airpods Headphones,1,3/20/2019 1:02
165821,USB-C Charging Cable,1,3/21/2019 18:09
165822,USB-C Charging Cable,1,3/18/2019 23:31
165823,Bose SoundSport Headphones,1,3/9/2019 16:34
165824,Bose SoundSport Headphones,1,3/5/2019 17:38
165825,Wired Headphones,1,3/21/2019 17:25
165826,Flatscreen TV,1,3/2/2019 11:55
165827,Vareebadd Phone,1,3/2/2019 0:16
165828,Bose SoundSport Headphones,1,3/22/2019 14:15
165829,Apple Airpods Headphones,1,3/28/2019 19:12
165830,AAA Batteries (4-pack),1,3/22/2019 11:59
165831,AAA Batteries (4-pack),2,3/30/2019 21:29
165832,Bose SoundSport Headphones,1,3/8/2019 19:22
165833,AAA Batteries (4-pack),2,3/23/2019 15:15
165834,USB-C Charging Cable,1,3/8/2019 13:15
Order ID,Product,Quantity Ordered,Order Date
165835,27in FHD Monitor,1,3/16/2019 16:57
165836,AA Batteries (4-pack),1,3/29/2019 21:56
165837,iPhone,1,3/26/2019 16:30
165838,USB-C Charging Cable,1,3/14/2019 21:10
165839,AAA Batteries (4-pack),1,3/26/2019 12:05
165840,Flatscreen TV,1,3/1/2019 8:59
165841,Apple Airpods Headphones,1,3/12/2019 9:45
165842,20in Monitor,1,3/19/2019 10:38
165843,Wired Headphones,1,3/30/2019 12:20
165844,Wired Headphones,1,3/26/2019 11:32
165845,AA Batteries (4-pack),1,3/1/2019 17:17
165846,USB-C Charging Cable,1,3/21/2019 17:46
165847,ThinkPad Laptop,1,3/17/2019 19:19
165848,27in 4K Gaming Monitor,1,3/22/2019 11:21
165849,AA Batteries (4-pack),1,3/30/2019 7:47
165850,Bose SoundSport Headphones,1,3/19/2019 14:47
165851,20in Monitor,1,3/16/2019 16:39
165852,AAA Batteries (4-pack),1,3/30/2019 14:24
165853,USB-C Charging Cable,1,3/31/2019 22:27
165854,Google Phone,1,3/11/2019 14:18
165855,USB-C Charging Cable,1,3/3/2019 10:10
165856,AAA Batteries (4-pack),2,3/1/2019 10:43
165857,AAA Batteries (4-pack),1,3/20/2019 10:16
165858,27in 4K Gaming Monitor,1,3/6/2019 21:35
165859,Google Phone,1,3/12/2019 10:09
165859,27in FHD Monitor,1,3/12/2019 10:09
165860,iPhone,1,3/27/2019 21:01
Order ID,Product,Quantity Ordered,Order Date
165861,AA Batteries (4-pack),1,3/7/2019 10:54
165862,Wired Headphones,1,3/9/2019 11:10
165862,Apple Airpods Headphones,1,3/9/2019 11:10
165863,Wired Headphones,1,3/16/2019 10:50
165864,Apple Airpods Headphones,1,3/3/2019 20:28
165865,AAA Batteries (4-pack),2,3/25/2019 21:25
165866,Apple Airpods Headphones,1,3/11/2019 16:29
165867,27in 4K Gaming Monitor,1,3/31/2019 19:56
165868,20in Monitor,1,3/6/2019 10:46
165869,Wired Headphones,1,3/22/2019 6:57
165870,ThinkPad Laptop,1,3/19/2019 17:07
165871,Lightning Charging Cable,1,3/10/2019 0:38
165872,Lightning Charging Cable,1,3/14/2019 21:47
165873,AA Batteries (4-pack),2,3/18/2019 19:39
165874,27in 4K Gaming Monitor,1,3/27/2019 7:59
165875,USB-C Charging Cable,1,3/9/2019 18:53
165876,27in FHD Monitor,1,3/6/2019 8:10
165877,Bose SoundSport Headphones,1,3/8/2019 14:47
165878,Flatscreen TV,1,3/23/2019 20:24
165879,Apple Airpods Headphones,1,3/3/2019 10:46
165880,iPhone,1,3/3/2019 12:32
165881,USB-C Charging Cable,2,3/31/2019 15:35
165882,ThinkPad Laptop,1,3/14/2019 21:01
165883,27in FHD Monitor,1,3/4/2019 22:27
165884,27in FHD Monitor,1,3/29/2019 5:39
165885,USB-C Charging Cable,3,3/21/2019 5:38
165886,AAA Batteries (4-pack),1,3/10/2019 12:47
165887,iPhone,1,3/26/2019 20:26
165888,Bose SoundSport Headphones,1,3/6/2019 18:02
165889,Apple Airpods Headphones,1,3/10/2019 8:06
165890,AA Batteries (4-pack),1,3/31/2019 18:39
165890,Wired Headphones,1,3/31/2019 18:39
165891,Bose SoundSport Headphones,1,3/4/2019 11:19
165892,iPhone,1,3/7/2019 17:57
165893,Wired Headphones,1,3/17/2019 19:55
165894,LG Washing Machine,1,3/22/2019 15:12
165895,34in Ultrawide Monitor,1,3/5/2019 12:53
165896,Apple Airpods Headphones,1,3/13/2019 19:14
165897,Apple Airpods Headphones,1,3/28/2019 8:21
165898,Flatscreen TV,1,3/18/2019 14:32
165899,AAA Batteries (4-pack),1,3/31/2019 11:16
165900,Lightning Charging Cable,1,3/23/2019 19:42
165901,Lightning Charging Cable,1,3/25/2019 7:05
165902,Lightning Charging Cable,1,3/11/2019 21:53
165903,AAA Batteries (4-pack),2,3/9/2019 9:50
165904,USB-C Charging Cable,1,3/11/2019 19:00
165905,USB-C Charging Cable,1,3/29/2019 21:22
165906,AA Batteries (4-pack),1,3/28/2019 9:48
165907,AA Batteries (4-pack),4,3/28/2019 7:52
165908,27in FHD Monitor,1,3/29/2019 23:19
165909,AA Batteries (4-pack),1,3/9/2019 22:50
165910,USB-C Charging Cable,1,3/20/2019 15:02
165911,iPhone,1,3/15/2019 12:52
165911,Lightning Charging Cable,1,3/15/2019 12:52
165912,USB-C Charging Cable,1,3/15/2019 7:33
165913,USB-C Charging Cable,1,3/24/2019 20:28
165914,Vareebadd Phone,1,3/4/2019 11:20
165914,Wired Headphones,1,3/4/2019 11:20
165915,Macbook Pro Laptop,1,3/17/2019 21:25
165916,Apple Airpods Headphones,1,3/21/2019 22:17
165917,Wired Headphones,1,3/8/2019 20:59
165918,Bose SoundSport Headphones,1,3/9/2019 15:31
165919,27in FHD Monitor,1,3/19/2019 12:11
165920,AA Batteries (4-pack),1,3/5/2019 8:50
165921,Wired Headphones,1,3/30/2019 10:15
165922,Bose SoundSport Headphones,1,3/31/2019 23:38
165923,Wired Headphones,2,3/15/2019 19:24
165924,Apple Airpods Headphones,1,3/14/2019 16:27
165925,AAA Batteries (4-pack),1,3/5/2019 20:45
165926,Apple Airpods Headphones,1,3/31/2019 13:50
165927,iPhone,1,3/21/2019 22:48
165928,Vareebadd Phone,1,3/25/2019 19:31
165928,USB-C Charging Cable,2,3/25/2019 19:31
165929,AAA Batteries (4-pack),1,3/28/2019 13:33
165930,Wired Headphones,1,3/29/2019 12:08
165931,Apple Airpods Headphones,1,3/9/2019 11:39
165932,Lightning Charging Cable,1,3/31/2019 10:02
165933,AAA Batteries (4-pack),1,3/9/2019 23:12
165934,USB-C Charging Cable,1,3/24/2019 8:25
165934,USB-C Charging Cable,1,3/24/2019 8:25
165935,Apple Airpods Headphones,1,3/11/2019 17:49
165936,USB-C Charging Cable,1,3/15/2019 21:23
165937,AA Batteries (4-pack),1,3/25/2019 22:14
165938,Google Phone,1,3/30/2019 11:51
165938,USB-C Charging Cable,1,3/30/2019 11:51
165938,Wired Headphones,1,3/30/2019 11:51
165939,AA Batteries (4-pack),1,3/15/2019 19:32
165940,Apple Airpods Headphones,1,3/31/2019 13:32
165941,Bose SoundSport Headphones,1,3/14/2019 13:58
165942,AA Batteries (4-pack),1,3/2/2019 18:57
165943,Bose SoundSport Headphones,1,3/3/2019 9:33
165944,Wired Headphones,1,3/19/2019 8:19
165945,Wired Headphones,1,3/19/2019 16:38
165946,Apple Airpods Headphones,1,3/21/2019 2:53
165947,27in FHD Monitor,1,3/12/2019 1:04
165948,34in Ultrawide Monitor,1,3/24/2019 18:01
165948,Bose SoundSport Headphones,1,3/24/2019 18:01
165949,Google Phone,1,3/11/2019 9:56
165950,Apple Airpods Headphones,1,3/12/2019 19:49
165951,AAA Batteries (4-pack),1,3/18/2019 9:48
165952,Apple Airpods Headphones,1,3/13/2019 20:03
165953,Bose SoundSport Headphones,1,3/4/2019 11:47
165954,Flatscreen TV,1,3/7/2019 18:26
165955,USB-C Charging Cable,1,3/5/2019 13:30
165956,Lightning Charging Cable,1,3/12/2019 17:52
165957,27in FHD Monitor,1,3/26/2019 13:00
165958,Bose SoundSport Headphones,1,3/3/2019 12:27
165959,AAA Batteries (4-pack),1,3/15/2019 17:04
165960,Apple Airpods Headphones,1,3/17/2019 22:31
165961,Lightning Charging Cable,1,3/11/2019 11:00
165962,Lightning Charging Cable,1,3/29/2019 9:35
165963,Wired Headphones,1,3/25/2019 21:05
165964,USB-C Charging Cable,1,3/28/2019 17:25
165965,Bose SoundSport Headphones,1,3/21/2019 18:20
165966,AAA Batteries (4-pack),1,3/17/2019 19:42
165967,USB-C Charging Cable,1,3/30/2019 20:41
165968,USB-C Charging Cable,1,3/19/2019 21:03
165969,Apple Airpods Headphones,1,3/2/2019 11:13
165970,34in Ultrawide Monitor,1,3/26/2019 12:32
165971,20in Monitor,1,3/11/2019 13:59
165972,Lightning Charging Cable,1,3/10/2019 9:28
165973,Apple Airpods Headphones,1,3/27/2019 15:02
165974,Apple Airpods Headphones,1,3/16/2019 18:42
165975,Lightning Charging Cable,1,3/26/2019 16:10
165976,Lightning Charging Cable,1,3/11/2019 12:32
165977,Bose SoundSport Headphones,1,3/21/2019 10:26
165978,USB-C Charging Cable,1,3/7/2019 23:31
165979,Wired Headphones,1,3/9/2019 14:02
165980,Apple Airpods Headphones,1,3/18/2019 10:44
165981,Apple Airpods Headphones,1,3/28/2019 20:04
165982,20in Monitor,1,3/17/2019 12:09
165983,Macbook Pro Laptop,1,3/14/2019 13:28
165984,USB-C Charging Cable,1,3/25/2019 23:09
165985,Apple Airpods Headphones,1,3/19/2019 19:19
165986,AAA Batteries (4-pack),1,3/13/2019 19:41
165987,USB-C Charging Cable,1,3/11/2019 0:05
165988,AA Batteries (4-pack),1,3/7/2019 17:22
165989,AA Batteries (4-pack),1,3/8/2019 23:18
165990,USB-C Charging Cable,1,3/6/2019 17:56
165991,27in 4K Gaming Monitor,1,3/25/2019 16:37
165992,Wired Headphones,1,3/2/2019 9:39
165993,Lightning Charging Cable,1,3/19/2019 11:41
165994,USB-C Charging Cable,1,3/18/2019 11:06
165995,AAA Batteries (4-pack),3,3/16/2019 23:11
165996,AAA Batteries (4-pack),2,3/3/2019 11:17
165997,20in Monitor,1,3/19/2019 10:35
165998,AA Batteries (4-pack),1,3/2/2019 14:30
165999,Wired Headphones,2,3/2/2019 16:25
166000,Wired Headphones,1,3/16/2019 8:24
166001,Vareebadd Phone,1,3/15/2019 13:19
166001,USB-C Charging Cable,1,3/15/2019 13:19
166002,Macbook Pro Laptop,1,3/3/2019 17:25
166003,Flatscreen TV,1,3/18/2019 11:11
166004,LG Dryer,1,3/30/2019 12:49
166005,AAA Batteries (4-pack),1,3/27/2019 15:30
166006,Lightning Charging Cable,1,3/6/2019 11:40
166007,AAA Batteries (4-pack),1,3/31/2019 13:56
166008,AAA Batteries (4-pack),1,3/30/2019 12:38
166009,Bose SoundSport Headphones,1,3/26/2019 20:00
166010,AA Batteries (4-pack),1,3/30/2019 22:12
166011,Lightning Charging Cable,1,3/30/2019 15:44
166012,Bose SoundSport Headphones,1,3/2/2019 23:52
166013,Bose SoundSport Headphones,1,3/1/2019 13:24
166014,34in Ultrawide Monitor,1,3/28/2019 6:59
166015,Apple Airpods Headphones,1,3/18/2019 17:12
166016,iPhone,1,3/4/2019 19:26
166017,LG Washing Machine,1,3/18/2019 6:16
166018,USB-C Charging Cable,1,3/21/2019 7:46
166019,USB-C Charging Cable,1,3/14/2019 22:13
166020,USB-C Charging Cable,1,3/4/2019 16:53
166021,USB-C Charging Cable,1,3/24/2019 12:02
166022,Macbook Pro Laptop,1,3/18/2019 11:59
Order ID,Product,Quantity Ordered,Order Date
166023,Bose SoundSport Headphones,1,3/6/2019 8:23
166024,Wired Headphones,1,3/9/2019 9:36
166025,27in 4K Gaming Monitor,1,3/3/2019 13:21
166026,AAA Batteries (4-pack),2,3/13/2019 21:30
166027,Lightning Charging Cable,1,3/22/2019 14:16
166028,AA Batteries (4-pack),1,3/17/2019 17:34
166029,Vareebadd Phone,1,3/28/2019 17:47
166030,Lightning Charging Cable,1,3/25/2019 12:12
166031,AAA Batteries (4-pack),1,3/14/2019 13:31
166032,AAA Batteries (4-pack),1,3/30/2019 16:47
166033,Wired Headphones,1,3/30/2019 11:56
166034,Lightning Charging Cable,2,3/24/2019 16:24
166035,Lightning Charging Cable,1,3/22/2019 9:39
166036,27in FHD Monitor,1,3/18/2019 21:38
166037,27in 4K Gaming Monitor,1,3/16/2019 17:08
166038,AAA Batteries (4-pack),2,3/23/2019 13:02
166039,Apple Airpods Headphones,1,3/26/2019 12:16
166040,AAA Batteries (4-pack),1,3/19/2019 14:04
166041,Lightning Charging Cable,1,3/3/2019 18:08
166042,27in 4K Gaming Monitor,1,3/7/2019 21:07
166043,27in FHD Monitor,1,3/11/2019 9:21
166044,Lightning Charging Cable,1,3/8/2019 14:12
166045,LG Washing Machine,1,3/15/2019 19:56
166046,Wired Headphones,1,3/17/2019 21:03
166047,20in Monitor,1,3/14/2019 20:15
166048,Wired Headphones,1,3/11/2019 17:45
166049,Wired Headphones,1,3/15/2019 21:36
166050,Apple Airpods Headphones,1,3/13/2019 11:04
166051,AAA Batteries (4-pack),1,3/26/2019 22:32
166052,27in FHD Monitor,1,3/10/2019 8:41
166053,Wired Headphones,2,3/15/2019 16:51
166054,USB-C Charging Cable,1,3/28/2019 13:26
Order ID,Product,Quantity Ordered,Order Date
166055,USB-C Charging Cable,1,3/19/2019 10:13
166056,USB-C Charging Cable,1,3/15/2019 11:06
166057,Apple Airpods Headphones,1,3/28/2019 8:46
166058,Flatscreen TV,1,3/19/2019 12:31
166059,AA Batteries (4-pack),1,3/29/2019 12:23
166060,Wired Headphones,1,3/14/2019 18:01
166061,20in Monitor,1,3/19/2019 3:48
166062,Wired Headphones,1,3/29/2019 21:25
166063,Flatscreen TV,1,3/24/2019 17:13
166064,Lightning Charging Cable,1,3/5/2019 20:10
166065,27in FHD Monitor,1,3/18/2019 11:48
166066,Bose SoundSport Headphones,1,3/20/2019 0:35
166067,AA Batteries (4-pack),1,3/7/2019 0:26
166068,Bose SoundSport Headphones,1,3/27/2019 16:19
166069,27in FHD Monitor,1,3/25/2019 18:21
166070,AA Batteries (4-pack),1,3/19/2019 20:00
166071,USB-C Charging Cable,1,3/3/2019 11:31
166072,Macbook Pro Laptop,1,3/19/2019 20:03
166073,Lightning Charging Cable,1,3/7/2019 21:27
166074,Wired Headphones,1,3/9/2019 15:58
166075,Bose SoundSport Headphones,1,3/23/2019 8:21
166076,USB-C Charging Cable,1,3/6/2019 10:27
166077,AAA Batteries (4-pack),1,3/22/2019 18:29
166078,Bose SoundSport Headphones,1,3/20/2019 19:26
166079,AAA Batteries (4-pack),1,3/4/2019 11:58
166080,ThinkPad Laptop,1,3/1/2019 23:22
166081,AA Batteries (4-pack),1,3/6/2019 21:32
166082,iPhone,1,3/28/2019 20:05
166082,Apple Airpods Headphones,1,3/28/2019 20:05
166083,LG Dryer,1,3/12/2019 15:18
166084,Bose SoundSport Headphones,1,3/4/2019 22:17
166085,Bose SoundSport Headphones,1,3/17/2019 18:37
166086,Apple Airpods Headphones,1,3/15/2019 19:17
166087,34in Ultrawide Monitor,1,3/27/2019 15:49
166088,Wired Headphones,1,3/14/2019 18:38
166089,USB-C Charging Cable,1,3/8/2019 0:21
166090,Lightning Charging Cable,1,3/28/2019 18:50
166091,Wired Headphones,2,3/6/2019 22:14
166092,Apple Airpods Headphones,1,3/13/2019 7:15
166093,iPhone,1,3/11/2019 12:44
166094,27in 4K Gaming Monitor,1,3/26/2019 18:54
166095,27in 4K Gaming Monitor,1,3/19/2019 16:10
166096,ThinkPad Laptop,1,3/18/2019 17:57
166097,AAA Batteries (4-pack),2,3/24/2019 14:40
166098,USB-C Charging Cable,2,3/30/2019 15:58
166099,Lightning Charging Cable,1,3/8/2019 1:05
166100,Apple Airpods Headphones,1,3/27/2019 9:05
166101,Apple Airpods Headphones,1,3/6/2019 20:48
166102,Bose SoundSport Headphones,1,3/18/2019 20:39
166103,27in 4K Gaming Monitor,1,3/28/2019 18:20
166104,AA Batteries (4-pack),2,3/29/2019 0:19
166105,Google Phone,1,3/19/2019 11:07
166105,Wired Headphones,1,3/19/2019 11:07
166106,Apple Airpods Headphones,1,3/13/2019 22:14
166107,Vareebadd Phone,1,3/6/2019 11:49
166108,AA Batteries (4-pack),3,3/23/2019 12:54
166109,USB-C Charging Cable,1,3/29/2019 14:50
166110,Wired Headphones,1,3/8/2019 19:01
166111,Bose SoundSport Headphones,1,3/23/2019 15:19
166112,Flatscreen TV,1,3/6/2019 13:17
166113,27in 4K Gaming Monitor,1,3/11/2019 23:20
166114,27in 4K Gaming Monitor,1,3/15/2019 10:22
166115,USB-C Charging Cable,1,3/18/2019 20:03
166116,USB-C Charging Cable,1,3/29/2019 18:10
166117,27in FHD Monitor,1,3/27/2019 19:30
166118,Lightning Charging Cable,1,3/2/2019 8:35
166119,USB-C Charging Cable,1,3/5/2019 11:08
166120,AA Batteries (4-pack),1,3/16/2019 13:22
166121,27in FHD Monitor,1,3/27/2019 11:20
166122,AA Batteries (4-pack),1,3/21/2019 23:36
166123,Bose SoundSport Headphones,1,3/21/2019 22:04
166124,Wired Headphones,1,3/12/2019 20:45
166125,AAA Batteries (4-pack),1,3/13/2019 11:16
166126,Wired Headphones,1,3/18/2019 10:52
166127,iPhone,1,3/14/2019 15:21
166127,Lightning Charging Cable,1,3/14/2019 15:21
166128,Bose SoundSport Headphones,1,3/25/2019 21:26
166129,Bose SoundSport Headphones,1,3/28/2019 13:32
166130,27in 4K Gaming Monitor,1,3/30/2019 23:33
166131,Wired Headphones,1,3/15/2019 11:14
166132,Lightning Charging Cable,2,3/13/2019 21:55
166133,Lightning Charging Cable,1,3/20/2019 14:02
166134,Macbook Pro Laptop,1,3/9/2019 21:35
166135,27in 4K Gaming Monitor,1,3/2/2019 21:46
166136,Macbook Pro Laptop,1,3/18/2019 18:44
166137,27in FHD Monitor,1,3/15/2019 13:18
166138,27in 4K Gaming Monitor,1,3/7/2019 14:02
166139,AAA Batteries (4-pack),1,3/4/2019 17:03
166140,Bose SoundSport Headphones,1,3/8/2019 13:55
166141,Wired Headphones,1,3/7/2019 14:13
166142,34in Ultrawide Monitor,1,3/11/2019 13:35
166143,Flatscreen TV,2,3/1/2019 15:07
166144,Wired Headphones,1,3/2/2019 17:23
166145,USB-C Charging Cable,1,3/15/2019 11:23
166146,Lightning Charging Cable,1,3/5/2019 16:07
166147,Lightning Charging Cable,1,3/16/2019 18:39
166148,Apple Airpods Headphones,1,3/18/2019 10:29
166149,27in FHD Monitor,1,3/26/2019 9:15
166150,USB-C Charging Cable,1,3/7/2019 21:27
166151,Lightning Charging Cable,1,3/5/2019 13:54
166152,34in Ultrawide Monitor,1,3/28/2019 11:53
166153,Apple Airpods Headphones,1,3/1/2019 18:37
166154,Macbook Pro Laptop,1,3/15/2019 12:49
166155,AAA Batteries (4-pack),1,3/30/2019 18:49
166156,AA Batteries (4-pack),2,3/12/2019 4:51
166157,USB-C Charging Cable,1,3/25/2019 18:36
166158,USB-C Charging Cable,1,3/2/2019 11:50
166159,USB-C Charging Cable,1,3/20/2019 19:49
166160,ThinkPad Laptop,1,3/25/2019 22:53
166161,Google Phone,1,3/29/2019 18:07
166161,Wired Headphones,1,3/29/2019 18:07
166162,Bose SoundSport Headphones,1,3/1/2019 19:19
166163,AAA Batteries (4-pack),1,3/20/2019 20:20
166163,Lightning Charging Cable,1,3/20/2019 20:20
166164,USB-C Charging Cable,1,3/4/2019 20:57
166165,ThinkPad Laptop,1,3/4/2019 16:17
166166,34in Ultrawide Monitor,1,3/23/2019 16:25
166167,USB-C Charging Cable,2,3/16/2019 20:40
166168,USB-C Charging Cable,1,3/22/2019 11:18
166169,Bose SoundSport Headphones,1,3/30/2019 18:27
166170,AA Batteries (4-pack),1,3/9/2019 8:12
166171,USB-C Charging Cable,1,3/17/2019 14:29
166172,27in FHD Monitor,1,3/3/2019 3:41
166173,AA Batteries (4-pack),1,3/24/2019 13:19
166174,Apple Airpods Headphones,1,3/1/2019 10:44
166175,Lightning Charging Cable,1,3/23/2019 9:19
166176,USB-C Charging Cable,2,3/16/2019 17:35
166177,Apple Airpods Headphones,1,3/25/2019 16:04
166178,Bose SoundSport Headphones,1,3/29/2019 17:56
166179,AAA Batteries (4-pack),1,3/27/2019 12:16
166180,ThinkPad Laptop,1,3/14/2019 11:00
166181,USB-C Charging Cable,1,3/2/2019 13:50
166182,AA Batteries (4-pack),1,3/12/2019 11:35
166183,ThinkPad Laptop,1,3/21/2019 17:52
166184,27in FHD Monitor,1,3/9/2019 22:10
166185,20in Monitor,1,3/24/2019 20:38
166186,AA Batteries (4-pack),2,3/1/2019 21:07
166187,AA Batteries (4-pack),2,3/31/2019 12:54
166188,Google Phone,1,3/11/2019 23:37
166189,Apple Airpods Headphones,1,3/4/2019 14:35
166190,Wired Headphones,1,3/20/2019 16:16
166191,USB-C Charging Cable,2,3/1/2019 11:00
166192,Wired Headphones,2,3/2/2019 14:39
166193,Lightning Charging Cable,1,3/3/2019 9:12
166194,Wired Headphones,1,3/20/2019 18:26
166195,USB-C Charging Cable,1,3/25/2019 23:46
166196,Google Phone,1,3/31/2019 15:31
166197,USB-C Charging Cable,1,3/9/2019 20:14
166198,AA Batteries (4-pack),3,3/16/2019 8:39
166199,AAA Batteries (4-pack),2,3/17/2019 12:27
166200,Wired Headphones,1,3/5/2019 9:41
166201,20in Monitor,1,3/18/2019 8:47
166202,iPhone,1,3/29/2019 17:52
166203,USB-C Charging Cable,1,3/7/2019 13:44
166204,Wired Headphones,2,3/4/2019 16:02
166205,Wired Headphones,1,3/12/2019 16:49
166206,Wired Headphones,1,3/9/2019 16:16
166207,20in Monitor,1,3/12/2019 10:22
166208,AA Batteries (4-pack),1,3/11/2019 18:09
166209,Lightning Charging Cable,1,3/19/2019 11:32
166210,AA Batteries (4-pack),1,3/13/2019 20:21
166211,Flatscreen TV,1,3/30/2019 2:44
166212,Lightning Charging Cable,1,3/16/2019 23:25
166213,ThinkPad Laptop,1,3/25/2019 9:27
166214,USB-C Charging Cable,1,3/25/2019 13:51
166215,Wired Headphones,1,3/18/2019 1:46
166216,Lightning Charging Cable,1,3/5/2019 17:03
166217,Vareebadd Phone,1,3/30/2019 20:50
166218,AAA Batteries (4-pack),1,3/10/2019 9:49
166219,Apple Airpods Headphones,1,3/30/2019 21:00
166220,27in 4K Gaming Monitor,1,3/11/2019 13:06
166221,iPhone,1,3/10/2019 10:50
166222,AA Batteries (4-pack),1,3/29/2019 9:55
166223,Lightning Charging Cable,1,3/26/2019 12:41
166224,Bose SoundSport Headphones,1,3/27/2019 23:27
166225,34in Ultrawide Monitor,1,3/1/2019 11:05
166226,ThinkPad Laptop,1,3/15/2019 12:20
166227,Lightning Charging Cable,1,3/14/2019 22:50
166228,Lightning Charging Cable,1,3/30/2019 11:28
166229,Bose SoundSport Headphones,1,3/9/2019 16:23
166230,Wired Headphones,1,3/14/2019 19:56
166231,AA Batteries (4-pack),1,3/4/2019 11:18
166232,Wired Headphones,1,3/25/2019 8:00
166233,Wired Headphones,1,3/29/2019 10:01
166234,AAA Batteries (4-pack),3,3/16/2019 13:50
166235,Bose SoundSport Headphones,1,3/16/2019 11:16
166236,AAA Batteries (4-pack),1,3/15/2019 9:34
166237,Flatscreen TV,1,3/29/2019 14:17
166238,USB-C Charging Cable,1,3/27/2019 20:06
166239,34in Ultrawide Monitor,1,3/19/2019 14:30
166240,iPhone,1,3/3/2019 10:42
166241,27in FHD Monitor,1,3/19/2019 17:23
166242,Wired Headphones,1,3/26/2019 8:51
166243,34in Ultrawide Monitor,1,3/12/2019 17:46
166244,Bose SoundSport Headphones,1,3/24/2019 10:06
166245,AA Batteries (4-pack),1,3/23/2019 18:42
166246,Apple Airpods Headphones,1,3/31/2019 9:14
166247,iPhone,1,3/3/2019 11:43
166248,Apple Airpods Headphones,1,3/15/2019 22:48
166249,Wired Headphones,1,3/26/2019 16:48
166250,Lightning Charging Cable,1,4/1/2019 0:11
166251,Apple Airpods Headphones,1,3/11/2019 10:58
166252,Apple Airpods Headphones,1,3/4/2019 8:26
166253,AA Batteries (4-pack),1,3/29/2019 8:46
166254,34in Ultrawide Monitor,1,3/11/2019 15:44
166255,Lightning Charging Cable,1,3/27/2019 11:10
166256,Apple Airpods Headphones,1,3/26/2019 21:08
166257,iPhone,1,3/28/2019 20:56
166258,Apple Airpods Headphones,1,3/27/2019 18:29
166259,Bose SoundSport Headphones,1,3/13/2019 22:49
166260,USB-C Charging Cable,3,3/12/2019 11:58
166260,Lightning Charging Cable,1,3/12/2019 11:58
166261,AA Batteries (4-pack),2,3/9/2019 13:06
166262,USB-C Charging Cable,2,3/12/2019 18:15
166263,Bose SoundSport Headphones,1,3/6/2019 22:22
166264,Bose SoundSport Headphones,1,3/27/2019 13:00
166265,34in Ultrawide Monitor,1,3/23/2019 11:31
166266,AAA Batteries (4-pack),1,3/7/2019 21:19
166267,USB-C Charging Cable,1,3/8/2019 7:47
166268,LG Washing Machine,1,3/23/2019 12:52
166269,Apple Airpods Headphones,1,3/27/2019 12:02
166270,Lightning Charging Cable,1,3/5/2019 6:11
166271,27in 4K Gaming Monitor,1,3/30/2019 9:05
166272,USB-C Charging Cable,1,3/4/2019 18:54
166273,20in Monitor,1,3/28/2019 1:02
166274,AAA Batteries (4-pack),1,3/13/2019 9:32
166275,Flatscreen TV,1,3/19/2019 18:14
166276,27in FHD Monitor,1,3/11/2019 17:35
166277,Wired Headphones,1,3/1/2019 13:26
166278,ThinkPad Laptop,1,3/20/2019 16:57
166279,27in FHD Monitor,1,3/11/2019 12:57
166280,AAA Batteries (4-pack),2,3/5/2019 22:54
166281,USB-C Charging Cable,1,3/16/2019 23:52
166282,Wired Headphones,1,3/19/2019 10:09
166283,Bose SoundSport Headphones,1,3/21/2019 7:42
166284,ThinkPad Laptop,1,3/5/2019 11:46
166284,Lightning Charging Cable,1,3/5/2019 11:46
166285,AA Batteries (4-pack),1,3/13/2019 9:53
166286,USB-C Charging Cable,1,3/9/2019 15:09
166287,USB-C Charging Cable,1,3/30/2019 20:17
166288,AA Batteries (4-pack),1,3/4/2019 10:31
166289,USB-C Charging Cable,1,3/29/2019 9:14
166290,AA Batteries (4-pack),1,3/1/2019 8:57
166291,20in Monitor,1,3/25/2019 18:08
166292,Bose SoundSport Headphones,1,3/29/2019 22:07
166293,USB-C Charging Cable,1,3/13/2019 21:08
166294,20in Monitor,1,3/2/2019 12:32
166295,Apple Airpods Headphones,1,3/10/2019 21:07
166296,AAA Batteries (4-pack),4,3/8/2019 6:07
166297,Apple Airpods Headphones,1,3/8/2019 0:49
166298,AA Batteries (4-pack),1,3/8/2019 11:57
166299,27in FHD Monitor,1,3/25/2019 19:24
166300,Wired Headphones,1,3/18/2019 11:33
166301,AAA Batteries (4-pack),1,3/21/2019 22:23
166302,iPhone,1,3/25/2019 7:34
166302,Wired Headphones,1,3/25/2019 7:34
166303,Bose SoundSport Headphones,1,3/2/2019 16:00
166304,AA Batteries (4-pack),1,3/30/2019 14:23
166305,Bose SoundSport Headphones,1,3/12/2019 21:41
166306,AA Batteries (4-pack),2,3/12/2019 13:44
166307,Lightning Charging Cable,1,3/18/2019 23:46
166308,AAA Batteries (4-pack),1,3/21/2019 0:01
166309,AA Batteries (4-pack),1,4/1/2019 1:32
166310,Lightning Charging Cable,1,3/23/2019 14:00
166311,USB-C Charging Cable,1,3/26/2019 18:13
166312,AA Batteries (4-pack),2,3/21/2019 20:19
166313,AAA Batteries (4-pack),1,3/24/2019 19:05
166314,Wired Headphones,1,3/16/2019 2:10
166315,ThinkPad Laptop,1,3/31/2019 13:58
166316,34in Ultrawide Monitor,1,3/17/2019 17:35
166317,AAA Batteries (4-pack),1,3/22/2019 17:02
166318,Wired Headphones,1,3/22/2019 8:27
166319,Wired Headphones,1,3/11/2019 19:28
166320,Wired Headphones,1,3/14/2019 14:05
166321,27in FHD Monitor,1,3/28/2019 21:04
166322,Apple Airpods Headphones,1,3/23/2019 13:26
166323,AA Batteries (4-pack),1,3/23/2019 16:49
166324,27in FHD Monitor,1,3/15/2019 20:18
166325,AAA Batteries (4-pack),1,3/15/2019 12:58
166326,27in FHD Monitor,1,3/11/2019 23:13
166326,Vareebadd Phone,1,3/11/2019 23:13
166327,Bose SoundSport Headphones,1,3/25/2019 16:34
166328,USB-C Charging Cable,1,3/18/2019 9:20
166329,Macbook Pro Laptop,1,3/17/2019 23:50
166330,Bose SoundSport Headphones,1,3/12/2019 6:11
166331,Bose SoundSport Headphones,1,3/17/2019 14:23
166332,Lightning Charging Cable,1,3/31/2019 17:53
166333,AA Batteries (4-pack),1,3/1/2019 16:27
166334,Google Phone,1,3/3/2019 12:50
166334,Bose SoundSport Headphones,1,3/3/2019 12:50
166335,Apple Airpods Headphones,1,3/17/2019 12:12
166336,AA Batteries (4-pack),1,3/30/2019 1:24
166337,Google Phone,1,3/3/2019 19:48
166337,USB-C Charging Cable,1,3/3/2019 19:48
166338,Wired Headphones,1,3/3/2019 10:13
166339,27in 4K Gaming Monitor,1,3/23/2019 9:21
166340,34in Ultrawide Monitor,1,3/25/2019 11:25
166341,AAA Batteries (4-pack),1,3/2/2019 0:27
166342,USB-C Charging Cable,1,3/31/2019 13:40
166343,Wired Headphones,1,3/28/2019 9:55
166344,Lightning Charging Cable,1,3/20/2019 17:14
166345,AA Batteries (4-pack),1,3/26/2019 10:31
166346,Wired Headphones,1,3/26/2019 21:25
166347,Lightning Charging Cable,1,3/27/2019 11:46
166348,Apple Airpods Headphones,1,3/4/2019 8:00
166349,AA Batteries (4-pack),1,3/25/2019 14:48
166350,iPhone,1,3/24/2019 3:53
166351,34in Ultrawide Monitor,1,3/15/2019 10:42
166352,20in Monitor,1,3/11/2019 18:56
166353,AAA Batteries (4-pack),1,3/13/2019 14:33
166354,Lightning Charging Cable,1,3/24/2019 14:08
166355,Lightning Charging Cable,1,3/29/2019 14:12
166356,34in Ultrawide Monitor,1,3/24/2019 17:01
166357,Lightning Charging Cable,1,3/10/2019 23:23
166358,AA Batteries (4-pack),1,3/14/2019 22:15
166359,27in 4K Gaming Monitor,1,3/8/2019 14:17
166360,Lightning Charging Cable,1,3/28/2019 22:04
166361,Wired Headphones,1,3/10/2019 6:11
166362,27in FHD Monitor,1,3/10/2019 10:00
166363,20in Monitor,1,3/28/2019 7:37
166364,Google Phone,1,3/7/2019 12:06
166365,USB-C Charging Cable,1,3/4/2019 20:52
166366,USB-C Charging Cable,1,3/23/2019 16:18
166367,Apple Airpods Headphones,1,3/16/2019 18:04
166368,Wired Headphones,1,3/26/2019 11:54
166369,ThinkPad Laptop,1,3/10/2019 17:02
166370,27in FHD Monitor,1,3/30/2019 19:58
166371,AA Batteries (4-pack),1,3/20/2019 10:56
166372,USB-C Charging Cable,1,3/17/2019 12:36
166373,Lightning Charging Cable,1,3/3/2019 7:46
166374,iPhone,1,3/6/2019 1:02
166375,Bose SoundSport Headphones,1,3/28/2019 7:14
166376,AA Batteries (4-pack),1,3/9/2019 0:31
166377,Lightning Charging Cable,1,3/24/2019 17:10
166378,Wired Headphones,1,3/30/2019 9:18
166379,USB-C Charging Cable,1,3/2/2019 19:05
166380,27in FHD Monitor,1,3/13/2019 10:50
166381,AAA Batteries (4-pack),1,3/23/2019 9:02
166382,Apple Airpods Headphones,1,3/9/2019 13:48
166383,Macbook Pro Laptop,1,3/4/2019 12:30
166384,AA Batteries (4-pack),1,3/2/2019 0:37
166385,USB-C Charging Cable,1,3/2/2019 7:19
166386,Google Phone,1,3/29/2019 16:00
166387,Apple Airpods Headphones,1,3/17/2019 19:49
166388,Lightning Charging Cable,2,3/15/2019 22:03
166389,AAA Batteries (4-pack),1,3/5/2019 18:30
166390,USB-C Charging Cable,1,3/11/2019 10:48
166391,27in FHD Monitor,1,3/27/2019 1:07
166392,AAA Batteries (4-pack),1,3/18/2019 19:31
166393,Vareebadd Phone,1,3/4/2019 13:26
166393,Wired Headphones,1,3/4/2019 13:26
166394,27in 4K Gaming Monitor,1,3/8/2019 21:48
166395,AAA Batteries (4-pack),2,3/30/2019 18:17
166396,Bose SoundSport Headphones,1,3/9/2019 21:12
166397,Apple Airpods Headphones,1,3/31/2019 21:02
166398,Wired Headphones,1,3/9/2019 15:12
166399,27in 4K Gaming Monitor,1,3/28/2019 14:59
166400,USB-C Charging Cable,2,3/1/2019 23:19
166401,Macbook Pro Laptop,1,3/31/2019 10:12
166402,Apple Airpods Headphones,1,3/27/2019 18:49
166403,20in Monitor,1,3/23/2019 11:18
166404,Wired Headphones,1,3/31/2019 14:12
166405,AA Batteries (4-pack),1,3/18/2019 19:18
166406,AAA Batteries (4-pack),1,3/8/2019 10:01
166407,Wired Headphones,2,3/30/2019 23:03
166408,Bose SoundSport Headphones,1,3/7/2019 9:27
166409,iPhone,1,3/9/2019 19:15
166410,AAA Batteries (4-pack),2,3/22/2019 15:57
166411,USB-C Charging Cable,1,3/12/2019 13:48
166412,USB-C Charging Cable,1,3/11/2019 11:08
166413,Wired Headphones,1,3/27/2019 7:42
166414,Apple Airpods Headphones,1,3/12/2019 19:23
166415,Apple Airpods Headphones,1,3/20/2019 11:14
166416,27in FHD Monitor,1,3/17/2019 16:50
166417,20in Monitor,1,3/9/2019 11:22
166418,Wired Headphones,1,3/28/2019 18:35
166419,Bose SoundSport Headphones,1,3/14/2019 22:51
166420,Wired Headphones,1,3/27/2019 19:36
166421,Macbook Pro Laptop,1,3/1/2019 17:23
166422,iPhone,1,3/12/2019 18:50
166423,27in FHD Monitor,1,3/7/2019 11:28
166424,USB-C Charging Cable,1,3/21/2019 13:10
166425,AAA Batteries (4-pack),1,3/3/2019 13:10
166426,27in 4K Gaming Monitor,1,3/7/2019 17:41
166427,Apple Airpods Headphones,1,3/25/2019 16:09
166428,Apple Airpods Headphones,1,3/16/2019 0:14
166429,Lightning Charging Cable,1,3/29/2019 22:10
166430,Google Phone,1,3/31/2019 12:05
166430,USB-C Charging Cable,1,3/31/2019 12:05
166431,Vareebadd Phone,1,3/12/2019 8:46
166432,Wired Headphones,1,3/15/2019 23:21
166433,Apple Airpods Headphones,1,3/6/2019 12:04
166434,Apple Airpods Headphones,1,3/17/2019 17:13
166435,Wired Headphones,1,3/13/2019 15:45
166436,Lightning Charging Cable,2,3/13/2019 12:40
166437,Lightning Charging Cable,1,3/7/2019 12:30
166438,Wired Headphones,2,3/30/2019 20:42
166439,USB-C Charging Cable,3,3/23/2019 12:31
166440,USB-C Charging Cable,1,3/1/2019 19:57
166441,Apple Airpods Headphones,1,3/13/2019 8:09
166442,AAA Batteries (4-pack),1,3/10/2019 17:46
166443,27in FHD Monitor,1,3/25/2019 10:55
166444,20in Monitor,1,3/23/2019 9:48
166445,27in 4K Gaming Monitor,1,3/23/2019 12:47
166446,LG Washing Machine,1,3/14/2019 15:46
166447,AAA Batteries (4-pack),3,3/17/2019 19:01
166448,Wired Headphones,1,3/17/2019 20:12
166448,Lightning Charging Cable,1,3/17/2019 20:12
166449,Wired Headphones,1,3/30/2019 9:16
166450,Lightning Charging Cable,1,3/15/2019 2:03
166451,USB-C Charging Cable,1,3/15/2019 21:25
166452,USB-C Charging Cable,2,3/11/2019 15:12
166453,27in 4K Gaming Monitor,1,3/8/2019 14:05
166454,AA Batteries (4-pack),1,3/29/2019 1:25
166455,Lightning Charging Cable,1,3/24/2019 12:26
166456,27in FHD Monitor,1,3/25/2019 8:59
166457,Wired Headphones,1,3/3/2019 10:06
166458,ThinkPad Laptop,1,3/25/2019 0:02
166459,Lightning Charging Cable,1,3/7/2019 12:12
166460,AAA Batteries (4-pack),4,3/11/2019 20:05
166461,Vareebadd Phone,1,3/11/2019 14:45
166462,Lightning Charging Cable,1,3/12/2019 14:20
166463,Wired Headphones,1,3/22/2019 12:13
166464,AAA Batteries (4-pack),2,3/28/2019 20:23
166465,Apple Airpods Headphones,1,3/3/2019 16:48
166466,AAA Batteries (4-pack),1,3/26/2019 21:36
166467,iPhone,1,3/13/2019 15:02
166468,20in Monitor,1,3/1/2019 21:20
166469,Wired Headphones,1,3/30/2019 20:43
166470,Vareebadd Phone,1,3/21/2019 15:02
166471,Google Phone,1,3/9/2019 19:21
166472,Bose SoundSport Headphones,1,3/12/2019 23:38
166473,27in 4K Gaming Monitor,1,3/13/2019 17:37
166474,Lightning Charging Cable,1,3/2/2019 20:19
166475,ThinkPad Laptop,1,3/19/2019 10:03
166476,27in FHD Monitor,1,3/3/2019 16:01
166477,Macbook Pro Laptop,1,3/5/2019 20:28
166478,Macbook Pro Laptop,1,3/27/2019 20:11
166479,Lightning Charging Cable,1,3/31/2019 9:24
166480,USB-C Charging Cable,1,3/7/2019 10:07
166481,Bose SoundSport Headphones,1,3/23/2019 16:33
166482,AAA Batteries (4-pack),2,3/6/2019 15:20
166483,USB-C Charging Cable,1,3/15/2019 3:51
166484,34in Ultrawide Monitor,1,3/29/2019 9:02
166485,Macbook Pro Laptop,1,3/12/2019 10:39
166486,Bose SoundSport Headphones,1,3/3/2019 14:21
166487,Macbook Pro Laptop,1,3/5/2019 14:38
166488,USB-C Charging Cable,1,3/26/2019 9:50
166489,Apple Airpods Headphones,1,3/29/2019 13:06
166490,27in FHD Monitor,1,3/9/2019 9:46
166491,Bose SoundSport Headphones,1,3/28/2019 14:05
166492,27in FHD Monitor,1,3/28/2019 20:15
166493,Flatscreen TV,1,3/20/2019 13:51
166494,Wired Headphones,1,3/15/2019 12:54
166495,Lightning Charging Cable,1,3/16/2019 8:32
166496,AAA Batteries (4-pack),2,3/15/2019 11:46
166497,Lightning Charging Cable,1,3/14/2019 14:00
166498,27in FHD Monitor,1,3/14/2019 18:28
166499,AAA Batteries (4-pack),1,3/1/2019 13:50
166500,Lightning Charging Cable,1,3/5/2019 18:47
166501,Wired Headphones,1,3/21/2019 8:11
166502,27in FHD Monitor,1,3/21/2019 13:45
166503,Lightning Charging Cable,1,3/10/2019 8:45
166504,20in Monitor,1,3/7/2019 19:59
166505,Apple Airpods Headphones,1,3/19/2019 12:13
166506,AA Batteries (4-pack),2,3/22/2019 8:17
166507,Wired Headphones,1,3/28/2019 19:26
166508,Bose SoundSport Headphones,1,3/30/2019 20:30
166509,20in Monitor,1,3/6/2019 17:39
166510,20in Monitor,1,3/15/2019 23:18
166511,Wired Headphones,2,3/16/2019 19:58
166512,20in Monitor,1,3/17/2019 22:17
166513,AA Batteries (4-pack),1,3/7/2019 23:37
166514,27in 4K Gaming Monitor,1,3/12/2019 11:10
166515,Wired Headphones,1,3/7/2019 0:52
166516,34in Ultrawide Monitor,1,3/5/2019 20:38
166517,Bose SoundSport Headphones,1,3/22/2019 15:28
166518,Macbook Pro Laptop,1,3/26/2019 15:53
166519,34in Ultrawide Monitor,1,3/13/2019 12:44
166520,USB-C Charging Cable,1,3/6/2019 17:51
166521,Flatscreen TV,1,3/3/2019 15:43
166522,Lightning Charging Cable,1,3/21/2019 8:10
166523,iPhone,1,3/13/2019 23:27
166524,AAA Batteries (4-pack),2,3/10/2019 13:51
166525,Macbook Pro Laptop,1,3/27/2019 1:23
166526,USB-C Charging Cable,1,3/26/2019 12:19
166527,Bose SoundSport Headphones,1,3/19/2019 9:34
166528,Apple Airpods Headphones,1,3/10/2019 6:14
166529,Bose SoundSport Headphones,1,3/22/2019 7:32
166530,AAA Batteries (4-pack),2,3/3/2019 0:01
166531,27in FHD Monitor,1,3/29/2019 9:12
166532,Wired Headphones,1,3/5/2019 11:28
166533,AAA Batteries (4-pack),1,3/26/2019 10:07
166534,Lightning Charging Cable,1,3/13/2019 12:36
166535,AAA Batteries (4-pack),1,3/13/2019 15:53
166536,USB-C Charging Cable,1,3/21/2019 18:42
166537,27in 4K Gaming Monitor,1,3/15/2019 1:15
166538,USB-C Charging Cable,1,3/29/2019 6:27
166539,Wired Headphones,2,3/19/2019 21:01
166540,iPhone,1,3/11/2019 21:07
166541,USB-C Charging Cable,1,3/17/2019 19:37
166542,27in FHD Monitor,1,3/9/2019 3:01
166543,AAA Batteries (4-pack),1,3/6/2019 13:27
166544,Lightning Charging Cable,1,3/28/2019 6:37
166545,27in FHD Monitor,1,3/30/2019 13:09
166546,Bose SoundSport Headphones,1,3/3/2019 15:15
166547,Lightning Charging Cable,1,3/10/2019 22:02
166548,Apple Airpods Headphones,1,3/16/2019 12:19
166549,Bose SoundSport Headphones,1,3/7/2019 20:13
166550,Macbook Pro Laptop,1,3/21/2019 10:16
166551,Apple Airpods Headphones,1,3/8/2019 10:20
166552,27in 4K Gaming Monitor,1,3/21/2019 14:19
166553,USB-C Charging Cable,1,3/25/2019 22:07
166554,USB-C Charging Cable,1,3/14/2019 18:09
166555,Vareebadd Phone,1,3/3/2019 13:46
166556,Wired Headphones,1,3/22/2019 23:49
166557,iPhone,1,3/13/2019 18:05
166558,Flatscreen TV,1,3/20/2019 10:04
166559,Google Phone,1,3/5/2019 23:16
166560,USB-C Charging Cable,1,3/15/2019 20:54
166561,Google Phone,1,3/18/2019 22:11
166562,AA Batteries (4-pack),1,3/22/2019 10:44
166563,AA Batteries (4-pack),1,3/24/2019 9:15
166564,Vareebadd Phone,1,3/27/2019 13:34
166565,AA Batteries (4-pack),2,3/7/2019 18:11
166566,AA Batteries (4-pack),1,3/9/2019 15:52
166567,34in Ultrawide Monitor,1,4/1/2019 0:12
166568,Apple Airpods Headphones,1,3/15/2019 9:28
166569,Lightning Charging Cable,1,3/10/2019 13:56
166570,AAA Batteries (4-pack),1,3/28/2019 6:13
166571,AAA Batteries (4-pack),1,3/26/2019 11:51
166572,Apple Airpods Headphones,1,3/2/2019 3:57
166573,AA Batteries (4-pack),1,3/15/2019 12:03
166574,27in 4K Gaming Monitor,1,3/21/2019 7:30
166575,Lightning Charging Cable,1,3/21/2019 20:27
166576,AAA Batteries (4-pack),4,3/3/2019 11:24
166577,Lightning Charging Cable,1,3/31/2019 7:45
166578,Bose SoundSport Headphones,1,3/29/2019 18:36
166579,USB-C Charging Cable,1,3/16/2019 12:21
166580,27in FHD Monitor,1,3/13/2019 20:21
166581,Lightning Charging Cable,1,3/5/2019 18:31
166582,Vareebadd Phone,1,3/23/2019 20:02
166583,Wired Headphones,1,3/25/2019 21:11
166584,27in 4K Gaming Monitor,1,3/10/2019 13:48
166585,AAA Batteries (4-pack),3,3/30/2019 16:53
166586,Wired Headphones,1,3/2/2019 18:47
166587,Apple Airpods Headphones,1,3/14/2019 22:57
166588,Bose SoundSport Headphones,1,3/19/2019 6:06
166589,AA Batteries (4-pack),1,3/20/2019 15:19
166590,Lightning Charging Cable,1,3/4/2019 19:49
166591,Apple Airpods Headphones,1,3/4/2019 19:14
166592,Lightning Charging Cable,1,3/11/2019 18:21
166593,AA Batteries (4-pack),1,3/5/2019 12:23
166594,20in Monitor,1,3/20/2019 17:03
166595,Apple Airpods Headphones,1,3/31/2019 20:40
166595,Wired Headphones,3,3/31/2019 20:40
166596,Bose SoundSport Headphones,1,3/1/2019 14:36
166597,ThinkPad Laptop,1,3/19/2019 20:37
166598,Wired Headphones,2,3/17/2019 16:21
166599,AAA Batteries (4-pack),1,3/24/2019 15:13
166600,34in Ultrawide Monitor,1,3/12/2019 8:56
166601,34in Ultrawide Monitor,1,3/29/2019 16:21
166602,Lightning Charging Cable,1,3/10/2019 12:20
Order ID,Product,Quantity Ordered,Order Date
166603,Wired Headphones,1,3/29/2019 11:20
166604,USB-C Charging Cable,1,3/1/2019 10:01
166605,Bose SoundSport Headphones,1,3/22/2019 10:49
166606,AA Batteries (4-pack),1,3/27/2019 8:50
166607,Wired Headphones,1,3/11/2019 6:54
166608,Apple Airpods Headphones,1,3/22/2019 9:09
166609,USB-C Charging Cable,1,3/10/2019 12:30
166610,USB-C Charging Cable,1,3/22/2019 11:57
166611,iPhone,1,3/29/2019 12:25
166612,USB-C Charging Cable,1,3/26/2019 12:34
166613,Bose SoundSport Headphones,1,3/13/2019 14:07
166614,27in 4K Gaming Monitor,1,3/7/2019 12:13
166615,USB-C Charging Cable,1,3/25/2019 19:29
166616,USB-C Charging Cable,1,3/18/2019 0:44
166617,Bose SoundSport Headphones,1,3/29/2019 17:23
166618,34in Ultrawide Monitor,1,3/22/2019 14:12
166619,Google Phone,1,3/31/2019 11:51
166620,Wired Headphones,1,3/13/2019 2:36
166621,Wired Headphones,1,3/19/2019 9:01
166622,USB-C Charging Cable,1,3/18/2019 13:31
166623,USB-C Charging Cable,1,3/4/2019 11:08
166624,ThinkPad Laptop,1,3/23/2019 13:29
166625,Wired Headphones,1,3/6/2019 15:16
166626,Wired Headphones,1,3/15/2019 13:37
166627,Bose SoundSport Headphones,1,3/18/2019 8:21
166628,AA Batteries (4-pack),1,3/15/2019 7:57
166629,AA Batteries (4-pack),1,3/7/2019 17:17
166630,AAA Batteries (4-pack),1,3/17/2019 0:27
166631,Bose SoundSport Headphones,1,3/1/2019 16:33
166632,Apple Airpods Headphones,1,3/26/2019 21:16
166633,27in FHD Monitor,1,3/29/2019 17:33
166634,Wired Headphones,1,3/3/2019 11:40
166635,AA Batteries (4-pack),1,3/21/2019 14:27
166636,Lightning Charging Cable,1,3/17/2019 14:41
166637,AA Batteries (4-pack),1,3/2/2019 13:29
166638,27in 4K Gaming Monitor,1,3/22/2019 15:38
166639,Wired Headphones,1,3/5/2019 19:03
166639,27in FHD Monitor,1,3/5/2019 19:03
166640,Wired Headphones,1,3/2/2019 15:28
166641,USB-C Charging Cable,1,3/11/2019 20:30
166642,34in Ultrawide Monitor,1,3/22/2019 13:55
166643,USB-C Charging Cable,1,3/24/2019 1:57
166644,AAA Batteries (4-pack),3,3/22/2019 1:35
166645,ThinkPad Laptop,1,3/19/2019 10:02
166645,Bose SoundSport Headphones,1,3/19/2019 10:02
166646,27in 4K Gaming Monitor,1,3/2/2019 18:01
166647,USB-C Charging Cable,1,3/31/2019 12:23
166648,Bose SoundSport Headphones,1,3/18/2019 11:09
166649,AA Batteries (4-pack),1,3/21/2019 13:18
166650,AAA Batteries (4-pack),1,3/31/2019 21:32
166651,27in FHD Monitor,1,3/28/2019 1:26
166652,Bose SoundSport Headphones,1,3/12/2019 20:59
166653,27in FHD Monitor,1,3/27/2019 21:51
166654,27in 4K Gaming Monitor,1,3/1/2019 6:13
166655,AAA Batteries (4-pack),1,3/19/2019 12:16
166656,Apple Airpods Headphones,1,3/16/2019 7:42
166657,34in Ultrawide Monitor,1,3/19/2019 8:50
166658,USB-C Charging Cable,1,3/5/2019 14:01
166659,27in FHD Monitor,1,3/4/2019 10:13
166660,Apple Airpods Headphones,1,3/31/2019 19:38
166661,AA Batteries (4-pack),1,3/1/2019 9:32
166662,AA Batteries (4-pack),1,3/19/2019 9:44
166663,Macbook Pro Laptop,1,3/29/2019 21:17
166664,AA Batteries (4-pack),1,3/22/2019 20:00
166665,Bose SoundSport Headphones,1,3/30/2019 19:51
166666,Lightning Charging Cable,1,3/18/2019 20:16
166666,Apple Airpods Headphones,1,3/18/2019 20:16
166667,AAA Batteries (4-pack),1,3/3/2019 6:53
166668,Google Phone,1,3/10/2019 21:22
166669,USB-C Charging Cable,1,3/12/2019 22:07
166670,Lightning Charging Cable,1,3/6/2019 19:04
166671,Bose SoundSport Headphones,1,3/27/2019 12:03
166672,Lightning Charging Cable,1,3/9/2019 3:18
166673,Lightning Charging Cable,1,3/19/2019 19:15
166674,Lightning Charging Cable,1,3/23/2019 19:59
166675,Lightning Charging Cable,1,3/20/2019 14:03
166676,34in Ultrawide Monitor,1,3/7/2019 10:27
166677,Lightning Charging Cable,1,3/13/2019 19:02
166678,Flatscreen TV,1,3/20/2019 12:15
166679,Wired Headphones,1,3/9/2019 9:46
166680,27in 4K Gaming Monitor,1,3/20/2019 21:30
166681,Wired Headphones,1,3/21/2019 22:33
166682,Flatscreen TV,1,3/4/2019 8:53
166683,Apple Airpods Headphones,1,3/21/2019 11:37
166684,AA Batteries (4-pack),2,3/29/2019 10:15
166685,Apple Airpods Headphones,1,3/22/2019 2:05
166686,USB-C Charging Cable,1,3/8/2019 14:50
166687,Apple Airpods Headphones,1,3/28/2019 21:13
166688,Bose SoundSport Headphones,1,3/18/2019 16:25
166689,27in FHD Monitor,1,3/26/2019 7:42
166690,AA Batteries (4-pack),1,3/14/2019 14:19
166691,Wired Headphones,1,3/5/2019 12:06
166692,20in Monitor,1,3/15/2019 21:53
166693,Wired Headphones,1,3/7/2019 17:37
166694,Apple Airpods Headphones,1,3/10/2019 13:43
166695,Lightning Charging Cable,1,3/23/2019 23:15
166696,AAA Batteries (4-pack),1,3/23/2019 10:22
166697,USB-C Charging Cable,1,3/25/2019 20:11
166698,27in FHD Monitor,1,3/2/2019 19:31
166699,AAA Batteries (4-pack),2,3/19/2019 23:03
166700,iPhone,1,3/17/2019 9:08
166701,Lightning Charging Cable,1,3/6/2019 15:22
166702,AAA Batteries (4-pack),1,3/15/2019 17:27
166703,Lightning Charging Cable,1,3/24/2019 0:16
166704,34in Ultrawide Monitor,1,3/3/2019 11:51
166705,AAA Batteries (4-pack),3,3/31/2019 14:27
166706,Lightning Charging Cable,1,3/25/2019 12:08
166707,ThinkPad Laptop,1,3/20/2019 14:39
166708,Apple Airpods Headphones,1,3/15/2019 19:50
166709,LG Washing Machine,1,3/23/2019 21:04
166710,Google Phone,1,3/11/2019 17:56
166710,USB-C Charging Cable,1,3/11/2019 17:56
166711,Bose SoundSport Headphones,1,3/23/2019 17:43
166712,Vareebadd Phone,1,3/16/2019 18:48
166713,USB-C Charging Cable,1,3/8/2019 11:18
166714,AAA Batteries (4-pack),1,3/14/2019 16:38
166715,USB-C Charging Cable,1,3/31/2019 19:18
166716,Wired Headphones,1,3/6/2019 11:42
166717,USB-C Charging Cable,1,3/27/2019 9:05
166718,Bose SoundSport Headphones,1,3/5/2019 10:26
166719,AAA Batteries (4-pack),1,3/27/2019 10:56
166720,Apple Airpods Headphones,1,3/11/2019 22:01
166721,Google Phone,1,3/13/2019 13:38
166722,Lightning Charging Cable,1,3/10/2019 18:58
166723,AA Batteries (4-pack),1,3/30/2019 13:17
166724,Vareebadd Phone,1,3/2/2019 16:45
166725,iPhone,1,3/9/2019 15:07
166726,Macbook Pro Laptop,1,3/7/2019 20:19
166727,34in Ultrawide Monitor,1,3/23/2019 19:14
166728,Lightning Charging Cable,1,3/16/2019 19:59
166729,Wired Headphones,1,3/2/2019 0:52
166730,ThinkPad Laptop,1,3/10/2019 12:16
166731,Apple Airpods Headphones,1,3/24/2019 21:00
166732,Macbook Pro Laptop,1,3/2/2019 18:03
166733,USB-C Charging Cable,1,3/5/2019 12:36
166734,Wired Headphones,1,3/31/2019 8:22
166735,Wired Headphones,1,3/12/2019 7:21
166736,Lightning Charging Cable,1,3/9/2019 0:00
166737,iPhone,1,3/14/2019 14:31
166737,Lightning Charging Cable,1,3/14/2019 14:31
166738,Wired Headphones,1,3/23/2019 10:31
166739,Lightning Charging Cable,1,3/5/2019 9:12
166740,iPhone,1,3/4/2019 21:36
166740,AAA Batteries (4-pack),3,3/4/2019 21:36
166741,Lightning Charging Cable,1,3/24/2019 9:04
166742,AAA Batteries (4-pack),1,3/2/2019 19:59
166743,AA Batteries (4-pack),1,3/9/2019 15:00
166744,USB-C Charging Cable,1,3/15/2019 10:41
166745,AAA Batteries (4-pack),1,3/17/2019 7:28
166745,AA Batteries (4-pack),1,3/17/2019 7:28
166746,Apple Airpods Headphones,1,3/14/2019 12:49
166747,AA Batteries (4-pack),1,3/17/2019 22:36
166748,AA Batteries (4-pack),2,3/29/2019 20:43
166749,Bose SoundSport Headphones,1,3/8/2019 18:33
166750,Bose SoundSport Headphones,1,3/27/2019 20:44
166751,iPhone,1,3/9/2019 17:13
166752,AAA Batteries (4-pack),1,3/9/2019 15:02
166752,Wired Headphones,1,3/9/2019 15:02
166753,Bose SoundSport Headphones,1,3/29/2019 16:35
166754,AA Batteries (4-pack),1,3/13/2019 16:34
166755,Apple Airpods Headphones,1,3/24/2019 11:10
166756,AA Batteries (4-pack),2,3/30/2019 14:00
166757,AA Batteries (4-pack),1,3/8/2019 0:00
166758,AA Batteries (4-pack),1,3/11/2019 14:01
166759,AA Batteries (4-pack),1,3/25/2019 19:56
166760,27in 4K Gaming Monitor,1,3/9/2019 18:13
166761,AAA Batteries (4-pack),1,3/29/2019 19:37
166762,AA Batteries (4-pack),1,3/16/2019 17:17
166763,USB-C Charging Cable,1,3/2/2019 11:20
166764,20in Monitor,1,3/10/2019 14:20
166765,USB-C Charging Cable,1,3/10/2019 11:39
166766,Bose SoundSport Headphones,1,3/8/2019 10:48
166767,Apple Airpods Headphones,1,3/10/2019 11:14
166768,Google Phone,1,3/1/2019 16:40
166769,USB-C Charging Cable,1,3/28/2019 21:09
166770,iPhone,1,3/4/2019 20:17
166771,27in FHD Monitor,1,3/17/2019 22:45
166772,27in FHD Monitor,1,3/26/2019 20:11
166773,AA Batteries (4-pack),1,3/6/2019 13:22
166774,Lightning Charging Cable,1,3/18/2019 23:40
166775,Lightning Charging Cable,1,3/1/2019 20:30
166776,iPhone,1,3/20/2019 15:25
166776,Lightning Charging Cable,1,3/20/2019 15:25
166777,Wired Headphones,1,3/28/2019 6:41
166778,iPhone,1,3/18/2019 11:26
166779,USB-C Charging Cable,1,3/7/2019 13:07
166780,27in 4K Gaming Monitor,1,3/28/2019 19:32
166781,Apple Airpods Headphones,1,3/30/2019 9:58
166782,Wired Headphones,1,3/1/2019 10:40
166783,Bose SoundSport Headphones,1,3/5/2019 19:32
166784,Wired Headphones,1,3/13/2019 0:46
166785,Lightning Charging Cable,1,3/3/2019 18:22
166786,AA Batteries (4-pack),1,3/28/2019 22:35
166787,USB-C Charging Cable,1,3/9/2019 18:24
166788,Wired Headphones,1,3/15/2019 20:30
166789,Lightning Charging Cable,1,3/12/2019 7:44
166790,Flatscreen TV,1,3/25/2019 16:03
166791,AA Batteries (4-pack),6,3/30/2019 8:50
166792,34in Ultrawide Monitor,1,3/24/2019 18:16
166793,Lightning Charging Cable,1,3/1/2019 14:08
166794,iPhone,1,3/9/2019 14:48
166794,Lightning Charging Cable,2,3/9/2019 14:48
166795,Wired Headphones,1,3/31/2019 12:23
166796,Bose SoundSport Headphones,1,3/14/2019 16:04
166797,Wired Headphones,1,3/20/2019 22:35
166798,AAA Batteries (4-pack),1,3/2/2019 13:04
166799,Apple Airpods Headphones,1,3/8/2019 15:21
166800,Lightning Charging Cable,1,3/26/2019 11:52
166801,AAA Batteries (4-pack),1,3/29/2019 14:21
166802,27in FHD Monitor,1,3/30/2019 16:08
166803,AAA Batteries (4-pack),1,3/7/2019 17:19
166804,Lightning Charging Cable,1,3/2/2019 10:39
166805,AAA Batteries (4-pack),1,3/27/2019 16:40
166806,AA Batteries (4-pack),1,3/28/2019 11:35
166807,ThinkPad Laptop,1,3/8/2019 9:51
166808,Lightning Charging Cable,1,3/17/2019 7:32
166809,Wired Headphones,1,3/6/2019 16:05
166810,Lightning Charging Cable,1,3/13/2019 4:54
166811,Apple Airpods Headphones,1,3/27/2019 19:26
166812,27in 4K Gaming Monitor,1,3/1/2019 18:01
166813,27in FHD Monitor,1,3/30/2019 20:15
166814,Lightning Charging Cable,1,3/13/2019 14:40
166815,ThinkPad Laptop,1,3/8/2019 12:32
166816,Lightning Charging Cable,1,3/10/2019 18:02
166817,iPhone,1,3/28/2019 12:35
166818,Bose SoundSport Headphones,1,3/12/2019 20:44
166819,Lightning Charging Cable,1,3/25/2019 13:43
166820,Apple Airpods Headphones,1,3/16/2019 1:09
166821,Wired Headphones,1,3/11/2019 23:52
166822,Apple Airpods Headphones,1,3/26/2019 8:49
166823,AAA Batteries (4-pack),1,3/20/2019 13:08
166824,iPhone,1,3/25/2019 12:54
166824,Apple Airpods Headphones,1,3/25/2019 12:54
166825,ThinkPad Laptop,1,3/17/2019 16:38
166826,USB-C Charging Cable,1,3/9/2019 11:41
166827,AA Batteries (4-pack),2,3/8/2019 12:53
166828,AA Batteries (4-pack),1,3/24/2019 19:39
166829,Lightning Charging Cable,1,3/20/2019 13:37
166830,27in 4K Gaming Monitor,1,3/12/2019 15:36
166831,Apple Airpods Headphones,1,3/13/2019 19:42
166832,Lightning Charging Cable,1,3/30/2019 19:32
166833,Lightning Charging Cable,1,3/9/2019 22:55
166834,Apple Airpods Headphones,1,3/5/2019 13:53
166835,ThinkPad Laptop,1,3/17/2019 11:43
166836,Macbook Pro Laptop,1,3/19/2019 12:06
166837,Apple Airpods Headphones,1,3/24/2019 19:50
166838,Wired Headphones,1,3/18/2019 22:46
166839,Lightning Charging Cable,1,3/4/2019 15:20
166840,27in FHD Monitor,1,3/15/2019 23:19
166841,Apple Airpods Headphones,1,3/9/2019 12:56
166842,27in 4K Gaming Monitor,1,3/12/2019 17:35
166842,AA Batteries (4-pack),1,3/12/2019 17:35
166843,AA Batteries (4-pack),1,3/1/2019 15:43
166844,AA Batteries (4-pack),1,3/5/2019 10:28
166845,USB-C Charging Cable,1,3/27/2019 11:05
166846,AAA Batteries (4-pack),1,3/15/2019 15:07
166847,Apple Airpods Headphones,1,3/14/2019 17:59
166848,AA Batteries (4-pack),1,3/11/2019 20:27
166849,AA Batteries (4-pack),1,3/5/2019 7:34
166850,AAA Batteries (4-pack),1,3/9/2019 6:47
166851,ThinkPad Laptop,1,3/20/2019 8:18
166852,Wired Headphones,1,3/18/2019 15:56
166853,34in Ultrawide Monitor,1,3/13/2019 6:09
166854,20in Monitor,1,3/9/2019 7:05
166855,34in Ultrawide Monitor,1,3/30/2019 18:27
166856,34in Ultrawide Monitor,1,3/14/2019 7:06
166857,AAA Batteries (4-pack),1,3/13/2019 15:56
166858,Wired Headphones,1,3/21/2019 7:36
166859,Lightning Charging Cable,1,3/8/2019 22:05
166860,27in FHD Monitor,1,3/10/2019 20:02
166861,AA Batteries (4-pack),1,3/8/2019 19:32
166862,ThinkPad Laptop,1,3/6/2019 20:13
166863,Lightning Charging Cable,1,3/28/2019 15:29
166864,USB-C Charging Cable,1,3/24/2019 8:00
166865,34in Ultrawide Monitor,1,3/1/2019 8:46
166866,Flatscreen TV,1,3/25/2019 20:16
166867,Lightning Charging Cable,1,3/13/2019 20:47
166868,34in Ultrawide Monitor,1,3/28/2019 19:02
166869,Apple Airpods Headphones,1,3/23/2019 23:06
166870,Google Phone,1,3/17/2019 17:47
166871,LG Dryer,1,3/4/2019 12:01
166872,AAA Batteries (4-pack),1,3/4/2019 5:46
166873,AAA Batteries (4-pack),1,3/30/2019 18:41
166874,USB-C Charging Cable,1,3/16/2019 13:19
166875,AA Batteries (4-pack),1,3/13/2019 0:04
166876,AA Batteries (4-pack),1,3/5/2019 11:20
166877,Wired Headphones,1,3/9/2019 16:09
166878,20in Monitor,1,3/21/2019 10:02
166878,USB-C Charging Cable,1,3/21/2019 10:02
166879,USB-C Charging Cable,1,3/11/2019 2:54
166880,27in FHD Monitor,1,3/22/2019 15:28
166881,34in Ultrawide Monitor,1,3/7/2019 15:44
166882,Apple Airpods Headphones,1,3/8/2019 0:29
166883,Wired Headphones,1,3/7/2019 14:37
166884,USB-C Charging Cable,1,3/10/2019 16:38
166885,Lightning Charging Cable,1,3/16/2019 12:22
166886,USB-C Charging Cable,1,3/8/2019 17:35
166887,27in FHD Monitor,1,3/13/2019 16:21
166888,AA Batteries (4-pack),1,3/17/2019 21:07
166889,27in 4K Gaming Monitor,1,3/2/2019 12:03
166890,Macbook Pro Laptop,1,3/27/2019 20:07
166891,Bose SoundSport Headphones,1,3/2/2019 9:42
166892,34in Ultrawide Monitor,1,3/30/2019 19:47
166893,AAA Batteries (4-pack),1,3/11/2019 22:07
166894,USB-C Charging Cable,1,3/15/2019 20:30
166895,Google Phone,1,3/17/2019 10:24
166896,Lightning Charging Cable,1,3/29/2019 8:49
166897,USB-C Charging Cable,1,3/9/2019 20:49
166898,20in Monitor,1,3/3/2019 15:26
166899,AAA Batteries (4-pack),1,3/15/2019 18:48
166900,27in 4K Gaming Monitor,1,3/12/2019 21:24
166901,USB-C Charging Cable,1,3/7/2019 21:38
166902,Wired Headphones,1,3/20/2019 21:18
166903,Flatscreen TV,1,3/31/2019 1:48
166904,Wired Headphones,2,3/12/2019 10:04
166905,AAA Batteries (4-pack),1,3/27/2019 21:46
166906,27in FHD Monitor,1,3/19/2019 12:07
166907,ThinkPad Laptop,1,3/8/2019 13:44
166908,Bose SoundSport Headphones,1,3/16/2019 14:17
166909,Macbook Pro Laptop,1,3/18/2019 18:50
166910,AA Batteries (4-pack),1,3/2/2019 13:59
166911,27in 4K Gaming Monitor,1,3/21/2019 16:20
166912,Wired Headphones,1,3/6/2019 10:57
166913,Macbook Pro Laptop,1,3/21/2019 20:32
166914,Bose SoundSport Headphones,1,3/19/2019 13:41
166915,Wired Headphones,1,3/13/2019 14:31
166916,27in 4K Gaming Monitor,1,3/11/2019 14:24
166917,Google Phone,1,3/15/2019 12:44
166918,AA Batteries (4-pack),2,3/14/2019 10:50
166919,Wired Headphones,1,3/24/2019 21:23
166920,Google Phone,1,3/3/2019 16:44
166921,USB-C Charging Cable,1,3/24/2019 10:47
166922,AA Batteries (4-pack),1,3/2/2019 19:21
166923,AA Batteries (4-pack),1,3/31/2019 17:07
166924,Apple Airpods Headphones,1,3/19/2019 10:43
166925,27in FHD Monitor,1,3/8/2019 17:18
166926,AAA Batteries (4-pack),1,3/13/2019 13:55
166927,Macbook Pro Laptop,1,3/20/2019 18:05
166928,Lightning Charging Cable,1,3/26/2019 21:45
166929,Wired Headphones,1,3/18/2019 14:37
166930,AAA Batteries (4-pack),2,3/25/2019 0:16
166931,USB-C Charging Cable,1,3/1/2019 15:44
166932,AAA Batteries (4-pack),1,3/2/2019 19:46
166933,Wired Headphones,2,3/26/2019 10:11
166934,AAA Batteries (4-pack),1,3/21/2019 7:47
166935,Wired Headphones,1,3/3/2019 19:38
166936,Lightning Charging Cable,1,3/17/2019 21:51
166937,Vareebadd Phone,1,3/17/2019 22:21
166938,USB-C Charging Cable,1,3/25/2019 16:47
166939,Bose SoundSport Headphones,1,3/7/2019 10:10
166940,Lightning Charging Cable,1,3/2/2019 13:47
166941,AA Batteries (4-pack),3,3/4/2019 8:01
166942,iPhone,1,3/1/2019 19:56
166942,Apple Airpods Headphones,1,3/1/2019 19:56
166943,Apple Airpods Headphones,1,3/25/2019 16:50
166944,USB-C Charging Cable,1,3/8/2019 19:56
166945,USB-C Charging Cable,1,3/25/2019 19:56
166946,USB-C Charging Cable,1,3/6/2019 0:07
166947,iPhone,1,3/15/2019 11:53
166948,34in Ultrawide Monitor,1,3/18/2019 15:02
166949,34in Ultrawide Monitor,1,3/21/2019 1:05
166950,Wired Headphones,1,3/5/2019 11:38
166951,AA Batteries (4-pack),1,3/19/2019 12:25
166952,34in Ultrawide Monitor,1,3/14/2019 8:19
166953,AAA Batteries (4-pack),4,3/24/2019 11:30
166954,Macbook Pro Laptop,1,3/14/2019 22:25
166955,Apple Airpods Headphones,1,3/30/2019 12:36
166956,Wired Headphones,1,3/30/2019 6:47
166957,27in FHD Monitor,1,3/27/2019 9:28
166958,Apple Airpods Headphones,1,3/27/2019 11:40
166959,Apple Airpods Headphones,1,3/26/2019 17:10
166960,Wired Headphones,1,3/17/2019 8:42
166961,27in 4K Gaming Monitor,1,3/17/2019 19:40
166962,USB-C Charging Cable,1,3/16/2019 18:03
166963,Apple Airpods Headphones,1,3/30/2019 17:43
166964,Lightning Charging Cable,1,3/15/2019 13:36
166965,Apple Airpods Headphones,1,3/24/2019 18:54
166966,AAA Batteries (4-pack),1,3/8/2019 21:29
166967,AA Batteries (4-pack),1,3/6/2019 22:36
166968,LG Washing Machine,1,3/27/2019 22:16
166968,27in 4K Gaming Monitor,1,3/27/2019 22:16
166969,iPhone,1,3/18/2019 22:07
166970,Apple Airpods Headphones,1,3/24/2019 17:08
166971,Lightning Charging Cable,1,3/21/2019 14:09
166972,Macbook Pro Laptop,1,3/17/2019 14:40
166973,AA Batteries (4-pack),1,3/25/2019 16:54
166974,Macbook Pro Laptop,1,3/28/2019 8:50
166975,USB-C Charging Cable,1,3/27/2019 16:04
166976,AAA Batteries (4-pack),5,3/25/2019 12:18
166977,27in FHD Monitor,1,3/20/2019 17:12
166978,iPhone,1,3/25/2019 17:08
166979,AA Batteries (4-pack),1,3/15/2019 9:41
166980,Flatscreen TV,1,3/25/2019 20:28
166981,AAA Batteries (4-pack),1,3/31/2019 1:40
166981,AAA Batteries (4-pack),1,3/31/2019 1:40
166982,Lightning Charging Cable,1,3/29/2019 20:00
166983,Bose SoundSport Headphones,1,3/13/2019 15:48
166984,AAA Batteries (4-pack),3,3/3/2019 10:01
166985,AA Batteries (4-pack),1,3/3/2019 0:15
166986,Bose SoundSport Headphones,1,3/20/2019 20:22
166987,Lightning Charging Cable,1,3/12/2019 23:17
166988,Lightning Charging Cable,1,3/17/2019 18:47
166989,Google Phone,1,3/28/2019 10:35
166990,AA Batteries (4-pack),1,3/23/2019 19:11
166991,Flatscreen TV,1,3/15/2019 12:02
166992,Apple Airpods Headphones,1,3/26/2019 10:28
166993,Lightning Charging Cable,1,3/28/2019 21:27
166994,34in Ultrawide Monitor,1,3/17/2019 17:37
166995,AAA Batteries (4-pack),2,3/27/2019 22:05
166996,Apple Airpods Headphones,1,3/27/2019 14:44
166997,USB-C Charging Cable,1,3/23/2019 20:02
166998,USB-C Charging Cable,1,3/31/2019 13:26
166999,USB-C Charging Cable,1,3/1/2019 7:39
167000,Wired Headphones,1,3/23/2019 11:41
167001,Lightning Charging Cable,1,3/29/2019 14:47
167002,Wired Headphones,1,3/20/2019 15:51
167003,27in FHD Monitor,1,3/7/2019 20:58
167004,USB-C Charging Cable,1,3/31/2019 13:22
167005,Wired Headphones,1,3/27/2019 13:33
167006,Flatscreen TV,1,3/24/2019 15:34
167007,27in 4K Gaming Monitor,1,3/22/2019 10:10
167008,AA Batteries (4-pack),1,3/21/2019 15:06
167009,Flatscreen TV,1,3/25/2019 18:23
167010,USB-C Charging Cable,1,3/11/2019 2:48
167011,USB-C Charging Cable,1,3/15/2019 19:51
167012,AA Batteries (4-pack),1,3/16/2019 12:48
167013,AAA Batteries (4-pack),1,3/5/2019 17:18
167014,iPhone,1,3/9/2019 22:04
167014,Apple Airpods Headphones,1,3/9/2019 22:04
167015,Lightning Charging Cable,1,3/20/2019 10:56
167016,Apple Airpods Headphones,1,3/27/2019 17:22
167017,ThinkPad Laptop,1,3/13/2019 20:23
167018,34in Ultrawide Monitor,1,3/22/2019 12:37
167019,LG Washing Machine,1,3/6/2019 22:51
167020,Lightning Charging Cable,1,3/16/2019 20:41
167021,Apple Airpods Headphones,1,3/14/2019 16:52
167022,Wired Headphones,1,3/3/2019 19:54
167023,iPhone,1,3/17/2019 21:02
167023,Lightning Charging Cable,1,3/17/2019 21:02
167024,Wired Headphones,1,3/2/2019 15:06
167025,Apple Airpods Headphones,1,3/11/2019 15:13
167026,iPhone,1,3/21/2019 22:30
167026,Lightning Charging Cable,1,3/21/2019 22:30
167027,iPhone,1,3/5/2019 22:55
167028,AA Batteries (4-pack),1,3/17/2019 8:27
167029,Macbook Pro Laptop,1,3/28/2019 15:40
167030,Apple Airpods Headphones,1,3/14/2019 11:29
167031,27in 4K Gaming Monitor,1,3/12/2019 16:39
167032,Bose SoundSport Headphones,1,3/23/2019 22:37
167033,Lightning Charging Cable,1,3/13/2019 12:32
167034,USB-C Charging Cable,1,3/21/2019 10:35
167035,Apple Airpods Headphones,1,3/7/2019 19:13
167036,27in 4K Gaming Monitor,1,3/31/2019 16:39
167037,Bose SoundSport Headphones,1,3/18/2019 13:02
167038,AA Batteries (4-pack),1,3/16/2019 18:48
167039,AAA Batteries (4-pack),1,3/9/2019 17:19
167040,iPhone,1,3/2/2019 10:31
167041,34in Ultrawide Monitor,1,3/23/2019 18:50
167042,Lightning Charging Cable,1,3/16/2019 7:57
167043,Wired Headphones,1,3/28/2019 10:45
167044,20in Monitor,1,3/24/2019 9:43
167045,AAA Batteries (4-pack),2,3/7/2019 2:30
167046,Google Phone,1,3/31/2019 21:53
167047,Flatscreen TV,1,3/9/2019 16:09
167048,Google Phone,1,3/22/2019 15:48
167049,AAA Batteries (4-pack),3,3/12/2019 14:02
167050,Lightning Charging Cable,1,3/13/2019 19:33
167051,20in Monitor,1,3/15/2019 4:59
167052,Lightning Charging Cable,1,3/21/2019 21:18
167053,Wired Headphones,1,3/27/2019 20:54
167054,Wired Headphones,1,3/31/2019 19:36
167055,Flatscreen TV,1,3/11/2019 0:08
167056,Bose SoundSport Headphones,1,3/30/2019 14:22
167057,Wired Headphones,1,3/28/2019 10:21
167058,Wired Headphones,1,3/5/2019 10:28
167059,27in 4K Gaming Monitor,1,3/29/2019 10:29
167060,Macbook Pro Laptop,1,3/4/2019 11:55
167061,AA Batteries (4-pack),1,3/31/2019 13:33
167062,AAA Batteries (4-pack),1,3/22/2019 3:56
167063,USB-C Charging Cable,1,3/9/2019 13:25
167064,AA Batteries (4-pack),1,3/21/2019 20:14
167065,34in Ultrawide Monitor,1,3/15/2019 18:11
167066,USB-C Charging Cable,1,3/2/2019 18:28
167067,AA Batteries (4-pack),2,3/21/2019 16:42
167068,USB-C Charging Cable,1,3/5/2019 7:29
167069,USB-C Charging Cable,1,3/20/2019 17:45
167070,Wired Headphones,1,3/16/2019 19:48
167071,34in Ultrawide Monitor,1,3/4/2019 19:21
167072,AA Batteries (4-pack),1,3/8/2019 15:56
167073,Bose SoundSport Headphones,1,3/6/2019 14:47
167074,Lightning Charging Cable,1,3/30/2019 18:04
167075,Bose SoundSport Headphones,1,3/10/2019 1:32
167076,Flatscreen TV,1,3/31/2019 18:41
167077,Wired Headphones,1,3/8/2019 19:09
167078,Wired Headphones,1,3/19/2019 23:57
167079,Bose SoundSport Headphones,1,3/14/2019 10:11
167080,USB-C Charging Cable,1,3/23/2019 11:17
167081,Macbook Pro Laptop,1,3/17/2019 19:28
167082,Macbook Pro Laptop,1,3/6/2019 23:37
167083,AAA Batteries (4-pack),3,3/11/2019 21:03
167084,AA Batteries (4-pack),1,3/16/2019 15:11
167084,Bose SoundSport Headphones,1,3/16/2019 15:11
167085,AAA Batteries (4-pack),2,3/18/2019 11:39
167086,USB-C Charging Cable,1,3/25/2019 14:00
167087,Apple Airpods Headphones,1,3/19/2019 16:22
167088,USB-C Charging Cable,1,3/17/2019 23:01
167089,USB-C Charging Cable,1,3/28/2019 10:06
167090,Lightning Charging Cable,1,3/24/2019 13:30
167091,Apple Airpods Headphones,1,3/19/2019 16:00
167092,27in FHD Monitor,1,3/10/2019 12:35
167093,Google Phone,1,3/22/2019 8:57
167094,Lightning Charging Cable,1,3/9/2019 13:15
167095,Bose SoundSport Headphones,1,3/14/2019 13:25
167096,Bose SoundSport Headphones,1,3/22/2019 14:12
167097,Apple Airpods Headphones,1,3/16/2019 19:05
167098,AA Batteries (4-pack),1,3/3/2019 20:16
167099,Apple Airpods Headphones,1,3/2/2019 19:34
167100,27in 4K Gaming Monitor,1,3/4/2019 20:43
167101,27in 4K Gaming Monitor,1,3/12/2019 1:53
167102,Macbook Pro Laptop,1,3/30/2019 12:46
167103,AA Batteries (4-pack),1,3/30/2019 12:33
167104,Bose SoundSport Headphones,1,3/17/2019 15:36
167105,iPhone,1,3/14/2019 13:00
167106,Macbook Pro Laptop,1,3/10/2019 15:26
167107,iPhone,1,3/27/2019 18:43
167108,USB-C Charging Cable,1,3/30/2019 16:40
167109,ThinkPad Laptop,1,3/3/2019 14:34
167110,AA Batteries (4-pack),1,3/10/2019 14:55
167111,iPhone,1,3/19/2019 13:41
,,,
167112,Bose SoundSport Headphones,1,3/18/2019 0:35
167113,Lightning Charging Cable,1,3/2/2019 22:55
167114,Wired Headphones,1,3/24/2019 17:37
167115,Apple Airpods Headphones,1,3/6/2019 19:02
167116,Wired Headphones,1,3/24/2019 23:37
167117,Wired Headphones,1,3/6/2019 17:26
167118,Flatscreen TV,1,3/25/2019 13:34
167119,LG Dryer,1,3/22/2019 8:48
167120,Lightning Charging Cable,1,3/31/2019 9:47
167121,Macbook Pro Laptop,1,3/8/2019 8:24
167122,AA Batteries (4-pack),1,3/11/2019 22:32
167123,Wired Headphones,1,3/10/2019 9:04
167124,Flatscreen TV,1,3/20/2019 9:20
167124,ThinkPad Laptop,1,3/20/2019 9:20
167125,Lightning Charging Cable,1,3/5/2019 22:17
167126,LG Washing Machine,1,3/13/2019 12:58
167127,Lightning Charging Cable,1,3/2/2019 13:56
167128,Apple Airpods Headphones,1,3/3/2019 15:54
167129,27in FHD Monitor,1,3/2/2019 18:47
167130,Lightning Charging Cable,1,3/11/2019 20:07
167131,AA Batteries (4-pack),3,3/5/2019 13:11
167132,34in Ultrawide Monitor,1,3/24/2019 9:25
167133,Macbook Pro Laptop,1,3/25/2019 17:10
167134,Wired Headphones,2,3/7/2019 19:32
167135,27in FHD Monitor,1,3/7/2019 19:43
167136,Bose SoundSport Headphones,1,3/24/2019 19:17
167137,Lightning Charging Cable,1,3/16/2019 12:34
167138,Apple Airpods Headphones,1,3/14/2019 15:58
167139,AAA Batteries (4-pack),1,3/19/2019 15:34
167140,Bose SoundSport Headphones,1,3/15/2019 12:48
167141,Bose SoundSport Headphones,1,3/29/2019 11:17
167142,AAA Batteries (4-pack),1,3/20/2019 9:44
167143,Bose SoundSport Headphones,1,3/4/2019 13:16
167144,AAA Batteries (4-pack),1,3/1/2019 17:07
167145,Wired Headphones,1,3/19/2019 14:00
167146,Bose SoundSport Headphones,1,3/21/2019 22:03
167147,iPhone,1,3/22/2019 21:39
167148,Apple Airpods Headphones,1,3/15/2019 12:11
167149,20in Monitor,1,3/4/2019 1:59
167150,LG Dryer,1,3/30/2019 5:15
167151,AA Batteries (4-pack),1,3/13/2019 8:48
167152,USB-C Charging Cable,1,3/19/2019 13:22
167153,34in Ultrawide Monitor,1,3/28/2019 20:06
167154,34in Ultrawide Monitor,1,3/6/2019 10:40
167155,AAA Batteries (4-pack),2,3/16/2019 19:23
167156,AAA Batteries (4-pack),2,3/1/2019 11:44
167157,USB-C Charging Cable,1,3/18/2019 11:33
167158,Lightning Charging Cable,1,3/12/2019 13:33
167159,Google Phone,1,3/31/2019 19:52
167159,AA Batteries (4-pack),1,3/31/2019 19:52
167160,Apple Airpods Headphones,1,3/26/2019 17:34
167161,AAA Batteries (4-pack),2,3/25/2019 21:29
167162,AA Batteries (4-pack),2,3/10/2019 22:46
167163,AA Batteries (4-pack),1,3/3/2019 12:49
167164,USB-C Charging Cable,1,3/23/2019 0:53
167165,27in FHD Monitor,1,3/26/2019 23:56
167166,Lightning Charging Cable,1,3/28/2019 0:35
167167,USB-C Charging Cable,1,3/18/2019 16:37
167168,AA Batteries (4-pack),1,3/27/2019 12:14
167169,AA Batteries (4-pack),1,3/31/2019 13:12
167170,AAA Batteries (4-pack),1,3/14/2019 14:15
167171,Vareebadd Phone,1,3/20/2019 19:00
167172,Wired Headphones,1,3/3/2019 10:06
167173,Google Phone,1,3/29/2019 19:10
167174,Apple Airpods Headphones,1,3/27/2019 11:04
167175,Lightning Charging Cable,1,3/13/2019 22:01
167176,Lightning Charging Cable,1,3/21/2019 15:20
167177,Apple Airpods Headphones,1,3/24/2019 15:26
167178,Lightning Charging Cable,1,3/2/2019 22:26
167179,USB-C Charging Cable,1,3/5/2019 18:13
167180,Wired Headphones,1,3/22/2019 11:47
167181,AA Batteries (4-pack),1,3/16/2019 19:28
167182,Wired Headphones,1,3/16/2019 21:52
167183,Apple Airpods Headphones,1,3/25/2019 0:42
167184,27in 4K Gaming Monitor,1,3/20/2019 20:27
167185,Lightning Charging Cable,1,3/20/2019 20:49
167186,Apple Airpods Headphones,1,3/6/2019 16:50
167187,Wired Headphones,1,3/21/2019 12:28
167188,Lightning Charging Cable,1,3/20/2019 10:43
167189,AAA Batteries (4-pack),1,3/2/2019 13:41
167190,Lightning Charging Cable,1,3/21/2019 19:02
167191,Lightning Charging Cable,1,3/22/2019 17:46
167192,Google Phone,1,3/17/2019 14:09
167193,AA Batteries (4-pack),1,3/9/2019 11:08
167194,20in Monitor,1,3/30/2019 14:21
167195,iPhone,1,3/22/2019 18:35
167196,AA Batteries (4-pack),1,3/6/2019 23:09
167197,USB-C Charging Cable,1,3/16/2019 0:03
167198,34in Ultrawide Monitor,1,3/31/2019 22:35
167199,AA Batteries (4-pack),1,3/3/2019 17:13
167200,27in FHD Monitor,1,3/24/2019 20:57
167201,34in Ultrawide Monitor,1,3/14/2019 15:49
167202,Bose SoundSport Headphones,1,3/21/2019 18:31
167203,27in 4K Gaming Monitor,1,3/1/2019 11:12
167204,Flatscreen TV,1,3/8/2019 19:28
167205,AAA Batteries (4-pack),1,3/10/2019 18:48
167206,20in Monitor,1,3/7/2019 12:40
167207,Wired Headphones,1,3/17/2019 9:57
167208,Bose SoundSport Headphones,1,3/27/2019 13:43
167209,AA Batteries (4-pack),1,3/18/2019 19:38
167210,27in FHD Monitor,1,3/31/2019 14:41
167211,AAA Batteries (4-pack),1,3/23/2019 14:29
167212,AA Batteries (4-pack),1,3/26/2019 20:36
167213,AA Batteries (4-pack),1,3/18/2019 20:26
167214,AAA Batteries (4-pack),3,3/28/2019 18:39
167215,USB-C Charging Cable,1,3/19/2019 8:53
167216,Lightning Charging Cable,1,3/15/2019 23:08
167217,AAA Batteries (4-pack),1,3/21/2019 15:28
167218,ThinkPad Laptop,1,3/6/2019 17:32
167219,AA Batteries (4-pack),1,3/30/2019 16:18
167220,AA Batteries (4-pack),1,3/30/2019 21:36
167220,iPhone,1,3/30/2019 21:36
167221,27in 4K Gaming Monitor,1,3/17/2019 17:53
167222,AAA Batteries (4-pack),2,3/30/2019 15:36
167222,ThinkPad Laptop,1,3/30/2019 15:36
167223,Lightning Charging Cable,1,3/29/2019 22:36
167224,Wired Headphones,1,3/7/2019 22:05
167225,LG Dryer,1,3/10/2019 23:02
167226,Vareebadd Phone,1,3/5/2019 19:01
167227,27in 4K Gaming Monitor,1,3/18/2019 19:19
167228,Lightning Charging Cable,1,3/19/2019 19:33
167229,Bose SoundSport Headphones,1,3/8/2019 21:23
167230,ThinkPad Laptop,1,3/19/2019 11:56
167231,AAA Batteries (4-pack),1,4/1/2019 1:19
167232,AA Batteries (4-pack),1,3/27/2019 19:16
167233,Apple Airpods Headphones,1,3/11/2019 1:14
167234,Wired Headphones,1,3/24/2019 22:00
167235,LG Dryer,1,3/19/2019 22:25
167236,AAA Batteries (4-pack),1,3/15/2019 19:15
167237,27in FHD Monitor,1,3/3/2019 19:41
167238,Lightning Charging Cable,1,3/23/2019 19:57
167239,Bose SoundSport Headphones,1,3/12/2019 12:07
167240,Google Phone,1,3/6/2019 10:26
167241,AAA Batteries (4-pack),1,3/4/2019 15:24
167242,AA Batteries (4-pack),1,3/19/2019 19:01
167243,AAA Batteries (4-pack),1,3/7/2019 3:00
167244,Vareebadd Phone,1,3/17/2019 12:38
167245,AAA Batteries (4-pack),1,3/5/2019 17:08
167246,Bose SoundSport Headphones,1,3/15/2019 12:41
167247,AA Batteries (4-pack),2,3/26/2019 14:43
167248,AAA Batteries (4-pack),2,3/3/2019 16:54
167249,Wired Headphones,1,3/30/2019 23:02
167250,20in Monitor,1,3/26/2019 20:45
167251,AA Batteries (4-pack),1,3/1/2019 12:06
167252,Apple Airpods Headphones,1,3/24/2019 9:43
167253,Apple Airpods Headphones,1,3/16/2019 18:31
167254,Apple Airpods Headphones,1,3/24/2019 11:31
167255,USB-C Charging Cable,1,3/15/2019 17:50
167256,AA Batteries (4-pack),1,3/15/2019 22:22
167257,AAA Batteries (4-pack),1,3/15/2019 11:03
167258,Google Phone,1,3/28/2019 13:20
167258,USB-C Charging Cable,1,3/28/2019 13:20
167259,Lightning Charging Cable,1,3/2/2019 7:03
167260,Apple Airpods Headphones,1,3/22/2019 21:25
167261,Google Phone,1,3/22/2019 14:42
167261,USB-C Charging Cable,1,3/22/2019 14:42
167261,Wired Headphones,1,3/22/2019 14:42
167262,Apple Airpods Headphones,1,3/3/2019 18:46
167263,AA Batteries (4-pack),1,3/8/2019 11:36
167264,AA Batteries (4-pack),1,3/22/2019 2:27
167265,USB-C Charging Cable,1,3/6/2019 13:48
167266,27in FHD Monitor,1,3/8/2019 20:13
167267,AAA Batteries (4-pack),2,3/25/2019 13:52
167268,AA Batteries (4-pack),1,3/25/2019 17:36
167269,Lightning Charging Cable,1,3/17/2019 11:24
167270,Wired Headphones,1,3/7/2019 14:19
167271,27in FHD Monitor,1,3/6/2019 20:23
167272,Lightning Charging Cable,1,3/17/2019 12:44
167273,USB-C Charging Cable,1,3/6/2019 19:29
167274,AAA Batteries (4-pack),1,3/5/2019 21:19
167275,iPhone,1,3/30/2019 14:32
167275,ThinkPad Laptop,1,3/30/2019 14:32
167276,Flatscreen TV,1,3/12/2019 13:08
167277,Wired Headphones,1,3/21/2019 19:56
167278,AAA Batteries (4-pack),1,3/31/2019 10:41
167279,Wired Headphones,1,3/10/2019 22:48
167280,Apple Airpods Headphones,1,3/29/2019 14:39
167281,AA Batteries (4-pack),2,3/19/2019 22:00
167282,Wired Headphones,1,3/16/2019 19:58
167283,27in FHD Monitor,1,3/17/2019 17:25
167284,Vareebadd Phone,1,3/6/2019 19:33
167284,USB-C Charging Cable,1,3/6/2019 19:33
167285,AA Batteries (4-pack),2,3/19/2019 21:19
167286,ThinkPad Laptop,1,3/1/2019 14:14
167287,Apple Airpods Headphones,1,3/4/2019 16:05
167288,AA Batteries (4-pack),1,3/20/2019 8:41
167289,AA Batteries (4-pack),2,3/5/2019 1:04
167290,AA Batteries (4-pack),2,3/23/2019 10:16
167291,Flatscreen TV,1,3/5/2019 8:50
167292,Bose SoundSport Headphones,1,3/10/2019 0:10
167293,Macbook Pro Laptop,1,3/30/2019 17:54
167294,iPhone,1,3/4/2019 1:01
167294,Wired Headphones,1,3/4/2019 1:01
167295,Wired Headphones,1,3/25/2019 19:18
167296,Apple Airpods Headphones,1,3/13/2019 14:04
167297,Wired Headphones,1,3/1/2019 10:25
167298,Apple Airpods Headphones,1,3/3/2019 14:14
167299,Flatscreen TV,1,3/28/2019 15:07
167300,Apple Airpods Headphones,1,3/19/2019 15:38
167301,Apple Airpods Headphones,1,3/21/2019 10:52
167302,Wired Headphones,1,3/11/2019 18:23
167303,Bose SoundSport Headphones,1,3/6/2019 15:10
167304,USB-C Charging Cable,1,3/7/2019 21:32
167305,USB-C Charging Cable,1,3/12/2019 9:13
167306,Wired Headphones,1,3/4/2019 10:36
167307,Lightning Charging Cable,1,3/2/2019 11:17
167308,27in 4K Gaming Monitor,1,3/11/2019 19:55
167309,Lightning Charging Cable,1,3/31/2019 11:47
167310,34in Ultrawide Monitor,1,3/21/2019 9:58
167311,iPhone,1,3/24/2019 17:36
167312,Bose SoundSport Headphones,1,3/6/2019 16:07
167313,Bose SoundSport Headphones,1,3/3/2019 20:18
167314,AA Batteries (4-pack),1,3/28/2019 18:19
167315,AA Batteries (4-pack),1,3/23/2019 16:57
167316,Flatscreen TV,1,3/2/2019 14:07
,,,
167317,Apple Airpods Headphones,1,3/30/2019 14:19
167318,Wired Headphones,4,3/16/2019 17:09
167319,Wired Headphones,1,3/15/2019 22:50
167320,AAA Batteries (4-pack),1,3/15/2019 9:40
167321,Vareebadd Phone,1,3/26/2019 0:13
167322,Wired Headphones,1,3/31/2019 20:00
167323,34in Ultrawide Monitor,1,3/14/2019 9:14
167324,AA Batteries (4-pack),1,3/12/2019 18:33
167324,Lightning Charging Cable,1,3/12/2019 18:33
167325,Wired Headphones,1,3/13/2019 21:50
167326,Flatscreen TV,1,3/20/2019 21:34
167327,Lightning Charging Cable,1,3/13/2019 9:03
167328,USB-C Charging Cable,1,3/7/2019 19:14
167329,Bose SoundSport Headphones,1,3/9/2019 17:54
167330,Lightning Charging Cable,1,3/11/2019 18:09
167331,AAA Batteries (4-pack),1,3/14/2019 17:32
167332,27in 4K Gaming Monitor,1,3/27/2019 17:11
167333,27in 4K Gaming Monitor,1,3/3/2019 10:27
167334,34in Ultrawide Monitor,1,3/20/2019 17:02
167335,27in 4K Gaming Monitor,1,3/31/2019 14:23
167336,Wired Headphones,1,3/27/2019 10:46
167337,27in 4K Gaming Monitor,1,3/15/2019 12:38
167338,34in Ultrawide Monitor,1,3/8/2019 17:51
167339,Lightning Charging Cable,2,3/23/2019 16:40
167340,Bose SoundSport Headphones,1,3/13/2019 19:29
167341,Apple Airpods Headphones,1,3/14/2019 15:21
167342,ThinkPad Laptop,1,3/27/2019 13:17
167343,Apple Airpods Headphones,1,3/2/2019 16:19
167344,Bose SoundSport Headphones,1,3/27/2019 21:00
167345,20in Monitor,1,3/3/2019 19:09
167346,AA Batteries (4-pack),1,3/15/2019 9:17
167347,27in FHD Monitor,1,3/20/2019 11:56
167348,Bose SoundSport Headphones,1,3/7/2019 18:50
167348,AA Batteries (4-pack),1,3/7/2019 18:50
167349,27in FHD Monitor,1,3/29/2019 12:45
167350,AA Batteries (4-pack),2,3/24/2019 13:54
167351,27in 4K Gaming Monitor,1,3/4/2019 7:48
167352,Wired Headphones,1,3/13/2019 18:03
167353,AAA Batteries (4-pack),1,3/20/2019 21:53
167354,USB-C Charging Cable,1,3/19/2019 9:42
167355,Macbook Pro Laptop,1,3/1/2019 10:14
167356,Wired Headphones,1,3/6/2019 15:18
167357,Apple Airpods Headphones,1,3/11/2019 20:49
167358,iPhone,1,3/19/2019 9:35
167359,Flatscreen TV,1,3/7/2019 22:02
167360,iPhone,1,3/12/2019 23:13
167360,Wired Headphones,1,3/12/2019 23:13
167361,34in Ultrawide Monitor,1,3/27/2019 18:54
167362,27in FHD Monitor,1,3/22/2019 22:54
167363,27in FHD Monitor,1,3/1/2019 19:09
167364,Apple Airpods Headphones,1,3/25/2019 15:49
167365,Google Phone,1,3/21/2019 7:51
167366,27in 4K Gaming Monitor,1,3/14/2019 21:27
167367,Apple Airpods Headphones,1,3/10/2019 18:21
167368,Wired Headphones,1,3/9/2019 12:22
167369,iPhone,1,3/22/2019 5:30
167370,AAA Batteries (4-pack),1,3/11/2019 19:57
167371,Lightning Charging Cable,3,3/3/2019 16:03
167372,Macbook Pro Laptop,1,3/31/2019 22:25
167373,AAA Batteries (4-pack),1,3/25/2019 10:50
167374,Flatscreen TV,1,3/27/2019 8:02
167375,27in FHD Monitor,1,3/7/2019 7:07
,,,
167376,34in Ultrawide Monitor,1,3/31/2019 18:48
167377,27in 4K Gaming Monitor,1,3/28/2019 9:19
167378,Apple Airpods Headphones,1,3/28/2019 14:19
167379,USB-C Charging Cable,1,3/2/2019 18:35
167380,Bose SoundSport Headphones,1,3/14/2019 11:39
167381,Apple Airpods Headphones,1,3/3/2019 21:44
167382,Flatscreen TV,1,3/29/2019 4:54
167383,USB-C Charging Cable,1,3/12/2019 12:00
167384,Bose SoundSport Headphones,2,3/26/2019 12:05
167385,AAA Batteries (4-pack),3,3/13/2019 13:56
167386,20in Monitor,1,3/10/2019 18:35
167387,Wired Headphones,1,3/6/2019 11:01
167388,Apple Airpods Headphones,1,3/24/2019 17:34
167388,27in 4K Gaming Monitor,1,3/24/2019 17:34
167389,Wired Headphones,1,3/12/2019 18:35
167390,AAA Batteries (4-pack),1,3/2/2019 8:26
167391,iPhone,1,3/2/2019 15:47
167392,AAA Batteries (4-pack),1,3/26/2019 16:11
167393,Lightning Charging Cable,1,3/29/2019 9:27
167394,34in Ultrawide Monitor,1,3/7/2019 19:27
167395,USB-C Charging Cable,1,3/16/2019 15:43
167396,USB-C Charging Cable,2,3/9/2019 14:05
167397,Macbook Pro Laptop,1,3/22/2019 12:49
167398,AA Batteries (4-pack),1,3/20/2019 20:19
167399,USB-C Charging Cable,1,3/24/2019 15:09
167400,USB-C Charging Cable,1,3/9/2019 23:02
167401,USB-C Charging Cable,1,3/17/2019 0:08
167402,Apple Airpods Headphones,1,3/14/2019 19:22
167403,Macbook Pro Laptop,1,3/13/2019 7:41
167404,AAA Batteries (4-pack),3,3/12/2019 3:38
167405,Lightning Charging Cable,2,3/7/2019 10:07
167406,USB-C Charging Cable,1,3/8/2019 18:03
167407,27in FHD Monitor,1,3/11/2019 10:04
167408,Lightning Charging Cable,1,3/28/2019 21:53
167409,AA Batteries (4-pack),1,3/6/2019 19:23
167410,Lightning Charging Cable,1,3/8/2019 4:37
167411,Wired Headphones,1,3/24/2019 17:20
167412,USB-C Charging Cable,1,3/20/2019 12:16
167413,Lightning Charging Cable,1,3/6/2019 17:09
167414,AAA Batteries (4-pack),1,3/29/2019 18:59
167415,27in FHD Monitor,1,3/6/2019 12:27
167416,AAA Batteries (4-pack),2,3/13/2019 22:13
167417,ThinkPad Laptop,1,3/26/2019 13:23
167418,Macbook Pro Laptop,1,3/18/2019 9:01
167419,AA Batteries (4-pack),1,3/18/2019 13:32
167420,Bose SoundSport Headphones,1,3/29/2019 21:15
167421,Apple Airpods Headphones,1,3/12/2019 0:05
167422,AAA Batteries (4-pack),1,3/9/2019 17:06
167423,Lightning Charging Cable,1,3/25/2019 22:01
167424,USB-C Charging Cable,1,3/18/2019 15:13
167425,Vareebadd Phone,1,3/22/2019 12:25
167426,Bose SoundSport Headphones,1,3/17/2019 22:36
167427,Wired Headphones,1,3/22/2019 18:06
167428,AAA Batteries (4-pack),2,3/23/2019 13:29
167429,Lightning Charging Cable,1,3/27/2019 5:05
167429,Lightning Charging Cable,1,3/27/2019 5:05
167430,Lightning Charging Cable,1,3/6/2019 19:42
167431,Lightning Charging Cable,1,3/19/2019 20:47
167432,34in Ultrawide Monitor,1,3/24/2019 19:14
167433,27in 4K Gaming Monitor,1,3/15/2019 7:48
167433,Lightning Charging Cable,1,3/15/2019 7:48
167434,Apple Airpods Headphones,1,3/19/2019 7:28
167435,USB-C Charging Cable,2,3/31/2019 8:52
167436,Bose SoundSport Headphones,1,3/2/2019 20:03
167437,USB-C Charging Cable,1,3/8/2019 19:06
167438,USB-C Charging Cable,1,3/15/2019 11:47
167439,Lightning Charging Cable,1,3/23/2019 14:00
167440,Lightning Charging Cable,1,3/23/2019 20:24
Order ID,Product,Quantity Ordered,Order Date
167441,27in 4K Gaming Monitor,1,3/11/2019 16:31
167441,Flatscreen TV,1,3/11/2019 16:31
167442,Wired Headphones,1,3/24/2019 19:56
167443,AA Batteries (4-pack),1,3/5/2019 9:44
167444,Wired Headphones,1,3/10/2019 18:44
167445,Wired Headphones,1,3/11/2019 20:45
167446,AA Batteries (4-pack),1,3/29/2019 17:11
167447,iPhone,1,3/24/2019 23:17
167447,Wired Headphones,1,3/24/2019 23:17
167448,Flatscreen TV,1,3/3/2019 20:41
167449,Lightning Charging Cable,1,3/5/2019 11:44
167450,Apple Airpods Headphones,1,3/12/2019 12:49
167451,Wired Headphones,1,3/21/2019 15:53
167452,AA Batteries (4-pack),1,3/2/2019 11:32
167453,Lightning Charging Cable,1,3/5/2019 6:58
167454,27in 4K Gaming Monitor,1,3/4/2019 12:00
167455,Apple Airpods Headphones,1,3/23/2019 0:19
167456,AAA Batteries (4-pack),1,3/30/2019 23:20
167457,ThinkPad Laptop,1,3/29/2019 15:07
167458,Apple Airpods Headphones,1,3/3/2019 17:54
167459,ThinkPad Laptop,1,3/26/2019 11:59
167460,AAA Batteries (4-pack),2,3/6/2019 19:19
167461,34in Ultrawide Monitor,1,3/30/2019 19:32
167462,Lightning Charging Cable,1,3/14/2019 1:28
167463,AA Batteries (4-pack),2,3/8/2019 13:39
167464,20in Monitor,1,3/19/2019 18:59
167465,AA Batteries (4-pack),1,3/23/2019 20:53
167466,USB-C Charging Cable,1,3/10/2019 0:43
167467,Google Phone,1,3/18/2019 10:13
167468,Apple Airpods Headphones,1,3/31/2019 11:24
167469,Google Phone,1,3/3/2019 11:22
167469,USB-C Charging Cable,1,3/3/2019 11:22
167470,AA Batteries (4-pack),1,3/22/2019 18:16
167471,27in FHD Monitor,1,3/4/2019 20:39
167472,AA Batteries (4-pack),1,3/30/2019 11:28
167473,Macbook Pro Laptop,1,3/18/2019 7:18
167474,Wired Headphones,1,3/6/2019 19:55
167475,iPhone,1,3/25/2019 12:37
167476,Bose SoundSport Headphones,1,3/28/2019 19:18
167477,AA Batteries (4-pack),1,3/14/2019 19:15
167478,Google Phone,1,3/2/2019 7:46
167479,Wired Headphones,1,3/15/2019 17:45
167480,Lightning Charging Cable,1,3/7/2019 20:05
167481,Lightning Charging Cable,1,3/23/2019 10:12
167482,USB-C Charging Cable,1,3/1/2019 16:36
167483,Bose SoundSport Headphones,1,3/23/2019 22:16
167484,27in FHD Monitor,1,3/11/2019 14:52
167485,LG Washing Machine,1,3/31/2019 23:28
167486,AAA Batteries (4-pack),1,3/27/2019 0:02
167487,AAA Batteries (4-pack),4,3/13/2019 7:22
167488,iPhone,1,3/19/2019 18:21
167488,Lightning Charging Cable,1,3/19/2019 18:21
167489,Apple Airpods Headphones,1,3/10/2019 11:47
167490,LG Dryer,1,3/2/2019 14:32
167491,USB-C Charging Cable,1,3/29/2019 15:03
167492,Bose SoundSport Headphones,1,3/19/2019 12:11
167493,Bose SoundSport Headphones,1,3/21/2019 14:50
167494,USB-C Charging Cable,1,3/16/2019 19:36
167495,ThinkPad Laptop,1,3/27/2019 10:16
Order ID,Product,Quantity Ordered,Order Date
167496,34in Ultrawide Monitor,1,3/27/2019 16:13
167497,AAA Batteries (4-pack),2,3/29/2019 10:41
167498,Wired Headphones,1,3/17/2019 10:46
167499,34in Ultrawide Monitor,1,3/11/2019 8:56
167500,AA Batteries (4-pack),1,3/27/2019 10:07
167501,Bose SoundSport Headphones,1,3/20/2019 18:59
167502,27in FHD Monitor,1,3/12/2019 13:38
167503,USB-C Charging Cable,1,3/26/2019 14:06
167504,AA Batteries (4-pack),1,3/25/2019 17:39
167505,AAA Batteries (4-pack),1,3/19/2019 10:39
167506,Lightning Charging Cable,1,3/26/2019 21:30
167507,USB-C Charging Cable,1,3/13/2019 22:34
167508,Lightning Charging Cable,1,3/29/2019 18:32
167509,USB-C Charging Cable,1,3/24/2019 20:26
167510,Lightning Charging Cable,2,3/6/2019 22:11
167511,Macbook Pro Laptop,1,3/12/2019 9:16
167512,AA Batteries (4-pack),1,3/17/2019 21:29
167513,AAA Batteries (4-pack),1,3/15/2019 9:46
167514,20in Monitor,1,3/14/2019 9:18
167515,34in Ultrawide Monitor,1,3/2/2019 16:34
167516,Lightning Charging Cable,1,3/11/2019 4:39
167517,Lightning Charging Cable,1,3/19/2019 22:01
167518,Lightning Charging Cable,1,3/5/2019 20:54
167519,Lightning Charging Cable,1,3/30/2019 18:23
167520,Wired Headphones,2,3/3/2019 18:17
167521,Apple Airpods Headphones,1,3/23/2019 17:23
167522,27in FHD Monitor,1,3/23/2019 14:40
167523,AA Batteries (4-pack),1,3/2/2019 1:42
167524,Wired Headphones,1,3/29/2019 11:38
167525,AAA Batteries (4-pack),4,3/16/2019 11:52
167526,Macbook Pro Laptop,1,3/9/2019 16:10
167527,USB-C Charging Cable,1,3/29/2019 12:52
167528,Apple Airpods Headphones,1,3/11/2019 14:01
167529,USB-C Charging Cable,1,3/19/2019 6:54
167530,Lightning Charging Cable,1,3/9/2019 12:01
167531,Lightning Charging Cable,1,3/18/2019 23:12
167532,iPhone,1,3/5/2019 8:02
167532,Apple Airpods Headphones,1,3/5/2019 8:02
167533,27in FHD Monitor,1,3/5/2019 21:24
167534,Bose SoundSport Headphones,1,3/31/2019 20:51
167535,Lightning Charging Cable,1,3/11/2019 19:05
167536,Apple Airpods Headphones,1,3/25/2019 18:59
167537,20in Monitor,1,3/3/2019 9:47
167538,Lightning Charging Cable,1,3/20/2019 10:30
167539,Apple Airpods Headphones,1,3/17/2019 11:16
167540,USB-C Charging Cable,1,3/13/2019 12:44
167541,Bose SoundSport Headphones,1,3/29/2019 17:56
167542,Lightning Charging Cable,1,3/20/2019 8:37
167543,Apple Airpods Headphones,1,3/5/2019 13:09
167544,Lightning Charging Cable,1,3/15/2019 20:08
167545,27in FHD Monitor,1,3/14/2019 17:45
167546,Google Phone,1,3/27/2019 18:00
167547,AA Batteries (4-pack),2,3/4/2019 23:30
167548,AA Batteries (4-pack),1,3/27/2019 13:16
167549,Flatscreen TV,1,3/27/2019 8:47
167550,34in Ultrawide Monitor,1,3/20/2019 10:45
167551,AA Batteries (4-pack),1,3/31/2019 20:22
167552,Lightning Charging Cable,1,3/28/2019 16:27
167553,Wired Headphones,1,3/16/2019 12:27
167554,AA Batteries (4-pack),1,3/25/2019 14:01
167555,Apple Airpods Headphones,1,3/14/2019 10:54
167556,Wired Headphones,2,3/13/2019 6:37
167557,AA Batteries (4-pack),2,3/13/2019 20:03
167558,Lightning Charging Cable,1,3/9/2019 19:00
167559,USB-C Charging Cable,1,3/31/2019 19:41
167560,AA Batteries (4-pack),1,3/6/2019 22:09
167561,AA Batteries (4-pack),1,3/26/2019 21:55
167562,USB-C Charging Cable,1,3/31/2019 12:06
167563,USB-C Charging Cable,1,3/9/2019 13:35
167564,27in FHD Monitor,1,3/23/2019 10:08
167565,34in Ultrawide Monitor,1,3/18/2019 6:06
167566,27in FHD Monitor,1,3/7/2019 9:18
167567,Macbook Pro Laptop,1,3/3/2019 15:42
167567,Lightning Charging Cable,1,3/3/2019 15:42
167568,Apple Airpods Headphones,1,3/7/2019 22:11
167569,USB-C Charging Cable,1,3/16/2019 20:28
167570,USB-C Charging Cable,1,3/22/2019 9:54
167571,AAA Batteries (4-pack),1,3/21/2019 19:50
167572,Apple Airpods Headphones,1,3/18/2019 12:54
167573,Wired Headphones,1,3/15/2019 16:39
167574,Lightning Charging Cable,1,3/14/2019 9:02
167575,AA Batteries (4-pack),1,3/20/2019 11:20
167576,ThinkPad Laptop,1,3/18/2019 19:18
167577,AAA Batteries (4-pack),1,3/27/2019 14:10
167578,ThinkPad Laptop,1,3/4/2019 10:01
167579,Wired Headphones,1,3/10/2019 16:16
167580,Wired Headphones,1,3/8/2019 13:39
167581,AA Batteries (4-pack),1,3/30/2019 20:24
167582,Wired Headphones,1,3/26/2019 15:28
167583,Google Phone,1,3/15/2019 9:51
167584,Lightning Charging Cable,1,3/1/2019 13:05
167585,34in Ultrawide Monitor,1,3/2/2019 1:43
167586,Apple Airpods Headphones,1,3/30/2019 21:27
167587,Lightning Charging Cable,1,3/25/2019 16:05
167588,Lightning Charging Cable,1,3/24/2019 22:24
167589,USB-C Charging Cable,1,3/10/2019 21:29
167590,USB-C Charging Cable,1,3/6/2019 12:49
167591,Lightning Charging Cable,1,3/18/2019 22:24
167591,Apple Airpods Headphones,1,3/18/2019 22:24
167592,Lightning Charging Cable,1,3/16/2019 15:48
167593,Flatscreen TV,1,3/9/2019 19:21
167594,AA Batteries (4-pack),1,3/4/2019 18:29
167595,34in Ultrawide Monitor,1,3/24/2019 13:14
167596,34in Ultrawide Monitor,1,3/31/2019 20:19
167597,USB-C Charging Cable,1,3/15/2019 13:18
167598,Vareebadd Phone,1,3/28/2019 22:29
167598,Wired Headphones,1,3/28/2019 22:29
167599,USB-C Charging Cable,1,3/18/2019 11:00
167600,AAA Batteries (4-pack),2,3/18/2019 19:38
167601,Bose SoundSport Headphones,1,3/23/2019 16:18
167602,USB-C Charging Cable,1,3/15/2019 14:41
167603,Wired Headphones,2,3/28/2019 11:33
167604,Wired Headphones,1,3/5/2019 13:03
167605,27in FHD Monitor,1,3/26/2019 11:10
167606,USB-C Charging Cable,1,3/30/2019 14:05
167607,AAA Batteries (4-pack),2,3/15/2019 10:44
167608,Google Phone,1,3/9/2019 17:25
167609,Wired Headphones,1,3/14/2019 8:12
167610,USB-C Charging Cable,1,3/9/2019 11:30
167611,AA Batteries (4-pack),1,3/19/2019 20:27
167612,Wired Headphones,1,3/8/2019 12:51
167613,Lightning Charging Cable,1,3/24/2019 13:42
167614,Google Phone,1,3/24/2019 18:47
167615,Apple Airpods Headphones,1,3/22/2019 11:13
167616,USB-C Charging Cable,1,3/27/2019 14:57
167617,AA Batteries (4-pack),1,3/16/2019 18:25
167618,AAA Batteries (4-pack),1,3/25/2019 18:34
167619,AAA Batteries (4-pack),1,3/5/2019 15:04
167620,Wired Headphones,1,3/16/2019 13:55
167621,Wired Headphones,1,3/7/2019 8:03
167622,34in Ultrawide Monitor,1,3/26/2019 20:59
167623,AAA Batteries (4-pack),1,3/26/2019 12:13
167624,Lightning Charging Cable,1,3/14/2019 18:13
167625,LG Dryer,1,3/20/2019 17:38
167626,Macbook Pro Laptop,1,3/21/2019 17:26
167627,Lightning Charging Cable,1,3/12/2019 12:37
167628,Lightning Charging Cable,1,3/15/2019 20:03
167629,iPhone,1,3/30/2019 22:03
167630,AAA Batteries (4-pack),1,3/8/2019 16:25
167631,AA Batteries (4-pack),1,3/21/2019 20:31
167632,27in FHD Monitor,2,3/18/2019 10:19
167633,AAA Batteries (4-pack),1,3/7/2019 11:48
167634,Wired Headphones,1,3/25/2019 20:06
167635,Macbook Pro Laptop,1,3/29/2019 22:02
167636,iPhone,1,3/18/2019 0:46
167637,AA Batteries (4-pack),1,3/11/2019 22:22
167638,USB-C Charging Cable,1,3/29/2019 10:21
167639,Wired Headphones,1,3/6/2019 18:53
167640,Apple Airpods Headphones,1,3/17/2019 15:04
167641,27in FHD Monitor,1,3/5/2019 9:04
167642,Lightning Charging Cable,1,3/26/2019 20:08
167643,Google Phone,1,3/30/2019 11:31
167643,USB-C Charging Cable,1,3/30/2019 11:31
167644,Google Phone,1,3/27/2019 20:49
167645,AA Batteries (4-pack),2,3/11/2019 19:23
167646,Bose SoundSport Headphones,1,3/18/2019 5:39
167647,Wired Headphones,1,3/6/2019 12:00
167648,Apple Airpods Headphones,1,3/18/2019 23:33
167649,Wired Headphones,1,3/19/2019 17:59
167650,Wired Headphones,1,3/30/2019 5:14
167651,27in 4K Gaming Monitor,1,3/24/2019 12:02
167652,AA Batteries (4-pack),1,3/31/2019 11:05
167653,Vareebadd Phone,1,3/11/2019 3:06
167654,27in FHD Monitor,1,3/29/2019 15:10
167654,27in FHD Monitor,1,3/29/2019 15:10
167655,Lightning Charging Cable,1,3/15/2019 1:11
167656,AA Batteries (4-pack),1,3/31/2019 15:57
167657,20in Monitor,1,3/26/2019 20:15
167658,AA Batteries (4-pack),1,3/14/2019 14:37
167659,Vareebadd Phone,1,3/12/2019 7:28
167659,USB-C Charging Cable,1,3/12/2019 7:28
167660,27in FHD Monitor,1,3/11/2019 14:09
167661,20in Monitor,1,3/12/2019 12:50
167662,AA Batteries (4-pack),1,3/8/2019 23:04
167663,Bose SoundSport Headphones,1,3/28/2019 11:52
167664,27in 4K Gaming Monitor,1,3/31/2019 13:50
167665,iPhone,1,3/10/2019 23:00
167666,AAA Batteries (4-pack),1,3/13/2019 21:32
167667,AAA Batteries (4-pack),1,3/15/2019 17:57
167668,Google Phone,1,3/25/2019 15:55
167669,AA Batteries (4-pack),1,3/21/2019 8:59
167670,27in FHD Monitor,1,3/27/2019 19:35
167671,Lightning Charging Cable,1,3/29/2019 12:26
167672,Bose SoundSport Headphones,1,3/30/2019 11:12
167673,Wired Headphones,1,3/13/2019 10:23
167674,27in FHD Monitor,1,3/14/2019 10:23
167675,Apple Airpods Headphones,1,3/4/2019 14:39
167676,27in 4K Gaming Monitor,1,3/4/2019 16:58
167677,Lightning Charging Cable,1,3/24/2019 11:29
167678,Lightning Charging Cable,1,3/16/2019 13:08
167679,AAA Batteries (4-pack),1,3/10/2019 19:33
167680,iPhone,1,3/27/2019 10:39
167681,AAA Batteries (4-pack),2,3/2/2019 8:27
167682,Vareebadd Phone,1,3/9/2019 18:08
167683,Bose SoundSport Headphones,1,3/4/2019 21:58
167684,AA Batteries (4-pack),2,3/12/2019 12:27
167685,Lightning Charging Cable,1,3/17/2019 21:32
167686,27in FHD Monitor,1,3/5/2019 17:37
167687,Wired Headphones,1,3/17/2019 19:18
167688,Lightning Charging Cable,1,3/13/2019 8:46
167689,AA Batteries (4-pack),3,3/22/2019 8:44
167690,Flatscreen TV,1,3/29/2019 21:54
167691,Wired Headphones,1,3/14/2019 22:20
167692,Bose SoundSport Headphones,1,3/17/2019 10:49
167693,Apple Airpods Headphones,1,3/14/2019 18:18
167694,LG Washing Machine,1,3/30/2019 19:59
167695,AAA Batteries (4-pack),1,3/24/2019 21:43
167696,AAA Batteries (4-pack),1,3/21/2019 14:42
167697,Bose SoundSport Headphones,1,3/7/2019 15:36
167698,AA Batteries (4-pack),1,3/22/2019 9:56
167699,AA Batteries (4-pack),1,3/23/2019 18:48
167700,Bose SoundSport Headphones,1,3/10/2019 23:03
167701,Apple Airpods Headphones,1,3/27/2019 21:34
167702,Wired Headphones,1,3/22/2019 19:35
167702,AA Batteries (4-pack),1,3/22/2019 19:35
167703,Wired Headphones,1,3/24/2019 20:40
167704,27in 4K Gaming Monitor,1,3/20/2019 9:18
167705,Lightning Charging Cable,1,3/7/2019 11:59
167706,Apple Airpods Headphones,1,3/3/2019 11:14
167707,Wired Headphones,1,3/10/2019 19:07
167708,Wired Headphones,1,3/30/2019 18:48
167709,Google Phone,1,3/28/2019 17:13
167709,USB-C Charging Cable,1,3/28/2019 17:13
167710,iPhone,1,3/24/2019 11:51
167711,Lightning Charging Cable,1,3/13/2019 23:59
167712,Macbook Pro Laptop,1,3/5/2019 0:57
167713,USB-C Charging Cable,1,3/2/2019 15:56
167714,Apple Airpods Headphones,1,3/1/2019 9:59
167715,Apple Airpods Headphones,1,3/5/2019 1:05
167716,34in Ultrawide Monitor,1,3/23/2019 9:46
167717,Bose SoundSport Headphones,1,3/3/2019 9:12
167718,AA Batteries (4-pack),1,3/20/2019 23:08
167719,USB-C Charging Cable,1,3/12/2019 22:53
167720,AAA Batteries (4-pack),2,3/17/2019 17:52
167721,Google Phone,1,3/18/2019 22:15
167721,USB-C Charging Cable,1,3/18/2019 22:15
167722,iPhone,1,3/31/2019 18:39
167723,AA Batteries (4-pack),1,3/2/2019 14:51
167724,Apple Airpods Headphones,1,3/26/2019 15:53
167725,iPhone,1,3/22/2019 20:33
167726,34in Ultrawide Monitor,1,3/24/2019 15:09
167727,AAA Batteries (4-pack),1,3/10/2019 12:10
167728,Vareebadd Phone,1,3/27/2019 15:33
167729,Lightning Charging Cable,1,3/16/2019 14:23
167730,Lightning Charging Cable,1,3/22/2019 6:38
167731,Apple Airpods Headphones,1,3/23/2019 10:32
167732,AAA Batteries (4-pack),5,3/16/2019 21:33
167733,AA Batteries (4-pack),1,3/28/2019 22:25
167734,USB-C Charging Cable,1,3/10/2019 9:38
167735,iPhone,1,3/23/2019 17:46
167736,Lightning Charging Cable,1,3/7/2019 23:50
167737,AAA Batteries (4-pack),1,3/28/2019 16:48
167738,USB-C Charging Cable,1,3/22/2019 20:22
167739,Bose SoundSport Headphones,1,3/7/2019 20:51
167740,Bose SoundSport Headphones,1,3/31/2019 15:48
167741,iPhone,1,3/21/2019 23:47
167742,Google Phone,1,3/3/2019 19:26
167743,Bose SoundSport Headphones,1,3/3/2019 22:01
167744,27in 4K Gaming Monitor,1,3/31/2019 20:45
167745,Macbook Pro Laptop,1,3/1/2019 19:27
167746,iPhone,1,3/6/2019 15:54
167747,AA Batteries (4-pack),1,3/9/2019 7:14
167748,Lightning Charging Cable,1,3/3/2019 10:31
167749,iPhone,1,3/11/2019 21:41
167750,Apple Airpods Headphones,1,3/4/2019 22:15
167751,34in Ultrawide Monitor,1,3/5/2019 10:19
167752,Lightning Charging Cable,2,3/14/2019 11:56
167753,Macbook Pro Laptop,1,3/31/2019 15:42
167754,AA Batteries (4-pack),2,3/19/2019 15:13
167755,USB-C Charging Cable,1,3/30/2019 19:13
167756,34in Ultrawide Monitor,1,3/16/2019 1:15
167757,AAA Batteries (4-pack),2,3/22/2019 15:53
167758,Wired Headphones,1,3/8/2019 13:58
167759,Bose SoundSport Headphones,1,3/5/2019 18:20
167760,Bose SoundSport Headphones,1,3/12/2019 10:45
167761,iPhone,1,3/7/2019 17:48
167762,Bose SoundSport Headphones,1,3/6/2019 19:27
167763,Bose SoundSport Headphones,1,3/24/2019 1:30
167764,Wired Headphones,1,3/1/2019 18:15
167765,Bose SoundSport Headphones,1,3/18/2019 12:25
167766,27in 4K Gaming Monitor,1,3/11/2019 22:11
167767,AA Batteries (4-pack),1,3/18/2019 10:45
167768,Lightning Charging Cable,2,3/28/2019 19:35
167769,27in 4K Gaming Monitor,1,3/16/2019 15:15
167770,AAA Batteries (4-pack),2,3/20/2019 19:00
167771,ThinkPad Laptop,1,3/14/2019 13:21
167772,34in Ultrawide Monitor,1,3/16/2019 17:34
167773,iPhone,1,3/26/2019 9:19
167774,USB-C Charging Cable,1,3/4/2019 22:46
167775,AAA Batteries (4-pack),1,3/7/2019 23:02
167776,AA Batteries (4-pack),1,3/13/2019 14:58
167777,Apple Airpods Headphones,1,3/8/2019 11:23
167778,Lightning Charging Cable,1,3/1/2019 18:23
167779,AAA Batteries (4-pack),1,3/10/2019 11:34
167780,Lightning Charging Cable,1,3/17/2019 10:55
167781,USB-C Charging Cable,2,3/26/2019 14:36
167782,AA Batteries (4-pack),1,3/5/2019 14:25
167783,Lightning Charging Cable,1,3/10/2019 17:32
167784,Bose SoundSport Headphones,1,3/16/2019 13:30
167785,Bose SoundSport Headphones,1,3/16/2019 0:57
167786,Bose SoundSport Headphones,1,3/7/2019 21:27
167787,AA Batteries (4-pack),2,3/25/2019 7:47
167788,Macbook Pro Laptop,1,3/18/2019 9:18
167789,AAA Batteries (4-pack),5,3/26/2019 14:09
167790,Apple Airpods Headphones,1,3/24/2019 6:24
167791,AAA Batteries (4-pack),1,3/31/2019 20:57
167792,USB-C Charging Cable,1,3/12/2019 11:42
167793,Apple Airpods Headphones,1,3/9/2019 15:29
167794,Bose SoundSport Headphones,1,3/19/2019 23:27
167795,27in FHD Monitor,1,3/23/2019 22:04
167796,27in FHD Monitor,1,3/11/2019 13:22
167797,USB-C Charging Cable,1,3/20/2019 10:15
167798,AAA Batteries (4-pack),2,3/31/2019 6:28
167799,AAA Batteries (4-pack),2,3/4/2019 5:54
167800,27in 4K Gaming Monitor,1,3/8/2019 19:30
167801,USB-C Charging Cable,1,3/28/2019 21:15
167802,Flatscreen TV,1,3/31/2019 22:37
167803,Lightning Charging Cable,1,3/21/2019 22:03
167804,Lightning Charging Cable,1,3/8/2019 11:16
167805,USB-C Charging Cable,1,3/23/2019 9:00
167806,Flatscreen TV,1,3/3/2019 12:21
167807,AA Batteries (4-pack),1,3/5/2019 22:27
167808,USB-C Charging Cable,1,3/7/2019 12:47
167809,AAA Batteries (4-pack),1,3/20/2019 10:58
167810,Vareebadd Phone,1,3/20/2019 17:01
167811,Bose SoundSport Headphones,1,3/3/2019 10:52
167812,iPhone,1,3/18/2019 9:57
167813,27in 4K Gaming Monitor,1,4/1/2019 2:42
167814,20in Monitor,1,3/17/2019 18:13
167815,USB-C Charging Cable,1,3/1/2019 11:05
167816,AA Batteries (4-pack),1,3/2/2019 12:24
167817,USB-C Charging Cable,2,3/18/2019 22:59
167818,iPhone,1,3/30/2019 10:22
167819,27in 4K Gaming Monitor,1,3/7/2019 13:39
167820,34in Ultrawide Monitor,1,3/11/2019 23:39
167821,Lightning Charging Cable,1,3/4/2019 12:57
167822,Lightning Charging Cable,1,3/18/2019 11:49
167823,AA Batteries (4-pack),1,3/20/2019 19:21
167824,Wired Headphones,1,3/12/2019 17:04
167825,AA Batteries (4-pack),1,3/26/2019 8:48
167826,AAA Batteries (4-pack),1,3/7/2019 20:15
167827,Wired Headphones,1,3/15/2019 14:02
167828,AAA Batteries (4-pack),5,3/17/2019 19:13
167829,USB-C Charging Cable,1,3/24/2019 20:56
167830,AA Batteries (4-pack),1,3/16/2019 11:37
167831,Lightning Charging Cable,1,3/22/2019 15:46
167832,Lightning Charging Cable,3,3/29/2019 9:29
167833,iPhone,1,3/11/2019 12:59
167833,Apple Airpods Headphones,1,3/11/2019 12:59
167834,Lightning Charging Cable,1,3/11/2019 20:27
167835,Lightning Charging Cable,1,3/28/2019 19:14
167836,Wired Headphones,1,3/10/2019 11:34
167837,Google Phone,1,3/26/2019 11:52
167837,USB-C Charging Cable,1,3/26/2019 11:52
167838,USB-C Charging Cable,1,3/11/2019 9:10
167839,Vareebadd Phone,1,3/28/2019 11:31
167839,Bose SoundSport Headphones,1,3/28/2019 11:31
167840,USB-C Charging Cable,1,3/2/2019 16:11
167841,AA Batteries (4-pack),1,3/21/2019 12:27
167842,34in Ultrawide Monitor,1,3/28/2019 10:33
167843,Lightning Charging Cable,1,3/20/2019 9:10
167844,Apple Airpods Headphones,1,3/26/2019 20:37
167845,AAA Batteries (4-pack),2,3/3/2019 17:57
167846,Wired Headphones,1,3/11/2019 22:44
167847,Apple Airpods Headphones,1,3/4/2019 22:21
167848,Macbook Pro Laptop,1,3/8/2019 17:11
167849,AAA Batteries (4-pack),1,3/22/2019 12:37
167850,AA Batteries (4-pack),1,3/21/2019 9:56
167851,Lightning Charging Cable,2,3/3/2019 13:50
167852,Google Phone,1,3/11/2019 5:43
167853,USB-C Charging Cable,1,3/11/2019 17:40
167854,Google Phone,1,3/9/2019 15:40
167855,Flatscreen TV,1,3/14/2019 17:12
167856,Apple Airpods Headphones,1,3/9/2019 23:08
167857,AA Batteries (4-pack),1,3/26/2019 21:54
167858,USB-C Charging Cable,1,3/13/2019 23:44
167859,USB-C Charging Cable,1,3/16/2019 10:57
167860,Lightning Charging Cable,1,3/19/2019 13:50
167861,Bose SoundSport Headphones,1,3/20/2019 10:18
167862,AA Batteries (4-pack),1,3/12/2019 8:31
167863,LG Dryer,1,3/16/2019 15:44
167864,Lightning Charging Cable,1,3/27/2019 13:34
167865,AA Batteries (4-pack),1,3/23/2019 16:09
167866,34in Ultrawide Monitor,1,3/6/2019 15:37
167867,Wired Headphones,1,3/8/2019 11:36
167868,AAA Batteries (4-pack),1,3/7/2019 8:28
167869,LG Washing Machine,1,3/29/2019 20:44
167870,AA Batteries (4-pack),1,3/2/2019 12:41
167871,Wired Headphones,1,3/31/2019 17:47
167872,Lightning Charging Cable,1,3/10/2019 22:02
167873,LG Washing Machine,1,3/31/2019 12:56
167874,Lightning Charging Cable,1,3/5/2019 17:19
167875,Wired Headphones,1,3/3/2019 14:29
167876,ThinkPad Laptop,1,3/3/2019 23:10
167877,AA Batteries (4-pack),1,3/10/2019 11:55
167878,Lightning Charging Cable,1,3/11/2019 18:42
167879,USB-C Charging Cable,1,3/24/2019 2:35
167880,AA Batteries (4-pack),1,3/5/2019 22:53
167881,27in FHD Monitor,1,3/2/2019 11:18
167882,Macbook Pro Laptop,1,3/5/2019 21:26
167883,Macbook Pro Laptop,1,3/5/2019 21:25
167884,Lightning Charging Cable,1,3/16/2019 19:09
167885,27in FHD Monitor,1,3/27/2019 22:24
167886,AAA Batteries (4-pack),2,3/16/2019 19:53
167887,AAA Batteries (4-pack),1,3/3/2019 16:19
167888,Lightning Charging Cable,2,3/10/2019 8:42
167889,USB-C Charging Cable,1,3/11/2019 20:14
167890,Apple Airpods Headphones,1,3/13/2019 11:02
167891,Google Phone,1,3/10/2019 8:59
167891,USB-C Charging Cable,1,3/10/2019 8:59
167892,Lightning Charging Cable,1,3/4/2019 14:15
167893,Lightning Charging Cable,1,3/30/2019 16:20
167894,34in Ultrawide Monitor,1,3/17/2019 18:44
167895,Lightning Charging Cable,1,3/25/2019 15:29
167896,Lightning Charging Cable,1,3/26/2019 20:01
167897,iPhone,1,3/29/2019 0:09
167898,27in FHD Monitor,1,3/15/2019 15:25
167899,AAA Batteries (4-pack),1,3/14/2019 14:28
167900,AAA Batteries (4-pack),3,3/5/2019 16:57
167901,USB-C Charging Cable,2,3/25/2019 18:28
167902,Google Phone,1,3/6/2019 15:43
167903,Flatscreen TV,1,3/11/2019 12:56
167904,Lightning Charging Cable,1,3/30/2019 6:03
167905,Lightning Charging Cable,1,3/3/2019 19:37
167906,Apple Airpods Headphones,1,3/4/2019 13:17
167907,iPhone,1,3/9/2019 19:10
167908,Wired Headphones,1,3/30/2019 8:22
167909,34in Ultrawide Monitor,1,3/6/2019 23:00
167910,Wired Headphones,1,3/4/2019 22:40
167911,AAA Batteries (4-pack),2,3/12/2019 10:39
167912,34in Ultrawide Monitor,1,3/1/2019 18:34
167913,Bose SoundSport Headphones,1,3/11/2019 21:24
167914,ThinkPad Laptop,1,3/25/2019 15:46
167915,27in 4K Gaming Monitor,1,3/16/2019 16:43
167916,USB-C Charging Cable,1,3/10/2019 12:04
167917,Bose SoundSport Headphones,1,3/14/2019 10:50
167918,USB-C Charging Cable,1,3/27/2019 19:16
167919,Flatscreen TV,1,3/8/2019 16:43
167920,Lightning Charging Cable,1,3/11/2019 10:36
167921,Wired Headphones,1,3/8/2019 9:37
167922,AAA Batteries (4-pack),1,3/3/2019 21:38
167923,AA Batteries (4-pack),1,3/25/2019 22:57
167924,Google Phone,1,3/29/2019 6:01
167924,USB-C Charging Cable,1,3/29/2019 6:01
167925,AA Batteries (4-pack),1,3/28/2019 16:23
167926,20in Monitor,1,3/24/2019 17:01
167927,AA Batteries (4-pack),2,3/28/2019 21:39
167928,Wired Headphones,1,3/19/2019 10:49
167929,Apple Airpods Headphones,1,3/16/2019 17:00
167930,Apple Airpods Headphones,1,3/11/2019 9:20
167931,Bose SoundSport Headphones,1,3/22/2019 16:07
167931,USB-C Charging Cable,1,3/22/2019 16:07
167932,Flatscreen TV,1,3/15/2019 22:20
167933,USB-C Charging Cable,1,3/5/2019 13:24
167934,Google Phone,1,3/31/2019 11:36
167934,USB-C Charging Cable,1,3/31/2019 11:36
167935,Apple Airpods Headphones,1,3/25/2019 8:15
167936,Apple Airpods Headphones,1,3/13/2019 19:20
167937,27in 4K Gaming Monitor,1,3/20/2019 13:49
167938,Apple Airpods Headphones,1,3/21/2019 15:27
167939,USB-C Charging Cable,1,3/18/2019 13:48
167940,Macbook Pro Laptop,1,3/5/2019 9:48
167941,AAA Batteries (4-pack),1,3/21/2019 19:22
167942,AA Batteries (4-pack),1,3/23/2019 14:51
167943,AA Batteries (4-pack),2,3/2/2019 14:42
167944,Lightning Charging Cable,1,3/15/2019 18:14
167945,ThinkPad Laptop,1,3/11/2019 6:36
167946,AA Batteries (4-pack),2,3/15/2019 18:05
167947,Macbook Pro Laptop,1,3/18/2019 11:00
167948,Lightning Charging Cable,1,3/5/2019 13:49
167949,Google Phone,1,3/12/2019 9:35
167950,34in Ultrawide Monitor,1,3/12/2019 19:41
167951,Apple Airpods Headphones,1,3/18/2019 9:47
167952,27in 4K Gaming Monitor,1,3/14/2019 17:49
167953,Wired Headphones,1,3/19/2019 18:18
167954,USB-C Charging Cable,1,3/4/2019 16:08
167955,iPhone,1,3/29/2019 14:11
167955,Apple Airpods Headphones,1,3/29/2019 14:11
167956,Lightning Charging Cable,1,3/2/2019 18:56
167957,Lightning Charging Cable,1,3/2/2019 20:39
167958,Google Phone,1,3/18/2019 14:06
167958,USB-C Charging Cable,1,3/18/2019 14:06
167959,AA Batteries (4-pack),1,3/4/2019 21:24
167960,USB-C Charging Cable,1,3/18/2019 21:24
167961,Bose SoundSport Headphones,1,3/31/2019 6:48
167962,USB-C Charging Cable,1,3/20/2019 5:49
167963,27in 4K Gaming Monitor,1,3/2/2019 8:04
167964,AA Batteries (4-pack),1,3/9/2019 15:13
167965,AA Batteries (4-pack),2,3/2/2019 14:24
167966,AAA Batteries (4-pack),1,3/30/2019 20:15
167967,Bose SoundSport Headphones,1,3/20/2019 18:36
167968,Wired Headphones,1,3/27/2019 21:37
167969,Apple Airpods Headphones,1,3/9/2019 1:16
167970,AA Batteries (4-pack),1,3/15/2019 17:21
167971,Bose SoundSport Headphones,1,3/19/2019 16:40
167972,USB-C Charging Cable,2,3/9/2019 22:00
167973,Lightning Charging Cable,1,3/13/2019 18:44
167974,Google Phone,1,3/22/2019 20:34
167975,AAA Batteries (4-pack),4,3/31/2019 20:48
167976,Apple Airpods Headphones,1,3/30/2019 10:49
167977,Google Phone,1,3/10/2019 1:29
167977,Wired Headphones,1,3/10/2019 1:29
167978,Apple Airpods Headphones,1,3/7/2019 19:09
167979,Wired Headphones,1,3/25/2019 8:32
167980,Wired Headphones,1,3/10/2019 18:22
167981,AA Batteries (4-pack),1,3/31/2019 13:55
167982,Wired Headphones,1,3/13/2019 15:41
167983,27in 4K Gaming Monitor,1,3/31/2019 11:16
167984,Macbook Pro Laptop,1,3/29/2019 11:00
167985,Apple Airpods Headphones,1,3/8/2019 23:44
167986,Wired Headphones,1,3/30/2019 21:31
167987,27in 4K Gaming Monitor,1,3/4/2019 16:22
167988,Lightning Charging Cable,1,3/19/2019 11:33
167989,Wired Headphones,1,3/14/2019 18:15
167990,Wired Headphones,1,3/10/2019 14:43
167991,27in FHD Monitor,1,3/19/2019 11:51
167992,AA Batteries (4-pack),1,3/18/2019 21:52
167993,Wired Headphones,2,3/28/2019 21:13
167994,AAA Batteries (4-pack),1,3/1/2019 7:15
167995,Apple Airpods Headphones,1,3/6/2019 21:57
167996,Lightning Charging Cable,1,3/21/2019 18:00
167997,USB-C Charging Cable,1,3/19/2019 16:48
167998,Lightning Charging Cable,1,3/2/2019 19:38
167999,Wired Headphones,1,3/3/2019 12:06
168000,Lightning Charging Cable,1,3/18/2019 20:37
168001,AA Batteries (4-pack),1,3/28/2019 15:43
168002,USB-C Charging Cable,2,3/28/2019 10:18
168003,Lightning Charging Cable,1,3/30/2019 0:20
168004,AAA Batteries (4-pack),1,3/15/2019 12:40
168005,27in 4K Gaming Monitor,1,3/13/2019 12:22
168006,Apple Airpods Headphones,1,3/6/2019 15:42
168007,Lightning Charging Cable,1,3/1/2019 14:03
168008,Bose SoundSport Headphones,1,3/23/2019 6:57
168009,Wired Headphones,2,3/24/2019 20:59
168010,AAA Batteries (4-pack),1,3/12/2019 16:17
168011,Flatscreen TV,1,3/15/2019 11:51
168012,20in Monitor,1,3/20/2019 12:03
168013,34in Ultrawide Monitor,1,3/24/2019 19:53
168014,Flatscreen TV,1,3/25/2019 3:55
168015,AAA Batteries (4-pack),1,3/5/2019 17:10
168016,ThinkPad Laptop,1,3/16/2019 13:17
168017,Apple Airpods Headphones,1,3/12/2019 7:16
168018,Apple Airpods Headphones,2,3/21/2019 18:50
168019,AA Batteries (4-pack),1,3/15/2019 20:47
168020,27in FHD Monitor,1,3/8/2019 16:54
168021,Lightning Charging Cable,1,3/15/2019 19:09
168022,AA Batteries (4-pack),1,3/6/2019 19:42
168023,27in 4K Gaming Monitor,1,3/5/2019 4:29
168024,Flatscreen TV,1,3/29/2019 0:30
168025,AA Batteries (4-pack),2,3/18/2019 17:11
168026,Wired Headphones,2,3/13/2019 9:54
168027,Apple Airpods Headphones,1,3/18/2019 12:40
168028,USB-C Charging Cable,1,3/29/2019 21:23
168029,Wired Headphones,1,3/21/2019 18:22
168030,AA Batteries (4-pack),1,3/7/2019 21:51
168031,Lightning Charging Cable,1,3/1/2019 19:49
168032,Bose SoundSport Headphones,1,3/12/2019 14:27
168033,27in 4K Gaming Monitor,1,3/20/2019 7:53
168034,Macbook Pro Laptop,1,3/1/2019 22:24
168035,Vareebadd Phone,1,3/8/2019 23:51
168036,LG Washing Machine,1,3/2/2019 10:44
168037,Lightning Charging Cable,1,3/2/2019 10:16
168037,USB-C Charging Cable,1,3/2/2019 10:16
168038,AAA Batteries (4-pack),1,3/4/2019 6:46
168039,AAA Batteries (4-pack),2,3/7/2019 21:16
168040,Bose SoundSport Headphones,1,3/10/2019 18:30
168041,Lightning Charging Cable,1,3/15/2019 18:12
168042,USB-C Charging Cable,1,3/3/2019 11:23
168043,27in FHD Monitor,1,3/14/2019 23:17
168044,Wired Headphones,1,3/25/2019 19:40
168045,Wired Headphones,1,3/5/2019 13:07
168046,AAA Batteries (4-pack),1,3/31/2019 18:11
168047,20in Monitor,1,3/6/2019 10:56
168048,USB-C Charging Cable,1,3/10/2019 22:23
168049,USB-C Charging Cable,1,3/8/2019 23:30
168050,USB-C Charging Cable,1,3/1/2019 20:52
168051,Wired Headphones,1,3/21/2019 23:31
168052,34in Ultrawide Monitor,1,3/21/2019 10:17
168053,AAA Batteries (4-pack),1,3/18/2019 12:51
168054,AA Batteries (4-pack),2,3/13/2019 20:13
168055,Lightning Charging Cable,1,3/21/2019 4:02
168056,Apple Airpods Headphones,1,3/12/2019 20:45
168057,34in Ultrawide Monitor,1,3/10/2019 16:59
168058,Wired Headphones,1,3/23/2019 20:19
168059,Lightning Charging Cable,1,3/31/2019 1:06
168060,Wired Headphones,1,3/18/2019 13:52
168061,Lightning Charging Cable,1,3/16/2019 12:29
168062,Apple Airpods Headphones,1,3/24/2019 18:42
168063,Bose SoundSport Headphones,1,3/25/2019 22:18
168064,Google Phone,1,3/31/2019 10:15
168065,Wired Headphones,1,3/4/2019 13:32
168066,Apple Airpods Headphones,1,3/16/2019 22:16
168067,27in FHD Monitor,1,3/21/2019 16:03
168068,Bose SoundSport Headphones,1,3/18/2019 13:10
168069,Lightning Charging Cable,1,3/7/2019 10:59
168070,AAA Batteries (4-pack),1,3/16/2019 14:42
168071,Wired Headphones,1,3/4/2019 16:36
168072,ThinkPad Laptop,1,3/3/2019 18:50
168073,Lightning Charging Cable,1,3/19/2019 10:47
168074,27in 4K Gaming Monitor,1,3/19/2019 12:19
168075,iPhone,1,3/24/2019 12:40
168076,AAA Batteries (4-pack),4,3/16/2019 8:30
168077,27in FHD Monitor,1,3/10/2019 20:52
168078,Bose SoundSport Headphones,1,3/18/2019 19:07
168079,iPhone,1,3/30/2019 19:17
168080,Google Phone,1,3/5/2019 0:25
168080,USB-C Charging Cable,1,3/5/2019 0:25
168081,USB-C Charging Cable,1,3/1/2019 14:55
168082,AA Batteries (4-pack),2,3/29/2019 11:27
168083,USB-C Charging Cable,1,3/30/2019 11:02
168084,Wired Headphones,1,3/2/2019 7:14
168085,USB-C Charging Cable,1,3/1/2019 10:35
168086,Apple Airpods Headphones,1,3/30/2019 20:01
168087,iPhone,1,3/26/2019 15:24
168088,Wired Headphones,1,3/25/2019 14:32
168089,Wired Headphones,1,3/7/2019 21:09
168090,Apple Airpods Headphones,1,3/21/2019 11:58
168091,Bose SoundSport Headphones,1,3/1/2019 12:55
168092,Bose SoundSport Headphones,1,3/29/2019 12:04
168093,AA Batteries (4-pack),1,3/11/2019 14:05
168094,Apple Airpods Headphones,1,3/2/2019 11:04
168095,AA Batteries (4-pack),1,3/21/2019 12:39
168096,AAA Batteries (4-pack),3,3/31/2019 11:14
168097,AA Batteries (4-pack),1,3/11/2019 19:18
168098,USB-C Charging Cable,1,3/1/2019 11:25
168099,27in 4K Gaming Monitor,1,3/26/2019 11:01
168100,Google Phone,1,3/16/2019 12:32
168101,Flatscreen TV,1,3/19/2019 11:40
168102,Lightning Charging Cable,1,3/10/2019 13:35
168103,27in FHD Monitor,1,3/7/2019 17:15
168104,USB-C Charging Cable,1,3/30/2019 22:11
168105,27in 4K Gaming Monitor,1,3/12/2019 12:06
168106,20in Monitor,1,3/8/2019 12:59
168107,Apple Airpods Headphones,1,3/4/2019 16:18
168108,Apple Airpods Headphones,1,3/2/2019 18:07
168109,Vareebadd Phone,1,3/24/2019 14:17
168110,AA Batteries (4-pack),1,3/14/2019 21:48
168111,Vareebadd Phone,1,3/20/2019 13:32
168112,Wired Headphones,1,3/18/2019 20:39
168113,34in Ultrawide Monitor,1,3/26/2019 23:10
168114,Lightning Charging Cable,1,3/10/2019 15:00
168115,Apple Airpods Headphones,1,3/14/2019 9:44
168116,Bose SoundSport Headphones,1,3/19/2019 16:52
168117,Wired Headphones,1,3/4/2019 10:55
168118,USB-C Charging Cable,1,3/7/2019 10:03
168119,USB-C Charging Cable,1,3/18/2019 14:11
168120,AA Batteries (4-pack),2,3/16/2019 9:24
168121,iPhone,1,3/2/2019 22:55
168122,AA Batteries (4-pack),1,3/11/2019 18:27
168123,AA Batteries (4-pack),1,3/6/2019 7:53
168124,Wired Headphones,1,3/20/2019 20:40
168125,Flatscreen TV,1,3/18/2019 7:10
168126,AAA Batteries (4-pack),1,3/28/2019 20:25
168127,Lightning Charging Cable,1,3/29/2019 22:26
168128,27in 4K Gaming Monitor,1,3/14/2019 9:58
168129,Wired Headphones,1,3/3/2019 12:15
168130,USB-C Charging Cable,1,3/4/2019 19:25
168131,iPhone,1,3/28/2019 19:22
168132,Bose SoundSport Headphones,1,3/13/2019 20:44
168133,USB-C Charging Cable,1,3/27/2019 11:50
168134,Macbook Pro Laptop,1,3/29/2019 12:16
168135,Wired Headphones,1,3/28/2019 6:57
168136,Apple Airpods Headphones,1,3/29/2019 7:25
168137,Lightning Charging Cable,1,3/8/2019 15:48
168138,Wired Headphones,1,3/9/2019 16:22
168139,34in Ultrawide Monitor,1,3/1/2019 21:59
168140,Macbook Pro Laptop,1,3/1/2019 11:04
168141,AAA Batteries (4-pack),1,3/30/2019 23:21
168142,USB-C Charging Cable,1,3/23/2019 18:41
168143,Apple Airpods Headphones,1,3/10/2019 17:23
168144,Bose SoundSport Headphones,1,3/10/2019 14:46
168145,ThinkPad Laptop,1,3/29/2019 2:54
168146,Bose SoundSport Headphones,1,3/14/2019 23:13
168147,27in FHD Monitor,1,3/22/2019 22:30
168148,Wired Headphones,1,3/7/2019 9:07
168149,Lightning Charging Cable,1,3/6/2019 11:20
168150,Apple Airpods Headphones,1,3/14/2019 15:17
168151,34in Ultrawide Monitor,1,3/1/2019 12:29
168152,USB-C Charging Cable,1,3/4/2019 8:44
168153,Lightning Charging Cable,1,3/17/2019 22:11
168154,Wired Headphones,1,3/8/2019 21:13
168155,Wired Headphones,1,3/28/2019 20:02
168156,Flatscreen TV,1,3/16/2019 11:47
168157,USB-C Charging Cable,1,3/17/2019 22:35
168158,Apple Airpods Headphones,1,3/7/2019 16:54
168159,Apple Airpods Headphones,1,3/26/2019 10:16
168160,USB-C Charging Cable,1,3/6/2019 8:44
168161,Google Phone,1,3/25/2019 20:33
168162,USB-C Charging Cable,1,3/6/2019 22:51
168163,Lightning Charging Cable,1,3/2/2019 10:02
168164,27in 4K Gaming Monitor,1,3/6/2019 8:59
168165,Lightning Charging Cable,1,3/29/2019 11:01
168166,USB-C Charging Cable,1,3/10/2019 14:33
168167,Apple Airpods Headphones,1,3/24/2019 4:39
168168,AA Batteries (4-pack),1,3/9/2019 11:23
168169,Bose SoundSport Headphones,1,3/4/2019 11:15
168170,27in FHD Monitor,1,3/19/2019 12:49
168171,AAA Batteries (4-pack),1,3/16/2019 10:31
168172,USB-C Charging Cable,2,3/6/2019 23:25
168173,34in Ultrawide Monitor,1,3/24/2019 16:51
168173,AAA Batteries (4-pack),1,3/24/2019 16:51
168174,Bose SoundSport Headphones,1,3/28/2019 7:15
168175,AAA Batteries (4-pack),1,3/17/2019 20:22
168176,ThinkPad Laptop,1,3/2/2019 19:05
168177,AA Batteries (4-pack),3,3/12/2019 9:58
168178,34in Ultrawide Monitor,1,3/22/2019 7:52
168179,USB-C Charging Cable,1,3/21/2019 9:40
168180,Lightning Charging Cable,1,3/18/2019 20:50
168181,ThinkPad Laptop,1,3/25/2019 19:42
168182,Wired Headphones,1,3/17/2019 21:21
168183,Apple Airpods Headphones,1,3/30/2019 19:59
168184,Wired Headphones,1,3/1/2019 20:20
168185,USB-C Charging Cable,1,3/2/2019 21:01
168186,Wired Headphones,1,3/23/2019 11:08
168187,iPhone,1,3/23/2019 2:59
168187,Lightning Charging Cable,1,3/23/2019 2:59
168188,USB-C Charging Cable,1,3/20/2019 0:39
168189,AAA Batteries (4-pack),1,3/31/2019 2:31
168190,USB-C Charging Cable,1,3/17/2019 11:27
168191,USB-C Charging Cable,1,3/16/2019 23:31
168192,Lightning Charging Cable,1,3/31/2019 0:22
168193,AAA Batteries (4-pack),2,3/20/2019 20:27
168194,Bose SoundSport Headphones,1,3/28/2019 20:00
168195,Apple Airpods Headphones,1,3/26/2019 10:14
168196,34in Ultrawide Monitor,1,3/3/2019 20:11
168197,20in Monitor,1,3/30/2019 21:43
168198,34in Ultrawide Monitor,1,3/29/2019 20:59
168199,USB-C Charging Cable,1,3/4/2019 10:19
168200,iPhone,1,3/18/2019 17:11
168201,USB-C Charging Cable,2,3/6/2019 20:02
168202,Wired Headphones,1,3/18/2019 15:16
168203,AAA Batteries (4-pack),1,3/16/2019 13:32
168204,20in Monitor,1,3/31/2019 13:20
168205,AA Batteries (4-pack),1,3/20/2019 10:21
168206,Flatscreen TV,1,3/19/2019 9:08
168207,Flatscreen TV,1,3/4/2019 9:32
168208,Lightning Charging Cable,1,3/14/2019 12:10
168209,Lightning Charging Cable,1,3/28/2019 21:48
168210,27in FHD Monitor,1,3/18/2019 0:13
168211,AA Batteries (4-pack),1,3/30/2019 13:07
168212,AA Batteries (4-pack),1,3/3/2019 10:43
168213,iPhone,1,3/3/2019 17:31
168213,Lightning Charging Cable,1,3/3/2019 17:31
168214,Lightning Charging Cable,1,3/8/2019 15:53
168215,USB-C Charging Cable,1,3/1/2019 14:04
168215,AA Batteries (4-pack),1,3/1/2019 14:04
168216,Lightning Charging Cable,1,3/9/2019 15:14
168217,Bose SoundSport Headphones,1,3/25/2019 1:46
168218,Lightning Charging Cable,1,3/19/2019 13:00
168219,USB-C Charging Cable,1,3/20/2019 7:51
168220,AAA Batteries (4-pack),2,3/20/2019 17:39
168221,AA Batteries (4-pack),1,3/27/2019 12:36
168222,Lightning Charging Cable,1,3/26/2019 10:11
168223,Wired Headphones,1,3/22/2019 18:28
168224,AA Batteries (4-pack),1,3/26/2019 13:56
168225,Lightning Charging Cable,1,3/2/2019 15:59
168226,AAA Batteries (4-pack),1,3/20/2019 11:24
168227,AAA Batteries (4-pack),2,3/4/2019 12:38
168228,Macbook Pro Laptop,1,3/3/2019 16:44
168229,Bose SoundSport Headphones,1,3/22/2019 11:37
168230,USB-C Charging Cable,1,3/20/2019 19:58
168231,27in 4K Gaming Monitor,1,3/3/2019 16:37
168232,Lightning Charging Cable,1,3/22/2019 7:07
168233,34in Ultrawide Monitor,1,3/19/2019 19:50
168234,20in Monitor,1,3/16/2019 11:42
168235,Lightning Charging Cable,2,3/12/2019 16:17
168236,Google Phone,1,3/4/2019 10:01
168236,Wired Headphones,2,3/4/2019 10:01
168237,Wired Headphones,1,3/7/2019 19:18
168238,Lightning Charging Cable,1,3/4/2019 12:02
168239,LG Washing Machine,1,3/7/2019 19:00
168240,AA Batteries (4-pack),1,3/11/2019 21:36
168241,Lightning Charging Cable,1,3/27/2019 19:11
168242,27in 4K Gaming Monitor,1,3/25/2019 11:13
168243,AAA Batteries (4-pack),1,3/6/2019 21:09
168244,34in Ultrawide Monitor,1,3/30/2019 20:51
168245,34in Ultrawide Monitor,1,3/1/2019 9:10
168246,Google Phone,1,3/30/2019 0:17
168247,Bose SoundSport Headphones,1,3/31/2019 18:32
168248,AAA Batteries (4-pack),1,3/21/2019 17:24
168249,Flatscreen TV,1,3/7/2019 18:12
168250,USB-C Charging Cable,1,3/21/2019 23:35
168251,Flatscreen TV,1,3/11/2019 18:32
,,,
168252,AA Batteries (4-pack),1,3/23/2019 17:14
168253,Wired Headphones,1,3/29/2019 11:25
168254,20in Monitor,1,3/1/2019 16:09
168255,iPhone,1,3/23/2019 12:47
168256,AA Batteries (4-pack),2,3/7/2019 0:12
168257,USB-C Charging Cable,1,3/10/2019 12:18
168258,AAA Batteries (4-pack),1,3/22/2019 20:30
168259,Apple Airpods Headphones,1,3/30/2019 14:34
168260,Lightning Charging Cable,1,3/18/2019 22:30
168261,34in Ultrawide Monitor,1,3/15/2019 20:54
168262,AAA Batteries (4-pack),1,3/15/2019 16:46
168263,Macbook Pro Laptop,1,3/12/2019 20:54
168264,27in FHD Monitor,1,3/31/2019 13:35
168265,iPhone,1,3/1/2019 7:55
168266,AA Batteries (4-pack),1,3/17/2019 14:33
168267,Apple Airpods Headphones,1,3/16/2019 16:34
168268,Lightning Charging Cable,1,3/6/2019 10:09
168269,Apple Airpods Headphones,1,3/29/2019 20:53
168270,Bose SoundSport Headphones,1,3/1/2019 5:46
168271,AA Batteries (4-pack),1,3/29/2019 22:00
168272,27in FHD Monitor,1,3/5/2019 17:42
168273,Wired Headphones,2,3/15/2019 8:29
168274,Apple Airpods Headphones,1,3/18/2019 15:57
168275,AA Batteries (4-pack),1,3/11/2019 15:26
168276,Bose SoundSport Headphones,1,3/11/2019 9:16
168277,Apple Airpods Headphones,1,3/18/2019 16:01
168278,Wired Headphones,1,3/14/2019 20:04
168279,34in Ultrawide Monitor,1,3/19/2019 19:25
168280,Lightning Charging Cable,1,3/23/2019 16:52
168281,Apple Airpods Headphones,1,3/3/2019 16:22
168282,USB-C Charging Cable,1,3/16/2019 11:58
168282,Flatscreen TV,2,3/16/2019 11:58
168283,Apple Airpods Headphones,1,3/15/2019 13:11
168284,Wired Headphones,1,3/25/2019 19:27
168285,ThinkPad Laptop,1,3/8/2019 18:52
168286,Bose SoundSport Headphones,1,3/15/2019 13:04
168287,AAA Batteries (4-pack),1,3/6/2019 17:55
168288,USB-C Charging Cable,1,3/27/2019 21:47
168289,AA Batteries (4-pack),1,3/24/2019 8:58
168290,AAA Batteries (4-pack),1,3/19/2019 16:12
168291,Bose SoundSport Headphones,1,3/15/2019 22:08
168292,Lightning Charging Cable,1,3/20/2019 17:00
168293,34in Ultrawide Monitor,1,3/14/2019 0:54
168294,AA Batteries (4-pack),1,3/30/2019 16:21
168295,Lightning Charging Cable,1,3/10/2019 21:17
168296,AAA Batteries (4-pack),1,3/2/2019 21:14
168297,Bose SoundSport Headphones,1,3/6/2019 11:57
168298,USB-C Charging Cable,1,3/20/2019 14:31
168299,AAA Batteries (4-pack),1,3/31/2019 10:38
168300,AA Batteries (4-pack),1,3/6/2019 11:01
168301,USB-C Charging Cable,1,3/15/2019 10:26
168302,Wired Headphones,1,3/25/2019 20:52
168303,USB-C Charging Cable,1,3/6/2019 15:11
168304,Bose SoundSport Headphones,1,3/17/2019 9:00
168305,AAA Batteries (4-pack),1,3/1/2019 14:54
168306,AA Batteries (4-pack),1,3/25/2019 12:39
168307,AAA Batteries (4-pack),2,3/16/2019 19:57
168308,Lightning Charging Cable,1,3/4/2019 17:52
168309,Apple Airpods Headphones,1,3/26/2019 21:32
168310,Vareebadd Phone,1,3/12/2019 10:07
168311,USB-C Charging Cable,1,3/28/2019 12:26
168312,Wired Headphones,1,3/31/2019 22:26
168313,Flatscreen TV,1,3/9/2019 10:44
168314,USB-C Charging Cable,1,3/9/2019 11:06
168315,AA Batteries (4-pack),2,3/15/2019 14:18
168316,AAA Batteries (4-pack),2,3/6/2019 2:20
168317,Lightning Charging Cable,1,3/27/2019 22:18
168318,Lightning Charging Cable,1,3/1/2019 9:20
168319,27in 4K Gaming Monitor,1,3/2/2019 17:04
168320,27in FHD Monitor,1,3/2/2019 19:32
168321,AA Batteries (4-pack),1,3/31/2019 21:51
168322,AAA Batteries (4-pack),1,3/28/2019 13:56
168323,AAA Batteries (4-pack),1,3/11/2019 13:15
168324,27in FHD Monitor,1,3/27/2019 14:29
168325,AA Batteries (4-pack),1,3/23/2019 20:56
168326,Bose SoundSport Headphones,1,3/1/2019 16:19
168327,Apple Airpods Headphones,1,3/19/2019 13:23
168328,USB-C Charging Cable,1,3/11/2019 13:46
168329,USB-C Charging Cable,1,3/10/2019 12:10
168330,Flatscreen TV,1,3/2/2019 1:14
168331,AAA Batteries (4-pack),2,3/16/2019 16:05
168332,Lightning Charging Cable,1,3/11/2019 10:30
168333,Apple Airpods Headphones,1,3/28/2019 17:54
168333,AAA Batteries (4-pack),1,3/28/2019 17:54
168334,USB-C Charging Cable,2,3/18/2019 15:32
168335,Wired Headphones,1,3/29/2019 18:37
168336,Apple Airpods Headphones,1,3/20/2019 22:54
168337,Lightning Charging Cable,1,3/1/2019 12:38
168338,27in 4K Gaming Monitor,1,3/29/2019 14:17
168339,Lightning Charging Cable,1,3/30/2019 13:32
168340,Bose SoundSport Headphones,1,3/2/2019 13:42
168341,Bose SoundSport Headphones,1,3/2/2019 14:26
168342,AAA Batteries (4-pack),2,3/14/2019 16:30
168343,Lightning Charging Cable,1,3/8/2019 9:57
168344,AA Batteries (4-pack),1,3/19/2019 13:52
168345,AA Batteries (4-pack),1,3/26/2019 20:53
168346,USB-C Charging Cable,1,3/1/2019 23:45
168347,AAA Batteries (4-pack),4,3/16/2019 2:07
168348,AAA Batteries (4-pack),1,3/10/2019 11:18
168349,AAA Batteries (4-pack),2,3/3/2019 8:56
168350,USB-C Charging Cable,1,3/31/2019 23:03
168351,USB-C Charging Cable,1,3/25/2019 15:06
168352,27in FHD Monitor,1,3/10/2019 7:49
168353,Macbook Pro Laptop,1,3/20/2019 12:49
168354,Apple Airpods Headphones,1,3/23/2019 19:01
168355,ThinkPad Laptop,1,3/11/2019 20:26
168356,Apple Airpods Headphones,1,3/4/2019 16:44
168357,AAA Batteries (4-pack),1,3/13/2019 14:39
168358,Macbook Pro Laptop,1,3/6/2019 10:58
168359,iPhone,1,3/12/2019 17:10
168360,Lightning Charging Cable,1,3/19/2019 13:50
168361,27in FHD Monitor,1,3/13/2019 12:08
168362,Bose SoundSport Headphones,1,3/11/2019 20:56
168363,Wired Headphones,2,3/5/2019 21:28
168364,Bose SoundSport Headphones,1,3/11/2019 16:39
168365,AAA Batteries (4-pack),1,3/10/2019 17:25
168366,iPhone,1,3/12/2019 15:41
168367,Wired Headphones,2,3/3/2019 17:28
168368,Apple Airpods Headphones,1,3/5/2019 13:51
168369,Lightning Charging Cable,2,3/10/2019 18:12
168370,Wired Headphones,1,3/8/2019 18:11
168371,ThinkPad Laptop,1,3/5/2019 21:02
168372,Apple Airpods Headphones,1,3/16/2019 18:18
168373,USB-C Charging Cable,1,3/23/2019 16:00
168374,Flatscreen TV,1,3/25/2019 12:09
168375,Apple Airpods Headphones,1,3/24/2019 13:00
168376,iPhone,1,3/28/2019 22:42
168376,Apple Airpods Headphones,1,3/28/2019 22:42
168377,Macbook Pro Laptop,1,3/9/2019 21:37
168378,Wired Headphones,1,3/3/2019 21:10
168379,AA Batteries (4-pack),2,3/8/2019 15:09
168380,Lightning Charging Cable,1,3/29/2019 17:03
168380,AAA Batteries (4-pack),2,3/29/2019 17:03
168381,27in 4K Gaming Monitor,1,3/29/2019 19:55
168382,Vareebadd Phone,1,3/4/2019 16:31
168382,USB-C Charging Cable,1,3/4/2019 16:31
168383,USB-C Charging Cable,1,3/28/2019 6:51
168384,Lightning Charging Cable,2,3/9/2019 22:01
168385,AA Batteries (4-pack),2,3/23/2019 11:47
168386,Macbook Pro Laptop,1,3/2/2019 23:59
168387,AA Batteries (4-pack),1,3/20/2019 5:51
168388,Lightning Charging Cable,1,3/24/2019 13:35
168389,USB-C Charging Cable,1,3/17/2019 20:42
168390,Lightning Charging Cable,1,3/24/2019 16:46
168391,Bose SoundSport Headphones,1,3/16/2019 12:15
168392,Bose SoundSport Headphones,1,3/9/2019 9:30
168393,27in 4K Gaming Monitor,1,3/2/2019 17:52
168394,Apple Airpods Headphones,1,3/28/2019 11:16
168395,AAA Batteries (4-pack),3,3/15/2019 20:11
168396,Macbook Pro Laptop,1,3/13/2019 16:17
168397,USB-C Charging Cable,1,3/26/2019 18:27
168398,USB-C Charging Cable,1,3/3/2019 13:07
168399,Lightning Charging Cable,1,3/20/2019 15:40
168400,Flatscreen TV,1,3/24/2019 23:27
168401,Google Phone,1,3/24/2019 16:55
168402,Apple Airpods Headphones,1,3/9/2019 13:31
168403,Lightning Charging Cable,1,3/29/2019 14:37
168404,AA Batteries (4-pack),1,3/5/2019 8:13
168405,USB-C Charging Cable,1,3/11/2019 16:57
168406,AA Batteries (4-pack),1,3/12/2019 10:20
168407,USB-C Charging Cable,1,3/12/2019 12:02
168408,Lightning Charging Cable,1,3/30/2019 19:06
168409,Apple Airpods Headphones,1,3/15/2019 12:26
168410,AAA Batteries (4-pack),1,3/21/2019 10:07
168411,Google Phone,1,3/7/2019 18:19
168412,AA Batteries (4-pack),1,3/10/2019 21:46
168413,Apple Airpods Headphones,1,3/10/2019 22:54
168414,Bose SoundSport Headphones,1,3/23/2019 12:01
168415,Lightning Charging Cable,1,3/13/2019 12:19
168416,USB-C Charging Cable,1,3/12/2019 17:13
168417,iPhone,1,3/15/2019 1:20
168418,USB-C Charging Cable,1,3/14/2019 15:28
168419,27in 4K Gaming Monitor,1,3/4/2019 15:34
168420,Bose SoundSport Headphones,1,3/27/2019 7:22
168421,AA Batteries (4-pack),1,3/7/2019 12:18
168422,34in Ultrawide Monitor,1,3/28/2019 6:42
168423,Lightning Charging Cable,1,3/15/2019 19:33
168424,Flatscreen TV,1,3/5/2019 16:30
168425,27in 4K Gaming Monitor,1,3/8/2019 22:52
168426,USB-C Charging Cable,1,3/11/2019 20:37
168427,Wired Headphones,1,3/31/2019 20:44
168428,27in 4K Gaming Monitor,1,3/9/2019 17:03
168429,27in FHD Monitor,1,3/14/2019 20:27
168430,Lightning Charging Cable,1,3/5/2019 11:24
168431,AAA Batteries (4-pack),2,3/20/2019 9:33
168432,AAA Batteries (4-pack),1,3/24/2019 17:00
168433,Bose SoundSport Headphones,1,3/1/2019 22:11
168434,34in Ultrawide Monitor,1,3/22/2019 10:11
168435,AAA Batteries (4-pack),2,3/20/2019 14:36
168436,Lightning Charging Cable,1,3/16/2019 11:56
168436,Bose SoundSport Headphones,1,3/16/2019 11:56
168437,Bose SoundSport Headphones,1,3/26/2019 22:03
168438,Google Phone,1,3/13/2019 21:27
168439,Lightning Charging Cable,1,3/18/2019 21:20
168440,34in Ultrawide Monitor,1,3/19/2019 17:06
168441,27in FHD Monitor,1,3/16/2019 22:09
168442,Wired Headphones,1,3/13/2019 16:16
168443,27in 4K Gaming Monitor,1,3/13/2019 21:46
168444,Apple Airpods Headphones,1,3/4/2019 21:56
168445,Apple Airpods Headphones,1,3/15/2019 10:41
168446,ThinkPad Laptop,1,3/6/2019 20:50
168447,Wired Headphones,2,3/30/2019 21:08
168448,AA Batteries (4-pack),1,3/10/2019 14:19
168449,Wired Headphones,2,3/23/2019 18:08
168450,27in 4K Gaming Monitor,1,3/26/2019 13:06
168451,34in Ultrawide Monitor,1,3/27/2019 11:03
168452,Macbook Pro Laptop,1,3/18/2019 23:10
168453,Lightning Charging Cable,2,3/23/2019 10:15
168454,iPhone,1,3/27/2019 20:22
168455,Google Phone,1,3/4/2019 8:19
168456,AA Batteries (4-pack),2,3/14/2019 20:43
168457,34in Ultrawide Monitor,1,3/27/2019 20:21
168458,Apple Airpods Headphones,1,3/5/2019 14:10
168459,Apple Airpods Headphones,1,3/10/2019 12:25
168460,Google Phone,1,3/3/2019 21:38
168461,27in 4K Gaming Monitor,1,3/26/2019 23:11
168462,iPhone,1,3/1/2019 20:59
168463,Lightning Charging Cable,1,3/15/2019 22:20
168464,AAA Batteries (4-pack),1,3/24/2019 21:26
168465,iPhone,1,3/11/2019 16:57
168466,AA Batteries (4-pack),1,3/6/2019 13:56
168467,AAA Batteries (4-pack),1,3/2/2019 2:40
168468,Flatscreen TV,1,3/19/2019 18:39
168469,27in FHD Monitor,1,3/19/2019 20:30
168470,AAA Batteries (4-pack),2,3/5/2019 10:45
168471,27in FHD Monitor,1,3/20/2019 22:17
168472,Wired Headphones,1,3/3/2019 19:52
168473,USB-C Charging Cable,1,3/20/2019 23:41
168474,USB-C Charging Cable,1,3/11/2019 20:48
168475,27in 4K Gaming Monitor,1,3/17/2019 13:02
168476,Google Phone,1,3/27/2019 12:41
168477,34in Ultrawide Monitor,1,3/6/2019 9:10
168478,AAA Batteries (4-pack),1,3/6/2019 15:47
168479,AA Batteries (4-pack),1,3/20/2019 23:05
168480,27in FHD Monitor,1,3/17/2019 17:04
168481,Apple Airpods Headphones,1,3/16/2019 11:08
168482,27in FHD Monitor,1,3/8/2019 14:15
168483,Wired Headphones,1,3/27/2019 19:06
168484,27in FHD Monitor,1,3/15/2019 23:21
168485,20in Monitor,1,3/2/2019 21:38
168486,Apple Airpods Headphones,1,3/16/2019 21:24
168487,AA Batteries (4-pack),1,3/25/2019 22:57
168488,Bose SoundSport Headphones,1,3/6/2019 18:40
168489,USB-C Charging Cable,1,3/18/2019 14:48
168490,Lightning Charging Cable,1,3/22/2019 20:51
168491,20in Monitor,1,3/5/2019 16:25
168492,AAA Batteries (4-pack),2,3/17/2019 22:17
168493,Lightning Charging Cable,1,3/16/2019 11:03
168494,AAA Batteries (4-pack),1,3/4/2019 17:39
168495,USB-C Charging Cable,1,3/7/2019 9:55
168496,Google Phone,1,3/7/2019 9:57
168497,AAA Batteries (4-pack),3,3/9/2019 18:26
168498,Lightning Charging Cable,1,3/12/2019 15:17
168499,Wired Headphones,1,3/21/2019 18:02
168500,Lightning Charging Cable,1,3/31/2019 12:08
168501,Bose SoundSport Headphones,1,3/12/2019 8:25
168502,AAA Batteries (4-pack),1,3/24/2019 11:57
168503,AA Batteries (4-pack),1,3/2/2019 23:20
168504,Apple Airpods Headphones,1,3/11/2019 16:00
168505,AA Batteries (4-pack),1,3/11/2019 14:04
168506,AA Batteries (4-pack),2,3/19/2019 15:38
168507,AA Batteries (4-pack),1,3/29/2019 13:24
168508,Wired Headphones,1,3/13/2019 15:23
168509,AA Batteries (4-pack),1,3/10/2019 12:42
168510,AAA Batteries (4-pack),1,3/2/2019 20:14
168511,USB-C Charging Cable,1,3/13/2019 22:43
168512,Apple Airpods Headphones,1,3/30/2019 17:35
168513,Macbook Pro Laptop,1,3/28/2019 15:08
168514,Apple Airpods Headphones,1,3/25/2019 18:23
168515,Wired Headphones,1,3/12/2019 18:59
168516,LG Dryer,1,3/31/2019 13:15
168517,Apple Airpods Headphones,2,3/25/2019 11:33
168518,Lightning Charging Cable,1,3/25/2019 22:05
168519,AA Batteries (4-pack),1,3/19/2019 15:48
168520,Lightning Charging Cable,1,3/7/2019 12:11
168521,AAA Batteries (4-pack),1,3/24/2019 2:10
168522,AA Batteries (4-pack),2,3/14/2019 20:36
168523,Lightning Charging Cable,1,3/31/2019 12:46
168524,27in FHD Monitor,1,3/21/2019 19:58
168525,Lightning Charging Cable,1,3/6/2019 19:27
168526,Bose SoundSport Headphones,1,3/14/2019 11:05
168527,iPhone,1,3/2/2019 19:43
168528,AAA Batteries (4-pack),3,3/24/2019 17:48
168529,Bose SoundSport Headphones,1,3/23/2019 19:32
Order ID,Product,Quantity Ordered,Order Date
168530,Lightning Charging Cable,1,3/12/2019 10:56
168531,20in Monitor,1,3/3/2019 13:55
168532,20in Monitor,1,3/4/2019 10:30
168533,34in Ultrawide Monitor,1,3/28/2019 18:16
168534,ThinkPad Laptop,1,3/5/2019 19:48
168535,Wired Headphones,2,3/20/2019 16:47
168536,AA Batteries (4-pack),1,3/25/2019 23:54
168537,Macbook Pro Laptop,1,3/6/2019 20:18
168538,Apple Airpods Headphones,1,3/30/2019 7:32
168539,AA Batteries (4-pack),1,3/1/2019 13:27
168540,Lightning Charging Cable,1,3/6/2019 8:17
168541,Google Phone,1,3/28/2019 13:34
168542,34in Ultrawide Monitor,1,3/9/2019 1:16
168543,AAA Batteries (4-pack),1,3/9/2019 3:28
168544,AAA Batteries (4-pack),1,3/17/2019 22:04
168545,USB-C Charging Cable,1,3/18/2019 12:57
168546,Flatscreen TV,1,3/19/2019 7:56
168547,Bose SoundSport Headphones,1,3/20/2019 11:49
168548,Wired Headphones,1,3/20/2019 16:41
168549,Apple Airpods Headphones,1,3/5/2019 21:35
168550,34in Ultrawide Monitor,1,3/21/2019 15:00
168551,Google Phone,1,3/6/2019 15:16
168552,AAA Batteries (4-pack),1,3/8/2019 17:17
168553,ThinkPad Laptop,1,3/17/2019 12:10
168554,iPhone,1,3/22/2019 22:52
168555,Wired Headphones,1,3/1/2019 8:47
168556,20in Monitor,1,3/10/2019 9:03
168557,Apple Airpods Headphones,1,3/12/2019 20:18
168558,Apple Airpods Headphones,1,3/3/2019 18:09
168559,AA Batteries (4-pack),1,3/12/2019 8:07
168560,iPhone,1,3/9/2019 7:52
168561,iPhone,1,3/27/2019 22:23
168561,Lightning Charging Cable,1,3/27/2019 22:23
168562,Lightning Charging Cable,1,3/3/2019 20:10
168563,Wired Headphones,2,3/27/2019 13:45
168564,AA Batteries (4-pack),1,3/11/2019 19:51
168565,Wired Headphones,1,3/17/2019 13:54
168566,Lightning Charging Cable,1,3/30/2019 17:05
168567,Apple Airpods Headphones,1,3/26/2019 12:30
168568,20in Monitor,1,3/31/2019 2:01
168569,iPhone,1,3/27/2019 13:31
168570,27in FHD Monitor,1,3/22/2019 0:30
168571,Apple Airpods Headphones,1,3/25/2019 11:00
168572,AA Batteries (4-pack),1,3/10/2019 17:33
168573,Lightning Charging Cable,1,3/27/2019 6:41
168574,Lightning Charging Cable,1,3/13/2019 12:01
168575,AA Batteries (4-pack),1,3/12/2019 10:13
168576,AA Batteries (4-pack),4,3/6/2019 10:44
168577,Apple Airpods Headphones,1,3/11/2019 15:07
168578,Macbook Pro Laptop,1,3/25/2019 9:11
168579,Bose SoundSport Headphones,1,3/4/2019 12:32
168580,USB-C Charging Cable,1,3/12/2019 11:29
168581,USB-C Charging Cable,1,3/21/2019 15:54
168582,27in FHD Monitor,1,3/27/2019 14:42
168583,Wired Headphones,1,3/30/2019 9:20
,,,
168584,AAA Batteries (4-pack),3,3/14/2019 19:56
Order ID,Product,Quantity Ordered,Order Date
168585,AAA Batteries (4-pack),2,3/1/2019 10:51
168586,AA Batteries (4-pack),1,3/12/2019 1:00
168587,27in FHD Monitor,1,3/22/2019 0:26
168588,Apple Airpods Headphones,1,3/20/2019 21:28
168589,AAA Batteries (4-pack),1,3/4/2019 11:09
168590,Google Phone,1,3/16/2019 10:21
168591,Wired Headphones,1,3/20/2019 21:33
168592,Wired Headphones,2,3/21/2019 21:01
168593,Bose SoundSport Headphones,1,3/22/2019 7:46
168594,Google Phone,1,3/16/2019 8:47
168595,27in FHD Monitor,1,3/9/2019 15:39
168596,27in FHD Monitor,1,3/21/2019 18:29
168597,Google Phone,1,3/3/2019 12:22
168598,USB-C Charging Cable,1,3/18/2019 15:39
168599,Lightning Charging Cable,1,3/2/2019 13:53
168600,USB-C Charging Cable,1,3/23/2019 19:09
168601,Lightning Charging Cable,1,3/6/2019 11:09
168602,Wired Headphones,1,3/30/2019 12:28
168603,Google Phone,1,3/15/2019 15:38
168604,Google Phone,1,3/25/2019 11:10
168604,USB-C Charging Cable,1,3/25/2019 11:10
168605,Apple Airpods Headphones,1,3/17/2019 23:40
168606,USB-C Charging Cable,1,3/5/2019 20:25
168607,iPhone,1,3/20/2019 8:42
168607,Apple Airpods Headphones,1,3/20/2019 8:42
168607,Bose SoundSport Headphones,1,3/20/2019 8:42
168608,AA Batteries (4-pack),1,3/25/2019 21:32
168609,Vareebadd Phone,1,3/11/2019 14:03
168610,Bose SoundSport Headphones,1,3/4/2019 16:08
168611,AA Batteries (4-pack),1,3/24/2019 6:12
168612,AA Batteries (4-pack),2,3/7/2019 16:19
168613,27in FHD Monitor,1,3/13/2019 18:46
168614,Flatscreen TV,1,3/15/2019 16:51
168615,ThinkPad Laptop,1,3/12/2019 10:33
168616,Wired Headphones,1,3/6/2019 18:34
168617,27in 4K Gaming Monitor,1,3/18/2019 6:02
168618,Lightning Charging Cable,1,3/25/2019 22:10
168619,Vareebadd Phone,1,3/21/2019 11:25
168619,USB-C Charging Cable,1,3/21/2019 11:25
168620,USB-C Charging Cable,1,3/3/2019 16:12
168621,ThinkPad Laptop,1,3/23/2019 17:53
168622,AAA Batteries (4-pack),2,3/9/2019 9:35
168623,Wired Headphones,1,3/28/2019 9:37
168624,AAA Batteries (4-pack),1,3/3/2019 14:33
168625,USB-C Charging Cable,1,3/19/2019 17:02
168626,27in FHD Monitor,1,3/3/2019 11:07
168627,AA Batteries (4-pack),1,3/13/2019 19:58
168628,Flatscreen TV,1,3/14/2019 18:08
168629,27in FHD Monitor,1,3/17/2019 14:52
168630,27in 4K Gaming Monitor,1,3/21/2019 16:06
168631,Lightning Charging Cable,1,3/7/2019 21:15
168631,20in Monitor,1,3/7/2019 21:15
168632,AAA Batteries (4-pack),1,3/31/2019 20:22
168633,Flatscreen TV,1,3/27/2019 22:41
168634,Google Phone,1,3/8/2019 15:02
168635,Macbook Pro Laptop,1,3/29/2019 14:50
168636,ThinkPad Laptop,1,3/6/2019 12:43
168637,AAA Batteries (4-pack),1,3/31/2019 21:39
168638,AAA Batteries (4-pack),1,3/12/2019 18:27
168639,AA Batteries (4-pack),1,3/13/2019 15:32
168640,ThinkPad Laptop,1,3/15/2019 12:29
168641,USB-C Charging Cable,1,3/28/2019 20:52
168642,Lightning Charging Cable,1,3/26/2019 19:12
168643,34in Ultrawide Monitor,1,3/29/2019 9:51
168644,27in FHD Monitor,1,3/15/2019 3:00
168645,Bose SoundSport Headphones,1,3/19/2019 22:46
168646,Bose SoundSport Headphones,1,3/8/2019 23:57
168647,AAA Batteries (4-pack),4,3/10/2019 1:03
168648,AAA Batteries (4-pack),1,3/19/2019 8:11
168649,Lightning Charging Cable,1,3/19/2019 19:37
168650,AAA Batteries (4-pack),1,3/15/2019 23:59
168651,AA Batteries (4-pack),5,3/7/2019 21:07
168652,Bose SoundSport Headphones,1,3/6/2019 9:22
168653,Macbook Pro Laptop,1,3/26/2019 21:52
168654,Lightning Charging Cable,1,3/22/2019 11:41
168655,Bose SoundSport Headphones,1,3/28/2019 10:56
168656,34in Ultrawide Monitor,1,3/25/2019 19:34
168657,USB-C Charging Cable,1,3/19/2019 22:28
168658,Lightning Charging Cable,1,3/8/2019 17:42
168659,USB-C Charging Cable,1,3/25/2019 20:06
168660,Lightning Charging Cable,1,3/7/2019 18:02
168661,AAA Batteries (4-pack),1,3/26/2019 18:11
168662,Apple Airpods Headphones,1,3/26/2019 10:06
168663,27in FHD Monitor,1,3/16/2019 5:55
168664,ThinkPad Laptop,1,3/10/2019 8:37
168665,AAA Batteries (4-pack),1,3/17/2019 23:23
168666,USB-C Charging Cable,1,3/17/2019 19:09
168667,Bose SoundSport Headphones,1,3/29/2019 18:02
168668,Lightning Charging Cable,1,3/5/2019 15:13
168669,AAA Batteries (4-pack),1,3/29/2019 13:35
168670,USB-C Charging Cable,1,3/17/2019 19:34
168671,Wired Headphones,1,3/30/2019 9:56
168672,Apple Airpods Headphones,1,3/3/2019 0:08
168673,Bose SoundSport Headphones,1,3/7/2019 10:31
168674,Google Phone,1,3/3/2019 9:48
168674,USB-C Charging Cable,1,3/3/2019 9:48
168675,Flatscreen TV,1,3/30/2019 13:20
168676,27in FHD Monitor,1,3/2/2019 18:36
168677,USB-C Charging Cable,1,3/23/2019 12:46
168678,AA Batteries (4-pack),2,3/20/2019 15:39
168679,Lightning Charging Cable,1,3/18/2019 20:46
168680,Wired Headphones,1,3/26/2019 19:27
168681,iPhone,1,3/22/2019 18:39
168682,20in Monitor,1,3/20/2019 23:49
168683,Bose SoundSport Headphones,1,3/14/2019 20:33
168684,AA Batteries (4-pack),2,3/20/2019 0:12
168685,AAA Batteries (4-pack),1,3/22/2019 13:26
168686,USB-C Charging Cable,1,3/3/2019 20:34
168687,Apple Airpods Headphones,1,3/11/2019 16:35
168688,AA Batteries (4-pack),1,3/26/2019 21:12
168689,Wired Headphones,1,3/25/2019 7:24
168690,AAA Batteries (4-pack),1,3/23/2019 17:22
168691,AA Batteries (4-pack),1,3/14/2019 17:06
168692,34in Ultrawide Monitor,1,3/22/2019 12:17
168693,Flatscreen TV,1,3/8/2019 19:16
168694,Bose SoundSport Headphones,1,3/16/2019 18:21
168694,Wired Headphones,1,3/16/2019 18:21
168695,USB-C Charging Cable,1,3/6/2019 12:43
168696,Wired Headphones,1,3/30/2019 21:22
168697,27in 4K Gaming Monitor,1,3/8/2019 12:12
168698,iPhone,1,3/30/2019 10:35
168699,Apple Airpods Headphones,1,3/2/2019 15:51
168700,Macbook Pro Laptop,1,3/6/2019 19:50
168701,ThinkPad Laptop,1,3/1/2019 11:25
168702,27in 4K Gaming Monitor,1,3/14/2019 9:54
168703,AA Batteries (4-pack),1,3/15/2019 14:17
168704,Google Phone,1,3/1/2019 13:27
168705,AAA Batteries (4-pack),1,3/2/2019 15:28
168706,AAA Batteries (4-pack),1,3/9/2019 12:48
168707,iPhone,1,3/13/2019 23:53
168708,34in Ultrawide Monitor,1,3/7/2019 8:21
168709,AA Batteries (4-pack),5,3/13/2019 18:28
168710,Bose SoundSport Headphones,1,3/1/2019 15:39
168711,AAA Batteries (4-pack),1,3/2/2019 21:10
168712,AAA Batteries (4-pack),1,3/26/2019 16:25
168713,Wired Headphones,1,3/15/2019 20:13
168714,AAA Batteries (4-pack),2,3/2/2019 11:25
168715,AA Batteries (4-pack),1,3/22/2019 17:52
168716,Wired Headphones,1,3/10/2019 18:36
168717,27in FHD Monitor,1,3/23/2019 22:10
168718,AAA Batteries (4-pack),2,3/5/2019 13:39
168719,AAA Batteries (4-pack),1,3/22/2019 20:54
168720,USB-C Charging Cable,1,3/2/2019 7:54
168721,Apple Airpods Headphones,1,3/31/2019 16:28
168722,USB-C Charging Cable,1,3/18/2019 12:36
168723,USB-C Charging Cable,1,3/8/2019 22:18
168724,Apple Airpods Headphones,1,3/13/2019 11:25
168724,Apple Airpods Headphones,1,3/13/2019 11:25
168725,USB-C Charging Cable,1,3/4/2019 22:18
168726,Bose SoundSport Headphones,1,3/15/2019 15:06
168727,34in Ultrawide Monitor,1,3/22/2019 0:34
168728,Lightning Charging Cable,1,3/18/2019 17:53
168729,AAA Batteries (4-pack),1,3/31/2019 13:56
168730,27in 4K Gaming Monitor,1,3/19/2019 12:36
168731,27in FHD Monitor,1,3/20/2019 5:05
168732,27in 4K Gaming Monitor,1,3/31/2019 11:35
168733,Macbook Pro Laptop,1,3/22/2019 19:30
168734,Lightning Charging Cable,1,3/13/2019 15:33
168735,Lightning Charging Cable,1,3/24/2019 17:33
168736,Apple Airpods Headphones,1,3/27/2019 15:03
168737,Lightning Charging Cable,1,3/17/2019 20:53
168738,Wired Headphones,1,3/20/2019 18:15
168739,AA Batteries (4-pack),1,3/13/2019 19:39
168740,27in FHD Monitor,1,3/29/2019 23:28
168741,Bose SoundSport Headphones,1,3/13/2019 14:30
168742,34in Ultrawide Monitor,1,3/7/2019 22:34
168743,Wired Headphones,1,3/17/2019 18:39
168744,AA Batteries (4-pack),1,3/19/2019 21:39
168745,AA Batteries (4-pack),1,3/1/2019 18:44
168746,USB-C Charging Cable,1,3/23/2019 12:14
168747,AA Batteries (4-pack),1,3/18/2019 1:33
168748,Macbook Pro Laptop,1,3/20/2019 17:45
168749,Apple Airpods Headphones,1,3/24/2019 14:11
168750,Wired Headphones,1,3/18/2019 17:07
168751,Lightning Charging Cable,1,3/16/2019 9:47
168752,USB-C Charging Cable,1,3/11/2019 15:58
168753,Lightning Charging Cable,1,3/15/2019 23:53
168754,Wired Headphones,1,3/24/2019 9:42
168755,Vareebadd Phone,1,3/16/2019 10:23
168756,34in Ultrawide Monitor,1,3/14/2019 19:59
168757,ThinkPad Laptop,1,3/18/2019 20:08
168758,AAA Batteries (4-pack),3,3/30/2019 10:57
168759,Wired Headphones,1,3/26/2019 10:03
168760,AA Batteries (4-pack),1,3/8/2019 10:09
168761,Google Phone,1,3/4/2019 23:40
168762,Lightning Charging Cable,1,3/30/2019 16:27
168763,Wired Headphones,1,3/27/2019 21:30
168764,Bose SoundSport Headphones,1,3/23/2019 20:52
168765,AA Batteries (4-pack),2,3/4/2019 11:42
168766,Wired Headphones,1,3/13/2019 19:38
168767,Wired Headphones,1,3/3/2019 23:10
168768,27in FHD Monitor,1,3/10/2019 0:52
168769,Apple Airpods Headphones,1,3/28/2019 19:17
168770,Bose SoundSport Headphones,1,3/20/2019 15:01
168771,20in Monitor,1,3/2/2019 18:25
168772,Bose SoundSport Headphones,1,3/13/2019 20:46
168773,Lightning Charging Cable,1,3/11/2019 20:44
168774,AA Batteries (4-pack),1,3/9/2019 16:54
168775,Lightning Charging Cable,1,3/25/2019 9:33
168776,Lightning Charging Cable,1,3/21/2019 8:54
168777,iPhone,1,3/7/2019 14:55
168777,Lightning Charging Cable,1,3/7/2019 14:55
168777,Lightning Charging Cable,1,3/7/2019 14:55
168778,Bose SoundSport Headphones,1,3/8/2019 15:31
168778,27in FHD Monitor,1,3/8/2019 15:31
168779,AAA Batteries (4-pack),1,3/5/2019 19:53
168780,LG Washing Machine,1,3/8/2019 12:16
168781,27in 4K Gaming Monitor,1,3/30/2019 10:35
168782,AA Batteries (4-pack),1,3/31/2019 21:37
168783,Wired Headphones,1,3/14/2019 18:30
168784,USB-C Charging Cable,1,3/7/2019 9:29
168785,Bose SoundSport Headphones,1,3/24/2019 20:48
168786,Lightning Charging Cable,1,3/20/2019 1:18
168787,USB-C Charging Cable,1,3/13/2019 18:55
168788,AAA Batteries (4-pack),2,3/26/2019 14:16
168789,AA Batteries (4-pack),3,3/22/2019 11:26
168790,Apple Airpods Headphones,1,3/26/2019 20:14
168791,ThinkPad Laptop,1,3/22/2019 14:28
168792,27in FHD Monitor,1,3/17/2019 12:44
168793,Wired Headphones,1,3/27/2019 7:37
168794,27in FHD Monitor,1,3/26/2019 13:54
168795,iPhone,1,3/24/2019 16:57
168796,Google Phone,1,3/7/2019 1:17
168797,Bose SoundSport Headphones,1,3/2/2019 18:45
168798,Apple Airpods Headphones,1,3/8/2019 14:07
168799,Apple Airpods Headphones,1,3/4/2019 13:41
168800,AAA Batteries (4-pack),1,3/7/2019 18:18
168801,Apple Airpods Headphones,1,3/12/2019 23:18
168802,Lightning Charging Cable,1,3/9/2019 20:25
168803,AAA Batteries (4-pack),1,3/15/2019 16:26
168804,Lightning Charging Cable,1,3/19/2019 19:24
168805,AA Batteries (4-pack),1,3/20/2019 13:09
168806,iPhone,1,3/31/2019 16:55
168806,Lightning Charging Cable,1,3/31/2019 16:55
168807,AAA Batteries (4-pack),1,3/24/2019 19:05
168808,USB-C Charging Cable,1,3/17/2019 22:22
168809,AA Batteries (4-pack),1,3/12/2019 19:19
168810,Bose SoundSport Headphones,1,3/26/2019 14:45
168811,34in Ultrawide Monitor,1,3/17/2019 18:18
168812,27in FHD Monitor,1,3/29/2019 18:53
168813,AA Batteries (4-pack),4,3/21/2019 14:09
168814,Apple Airpods Headphones,1,3/13/2019 10:04
168815,Apple Airpods Headphones,1,3/6/2019 17:27
168816,Bose SoundSport Headphones,1,3/16/2019 15:57
168817,AA Batteries (4-pack),1,3/19/2019 18:04
168818,AAA Batteries (4-pack),1,3/15/2019 1:05
168818,AA Batteries (4-pack),1,3/15/2019 1:05
168819,Bose SoundSport Headphones,1,3/27/2019 12:43
168820,Wired Headphones,4,3/16/2019 0:02
168821,27in FHD Monitor,1,3/5/2019 12:07
168822,Macbook Pro Laptop,1,3/16/2019 14:01
168823,USB-C Charging Cable,1,3/22/2019 10:57
168824,AA Batteries (4-pack),1,3/27/2019 10:10
168825,USB-C Charging Cable,1,3/15/2019 15:02
168826,USB-C Charging Cable,1,3/25/2019 22:20
168827,27in 4K Gaming Monitor,1,3/29/2019 13:53
168828,Apple Airpods Headphones,1,3/2/2019 8:50
168829,Vareebadd Phone,1,3/17/2019 10:09
168830,USB-C Charging Cable,1,3/19/2019 7:44
168831,Bose SoundSport Headphones,2,3/23/2019 8:44
168832,AA Batteries (4-pack),1,3/23/2019 13:03
168833,AA Batteries (4-pack),1,3/10/2019 15:11
168834,Google Phone,1,3/1/2019 23:04
168835,USB-C Charging Cable,1,3/31/2019 10:40
168836,AA Batteries (4-pack),2,3/31/2019 11:13
168837,Apple Airpods Headphones,1,3/30/2019 21:05
168838,Bose SoundSport Headphones,1,3/20/2019 11:24
168839,iPhone,1,3/18/2019 21:31
168840,USB-C Charging Cable,1,3/17/2019 11:59
168841,USB-C Charging Cable,1,3/3/2019 11:58
168842,AA Batteries (4-pack),3,3/24/2019 16:38
168843,27in 4K Gaming Monitor,1,3/26/2019 21:15
168844,Wired Headphones,1,3/6/2019 13:27
168845,AA Batteries (4-pack),1,3/16/2019 9:08
168846,Macbook Pro Laptop,1,3/26/2019 19:39
168847,Flatscreen TV,1,3/4/2019 13:16
168848,AA Batteries (4-pack),1,3/16/2019 9:23
168849,27in FHD Monitor,1,3/16/2019 19:47
168850,Flatscreen TV,1,3/4/2019 14:50
168851,USB-C Charging Cable,1,3/17/2019 12:47
168852,Bose SoundSport Headphones,1,3/17/2019 13:39
168853,Bose SoundSport Headphones,1,3/28/2019 17:03
168854,27in 4K Gaming Monitor,1,3/20/2019 15:45
168855,Lightning Charging Cable,1,3/1/2019 21:48
168856,Macbook Pro Laptop,1,3/16/2019 13:11
168857,LG Washing Machine,1,3/7/2019 18:15
168858,USB-C Charging Cable,1,3/15/2019 22:58
168859,AA Batteries (4-pack),1,3/28/2019 19:19
168860,AA Batteries (4-pack),1,3/23/2019 9:16
168861,34in Ultrawide Monitor,1,3/3/2019 9:13
168862,Flatscreen TV,1,3/13/2019 15:36
168863,USB-C Charging Cable,1,3/20/2019 12:59
168864,27in 4K Gaming Monitor,1,3/6/2019 19:28
168865,34in Ultrawide Monitor,1,3/1/2019 15:33
168866,Wired Headphones,1,3/16/2019 21:48
168867,iPhone,1,3/23/2019 6:41
168868,Apple Airpods Headphones,1,3/9/2019 18:35
168869,AAA Batteries (4-pack),4,3/27/2019 10:15
168870,Bose SoundSport Headphones,1,3/15/2019 19:37
168871,Lightning Charging Cable,2,3/14/2019 22:16
168872,Google Phone,1,3/15/2019 17:11
168873,AA Batteries (4-pack),2,3/24/2019 13:15
168874,AA Batteries (4-pack),1,3/25/2019 19:45
168875,Apple Airpods Headphones,1,3/1/2019 22:30
168876,AAA Batteries (4-pack),1,3/15/2019 20:36
168877,USB-C Charging Cable,1,3/12/2019 15:59
168878,iPhone,1,3/29/2019 14:48
168879,Apple Airpods Headphones,1,3/15/2019 12:30
168880,Macbook Pro Laptop,1,3/28/2019 7:36
168881,ThinkPad Laptop,1,3/13/2019 22:51
168882,Wired Headphones,1,3/11/2019 18:04
168883,USB-C Charging Cable,1,3/24/2019 9:28
168884,Bose SoundSport Headphones,1,3/15/2019 9:00
168885,USB-C Charging Cable,1,3/30/2019 19:17
168886,Wired Headphones,2,3/8/2019 13:28
168887,Apple Airpods Headphones,1,3/22/2019 18:19
168888,AA Batteries (4-pack),1,3/18/2019 14:26
168888,AA Batteries (4-pack),1,3/18/2019 14:26
168889,Bose SoundSport Headphones,1,3/9/2019 1:10
168890,AAA Batteries (4-pack),1,3/5/2019 15:27
168890,Wired Headphones,3,3/5/2019 15:27
168891,Google Phone,1,3/28/2019 12:44
168892,USB-C Charging Cable,1,3/31/2019 12:58
168893,Apple Airpods Headphones,1,3/10/2019 21:56
168894,34in Ultrawide Monitor,1,3/8/2019 15:02
168895,Bose SoundSport Headphones,1,3/28/2019 14:34
168896,27in 4K Gaming Monitor,1,3/12/2019 11:08
168897,Bose SoundSport Headphones,1,3/29/2019 9:17
168898,20in Monitor,1,3/8/2019 12:02
168899,AAA Batteries (4-pack),1,3/4/2019 16:48
168900,AAA Batteries (4-pack),1,3/25/2019 15:55
168900,Lightning Charging Cable,1,3/25/2019 15:55
168901,Macbook Pro Laptop,1,3/18/2019 10:30
168902,AAA Batteries (4-pack),2,3/2/2019 7:50
168903,USB-C Charging Cable,2,3/12/2019 7:46
168904,AA Batteries (4-pack),1,3/25/2019 10:05
168905,USB-C Charging Cable,1,4/1/2019 1:00
168905,ThinkPad Laptop,1,4/1/2019 1:00
168906,Macbook Pro Laptop,1,3/30/2019 21:05
168907,Bose SoundSport Headphones,1,3/11/2019 17:42
168908,AA Batteries (4-pack),1,3/26/2019 22:23
168909,Lightning Charging Cable,1,3/28/2019 16:14
168910,27in 4K Gaming Monitor,1,3/22/2019 15:40
168910,Lightning Charging Cable,1,3/22/2019 15:40
168911,AA Batteries (4-pack),2,3/2/2019 12:31
168912,Wired Headphones,1,3/24/2019 17:02
168913,27in FHD Monitor,1,3/16/2019 23:49
168914,AAA Batteries (4-pack),1,3/14/2019 16:36
168915,Apple Airpods Headphones,1,3/12/2019 22:14
168916,Macbook Pro Laptop,1,3/27/2019 15:30
168917,Bose SoundSport Headphones,1,3/3/2019 14:02
168918,AA Batteries (4-pack),1,3/23/2019 10:22
168919,Flatscreen TV,1,3/19/2019 6:49
168920,Lightning Charging Cable,1,3/16/2019 22:39
168921,AAA Batteries (4-pack),1,3/12/2019 18:31
168922,USB-C Charging Cable,1,3/6/2019 22:49
168923,Flatscreen TV,1,3/1/2019 12:28
168924,USB-C Charging Cable,1,3/14/2019 11:05
168925,iPhone,1,3/17/2019 11:53
168926,iPhone,1,3/19/2019 14:42
168927,iPhone,1,3/25/2019 21:12
168928,AAA Batteries (4-pack),1,3/31/2019 14:44
168929,ThinkPad Laptop,1,3/31/2019 22:20
168930,Lightning Charging Cable,1,3/17/2019 12:08
168931,AA Batteries (4-pack),2,3/20/2019 18:30
168932,Apple Airpods Headphones,1,3/22/2019 16:10
168933,Apple Airpods Headphones,1,3/24/2019 12:11
168934,Flatscreen TV,1,3/6/2019 4:39
168935,AAA Batteries (4-pack),2,3/5/2019 0:14
168936,ThinkPad Laptop,1,3/18/2019 10:31
168937,AAA Batteries (4-pack),3,3/9/2019 14:39
168938,iPhone,1,3/2/2019 14:42
168938,Lightning Charging Cable,1,3/2/2019 14:42
168938,Wired Headphones,1,3/2/2019 14:42
168939,USB-C Charging Cable,1,3/11/2019 13:45
168940,USB-C Charging Cable,1,3/10/2019 13:04
168941,Apple Airpods Headphones,1,3/19/2019 9:40
168942,Flatscreen TV,1,3/20/2019 9:08
168943,ThinkPad Laptop,1,3/30/2019 9:30
168944,27in FHD Monitor,1,3/18/2019 8:28
168945,Apple Airpods Headphones,1,3/3/2019 1:14
168946,Lightning Charging Cable,1,3/20/2019 11:07
168947,20in Monitor,1,3/28/2019 15:53
168948,USB-C Charging Cable,1,3/26/2019 6:33
168949,Bose SoundSport Headphones,1,3/26/2019 17:02
168950,AAA Batteries (4-pack),3,3/5/2019 17:25
168951,27in FHD Monitor,1,3/1/2019 13:56
168952,AAA Batteries (4-pack),2,3/12/2019 20:10
168953,AAA Batteries (4-pack),1,3/19/2019 13:58
168954,AA Batteries (4-pack),2,3/30/2019 20:47
168955,USB-C Charging Cable,1,3/3/2019 19:14
168956,Google Phone,1,3/11/2019 16:56
168957,Lightning Charging Cable,1,3/19/2019 19:00
168958,Apple Airpods Headphones,1,3/24/2019 11:48
168959,USB-C Charging Cable,1,3/23/2019 20:37
168960,20in Monitor,1,3/26/2019 15:27
168961,AAA Batteries (4-pack),1,3/17/2019 16:52
168962,AA Batteries (4-pack),2,3/21/2019 17:13
168963,USB-C Charging Cable,1,3/29/2019 13:39
168964,34in Ultrawide Monitor,1,3/17/2019 14:11
168965,27in FHD Monitor,1,3/5/2019 18:22
168966,34in Ultrawide Monitor,1,3/3/2019 21:57
168967,USB-C Charging Cable,1,3/1/2019 10:26
168968,20in Monitor,1,3/26/2019 19:49
168969,34in Ultrawide Monitor,1,3/20/2019 16:57
168970,Bose SoundSport Headphones,1,3/7/2019 13:34
168971,Flatscreen TV,1,3/28/2019 22:45
168972,Wired Headphones,1,3/9/2019 9:00
168973,27in 4K Gaming Monitor,1,3/29/2019 19:41
168974,27in FHD Monitor,1,3/23/2019 12:47
168975,USB-C Charging Cable,2,3/17/2019 16:08
168976,USB-C Charging Cable,1,3/14/2019 8:46
168977,Lightning Charging Cable,1,3/7/2019 8:50
168978,Wired Headphones,1,3/30/2019 12:27
168979,Lightning Charging Cable,1,3/14/2019 16:41
168980,Apple Airpods Headphones,1,3/10/2019 12:03
168981,AAA Batteries (4-pack),1,3/22/2019 0:28
168982,AA Batteries (4-pack),2,3/26/2019 11:20
168983,AAA Batteries (4-pack),1,3/10/2019 20:36
168984,Lightning Charging Cable,1,3/16/2019 17:36
168985,Bose SoundSport Headphones,1,3/18/2019 12:08
168986,AA Batteries (4-pack),2,3/16/2019 18:26
168987,Apple Airpods Headphones,1,3/20/2019 2:02
168988,USB-C Charging Cable,1,3/20/2019 12:07
168989,AA Batteries (4-pack),1,3/7/2019 21:42
168990,Wired Headphones,1,4/1/2019 0:00
168991,ThinkPad Laptop,1,3/5/2019 10:47
168992,AA Batteries (4-pack),1,3/11/2019 18:20
168993,USB-C Charging Cable,2,3/24/2019 13:45
168994,27in 4K Gaming Monitor,1,3/22/2019 20:38
168995,Bose SoundSport Headphones,1,3/31/2019 18:01
168996,34in Ultrawide Monitor,1,3/15/2019 14:34
168997,20in Monitor,1,3/29/2019 20:45
168998,iPhone,1,3/7/2019 20:44
168999,iPhone,1,3/11/2019 17:37
169000,Apple Airpods Headphones,1,3/27/2019 7:56
169001,Apple Airpods Headphones,1,3/22/2019 14:05
169002,27in FHD Monitor,1,3/29/2019 14:20
169003,USB-C Charging Cable,1,3/17/2019 13:04
169004,USB-C Charging Cable,1,3/18/2019 13:04
169005,USB-C Charging Cable,1,3/7/2019 20:55
169006,Flatscreen TV,1,3/5/2019 7:55
169007,Apple Airpods Headphones,1,3/20/2019 19:10
169008,AAA Batteries (4-pack),3,3/20/2019 20:23
169009,Vareebadd Phone,1,3/12/2019 14:59
169010,Lightning Charging Cable,1,3/4/2019 20:57
169011,Lightning Charging Cable,1,3/16/2019 18:25
169012,ThinkPad Laptop,1,3/12/2019 16:47
169013,ThinkPad Laptop,1,3/3/2019 18:42
169014,Bose SoundSport Headphones,1,3/28/2019 15:23
169015,Lightning Charging Cable,1,3/17/2019 12:32
169016,27in 4K Gaming Monitor,1,3/17/2019 13:33
169017,Apple Airpods Headphones,1,3/25/2019 12:17
169018,27in 4K Gaming Monitor,1,3/27/2019 15:18
169019,USB-C Charging Cable,1,3/28/2019 15:06
169020,USB-C Charging Cable,1,3/2/2019 12:38
169021,Bose SoundSport Headphones,1,3/9/2019 11:45
169022,Google Phone,1,3/5/2019 0:27
169022,USB-C Charging Cable,1,3/5/2019 0:27
169023,20in Monitor,1,3/31/2019 22:02
169024,Apple Airpods Headphones,1,3/30/2019 16:58
169025,AA Batteries (4-pack),1,3/2/2019 20:44
169026,27in 4K Gaming Monitor,1,3/2/2019 21:55
169027,Apple Airpods Headphones,1,3/8/2019 11:28
169028,Lightning Charging Cable,1,3/20/2019 7:15
169029,ThinkPad Laptop,1,3/13/2019 19:57
169030,Apple Airpods Headphones,1,3/23/2019 12:00
169031,Wired Headphones,1,3/17/2019 22:13
169032,AAA Batteries (4-pack),1,3/13/2019 13:02
169033,USB-C Charging Cable,1,3/26/2019 21:56
169034,AAA Batteries (4-pack),1,3/17/2019 18:14
169035,Wired Headphones,1,3/21/2019 16:50
169036,AA Batteries (4-pack),1,3/16/2019 13:49
169037,AA Batteries (4-pack),1,3/12/2019 16:18
169038,20in Monitor,1,3/28/2019 13:01
169039,iPhone,1,3/26/2019 23:16
169040,Lightning Charging Cable,1,3/4/2019 2:46
169041,USB-C Charging Cable,1,3/23/2019 10:21
169042,Wired Headphones,1,3/3/2019 9:39
169043,Google Phone,1,3/21/2019 20:30
169044,Wired Headphones,1,3/19/2019 19:53
169045,AA Batteries (4-pack),1,3/13/2019 12:41
169046,Bose SoundSport Headphones,1,3/29/2019 3:39
169047,Lightning Charging Cable,1,3/21/2019 15:49
169048,USB-C Charging Cable,1,3/5/2019 16:37
169049,Flatscreen TV,1,3/10/2019 11:31
169050,Apple Airpods Headphones,1,3/29/2019 11:09
Order ID,Product,Quantity Ordered,Order Date
169051,Wired Headphones,1,3/7/2019 14:41
169052,USB-C Charging Cable,1,3/28/2019 13:10
169053,AA Batteries (4-pack),1,3/13/2019 1:26
169054,Lightning Charging Cable,1,3/18/2019 17:16
169055,Lightning Charging Cable,1,3/27/2019 10:37
169056,AAA Batteries (4-pack),1,3/15/2019 0:40
169057,Apple Airpods Headphones,1,3/25/2019 9:44
169058,USB-C Charging Cable,1,3/16/2019 17:26
169059,USB-C Charging Cable,1,3/1/2019 21:40
169060,Google Phone,1,3/5/2019 9:09
169061,Wired Headphones,1,3/31/2019 19:15
169062,AA Batteries (4-pack),1,3/25/2019 12:35
169063,Apple Airpods Headphones,2,3/20/2019 9:46
169064,27in FHD Monitor,1,3/24/2019 10:58
169065,USB-C Charging Cable,1,3/13/2019 22:36
169066,Wired Headphones,1,3/21/2019 8:47
169067,27in 4K Gaming Monitor,1,3/17/2019 13:33
Order ID,Product,Quantity Ordered,Order Date
169068,20in Monitor,1,3/7/2019 13:09
169069,34in Ultrawide Monitor,1,3/19/2019 6:22
169070,34in Ultrawide Monitor,1,3/11/2019 21:05
169071,Wired Headphones,1,3/22/2019 20:42
169072,Apple Airpods Headphones,1,3/20/2019 16:19
169073,34in Ultrawide Monitor,1,3/20/2019 12:26
169074,Wired Headphones,1,3/15/2019 14:53
169075,USB-C Charging Cable,1,3/9/2019 19:53
169076,Apple Airpods Headphones,1,3/20/2019 23:24
169076,AA Batteries (4-pack),1,3/20/2019 23:24
169077,USB-C Charging Cable,4,3/7/2019 15:10
169078,Apple Airpods Headphones,1,3/19/2019 21:48
169079,Apple Airpods Headphones,1,3/29/2019 7:39
169080,Lightning Charging Cable,1,3/21/2019 17:46
169081,Google Phone,1,3/25/2019 16:03
169082,AAA Batteries (4-pack),1,3/23/2019 11:04
169083,Apple Airpods Headphones,1,3/17/2019 12:27
169084,Lightning Charging Cable,1,3/5/2019 16:54
169085,20in Monitor,1,3/7/2019 18:34
169086,34in Ultrawide Monitor,1,3/24/2019 20:03
169087,Apple Airpods Headphones,1,3/4/2019 18:44
169088,USB-C Charging Cable,1,3/22/2019 13:51
169089,AA Batteries (4-pack),1,3/28/2019 13:07
169090,USB-C Charging Cable,1,3/12/2019 13:57
169091,Macbook Pro Laptop,1,3/19/2019 0:54
169092,Wired Headphones,1,3/20/2019 14:54
169093,AAA Batteries (4-pack),2,3/10/2019 19:56
169094,27in 4K Gaming Monitor,1,3/15/2019 23:45
169095,Bose SoundSport Headphones,1,3/18/2019 20:48
169096,USB-C Charging Cable,1,3/5/2019 18:31
169097,27in FHD Monitor,1,3/20/2019 11:16
169098,Bose SoundSport Headphones,1,3/12/2019 20:53
169099,20in Monitor,1,3/12/2019 15:53
169100,34in Ultrawide Monitor,1,3/21/2019 21:42
169101,AA Batteries (4-pack),2,3/5/2019 10:53
169102,AAA Batteries (4-pack),1,3/1/2019 6:00
169103,Flatscreen TV,1,3/26/2019 16:08
169104,AA Batteries (4-pack),1,3/28/2019 23:49
169105,USB-C Charging Cable,1,3/24/2019 15:13
169106,AAA Batteries (4-pack),1,3/10/2019 23:36
169107,Macbook Pro Laptop,1,3/15/2019 1:34
169108,Lightning Charging Cable,1,3/30/2019 12:06
169109,LG Dryer,1,3/29/2019 4:54
169110,Wired Headphones,1,3/18/2019 15:55
169111,USB-C Charging Cable,1,3/14/2019 12:15
169112,USB-C Charging Cable,1,3/2/2019 14:06
169113,Lightning Charging Cable,1,3/14/2019 1:27
169114,Apple Airpods Headphones,1,3/20/2019 21:29
169115,34in Ultrawide Monitor,1,3/20/2019 12:43
169116,Bose SoundSport Headphones,1,3/8/2019 14:43
169116,Lightning Charging Cable,1,3/8/2019 14:43
169117,Google Phone,1,3/4/2019 9:13
169118,Apple Airpods Headphones,1,3/10/2019 0:25
169119,AA Batteries (4-pack),2,3/5/2019 3:22
169120,AAA Batteries (4-pack),2,3/31/2019 12:20
169121,AAA Batteries (4-pack),1,3/16/2019 21:23
169122,AA Batteries (4-pack),1,3/20/2019 18:51
169123,Lightning Charging Cable,1,3/10/2019 20:01
169124,27in 4K Gaming Monitor,1,3/6/2019 1:49
169125,27in FHD Monitor,1,3/5/2019 18:23
169126,34in Ultrawide Monitor,1,3/9/2019 20:53
169127,AA Batteries (4-pack),2,3/26/2019 11:34
169128,Macbook Pro Laptop,1,3/7/2019 13:13
169129,AAA Batteries (4-pack),1,3/21/2019 18:14
169130,AAA Batteries (4-pack),1,3/20/2019 18:46
169131,Flatscreen TV,1,3/27/2019 19:43
169132,27in FHD Monitor,1,3/23/2019 9:58
169133,AAA Batteries (4-pack),1,3/24/2019 12:33
169134,27in FHD Monitor,1,3/27/2019 15:25
169135,USB-C Charging Cable,1,3/8/2019 13:06
169136,Bose SoundSport Headphones,1,3/18/2019 20:00
169137,USB-C Charging Cable,3,3/3/2019 10:12
169138,AA Batteries (4-pack),1,3/13/2019 20:18
169139,Bose SoundSport Headphones,1,3/6/2019 18:09
169140,USB-C Charging Cable,3,3/2/2019 19:29
169141,AAA Batteries (4-pack),1,3/28/2019 12:35
169142,Wired Headphones,1,3/2/2019 13:28
169143,AA Batteries (4-pack),1,3/11/2019 8:15
169144,iPhone,1,3/18/2019 8:00
169145,20in Monitor,1,3/7/2019 16:07
169146,iPhone,1,3/8/2019 5:49
169147,Wired Headphones,1,3/27/2019 7:33
169148,Bose SoundSport Headphones,1,3/28/2019 9:53
169149,Wired Headphones,1,3/24/2019 2:07
169150,Vareebadd Phone,1,3/17/2019 18:44
169151,Vareebadd Phone,1,3/31/2019 20:44
169152,Lightning Charging Cable,1,3/14/2019 16:10
169153,Bose SoundSport Headphones,1,3/22/2019 11:54
169154,34in Ultrawide Monitor,1,3/6/2019 16:56
169155,Wired Headphones,1,3/10/2019 8:26
169156,Lightning Charging Cable,2,3/21/2019 15:13
169157,iPhone,1,3/6/2019 18:28
169158,27in FHD Monitor,1,3/1/2019 8:55
169159,AA Batteries (4-pack),1,3/28/2019 16:38
169160,Vareebadd Phone,1,3/7/2019 17:44
169160,ThinkPad Laptop,1,3/7/2019 17:44
169161,Apple Airpods Headphones,1,3/31/2019 15:33
169162,20in Monitor,1,3/18/2019 10:54
169163,34in Ultrawide Monitor,1,3/17/2019 7:37
169164,USB-C Charging Cable,1,3/17/2019 2:15
169165,Lightning Charging Cable,1,3/12/2019 6:40
169166,Apple Airpods Headphones,1,3/2/2019 11:34
169167,Google Phone,1,3/28/2019 17:01
169167,USB-C Charging Cable,2,3/28/2019 17:01
169168,AA Batteries (4-pack),1,3/8/2019 10:16
169169,AAA Batteries (4-pack),1,3/20/2019 10:09
169170,34in Ultrawide Monitor,1,3/28/2019 14:13
169171,Apple Airpods Headphones,1,3/28/2019 13:24
169172,USB-C Charging Cable,1,3/8/2019 18:10
169173,20in Monitor,1,3/2/2019 21:45
169174,20in Monitor,1,3/16/2019 16:10
169175,Bose SoundSport Headphones,1,3/27/2019 14:05
169176,Google Phone,1,3/25/2019 22:21
169177,Macbook Pro Laptop,1,4/1/2019 1:20
169178,Lightning Charging Cable,1,3/14/2019 11:40
169179,34in Ultrawide Monitor,1,3/30/2019 15:01
169180,Wired Headphones,1,3/20/2019 1:16
169181,AAA Batteries (4-pack),1,3/29/2019 20:24
169182,ThinkPad Laptop,1,3/21/2019 11:46
169183,Wired Headphones,1,3/6/2019 20:53
169184,AAA Batteries (4-pack),1,3/6/2019 16:38
169185,AA Batteries (4-pack),1,3/26/2019 12:09
169186,AAA Batteries (4-pack),3,3/3/2019 15:47
169187,ThinkPad Laptop,1,3/5/2019 11:40
169188,20in Monitor,1,3/14/2019 19:28
169189,Bose SoundSport Headphones,1,3/8/2019 1:15
169190,34in Ultrawide Monitor,1,3/26/2019 10:02
169191,27in FHD Monitor,1,4/1/2019 0:42
169192,iPhone,1,3/28/2019 9:38
169192,Lightning Charging Cable,1,3/28/2019 9:38
169193,AA Batteries (4-pack),3,3/31/2019 5:52
169194,Lightning Charging Cable,1,3/29/2019 13:14
169195,34in Ultrawide Monitor,1,3/29/2019 22:31
169196,AA Batteries (4-pack),1,3/14/2019 21:33
169197,Bose SoundSport Headphones,1,3/24/2019 23:02
169198,27in 4K Gaming Monitor,1,3/15/2019 20:33
169199,Bose SoundSport Headphones,1,3/19/2019 17:23
169200,Wired Headphones,1,3/11/2019 20:22
169201,AAA Batteries (4-pack),1,3/2/2019 20:23
169202,Bose SoundSport Headphones,1,3/10/2019 0:22
169203,Apple Airpods Headphones,1,3/10/2019 17:41
169204,Macbook Pro Laptop,1,3/5/2019 2:20
169205,20in Monitor,1,3/4/2019 18:08
169206,Apple Airpods Headphones,1,3/9/2019 8:24
169207,iPhone,1,3/4/2019 11:31
169207,Lightning Charging Cable,1,3/4/2019 11:31
169208,Apple Airpods Headphones,1,3/28/2019 23:57
169209,AAA Batteries (4-pack),1,3/7/2019 12:38
169210,Macbook Pro Laptop,1,3/26/2019 17:26
169211,27in FHD Monitor,1,3/15/2019 15:54
169212,Wired Headphones,1,3/30/2019 8:46
169213,ThinkPad Laptop,1,3/29/2019 12:11
169214,USB-C Charging Cable,2,3/25/2019 22:34
169215,USB-C Charging Cable,1,3/20/2019 21:06
169216,Bose SoundSport Headphones,1,3/1/2019 17:47
169217,Wired Headphones,1,3/17/2019 13:50
169218,Apple Airpods Headphones,1,3/21/2019 10:49
169219,20in Monitor,1,3/2/2019 8:58
169220,ThinkPad Laptop,1,3/30/2019 12:53
169221,Wired Headphones,1,3/12/2019 19:24
169221,Lightning Charging Cable,1,3/12/2019 19:24
169222,Flatscreen TV,1,3/2/2019 15:12
169223,LG Washing Machine,1,3/21/2019 16:26
169224,Bose SoundSport Headphones,1,3/8/2019 9:52
169225,Lightning Charging Cable,1,3/21/2019 21:24
169226,USB-C Charging Cable,1,3/23/2019 16:38
169227,AAA Batteries (4-pack),5,3/12/2019 2:08
169228,Google Phone,1,3/22/2019 0:19
169229,AA Batteries (4-pack),1,3/26/2019 15:32
169230,AA Batteries (4-pack),1,3/7/2019 22:43
169231,USB-C Charging Cable,1,3/16/2019 9:17
169232,Lightning Charging Cable,1,3/8/2019 17:15
169233,27in FHD Monitor,1,3/5/2019 16:25
169234,AA Batteries (4-pack),1,3/30/2019 13:40
169235,USB-C Charging Cable,1,3/7/2019 14:11
169236,Wired Headphones,1,3/8/2019 19:53
169237,34in Ultrawide Monitor,1,3/14/2019 21:56
169238,Bose SoundSport Headphones,1,3/4/2019 18:35
169239,AAA Batteries (4-pack),6,3/19/2019 18:43
169240,Apple Airpods Headphones,1,3/19/2019 10:20
169241,AA Batteries (4-pack),2,3/10/2019 23:49
169242,USB-C Charging Cable,1,3/12/2019 14:50
169243,Bose SoundSport Headphones,1,3/10/2019 18:52
169244,Lightning Charging Cable,1,3/4/2019 12:44
169245,AA Batteries (4-pack),1,3/18/2019 17:35
169246,AA Batteries (4-pack),1,3/29/2019 21:46
169247,AA Batteries (4-pack),1,3/18/2019 14:23
169248,AAA Batteries (4-pack),1,3/4/2019 12:09
169249,AA Batteries (4-pack),2,3/16/2019 19:37
169250,USB-C Charging Cable,1,3/7/2019 10:51
169251,USB-C Charging Cable,1,3/1/2019 9:18
169252,AA Batteries (4-pack),2,3/17/2019 6:32
169253,Apple Airpods Headphones,1,3/22/2019 22:35
169254,AA Batteries (4-pack),1,3/31/2019 14:53
169255,Wired Headphones,1,3/29/2019 17:49
169256,USB-C Charging Cable,1,3/7/2019 9:08
169257,Lightning Charging Cable,2,3/4/2019 23:30
169258,iPhone,1,3/2/2019 20:53
169259,Wired Headphones,1,3/15/2019 19:45
169259,USB-C Charging Cable,1,3/15/2019 19:45
169260,USB-C Charging Cable,1,3/6/2019 19:40
169261,27in 4K Gaming Monitor,1,3/2/2019 15:19
169262,Apple Airpods Headphones,1,3/1/2019 21:15
169263,ThinkPad Laptop,1,3/30/2019 6:26
169264,Google Phone,1,3/1/2019 15:00
169265,27in FHD Monitor,1,3/3/2019 13:29
169266,iPhone,1,3/10/2019 19:58
169266,Lightning Charging Cable,1,3/10/2019 19:58
169266,Google Phone,1,3/10/2019 19:58
169267,Lightning Charging Cable,1,3/1/2019 15:55
169268,Apple Airpods Headphones,1,3/28/2019 18:09
169268,Bose SoundSport Headphones,2,3/28/2019 18:09
169269,34in Ultrawide Monitor,1,3/29/2019 19:47
169270,Bose SoundSport Headphones,1,3/13/2019 8:40
169271,27in FHD Monitor,1,3/24/2019 11:18
169272,LG Dryer,1,3/23/2019 11:26
169273,Wired Headphones,1,3/28/2019 14:45
169274,Apple Airpods Headphones,1,3/6/2019 21:11
169275,Lightning Charging Cable,1,3/22/2019 18:28
169276,USB-C Charging Cable,1,3/11/2019 20:33
169277,AA Batteries (4-pack),2,3/14/2019 20:47
169278,Vareebadd Phone,1,3/29/2019 13:18
169279,Bose SoundSport Headphones,1,3/30/2019 9:12
169280,Wired Headphones,1,3/21/2019 21:39
169281,AAA Batteries (4-pack),1,3/1/2019 17:14
169282,Wired Headphones,1,3/30/2019 11:05
169283,AAA Batteries (4-pack),1,3/3/2019 13:17
169284,34in Ultrawide Monitor,1,3/6/2019 23:44
169285,ThinkPad Laptop,1,3/4/2019 22:41
169286,Apple Airpods Headphones,1,3/13/2019 7:24
169287,iPhone,1,3/15/2019 16:40
169288,Wired Headphones,1,3/25/2019 9:20
169289,LG Dryer,1,3/11/2019 17:01
169290,34in Ultrawide Monitor,1,3/28/2019 5:22
169291,Lightning Charging Cable,2,3/8/2019 2:12
169292,34in Ultrawide Monitor,1,3/3/2019 9:56
169293,Lightning Charging Cable,1,3/10/2019 10:30
169294,AAA Batteries (4-pack),1,3/29/2019 0:26
169295,Bose SoundSport Headphones,1,3/26/2019 15:39
169296,USB-C Charging Cable,1,3/28/2019 15:45
169297,Google Phone,1,3/24/2019 22:26
169297,Wired Headphones,1,3/24/2019 22:26
169298,AAA Batteries (4-pack),1,3/22/2019 10:33
169299,USB-C Charging Cable,1,3/22/2019 9:36
169300,AA Batteries (4-pack),2,3/28/2019 11:19
169301,USB-C Charging Cable,1,3/25/2019 21:46
169302,Bose SoundSport Headphones,1,3/4/2019 14:44
169303,USB-C Charging Cable,1,3/26/2019 15:53
169304,Lightning Charging Cable,1,3/1/2019 22:53
169305,AAA Batteries (4-pack),1,3/24/2019 0:13
169306,Apple Airpods Headphones,1,3/7/2019 11:53
169307,Bose SoundSport Headphones,1,3/28/2019 22:35
169308,Lightning Charging Cable,1,3/31/2019 19:37
169309,Google Phone,1,3/23/2019 21:41
169310,Lightning Charging Cable,1,3/8/2019 11:40
169311,20in Monitor,1,3/29/2019 15:42
169312,Apple Airpods Headphones,1,3/11/2019 9:09
169313,Wired Headphones,2,3/3/2019 10:23
169314,AAA Batteries (4-pack),1,3/14/2019 14:50
169315,USB-C Charging Cable,1,3/16/2019 17:49
169316,Bose SoundSport Headphones,1,3/15/2019 12:17
169317,AA Batteries (4-pack),1,3/6/2019 22:30
169318,Wired Headphones,1,3/21/2019 11:37
Order ID,Product,Quantity Ordered,Order Date
169319,AAA Batteries (4-pack),1,3/21/2019 20:12
169320,AA Batteries (4-pack),1,3/8/2019 16:59
169321,ThinkPad Laptop,1,3/5/2019 0:13
169322,Lightning Charging Cable,1,3/1/2019 21:13
169323,Apple Airpods Headphones,1,3/14/2019 23:48
169324,iPhone,1,3/27/2019 16:28
169324,Lightning Charging Cable,1,3/27/2019 16:28
169325,Vareebadd Phone,1,3/2/2019 13:31
169326,Bose SoundSport Headphones,1,3/29/2019 2:43
169327,AAA Batteries (4-pack),3,3/25/2019 17:56
169328,AAA Batteries (4-pack),2,3/20/2019 16:41
169329,AAA Batteries (4-pack),1,3/20/2019 22:06
169330,Vareebadd Phone,1,3/22/2019 16:34
169331,Google Phone,1,3/24/2019 18:56
169332,34in Ultrawide Monitor,1,3/9/2019 23:42
169333,AA Batteries (4-pack),1,3/17/2019 11:44
169334,Wired Headphones,1,3/7/2019 13:13
,,,
169335,Wired Headphones,1,3/22/2019 11:32
169336,Wired Headphones,1,3/24/2019 18:20
169337,Apple Airpods Headphones,1,3/31/2019 21:20
169338,Lightning Charging Cable,1,3/31/2019 18:11
169339,Apple Airpods Headphones,1,3/15/2019 22:37
169340,AA Batteries (4-pack),1,3/2/2019 20:01
169341,Apple Airpods Headphones,1,3/29/2019 11:34
169342,USB-C Charging Cable,1,3/12/2019 9:33
169343,AAA Batteries (4-pack),1,3/27/2019 17:22
169344,Google Phone,1,3/20/2019 11:02
169344,34in Ultrawide Monitor,1,3/20/2019 11:02
169345,Lightning Charging Cable,1,3/28/2019 15:03
169346,AA Batteries (4-pack),1,3/21/2019 19:40
169347,iPhone,1,3/11/2019 11:46
169348,Wired Headphones,1,3/31/2019 15:59
169349,AA Batteries (4-pack),1,3/15/2019 17:13
169350,AAA Batteries (4-pack),1,3/12/2019 22:42
169351,Lightning Charging Cable,3,3/1/2019 21:16
169352,LG Dryer,1,3/7/2019 22:01
169353,Apple Airpods Headphones,1,3/12/2019 12:39
169354,USB-C Charging Cable,1,3/29/2019 16:04
169355,USB-C Charging Cable,1,3/9/2019 11:35
169356,Apple Airpods Headphones,1,3/19/2019 18:59
169357,Wired Headphones,2,3/20/2019 19:30
169358,AAA Batteries (4-pack),2,3/8/2019 19:40
169359,AAA Batteries (4-pack),2,3/20/2019 11:42
169360,AAA Batteries (4-pack),7,3/10/2019 14:34
169361,Apple Airpods Headphones,1,3/14/2019 11:07
169362,Wired Headphones,1,3/5/2019 19:28
,,,
169363,USB-C Charging Cable,1,3/1/2019 15:37
169364,Bose SoundSport Headphones,1,3/17/2019 20:01
169365,AA Batteries (4-pack),1,3/8/2019 14:44
169366,Wired Headphones,1,3/21/2019 21:52
169367,Apple Airpods Headphones,1,3/28/2019 7:48
169368,Google Phone,1,3/17/2019 10:02
169369,Macbook Pro Laptop,1,3/30/2019 18:34
169370,Apple Airpods Headphones,1,3/15/2019 19:55
169371,Wired Headphones,1,3/11/2019 15:33
169372,USB-C Charging Cable,1,3/21/2019 16:19
169373,AAA Batteries (4-pack),1,3/16/2019 19:13
169374,Macbook Pro Laptop,1,3/6/2019 13:15
169375,Lightning Charging Cable,1,3/13/2019 15:26
169376,iPhone,1,3/10/2019 16:45
169377,AAA Batteries (4-pack),1,3/30/2019 11:02
169378,Apple Airpods Headphones,1,3/13/2019 20:12
169379,ThinkPad Laptop,1,3/12/2019 12:17
169380,AAA Batteries (4-pack),1,3/20/2019 0:36
169381,USB-C Charging Cable,1,3/30/2019 21:51
169382,27in FHD Monitor,1,3/20/2019 13:41
169383,Wired Headphones,3,3/30/2019 16:21
169384,Google Phone,1,3/21/2019 11:28
169385,Macbook Pro Laptop,1,3/8/2019 19:08
169386,ThinkPad Laptop,1,3/13/2019 12:33
169387,Bose SoundSport Headphones,1,3/10/2019 15:22
169388,Bose SoundSport Headphones,1,3/17/2019 16:45
169389,LG Dryer,1,3/6/2019 15:55
169390,Bose SoundSport Headphones,1,3/13/2019 12:40
169391,AA Batteries (4-pack),2,3/5/2019 9:11
169392,Lightning Charging Cable,1,3/31/2019 6:32
169393,USB-C Charging Cable,1,3/4/2019 10:57
169394,AA Batteries (4-pack),1,3/12/2019 13:26
169395,Wired Headphones,1,3/21/2019 17:05
169396,USB-C Charging Cable,1,3/22/2019 10:03
169397,USB-C Charging Cable,3,3/16/2019 13:40
169398,USB-C Charging Cable,1,3/17/2019 12:46
169399,Wired Headphones,2,3/29/2019 23:24
169400,iPhone,1,3/1/2019 19:13
169401,Flatscreen TV,1,3/21/2019 11:42
169402,Wired Headphones,1,3/18/2019 15:15
169403,USB-C Charging Cable,1,3/12/2019 9:47
169404,AAA Batteries (4-pack),3,3/2/2019 22:25
169405,Bose SoundSport Headphones,1,3/20/2019 21:23
169406,Bose SoundSport Headphones,1,3/8/2019 10:26
169407,27in FHD Monitor,1,3/9/2019 19:37
169408,Wired Headphones,1,3/2/2019 23:15
169409,AA Batteries (4-pack),1,3/8/2019 10:31
169410,Lightning Charging Cable,1,3/6/2019 16:10
169411,Wired Headphones,1,3/28/2019 11:26
169412,AA Batteries (4-pack),1,3/29/2019 21:46
169413,Google Phone,1,3/29/2019 11:00
169414,AA Batteries (4-pack),2,3/20/2019 16:23
169415,AAA Batteries (4-pack),1,3/15/2019 9:48
169416,Flatscreen TV,1,3/19/2019 14:09
169417,Bose SoundSport Headphones,1,3/13/2019 20:21
169418,USB-C Charging Cable,1,3/28/2019 13:21
169419,Wired Headphones,1,3/23/2019 9:17
169420,Macbook Pro Laptop,1,3/7/2019 19:46
169421,Apple Airpods Headphones,1,3/5/2019 19:01
169421,USB-C Charging Cable,1,3/5/2019 19:01
169422,Macbook Pro Laptop,1,3/18/2019 15:17
169423,34in Ultrawide Monitor,1,3/18/2019 22:58
169424,AAA Batteries (4-pack),1,3/16/2019 20:46
169424,Apple Airpods Headphones,1,3/16/2019 20:46
169425,Bose SoundSport Headphones,1,3/28/2019 9:39
169426,AA Batteries (4-pack),1,3/18/2019 12:26
169427,AAA Batteries (4-pack),2,3/30/2019 12:05
169428,Lightning Charging Cable,1,3/7/2019 17:27
169429,Bose SoundSport Headphones,1,3/29/2019 18:45
169430,AAA Batteries (4-pack),1,3/5/2019 11:24
169431,USB-C Charging Cable,1,3/30/2019 19:42
169432,Google Phone,1,3/14/2019 9:23
169433,Wired Headphones,1,3/11/2019 12:49
169434,Wired Headphones,1,3/25/2019 17:00
169435,AA Batteries (4-pack),1,3/23/2019 11:23
169436,USB-C Charging Cable,1,3/19/2019 0:42
169437,Wired Headphones,1,3/18/2019 18:42
169438,Lightning Charging Cable,1,3/1/2019 14:00
169439,USB-C Charging Cable,1,3/10/2019 23:50
169440,USB-C Charging Cable,2,3/11/2019 21:51
169441,iPhone,1,3/17/2019 19:15
169442,Bose SoundSport Headphones,1,3/28/2019 16:03
169443,Lightning Charging Cable,1,3/29/2019 1:04
169444,20in Monitor,1,3/7/2019 12:19
169445,Lightning Charging Cable,1,3/11/2019 14:50
169446,USB-C Charging Cable,1,3/18/2019 13:31
169447,Apple Airpods Headphones,1,3/4/2019 10:54
169448,iPhone,1,3/25/2019 15:12
169449,Lightning Charging Cable,1,3/12/2019 15:52
169450,Wired Headphones,1,3/22/2019 19:59
169451,Bose SoundSport Headphones,1,3/30/2019 11:21
169452,AA Batteries (4-pack),2,3/29/2019 11:24
169453,Lightning Charging Cable,1,3/21/2019 10:32
169454,AA Batteries (4-pack),1,3/18/2019 18:46
169455,AA Batteries (4-pack),2,3/6/2019 6:43
169456,Apple Airpods Headphones,1,3/13/2019 22:07
169457,USB-C Charging Cable,1,3/25/2019 9:55
169458,20in Monitor,1,3/22/2019 16:38
169459,Lightning Charging Cable,1,3/29/2019 8:49
169460,Wired Headphones,1,3/17/2019 11:21
169461,27in FHD Monitor,1,3/14/2019 19:10
169462,Apple Airpods Headphones,1,3/21/2019 19:41
169463,AA Batteries (4-pack),1,3/26/2019 9:28
169464,Wired Headphones,1,3/11/2019 14:14
169465,Apple Airpods Headphones,1,3/11/2019 18:24
169466,Apple Airpods Headphones,1,3/15/2019 13:53
169467,Apple Airpods Headphones,1,3/11/2019 21:08
169468,ThinkPad Laptop,1,3/5/2019 18:40
169469,34in Ultrawide Monitor,1,3/6/2019 23:11
169470,USB-C Charging Cable,2,3/6/2019 18:22
169471,Flatscreen TV,1,3/24/2019 21:33
169472,AA Batteries (4-pack),1,3/23/2019 19:48
169473,AA Batteries (4-pack),1,3/12/2019 10:58
169474,Lightning Charging Cable,1,3/22/2019 15:24
169475,AA Batteries (4-pack),1,3/7/2019 21:05
169476,Wired Headphones,1,3/18/2019 16:25
169477,Lightning Charging Cable,1,3/9/2019 11:57
169478,USB-C Charging Cable,1,3/16/2019 23:43
169479,USB-C Charging Cable,1,3/17/2019 14:25
169480,AAA Batteries (4-pack),1,3/5/2019 7:48
169481,AA Batteries (4-pack),2,3/6/2019 7:12
169482,AA Batteries (4-pack),2,3/4/2019 10:44
169483,Wired Headphones,1,3/24/2019 10:55
169484,Apple Airpods Headphones,1,3/29/2019 7:15
169485,AA Batteries (4-pack),1,3/11/2019 11:14
169486,Apple Airpods Headphones,1,3/5/2019 0:16
169487,Bose SoundSport Headphones,1,3/26/2019 21:03
169488,34in Ultrawide Monitor,1,3/4/2019 15:36
169489,Lightning Charging Cable,1,3/24/2019 18:10
169490,Wired Headphones,2,3/7/2019 15:03
169491,AA Batteries (4-pack),1,3/1/2019 8:50
169492,27in FHD Monitor,1,3/4/2019 10:51
169493,AAA Batteries (4-pack),3,3/22/2019 12:54
169494,AA Batteries (4-pack),2,3/18/2019 22:54
169495,Flatscreen TV,1,3/15/2019 13:58
169496,AA Batteries (4-pack),4,3/4/2019 21:17
169497,20in Monitor,1,3/23/2019 6:54
Order ID,Product,Quantity Ordered,Order Date
169498,AA Batteries (4-pack),1,3/2/2019 18:19
169499,20in Monitor,1,3/21/2019 19:57
169500,Apple Airpods Headphones,1,3/22/2019 13:34
169501,Lightning Charging Cable,1,3/1/2019 11:10
169502,27in 4K Gaming Monitor,1,3/28/2019 1:41
169503,AAA Batteries (4-pack),1,3/10/2019 13:14
169504,20in Monitor,1,3/31/2019 19:38
169505,Wired Headphones,1,3/10/2019 15:21
169506,AA Batteries (4-pack),2,3/13/2019 15:43
169507,USB-C Charging Cable,1,3/15/2019 22:55
169508,iPhone,1,3/5/2019 11:52
169509,AA Batteries (4-pack),1,3/7/2019 12:53
169510,AAA Batteries (4-pack),1,3/12/2019 17:18
169511,AAA Batteries (4-pack),3,3/28/2019 0:00
169512,ThinkPad Laptop,1,3/13/2019 11:00
169513,Apple Airpods Headphones,1,3/9/2019 9:53
169514,AAA Batteries (4-pack),5,3/15/2019 21:15
169515,Apple Airpods Headphones,1,3/3/2019 13:03
169516,Bose SoundSport Headphones,1,3/2/2019 13:19
169517,Bose SoundSport Headphones,1,3/29/2019 14:14
169518,Bose SoundSport Headphones,1,3/19/2019 11:58
169519,AAA Batteries (4-pack),1,3/18/2019 11:12
169520,Lightning Charging Cable,1,3/24/2019 13:44
169521,ThinkPad Laptop,1,3/4/2019 22:07
169522,AAA Batteries (4-pack),1,3/27/2019 10:29
169523,Macbook Pro Laptop,1,3/23/2019 6:36
169524,AA Batteries (4-pack),1,3/16/2019 16:17
169525,34in Ultrawide Monitor,1,3/29/2019 13:03
169526,Wired Headphones,1,3/20/2019 12:06
169527,AAA Batteries (4-pack),2,3/6/2019 21:45
169528,34in Ultrawide Monitor,1,3/7/2019 20:50
169529,Lightning Charging Cable,1,3/12/2019 14:54
169530,AAA Batteries (4-pack),1,3/23/2019 14:59
169531,AA Batteries (4-pack),1,3/22/2019 23:01
169532,USB-C Charging Cable,1,3/10/2019 13:21
169533,Apple Airpods Headphones,1,3/28/2019 18:12
169534,Apple Airpods Headphones,1,3/27/2019 9:27
169535,Bose SoundSport Headphones,1,3/5/2019 17:39
169536,AAA Batteries (4-pack),1,3/12/2019 18:47
169537,Lightning Charging Cable,1,3/19/2019 19:57
169538,Apple Airpods Headphones,2,3/13/2019 9:27
169539,Bose SoundSport Headphones,1,3/15/2019 15:15
169540,AA Batteries (4-pack),1,3/5/2019 2:57
169541,AAA Batteries (4-pack),2,3/12/2019 10:06
169542,20in Monitor,1,3/5/2019 15:39
169543,Apple Airpods Headphones,1,3/28/2019 20:43
169544,AA Batteries (4-pack),1,3/11/2019 10:31
169545,Google Phone,1,3/13/2019 18:34
169545,USB-C Charging Cable,1,3/13/2019 18:34
169545,Wired Headphones,1,3/13/2019 18:34
169546,USB-C Charging Cable,2,3/27/2019 22:05
169547,Macbook Pro Laptop,1,3/19/2019 22:33
169548,20in Monitor,1,3/31/2019 5:39
169549,Bose SoundSport Headphones,1,3/29/2019 17:47
169550,27in 4K Gaming Monitor,1,3/28/2019 22:43
169550,iPhone,1,3/28/2019 22:43
169551,Google Phone,1,3/16/2019 10:31
169551,USB-C Charging Cable,1,3/16/2019 10:31
169552,Bose SoundSport Headphones,1,3/24/2019 0:29
169553,Flatscreen TV,2,3/18/2019 13:42
169554,34in Ultrawide Monitor,1,3/9/2019 18:43
169555,AA Batteries (4-pack),1,3/6/2019 15:27
169556,AA Batteries (4-pack),2,3/18/2019 13:40
169557,Bose SoundSport Headphones,1,3/8/2019 10:44
169558,USB-C Charging Cable,1,3/5/2019 21:38
169559,Flatscreen TV,1,3/20/2019 7:29
169560,ThinkPad Laptop,1,3/12/2019 11:56
169561,Flatscreen TV,1,3/11/2019 19:44
169562,Wired Headphones,1,3/30/2019 13:16
169563,Lightning Charging Cable,2,3/23/2019 14:28
169564,iPhone,1,3/27/2019 5:08
169564,Apple Airpods Headphones,1,3/27/2019 5:08
169565,Wired Headphones,1,3/5/2019 7:03
169566,34in Ultrawide Monitor,1,3/28/2019 22:27
169567,34in Ultrawide Monitor,1,3/1/2019 18:36
169568,AA Batteries (4-pack),2,3/28/2019 16:37
169569,Bose SoundSport Headphones,1,3/31/2019 21:26
169570,LG Washing Machine,1,3/9/2019 17:51
169571,34in Ultrawide Monitor,1,3/19/2019 19:34
169572,27in FHD Monitor,1,3/9/2019 2:32
169573,Lightning Charging Cable,1,3/27/2019 14:44
169574,AAA Batteries (4-pack),1,3/10/2019 17:12
169575,34in Ultrawide Monitor,1,3/9/2019 19:54
169576,Wired Headphones,1,3/4/2019 19:56
169577,USB-C Charging Cable,1,3/25/2019 16:48
169578,iPhone,1,3/8/2019 15:25
169579,Lightning Charging Cable,1,3/7/2019 16:59
169580,Google Phone,1,3/9/2019 21:49
169581,AA Batteries (4-pack),2,3/17/2019 19:15
169582,USB-C Charging Cable,1,3/19/2019 9:00
169583,Bose SoundSport Headphones,1,3/21/2019 11:01
169584,AA Batteries (4-pack),1,3/14/2019 17:56
169585,Bose SoundSport Headphones,1,3/28/2019 15:02
169586,AA Batteries (4-pack),1,3/11/2019 20:36
169587,Lightning Charging Cable,1,3/3/2019 0:30
169588,AAA Batteries (4-pack),1,3/19/2019 12:59
169589,Apple Airpods Headphones,1,3/20/2019 6:39
169590,Bose SoundSport Headphones,1,3/4/2019 17:10
169591,Wired Headphones,1,3/24/2019 19:32
169592,Macbook Pro Laptop,1,3/28/2019 20:30
169593,Bose SoundSport Headphones,1,3/18/2019 16:27
169594,AA Batteries (4-pack),1,3/6/2019 19:03
169595,Bose SoundSport Headphones,1,3/6/2019 10:08
169596,Lightning Charging Cable,1,3/24/2019 14:54
169597,Lightning Charging Cable,1,3/7/2019 11:48
169598,Apple Airpods Headphones,1,3/31/2019 21:16
169599,27in 4K Gaming Monitor,1,3/11/2019 18:22
169600,Wired Headphones,1,3/10/2019 11:12
169600,Wired Headphones,1,3/10/2019 11:12
169601,Wired Headphones,3,3/22/2019 16:02
169602,AAA Batteries (4-pack),4,3/25/2019 12:12
169603,AAA Batteries (4-pack),2,3/20/2019 11:51
169604,AAA Batteries (4-pack),5,3/8/2019 20:47
169605,27in 4K Gaming Monitor,1,3/16/2019 10:20
169606,Bose SoundSport Headphones,1,3/6/2019 23:23
169607,AA Batteries (4-pack),1,3/1/2019 20:01
169608,Lightning Charging Cable,1,3/13/2019 18:29
169609,Lightning Charging Cable,1,3/18/2019 21:23
169610,LG Washing Machine,1,3/13/2019 11:43
169611,Flatscreen TV,1,3/17/2019 11:33
169612,Flatscreen TV,1,3/18/2019 16:07
169613,AAA Batteries (4-pack),2,3/24/2019 17:20
169614,AA Batteries (4-pack),4,3/10/2019 12:29
169615,USB-C Charging Cable,1,3/13/2019 21:29
169616,USB-C Charging Cable,2,3/3/2019 11:25
169617,Bose SoundSport Headphones,1,3/17/2019 12:08
169618,AA Batteries (4-pack),1,3/3/2019 14:37
169619,USB-C Charging Cable,1,3/12/2019 21:36
169620,Wired Headphones,2,3/24/2019 12:40
169621,AA Batteries (4-pack),3,3/22/2019 14:20
169622,20in Monitor,1,3/22/2019 9:57
169623,Flatscreen TV,1,3/16/2019 19:26
169624,Bose SoundSport Headphones,1,3/22/2019 9:46
169625,Bose SoundSport Headphones,1,3/20/2019 16:21
169626,USB-C Charging Cable,1,3/20/2019 22:43
169627,AAA Batteries (4-pack),4,3/26/2019 17:33
169628,AA Batteries (4-pack),1,3/5/2019 13:05
169629,AA Batteries (4-pack),1,3/7/2019 11:48
169630,USB-C Charging Cable,1,3/18/2019 11:00
169631,Bose SoundSport Headphones,1,3/8/2019 19:41
169632,Apple Airpods Headphones,1,3/19/2019 16:29
169633,USB-C Charging Cable,1,3/30/2019 12:20
169634,Apple Airpods Headphones,1,3/6/2019 7:51
169635,Bose SoundSport Headphones,1,3/18/2019 17:35
169636,AA Batteries (4-pack),1,3/17/2019 10:54
169637,Wired Headphones,1,3/15/2019 23:24
169638,USB-C Charging Cable,1,3/1/2019 19:43
169639,AA Batteries (4-pack),2,3/9/2019 21:30
169640,27in 4K Gaming Monitor,1,3/9/2019 17:33
169641,Wired Headphones,1,3/18/2019 13:29
169642,Bose SoundSport Headphones,1,3/10/2019 0:08
169643,Google Phone,1,3/19/2019 21:18
169643,Bose SoundSport Headphones,1,3/19/2019 21:18
169644,Lightning Charging Cable,1,3/19/2019 14:45
169645,Flatscreen TV,1,3/2/2019 10:13
169646,Google Phone,1,3/29/2019 9:24
169647,Apple Airpods Headphones,1,3/16/2019 12:41
169648,AA Batteries (4-pack),1,3/15/2019 14:45
169649,AA Batteries (4-pack),1,3/17/2019 18:35
169650,AAA Batteries (4-pack),2,3/28/2019 20:12
169651,AAA Batteries (4-pack),1,3/20/2019 20:21
169652,AAA Batteries (4-pack),1,3/29/2019 0:04
169653,Flatscreen TV,1,3/1/2019 15:13
169654,AAA Batteries (4-pack),1,3/4/2019 7:00
169655,AAA Batteries (4-pack),2,3/25/2019 16:08
169656,34in Ultrawide Monitor,1,3/9/2019 12:22
169657,Apple Airpods Headphones,1,3/10/2019 7:20
169658,Lightning Charging Cable,1,3/17/2019 23:23
169659,Bose SoundSport Headphones,1,3/22/2019 16:56
169659,Bose SoundSport Headphones,1,3/22/2019 16:56
169660,USB-C Charging Cable,1,3/30/2019 16:38
169661,27in 4K Gaming Monitor,1,3/29/2019 21:48
169662,Google Phone,1,3/5/2019 11:36
169663,Vareebadd Phone,1,3/19/2019 8:13
169664,Wired Headphones,1,3/18/2019 23:18
169665,27in 4K Gaming Monitor,1,3/24/2019 9:44
169666,Google Phone,1,3/28/2019 8:05
169666,Bose SoundSport Headphones,1,3/28/2019 8:05
169667,AA Batteries (4-pack),1,3/13/2019 20:29
169668,Bose SoundSport Headphones,1,3/31/2019 23:20
169668,Lightning Charging Cable,1,3/31/2019 23:20
169669,USB-C Charging Cable,1,3/6/2019 22:15
169670,Lightning Charging Cable,1,3/5/2019 18:46
169671,Wired Headphones,1,3/14/2019 9:12
169672,Wired Headphones,1,3/12/2019 15:30
169673,ThinkPad Laptop,1,3/5/2019 14:08
169674,Apple Airpods Headphones,1,3/18/2019 6:51
169675,AAA Batteries (4-pack),1,3/28/2019 11:53
169676,27in FHD Monitor,1,3/10/2019 22:56
169677,27in 4K Gaming Monitor,1,3/8/2019 8:22
169678,Lightning Charging Cable,1,3/7/2019 19:29
169679,Google Phone,1,3/11/2019 16:24
169680,USB-C Charging Cable,2,3/30/2019 15:49
169681,ThinkPad Laptop,1,3/7/2019 10:16
169681,Apple Airpods Headphones,1,3/7/2019 10:16
169682,27in 4K Gaming Monitor,1,3/3/2019 2:00
169683,Google Phone,1,3/10/2019 11:51
169683,USB-C Charging Cable,1,3/10/2019 11:51
169684,Bose SoundSport Headphones,1,3/19/2019 12:02
169685,Wired Headphones,1,3/29/2019 14:18
169686,Lightning Charging Cable,1,3/9/2019 21:51
169687,AAA Batteries (4-pack),1,3/24/2019 14:37
169687,Lightning Charging Cable,1,3/24/2019 14:37
169688,AAA Batteries (4-pack),1,3/10/2019 20:32
169689,27in FHD Monitor,1,3/25/2019 9:57
169690,Apple Airpods Headphones,1,3/10/2019 11:37
169691,iPhone,1,3/3/2019 9:24
169692,34in Ultrawide Monitor,1,3/16/2019 11:51
169693,Wired Headphones,1,3/10/2019 12:24
169694,Wired Headphones,1,3/7/2019 17:18
169695,Flatscreen TV,1,3/21/2019 10:50
169696,20in Monitor,1,3/5/2019 11:21
,,,
169697,Wired Headphones,1,3/6/2019 19:49
169698,iPhone,1,3/13/2019 22:44
169698,Lightning Charging Cable,1,3/13/2019 22:44
169699,34in Ultrawide Monitor,1,3/28/2019 12:57
169700,34in Ultrawide Monitor,1,3/10/2019 11:55
169701,Flatscreen TV,1,3/29/2019 19:02
169702,Lightning Charging Cable,1,3/1/2019 17:47
169703,Lightning Charging Cable,1,3/28/2019 12:52
169704,Lightning Charging Cable,1,3/12/2019 4:51
169705,USB-C Charging Cable,1,3/5/2019 12:11
169706,Flatscreen TV,1,3/28/2019 11:11
169707,Apple Airpods Headphones,1,3/1/2019 18:47
169708,AA Batteries (4-pack),1,3/22/2019 9:03
169709,USB-C Charging Cable,1,3/5/2019 19:29
169710,Flatscreen TV,1,3/17/2019 12:03
169711,AAA Batteries (4-pack),1,3/15/2019 7:41
169712,Lightning Charging Cable,1,3/23/2019 9:49
169713,Vareebadd Phone,1,3/24/2019 16:19
169714,Lightning Charging Cable,1,3/27/2019 19:27
169715,Bose SoundSport Headphones,1,3/19/2019 16:49
169716,USB-C Charging Cable,1,3/26/2019 11:52
169717,USB-C Charging Cable,1,3/24/2019 13:10
169718,Macbook Pro Laptop,1,3/18/2019 10:09
169719,Wired Headphones,1,3/25/2019 18:35
169720,iPhone,1,3/1/2019 13:33
169720,Lightning Charging Cable,1,3/1/2019 13:33
169721,Wired Headphones,3,3/15/2019 18:46
169722,USB-C Charging Cable,1,3/24/2019 10:47
169723,AA Batteries (4-pack),1,3/28/2019 20:23
169724,AAA Batteries (4-pack),1,3/18/2019 13:30
169725,Lightning Charging Cable,1,3/6/2019 10:39
169726,AAA Batteries (4-pack),2,3/13/2019 19:34
169727,AA Batteries (4-pack),1,3/23/2019 16:39
169728,Apple Airpods Headphones,1,3/3/2019 21:27
169729,Bose SoundSport Headphones,1,3/8/2019 20:59
169730,USB-C Charging Cable,1,3/12/2019 11:10
169731,AA Batteries (4-pack),1,3/11/2019 21:19
169732,AAA Batteries (4-pack),1,3/31/2019 20:12
169733,Flatscreen TV,1,3/11/2019 1:45
169734,Lightning Charging Cable,1,3/25/2019 14:51
169735,27in FHD Monitor,1,3/2/2019 8:32
169736,Lightning Charging Cable,1,3/17/2019 18:56
169737,AA Batteries (4-pack),1,3/11/2019 19:07
169738,iPhone,1,3/2/2019 13:12
169738,Lightning Charging Cable,1,3/2/2019 13:12
169739,AA Batteries (4-pack),1,3/25/2019 15:27
169740,USB-C Charging Cable,1,3/1/2019 16:15
169741,Wired Headphones,1,3/23/2019 14:26
169742,Flatscreen TV,1,3/1/2019 20:19
169743,Lightning Charging Cable,1,3/11/2019 21:21
169744,Lightning Charging Cable,2,3/20/2019 19:20
169745,Lightning Charging Cable,2,3/13/2019 9:14
169746,Bose SoundSport Headphones,1,3/3/2019 21:37
169747,Bose SoundSport Headphones,1,3/21/2019 9:11
169748,27in FHD Monitor,1,3/8/2019 0:30
169749,AA Batteries (4-pack),2,3/6/2019 0:07
169750,Lightning Charging Cable,1,3/24/2019 17:52
169751,AAA Batteries (4-pack),1,3/16/2019 11:06
169752,Lightning Charging Cable,1,3/21/2019 17:21
169753,Apple Airpods Headphones,1,3/2/2019 16:32
169754,ThinkPad Laptop,1,3/28/2019 16:21
169755,27in FHD Monitor,1,3/6/2019 21:18
169756,AA Batteries (4-pack),1,3/22/2019 12:02
169757,Bose SoundSport Headphones,1,3/21/2019 10:45
169758,20in Monitor,1,3/4/2019 17:33
169759,Apple Airpods Headphones,1,3/18/2019 15:23
169760,Apple Airpods Headphones,1,3/3/2019 22:27
169761,Wired Headphones,1,3/5/2019 15:19
169762,Apple Airpods Headphones,1,3/25/2019 10:14
169763,AAA Batteries (4-pack),2,3/2/2019 12:59
169764,Lightning Charging Cable,1,3/13/2019 20:38
169765,USB-C Charging Cable,1,3/20/2019 22:54
169765,Wired Headphones,1,3/20/2019 22:54
169766,AAA Batteries (4-pack),1,3/17/2019 22:16
169767,USB-C Charging Cable,1,3/18/2019 22:19
169768,AAA Batteries (4-pack),1,3/15/2019 19:55
169769,AA Batteries (4-pack),1,3/30/2019 10:14
169770,34in Ultrawide Monitor,1,3/12/2019 21:17
169771,Flatscreen TV,1,3/5/2019 19:45
169772,Apple Airpods Headphones,1,3/28/2019 20:22
169773,AA Batteries (4-pack),1,3/13/2019 11:54
169774,ThinkPad Laptop,1,3/15/2019 17:11
169775,27in FHD Monitor,1,3/11/2019 14:45
169776,Google Phone,1,3/31/2019 9:26
169777,Google Phone,1,3/21/2019 15:06
169778,Apple Airpods Headphones,1,3/14/2019 23:13
169779,AAA Batteries (4-pack),1,3/5/2019 19:10
169780,Apple Airpods Headphones,1,3/1/2019 21:35
169780,Lightning Charging Cable,1,3/1/2019 21:35
169781,Apple Airpods Headphones,1,3/3/2019 11:37
169782,AA Batteries (4-pack),1,3/24/2019 8:33
169783,20in Monitor,1,3/23/2019 9:58
169784,34in Ultrawide Monitor,1,3/11/2019 17:07
169785,Google Phone,1,3/6/2019 13:52
169786,Wired Headphones,1,3/26/2019 23:08
169787,USB-C Charging Cable,1,3/15/2019 19:24
169788,Lightning Charging Cable,1,3/21/2019 11:05
169789,Apple Airpods Headphones,1,3/22/2019 8:27
169790,Lightning Charging Cable,1,3/14/2019 15:52
169791,Apple Airpods Headphones,1,3/27/2019 23:34
169792,AA Batteries (4-pack),2,3/27/2019 13:40
169793,20in Monitor,1,3/9/2019 12:43
169794,USB-C Charging Cable,1,3/8/2019 15:10
169795,Wired Headphones,1,3/11/2019 21:26
169796,AA Batteries (4-pack),1,3/15/2019 10:24
169797,Apple Airpods Headphones,1,3/29/2019 12:55
169798,27in FHD Monitor,1,3/27/2019 14:16
169799,Google Phone,1,3/24/2019 19:27
169800,iPhone,1,3/26/2019 15:30
169800,Apple Airpods Headphones,1,3/26/2019 15:30
169801,USB-C Charging Cable,1,3/27/2019 19:24
169802,Bose SoundSport Headphones,1,3/9/2019 10:46
169803,AA Batteries (4-pack),1,3/9/2019 17:39
169804,Google Phone,1,3/26/2019 0:16
169805,Bose SoundSport Headphones,1,3/8/2019 20:41
169806,AA Batteries (4-pack),1,3/23/2019 21:25
169807,Apple Airpods Headphones,1,3/10/2019 22:34
169808,AAA Batteries (4-pack),2,3/17/2019 6:37
169809,Bose SoundSport Headphones,1,3/6/2019 23:30
169810,27in FHD Monitor,1,3/5/2019 19:37
169811,27in 4K Gaming Monitor,1,3/12/2019 14:47
169812,27in 4K Gaming Monitor,1,3/28/2019 17:42
169813,AA Batteries (4-pack),1,3/31/2019 5:21
169814,Lightning Charging Cable,1,3/18/2019 0:23
169815,Bose SoundSport Headphones,1,3/30/2019 23:08
169816,ThinkPad Laptop,1,3/13/2019 10:46
169817,Wired Headphones,1,3/13/2019 22:10
169818,AA Batteries (4-pack),1,3/20/2019 22:07
169819,AA Batteries (4-pack),1,3/21/2019 9:18
169820,AAA Batteries (4-pack),1,3/11/2019 12:27
169821,AAA Batteries (4-pack),1,3/19/2019 9:52
169822,AAA Batteries (4-pack),2,3/2/2019 6:43
169823,Wired Headphones,1,3/19/2019 20:22
169824,Macbook Pro Laptop,1,3/8/2019 18:39
169825,Wired Headphones,2,3/12/2019 9:48
169826,Lightning Charging Cable,1,3/13/2019 11:19
169827,27in 4K Gaming Monitor,1,3/6/2019 20:32
169828,AAA Batteries (4-pack),1,3/14/2019 18:44
169829,Flatscreen TV,1,3/16/2019 13:35
169830,Google Phone,1,3/30/2019 14:56
169830,USB-C Charging Cable,2,3/30/2019 14:56
169831,USB-C Charging Cable,1,3/9/2019 12:07
169832,Bose SoundSport Headphones,1,3/21/2019 19:26
169833,Macbook Pro Laptop,1,3/30/2019 10:47
169834,Wired Headphones,1,3/19/2019 11:31
169835,Apple Airpods Headphones,1,3/14/2019 14:46
169836,34in Ultrawide Monitor,1,3/22/2019 15:58
169837,Lightning Charging Cable,1,3/22/2019 10:15
169838,AA Batteries (4-pack),1,3/14/2019 20:33
169839,Lightning Charging Cable,1,3/13/2019 20:44
169840,Flatscreen TV,1,3/23/2019 15:30
169841,USB-C Charging Cable,1,3/7/2019 13:17
169842,Lightning Charging Cable,1,3/14/2019 22:19
169843,USB-C Charging Cable,1,3/2/2019 21:34
169844,USB-C Charging Cable,1,3/4/2019 12:22
169845,Bose SoundSport Headphones,1,3/2/2019 18:56
169846,Apple Airpods Headphones,1,3/23/2019 17:43
169847,AA Batteries (4-pack),2,3/31/2019 6:59
169848,AAA Batteries (4-pack),2,3/23/2019 15:55
169849,Lightning Charging Cable,3,3/3/2019 19:00
169850,34in Ultrawide Monitor,1,3/26/2019 16:15
169851,Google Phone,1,3/22/2019 21:40
169852,AA Batteries (4-pack),1,3/24/2019 17:37
169853,AA Batteries (4-pack),1,3/24/2019 18:04
169854,AA Batteries (4-pack),1,3/5/2019 20:55
169855,Vareebadd Phone,1,3/21/2019 14:05
169856,Lightning Charging Cable,1,3/5/2019 20:34
169857,AAA Batteries (4-pack),1,3/12/2019 23:52
169858,Lightning Charging Cable,1,3/4/2019 9:40
169859,27in FHD Monitor,1,3/14/2019 11:00
169860,AA Batteries (4-pack),2,3/3/2019 3:17
169861,USB-C Charging Cable,1,3/18/2019 9:53
169862,27in 4K Gaming Monitor,1,3/24/2019 18:59
169863,AAA Batteries (4-pack),1,3/19/2019 2:48
169864,20in Monitor,1,3/11/2019 20:39
169865,Bose SoundSport Headphones,1,3/23/2019 19:42
169866,Wired Headphones,1,3/25/2019 12:02
169867,Google Phone,1,3/25/2019 18:28
169868,Wired Headphones,1,3/30/2019 10:01
169869,Bose SoundSport Headphones,1,3/8/2019 19:28
169870,AA Batteries (4-pack),1,3/5/2019 19:54
169871,AAA Batteries (4-pack),1,3/18/2019 0:42
169872,27in 4K Gaming Monitor,1,3/18/2019 14:14
169873,AAA Batteries (4-pack),1,3/15/2019 11:22
169874,iPhone,1,3/27/2019 16:48
169875,27in FHD Monitor,1,3/25/2019 21:44
169876,ThinkPad Laptop,1,3/29/2019 11:09
169877,Bose SoundSport Headphones,1,3/29/2019 16:03
169878,Bose SoundSport Headphones,1,3/22/2019 9:57
169879,Lightning Charging Cable,1,3/19/2019 7:03
169880,USB-C Charging Cable,1,3/18/2019 13:15
169881,AA Batteries (4-pack),1,3/18/2019 0:57
169882,USB-C Charging Cable,1,3/12/2019 21:24
169883,Google Phone,1,3/2/2019 11:10
169883,Bose SoundSport Headphones,1,3/2/2019 11:10
169884,Wired Headphones,2,3/4/2019 7:35
169885,Google Phone,1,3/3/2019 18:55
169886,20in Monitor,1,3/27/2019 14:29
169887,AA Batteries (4-pack),1,3/9/2019 20:58
169888,USB-C Charging Cable,1,3/23/2019 0:11
169889,AA Batteries (4-pack),1,3/11/2019 14:05
169890,USB-C Charging Cable,1,3/22/2019 21:56
169891,AA Batteries (4-pack),1,3/8/2019 18:13
169892,AAA Batteries (4-pack),1,3/11/2019 10:02
169893,ThinkPad Laptop,1,3/25/2019 10:04
169894,Wired Headphones,1,3/27/2019 9:13
169895,Flatscreen TV,1,3/10/2019 19:18
169896,AA Batteries (4-pack),1,3/31/2019 21:28
169897,AAA Batteries (4-pack),2,3/27/2019 14:54
169898,Flatscreen TV,1,3/27/2019 19:27
169899,Macbook Pro Laptop,1,3/23/2019 8:28
169900,Lightning Charging Cable,1,3/25/2019 13:09
169901,27in 4K Gaming Monitor,1,3/14/2019 19:38
169902,Flatscreen TV,1,3/16/2019 13:52
169903,USB-C Charging Cable,1,3/3/2019 5:15
169904,AAA Batteries (4-pack),1,3/18/2019 18:43
169905,Apple Airpods Headphones,1,3/1/2019 18:42
169906,Apple Airpods Headphones,1,3/21/2019 21:04
169907,USB-C Charging Cable,1,3/23/2019 8:47
169908,Apple Airpods Headphones,1,3/17/2019 0:29
169909,Wired Headphones,1,3/11/2019 20:42
169910,Lightning Charging Cable,2,3/14/2019 12:29
169911,Apple Airpods Headphones,1,3/28/2019 14:33
169912,Lightning Charging Cable,1,3/26/2019 13:02
169913,USB-C Charging Cable,1,3/19/2019 14:33
169914,Macbook Pro Laptop,1,3/23/2019 10:34
169915,AA Batteries (4-pack),1,3/31/2019 8:19
169916,AA Batteries (4-pack),1,3/14/2019 7:20
169917,Google Phone,1,3/4/2019 21:05
169918,27in FHD Monitor,1,3/22/2019 20:30
169919,ThinkPad Laptop,1,3/16/2019 10:36
169920,27in FHD Monitor,1,3/6/2019 12:00
169921,AA Batteries (4-pack),2,3/20/2019 18:16
169922,LG Washing Machine,1,3/8/2019 12:41
169923,AA Batteries (4-pack),1,3/17/2019 16:43
169924,AAA Batteries (4-pack),1,3/9/2019 17:40
169925,Lightning Charging Cable,1,3/29/2019 18:45
169926,AAA Batteries (4-pack),2,3/5/2019 19:49
169927,AA Batteries (4-pack),1,3/9/2019 16:07
169928,USB-C Charging Cable,1,3/11/2019 20:44
169929,Apple Airpods Headphones,1,3/29/2019 21:56
169930,AA Batteries (4-pack),1,3/13/2019 12:55
169931,Bose SoundSport Headphones,1,3/21/2019 21:54
169932,Apple Airpods Headphones,1,3/22/2019 20:26
169933,Macbook Pro Laptop,1,3/28/2019 18:11
169934,USB-C Charging Cable,1,3/5/2019 13:28
169935,Apple Airpods Headphones,1,3/24/2019 22:45
169936,Vareebadd Phone,1,3/7/2019 19:29
169937,ThinkPad Laptop,1,3/23/2019 12:33
169938,Wired Headphones,1,3/15/2019 17:43
169939,27in 4K Gaming Monitor,1,3/28/2019 17:53
169940,Apple Airpods Headphones,1,3/11/2019 22:28
169941,Apple Airpods Headphones,1,3/10/2019 9:43
169942,AA Batteries (4-pack),1,3/30/2019 20:31
169943,Apple Airpods Headphones,1,3/27/2019 22:43
169944,Macbook Pro Laptop,1,3/5/2019 15:42
169945,AA Batteries (4-pack),1,3/10/2019 19:27
169946,20in Monitor,1,3/28/2019 21:04
169947,Bose SoundSport Headphones,1,3/28/2019 13:05
169948,Apple Airpods Headphones,1,3/12/2019 8:51
169949,LG Washing Machine,1,3/30/2019 14:28
169949,AAA Batteries (4-pack),1,3/30/2019 14:28
169950,Lightning Charging Cable,1,3/17/2019 16:07
169951,iPhone,1,3/10/2019 17:12
169952,AAA Batteries (4-pack),1,3/19/2019 21:37
169953,Bose SoundSport Headphones,1,3/29/2019 14:56
169954,LG Washing Machine,1,3/3/2019 20:53
169955,USB-C Charging Cable,1,3/7/2019 12:13
169956,Google Phone,1,3/28/2019 23:16
169956,iPhone,1,3/28/2019 23:16
169957,AA Batteries (4-pack),1,3/7/2019 14:17
169958,AA Batteries (4-pack),1,3/1/2019 20:54
169959,iPhone,1,3/23/2019 9:51
169959,Wired Headphones,2,3/23/2019 9:51
169960,Wired Headphones,1,3/6/2019 14:26
169961,Google Phone,1,3/5/2019 17:38
169961,Wired Headphones,1,3/5/2019 17:38
169962,ThinkPad Laptop,1,3/12/2019 16:59
169963,Wired Headphones,2,3/9/2019 21:40
169964,Wired Headphones,1,3/28/2019 21:30
169965,Bose SoundSport Headphones,1,3/4/2019 11:48
169966,Flatscreen TV,1,3/8/2019 21:47
169967,AAA Batteries (4-pack),1,3/8/2019 9:14
169968,iPhone,1,3/12/2019 0:20
169969,AA Batteries (4-pack),2,3/12/2019 13:56
169970,Apple Airpods Headphones,1,3/25/2019 12:55
169971,USB-C Charging Cable,1,3/24/2019 18:17
169972,AA Batteries (4-pack),2,3/9/2019 15:49
169973,34in Ultrawide Monitor,1,3/22/2019 14:41
169974,USB-C Charging Cable,2,3/28/2019 15:42
169975,27in 4K Gaming Monitor,1,3/17/2019 10:47
169976,LG Washing Machine,1,3/5/2019 23:25
169977,27in FHD Monitor,1,3/4/2019 23:19
169978,USB-C Charging Cable,1,3/24/2019 18:51
169979,Apple Airpods Headphones,1,3/28/2019 11:34
169980,iPhone,1,3/16/2019 13:51
169981,34in Ultrawide Monitor,1,3/11/2019 21:14
169982,USB-C Charging Cable,1,3/4/2019 14:42
169983,Google Phone,1,3/16/2019 22:48
169983,Bose SoundSport Headphones,1,3/16/2019 22:48
169984,Bose SoundSport Headphones,1,3/6/2019 11:42
169985,Lightning Charging Cable,1,3/27/2019 14:23
169986,AA Batteries (4-pack),1,3/2/2019 14:28
169987,Wired Headphones,1,3/21/2019 16:44
169988,Wired Headphones,1,3/21/2019 16:31
169989,USB-C Charging Cable,1,3/13/2019 23:39
169990,34in Ultrawide Monitor,1,3/8/2019 17:06
169991,Lightning Charging Cable,1,3/21/2019 8:09
169992,Lightning Charging Cable,1,3/7/2019 21:20
169993,AAA Batteries (4-pack),1,3/10/2019 13:48
169994,Wired Headphones,1,3/23/2019 10:53
169995,AA Batteries (4-pack),1,3/8/2019 8:20
169996,USB-C Charging Cable,1,3/12/2019 20:47
169997,AAA Batteries (4-pack),1,3/20/2019 8:48
169998,USB-C Charging Cable,1,3/7/2019 9:03
169999,Lightning Charging Cable,1,3/28/2019 18:58
170000,20in Monitor,1,3/6/2019 17:12
170001,AAA Batteries (4-pack),1,3/13/2019 13:43
170002,Bose SoundSport Headphones,1,3/17/2019 5:59
170003,AAA Batteries (4-pack),1,3/24/2019 20:59
170004,34in Ultrawide Monitor,1,3/12/2019 14:57
170005,34in Ultrawide Monitor,1,3/7/2019 16:11
170006,Bose SoundSport Headphones,1,3/29/2019 0:28
170007,Lightning Charging Cable,1,3/31/2019 21:55
170008,27in FHD Monitor,1,3/29/2019 23:40
170009,Wired Headphones,2,3/4/2019 23:54
170010,Wired Headphones,1,3/4/2019 9:18
170011,Apple Airpods Headphones,1,3/5/2019 21:41
170012,27in FHD Monitor,1,3/10/2019 20:32
170013,27in FHD Monitor,1,3/30/2019 13:21
170014,27in 4K Gaming Monitor,1,3/25/2019 15:16
170015,ThinkPad Laptop,1,3/2/2019 15:59
170016,Lightning Charging Cable,1,3/15/2019 8:35
170017,Wired Headphones,1,3/23/2019 11:54
170018,AA Batteries (4-pack),2,3/29/2019 18:20
170019,AAA Batteries (4-pack),1,3/18/2019 11:17
170020,USB-C Charging Cable,1,3/18/2019 17:30
170021,Vareebadd Phone,1,3/13/2019 18:15
170022,USB-C Charging Cable,3,3/26/2019 12:14
170023,AA Batteries (4-pack),2,3/10/2019 14:19
170024,USB-C Charging Cable,1,3/15/2019 13:49
170025,Wired Headphones,1,3/22/2019 23:42
170026,USB-C Charging Cable,1,3/24/2019 23:37
170027,LG Washing Machine,1,3/26/2019 9:47
170027,Apple Airpods Headphones,1,3/26/2019 9:47
170028,27in FHD Monitor,1,3/16/2019 10:33
170029,Apple Airpods Headphones,1,3/31/2019 21:47
170030,AA Batteries (4-pack),1,3/12/2019 7:35
170031,USB-C Charging Cable,1,3/16/2019 20:09
170032,USB-C Charging Cable,1,3/12/2019 15:55
170033,USB-C Charging Cable,1,3/8/2019 18:39
170034,Lightning Charging Cable,1,3/4/2019 6:32
170035,34in Ultrawide Monitor,1,3/9/2019 15:16
170036,Vareebadd Phone,1,3/28/2019 9:01
170036,USB-C Charging Cable,1,3/28/2019 9:01
170037,Lightning Charging Cable,1,3/10/2019 16:54
170038,AAA Batteries (4-pack),1,3/31/2019 19:41
170039,34in Ultrawide Monitor,1,3/26/2019 12:22
Order ID,Product,Quantity Ordered,Order Date
170040,Bose SoundSport Headphones,1,3/12/2019 16:02
170041,USB-C Charging Cable,1,3/25/2019 17:31
170042,Macbook Pro Laptop,1,3/13/2019 13:02
170043,Apple Airpods Headphones,1,3/21/2019 12:37
170044,34in Ultrawide Monitor,1,3/17/2019 20:19
170045,AA Batteries (4-pack),1,3/31/2019 0:23
170046,AAA Batteries (4-pack),4,3/22/2019 17:25
170047,Apple Airpods Headphones,1,3/21/2019 2:08
170048,AAA Batteries (4-pack),1,3/26/2019 19:16
170049,AAA Batteries (4-pack),1,3/15/2019 13:07
170050,AAA Batteries (4-pack),2,3/24/2019 2:21
170051,Bose SoundSport Headphones,1,3/1/2019 11:57
170052,Apple Airpods Headphones,1,3/8/2019 13:41
170053,AAA Batteries (4-pack),1,3/27/2019 8:54
,,,
170054,AAA Batteries (4-pack),1,3/7/2019 17:02
170055,AAA Batteries (4-pack),1,3/22/2019 19:48
170056,Lightning Charging Cable,1,3/17/2019 23:48
170057,AAA Batteries (4-pack),3,3/5/2019 7:42
170058,27in 4K Gaming Monitor,1,3/5/2019 17:41
170059,Lightning Charging Cable,1,3/5/2019 8:24
170060,Lightning Charging Cable,1,3/12/2019 16:43
170061,AA Batteries (4-pack),1,3/17/2019 18:18
170062,AAA Batteries (4-pack),2,3/28/2019 16:37
170063,AA Batteries (4-pack),1,3/6/2019 10:56
170064,AAA Batteries (4-pack),1,3/13/2019 21:20
170065,ThinkPad Laptop,1,3/31/2019 9:33
170066,USB-C Charging Cable,1,3/29/2019 10:20
170067,AAA Batteries (4-pack),2,3/15/2019 12:59
170068,AAA Batteries (4-pack),1,3/9/2019 19:49
170069,iPhone,1,3/17/2019 11:09
170069,Apple Airpods Headphones,1,3/17/2019 11:09
170070,iPhone,1,3/2/2019 12:11
170071,Wired Headphones,1,3/17/2019 0:12
170072,27in 4K Gaming Monitor,1,3/20/2019 5:13
170073,AA Batteries (4-pack),2,3/24/2019 18:09
170074,Lightning Charging Cable,1,3/1/2019 18:05
170075,Lightning Charging Cable,1,3/9/2019 18:40
170076,iPhone,1,3/25/2019 20:36
170077,AAA Batteries (4-pack),1,3/4/2019 17:55
170078,Apple Airpods Headphones,1,3/27/2019 12:51
170079,Wired Headphones,1,3/21/2019 19:19
170080,iPhone,1,3/20/2019 16:05
170081,AAA Batteries (4-pack),2,3/23/2019 6:51
170082,Bose SoundSport Headphones,1,3/10/2019 18:43
170082,Google Phone,1,3/10/2019 18:43
170083,Lightning Charging Cable,1,3/3/2019 19:59
170084,Wired Headphones,2,3/16/2019 10:23
170085,27in 4K Gaming Monitor,1,3/12/2019 14:21
170086,27in FHD Monitor,1,3/2/2019 18:11
170087,iPhone,1,3/25/2019 20:52
170088,27in 4K Gaming Monitor,1,3/23/2019 10:27
170089,USB-C Charging Cable,2,3/3/2019 10:46
170090,27in 4K Gaming Monitor,1,3/4/2019 21:27
170091,AA Batteries (4-pack),1,3/23/2019 9:26
170092,Lightning Charging Cable,1,3/19/2019 10:37
170093,AAA Batteries (4-pack),1,3/4/2019 12:15
170094,USB-C Charging Cable,1,3/13/2019 22:47
170095,Bose SoundSport Headphones,1,3/22/2019 2:13
170096,Wired Headphones,2,3/29/2019 11:37
170097,Google Phone,1,3/4/2019 18:50
170098,Apple Airpods Headphones,1,3/22/2019 12:46
170099,ThinkPad Laptop,1,3/25/2019 18:06
170100,AAA Batteries (4-pack),1,3/7/2019 23:52
170101,Wired Headphones,1,3/2/2019 19:09
170102,USB-C Charging Cable,2,3/20/2019 22:26
170103,Lightning Charging Cable,1,3/11/2019 21:17
170104,ThinkPad Laptop,1,3/16/2019 6:27
170105,Flatscreen TV,1,3/15/2019 20:43
170106,Vareebadd Phone,1,3/11/2019 18:54
170107,AA Batteries (4-pack),1,3/5/2019 18:26
170108,Lightning Charging Cable,1,3/6/2019 20:49
170109,Apple Airpods Headphones,1,3/16/2019 13:35
170109,Apple Airpods Headphones,1,3/16/2019 13:35
170110,20in Monitor,1,3/27/2019 13:18
170111,AA Batteries (4-pack),1,3/22/2019 0:59
170112,USB-C Charging Cable,1,3/4/2019 10:52
170113,Apple Airpods Headphones,1,3/8/2019 14:19
170114,AA Batteries (4-pack),1,3/15/2019 22:05
170115,Google Phone,1,3/12/2019 11:35
170116,USB-C Charging Cable,1,3/5/2019 17:10
170117,Apple Airpods Headphones,1,3/28/2019 10:59
170118,USB-C Charging Cable,1,3/4/2019 19:43
170119,Wired Headphones,1,3/9/2019 23:00
170120,Bose SoundSport Headphones,1,3/29/2019 21:18
170121,Lightning Charging Cable,1,3/13/2019 17:18
170122,ThinkPad Laptop,1,3/19/2019 9:10
170123,Bose SoundSport Headphones,1,3/5/2019 12:27
170124,Lightning Charging Cable,1,3/14/2019 12:51
170125,iPhone,1,3/2/2019 12:36
170126,27in FHD Monitor,1,3/10/2019 15:13
170127,Bose SoundSport Headphones,1,3/10/2019 22:33
170128,Wired Headphones,1,3/29/2019 19:33
170129,Bose SoundSport Headphones,1,3/12/2019 0:36
170130,ThinkPad Laptop,1,3/15/2019 2:15
170131,34in Ultrawide Monitor,1,3/29/2019 15:21
170132,Apple Airpods Headphones,1,3/26/2019 20:24
170133,iPhone,1,3/9/2019 9:50
170134,AAA Batteries (4-pack),2,3/22/2019 17:42
170135,Flatscreen TV,1,3/26/2019 12:23
170136,Wired Headphones,1,3/2/2019 13:34
170137,Bose SoundSport Headphones,1,3/22/2019 13:05
170138,27in 4K Gaming Monitor,1,3/7/2019 11:41
170138,34in Ultrawide Monitor,1,3/7/2019 11:41
170139,Wired Headphones,1,3/7/2019 11:16
170140,AAA Batteries (4-pack),1,3/7/2019 23:50
170141,Wired Headphones,1,3/13/2019 20:58
170142,AA Batteries (4-pack),1,3/28/2019 14:56
170143,Lightning Charging Cable,1,3/15/2019 11:07
170144,Lightning Charging Cable,1,3/26/2019 13:08
170145,AAA Batteries (4-pack),1,3/3/2019 8:42
170146,Bose SoundSport Headphones,1,3/19/2019 23:04
170147,AA Batteries (4-pack),1,3/13/2019 15:27
170148,USB-C Charging Cable,1,3/9/2019 11:29
170149,iPhone,1,3/12/2019 18:16
170150,AA Batteries (4-pack),1,3/15/2019 16:12
170151,USB-C Charging Cable,1,3/15/2019 20:13
170152,Lightning Charging Cable,1,3/13/2019 12:27
170153,34in Ultrawide Monitor,1,3/23/2019 12:47
170154,Apple Airpods Headphones,1,3/21/2019 13:16
170155,Bose SoundSport Headphones,1,3/22/2019 16:47
170156,AA Batteries (4-pack),1,3/9/2019 11:40
170156,USB-C Charging Cable,1,3/9/2019 11:40
170157,USB-C Charging Cable,1,3/1/2019 17:50
170158,Lightning Charging Cable,1,3/18/2019 20:30
170159,USB-C Charging Cable,1,3/17/2019 19:24
170160,USB-C Charging Cable,1,3/5/2019 17:31
170161,AA Batteries (4-pack),1,3/20/2019 12:45
170162,AAA Batteries (4-pack),1,3/19/2019 18:12
170163,20in Monitor,1,3/9/2019 14:23
170164,27in FHD Monitor,1,3/28/2019 10:14
170165,Google Phone,1,3/23/2019 17:47
170166,AA Batteries (4-pack),2,3/12/2019 10:41
170167,27in 4K Gaming Monitor,1,3/1/2019 17:55
170168,USB-C Charging Cable,1,3/9/2019 16:58
170168,USB-C Charging Cable,1,3/9/2019 16:58
170169,34in Ultrawide Monitor,1,3/17/2019 22:04
170170,Apple Airpods Headphones,1,3/22/2019 23:32
170171,AA Batteries (4-pack),1,3/7/2019 22:40
170172,Bose SoundSport Headphones,1,3/1/2019 14:12
170173,34in Ultrawide Monitor,1,3/20/2019 23:21
170174,Lightning Charging Cable,1,3/9/2019 13:27
170175,Bose SoundSport Headphones,1,3/27/2019 21:38
170176,Flatscreen TV,1,3/2/2019 21:33
170177,AAA Batteries (4-pack),1,3/26/2019 23:16
170178,USB-C Charging Cable,1,3/13/2019 18:37
170179,AAA Batteries (4-pack),1,3/17/2019 14:23
170180,AAA Batteries (4-pack),1,3/23/2019 18:43
170181,Apple Airpods Headphones,1,3/18/2019 13:45
170182,Apple Airpods Headphones,1,3/10/2019 21:27
170183,Bose SoundSport Headphones,1,3/6/2019 17:11
170184,Apple Airpods Headphones,1,3/18/2019 18:25
170185,USB-C Charging Cable,1,3/8/2019 13:00
170186,Apple Airpods Headphones,1,3/2/2019 20:49
170187,ThinkPad Laptop,1,3/3/2019 13:06
170188,20in Monitor,1,3/14/2019 10:40
170189,AA Batteries (4-pack),1,3/3/2019 23:28
170190,ThinkPad Laptop,1,3/24/2019 13:36
170191,AA Batteries (4-pack),1,3/11/2019 21:42
170192,AA Batteries (4-pack),1,3/27/2019 13:23
170193,AAA Batteries (4-pack),1,3/17/2019 11:59
170194,Apple Airpods Headphones,1,3/30/2019 16:22
170195,27in 4K Gaming Monitor,1,3/6/2019 14:21
170196,LG Washing Machine,1,3/23/2019 17:20
170196,AAA Batteries (4-pack),1,3/23/2019 17:20
170197,Apple Airpods Headphones,1,3/7/2019 14:00
170198,ThinkPad Laptop,1,3/1/2019 8:28
170199,Lightning Charging Cable,1,3/16/2019 13:46
170200,Bose SoundSport Headphones,1,3/3/2019 8:40
170201,AAA Batteries (4-pack),1,3/10/2019 2:43
170202,34in Ultrawide Monitor,1,3/20/2019 18:32
170203,USB-C Charging Cable,1,3/17/2019 17:05
170204,Wired Headphones,1,3/22/2019 23:14
170205,Wired Headphones,1,3/27/2019 15:10
170206,Wired Headphones,1,3/15/2019 17:12
170207,iPhone,1,3/23/2019 13:19
170207,Lightning Charging Cable,1,3/23/2019 13:19
170208,Lightning Charging Cable,1,3/9/2019 6:18
170209,Bose SoundSport Headphones,1,3/31/2019 20:02
170210,Vareebadd Phone,1,3/23/2019 23:48
170211,Lightning Charging Cable,1,3/27/2019 16:42
170212,Wired Headphones,1,3/17/2019 6:13
170213,USB-C Charging Cable,1,3/21/2019 19:48
170214,AAA Batteries (4-pack),1,3/28/2019 13:54
170215,Google Phone,1,3/4/2019 10:57
170215,USB-C Charging Cable,2,3/4/2019 10:57
170216,27in 4K Gaming Monitor,1,3/16/2019 20:21
170216,Lightning Charging Cable,1,3/16/2019 20:21
170217,34in Ultrawide Monitor,1,3/13/2019 14:12
170218,USB-C Charging Cable,1,3/25/2019 17:30
170219,Wired Headphones,1,3/6/2019 19:26
170220,Apple Airpods Headphones,1,3/22/2019 9:40
170221,USB-C Charging Cable,1,3/18/2019 7:57
170222,Lightning Charging Cable,1,3/13/2019 16:37
170223,AA Batteries (4-pack),1,3/11/2019 12:19
170224,Apple Airpods Headphones,1,3/7/2019 19:12
170225,AA Batteries (4-pack),2,3/14/2019 10:11
170226,USB-C Charging Cable,1,3/8/2019 23:41
170227,AA Batteries (4-pack),1,3/19/2019 19:32
170228,Apple Airpods Headphones,1,3/13/2019 22:12
170229,AAA Batteries (4-pack),2,3/23/2019 21:47
170230,Flatscreen TV,1,3/27/2019 13:19
170231,AAA Batteries (4-pack),1,3/23/2019 13:17
170232,Vareebadd Phone,1,3/30/2019 11:47
170233,USB-C Charging Cable,1,3/12/2019 23:45
170234,Bose SoundSport Headphones,1,3/2/2019 18:01
170235,27in FHD Monitor,1,3/9/2019 19:53
170236,USB-C Charging Cable,1,3/6/2019 12:44
170237,27in 4K Gaming Monitor,1,3/31/2019 10:09
170238,Apple Airpods Headphones,1,3/15/2019 21:23
170239,AA Batteries (4-pack),1,3/30/2019 23:37
170240,Wired Headphones,1,3/19/2019 10:33
170241,iPhone,1,3/12/2019 17:32
170241,Lightning Charging Cable,1,3/12/2019 17:32
170241,Wired Headphones,1,3/12/2019 17:32
170242,Apple Airpods Headphones,1,3/25/2019 18:48
170243,Lightning Charging Cable,1,3/15/2019 1:24
170244,Wired Headphones,1,3/5/2019 5:03
170245,USB-C Charging Cable,1,3/15/2019 8:53
170246,USB-C Charging Cable,1,3/3/2019 20:04
170247,Google Phone,1,3/14/2019 19:30
170247,USB-C Charging Cable,1,3/14/2019 19:30
170248,Wired Headphones,2,3/28/2019 10:59
170249,Bose SoundSport Headphones,1,3/16/2019 10:28
170250,AA Batteries (4-pack),1,3/21/2019 20:17
170251,Bose SoundSport Headphones,1,3/4/2019 15:21
170252,USB-C Charging Cable,1,3/10/2019 8:39
170253,USB-C Charging Cable,1,3/8/2019 18:59
170254,27in FHD Monitor,1,3/8/2019 11:00
170255,iPhone,1,3/23/2019 23:47
170256,USB-C Charging Cable,1,3/30/2019 10:08
170257,AA Batteries (4-pack),1,3/30/2019 22:20
170258,Google Phone,1,3/7/2019 12:46
170259,Vareebadd Phone,1,3/6/2019 8:57
170260,Macbook Pro Laptop,1,3/2/2019 7:16
170261,Lightning Charging Cable,1,3/12/2019 12:40
170262,Bose SoundSport Headphones,1,3/7/2019 16:05
170263,AAA Batteries (4-pack),1,3/11/2019 14:47
170264,AA Batteries (4-pack),3,3/3/2019 15:31
170265,USB-C Charging Cable,1,3/31/2019 9:45
170266,AA Batteries (4-pack),1,3/16/2019 19:29
170267,USB-C Charging Cable,1,3/8/2019 9:51
170268,27in 4K Gaming Monitor,1,3/2/2019 13:10
170269,Apple Airpods Headphones,1,3/6/2019 20:44
170270,Google Phone,1,3/19/2019 7:21
170271,iPhone,1,3/16/2019 9:55
170272,ThinkPad Laptop,1,3/3/2019 11:19
170273,Wired Headphones,2,3/7/2019 16:33
170274,AAA Batteries (4-pack),3,3/1/2019 16:48
170275,Wired Headphones,1,3/13/2019 13:58
170276,AAA Batteries (4-pack),1,3/17/2019 14:37
170277,Apple Airpods Headphones,1,3/28/2019 13:38
170278,iPhone,1,3/8/2019 22:36
170278,Lightning Charging Cable,1,3/8/2019 22:36
170279,AA Batteries (4-pack),1,3/26/2019 22:57
170280,Lightning Charging Cable,1,3/14/2019 20:32
170281,AAA Batteries (4-pack),1,3/21/2019 19:16
170282,Bose SoundSport Headphones,1,3/30/2019 22:49
170283,27in 4K Gaming Monitor,1,3/9/2019 18:53
170284,27in FHD Monitor,1,3/8/2019 21:55
170285,Bose SoundSport Headphones,1,3/13/2019 16:32
170286,AAA Batteries (4-pack),1,3/11/2019 15:17
170287,iPhone,2,3/30/2019 14:33
170288,Lightning Charging Cable,1,3/25/2019 22:50
170289,AA Batteries (4-pack),1,3/6/2019 19:11
170290,Bose SoundSport Headphones,1,3/13/2019 16:05
170291,Apple Airpods Headphones,1,3/30/2019 19:43
170292,Bose SoundSport Headphones,2,3/30/2019 13:28
170293,Macbook Pro Laptop,1,3/15/2019 0:08
170294,Apple Airpods Headphones,1,3/6/2019 18:20
170295,Wired Headphones,1,3/9/2019 8:35
170296,ThinkPad Laptop,1,3/2/2019 8:41
170297,AA Batteries (4-pack),1,3/16/2019 17:30
170298,27in 4K Gaming Monitor,1,3/27/2019 9:20
170299,AA Batteries (4-pack),1,3/23/2019 8:59
170300,Apple Airpods Headphones,1,3/18/2019 15:54
170301,AAA Batteries (4-pack),1,3/20/2019 14:16
170302,AA Batteries (4-pack),1,3/1/2019 16:31
170303,Wired Headphones,1,3/30/2019 19:53
170304,Bose SoundSport Headphones,1,3/5/2019 17:57
170305,USB-C Charging Cable,2,3/2/2019 10:07
170306,Apple Airpods Headphones,1,3/9/2019 12:33
170307,iPhone,1,3/5/2019 20:22
170308,Wired Headphones,2,3/30/2019 8:53
170309,27in FHD Monitor,1,3/11/2019 15:34
170310,Lightning Charging Cable,1,3/26/2019 18:03
170311,AA Batteries (4-pack),1,3/24/2019 8:03
170312,Apple Airpods Headphones,1,3/24/2019 14:51
170313,AAA Batteries (4-pack),1,3/31/2019 20:42
170314,34in Ultrawide Monitor,1,3/28/2019 20:59
170315,Lightning Charging Cable,1,3/28/2019 14:29
170316,AA Batteries (4-pack),1,3/25/2019 17:15
170317,Lightning Charging Cable,1,3/20/2019 9:47
170318,Apple Airpods Headphones,1,3/11/2019 15:47
170319,USB-C Charging Cable,1,3/30/2019 13:13
170319,Google Phone,1,3/30/2019 13:13
170320,Lightning Charging Cable,1,3/2/2019 17:39
170321,Macbook Pro Laptop,1,3/23/2019 10:17
170322,Bose SoundSport Headphones,1,3/5/2019 19:57
170323,Bose SoundSport Headphones,1,3/4/2019 11:41
170324,iPhone,1,3/1/2019 19:53
170325,Lightning Charging Cable,1,3/9/2019 20:27
170326,USB-C Charging Cable,1,3/24/2019 23:38
170327,34in Ultrawide Monitor,1,3/8/2019 17:08
170328,27in FHD Monitor,1,3/1/2019 16:26
170329,AAA Batteries (4-pack),1,3/2/2019 9:08
170330,27in FHD Monitor,1,3/17/2019 6:06
170331,Lightning Charging Cable,1,3/27/2019 21:09
170332,Bose SoundSport Headphones,1,3/23/2019 14:13
170333,27in FHD Monitor,1,3/19/2019 10:39
170334,Bose SoundSport Headphones,1,3/20/2019 12:58
170335,AA Batteries (4-pack),1,3/12/2019 12:16
170336,Macbook Pro Laptop,1,3/8/2019 9:06
170337,USB-C Charging Cable,1,3/18/2019 16:35
170338,Lightning Charging Cable,1,3/2/2019 4:46
170339,Apple Airpods Headphones,1,3/21/2019 23:56
170340,27in 4K Gaming Monitor,1,3/9/2019 6:32
170341,Wired Headphones,2,3/25/2019 21:35
170342,Apple Airpods Headphones,1,3/30/2019 11:43
170343,LG Dryer,1,3/16/2019 9:43
170344,ThinkPad Laptop,1,3/16/2019 14:30
170345,Bose SoundSport Headphones,1,3/25/2019 9:54
170346,Bose SoundSport Headphones,1,3/16/2019 16:26
170347,Lightning Charging Cable,1,3/21/2019 0:16
170348,USB-C Charging Cable,1,3/29/2019 11:44
170349,LG Washing Machine,1,3/30/2019 12:29
170350,USB-C Charging Cable,1,3/2/2019 15:53
170351,AA Batteries (4-pack),1,3/19/2019 9:40
170352,34in Ultrawide Monitor,1,3/31/2019 22:07
170353,Flatscreen TV,1,3/30/2019 17:39
170354,Macbook Pro Laptop,1,3/30/2019 17:31
170355,iPhone,1,3/6/2019 19:44
170356,34in Ultrawide Monitor,1,3/27/2019 19:37
170357,Bose SoundSport Headphones,1,3/29/2019 17:47
170358,AA Batteries (4-pack),1,3/26/2019 14:49
170359,iPhone,1,3/26/2019 19:34
170360,USB-C Charging Cable,1,3/11/2019 8:40
170361,Flatscreen TV,1,3/15/2019 12:29
170361,Lightning Charging Cable,1,3/15/2019 12:29
170362,Wired Headphones,1,3/19/2019 12:57
170363,USB-C Charging Cable,1,3/3/2019 0:19
170364,27in FHD Monitor,1,3/9/2019 19:34
170365,AA Batteries (4-pack),1,3/8/2019 11:38
170366,Lightning Charging Cable,1,3/25/2019 11:08
170367,Bose SoundSport Headphones,1,3/29/2019 11:31
170368,USB-C Charging Cable,1,3/15/2019 21:49
170369,Lightning Charging Cable,1,3/10/2019 20:40
170370,AAA Batteries (4-pack),1,3/30/2019 12:33
170371,Bose SoundSport Headphones,1,3/14/2019 15:47
170372,Macbook Pro Laptop,1,3/14/2019 13:36
170373,AAA Batteries (4-pack),1,3/23/2019 19:27
170374,Google Phone,1,3/4/2019 5:59
170375,Wired Headphones,1,3/7/2019 11:30
170376,Apple Airpods Headphones,1,3/20/2019 7:53
170377,AA Batteries (4-pack),1,3/10/2019 20:36
170378,Lightning Charging Cable,1,3/9/2019 22:26
170379,Bose SoundSport Headphones,1,3/19/2019 12:41
170380,iPhone,1,3/3/2019 10:14
170381,Wired Headphones,1,3/22/2019 10:36
170382,20in Monitor,1,3/20/2019 21:32
170383,Wired Headphones,1,3/19/2019 19:03
170384,Wired Headphones,1,3/2/2019 22:18
170385,Wired Headphones,1,3/24/2019 10:18
170386,Macbook Pro Laptop,1,3/3/2019 12:17
170387,AAA Batteries (4-pack),1,3/19/2019 9:39
170388,AA Batteries (4-pack),1,3/6/2019 12:08
170389,Wired Headphones,1,3/5/2019 8:27
170390,Bose SoundSport Headphones,1,3/5/2019 11:18
170391,AA Batteries (4-pack),1,3/22/2019 8:07
170392,iPhone,1,3/26/2019 11:57
170393,AAA Batteries (4-pack),1,3/7/2019 13:11
170394,27in FHD Monitor,1,3/16/2019 11:22
170395,Bose SoundSport Headphones,1,3/5/2019 21:35
170396,AA Batteries (4-pack),1,3/23/2019 15:54
170397,AAA Batteries (4-pack),1,3/27/2019 19:38
170398,USB-C Charging Cable,3,3/6/2019 8:24
170399,Apple Airpods Headphones,1,3/16/2019 16:59
170400,AAA Batteries (4-pack),2,3/21/2019 14:21
170401,USB-C Charging Cable,1,3/18/2019 16:14
170402,AA Batteries (4-pack),1,3/22/2019 20:55
170403,27in 4K Gaming Monitor,1,3/12/2019 19:25
170404,27in 4K Gaming Monitor,1,3/28/2019 1:53
170405,Flatscreen TV,1,3/9/2019 14:15
170406,Apple Airpods Headphones,1,3/13/2019 8:10
170407,USB-C Charging Cable,1,3/14/2019 12:39
170408,Wired Headphones,1,3/17/2019 8:14
170409,Wired Headphones,2,3/20/2019 13:26
170410,AAA Batteries (4-pack),1,3/27/2019 14:32
170411,Wired Headphones,1,3/1/2019 4:23
170412,ThinkPad Laptop,1,3/4/2019 13:15
170413,34in Ultrawide Monitor,1,3/21/2019 0:23
170414,Lightning Charging Cable,1,3/5/2019 12:50
170415,USB-C Charging Cable,1,3/8/2019 13:34
170416,Lightning Charging Cable,1,3/27/2019 14:42
170417,Lightning Charging Cable,1,3/9/2019 12:38
170418,Lightning Charging Cable,1,3/28/2019 21:50
170419,ThinkPad Laptop,1,3/17/2019 22:05
170420,AA Batteries (4-pack),2,3/8/2019 23:29
170421,USB-C Charging Cable,1,3/1/2019 15:25
170422,AA Batteries (4-pack),1,3/10/2019 15:47
170423,Bose SoundSport Headphones,1,3/1/2019 9:10
170424,USB-C Charging Cable,1,3/17/2019 21:05
170425,AA Batteries (4-pack),1,3/4/2019 14:29
170426,Lightning Charging Cable,1,3/7/2019 22:01
170427,27in 4K Gaming Monitor,1,3/7/2019 18:58
170428,Bose SoundSport Headphones,1,3/31/2019 23:26
170429,Lightning Charging Cable,2,3/30/2019 16:29
170430,Flatscreen TV,1,3/6/2019 17:49
170431,AA Batteries (4-pack),1,3/12/2019 6:41
170432,Bose SoundSport Headphones,1,3/6/2019 9:46
170432,20in Monitor,1,3/6/2019 9:46
170433,USB-C Charging Cable,1,3/11/2019 13:36
170434,AAA Batteries (4-pack),1,3/22/2019 18:48
170435,Bose SoundSport Headphones,1,3/10/2019 13:37
170436,AA Batteries (4-pack),1,3/25/2019 23:59
170437,34in Ultrawide Monitor,1,3/6/2019 21:13
170438,Lightning Charging Cable,2,3/7/2019 15:43
170439,Wired Headphones,1,3/12/2019 10:30
170440,AA Batteries (4-pack),2,3/29/2019 17:05
170441,Apple Airpods Headphones,1,3/9/2019 13:22
170442,Lightning Charging Cable,1,3/18/2019 20:26
170443,Lightning Charging Cable,1,3/25/2019 11:30
170444,Apple Airpods Headphones,1,3/6/2019 0:21
170445,Apple Airpods Headphones,1,3/23/2019 15:50
170446,USB-C Charging Cable,1,3/13/2019 22:03
170447,AAA Batteries (4-pack),2,3/21/2019 20:48
170448,USB-C Charging Cable,1,3/20/2019 17:45
170449,Lightning Charging Cable,1,3/12/2019 21:24
170450,Wired Headphones,1,3/31/2019 23:24
170451,Apple Airpods Headphones,1,3/6/2019 10:16
170452,Apple Airpods Headphones,1,3/25/2019 13:59
170453,Lightning Charging Cable,1,3/28/2019 19:41
170454,AA Batteries (4-pack),1,3/16/2019 14:29
170455,LG Dryer,1,3/14/2019 6:12
170456,34in Ultrawide Monitor,1,3/3/2019 22:27
170457,AA Batteries (4-pack),1,3/28/2019 9:33
170458,AAA Batteries (4-pack),1,3/30/2019 13:29
170459,27in FHD Monitor,1,3/8/2019 12:43
170460,AAA Batteries (4-pack),1,3/19/2019 12:36
170461,AA Batteries (4-pack),1,3/22/2019 12:46
170462,iPhone,1,3/6/2019 16:10
170463,Wired Headphones,1,3/24/2019 15:08
170464,iPhone,1,3/19/2019 15:52
170465,AAA Batteries (4-pack),4,3/13/2019 17:43
170466,27in 4K Gaming Monitor,1,3/3/2019 16:37
170467,Bose SoundSport Headphones,1,3/10/2019 17:04
170468,34in Ultrawide Monitor,1,3/11/2019 17:23
170469,20in Monitor,1,3/6/2019 13:33
170470,Lightning Charging Cable,1,3/25/2019 17:46
170471,Wired Headphones,1,3/23/2019 20:52
170472,USB-C Charging Cable,1,3/19/2019 1:49
170473,Wired Headphones,1,3/23/2019 20:52
170474,Apple Airpods Headphones,1,3/29/2019 20:21
170475,Lightning Charging Cable,1,3/22/2019 11:02
170476,Wired Headphones,2,3/2/2019 15:03
170477,Lightning Charging Cable,1,3/6/2019 22:35
170478,AAA Batteries (4-pack),3,3/10/2019 8:35
170479,Wired Headphones,1,3/11/2019 21:39
170480,Apple Airpods Headphones,1,3/1/2019 11:45
170481,AAA Batteries (4-pack),2,3/21/2019 14:12
170482,Wired Headphones,1,3/7/2019 10:44
170483,Wired Headphones,1,3/10/2019 9:49
170484,Apple Airpods Headphones,1,3/9/2019 13:38
170485,20in Monitor,1,3/21/2019 2:49
170486,Flatscreen TV,1,3/30/2019 21:56
170487,27in FHD Monitor,1,3/13/2019 15:14
170488,Apple Airpods Headphones,1,3/17/2019 17:56
170489,USB-C Charging Cable,1,3/17/2019 13:09
170490,AA Batteries (4-pack),1,3/13/2019 3:51
170491,Flatscreen TV,1,3/24/2019 16:23
170492,AA Batteries (4-pack),1,3/21/2019 6:59
170493,Bose SoundSport Headphones,1,3/13/2019 11:19
170494,Apple Airpods Headphones,1,3/10/2019 11:11
170495,AAA Batteries (4-pack),4,3/20/2019 18:29
170496,Wired Headphones,1,3/11/2019 13:09
170497,Wired Headphones,1,3/29/2019 5:48
170498,AAA Batteries (4-pack),1,3/6/2019 6:25
170499,Bose SoundSport Headphones,1,3/10/2019 21:20
170500,Wired Headphones,1,3/31/2019 21:35
170501,AAA Batteries (4-pack),1,3/17/2019 21:56
170502,AAA Batteries (4-pack),1,3/2/2019 18:54
170503,USB-C Charging Cable,1,3/13/2019 18:05
170504,27in FHD Monitor,1,3/28/2019 22:01
170505,iPhone,1,3/16/2019 16:36
170505,Lightning Charging Cable,1,3/16/2019 16:36
170506,Lightning Charging Cable,1,3/16/2019 23:02
170507,Bose SoundSport Headphones,1,3/24/2019 11:06
170508,Lightning Charging Cable,1,3/24/2019 10:28
170508,Bose SoundSport Headphones,1,3/24/2019 10:28
170509,Google Phone,1,3/23/2019 16:46
170510,USB-C Charging Cable,1,3/28/2019 14:06
170511,Flatscreen TV,1,3/18/2019 15:56
170512,34in Ultrawide Monitor,1,3/9/2019 13:13
170513,Lightning Charging Cable,1,3/17/2019 22:29
170514,Bose SoundSport Headphones,1,3/25/2019 19:04
170515,AA Batteries (4-pack),1,3/18/2019 19:19
170516,27in 4K Gaming Monitor,1,3/24/2019 12:59
170517,Lightning Charging Cable,1,3/9/2019 12:40
170518,USB-C Charging Cable,1,3/4/2019 19:13
170519,34in Ultrawide Monitor,1,3/3/2019 11:45
170520,USB-C Charging Cable,1,3/28/2019 16:30
170521,USB-C Charging Cable,1,3/12/2019 10:17
170522,Wired Headphones,1,3/16/2019 21:27
170523,iPhone,1,3/7/2019 14:51
170524,AA Batteries (4-pack),1,3/11/2019 18:28
170525,Apple Airpods Headphones,1,3/15/2019 13:31
170526,Lightning Charging Cable,1,3/10/2019 20:25
170527,AAA Batteries (4-pack),1,3/18/2019 13:26
170528,iPhone,1,3/29/2019 16:54
170529,34in Ultrawide Monitor,1,3/25/2019 14:46
170530,Lightning Charging Cable,1,3/13/2019 12:06
170531,ThinkPad Laptop,1,3/18/2019 13:36
170532,Bose SoundSport Headphones,1,3/25/2019 18:09
170533,Bose SoundSport Headphones,1,3/16/2019 14:23
170534,AA Batteries (4-pack),2,3/4/2019 22:20
170534,Flatscreen TV,1,3/4/2019 22:20
170535,Lightning Charging Cable,1,3/17/2019 13:48
170536,USB-C Charging Cable,1,3/25/2019 22:00
170537,Apple Airpods Headphones,1,3/11/2019 19:57
170538,Apple Airpods Headphones,1,3/13/2019 19:09
170539,USB-C Charging Cable,1,3/7/2019 7:35
170540,AAA Batteries (4-pack),1,3/19/2019 18:04
170541,27in FHD Monitor,1,3/15/2019 15:54
170542,Bose SoundSport Headphones,1,3/23/2019 20:19
170543,AA Batteries (4-pack),1,3/6/2019 18:32
170544,34in Ultrawide Monitor,1,3/5/2019 16:25
170545,Lightning Charging Cable,1,3/26/2019 13:23
170546,AAA Batteries (4-pack),2,3/25/2019 14:52
170547,Wired Headphones,1,3/7/2019 12:52
170548,AAA Batteries (4-pack),1,3/3/2019 15:02
170549,AA Batteries (4-pack),1,3/15/2019 21:31
170550,Apple Airpods Headphones,1,3/31/2019 1:19
170551,Google Phone,1,3/27/2019 18:53
170552,USB-C Charging Cable,1,3/12/2019 8:52
170553,AA Batteries (4-pack),1,3/6/2019 19:15
170554,AA Batteries (4-pack),1,3/4/2019 12:19
170555,Apple Airpods Headphones,1,3/15/2019 9:39
170556,Bose SoundSport Headphones,1,3/20/2019 18:34
170557,AA Batteries (4-pack),2,3/3/2019 10:46
170558,AAA Batteries (4-pack),1,3/22/2019 16:03
170559,Flatscreen TV,1,3/10/2019 0:29
170560,AA Batteries (4-pack),1,3/27/2019 10:53
170561,Apple Airpods Headphones,1,3/30/2019 19:02
170562,AA Batteries (4-pack),1,3/20/2019 10:34
170563,Google Phone,1,3/28/2019 20:06
170564,Flatscreen TV,1,3/2/2019 14:48
170565,27in FHD Monitor,1,3/9/2019 18:38
170566,Macbook Pro Laptop,1,3/25/2019 20:09
170567,Macbook Pro Laptop,1,3/9/2019 15:13
170568,USB-C Charging Cable,1,3/31/2019 17:14
170569,USB-C Charging Cable,1,3/23/2019 10:52
170570,AA Batteries (4-pack),2,3/1/2019 10:24
170571,Apple Airpods Headphones,1,3/1/2019 13:20
170572,27in FHD Monitor,1,3/5/2019 21:23
170573,USB-C Charging Cable,1,3/18/2019 19:10
170574,34in Ultrawide Monitor,1,3/23/2019 9:05
170575,AAA Batteries (4-pack),1,3/9/2019 10:28
170576,AAA Batteries (4-pack),1,3/15/2019 14:21
170577,Wired Headphones,1,3/10/2019 11:03
170578,Apple Airpods Headphones,1,3/11/2019 13:25
170579,20in Monitor,1,3/23/2019 7:10
170580,AAA Batteries (4-pack),1,3/11/2019 12:08
170581,34in Ultrawide Monitor,1,3/25/2019 22:07
170582,Bose SoundSport Headphones,1,3/8/2019 18:20
170583,AA Batteries (4-pack),1,3/1/2019 12:19
170584,Google Phone,1,3/8/2019 12:03
170585,Wired Headphones,2,3/31/2019 12:02
170586,ThinkPad Laptop,1,3/11/2019 10:35
170587,34in Ultrawide Monitor,1,3/18/2019 12:39
170588,Apple Airpods Headphones,1,3/11/2019 19:51
170589,iPhone,1,3/25/2019 13:16
170589,Lightning Charging Cable,1,3/25/2019 13:16
170590,iPhone,1,3/14/2019 7:16
170591,Lightning Charging Cable,1,3/15/2019 8:40
170592,USB-C Charging Cable,1,3/22/2019 22:44
170593,Wired Headphones,1,3/28/2019 8:24
170594,Vareebadd Phone,1,3/23/2019 7:10
170595,Vareebadd Phone,1,3/31/2019 18:06
170596,27in FHD Monitor,1,3/6/2019 21:11
170597,AAA Batteries (4-pack),2,3/8/2019 14:46
170598,Lightning Charging Cable,1,3/23/2019 11:52
170599,USB-C Charging Cable,1,3/10/2019 21:32
170600,AAA Batteries (4-pack),1,3/9/2019 7:51
170601,27in FHD Monitor,1,3/18/2019 11:29
170602,AAA Batteries (4-pack),2,3/9/2019 1:54
170603,AAA Batteries (4-pack),1,3/11/2019 21:20
170604,Macbook Pro Laptop,1,3/5/2019 19:59
170605,AAA Batteries (4-pack),2,3/5/2019 9:46
170606,Google Phone,1,3/27/2019 23:37
170607,Vareebadd Phone,1,3/24/2019 10:09
170607,USB-C Charging Cable,1,3/24/2019 10:09
170608,Lightning Charging Cable,1,3/27/2019 6:07
170609,AAA Batteries (4-pack),1,3/3/2019 22:37
170610,Wired Headphones,1,3/5/2019 19:36
170611,Bose SoundSport Headphones,1,3/30/2019 21:33
170612,27in 4K Gaming Monitor,1,3/13/2019 23:08
170613,AA Batteries (4-pack),1,3/19/2019 18:33
170614,Lightning Charging Cable,1,3/18/2019 18:45
170615,Lightning Charging Cable,1,3/5/2019 12:51
170616,Bose SoundSport Headphones,1,3/6/2019 14:04
170617,USB-C Charging Cable,1,3/30/2019 7:28
170618,iPhone,1,3/18/2019 13:34
170619,AA Batteries (4-pack),1,3/14/2019 10:59
170620,USB-C Charging Cable,1,3/26/2019 12:31
170621,Flatscreen TV,1,3/20/2019 12:20
170622,Apple Airpods Headphones,1,3/23/2019 13:11
170623,Lightning Charging Cable,1,3/18/2019 14:13
170623,Apple Airpods Headphones,1,3/18/2019 14:13
170624,AAA Batteries (4-pack),3,3/29/2019 13:38
170625,Lightning Charging Cable,1,3/15/2019 15:25
170626,AAA Batteries (4-pack),1,3/29/2019 12:42
170627,27in 4K Gaming Monitor,1,3/7/2019 23:01
170628,Wired Headphones,1,3/20/2019 15:41
170629,USB-C Charging Cable,1,3/27/2019 11:59
170630,Lightning Charging Cable,1,3/31/2019 15:18
170631,AAA Batteries (4-pack),1,3/31/2019 23:35
170632,Wired Headphones,1,3/18/2019 0:42
170633,AAA Batteries (4-pack),2,3/4/2019 18:46
170634,Wired Headphones,1,3/9/2019 12:40
170635,USB-C Charging Cable,1,3/12/2019 20:41
170636,Apple Airpods Headphones,1,3/26/2019 15:19
170637,AAA Batteries (4-pack),1,3/24/2019 13:11
170638,Wired Headphones,1,3/14/2019 13:49
170639,Bose SoundSport Headphones,1,3/19/2019 12:29
170640,20in Monitor,1,3/23/2019 16:05
170641,34in Ultrawide Monitor,1,3/28/2019 1:30
170642,34in Ultrawide Monitor,1,3/20/2019 19:48
170643,AAA Batteries (4-pack),1,3/14/2019 9:55
170644,AAA Batteries (4-pack),2,3/6/2019 15:42
170645,27in 4K Gaming Monitor,1,3/29/2019 17:57
170646,20in Monitor,1,3/29/2019 21:23
170647,AAA Batteries (4-pack),1,3/7/2019 6:29
170647,Lightning Charging Cable,1,3/7/2019 6:29
170648,20in Monitor,1,3/21/2019 22:37
170649,AAA Batteries (4-pack),1,3/11/2019 20:37
170650,USB-C Charging Cable,1,3/12/2019 11:52
170651,Wired Headphones,1,3/14/2019 15:12
170652,Wired Headphones,1,3/14/2019 10:55
170653,Bose SoundSport Headphones,1,3/24/2019 14:38
170654,Lightning Charging Cable,1,3/31/2019 10:23
170655,27in FHD Monitor,1,3/6/2019 10:53
170656,Apple Airpods Headphones,1,3/10/2019 0:20
170657,Lightning Charging Cable,1,3/20/2019 18:47
170658,AA Batteries (4-pack),3,3/3/2019 22:38
170659,Wired Headphones,1,3/26/2019 20:02
170660,Flatscreen TV,1,3/3/2019 22:49
170661,Lightning Charging Cable,1,3/19/2019 13:45
170662,Apple Airpods Headphones,1,3/28/2019 18:55
170663,USB-C Charging Cable,1,3/14/2019 19:59
170664,Macbook Pro Laptop,1,3/24/2019 16:59
170665,AA Batteries (4-pack),1,3/2/2019 18:39
170666,Lightning Charging Cable,1,3/16/2019 0:31
170667,AA Batteries (4-pack),1,3/6/2019 13:05
170668,Apple Airpods Headphones,1,3/14/2019 14:32
170669,Bose SoundSport Headphones,1,3/28/2019 14:53
170670,USB-C Charging Cable,1,3/18/2019 9:21
170671,Lightning Charging Cable,1,3/28/2019 17:04
170672,USB-C Charging Cable,1,3/5/2019 9:32
170673,AAA Batteries (4-pack),1,3/10/2019 22:43
170674,USB-C Charging Cable,1,3/12/2019 16:01
170675,Macbook Pro Laptop,1,3/31/2019 15:44
170676,Lightning Charging Cable,1,3/7/2019 17:29
170677,AAA Batteries (4-pack),1,3/28/2019 13:32
170678,Lightning Charging Cable,1,3/19/2019 20:14
170679,Apple Airpods Headphones,1,3/22/2019 12:26
170680,Google Phone,1,3/14/2019 16:38
170681,Macbook Pro Laptop,1,3/20/2019 11:57
170682,AA Batteries (4-pack),1,3/30/2019 11:27
170683,Lightning Charging Cable,1,3/22/2019 23:39
170684,Apple Airpods Headphones,1,3/1/2019 19:51
170685,Wired Headphones,1,3/13/2019 16:39
170686,Macbook Pro Laptop,1,3/9/2019 8:09
170687,iPhone,1,3/21/2019 23:11
170688,Lightning Charging Cable,1,3/28/2019 15:41
170689,Lightning Charging Cable,1,3/22/2019 18:03
170690,34in Ultrawide Monitor,1,3/16/2019 20:39
170691,AA Batteries (4-pack),1,3/10/2019 16:59
170692,Apple Airpods Headphones,1,3/4/2019 23:57
170693,34in Ultrawide Monitor,1,3/16/2019 10:41
170694,Wired Headphones,1,3/21/2019 18:02
170695,Apple Airpods Headphones,1,3/8/2019 11:46
170696,Lightning Charging Cable,1,3/20/2019 12:58
170697,AA Batteries (4-pack),1,3/26/2019 5:35
170698,Apple Airpods Headphones,1,3/13/2019 10:51
170699,20in Monitor,1,3/25/2019 12:17
170700,Bose SoundSport Headphones,1,3/24/2019 18:52
170701,Wired Headphones,1,3/28/2019 20:11
170702,iPhone,1,3/2/2019 12:16
170703,Flatscreen TV,1,3/27/2019 17:51
170704,27in 4K Gaming Monitor,1,3/26/2019 12:49
170705,34in Ultrawide Monitor,1,3/22/2019 21:53
170706,27in FHD Monitor,1,3/21/2019 19:12
170707,AAA Batteries (4-pack),1,3/28/2019 19:12
170707,USB-C Charging Cable,1,3/28/2019 19:12
170708,USB-C Charging Cable,1,3/25/2019 0:43
170709,USB-C Charging Cable,1,3/22/2019 11:08
170710,Flatscreen TV,1,3/27/2019 13:05
170711,AAA Batteries (4-pack),1,3/11/2019 12:50
170712,AAA Batteries (4-pack),4,3/6/2019 19:18
170713,AAA Batteries (4-pack),3,3/30/2019 11:22
170714,AA Batteries (4-pack),2,3/5/2019 11:17
170715,AAA Batteries (4-pack),1,3/9/2019 18:29
170716,ThinkPad Laptop,1,3/20/2019 13:11
170717,AA Batteries (4-pack),1,3/15/2019 14:59
170718,34in Ultrawide Monitor,1,3/4/2019 18:56
170719,ThinkPad Laptop,1,3/7/2019 12:03
170720,Lightning Charging Cable,1,3/11/2019 13:40
170721,Apple Airpods Headphones,1,3/5/2019 20:28
170721,Wired Headphones,1,3/5/2019 20:28
170722,AA Batteries (4-pack),1,3/16/2019 21:22
170723,Wired Headphones,1,3/21/2019 13:20
170724,Apple Airpods Headphones,1,3/14/2019 18:39
170725,USB-C Charging Cable,1,3/24/2019 16:23
170726,AAA Batteries (4-pack),4,3/2/2019 12:02
170727,Lightning Charging Cable,1,3/23/2019 12:25
170728,Lightning Charging Cable,1,3/15/2019 15:09
170729,ThinkPad Laptop,1,3/10/2019 13:23
170730,AA Batteries (4-pack),1,3/17/2019 18:09
170731,AAA Batteries (4-pack),1,3/7/2019 13:23
170732,Lightning Charging Cable,1,3/25/2019 17:22
170733,Apple Airpods Headphones,1,3/24/2019 16:05
170734,AA Batteries (4-pack),1,3/14/2019 23:16
170735,USB-C Charging Cable,1,3/27/2019 0:12
170736,Vareebadd Phone,1,3/13/2019 9:14
170737,Wired Headphones,1,3/23/2019 13:48
170738,20in Monitor,1,3/9/2019 18:35
170739,USB-C Charging Cable,1,3/15/2019 20:16
170740,AA Batteries (4-pack),1,3/26/2019 1:13
170741,Flatscreen TV,1,3/22/2019 23:59
170742,AAA Batteries (4-pack),1,3/26/2019 18:14
170742,Apple Airpods Headphones,1,3/26/2019 18:14
170743,iPhone,1,3/2/2019 9:49
170744,27in 4K Gaming Monitor,1,3/7/2019 2:52
170745,Wired Headphones,1,3/29/2019 15:28
170746,Vareebadd Phone,1,3/5/2019 19:30
170746,USB-C Charging Cable,1,3/5/2019 19:30
170747,Bose SoundSport Headphones,1,3/8/2019 20:26
170748,USB-C Charging Cable,2,3/2/2019 21:17
170749,AAA Batteries (4-pack),2,3/22/2019 13:58
170749,USB-C Charging Cable,1,3/22/2019 13:58
170750,Wired Headphones,1,3/23/2019 14:59
170751,Flatscreen TV,1,3/25/2019 11:04
170752,Bose SoundSport Headphones,1,3/23/2019 13:23
170753,27in 4K Gaming Monitor,1,3/18/2019 11:28
170754,27in FHD Monitor,1,3/6/2019 10:06
170755,Lightning Charging Cable,1,3/11/2019 15:04
170756,USB-C Charging Cable,1,3/13/2019 20:30
170757,USB-C Charging Cable,1,3/27/2019 20:07
170758,AAA Batteries (4-pack),4,3/25/2019 21:10
170759,AAA Batteries (4-pack),1,3/3/2019 22:06
170760,Lightning Charging Cable,1,3/19/2019 15:52
170761,USB-C Charging Cable,1,3/8/2019 20:32
170762,ThinkPad Laptop,1,3/21/2019 13:37
170763,AAA Batteries (4-pack),1,3/28/2019 18:30
170764,Lightning Charging Cable,1,3/17/2019 20:14
170765,Apple Airpods Headphones,1,3/6/2019 17:46
170765,AAA Batteries (4-pack),1,3/6/2019 17:46
170766,Lightning Charging Cable,1,3/12/2019 8:31
170767,AA Batteries (4-pack),1,3/7/2019 18:01
170768,AA Batteries (4-pack),1,3/6/2019 9:17
170769,Wired Headphones,1,3/7/2019 2:09
170770,Lightning Charging Cable,2,3/21/2019 8:15
170771,iPhone,1,3/23/2019 7:03
170771,Lightning Charging Cable,1,3/23/2019 7:03
170772,AAA Batteries (4-pack),1,3/14/2019 13:51
170773,27in 4K Gaming Monitor,1,3/5/2019 21:26
170774,Apple Airpods Headphones,1,3/28/2019 23:37
170775,27in FHD Monitor,1,3/20/2019 20:53
170776,USB-C Charging Cable,1,3/1/2019 9:58
170777,Apple Airpods Headphones,1,3/24/2019 15:07
170778,Bose SoundSport Headphones,1,3/22/2019 15:26
170779,Wired Headphones,1,3/22/2019 20:13
170780,Bose SoundSport Headphones,1,3/27/2019 21:16
170781,Lightning Charging Cable,1,3/19/2019 21:56
170781,AA Batteries (4-pack),2,3/19/2019 21:56
170782,ThinkPad Laptop,1,3/1/2019 15:50
170783,20in Monitor,1,3/20/2019 10:08
170784,AA Batteries (4-pack),2,3/15/2019 12:01
170785,Lightning Charging Cable,1,3/6/2019 12:46
170786,27in FHD Monitor,1,3/2/2019 18:24
170786,34in Ultrawide Monitor,1,3/2/2019 18:24
170787,Google Phone,1,3/7/2019 10:16
170788,Bose SoundSport Headphones,1,3/31/2019 7:39
170789,Wired Headphones,1,3/6/2019 13:32
170790,USB-C Charging Cable,1,3/13/2019 22:08
170791,Bose SoundSport Headphones,1,3/19/2019 21:04
170792,AA Batteries (4-pack),1,3/22/2019 15:49
170793,Flatscreen TV,1,3/6/2019 18:59
170794,Bose SoundSport Headphones,1,3/9/2019 16:17
170795,AAA Batteries (4-pack),2,3/20/2019 7:31
170796,AAA Batteries (4-pack),1,3/19/2019 11:32
170797,Apple Airpods Headphones,1,3/13/2019 10:51
170798,Wired Headphones,1,3/7/2019 11:42
170799,AA Batteries (4-pack),1,3/6/2019 13:05
170800,Wired Headphones,1,3/7/2019 16:42
170801,Wired Headphones,1,3/24/2019 10:59
170802,Google Phone,1,3/23/2019 21:05
170803,27in FHD Monitor,1,3/30/2019 23:34
170804,AA Batteries (4-pack),1,3/2/2019 10:29
170805,Lightning Charging Cable,2,3/3/2019 8:18
170806,Bose SoundSport Headphones,1,3/11/2019 13:39
170807,Wired Headphones,1,3/8/2019 8:45
170808,AAA Batteries (4-pack),1,3/13/2019 20:05
170809,Lightning Charging Cable,1,3/10/2019 10:14
170810,Apple Airpods Headphones,1,3/31/2019 23:21
170811,AAA Batteries (4-pack),1,3/13/2019 21:33
170812,iPhone,1,3/6/2019 19:43
170813,Lightning Charging Cable,1,3/9/2019 11:14
170814,Apple Airpods Headphones,1,3/19/2019 17:03
170815,LG Washing Machine,1,3/23/2019 15:40
170816,AAA Batteries (4-pack),1,3/31/2019 23:17
170817,USB-C Charging Cable,2,3/10/2019 10:29
170818,Macbook Pro Laptop,1,3/13/2019 20:54
170819,USB-C Charging Cable,1,3/18/2019 14:47
170819,Google Phone,1,3/18/2019 14:47
170820,Apple Airpods Headphones,1,3/29/2019 17:48
170821,AAA Batteries (4-pack),1,3/17/2019 9:05
170822,Lightning Charging Cable,1,3/11/2019 10:55
170823,Wired Headphones,1,3/12/2019 14:19
170824,iPhone,1,3/10/2019 14:26
170825,AA Batteries (4-pack),1,3/25/2019 13:23
170826,Apple Airpods Headphones,1,3/6/2019 14:35
170827,Lightning Charging Cable,1,3/8/2019 12:17
170828,Wired Headphones,1,3/7/2019 10:33
170829,USB-C Charging Cable,1,3/20/2019 15:44
170830,Lightning Charging Cable,1,3/25/2019 18:10
170831,Apple Airpods Headphones,1,3/12/2019 13:39
170832,Lightning Charging Cable,1,3/2/2019 11:46
170833,AAA Batteries (4-pack),1,3/5/2019 13:15
170834,34in Ultrawide Monitor,1,3/26/2019 20:50
170835,USB-C Charging Cable,1,3/20/2019 22:19
170836,Macbook Pro Laptop,1,3/26/2019 14:51
170837,Bose SoundSport Headphones,1,3/3/2019 12:16
170838,Lightning Charging Cable,1,3/7/2019 23:23
170839,AAA Batteries (4-pack),1,3/29/2019 18:55
170840,27in 4K Gaming Monitor,1,3/10/2019 18:11
170841,27in FHD Monitor,1,3/8/2019 16:18
170842,Bose SoundSport Headphones,1,3/19/2019 22:07
170843,AAA Batteries (4-pack),1,3/25/2019 13:46
170844,Wired Headphones,1,3/16/2019 18:16
170845,Bose SoundSport Headphones,1,3/29/2019 16:44
170846,27in FHD Monitor,1,3/24/2019 9:22
170847,27in FHD Monitor,1,3/4/2019 19:00
170848,Apple Airpods Headphones,1,3/27/2019 12:39
170849,Lightning Charging Cable,1,3/31/2019 6:45
170850,Wired Headphones,1,3/17/2019 5:54
170851,USB-C Charging Cable,1,3/12/2019 21:46
170852,USB-C Charging Cable,1,3/26/2019 22:23
170853,USB-C Charging Cable,1,3/10/2019 0:22
170854,ThinkPad Laptop,1,3/7/2019 8:44
170855,Flatscreen TV,1,3/28/2019 15:52
170856,USB-C Charging Cable,1,3/8/2019 15:50
170857,Macbook Pro Laptop,1,3/31/2019 17:38
170858,USB-C Charging Cable,1,3/16/2019 19:16
170859,Lightning Charging Cable,1,3/11/2019 19:48
170860,AAA Batteries (4-pack),1,3/8/2019 23:42
170861,AA Batteries (4-pack),1,3/15/2019 0:25
170862,Macbook Pro Laptop,1,3/26/2019 20:58
170863,Lightning Charging Cable,1,3/25/2019 15:03
170864,AAA Batteries (4-pack),1,3/19/2019 21:26
170865,iPhone,1,3/2/2019 10:23
170866,Bose SoundSport Headphones,2,3/12/2019 19:22
170867,AA Batteries (4-pack),1,3/18/2019 20:26
170868,ThinkPad Laptop,1,3/14/2019 18:35
170869,Lightning Charging Cable,2,3/26/2019 11:22
170870,20in Monitor,1,3/10/2019 12:39
170871,USB-C Charging Cable,1,3/6/2019 17:04
170872,27in 4K Gaming Monitor,1,3/19/2019 12:45
170873,Flatscreen TV,1,3/21/2019 10:21
170874,20in Monitor,1,3/5/2019 13:45
170875,Macbook Pro Laptop,1,3/19/2019 18:46
170876,27in 4K Gaming Monitor,1,3/1/2019 21:20
170877,27in 4K Gaming Monitor,1,3/11/2019 13:29
170878,Wired Headphones,1,3/20/2019 12:07
170879,AA Batteries (4-pack),3,3/10/2019 9:09
170880,ThinkPad Laptop,1,3/7/2019 21:59
170881,Wired Headphones,1,3/28/2019 14:07
170882,USB-C Charging Cable,1,3/17/2019 21:21
170883,Google Phone,1,3/31/2019 21:10
170884,ThinkPad Laptop,1,3/28/2019 16:17
170885,ThinkPad Laptop,1,3/25/2019 8:32
170886,27in 4K Gaming Monitor,1,3/28/2019 8:07
170887,AA Batteries (4-pack),1,3/15/2019 18:43
170888,AA Batteries (4-pack),2,3/17/2019 21:32
170889,Macbook Pro Laptop,1,3/22/2019 7:28
170890,USB-C Charging Cable,1,3/2/2019 19:27
170891,ThinkPad Laptop,1,3/22/2019 1:15
170892,LG Dryer,1,3/10/2019 10:42
170893,27in FHD Monitor,1,3/6/2019 13:59
170894,ThinkPad Laptop,1,3/13/2019 12:02
170895,Apple Airpods Headphones,1,3/29/2019 20:06
170896,Lightning Charging Cable,1,3/7/2019 5:13
170897,Google Phone,1,3/17/2019 18:12
170898,27in 4K Gaming Monitor,1,3/26/2019 15:39
170899,Apple Airpods Headphones,1,3/2/2019 12:55
170900,AA Batteries (4-pack),2,3/5/2019 20:36
170901,Lightning Charging Cable,1,3/21/2019 12:02
170902,AAA Batteries (4-pack),3,3/31/2019 13:29
170903,AAA Batteries (4-pack),1,3/27/2019 18:11
170904,Google Phone,1,3/16/2019 16:48
170904,Bose SoundSport Headphones,1,3/16/2019 16:48
170905,Bose SoundSport Headphones,1,3/11/2019 2:05
170906,AAA Batteries (4-pack),1,3/22/2019 17:38
170907,Wired Headphones,1,3/7/2019 20:12
170908,Apple Airpods Headphones,1,3/19/2019 21:48
170909,20in Monitor,1,3/27/2019 12:20
170910,Apple Airpods Headphones,1,3/26/2019 11:09
170911,AA Batteries (4-pack),1,3/30/2019 21:08
170912,Wired Headphones,1,3/9/2019 10:39
170913,Bose SoundSport Headphones,1,3/18/2019 21:42
170914,AAA Batteries (4-pack),1,3/11/2019 17:48
170915,Wired Headphones,1,3/19/2019 9:01
170916,USB-C Charging Cable,1,3/13/2019 10:20
170917,ThinkPad Laptop,1,3/18/2019 14:29
170918,Lightning Charging Cable,2,3/29/2019 12:05
170919,Wired Headphones,1,3/25/2019 7:51
170920,Wired Headphones,1,3/9/2019 6:17
170921,27in 4K Gaming Monitor,1,3/16/2019 13:15
170922,27in FHD Monitor,1,3/25/2019 21:34
170923,Bose SoundSport Headphones,1,3/20/2019 13:39
170924,USB-C Charging Cable,1,3/26/2019 17:29
170925,Lightning Charging Cable,1,3/1/2019 11:15
170926,Macbook Pro Laptop,1,3/11/2019 10:12
170927,Lightning Charging Cable,1,3/18/2019 20:42
170928,34in Ultrawide Monitor,1,3/18/2019 13:50
170929,AAA Batteries (4-pack),1,3/28/2019 7:37
170930,Apple Airpods Headphones,1,3/1/2019 13:21
170931,Bose SoundSport Headphones,1,3/30/2019 5:49
170932,Macbook Pro Laptop,1,3/5/2019 11:52
170933,AAA Batteries (4-pack),1,3/6/2019 8:26
170934,AAA Batteries (4-pack),1,3/10/2019 16:49
170935,Lightning Charging Cable,1,3/20/2019 20:44
170936,AA Batteries (4-pack),1,3/1/2019 9:09
170937,AA Batteries (4-pack),1,3/14/2019 20:04
170938,AAA Batteries (4-pack),1,3/4/2019 3:17
170939,Lightning Charging Cable,1,3/18/2019 22:05
170940,iPhone,1,3/20/2019 17:33
170941,Lightning Charging Cable,1,3/31/2019 14:30
170942,Lightning Charging Cable,1,3/10/2019 20:55
170943,AA Batteries (4-pack),1,3/18/2019 9:33
170944,USB-C Charging Cable,1,3/20/2019 8:46
170945,USB-C Charging Cable,1,3/2/2019 18:06
170946,AA Batteries (4-pack),1,3/23/2019 19:51
170947,Apple Airpods Headphones,1,3/7/2019 0:26
170948,Wired Headphones,1,3/20/2019 13:54
170949,Bose SoundSport Headphones,1,3/9/2019 10:12
170950,Lightning Charging Cable,1,3/18/2019 12:33
170951,Apple Airpods Headphones,1,3/20/2019 18:41
170952,Macbook Pro Laptop,1,3/25/2019 20:13
170953,Google Phone,1,3/4/2019 21:49
170954,AAA Batteries (4-pack),1,3/19/2019 21:50
170955,USB-C Charging Cable,1,3/22/2019 18:32
170956,Wired Headphones,1,3/13/2019 10:55
170957,Bose SoundSport Headphones,1,3/6/2019 19:08
170958,AA Batteries (4-pack),1,3/25/2019 22:36
170959,Wired Headphones,1,3/29/2019 17:29
170960,USB-C Charging Cable,1,3/5/2019 23:21
170961,27in FHD Monitor,1,3/27/2019 17:18
170962,AAA Batteries (4-pack),1,3/5/2019 15:10
170963,Apple Airpods Headphones,1,3/27/2019 9:54
170964,Apple Airpods Headphones,1,3/13/2019 22:53
170964,Google Phone,1,3/13/2019 22:53
170965,Apple Airpods Headphones,1,3/26/2019 11:23
170966,27in FHD Monitor,1,3/2/2019 11:35
170967,Bose SoundSport Headphones,1,3/22/2019 6:45
170968,ThinkPad Laptop,1,3/18/2019 19:21
170969,Wired Headphones,1,3/12/2019 15:09
170970,Flatscreen TV,1,3/12/2019 11:41
170971,Lightning Charging Cable,1,3/29/2019 16:09
170972,27in FHD Monitor,1,3/11/2019 18:25
170973,Apple Airpods Headphones,1,3/22/2019 0:27
170974,AAA Batteries (4-pack),2,3/31/2019 11:35
170975,AA Batteries (4-pack),2,3/10/2019 6:58
170976,27in FHD Monitor,1,3/1/2019 20:05
170977,USB-C Charging Cable,1,3/18/2019 13:03
170978,USB-C Charging Cable,1,3/12/2019 22:55
170979,AA Batteries (4-pack),1,3/29/2019 11:18
170979,Macbook Pro Laptop,1,3/29/2019 11:18
170980,Lightning Charging Cable,1,3/21/2019 20:03
170981,USB-C Charging Cable,1,3/31/2019 19:53
170982,AAA Batteries (4-pack),3,3/7/2019 15:30
170983,Wired Headphones,1,3/10/2019 10:30
170984,34in Ultrawide Monitor,1,3/24/2019 15:38
170984,USB-C Charging Cable,1,3/24/2019 15:38
170985,USB-C Charging Cable,1,3/14/2019 6:13
170986,Google Phone,1,3/8/2019 13:05
170986,USB-C Charging Cable,1,3/8/2019 13:05
170987,Lightning Charging Cable,1,3/30/2019 1:50
170988,Apple Airpods Headphones,1,3/20/2019 17:27
170989,34in Ultrawide Monitor,1,3/17/2019 17:12
170990,AA Batteries (4-pack),1,3/17/2019 13:30
170991,iPhone,1,3/18/2019 18:11
170992,Apple Airpods Headphones,1,3/1/2019 15:39
170993,USB-C Charging Cable,1,3/23/2019 18:53
170994,AA Batteries (4-pack),2,3/4/2019 23:26
170995,Wired Headphones,1,3/30/2019 15:39
170996,27in 4K Gaming Monitor,1,3/8/2019 14:28
170997,USB-C Charging Cable,1,3/20/2019 11:38
170998,Bose SoundSport Headphones,1,3/2/2019 20:38
170999,Bose SoundSport Headphones,1,3/9/2019 9:52
171000,27in 4K Gaming Monitor,1,3/5/2019 6:22
171001,AAA Batteries (4-pack),1,3/27/2019 19:06
171002,AAA Batteries (4-pack),1,3/4/2019 9:15
171003,Lightning Charging Cable,1,3/18/2019 10:51
171004,Bose SoundSport Headphones,1,3/7/2019 20:37
171005,Google Phone,1,3/16/2019 13:07
171006,AA Batteries (4-pack),1,3/23/2019 8:28
171007,iPhone,1,3/22/2019 16:12
171008,AA Batteries (4-pack),2,3/3/2019 10:01
171009,Apple Airpods Headphones,1,3/25/2019 8:58
171010,Wired Headphones,1,3/23/2019 8:57
171011,USB-C Charging Cable,1,3/7/2019 14:36
171012,Wired Headphones,1,3/13/2019 22:15
171013,Apple Airpods Headphones,1,3/25/2019 23:52
171014,AA Batteries (4-pack),1,3/2/2019 8:47
171015,27in FHD Monitor,1,3/19/2019 14:17
171016,Flatscreen TV,1,3/5/2019 2:36
171017,Apple Airpods Headphones,1,3/14/2019 13:20
171017,Lightning Charging Cable,1,3/14/2019 13:20
171018,Wired Headphones,2,3/22/2019 9:37
171019,Flatscreen TV,1,3/14/2019 23:02
171020,AAA Batteries (4-pack),2,3/15/2019 9:52
171021,iPhone,1,3/16/2019 21:02
171022,Lightning Charging Cable,1,3/21/2019 19:07
171023,USB-C Charging Cable,1,3/13/2019 12:37
171024,AAA Batteries (4-pack),3,3/25/2019 15:32
171025,Apple Airpods Headphones,1,3/29/2019 20:19
171026,USB-C Charging Cable,1,3/7/2019 12:34
171026,AAA Batteries (4-pack),2,3/7/2019 12:34
171027,Macbook Pro Laptop,1,3/22/2019 8:12
171028,Lightning Charging Cable,1,3/17/2019 18:55
171029,AAA Batteries (4-pack),1,3/8/2019 19:35
171030,AAA Batteries (4-pack),1,3/18/2019 19:20
171031,Lightning Charging Cable,1,3/31/2019 9:49
171032,Macbook Pro Laptop,1,3/25/2019 14:40
171033,AA Batteries (4-pack),1,3/23/2019 14:56
171034,27in FHD Monitor,1,3/6/2019 19:47
171035,AAA Batteries (4-pack),1,3/21/2019 18:41
171036,Bose SoundSport Headphones,1,3/23/2019 11:47
171037,AAA Batteries (4-pack),1,3/16/2019 12:29
171038,iPhone,1,3/15/2019 17:15
171039,Lightning Charging Cable,1,3/16/2019 15:32
171040,LG Washing Machine,1,3/27/2019 19:48
171041,iPhone,1,3/11/2019 12:23
171042,USB-C Charging Cable,2,3/19/2019 20:46
171043,Bose SoundSport Headphones,1,3/23/2019 21:52
171044,Lightning Charging Cable,1,3/2/2019 18:51
171045,Lightning Charging Cable,1,3/28/2019 15:59
171046,27in FHD Monitor,1,3/3/2019 14:32
171047,Bose SoundSport Headphones,1,3/9/2019 19:38
171048,Wired Headphones,1,3/4/2019 12:38
171049,USB-C Charging Cable,1,3/4/2019 18:05
171050,27in FHD Monitor,1,3/4/2019 12:53
171051,Wired Headphones,2,3/15/2019 14:56
171052,USB-C Charging Cable,1,3/15/2019 13:58
171053,USB-C Charging Cable,1,3/9/2019 20:14
171054,iPhone,1,3/13/2019 13:34
171055,Lightning Charging Cable,1,3/4/2019 20:20
171056,AAA Batteries (4-pack),3,3/30/2019 21:16
171057,27in 4K Gaming Monitor,1,3/28/2019 0:07
171058,USB-C Charging Cable,1,3/20/2019 10:31
171059,Wired Headphones,1,3/7/2019 11:53
171060,Lightning Charging Cable,1,3/27/2019 12:04
171061,Apple Airpods Headphones,1,3/24/2019 9:23
171062,USB-C Charging Cable,1,3/9/2019 21:24
171063,Vareebadd Phone,1,3/13/2019 11:26
171064,Bose SoundSport Headphones,1,3/2/2019 12:59
171065,Bose SoundSport Headphones,1,3/27/2019 22:19
171066,Lightning Charging Cable,1,3/23/2019 10:32
171067,27in 4K Gaming Monitor,1,3/4/2019 10:38
171068,USB-C Charging Cable,1,3/26/2019 10:19
171069,AAA Batteries (4-pack),1,3/7/2019 14:01
171070,AAA Batteries (4-pack),2,3/6/2019 10:05
171071,USB-C Charging Cable,1,3/6/2019 23:41
171072,Lightning Charging Cable,1,3/8/2019 23:11
171073,Lightning Charging Cable,1,3/24/2019 2:16
171074,Google Phone,1,3/29/2019 20:58
171074,USB-C Charging Cable,1,3/29/2019 20:58
171075,Wired Headphones,1,3/11/2019 6:28
171076,Apple Airpods Headphones,1,3/4/2019 14:39
171076,iPhone,1,3/4/2019 14:39
171077,27in 4K Gaming Monitor,1,3/4/2019 20:33
171078,Lightning Charging Cable,1,3/19/2019 15:54
171079,Lightning Charging Cable,2,3/22/2019 19:18
171080,AAA Batteries (4-pack),5,3/26/2019 15:38
171081,AA Batteries (4-pack),3,3/12/2019 12:42
171082,USB-C Charging Cable,2,3/18/2019 11:12
171083,Wired Headphones,1,3/13/2019 7:54
171084,Apple Airpods Headphones,1,3/21/2019 13:08
171085,Bose SoundSport Headphones,1,3/25/2019 12:40
171086,Wired Headphones,1,3/23/2019 22:20
171087,AA Batteries (4-pack),2,3/11/2019 17:15
171088,AA Batteries (4-pack),1,3/31/2019 20:17
171089,Lightning Charging Cable,2,3/16/2019 16:21
171090,27in FHD Monitor,1,3/12/2019 16:58
171091,USB-C Charging Cable,1,3/8/2019 0:30
171092,34in Ultrawide Monitor,1,3/27/2019 10:05
171093,USB-C Charging Cable,1,3/20/2019 12:01
171094,27in 4K Gaming Monitor,1,3/16/2019 21:25
171094,Flatscreen TV,1,3/16/2019 21:25
171095,Wired Headphones,1,3/31/2019 9:33
171096,USB-C Charging Cable,1,3/11/2019 17:04
171097,AAA Batteries (4-pack),1,3/17/2019 10:04
171098,27in 4K Gaming Monitor,1,3/7/2019 14:24
171099,Wired Headphones,1,3/25/2019 12:13
171100,USB-C Charging Cable,1,3/4/2019 18:39
,,,
171101,Bose SoundSport Headphones,1,3/30/2019 21:02
171102,27in 4K Gaming Monitor,1,3/21/2019 14:19
171103,Wired Headphones,1,3/22/2019 20:48
171104,USB-C Charging Cable,1,3/29/2019 23:24
171105,AAA Batteries (4-pack),1,3/20/2019 23:22
171106,34in Ultrawide Monitor,1,3/15/2019 12:27
171107,Lightning Charging Cable,1,3/21/2019 13:01
171108,AAA Batteries (4-pack),1,3/3/2019 9:23
171109,AAA Batteries (4-pack),1,3/21/2019 14:00
171110,AA Batteries (4-pack),1,3/3/2019 19:41
171111,Lightning Charging Cable,1,3/29/2019 13:21
171112,AA Batteries (4-pack),1,3/2/2019 16:59
171113,Flatscreen TV,1,3/4/2019 10:02
171114,iPhone,1,3/7/2019 9:14
171114,Lightning Charging Cable,1,3/7/2019 9:14
171115,27in 4K Gaming Monitor,1,3/19/2019 15:33
171116,Bose SoundSport Headphones,1,3/27/2019 20:22
171117,AAA Batteries (4-pack),1,3/26/2019 18:23
171118,AA Batteries (4-pack),3,3/28/2019 19:18
171119,iPhone,1,3/31/2019 16:00
171120,AA Batteries (4-pack),1,3/29/2019 22:57
171121,AAA Batteries (4-pack),1,3/31/2019 18:11
171122,Lightning Charging Cable,1,3/8/2019 13:07
171123,Wired Headphones,1,3/14/2019 21:27
171124,LG Washing Machine,1,3/22/2019 22:45
171125,USB-C Charging Cable,2,3/13/2019 11:39
171126,Bose SoundSport Headphones,1,3/9/2019 10:22
171127,Lightning Charging Cable,1,3/1/2019 23:46
Order ID,Product,Quantity Ordered,Order Date
171128,USB-C Charging Cable,1,3/19/2019 12:07
171129,AA Batteries (4-pack),1,3/31/2019 16:57
171130,iPhone,1,3/25/2019 11:32
171131,USB-C Charging Cable,1,3/23/2019 14:32
171132,AAA Batteries (4-pack),2,3/11/2019 15:14
171133,Macbook Pro Laptop,1,3/26/2019 13:18
171134,Wired Headphones,1,3/9/2019 3:45
171135,USB-C Charging Cable,1,3/30/2019 13:24
171136,USB-C Charging Cable,1,3/1/2019 18:57
171137,iPhone,1,3/19/2019 16:28
171138,AAA Batteries (4-pack),2,3/19/2019 16:33
171139,Bose SoundSport Headphones,1,3/11/2019 21:28
171140,AAA Batteries (4-pack),1,3/5/2019 15:33
171141,USB-C Charging Cable,1,3/29/2019 19:22
171142,USB-C Charging Cable,2,3/1/2019 10:34
171143,27in 4K Gaming Monitor,1,3/19/2019 20:41
171144,Wired Headphones,1,3/11/2019 14:19
171145,Wired Headphones,1,3/27/2019 23:09
171146,USB-C Charging Cable,1,3/25/2019 19:05
171147,Apple Airpods Headphones,1,3/27/2019 9:05
171148,Bose SoundSport Headphones,1,3/30/2019 13:15
171149,34in Ultrawide Monitor,1,3/1/2019 11:52
171150,iPhone,1,3/3/2019 10:45
171151,27in 4K Gaming Monitor,1,3/21/2019 10:55
171152,AA Batteries (4-pack),1,3/14/2019 20:54
171153,Lightning Charging Cable,1,3/27/2019 23:13
171154,27in FHD Monitor,1,3/10/2019 20:56
171155,Bose SoundSport Headphones,1,3/14/2019 13:13
171156,Bose SoundSport Headphones,1,3/27/2019 9:50
171157,Wired Headphones,1,3/29/2019 12:05
171158,27in 4K Gaming Monitor,1,3/13/2019 9:20
171159,AAA Batteries (4-pack),1,3/19/2019 10:27
171160,Flatscreen TV,1,3/22/2019 21:44
171161,AAA Batteries (4-pack),1,3/23/2019 13:38
171162,AA Batteries (4-pack),3,3/24/2019 19:49
171163,iPhone,1,3/5/2019 16:29
171164,AA Batteries (4-pack),3,3/21/2019 13:54
171165,Flatscreen TV,1,3/1/2019 22:26
171166,AA Batteries (4-pack),2,3/13/2019 9:11
171167,Lightning Charging Cable,1,3/3/2019 11:07
171168,Bose SoundSport Headphones,1,3/9/2019 14:23
171169,Bose SoundSport Headphones,1,3/13/2019 13:27
171170,27in 4K Gaming Monitor,1,3/23/2019 18:12
171171,iPhone,1,3/24/2019 11:32
171171,Apple Airpods Headphones,1,3/24/2019 11:32
171172,Bose SoundSport Headphones,1,3/29/2019 18:26
171173,Lightning Charging Cable,1,3/17/2019 13:47
171174,AA Batteries (4-pack),1,3/16/2019 8:49
171175,Wired Headphones,1,3/7/2019 11:39
171176,27in FHD Monitor,1,3/11/2019 0:13
171176,27in 4K Gaming Monitor,1,3/11/2019 0:13
171177,Macbook Pro Laptop,1,3/29/2019 19:04
171178,USB-C Charging Cable,1,3/17/2019 1:04
171179,Lightning Charging Cable,1,3/4/2019 11:35
171180,Bose SoundSport Headphones,1,3/29/2019 13:58
171181,Vareebadd Phone,1,3/15/2019 12:33
171182,Macbook Pro Laptop,1,3/18/2019 18:03
171183,AAA Batteries (4-pack),1,3/27/2019 11:04
171184,Lightning Charging Cable,1,3/21/2019 21:18
171185,Wired Headphones,1,3/27/2019 12:33
171186,ThinkPad Laptop,1,3/1/2019 10:25
171187,27in 4K Gaming Monitor,1,3/16/2019 15:11
171188,AA Batteries (4-pack),1,3/11/2019 20:44
171189,Lightning Charging Cable,1,3/9/2019 18:40
171190,Lightning Charging Cable,1,3/25/2019 13:54
171191,AAA Batteries (4-pack),4,3/27/2019 18:17
171192,34in Ultrawide Monitor,1,3/26/2019 20:29
171193,20in Monitor,1,3/20/2019 20:16
171194,AA Batteries (4-pack),1,3/15/2019 6:37
171195,Wired Headphones,1,3/26/2019 21:11
171196,AA Batteries (4-pack),1,3/6/2019 19:15
171197,USB-C Charging Cable,1,3/23/2019 20:44
171198,AAA Batteries (4-pack),3,3/17/2019 15:39
171199,Lightning Charging Cable,1,3/31/2019 16:07
171200,Wired Headphones,1,3/21/2019 1:06
171201,Apple Airpods Headphones,1,3/20/2019 10:08
171202,Lightning Charging Cable,1,3/28/2019 20:37
171203,USB-C Charging Cable,1,3/6/2019 9:43
171204,USB-C Charging Cable,1,3/19/2019 14:34
171205,iPhone,1,3/19/2019 16:20
171206,27in 4K Gaming Monitor,1,3/13/2019 16:09
171207,Apple Airpods Headphones,1,3/25/2019 12:11
171208,34in Ultrawide Monitor,1,3/19/2019 19:49
171209,USB-C Charging Cable,1,3/17/2019 14:37
171210,Google Phone,1,3/11/2019 13:28
171211,34in Ultrawide Monitor,1,3/10/2019 11:35
171212,Lightning Charging Cable,1,3/24/2019 22:33
171213,USB-C Charging Cable,1,3/21/2019 17:52
171214,AA Batteries (4-pack),1,3/6/2019 17:39
171215,27in FHD Monitor,1,3/22/2019 18:36
171216,Wired Headphones,1,3/19/2019 20:30
171217,USB-C Charging Cable,3,3/19/2019 18:46
171218,USB-C Charging Cable,1,3/1/2019 4:42
171219,USB-C Charging Cable,1,3/20/2019 20:50
171220,AAA Batteries (4-pack),1,3/5/2019 14:59
171221,AAA Batteries (4-pack),1,3/18/2019 13:56
171222,Wired Headphones,1,3/25/2019 8:28
171223,ThinkPad Laptop,1,3/8/2019 23:49
171224,AAA Batteries (4-pack),2,3/2/2019 1:43
171225,Macbook Pro Laptop,1,3/31/2019 8:28
171226,Google Phone,1,3/15/2019 21:05
171226,USB-C Charging Cable,1,3/15/2019 21:05
171227,USB-C Charging Cable,1,3/21/2019 18:03
171228,AAA Batteries (4-pack),1,3/9/2019 20:20
171229,27in FHD Monitor,1,3/28/2019 20:26
171230,34in Ultrawide Monitor,1,3/30/2019 23:18
171231,AAA Batteries (4-pack),1,3/17/2019 16:59
171232,27in FHD Monitor,1,3/27/2019 16:44
171233,AAA Batteries (4-pack),2,3/20/2019 6:59
171234,AAA Batteries (4-pack),1,3/16/2019 17:17
171235,AAA Batteries (4-pack),1,3/16/2019 18:28
171236,Bose SoundSport Headphones,1,3/7/2019 10:21
171237,AA Batteries (4-pack),1,3/19/2019 0:12
171238,Google Phone,1,3/23/2019 6:32
171239,27in FHD Monitor,1,3/30/2019 15:12
171240,Apple Airpods Headphones,1,3/23/2019 6:45
171241,AAA Batteries (4-pack),2,3/26/2019 21:07
171242,AAA Batteries (4-pack),2,3/25/2019 20:28
171243,Apple Airpods Headphones,1,3/17/2019 9:25
171244,Google Phone,1,3/11/2019 19:25
171245,USB-C Charging Cable,1,3/10/2019 20:19
171246,Lightning Charging Cable,1,3/30/2019 4:37
171247,Lightning Charging Cable,1,3/20/2019 1:03
171248,Wired Headphones,1,3/3/2019 18:44
171249,27in 4K Gaming Monitor,1,3/17/2019 6:15
171250,34in Ultrawide Monitor,1,3/14/2019 22:19
171251,Apple Airpods Headphones,1,3/13/2019 14:01
171252,AAA Batteries (4-pack),1,3/11/2019 17:19
171253,Lightning Charging Cable,1,3/25/2019 23:40
171254,AAA Batteries (4-pack),1,3/31/2019 8:57
171255,AAA Batteries (4-pack),1,3/14/2019 13:44
171256,Wired Headphones,1,3/2/2019 20:45
171257,Bose SoundSport Headphones,1,3/4/2019 8:07
171258,AAA Batteries (4-pack),1,3/14/2019 9:16
171259,AAA Batteries (4-pack),1,3/16/2019 8:39
171260,AAA Batteries (4-pack),1,3/30/2019 16:57
171261,Apple Airpods Headphones,1,3/31/2019 19:53
171262,iPhone,1,3/6/2019 20:15
171263,Lightning Charging Cable,1,3/29/2019 17:30
171264,iPhone,1,3/8/2019 19:04
171265,Bose SoundSport Headphones,1,3/27/2019 13:22
171266,Macbook Pro Laptop,1,3/31/2019 8:01
171267,Apple Airpods Headphones,1,3/16/2019 12:35
171268,AA Batteries (4-pack),1,3/23/2019 15:50
171269,AA Batteries (4-pack),1,3/23/2019 13:31
171270,USB-C Charging Cable,1,3/5/2019 13:38
171271,Wired Headphones,1,3/2/2019 7:25
171272,AAA Batteries (4-pack),1,3/11/2019 13:15
171273,Apple Airpods Headphones,1,3/26/2019 0:01
171274,34in Ultrawide Monitor,1,3/17/2019 16:27
171275,27in FHD Monitor,1,3/22/2019 12:17
171276,AAA Batteries (4-pack),1,3/20/2019 23:17
171277,iPhone,1,3/19/2019 20:57
171277,Lightning Charging Cable,1,3/19/2019 20:57
171278,Bose SoundSport Headphones,1,3/8/2019 5:59
171279,27in FHD Monitor,1,3/17/2019 16:35
171280,Wired Headphones,1,3/4/2019 17:43
171281,USB-C Charging Cable,1,3/31/2019 21:10
171282,Flatscreen TV,1,3/11/2019 13:31
171283,Google Phone,1,3/21/2019 11:06
171284,AA Batteries (4-pack),1,3/26/2019 9:15
171285,Wired Headphones,1,3/27/2019 18:40
171286,27in 4K Gaming Monitor,1,3/31/2019 19:48
171287,LG Washing Machine,1,3/30/2019 22:33
171288,AAA Batteries (4-pack),1,3/3/2019 1:05
171289,Bose SoundSport Headphones,1,3/13/2019 20:30
171290,Wired Headphones,1,3/12/2019 15:43
171291,Bose SoundSport Headphones,1,3/4/2019 14:45
171292,20in Monitor,1,3/18/2019 15:50
171293,Lightning Charging Cable,2,3/31/2019 9:03
171294,27in FHD Monitor,1,3/14/2019 10:10
171295,Lightning Charging Cable,1,3/31/2019 11:19
171296,Macbook Pro Laptop,1,3/4/2019 14:49
171297,Apple Airpods Headphones,1,3/30/2019 10:25
171298,AA Batteries (4-pack),1,3/21/2019 16:42
171299,Apple Airpods Headphones,1,3/2/2019 16:23
171300,27in 4K Gaming Monitor,1,3/8/2019 13:46
171301,27in 4K Gaming Monitor,1,3/31/2019 19:11
171302,Lightning Charging Cable,1,3/31/2019 22:17
171303,Wired Headphones,1,3/20/2019 18:31
171304,AAA Batteries (4-pack),1,3/12/2019 13:07
171305,Macbook Pro Laptop,1,3/7/2019 22:07
171306,Bose SoundSport Headphones,1,3/6/2019 13:19
171307,AA Batteries (4-pack),1,3/18/2019 20:02
171308,Apple Airpods Headphones,1,3/2/2019 11:11
171309,Lightning Charging Cable,1,3/15/2019 13:35
171310,Wired Headphones,2,3/15/2019 11:43
171311,Apple Airpods Headphones,1,3/7/2019 13:45
171312,ThinkPad Laptop,1,3/11/2019 12:07
171313,Google Phone,1,3/27/2019 13:24
171314,Bose SoundSport Headphones,1,3/18/2019 22:48
171315,ThinkPad Laptop,1,3/22/2019 20:12
171316,AA Batteries (4-pack),2,3/1/2019 16:35
171317,Bose SoundSport Headphones,1,3/21/2019 4:02
171318,Bose SoundSport Headphones,1,3/11/2019 13:05
171319,Apple Airpods Headphones,1,3/19/2019 14:50
171320,AAA Batteries (4-pack),1,3/22/2019 12:28
171321,USB-C Charging Cable,1,3/20/2019 20:05
171322,20in Monitor,1,3/15/2019 13:45
171322,20in Monitor,1,3/15/2019 13:45
171323,USB-C Charging Cable,1,3/10/2019 8:50
171324,USB-C Charging Cable,1,3/11/2019 15:37
171325,Wired Headphones,1,3/17/2019 19:20
171326,Bose SoundSport Headphones,1,3/27/2019 22:08
171327,Lightning Charging Cable,1,3/14/2019 5:08
171328,Google Phone,1,3/14/2019 16:40
171329,USB-C Charging Cable,2,3/22/2019 11:54
171330,27in FHD Monitor,1,3/27/2019 0:47
171331,AAA Batteries (4-pack),2,3/19/2019 13:05
171332,AA Batteries (4-pack),1,3/23/2019 11:29
171333,Macbook Pro Laptop,1,3/25/2019 16:50
171334,iPhone,1,3/17/2019 12:10
171335,Apple Airpods Headphones,1,3/17/2019 1:30
171336,USB-C Charging Cable,1,3/28/2019 20:05
171337,Apple Airpods Headphones,1,3/20/2019 12:33
171338,Lightning Charging Cable,1,3/17/2019 17:28
171339,AA Batteries (4-pack),1,3/5/2019 14:22
171340,Bose SoundSport Headphones,1,3/6/2019 17:13
171341,27in FHD Monitor,1,3/5/2019 14:19
171342,Bose SoundSport Headphones,1,3/13/2019 15:02
171343,Wired Headphones,1,3/6/2019 17:16
171344,AA Batteries (4-pack),1,3/29/2019 15:41
171345,USB-C Charging Cable,1,3/2/2019 10:55
171346,AA Batteries (4-pack),1,3/20/2019 12:57
171347,AAA Batteries (4-pack),1,3/15/2019 19:12
171348,Google Phone,1,3/26/2019 22:33
171349,Wired Headphones,1,3/29/2019 10:59
171350,AAA Batteries (4-pack),1,3/25/2019 11:16
171351,Lightning Charging Cable,1,3/18/2019 14:07
171352,AA Batteries (4-pack),1,3/11/2019 20:14
171353,27in 4K Gaming Monitor,1,3/29/2019 14:49
171354,Bose SoundSport Headphones,1,3/8/2019 18:30
171355,Apple Airpods Headphones,1,3/26/2019 16:28
171356,Apple Airpods Headphones,1,3/7/2019 22:36
171357,Wired Headphones,1,3/3/2019 10:42
171358,Lightning Charging Cable,1,3/7/2019 11:28
171359,Lightning Charging Cable,1,3/30/2019 19:48
171360,Vareebadd Phone,1,3/26/2019 13:10
171361,Macbook Pro Laptop,1,3/26/2019 17:08
171362,USB-C Charging Cable,1,3/1/2019 8:45
171363,Bose SoundSport Headphones,1,3/5/2019 10:36
171364,Bose SoundSport Headphones,1,3/6/2019 20:14
171365,Lightning Charging Cable,1,3/25/2019 13:25
171366,iPhone,1,3/29/2019 14:51
171367,USB-C Charging Cable,1,3/13/2019 17:44
171368,USB-C Charging Cable,1,3/17/2019 14:43
171369,USB-C Charging Cable,1,3/2/2019 1:03
171370,27in FHD Monitor,1,3/27/2019 16:53
171371,Lightning Charging Cable,1,3/1/2019 19:28
171372,34in Ultrawide Monitor,1,3/18/2019 21:22
171373,AA Batteries (4-pack),2,3/23/2019 22:20
171373,AA Batteries (4-pack),2,3/23/2019 22:20
171374,AA Batteries (4-pack),2,3/31/2019 18:00
171375,Google Phone,1,3/19/2019 21:14
171375,USB-C Charging Cable,1,3/19/2019 21:14
171376,Apple Airpods Headphones,1,3/31/2019 7:50
171377,Wired Headphones,1,3/4/2019 17:46
171378,Apple Airpods Headphones,1,3/6/2019 15:48
171379,AA Batteries (4-pack),1,3/21/2019 21:55
171380,USB-C Charging Cable,1,3/22/2019 15:21
171381,AA Batteries (4-pack),1,3/2/2019 13:48
171382,AAA Batteries (4-pack),1,3/19/2019 9:10
171383,27in FHD Monitor,1,3/12/2019 11:17
171384,AAA Batteries (4-pack),1,3/29/2019 7:34
171385,34in Ultrawide Monitor,1,3/24/2019 23:41
171386,Lightning Charging Cable,1,3/3/2019 13:21
171387,AA Batteries (4-pack),1,3/25/2019 16:34
171388,iPhone,1,3/30/2019 10:51
171389,AAA Batteries (4-pack),1,3/3/2019 9:14
171390,Apple Airpods Headphones,1,3/29/2019 9:00
171391,Wired Headphones,1,3/21/2019 14:07
171392,AA Batteries (4-pack),2,3/24/2019 18:42
171393,27in FHD Monitor,1,3/1/2019 19:06
171394,Wired Headphones,1,3/7/2019 13:59
171395,Macbook Pro Laptop,1,3/9/2019 14:20
171396,27in FHD Monitor,1,3/28/2019 21:00
171397,AAA Batteries (4-pack),1,3/8/2019 11:53
171398,AA Batteries (4-pack),1,3/28/2019 12:35
171399,Bose SoundSport Headphones,1,3/23/2019 9:02
171400,iPhone,1,3/8/2019 19:20
171400,Apple Airpods Headphones,1,3/8/2019 19:20
171401,iPhone,1,3/16/2019 13:40
171402,27in FHD Monitor,1,3/1/2019 22:49
171403,AA Batteries (4-pack),1,3/14/2019 21:33
171404,20in Monitor,1,3/18/2019 0:09
171405,AA Batteries (4-pack),1,3/23/2019 22:27
171406,AAA Batteries (4-pack),1,3/18/2019 22:18
171407,27in 4K Gaming Monitor,1,3/7/2019 10:46
171408,27in 4K Gaming Monitor,1,3/8/2019 2:33
171409,Lightning Charging Cable,1,3/30/2019 12:06
171410,AAA Batteries (4-pack),1,3/18/2019 23:13
171411,USB-C Charging Cable,1,3/2/2019 6:49
171412,Bose SoundSport Headphones,1,3/15/2019 19:03
171413,Google Phone,1,3/7/2019 20:43
171414,Apple Airpods Headphones,1,3/30/2019 14:49
171415,iPhone,1,3/9/2019 14:57
171416,34in Ultrawide Monitor,1,3/31/2019 6:48
171417,AA Batteries (4-pack),1,3/9/2019 10:57
171417,34in Ultrawide Monitor,1,3/9/2019 10:57
171418,Apple Airpods Headphones,1,3/11/2019 19:09
171419,USB-C Charging Cable,1,3/24/2019 13:13
171420,27in FHD Monitor,1,3/23/2019 17:57
171421,20in Monitor,1,3/4/2019 13:04
171422,Wired Headphones,1,3/8/2019 14:59
171423,iPhone,1,3/15/2019 15:12
171424,USB-C Charging Cable,1,3/1/2019 21:54
171425,AA Batteries (4-pack),1,3/23/2019 8:42
171426,Lightning Charging Cable,1,3/25/2019 15:48
171427,AA Batteries (4-pack),2,3/29/2019 22:21
171428,34in Ultrawide Monitor,1,3/9/2019 10:19
171429,AA Batteries (4-pack),2,3/1/2019 15:18
171430,Google Phone,1,3/16/2019 22:16
171431,Bose SoundSport Headphones,1,3/29/2019 13:02
171432,Wired Headphones,1,3/6/2019 12:02
171433,Wired Headphones,1,3/27/2019 12:06
171434,20in Monitor,1,3/17/2019 14:23
171435,Lightning Charging Cable,1,3/18/2019 9:42
171436,Apple Airpods Headphones,1,3/26/2019 16:37
171437,27in FHD Monitor,1,3/5/2019 17:57
171438,AA Batteries (4-pack),2,3/18/2019 23:25
171439,AA Batteries (4-pack),1,3/15/2019 21:10
171440,USB-C Charging Cable,1,3/7/2019 14:27
171441,iPhone,1,3/26/2019 20:29
171442,ThinkPad Laptop,1,3/11/2019 14:51
171443,20in Monitor,1,3/19/2019 12:07
171444,Macbook Pro Laptop,1,3/29/2019 15:26
171445,Google Phone,1,3/24/2019 18:32
171446,USB-C Charging Cable,1,3/27/2019 21:24
171447,Bose SoundSport Headphones,1,3/28/2019 18:13
171448,AA Batteries (4-pack),1,3/20/2019 21:13
171449,Apple Airpods Headphones,1,3/30/2019 21:25
171450,Wired Headphones,1,3/22/2019 9:23
171451,Flatscreen TV,1,3/6/2019 14:51
171452,27in FHD Monitor,1,3/21/2019 19:10
171453,Apple Airpods Headphones,1,3/6/2019 8:41
171454,AAA Batteries (4-pack),1,3/23/2019 0:33
171455,Vareebadd Phone,1,3/6/2019 8:39
171456,Wired Headphones,1,3/2/2019 21:33
171457,Wired Headphones,1,3/3/2019 22:27
171458,Lightning Charging Cable,1,3/9/2019 1:05
171459,Lightning Charging Cable,1,3/13/2019 10:57
171460,Apple Airpods Headphones,1,3/18/2019 5:48
171461,Lightning Charging Cable,1,3/7/2019 6:39
171462,Lightning Charging Cable,1,3/6/2019 16:20
171463,ThinkPad Laptop,1,3/21/2019 14:21
171464,AAA Batteries (4-pack),2,3/6/2019 8:16
171465,Lightning Charging Cable,1,3/21/2019 19:50
171466,Bose SoundSport Headphones,1,3/5/2019 15:45
171467,Apple Airpods Headphones,1,3/22/2019 12:04
171468,Wired Headphones,1,3/7/2019 13:42
171469,Wired Headphones,1,3/22/2019 21:00
171470,AA Batteries (4-pack),1,3/31/2019 9:18
171471,USB-C Charging Cable,2,3/25/2019 18:34
171472,Google Phone,1,3/6/2019 19:43
171473,Bose SoundSport Headphones,1,3/17/2019 16:31
171474,Lightning Charging Cable,1,3/28/2019 8:45
171475,AAA Batteries (4-pack),1,3/11/2019 9:22
171476,Wired Headphones,1,3/17/2019 12:17
171477,Lightning Charging Cable,1,3/21/2019 3:04
171478,ThinkPad Laptop,1,3/17/2019 10:59
171479,Lightning Charging Cable,1,3/20/2019 19:36
171480,AAA Batteries (4-pack),1,3/22/2019 16:03
171481,Apple Airpods Headphones,1,3/28/2019 23:40
171482,Lightning Charging Cable,1,3/5/2019 22:42
171483,Wired Headphones,1,3/16/2019 20:08
171484,USB-C Charging Cable,1,3/21/2019 7:22
171485,Apple Airpods Headphones,1,3/28/2019 8:00
171486,Flatscreen TV,1,3/13/2019 18:38
171487,ThinkPad Laptop,1,3/20/2019 12:54
171488,27in FHD Monitor,1,3/30/2019 20:35
171489,Google Phone,1,3/6/2019 11:39
171490,USB-C Charging Cable,1,3/12/2019 7:42
171491,Apple Airpods Headphones,1,3/3/2019 15:16
171492,Google Phone,1,3/21/2019 21:57
171493,AA Batteries (4-pack),3,3/12/2019 18:05
171494,20in Monitor,1,3/10/2019 23:24
171495,27in FHD Monitor,1,3/13/2019 11:19
171496,USB-C Charging Cable,1,3/31/2019 8:25
171497,34in Ultrawide Monitor,1,3/24/2019 12:37
171498,Wired Headphones,1,3/16/2019 17:38
171499,Wired Headphones,1,3/11/2019 20:14
171500,Flatscreen TV,1,3/9/2019 18:40
171501,AA Batteries (4-pack),1,3/27/2019 16:44
171502,Wired Headphones,1,3/18/2019 17:56
171503,AA Batteries (4-pack),1,3/11/2019 14:20
171504,Wired Headphones,1,3/1/2019 17:29
171505,Lightning Charging Cable,1,3/26/2019 21:02
171506,AAA Batteries (4-pack),1,3/24/2019 12:35
171506,Wired Headphones,1,3/24/2019 12:35
171507,27in FHD Monitor,1,3/9/2019 14:37
171508,iPhone,1,3/3/2019 11:31
171509,AA Batteries (4-pack),1,3/26/2019 22:26
171510,Apple Airpods Headphones,1,3/9/2019 22:45
171511,USB-C Charging Cable,1,3/17/2019 17:59
171512,20in Monitor,1,3/11/2019 14:50
171513,iPhone,1,3/6/2019 13:12
171514,Macbook Pro Laptop,1,3/31/2019 7:21
171515,AA Batteries (4-pack),3,3/20/2019 14:45
171516,20in Monitor,1,3/5/2019 21:10
171517,AAA Batteries (4-pack),1,3/29/2019 18:54
171518,ThinkPad Laptop,1,3/30/2019 12:59
171519,34in Ultrawide Monitor,1,3/19/2019 15:17
171520,AA Batteries (4-pack),1,3/29/2019 23:29
171521,Apple Airpods Headphones,1,3/22/2019 13:35
171521,34in Ultrawide Monitor,1,3/22/2019 13:35
171522,Bose SoundSport Headphones,1,3/22/2019 23:07
171523,Wired Headphones,1,3/11/2019 1:06
171524,AA Batteries (4-pack),3,3/19/2019 22:29
171525,iPhone,1,3/29/2019 9:46
171526,AAA Batteries (4-pack),1,3/2/2019 17:20
171527,Lightning Charging Cable,1,3/27/2019 15:40
171528,Macbook Pro Laptop,1,3/9/2019 16:43
171529,27in FHD Monitor,1,3/14/2019 16:58
171530,Lightning Charging Cable,1,3/22/2019 13:33
171531,Lightning Charging Cable,1,3/6/2019 9:48
171532,Wired Headphones,1,3/8/2019 12:49
171533,Wired Headphones,1,3/26/2019 20:41
171534,34in Ultrawide Monitor,1,3/26/2019 12:14
171535,Lightning Charging Cable,1,3/13/2019 12:21
171536,Lightning Charging Cable,1,3/18/2019 16:07
171537,Apple Airpods Headphones,1,3/30/2019 22:53
171538,Google Phone,1,3/8/2019 19:56
171539,Apple Airpods Headphones,1,3/6/2019 10:05
171540,Flatscreen TV,1,3/31/2019 18:41
171541,USB-C Charging Cable,1,3/6/2019 18:30
171542,USB-C Charging Cable,1,3/14/2019 15:14
171543,27in FHD Monitor,1,3/31/2019 15:24
171544,USB-C Charging Cable,1,3/7/2019 22:42
171545,27in 4K Gaming Monitor,1,3/13/2019 19:30
171546,AA Batteries (4-pack),1,3/9/2019 14:02
171547,Vareebadd Phone,1,3/25/2019 11:51
171548,Bose SoundSport Headphones,1,3/7/2019 20:35
171549,AAA Batteries (4-pack),1,3/19/2019 10:06
171550,Apple Airpods Headphones,1,3/17/2019 11:41
171551,AAA Batteries (4-pack),1,3/29/2019 2:32
171552,AAA Batteries (4-pack),1,3/25/2019 12:05
171553,Google Phone,1,3/25/2019 18:56
171553,USB-C Charging Cable,3,3/25/2019 18:56
171554,AAA Batteries (4-pack),1,3/22/2019 19:45
171555,ThinkPad Laptop,1,3/8/2019 18:21
171556,Lightning Charging Cable,1,3/20/2019 14:33
171557,27in FHD Monitor,1,3/10/2019 7:50
171558,Lightning Charging Cable,1,3/3/2019 8:31
171559,27in FHD Monitor,1,3/26/2019 20:18
171560,Wired Headphones,1,3/1/2019 18:53
171561,AA Batteries (4-pack),2,3/4/2019 10:03
171562,USB-C Charging Cable,1,3/19/2019 13:22
171563,Bose SoundSport Headphones,1,3/4/2019 21:53
171564,ThinkPad Laptop,1,3/18/2019 0:10
171565,AAA Batteries (4-pack),3,3/19/2019 15:56
171566,USB-C Charging Cable,1,3/24/2019 23:14
171567,Flatscreen TV,1,3/3/2019 10:45
171568,AAA Batteries (4-pack),1,3/9/2019 22:30
171569,Apple Airpods Headphones,1,3/22/2019 1:09
171570,AAA Batteries (4-pack),1,3/14/2019 13:27
171571,34in Ultrawide Monitor,1,3/13/2019 14:44
171572,Wired Headphones,2,3/30/2019 17:39
171573,AAA Batteries (4-pack),3,3/12/2019 17:44
171574,Lightning Charging Cable,3,3/27/2019 20:23
171575,Apple Airpods Headphones,1,3/13/2019 19:43
171576,Bose SoundSport Headphones,1,3/30/2019 12:44
171577,AAA Batteries (4-pack),1,3/7/2019 6:14
171578,Bose SoundSport Headphones,1,3/4/2019 5:14
171579,Lightning Charging Cable,2,3/12/2019 10:43
171580,AAA Batteries (4-pack),3,3/9/2019 12:42
171581,Bose SoundSport Headphones,1,3/8/2019 12:46
171582,Bose SoundSport Headphones,1,3/21/2019 11:38
171583,USB-C Charging Cable,1,3/14/2019 13:41
171584,iPhone,1,3/8/2019 20:12
171585,Google Phone,1,3/12/2019 21:42
171586,Bose SoundSport Headphones,1,3/11/2019 11:43
171587,Flatscreen TV,1,3/25/2019 13:46
171588,Vareebadd Phone,1,3/25/2019 10:03
171589,iPhone,1,3/3/2019 12:07
171589,Lightning Charging Cable,1,3/3/2019 12:07
171590,USB-C Charging Cable,1,3/15/2019 10:35
171591,USB-C Charging Cable,1,3/29/2019 11:31
171592,USB-C Charging Cable,2,3/2/2019 18:34
171593,Bose SoundSport Headphones,1,3/28/2019 11:29
171594,27in 4K Gaming Monitor,1,3/3/2019 18:49
171595,Flatscreen TV,1,3/4/2019 12:23
171596,iPhone,1,3/14/2019 5:52
171597,27in 4K Gaming Monitor,1,3/7/2019 20:23
171598,USB-C Charging Cable,1,3/26/2019 13:55
171599,Macbook Pro Laptop,1,3/23/2019 13:22
171600,27in FHD Monitor,1,3/12/2019 20:35
171601,Lightning Charging Cable,1,3/29/2019 20:18
171602,Lightning Charging Cable,1,3/1/2019 18:36
171603,Bose SoundSport Headphones,1,3/31/2019 11:12
171604,AA Batteries (4-pack),1,3/18/2019 17:33
171605,Apple Airpods Headphones,1,3/5/2019 19:10
Order ID,Product,Quantity Ordered,Order Date
171606,USB-C Charging Cable,1,3/12/2019 16:24
171607,Apple Airpods Headphones,1,3/24/2019 1:03
171608,Bose SoundSport Headphones,1,3/28/2019 10:15
171609,20in Monitor,1,3/29/2019 22:09
171610,AA Batteries (4-pack),1,3/29/2019 19:12
171611,Lightning Charging Cable,1,3/23/2019 18:31
171612,Lightning Charging Cable,1,3/22/2019 19:55
171613,Macbook Pro Laptop,1,3/9/2019 7:42
171614,Wired Headphones,1,3/27/2019 18:33
171615,AAA Batteries (4-pack),2,3/20/2019 19:26
171616,AA Batteries (4-pack),1,3/7/2019 23:19
171617,34in Ultrawide Monitor,1,3/10/2019 17:40
171618,20in Monitor,1,3/14/2019 4:44
171619,27in FHD Monitor,1,3/8/2019 21:43
171620,Lightning Charging Cable,1,3/5/2019 10:33
171621,Bose SoundSport Headphones,1,3/17/2019 12:27
171622,Google Phone,1,3/4/2019 15:58
171622,USB-C Charging Cable,1,3/4/2019 15:58
171623,Flatscreen TV,1,3/16/2019 15:04
171624,Wired Headphones,1,3/1/2019 16:46
171625,34in Ultrawide Monitor,1,3/31/2019 10:22
171626,AAA Batteries (4-pack),1,3/25/2019 12:57
171627,Lightning Charging Cable,1,3/13/2019 15:38
171628,34in Ultrawide Monitor,1,3/6/2019 17:39
171629,Lightning Charging Cable,1,3/8/2019 7:04
171630,AAA Batteries (4-pack),1,3/4/2019 9:53
171631,ThinkPad Laptop,1,3/18/2019 11:26
171632,Bose SoundSport Headphones,1,3/13/2019 7:41
171633,Bose SoundSport Headphones,1,3/27/2019 17:21
171634,Wired Headphones,1,3/2/2019 11:44
171635,Apple Airpods Headphones,1,3/30/2019 15:31
171636,27in 4K Gaming Monitor,1,3/9/2019 18:55
171637,AA Batteries (4-pack),1,3/24/2019 13:59
171638,Apple Airpods Headphones,1,3/17/2019 12:50
171639,AAA Batteries (4-pack),5,3/19/2019 6:54
171639,AA Batteries (4-pack),1,3/19/2019 6:54
171640,34in Ultrawide Monitor,1,3/28/2019 12:18
171641,AA Batteries (4-pack),4,3/23/2019 11:45
171642,Lightning Charging Cable,1,3/12/2019 22:54
171643,27in 4K Gaming Monitor,1,3/3/2019 23:04
171644,ThinkPad Laptop,1,3/11/2019 9:38
171645,iPhone,1,3/17/2019 20:40
171645,Lightning Charging Cable,1,3/17/2019 20:40
171646,27in 4K Gaming Monitor,1,3/22/2019 16:06
171647,Wired Headphones,1,3/26/2019 17:55
171648,Wired Headphones,2,3/17/2019 14:28
171649,Lightning Charging Cable,1,3/18/2019 18:04
171650,27in 4K Gaming Monitor,1,3/28/2019 14:17
171651,Apple Airpods Headphones,1,3/10/2019 21:07
171652,Apple Airpods Headphones,1,3/29/2019 2:09
171653,Wired Headphones,2,3/22/2019 8:40
171654,AA Batteries (4-pack),2,3/24/2019 9:44
171655,USB-C Charging Cable,1,3/7/2019 23:01
171656,Wired Headphones,1,3/16/2019 21:30
171657,Vareebadd Phone,1,3/30/2019 17:55
171658,Google Phone,1,3/23/2019 18:35
171658,Wired Headphones,1,3/23/2019 18:35
171659,AAA Batteries (4-pack),2,3/25/2019 14:02
171660,USB-C Charging Cable,1,3/28/2019 12:14
171661,20in Monitor,1,3/29/2019 11:35
171662,Flatscreen TV,1,3/26/2019 10:33
171663,27in 4K Gaming Monitor,1,3/28/2019 4:18
171664,27in FHD Monitor,1,3/27/2019 19:06
171665,Flatscreen TV,1,3/27/2019 23:23
171666,Bose SoundSport Headphones,1,3/9/2019 13:35
171667,AAA Batteries (4-pack),2,3/18/2019 13:37
171668,USB-C Charging Cable,1,3/3/2019 6:55
171669,Wired Headphones,1,3/18/2019 17:07
171670,USB-C Charging Cable,1,3/10/2019 13:42
171671,34in Ultrawide Monitor,1,3/9/2019 2:23
171672,AA Batteries (4-pack),1,3/4/2019 14:19
171673,AAA Batteries (4-pack),1,3/11/2019 11:33
171674,Lightning Charging Cable,1,3/13/2019 16:45
171675,USB-C Charging Cable,1,3/12/2019 9:15
171676,USB-C Charging Cable,1,3/25/2019 15:46
171677,AAA Batteries (4-pack),1,3/12/2019 15:40
171678,27in FHD Monitor,1,3/5/2019 16:27
171679,ThinkPad Laptop,1,3/9/2019 13:15
171680,27in 4K Gaming Monitor,2,3/9/2019 13:26
171681,Bose SoundSport Headphones,1,3/8/2019 14:05
171682,Wired Headphones,1,3/30/2019 23:23
171683,Wired Headphones,1,3/7/2019 9:42
171684,USB-C Charging Cable,1,3/4/2019 16:16
171685,Wired Headphones,1,3/17/2019 20:45
171686,USB-C Charging Cable,1,3/8/2019 11:58
171687,27in FHD Monitor,1,3/30/2019 18:54
171688,USB-C Charging Cable,2,3/14/2019 20:44
171689,Bose SoundSport Headphones,1,3/23/2019 13:09
171690,AAA Batteries (4-pack),6,3/14/2019 19:58
171691,AA Batteries (4-pack),1,3/7/2019 1:29
171692,27in FHD Monitor,1,3/23/2019 21:34
171693,Bose SoundSport Headphones,1,3/4/2019 12:42
171694,iPhone,1,3/2/2019 18:12
171695,Lightning Charging Cable,1,3/8/2019 17:30
171696,Lightning Charging Cable,1,3/21/2019 12:33
171697,20in Monitor,1,3/13/2019 17:25
171698,Bose SoundSport Headphones,1,3/25/2019 18:29
171699,27in 4K Gaming Monitor,1,3/19/2019 13:06
171700,AAA Batteries (4-pack),2,3/29/2019 14:50
171701,USB-C Charging Cable,1,3/10/2019 15:23
171702,Macbook Pro Laptop,1,3/24/2019 13:06
171703,Apple Airpods Headphones,1,3/19/2019 9:51
171704,Lightning Charging Cable,1,3/12/2019 20:51
171705,iPhone,1,3/1/2019 20:30
171706,AA Batteries (4-pack),3,3/16/2019 17:46
171707,Macbook Pro Laptop,1,3/30/2019 20:45
171708,Bose SoundSport Headphones,1,3/9/2019 10:30
171709,27in FHD Monitor,1,3/1/2019 6:39
171710,Lightning Charging Cable,1,3/10/2019 12:58
171711,Google Phone,1,3/2/2019 12:31
171711,Wired Headphones,1,3/2/2019 12:31
171712,Bose SoundSport Headphones,1,3/23/2019 1:17
171713,AAA Batteries (4-pack),5,3/12/2019 13:43
171714,Wired Headphones,1,3/5/2019 18:23
171715,AAA Batteries (4-pack),1,3/28/2019 0:18
171716,Macbook Pro Laptop,1,3/18/2019 16:30
171717,AAA Batteries (4-pack),1,3/18/2019 21:34
171718,AA Batteries (4-pack),1,3/26/2019 19:10
171719,34in Ultrawide Monitor,1,3/28/2019 0:28
171720,27in 4K Gaming Monitor,1,3/21/2019 22:25
171721,Lightning Charging Cable,1,3/11/2019 16:14
171722,Lightning Charging Cable,1,3/15/2019 12:58
171723,Bose SoundSport Headphones,1,3/6/2019 11:20
171724,Vareebadd Phone,1,3/20/2019 22:03
171725,iPhone,1,3/14/2019 15:54
171726,34in Ultrawide Monitor,1,3/27/2019 13:29
171727,Lightning Charging Cable,1,3/7/2019 15:25
171728,27in 4K Gaming Monitor,1,3/9/2019 19:20
171729,Lightning Charging Cable,1,3/8/2019 10:11
171730,ThinkPad Laptop,1,3/30/2019 19:09
171731,Apple Airpods Headphones,1,3/20/2019 12:10
171732,AAA Batteries (4-pack),1,3/25/2019 12:51
171733,Apple Airpods Headphones,1,3/26/2019 0:15
171734,27in FHD Monitor,1,3/19/2019 21:37
171735,27in 4K Gaming Monitor,1,3/13/2019 23:34
171736,AA Batteries (4-pack),3,3/14/2019 11:34
171737,34in Ultrawide Monitor,1,3/9/2019 20:05
171738,Bose SoundSport Headphones,1,3/21/2019 21:35
171739,Google Phone,1,3/29/2019 15:20
171740,Wired Headphones,1,3/27/2019 15:27
171741,Bose SoundSport Headphones,1,3/9/2019 12:48
171742,AA Batteries (4-pack),1,3/25/2019 22:46
171743,20in Monitor,1,3/23/2019 18:50
171744,AAA Batteries (4-pack),2,3/24/2019 14:21
171745,Apple Airpods Headphones,1,3/31/2019 17:45
171746,AA Batteries (4-pack),2,3/19/2019 13:09
171747,AAA Batteries (4-pack),1,3/20/2019 13:02
171748,34in Ultrawide Monitor,1,3/10/2019 22:44
171749,AAA Batteries (4-pack),1,3/7/2019 19:34
171750,AAA Batteries (4-pack),1,3/15/2019 19:07
171751,Lightning Charging Cable,1,3/17/2019 13:05
,,,
171752,AAA Batteries (4-pack),1,3/31/2019 17:37
171753,Wired Headphones,1,3/24/2019 19:04
171754,Apple Airpods Headphones,1,3/8/2019 21:01
171755,Lightning Charging Cable,1,3/23/2019 14:05
171756,Bose SoundSport Headphones,1,3/30/2019 13:00
171757,Apple Airpods Headphones,1,3/6/2019 23:31
171758,Apple Airpods Headphones,2,3/5/2019 19:41
171759,Lightning Charging Cable,1,3/26/2019 9:17
171760,AA Batteries (4-pack),1,3/7/2019 23:54
171761,Apple Airpods Headphones,1,3/6/2019 17:12
171762,AAA Batteries (4-pack),1,3/23/2019 14:33
171763,20in Monitor,1,3/26/2019 18:55
171764,Lightning Charging Cable,1,3/2/2019 11:06
171765,AAA Batteries (4-pack),1,3/24/2019 16:35
171766,ThinkPad Laptop,1,3/4/2019 16:18
171767,27in FHD Monitor,1,3/9/2019 19:34
171768,USB-C Charging Cable,1,3/7/2019 19:54
171769,Lightning Charging Cable,1,3/23/2019 14:50
171770,AA Batteries (4-pack),1,3/19/2019 13:07
171771,Bose SoundSport Headphones,1,3/1/2019 12:54
171772,Vareebadd Phone,1,3/23/2019 8:27
171773,AAA Batteries (4-pack),1,3/29/2019 19:44
171774,AA Batteries (4-pack),1,3/19/2019 20:11
171775,USB-C Charging Cable,1,3/27/2019 4:19
171776,USB-C Charging Cable,1,3/8/2019 19:24
171777,Lightning Charging Cable,1,3/24/2019 8:59
171778,Bose SoundSport Headphones,1,3/8/2019 19:29
171779,Apple Airpods Headphones,1,3/14/2019 17:40
171780,Apple Airpods Headphones,1,3/21/2019 16:27
171781,27in 4K Gaming Monitor,1,3/15/2019 9:14
171782,AAA Batteries (4-pack),3,3/19/2019 8:38
171783,Wired Headphones,1,3/23/2019 15:55
171784,Apple Airpods Headphones,1,3/16/2019 13:04
171785,AA Batteries (4-pack),1,3/12/2019 11:52
171786,34in Ultrawide Monitor,1,3/16/2019 21:41
171787,AAA Batteries (4-pack),1,3/14/2019 4:12
171788,Lightning Charging Cable,1,3/6/2019 18:47
171789,Wired Headphones,1,3/12/2019 21:26
171790,AAA Batteries (4-pack),2,3/21/2019 20:30
171791,Apple Airpods Headphones,1,3/27/2019 7:42
171792,Bose SoundSport Headphones,1,3/12/2019 17:29
171793,USB-C Charging Cable,1,3/12/2019 12:19
171794,Macbook Pro Laptop,1,3/17/2019 14:08
171795,Bose SoundSport Headphones,1,3/20/2019 8:49
171796,Lightning Charging Cable,1,3/31/2019 12:55
171797,Wired Headphones,1,3/1/2019 12:21
171798,Apple Airpods Headphones,1,3/27/2019 17:13
171799,USB-C Charging Cable,1,3/4/2019 3:02
171800,AAA Batteries (4-pack),1,3/1/2019 17:41
171801,iPhone,1,3/31/2019 7:15
171801,Apple Airpods Headphones,1,3/31/2019 7:15
171802,Apple Airpods Headphones,1,3/11/2019 22:12
171803,Apple Airpods Headphones,1,3/3/2019 13:31
171804,AA Batteries (4-pack),1,3/26/2019 7:19
171805,AA Batteries (4-pack),1,3/15/2019 21:54
171806,iPhone,1,3/6/2019 11:29
171806,Lightning Charging Cable,1,3/6/2019 11:29
171807,USB-C Charging Cable,1,3/22/2019 12:33
171808,Bose SoundSport Headphones,1,3/7/2019 20:59
171809,USB-C Charging Cable,1,3/10/2019 21:56
171810,USB-C Charging Cable,2,3/12/2019 14:12
171811,Lightning Charging Cable,1,3/5/2019 10:03
171812,USB-C Charging Cable,1,3/3/2019 7:12
171813,27in FHD Monitor,1,3/6/2019 15:44
171814,Apple Airpods Headphones,1,3/10/2019 16:53
171815,iPhone,1,3/18/2019 18:47
171816,AA Batteries (4-pack),1,3/24/2019 13:17
171817,Vareebadd Phone,1,3/27/2019 14:04
171818,AAA Batteries (4-pack),1,3/19/2019 9:09
171819,AAA Batteries (4-pack),1,3/12/2019 15:23
171820,AA Batteries (4-pack),2,3/5/2019 15:20
171821,AA Batteries (4-pack),1,3/27/2019 14:19
171822,Lightning Charging Cable,1,3/12/2019 10:57
171823,Wired Headphones,2,3/27/2019 16:46
171824,AAA Batteries (4-pack),1,3/2/2019 18:59
171825,iPhone,1,3/3/2019 20:57
171825,Lightning Charging Cable,1,3/3/2019 20:57
171826,27in 4K Gaming Monitor,1,3/21/2019 12:54
171827,Bose SoundSport Headphones,1,3/3/2019 5:45
171828,AA Batteries (4-pack),3,3/13/2019 19:54
171829,AAA Batteries (4-pack),1,3/11/2019 13:58
171830,Wired Headphones,1,3/8/2019 13:25
171831,AAA Batteries (4-pack),4,3/11/2019 11:22
171832,Lightning Charging Cable,1,3/5/2019 12:23
171833,27in 4K Gaming Monitor,1,3/21/2019 10:47
171834,AAA Batteries (4-pack),1,3/15/2019 16:35
171835,Apple Airpods Headphones,1,3/8/2019 12:23
171836,Flatscreen TV,1,3/15/2019 19:28
171837,AA Batteries (4-pack),1,3/27/2019 11:10
171838,USB-C Charging Cable,1,3/14/2019 16:28
171839,Apple Airpods Headphones,1,3/13/2019 7:09
171840,USB-C Charging Cable,1,3/8/2019 14:53
171841,Lightning Charging Cable,1,3/15/2019 19:47
171842,ThinkPad Laptop,1,3/16/2019 17:33
171843,Google Phone,1,3/5/2019 7:34
171843,Bose SoundSport Headphones,1,3/5/2019 7:34
171844,Lightning Charging Cable,1,3/19/2019 18:19
171845,Apple Airpods Headphones,1,3/31/2019 9:44
171846,Google Phone,1,3/21/2019 0:20
171847,Apple Airpods Headphones,1,3/3/2019 8:31
,,,
171848,Apple Airpods Headphones,1,3/30/2019 21:25
171849,ThinkPad Laptop,1,3/25/2019 13:31
171850,AAA Batteries (4-pack),2,3/5/2019 13:45
171851,ThinkPad Laptop,1,3/2/2019 16:50
171852,27in 4K Gaming Monitor,1,3/15/2019 9:51
171853,AAA Batteries (4-pack),2,3/9/2019 19:36
171854,Bose SoundSport Headphones,1,3/31/2019 10:20
171855,USB-C Charging Cable,2,3/28/2019 21:51
171856,Bose SoundSport Headphones,1,3/13/2019 23:16
171857,USB-C Charging Cable,2,3/31/2019 16:14
171858,27in 4K Gaming Monitor,1,3/26/2019 13:12
171859,27in 4K Gaming Monitor,1,3/20/2019 12:27
171860,USB-C Charging Cable,1,3/13/2019 23:00
171861,AAA Batteries (4-pack),1,3/23/2019 23:16
171862,AAA Batteries (4-pack),2,3/11/2019 14:32
171863,27in FHD Monitor,1,3/13/2019 11:16
171864,27in 4K Gaming Monitor,1,3/21/2019 17:11
171865,USB-C Charging Cable,1,3/25/2019 18:26
171866,AA Batteries (4-pack),2,3/25/2019 2:26
171867,Bose SoundSport Headphones,1,3/10/2019 21:29
171868,Lightning Charging Cable,1,3/13/2019 14:00
171869,ThinkPad Laptop,1,3/25/2019 18:22
171870,AAA Batteries (4-pack),2,3/23/2019 15:27
171871,Lightning Charging Cable,1,3/7/2019 10:04
171872,20in Monitor,1,3/31/2019 13:57
171873,20in Monitor,1,3/2/2019 20:52
171874,AA Batteries (4-pack),1,3/24/2019 11:27
171875,USB-C Charging Cable,1,3/10/2019 12:51
171876,Lightning Charging Cable,1,3/14/2019 15:43
171877,AAA Batteries (4-pack),1,3/5/2019 6:26
171878,Wired Headphones,1,3/21/2019 21:29
171879,Wired Headphones,1,3/27/2019 10:10
171880,Flatscreen TV,1,3/22/2019 22:15
171881,AA Batteries (4-pack),1,3/19/2019 11:22
171882,AAA Batteries (4-pack),2,3/5/2019 15:16
171883,34in Ultrawide Monitor,1,3/23/2019 8:10
171884,34in Ultrawide Monitor,1,3/18/2019 15:49
171885,Wired Headphones,1,3/26/2019 19:10
171886,Bose SoundSport Headphones,1,3/1/2019 18:04
171887,27in 4K Gaming Monitor,1,3/20/2019 9:58
171888,USB-C Charging Cable,1,3/9/2019 9:13
171889,AA Batteries (4-pack),1,3/23/2019 17:56
171890,iPhone,1,3/8/2019 0:52
171891,Macbook Pro Laptop,1,3/12/2019 20:36
171892,Macbook Pro Laptop,1,3/5/2019 17:53
171893,27in FHD Monitor,1,3/8/2019 10:59
171894,AAA Batteries (4-pack),3,3/1/2019 12:01
171895,Bose SoundSport Headphones,1,3/29/2019 21:03
171896,Vareebadd Phone,1,3/18/2019 5:03
171896,USB-C Charging Cable,1,3/18/2019 5:03
171897,USB-C Charging Cable,1,3/28/2019 13:08
171898,USB-C Charging Cable,1,3/27/2019 2:17
171899,Wired Headphones,1,3/12/2019 13:12
171900,ThinkPad Laptop,1,3/23/2019 23:09
171901,Bose SoundSport Headphones,1,3/30/2019 8:01
171902,USB-C Charging Cable,2,3/3/2019 23:18
171903,AA Batteries (4-pack),2,3/13/2019 20:23
171904,27in 4K Gaming Monitor,1,3/4/2019 14:32
171904,Lightning Charging Cable,1,3/4/2019 14:32
171905,Bose SoundSport Headphones,1,3/7/2019 10:43
171906,27in 4K Gaming Monitor,1,3/12/2019 14:10
171907,Lightning Charging Cable,2,3/16/2019 16:53
171908,20in Monitor,2,3/6/2019 14:38
171909,Bose SoundSport Headphones,1,3/26/2019 22:41
171910,Flatscreen TV,1,3/12/2019 12:46
171911,AA Batteries (4-pack),2,3/19/2019 10:29
171912,Bose SoundSport Headphones,1,3/19/2019 16:16
171912,USB-C Charging Cable,1,3/19/2019 16:16
171913,27in FHD Monitor,1,3/31/2019 7:52
171914,Flatscreen TV,1,3/13/2019 18:06
171915,27in 4K Gaming Monitor,1,3/24/2019 17:07
171916,Lightning Charging Cable,1,3/12/2019 12:39
171917,Wired Headphones,2,3/24/2019 13:03
171918,AA Batteries (4-pack),1,3/6/2019 11:21
171919,AA Batteries (4-pack),1,3/7/2019 19:09
171920,27in FHD Monitor,1,3/16/2019 19:24
171921,Bose SoundSport Headphones,1,3/9/2019 0:34
171922,20in Monitor,1,3/17/2019 11:32
171923,Flatscreen TV,1,3/18/2019 11:25
171924,AA Batteries (4-pack),1,3/4/2019 11:48
171925,AA Batteries (4-pack),1,3/24/2019 16:57
171926,AA Batteries (4-pack),1,3/8/2019 9:58
171927,27in 4K Gaming Monitor,1,3/15/2019 8:44
171928,AAA Batteries (4-pack),1,3/20/2019 11:33
171929,AA Batteries (4-pack),1,3/7/2019 19:30
171930,Wired Headphones,1,3/22/2019 8:09
171931,Vareebadd Phone,1,3/19/2019 21:02
171932,USB-C Charging Cable,1,3/24/2019 15:04
171933,Apple Airpods Headphones,1,3/24/2019 11:57
171934,AA Batteries (4-pack),1,3/8/2019 11:56
171935,LG Washing Machine,1,3/14/2019 16:42
171935,AAA Batteries (4-pack),2,3/14/2019 16:42
171936,34in Ultrawide Monitor,1,3/18/2019 19:26
171937,AA Batteries (4-pack),1,3/24/2019 20:11
171938,Lightning Charging Cable,1,3/2/2019 13:39
171939,AA Batteries (4-pack),1,3/13/2019 22:02
171940,Wired Headphones,3,3/12/2019 19:03
171941,ThinkPad Laptop,1,3/31/2019 11:39
171942,27in 4K Gaming Monitor,1,3/20/2019 14:15
171943,AA Batteries (4-pack),2,3/6/2019 15:10
171944,Lightning Charging Cable,1,3/31/2019 11:17
171945,Lightning Charging Cable,2,3/29/2019 21:17
171945,Macbook Pro Laptop,1,3/29/2019 21:17
171946,Apple Airpods Headphones,1,3/7/2019 10:39
171947,34in Ultrawide Monitor,1,3/25/2019 0:43
171948,USB-C Charging Cable,1,3/31/2019 6:13
171949,Apple Airpods Headphones,1,3/17/2019 13:25
171950,Apple Airpods Headphones,1,3/5/2019 11:27
171951,34in Ultrawide Monitor,1,3/3/2019 18:18
171952,AA Batteries (4-pack),1,3/27/2019 16:25
171953,Wired Headphones,4,3/31/2019 10:11
171954,AA Batteries (4-pack),1,3/19/2019 11:30
171955,iPhone,1,3/27/2019 14:43
171956,34in Ultrawide Monitor,1,3/23/2019 13:35
171957,34in Ultrawide Monitor,1,3/27/2019 6:28
171958,AA Batteries (4-pack),2,3/14/2019 19:06
171959,Wired Headphones,1,3/29/2019 16:53
171960,Lightning Charging Cable,1,3/1/2019 8:30
171961,AAA Batteries (4-pack),1,3/11/2019 19:02
171962,Apple Airpods Headphones,1,3/1/2019 12:35
171963,Bose SoundSport Headphones,1,3/17/2019 15:48
171964,Wired Headphones,1,3/8/2019 18:13
171965,AAA Batteries (4-pack),1,3/25/2019 22:17
171966,AAA Batteries (4-pack),1,3/19/2019 22:50
171967,Vareebadd Phone,1,3/14/2019 14:59
171968,AA Batteries (4-pack),1,3/7/2019 8:52
171969,USB-C Charging Cable,1,3/3/2019 7:04
171970,Lightning Charging Cable,1,3/22/2019 16:15
171971,USB-C Charging Cable,1,3/13/2019 15:40
171972,Lightning Charging Cable,1,3/28/2019 18:46
171973,Macbook Pro Laptop,1,3/15/2019 17:33
171974,AA Batteries (4-pack),1,3/24/2019 0:06
171975,27in 4K Gaming Monitor,1,3/10/2019 0:46
171976,AA Batteries (4-pack),1,3/28/2019 11:09
171977,Apple Airpods Headphones,1,3/17/2019 21:57
171978,Wired Headphones,1,3/10/2019 21:58
171979,34in Ultrawide Monitor,1,3/13/2019 16:12
171980,USB-C Charging Cable,1,3/21/2019 20:16
171981,Lightning Charging Cable,1,3/1/2019 9:37
171982,Bose SoundSport Headphones,1,3/17/2019 9:21
171983,USB-C Charging Cable,1,3/25/2019 14:20
171984,Flatscreen TV,1,3/14/2019 20:15
171985,Macbook Pro Laptop,1,3/29/2019 22:25
171986,iPhone,1,3/23/2019 10:00
171987,27in 4K Gaming Monitor,1,3/10/2019 12:30
171988,AAA Batteries (4-pack),2,3/3/2019 22:39
171989,iPhone,1,3/19/2019 21:47
171990,27in FHD Monitor,1,3/16/2019 20:33
171991,USB-C Charging Cable,1,3/21/2019 3:31
171992,ThinkPad Laptop,1,3/17/2019 11:44
171993,AAA Batteries (4-pack),1,3/4/2019 23:01
171994,AA Batteries (4-pack),1,3/19/2019 9:04
171995,AA Batteries (4-pack),1,3/22/2019 19:43
171996,Lightning Charging Cable,1,3/28/2019 17:28
171997,Apple Airpods Headphones,1,3/7/2019 2:25
171998,Bose SoundSport Headphones,1,3/23/2019 11:50
171999,AA Batteries (4-pack),1,3/23/2019 14:56
172000,27in 4K Gaming Monitor,1,3/31/2019 14:50
172001,Bose SoundSport Headphones,1,3/31/2019 0:48
172002,Wired Headphones,1,3/20/2019 18:25
172003,AAA Batteries (4-pack),2,3/19/2019 17:28
172004,Apple Airpods Headphones,1,3/4/2019 0:40
172005,USB-C Charging Cable,1,3/6/2019 12:24
172006,Apple Airpods Headphones,1,3/23/2019 14:01
172007,27in FHD Monitor,1,3/3/2019 13:12
172008,Lightning Charging Cable,1,3/1/2019 21:22
172009,iPhone,1,3/25/2019 22:55
172010,Bose SoundSport Headphones,1,3/22/2019 21:52
172011,Bose SoundSport Headphones,1,3/9/2019 19:43
172012,AAA Batteries (4-pack),1,3/26/2019 18:25
172013,Wired Headphones,2,3/3/2019 18:03
172014,Flatscreen TV,1,3/10/2019 14:45
172015,Bose SoundSport Headphones,1,3/22/2019 15:12
172016,AAA Batteries (4-pack),1,3/2/2019 15:42
172017,USB-C Charging Cable,1,3/17/2019 9:06
172018,USB-C Charging Cable,1,3/2/2019 19:26
172019,AA Batteries (4-pack),1,3/25/2019 21:41
172020,USB-C Charging Cable,1,3/31/2019 16:47
172021,Lightning Charging Cable,1,3/14/2019 18:12
172022,USB-C Charging Cable,1,3/15/2019 8:21
172023,USB-C Charging Cable,1,3/11/2019 16:21
172024,Lightning Charging Cable,1,3/26/2019 13:44
172025,Lightning Charging Cable,1,3/5/2019 12:39
172026,AA Batteries (4-pack),1,3/3/2019 12:56
172027,27in 4K Gaming Monitor,1,3/5/2019 11:09
172028,Apple Airpods Headphones,1,3/7/2019 13:49
172029,iPhone,1,3/14/2019 11:40
172029,Wired Headphones,1,3/14/2019 11:40
172030,Lightning Charging Cable,1,3/9/2019 21:22
172031,Flatscreen TV,1,3/14/2019 18:43
172032,Google Phone,1,3/22/2019 14:17
172033,USB-C Charging Cable,1,3/5/2019 21:28
172034,AAA Batteries (4-pack),3,3/20/2019 18:36
172035,Bose SoundSport Headphones,1,3/21/2019 14:24
172036,AA Batteries (4-pack),1,3/29/2019 17:58
172037,AA Batteries (4-pack),1,3/27/2019 12:39
172038,27in FHD Monitor,1,3/3/2019 14:14
172039,AA Batteries (4-pack),2,3/10/2019 18:48
172040,AAA Batteries (4-pack),1,3/9/2019 18:47
172040,Wired Headphones,1,3/9/2019 18:47
172041,AAA Batteries (4-pack),2,3/15/2019 10:34
172042,27in 4K Gaming Monitor,1,3/3/2019 7:57
172043,AA Batteries (4-pack),1,3/16/2019 11:20
172044,ThinkPad Laptop,1,3/19/2019 18:58
172045,Bose SoundSport Headphones,1,3/22/2019 11:56
172046,AA Batteries (4-pack),1,3/24/2019 21:14
172047,27in 4K Gaming Monitor,1,3/15/2019 13:00
172048,AAA Batteries (4-pack),3,3/20/2019 19:25
172049,Lightning Charging Cable,1,3/14/2019 23:39
172050,AA Batteries (4-pack),2,3/21/2019 3:04
172051,Wired Headphones,2,3/15/2019 21:35
172052,ThinkPad Laptop,1,3/22/2019 15:15
172053,Lightning Charging Cable,1,3/26/2019 21:46
172054,USB-C Charging Cable,1,3/4/2019 13:44
172055,Lightning Charging Cable,1,3/10/2019 13:14
172056,20in Monitor,1,3/10/2019 23:31
172057,AA Batteries (4-pack),1,3/25/2019 8:27
172058,LG Washing Machine,1,3/7/2019 14:27
172059,AA Batteries (4-pack),1,3/30/2019 10:48
172060,USB-C Charging Cable,1,3/27/2019 14:03
172061,27in 4K Gaming Monitor,1,3/28/2019 14:34
172062,Wired Headphones,1,3/23/2019 11:53
172063,AA Batteries (4-pack),1,3/3/2019 16:42
172064,Wired Headphones,1,3/24/2019 9:30
172065,AAA Batteries (4-pack),1,3/28/2019 9:53
172066,Bose SoundSport Headphones,1,3/19/2019 12:42
172067,Apple Airpods Headphones,1,3/21/2019 16:28
172068,27in 4K Gaming Monitor,1,3/18/2019 19:29
172069,Wired Headphones,1,3/10/2019 13:04
172070,20in Monitor,1,3/8/2019 22:32
172070,Lightning Charging Cable,1,3/8/2019 22:32
172071,34in Ultrawide Monitor,1,3/19/2019 8:21
172072,USB-C Charging Cable,1,3/5/2019 9:44
172073,AAA Batteries (4-pack),1,3/8/2019 0:18
172074,AAA Batteries (4-pack),1,3/10/2019 10:37
172075,Lightning Charging Cable,1,3/13/2019 19:17
172076,AAA Batteries (4-pack),5,3/28/2019 18:03
172077,AA Batteries (4-pack),2,3/11/2019 19:53
172078,27in FHD Monitor,1,3/12/2019 11:34
172079,Lightning Charging Cable,1,3/12/2019 11:06
172080,Bose SoundSport Headphones,1,3/7/2019 17:38
172081,ThinkPad Laptop,1,3/26/2019 22:27
172082,USB-C Charging Cable,1,3/25/2019 19:13
172083,Lightning Charging Cable,1,3/10/2019 16:40
172084,Apple Airpods Headphones,1,3/13/2019 12:36
172085,Apple Airpods Headphones,1,3/21/2019 16:20
172086,Wired Headphones,1,3/13/2019 12:30
172087,Lightning Charging Cable,1,3/14/2019 19:23
172088,Apple Airpods Headphones,1,3/9/2019 12:15
172089,Apple Airpods Headphones,1,3/9/2019 9:35
172090,Bose SoundSport Headphones,1,3/12/2019 13:30
172091,Bose SoundSport Headphones,1,3/29/2019 18:41
172092,ThinkPad Laptop,1,3/29/2019 16:54
172093,USB-C Charging Cable,1,3/31/2019 19:50
172094,AAA Batteries (4-pack),1,3/22/2019 19:24
172095,AAA Batteries (4-pack),2,3/3/2019 23:36
172096,USB-C Charging Cable,1,3/5/2019 16:24
172097,USB-C Charging Cable,1,3/12/2019 15:05
172098,AA Batteries (4-pack),1,3/17/2019 12:10
172099,AA Batteries (4-pack),1,3/18/2019 16:38
172100,Lightning Charging Cable,1,3/28/2019 20:26
172101,AAA Batteries (4-pack),2,3/13/2019 8:55
172102,USB-C Charging Cable,2,3/16/2019 13:21
172103,Apple Airpods Headphones,1,3/6/2019 20:06
172104,Wired Headphones,1,3/24/2019 18:26
172105,Bose SoundSport Headphones,1,3/15/2019 12:59
172106,USB-C Charging Cable,1,3/15/2019 20:30
172107,20in Monitor,1,3/16/2019 20:45
172108,Lightning Charging Cable,1,3/29/2019 17:56
172109,Bose SoundSport Headphones,1,3/14/2019 14:16
172110,Google Phone,1,3/27/2019 21:28
172111,Lightning Charging Cable,1,3/3/2019 10:10
172112,Wired Headphones,1,3/26/2019 10:40
172113,USB-C Charging Cable,1,3/23/2019 14:44
172114,AA Batteries (4-pack),1,3/3/2019 18:34
172115,Lightning Charging Cable,1,3/5/2019 16:26
172116,20in Monitor,1,3/15/2019 16:15
172117,USB-C Charging Cable,1,3/2/2019 7:05
,,,
172118,USB-C Charging Cable,1,3/21/2019 3:24
172119,Apple Airpods Headphones,1,3/5/2019 16:41
172120,Lightning Charging Cable,1,3/2/2019 21:45
172121,USB-C Charging Cable,1,3/6/2019 18:19
172122,USB-C Charging Cable,1,3/19/2019 20:37
172123,AAA Batteries (4-pack),2,3/14/2019 23:13
172123,Wired Headphones,1,3/14/2019 23:13
172124,Wired Headphones,1,3/28/2019 20:01
172125,Lightning Charging Cable,1,3/12/2019 11:47
172126,Bose SoundSport Headphones,1,3/15/2019 19:31
172127,USB-C Charging Cable,1,3/28/2019 17:58
172128,20in Monitor,1,3/4/2019 18:00
172129,iPhone,1,3/20/2019 5:59
172130,AA Batteries (4-pack),1,3/2/2019 7:15
172131,Bose SoundSport Headphones,1,3/5/2019 12:55
172132,USB-C Charging Cable,1,3/19/2019 20:51
172133,AA Batteries (4-pack),1,3/29/2019 21:53
172134,27in FHD Monitor,1,3/19/2019 10:44
172135,Apple Airpods Headphones,1,3/2/2019 11:42
172136,Apple Airpods Headphones,1,3/22/2019 0:09
172137,Wired Headphones,1,3/11/2019 14:41
172138,AAA Batteries (4-pack),1,3/30/2019 8:49
172139,AAA Batteries (4-pack),1,3/10/2019 18:36
172140,USB-C Charging Cable,1,3/6/2019 13:19
172141,27in 4K Gaming Monitor,1,3/19/2019 14:40
172142,AA Batteries (4-pack),1,3/30/2019 14:57
172143,Lightning Charging Cable,1,3/24/2019 20:02
172144,USB-C Charging Cable,1,3/20/2019 15:26
172145,ThinkPad Laptop,1,3/7/2019 19:22
172146,AA Batteries (4-pack),1,3/21/2019 14:54
172147,Wired Headphones,1,3/23/2019 10:34
172148,27in FHD Monitor,1,3/27/2019 22:32
172149,Bose SoundSport Headphones,1,3/1/2019 22:34
172150,Apple Airpods Headphones,1,3/27/2019 0:09
172151,Bose SoundSport Headphones,1,3/26/2019 11:28
172152,Vareebadd Phone,1,3/16/2019 12:25
172153,USB-C Charging Cable,1,3/1/2019 18:58
172154,Lightning Charging Cable,1,3/14/2019 21:56
172155,USB-C Charging Cable,1,3/11/2019 23:08
172155,USB-C Charging Cable,1,3/11/2019 23:08
172156,iPhone,1,3/16/2019 4:16
172157,27in FHD Monitor,1,3/17/2019 19:27
172158,USB-C Charging Cable,1,3/13/2019 18:18
172159,34in Ultrawide Monitor,1,3/6/2019 19:58
172160,Lightning Charging Cable,1,3/17/2019 19:34
172161,USB-C Charging Cable,1,3/21/2019 2:56
172162,Bose SoundSport Headphones,1,3/16/2019 8:27
172163,Flatscreen TV,1,3/3/2019 11:36
172164,AAA Batteries (4-pack),1,3/21/2019 10:29
172165,AA Batteries (4-pack),1,3/24/2019 17:48
172166,Wired Headphones,1,3/2/2019 9:06
172167,AA Batteries (4-pack),2,3/29/2019 15:56
172168,Wired Headphones,1,3/19/2019 5:50
172169,AA Batteries (4-pack),1,3/13/2019 12:22
172170,Vareebadd Phone,1,3/14/2019 13:33
172171,Flatscreen TV,1,3/23/2019 20:39
172171,27in FHD Monitor,1,3/23/2019 20:39
172172,Macbook Pro Laptop,1,3/7/2019 13:37
172173,Bose SoundSport Headphones,1,3/26/2019 13:21
172174,27in 4K Gaming Monitor,1,3/23/2019 10:17
172175,Google Phone,1,3/2/2019 15:34
172175,USB-C Charging Cable,1,3/2/2019 15:34
172176,Google Phone,1,3/26/2019 8:49
172176,USB-C Charging Cable,1,3/26/2019 8:49
172177,AAA Batteries (4-pack),1,3/8/2019 18:08
172177,Wired Headphones,1,3/8/2019 18:08
172178,Lightning Charging Cable,1,3/29/2019 19:25
172179,iPhone,1,3/24/2019 13:04
172180,Apple Airpods Headphones,1,3/3/2019 4:52
172181,AA Batteries (4-pack),1,3/27/2019 20:10
172182,USB-C Charging Cable,1,3/23/2019 16:05
172183,Bose SoundSport Headphones,1,3/27/2019 13:58
172183,AAA Batteries (4-pack),3,3/27/2019 13:58
172184,Flatscreen TV,1,3/3/2019 18:36
172185,Wired Headphones,1,3/13/2019 23:59
172186,27in 4K Gaming Monitor,1,3/1/2019 10:19
172187,Lightning Charging Cable,1,3/7/2019 14:28
172188,Bose SoundSport Headphones,1,3/17/2019 15:44
172189,AA Batteries (4-pack),1,3/12/2019 8:51
172190,Lightning Charging Cable,1,3/13/2019 14:38
172191,34in Ultrawide Monitor,1,3/18/2019 13:04
172192,27in FHD Monitor,1,3/5/2019 22:17
172193,34in Ultrawide Monitor,1,3/1/2019 21:31
172194,Bose SoundSport Headphones,1,3/17/2019 13:07
172195,AA Batteries (4-pack),1,3/11/2019 18:46
172196,27in FHD Monitor,1,3/23/2019 2:11
172197,Apple Airpods Headphones,1,3/5/2019 22:27
172198,AAA Batteries (4-pack),1,3/13/2019 16:40
172199,Bose SoundSport Headphones,1,3/14/2019 19:18
172200,Apple Airpods Headphones,1,3/30/2019 11:03
172201,Google Phone,1,3/17/2019 12:24
172201,Wired Headphones,1,3/17/2019 12:24
172202,Apple Airpods Headphones,1,3/18/2019 21:44
172203,27in FHD Monitor,1,3/29/2019 15:38
172204,Bose SoundSport Headphones,1,3/18/2019 8:23
172205,iPhone,1,3/20/2019 19:07
172205,Apple Airpods Headphones,1,3/20/2019 19:07
172206,AA Batteries (4-pack),1,3/15/2019 15:31
172207,ThinkPad Laptop,1,3/20/2019 23:53
172208,Google Phone,1,3/30/2019 15:47
172208,USB-C Charging Cable,1,3/30/2019 15:47
172209,AAA Batteries (4-pack),2,3/30/2019 8:38
172210,Lightning Charging Cable,1,3/18/2019 21:18
172211,AA Batteries (4-pack),1,3/16/2019 20:13
172212,AAA Batteries (4-pack),2,3/6/2019 15:58
172213,Lightning Charging Cable,1,3/17/2019 9:23
172214,27in FHD Monitor,1,3/7/2019 23:42
172215,20in Monitor,1,3/14/2019 16:11
172216,AAA Batteries (4-pack),1,3/16/2019 9:49
172217,ThinkPad Laptop,1,3/27/2019 12:02
172218,AAA Batteries (4-pack),1,3/3/2019 21:03
172219,Lightning Charging Cable,1,3/30/2019 1:57
172220,USB-C Charging Cable,1,3/27/2019 12:21
172221,AA Batteries (4-pack),1,3/6/2019 12:59
172222,Apple Airpods Headphones,1,3/23/2019 10:43
172223,iPhone,1,3/27/2019 6:38
172223,Lightning Charging Cable,1,3/27/2019 6:38
172224,AAA Batteries (4-pack),1,3/8/2019 8:55
172225,20in Monitor,1,3/8/2019 11:01
172226,ThinkPad Laptop,1,3/9/2019 9:10
172227,USB-C Charging Cable,1,3/6/2019 16:19
172228,Apple Airpods Headphones,1,3/9/2019 21:59
172229,Google Phone,1,3/20/2019 20:19
172230,Apple Airpods Headphones,1,3/26/2019 16:02
172231,Bose SoundSport Headphones,1,3/16/2019 18:21
172232,Bose SoundSport Headphones,1,3/29/2019 23:00
172233,27in FHD Monitor,1,3/9/2019 19:52
172234,27in 4K Gaming Monitor,1,3/27/2019 13:32
172235,Macbook Pro Laptop,1,3/9/2019 18:46
172236,iPhone,1,3/2/2019 8:07
172237,AA Batteries (4-pack),1,3/1/2019 18:49
172238,20in Monitor,1,3/20/2019 15:01
172239,Wired Headphones,1,3/4/2019 16:11
172240,Bose SoundSport Headphones,1,3/31/2019 17:45
172241,20in Monitor,1,3/13/2019 12:11
172241,Wired Headphones,1,3/13/2019 12:11
172242,AA Batteries (4-pack),1,3/17/2019 9:39
172243,34in Ultrawide Monitor,1,3/30/2019 18:43
172244,Bose SoundSport Headphones,1,3/5/2019 9:02
172245,Wired Headphones,1,3/27/2019 17:52
172246,AA Batteries (4-pack),2,3/13/2019 11:02
172247,USB-C Charging Cable,1,3/9/2019 13:27
172248,USB-C Charging Cable,1,3/23/2019 18:34
172249,AAA Batteries (4-pack),1,3/9/2019 20:37
172250,Lightning Charging Cable,1,3/1/2019 20:54
172251,Wired Headphones,1,3/29/2019 20:52
172252,Bose SoundSport Headphones,1,3/24/2019 16:41
172253,Wired Headphones,1,3/26/2019 7:42
172254,AAA Batteries (4-pack),1,3/11/2019 10:37
172255,Bose SoundSport Headphones,1,3/18/2019 20:01
172256,Apple Airpods Headphones,1,3/19/2019 11:58
172257,AA Batteries (4-pack),2,3/4/2019 9:49
172258,AA Batteries (4-pack),1,3/1/2019 22:10
172259,AA Batteries (4-pack),1,3/3/2019 11:55
172260,Google Phone,1,3/5/2019 15:12
172261,Bose SoundSport Headphones,2,3/20/2019 20:51
172262,AA Batteries (4-pack),1,3/14/2019 16:40
172263,USB-C Charging Cable,2,3/21/2019 12:55
172264,AAA Batteries (4-pack),1,3/21/2019 13:19
172265,Google Phone,1,3/2/2019 17:25
172265,Bose SoundSport Headphones,1,3/2/2019 17:25
172266,USB-C Charging Cable,1,3/31/2019 9:10
172267,Wired Headphones,1,3/25/2019 10:12
172267,Macbook Pro Laptop,1,3/25/2019 10:12
172268,Lightning Charging Cable,1,3/6/2019 12:02
172269,AAA Batteries (4-pack),1,3/11/2019 11:36
172270,27in FHD Monitor,1,3/9/2019 18:58
172271,Apple Airpods Headphones,1,3/9/2019 20:20
172272,AA Batteries (4-pack),1,3/19/2019 14:57
172273,Bose SoundSport Headphones,1,3/8/2019 19:24
172274,Bose SoundSport Headphones,1,3/29/2019 13:16
172275,Lightning Charging Cable,1,3/21/2019 15:09
172276,AAA Batteries (4-pack),2,3/7/2019 16:47
172277,AA Batteries (4-pack),3,3/5/2019 12:03
172278,AAA Batteries (4-pack),3,3/9/2019 13:29
172279,Flatscreen TV,1,3/27/2019 13:52
172280,USB-C Charging Cable,2,3/16/2019 21:13
172281,34in Ultrawide Monitor,1,3/18/2019 17:09
172282,Vareebadd Phone,1,3/27/2019 17:16
172283,Bose SoundSport Headphones,1,3/9/2019 17:14
172284,AA Batteries (4-pack),1,3/20/2019 16:31
172285,ThinkPad Laptop,1,3/22/2019 12:41
172286,Wired Headphones,1,3/13/2019 21:25
172287,Wired Headphones,1,3/7/2019 23:55
172288,Bose SoundSport Headphones,1,3/15/2019 13:28
172289,Vareebadd Phone,1,3/2/2019 10:10
172290,Wired Headphones,1,3/22/2019 23:07
172291,Apple Airpods Headphones,1,3/5/2019 19:37
172292,Lightning Charging Cable,1,3/3/2019 21:15
172293,Google Phone,1,3/1/2019 11:05
172293,USB-C Charging Cable,1,3/1/2019 11:05
172294,Lightning Charging Cable,1,3/16/2019 16:58
172295,Bose SoundSport Headphones,1,3/21/2019 9:30
172296,Lightning Charging Cable,1,3/29/2019 19:12
172297,Wired Headphones,1,3/20/2019 7:39
172298,USB-C Charging Cable,1,3/2/2019 8:16
172299,Lightning Charging Cable,1,3/27/2019 13:58
172300,AAA Batteries (4-pack),1,3/17/2019 14:09
172301,USB-C Charging Cable,1,3/14/2019 16:50
172302,USB-C Charging Cable,1,3/15/2019 22:15
172303,Lightning Charging Cable,1,3/21/2019 12:30
172304,Wired Headphones,1,3/7/2019 14:52
172305,Apple Airpods Headphones,1,3/22/2019 11:41
172306,USB-C Charging Cable,1,3/31/2019 9:05
172307,34in Ultrawide Monitor,1,3/2/2019 17:50
172308,Macbook Pro Laptop,1,3/7/2019 16:38
172309,Apple Airpods Headphones,1,3/31/2019 10:16
172310,Lightning Charging Cable,1,3/4/2019 11:03
172311,Lightning Charging Cable,1,3/24/2019 13:01
172312,Apple Airpods Headphones,1,3/2/2019 12:59
172313,27in FHD Monitor,1,3/4/2019 21:50
172314,AAA Batteries (4-pack),1,3/18/2019 10:06
172315,Apple Airpods Headphones,1,3/26/2019 14:57
172316,Flatscreen TV,1,3/6/2019 21:13
172317,AAA Batteries (4-pack),2,3/23/2019 11:49
172318,Lightning Charging Cable,1,3/23/2019 12:31
172319,AA Batteries (4-pack),1,3/27/2019 18:21
172320,27in FHD Monitor,1,3/7/2019 18:23
172321,AAA Batteries (4-pack),1,3/20/2019 23:25
172322,Lightning Charging Cable,1,3/3/2019 19:26
172323,USB-C Charging Cable,1,3/27/2019 16:25
172324,AA Batteries (4-pack),3,3/21/2019 8:38
172325,Apple Airpods Headphones,1,3/10/2019 0:41
172326,AAA Batteries (4-pack),1,3/17/2019 12:04
172327,USB-C Charging Cable,1,3/24/2019 18:12
172327,Lightning Charging Cable,1,3/24/2019 18:12
172328,AAA Batteries (4-pack),1,3/9/2019 12:42
172329,AA Batteries (4-pack),1,3/11/2019 20:56
172330,Lightning Charging Cable,2,3/4/2019 11:47
172331,Macbook Pro Laptop,1,3/24/2019 15:15
172332,USB-C Charging Cable,1,3/8/2019 12:51
172333,Flatscreen TV,1,3/5/2019 19:44
172334,Wired Headphones,1,3/31/2019 22:39
172335,Wired Headphones,1,3/30/2019 0:20
172336,27in 4K Gaming Monitor,1,3/29/2019 18:09
172337,20in Monitor,1,3/27/2019 18:55
172338,Bose SoundSport Headphones,1,3/1/2019 9:26
172339,Lightning Charging Cable,1,3/19/2019 23:11
172340,Lightning Charging Cable,1,3/8/2019 23:26
172341,Apple Airpods Headphones,1,3/10/2019 16:55
172342,AAA Batteries (4-pack),3,3/21/2019 19:56
172343,Wired Headphones,1,3/27/2019 16:11
172344,Apple Airpods Headphones,1,3/18/2019 2:21
172345,27in 4K Gaming Monitor,1,3/5/2019 11:02
172346,Apple Airpods Headphones,1,3/26/2019 11:55
172347,Bose SoundSport Headphones,1,3/29/2019 20:08
172348,27in 4K Gaming Monitor,1,3/4/2019 16:35
,,,
172349,Wired Headphones,1,3/2/2019 23:00
172350,Lightning Charging Cable,1,3/18/2019 9:35
172351,Flatscreen TV,1,3/5/2019 16:06
172352,Lightning Charging Cable,1,3/31/2019 8:27
172353,27in FHD Monitor,1,3/1/2019 21:34
172354,Lightning Charging Cable,1,3/5/2019 11:17
172355,Wired Headphones,1,3/19/2019 13:23
172356,AA Batteries (4-pack),1,3/14/2019 18:01
172357,Vareebadd Phone,1,3/2/2019 21:33
172357,USB-C Charging Cable,1,3/2/2019 21:33
172358,Apple Airpods Headphones,1,3/30/2019 7:39
172359,AA Batteries (4-pack),1,3/8/2019 13:20
172360,AA Batteries (4-pack),1,3/27/2019 3:25
172361,Lightning Charging Cable,1,3/25/2019 17:16
172362,iPhone,1,3/20/2019 19:46
172362,Lightning Charging Cable,1,3/20/2019 19:46
172363,AAA Batteries (4-pack),1,3/13/2019 17:05
172364,Bose SoundSport Headphones,1,3/26/2019 21:37
172365,Apple Airpods Headphones,1,3/26/2019 1:24
172366,Wired Headphones,1,3/17/2019 18:00
172367,Bose SoundSport Headphones,1,3/19/2019 19:41
172368,27in 4K Gaming Monitor,1,3/30/2019 22:22
172369,Vareebadd Phone,1,3/15/2019 14:13
172369,USB-C Charging Cable,1,3/15/2019 14:13
172370,USB-C Charging Cable,1,3/16/2019 18:47
172371,Bose SoundSport Headphones,1,3/10/2019 11:17
172372,Lightning Charging Cable,1,3/10/2019 22:53
172373,USB-C Charging Cable,1,3/24/2019 19:51
172374,AA Batteries (4-pack),1,3/24/2019 19:23
172375,AA Batteries (4-pack),1,3/27/2019 18:28
172376,27in FHD Monitor,1,3/11/2019 12:43
172377,AA Batteries (4-pack),1,3/22/2019 7:46
172378,Lightning Charging Cable,1,3/27/2019 1:15
172379,AAA Batteries (4-pack),6,3/8/2019 18:09
172380,Lightning Charging Cable,1,3/20/2019 1:35
172381,Lightning Charging Cable,1,3/24/2019 18:09
172382,Apple Airpods Headphones,1,3/28/2019 10:34
172383,27in 4K Gaming Monitor,1,3/14/2019 22:15
172384,USB-C Charging Cable,1,3/18/2019 22:46
172385,AA Batteries (4-pack),1,3/20/2019 16:27
172386,Wired Headphones,1,3/20/2019 3:56
172387,AAA Batteries (4-pack),1,3/6/2019 11:49
172387,Wired Headphones,1,3/6/2019 11:49
172388,AAA Batteries (4-pack),3,3/22/2019 7:39
172389,Wired Headphones,1,3/28/2019 12:11
172390,iPhone,1,3/14/2019 20:04
172391,USB-C Charging Cable,1,3/9/2019 17:44
172392,Bose SoundSport Headphones,1,3/20/2019 10:39
172393,Google Phone,1,3/19/2019 18:14
172394,Google Phone,1,3/8/2019 9:58
172395,AA Batteries (4-pack),1,3/12/2019 13:53
172396,AAA Batteries (4-pack),1,3/14/2019 13:49
172397,Macbook Pro Laptop,1,3/21/2019 12:54
172398,AA Batteries (4-pack),2,3/31/2019 20:16
172399,AA Batteries (4-pack),1,3/2/2019 22:22
172400,Apple Airpods Headphones,1,3/31/2019 16:29
172401,Macbook Pro Laptop,1,3/19/2019 12:23
172402,27in FHD Monitor,1,3/4/2019 9:35
172403,Wired Headphones,1,3/9/2019 6:57
172404,Lightning Charging Cable,1,3/30/2019 13:46
172404,USB-C Charging Cable,1,3/30/2019 13:46
172405,Bose SoundSport Headphones,1,3/21/2019 18:25
172406,Lightning Charging Cable,1,3/31/2019 16:11
172407,AAA Batteries (4-pack),1,3/8/2019 12:14
172408,Macbook Pro Laptop,1,3/25/2019 8:41
172409,Apple Airpods Headphones,1,3/22/2019 19:39
172410,Vareebadd Phone,1,3/14/2019 8:37
172411,USB-C Charging Cable,1,3/30/2019 19:43
172412,AA Batteries (4-pack),1,3/16/2019 13:04
172413,iPhone,1,3/23/2019 14:08
172414,Lightning Charging Cable,1,3/6/2019 17:37
172415,Wired Headphones,1,3/14/2019 16:56
172416,Wired Headphones,1,3/6/2019 9:49
172417,AA Batteries (4-pack),2,3/2/2019 13:01
172418,Lightning Charging Cable,1,3/12/2019 19:02
172419,iPhone,1,3/14/2019 19:25
172420,27in FHD Monitor,1,3/23/2019 19:28
172421,AAA Batteries (4-pack),1,3/3/2019 17:24
172422,AAA Batteries (4-pack),1,3/5/2019 20:34
172423,27in FHD Monitor,1,3/24/2019 16:20
172424,27in 4K Gaming Monitor,1,3/12/2019 19:58
172425,AA Batteries (4-pack),2,3/8/2019 18:26
172426,Google Phone,1,3/18/2019 12:49
172426,USB-C Charging Cable,1,3/18/2019 12:49
172427,27in 4K Gaming Monitor,1,3/29/2019 23:17
172428,AAA Batteries (4-pack),1,3/5/2019 17:52
172429,Vareebadd Phone,1,3/18/2019 12:33
172430,Bose SoundSport Headphones,1,3/16/2019 19:09
172431,Flatscreen TV,1,3/29/2019 8:58
172432,AA Batteries (4-pack),1,3/24/2019 21:15
172433,20in Monitor,1,3/2/2019 15:13
172434,Google Phone,1,3/8/2019 21:12
172435,USB-C Charging Cable,1,3/29/2019 15:00
172436,Bose SoundSport Headphones,1,3/19/2019 16:11
172437,AA Batteries (4-pack),1,3/20/2019 18:12
172438,AAA Batteries (4-pack),1,3/19/2019 21:40
172439,27in 4K Gaming Monitor,1,3/11/2019 2:24
172440,AA Batteries (4-pack),2,3/14/2019 16:48
172441,27in FHD Monitor,1,3/7/2019 16:38
172442,AAA Batteries (4-pack),2,3/4/2019 7:35
172443,Lightning Charging Cable,1,3/29/2019 16:20
172444,AA Batteries (4-pack),1,3/23/2019 18:22
172445,AAA Batteries (4-pack),1,3/9/2019 11:07
172446,USB-C Charging Cable,1,3/21/2019 19:36
172447,27in FHD Monitor,1,3/15/2019 19:37
172448,AA Batteries (4-pack),1,3/23/2019 6:32
172449,ThinkPad Laptop,1,3/29/2019 16:40
172450,Bose SoundSport Headphones,1,3/20/2019 14:41
172451,AAA Batteries (4-pack),1,3/20/2019 9:41
172452,Wired Headphones,1,3/13/2019 17:12
172453,AA Batteries (4-pack),1,3/29/2019 17:11
172454,AA Batteries (4-pack),1,3/23/2019 11:36
172455,Vareebadd Phone,1,3/31/2019 16:30
172456,USB-C Charging Cable,1,3/17/2019 12:30
172457,USB-C Charging Cable,1,3/14/2019 7:54
172458,iPhone,1,3/16/2019 5:05
172459,27in 4K Gaming Monitor,1,3/20/2019 22:29
172460,AA Batteries (4-pack),1,3/8/2019 20:00
172461,Lightning Charging Cable,1,3/5/2019 19:17
172462,AAA Batteries (4-pack),1,3/16/2019 13:11
172463,AAA Batteries (4-pack),1,3/26/2019 18:57
172464,Bose SoundSport Headphones,1,3/14/2019 10:57
172465,USB-C Charging Cable,1,3/26/2019 22:12
172466,Flatscreen TV,1,3/29/2019 11:47
172467,AAA Batteries (4-pack),1,3/18/2019 20:16
172468,AA Batteries (4-pack),3,3/4/2019 10:36
172469,AA Batteries (4-pack),1,3/13/2019 12:42
172470,Google Phone,1,3/26/2019 15:17
172471,Wired Headphones,1,3/1/2019 11:35
172472,Wired Headphones,1,3/18/2019 19:21
172473,20in Monitor,1,3/2/2019 12:58
172474,Bose SoundSport Headphones,1,3/13/2019 8:44
172475,34in Ultrawide Monitor,1,3/2/2019 16:55
172476,AA Batteries (4-pack),1,3/26/2019 14:33
172477,34in Ultrawide Monitor,1,3/14/2019 14:00
172478,Macbook Pro Laptop,1,3/28/2019 12:13
172479,AAA Batteries (4-pack),1,3/28/2019 21:25
172480,Apple Airpods Headphones,1,3/7/2019 17:15
172481,Apple Airpods Headphones,1,3/13/2019 1:56
172482,Macbook Pro Laptop,1,3/25/2019 23:07
172483,20in Monitor,1,3/3/2019 22:31
172484,34in Ultrawide Monitor,1,3/15/2019 20:57
172485,Lightning Charging Cable,1,3/16/2019 18:00
172486,Apple Airpods Headphones,1,3/16/2019 11:22
172487,Apple Airpods Headphones,1,3/7/2019 19:46
172488,27in 4K Gaming Monitor,1,3/2/2019 14:33
172489,Lightning Charging Cable,1,3/5/2019 18:49
172490,Bose SoundSport Headphones,1,3/5/2019 20:39
172491,AAA Batteries (4-pack),1,3/8/2019 0:52
172492,USB-C Charging Cable,1,3/6/2019 20:32
172492,Wired Headphones,1,3/6/2019 20:32
172493,iPhone,1,3/26/2019 12:27
172493,Wired Headphones,1,3/26/2019 12:27
172494,20in Monitor,1,3/1/2019 21:08
172495,Lightning Charging Cable,1,3/8/2019 14:05
172495,USB-C Charging Cable,1,3/8/2019 14:05
172496,Wired Headphones,1,3/27/2019 0:35
172497,AAA Batteries (4-pack),1,3/22/2019 21:47
172498,Apple Airpods Headphones,1,3/13/2019 13:27
172499,Macbook Pro Laptop,1,3/3/2019 22:08
172500,Lightning Charging Cable,1,3/5/2019 19:42
172501,Bose SoundSport Headphones,1,3/5/2019 15:46
172502,AA Batteries (4-pack),2,3/13/2019 16:55
172503,Wired Headphones,1,3/28/2019 16:46
172504,Lightning Charging Cable,1,3/25/2019 20:36
172505,Bose SoundSport Headphones,1,3/5/2019 15:16
172506,Apple Airpods Headphones,1,3/8/2019 16:17
172507,27in FHD Monitor,1,3/3/2019 10:32
172508,AA Batteries (4-pack),2,3/18/2019 21:45
172509,Wired Headphones,1,3/29/2019 10:49
172510,AA Batteries (4-pack),1,3/28/2019 15:56
,,,
172511,Macbook Pro Laptop,1,3/10/2019 17:36
172512,AA Batteries (4-pack),1,3/14/2019 19:10
172513,AAA Batteries (4-pack),1,3/24/2019 20:57
172514,AAA Batteries (4-pack),1,3/12/2019 14:05
172515,27in 4K Gaming Monitor,1,3/10/2019 16:35
172516,AA Batteries (4-pack),1,3/19/2019 16:48
172516,Wired Headphones,1,3/19/2019 16:48
172517,USB-C Charging Cable,1,3/12/2019 17:21
172518,Apple Airpods Headphones,1,3/31/2019 17:20
172519,Lightning Charging Cable,1,3/31/2019 13:04
172520,Wired Headphones,1,3/14/2019 13:14
172521,27in FHD Monitor,1,3/1/2019 12:30
172522,27in FHD Monitor,1,3/9/2019 21:25
172523,Apple Airpods Headphones,1,3/24/2019 1:07
172524,AAA Batteries (4-pack),1,3/19/2019 13:46
172525,ThinkPad Laptop,1,3/11/2019 13:45
172526,AA Batteries (4-pack),1,3/13/2019 11:25
172527,Wired Headphones,1,3/9/2019 17:51
172528,AA Batteries (4-pack),1,3/25/2019 18:40
172528,LG Dryer,1,3/25/2019 18:40
172529,AAA Batteries (4-pack),1,3/16/2019 13:25
172530,Macbook Pro Laptop,1,3/2/2019 8:11
172531,AAA Batteries (4-pack),1,3/6/2019 7:22
172532,USB-C Charging Cable,1,3/27/2019 12:18
172533,Apple Airpods Headphones,1,3/8/2019 13:32
172534,AA Batteries (4-pack),1,3/21/2019 12:35
172535,Lightning Charging Cable,1,3/20/2019 10:33
172536,iPhone,1,3/12/2019 21:19
172537,AAA Batteries (4-pack),1,3/19/2019 11:53
172538,Bose SoundSport Headphones,1,3/1/2019 16:18
172539,iPhone,1,3/20/2019 11:45
172540,Bose SoundSport Headphones,1,3/25/2019 12:08
172541,20in Monitor,1,3/4/2019 10:59
172542,AA Batteries (4-pack),1,3/9/2019 21:10
172543,27in 4K Gaming Monitor,1,3/12/2019 13:05
172544,AAA Batteries (4-pack),2,3/2/2019 18:52
172545,USB-C Charging Cable,1,3/21/2019 9:27
172546,Flatscreen TV,1,3/3/2019 18:21
172547,27in 4K Gaming Monitor,1,3/11/2019 2:17
172548,Apple Airpods Headphones,1,3/2/2019 17:57
172549,AAA Batteries (4-pack),1,3/21/2019 11:07
172550,USB-C Charging Cable,1,3/30/2019 11:28
172551,USB-C Charging Cable,1,3/12/2019 14:29
172552,AA Batteries (4-pack),1,3/23/2019 14:18
172553,34in Ultrawide Monitor,1,3/27/2019 0:41
Order ID,Product,Quantity Ordered,Order Date
172554,USB-C Charging Cable,2,3/21/2019 22:13
172555,Wired Headphones,1,3/9/2019 10:10
172556,AAA Batteries (4-pack),2,3/3/2019 19:12
172557,Google Phone,1,3/8/2019 10:58
172557,USB-C Charging Cable,1,3/8/2019 10:58
172557,Bose SoundSport Headphones,1,3/8/2019 10:58
172558,USB-C Charging Cable,1,3/27/2019 12:13
172559,Apple Airpods Headphones,1,3/8/2019 5:48
172560,USB-C Charging Cable,1,3/23/2019 6:10
172561,AAA Batteries (4-pack),2,3/8/2019 21:22
172562,Wired Headphones,1,3/19/2019 19:19
172563,Macbook Pro Laptop,1,3/15/2019 17:25
172564,USB-C Charging Cable,1,3/21/2019 21:20
172565,Wired Headphones,1,3/2/2019 16:06
172566,Wired Headphones,1,3/10/2019 9:18
172567,iPhone,1,3/26/2019 19:37
172568,Apple Airpods Headphones,1,3/3/2019 12:35
172569,USB-C Charging Cable,1,3/22/2019 17:02
172570,Wired Headphones,1,3/17/2019 18:20
172571,Bose SoundSport Headphones,1,3/3/2019 18:09
172572,Apple Airpods Headphones,1,3/17/2019 9:10
172573,Lightning Charging Cable,1,3/10/2019 16:21
172574,AAA Batteries (4-pack),2,3/14/2019 12:34
172575,Wired Headphones,1,3/1/2019 11:05
172576,27in FHD Monitor,1,3/15/2019 17:20
172577,USB-C Charging Cable,1,3/9/2019 15:58
172578,Google Phone,1,3/13/2019 11:26
172579,Macbook Pro Laptop,1,3/24/2019 18:43
172580,34in Ultrawide Monitor,1,3/14/2019 13:35
172581,Google Phone,1,3/30/2019 13:37
172582,Lightning Charging Cable,1,3/7/2019 17:41
172583,34in Ultrawide Monitor,1,3/10/2019 18:50
172584,Lightning Charging Cable,1,3/17/2019 17:20
172585,Wired Headphones,1,3/14/2019 17:39
172586,27in 4K Gaming Monitor,1,3/4/2019 1:29
172587,Bose SoundSport Headphones,1,3/19/2019 17:29
172588,Lightning Charging Cable,1,3/17/2019 9:31
172589,AAA Batteries (4-pack),1,3/13/2019 9:57
172590,USB-C Charging Cable,1,3/17/2019 16:52
172591,34in Ultrawide Monitor,1,3/16/2019 9:33
172592,Wired Headphones,2,3/13/2019 16:25
172593,Macbook Pro Laptop,1,3/25/2019 19:13
172594,Bose SoundSport Headphones,1,3/10/2019 18:11
172595,ThinkPad Laptop,1,3/11/2019 9:38
172596,Lightning Charging Cable,1,3/19/2019 13:42
172597,Macbook Pro Laptop,1,3/3/2019 14:41
172598,Lightning Charging Cable,1,3/28/2019 8:36
172599,27in FHD Monitor,1,3/11/2019 21:03
172600,LG Washing Machine,1,3/24/2019 14:42
172601,Lightning Charging Cable,1,3/16/2019 7:46
172602,Apple Airpods Headphones,1,3/29/2019 1:37
172603,Apple Airpods Headphones,1,3/10/2019 16:27
172604,Wired Headphones,1,3/21/2019 9:09
172605,27in FHD Monitor,1,3/24/2019 15:34
172606,27in FHD Monitor,1,3/10/2019 12:31
172607,Lightning Charging Cable,1,3/22/2019 7:18
172608,USB-C Charging Cable,1,3/30/2019 19:46
172609,USB-C Charging Cable,1,3/10/2019 21:04
172610,Google Phone,1,3/19/2019 13:16
172611,Lightning Charging Cable,1,3/22/2019 13:17
172612,iPhone,1,3/26/2019 7:53
172613,Google Phone,1,3/29/2019 12:52
172614,Wired Headphones,1,3/14/2019 15:52
172615,Lightning Charging Cable,1,3/29/2019 20:14
172616,Bose SoundSport Headphones,1,3/13/2019 20:26
172617,Wired Headphones,1,3/9/2019 8:46
172618,Apple Airpods Headphones,1,3/16/2019 15:42
172619,AAA Batteries (4-pack),1,3/29/2019 16:52
172620,Bose SoundSport Headphones,1,3/21/2019 16:12
172621,Wired Headphones,1,3/3/2019 23:35
172622,34in Ultrawide Monitor,1,3/12/2019 7:25
172623,Lightning Charging Cable,1,3/11/2019 22:47
172624,USB-C Charging Cable,1,3/13/2019 10:11
172625,USB-C Charging Cable,1,3/8/2019 11:53
172626,USB-C Charging Cable,1,3/16/2019 14:51
172627,Wired Headphones,1,3/15/2019 23:47
172628,Wired Headphones,1,3/16/2019 13:18
172629,AA Batteries (4-pack),1,3/20/2019 8:22
172630,AAA Batteries (4-pack),2,3/8/2019 12:00
172631,Apple Airpods Headphones,1,3/26/2019 10:20
172632,AAA Batteries (4-pack),1,3/7/2019 17:33
172633,Bose SoundSport Headphones,1,3/19/2019 12:34
172634,AAA Batteries (4-pack),1,3/28/2019 23:28
172635,27in 4K Gaming Monitor,1,3/15/2019 12:39
172636,Bose SoundSport Headphones,1,3/17/2019 17:49
172637,ThinkPad Laptop,1,3/31/2019 11:41
172638,Lightning Charging Cable,1,3/6/2019 15:07
172639,AAA Batteries (4-pack),3,3/5/2019 12:35
172640,USB-C Charging Cable,1,3/22/2019 22:32
172641,34in Ultrawide Monitor,1,3/4/2019 20:24
172642,LG Dryer,1,3/24/2019 11:08
172643,Wired Headphones,1,3/9/2019 19:03
172644,Lightning Charging Cable,1,3/29/2019 20:48
172645,Lightning Charging Cable,1,3/24/2019 13:38
172646,Bose SoundSport Headphones,1,3/9/2019 12:29
172647,iPhone,1,3/7/2019 15:15
172648,AAA Batteries (4-pack),3,3/2/2019 18:14
172649,AAA Batteries (4-pack),1,3/3/2019 11:18
172650,Lightning Charging Cable,1,3/16/2019 10:52
172651,Wired Headphones,1,3/26/2019 15:11
172652,27in 4K Gaming Monitor,1,3/17/2019 7:36
172653,Apple Airpods Headphones,1,3/5/2019 15:04
172654,iPhone,1,3/5/2019 21:20
172654,Lightning Charging Cable,1,3/5/2019 21:20
172655,Apple Airpods Headphones,1,3/8/2019 10:59
172656,Bose SoundSport Headphones,1,3/5/2019 12:53
172657,AAA Batteries (4-pack),2,3/13/2019 12:15
172658,AA Batteries (4-pack),1,3/22/2019 20:44
172659,Apple Airpods Headphones,1,3/3/2019 17:51
172660,AA Batteries (4-pack),1,3/11/2019 8:25
172661,Wired Headphones,1,3/7/2019 13:34
172662,AAA Batteries (4-pack),1,3/25/2019 16:57
172663,Apple Airpods Headphones,2,3/15/2019 10:50
172664,Wired Headphones,1,3/28/2019 20:21
172665,iPhone,1,3/25/2019 11:12
172666,Apple Airpods Headphones,1,3/14/2019 9:42
172667,27in 4K Gaming Monitor,1,3/22/2019 16:04
172668,AAA Batteries (4-pack),1,3/5/2019 23:00
172669,20in Monitor,1,3/3/2019 21:29
172670,Bose SoundSport Headphones,1,3/3/2019 20:57
172671,Apple Airpods Headphones,1,3/18/2019 15:31
,,,
172672,USB-C Charging Cable,1,3/2/2019 14:55
172673,AA Batteries (4-pack),1,3/25/2019 14:24
172674,Bose SoundSport Headphones,1,3/9/2019 12:07
172675,iPhone,1,3/7/2019 14:13
172676,AAA Batteries (4-pack),1,3/9/2019 11:05
172677,Bose SoundSport Headphones,1,3/10/2019 22:04
172678,AA Batteries (4-pack),2,3/1/2019 18:15
172679,Bose SoundSport Headphones,1,3/14/2019 16:32
172680,iPhone,1,3/9/2019 13:30
172681,Flatscreen TV,1,3/21/2019 18:10
172682,Bose SoundSport Headphones,1,3/11/2019 17:35
172683,20in Monitor,1,3/25/2019 19:46
172684,Wired Headphones,1,3/16/2019 18:55
172685,AAA Batteries (4-pack),1,3/23/2019 20:24
172686,Bose SoundSport Headphones,1,3/17/2019 20:23
172687,Wired Headphones,1,3/18/2019 12:31
172688,Apple Airpods Headphones,1,3/5/2019 10:25
172689,27in 4K Gaming Monitor,1,3/11/2019 18:20
172690,Lightning Charging Cable,1,3/11/2019 18:07
172691,34in Ultrawide Monitor,1,3/14/2019 11:21
172692,Vareebadd Phone,1,3/23/2019 16:53
172692,Wired Headphones,1,3/23/2019 16:53
172693,Google Phone,1,3/22/2019 5:54
172694,Bose SoundSport Headphones,1,3/16/2019 18:40
172695,Apple Airpods Headphones,1,3/31/2019 12:03
172696,Apple Airpods Headphones,1,3/12/2019 17:07
172697,Bose SoundSport Headphones,1,3/22/2019 9:24
172698,USB-C Charging Cable,1,3/21/2019 14:48
172699,Lightning Charging Cable,1,3/4/2019 8:14
172700,34in Ultrawide Monitor,1,3/18/2019 12:19
172701,Lightning Charging Cable,1,3/18/2019 7:21
172702,20in Monitor,1,3/2/2019 20:54
172703,Lightning Charging Cable,1,3/23/2019 13:07
172704,Bose SoundSport Headphones,1,3/12/2019 13:37
172705,Lightning Charging Cable,1,3/3/2019 13:00
172706,iPhone,1,3/14/2019 14:33
172706,Apple Airpods Headphones,1,3/14/2019 14:33
172707,Lightning Charging Cable,1,3/16/2019 10:00
172708,AA Batteries (4-pack),1,3/2/2019 0:29
172709,27in 4K Gaming Monitor,1,3/17/2019 22:10
,,,
172710,Wired Headphones,1,3/3/2019 22:52
172711,AAA Batteries (4-pack),1,3/17/2019 8:26
172712,Apple Airpods Headphones,1,3/20/2019 10:38
172713,Wired Headphones,1,3/16/2019 18:05
172714,20in Monitor,1,3/25/2019 10:14
172715,Wired Headphones,1,3/30/2019 19:29
172716,iPhone,1,3/7/2019 8:34
172716,Lightning Charging Cable,1,3/7/2019 8:34
172717,AAA Batteries (4-pack),1,3/4/2019 9:56
172718,Lightning Charging Cable,1,3/23/2019 8:26
172719,AA Batteries (4-pack),1,3/7/2019 21:26
172720,34in Ultrawide Monitor,1,3/15/2019 9:42
172721,Bose SoundSport Headphones,1,3/22/2019 18:06
172722,AAA Batteries (4-pack),1,3/13/2019 12:24
172723,Apple Airpods Headphones,1,3/24/2019 20:37
172724,27in 4K Gaming Monitor,1,3/20/2019 22:58
172725,34in Ultrawide Monitor,1,3/19/2019 9:32
172725,AA Batteries (4-pack),1,3/19/2019 9:32
172726,AAA Batteries (4-pack),1,3/23/2019 12:54
172727,Google Phone,1,3/12/2019 12:34
172728,Apple Airpods Headphones,1,3/16/2019 11:53
172729,Wired Headphones,1,3/2/2019 0:40
172730,AA Batteries (4-pack),2,3/8/2019 12:34
172731,USB-C Charging Cable,1,3/29/2019 15:47
172732,Lightning Charging Cable,1,3/28/2019 12:32
172733,Wired Headphones,1,3/5/2019 17:44
172734,AA Batteries (4-pack),3,3/25/2019 15:08
172735,27in 4K Gaming Monitor,1,3/20/2019 22:14
172736,AA Batteries (4-pack),1,3/13/2019 18:30
172737,ThinkPad Laptop,1,3/20/2019 10:58
172738,Apple Airpods Headphones,1,3/20/2019 19:50
172739,Wired Headphones,1,3/18/2019 21:55
172740,AAA Batteries (4-pack),2,3/16/2019 19:22
172741,Lightning Charging Cable,2,3/7/2019 11:00
172742,Wired Headphones,1,3/23/2019 8:46
172743,Apple Airpods Headphones,1,3/22/2019 18:00
172744,20in Monitor,1,3/31/2019 16:37
172745,AA Batteries (4-pack),2,3/30/2019 13:17
172746,34in Ultrawide Monitor,1,3/5/2019 18:40
172747,Lightning Charging Cable,1,3/10/2019 13:40
172748,AAA Batteries (4-pack),4,3/3/2019 8:04
172749,USB-C Charging Cable,1,3/27/2019 8:56
172750,Wired Headphones,1,3/2/2019 22:33
172751,Bose SoundSport Headphones,1,3/23/2019 19:04
172752,27in FHD Monitor,1,3/26/2019 10:05
172753,Lightning Charging Cable,1,3/25/2019 14:30
172754,AAA Batteries (4-pack),3,3/15/2019 21:27
172755,Flatscreen TV,1,3/18/2019 13:11
172756,AA Batteries (4-pack),1,3/9/2019 7:54
172757,AAA Batteries (4-pack),3,3/1/2019 16:04
172758,20in Monitor,1,3/22/2019 17:06
172759,Bose SoundSport Headphones,1,3/22/2019 0:11
172760,AA Batteries (4-pack),1,3/26/2019 21:21
172761,AA Batteries (4-pack),1,3/29/2019 18:08
172762,Apple Airpods Headphones,1,3/26/2019 8:42
172763,USB-C Charging Cable,1,3/1/2019 11:52
172764,Macbook Pro Laptop,1,3/7/2019 14:22
172765,Wired Headphones,2,3/27/2019 22:14
172766,Apple Airpods Headphones,1,3/23/2019 15:42
172767,Bose SoundSport Headphones,1,3/27/2019 20:40
172768,Apple Airpods Headphones,1,3/13/2019 21:09
172769,Wired Headphones,1,3/28/2019 21:44
172770,USB-C Charging Cable,1,3/2/2019 10:07
172771,AA Batteries (4-pack),1,3/29/2019 21:03
172772,27in 4K Gaming Monitor,1,3/17/2019 12:01
172773,27in 4K Gaming Monitor,1,3/14/2019 10:37
172774,ThinkPad Laptop,1,3/21/2019 11:56
172775,Lightning Charging Cable,1,3/8/2019 22:37
172776,Apple Airpods Headphones,1,3/6/2019 12:51
172777,AA Batteries (4-pack),2,3/28/2019 20:02
172778,Wired Headphones,2,3/6/2019 7:41
172779,20in Monitor,1,3/15/2019 22:46
172780,USB-C Charging Cable,2,3/18/2019 16:25
172781,USB-C Charging Cable,1,3/4/2019 1:13
172782,USB-C Charging Cable,1,3/16/2019 19:20
172782,AA Batteries (4-pack),2,3/16/2019 19:20
172783,USB-C Charging Cable,1,3/4/2019 22:14
172784,Macbook Pro Laptop,1,3/18/2019 23:28
172785,AA Batteries (4-pack),1,3/23/2019 18:08
172786,Bose SoundSport Headphones,1,3/5/2019 9:40
172787,USB-C Charging Cable,1,3/25/2019 19:11
172788,Wired Headphones,1,3/19/2019 10:03
172788,27in 4K Gaming Monitor,1,3/19/2019 10:03
172789,Lightning Charging Cable,1,3/8/2019 13:20
172790,Wired Headphones,1,3/21/2019 18:41
172791,Wired Headphones,1,3/8/2019 14:20
172792,AAA Batteries (4-pack),1,3/12/2019 15:50
172793,27in 4K Gaming Monitor,1,3/9/2019 20:13
172794,Apple Airpods Headphones,1,3/11/2019 15:13
172795,Wired Headphones,1,3/6/2019 22:59
172796,USB-C Charging Cable,1,3/9/2019 10:09
172797,Wired Headphones,1,3/23/2019 13:43
172798,Lightning Charging Cable,1,3/29/2019 11:01
172799,AAA Batteries (4-pack),1,3/2/2019 12:04
172800,Google Phone,1,3/13/2019 21:07
172800,USB-C Charging Cable,1,3/13/2019 21:07
172801,Lightning Charging Cable,2,3/17/2019 2:49
172802,Wired Headphones,1,3/17/2019 13:04
172803,Bose SoundSport Headphones,1,3/19/2019 9:40
172804,Apple Airpods Headphones,1,3/15/2019 10:11
172805,AA Batteries (4-pack),2,3/14/2019 19:20
172805,Bose SoundSport Headphones,1,3/14/2019 19:20
172806,20in Monitor,1,3/6/2019 16:12
172807,Apple Airpods Headphones,1,3/24/2019 16:33
172808,Macbook Pro Laptop,1,3/8/2019 5:43
172809,27in FHD Monitor,1,3/9/2019 19:52
172810,Lightning Charging Cable,1,3/10/2019 23:40
172811,Macbook Pro Laptop,1,3/25/2019 14:53
172812,Google Phone,1,3/1/2019 10:53
172813,Bose SoundSport Headphones,1,3/13/2019 11:27
172814,AAA Batteries (4-pack),1,3/10/2019 17:47
172815,Lightning Charging Cable,1,3/24/2019 11:08
172816,Bose SoundSport Headphones,1,3/6/2019 13:33
172817,Apple Airpods Headphones,1,3/7/2019 18:25
172818,Lightning Charging Cable,1,3/10/2019 1:44
172819,Wired Headphones,1,3/30/2019 16:15
172820,Apple Airpods Headphones,1,3/15/2019 12:14
172821,Lightning Charging Cable,1,3/25/2019 22:36
172822,27in FHD Monitor,1,3/9/2019 11:10
172823,Lightning Charging Cable,2,3/22/2019 6:52
172824,20in Monitor,1,3/28/2019 21:19
172825,AAA Batteries (4-pack),1,3/10/2019 10:37
172826,Bose SoundSport Headphones,1,3/21/2019 23:16
172827,USB-C Charging Cable,1,3/1/2019 17:17
172828,Apple Airpods Headphones,1,3/29/2019 21:44
172828,Lightning Charging Cable,1,3/29/2019 21:44
172829,USB-C Charging Cable,1,3/25/2019 21:56
172830,USB-C Charging Cable,1,3/5/2019 23:49
172831,USB-C Charging Cable,1,3/30/2019 11:58
172832,Lightning Charging Cable,1,3/12/2019 19:01
172833,27in FHD Monitor,1,3/2/2019 16:04
172834,AAA Batteries (4-pack),2,3/9/2019 12:49
172835,27in 4K Gaming Monitor,1,3/21/2019 23:12
172836,ThinkPad Laptop,1,3/23/2019 23:35
172837,USB-C Charging Cable,1,3/4/2019 13:09
172838,Wired Headphones,1,3/5/2019 18:53
172839,AA Batteries (4-pack),2,3/18/2019 13:49
172840,Lightning Charging Cable,1,3/1/2019 11:06
172841,Bose SoundSport Headphones,1,3/24/2019 17:02
172842,AA Batteries (4-pack),1,3/26/2019 21:44
172843,Bose SoundSport Headphones,1,3/25/2019 9:40
172844,AA Batteries (4-pack),1,3/23/2019 9:06
172845,AA Batteries (4-pack),1,3/2/2019 16:24
172846,AAA Batteries (4-pack),2,3/14/2019 11:28
172847,Google Phone,1,3/30/2019 17:06
172847,Wired Headphones,1,3/30/2019 17:06
172848,Lightning Charging Cable,1,3/22/2019 19:10
172849,USB-C Charging Cable,1,3/3/2019 16:28
172850,AA Batteries (4-pack),1,3/7/2019 7:48
172851,Wired Headphones,1,3/19/2019 17:11
172852,Lightning Charging Cable,1,3/23/2019 3:03
172853,AAA Batteries (4-pack),1,3/6/2019 10:02
172854,Wired Headphones,1,3/14/2019 15:26
172855,27in 4K Gaming Monitor,1,3/23/2019 15:23
172856,AA Batteries (4-pack),2,3/7/2019 17:17
172857,Lightning Charging Cable,1,3/29/2019 17:51
172858,AAA Batteries (4-pack),1,3/3/2019 11:30
172859,USB-C Charging Cable,1,3/18/2019 10:59
172860,iPhone,1,3/15/2019 3:45
172861,Vareebadd Phone,1,3/6/2019 11:42
172861,Wired Headphones,2,3/6/2019 11:42
172862,Apple Airpods Headphones,1,3/26/2019 10:15
172863,AAA Batteries (4-pack),1,3/9/2019 17:35
172864,Apple Airpods Headphones,1,3/23/2019 8:02
172865,20in Monitor,1,3/22/2019 0:14
172866,iPhone,1,3/27/2019 20:07
172867,Apple Airpods Headphones,1,3/19/2019 23:25
172867,Google Phone,1,3/19/2019 23:25
172868,Google Phone,1,3/24/2019 1:43
172869,USB-C Charging Cable,1,3/7/2019 7:34
172870,Bose SoundSport Headphones,1,3/27/2019 10:05
172871,Bose SoundSport Headphones,1,3/14/2019 12:43
172872,Wired Headphones,1,3/11/2019 15:48
172873,27in FHD Monitor,1,3/2/2019 19:32
172874,Apple Airpods Headphones,1,3/3/2019 10:33
172875,Macbook Pro Laptop,1,3/2/2019 22:07
172876,iPhone,1,3/2/2019 6:40
172877,Wired Headphones,1,3/29/2019 20:16
172878,20in Monitor,1,3/25/2019 2:11
172879,20in Monitor,1,3/4/2019 15:17
172880,AA Batteries (4-pack),1,3/18/2019 10:25
172881,AAA Batteries (4-pack),1,3/4/2019 21:14
172882,AA Batteries (4-pack),2,3/16/2019 20:56
172883,Apple Airpods Headphones,1,3/28/2019 12:54
172884,Apple Airpods Headphones,1,3/8/2019 15:49
172885,Wired Headphones,1,3/3/2019 9:41
172886,Apple Airpods Headphones,1,3/16/2019 16:24
172887,Lightning Charging Cable,1,3/28/2019 23:35
172888,Google Phone,1,3/3/2019 14:45
172889,iPhone,1,3/15/2019 14:57
172890,USB-C Charging Cable,1,3/14/2019 10:07
172891,AAA Batteries (4-pack),1,3/16/2019 21:30
172892,Vareebadd Phone,1,3/30/2019 20:38
172892,Bose SoundSport Headphones,1,3/30/2019 20:38
172893,Lightning Charging Cable,1,3/5/2019 13:59
172894,USB-C Charging Cable,1,3/1/2019 16:45
172895,Wired Headphones,2,3/22/2019 13:03
172896,34in Ultrawide Monitor,1,3/22/2019 12:58
172897,AAA Batteries (4-pack),1,3/4/2019 14:34
172898,iPhone,1,3/12/2019 15:19
172898,Lightning Charging Cable,1,3/12/2019 15:19
172899,AAA Batteries (4-pack),1,3/21/2019 11:33
172900,27in 4K Gaming Monitor,1,3/15/2019 19:58
172901,AAA Batteries (4-pack),1,3/25/2019 20:44
172902,Lightning Charging Cable,1,3/26/2019 18:20
172903,27in FHD Monitor,1,3/11/2019 6:48
172904,AAA Batteries (4-pack),1,3/2/2019 13:51
172905,USB-C Charging Cable,1,3/19/2019 21:46
172906,Bose SoundSport Headphones,1,3/4/2019 7:01
172907,Apple Airpods Headphones,1,3/28/2019 10:11
172908,USB-C Charging Cable,1,3/17/2019 11:57
172909,AA Batteries (4-pack),1,3/9/2019 22:57
172910,Apple Airpods Headphones,1,3/21/2019 10:43
172911,Apple Airpods Headphones,1,3/21/2019 10:46
172912,iPhone,1,3/6/2019 7:43
172912,Lightning Charging Cable,1,3/6/2019 7:43
172913,Lightning Charging Cable,1,3/11/2019 12:27
172914,27in 4K Gaming Monitor,1,3/8/2019 22:45
172915,Lightning Charging Cable,1,3/28/2019 15:52
172916,Macbook Pro Laptop,1,3/23/2019 4:15
172917,Google Phone,1,3/13/2019 16:18
172918,USB-C Charging Cable,1,3/4/2019 18:24
172919,Bose SoundSport Headphones,1,3/4/2019 13:17
172920,AAA Batteries (4-pack),3,3/22/2019 8:29
172921,Lightning Charging Cable,1,3/23/2019 20:28
172922,AAA Batteries (4-pack),1,3/12/2019 11:26
172923,Google Phone,1,3/6/2019 14:35
172924,AAA Batteries (4-pack),1,3/15/2019 18:22
172925,Lightning Charging Cable,1,3/11/2019 15:02
172926,Lightning Charging Cable,1,3/31/2019 17:46
172927,AAA Batteries (4-pack),1,3/27/2019 19:51
172928,34in Ultrawide Monitor,1,3/23/2019 17:47
172929,AA Batteries (4-pack),1,3/24/2019 11:03
172930,Bose SoundSport Headphones,1,3/5/2019 10:36
172931,Wired Headphones,1,3/31/2019 13:29
172932,Lightning Charging Cable,1,3/1/2019 8:22
172933,Wired Headphones,1,3/4/2019 14:49
172934,Google Phone,1,3/23/2019 20:07
172935,iPhone,1,3/5/2019 17:48
172935,Apple Airpods Headphones,1,3/5/2019 17:48
172936,Wired Headphones,1,3/13/2019 17:01
172937,USB-C Charging Cable,1,3/11/2019 17:49
172938,27in FHD Monitor,1,3/30/2019 20:10
172939,Apple Airpods Headphones,1,3/31/2019 5:10
172940,AA Batteries (4-pack),1,3/11/2019 11:40
172941,Lightning Charging Cable,1,3/29/2019 18:30
172942,AA Batteries (4-pack),1,3/9/2019 12:23
172943,AAA Batteries (4-pack),1,3/17/2019 18:06
172944,iPhone,1,3/9/2019 22:43
172945,Lightning Charging Cable,1,3/10/2019 10:29
172946,USB-C Charging Cable,1,3/11/2019 19:28
172947,Lightning Charging Cable,1,3/2/2019 11:43
172948,Wired Headphones,1,3/5/2019 12:07
172949,ThinkPad Laptop,1,3/30/2019 12:44
172950,AA Batteries (4-pack),1,3/25/2019 16:45
172951,AAA Batteries (4-pack),1,3/26/2019 12:32
172952,Bose SoundSport Headphones,1,3/22/2019 8:18
172953,AA Batteries (4-pack),1,3/25/2019 18:42
172954,34in Ultrawide Monitor,1,3/13/2019 7:15
172955,Wired Headphones,1,3/28/2019 13:06
172956,USB-C Charging Cable,1,3/16/2019 12:08
172957,Wired Headphones,1,3/17/2019 15:54
172958,27in 4K Gaming Monitor,1,3/9/2019 19:44
172959,Wired Headphones,1,3/23/2019 18:20
172960,Lightning Charging Cable,2,3/3/2019 12:25
172961,Google Phone,1,3/8/2019 14:10
172962,Apple Airpods Headphones,1,3/26/2019 15:10
172963,USB-C Charging Cable,1,3/7/2019 23:09
172964,Wired Headphones,1,3/20/2019 23:01
172965,AA Batteries (4-pack),2,3/24/2019 18:10
172966,Apple Airpods Headphones,1,3/10/2019 13:51
172967,USB-C Charging Cable,1,3/15/2019 14:33
172968,Bose SoundSport Headphones,1,3/19/2019 20:34
172969,Flatscreen TV,1,3/8/2019 13:42
172970,USB-C Charging Cable,1,3/19/2019 17:45
172971,AAA Batteries (4-pack),1,3/6/2019 14:33
172972,34in Ultrawide Monitor,1,3/1/2019 8:04
172973,USB-C Charging Cable,1,3/27/2019 20:57
172974,AA Batteries (4-pack),1,3/16/2019 12:18
172975,Wired Headphones,1,3/30/2019 9:45
172976,iPhone,1,3/7/2019 17:15
172977,27in FHD Monitor,1,3/15/2019 22:24
172978,Lightning Charging Cable,1,3/29/2019 12:34
172979,Lightning Charging Cable,1,3/14/2019 14:43
172980,Lightning Charging Cable,1,3/1/2019 11:14
172981,Lightning Charging Cable,1,3/11/2019 13:37
172982,Apple Airpods Headphones,1,3/28/2019 7:45
172983,AA Batteries (4-pack),1,3/22/2019 10:37
172984,27in 4K Gaming Monitor,1,3/9/2019 17:16
172985,AA Batteries (4-pack),1,3/9/2019 20:58
172986,USB-C Charging Cable,1,3/14/2019 0:13
,,,
172987,Wired Headphones,1,3/2/2019 11:29
172988,27in 4K Gaming Monitor,1,3/31/2019 14:25
172989,Apple Airpods Headphones,1,3/9/2019 11:36
172990,AA Batteries (4-pack),2,3/18/2019 16:28
172991,Lightning Charging Cable,1,3/19/2019 1:38
172992,Lightning Charging Cable,1,3/24/2019 15:51
172993,Lightning Charging Cable,1,3/20/2019 20:26
172994,AAA Batteries (4-pack),1,3/26/2019 10:32
172995,USB-C Charging Cable,1,3/2/2019 14:05
172996,Lightning Charging Cable,1,3/20/2019 11:06
172997,Apple Airpods Headphones,1,3/3/2019 18:49
172998,Lightning Charging Cable,1,3/14/2019 17:23
172999,AA Batteries (4-pack),1,3/5/2019 20:43
173000,27in 4K Gaming Monitor,1,3/6/2019 23:28
173001,20in Monitor,1,3/21/2019 1:10
173002,Vareebadd Phone,1,3/7/2019 5:32
173002,Wired Headphones,1,3/7/2019 5:32
173003,34in Ultrawide Monitor,1,3/16/2019 16:33
173004,AAA Batteries (4-pack),1,3/1/2019 20:57
173005,Lightning Charging Cable,1,3/25/2019 12:38
173006,Bose SoundSport Headphones,1,3/21/2019 16:44
173007,Flatscreen TV,1,3/2/2019 8:53
173008,AA Batteries (4-pack),1,3/18/2019 10:33
173009,Apple Airpods Headphones,1,3/1/2019 19:46
173010,Macbook Pro Laptop,1,3/26/2019 20:19
173011,AA Batteries (4-pack),3,3/2/2019 15:42
173012,20in Monitor,1,3/4/2019 13:32
173013,Flatscreen TV,1,3/21/2019 23:52
173014,Google Phone,1,3/12/2019 11:23
173015,Lightning Charging Cable,2,3/5/2019 12:20
173016,AA Batteries (4-pack),2,3/10/2019 12:08
173017,Apple Airpods Headphones,1,3/10/2019 2:04
173018,Lightning Charging Cable,1,3/30/2019 9:47
173019,AA Batteries (4-pack),2,3/6/2019 15:43
173020,Bose SoundSport Headphones,1,3/25/2019 16:30
173021,Flatscreen TV,1,3/25/2019 20:05
173022,USB-C Charging Cable,1,3/14/2019 16:26
173023,Lightning Charging Cable,2,3/9/2019 9:49
173024,Lightning Charging Cable,1,3/23/2019 16:14
173025,Lightning Charging Cable,1,3/22/2019 20:16
173026,Wired Headphones,1,3/13/2019 5:16
173027,Lightning Charging Cable,1,3/6/2019 12:10
173028,Wired Headphones,1,3/16/2019 13:47
173029,Google Phone,1,3/11/2019 19:34
173030,ThinkPad Laptop,1,3/28/2019 23:56
173031,Bose SoundSport Headphones,1,3/10/2019 20:12
173032,Wired Headphones,1,3/11/2019 7:47
173033,Apple Airpods Headphones,1,3/4/2019 17:29
173034,USB-C Charging Cable,1,3/23/2019 23:52
173035,AAA Batteries (4-pack),1,3/1/2019 21:05
173036,AAA Batteries (4-pack),3,3/8/2019 14:19
173037,Bose SoundSport Headphones,1,3/31/2019 13:08
173038,Lightning Charging Cable,1,3/11/2019 10:45
173039,Lightning Charging Cable,1,3/30/2019 8:50
173040,USB-C Charging Cable,1,3/24/2019 18:03
173041,Lightning Charging Cable,1,3/6/2019 22:15
173042,27in 4K Gaming Monitor,1,3/31/2019 22:38
173043,Wired Headphones,1,3/23/2019 13:16
173044,27in FHD Monitor,1,3/22/2019 19:10
173045,27in FHD Monitor,1,3/5/2019 19:44
173046,27in FHD Monitor,1,3/3/2019 18:18
173047,USB-C Charging Cable,1,3/8/2019 18:02
173048,Wired Headphones,1,3/16/2019 20:31
173049,Bose SoundSport Headphones,1,3/13/2019 9:07
173050,AA Batteries (4-pack),1,3/15/2019 22:08
173051,USB-C Charging Cable,1,3/19/2019 10:26
173052,27in FHD Monitor,1,3/16/2019 9:32
173053,Flatscreen TV,1,3/16/2019 22:16
,,,
173054,ThinkPad Laptop,1,3/30/2019 20:21
173055,Apple Airpods Headphones,1,3/23/2019 15:33
173055,Wired Headphones,1,3/23/2019 15:33
173056,AA Batteries (4-pack),3,3/12/2019 19:22
173056,Wired Headphones,1,3/12/2019 19:22
173057,iPhone,1,3/1/2019 5:40
173058,Bose SoundSport Headphones,1,3/10/2019 15:52
173059,Bose SoundSport Headphones,1,3/3/2019 10:30
173060,USB-C Charging Cable,1,3/9/2019 14:09
173061,AA Batteries (4-pack),2,3/3/2019 13:09
173062,AAA Batteries (4-pack),1,3/2/2019 9:50
173063,Wired Headphones,2,3/25/2019 15:07
173064,27in FHD Monitor,1,3/8/2019 23:59
173065,AAA Batteries (4-pack),2,3/23/2019 21:59
173066,Vareebadd Phone,1,3/11/2019 13:50
173066,USB-C Charging Cable,1,3/11/2019 13:50
173066,Wired Headphones,1,3/11/2019 13:50
173067,Bose SoundSport Headphones,1,3/13/2019 17:55
173068,AAA Batteries (4-pack),1,3/4/2019 9:08
173069,27in FHD Monitor,1,3/1/2019 13:34
173070,Lightning Charging Cable,2,3/22/2019 16:09
173071,AAA Batteries (4-pack),2,3/3/2019 18:49
173072,Bose SoundSport Headphones,1,3/30/2019 14:38
173073,Wired Headphones,1,3/17/2019 5:51
173074,AA Batteries (4-pack),1,3/24/2019 18:22
173075,AAA Batteries (4-pack),2,3/11/2019 18:35
173076,AAA Batteries (4-pack),2,3/29/2019 16:48
173077,USB-C Charging Cable,1,3/26/2019 7:10
173078,USB-C Charging Cable,1,3/3/2019 9:54
173079,Apple Airpods Headphones,1,3/21/2019 20:30
173080,Lightning Charging Cable,1,3/11/2019 12:09
173081,Apple Airpods Headphones,1,3/26/2019 21:22
173082,Wired Headphones,1,3/30/2019 19:37
173083,Bose SoundSport Headphones,1,3/29/2019 17:36
173084,iPhone,1,3/4/2019 22:40
173084,Lightning Charging Cable,1,3/4/2019 22:40
173085,Wired Headphones,1,3/21/2019 8:30
173086,Lightning Charging Cable,1,3/7/2019 12:06
173086,34in Ultrawide Monitor,1,3/7/2019 12:06
173087,Lightning Charging Cable,1,3/6/2019 21:05
173088,Wired Headphones,1,3/23/2019 17:20
173089,USB-C Charging Cable,3,3/13/2019 13:51
173090,AAA Batteries (4-pack),1,3/31/2019 0:07
173091,AA Batteries (4-pack),2,3/22/2019 13:21
173092,AAA Batteries (4-pack),1,3/24/2019 12:14
173093,34in Ultrawide Monitor,1,3/2/2019 15:05
173094,AA Batteries (4-pack),1,3/31/2019 22:03
173095,AA Batteries (4-pack),4,3/22/2019 22:53
173096,Apple Airpods Headphones,1,3/4/2019 6:51
173097,AAA Batteries (4-pack),1,3/6/2019 16:12
173098,Bose SoundSport Headphones,1,3/12/2019 19:13
173099,Apple Airpods Headphones,1,3/2/2019 0:55
173100,USB-C Charging Cable,1,3/7/2019 14:01
173101,Vareebadd Phone,1,3/9/2019 12:46
173102,20in Monitor,1,3/25/2019 14:27
173103,Bose SoundSport Headphones,1,3/3/2019 19:53
173104,USB-C Charging Cable,1,3/26/2019 14:41
173105,AAA Batteries (4-pack),2,3/24/2019 18:56
173106,Lightning Charging Cable,1,3/4/2019 11:30
173107,Lightning Charging Cable,1,3/21/2019 14:13
173108,Wired Headphones,2,3/5/2019 16:17
173109,Apple Airpods Headphones,1,3/25/2019 19:16
173110,AA Batteries (4-pack),1,3/11/2019 14:36
173111,34in Ultrawide Monitor,1,3/6/2019 7:22
173112,ThinkPad Laptop,1,3/1/2019 15:31
173113,AAA Batteries (4-pack),2,3/18/2019 16:52
173114,AA Batteries (4-pack),2,3/15/2019 12:12
173115,Flatscreen TV,1,3/13/2019 9:02
173116,AA Batteries (4-pack),1,3/1/2019 6:45
173117,Apple Airpods Headphones,1,3/7/2019 20:33
173118,Apple Airpods Headphones,1,3/4/2019 7:45
173118,27in FHD Monitor,1,3/4/2019 7:45
173119,27in FHD Monitor,1,3/7/2019 18:46
173120,27in 4K Gaming Monitor,1,3/1/2019 10:41
173121,20in Monitor,1,3/28/2019 19:29
173122,USB-C Charging Cable,2,3/19/2019 18:49
173123,USB-C Charging Cable,1,3/10/2019 7:45
173124,AA Batteries (4-pack),1,3/19/2019 11:10
173125,Wired Headphones,1,3/25/2019 4:14
173126,USB-C Charging Cable,1,3/1/2019 14:10
173127,Bose SoundSport Headphones,1,3/18/2019 16:54
173128,Macbook Pro Laptop,1,3/2/2019 14:45
173129,Apple Airpods Headphones,1,3/11/2019 1:06
173130,AAA Batteries (4-pack),1,3/29/2019 15:11
173131,AA Batteries (4-pack),1,3/26/2019 13:02
173132,Apple Airpods Headphones,1,3/23/2019 8:49
173133,Apple Airpods Headphones,1,3/15/2019 21:19
173134,27in 4K Gaming Monitor,1,3/11/2019 19:55
173134,Lightning Charging Cable,1,3/11/2019 19:55
173135,Lightning Charging Cable,2,3/21/2019 23:34
173136,AAA Batteries (4-pack),6,3/25/2019 4:51
173137,Bose SoundSport Headphones,1,3/15/2019 21:14
173138,USB-C Charging Cable,1,3/25/2019 15:14
173139,Google Phone,1,3/11/2019 22:09
173139,USB-C Charging Cable,1,3/11/2019 22:09
173140,Lightning Charging Cable,1,3/2/2019 20:43
173141,Bose SoundSport Headphones,1,3/3/2019 18:51
173142,Lightning Charging Cable,1,3/8/2019 18:46
173143,27in 4K Gaming Monitor,1,3/4/2019 12:07
173144,ThinkPad Laptop,1,3/23/2019 20:54
173145,Bose SoundSport Headphones,1,3/24/2019 11:03
173146,USB-C Charging Cable,2,3/14/2019 12:26
173147,Bose SoundSport Headphones,1,3/9/2019 12:04
173148,USB-C Charging Cable,1,3/26/2019 22:56
173149,Macbook Pro Laptop,1,3/26/2019 17:34
173150,Lightning Charging Cable,1,3/3/2019 23:11
173151,Lightning Charging Cable,1,3/31/2019 14:29
173152,Lightning Charging Cable,1,3/25/2019 11:52
173153,ThinkPad Laptop,1,3/29/2019 22:26
173154,AA Batteries (4-pack),1,3/12/2019 20:00
173155,27in FHD Monitor,1,3/4/2019 20:15
173156,USB-C Charging Cable,1,3/12/2019 17:38
173157,Wired Headphones,1,3/22/2019 13:11
173158,Macbook Pro Laptop,1,3/22/2019 19:48
173159,USB-C Charging Cable,1,3/2/2019 18:52
173160,Flatscreen TV,1,3/29/2019 21:16
173161,Bose SoundSport Headphones,1,3/13/2019 15:57
173162,ThinkPad Laptop,1,3/31/2019 21:18
173163,Lightning Charging Cable,1,3/7/2019 22:53
173164,Flatscreen TV,1,3/24/2019 11:30
173165,27in 4K Gaming Monitor,1,3/13/2019 20:10
173166,Wired Headphones,1,3/16/2019 21:39
173167,AAA Batteries (4-pack),1,3/3/2019 20:42
173168,Lightning Charging Cable,1,3/11/2019 20:42
173169,AAA Batteries (4-pack),1,3/24/2019 10:55
173170,27in 4K Gaming Monitor,1,3/10/2019 17:34
173171,Apple Airpods Headphones,1,3/21/2019 17:58
173172,Bose SoundSport Headphones,1,3/26/2019 19:01
173173,ThinkPad Laptop,1,3/6/2019 6:17
173174,27in 4K Gaming Monitor,1,3/19/2019 22:30
173175,34in Ultrawide Monitor,1,3/6/2019 18:55
173176,Lightning Charging Cable,1,3/21/2019 11:03
173177,USB-C Charging Cable,1,3/24/2019 15:21
173178,Bose SoundSport Headphones,1,3/7/2019 14:03
173179,Apple Airpods Headphones,1,3/14/2019 22:08
173179,AA Batteries (4-pack),2,3/14/2019 22:08
173180,Google Phone,1,3/15/2019 18:36
173181,34in Ultrawide Monitor,1,3/28/2019 19:29
173182,Wired Headphones,1,3/5/2019 12:29
173183,Wired Headphones,1,3/20/2019 17:53
173184,Wired Headphones,1,3/14/2019 17:18
173185,Bose SoundSport Headphones,1,3/18/2019 20:29
173186,AA Batteries (4-pack),1,3/13/2019 11:18
173187,AA Batteries (4-pack),1,3/15/2019 15:00
173188,AA Batteries (4-pack),2,3/7/2019 14:29
173189,Google Phone,1,3/20/2019 11:47
173190,Apple Airpods Headphones,1,3/5/2019 15:10
173191,Apple Airpods Headphones,1,3/7/2019 15:50
173192,Apple Airpods Headphones,1,3/13/2019 12:01
173193,AA Batteries (4-pack),1,3/26/2019 21:30
173194,AAA Batteries (4-pack),3,3/17/2019 23:33
173195,Wired Headphones,1,3/28/2019 8:20
173196,Apple Airpods Headphones,1,3/12/2019 10:13
173197,AA Batteries (4-pack),1,3/19/2019 8:29
173198,Wired Headphones,1,3/10/2019 14:01
173199,USB-C Charging Cable,1,3/16/2019 10:11
173200,Wired Headphones,1,3/14/2019 3:55
173201,USB-C Charging Cable,1,3/4/2019 20:45
173202,AAA Batteries (4-pack),1,3/19/2019 1:43
173203,Wired Headphones,1,3/2/2019 14:27
173204,Wired Headphones,1,3/9/2019 20:55
173205,iPhone,1,3/27/2019 8:46
173206,Lightning Charging Cable,1,3/4/2019 11:19
173207,Vareebadd Phone,1,3/5/2019 22:07
173208,Lightning Charging Cable,1,3/21/2019 23:14
173209,Bose SoundSport Headphones,1,3/9/2019 17:16
173210,USB-C Charging Cable,1,3/18/2019 14:44
173211,USB-C Charging Cable,1,3/12/2019 14:35
173212,Wired Headphones,1,3/18/2019 13:43
173213,Wired Headphones,2,3/29/2019 7:09
173214,AA Batteries (4-pack),1,3/20/2019 18:01
173215,ThinkPad Laptop,1,3/10/2019 18:12
173216,ThinkPad Laptop,1,3/7/2019 12:43
173217,34in Ultrawide Monitor,1,3/14/2019 0:14
173218,USB-C Charging Cable,1,3/26/2019 16:34
173219,AA Batteries (4-pack),3,3/7/2019 23:19
173220,Bose SoundSport Headphones,1,3/3/2019 17:17
173221,Lightning Charging Cable,1,3/17/2019 22:48
173222,Apple Airpods Headphones,1,3/1/2019 17:04
173223,Wired Headphones,1,3/20/2019 22:56
173224,Wired Headphones,1,3/24/2019 9:08
173225,iPhone,1,3/27/2019 14:01
173225,Lightning Charging Cable,1,3/27/2019 14:01
173226,Lightning Charging Cable,1,3/8/2019 0:04
173227,Wired Headphones,1,3/16/2019 20:16
173228,20in Monitor,1,3/9/2019 19:28
173229,Wired Headphones,1,3/4/2019 22:07
173230,USB-C Charging Cable,1,3/9/2019 10:42
173231,AA Batteries (4-pack),1,3/3/2019 8:47
173232,AA Batteries (4-pack),2,3/7/2019 3:13
173233,Bose SoundSport Headphones,1,3/15/2019 13:30
173234,iPhone,1,3/27/2019 12:50
173235,27in FHD Monitor,1,3/22/2019 6:22
173236,Apple Airpods Headphones,1,3/10/2019 8:34
173237,Macbook Pro Laptop,1,3/18/2019 15:42
173238,ThinkPad Laptop,1,3/5/2019 11:01
173239,Wired Headphones,1,3/1/2019 19:59
173240,27in 4K Gaming Monitor,1,3/5/2019 7:39
173241,USB-C Charging Cable,1,3/24/2019 20:28
173242,Bose SoundSport Headphones,1,3/5/2019 20:05
173243,AAA Batteries (4-pack),1,3/3/2019 13:42
173244,Macbook Pro Laptop,1,3/31/2019 10:12
173245,USB-C Charging Cable,2,3/13/2019 14:35
173246,Apple Airpods Headphones,1,3/16/2019 15:46
173247,Lightning Charging Cable,1,3/28/2019 5:35
173248,iPhone,1,3/19/2019 21:19
173248,Lightning Charging Cable,1,3/19/2019 21:19
173249,USB-C Charging Cable,2,3/30/2019 9:29
173250,AAA Batteries (4-pack),1,3/22/2019 21:19
173251,ThinkPad Laptop,1,3/26/2019 18:42
173252,Lightning Charging Cable,1,3/23/2019 18:39
173253,Wired Headphones,1,3/4/2019 13:58
173254,AAA Batteries (4-pack),3,3/12/2019 9:32
173255,Wired Headphones,1,3/8/2019 19:17
173256,AAA Batteries (4-pack),1,3/16/2019 22:15
173257,AA Batteries (4-pack),2,3/29/2019 22:02
173258,Lightning Charging Cable,1,3/31/2019 20:06
173259,AA Batteries (4-pack),3,3/21/2019 11:29
173260,AAA Batteries (4-pack),1,3/30/2019 17:31
173261,AAA Batteries (4-pack),1,3/27/2019 16:12
173262,Apple Airpods Headphones,1,3/10/2019 20:01
173263,34in Ultrawide Monitor,1,3/16/2019 13:01
173264,AA Batteries (4-pack),1,3/3/2019 22:56
173265,Apple Airpods Headphones,1,3/25/2019 13:36
173266,AAA Batteries (4-pack),1,3/26/2019 21:06
173267,AAA Batteries (4-pack),1,3/30/2019 18:00
173268,34in Ultrawide Monitor,1,3/26/2019 8:48
173269,AA Batteries (4-pack),1,3/19/2019 13:17
173270,AAA Batteries (4-pack),2,3/28/2019 18:18
173271,Lightning Charging Cable,3,3/28/2019 22:06
173272,Wired Headphones,2,3/13/2019 18:04
173273,Bose SoundSport Headphones,1,3/6/2019 14:17
173274,Bose SoundSport Headphones,1,3/6/2019 21:07
173275,USB-C Charging Cable,1,3/13/2019 21:44
173276,iPhone,1,3/15/2019 8:35
173277,USB-C Charging Cable,2,3/2/2019 12:00
173278,Apple Airpods Headphones,1,3/19/2019 7:42
173279,AAA Batteries (4-pack),3,3/14/2019 16:10
173280,USB-C Charging Cable,1,3/24/2019 11:01
173281,Lightning Charging Cable,1,3/16/2019 21:29
173282,AAA Batteries (4-pack),1,3/8/2019 15:19
173283,Macbook Pro Laptop,1,3/9/2019 22:37
173284,Apple Airpods Headphones,1,3/17/2019 0:32
173285,AAA Batteries (4-pack),2,3/14/2019 23:16
173286,Bose SoundSport Headphones,1,3/11/2019 14:51
173287,USB-C Charging Cable,1,3/27/2019 20:17
173288,Lightning Charging Cable,1,3/29/2019 17:16
173289,AA Batteries (4-pack),3,3/1/2019 22:59
173290,Wired Headphones,1,3/7/2019 11:15
173290,Lightning Charging Cable,1,3/7/2019 11:15
173291,USB-C Charging Cable,1,3/3/2019 14:55
,,,
173292,AAA Batteries (4-pack),2,3/25/2019 20:19
173293,USB-C Charging Cable,1,3/4/2019 18:02
173294,Lightning Charging Cable,1,3/2/2019 17:47
173294,Bose SoundSport Headphones,1,3/2/2019 17:47
173295,USB-C Charging Cable,1,3/2/2019 16:14
173296,AA Batteries (4-pack),1,3/23/2019 13:09
173297,Lightning Charging Cable,1,3/19/2019 11:52
173298,Bose SoundSport Headphones,1,3/29/2019 10:42
173299,AA Batteries (4-pack),2,3/10/2019 11:20
173300,Lightning Charging Cable,1,3/6/2019 16:15
173301,34in Ultrawide Monitor,1,3/19/2019 15:20
173302,Bose SoundSport Headphones,1,3/17/2019 21:58
173303,Wired Headphones,1,3/25/2019 16:58
173304,Apple Airpods Headphones,1,3/6/2019 19:20
173305,AAA Batteries (4-pack),1,3/7/2019 14:03
173306,Apple Airpods Headphones,1,3/4/2019 17:28
173307,USB-C Charging Cable,1,3/11/2019 21:43
173308,Lightning Charging Cable,1,3/30/2019 1:43
173309,27in 4K Gaming Monitor,1,3/29/2019 12:24
173310,Wired Headphones,1,3/9/2019 6:46
173311,Wired Headphones,1,3/21/2019 20:28
173312,ThinkPad Laptop,1,3/26/2019 6:05
173313,USB-C Charging Cable,1,3/4/2019 22:41
173314,27in 4K Gaming Monitor,1,3/5/2019 14:28
173315,Lightning Charging Cable,1,3/5/2019 18:44
173316,AAA Batteries (4-pack),1,3/5/2019 15:00
173317,Wired Headphones,1,3/8/2019 23:48
173318,ThinkPad Laptop,1,3/19/2019 17:12
173319,Wired Headphones,1,3/25/2019 7:34
173320,Apple Airpods Headphones,1,3/16/2019 17:12
173320,Lightning Charging Cable,1,3/16/2019 17:12
173321,Wired Headphones,1,3/21/2019 20:00
173322,AA Batteries (4-pack),2,3/11/2019 17:46
173323,AAA Batteries (4-pack),3,3/21/2019 22:46
173324,AA Batteries (4-pack),1,3/3/2019 13:39
173325,Apple Airpods Headphones,1,3/4/2019 8:48
173326,Wired Headphones,2,3/20/2019 11:34
173327,AAA Batteries (4-pack),2,3/1/2019 21:16
173328,Apple Airpods Headphones,1,3/24/2019 23:39
173329,AA Batteries (4-pack),2,3/24/2019 13:44
173330,Wired Headphones,1,3/10/2019 19:20
173331,Vareebadd Phone,1,3/30/2019 15:02
173332,iPhone,1,3/19/2019 13:46
173333,Lightning Charging Cable,1,3/8/2019 19:31
173334,27in FHD Monitor,1,3/2/2019 23:42
173335,AA Batteries (4-pack),1,3/1/2019 15:43
173336,27in FHD Monitor,1,3/10/2019 18:12
173337,Macbook Pro Laptop,1,3/24/2019 14:14
173338,AA Batteries (4-pack),3,3/24/2019 19:20
173339,34in Ultrawide Monitor,1,3/22/2019 19:27
173340,iPhone,1,3/7/2019 14:03
173341,Google Phone,1,3/29/2019 20:06
173342,USB-C Charging Cable,1,3/15/2019 10:29
173343,Lightning Charging Cable,1,3/28/2019 13:22
173344,Lightning Charging Cable,1,3/18/2019 23:01
173345,AAA Batteries (4-pack),1,3/14/2019 12:33
173346,ThinkPad Laptop,1,3/22/2019 11:55
173347,AA Batteries (4-pack),1,3/1/2019 19:56
173348,Lightning Charging Cable,1,3/5/2019 21:27
173349,27in FHD Monitor,1,3/2/2019 21:14
173350,34in Ultrawide Monitor,1,3/5/2019 9:30
173351,Apple Airpods Headphones,1,3/29/2019 22:15
173352,AA Batteries (4-pack),1,3/3/2019 20:23
173353,Lightning Charging Cable,1,3/17/2019 20:05
173354,AA Batteries (4-pack),1,3/8/2019 19:43
173355,Wired Headphones,1,3/24/2019 19:36
173356,27in FHD Monitor,1,3/19/2019 9:19
173357,USB-C Charging Cable,1,3/25/2019 13:26
173358,AA Batteries (4-pack),1,3/17/2019 9:04
173359,AA Batteries (4-pack),1,3/31/2019 18:11
173360,AAA Batteries (4-pack),1,3/22/2019 10:16
173361,USB-C Charging Cable,1,3/23/2019 9:16
173362,20in Monitor,1,3/30/2019 18:28
173363,AAA Batteries (4-pack),1,3/23/2019 11:06
173364,Google Phone,1,3/23/2019 15:57
173365,Bose SoundSport Headphones,1,3/1/2019 17:52
173366,ThinkPad Laptop,1,3/2/2019 17:46
173367,AA Batteries (4-pack),1,3/25/2019 23:37
173368,Lightning Charging Cable,1,3/4/2019 11:29
173369,Wired Headphones,1,3/18/2019 16:18
173370,Lightning Charging Cable,1,3/28/2019 9:22
173371,USB-C Charging Cable,1,3/15/2019 11:56
173372,AA Batteries (4-pack),1,3/26/2019 7:20
173373,iPhone,1,3/6/2019 17:24
173373,Wired Headphones,1,3/6/2019 17:24
173374,Lightning Charging Cable,1,3/28/2019 22:53
173375,AA Batteries (4-pack),1,3/9/2019 13:43
173376,27in 4K Gaming Monitor,1,3/27/2019 11:49
173377,Wired Headphones,1,3/2/2019 21:59
173377,USB-C Charging Cable,1,3/2/2019 21:59
173378,AAA Batteries (4-pack),1,3/22/2019 1:23
173379,USB-C Charging Cable,1,3/29/2019 22:53
173380,Apple Airpods Headphones,1,3/10/2019 20:41
173381,AAA Batteries (4-pack),4,3/21/2019 14:59
173382,AA Batteries (4-pack),1,3/31/2019 13:57
173383,USB-C Charging Cable,1,3/10/2019 10:44
173384,Apple Airpods Headphones,1,3/28/2019 23:50
173385,Wired Headphones,1,3/9/2019 18:41
173386,ThinkPad Laptop,1,3/1/2019 12:17
173387,USB-C Charging Cable,1,3/6/2019 16:02
173388,Bose SoundSport Headphones,1,3/21/2019 15:31
173388,Bose SoundSport Headphones,1,3/21/2019 15:31
173389,Wired Headphones,1,3/23/2019 19:45
173390,Bose SoundSport Headphones,1,3/9/2019 18:50
173391,USB-C Charging Cable,1,3/18/2019 18:31
173392,AA Batteries (4-pack),1,3/3/2019 15:22
173393,AA Batteries (4-pack),4,3/21/2019 10:50
173394,AA Batteries (4-pack),1,3/9/2019 18:26
173395,Bose SoundSport Headphones,1,3/16/2019 15:47
173396,USB-C Charging Cable,1,3/10/2019 13:52
173397,Apple Airpods Headphones,1,3/29/2019 23:42
173398,Wired Headphones,1,3/17/2019 19:17
173399,Lightning Charging Cable,1,3/23/2019 23:47
173400,AAA Batteries (4-pack),2,3/17/2019 22:00
173401,AAA Batteries (4-pack),1,3/15/2019 9:57
173402,Vareebadd Phone,1,3/3/2019 8:18
173403,USB-C Charging Cable,1,3/15/2019 9:34
173404,Vareebadd Phone,1,3/13/2019 11:04
173404,Bose SoundSport Headphones,1,3/13/2019 11:04
173405,Lightning Charging Cable,1,3/17/2019 8:23
,,,
173406,Apple Airpods Headphones,1,3/13/2019 19:24
173407,Wired Headphones,1,3/2/2019 16:23
173408,Wired Headphones,1,3/22/2019 13:34
173409,AA Batteries (4-pack),1,3/19/2019 22:49
173410,Lightning Charging Cable,3,3/8/2019 8:57
173411,iPhone,1,3/8/2019 8:44
173412,AA Batteries (4-pack),1,3/6/2019 16:55
173413,Wired Headphones,1,3/12/2019 23:52
173414,AA Batteries (4-pack),1,3/21/2019 11:05
173415,AA Batteries (4-pack),1,3/16/2019 11:49
173416,Apple Airpods Headphones,1,3/11/2019 10:49
173417,USB-C Charging Cable,1,3/7/2019 10:06
173418,Lightning Charging Cable,1,3/17/2019 17:37
173419,34in Ultrawide Monitor,1,3/7/2019 17:35
173420,Google Phone,1,3/8/2019 21:57
173421,Bose SoundSport Headphones,2,3/22/2019 10:27
173421,iPhone,1,3/22/2019 10:27
173422,AA Batteries (4-pack),2,3/22/2019 15:36
173423,AA Batteries (4-pack),1,3/17/2019 11:01
173424,Apple Airpods Headphones,1,3/15/2019 20:06
173425,Macbook Pro Laptop,1,3/2/2019 8:03
173426,Google Phone,1,3/17/2019 21:58
173427,Macbook Pro Laptop,1,3/13/2019 16:33
173428,Vareebadd Phone,1,3/8/2019 0:01
173428,USB-C Charging Cable,1,3/8/2019 0:01
173429,USB-C Charging Cable,1,3/1/2019 11:22
173430,USB-C Charging Cable,1,3/9/2019 9:16
173431,USB-C Charging Cable,1,3/3/2019 20:24
173432,USB-C Charging Cable,1,3/8/2019 16:13
173433,Bose SoundSport Headphones,1,3/25/2019 22:36
173434,AAA Batteries (4-pack),1,3/13/2019 11:55
173435,Google Phone,1,3/8/2019 19:02
173436,Apple Airpods Headphones,1,3/25/2019 21:17
173437,Lightning Charging Cable,1,3/10/2019 9:55
173438,AA Batteries (4-pack),1,3/10/2019 14:36
173438,AAA Batteries (4-pack),2,3/10/2019 14:36
173439,Vareebadd Phone,1,3/16/2019 11:59
173440,AA Batteries (4-pack),1,3/25/2019 7:55
173441,Lightning Charging Cable,1,3/27/2019 4:48
173442,Bose SoundSport Headphones,1,3/10/2019 14:09
173443,Lightning Charging Cable,1,3/30/2019 12:21
173444,Wired Headphones,1,3/16/2019 22:31
173445,27in FHD Monitor,1,3/4/2019 12:49
173446,Lightning Charging Cable,1,3/4/2019 8:32
173447,Apple Airpods Headphones,1,3/2/2019 15:43
173448,Lightning Charging Cable,1,3/20/2019 6:28
173449,AA Batteries (4-pack),3,3/15/2019 8:00
173450,Lightning Charging Cable,1,3/23/2019 13:42
173451,20in Monitor,1,3/22/2019 18:23
173452,34in Ultrawide Monitor,1,3/11/2019 18:08
173453,USB-C Charging Cable,1,3/10/2019 23:09
173454,USB-C Charging Cable,2,3/29/2019 21:10
173455,Apple Airpods Headphones,1,3/24/2019 12:20
173456,iPhone,1,3/29/2019 0:52
173457,AA Batteries (4-pack),1,3/13/2019 13:02
173458,Macbook Pro Laptop,1,3/13/2019 8:22
173459,AA Batteries (4-pack),2,3/29/2019 14:40
173460,Apple Airpods Headphones,1,3/29/2019 22:49
173461,AA Batteries (4-pack),2,3/15/2019 16:40
173462,Google Phone,1,3/5/2019 21:35
173463,Lightning Charging Cable,2,3/27/2019 11:27
173464,27in FHD Monitor,1,3/19/2019 19:52
173465,ThinkPad Laptop,1,3/15/2019 12:34
173466,27in 4K Gaming Monitor,1,3/22/2019 6:50
173467,Apple Airpods Headphones,1,3/8/2019 13:22
173468,AA Batteries (4-pack),1,3/27/2019 10:49
173469,USB-C Charging Cable,2,3/14/2019 18:11
173470,27in 4K Gaming Monitor,1,3/15/2019 13:43
173471,Wired Headphones,2,3/16/2019 15:22
173472,iPhone,1,3/8/2019 23:10
173472,Wired Headphones,1,3/8/2019 23:10
173473,27in 4K Gaming Monitor,1,3/15/2019 11:33
173474,USB-C Charging Cable,1,3/2/2019 19:43
173475,Apple Airpods Headphones,1,3/13/2019 18:32
173476,USB-C Charging Cable,1,3/19/2019 0:18
173477,Macbook Pro Laptop,1,3/15/2019 19:23
173478,Wired Headphones,1,3/1/2019 21:10
173479,USB-C Charging Cable,1,3/26/2019 14:29
173480,34in Ultrawide Monitor,1,3/13/2019 9:08
173481,Google Phone,1,3/1/2019 14:50
173482,Apple Airpods Headphones,1,3/21/2019 11:45
173483,Google Phone,1,3/9/2019 12:34
173484,Apple Airpods Headphones,1,3/5/2019 18:26
173485,Google Phone,1,3/2/2019 11:20
173485,Wired Headphones,1,3/2/2019 11:20
173486,Wired Headphones,1,3/22/2019 19:37
173486,USB-C Charging Cable,2,3/22/2019 19:37
173487,iPhone,1,3/25/2019 12:11
173488,Macbook Pro Laptop,1,3/10/2019 19:05
173489,Flatscreen TV,1,3/12/2019 1:21
173489,Bose SoundSport Headphones,1,3/12/2019 1:21
173490,USB-C Charging Cable,1,3/16/2019 18:51
173491,iPhone,1,3/15/2019 17:51
173492,Lightning Charging Cable,1,3/31/2019 9:56
173493,Wired Headphones,1,3/27/2019 23:32
173493,27in 4K Gaming Monitor,1,3/27/2019 23:32
173494,Apple Airpods Headphones,1,3/24/2019 2:22
173495,34in Ultrawide Monitor,1,3/13/2019 19:39
173496,Lightning Charging Cable,1,3/31/2019 18:41
173497,iPhone,1,3/18/2019 13:43
173498,iPhone,1,3/8/2019 23:36
173499,27in FHD Monitor,1,3/23/2019 13:38
173500,Wired Headphones,1,3/31/2019 19:28
173501,AAA Batteries (4-pack),1,3/8/2019 13:14
173502,AAA Batteries (4-pack),1,3/19/2019 13:36
173503,AA Batteries (4-pack),1,3/7/2019 7:24
173504,iPhone,1,3/28/2019 11:15
173504,Lightning Charging Cable,1,3/28/2019 11:15
173505,Apple Airpods Headphones,1,3/31/2019 17:52
173506,AAA Batteries (4-pack),1,3/22/2019 21:00
173507,AA Batteries (4-pack),1,3/3/2019 6:53
173508,Bose SoundSport Headphones,1,3/22/2019 13:20
173509,AA Batteries (4-pack),1,3/30/2019 2:23
173510,27in FHD Monitor,1,3/5/2019 19:36
173511,27in 4K Gaming Monitor,1,3/4/2019 22:22
173512,Lightning Charging Cable,1,3/28/2019 20:48
173513,AAA Batteries (4-pack),2,3/26/2019 18:33
173514,Lightning Charging Cable,1,3/30/2019 18:15
173515,Wired Headphones,1,3/14/2019 12:55
173516,Macbook Pro Laptop,1,3/19/2019 21:28
173517,Lightning Charging Cable,1,3/12/2019 22:15
173518,Wired Headphones,1,3/14/2019 18:29
173519,Bose SoundSport Headphones,1,3/9/2019 15:15
173520,Google Phone,1,3/16/2019 17:58
173521,AA Batteries (4-pack),2,3/28/2019 11:35
173522,AAA Batteries (4-pack),1,3/31/2019 10:24
173523,27in FHD Monitor,1,3/24/2019 21:50
173524,AAA Batteries (4-pack),1,3/30/2019 21:55
173525,Lightning Charging Cable,1,3/22/2019 12:12
173526,AAA Batteries (4-pack),1,3/22/2019 5:33
173526,AA Batteries (4-pack),1,3/22/2019 5:33
173527,AAA Batteries (4-pack),1,3/24/2019 19:08
173528,Apple Airpods Headphones,1,3/7/2019 22:02
173529,Apple Airpods Headphones,1,3/15/2019 0:38
173530,Bose SoundSport Headphones,1,3/5/2019 20:10
173531,Wired Headphones,1,3/3/2019 11:03
173532,Apple Airpods Headphones,1,3/12/2019 17:14
173533,ThinkPad Laptop,1,3/23/2019 12:44
173533,AAA Batteries (4-pack),1,3/23/2019 12:44
173534,AAA Batteries (4-pack),1,3/4/2019 10:48
173535,ThinkPad Laptop,1,3/4/2019 21:03
173536,AA Batteries (4-pack),3,3/15/2019 14:39
173537,AA Batteries (4-pack),1,3/4/2019 20:39
173538,Vareebadd Phone,1,3/5/2019 9:45
173539,Apple Airpods Headphones,1,3/31/2019 16:43
173540,Wired Headphones,2,3/5/2019 20:48
173541,Apple Airpods Headphones,1,3/12/2019 3:40
173542,USB-C Charging Cable,1,3/13/2019 10:10
173543,USB-C Charging Cable,1,3/7/2019 16:36
173544,Lightning Charging Cable,1,3/28/2019 14:24
173545,AA Batteries (4-pack),1,3/4/2019 22:12
173546,Wired Headphones,2,3/14/2019 10:27
173547,USB-C Charging Cable,1,3/21/2019 10:16
173548,Bose SoundSport Headphones,1,3/27/2019 13:53
173549,USB-C Charging Cable,2,3/12/2019 13:04
173550,Google Phone,1,3/2/2019 13:41
173551,AA Batteries (4-pack),3,3/18/2019 8:28
173552,Apple Airpods Headphones,1,3/8/2019 19:52
173553,Lightning Charging Cable,2,3/10/2019 11:58
173554,Apple Airpods Headphones,1,3/28/2019 21:15
173555,AA Batteries (4-pack),1,3/19/2019 16:53
173556,Bose SoundSport Headphones,1,3/17/2019 16:29
173557,AAA Batteries (4-pack),1,3/30/2019 15:14
173558,AA Batteries (4-pack),3,3/27/2019 19:21
173559,USB-C Charging Cable,1,3/12/2019 7:16
173559,Bose SoundSport Headphones,1,3/12/2019 7:16
173560,USB-C Charging Cable,1,3/28/2019 12:35
173561,LG Washing Machine,1,3/21/2019 10:54
173562,Lightning Charging Cable,1,3/19/2019 22:12
173563,AAA Batteries (4-pack),1,3/18/2019 16:14
173564,AAA Batteries (4-pack),1,3/1/2019 14:00
173565,Bose SoundSport Headphones,1,3/16/2019 2:39
173566,Lightning Charging Cable,1,3/30/2019 21:42
173567,AAA Batteries (4-pack),1,3/8/2019 1:38
173568,27in FHD Monitor,1,3/18/2019 21:56
173569,AAA Batteries (4-pack),1,3/29/2019 0:09
173570,Wired Headphones,1,3/9/2019 17:16
173571,Bose SoundSport Headphones,1,3/7/2019 19:31
173572,Wired Headphones,1,3/4/2019 21:33
173573,USB-C Charging Cable,1,3/12/2019 19:40
173574,Flatscreen TV,1,3/23/2019 8:48
173575,Bose SoundSport Headphones,1,3/3/2019 22:40
173576,Wired Headphones,2,3/22/2019 16:34
173577,Macbook Pro Laptop,1,3/14/2019 14:43
173578,AAA Batteries (4-pack),3,3/9/2019 12:28
173579,20in Monitor,1,3/22/2019 0:58
173580,USB-C Charging Cable,1,3/15/2019 13:03
173581,AA Batteries (4-pack),1,3/13/2019 23:17
173582,iPhone,1,3/2/2019 22:26
173583,USB-C Charging Cable,1,3/15/2019 22:10
173584,AAA Batteries (4-pack),1,3/9/2019 20:37
173585,Bose SoundSport Headphones,1,3/9/2019 15:15
173586,27in FHD Monitor,1,3/7/2019 12:17
173587,Bose SoundSport Headphones,1,3/23/2019 21:08
173588,AA Batteries (4-pack),1,3/3/2019 17:31
173589,Lightning Charging Cable,2,3/7/2019 14:37
173590,Lightning Charging Cable,1,3/27/2019 13:02
173591,AA Batteries (4-pack),2,3/8/2019 21:42
173592,27in 4K Gaming Monitor,1,3/23/2019 10:13
173593,AA Batteries (4-pack),1,3/21/2019 0:16
173594,Apple Airpods Headphones,1,3/4/2019 13:11
173595,27in FHD Monitor,1,3/10/2019 15:41
173596,Lightning Charging Cable,1,3/20/2019 2:57
173597,AAA Batteries (4-pack),3,3/18/2019 20:56
173598,Lightning Charging Cable,1,3/4/2019 11:45
173599,Apple Airpods Headphones,1,3/28/2019 17:27
173600,Google Phone,1,3/10/2019 23:05
173601,Lightning Charging Cable,1,3/26/2019 12:11
173602,iPhone,1,3/9/2019 11:13
173603,27in 4K Gaming Monitor,1,3/20/2019 13:38
173604,Apple Airpods Headphones,1,3/18/2019 22:07
173605,AA Batteries (4-pack),1,3/20/2019 16:40
173606,Wired Headphones,1,3/29/2019 10:47
173607,34in Ultrawide Monitor,1,3/21/2019 19:08
173608,Lightning Charging Cable,1,3/19/2019 10:13
173609,USB-C Charging Cable,1,3/8/2019 18:08
173610,Apple Airpods Headphones,1,3/20/2019 16:48
173611,Lightning Charging Cable,1,3/16/2019 14:32
173612,27in FHD Monitor,1,3/2/2019 18:44
173613,AAA Batteries (4-pack),1,3/11/2019 10:53
173614,Google Phone,1,3/13/2019 12:50
173615,Apple Airpods Headphones,1,3/18/2019 13:56
173616,Apple Airpods Headphones,1,3/23/2019 10:11
173617,Lightning Charging Cable,1,3/3/2019 19:35
173618,Google Phone,1,3/20/2019 23:44
173619,AAA Batteries (4-pack),1,3/12/2019 19:50
173620,AAA Batteries (4-pack),1,3/18/2019 10:50
173621,Macbook Pro Laptop,1,3/15/2019 16:13
173622,Wired Headphones,1,3/20/2019 8:58
173623,Lightning Charging Cable,1,3/28/2019 18:01
173624,Macbook Pro Laptop,1,3/7/2019 10:59
173625,Wired Headphones,1,3/16/2019 12:11
173626,USB-C Charging Cable,2,3/9/2019 20:10
173627,Wired Headphones,1,3/22/2019 19:22
173628,Apple Airpods Headphones,1,3/15/2019 12:58
173629,Lightning Charging Cable,1,3/12/2019 19:50
173630,AA Batteries (4-pack),1,3/6/2019 0:13
173631,Macbook Pro Laptop,1,3/3/2019 11:05
173632,Lightning Charging Cable,1,3/11/2019 19:54
173633,Bose SoundSport Headphones,1,3/30/2019 0:23
173634,Lightning Charging Cable,1,3/23/2019 17:38
173635,Lightning Charging Cable,1,3/19/2019 15:10
173636,USB-C Charging Cable,1,3/17/2019 13:12
173637,27in FHD Monitor,1,3/23/2019 17:13
173638,AA Batteries (4-pack),2,3/10/2019 19:02
173639,Apple Airpods Headphones,1,3/7/2019 1:56
173640,Wired Headphones,1,3/7/2019 18:52
173641,USB-C Charging Cable,1,3/17/2019 21:47
173642,ThinkPad Laptop,1,3/17/2019 19:25
173643,Lightning Charging Cable,1,3/14/2019 15:53
173644,Apple Airpods Headphones,1,3/29/2019 21:14
173645,Bose SoundSport Headphones,1,3/17/2019 19:17
173646,27in 4K Gaming Monitor,1,3/21/2019 9:06
173647,Vareebadd Phone,1,3/14/2019 14:21
173647,Bose SoundSport Headphones,1,3/14/2019 14:21
173647,Wired Headphones,1,3/14/2019 14:21
173648,Wired Headphones,1,3/29/2019 22:13
173649,Flatscreen TV,1,3/18/2019 10:17
173650,Lightning Charging Cable,1,3/4/2019 21:31
173651,AAA Batteries (4-pack),1,3/23/2019 20:47
173652,27in 4K Gaming Monitor,1,3/28/2019 22:01
173653,AAA Batteries (4-pack),2,3/27/2019 22:23
173654,AAA Batteries (4-pack),2,3/7/2019 21:59
173655,Apple Airpods Headphones,1,3/17/2019 5:43
173656,Lightning Charging Cable,4,3/3/2019 13:45
173657,USB-C Charging Cable,1,3/27/2019 15:59
173658,ThinkPad Laptop,1,3/30/2019 6:31
173659,AAA Batteries (4-pack),1,3/28/2019 16:59
173660,Apple Airpods Headphones,1,3/27/2019 23:56
173661,Macbook Pro Laptop,1,3/28/2019 12:31
173662,AAA Batteries (4-pack),1,3/8/2019 19:50
173663,Wired Headphones,1,3/23/2019 13:58
173664,AAA Batteries (4-pack),1,3/27/2019 21:13
173665,Wired Headphones,1,3/17/2019 13:35
173666,Apple Airpods Headphones,1,3/26/2019 13:30
173667,20in Monitor,1,3/9/2019 20:43
173668,Lightning Charging Cable,1,3/20/2019 21:06
173669,USB-C Charging Cable,1,3/7/2019 13:24
173670,AA Batteries (4-pack),1,3/23/2019 23:04
173671,AAA Batteries (4-pack),3,3/28/2019 21:48
173672,Wired Headphones,1,3/16/2019 16:41
173673,Bose SoundSport Headphones,1,3/20/2019 18:16
173674,Apple Airpods Headphones,1,3/2/2019 16:01
173675,AAA Batteries (4-pack),5,3/26/2019 18:14
173676,AAA Batteries (4-pack),1,3/1/2019 10:56
173677,Wired Headphones,1,3/19/2019 20:23
173678,Bose SoundSport Headphones,1,3/2/2019 7:27
173679,Vareebadd Phone,1,3/28/2019 13:43
173680,AA Batteries (4-pack),1,3/16/2019 15:49
173681,Wired Headphones,1,3/30/2019 11:49
173682,Lightning Charging Cable,1,3/1/2019 18:50
173683,USB-C Charging Cable,1,3/14/2019 16:38
173684,AA Batteries (4-pack),2,3/3/2019 19:01
173685,iPhone,1,3/11/2019 12:39
173686,27in FHD Monitor,1,3/30/2019 16:15
173687,34in Ultrawide Monitor,1,3/19/2019 12:35
173688,Lightning Charging Cable,1,3/11/2019 0:31
173689,27in 4K Gaming Monitor,1,3/17/2019 12:51
173690,USB-C Charging Cable,1,3/31/2019 19:18
173691,Google Phone,1,3/28/2019 22:42
173692,USB-C Charging Cable,1,3/24/2019 11:30
173693,USB-C Charging Cable,2,3/12/2019 9:17
173694,Lightning Charging Cable,1,3/18/2019 10:49
173695,AA Batteries (4-pack),1,3/27/2019 12:51
173695,Wired Headphones,1,3/27/2019 12:51
173696,Apple Airpods Headphones,1,3/20/2019 12:50
173697,AAA Batteries (4-pack),1,3/23/2019 1:03
173698,USB-C Charging Cable,1,3/28/2019 11:06
173699,Macbook Pro Laptop,1,3/8/2019 13:45
173700,iPhone,1,3/14/2019 7:06
173700,Lightning Charging Cable,1,3/14/2019 7:06
173701,AAA Batteries (4-pack),1,3/12/2019 14:04
173702,Wired Headphones,1,3/10/2019 18:36
173703,AAA Batteries (4-pack),2,3/21/2019 2:25
173704,34in Ultrawide Monitor,1,3/25/2019 22:00
173705,USB-C Charging Cable,1,3/25/2019 23:41
173706,AA Batteries (4-pack),2,3/11/2019 20:08
173707,AA Batteries (4-pack),1,3/5/2019 19:42
173708,27in FHD Monitor,1,3/17/2019 10:51
173709,27in FHD Monitor,1,3/3/2019 20:59
173710,USB-C Charging Cable,1,3/5/2019 14:44
173711,Apple Airpods Headphones,1,3/21/2019 20:07
173712,USB-C Charging Cable,1,3/20/2019 6:46
173713,Apple Airpods Headphones,1,3/13/2019 5:10
173714,AA Batteries (4-pack),1,3/21/2019 18:16
173715,Flatscreen TV,1,3/2/2019 7:28
173716,Apple Airpods Headphones,1,3/6/2019 11:27
173716,iPhone,1,3/6/2019 11:27
173717,AA Batteries (4-pack),2,3/16/2019 17:00
173718,USB-C Charging Cable,1,3/8/2019 7:49
173719,Lightning Charging Cable,1,3/5/2019 20:12
173720,Wired Headphones,1,3/16/2019 3:26
173721,Bose SoundSport Headphones,1,3/19/2019 16:53
173722,Apple Airpods Headphones,1,3/20/2019 19:37
173723,USB-C Charging Cable,1,3/11/2019 11:46
173724,AAA Batteries (4-pack),1,3/22/2019 10:31
173725,USB-C Charging Cable,1,3/20/2019 13:07
Order ID,Product,Quantity Ordered,Order Date
173726,AAA Batteries (4-pack),1,3/11/2019 14:57
173727,Apple Airpods Headphones,1,3/13/2019 21:55
173728,Wired Headphones,1,3/26/2019 14:13
173729,20in Monitor,1,3/6/2019 7:17
173730,Wired Headphones,1,3/5/2019 15:55
173731,AAA Batteries (4-pack),3,3/16/2019 18:14
173732,AAA Batteries (4-pack),3,3/30/2019 19:51
173733,Vareebadd Phone,1,3/8/2019 10:07
173733,USB-C Charging Cable,1,3/8/2019 10:07
173734,USB-C Charging Cable,1,3/15/2019 11:00
173735,Wired Headphones,1,3/3/2019 16:33
173736,AA Batteries (4-pack),1,3/7/2019 20:21
173737,Wired Headphones,1,3/14/2019 21:23
173738,Flatscreen TV,1,3/23/2019 16:42
173739,Apple Airpods Headphones,1,3/26/2019 23:34
173740,Bose SoundSport Headphones,1,3/11/2019 20:17
173740,Apple Airpods Headphones,1,3/11/2019 20:17
173741,Apple Airpods Headphones,1,3/15/2019 20:28
173742,AA Batteries (4-pack),1,3/24/2019 18:13
173743,LG Dryer,1,3/9/2019 11:18
173744,Apple Airpods Headphones,1,3/6/2019 18:39
173745,AAA Batteries (4-pack),1,3/4/2019 16:08
173746,Macbook Pro Laptop,1,3/20/2019 17:30
173747,Lightning Charging Cable,1,3/27/2019 10:36
173748,ThinkPad Laptop,1,3/9/2019 21:08
173749,AA Batteries (4-pack),1,3/21/2019 16:00
173750,AAA Batteries (4-pack),2,3/12/2019 18:48
173751,AAA Batteries (4-pack),1,3/20/2019 18:30
173752,AAA Batteries (4-pack),1,3/4/2019 21:27
173753,Lightning Charging Cable,1,3/8/2019 16:48
Order ID,Product,Quantity Ordered,Order Date
173754,34in Ultrawide Monitor,1,3/24/2019 22:05
173755,AA Batteries (4-pack),2,3/24/2019 18:08
173756,27in FHD Monitor,1,3/5/2019 16:29
173757,Apple Airpods Headphones,1,3/14/2019 22:33
173758,Lightning Charging Cable,1,3/20/2019 12:34
173759,USB-C Charging Cable,1,3/5/2019 17:53
173760,20in Monitor,1,3/18/2019 15:34
173761,AA Batteries (4-pack),1,3/24/2019 22:47
173762,Wired Headphones,1,3/19/2019 23:01
173763,Lightning Charging Cable,1,3/13/2019 9:31
173764,Bose SoundSport Headphones,1,3/17/2019 10:21
173765,USB-C Charging Cable,1,3/7/2019 13:16
173766,AAA Batteries (4-pack),1,3/13/2019 4:03
173767,Wired Headphones,1,3/9/2019 10:28
173768,AAA Batteries (4-pack),1,3/3/2019 21:27
173769,Bose SoundSport Headphones,1,3/14/2019 1:14
173770,Google Phone,1,3/2/2019 13:24
173770,Wired Headphones,1,3/2/2019 13:24
173771,AA Batteries (4-pack),1,3/6/2019 12:52
173772,AAA Batteries (4-pack),2,3/26/2019 21:51
173773,27in FHD Monitor,1,3/4/2019 18:31
173774,Apple Airpods Headphones,1,3/17/2019 20:33
173775,Apple Airpods Headphones,1,3/16/2019 1:27
173776,iPhone,1,3/4/2019 10:23
173777,Apple Airpods Headphones,1,3/13/2019 9:08
173778,AA Batteries (4-pack),3,3/1/2019 14:24
173779,AAA Batteries (4-pack),1,3/3/2019 10:34
173780,27in FHD Monitor,1,3/8/2019 12:33
173781,iPhone,1,3/14/2019 20:08
173781,Lightning Charging Cable,1,3/14/2019 20:08
173782,Macbook Pro Laptop,1,3/26/2019 17:35
173783,iPhone,1,3/3/2019 21:23
173784,Apple Airpods Headphones,1,3/27/2019 23:20
173785,USB-C Charging Cable,1,3/26/2019 14:41
173786,Lightning Charging Cable,1,3/24/2019 21:17
173787,Apple Airpods Headphones,1,3/12/2019 14:37
173788,AA Batteries (4-pack),2,3/23/2019 0:17
173789,ThinkPad Laptop,1,3/1/2019 20:30
173790,27in FHD Monitor,1,3/22/2019 7:33
173791,Apple Airpods Headphones,1,3/17/2019 11:43
173792,Apple Airpods Headphones,1,3/12/2019 2:15
173793,USB-C Charging Cable,1,3/5/2019 18:26
173794,Google Phone,1,3/25/2019 7:21
173795,Bose SoundSport Headphones,1,3/17/2019 20:35
173796,Macbook Pro Laptop,1,3/31/2019 17:03
173797,AA Batteries (4-pack),1,3/16/2019 22:25
173798,Bose SoundSport Headphones,1,3/28/2019 9:05
173799,Wired Headphones,2,3/31/2019 15:09
173800,ThinkPad Laptop,1,3/11/2019 13:14
173801,34in Ultrawide Monitor,1,3/20/2019 15:35
173802,Wired Headphones,2,3/14/2019 0:21
173803,USB-C Charging Cable,2,3/24/2019 15:29
173803,USB-C Charging Cable,1,3/24/2019 15:29
173804,27in 4K Gaming Monitor,1,3/26/2019 14:17
173805,Lightning Charging Cable,1,3/30/2019 3:25
173806,AAA Batteries (4-pack),1,3/2/2019 20:09
173807,Lightning Charging Cable,1,3/5/2019 21:55
173808,AAA Batteries (4-pack),1,3/18/2019 23:09
173809,ThinkPad Laptop,1,3/22/2019 11:55
173810,AAA Batteries (4-pack),1,3/5/2019 18:27
173811,Wired Headphones,1,3/27/2019 12:44
173812,20in Monitor,1,3/8/2019 13:32
173813,Lightning Charging Cable,1,3/4/2019 18:39
173814,USB-C Charging Cable,1,3/24/2019 18:09
173815,Lightning Charging Cable,1,3/17/2019 18:27
173816,USB-C Charging Cable,1,3/23/2019 13:50
173817,27in FHD Monitor,1,3/10/2019 15:13
173818,USB-C Charging Cable,2,3/5/2019 19:31
173819,USB-C Charging Cable,1,3/22/2019 16:21
173820,AAA Batteries (4-pack),2,3/5/2019 17:48
173821,AAA Batteries (4-pack),1,3/26/2019 11:34
173822,Wired Headphones,1,3/22/2019 13:31
173823,USB-C Charging Cable,1,3/17/2019 22:01
173824,AAA Batteries (4-pack),1,3/25/2019 9:48
173825,USB-C Charging Cable,1,3/27/2019 18:07
173826,Macbook Pro Laptop,1,3/6/2019 13:46
173827,Wired Headphones,1,3/7/2019 9:21
173828,USB-C Charging Cable,1,3/9/2019 17:32
173829,AA Batteries (4-pack),1,3/3/2019 19:02
173830,ThinkPad Laptop,1,3/29/2019 11:26
173831,USB-C Charging Cable,1,3/8/2019 20:36
173832,Bose SoundSport Headphones,1,3/30/2019 18:10
173833,Lightning Charging Cable,1,3/14/2019 9:45
173834,Flatscreen TV,1,3/23/2019 18:35
173835,AAA Batteries (4-pack),2,3/1/2019 17:58
173836,AA Batteries (4-pack),1,3/16/2019 12:29
173837,AA Batteries (4-pack),2,3/30/2019 20:14
173838,Apple Airpods Headphones,1,3/13/2019 19:16
173839,iPhone,1,3/12/2019 13:19
173840,USB-C Charging Cable,1,3/27/2019 11:24
173841,AAA Batteries (4-pack),4,3/18/2019 20:18
173842,USB-C Charging Cable,1,3/13/2019 23:39
173843,AA Batteries (4-pack),1,3/28/2019 8:03
173844,Apple Airpods Headphones,1,3/5/2019 17:27
173845,Bose SoundSport Headphones,1,3/30/2019 13:48
173846,20in Monitor,1,3/31/2019 10:52
173847,LG Dryer,1,3/21/2019 15:41
173848,Apple Airpods Headphones,1,3/26/2019 11:29
173849,Bose SoundSport Headphones,1,3/28/2019 16:07
173850,Lightning Charging Cable,1,3/3/2019 13:16
173851,AAA Batteries (4-pack),4,3/23/2019 18:23
173852,Flatscreen TV,1,3/25/2019 15:10
173853,AA Batteries (4-pack),2,3/24/2019 23:07
173854,Lightning Charging Cable,1,3/21/2019 17:39
173855,Apple Airpods Headphones,1,3/16/2019 12:48
173856,AA Batteries (4-pack),2,3/12/2019 6:30
173857,AAA Batteries (4-pack),1,3/6/2019 12:33
173858,AAA Batteries (4-pack),2,3/6/2019 19:39
173859,Bose SoundSport Headphones,1,3/2/2019 15:11
173860,27in FHD Monitor,1,3/28/2019 7:54
173861,Lightning Charging Cable,1,3/14/2019 18:30
173862,Lightning Charging Cable,1,3/24/2019 11:44
173863,AAA Batteries (4-pack),2,3/13/2019 15:59
173864,Bose SoundSport Headphones,1,3/24/2019 9:12
173865,AAA Batteries (4-pack),1,3/14/2019 17:39
173866,AAA Batteries (4-pack),1,3/24/2019 12:57
173867,Lightning Charging Cable,1,3/13/2019 0:41
173868,Lightning Charging Cable,1,3/15/2019 22:51
173869,Google Phone,1,3/4/2019 11:29
173869,USB-C Charging Cable,1,3/4/2019 11:29
173870,USB-C Charging Cable,1,3/27/2019 13:59
173871,USB-C Charging Cable,1,3/30/2019 10:49
173872,Wired Headphones,1,3/14/2019 21:19
173873,USB-C Charging Cable,1,3/22/2019 8:19
173874,Lightning Charging Cable,1,3/3/2019 10:45
173875,Macbook Pro Laptop,1,3/27/2019 11:03
173876,USB-C Charging Cable,1,3/13/2019 9:43
173877,27in FHD Monitor,1,3/23/2019 10:41
173878,Google Phone,1,3/29/2019 11:48
173879,Wired Headphones,1,3/3/2019 0:03
173880,AAA Batteries (4-pack),1,3/6/2019 12:02
173881,Flatscreen TV,1,3/26/2019 17:29
173882,Bose SoundSport Headphones,1,3/23/2019 11:55
173883,iPhone,1,3/27/2019 11:58
173884,Lightning Charging Cable,1,3/13/2019 9:54
173885,AAA Batteries (4-pack),1,3/8/2019 20:11
173886,34in Ultrawide Monitor,1,3/31/2019 15:53
173887,Bose SoundSport Headphones,1,3/29/2019 11:21
173888,LG Dryer,1,3/21/2019 13:56
173889,Macbook Pro Laptop,1,3/6/2019 12:00
173890,AAA Batteries (4-pack),2,3/18/2019 9:05
173891,AA Batteries (4-pack),1,3/2/2019 21:28
173892,Lightning Charging Cable,1,3/13/2019 22:25
173893,Flatscreen TV,1,3/29/2019 22:53
173894,Macbook Pro Laptop,1,3/5/2019 9:46
173895,Wired Headphones,1,3/28/2019 16:17
173896,20in Monitor,1,3/7/2019 17:41
173897,AA Batteries (4-pack),1,3/28/2019 9:45
173898,Bose SoundSport Headphones,1,3/27/2019 8:25
173899,Flatscreen TV,1,3/4/2019 16:47
173900,Wired Headphones,1,3/24/2019 11:27
173901,AAA Batteries (4-pack),1,3/23/2019 13:11
173902,AAA Batteries (4-pack),2,3/28/2019 20:29
173903,USB-C Charging Cable,2,3/29/2019 9:12
173904,Wired Headphones,1,3/4/2019 21:45
173905,34in Ultrawide Monitor,1,3/9/2019 17:19
173906,USB-C Charging Cable,1,3/28/2019 8:11
173907,USB-C Charging Cable,1,3/29/2019 15:17
173908,USB-C Charging Cable,1,3/13/2019 10:50
173909,AA Batteries (4-pack),2,3/5/2019 9:19
173910,LG Dryer,1,3/18/2019 12:47
173911,Apple Airpods Headphones,1,3/4/2019 20:04
173912,Lightning Charging Cable,1,3/13/2019 22:54
173913,Bose SoundSport Headphones,1,3/30/2019 12:33
173914,AAA Batteries (4-pack),1,3/15/2019 9:24
173915,AA Batteries (4-pack),2,3/2/2019 18:40
173916,Wired Headphones,1,3/19/2019 13:13
173917,20in Monitor,1,3/23/2019 19:23
173918,Bose SoundSport Headphones,1,3/21/2019 22:15
173918,Wired Headphones,1,3/21/2019 22:15
173919,27in FHD Monitor,1,3/26/2019 17:46
173920,Lightning Charging Cable,1,3/7/2019 16:02
173921,Wired Headphones,1,3/30/2019 19:33
173922,Lightning Charging Cable,1,3/10/2019 19:46
173923,Lightning Charging Cable,1,3/14/2019 17:24
173924,Wired Headphones,1,3/12/2019 21:20
173925,AA Batteries (4-pack),1,3/27/2019 20:55
173926,AAA Batteries (4-pack),1,3/29/2019 19:08
173927,20in Monitor,1,3/27/2019 19:50
173928,iPhone,1,3/21/2019 0:23
173929,Flatscreen TV,1,3/4/2019 18:17
173930,Wired Headphones,1,3/17/2019 11:27
173931,Lightning Charging Cable,1,3/19/2019 13:59
173932,USB-C Charging Cable,1,3/11/2019 18:51
173933,AA Batteries (4-pack),1,3/5/2019 7:36
173934,Lightning Charging Cable,1,3/1/2019 12:55
173935,Flatscreen TV,1,3/17/2019 11:39
173936,AAA Batteries (4-pack),1,3/8/2019 15:42
173936,Apple Airpods Headphones,1,3/8/2019 15:42
173937,27in 4K Gaming Monitor,1,3/29/2019 17:06
173937,LG Dryer,1,3/29/2019 17:06
173938,Lightning Charging Cable,2,3/20/2019 9:20
173939,AA Batteries (4-pack),1,3/5/2019 16:54
173940,ThinkPad Laptop,1,3/21/2019 18:26
173941,27in 4K Gaming Monitor,1,3/22/2019 20:47
173942,USB-C Charging Cable,1,3/27/2019 19:03
173943,USB-C Charging Cable,1,3/13/2019 19:44
173944,AA Batteries (4-pack),1,3/15/2019 18:04
173945,Wired Headphones,1,3/8/2019 10:59
173946,27in 4K Gaming Monitor,1,3/24/2019 20:30
173947,AA Batteries (4-pack),1,3/7/2019 18:54
173948,Apple Airpods Headphones,1,3/26/2019 21:23
173949,Bose SoundSport Headphones,1,3/28/2019 21:46
173950,iPhone,1,3/3/2019 23:07
173951,USB-C Charging Cable,1,3/7/2019 21:38
173952,20in Monitor,1,3/12/2019 12:17
173953,Lightning Charging Cable,1,3/21/2019 13:29
173954,Wired Headphones,1,3/22/2019 11:59
173955,AAA Batteries (4-pack),1,3/17/2019 7:32
173956,Lightning Charging Cable,1,3/22/2019 8:59
173957,Google Phone,1,3/24/2019 18:02
173958,AAA Batteries (4-pack),1,3/21/2019 17:34
173959,20in Monitor,1,3/19/2019 8:22
173960,Apple Airpods Headphones,1,3/5/2019 12:48
173961,Lightning Charging Cable,1,3/17/2019 0:33
173962,Lightning Charging Cable,1,3/10/2019 17:26
173963,27in FHD Monitor,1,3/21/2019 19:15
173964,Bose SoundSport Headphones,1,3/22/2019 0:08
173965,Lightning Charging Cable,1,3/26/2019 6:44
173966,Wired Headphones,1,3/27/2019 21:08
173967,AAA Batteries (4-pack),1,3/9/2019 9:29
173968,27in 4K Gaming Monitor,1,3/3/2019 20:05
173969,Wired Headphones,1,3/4/2019 17:28
173969,27in FHD Monitor,1,3/4/2019 17:28
173970,Wired Headphones,2,3/14/2019 19:21
173971,USB-C Charging Cable,1,3/29/2019 7:56
173972,Macbook Pro Laptop,1,3/4/2019 11:39
173973,AAA Batteries (4-pack),3,3/10/2019 21:12
173974,AA Batteries (4-pack),1,3/13/2019 12:31
173975,Wired Headphones,1,3/18/2019 6:49
173976,Apple Airpods Headphones,1,3/22/2019 22:03
173977,Apple Airpods Headphones,1,3/20/2019 13:43
173978,USB-C Charging Cable,1,3/9/2019 8:38
173979,AAA Batteries (4-pack),1,3/28/2019 17:45
173980,Google Phone,1,3/29/2019 6:28
173980,USB-C Charging Cable,1,3/29/2019 6:28
173981,USB-C Charging Cable,1,3/1/2019 12:24
173982,USB-C Charging Cable,1,3/16/2019 11:03
173983,Lightning Charging Cable,1,3/3/2019 19:46
173984,Apple Airpods Headphones,1,3/5/2019 8:33
173985,ThinkPad Laptop,1,3/8/2019 18:20
173986,Flatscreen TV,1,3/28/2019 19:38
173987,AAA Batteries (4-pack),1,3/29/2019 17:31
173988,AA Batteries (4-pack),1,3/9/2019 17:53
173989,AAA Batteries (4-pack),1,3/25/2019 11:56
173990,LG Dryer,1,3/30/2019 22:10
173991,AA Batteries (4-pack),1,3/9/2019 19:25
173992,AA Batteries (4-pack),1,3/11/2019 18:25
173993,AAA Batteries (4-pack),1,3/29/2019 11:23
173994,AA Batteries (4-pack),1,3/9/2019 18:47
173995,Wired Headphones,1,3/3/2019 22:20
173996,AAA Batteries (4-pack),1,3/6/2019 21:05
173997,27in FHD Monitor,1,3/6/2019 0:27
173998,AAA Batteries (4-pack),1,3/19/2019 8:11
173999,iPhone,1,3/4/2019 13:56
174000,Google Phone,1,3/31/2019 10:59
174001,USB-C Charging Cable,1,3/13/2019 5:51
174002,AAA Batteries (4-pack),1,3/13/2019 15:41
174003,AA Batteries (4-pack),1,3/7/2019 8:45
174004,Apple Airpods Headphones,1,3/23/2019 11:19
174005,20in Monitor,1,3/30/2019 12:55
174006,AAA Batteries (4-pack),1,3/19/2019 9:33
174007,34in Ultrawide Monitor,1,3/4/2019 13:22
174008,AA Batteries (4-pack),1,3/3/2019 21:23
174009,AAA Batteries (4-pack),1,3/14/2019 20:14
174010,AAA Batteries (4-pack),2,3/16/2019 12:16
174011,AAA Batteries (4-pack),1,3/8/2019 22:18
174012,Google Phone,1,3/19/2019 13:32
174013,USB-C Charging Cable,1,3/23/2019 22:07
174014,AA Batteries (4-pack),1,3/19/2019 3:55
174015,Lightning Charging Cable,1,3/6/2019 11:51
174016,AA Batteries (4-pack),1,3/8/2019 16:01
174017,AAA Batteries (4-pack),1,3/19/2019 15:10
174018,AA Batteries (4-pack),2,3/27/2019 16:46
174019,USB-C Charging Cable,1,3/14/2019 10:22
174020,Wired Headphones,1,3/31/2019 6:04
174021,AA Batteries (4-pack),3,3/15/2019 21:22
174022,27in FHD Monitor,1,3/16/2019 10:58
174023,USB-C Charging Cable,1,3/20/2019 15:09
174024,AAA Batteries (4-pack),1,3/8/2019 11:39
174025,AA Batteries (4-pack),2,3/19/2019 8:47
174026,Apple Airpods Headphones,1,3/13/2019 19:26
174027,Wired Headphones,1,3/13/2019 11:41
174028,USB-C Charging Cable,2,3/30/2019 17:47
174029,34in Ultrawide Monitor,1,3/12/2019 12:22
174030,USB-C Charging Cable,1,3/2/2019 12:31
174031,Apple Airpods Headphones,1,3/9/2019 19:02
174032,Bose SoundSport Headphones,1,3/14/2019 6:13
174033,Apple Airpods Headphones,1,3/7/2019 15:50
174034,Wired Headphones,1,3/28/2019 20:19
174035,AA Batteries (4-pack),2,3/2/2019 10:27
174036,Wired Headphones,1,3/8/2019 11:29
174037,Lightning Charging Cable,1,3/30/2019 18:16
174038,Wired Headphones,1,3/15/2019 13:52
174039,Bose SoundSport Headphones,1,3/16/2019 20:05
174040,ThinkPad Laptop,1,3/4/2019 15:28
174041,Wired Headphones,1,3/15/2019 20:55
174042,USB-C Charging Cable,1,3/19/2019 20:05
174043,AAA Batteries (4-pack),2,3/19/2019 9:08
174044,Google Phone,1,3/30/2019 17:07
174045,USB-C Charging Cable,3,3/26/2019 22:29
174046,AA Batteries (4-pack),1,3/15/2019 0:04
174047,AA Batteries (4-pack),1,3/25/2019 20:33
174048,ThinkPad Laptop,1,3/13/2019 10:51
174049,Apple Airpods Headphones,1,3/24/2019 15:43
174050,AA Batteries (4-pack),1,3/31/2019 13:34
174051,Apple Airpods Headphones,1,3/8/2019 16:22
174052,AAA Batteries (4-pack),2,3/17/2019 13:27
174053,Bose SoundSport Headphones,1,3/10/2019 10:57
174054,USB-C Charging Cable,1,3/23/2019 19:49
174055,Lightning Charging Cable,1,3/19/2019 9:41
174056,AAA Batteries (4-pack),2,3/25/2019 0:00
174057,AAA Batteries (4-pack),1,3/22/2019 9:29
174058,AAA Batteries (4-pack),1,3/6/2019 17:50
174059,AA Batteries (4-pack),1,3/22/2019 20:25
174060,AA Batteries (4-pack),3,3/18/2019 16:45
174061,AA Batteries (4-pack),1,3/23/2019 17:33
174062,AA Batteries (4-pack),1,3/31/2019 12:02
174063,AA Batteries (4-pack),1,3/24/2019 18:01
174064,Macbook Pro Laptop,1,3/20/2019 17:05
174065,27in 4K Gaming Monitor,1,3/21/2019 22:06
174066,Flatscreen TV,1,3/22/2019 10:04
174067,AA Batteries (4-pack),1,3/18/2019 19:14
174068,Lightning Charging Cable,1,3/20/2019 19:23
174069,AA Batteries (4-pack),2,3/18/2019 18:29
174070,Lightning Charging Cable,1,3/23/2019 16:16
174071,Apple Airpods Headphones,1,3/30/2019 14:12
174072,ThinkPad Laptop,1,3/14/2019 16:21
174073,Wired Headphones,1,3/22/2019 14:22
174074,AA Batteries (4-pack),1,3/10/2019 16:40
174075,USB-C Charging Cable,1,3/10/2019 14:17
174076,Wired Headphones,1,3/3/2019 18:47
174077,Bose SoundSport Headphones,1,3/2/2019 4:48
174078,Wired Headphones,1,3/18/2019 20:12
174079,Bose SoundSport Headphones,1,3/11/2019 7:46
174080,Wired Headphones,1,3/23/2019 12:31
174081,AAA Batteries (4-pack),1,3/27/2019 15:20
174082,AAA Batteries (4-pack),1,3/25/2019 12:34
174083,Bose SoundSport Headphones,1,3/9/2019 14:36
174084,AA Batteries (4-pack),2,3/27/2019 15:56
174085,Lightning Charging Cable,1,3/7/2019 19:26
174086,34in Ultrawide Monitor,1,3/9/2019 20:15
174087,AAA Batteries (4-pack),2,3/5/2019 22:28
174088,Lightning Charging Cable,1,3/10/2019 10:40
174089,Macbook Pro Laptop,1,3/18/2019 0:28
174090,AAA Batteries (4-pack),2,3/18/2019 12:13
174091,Wired Headphones,1,3/17/2019 19:56
174092,Bose SoundSport Headphones,1,3/2/2019 9:44
174093,AA Batteries (4-pack),1,3/30/2019 10:30
174094,Flatscreen TV,1,3/15/2019 0:05
174095,AA Batteries (4-pack),1,3/27/2019 10:17
174096,Lightning Charging Cable,1,3/7/2019 23:18
174097,AAA Batteries (4-pack),1,3/5/2019 16:05
174098,USB-C Charging Cable,2,3/30/2019 18:54
174099,20in Monitor,1,3/7/2019 11:45
174100,USB-C Charging Cable,2,3/11/2019 9:58
174101,Bose SoundSport Headphones,1,3/14/2019 21:39
174102,ThinkPad Laptop,1,3/17/2019 8:27
174103,27in FHD Monitor,1,3/20/2019 20:41
174104,Apple Airpods Headphones,1,3/28/2019 20:55
174105,Apple Airpods Headphones,1,3/25/2019 8:37
174106,Apple Airpods Headphones,1,3/29/2019 12:49
174107,Lightning Charging Cable,1,3/2/2019 18:05
174108,34in Ultrawide Monitor,1,3/5/2019 9:51
174109,AAA Batteries (4-pack),1,3/1/2019 20:59
174110,Wired Headphones,1,3/13/2019 19:12
174111,20in Monitor,1,3/23/2019 22:38
174112,34in Ultrawide Monitor,1,3/7/2019 19:49
174113,Apple Airpods Headphones,1,3/25/2019 10:59
174114,Lightning Charging Cable,1,3/2/2019 20:38
174115,Flatscreen TV,1,3/27/2019 15:25
174116,Wired Headphones,1,3/30/2019 8:43
174117,AAA Batteries (4-pack),1,3/15/2019 9:42
174118,AAA Batteries (4-pack),1,3/29/2019 12:49
174119,Lightning Charging Cable,2,3/10/2019 12:24
174120,AA Batteries (4-pack),1,3/22/2019 14:47
174121,AA Batteries (4-pack),1,3/16/2019 22:56
174122,Apple Airpods Headphones,1,3/8/2019 8:48
174123,34in Ultrawide Monitor,1,3/25/2019 14:16
174124,Apple Airpods Headphones,1,3/31/2019 14:49
174125,27in 4K Gaming Monitor,1,3/12/2019 14:52
174126,27in 4K Gaming Monitor,1,3/15/2019 19:38
174127,27in FHD Monitor,1,3/3/2019 17:36
174128,AAA Batteries (4-pack),1,3/15/2019 22:39
174129,USB-C Charging Cable,1,3/30/2019 15:03
174130,Bose SoundSport Headphones,1,3/18/2019 19:25
174131,AA Batteries (4-pack),1,3/30/2019 12:13
174132,Apple Airpods Headphones,1,3/7/2019 20:35
174133,Google Phone,1,3/17/2019 16:30
174134,20in Monitor,1,3/3/2019 14:27
174135,Lightning Charging Cable,1,3/26/2019 14:20
174136,USB-C Charging Cable,1,3/24/2019 14:16
174137,20in Monitor,1,3/4/2019 8:18
174137,LG Washing Machine,1,3/4/2019 8:18
174138,AAA Batteries (4-pack),1,3/21/2019 9:45
174139,Wired Headphones,1,3/11/2019 11:18
174140,Lightning Charging Cable,1,3/31/2019 12:28
174141,Lightning Charging Cable,1,3/19/2019 17:05
174142,AA Batteries (4-pack),2,3/21/2019 13:08
174143,AAA Batteries (4-pack),1,3/12/2019 13:02
174144,AA Batteries (4-pack),2,3/15/2019 12:28
174145,20in Monitor,1,3/7/2019 6:36
174146,iPhone,1,3/1/2019 21:47
174147,Lightning Charging Cable,1,3/1/2019 11:32
174148,AA Batteries (4-pack),1,3/14/2019 6:35
174149,Apple Airpods Headphones,1,3/31/2019 1:40
174150,34in Ultrawide Monitor,1,3/22/2019 21:57
174151,ThinkPad Laptop,1,3/11/2019 7:03
174152,Wired Headphones,1,3/16/2019 13:02
174152,LG Washing Machine,1,3/16/2019 13:02
174153,Apple Airpods Headphones,1,3/22/2019 23:29
174154,Wired Headphones,1,3/11/2019 8:33
174155,Bose SoundSport Headphones,1,3/27/2019 20:27
174156,AAA Batteries (4-pack),2,3/9/2019 15:47
174157,Bose SoundSport Headphones,1,3/10/2019 0:26
174158,ThinkPad Laptop,1,3/6/2019 12:05
174159,AA Batteries (4-pack),3,3/4/2019 19:25
174160,USB-C Charging Cable,1,3/2/2019 16:59
174161,Wired Headphones,1,3/29/2019 11:28
174162,27in 4K Gaming Monitor,1,3/10/2019 10:10
174163,Google Phone,1,3/6/2019 18:46
174164,AA Batteries (4-pack),2,3/3/2019 9:31
174165,Apple Airpods Headphones,1,3/23/2019 6:35
174166,Wired Headphones,1,3/9/2019 19:03
174167,AA Batteries (4-pack),1,3/2/2019 13:34
174168,Lightning Charging Cable,1,3/19/2019 13:09
174169,Lightning Charging Cable,3,3/10/2019 17:43
174170,AAA Batteries (4-pack),1,3/16/2019 1:04
174171,Lightning Charging Cable,1,3/18/2019 23:48
174172,Flatscreen TV,1,3/13/2019 19:14
174173,27in FHD Monitor,1,3/12/2019 12:19
174174,Lightning Charging Cable,1,3/23/2019 13:29
174175,Lightning Charging Cable,1,3/13/2019 14:10
174176,AAA Batteries (4-pack),1,3/9/2019 20:58
174177,Bose SoundSport Headphones,1,3/14/2019 16:56
174178,Apple Airpods Headphones,1,3/22/2019 14:35
174179,USB-C Charging Cable,1,3/14/2019 22:26
174180,20in Monitor,1,3/25/2019 7:37
174181,Wired Headphones,1,3/14/2019 11:20
174182,Lightning Charging Cable,1,3/8/2019 11:03
174183,USB-C Charging Cable,2,3/13/2019 20:14
174184,Wired Headphones,2,3/19/2019 18:16
174185,Lightning Charging Cable,1,3/31/2019 13:55
174186,Lightning Charging Cable,1,3/29/2019 9:53
174187,Macbook Pro Laptop,1,3/3/2019 12:24
174188,Wired Headphones,1,3/25/2019 15:13
174189,AA Batteries (4-pack),2,3/21/2019 13:31
174190,34in Ultrawide Monitor,1,3/21/2019 1:07
174191,ThinkPad Laptop,1,3/13/2019 19:21
174192,AAA Batteries (4-pack),1,3/5/2019 9:18
174193,AA Batteries (4-pack),1,3/17/2019 18:24
174194,USB-C Charging Cable,1,3/7/2019 14:00
174195,LG Washing Machine,1,3/23/2019 16:41
174196,Macbook Pro Laptop,1,3/10/2019 20:48
174197,USB-C Charging Cable,1,3/16/2019 11:40
174198,Google Phone,1,3/3/2019 12:12
174199,27in FHD Monitor,1,3/30/2019 16:45
174200,USB-C Charging Cable,1,3/22/2019 23:15
174201,Bose SoundSport Headphones,1,3/7/2019 16:08
174202,Wired Headphones,1,3/19/2019 15:54
174203,AAA Batteries (4-pack),1,3/20/2019 15:47
174204,Wired Headphones,1,3/25/2019 7:00
174205,Flatscreen TV,1,3/29/2019 19:17
174206,Wired Headphones,1,3/9/2019 16:42
Order ID,Product,Quantity Ordered,Order Date
174207,USB-C Charging Cable,1,3/24/2019 0:42
174208,27in FHD Monitor,1,3/23/2019 19:43
174209,USB-C Charging Cable,1,3/28/2019 22:55
174210,Bose SoundSport Headphones,1,3/20/2019 8:12
174211,Lightning Charging Cable,1,3/30/2019 10:41
174212,USB-C Charging Cable,1,3/22/2019 9:09
174213,Lightning Charging Cable,1,3/22/2019 19:45
174213,iPhone,1,3/22/2019 19:45
174214,iPhone,1,3/20/2019 18:38
174215,AA Batteries (4-pack),1,3/17/2019 16:57
174216,Lightning Charging Cable,1,3/3/2019 14:18
174217,27in 4K Gaming Monitor,1,3/12/2019 4:59
174218,Lightning Charging Cable,1,3/15/2019 17:42
174219,AAA Batteries (4-pack),3,3/5/2019 15:24
174220,AAA Batteries (4-pack),1,3/27/2019 8:34
174221,Google Phone,1,3/10/2019 15:48
174222,AA Batteries (4-pack),1,3/11/2019 9:37
174223,USB-C Charging Cable,1,3/27/2019 16:09
174224,Wired Headphones,1,3/28/2019 15:10
174225,ThinkPad Laptop,1,3/27/2019 0:04
174226,20in Monitor,1,3/26/2019 20:53
174227,iPhone,1,3/28/2019 14:16
174227,Lightning Charging Cable,1,3/28/2019 14:16
174228,34in Ultrawide Monitor,1,3/26/2019 8:19
174229,AAA Batteries (4-pack),1,3/19/2019 19:42
174230,Google Phone,1,3/12/2019 14:49
174231,Wired Headphones,1,3/27/2019 10:55
174232,AA Batteries (4-pack),1,3/8/2019 20:21
174233,AAA Batteries (4-pack),1,3/11/2019 19:31
174234,Bose SoundSport Headphones,1,3/22/2019 17:37
174235,AA Batteries (4-pack),1,3/22/2019 13:16
174236,Lightning Charging Cable,1,3/10/2019 8:57
174237,Wired Headphones,1,3/20/2019 21:31
174238,27in 4K Gaming Monitor,1,3/11/2019 21:22
174239,AA Batteries (4-pack),1,3/19/2019 13:27
174240,Lightning Charging Cable,1,3/28/2019 11:57
174241,Google Phone,1,3/1/2019 9:10
174241,USB-C Charging Cable,1,3/1/2019 9:10
174242,AAA Batteries (4-pack),1,3/13/2019 0:28
174243,iPhone,1,3/3/2019 21:28
174243,Wired Headphones,1,3/3/2019 21:28
174244,20in Monitor,1,3/12/2019 14:02
174245,Lightning Charging Cable,1,3/2/2019 13:01
174246,Lightning Charging Cable,2,3/2/2019 11:38
174247,34in Ultrawide Monitor,1,3/16/2019 19:51
174248,Bose SoundSport Headphones,1,3/29/2019 20:45
174249,34in Ultrawide Monitor,1,3/20/2019 9:08
174250,Lightning Charging Cable,1,3/30/2019 15:09
174251,AAA Batteries (4-pack),2,3/30/2019 22:05
174252,34in Ultrawide Monitor,1,3/16/2019 22:42
174253,AAA Batteries (4-pack),1,3/6/2019 21:12
174254,Bose SoundSport Headphones,1,3/23/2019 15:42
174255,Macbook Pro Laptop,1,3/24/2019 19:51
174256,Apple Airpods Headphones,1,3/25/2019 19:03
174257,AAA Batteries (4-pack),2,3/26/2019 1:48
174258,Bose SoundSport Headphones,1,3/5/2019 7:59
174259,AA Batteries (4-pack),1,3/17/2019 10:16
174260,USB-C Charging Cable,1,3/3/2019 11:37
174261,Wired Headphones,1,3/22/2019 7:52
174262,34in Ultrawide Monitor,1,3/11/2019 22:06
174263,USB-C Charging Cable,1,3/17/2019 19:52
174264,Lightning Charging Cable,1,3/30/2019 21:45
174265,34in Ultrawide Monitor,1,3/24/2019 10:12
174266,Bose SoundSport Headphones,1,3/24/2019 18:56
174267,27in 4K Gaming Monitor,1,3/11/2019 9:50
174268,Wired Headphones,1,3/7/2019 17:42
174269,Macbook Pro Laptop,1,3/15/2019 18:40
174270,34in Ultrawide Monitor,1,3/21/2019 11:20
174271,AA Batteries (4-pack),2,3/19/2019 17:16
174272,Wired Headphones,1,3/22/2019 11:43
174273,LG Dryer,1,3/17/2019 8:46
174274,AAA Batteries (4-pack),2,3/21/2019 10:59
174275,Lightning Charging Cable,1,3/26/2019 10:06
174276,27in FHD Monitor,1,3/5/2019 21:26
174277,27in 4K Gaming Monitor,1,3/19/2019 23:06
174278,Google Phone,1,3/19/2019 20:35
174278,USB-C Charging Cable,1,3/19/2019 20:35
174279,Apple Airpods Headphones,1,3/28/2019 18:42
174280,Bose SoundSport Headphones,1,3/27/2019 12:08
174281,Wired Headphones,1,3/27/2019 1:02
174282,AA Batteries (4-pack),1,3/27/2019 12:32
174283,27in 4K Gaming Monitor,1,3/5/2019 13:58
174284,Bose SoundSport Headphones,1,3/10/2019 22:14
174285,AA Batteries (4-pack),1,3/22/2019 18:06
174286,USB-C Charging Cable,1,3/3/2019 21:35
174287,AA Batteries (4-pack),1,3/29/2019 13:35
174288,Macbook Pro Laptop,1,3/26/2019 16:13
174289,Wired Headphones,1,3/10/2019 20:39
174290,AAA Batteries (4-pack),2,3/5/2019 19:43
174291,Apple Airpods Headphones,1,3/7/2019 0:09
174292,Apple Airpods Headphones,1,3/18/2019 3:25
174293,AA Batteries (4-pack),1,3/9/2019 2:23
174294,Wired Headphones,1,3/4/2019 17:41
174294,Google Phone,1,3/4/2019 17:41
174295,Bose SoundSport Headphones,1,3/27/2019 12:18
174296,ThinkPad Laptop,1,3/8/2019 22:02
174297,Lightning Charging Cable,1,3/23/2019 20:05
174298,AA Batteries (4-pack),2,3/27/2019 12:20
174299,Lightning Charging Cable,1,3/22/2019 15:30
174300,AAA Batteries (4-pack),2,3/21/2019 11:01
174301,USB-C Charging Cable,1,3/28/2019 23:03
174302,27in FHD Monitor,1,3/8/2019 20:50
174303,Flatscreen TV,1,3/13/2019 18:36
174304,USB-C Charging Cable,3,3/29/2019 22:59
174305,AA Batteries (4-pack),1,3/29/2019 11:11
174306,AAA Batteries (4-pack),2,3/17/2019 9:47
174307,Lightning Charging Cable,1,3/28/2019 8:03
174308,Lightning Charging Cable,1,3/7/2019 10:28
174309,34in Ultrawide Monitor,1,3/12/2019 17:14
174310,Wired Headphones,1,3/15/2019 16:46
174311,USB-C Charging Cable,1,3/24/2019 15:16
174312,27in FHD Monitor,1,3/26/2019 21:39
174313,27in FHD Monitor,1,3/8/2019 1:36
174314,27in 4K Gaming Monitor,1,3/22/2019 0:47
174315,Lightning Charging Cable,1,3/19/2019 23:39
174316,AAA Batteries (4-pack),2,3/12/2019 14:35
174317,Lightning Charging Cable,1,3/12/2019 10:45
174318,Flatscreen TV,1,3/17/2019 11:09
174319,USB-C Charging Cable,1,3/2/2019 10:41
174320,LG Washing Machine,1,3/22/2019 15:07
174321,USB-C Charging Cable,1,3/16/2019 12:43
174322,Bose SoundSport Headphones,1,3/21/2019 18:35
174323,Apple Airpods Headphones,1,3/25/2019 12:59
174324,AA Batteries (4-pack),1,3/15/2019 1:10
174325,Lightning Charging Cable,2,3/11/2019 19:29
174326,27in FHD Monitor,1,3/29/2019 20:38
174327,34in Ultrawide Monitor,1,3/19/2019 18:50
174328,AA Batteries (4-pack),1,3/17/2019 15:02
174329,AA Batteries (4-pack),4,3/11/2019 11:25
174330,Bose SoundSport Headphones,1,3/28/2019 15:32
174331,Flatscreen TV,1,3/10/2019 17:00
174332,Wired Headphones,1,3/3/2019 17:36
174333,USB-C Charging Cable,1,3/4/2019 0:14
174334,Bose SoundSport Headphones,1,3/4/2019 14:48
174335,Apple Airpods Headphones,1,3/8/2019 7:06
174336,Lightning Charging Cable,1,3/15/2019 18:15
174337,Vareebadd Phone,1,3/2/2019 16:15
174338,34in Ultrawide Monitor,1,3/3/2019 20:31
174339,Apple Airpods Headphones,1,3/20/2019 13:56
174340,AAA Batteries (4-pack),1,3/12/2019 7:48
174341,iPhone,1,3/31/2019 18:20
174342,AAA Batteries (4-pack),2,3/28/2019 13:27
174343,AAA Batteries (4-pack),3,3/17/2019 15:36
174344,AA Batteries (4-pack),1,3/29/2019 22:40
174345,Lightning Charging Cable,1,3/13/2019 9:57
174346,Wired Headphones,1,3/13/2019 11:42
174347,Wired Headphones,1,3/14/2019 9:44
174348,Google Phone,1,3/30/2019 7:04
174349,USB-C Charging Cable,1,3/25/2019 20:50
174350,Bose SoundSport Headphones,1,3/31/2019 17:09
174351,USB-C Charging Cable,1,3/6/2019 11:23
174352,27in FHD Monitor,1,3/2/2019 3:47
174353,ThinkPad Laptop,1,3/13/2019 20:37
174354,Macbook Pro Laptop,1,3/14/2019 20:27
174355,Bose SoundSport Headphones,1,3/19/2019 20:31
174356,Wired Headphones,1,3/1/2019 9:45
174357,Wired Headphones,1,3/20/2019 15:00
174358,Macbook Pro Laptop,1,3/28/2019 20:20
174359,USB-C Charging Cable,1,3/17/2019 14:04
174360,iPhone,1,3/12/2019 19:05
174360,Apple Airpods Headphones,1,3/12/2019 19:05
174361,Macbook Pro Laptop,1,3/9/2019 14:16
174362,USB-C Charging Cable,2,3/12/2019 18:07
174363,AA Batteries (4-pack),2,3/12/2019 16:31
174364,AA Batteries (4-pack),1,3/26/2019 13:29
174365,AA Batteries (4-pack),1,3/9/2019 16:44
174366,AA Batteries (4-pack),2,3/4/2019 11:03
174367,AAA Batteries (4-pack),2,3/20/2019 11:06
174368,34in Ultrawide Monitor,1,3/10/2019 16:09
174369,AA Batteries (4-pack),1,3/13/2019 20:46
174370,Bose SoundSport Headphones,1,3/12/2019 14:03
,,,
174371,Wired Headphones,1,3/22/2019 13:38
174372,ThinkPad Laptop,1,3/28/2019 20:58
174373,Wired Headphones,1,3/6/2019 7:52
174374,AAA Batteries (4-pack),1,3/28/2019 14:52
174375,AA Batteries (4-pack),1,3/23/2019 10:04
174376,AAA Batteries (4-pack),2,3/25/2019 13:06
174377,20in Monitor,1,3/21/2019 12:56
174378,USB-C Charging Cable,1,3/1/2019 14:55
174379,USB-C Charging Cable,1,3/19/2019 21:57
174380,Wired Headphones,1,3/26/2019 16:08
174381,iPhone,1,3/26/2019 16:36
174382,Macbook Pro Laptop,1,3/17/2019 13:06
Order ID,Product,Quantity Ordered,Order Date
174383,Bose SoundSport Headphones,1,3/1/2019 23:12
174384,ThinkPad Laptop,1,3/11/2019 16:27
174385,20in Monitor,1,3/25/2019 12:39
174386,AA Batteries (4-pack),1,3/17/2019 18:59
174387,20in Monitor,1,3/18/2019 12:19
174388,USB-C Charging Cable,1,3/28/2019 12:28
174389,27in FHD Monitor,1,3/4/2019 15:45
174390,USB-C Charging Cable,1,3/14/2019 13:37
174391,USB-C Charging Cable,1,3/26/2019 13:31
174392,Wired Headphones,1,3/25/2019 17:30
174393,Wired Headphones,1,3/14/2019 20:33
174394,Lightning Charging Cable,1,3/16/2019 16:49
174395,Bose SoundSport Headphones,1,3/1/2019 11:01
174396,Lightning Charging Cable,1,3/22/2019 15:33
174397,Macbook Pro Laptop,1,3/21/2019 13:45
174398,Bose SoundSport Headphones,1,3/27/2019 10:15
174398,Wired Headphones,1,3/27/2019 10:15
174399,34in Ultrawide Monitor,1,3/13/2019 11:56
174400,AAA Batteries (4-pack),2,3/6/2019 15:23
174401,Bose SoundSport Headphones,1,3/11/2019 17:49
174402,Lightning Charging Cable,1,3/23/2019 6:31
174403,iPhone,1,3/23/2019 9:57
174403,Lightning Charging Cable,1,3/23/2019 9:57
174404,Lightning Charging Cable,2,3/22/2019 19:14
174404,Wired Headphones,1,3/22/2019 19:14
174405,27in 4K Gaming Monitor,1,3/26/2019 10:58
174406,USB-C Charging Cable,3,3/18/2019 10:35
174407,Apple Airpods Headphones,1,3/19/2019 15:11
174408,Lightning Charging Cable,1,3/27/2019 13:07
174409,AA Batteries (4-pack),1,3/5/2019 7:40
174410,Apple Airpods Headphones,1,3/15/2019 9:43
174411,Bose SoundSport Headphones,1,3/17/2019 19:54
174412,Apple Airpods Headphones,1,3/3/2019 23:52
174413,USB-C Charging Cable,1,3/17/2019 17:42
174414,Google Phone,1,3/24/2019 18:09
174415,Apple Airpods Headphones,1,3/2/2019 0:53
174416,Bose SoundSport Headphones,2,3/13/2019 19:59
174417,34in Ultrawide Monitor,1,3/30/2019 15:15
174418,27in FHD Monitor,1,3/28/2019 14:06
174419,27in FHD Monitor,1,3/25/2019 13:08
174420,ThinkPad Laptop,1,3/30/2019 16:43
174421,AA Batteries (4-pack),1,3/31/2019 17:24
174422,Apple Airpods Headphones,1,3/6/2019 12:15
174423,Vareebadd Phone,1,3/14/2019 15:25
174423,Wired Headphones,1,3/14/2019 15:25
174424,AAA Batteries (4-pack),3,3/5/2019 13:22
174425,27in FHD Monitor,1,3/15/2019 13:02
174426,iPhone,1,3/1/2019 12:40
174427,Lightning Charging Cable,1,3/23/2019 22:14
174428,USB-C Charging Cable,1,3/25/2019 1:37
174429,USB-C Charging Cable,1,3/26/2019 20:16
174430,AA Batteries (4-pack),1,3/5/2019 9:05
174431,Wired Headphones,1,3/6/2019 17:25
174432,Bose SoundSport Headphones,1,3/10/2019 20:29
174433,Apple Airpods Headphones,1,3/1/2019 10:34
174434,Wired Headphones,1,3/26/2019 14:39
174435,Google Phone,1,3/22/2019 11:50
174435,Bose SoundSport Headphones,1,3/22/2019 11:50
174436,Lightning Charging Cable,1,3/31/2019 17:34
174437,Wired Headphones,1,3/27/2019 7:48
174438,AAA Batteries (4-pack),1,3/14/2019 17:22
174439,USB-C Charging Cable,1,3/19/2019 19:09
174440,27in FHD Monitor,1,3/4/2019 21:56
174441,AAA Batteries (4-pack),2,3/10/2019 11:03
174442,AAA Batteries (4-pack),2,3/29/2019 15:08
174443,iPhone,1,3/6/2019 17:53
174444,27in 4K Gaming Monitor,1,3/27/2019 18:09
174445,AA Batteries (4-pack),1,3/31/2019 15:59
174446,Lightning Charging Cable,1,3/3/2019 9:33
174447,Wired Headphones,1,3/26/2019 8:33
174448,Bose SoundSport Headphones,1,3/16/2019 11:24
174449,Flatscreen TV,1,3/5/2019 21:50
174450,Apple Airpods Headphones,1,3/14/2019 14:00
174451,LG Washing Machine,1,3/2/2019 9:48
174452,34in Ultrawide Monitor,1,3/30/2019 20:27
174453,Lightning Charging Cable,1,3/27/2019 13:34
174454,Wired Headphones,1,3/24/2019 10:44
174455,34in Ultrawide Monitor,1,3/15/2019 13:39
174456,27in FHD Monitor,1,3/20/2019 13:13
174457,27in FHD Monitor,1,3/30/2019 2:46
174458,27in FHD Monitor,1,3/11/2019 11:54
174459,Wired Headphones,1,3/27/2019 22:07
174460,Bose SoundSport Headphones,1,3/12/2019 21:08
174461,27in 4K Gaming Monitor,1,3/21/2019 15:59
174462,AA Batteries (4-pack),1,3/29/2019 9:53
174463,Lightning Charging Cable,1,3/15/2019 12:15
174464,USB-C Charging Cable,1,3/14/2019 19:28
174465,Apple Airpods Headphones,1,3/14/2019 16:42
174466,AAA Batteries (4-pack),2,3/30/2019 20:56
174467,AA Batteries (4-pack),1,3/6/2019 18:39
174468,AA Batteries (4-pack),1,3/10/2019 6:00
174469,AAA Batteries (4-pack),1,3/16/2019 12:56
174470,Lightning Charging Cable,1,3/14/2019 21:34
174471,27in 4K Gaming Monitor,1,3/9/2019 17:22
174472,27in 4K Gaming Monitor,1,3/4/2019 15:50
174473,iPhone,1,3/9/2019 17:31
174474,27in FHD Monitor,1,3/31/2019 13:00
174475,AAA Batteries (4-pack),1,3/12/2019 12:06
174476,Flatscreen TV,1,3/9/2019 22:16
174477,34in Ultrawide Monitor,1,3/1/2019 17:31
174478,USB-C Charging Cable,1,3/17/2019 22:17
174479,Flatscreen TV,1,3/22/2019 13:36
174480,Bose SoundSport Headphones,1,3/31/2019 22:29
174481,USB-C Charging Cable,1,3/22/2019 20:08
174482,Lightning Charging Cable,1,3/16/2019 9:22
174483,AA Batteries (4-pack),1,3/12/2019 21:34
174484,Bose SoundSport Headphones,1,3/11/2019 16:28
174485,AAA Batteries (4-pack),4,3/16/2019 21:09
174486,Apple Airpods Headphones,1,3/8/2019 10:01
174487,27in 4K Gaming Monitor,1,3/23/2019 23:41
174488,Apple Airpods Headphones,1,3/6/2019 20:37
174489,Bose SoundSport Headphones,1,3/6/2019 1:42
174490,Wired Headphones,1,3/21/2019 21:05
174491,Lightning Charging Cable,1,3/2/2019 18:30
174492,27in FHD Monitor,1,3/10/2019 17:37
174493,Wired Headphones,1,3/19/2019 7:55
174494,Bose SoundSport Headphones,1,3/11/2019 10:58
174495,ThinkPad Laptop,1,3/12/2019 21:22
174496,Google Phone,1,3/19/2019 19:33
174496,USB-C Charging Cable,1,3/19/2019 19:33
174497,AA Batteries (4-pack),2,3/1/2019 17:37
174498,Macbook Pro Laptop,1,3/25/2019 12:30
174499,27in FHD Monitor,1,3/19/2019 10:20
174500,USB-C Charging Cable,1,3/10/2019 20:42
174501,Wired Headphones,1,3/1/2019 21:45
174502,AAA Batteries (4-pack),2,3/24/2019 16:27
174503,AA Batteries (4-pack),1,3/13/2019 20:48
174504,USB-C Charging Cable,1,3/23/2019 10:51
174505,Bose SoundSport Headphones,1,3/5/2019 9:13
174506,Lightning Charging Cable,1,3/11/2019 12:27
174506,20in Monitor,1,3/11/2019 12:27
174507,Lightning Charging Cable,1,3/6/2019 22:20
174508,USB-C Charging Cable,1,3/10/2019 22:56
174509,Wired Headphones,1,3/30/2019 19:29
174509,USB-C Charging Cable,1,3/30/2019 19:29
174510,Lightning Charging Cable,1,3/23/2019 21:36
174511,Apple Airpods Headphones,1,3/4/2019 11:31
174512,AA Batteries (4-pack),1,3/12/2019 22:28
174513,USB-C Charging Cable,1,3/16/2019 12:53
174514,Lightning Charging Cable,1,3/5/2019 15:10
174515,Vareebadd Phone,1,3/22/2019 10:19
174515,USB-C Charging Cable,1,3/22/2019 10:19
174516,iPhone,1,3/8/2019 10:33
174517,Flatscreen TV,1,3/11/2019 17:11
174518,iPhone,1,3/5/2019 20:43
174519,Lightning Charging Cable,1,3/26/2019 15:53
174520,Wired Headphones,1,3/23/2019 10:59
174521,27in FHD Monitor,1,3/4/2019 14:04
174522,Apple Airpods Headphones,1,3/14/2019 23:43
174523,Bose SoundSport Headphones,1,3/29/2019 11:50
174524,iPhone,1,3/14/2019 15:24
174525,USB-C Charging Cable,1,3/5/2019 11:13
174526,AAA Batteries (4-pack),1,3/21/2019 13:34
174527,USB-C Charging Cable,1,3/21/2019 18:26
174527,27in FHD Monitor,1,3/21/2019 18:26
174528,27in FHD Monitor,1,3/1/2019 16:53
174529,Lightning Charging Cable,1,3/18/2019 19:58
174530,Macbook Pro Laptop,1,3/22/2019 0:00
174531,Lightning Charging Cable,2,3/23/2019 17:44
174531,20in Monitor,1,3/23/2019 17:44
174532,Wired Headphones,1,3/9/2019 20:13
174533,AAA Batteries (4-pack),1,3/20/2019 22:25
174534,Wired Headphones,1,3/1/2019 9:37
174535,AA Batteries (4-pack),1,3/20/2019 11:39
174536,AA Batteries (4-pack),1,3/7/2019 21:29
174537,Apple Airpods Headphones,1,3/23/2019 11:12
174538,USB-C Charging Cable,1,3/13/2019 13:46
174539,AAA Batteries (4-pack),1,3/22/2019 22:26
174540,34in Ultrawide Monitor,1,3/7/2019 9:14
174541,AA Batteries (4-pack),1,3/4/2019 15:19
174542,Wired Headphones,1,3/12/2019 14:31
174543,USB-C Charging Cable,1,3/1/2019 20:26
174544,Wired Headphones,1,3/26/2019 16:15
174545,Flatscreen TV,1,3/9/2019 17:00
174546,Apple Airpods Headphones,1,3/21/2019 14:37
174547,Apple Airpods Headphones,1,3/20/2019 16:35
174548,27in FHD Monitor,1,3/9/2019 11:27
174549,27in FHD Monitor,1,3/21/2019 9:08
174550,Bose SoundSport Headphones,1,3/11/2019 14:31
174551,Vareebadd Phone,1,3/19/2019 10:16
174552,27in 4K Gaming Monitor,1,3/14/2019 11:05
174553,AA Batteries (4-pack),1,3/5/2019 1:08
174554,Apple Airpods Headphones,1,3/22/2019 12:10
174555,Google Phone,1,3/9/2019 18:57
174555,USB-C Charging Cable,1,3/9/2019 18:57
174556,Apple Airpods Headphones,1,3/31/2019 17:50
174557,Wired Headphones,1,3/11/2019 16:26
174558,Lightning Charging Cable,1,3/31/2019 14:18
174558,Bose SoundSport Headphones,1,3/31/2019 14:18
174559,AA Batteries (4-pack),1,3/23/2019 14:49
174560,USB-C Charging Cable,2,3/29/2019 19:36
174561,20in Monitor,1,3/31/2019 19:38
174562,Apple Airpods Headphones,1,3/2/2019 18:09
174563,27in FHD Monitor,1,3/25/2019 13:38
174564,Lightning Charging Cable,1,3/25/2019 14:31
174565,27in 4K Gaming Monitor,1,3/18/2019 18:19
174566,Apple Airpods Headphones,1,3/8/2019 19:42
174567,20in Monitor,1,3/21/2019 9:45
174568,Apple Airpods Headphones,1,3/10/2019 10:26
174569,Wired Headphones,1,3/17/2019 13:00
174570,Wired Headphones,1,3/31/2019 12:44
174571,AAA Batteries (4-pack),1,3/31/2019 23:46
174572,Flatscreen TV,1,3/9/2019 17:40
174573,Apple Airpods Headphones,1,3/30/2019 12:41
174574,27in 4K Gaming Monitor,1,3/19/2019 15:57
174575,AA Batteries (4-pack),1,4/1/2019 3:21
174576,AA Batteries (4-pack),1,3/10/2019 11:24
174577,AAA Batteries (4-pack),1,3/27/2019 8:07
174578,Macbook Pro Laptop,1,3/28/2019 8:06
174579,AA Batteries (4-pack),1,3/27/2019 9:18
174580,Vareebadd Phone,1,3/13/2019 21:37
174581,20in Monitor,1,3/14/2019 9:50
174582,Wired Headphones,1,3/10/2019 22:17
174583,27in FHD Monitor,1,3/22/2019 0:21
174584,Wired Headphones,1,3/10/2019 13:58
174585,AAA Batteries (4-pack),3,3/24/2019 13:31
174586,AA Batteries (4-pack),3,3/26/2019 16:48
174587,AA Batteries (4-pack),1,3/19/2019 7:34
174588,AA Batteries (4-pack),2,3/10/2019 22:31
174589,27in FHD Monitor,1,3/23/2019 10:25
174590,Lightning Charging Cable,1,3/3/2019 16:17
174591,USB-C Charging Cable,4,3/27/2019 20:10
174592,AA Batteries (4-pack),2,3/9/2019 21:37
174593,Apple Airpods Headphones,1,3/23/2019 9:34
174594,ThinkPad Laptop,1,3/25/2019 18:39
174595,Lightning Charging Cable,2,3/1/2019 16:22
174596,Lightning Charging Cable,2,3/26/2019 10:15
174597,AA Batteries (4-pack),2,3/31/2019 13:25
174598,Bose SoundSport Headphones,1,3/16/2019 13:47
174599,Lightning Charging Cable,1,3/10/2019 16:45
174600,Macbook Pro Laptop,1,3/22/2019 12:38
174601,LG Washing Machine,1,3/8/2019 12:54
174602,ThinkPad Laptop,1,3/7/2019 20:50
174603,Google Phone,1,3/14/2019 14:48
174604,AAA Batteries (4-pack),2,3/17/2019 23:08
174605,Bose SoundSport Headphones,1,3/28/2019 14:37
174606,Lightning Charging Cable,1,3/2/2019 22:52
174607,Bose SoundSport Headphones,1,3/1/2019 18:52
174608,AA Batteries (4-pack),1,3/7/2019 4:12
174609,Macbook Pro Laptop,1,3/7/2019 18:26
174610,Wired Headphones,2,3/4/2019 16:28
174611,Lightning Charging Cable,1,3/6/2019 22:08
174612,Apple Airpods Headphones,1,3/28/2019 1:11
174613,USB-C Charging Cable,1,3/24/2019 20:44
174614,Wired Headphones,1,3/4/2019 21:24
174615,27in FHD Monitor,1,3/29/2019 11:42
174616,USB-C Charging Cable,2,3/22/2019 11:20
174617,AAA Batteries (4-pack),1,3/26/2019 15:30
174618,USB-C Charging Cable,1,3/22/2019 14:05
174619,Vareebadd Phone,1,3/5/2019 12:40
174620,Apple Airpods Headphones,1,3/31/2019 18:13
174621,Wired Headphones,1,3/13/2019 22:34
174622,20in Monitor,1,3/12/2019 15:21
174623,Wired Headphones,1,3/8/2019 19:41
174624,Apple Airpods Headphones,1,3/12/2019 22:54
174625,Lightning Charging Cable,1,3/18/2019 9:49
174626,AAA Batteries (4-pack),2,3/23/2019 16:30
174627,Apple Airpods Headphones,1,3/20/2019 7:37
174628,Lightning Charging Cable,1,3/3/2019 13:21
174629,AAA Batteries (4-pack),1,3/21/2019 19:55
174630,20in Monitor,1,3/21/2019 18:06
174631,AAA Batteries (4-pack),2,3/12/2019 10:52
174632,Lightning Charging Cable,1,3/10/2019 20:16
174633,Lightning Charging Cable,1,3/15/2019 16:28
174634,Google Phone,1,3/21/2019 15:15
174635,Lightning Charging Cable,1,3/4/2019 7:50
174636,Lightning Charging Cable,1,3/22/2019 11:41
174637,Apple Airpods Headphones,1,3/6/2019 11:23
174638,Macbook Pro Laptop,1,3/10/2019 1:07
174639,Apple Airpods Headphones,1,3/18/2019 17:58
174640,Lightning Charging Cable,1,3/6/2019 9:02
174641,Lightning Charging Cable,1,3/23/2019 13:51
174642,Macbook Pro Laptop,1,3/30/2019 9:18
174643,AA Batteries (4-pack),5,3/3/2019 11:06
174644,Bose SoundSport Headphones,1,3/29/2019 18:48
174645,AA Batteries (4-pack),1,3/20/2019 20:46
174646,Apple Airpods Headphones,1,3/7/2019 18:31
174647,AA Batteries (4-pack),1,3/19/2019 19:59
174648,Bose SoundSport Headphones,1,3/25/2019 23:00
174649,Apple Airpods Headphones,1,3/7/2019 19:56
174650,Lightning Charging Cable,1,3/30/2019 7:56
174651,Bose SoundSport Headphones,1,3/28/2019 11:51
174652,Wired Headphones,1,3/5/2019 16:42
174653,27in 4K Gaming Monitor,1,3/13/2019 3:36
174654,Apple Airpods Headphones,1,3/11/2019 11:13
174655,Bose SoundSport Headphones,1,3/19/2019 14:23
174655,USB-C Charging Cable,1,3/19/2019 14:23
174656,Wired Headphones,1,3/11/2019 13:35
174657,Wired Headphones,2,3/28/2019 1:22
174658,Lightning Charging Cable,1,3/7/2019 13:20
174659,Wired Headphones,3,3/21/2019 21:50
174660,Apple Airpods Headphones,1,3/21/2019 9:21
174661,USB-C Charging Cable,1,3/10/2019 22:19
174662,iPhone,1,3/29/2019 8:56
174662,Wired Headphones,1,3/29/2019 8:56
174663,AA Batteries (4-pack),1,3/13/2019 19:02
174663,Lightning Charging Cable,1,3/13/2019 19:02
174664,USB-C Charging Cable,1,3/22/2019 11:18
174665,Bose SoundSport Headphones,1,3/11/2019 14:40
174666,AAA Batteries (4-pack),1,3/14/2019 17:46
174667,Google Phone,1,3/25/2019 18:02
174667,USB-C Charging Cable,1,3/25/2019 18:02
174668,USB-C Charging Cable,1,3/27/2019 15:56
174669,USB-C Charging Cable,1,3/22/2019 0:56
174670,Flatscreen TV,1,3/9/2019 11:42
174671,Vareebadd Phone,1,3/27/2019 23:36
174672,Lightning Charging Cable,1,3/13/2019 12:19
174673,Bose SoundSport Headphones,1,3/10/2019 7:41
174674,AAA Batteries (4-pack),1,3/29/2019 20:10
174675,Flatscreen TV,1,3/22/2019 17:14
174676,27in FHD Monitor,1,3/11/2019 17:50
174677,Bose SoundSport Headphones,1,3/4/2019 17:51
174678,AAA Batteries (4-pack),1,3/21/2019 13:56
174679,AA Batteries (4-pack),1,3/10/2019 19:15
174680,Flatscreen TV,1,3/9/2019 9:13
174681,iPhone,1,3/15/2019 20:27
174682,Flatscreen TV,1,3/29/2019 18:52
174683,Google Phone,1,3/19/2019 16:16
174683,Bose SoundSport Headphones,1,3/19/2019 16:16
174684,Flatscreen TV,1,3/2/2019 21:56
174685,27in 4K Gaming Monitor,1,3/18/2019 13:21
174686,AA Batteries (4-pack),1,3/11/2019 20:40
174687,USB-C Charging Cable,1,3/9/2019 20:27
174688,AAA Batteries (4-pack),3,3/17/2019 12:37
174689,27in 4K Gaming Monitor,1,3/16/2019 13:43
174690,AA Batteries (4-pack),1,3/10/2019 22:38
174691,Apple Airpods Headphones,1,3/17/2019 13:22
174691,Apple Airpods Headphones,1,3/17/2019 13:22
174692,USB-C Charging Cable,2,3/25/2019 12:54
174693,27in FHD Monitor,1,3/25/2019 10:08
174694,34in Ultrawide Monitor,1,3/11/2019 15:47
174695,AAA Batteries (4-pack),1,3/6/2019 17:48
174696,Wired Headphones,1,3/8/2019 14:59
174697,Apple Airpods Headphones,1,3/12/2019 13:37
174698,Apple Airpods Headphones,1,3/11/2019 19:45
174699,Bose SoundSport Headphones,1,3/14/2019 9:38
174700,Lightning Charging Cable,1,3/11/2019 15:20
174701,Macbook Pro Laptop,1,3/18/2019 21:52
174702,AAA Batteries (4-pack),1,3/16/2019 13:45
174703,AA Batteries (4-pack),1,3/15/2019 11:34
174704,Wired Headphones,1,3/16/2019 18:08
174705,20in Monitor,1,3/29/2019 12:04
174706,ThinkPad Laptop,1,3/31/2019 20:05
174707,Apple Airpods Headphones,1,3/19/2019 21:13
174708,34in Ultrawide Monitor,1,3/28/2019 15:44
174709,AA Batteries (4-pack),1,3/6/2019 21:39
174710,Wired Headphones,1,3/11/2019 16:34
174710,Lightning Charging Cable,1,3/11/2019 16:34
174711,AA Batteries (4-pack),1,3/5/2019 17:41
174712,AAA Batteries (4-pack),1,3/27/2019 20:24
174713,AAA Batteries (4-pack),1,3/6/2019 19:42
174714,iPhone,1,3/9/2019 9:20
174715,Lightning Charging Cable,1,3/31/2019 22:02
174716,Wired Headphones,1,3/6/2019 12:06
174717,Bose SoundSport Headphones,2,3/30/2019 12:34
174718,AAA Batteries (4-pack),1,3/23/2019 13:40
174719,LG Washing Machine,1,3/14/2019 15:01
174720,USB-C Charging Cable,1,3/22/2019 19:05
174721,AA Batteries (4-pack),1,3/27/2019 18:49
174722,Bose SoundSport Headphones,1,3/27/2019 14:23
174723,USB-C Charging Cable,1,3/11/2019 2:06
174724,34in Ultrawide Monitor,1,3/31/2019 20:04
174725,Apple Airpods Headphones,1,3/22/2019 10:03
174726,Wired Headphones,1,3/23/2019 20:22
174727,AA Batteries (4-pack),2,3/11/2019 9:01
174728,AA Batteries (4-pack),1,3/20/2019 8:41
174729,Wired Headphones,1,3/1/2019 7:14
174730,USB-C Charging Cable,1,3/1/2019 19:35
174731,34in Ultrawide Monitor,1,3/27/2019 12:33
174732,Lightning Charging Cable,1,3/24/2019 23:42
174733,34in Ultrawide Monitor,1,3/18/2019 23:00
174734,Bose SoundSport Headphones,1,3/1/2019 15:31
174735,USB-C Charging Cable,1,3/21/2019 17:27
174736,AAA Batteries (4-pack),4,3/23/2019 19:10
174737,AA Batteries (4-pack),1,3/21/2019 16:41
174738,Bose SoundSport Headphones,1,3/30/2019 16:01
174739,AAA Batteries (4-pack),1,3/12/2019 11:15
174740,Wired Headphones,1,3/12/2019 22:48
174741,Apple Airpods Headphones,1,3/24/2019 17:50
174742,Google Phone,1,3/14/2019 17:02
174742,USB-C Charging Cable,1,3/14/2019 17:02
174743,AAA Batteries (4-pack),1,3/9/2019 12:41
174744,Bose SoundSport Headphones,1,3/6/2019 17:52
174745,USB-C Charging Cable,1,3/18/2019 10:18
174746,Google Phone,1,3/8/2019 9:05
174746,USB-C Charging Cable,3,3/8/2019 9:05
174747,Lightning Charging Cable,1,3/7/2019 8:09
174748,Apple Airpods Headphones,1,3/4/2019 20:45
174748,LG Dryer,1,3/4/2019 20:45
174749,Macbook Pro Laptop,1,3/23/2019 18:00
174750,Apple Airpods Headphones,1,3/8/2019 13:51
174751,AAA Batteries (4-pack),2,3/22/2019 8:43
174752,USB-C Charging Cable,1,3/4/2019 17:48
174753,AAA Batteries (4-pack),4,3/22/2019 23:02
174754,Google Phone,1,3/2/2019 18:54
174755,AAA Batteries (4-pack),1,3/8/2019 9:26
174756,Lightning Charging Cable,2,3/15/2019 10:47
174757,AAA Batteries (4-pack),1,3/9/2019 8:53
174758,iPhone,1,3/30/2019 11:06
174759,Apple Airpods Headphones,1,3/7/2019 9:17
174760,Lightning Charging Cable,1,3/24/2019 22:44
174761,Lightning Charging Cable,1,3/24/2019 15:37
174762,Google Phone,1,3/11/2019 21:14
174763,27in 4K Gaming Monitor,1,3/7/2019 19:37
174764,AAA Batteries (4-pack),1,3/2/2019 22:02
174765,ThinkPad Laptop,1,3/4/2019 13:19
174766,Lightning Charging Cable,2,3/13/2019 1:49
174767,AAA Batteries (4-pack),1,3/21/2019 20:27
174768,27in 4K Gaming Monitor,1,3/31/2019 0:11
174769,AAA Batteries (4-pack),1,3/22/2019 17:27
174770,iPhone,1,3/29/2019 18:47
174770,Lightning Charging Cable,1,3/29/2019 18:47
174771,AA Batteries (4-pack),1,3/2/2019 18:51
174772,Lightning Charging Cable,1,3/31/2019 14:29
174773,Bose SoundSport Headphones,1,3/19/2019 18:17
174774,Apple Airpods Headphones,1,3/9/2019 17:46
174775,AAA Batteries (4-pack),1,3/27/2019 14:12
174776,Bose SoundSport Headphones,1,3/11/2019 12:36
174777,27in FHD Monitor,1,3/27/2019 18:10
174778,34in Ultrawide Monitor,1,3/12/2019 0:27
174779,USB-C Charging Cable,1,3/7/2019 16:46
174780,27in FHD Monitor,1,3/18/2019 18:39
174781,Lightning Charging Cable,1,3/7/2019 20:22
174782,34in Ultrawide Monitor,1,3/13/2019 18:50
174783,USB-C Charging Cable,1,3/18/2019 18:47
174784,Apple Airpods Headphones,1,3/26/2019 16:50
174785,USB-C Charging Cable,1,3/24/2019 19:11
174786,AAA Batteries (4-pack),1,3/26/2019 15:00
174787,AAA Batteries (4-pack),1,3/28/2019 19:48
174788,Bose SoundSport Headphones,1,3/22/2019 8:45
174789,Google Phone,1,3/5/2019 13:18
174790,Wired Headphones,1,3/25/2019 9:18
174791,Apple Airpods Headphones,1,3/17/2019 11:02
174792,LG Dryer,1,3/24/2019 14:34
174793,USB-C Charging Cable,1,3/20/2019 16:09
174794,Lightning Charging Cable,1,3/23/2019 23:09
174795,USB-C Charging Cable,1,3/13/2019 10:06
174796,Apple Airpods Headphones,1,3/14/2019 12:05
174797,Apple Airpods Headphones,1,3/7/2019 13:21
174798,Google Phone,1,3/6/2019 8:49
174799,ThinkPad Laptop,1,3/23/2019 15:09
174800,USB-C Charging Cable,1,3/18/2019 19:03
174801,Vareebadd Phone,1,3/10/2019 2:28
174802,Lightning Charging Cable,1,3/21/2019 7:52
174803,Wired Headphones,1,3/7/2019 10:32
174804,34in Ultrawide Monitor,1,3/27/2019 9:27
174805,Lightning Charging Cable,1,3/20/2019 15:05
174806,USB-C Charging Cable,2,3/19/2019 19:50
174807,Lightning Charging Cable,1,3/20/2019 14:00
174808,Lightning Charging Cable,1,3/30/2019 20:33
174809,AA Batteries (4-pack),2,3/8/2019 12:09
174810,ThinkPad Laptop,1,3/10/2019 1:07
174811,Bose SoundSport Headphones,1,3/12/2019 9:28
174812,Apple Airpods Headphones,1,3/2/2019 15:01
174813,AAA Batteries (4-pack),1,3/29/2019 19:58
174814,Wired Headphones,1,3/2/2019 20:15
174815,Macbook Pro Laptop,1,3/1/2019 15:25
174816,AA Batteries (4-pack),5,3/25/2019 21:15
174817,34in Ultrawide Monitor,1,3/16/2019 11:07
174818,AA Batteries (4-pack),1,3/26/2019 21:35
174819,34in Ultrawide Monitor,1,3/25/2019 13:13
174820,USB-C Charging Cable,1,3/29/2019 19:16
174821,34in Ultrawide Monitor,1,3/30/2019 19:54
174822,Apple Airpods Headphones,1,3/13/2019 10:27
174823,AA Batteries (4-pack),1,3/16/2019 9:39
174824,Bose SoundSport Headphones,1,3/15/2019 20:51
174825,27in FHD Monitor,1,3/3/2019 15:09
174826,Lightning Charging Cable,1,3/22/2019 17:39
174827,Wired Headphones,2,3/18/2019 5:58
174828,AAA Batteries (4-pack),1,3/3/2019 8:40
174829,27in FHD Monitor,1,3/31/2019 18:39
174830,Lightning Charging Cable,1,3/2/2019 18:25
174831,Apple Airpods Headphones,1,3/15/2019 13:11
174832,USB-C Charging Cable,1,3/26/2019 19:42
174833,AAA Batteries (4-pack),1,3/30/2019 10:51
174834,27in 4K Gaming Monitor,1,3/17/2019 21:45
174835,USB-C Charging Cable,1,3/19/2019 10:30
174836,AAA Batteries (4-pack),2,3/19/2019 21:58
174837,Bose SoundSport Headphones,1,3/10/2019 15:12
174838,USB-C Charging Cable,2,3/1/2019 5:52
174839,Vareebadd Phone,1,3/10/2019 16:39
174840,Flatscreen TV,1,3/22/2019 14:30
174841,Wired Headphones,1,3/1/2019 23:54
174842,Bose SoundSport Headphones,1,3/7/2019 8:26
174843,Wired Headphones,1,3/10/2019 4:39
174844,Bose SoundSport Headphones,1,3/14/2019 13:28
174845,34in Ultrawide Monitor,1,3/28/2019 18:58
174846,Apple Airpods Headphones,1,3/7/2019 20:12
174847,ThinkPad Laptop,1,3/20/2019 11:06
174848,34in Ultrawide Monitor,1,3/9/2019 22:42
174849,Flatscreen TV,1,3/22/2019 17:45
174850,Bose SoundSport Headphones,1,3/5/2019 21:16
174851,AA Batteries (4-pack),1,3/14/2019 16:51
174852,USB-C Charging Cable,1,3/28/2019 16:33
174853,AAA Batteries (4-pack),1,3/10/2019 22:07
174854,AA Batteries (4-pack),1,3/28/2019 11:02
174855,34in Ultrawide Monitor,1,3/25/2019 14:37
174856,Apple Airpods Headphones,1,3/26/2019 12:11
174857,27in FHD Monitor,1,3/29/2019 20:35
174858,Wired Headphones,1,3/3/2019 15:25
174859,Lightning Charging Cable,1,3/13/2019 20:49
174860,Apple Airpods Headphones,1,3/9/2019 6:48
174861,Macbook Pro Laptop,1,3/7/2019 14:28
174862,Google Phone,1,3/2/2019 18:02
174863,Apple Airpods Headphones,1,3/6/2019 10:46
174864,34in Ultrawide Monitor,1,3/19/2019 8:39
174865,AAA Batteries (4-pack),1,3/26/2019 8:34
174866,AAA Batteries (4-pack),1,3/29/2019 16:30
174867,AAA Batteries (4-pack),1,3/4/2019 18:31
174868,USB-C Charging Cable,1,3/27/2019 15:32
174869,20in Monitor,1,3/4/2019 19:11
174870,LG Dryer,1,3/16/2019 0:00
174871,Flatscreen TV,1,3/26/2019 17:42
174872,ThinkPad Laptop,1,3/3/2019 12:31
174873,Vareebadd Phone,1,3/18/2019 13:52
174873,USB-C Charging Cable,1,3/18/2019 13:52
174874,USB-C Charging Cable,2,3/21/2019 17:23
174875,AAA Batteries (4-pack),1,3/10/2019 8:07
174876,iPhone,1,3/12/2019 16:31
174877,Lightning Charging Cable,1,3/2/2019 15:17
174878,Macbook Pro Laptop,1,3/16/2019 20:22
174879,AA Batteries (4-pack),2,3/5/2019 9:24
174880,AA Batteries (4-pack),1,3/4/2019 7:12
174881,Bose SoundSport Headphones,1,3/29/2019 10:03
174882,Bose SoundSport Headphones,1,3/4/2019 9:37
Order ID,Product,Quantity Ordered,Order Date
174883,Apple Airpods Headphones,1,3/17/2019 21:04
174884,USB-C Charging Cable,1,3/29/2019 6:15
174885,Apple Airpods Headphones,1,3/4/2019 18:26
174886,USB-C Charging Cable,1,3/2/2019 15:32
174887,AAA Batteries (4-pack),2,3/31/2019 11:42
174888,Wired Headphones,1,3/2/2019 20:50
174889,27in 4K Gaming Monitor,1,3/18/2019 11:47
174890,27in 4K Gaming Monitor,1,3/10/2019 22:31
174891,Lightning Charging Cable,1,3/20/2019 9:38
174892,Macbook Pro Laptop,1,3/12/2019 9:06
174893,Apple Airpods Headphones,1,3/12/2019 13:39
174894,iPhone,1,3/30/2019 22:53
174895,Flatscreen TV,1,3/26/2019 17:56
174896,USB-C Charging Cable,2,3/9/2019 21:22
174897,USB-C Charging Cable,1,3/18/2019 12:39
174898,27in FHD Monitor,1,3/10/2019 15:04
174899,Lightning Charging Cable,1,3/19/2019 13:02
174900,Flatscreen TV,1,3/22/2019 12:55
174901,iPhone,1,3/2/2019 14:41
174902,Apple Airpods Headphones,1,3/20/2019 19:24
174903,Google Phone,1,3/12/2019 18:37
174904,AAA Batteries (4-pack),1,3/8/2019 14:01
174905,20in Monitor,1,3/23/2019 1:35
174906,34in Ultrawide Monitor,1,3/26/2019 16:07
174907,Wired Headphones,1,3/1/2019 23:12
174908,27in 4K Gaming Monitor,1,3/19/2019 15:41
174909,Apple Airpods Headphones,1,3/17/2019 8:35
174910,AAA Batteries (4-pack),1,3/5/2019 15:03
174911,AAA Batteries (4-pack),1,3/25/2019 19:31
174912,Wired Headphones,1,3/15/2019 14:50
174913,AA Batteries (4-pack),1,3/25/2019 16:28
174914,Bose SoundSport Headphones,1,3/6/2019 19:00
174915,USB-C Charging Cable,1,3/5/2019 17:20
174916,USB-C Charging Cable,1,3/18/2019 20:17
174917,27in FHD Monitor,1,3/30/2019 12:02
174918,AA Batteries (4-pack),1,3/26/2019 21:07
174919,Wired Headphones,1,3/1/2019 23:48
174920,Apple Airpods Headphones,1,3/13/2019 15:21
174921,Apple Airpods Headphones,1,3/28/2019 13:28
174922,Bose SoundSport Headphones,1,3/12/2019 23:50
174923,USB-C Charging Cable,1,3/11/2019 18:38
174924,AAA Batteries (4-pack),1,3/17/2019 15:26
174925,USB-C Charging Cable,1,3/2/2019 18:18
174926,27in FHD Monitor,1,3/18/2019 19:56
174927,Bose SoundSport Headphones,1,3/2/2019 22:11
174928,Bose SoundSport Headphones,1,3/30/2019 14:35
174929,AAA Batteries (4-pack),4,3/17/2019 17:32
174930,iPhone,1,3/6/2019 10:42
174930,Lightning Charging Cable,1,3/6/2019 10:42
,,,
174931,Apple Airpods Headphones,1,3/2/2019 22:01
174932,Google Phone,1,3/15/2019 19:32
174932,Bose SoundSport Headphones,1,3/15/2019 19:32
174933,Wired Headphones,1,3/16/2019 19:56
174933,Lightning Charging Cable,1,3/16/2019 19:56
174934,ThinkPad Laptop,1,3/8/2019 23:48
174935,Google Phone,1,3/10/2019 19:42
174936,AA Batteries (4-pack),1,3/18/2019 20:38
174937,iPhone,1,3/23/2019 0:26
174938,Lightning Charging Cable,1,3/13/2019 21:56
174939,Flatscreen TV,1,3/10/2019 15:11
174940,Bose SoundSport Headphones,1,3/24/2019 17:02
174941,Wired Headphones,1,3/27/2019 15:43
174942,27in FHD Monitor,1,3/1/2019 18:32
174943,Wired Headphones,1,3/2/2019 15:06
174944,Lightning Charging Cable,1,3/30/2019 12:02
174945,27in 4K Gaming Monitor,1,3/25/2019 17:26
174946,AA Batteries (4-pack),1,3/19/2019 20:11
174947,AAA Batteries (4-pack),2,3/30/2019 21:02
174948,AA Batteries (4-pack),1,3/22/2019 20:42
174949,Bose SoundSport Headphones,1,3/26/2019 14:07
174950,27in 4K Gaming Monitor,1,3/11/2019 20:46
174951,Wired Headphones,1,3/19/2019 18:13
174952,34in Ultrawide Monitor,1,3/10/2019 17:28
174953,Vareebadd Phone,1,3/14/2019 20:55
174954,34in Ultrawide Monitor,1,3/16/2019 11:36
174955,AAA Batteries (4-pack),1,3/5/2019 18:54
174956,AA Batteries (4-pack),1,3/2/2019 12:15
174957,27in FHD Monitor,1,3/26/2019 10:32
174958,Lightning Charging Cable,1,3/11/2019 8:17
174959,Bose SoundSport Headphones,1,4/1/2019 0:52
174960,USB-C Charging Cable,1,3/12/2019 8:52
174961,Bose SoundSport Headphones,1,3/29/2019 19:44
174962,AAA Batteries (4-pack),2,3/10/2019 16:30
174963,27in FHD Monitor,1,3/6/2019 19:08
174964,AAA Batteries (4-pack),1,3/16/2019 10:28
174965,USB-C Charging Cable,1,3/14/2019 21:50
174966,AA Batteries (4-pack),1,3/7/2019 15:58
174967,USB-C Charging Cable,1,3/17/2019 22:58
174968,Apple Airpods Headphones,1,3/24/2019 14:37
174969,Apple Airpods Headphones,1,3/10/2019 12:20
174970,AAA Batteries (4-pack),1,3/14/2019 16:35
174971,Wired Headphones,1,3/31/2019 14:25
174972,USB-C Charging Cable,1,3/26/2019 23:02
174972,USB-C Charging Cable,1,3/26/2019 23:02
174973,Wired Headphones,1,3/16/2019 21:48
174974,AAA Batteries (4-pack),1,3/20/2019 8:36
174975,AAA Batteries (4-pack),2,3/24/2019 7:19
174976,LG Dryer,1,3/26/2019 17:53
174976,Google Phone,1,3/26/2019 17:53
174977,AAA Batteries (4-pack),1,3/25/2019 18:09
174978,Lightning Charging Cable,1,3/30/2019 13:24
174979,ThinkPad Laptop,1,3/7/2019 11:12
174980,USB-C Charging Cable,1,3/9/2019 8:17
174981,27in FHD Monitor,1,3/7/2019 12:04
174982,AAA Batteries (4-pack),1,3/2/2019 11:08
174983,AAA Batteries (4-pack),1,3/8/2019 14:21
174984,Bose SoundSport Headphones,1,3/21/2019 11:55
174985,AAA Batteries (4-pack),1,3/29/2019 21:02
174986,AA Batteries (4-pack),1,3/7/2019 21:20
174987,AAA Batteries (4-pack),1,3/16/2019 16:39
174988,AAA Batteries (4-pack),1,3/6/2019 10:15
174989,AA Batteries (4-pack),1,3/15/2019 22:05
174990,Bose SoundSport Headphones,1,3/26/2019 9:00
174991,AA Batteries (4-pack),1,3/23/2019 15:41
174992,AAA Batteries (4-pack),1,3/20/2019 16:33
174993,Wired Headphones,1,3/13/2019 10:10
174993,Apple Airpods Headphones,1,3/13/2019 10:10
174994,Lightning Charging Cable,1,3/1/2019 6:59
174995,Wired Headphones,1,3/8/2019 23:03
174996,AAA Batteries (4-pack),1,3/16/2019 23:08
174997,USB-C Charging Cable,1,3/7/2019 13:49
174998,27in 4K Gaming Monitor,1,3/19/2019 22:13
174999,Apple Airpods Headphones,1,3/28/2019 16:02
175000,USB-C Charging Cable,2,3/3/2019 17:07
175001,ThinkPad Laptop,1,3/23/2019 18:07
175002,27in 4K Gaming Monitor,1,3/13/2019 17:45
175003,USB-C Charging Cable,1,3/15/2019 12:31
175004,USB-C Charging Cable,1,3/7/2019 20:22
175005,iPhone,1,3/10/2019 7:01
175006,Wired Headphones,1,3/29/2019 17:49
175007,Apple Airpods Headphones,1,3/18/2019 16:56
175008,27in 4K Gaming Monitor,1,3/5/2019 18:25
175008,Lightning Charging Cable,1,3/5/2019 18:25
,,,
175009,AA Batteries (4-pack),1,3/30/2019 11:34
175010,27in FHD Monitor,1,3/14/2019 4:35
175011,Apple Airpods Headphones,1,3/9/2019 14:13
175012,Bose SoundSport Headphones,1,3/24/2019 10:32
175013,USB-C Charging Cable,1,3/3/2019 21:30
175014,Macbook Pro Laptop,1,3/20/2019 13:42
175015,iPhone,1,3/12/2019 16:56
175016,Bose SoundSport Headphones,1,3/14/2019 11:09
175017,Macbook Pro Laptop,1,3/30/2019 12:50
175018,USB-C Charging Cable,1,3/6/2019 5:34
175019,AA Batteries (4-pack),1,3/6/2019 1:21
175020,USB-C Charging Cable,1,3/31/2019 17:11
175021,AA Batteries (4-pack),1,3/14/2019 18:59
175022,Macbook Pro Laptop,1,3/21/2019 13:09
175023,AA Batteries (4-pack),1,3/12/2019 9:45
175024,Apple Airpods Headphones,1,3/24/2019 10:30
175025,USB-C Charging Cable,1,3/8/2019 10:29
175026,USB-C Charging Cable,1,3/2/2019 18:47
175027,USB-C Charging Cable,1,3/15/2019 15:46
175028,Lightning Charging Cable,1,3/10/2019 22:00
175029,Wired Headphones,1,3/19/2019 21:26
175030,Wired Headphones,1,3/11/2019 10:02
175031,Google Phone,1,3/10/2019 19:29
175031,Bose SoundSport Headphones,1,3/10/2019 19:29
175032,Flatscreen TV,1,3/6/2019 17:58
175033,Wired Headphones,1,3/25/2019 23:53
175034,Lightning Charging Cable,1,3/29/2019 22:30
175035,Lightning Charging Cable,1,3/23/2019 7:53
175036,Apple Airpods Headphones,1,3/13/2019 18:04
175037,AAA Batteries (4-pack),3,3/7/2019 18:46
175038,iPhone,1,3/15/2019 20:04
175039,iPhone,1,3/26/2019 18:19
175040,AAA Batteries (4-pack),1,3/28/2019 5:48
175041,iPhone,1,3/27/2019 15:23
175041,Lightning Charging Cable,1,3/27/2019 15:23
175042,Lightning Charging Cable,1,3/4/2019 2:22
175043,Apple Airpods Headphones,1,3/1/2019 9:43
175044,Bose SoundSport Headphones,1,3/28/2019 17:03
175045,USB-C Charging Cable,1,3/1/2019 3:15
175046,Lightning Charging Cable,1,3/26/2019 15:13
175047,AAA Batteries (4-pack),2,3/10/2019 20:55
175048,27in FHD Monitor,1,3/18/2019 14:51
175049,27in FHD Monitor,1,3/23/2019 12:14
175050,Google Phone,1,3/28/2019 0:42
175051,Google Phone,1,3/11/2019 23:53
175052,Wired Headphones,1,3/27/2019 10:38
175053,AAA Batteries (4-pack),3,3/27/2019 11:14
175054,Wired Headphones,1,3/15/2019 0:18
175055,ThinkPad Laptop,1,3/8/2019 23:58
175056,34in Ultrawide Monitor,1,3/8/2019 15:17
175057,Lightning Charging Cable,1,3/25/2019 13:28
175058,Bose SoundSport Headphones,1,3/3/2019 1:03
175059,Google Phone,1,3/18/2019 5:40
175060,Bose SoundSport Headphones,1,3/23/2019 17:09
175061,AAA Batteries (4-pack),1,3/14/2019 23:21
175062,AA Batteries (4-pack),2,3/14/2019 13:12
175063,USB-C Charging Cable,1,3/7/2019 14:24
175064,USB-C Charging Cable,1,3/20/2019 15:54
175065,AAA Batteries (4-pack),1,3/5/2019 17:59
175066,Flatscreen TV,1,3/4/2019 15:10
175067,Wired Headphones,1,3/9/2019 13:17
175068,Apple Airpods Headphones,1,3/1/2019 21:02
175069,Google Phone,1,3/8/2019 15:50
175070,Bose SoundSport Headphones,1,3/1/2019 16:47
175071,Wired Headphones,1,3/18/2019 15:30
175072,Bose SoundSport Headphones,1,3/13/2019 22:40
175073,27in FHD Monitor,1,3/5/2019 19:29
175074,USB-C Charging Cable,1,3/28/2019 21:43
175075,Lightning Charging Cable,1,3/9/2019 9:27
175076,AA Batteries (4-pack),1,3/27/2019 19:06
175077,Lightning Charging Cable,1,3/21/2019 14:30
175078,Lightning Charging Cable,1,3/24/2019 12:51
175079,27in 4K Gaming Monitor,1,3/5/2019 16:54
175080,AAA Batteries (4-pack),1,3/28/2019 18:34
175081,AA Batteries (4-pack),4,3/29/2019 17:39
175082,AAA Batteries (4-pack),1,3/14/2019 13:40
175083,AA Batteries (4-pack),1,3/20/2019 19:12
175084,Wired Headphones,1,3/9/2019 7:51
175085,Wired Headphones,1,3/11/2019 12:59
175086,Lightning Charging Cable,2,3/7/2019 10:24
175087,Bose SoundSport Headphones,1,3/14/2019 9:40
175088,Lightning Charging Cable,1,3/21/2019 10:49
175089,AA Batteries (4-pack),1,3/20/2019 23:46
175090,Bose SoundSport Headphones,1,3/15/2019 18:21
175091,Apple Airpods Headphones,1,3/9/2019 19:09
175092,USB-C Charging Cable,1,3/9/2019 1:12
175093,AA Batteries (4-pack),2,3/21/2019 14:30
175094,Lightning Charging Cable,1,3/21/2019 23:03
175095,Google Phone,1,3/22/2019 13:42
175096,AAA Batteries (4-pack),2,3/12/2019 21:07
175097,AAA Batteries (4-pack),2,3/5/2019 18:36
175098,20in Monitor,1,3/3/2019 13:56
175099,AAA Batteries (4-pack),1,3/16/2019 13:03
175100,Flatscreen TV,1,3/24/2019 12:37
175101,USB-C Charging Cable,1,3/13/2019 14:53
175102,USB-C Charging Cable,1,3/11/2019 19:16
175103,AAA Batteries (4-pack),3,3/8/2019 20:36
175104,iPhone,1,3/21/2019 21:27
175105,Macbook Pro Laptop,1,3/3/2019 15:56
175106,AAA Batteries (4-pack),1,3/30/2019 13:00
175107,Macbook Pro Laptop,1,3/1/2019 16:47
175108,USB-C Charging Cable,1,3/19/2019 19:25
175109,iPhone,1,3/30/2019 11:13
175109,Lightning Charging Cable,1,3/30/2019 11:13
175110,Apple Airpods Headphones,1,3/9/2019 22:16
175111,Bose SoundSport Headphones,1,3/20/2019 12:02
175112,Google Phone,1,3/5/2019 9:41
175113,20in Monitor,1,3/14/2019 12:16
175114,AA Batteries (4-pack),2,3/18/2019 19:36
175115,27in 4K Gaming Monitor,1,3/13/2019 14:25
175116,Lightning Charging Cable,1,3/25/2019 13:02
175117,AAA Batteries (4-pack),1,3/29/2019 20:25
175118,Apple Airpods Headphones,1,3/22/2019 19:20
175119,Apple Airpods Headphones,1,3/24/2019 17:02
175120,Bose SoundSport Headphones,1,3/22/2019 17:37
175121,Apple Airpods Headphones,1,3/17/2019 17:08
175122,Macbook Pro Laptop,1,3/22/2019 19:31
175123,Wired Headphones,1,3/8/2019 10:52
175124,Vareebadd Phone,1,3/1/2019 20:06
175125,Apple Airpods Headphones,1,3/20/2019 10:43
175126,Bose SoundSport Headphones,1,3/2/2019 8:22
175127,Lightning Charging Cable,1,3/7/2019 8:57
175128,Bose SoundSport Headphones,1,3/28/2019 14:45
175129,Lightning Charging Cable,1,3/22/2019 16:24
175130,USB-C Charging Cable,1,3/2/2019 17:29
175131,Bose SoundSport Headphones,1,3/27/2019 21:04
175132,20in Monitor,1,3/24/2019 0:15
175133,AA Batteries (4-pack),1,3/31/2019 19:13
175134,Lightning Charging Cable,1,3/25/2019 14:10
175135,AAA Batteries (4-pack),1,3/5/2019 22:28
175136,27in FHD Monitor,1,3/7/2019 16:46
175137,Lightning Charging Cable,1,3/7/2019 14:41
175138,27in FHD Monitor,1,3/11/2019 8:37
175139,AA Batteries (4-pack),1,3/14/2019 21:25
175140,USB-C Charging Cable,1,3/1/2019 13:14
175141,Google Phone,1,3/26/2019 14:58
175142,Lightning Charging Cable,1,3/22/2019 21:34
175143,Wired Headphones,1,3/16/2019 1:30
175144,Flatscreen TV,1,3/13/2019 15:20
175145,20in Monitor,1,3/24/2019 9:07
175146,Wired Headphones,1,3/25/2019 20:07
175147,Lightning Charging Cable,1,3/11/2019 20:34
175148,AA Batteries (4-pack),1,3/21/2019 22:36
175149,Wired Headphones,1,3/23/2019 10:07
175150,Google Phone,1,3/18/2019 18:02
175151,27in FHD Monitor,1,3/2/2019 0:24
175152,27in FHD Monitor,1,3/25/2019 6:05
175153,Google Phone,1,3/28/2019 21:06
175154,AA Batteries (4-pack),1,3/14/2019 8:34
175155,Apple Airpods Headphones,1,3/9/2019 18:54
175156,USB-C Charging Cable,1,3/31/2019 18:11
175157,AAA Batteries (4-pack),2,3/16/2019 15:20
175158,AA Batteries (4-pack),2,3/16/2019 11:19
175159,Wired Headphones,1,3/3/2019 10:05
175160,Google Phone,1,3/7/2019 17:32
175161,Flatscreen TV,1,3/4/2019 0:38
Order ID,Product,Quantity Ordered,Order Date
175162,USB-C Charging Cable,1,3/12/2019 21:32
175163,Bose SoundSport Headphones,1,3/4/2019 9:42
175164,27in FHD Monitor,1,3/8/2019 22:10
175165,USB-C Charging Cable,1,3/15/2019 13:58
175166,Bose SoundSport Headphones,1,3/3/2019 8:46
175167,Google Phone,1,3/31/2019 11:30
175168,27in FHD Monitor,1,3/24/2019 9:30
175169,Apple Airpods Headphones,1,3/12/2019 11:40
175170,AA Batteries (4-pack),3,3/2/2019 16:10
175171,Macbook Pro Laptop,1,3/25/2019 13:45
175172,ThinkPad Laptop,1,3/9/2019 1:52
175173,27in FHD Monitor,1,3/16/2019 0:12
175174,Bose SoundSport Headphones,1,3/19/2019 18:50
175175,Lightning Charging Cable,1,3/24/2019 13:14
175176,Bose SoundSport Headphones,1,3/10/2019 22:10
175177,AA Batteries (4-pack),1,3/28/2019 20:27
175178,USB-C Charging Cable,1,3/12/2019 7:23
175179,27in FHD Monitor,1,3/9/2019 14:02
175180,27in FHD Monitor,1,3/6/2019 17:10
175181,Wired Headphones,1,3/11/2019 14:03
175182,AA Batteries (4-pack),1,3/10/2019 18:01
175183,Lightning Charging Cable,1,3/18/2019 12:41
175184,Flatscreen TV,1,3/10/2019 20:16
175185,34in Ultrawide Monitor,1,3/27/2019 20:14
175186,Lightning Charging Cable,1,3/17/2019 11:01
175187,AAA Batteries (4-pack),2,3/1/2019 14:57
175188,Wired Headphones,1,3/23/2019 22:14
175188,AAA Batteries (4-pack),1,3/23/2019 22:14
175189,iPhone,1,3/15/2019 11:50
175190,USB-C Charging Cable,1,3/7/2019 17:13
175191,34in Ultrawide Monitor,1,3/3/2019 10:25
175192,AAA Batteries (4-pack),1,3/12/2019 9:27
175193,27in FHD Monitor,1,3/20/2019 8:50
175194,AA Batteries (4-pack),1,3/18/2019 15:55
175195,AAA Batteries (4-pack),2,3/7/2019 10:18
175196,Macbook Pro Laptop,1,3/17/2019 15:30
175197,AAA Batteries (4-pack),1,3/27/2019 8:56
175198,USB-C Charging Cable,1,3/6/2019 13:15
175199,Lightning Charging Cable,1,3/27/2019 19:22
175200,Apple Airpods Headphones,1,3/23/2019 12:06
175201,Macbook Pro Laptop,1,3/29/2019 13:58
175202,Lightning Charging Cable,1,3/1/2019 7:10
175203,Lightning Charging Cable,2,3/29/2019 15:09
175204,Apple Airpods Headphones,1,3/19/2019 6:36
175205,Lightning Charging Cable,1,3/19/2019 18:43
175206,USB-C Charging Cable,1,3/15/2019 11:03
175207,Lightning Charging Cable,1,3/20/2019 15:49
175208,AAA Batteries (4-pack),2,3/15/2019 13:16
175209,27in 4K Gaming Monitor,1,3/24/2019 15:08
175210,Bose SoundSport Headphones,1,3/19/2019 10:40
175211,Flatscreen TV,1,3/9/2019 15:27
175212,AA Batteries (4-pack),2,3/14/2019 21:46
175213,AA Batteries (4-pack),1,3/23/2019 13:57
175214,27in FHD Monitor,1,3/8/2019 22:45
175215,AAA Batteries (4-pack),3,3/8/2019 18:43
175216,Apple Airpods Headphones,1,3/28/2019 4:52
175217,Google Phone,1,3/25/2019 10:45
175217,USB-C Charging Cable,1,3/25/2019 10:45
175218,Lightning Charging Cable,1,3/17/2019 11:31
175219,USB-C Charging Cable,2,3/21/2019 10:35
175220,Wired Headphones,1,3/3/2019 9:46
175221,Bose SoundSport Headphones,1,3/4/2019 1:07
175222,Vareebadd Phone,1,3/23/2019 6:44
175223,AA Batteries (4-pack),1,3/20/2019 12:45
175224,USB-C Charging Cable,1,3/31/2019 12:57
175225,AAA Batteries (4-pack),1,3/26/2019 20:50
175226,AAA Batteries (4-pack),1,3/1/2019 13:44
175227,27in FHD Monitor,1,3/19/2019 2:39
175228,AA Batteries (4-pack),1,3/15/2019 21:36
175229,Apple Airpods Headphones,1,3/2/2019 7:00
175230,Wired Headphones,1,3/9/2019 22:28
175231,AA Batteries (4-pack),1,3/1/2019 18:18
175232,iPhone,1,3/28/2019 22:49
175233,Wired Headphones,1,3/12/2019 14:55
175234,Apple Airpods Headphones,1,3/29/2019 11:28
175235,AA Batteries (4-pack),1,3/1/2019 11:32
175236,Apple Airpods Headphones,1,3/11/2019 15:33
175237,AA Batteries (4-pack),1,3/31/2019 18:38
175238,USB-C Charging Cable,1,3/15/2019 9:31
175239,Lightning Charging Cable,1,3/10/2019 13:04
175240,USB-C Charging Cable,1,3/15/2019 16:02
175241,Lightning Charging Cable,1,3/1/2019 12:48
175242,USB-C Charging Cable,1,3/12/2019 10:20
175243,Google Phone,1,3/17/2019 19:22
175244,Wired Headphones,1,3/29/2019 13:22
175245,34in Ultrawide Monitor,1,3/12/2019 19:25
175246,AAA Batteries (4-pack),1,3/17/2019 9:09
175247,Bose SoundSport Headphones,1,3/7/2019 12:16
175248,AA Batteries (4-pack),3,3/6/2019 10:20
175249,Macbook Pro Laptop,1,3/15/2019 13:10
175250,USB-C Charging Cable,1,3/1/2019 15:57
175251,Bose SoundSport Headphones,1,3/5/2019 12:38
175252,USB-C Charging Cable,2,3/10/2019 9:57
175253,27in FHD Monitor,1,3/26/2019 14:15
175254,AA Batteries (4-pack),3,3/8/2019 13:14
175255,27in 4K Gaming Monitor,1,3/2/2019 6:56
175256,USB-C Charging Cable,1,3/4/2019 5:14
175257,Bose SoundSport Headphones,1,3/4/2019 21:10
175258,Apple Airpods Headphones,1,3/1/2019 7:01
175259,Lightning Charging Cable,1,3/28/2019 13:28
175260,Macbook Pro Laptop,1,3/12/2019 11:10
175261,Lightning Charging Cable,1,3/20/2019 11:36
175262,Bose SoundSport Headphones,1,3/19/2019 20:41
175263,ThinkPad Laptop,1,3/28/2019 21:21
175264,Apple Airpods Headphones,1,3/23/2019 12:11
175265,Wired Headphones,1,3/20/2019 23:24
175266,Bose SoundSport Headphones,1,3/10/2019 16:24
175267,iPhone,1,3/5/2019 14:45
175267,Wired Headphones,1,3/5/2019 14:45
175268,USB-C Charging Cable,1,3/27/2019 1:42
175269,Bose SoundSport Headphones,1,3/3/2019 17:57
175270,Lightning Charging Cable,1,3/15/2019 13:28
175271,Wired Headphones,1,3/30/2019 14:54
175272,USB-C Charging Cable,1,3/13/2019 12:29
175273,USB-C Charging Cable,2,3/1/2019 19:56
175274,ThinkPad Laptop,1,3/5/2019 21:58
175275,34in Ultrawide Monitor,1,3/7/2019 10:27
175276,USB-C Charging Cable,1,3/15/2019 14:43
175277,Macbook Pro Laptop,1,3/15/2019 22:04
175278,Apple Airpods Headphones,1,3/8/2019 16:48
175279,27in 4K Gaming Monitor,1,3/12/2019 18:08
175280,USB-C Charging Cable,1,3/26/2019 23:37
175281,LG Dryer,1,3/23/2019 12:11
175282,Apple Airpods Headphones,1,3/16/2019 22:22
175283,Wired Headphones,1,3/3/2019 12:14
175284,AA Batteries (4-pack),1,3/29/2019 15:47
175285,AAA Batteries (4-pack),1,3/3/2019 22:28
175286,iPhone,1,3/26/2019 23:16
175286,Lightning Charging Cable,1,3/26/2019 23:16
,,,
175287,Bose SoundSport Headphones,1,3/14/2019 6:44
175288,USB-C Charging Cable,1,3/15/2019 10:17
175289,ThinkPad Laptop,1,3/19/2019 12:53
175290,AA Batteries (4-pack),1,3/15/2019 19:38
175291,USB-C Charging Cable,1,3/10/2019 20:01
175292,AA Batteries (4-pack),1,3/8/2019 11:55
175293,20in Monitor,1,3/3/2019 9:44
175294,27in FHD Monitor,1,3/29/2019 21:44
175295,AA Batteries (4-pack),1,3/4/2019 18:50
175296,AAA Batteries (4-pack),1,3/23/2019 20:56
175297,Apple Airpods Headphones,1,3/17/2019 19:40
175298,Lightning Charging Cable,1,3/16/2019 11:09
175299,USB-C Charging Cable,2,3/25/2019 23:39
175299,AAA Batteries (4-pack),2,3/25/2019 23:39
175300,Apple Airpods Headphones,1,3/20/2019 9:06
175301,Lightning Charging Cable,1,3/13/2019 19:22
175302,27in 4K Gaming Monitor,1,3/15/2019 23:18
175303,ThinkPad Laptop,1,3/13/2019 14:22
175304,20in Monitor,1,3/18/2019 22:09
175305,Wired Headphones,1,3/26/2019 22:00
175306,Wired Headphones,1,3/2/2019 15:20
175307,Flatscreen TV,1,3/15/2019 15:41
175308,Lightning Charging Cable,1,3/30/2019 20:16
175309,Wired Headphones,1,3/7/2019 14:13
175310,AAA Batteries (4-pack),1,3/29/2019 16:19
175311,Google Phone,1,3/1/2019 22:18
175312,Bose SoundSport Headphones,1,3/24/2019 17:36
175313,Bose SoundSport Headphones,1,3/27/2019 18:19
175314,USB-C Charging Cable,1,3/1/2019 9:56
175315,Wired Headphones,1,3/12/2019 11:49
175316,AAA Batteries (4-pack),1,3/26/2019 11:37
175317,Wired Headphones,1,3/16/2019 17:05
175318,USB-C Charging Cable,1,3/3/2019 19:23
175319,AA Batteries (4-pack),2,3/16/2019 23:20
175320,Wired Headphones,1,3/16/2019 9:50
175321,Bose SoundSport Headphones,1,3/28/2019 22:30
175322,USB-C Charging Cable,1,3/3/2019 19:27
175323,Wired Headphones,1,3/26/2019 17:25
175324,AAA Batteries (4-pack),2,3/1/2019 19:33
175325,Wired Headphones,1,3/13/2019 12:00
175326,AA Batteries (4-pack),1,3/31/2019 13:58
175327,Bose SoundSport Headphones,1,3/5/2019 20:52
175328,34in Ultrawide Monitor,1,3/28/2019 15:22
175329,Bose SoundSport Headphones,1,3/4/2019 11:48
175330,AA Batteries (4-pack),1,3/29/2019 10:13
175331,USB-C Charging Cable,1,3/31/2019 7:46
175332,iPhone,1,3/21/2019 20:40
175332,Lightning Charging Cable,2,3/21/2019 20:40
175333,34in Ultrawide Monitor,1,3/5/2019 18:53
175334,Bose SoundSport Headphones,1,3/19/2019 13:38
175335,ThinkPad Laptop,1,3/11/2019 6:55
175336,Wired Headphones,1,3/16/2019 17:48
175337,Google Phone,1,3/6/2019 15:58
175338,AAA Batteries (4-pack),3,3/20/2019 21:18
175339,Macbook Pro Laptop,1,3/29/2019 1:17
175340,AA Batteries (4-pack),1,3/16/2019 4:47
175341,Google Phone,1,3/28/2019 19:24
175342,Bose SoundSport Headphones,1,3/5/2019 1:01
175343,USB-C Charging Cable,1,3/10/2019 14:49
175344,34in Ultrawide Monitor,1,3/13/2019 13:32
175345,27in FHD Monitor,1,3/19/2019 12:26
175346,AAA Batteries (4-pack),2,3/30/2019 18:46
175347,Bose SoundSport Headphones,1,3/4/2019 11:08
175348,Bose SoundSport Headphones,1,3/30/2019 12:56
175349,Apple Airpods Headphones,1,3/25/2019 18:17
175350,Apple Airpods Headphones,1,3/6/2019 9:15
175351,AA Batteries (4-pack),1,3/23/2019 16:43
175352,Bose SoundSport Headphones,1,3/3/2019 16:39
175353,Lightning Charging Cable,1,3/24/2019 15:35
175354,ThinkPad Laptop,1,3/2/2019 17:31
175355,Wired Headphones,1,3/30/2019 17:05
175356,iPhone,1,3/22/2019 13:41
175357,AA Batteries (4-pack),1,3/10/2019 12:03
175358,Bose SoundSport Headphones,1,3/9/2019 11:19
175359,AA Batteries (4-pack),1,3/23/2019 11:07
175360,Google Phone,1,3/23/2019 21:12
175361,Bose SoundSport Headphones,1,3/24/2019 1:52
175362,AA Batteries (4-pack),1,3/23/2019 16:18
175363,Bose SoundSport Headphones,1,3/20/2019 23:28
175364,AAA Batteries (4-pack),3,3/17/2019 14:51
175365,Apple Airpods Headphones,1,3/30/2019 13:47
175366,AA Batteries (4-pack),1,3/13/2019 16:36
175366,Macbook Pro Laptop,1,3/13/2019 16:36
175367,Lightning Charging Cable,1,3/28/2019 16:36
175367,AAA Batteries (4-pack),1,3/28/2019 16:36
175368,Bose SoundSport Headphones,1,3/18/2019 9:00
175369,AA Batteries (4-pack),1,3/10/2019 21:55
175370,Lightning Charging Cable,1,3/15/2019 20:25
175371,Lightning Charging Cable,1,3/18/2019 10:37
175372,Wired Headphones,1,3/17/2019 9:45
175373,27in FHD Monitor,1,3/16/2019 16:40
175374,USB-C Charging Cable,1,3/27/2019 7:44
175375,AAA Batteries (4-pack),2,3/28/2019 12:22
175376,Bose SoundSport Headphones,1,3/26/2019 17:02
175377,iPhone,1,3/29/2019 13:11
175378,27in 4K Gaming Monitor,1,3/2/2019 18:35
175379,USB-C Charging Cable,1,3/16/2019 14:42
175380,Google Phone,1,3/27/2019 19:15
175381,Wired Headphones,1,3/5/2019 16:39
175382,Lightning Charging Cable,1,3/28/2019 15:38
175383,USB-C Charging Cable,1,3/26/2019 13:17
175384,USB-C Charging Cable,1,3/7/2019 18:25
175385,USB-C Charging Cable,1,3/11/2019 10:54
175386,Lightning Charging Cable,1,3/29/2019 11:13
175387,AA Batteries (4-pack),1,3/8/2019 16:19
175388,Wired Headphones,1,3/13/2019 15:47
175389,34in Ultrawide Monitor,1,3/30/2019 11:21
175390,Bose SoundSport Headphones,1,3/18/2019 23:44
175391,AA Batteries (4-pack),1,3/23/2019 13:40
175392,34in Ultrawide Monitor,1,3/11/2019 11:42
175393,USB-C Charging Cable,1,3/12/2019 14:46
175394,Google Phone,1,3/7/2019 18:48
175395,Vareebadd Phone,1,3/16/2019 14:09
175396,Apple Airpods Headphones,1,3/18/2019 10:07
175397,Apple Airpods Headphones,1,3/2/2019 20:19
175398,USB-C Charging Cable,1,3/18/2019 8:39
175399,Macbook Pro Laptop,1,3/31/2019 8:36
175400,USB-C Charging Cable,2,3/13/2019 14:20
175401,20in Monitor,2,3/5/2019 11:15
175402,USB-C Charging Cable,1,3/1/2019 16:11
175403,Apple Airpods Headphones,1,3/15/2019 15:58
175404,Flatscreen TV,1,3/24/2019 19:42
175405,Flatscreen TV,1,3/4/2019 20:05
175406,AA Batteries (4-pack),1,3/28/2019 12:17
175407,Google Phone,1,3/16/2019 10:58
175407,USB-C Charging Cable,1,3/16/2019 10:58
175407,Bose SoundSport Headphones,1,3/16/2019 10:58
175408,20in Monitor,1,3/7/2019 14:20
175409,USB-C Charging Cable,1,3/10/2019 19:40
175410,ThinkPad Laptop,1,3/19/2019 21:12
175411,34in Ultrawide Monitor,1,3/27/2019 19:30
175412,Wired Headphones,1,3/14/2019 8:14
175413,AA Batteries (4-pack),1,3/14/2019 14:37
175414,Lightning Charging Cable,1,3/24/2019 17:38
175415,Bose SoundSport Headphones,1,3/9/2019 11:27
175416,AA Batteries (4-pack),1,3/31/2019 19:14
175417,Wired Headphones,1,3/22/2019 16:37
175418,Lightning Charging Cable,1,3/12/2019 15:15
175419,Macbook Pro Laptop,1,3/9/2019 14:06
175420,AAA Batteries (4-pack),1,3/9/2019 12:22
175421,Lightning Charging Cable,2,3/24/2019 9:34
175422,AA Batteries (4-pack),1,3/2/2019 14:18
175423,AAA Batteries (4-pack),1,3/11/2019 13:45
175424,USB-C Charging Cable,1,3/7/2019 22:20
175425,iPhone,1,3/25/2019 16:19
175426,AA Batteries (4-pack),1,3/2/2019 7:43
175427,USB-C Charging Cable,1,3/10/2019 15:20
175428,ThinkPad Laptop,1,3/27/2019 15:34
175429,AAA Batteries (4-pack),1,3/16/2019 19:00
175430,AAA Batteries (4-pack),1,3/6/2019 13:01
175431,USB-C Charging Cable,1,3/16/2019 4:54
175432,USB-C Charging Cable,1,3/12/2019 22:20
175433,Apple Airpods Headphones,1,3/28/2019 11:04
175434,USB-C Charging Cable,1,3/11/2019 11:53
175435,27in 4K Gaming Monitor,1,3/18/2019 17:14
175436,Wired Headphones,1,3/7/2019 13:41
175437,Lightning Charging Cable,1,3/1/2019 8:50
175438,Lightning Charging Cable,1,3/17/2019 11:30
175439,AAA Batteries (4-pack),1,3/14/2019 8:46
175440,34in Ultrawide Monitor,2,3/24/2019 13:19
175441,AA Batteries (4-pack),1,3/23/2019 15:24
175442,Apple Airpods Headphones,1,3/26/2019 14:19
175443,Wired Headphones,1,3/28/2019 15:01
175444,27in 4K Gaming Monitor,1,3/3/2019 12:48
175445,20in Monitor,1,3/15/2019 19:05
175446,USB-C Charging Cable,1,3/9/2019 19:28
175447,Macbook Pro Laptop,1,3/25/2019 7:00
175448,USB-C Charging Cable,1,3/6/2019 16:45
175449,Bose SoundSport Headphones,1,3/1/2019 13:54
175450,AAA Batteries (4-pack),2,3/29/2019 20:32
175451,USB-C Charging Cable,1,3/1/2019 17:17
175452,Lightning Charging Cable,1,3/21/2019 0:16
175453,Bose SoundSport Headphones,1,3/9/2019 16:18
175454,AAA Batteries (4-pack),1,3/11/2019 23:49
175455,Wired Headphones,1,3/15/2019 11:33
175456,Wired Headphones,1,3/13/2019 15:04
175457,Bose SoundSport Headphones,1,3/30/2019 12:28
175458,Wired Headphones,1,3/5/2019 10:27
175459,20in Monitor,1,3/10/2019 10:36
175460,Wired Headphones,1,3/9/2019 21:44
175461,Wired Headphones,1,3/22/2019 8:48
175462,20in Monitor,1,3/19/2019 17:08
175463,Bose SoundSport Headphones,1,3/27/2019 18:23
175464,USB-C Charging Cable,1,3/25/2019 16:40
175465,27in FHD Monitor,1,3/12/2019 7:47
175466,AA Batteries (4-pack),2,3/15/2019 14:55
175467,34in Ultrawide Monitor,1,3/3/2019 11:45
175468,Apple Airpods Headphones,1,3/5/2019 9:34
175469,AAA Batteries (4-pack),2,3/5/2019 9:32
175470,Wired Headphones,1,3/11/2019 18:02
175471,Google Phone,1,3/29/2019 21:31
175472,27in 4K Gaming Monitor,1,3/11/2019 19:48
175473,USB-C Charging Cable,1,3/6/2019 13:15
175474,iPhone,1,3/19/2019 22:20
175475,AAA Batteries (4-pack),2,3/30/2019 20:55
175476,AAA Batteries (4-pack),1,3/19/2019 14:08
175477,Lightning Charging Cable,2,3/16/2019 8:10
175478,Bose SoundSport Headphones,1,3/13/2019 12:09
175479,Lightning Charging Cable,1,3/22/2019 18:31
175480,27in FHD Monitor,1,3/3/2019 17:18
175481,Flatscreen TV,1,3/20/2019 15:03
175482,Vareebadd Phone,1,3/16/2019 12:39
175483,Flatscreen TV,1,3/4/2019 10:11
175484,Bose SoundSport Headphones,1,3/8/2019 2:52
175485,ThinkPad Laptop,1,3/23/2019 13:59
175486,AAA Batteries (4-pack),1,3/1/2019 7:56
175487,Lightning Charging Cable,1,3/31/2019 10:58
175488,Wired Headphones,1,3/17/2019 19:33
175489,Wired Headphones,1,3/30/2019 11:50
175490,Apple Airpods Headphones,1,3/31/2019 16:31
175491,Wired Headphones,1,3/21/2019 13:32
175492,Apple Airpods Headphones,1,3/3/2019 11:33
175493,27in 4K Gaming Monitor,1,3/24/2019 19:46
175494,Lightning Charging Cable,1,3/24/2019 21:22
175495,Bose SoundSport Headphones,1,3/24/2019 21:28
175496,iPhone,1,3/12/2019 12:36
175497,Bose SoundSport Headphones,1,3/25/2019 19:10
175498,Wired Headphones,1,3/11/2019 7:24
175499,iPhone,1,3/10/2019 9:50
175500,Wired Headphones,1,3/1/2019 17:54
175501,AAA Batteries (4-pack),1,3/8/2019 1:08
175502,USB-C Charging Cable,1,3/8/2019 18:43
175503,20in Monitor,1,3/2/2019 15:14
175504,USB-C Charging Cable,2,3/4/2019 16:58
175505,Lightning Charging Cable,1,3/18/2019 11:26
175506,Macbook Pro Laptop,1,3/12/2019 11:44
175507,Vareebadd Phone,1,3/25/2019 17:32
175507,USB-C Charging Cable,1,3/25/2019 17:32
175508,Macbook Pro Laptop,1,3/27/2019 16:34
175509,Bose SoundSport Headphones,1,3/17/2019 20:30
175510,Wired Headphones,2,3/28/2019 18:16
175511,AAA Batteries (4-pack),1,3/23/2019 8:49
175511,USB-C Charging Cable,1,3/23/2019 8:49
175512,USB-C Charging Cable,1,3/20/2019 17:17
175513,Flatscreen TV,1,3/15/2019 19:57
175514,Lightning Charging Cable,1,3/11/2019 12:55
175515,Lightning Charging Cable,1,3/18/2019 22:42
175516,Bose SoundSport Headphones,1,3/13/2019 17:47
175517,iPhone,1,3/24/2019 19:51
175518,AAA Batteries (4-pack),1,3/3/2019 19:39
175519,AA Batteries (4-pack),1,3/2/2019 17:07
175520,AA Batteries (4-pack),1,3/30/2019 9:24
175521,27in 4K Gaming Monitor,1,3/24/2019 21:09
175522,Flatscreen TV,1,3/5/2019 11:11
175523,27in FHD Monitor,1,3/9/2019 16:57
175524,Apple Airpods Headphones,1,3/2/2019 10:57
175525,AA Batteries (4-pack),1,3/29/2019 14:48
175526,Lightning Charging Cable,1,3/2/2019 10:57
175527,AAA Batteries (4-pack),1,3/27/2019 13:44
175528,27in FHD Monitor,1,3/23/2019 8:44
175529,Lightning Charging Cable,1,3/27/2019 23:11
175530,AA Batteries (4-pack),1,3/20/2019 22:18
175531,Macbook Pro Laptop,1,3/16/2019 13:32
175532,AAA Batteries (4-pack),2,3/7/2019 21:09
175533,Lightning Charging Cable,1,3/9/2019 18:01
175534,Lightning Charging Cable,1,3/30/2019 13:38
175535,Vareebadd Phone,1,3/10/2019 19:49
175536,iPhone,1,3/14/2019 12:59
175537,20in Monitor,1,3/18/2019 23:11
175538,AAA Batteries (4-pack),1,3/28/2019 21:50
175539,AAA Batteries (4-pack),1,3/23/2019 11:48
175540,Macbook Pro Laptop,1,3/5/2019 21:25
175541,USB-C Charging Cable,1,3/2/2019 12:16
175542,iPhone,1,3/27/2019 1:51
175543,Macbook Pro Laptop,1,3/11/2019 18:20
175544,AAA Batteries (4-pack),1,3/12/2019 9:33
175545,USB-C Charging Cable,1,3/11/2019 23:30
175545,Lightning Charging Cable,1,3/11/2019 23:30
175546,AA Batteries (4-pack),1,3/28/2019 7:59
175547,Bose SoundSport Headphones,1,3/26/2019 12:17
175548,iPhone,1,3/31/2019 19:03
175549,Wired Headphones,1,3/28/2019 17:19
175550,AA Batteries (4-pack),2,3/10/2019 20:19
175551,AAA Batteries (4-pack),2,3/27/2019 14:14
175552,USB-C Charging Cable,1,3/22/2019 19:36
175553,ThinkPad Laptop,1,3/18/2019 19:42
175554,ThinkPad Laptop,1,3/11/2019 21:57
175555,iPhone,1,3/3/2019 11:51
175556,AA Batteries (4-pack),1,3/2/2019 17:53
175557,Wired Headphones,1,3/27/2019 5:28
175558,Wired Headphones,1,3/21/2019 20:37
175559,Google Phone,1,3/26/2019 22:49
175559,USB-C Charging Cable,1,3/26/2019 22:49
175560,Lightning Charging Cable,1,3/7/2019 16:52
175561,Lightning Charging Cable,1,3/27/2019 22:12
175562,Apple Airpods Headphones,1,3/7/2019 19:20
175563,Apple Airpods Headphones,1,3/17/2019 7:35
175564,USB-C Charging Cable,1,3/2/2019 16:36
175565,Wired Headphones,1,3/30/2019 14:16
175566,AA Batteries (4-pack),1,3/3/2019 15:59
175567,20in Monitor,1,3/6/2019 13:33
175568,iPhone,1,3/23/2019 2:39
175569,Apple Airpods Headphones,1,3/29/2019 12:36
175570,Wired Headphones,2,3/18/2019 17:53
175571,USB-C Charging Cable,2,3/9/2019 15:09
175572,Bose SoundSport Headphones,1,3/13/2019 5:44
175573,Bose SoundSport Headphones,1,3/13/2019 20:29
175574,Bose SoundSport Headphones,1,3/3/2019 22:41
175575,Bose SoundSport Headphones,1,3/26/2019 10:16
175576,Apple Airpods Headphones,1,3/4/2019 18:59
175577,Lightning Charging Cable,1,3/14/2019 14:36
175578,Wired Headphones,1,3/7/2019 17:02
175579,Lightning Charging Cable,1,3/12/2019 17:19
175580,Bose SoundSport Headphones,1,3/21/2019 16:07
175581,Vareebadd Phone,1,3/12/2019 16:48
175582,AA Batteries (4-pack),1,3/3/2019 15:19
175583,Apple Airpods Headphones,1,3/21/2019 10:56
175584,Wired Headphones,1,3/9/2019 15:49
175585,Apple Airpods Headphones,1,3/26/2019 20:44
175586,Bose SoundSport Headphones,1,3/4/2019 11:32
175587,AAA Batteries (4-pack),1,3/31/2019 13:31
175588,Bose SoundSport Headphones,1,3/13/2019 19:51
175589,Apple Airpods Headphones,1,3/17/2019 14:02
175590,Apple Airpods Headphones,1,3/4/2019 9:51
175591,iPhone,1,3/20/2019 12:47
175592,Google Phone,1,3/29/2019 22:12
175592,USB-C Charging Cable,1,3/29/2019 22:12
175592,Bose SoundSport Headphones,1,3/29/2019 22:12
175593,AAA Batteries (4-pack),2,3/14/2019 0:36
175594,iPhone,1,3/7/2019 16:26
175595,Apple Airpods Headphones,1,3/9/2019 16:14
175596,Lightning Charging Cable,1,3/26/2019 23:18
175597,27in 4K Gaming Monitor,1,3/24/2019 16:14
175598,Bose SoundSport Headphones,1,3/20/2019 11:12
175599,ThinkPad Laptop,1,3/25/2019 13:52
175600,Wired Headphones,1,3/15/2019 8:16
175601,AA Batteries (4-pack),1,3/25/2019 21:35
175602,AA Batteries (4-pack),1,3/18/2019 13:59
175603,USB-C Charging Cable,1,3/20/2019 0:56
Order ID,Product,Quantity Ordered,Order Date
175604,AAA Batteries (4-pack),1,3/2/2019 14:36
175605,Google Phone,1,3/23/2019 11:44
175606,27in FHD Monitor,1,3/20/2019 11:39
175607,Apple Airpods Headphones,1,3/1/2019 9:13
175608,USB-C Charging Cable,1,3/23/2019 18:00
175609,Apple Airpods Headphones,1,3/28/2019 7:06
175610,USB-C Charging Cable,1,3/2/2019 14:50
175611,Macbook Pro Laptop,1,3/20/2019 12:41
175612,AA Batteries (4-pack),1,3/15/2019 12:21
175613,USB-C Charging Cable,1,3/14/2019 11:59
175614,Lightning Charging Cable,1,3/21/2019 19:12
175615,27in FHD Monitor,1,3/20/2019 20:30
175616,20in Monitor,1,3/23/2019 17:41
175617,AAA Batteries (4-pack),3,3/5/2019 11:06
175618,AAA Batteries (4-pack),1,3/11/2019 0:34
175619,Wired Headphones,1,3/9/2019 21:32
175620,Wired Headphones,1,3/22/2019 1:32
175621,AAA Batteries (4-pack),3,3/19/2019 11:43
175622,AA Batteries (4-pack),1,3/19/2019 15:59
175623,AA Batteries (4-pack),1,3/9/2019 0:33
175624,AAA Batteries (4-pack),1,3/28/2019 1:18
175625,Apple Airpods Headphones,2,3/5/2019 10:35
175626,Apple Airpods Headphones,1,3/3/2019 13:57
175627,Lightning Charging Cable,1,3/25/2019 8:49
175628,AA Batteries (4-pack),1,3/4/2019 9:15
175629,AA Batteries (4-pack),3,3/9/2019 21:18
175630,USB-C Charging Cable,1,3/2/2019 10:41
175631,20in Monitor,1,3/16/2019 2:43
175632,Lightning Charging Cable,1,3/24/2019 13:47
175633,Flatscreen TV,1,3/19/2019 14:36
175634,USB-C Charging Cable,1,3/12/2019 12:01
175635,USB-C Charging Cable,1,3/4/2019 15:40
175636,27in 4K Gaming Monitor,1,3/25/2019 17:40
175637,USB-C Charging Cable,1,3/21/2019 21:15
175638,27in FHD Monitor,1,3/16/2019 19:00
175639,Lightning Charging Cable,1,3/15/2019 21:56
175640,27in FHD Monitor,1,3/8/2019 9:51
175641,Macbook Pro Laptop,1,3/21/2019 7:24
175642,AAA Batteries (4-pack),1,3/7/2019 17:16
175643,Apple Airpods Headphones,1,3/22/2019 19:08
175644,Macbook Pro Laptop,1,3/23/2019 13:39
175645,Apple Airpods Headphones,1,3/27/2019 15:44
175646,AAA Batteries (4-pack),2,3/14/2019 12:45
175647,AAA Batteries (4-pack),1,3/12/2019 18:12
175648,Apple Airpods Headphones,1,3/4/2019 15:56
175649,Apple Airpods Headphones,1,3/15/2019 10:49
175650,Flatscreen TV,1,3/14/2019 12:45
175651,Macbook Pro Laptop,1,3/13/2019 21:21
175652,27in 4K Gaming Monitor,1,3/28/2019 9:45
175653,Wired Headphones,1,3/19/2019 16:02
175654,Wired Headphones,3,3/3/2019 19:37
175655,AAA Batteries (4-pack),2,3/12/2019 10:16
175656,Apple Airpods Headphones,1,3/3/2019 23:05
175657,34in Ultrawide Monitor,1,3/26/2019 21:09
175658,AAA Batteries (4-pack),1,3/2/2019 22:34
175659,Flatscreen TV,1,3/10/2019 18:58
175660,ThinkPad Laptop,1,3/1/2019 9:01
175661,Apple Airpods Headphones,1,3/22/2019 18:46
175662,27in FHD Monitor,1,3/18/2019 23:15
175663,USB-C Charging Cable,1,3/12/2019 13:28
175664,34in Ultrawide Monitor,1,3/27/2019 18:33
175665,20in Monitor,1,3/20/2019 18:38
175666,USB-C Charging Cable,1,3/24/2019 9:55
175667,Lightning Charging Cable,1,3/25/2019 8:20
175668,Apple Airpods Headphones,1,3/14/2019 16:07
175669,AAA Batteries (4-pack),2,3/27/2019 20:33
175670,Google Phone,1,3/29/2019 15:23
175671,AAA Batteries (4-pack),2,3/12/2019 8:18
175672,AAA Batteries (4-pack),2,3/14/2019 14:57
175673,ThinkPad Laptop,1,3/6/2019 17:07
175673,Apple Airpods Headphones,1,3/6/2019 17:07
175674,Bose SoundSport Headphones,1,3/30/2019 23:26
175675,USB-C Charging Cable,1,3/30/2019 7:11
175676,Wired Headphones,1,3/5/2019 12:16
175677,Lightning Charging Cable,1,3/19/2019 10:50
175678,AA Batteries (4-pack),1,3/1/2019 12:15
175679,27in FHD Monitor,1,3/4/2019 15:04
175680,AA Batteries (4-pack),1,3/17/2019 15:37
175681,Google Phone,1,3/29/2019 23:08
175681,USB-C Charging Cable,1,3/29/2019 23:08
175682,AAA Batteries (4-pack),1,3/30/2019 20:44
175683,USB-C Charging Cable,1,3/7/2019 20:54
175684,USB-C Charging Cable,1,3/25/2019 0:17
175685,AAA Batteries (4-pack),5,3/9/2019 4:33
175686,AAA Batteries (4-pack),1,3/16/2019 18:11
175687,Bose SoundSport Headphones,1,3/30/2019 16:47
175688,AAA Batteries (4-pack),2,3/7/2019 8:16
175689,Lightning Charging Cable,1,3/29/2019 19:23
175690,USB-C Charging Cable,1,3/4/2019 20:30
175691,Apple Airpods Headphones,1,3/2/2019 16:22
175692,AAA Batteries (4-pack),1,3/26/2019 16:35
175693,Apple Airpods Headphones,1,3/27/2019 15:03
175694,Macbook Pro Laptop,1,3/28/2019 11:22
175695,AAA Batteries (4-pack),2,3/12/2019 20:14
175696,Vareebadd Phone,1,3/16/2019 22:55
175697,Apple Airpods Headphones,1,3/25/2019 13:11
175698,Bose SoundSport Headphones,1,3/3/2019 21:51
175699,AAA Batteries (4-pack),2,3/30/2019 19:16
175700,Wired Headphones,1,3/31/2019 3:36
175701,USB-C Charging Cable,1,3/26/2019 20:50
175702,USB-C Charging Cable,1,3/2/2019 22:05
175703,Lightning Charging Cable,1,3/4/2019 10:34
175704,27in FHD Monitor,1,3/7/2019 8:29
175705,Bose SoundSport Headphones,1,3/27/2019 23:09
175706,AAA Batteries (4-pack),1,3/27/2019 11:41
175707,Bose SoundSport Headphones,1,3/30/2019 15:20
175708,AA Batteries (4-pack),1,3/21/2019 11:36
175709,USB-C Charging Cable,1,3/30/2019 11:22
175710,Apple Airpods Headphones,1,3/24/2019 10:58
175711,34in Ultrawide Monitor,1,3/2/2019 11:19
175712,USB-C Charging Cable,1,3/29/2019 19:36
175713,Lightning Charging Cable,1,3/22/2019 23:12
175714,USB-C Charging Cable,1,3/18/2019 10:58
175715,USB-C Charging Cable,1,3/16/2019 12:55
175716,Lightning Charging Cable,1,3/10/2019 9:06
175717,Vareebadd Phone,1,3/2/2019 18:20
175718,27in FHD Monitor,1,3/13/2019 19:17
175719,27in FHD Monitor,1,3/29/2019 19:07
175720,USB-C Charging Cable,1,3/15/2019 16:04
175721,Lightning Charging Cable,1,3/15/2019 11:43
175722,Lightning Charging Cable,1,3/5/2019 12:22
175723,Apple Airpods Headphones,1,3/21/2019 17:06
175724,34in Ultrawide Monitor,1,3/10/2019 13:50
175725,Google Phone,1,3/30/2019 20:21
175726,34in Ultrawide Monitor,1,3/14/2019 9:58
175727,AA Batteries (4-pack),2,3/3/2019 19:33
175728,AAA Batteries (4-pack),2,3/20/2019 22:01
175729,Lightning Charging Cable,1,3/26/2019 11:01
175730,AA Batteries (4-pack),1,3/3/2019 21:27
175731,Bose SoundSport Headphones,1,3/20/2019 15:18
175732,Macbook Pro Laptop,1,3/8/2019 21:22
175733,Lightning Charging Cable,1,3/1/2019 11:26
175734,Flatscreen TV,1,3/15/2019 11:48
175735,AA Batteries (4-pack),1,3/3/2019 19:56
175736,ThinkPad Laptop,1,3/8/2019 9:39
175737,Lightning Charging Cable,1,3/13/2019 11:58
175737,AAA Batteries (4-pack),1,3/13/2019 11:58
175738,Wired Headphones,1,3/11/2019 15:15
175739,Bose SoundSport Headphones,1,3/8/2019 17:48
175740,AA Batteries (4-pack),1,3/25/2019 16:01
175741,Bose SoundSport Headphones,1,3/9/2019 17:23
175742,34in Ultrawide Monitor,1,3/20/2019 17:14
175743,Apple Airpods Headphones,1,3/12/2019 21:45
175744,AA Batteries (4-pack),1,3/3/2019 17:07
175745,Bose SoundSport Headphones,1,3/21/2019 1:48
175746,Lightning Charging Cable,1,3/5/2019 20:27
175747,34in Ultrawide Monitor,1,3/12/2019 19:27
175748,Apple Airpods Headphones,1,3/12/2019 21:55
175749,USB-C Charging Cable,1,3/12/2019 21:27
175750,USB-C Charging Cable,1,3/21/2019 21:54
175751,USB-C Charging Cable,1,3/8/2019 17:09
175752,20in Monitor,1,3/23/2019 13:33
175753,AAA Batteries (4-pack),3,3/18/2019 22:17
,,,
175754,USB-C Charging Cable,1,3/13/2019 22:30
175755,USB-C Charging Cable,1,3/16/2019 12:11
175756,AA Batteries (4-pack),1,3/7/2019 16:26
175757,Lightning Charging Cable,1,3/3/2019 12:27
175758,Lightning Charging Cable,2,3/5/2019 13:21
175759,20in Monitor,1,3/11/2019 22:59
175760,AAA Batteries (4-pack),1,3/31/2019 17:37
175761,iPhone,1,3/13/2019 5:25
175761,Wired Headphones,1,3/13/2019 5:25
175762,USB-C Charging Cable,1,3/1/2019 20:57
175763,20in Monitor,1,3/5/2019 14:19
175764,Apple Airpods Headphones,1,3/11/2019 13:41
175765,Apple Airpods Headphones,1,3/9/2019 8:20
175766,Apple Airpods Headphones,1,3/22/2019 11:58
175767,Lightning Charging Cable,1,3/9/2019 22:06
175768,Lightning Charging Cable,1,3/5/2019 8:30
175769,Bose SoundSport Headphones,1,4/1/2019 2:22
175770,20in Monitor,1,3/4/2019 22:57
175771,AAA Batteries (4-pack),2,3/14/2019 9:48
175772,AA Batteries (4-pack),1,3/3/2019 19:27
175773,Lightning Charging Cable,2,3/11/2019 13:35
175774,USB-C Charging Cable,1,3/22/2019 17:29
175775,Bose SoundSport Headphones,1,3/17/2019 15:06
175776,Bose SoundSport Headphones,1,3/13/2019 12:32
175777,AA Batteries (4-pack),1,3/5/2019 10:30
175778,Lightning Charging Cable,1,3/14/2019 22:10
175779,AAA Batteries (4-pack),1,3/17/2019 19:00
175780,Macbook Pro Laptop,1,3/31/2019 11:47
Order ID,Product,Quantity Ordered,Order Date
175781,Apple Airpods Headphones,1,3/2/2019 11:18
175782,Apple Airpods Headphones,1,3/23/2019 8:01
175783,AA Batteries (4-pack),1,3/1/2019 18:34
175784,LG Washing Machine,1,3/31/2019 16:27
175785,AAA Batteries (4-pack),1,3/27/2019 15:04
175786,20in Monitor,1,3/1/2019 18:52
175787,Bose SoundSport Headphones,1,3/15/2019 13:45
175788,Wired Headphones,1,3/27/2019 10:57
175789,Apple Airpods Headphones,1,3/6/2019 16:16
175790,AA Batteries (4-pack),1,3/10/2019 12:31
175791,Lightning Charging Cable,1,3/10/2019 22:23
175792,AAA Batteries (4-pack),1,3/29/2019 16:26
175793,Wired Headphones,2,3/19/2019 22:53
175794,Google Phone,1,3/1/2019 20:28
175794,USB-C Charging Cable,1,3/1/2019 20:28
175795,AAA Batteries (4-pack),1,3/20/2019 9:21
175796,Lightning Charging Cable,1,3/19/2019 16:52
175797,ThinkPad Laptop,1,3/2/2019 2:44
175798,ThinkPad Laptop,1,3/31/2019 22:20
175799,AA Batteries (4-pack),1,3/25/2019 23:48
175800,Google Phone,1,3/16/2019 6:29
175800,Bose SoundSport Headphones,1,3/16/2019 6:29
175801,ThinkPad Laptop,1,3/10/2019 19:07
175802,Apple Airpods Headphones,1,3/16/2019 18:56
175803,Wired Headphones,1,3/27/2019 7:35
175804,27in 4K Gaming Monitor,1,3/5/2019 17:46
175805,Wired Headphones,1,3/14/2019 18:06
175806,Macbook Pro Laptop,1,3/27/2019 17:37
175807,Vareebadd Phone,1,3/16/2019 15:08
175807,USB-C Charging Cable,1,3/16/2019 15:08
175808,USB-C Charging Cable,1,3/4/2019 21:39
175809,Flatscreen TV,1,3/21/2019 19:22
175810,Wired Headphones,1,3/17/2019 17:49
175811,AA Batteries (4-pack),1,3/5/2019 17:41
175812,Apple Airpods Headphones,1,3/27/2019 14:01
175813,20in Monitor,1,3/22/2019 14:24
175814,USB-C Charging Cable,1,3/4/2019 12:25
175815,Wired Headphones,1,3/19/2019 16:37
175816,ThinkPad Laptop,1,3/28/2019 12:20
175817,Lightning Charging Cable,1,3/12/2019 19:16
175818,Apple Airpods Headphones,1,3/7/2019 10:59
175819,LG Washing Machine,1,3/2/2019 16:10
175820,Flatscreen TV,1,3/2/2019 17:28
175821,Bose SoundSport Headphones,1,3/31/2019 20:03
175822,Bose SoundSport Headphones,1,3/30/2019 18:45
175823,27in 4K Gaming Monitor,1,3/2/2019 13:04
175824,Macbook Pro Laptop,1,3/5/2019 9:55
175825,Apple Airpods Headphones,1,3/6/2019 16:20
175826,Apple Airpods Headphones,1,3/7/2019 11:12
175827,Apple Airpods Headphones,1,3/31/2019 8:17
175828,USB-C Charging Cable,1,3/14/2019 16:11
175829,Bose SoundSport Headphones,1,3/12/2019 11:30
175830,AAA Batteries (4-pack),1,3/20/2019 11:34
175831,Apple Airpods Headphones,1,3/3/2019 20:03
175832,iPhone,1,3/26/2019 16:59
175833,Flatscreen TV,1,3/11/2019 21:14
175833,Wired Headphones,1,3/11/2019 21:14
175834,Lightning Charging Cable,1,3/9/2019 20:57
175835,Lightning Charging Cable,1,3/16/2019 13:36
175836,AAA Batteries (4-pack),2,3/28/2019 16:55
175837,Google Phone,1,3/30/2019 18:23
175838,AAA Batteries (4-pack),3,3/16/2019 13:25
175839,Flatscreen TV,1,3/1/2019 16:16
175840,27in FHD Monitor,1,3/24/2019 4:31
175841,Bose SoundSport Headphones,1,3/7/2019 20:20
175842,Lightning Charging Cable,1,3/2/2019 17:18
175843,AAA Batteries (4-pack),1,3/23/2019 23:39
175844,USB-C Charging Cable,1,3/7/2019 5:54
175845,AA Batteries (4-pack),1,3/14/2019 19:21
175846,AA Batteries (4-pack),2,3/22/2019 19:14
175847,Lightning Charging Cable,1,3/31/2019 10:16
175848,Wired Headphones,1,3/12/2019 11:46
175849,Wired Headphones,1,3/17/2019 22:24
175850,27in FHD Monitor,1,3/15/2019 20:17
175851,27in FHD Monitor,1,3/21/2019 16:04
175852,ThinkPad Laptop,1,3/11/2019 0:59
175853,Google Phone,1,3/23/2019 11:17
175854,AA Batteries (4-pack),1,3/3/2019 14:00
175855,27in FHD Monitor,1,3/21/2019 21:12
175856,Google Phone,1,3/12/2019 16:52
175857,AA Batteries (4-pack),1,3/28/2019 23:54
175858,Apple Airpods Headphones,1,3/23/2019 17:53
175859,Apple Airpods Headphones,1,3/14/2019 21:46
175860,Vareebadd Phone,1,3/6/2019 22:20
175861,Wired Headphones,1,3/22/2019 16:12
175862,Wired Headphones,1,3/14/2019 10:54
175863,iPhone,1,3/9/2019 22:53
175864,AAA Batteries (4-pack),3,3/23/2019 23:42
175865,Bose SoundSport Headphones,1,3/16/2019 17:24
175866,iPhone,1,3/26/2019 18:07
175867,AA Batteries (4-pack),1,3/14/2019 22:36
175868,27in 4K Gaming Monitor,1,3/11/2019 21:19
175868,Bose SoundSport Headphones,1,3/11/2019 21:19
175869,27in 4K Gaming Monitor,1,3/18/2019 18:44
175870,LG Dryer,1,3/8/2019 14:55
175871,USB-C Charging Cable,1,3/30/2019 19:46
175872,iPhone,1,3/21/2019 8:30
175873,Wired Headphones,1,3/3/2019 7:46
175874,Wired Headphones,1,3/27/2019 17:18
175875,Apple Airpods Headphones,1,3/13/2019 13:28
175876,Lightning Charging Cable,1,3/25/2019 13:54
175877,AAA Batteries (4-pack),1,3/3/2019 14:51
175878,AAA Batteries (4-pack),3,3/15/2019 18:49
175879,Macbook Pro Laptop,1,3/18/2019 2:12
175880,Bose SoundSport Headphones,1,3/19/2019 5:36
175881,Flatscreen TV,1,3/7/2019 8:23
175882,Lightning Charging Cable,1,3/28/2019 18:58
175883,27in FHD Monitor,1,3/16/2019 17:40
175884,Lightning Charging Cable,1,3/15/2019 13:52
175885,Flatscreen TV,1,3/11/2019 8:49
175886,Macbook Pro Laptop,1,3/21/2019 13:20
175887,Lightning Charging Cable,1,3/11/2019 22:10
175888,AA Batteries (4-pack),1,3/22/2019 18:50
175889,Lightning Charging Cable,1,3/1/2019 15:14
175890,ThinkPad Laptop,1,3/10/2019 18:18
175891,USB-C Charging Cable,1,3/28/2019 11:25
175892,Bose SoundSport Headphones,1,3/12/2019 6:16
175893,AAA Batteries (4-pack),1,3/17/2019 10:27
175894,ThinkPad Laptop,1,3/17/2019 23:34
175895,Wired Headphones,1,3/1/2019 15:14
175896,Lightning Charging Cable,1,3/26/2019 16:57
175897,27in FHD Monitor,1,3/6/2019 21:38
175898,34in Ultrawide Monitor,1,3/13/2019 14:01
175899,27in FHD Monitor,1,3/31/2019 6:23
175900,Lightning Charging Cable,1,3/13/2019 9:20
175901,AAA Batteries (4-pack),1,3/20/2019 21:09
175902,Apple Airpods Headphones,1,3/7/2019 22:06
175903,AA Batteries (4-pack),2,3/23/2019 14:50
175904,Apple Airpods Headphones,1,3/8/2019 6:40
175905,ThinkPad Laptop,1,3/2/2019 18:21
175906,34in Ultrawide Monitor,1,3/12/2019 15:39
175907,Wired Headphones,1,3/16/2019 0:11
175908,Bose SoundSport Headphones,1,3/27/2019 7:21
175909,AA Batteries (4-pack),1,3/11/2019 11:56
175910,27in 4K Gaming Monitor,1,3/30/2019 13:40
175911,Wired Headphones,2,3/25/2019 16:15
175912,USB-C Charging Cable,1,3/18/2019 18:25
175913,Lightning Charging Cable,1,3/13/2019 1:04
175914,Wired Headphones,1,3/20/2019 14:58
175915,Bose SoundSport Headphones,1,3/19/2019 13:09
175916,Bose SoundSport Headphones,1,3/28/2019 15:34
175916,AA Batteries (4-pack),1,3/28/2019 15:34
175917,Google Phone,1,3/21/2019 19:49
175917,Wired Headphones,1,3/21/2019 19:49
175918,Apple Airpods Headphones,1,3/28/2019 6:02
175919,USB-C Charging Cable,1,3/15/2019 16:07
175920,Bose SoundSport Headphones,1,3/26/2019 13:21
175921,Apple Airpods Headphones,1,3/11/2019 19:40
175922,Macbook Pro Laptop,1,3/12/2019 8:54
175923,34in Ultrawide Monitor,1,3/18/2019 21:48
175924,Lightning Charging Cable,1,3/27/2019 9:24
175925,AAA Batteries (4-pack),1,3/3/2019 14:10
175926,Wired Headphones,1,3/22/2019 20:15
175927,Wired Headphones,1,3/24/2019 15:43
175928,Flatscreen TV,1,3/24/2019 15:11
175929,USB-C Charging Cable,1,3/7/2019 14:42
175930,27in FHD Monitor,1,3/18/2019 21:23
175931,27in FHD Monitor,1,3/29/2019 21:32
175932,Wired Headphones,1,3/13/2019 11:52
175933,iPhone,1,3/17/2019 15:23
175933,27in 4K Gaming Monitor,1,3/17/2019 15:23
175934,AAA Batteries (4-pack),2,3/18/2019 19:26
175935,Bose SoundSport Headphones,1,3/12/2019 12:15
175936,Bose SoundSport Headphones,1,3/8/2019 16:28
175937,AAA Batteries (4-pack),2,3/30/2019 22:22
175938,Vareebadd Phone,1,3/3/2019 13:44
175939,27in 4K Gaming Monitor,1,3/14/2019 11:20
175940,Wired Headphones,1,3/4/2019 10:54
175941,Google Phone,1,3/26/2019 18:53
175942,Wired Headphones,1,3/9/2019 16:07
175943,iPhone,1,3/25/2019 19:34
175944,Vareebadd Phone,1,3/18/2019 11:00
175945,Lightning Charging Cable,2,3/11/2019 23:49
175946,Lightning Charging Cable,1,3/28/2019 11:16
175947,Flatscreen TV,1,3/19/2019 11:52
175948,Apple Airpods Headphones,1,3/23/2019 14:50
175949,27in FHD Monitor,1,3/3/2019 16:04
175950,27in FHD Monitor,1,3/9/2019 20:56
175951,LG Dryer,1,4/1/2019 0:04
175952,27in 4K Gaming Monitor,1,3/21/2019 19:28
175953,Lightning Charging Cable,1,3/27/2019 2:42
175954,AA Batteries (4-pack),1,3/20/2019 11:40
175955,USB-C Charging Cable,1,3/30/2019 22:59
175956,AA Batteries (4-pack),2,3/11/2019 22:07
175957,USB-C Charging Cable,1,3/16/2019 18:17
175958,Lightning Charging Cable,1,3/18/2019 11:40
175959,Lightning Charging Cable,1,3/2/2019 14:59
175960,Wired Headphones,1,3/16/2019 13:46
175961,Google Phone,1,3/15/2019 23:09
175962,USB-C Charging Cable,1,3/13/2019 15:52
175963,USB-C Charging Cable,1,3/6/2019 20:42
175964,AA Batteries (4-pack),1,3/5/2019 13:10
175965,iPhone,1,3/14/2019 19:18
175965,Lightning Charging Cable,1,3/14/2019 19:18
175966,Wired Headphones,1,3/29/2019 13:22
175967,Lightning Charging Cable,1,3/6/2019 10:56
175968,Wired Headphones,1,3/17/2019 11:21
175969,iPhone,1,3/1/2019 14:30
175970,AAA Batteries (4-pack),1,3/28/2019 7:07
175971,USB-C Charging Cable,1,3/5/2019 19:16
175972,Wired Headphones,1,3/23/2019 23:23
175973,Bose SoundSport Headphones,1,3/13/2019 18:03
175974,ThinkPad Laptop,1,3/16/2019 1:37
175975,AA Batteries (4-pack),1,3/25/2019 20:15
175976,Apple Airpods Headphones,1,3/17/2019 9:15
175977,USB-C Charging Cable,1,3/20/2019 19:26
175978,Bose SoundSport Headphones,1,3/6/2019 22:11
175979,Wired Headphones,1,3/9/2019 13:45
175980,Apple Airpods Headphones,1,3/12/2019 7:38
Order ID,Product,Quantity Ordered,Order Date
175981,AAA Batteries (4-pack),1,3/23/2019 17:56
175982,Wired Headphones,1,3/6/2019 19:41
175983,Macbook Pro Laptop,1,3/20/2019 14:04
175984,Lightning Charging Cable,1,3/22/2019 21:53
175985,Bose SoundSport Headphones,1,3/21/2019 21:35
175986,ThinkPad Laptop,1,3/25/2019 9:55
175987,Apple Airpods Headphones,1,3/17/2019 17:03
175988,Lightning Charging Cable,1,3/10/2019 6:18
175989,Wired Headphones,1,3/17/2019 4:16
175990,20in Monitor,1,3/10/2019 14:25
175991,AAA Batteries (4-pack),1,3/23/2019 11:48
175992,Apple Airpods Headphones,1,3/30/2019 14:53
175993,Flatscreen TV,1,3/11/2019 7:18
175994,Bose SoundSport Headphones,1,3/8/2019 13:13
175995,USB-C Charging Cable,2,3/1/2019 12:50
175996,AAA Batteries (4-pack),1,3/15/2019 18:42
175997,Wired Headphones,2,3/7/2019 18:30
175998,Lightning Charging Cable,1,3/1/2019 12:44
175999,AAA Batteries (4-pack),2,3/25/2019 20:50
176000,AAA Batteries (4-pack),4,3/20/2019 12:48
176001,USB-C Charging Cable,1,3/26/2019 21:11
176002,Bose SoundSport Headphones,1,3/10/2019 22:16
176003,AAA Batteries (4-pack),1,3/13/2019 16:18
176004,Google Phone,1,3/8/2019 11:41
176005,USB-C Charging Cable,1,3/2/2019 23:36
176006,LG Dryer,1,3/5/2019 15:48
176007,Wired Headphones,1,3/15/2019 21:03
176008,Macbook Pro Laptop,1,3/9/2019 20:05
176009,Bose SoundSport Headphones,1,3/5/2019 13:36
176010,20in Monitor,1,3/7/2019 20:10
176011,AA Batteries (4-pack),1,3/31/2019 15:43
176012,Wired Headphones,1,3/31/2019 19:02
176013,AA Batteries (4-pack),1,3/11/2019 13:19
176014,Bose SoundSport Headphones,1,3/27/2019 19:44
176015,AA Batteries (4-pack),3,3/23/2019 13:26
176016,AA Batteries (4-pack),1,3/8/2019 18:31
176017,Wired Headphones,1,3/16/2019 14:19
176018,Lightning Charging Cable,1,3/27/2019 0:40
176019,USB-C Charging Cable,1,3/25/2019 17:37
176020,AA Batteries (4-pack),1,3/24/2019 19:30
176021,Lightning Charging Cable,1,3/26/2019 11:45
176022,Wired Headphones,1,3/4/2019 14:37
176023,Apple Airpods Headphones,1,3/17/2019 14:09
176024,AAA Batteries (4-pack),1,3/5/2019 20:34
176025,AAA Batteries (4-pack),1,3/20/2019 19:39
176026,Macbook Pro Laptop,1,3/12/2019 18:05
176027,AAA Batteries (4-pack),1,3/12/2019 11:34
176028,AA Batteries (4-pack),1,3/3/2019 18:08
176029,Lightning Charging Cable,1,3/4/2019 13:24
176030,AAA Batteries (4-pack),1,3/12/2019 5:16
176031,AA Batteries (4-pack),1,3/7/2019 13:24
176032,AA Batteries (4-pack),1,3/26/2019 1:34
176033,Macbook Pro Laptop,1,3/10/2019 11:33
176034,27in 4K Gaming Monitor,1,3/20/2019 15:05
176035,Apple Airpods Headphones,1,3/14/2019 13:55
176036,Macbook Pro Laptop,1,3/16/2019 19:21
176037,27in 4K Gaming Monitor,1,3/26/2019 21:22
176038,Lightning Charging Cable,1,3/18/2019 10:33
176039,Macbook Pro Laptop,1,3/28/2019 15:20
176040,Wired Headphones,1,3/6/2019 13:27
176041,34in Ultrawide Monitor,1,3/16/2019 23:46
176042,27in FHD Monitor,1,3/9/2019 22:01
176043,Google Phone,1,3/21/2019 22:07
176044,AAA Batteries (4-pack),2,3/11/2019 13:25
176045,Bose SoundSport Headphones,1,3/11/2019 13:07
176046,Wired Headphones,1,3/16/2019 16:09
176047,AA Batteries (4-pack),1,3/17/2019 15:19
176048,Wired Headphones,1,3/24/2019 12:12
176049,Wired Headphones,2,3/28/2019 12:24
176050,USB-C Charging Cable,1,3/21/2019 23:03
176051,USB-C Charging Cable,1,3/2/2019 9:22
176052,Macbook Pro Laptop,1,3/1/2019 20:25
176053,iPhone,1,3/18/2019 13:41
176054,AA Batteries (4-pack),1,3/23/2019 13:19
176055,Flatscreen TV,1,3/16/2019 13:41
176056,AA Batteries (4-pack),1,3/18/2019 8:08
176057,Wired Headphones,1,3/29/2019 17:26
176058,Bose SoundSport Headphones,2,3/17/2019 16:00
176059,Apple Airpods Headphones,1,3/12/2019 19:22
176060,AA Batteries (4-pack),3,3/24/2019 13:04
176060,AAA Batteries (4-pack),1,3/24/2019 13:04
176061,AAA Batteries (4-pack),4,3/20/2019 22:54
176062,Apple Airpods Headphones,1,3/17/2019 13:40
176063,Wired Headphones,1,3/3/2019 17:21
176064,AA Batteries (4-pack),1,3/13/2019 16:39
176065,Bose SoundSport Headphones,1,3/22/2019 21:57
176066,AAA Batteries (4-pack),1,3/7/2019 22:45
176067,Wired Headphones,1,3/27/2019 11:24
176068,Macbook Pro Laptop,1,3/4/2019 13:28
176069,27in 4K Gaming Monitor,1,3/7/2019 20:03
176070,AAA Batteries (4-pack),2,3/28/2019 19:51
176071,AAA Batteries (4-pack),1,3/2/2019 18:47
176072,Google Phone,1,3/9/2019 18:36
176073,Vareebadd Phone,1,3/6/2019 14:07
176074,Bose SoundSport Headphones,1,3/2/2019 17:55
176075,AA Batteries (4-pack),1,3/23/2019 16:22
176076,USB-C Charging Cable,1,3/6/2019 14:50
176077,Lightning Charging Cable,1,3/16/2019 16:02
176078,Vareebadd Phone,1,3/27/2019 12:25
176079,27in FHD Monitor,1,3/25/2019 14:05
176080,AA Batteries (4-pack),3,3/5/2019 12:55
176081,Wired Headphones,1,3/22/2019 19:47
176082,Google Phone,1,3/14/2019 11:27
176083,AA Batteries (4-pack),1,3/6/2019 17:33
176084,AA Batteries (4-pack),1,3/15/2019 21:42
176085,ThinkPad Laptop,1,3/2/2019 23:50
176086,Flatscreen TV,1,3/15/2019 21:26
176087,Google Phone,1,3/18/2019 10:17
176087,Wired Headphones,1,3/18/2019 10:17
176088,USB-C Charging Cable,1,3/14/2019 11:13
176089,USB-C Charging Cable,1,3/3/2019 8:41
176090,USB-C Charging Cable,1,3/18/2019 0:18
176091,Bose SoundSport Headphones,1,3/7/2019 18:13
176092,Bose SoundSport Headphones,1,3/24/2019 22:27
176093,Wired Headphones,1,3/9/2019 18:36
176094,27in FHD Monitor,1,3/1/2019 9:34
176095,Bose SoundSport Headphones,1,3/8/2019 21:48
176096,Lightning Charging Cable,1,3/22/2019 10:59
176096,AA Batteries (4-pack),1,3/22/2019 10:59
176097,Bose SoundSport Headphones,1,3/17/2019 9:54
176098,Google Phone,1,3/6/2019 16:17
176098,USB-C Charging Cable,1,3/6/2019 16:17
176099,AA Batteries (4-pack),1,3/22/2019 13:14
176100,USB-C Charging Cable,1,3/14/2019 11:29
176101,Vareebadd Phone,1,3/18/2019 18:25
176102,iPhone,1,3/21/2019 9:04
176103,AAA Batteries (4-pack),2,3/31/2019 17:05
176104,LG Washing Machine,1,3/12/2019 10:54
176105,ThinkPad Laptop,1,3/5/2019 12:33
176106,Vareebadd Phone,1,3/3/2019 14:31
176107,Apple Airpods Headphones,1,3/22/2019 10:50
176108,27in FHD Monitor,1,3/20/2019 9:40
176109,Google Phone,1,3/30/2019 11:45
176110,Lightning Charging Cable,1,3/22/2019 6:24
176111,USB-C Charging Cable,1,3/1/2019 18:50
176112,USB-C Charging Cable,1,3/2/2019 10:35
176113,Wired Headphones,1,3/10/2019 17:30
176114,USB-C Charging Cable,1,3/3/2019 13:17
176115,AAA Batteries (4-pack),1,3/18/2019 23:12
176116,USB-C Charging Cable,1,3/10/2019 11:59
176117,Wired Headphones,1,3/31/2019 18:08
176118,Bose SoundSport Headphones,1,3/11/2019 19:18
176119,AAA Batteries (4-pack),2,3/6/2019 16:04
176120,Lightning Charging Cable,1,3/1/2019 22:07
176121,20in Monitor,1,3/14/2019 17:30
176122,Bose SoundSport Headphones,1,3/19/2019 14:45
176123,Bose SoundSport Headphones,1,3/27/2019 21:37
176124,Bose SoundSport Headphones,1,3/12/2019 17:39
176125,Lightning Charging Cable,1,3/5/2019 12:10
176126,USB-C Charging Cable,1,3/9/2019 23:37
176127,Lightning Charging Cable,1,3/18/2019 9:30
176128,AA Batteries (4-pack),2,3/23/2019 11:21
176129,iPhone,1,3/16/2019 17:44
176130,AAA Batteries (4-pack),1,3/11/2019 19:41
176131,AAA Batteries (4-pack),1,3/16/2019 23:09
176132,Apple Airpods Headphones,1,3/24/2019 17:36
176133,Bose SoundSport Headphones,1,3/7/2019 16:47
176134,Lightning Charging Cable,1,3/22/2019 13:48
176135,AAA Batteries (4-pack),2,3/5/2019 18:29
176136,27in FHD Monitor,1,3/18/2019 19:35
176137,AA Batteries (4-pack),2,3/14/2019 20:48
176138,Apple Airpods Headphones,1,3/1/2019 20:36
176139,USB-C Charging Cable,1,3/10/2019 11:54
176140,34in Ultrawide Monitor,1,3/25/2019 13:46
176141,Apple Airpods Headphones,1,3/11/2019 2:03
176142,Lightning Charging Cable,1,3/15/2019 14:04
176143,USB-C Charging Cable,2,3/31/2019 9:35
176143,iPhone,1,3/31/2019 9:35
176144,Apple Airpods Headphones,1,3/22/2019 10:40
176145,Bose SoundSport Headphones,1,3/7/2019 12:05
176146,iPhone,1,3/16/2019 21:41
176147,Lightning Charging Cable,1,3/8/2019 18:02
176148,Apple Airpods Headphones,1,3/6/2019 0:16
176149,Bose SoundSport Headphones,1,3/13/2019 22:29
176150,AA Batteries (4-pack),1,3/7/2019 0:42
176151,Lightning Charging Cable,1,3/12/2019 13:46
176152,Lightning Charging Cable,1,3/8/2019 11:11
176153,AA Batteries (4-pack),1,3/21/2019 23:27
176154,AA Batteries (4-pack),1,3/6/2019 9:19
176155,iPhone,1,3/25/2019 11:38
176155,Wired Headphones,1,3/25/2019 11:38
176156,Google Phone,1,3/14/2019 16:02
176157,34in Ultrawide Monitor,1,3/11/2019 1:12
176158,Bose SoundSport Headphones,1,3/23/2019 17:25
176159,AAA Batteries (4-pack),3,3/27/2019 5:39
176160,AAA Batteries (4-pack),1,3/24/2019 23:00
176161,Wired Headphones,1,3/4/2019 5:01
176162,AAA Batteries (4-pack),2,3/30/2019 20:30
176163,Lightning Charging Cable,1,3/9/2019 19:45
176164,AA Batteries (4-pack),1,3/31/2019 18:15
176165,AAA Batteries (4-pack),1,3/12/2019 21:56
176166,Bose SoundSport Headphones,1,3/5/2019 19:07
176167,Wired Headphones,1,3/3/2019 16:25
176168,27in FHD Monitor,1,3/19/2019 21:14
176169,USB-C Charging Cable,1,3/17/2019 12:45
176170,Bose SoundSport Headphones,1,3/18/2019 21:35
176171,Wired Headphones,1,3/9/2019 15:39
176172,Apple Airpods Headphones,1,3/26/2019 8:39
176173,USB-C Charging Cable,1,3/10/2019 20:46
176174,USB-C Charging Cable,1,3/5/2019 12:30
176175,Wired Headphones,1,3/5/2019 18:54
176176,AA Batteries (4-pack),2,3/12/2019 23:28
176177,Lightning Charging Cable,1,3/17/2019 21:15
176178,AA Batteries (4-pack),1,3/10/2019 17:01
176179,Macbook Pro Laptop,1,3/22/2019 13:58
176180,Google Phone,1,3/22/2019 18:34
176181,Google Phone,1,3/18/2019 19:52
176182,AA Batteries (4-pack),1,3/28/2019 18:18
176183,34in Ultrawide Monitor,1,3/2/2019 12:47
176184,Apple Airpods Headphones,1,3/13/2019 19:55
176185,USB-C Charging Cable,1,3/21/2019 0:20
176186,USB-C Charging Cable,1,3/23/2019 13:58
176187,27in FHD Monitor,1,3/29/2019 18:14
176188,Wired Headphones,1,3/6/2019 16:26
176189,ThinkPad Laptop,1,3/28/2019 12:28
176190,Macbook Pro Laptop,1,3/2/2019 20:26
176191,AA Batteries (4-pack),2,3/5/2019 21:06
176192,iPhone,1,3/7/2019 22:40
176192,Lightning Charging Cable,1,3/7/2019 22:40
176193,iPhone,1,3/10/2019 1:11
176194,34in Ultrawide Monitor,1,3/23/2019 18:20
176195,27in FHD Monitor,1,3/9/2019 5:52
176195,AAA Batteries (4-pack),1,3/9/2019 5:52
176196,AA Batteries (4-pack),1,3/15/2019 15:56
176197,AA Batteries (4-pack),1,3/28/2019 19:33
176198,34in Ultrawide Monitor,1,3/11/2019 9:44
176199,Wired Headphones,1,3/2/2019 16:35
176200,Apple Airpods Headphones,1,3/6/2019 14:55
176201,Lightning Charging Cable,1,3/29/2019 7:56
176202,AA Batteries (4-pack),2,3/12/2019 21:22
176203,Lightning Charging Cable,1,3/4/2019 17:16
176204,Wired Headphones,1,3/23/2019 1:06
176205,Apple Airpods Headphones,1,3/4/2019 2:16
176206,AAA Batteries (4-pack),1,3/27/2019 13:33
176207,Flatscreen TV,1,3/25/2019 19:06
176208,Bose SoundSport Headphones,1,3/2/2019 23:48
176209,AAA Batteries (4-pack),2,3/20/2019 8:35
176210,Bose SoundSport Headphones,1,3/21/2019 15:37
176211,Bose SoundSport Headphones,1,3/21/2019 10:51
176212,USB-C Charging Cable,1,3/9/2019 19:19
176213,Bose SoundSport Headphones,1,3/14/2019 3:49
176214,27in FHD Monitor,1,3/5/2019 16:31
176215,AAA Batteries (4-pack),1,3/3/2019 12:37
176216,AA Batteries (4-pack),1,3/6/2019 15:34
176217,iPhone,1,3/9/2019 12:25
176217,Lightning Charging Cable,1,3/9/2019 12:25
176218,USB-C Charging Cable,2,3/7/2019 12:44
176219,Bose SoundSport Headphones,1,3/23/2019 21:25
176220,AA Batteries (4-pack),2,3/18/2019 0:19
176221,AA Batteries (4-pack),1,3/11/2019 21:44
176222,Lightning Charging Cable,1,3/7/2019 14:56
176223,Bose SoundSport Headphones,1,3/15/2019 20:26
176224,Google Phone,1,3/15/2019 11:10
176224,USB-C Charging Cable,1,3/15/2019 11:10
176225,Vareebadd Phone,1,3/25/2019 22:41
176226,AA Batteries (4-pack),1,3/17/2019 10:19
176227,34in Ultrawide Monitor,1,3/15/2019 14:55
176228,LG Dryer,1,3/31/2019 8:54
176229,ThinkPad Laptop,1,3/31/2019 14:44
176230,34in Ultrawide Monitor,1,3/27/2019 6:43
176231,AAA Batteries (4-pack),1,3/17/2019 22:48
176232,27in 4K Gaming Monitor,1,3/24/2019 23:24
176233,Google Phone,1,3/30/2019 20:39
176234,Apple Airpods Headphones,1,3/23/2019 7:28
176235,Wired Headphones,1,3/24/2019 17:08
176236,USB-C Charging Cable,1,3/16/2019 2:05
176237,USB-C Charging Cable,1,3/30/2019 18:34
176238,Apple Airpods Headphones,1,3/17/2019 12:36
176239,Lightning Charging Cable,1,3/19/2019 16:56
176240,USB-C Charging Cable,1,3/24/2019 23:53
176241,iPhone,1,3/18/2019 10:28
176241,Wired Headphones,1,3/18/2019 10:28
176242,Apple Airpods Headphones,1,3/24/2019 19:41
176243,Apple Airpods Headphones,1,3/25/2019 19:44
176244,AAA Batteries (4-pack),2,3/27/2019 15:50
176245,Wired Headphones,1,3/8/2019 19:25
176246,Apple Airpods Headphones,1,3/23/2019 14:44
176247,iPhone,1,3/12/2019 0:07
176248,AAA Batteries (4-pack),1,3/27/2019 11:01
176249,AA Batteries (4-pack),2,3/23/2019 0:11
176250,AAA Batteries (4-pack),2,3/21/2019 16:28
176251,AAA Batteries (4-pack),1,3/31/2019 0:29
176251,20in Monitor,1,3/31/2019 0:29
176252,34in Ultrawide Monitor,1,3/14/2019 11:51
176253,ThinkPad Laptop,1,3/21/2019 18:31
176254,AA Batteries (4-pack),1,3/8/2019 19:17
176255,USB-C Charging Cable,1,3/13/2019 12:22
176256,Vareebadd Phone,1,3/25/2019 20:43
176257,Bose SoundSport Headphones,1,3/16/2019 11:07
176258,Bose SoundSport Headphones,1,3/5/2019 13:41
176259,Bose SoundSport Headphones,1,3/2/2019 21:12
176260,AA Batteries (4-pack),1,3/30/2019 20:05
176261,USB-C Charging Cable,1,3/16/2019 20:22
176262,Wired Headphones,1,3/18/2019 12:08
176263,Bose SoundSport Headphones,1,3/22/2019 18:33
176264,Wired Headphones,1,3/29/2019 13:43
176265,AAA Batteries (4-pack),2,3/3/2019 18:51
176266,Wired Headphones,1,3/21/2019 4:27
176267,USB-C Charging Cable,1,3/4/2019 20:07
176268,USB-C Charging Cable,1,3/5/2019 7:06
176269,Bose SoundSport Headphones,1,3/3/2019 0:10
176270,AAA Batteries (4-pack),1,3/5/2019 18:31
176271,ThinkPad Laptop,1,3/23/2019 6:56
176271,Lightning Charging Cable,1,3/23/2019 6:56
176272,AAA Batteries (4-pack),2,3/19/2019 14:28
176273,Wired Headphones,1,3/20/2019 7:30
176274,34in Ultrawide Monitor,1,3/20/2019 19:55
176275,27in 4K Gaming Monitor,1,3/7/2019 10:18
176276,AAA Batteries (4-pack),1,3/9/2019 9:43
176277,Google Phone,1,3/14/2019 19:21
176278,USB-C Charging Cable,2,3/23/2019 7:58
176279,Wired Headphones,1,3/10/2019 9:48
176280,Lightning Charging Cable,1,3/17/2019 12:51
176281,27in 4K Gaming Monitor,1,3/21/2019 23:59
176282,Flatscreen TV,1,3/16/2019 10:26
176283,Macbook Pro Laptop,1,3/14/2019 18:19
176284,USB-C Charging Cable,1,3/8/2019 17:55
176285,AA Batteries (4-pack),1,3/20/2019 20:30
176286,Bose SoundSport Headphones,1,3/9/2019 16:33
176287,AA Batteries (4-pack),1,3/11/2019 18:55
176288,Wired Headphones,1,3/5/2019 21:45
176289,Wired Headphones,1,3/25/2019 9:35
176290,Google Phone,1,3/30/2019 11:06
176290,USB-C Charging Cable,1,3/30/2019 11:06
176291,Google Phone,1,3/10/2019 15:15
176292,ThinkPad Laptop,1,3/16/2019 13:17
176292,Apple Airpods Headphones,1,3/16/2019 13:17
176293,Lightning Charging Cable,2,3/30/2019 13:40
176294,Lightning Charging Cable,1,3/21/2019 14:32
176295,Apple Airpods Headphones,1,3/8/2019 7:31
176296,Lightning Charging Cable,1,3/11/2019 8:09
176297,34in Ultrawide Monitor,1,3/17/2019 19:27
176298,Apple Airpods Headphones,1,3/19/2019 23:02
176299,USB-C Charging Cable,1,3/11/2019 16:04
176300,Apple Airpods Headphones,1,3/23/2019 5:16
176301,LG Washing Machine,1,3/12/2019 19:28
176302,Bose SoundSport Headphones,1,3/27/2019 10:16
176303,AAA Batteries (4-pack),3,3/2/2019 23:23
176304,Lightning Charging Cable,1,3/25/2019 7:50
176305,Bose SoundSport Headphones,1,3/10/2019 11:28
176306,Apple Airpods Headphones,1,3/22/2019 9:26
176307,Lightning Charging Cable,1,3/23/2019 21:44
176308,Lightning Charging Cable,1,3/28/2019 17:14
176309,AAA Batteries (4-pack),1,3/17/2019 22:18
176310,Bose SoundSport Headphones,1,3/15/2019 21:36
176311,34in Ultrawide Monitor,1,3/29/2019 21:02
176312,AAA Batteries (4-pack),1,3/16/2019 13:08
176313,AAA Batteries (4-pack),2,3/16/2019 8:40
176314,27in 4K Gaming Monitor,1,3/27/2019 14:58
176315,Flatscreen TV,1,3/11/2019 9:47
176316,AAA Batteries (4-pack),2,3/14/2019 12:05
176317,Wired Headphones,1,3/18/2019 21:13
176318,34in Ultrawide Monitor,1,3/13/2019 22:13
176319,Wired Headphones,2,3/30/2019 19:30
176320,iPhone,1,3/1/2019 11:57
176320,Lightning Charging Cable,1,3/1/2019 11:57
176321,Bose SoundSport Headphones,1,3/13/2019 19:36
176322,Wired Headphones,1,3/4/2019 13:25
176323,27in FHD Monitor,1,3/3/2019 9:29
176324,Lightning Charging Cable,1,3/17/2019 22:23
176325,Wired Headphones,1,3/10/2019 14:59
176326,USB-C Charging Cable,1,3/30/2019 22:43
176327,USB-C Charging Cable,1,3/22/2019 11:13
176328,34in Ultrawide Monitor,1,3/9/2019 15:55
176329,AA Batteries (4-pack),3,3/12/2019 8:00
176330,Apple Airpods Headphones,1,3/10/2019 20:20
176331,AA Batteries (4-pack),2,3/23/2019 17:57
176332,AA Batteries (4-pack),2,3/22/2019 13:09
176333,AA Batteries (4-pack),2,3/19/2019 15:34
176334,Wired Headphones,1,3/10/2019 10:37
176335,AAA Batteries (4-pack),1,3/27/2019 11:17
176336,AAA Batteries (4-pack),3,3/5/2019 20:20
176337,Lightning Charging Cable,1,3/24/2019 17:42
176338,AA Batteries (4-pack),1,3/9/2019 15:37
176339,Lightning Charging Cable,1,3/7/2019 12:39
176340,USB-C Charging Cable,1,3/10/2019 14:41
176341,Lightning Charging Cable,1,3/21/2019 15:04
176342,Apple Airpods Headphones,1,3/29/2019 2:50
176343,USB-C Charging Cable,1,3/3/2019 8:26
176344,USB-C Charging Cable,1,3/30/2019 20:55
176345,27in 4K Gaming Monitor,1,3/9/2019 16:50
176346,USB-C Charging Cable,1,3/18/2019 16:55
176347,Lightning Charging Cable,1,3/9/2019 16:52
176348,AAA Batteries (4-pack),2,3/15/2019 20:40
176349,Wired Headphones,1,3/11/2019 11:07
176350,USB-C Charging Cable,1,3/9/2019 12:43
176351,AAA Batteries (4-pack),2,3/2/2019 20:59
176352,Wired Headphones,1,3/15/2019 14:36
176353,USB-C Charging Cable,1,3/25/2019 17:21
176354,ThinkPad Laptop,1,3/28/2019 21:09
176355,AA Batteries (4-pack),1,3/26/2019 11:24
176356,27in 4K Gaming Monitor,1,3/20/2019 11:29
176357,USB-C Charging Cable,1,3/12/2019 12:42
176358,AAA Batteries (4-pack),1,3/26/2019 8:24
176359,USB-C Charging Cable,1,3/13/2019 17:57
176360,27in FHD Monitor,1,3/11/2019 10:00
176361,34in Ultrawide Monitor,1,3/20/2019 16:39
176362,Wired Headphones,1,3/2/2019 23:39
176363,AA Batteries (4-pack),1,3/31/2019 12:59
176364,Wired Headphones,1,3/11/2019 19:54
176365,Apple Airpods Headphones,1,3/1/2019 19:40
176366,Bose SoundSport Headphones,1,3/1/2019 21:25
176367,Bose SoundSport Headphones,1,3/1/2019 13:48
176368,USB-C Charging Cable,1,3/11/2019 5:22
176369,AA Batteries (4-pack),1,3/1/2019 13:17
176370,ThinkPad Laptop,1,3/30/2019 19:02
176371,AA Batteries (4-pack),1,3/18/2019 14:00
176372,USB-C Charging Cable,1,3/29/2019 0:31
176373,Google Phone,1,3/5/2019 7:08
176374,Apple Airpods Headphones,1,3/18/2019 10:12
176375,Wired Headphones,1,3/4/2019 22:57
176376,AAA Batteries (4-pack),2,3/22/2019 11:35
176377,USB-C Charging Cable,1,3/27/2019 11:51
176378,USB-C Charging Cable,1,3/30/2019 5:16
176379,Wired Headphones,1,3/11/2019 20:16
176380,USB-C Charging Cable,1,3/31/2019 11:16
176381,AAA Batteries (4-pack),1,3/30/2019 8:24
176382,AA Batteries (4-pack),1,3/30/2019 8:00
176383,Flatscreen TV,1,3/10/2019 12:48
176384,AAA Batteries (4-pack),1,3/5/2019 20:19
176385,AA Batteries (4-pack),1,3/19/2019 14:23
176386,AAA Batteries (4-pack),1,3/11/2019 13:35
176387,Lightning Charging Cable,1,3/19/2019 19:30
176388,iPhone,1,3/17/2019 15:49
176389,34in Ultrawide Monitor,1,3/23/2019 15:44
176390,USB-C Charging Cable,1,3/7/2019 11:22
176391,AA Batteries (4-pack),1,3/27/2019 9:41
176392,Apple Airpods Headphones,1,3/14/2019 11:11
176393,Wired Headphones,1,3/31/2019 22:26
176394,AAA Batteries (4-pack),3,3/16/2019 13:00
176395,USB-C Charging Cable,1,3/22/2019 22:09
176396,AA Batteries (4-pack),4,3/23/2019 7:19
176397,AA Batteries (4-pack),1,3/1/2019 18:44
176398,Bose SoundSport Headphones,1,3/16/2019 10:56
176399,USB-C Charging Cable,1,3/25/2019 9:49
176400,Lightning Charging Cable,1,3/2/2019 13:23
176401,34in Ultrawide Monitor,1,3/22/2019 18:20
176402,34in Ultrawide Monitor,1,3/18/2019 12:03
176403,Wired Headphones,1,3/2/2019 14:00
176404,20in Monitor,1,3/7/2019 17:42
176405,Lightning Charging Cable,1,3/14/2019 22:18
176406,AA Batteries (4-pack),1,3/1/2019 7:49
176407,Lightning Charging Cable,1,3/15/2019 11:59
176408,Bose SoundSport Headphones,1,3/27/2019 20:23
176409,Wired Headphones,1,3/19/2019 13:19
176410,Apple Airpods Headphones,1,3/2/2019 23:51
176411,34in Ultrawide Monitor,1,3/25/2019 6:55
176412,ThinkPad Laptop,1,3/1/2019 18:57
176413,AA Batteries (4-pack),1,3/15/2019 20:26
176414,AA Batteries (4-pack),1,3/12/2019 19:15
176415,AAA Batteries (4-pack),4,3/15/2019 20:12
176416,AA Batteries (4-pack),1,3/27/2019 22:47
176417,AAA Batteries (4-pack),1,3/11/2019 17:24
176418,27in FHD Monitor,1,3/12/2019 9:10
176419,AAA Batteries (4-pack),1,3/8/2019 16:51
176420,USB-C Charging Cable,1,3/10/2019 9:50
176421,Apple Airpods Headphones,1,3/12/2019 6:16
176422,Wired Headphones,1,3/5/2019 16:29
176423,27in FHD Monitor,1,3/14/2019 19:09
176424,Apple Airpods Headphones,1,3/11/2019 19:22
176425,Flatscreen TV,1,3/31/2019 12:23
176426,Wired Headphones,1,3/8/2019 21:55
176427,Google Phone,1,3/6/2019 8:41
176428,27in FHD Monitor,1,3/6/2019 8:28
176429,Lightning Charging Cable,1,3/27/2019 11:22
176430,Wired Headphones,1,3/14/2019 17:53
176431,AAA Batteries (4-pack),1,3/2/2019 23:32
176432,27in FHD Monitor,1,3/27/2019 10:16
176433,USB-C Charging Cable,2,3/23/2019 19:30
176434,Lightning Charging Cable,1,3/14/2019 20:11
176435,Wired Headphones,1,3/19/2019 17:07
176436,Lightning Charging Cable,1,3/31/2019 22:04
176437,Wired Headphones,1,3/3/2019 12:19
176438,USB-C Charging Cable,1,3/19/2019 11:49
176439,AAA Batteries (4-pack),2,3/12/2019 19:42
176440,Bose SoundSport Headphones,1,3/20/2019 21:21
176441,Flatscreen TV,1,3/16/2019 16:22
176442,iPhone,1,3/26/2019 10:11
176442,Lightning Charging Cable,1,3/26/2019 10:11
176443,USB-C Charging Cable,1,3/18/2019 12:05
176444,27in FHD Monitor,1,3/13/2019 13:25
176445,AAA Batteries (4-pack),2,3/30/2019 14:52
176446,AA Batteries (4-pack),1,3/3/2019 21:53
176447,Lightning Charging Cable,1,3/27/2019 9:33
176448,27in FHD Monitor,1,3/28/2019 15:15
176449,AA Batteries (4-pack),1,3/1/2019 22:39
176450,AA Batteries (4-pack),1,3/14/2019 16:58
176451,iPhone,1,3/10/2019 16:51
176452,AA Batteries (4-pack),3,3/4/2019 12:31
176453,27in FHD Monitor,1,3/30/2019 15:22
176454,Bose SoundSport Headphones,1,3/30/2019 13:13
176455,34in Ultrawide Monitor,1,3/16/2019 19:55
176456,Bose SoundSport Headphones,1,3/23/2019 15:40
176457,Bose SoundSport Headphones,1,3/22/2019 16:35
176458,27in FHD Monitor,1,3/11/2019 11:44
176459,Lightning Charging Cable,1,3/1/2019 18:51
176460,Macbook Pro Laptop,1,3/26/2019 14:12
176461,iPhone,1,3/26/2019 7:46
176462,AA Batteries (4-pack),1,3/2/2019 20:12
176463,USB-C Charging Cable,1,3/28/2019 8:38
176464,AAA Batteries (4-pack),3,3/25/2019 20:45
176465,AAA Batteries (4-pack),1,3/17/2019 17:17
176466,Apple Airpods Headphones,1,3/6/2019 18:54
176467,USB-C Charging Cable,1,3/26/2019 21:02
176468,20in Monitor,1,3/23/2019 11:33
176469,AA Batteries (4-pack),1,3/18/2019 11:28
176470,AAA Batteries (4-pack),1,3/15/2019 0:33
176471,AA Batteries (4-pack),1,3/24/2019 13:27
176472,AAA Batteries (4-pack),3,3/6/2019 17:30
176473,Lightning Charging Cable,2,3/11/2019 12:00
176474,Lightning Charging Cable,1,3/9/2019 19:43
176475,Apple Airpods Headphones,1,3/1/2019 21:06
176476,USB-C Charging Cable,1,3/1/2019 9:39
176477,27in 4K Gaming Monitor,1,3/4/2019 13:13
176478,Apple Airpods Headphones,1,3/1/2019 14:37
176479,iPhone,1,3/29/2019 14:42
176480,27in 4K Gaming Monitor,1,3/14/2019 10:53
176481,AAA Batteries (4-pack),2,3/9/2019 12:48
176482,Bose SoundSport Headphones,1,3/12/2019 12:28
176483,Lightning Charging Cable,1,3/19/2019 23:12
176484,iPhone,1,3/17/2019 15:59
176484,Wired Headphones,1,3/17/2019 15:59
176485,Flatscreen TV,1,3/1/2019 22:25
176486,Bose SoundSport Headphones,1,3/2/2019 20:37
176486,Apple Airpods Headphones,1,3/2/2019 20:37
176487,iPhone,1,3/14/2019 14:46
176487,Lightning Charging Cable,1,3/14/2019 14:46
176488,Apple Airpods Headphones,1,3/30/2019 13:25
176489,Google Phone,1,3/10/2019 19:19
176490,USB-C Charging Cable,1,3/1/2019 7:06
176491,27in FHD Monitor,1,3/3/2019 19:02
176492,Apple Airpods Headphones,1,3/24/2019 21:30
176493,20in Monitor,1,3/19/2019 10:17
176494,USB-C Charging Cable,1,3/28/2019 19:51
176495,20in Monitor,1,3/19/2019 18:48
176496,AAA Batteries (4-pack),2,3/25/2019 12:22
176497,20in Monitor,1,3/12/2019 17:37
176498,27in 4K Gaming Monitor,1,3/8/2019 13:24
176499,AAA Batteries (4-pack),2,3/11/2019 19:56
176500,20in Monitor,1,3/15/2019 23:22
176501,Wired Headphones,2,3/8/2019 14:29
176502,20in Monitor,1,3/8/2019 21:31
176503,Bose SoundSport Headphones,1,3/15/2019 21:33
176504,27in FHD Monitor,1,3/1/2019 16:58
176505,Lightning Charging Cable,1,3/16/2019 16:55
176506,Bose SoundSport Headphones,1,3/11/2019 15:50
176507,USB-C Charging Cable,1,3/6/2019 14:18
176508,USB-C Charging Cable,1,3/14/2019 14:42
176509,Apple Airpods Headphones,1,3/27/2019 19:50
176510,Bose SoundSport Headphones,1,3/25/2019 16:14
176511,USB-C Charging Cable,1,3/31/2019 7:57
176512,Apple Airpods Headphones,1,3/12/2019 12:36
176513,USB-C Charging Cable,1,3/6/2019 21:08
176514,LG Washing Machine,1,3/13/2019 19:35
176515,Lightning Charging Cable,1,3/7/2019 19:00
176516,34in Ultrawide Monitor,1,3/27/2019 6:58
176517,AAA Batteries (4-pack),2,3/25/2019 2:25
176518,Bose SoundSport Headphones,1,3/20/2019 18:25
176519,27in 4K Gaming Monitor,1,3/26/2019 19:41
176520,AAA Batteries (4-pack),1,3/24/2019 22:12
176521,27in 4K Gaming Monitor,1,3/11/2019 12:58
176522,ThinkPad Laptop,1,3/6/2019 8:22
176523,USB-C Charging Cable,1,3/24/2019 19:30
176524,20in Monitor,1,3/26/2019 19:22
176525,AAA Batteries (4-pack),1,3/3/2019 13:37
176526,AAA Batteries (4-pack),2,3/25/2019 10:41
176527,USB-C Charging Cable,1,3/11/2019 14:29
176528,USB-C Charging Cable,1,3/23/2019 20:16
176529,AA Batteries (4-pack),1,3/4/2019 21:40
176530,34in Ultrawide Monitor,1,3/30/2019 19:17
176531,27in FHD Monitor,1,3/30/2019 10:21
176532,27in 4K Gaming Monitor,1,3/25/2019 21:46
176533,USB-C Charging Cable,1,3/31/2019 9:49
176534,Lightning Charging Cable,1,3/31/2019 13:06
176535,USB-C Charging Cable,1,3/23/2019 18:43
176536,Lightning Charging Cable,1,3/31/2019 17:31
176537,Apple Airpods Headphones,1,3/12/2019 7:33
176537,Apple Airpods Headphones,1,3/12/2019 7:33
176538,USB-C Charging Cable,1,3/13/2019 10:22
176539,AAA Batteries (4-pack),3,3/23/2019 9:46
176540,Lightning Charging Cable,1,3/23/2019 15:16
176541,Bose SoundSport Headphones,1,3/11/2019 17:44
176542,Apple Airpods Headphones,1,3/26/2019 15:34
176543,Flatscreen TV,1,3/9/2019 15:49
176544,Lightning Charging Cable,2,3/15/2019 11:08
176545,AAA Batteries (4-pack),2,3/21/2019 10:59
176546,Wired Headphones,1,3/21/2019 16:06
176547,Wired Headphones,2,3/1/2019 16:39
176548,AAA Batteries (4-pack),1,3/16/2019 15:36
176549,iPhone,1,3/20/2019 1:24
176550,Wired Headphones,1,3/1/2019 22:30
176551,LG Washing Machine,1,3/20/2019 23:49
176552,Apple Airpods Headphones,1,3/8/2019 14:07
176553,USB-C Charging Cable,1,3/2/2019 22:27
176554,Lightning Charging Cable,1,3/24/2019 11:14
176555,27in FHD Monitor,1,3/22/2019 20:27
176556,AAA Batteries (4-pack),3,3/14/2019 10:29
176557,iPhone,1,3/30/2019 12:32
176557,Lightning Charging Cable,1,3/30/2019 12:32
