Order ID,Product,Quantity Ordered,Order Date
141234,iPhone,1,1/22/2019 21:25
141235,Lightning Charging Cable,1,1/28/2019 14:15
141236,Wired Headphones,2,1/17/2019 13:33
141237,27in FHD Monitor,1,1/5/2019 20:33
141238,Wired Headphones,1,1/25/2019 11:59
141239,AAA Batteries (4-pack),1,1/29/2019 20:22
141240,27in 4K Gaming Monitor,1,1/26/2019 12:16
141241,USB-C Charging Cable,1,1/5/2019 12:04
141242,Bose SoundSport Headphones,1,1/1/2019 10:30
141243,Apple Airpods Headphones,1,1/22/2019 21:20
141244,Apple Airpods Headphones,1,1/7/2019 11:29
141245,Macbook Pro Laptop,1,1/31/2019 10:12
141246,AAA Batteries (4-pack),3,1/9/2019 18:57
141247,27in FHD Monitor,1,1/25/2019 19:19
141248,Flatscreen TV,1,1/3/2019 21:54
141249,27in FHD Monitor,1,1/5/2019 17:20
141250,Vareebadd Phone,1,1/10/2019 11:20
141251,Apple Airpods Headphones,1,1/24/2019 8:13
141252,USB-C Charging Cable,1,1/30/2019 9:28
141253,AA Batteries (4-pack),1,1/17/2019 0:09
141254,AAA Batteries (4-pack),1,1/8/2019 11:51
141255,USB-C Charging Cable,1,1/9/2019 20:55
141256,Google Phone,1,1/29/2019 10:40
141257,Apple Airpods Headphones,1,1/12/2019 18:51
141258,AA Batteries (4-pack),1,1/19/2019 21:47
141259,AAA Batteries (4-pack),2,1/20/2019 17:26
141260,AAA Batteries (4-pack),1,1/1/2019 22:00
141261,USB-C Charging Cable,1,1/9/2019 18:14
141262,AAA Batteries (4-pack),1,1/16/2019 12:35
141263,Bose SoundSport Headphones,1,1/11/2019 23:33
141264,Apple Airpods Headphones,1,1/3/2019 9:46
141265,Apple Airpods Headphones,1,1/1/2019 16:52
141266,27in 4K Gaming Monitor,1,1/2/2019 22:21
141267,Apple Airpods Headphones,1,1/9/2019 8:28
141268,AA Batteries (4-pack),1,1/14/2019 10:13
141269,27in 4K Gaming Monitor,1,1/3/2019 20:05
141270,Wired Headphones,1,1/27/2019 23:10
141271,USB-C Charging Cable,1,1/30/2019 10:51
141272,AAA Batteries (4-pack),1,1/12/2019 13:09
141273,Wired Headphones,2,1/29/2019 12:04
141274,USB-C Charging Cable,1,1/17/2019 11:30
141275,USB-C Charging Cable,1,1/7/2019 16:06
141275,Wired Headphones,1,1/7/2019 16:06
141276,Lightning Charging Cable,1,1/21/2019 22:23
141277,Bose SoundSport Headphones,1,1/13/2019 19:07
141278,Lightning Charging Cable,1,1/26/2019 12:14
141279,Lightning Charging Cable,1,1/3/2019 19:10
141280,AAA Batteries (4-pack),1,1/20/2019 16:10
141281,Lightning Charging Cable,1,1/5/2019 16:51
141282,Vareebadd Phone,1,1/11/2019 18:10
141283,Flatscreen TV,1,1/2/2019 16:16
141284,Wired Headphones,1,1/29/2019 18:30
141285,AAA Batteries (4-pack),3,1/14/2019 14:13
141286,27in 4K Gaming Monitor,1,1/2/2019 20:33
141287,Bose SoundSport Headphones,1,1/31/2019 8:38
141288,Macbook Pro Laptop,1,1/19/2019 8:17
141289,20in Monitor,1,1/28/2019 11:17
141290,Apple Airpods Headphones,1,1/2/2019 8:25
141290,AA Batteries (4-pack),3,1/2/2019 8:25
141291,AA Batteries (4-pack),1,1/26/2019 18:11
141292,AAA Batteries (4-pack),1,1/21/2019 8:46
141293,USB-C Charging Cable,1,1/18/2019 12:21
141294,Bose SoundSport Headphones,1,1/25/2019 8:12
141295,AA Batteries (4-pack),1,1/6/2019 20:06
141296,USB-C Charging Cable,1,1/20/2019 0:21
141297,Lightning Charging Cable,1,1/4/2019 11:09
141298,Lightning Charging Cable,1,1/21/2019 13:24
141299,AAA Batteries (4-pack),1,1/31/2019 23:23
141300,Apple Airpods Headphones,1,1/23/2019 10:21
141301,Apple Airpods Headphones,1,1/27/2019 11:58
141302,AAA Batteries (4-pack),2,1/18/2019 20:12
141303,AA Batteries (4-pack),1,1/19/2019 9:23
141304,USB-C Charging Cable,1,1/28/2019 13:10
141305,AAA Batteries (4-pack),3,1/27/2019 16:51
141306,Wired Headphones,1,1/19/2019 10:25
141307,AAA Batteries (4-pack),1,1/11/2019 11:18
141308,27in FHD Monitor,1,1/12/2019 12:00
141309,AAA Batteries (4-pack),2,1/20/2019 7:02
141310,AAA Batteries (4-pack),1,1/7/2019 13:32
141311,34in Ultrawide Monitor,1,1/28/2019 12:45
141312,Apple Airpods Headphones,1,1/8/2019 23:20
141313,Lightning Charging Cable,1,1/9/2019 15:03
141314,Macbook Pro Laptop,1,1/13/2019 23:51
141315,USB-C Charging Cable,1,1/10/2019 1:32
141316,AAA Batteries (4-pack),3,1/1/2019 7:26
141317,27in FHD Monitor,1,1/21/2019 11:18
141318,Bose SoundSport Headphones,1,1/9/2019 15:21
141319,Bose SoundSport Headphones,1,1/1/2019 10:43
141320,AA Batteries (4-pack),1,1/24/2019 13:37
141321,Bose SoundSport Headphones,1,1/10/2019 9:07
141322,AAA Batteries (4-pack),2,1/12/2019 21:56
141323,USB-C Charging Cable,1,1/17/2019 21:54
141324,USB-C Charging Cable,1,1/4/2019 23:36
141325,Bose SoundSport Headphones,1,1/23/2019 15:17
141326,Google Phone,1,1/5/2019 13:49
141327,USB-C Charging Cable,1,1/31/2019 1:38
141328,ThinkPad Laptop,1,1/6/2019 23:18
141329,USB-C Charging Cable,1,1/1/2019 16:01
141330,Wired Headphones,1,1/21/2019 13:04
141331,Flatscreen TV,1,1/9/2019 18:32
141332,USB-C Charging Cable,1,1/19/2019 18:52
141333,27in FHD Monitor,1,1/1/2019 13:58
141334,USB-C Charging Cable,1,1/15/2019 2:05
141335,AAA Batteries (4-pack),5,1/12/2019 18:16
141336,iPhone,1,1/9/2019 18:23
141337,Bose SoundSport Headphones,1,1/9/2019 9:22
141338,AAA Batteries (4-pack),1,1/29/2019 16:19
141339,AAA Batteries (4-pack),1,1/28/2019 12:52
141340,Lightning Charging Cable,1,1/27/2019 14:30
141341,LG Dryer,1,1/13/2019 10:09
141342,Wired Headphones,1,1/26/2019 21:13
141343,Bose SoundSport Headphones,1,1/24/2019 13:36
141344,Apple Airpods Headphones,1,1/20/2019 12:38
141345,USB-C Charging Cable,1,1/9/2019 13:55
141346,Apple Airpods Headphones,1,1/14/2019 13:59
141347,AA Batteries (4-pack),1,1/27/2019 17:46
141348,USB-C Charging Cable,2,1/26/2019 18:56
141349,Lightning Charging Cable,1,1/3/2019 20:51
141350,Lightning Charging Cable,1,1/1/2019 11:17
141351,USB-C Charging Cable,2,1/24/2019 17:02
141352,Lightning Charging Cable,1,1/11/2019 19:07
141353,USB-C Charging Cable,1,1/26/2019 10:35
141354,Bose SoundSport Headphones,1,1/3/2019 11:12
141355,27in 4K Gaming Monitor,1,1/18/2019 15:24
141356,Lightning Charging Cable,1,1/9/2019 17:32
141357,Lightning Charging Cable,1,1/23/2019 5:30
141358,Lightning Charging Cable,1,1/5/2019 15:31
141359,AAA Batteries (4-pack),2,1/9/2019 22:21
141360,Macbook Pro Laptop,1,1/17/2019 21:00
141361,Apple Airpods Headphones,2,1/23/2019 15:39
141362,Lightning Charging Cable,1,1/2/2019 22:17
141363,Wired Headphones,1,1/8/2019 6:24
141364,AA Batteries (4-pack),1,1/1/2019 7:46
141365,Vareebadd Phone,1,1/10/2019 11:19
141365,Wired Headphones,1,1/10/2019 11:19
141366,Flatscreen TV,1,1/17/2019 22:34
141367,27in 4K Gaming Monitor,1,1/9/2019 10:06
141368,USB-C Charging Cable,1,1/10/2019 21:39
141369,Lightning Charging Cable,1,1/21/2019 21:03
141370,AAA Batteries (4-pack),2,1/24/2019 20:53
141371,Lightning Charging Cable,1,1/23/2019 18:34
141372,AAA Batteries (4-pack),1,1/26/2019 10:07
141373,27in FHD Monitor,1,1/20/2019 13:08
141374,Wired Headphones,1,1/14/2019 10:12
141375,27in 4K Gaming Monitor,1,1/10/2019 13:51
141376,Wired Headphones,1,1/20/2019 14:57
141377,Wired Headphones,1,1/20/2019 15:12
141378,USB-C Charging Cable,1,1/22/2019 10:25
141379,AA Batteries (4-pack),1,1/25/2019 18:00
141380,USB-C Charging Cable,1,1/17/2019 18:45
141381,Bose SoundSport Headphones,1,1/3/2019 18:22
141382,AAA Batteries (4-pack),1,1/16/2019 13:50
141383,AAA Batteries (4-pack),1,1/8/2019 10:01
141384,Google Phone,1,1/3/2019 0:14
141384,USB-C Charging Cable,1,1/3/2019 0:14
141385,Macbook Pro Laptop,1,1/10/2019 12:59
141386,Lightning Charging Cable,1,1/8/2019 19:27
141387,AAA Batteries (4-pack),1,1/17/2019 11:12
141388,Lightning Charging Cable,1,1/22/2019 10:53
141389,AA Batteries (4-pack),1,1/26/2019 11:07
141390,Wired Headphones,1,1/26/2019 11:22
141391,Bose SoundSport Headphones,1,1/31/2019 10:02
141392,Apple Airpods Headphones,1,1/25/2019 13:51
141393,USB-C Charging Cable,1,1/18/2019 17:57
141394,iPhone,1,1/6/2019 16:54
141395,AAA Batteries (4-pack),1,1/29/2019 16:20
141396,USB-C Charging Cable,1,1/26/2019 14:10
141397,Lightning Charging Cable,1,1/13/2019 12:59
141398,AAA Batteries (4-pack),1,1/4/2019 16:31
141399,ThinkPad Laptop,1,1/17/2019 9:57
141400,Lightning Charging Cable,1,1/18/2019 18:09
141401,Apple Airpods Headphones,1,1/23/2019 12:50
141402,AAA Batteries (4-pack),1,1/7/2019 12:56
141403,Lightning Charging Cable,1,1/26/2019 16:41
141404,AA Batteries (4-pack),1,1/29/2019 20:06
141405,Wired Headphones,1,1/29/2019 11:00
141406,USB-C Charging Cable,1,1/28/2019 12:02
141407,Apple Airpods Headphones,1,1/1/2019 16:06
141408,Apple Airpods Headphones,1,1/7/2019 13:25
141409,Bose SoundSport Headphones,1,1/1/2019 21:49
141410,27in FHD Monitor,1,1/3/2019 22:02
141411,Wired Headphones,1,1/15/2019 5:35
141412,AA Batteries (4-pack),2,1/14/2019 17:16
141413,AA Batteries (4-pack),1,1/24/2019 17:54
141414,Google Phone,1,1/26/2019 3:38
141415,Wired Headphones,1,1/12/2019 19:02
141416,AAA Batteries (4-pack),1,1/2/2019 13:37
141417,Bose SoundSport Headphones,1,1/3/2019 8:21
141418,Apple Airpods Headphones,1,1/10/2019 12:48
141419,Wired Headphones,1,1/22/2019 11:53
141420,Lightning Charging Cable,2,1/9/2019 12:19
141421,Flatscreen TV,1,1/24/2019 13:18
141422,Apple Airpods Headphones,1,1/16/2019 22:23
141423,Lightning Charging Cable,2,1/6/2019 13:41
141424,Apple Airpods Headphones,1,1/13/2019 19:49
141425,Wired Headphones,1,1/19/2019 14:59
141426,Google Phone,1,1/12/2019 12:57
141427,USB-C Charging Cable,1,1/16/2019 14:44
141428,AA Batteries (4-pack),1,1/22/2019 10:06
141429,Apple Airpods Headphones,1,1/21/2019 6:04
141430,34in Ultrawide Monitor,1,1/23/2019 21:37
141431,USB-C Charging Cable,1,1/4/2019 7:16
141432,USB-C Charging Cable,1,1/18/2019 22:38
141433,Google Phone,1,1/15/2019 20:08
141434,27in 4K Gaming Monitor,1,1/13/2019 19:03
141435,USB-C Charging Cable,1,1/15/2019 10:55
141436,Bose SoundSport Headphones,1,1/3/2019 7:59
141437,iPhone,1,1/10/2019 15:40
141438,Wired Headphones,2,1/29/2019 17:36
141439,Flatscreen TV,1,1/9/2019 20:49
141440,Google Phone,1,1/31/2019 23:10
141441,AA Batteries (4-pack),1,1/20/2019 19:08
141442,Google Phone,1,1/6/2019 10:27
141443,Lightning Charging Cable,1,1/15/2019 19:22
141444,AAA Batteries (4-pack),1,1/22/2019 22:56
141445,USB-C Charging Cable,1,1/23/2019 21:37
141446,Bose SoundSport Headphones,1,1/16/2019 20:03
141447,AAA Batteries (4-pack),1,1/15/2019 21:14
141448,Bose SoundSport Headphones,1,1/7/2019 15:50
141449,USB-C Charging Cable,1,1/25/2019 15:41
141450,Google Phone,1,1/12/2019 11:16
141450,Bose SoundSport Headphones,1,1/12/2019 11:16
141451,AA Batteries (4-pack),1,1/18/2019 18:01
141452,Bose SoundSport Headphones,1,1/16/2019 13:37
141453,Macbook Pro Laptop,1,1/6/2019 13:09
141454,Bose SoundSport Headphones,1,1/12/2019 21:43
141455,Apple Airpods Headphones,1,1/6/2019 9:26
141456,AAA Batteries (4-pack),1,1/5/2019 13:28
141457,iPhone,1,1/9/2019 22:11
141457,Apple Airpods Headphones,1,1/9/2019 22:11
141458,iPhone,1,1/29/2019 1:12
141459,AAA Batteries (4-pack),1,1/7/2019 13:20
141460,iPhone,1,1/26/2019 17:29
141461,Lightning Charging Cable,1,1/2/2019 10:34
141462,Wired Headphones,1,1/30/2019 23:34
141463,Apple Airpods Headphones,1,1/22/2019 18:14
141464,AA Batteries (4-pack),2,1/31/2019 1:03
141465,Lightning Charging Cable,1,1/30/2019 11:24
141466,AAA Batteries (4-pack),2,1/24/2019 16:09
141467,Bose SoundSport Headphones,1,1/22/2019 19:48
141468,Flatscreen TV,1,1/7/2019 15:21
141469,Flatscreen TV,1,1/2/2019 7:44
141470,AAA Batteries (4-pack),1,1/9/2019 17:29
141471,Apple Airpods Headphones,1,1/17/2019 14:21
141472,iPhone,1,1/27/2019 7:05
141473,iPhone,1,1/11/2019 16:48
141474,Apple Airpods Headphones,1,1/17/2019 22:58
141475,Lightning Charging Cable,1,1/7/2019 8:41
141476,iPhone,1,1/6/2019 15:38
141477,AA Batteries (4-pack),1,1/20/2019 9:24
141478,Google Phone,1,1/26/2019 13:32
141478,Apple Airpods Headphones,1,1/26/2019 13:32
141479,Bose SoundSport Headphones,1,1/12/2019 19:24
141480,AA Batteries (4-pack),2,1/20/2019 12:32
141481,AA Batteries (4-pack),1,1/26/2019 22:19
141482,USB-C Charging Cable,1,1/28/2019 13:10
141483,Flatscreen TV,1,1/21/2019 15:57
141484,USB-C Charging Cable,1,1/29/2019 21:06
141485,27in 4K Gaming Monitor,1,1/7/2019 21:06
141486,USB-C Charging Cable,1,1/14/2019 13:29
141487,Bose SoundSport Headphones,1,1/19/2019 18:28
141488,Bose SoundSport Headphones,1,1/13/2019 14:33
141489,AAA Batteries (4-pack),2,1/4/2019 11:21
141490,27in FHD Monitor,1,1/24/2019 9:54
141491,Bose SoundSport Headphones,1,1/25/2019 11:10
141492,20in Monitor,1,1/18/2019 9:23
141493,34in Ultrawide Monitor,1,1/2/2019 11:26
141494,AA Batteries (4-pack),2,1/7/2019 0:40
141495,Macbook Pro Laptop,1,1/19/2019 18:02
141496,Wired Headphones,1,1/31/2019 16:21
141497,Wired Headphones,1,1/29/2019 18:07
141498,AA Batteries (4-pack),1,1/8/2019 7:31
141499,Google Phone,1,1/19/2019 15:17
141500,Google Phone,1,1/12/2019 11:56
141501,AA Batteries (4-pack),1,1/25/2019 12:38
141502,AA Batteries (4-pack),2,1/8/2019 20:07
141503,27in 4K Gaming Monitor,1,1/3/2019 19:54
141504,iPhone,1,1/13/2019 13:37
141505,27in 4K Gaming Monitor,1,1/5/2019 6:59
141506,Google Phone,1,1/24/2019 19:03
141507,Apple Airpods Headphones,1,1/19/2019 20:07
141508,USB-C Charging Cable,1,1/18/2019 19:11
141509,Lightning Charging Cable,1,1/16/2019 11:11
141510,Wired Headphones,2,1/16/2019 14:32
141511,27in 4K Gaming Monitor,1,1/14/2019 16:57
141512,Lightning Charging Cable,1,1/8/2019 20:12
141513,Apple Airpods Headphones,1,1/18/2019 22:22
141514,Google Phone,1,1/27/2019 21:26
141515,34in Ultrawide Monitor,1,1/12/2019 16:34
141516,LG Washing Machine,1,1/17/2019 19:53
141517,iPhone,1,1/13/2019 14:14
141518,Lightning Charging Cable,1,1/1/2019 11:41
141519,Lightning Charging Cable,1,1/18/2019 17:16
141520,iPhone,1,1/15/2019 11:24
141521,Wired Headphones,1,1/6/2019 11:19
141522,27in FHD Monitor,1,1/2/2019 23:35
141523,Google Phone,1,1/2/2019 13:17
141524,USB-C Charging Cable,1,1/11/2019 13:18
141525,AAA Batteries (4-pack),2,1/7/2019 4:31
141526,AA Batteries (4-pack),2,1/21/2019 22:12
141527,Apple Airpods Headphones,1,1/25/2019 18:52
141528,AAA Batteries (4-pack),3,1/11/2019 2:13
141529,Bose SoundSport Headphones,1,1/13/2019 12:55
141530,AAA Batteries (4-pack),1,1/19/2019 18:13
141531,Flatscreen TV,1,1/15/2019 18:03
141532,Lightning Charging Cable,1,1/12/2019 8:44
141533,34in Ultrawide Monitor,1,1/1/2019 13:34
141534,Bose SoundSport Headphones,1,1/5/2019 10:02
141535,Wired Headphones,1,1/3/2019 10:59
141536,AAA Batteries (4-pack),1,1/30/2019 16:35
141537,Lightning Charging Cable,1,1/6/2019 9:37
141538,27in FHD Monitor,1,1/12/2019 15:38
141539,27in FHD Monitor,1,1/16/2019 15:22
141540,Apple Airpods Headphones,1,1/10/2019 14:07
141541,AAA Batteries (4-pack),1,1/27/2019 22:39
141542,AA Batteries (4-pack),1,1/20/2019 18:33
141543,Lightning Charging Cable,1,1/25/2019 10:48
141544,Lightning Charging Cable,1,1/3/2019 18:32
141545,Google Phone,1,1/16/2019 20:17
141546,20in Monitor,1,1/22/2019 2:39
141547,USB-C Charging Cable,2,1/12/2019 10:26
141548,Lightning Charging Cable,1,1/11/2019 23:00
141549,27in FHD Monitor,1,1/15/2019 10:53
141550,iPhone,1,1/31/2019 10:58
141550,Apple Airpods Headphones,2,1/31/2019 10:58
141550,Wired Headphones,1,1/31/2019 10:58
141551,Lightning Charging Cable,2,1/19/2019 16:39
141552,Bose SoundSport Headphones,1,1/10/2019 10:40
141553,Bose SoundSport Headphones,1,1/27/2019 0:07
141554,USB-C Charging Cable,1,1/4/2019 12:57
141555,AAA Batteries (4-pack),3,1/15/2019 10:18
141556,USB-C Charging Cable,1,1/29/2019 10:07
141557,Lightning Charging Cable,1,1/23/2019 22:54
141558,27in 4K Gaming Monitor,1,1/1/2019 12:14
141559,Wired Headphones,1,1/26/2019 22:08
141560,34in Ultrawide Monitor,1,1/9/2019 13:34
141561,Wired Headphones,1,1/9/2019 17:19
141562,Bose SoundSport Headphones,1,1/29/2019 12:47
141563,USB-C Charging Cable,1,1/15/2019 15:52
141564,Apple Airpods Headphones,1,1/29/2019 11:03
141565,Wired Headphones,1,1/13/2019 6:05
141566,27in FHD Monitor,1,1/13/2019 18:41
141567,Lightning Charging Cable,1,1/9/2019 20:37
141568,ThinkPad Laptop,1,1/26/2019 20:30
141569,Macbook Pro Laptop,1,1/11/2019 11:15
141570,USB-C Charging Cable,1,1/11/2019 16:49
141571,Lightning Charging Cable,1,1/21/2019 23:01
141572,AAA Batteries (4-pack),1,1/13/2019 23:51
141573,Lightning Charging Cable,1,1/4/2019 17:39
141574,Lightning Charging Cable,1,1/19/2019 16:56
141575,USB-C Charging Cable,1,1/7/2019 10:42
141576,Apple Airpods Headphones,1,1/5/2019 20:21
141577,Flatscreen TV,1,1/30/2019 20:19
141578,Bose SoundSport Headphones,1,1/24/2019 5:51
141579,Lightning Charging Cable,1,1/23/2019 16:11
141580,AA Batteries (4-pack),1,1/28/2019 11:02
141581,Apple Airpods Headphones,1,1/28/2019 20:50
141582,iPhone,1,1/15/2019 1:45
141583,USB-C Charging Cable,1,1/30/2019 12:48
141584,Macbook Pro Laptop,1,1/14/2019 16:51
141585,AA Batteries (4-pack),2,1/11/2019 10:04
141586,Lightning Charging Cable,1,1/26/2019 20:16
141587,USB-C Charging Cable,1,1/29/2019 15:14
141587,Apple Airpods Headphones,1,1/29/2019 15:14
141588,AA Batteries (4-pack),1,1/3/2019 1:43
141589,Wired Headphones,1,1/10/2019 13:56
141590,Bose SoundSport Headphones,1,1/5/2019 16:40
141591,ThinkPad Laptop,1,1/27/2019 23:59
141592,AA Batteries (4-pack),2,1/5/2019 11:30
141593,Bose SoundSport Headphones,1,1/9/2019 14:26
141594,AAA Batteries (4-pack),1,1/30/2019 12:09
141595,ThinkPad Laptop,1,1/27/2019 14:36
141596,Lightning Charging Cable,1,1/1/2019 17:30
141597,AAA Batteries (4-pack),2,1/28/2019 12:38
141598,20in Monitor,1,1/12/2019 13:28
141599,AAA Batteries (4-pack),1,1/17/2019 11:59
141600,AAA Batteries (4-pack),2,1/27/2019 9:08
141601,Lightning Charging Cable,1,1/7/2019 19:45
141602,27in FHD Monitor,1,1/13/2019 20:17
141603,Wired Headphones,1,1/24/2019 10:54
141604,27in FHD Monitor,1,1/1/2019 23:58
141605,Wired Headphones,1,1/10/2019 19:52
141606,Lightning Charging Cable,1,1/2/2019 1:26
141607,AA Batteries (4-pack),2,1/27/2019 20:18
141608,Lightning Charging Cable,1,1/14/2019 17:47
141609,Apple Airpods Headphones,1,1/4/2019 14:05
141610,Lightning Charging Cable,1,1/29/2019 16:55
141611,Apple Airpods Headphones,1,1/27/2019 18:29
141612,Apple Airpods Headphones,1,1/24/2019 10:33
141613,AAA Batteries (4-pack),1,1/1/2019 10:21
141614,AA Batteries (4-pack),1,1/9/2019 13:03
141615,Wired Headphones,1,1/24/2019 18:39
141616,AA Batteries (4-pack),1,1/24/2019 0:56
141617,Wired Headphones,1,1/26/2019 2:00
141618,Bose SoundSport Headphones,1,1/9/2019 11:07
141619,27in FHD Monitor,1,1/12/2019 20:15
141620,AAA Batteries (4-pack),3,1/9/2019 10:56
141621,AAA Batteries (4-pack),1,1/12/2019 9:49
141622,USB-C Charging Cable,1,1/27/2019 12:46
141623,Google Phone,1,1/6/2019 14:21
141624,USB-C Charging Cable,1,1/18/2019 21:07
141625,AAA Batteries (4-pack),4,1/29/2019 8:48
141626,Apple Airpods Headphones,1,1/24/2019 8:19
141627,Flatscreen TV,1,1/16/2019 10:02
141628,AA Batteries (4-pack),1,1/20/2019 13:03
141629,27in FHD Monitor,1,1/27/2019 12:22
141630,USB-C Charging Cable,1,1/20/2019 17:28
141631,Lightning Charging Cable,1,1/15/2019 7:54
141632,iPhone,1,1/21/2019 5:00
141633,AA Batteries (4-pack),1,1/12/2019 20:41
141634,AAA Batteries (4-pack),1,1/20/2019 18:23
141635,Wired Headphones,1,1/13/2019 7:20
141636,Apple Airpods Headphones,1,1/9/2019 10:24
141637,AA Batteries (4-pack),2,1/4/2019 17:48
141638,AAA Batteries (4-pack),2,1/5/2019 8:07
141639,ThinkPad Laptop,1,1/23/2019 16:39
141640,Macbook Pro Laptop,1,1/2/2019 1:27
141641,20in Monitor,1,1/30/2019 11:12
141642,AAA Batteries (4-pack),1,1/4/2019 19:21
141643,Bose SoundSport Headphones,1,1/29/2019 21:41
141644,AAA Batteries (4-pack),1,1/1/2019 14:21
141645,Lightning Charging Cable,1,1/30/2019 15:30
141645,Wired Headphones,1,1/30/2019 15:30
141646,Lightning Charging Cable,1,1/1/2019 20:59
141647,20in Monitor,1,1/1/2019 14:36
141648,Google Phone,1,1/3/2019 16:55
141649,Lightning Charging Cable,1,1/30/2019 15:16
141650,AAA Batteries (4-pack),2,1/22/2019 12:28
141651,AA Batteries (4-pack),1,1/24/2019 8:33
141652,Lightning Charging Cable,1,1/5/2019 21:58
141653,AA Batteries (4-pack),1,1/28/2019 23:47
141654,AA Batteries (4-pack),1,1/23/2019 14:48
141655,Wired Headphones,1,1/16/2019 13:38
141656,Apple Airpods Headphones,1,1/2/2019 10:40
141657,AAA Batteries (4-pack),1,1/13/2019 20:36
141658,AA Batteries (4-pack),1,1/26/2019 23:47
141659,Macbook Pro Laptop,1,1/28/2019 15:52
141660,USB-C Charging Cable,1,1/11/2019 13:57
141661,USB-C Charging Cable,1,1/5/2019 1:25
141662,AAA Batteries (4-pack),1,1/16/2019 13:06
141663,iPhone,1,1/1/2019 11:01
141664,Google Phone,1,1/8/2019 16:40
141665,27in 4K Gaming Monitor,1,1/23/2019 18:55
141666,AA Batteries (4-pack),2,1/16/2019 16:22
141667,Lightning Charging Cable,3,1/23/2019 15:14
141668,Lightning Charging Cable,1,1/15/2019 14:18
141669,27in 4K Gaming Monitor,1,1/29/2019 15:43
141670,iPhone,1,1/31/2019 12:52
141671,AAA Batteries (4-pack),2,1/29/2019 12:25
141672,Wired Headphones,1,1/27/2019 23:05
141673,USB-C Charging Cable,1,1/27/2019 19:23
141674,AAA Batteries (4-pack),1,1/28/2019 6:28
141675,USB-C Charging Cable,3,1/4/2019 10:09
141676,Vareebadd Phone,1,1/13/2019 11:41
141677,27in FHD Monitor,1,1/3/2019 18:50
141678,Apple Airpods Headphones,1,1/8/2019 20:27
141679,34in Ultrawide Monitor,1,1/3/2019 19:55
141680,USB-C Charging Cable,2,1/14/2019 14:03
141681,AA Batteries (4-pack),1,1/3/2019 21:53
141682,34in Ultrawide Monitor,1,1/24/2019 7:03
141683,AAA Batteries (4-pack),1,1/27/2019 16:18
141684,27in 4K Gaming Monitor,1,1/29/2019 9:43
141685,Wired Headphones,1,1/14/2019 0:38
141686,Apple Airpods Headphones,1,1/22/2019 13:25
141687,AA Batteries (4-pack),1,1/17/2019 19:12
141688,AA Batteries (4-pack),1,1/20/2019 11:32
141689,34in Ultrawide Monitor,1,1/9/2019 13:56
141690,Macbook Pro Laptop,1,1/14/2019 23:02
141691,34in Ultrawide Monitor,1,1/18/2019 18:34
141692,Bose SoundSport Headphones,1,1/27/2019 19:46
141693,Wired Headphones,1,1/7/2019 22:01
141694,Wired Headphones,1,1/12/2019 15:43
141695,AAA Batteries (4-pack),1,1/29/2019 21:20
141696,Vareebadd Phone,1,1/15/2019 22:33
141697,Lightning Charging Cable,1,1/16/2019 5:50
141698,27in 4K Gaming Monitor,1,1/6/2019 19:56
141699,USB-C Charging Cable,1,1/28/2019 8:13
141700,Apple Airpods Headphones,1,1/2/2019 12:00
141701,Macbook Pro Laptop,1,1/18/2019 19:33
141702,iPhone,1,1/27/2019 18:33
141703,iPhone,1,1/29/2019 11:04
141704,27in 4K Gaming Monitor,1,1/31/2019 19:56
141705,Apple Airpods Headphones,1,1/1/2019 14:15
141706,USB-C Charging Cable,1,1/19/2019 13:38
141707,AA Batteries (4-pack),1,1/13/2019 0:53
141708,Wired Headphones,1,1/22/2019 9:31
141709,Google Phone,1,1/24/2019 23:45
141710,USB-C Charging Cable,1,1/23/2019 0:00
141711,USB-C Charging Cable,1,1/18/2019 13:11
141712,AA Batteries (4-pack),1,1/7/2019 12:12
141713,USB-C Charging Cable,1,1/25/2019 13:49
141714,USB-C Charging Cable,1,1/27/2019 20:27
141715,Bose SoundSport Headphones,1,1/22/2019 0:30
141716,Bose SoundSport Headphones,1,1/17/2019 9:58
141717,AAA Batteries (4-pack),1,1/31/2019 17:15
141718,Google Phone,1,1/16/2019 15:02
141719,27in 4K Gaming Monitor,1,1/10/2019 13:34
141720,USB-C Charging Cable,1,1/25/2019 19:58
141721,AA Batteries (4-pack),1,1/11/2019 12:03
141722,Macbook Pro Laptop,1,1/6/2019 14:06
141723,Wired Headphones,1,1/14/2019 22:05
141724,Lightning Charging Cable,1,1/6/2019 18:43
141725,Wired Headphones,1,1/9/2019 18:16
141726,USB-C Charging Cable,1,1/20/2019 7:13
141727,Lightning Charging Cable,2,1/31/2019 13:38
141728,AAA Batteries (4-pack),1,1/14/2019 0:00
141729,Wired Headphones,1,1/9/2019 11:01
141730,Lightning Charging Cable,1,1/23/2019 16:23
141731,Macbook Pro Laptop,1,1/29/2019 19:24
141732,iPhone,1,1/1/2019 6:13
141733,27in 4K Gaming Monitor,1,1/24/2019 12:38
141734,Bose SoundSport Headphones,1,1/29/2019 15:48
141735,34in Ultrawide Monitor,1,1/25/2019 12:34
141736,USB-C Charging Cable,1,1/18/2019 12:47
141737,ThinkPad Laptop,1,1/2/2019 8:37
141738,iPhone,1,1/14/2019 20:53
141738,Lightning Charging Cable,1,1/14/2019 20:53
141739,AA Batteries (4-pack),1,1/27/2019 10:55
141740,AA Batteries (4-pack),1,1/12/2019 22:42
141741,Bose SoundSport Headphones,1,1/19/2019 18:56
141742,USB-C Charging Cable,1,1/20/2019 10:29
141743,USB-C Charging Cable,1,1/18/2019 10:44
141744,Apple Airpods Headphones,1,1/10/2019 15:55
141745,AAA Batteries (4-pack),2,1/19/2019 0:24
141746,Lightning Charging Cable,2,1/14/2019 21:39
141747,27in FHD Monitor,1,1/12/2019 5:12
141748,Apple Airpods Headphones,1,1/9/2019 9:46
141749,Flatscreen TV,1,1/24/2019 15:16
141750,27in FHD Monitor,1,1/23/2019 16:46
141751,27in 4K Gaming Monitor,1,1/8/2019 13:27
141752,Lightning Charging Cable,1,1/18/2019 23:13
141753,USB-C Charging Cable,2,1/15/2019 19:30
141754,Apple Airpods Headphones,2,1/2/2019 23:09
141755,AA Batteries (4-pack),3,1/2/2019 20:12
141756,Bose SoundSport Headphones,1,1/19/2019 21:53
141757,27in FHD Monitor,1,1/13/2019 14:47
141758,Wired Headphones,1,1/21/2019 15:21
141759,AAA Batteries (4-pack),1,1/2/2019 19:18
141760,Vareebadd Phone,1,1/21/2019 11:09
141761,Lightning Charging Cable,1,1/11/2019 19:02
141762,Bose SoundSport Headphones,1,1/28/2019 17:52
141763,27in FHD Monitor,2,1/5/2019 2:51
141764,USB-C Charging Cable,1,1/4/2019 17:43
141765,Lightning Charging Cable,1,1/24/2019 12:23
141766,LG Washing Machine,1,1/16/2019 21:08
141767,20in Monitor,1,1/23/2019 22:30
141768,USB-C Charging Cable,1,1/14/2019 11:50
141769,AA Batteries (4-pack),2,1/21/2019 10:53
141770,Wired Headphones,1,1/4/2019 19:50
141771,Lightning Charging Cable,1,1/11/2019 19:00
141772,Apple Airpods Headphones,1,1/30/2019 8:16
141773,USB-C Charging Cable,1,1/30/2019 16:09
141774,Bose SoundSport Headphones,1,1/2/2019 22:11
141775,USB-C Charging Cable,1,1/7/2019 17:15
141776,Lightning Charging Cable,1,1/21/2019 19:20
141777,USB-C Charging Cable,1,1/14/2019 19:43
141778,Lightning Charging Cable,1,1/27/2019 5:25
141779,Lightning Charging Cable,1,1/2/2019 11:23
141780,Wired Headphones,1,1/20/2019 20:15
141781,Apple Airpods Headphones,1,1/20/2019 7:07
141782,27in FHD Monitor,1,1/11/2019 21:13
141782,Bose SoundSport Headphones,1,1/11/2019 21:13
141783,Bose SoundSport Headphones,1,1/27/2019 17:48
141784,27in 4K Gaming Monitor,1,1/7/2019 11:54
141785,Apple Airpods Headphones,1,1/20/2019 18:27
141786,Macbook Pro Laptop,1,1/27/2019 12:58
141787,Apple Airpods Headphones,1,1/15/2019 21:11
141788,AA Batteries (4-pack),2,1/23/2019 14:39
141789,Google Phone,1,1/1/2019 20:13
141789,USB-C Charging Cable,2,1/1/2019 20:13
141790,AAA Batteries (4-pack),1,1/9/2019 15:27
141791,USB-C Charging Cable,1,1/16/2019 10:36
141792,USB-C Charging Cable,1,1/8/2019 22:13
141793,AA Batteries (4-pack),1,1/19/2019 11:01
141794,Bose SoundSport Headphones,1,1/24/2019 10:49
141795,iPhone,1,1/19/2019 20:31
141795,Wired Headphones,1,1/19/2019 20:31
141796,AAA Batteries (4-pack),1,1/23/2019 20:28
141797,27in FHD Monitor,1,1/2/2019 10:29
141798,20in Monitor,1,1/18/2019 7:48
141799,AA Batteries (4-pack),1,1/2/2019 20:10
141800,27in FHD Monitor,1,1/26/2019 12:11
141801,USB-C Charging Cable,1,1/21/2019 17:24
141802,Flatscreen TV,1,1/9/2019 6:09
141803,27in 4K Gaming Monitor,1,1/2/2019 9:53
141804,Bose SoundSport Headphones,1,1/23/2019 19:52
141805,Bose SoundSport Headphones,1,1/18/2019 8:36
141806,27in 4K Gaming Monitor,1,1/26/2019 23:02
141807,Vareebadd Phone,1,1/11/2019 20:23
141808,Lightning Charging Cable,1,1/10/2019 18:36
141809,Google Phone,1,1/8/2019 15:38
141809,USB-C Charging Cable,1,1/8/2019 15:38
141810,Lightning Charging Cable,1,1/16/2019 12:23
141811,AAA Batteries (4-pack),1,1/3/2019 20:47
141812,AA Batteries (4-pack),1,1/19/2019 22:03
141813,USB-C Charging Cable,1,1/10/2019 10:03
141814,20in Monitor,1,1/8/2019 15:32
141815,AAA Batteries (4-pack),2,1/22/2019 10:50
141816,34in Ultrawide Monitor,1,1/9/2019 9:22
141817,LG Dryer,1,1/4/2019 9:03
141818,AA Batteries (4-pack),1,1/6/2019 6:53
141819,AAA Batteries (4-pack),2,1/26/2019 22:06
141820,Lightning Charging Cable,1,1/21/2019 17:53
141821,USB-C Charging Cable,1,1/21/2019 12:24
141822,Lightning Charging Cable,1,1/9/2019 18:53
141823,USB-C Charging Cable,1,1/27/2019 17:30
141824,Wired Headphones,1,1/14/2019 12:34
141825,Lightning Charging Cable,1,1/16/2019 13:02
141826,Lightning Charging Cable,1,1/25/2019 21:34
141827,20in Monitor,1,1/18/2019 21:33
141828,AA Batteries (4-pack),1,1/13/2019 11:05
141829,Flatscreen TV,1,1/15/2019 12:41
141830,USB-C Charging Cable,1,1/24/2019 8:24
141831,Bose SoundSport Headphones,1,1/23/2019 2:42
141832,34in Ultrawide Monitor,1,1/3/2019 19:01
141833,34in Ultrawide Monitor,1,1/11/2019 21:16
141834,27in FHD Monitor,1,1/5/2019 12:07
141835,Flatscreen TV,1,1/23/2019 20:33
141836,AAA Batteries (4-pack),2,1/10/2019 22:46
141837,Bose SoundSport Headphones,1,1/11/2019 8:57
141838,Wired Headphones,1,1/15/2019 15:07
141839,USB-C Charging Cable,1,1/5/2019 10:47
141840,USB-C Charging Cable,1,1/24/2019 23:40
141841,Bose SoundSport Headphones,1,1/10/2019 20:43
141842,Bose SoundSport Headphones,1,1/19/2019 14:11
141843,AA Batteries (4-pack),1,1/10/2019 9:59
141843,AAA Batteries (4-pack),1,1/10/2019 9:59
141844,Lightning Charging Cable,1,1/21/2019 20:45
141845,AAA Batteries (4-pack),1,1/24/2019 23:20
141846,AA Batteries (4-pack),1,1/10/2019 9:03
141847,Bose SoundSport Headphones,1,1/8/2019 15:52
141848,USB-C Charging Cable,1,1/12/2019 16:47
141849,Bose SoundSport Headphones,1,1/15/2019 6:28
141850,AAA Batteries (4-pack),1,1/28/2019 18:44
141851,27in FHD Monitor,1,1/20/2019 10:43
141852,USB-C Charging Cable,1,1/9/2019 20:04
141853,Apple Airpods Headphones,1,1/11/2019 12:32
141854,20in Monitor,1,1/3/2019 12:55
141855,ThinkPad Laptop,1,1/1/2019 15:01
141856,Lightning Charging Cable,1,1/10/2019 12:38
141857,Bose SoundSport Headphones,1,1/10/2019 0:35
141858,USB-C Charging Cable,1,1/10/2019 19:57
141859,AA Batteries (4-pack),1,1/24/2019 6:38
141860,ThinkPad Laptop,1,1/8/2019 15:17
141861,27in FHD Monitor,1,1/15/2019 20:15
141862,Wired Headphones,1,1/12/2019 11:02
141863,AAA Batteries (4-pack),1,1/26/2019 16:21
141864,27in 4K Gaming Monitor,1,1/18/2019 22:08
141865,Wired Headphones,2,1/25/2019 22:16
141866,Bose SoundSport Headphones,1,1/27/2019 13:57
141867,Apple Airpods Headphones,1,1/29/2019 13:58
141868,Wired Headphones,1,1/31/2019 20:56
141869,20in Monitor,1,1/25/2019 11:13
141870,AA Batteries (4-pack),2,1/25/2019 22:23
141871,Lightning Charging Cable,1,1/5/2019 6:28
141872,34in Ultrawide Monitor,1,1/19/2019 12:46
141873,34in Ultrawide Monitor,1,1/19/2019 19:12
141874,Lightning Charging Cable,1,1/29/2019 20:04
141875,AA Batteries (4-pack),1,1/26/2019 14:00
141876,Apple Airpods Headphones,1,1/13/2019 11:16
141877,USB-C Charging Cable,1,1/1/2019 15:49
141878,Apple Airpods Headphones,1,1/17/2019 16:06
141879,AA Batteries (4-pack),1,1/20/2019 20:03
141880,AAA Batteries (4-pack),2,1/31/2019 1:21
,,,
141881,AAA Batteries (4-pack),7,1/19/2019 16:36
141882,AA Batteries (4-pack),1,1/8/2019 22:08
141883,AA Batteries (4-pack),1,1/15/2019 21:42
141884,Google Phone,1,1/8/2019 10:18
141885,Wired Headphones,1,1/2/2019 13:18
141886,iPhone,1,1/10/2019 6:37
141887,AAA Batteries (4-pack),2,1/13/2019 13:41
141888,iPhone,1,1/9/2019 11:01
141889,34in Ultrawide Monitor,1,1/12/2019 13:03
141890,Lightning Charging Cable,1,1/21/2019 8:05
141891,USB-C Charging Cable,1,1/31/2019 22:14
141892,AA Batteries (4-pack),2,1/6/2019 10:07
141893,AA Batteries (4-pack),1,1/23/2019 16:19
,,,
141894,Apple Airpods Headphones,1,1/12/2019 14:20
141895,AA Batteries (4-pack),3,1/18/2019 17:37
141896,AA Batteries (4-pack),1,1/20/2019 21:38
141897,Google Phone,1,1/6/2019 20:16
141898,Flatscreen TV,1,1/15/2019 13:17
141899,AAA Batteries (4-pack),2,1/12/2019 22:33
141900,Vareebadd Phone,1,1/18/2019 9:53
141900,USB-C Charging Cable,1,1/18/2019 9:53
141900,Wired Headphones,1,1/18/2019 9:53
141901,Google Phone,1,1/26/2019 22:12
141901,USB-C Charging Cable,1,1/26/2019 22:12
141902,Wired Headphones,1,1/6/2019 13:43
141903,ThinkPad Laptop,1,1/30/2019 20:01
141904,Apple Airpods Headphones,1,1/9/2019 18:03
141905,USB-C Charging Cable,1,1/2/2019 7:10
141906,AAA Batteries (4-pack),2,1/26/2019 14:27
141907,USB-C Charging Cable,1,1/13/2019 17:46
141908,Apple Airpods Headphones,1,1/27/2019 23:33
141909,AA Batteries (4-pack),2,1/17/2019 16:29
141910,Vareebadd Phone,1,1/19/2019 10:52
141910,Wired Headphones,1,1/19/2019 10:52
141911,Lightning Charging Cable,1,1/20/2019 14:35
141912,Apple Airpods Headphones,1,1/23/2019 19:41
141913,AAA Batteries (4-pack),1,1/27/2019 11:35
141914,Bose SoundSport Headphones,1,1/5/2019 15:01
141915,AAA Batteries (4-pack),2,1/28/2019 16:51
141916,Wired Headphones,1,1/26/2019 14:03
141917,AAA Batteries (4-pack),1,1/16/2019 19:54
141918,Bose SoundSport Headphones,1,1/21/2019 17:04
141919,Wired Headphones,1,1/2/2019 12:55
141920,Wired Headphones,1,1/23/2019 18:39
141921,Lightning Charging Cable,1,1/7/2019 2:22
141922,AA Batteries (4-pack),1,1/10/2019 11:05
141923,Lightning Charging Cable,1,1/20/2019 21:26
141924,USB-C Charging Cable,1,1/9/2019 10:47
141925,Lightning Charging Cable,1,1/17/2019 10:24
141926,20in Monitor,2,1/23/2019 22:09
141927,27in FHD Monitor,1,1/31/2019 21:37
141928,Apple Airpods Headphones,1,1/6/2019 14:01
141929,AA Batteries (4-pack),2,1/2/2019 14:42
141930,20in Monitor,1,1/18/2019 14:21
141931,USB-C Charging Cable,1,1/2/2019 13:31
141932,Lightning Charging Cable,1,1/24/2019 18:49
141933,Wired Headphones,1,1/17/2019 16:31
141934,Flatscreen TV,1,1/19/2019 15:56
141935,34in Ultrawide Monitor,1,1/17/2019 20:12
141936,Lightning Charging Cable,1,1/27/2019 17:04
141937,USB-C Charging Cable,1,1/2/2019 8:31
141938,Macbook Pro Laptop,1,1/16/2019 16:34
141939,34in Ultrawide Monitor,1,1/11/2019 14:36
141939,Lightning Charging Cable,1,1/11/2019 14:36
141940,Bose SoundSport Headphones,1,1/14/2019 16:19
141941,20in Monitor,1,1/27/2019 10:50
141942,AAA Batteries (4-pack),1,1/6/2019 12:24
141943,Lightning Charging Cable,1,1/10/2019 23:06
141944,20in Monitor,1,1/31/2019 18:04
141945,USB-C Charging Cable,1,1/26/2019 14:12
141946,USB-C Charging Cable,1,1/11/2019 17:24
141946,Wired Headphones,1,1/11/2019 17:24
141947,Lightning Charging Cable,1,1/17/2019 11:05
141947,Bose SoundSport Headphones,1,1/17/2019 11:05
141948,27in FHD Monitor,1,1/24/2019 14:04
141949,USB-C Charging Cable,1,1/7/2019 6:43
141950,AAA Batteries (4-pack),1,1/1/2019 19:54
141951,ThinkPad Laptop,1,1/16/2019 6:54
141952,Lightning Charging Cable,1,1/4/2019 21:13
141953,Macbook Pro Laptop,1,1/11/2019 10:03
141954,Google Phone,1,1/28/2019 17:05
141955,Lightning Charging Cable,1,1/26/2019 15:04
141956,Flatscreen TV,1,1/18/2019 17:55
141957,USB-C Charging Cable,2,1/25/2019 20:06
141958,Lightning Charging Cable,1,1/16/2019 15:23
141959,Wired Headphones,1,1/26/2019 20:31
141960,AA Batteries (4-pack),3,1/12/2019 18:02
141961,iPhone,1,1/12/2019 17:39
141962,AA Batteries (4-pack),1,1/30/2019 11:47
141963,Bose SoundSport Headphones,1,1/24/2019 11:13
141964,AA Batteries (4-pack),1,1/21/2019 12:36
141965,Google Phone,1,1/9/2019 13:55
141965,Wired Headphones,1,1/9/2019 13:55
141966,Lightning Charging Cable,1,1/15/2019 17:43
141967,iPhone,1,1/25/2019 12:02
141967,Wired Headphones,1,1/25/2019 12:02
141968,Flatscreen TV,1,1/15/2019 19:50
141969,27in FHD Monitor,1,1/15/2019 22:50
141970,Apple Airpods Headphones,1,1/5/2019 13:06
141970,Lightning Charging Cable,1,1/5/2019 13:06
141971,34in Ultrawide Monitor,1,1/19/2019 7:00
141972,Google Phone,1,1/24/2019 15:25
141972,iPhone,1,1/24/2019 15:25
141973,AAA Batteries (4-pack),1,1/23/2019 7:37
141974,AAA Batteries (4-pack),1,1/23/2019 20:54
141975,AA Batteries (4-pack),1,1/18/2019 21:53
141976,USB-C Charging Cable,1,1/15/2019 9:41
141977,27in FHD Monitor,1,1/9/2019 4:01
141978,Wired Headphones,1,1/26/2019 13:02
141979,Flatscreen TV,1,1/8/2019 20:21
141980,Bose SoundSport Headphones,1,1/5/2019 21:57
141981,20in Monitor,1,1/2/2019 22:10
141982,27in FHD Monitor,1,1/11/2019 15:57
141983,27in 4K Gaming Monitor,1,1/5/2019 17:27
141984,Vareebadd Phone,1,1/23/2019 16:48
141985,Apple Airpods Headphones,1,1/26/2019 19:48
141986,Lightning Charging Cable,1,1/31/2019 14:21
141987,Google Phone,1,1/29/2019 16:56
141988,Bose SoundSport Headphones,1,1/17/2019 11:28
141989,Bose SoundSport Headphones,1,1/15/2019 11:36
141990,USB-C Charging Cable,1,1/18/2019 0:39
141991,AAA Batteries (4-pack),2,1/1/2019 19:51
141992,Bose SoundSport Headphones,1,1/2/2019 22:27
141993,iPhone,1,1/6/2019 9:19
141993,Wired Headphones,1,1/6/2019 9:19
141994,Lightning Charging Cable,1,1/2/2019 8:47
141995,AA Batteries (4-pack),1,1/11/2019 10:49
141996,Lightning Charging Cable,1,1/20/2019 20:53
141997,27in FHD Monitor,1,1/26/2019 12:55
141998,AAA Batteries (4-pack),3,1/26/2019 19:19
141999,27in FHD Monitor,1,1/24/2019 8:21
,,,
142000,27in 4K Gaming Monitor,1,1/23/2019 10:54
142001,AAA Batteries (4-pack),1,1/29/2019 16:58
142002,27in FHD Monitor,1,1/20/2019 21:45
142003,Lightning Charging Cable,1,1/19/2019 17:52
142004,Bose SoundSport Headphones,1,1/4/2019 9:04
142005,USB-C Charging Cable,1,1/6/2019 23:13
142006,Bose SoundSport Headphones,1,1/23/2019 13:46
142007,27in FHD Monitor,1,1/3/2019 12:54
142008,Wired Headphones,1,1/21/2019 15:57
142009,iPhone,1,1/15/2019 13:59
142010,iPhone,1,1/4/2019 6:28
142010,Lightning Charging Cable,1,1/4/2019 6:28
142011,Apple Airpods Headphones,1,1/18/2019 9:36
142012,AAA Batteries (4-pack),2,1/27/2019 13:42
142013,Bose SoundSport Headphones,1,1/8/2019 18:02
142014,Macbook Pro Laptop,1,1/2/2019 20:41
142015,Apple Airpods Headphones,1,1/1/2019 13:26
142016,AAA Batteries (4-pack),2,1/13/2019 21:47
142017,27in 4K Gaming Monitor,1,1/22/2019 14:17
142018,USB-C Charging Cable,1,1/9/2019 16:38
142019,Lightning Charging Cable,1,1/3/2019 19:58
142020,USB-C Charging Cable,1,1/10/2019 8:33
142021,Lightning Charging Cable,1,1/7/2019 9:39
142022,AA Batteries (4-pack),1,1/27/2019 9:14
142023,20in Monitor,1,1/29/2019 20:02
142023,Wired Headphones,1,1/29/2019 20:02
142024,AAA Batteries (4-pack),1,1/26/2019 13:22
142025,Flatscreen TV,1,1/15/2019 0:06
142026,Google Phone,1,1/18/2019 17:41
142027,Wired Headphones,1,1/28/2019 17:32
142028,AA Batteries (4-pack),1,1/9/2019 12:44
142029,20in Monitor,1,1/8/2019 12:39
142030,AAA Batteries (4-pack),1,1/2/2019 13:45
142031,AA Batteries (4-pack),1,1/9/2019 23:38
142032,Flatscreen TV,1,1/14/2019 9:14
142033,Apple Airpods Headphones,1,1/26/2019 19:25
142034,Apple Airpods Headphones,1,1/16/2019 10:27
142035,iPhone,1,1/17/2019 11:06
142036,ThinkPad Laptop,1,1/26/2019 19:20
142037,iPhone,1,1/11/2019 21:48
142037,Apple Airpods Headphones,1,1/11/2019 21:48
142038,AAA Batteries (4-pack),3,1/7/2019 8:07
142039,Google Phone,1,1/31/2019 16:13
142039,USB-C Charging Cable,3,1/31/2019 16:13
142040,Lightning Charging Cable,1,1/30/2019 20:38
142041,Lightning Charging Cable,1,1/9/2019 12:09
142042,Lightning Charging Cable,2,1/7/2019 21:48
142043,Flatscreen TV,1,1/22/2019 12:55
142044,USB-C Charging Cable,1,1/19/2019 12:50
142045,ThinkPad Laptop,1,1/7/2019 12:34
142046,Wired Headphones,2,1/20/2019 19:40
142047,AA Batteries (4-pack),1,1/26/2019 17:17
142048,Google Phone,1,1/4/2019 15:30
142048,Wired Headphones,1,1/4/2019 15:30
142049,AAA Batteries (4-pack),1,1/11/2019 12:56
142050,27in FHD Monitor,1,1/22/2019 17:00
142051,USB-C Charging Cable,1,1/4/2019 16:40
142052,Macbook Pro Laptop,1,1/2/2019 17:26
142053,Apple Airpods Headphones,1,1/30/2019 10:53
142054,Bose SoundSport Headphones,1,1/11/2019 19:29
142055,Bose SoundSport Headphones,1,1/5/2019 2:03
142056,USB-C Charging Cable,1,1/8/2019 9:16
142057,Google Phone,1,1/4/2019 11:15
142058,iPhone,1,1/24/2019 21:33
142059,Macbook Pro Laptop,1,1/8/2019 20:49
142060,Lightning Charging Cable,1,1/14/2019 11:36
142061,AA Batteries (4-pack),1,1/18/2019 19:56
142062,Wired Headphones,1,1/24/2019 12:31
142063,AAA Batteries (4-pack),1,1/1/2019 17:45
142064,AA Batteries (4-pack),2,1/8/2019 19:52
142065,AAA Batteries (4-pack),2,1/24/2019 1:17
142066,27in 4K Gaming Monitor,1,1/1/2019 22:02
142067,27in FHD Monitor,1,1/30/2019 9:23
142068,27in 4K Gaming Monitor,1,1/28/2019 23:09
142069,AAA Batteries (4-pack),2,1/22/2019 11:42
142070,USB-C Charging Cable,1,1/13/2019 16:12
142071,AA Batteries (4-pack),1,1/17/2019 23:02
142071,AA Batteries (4-pack),1,1/17/2019 23:02
,,,
142072,ThinkPad Laptop,1,1/16/2019 19:57
142073,Wired Headphones,1,1/5/2019 16:22
142074,Bose SoundSport Headphones,1,1/25/2019 20:51
142075,Wired Headphones,1,1/19/2019 16:20
142076,Wired Headphones,1,1/29/2019 16:11
142077,Apple Airpods Headphones,1,1/17/2019 17:18
142078,AA Batteries (4-pack),1,1/9/2019 12:03
142079,AA Batteries (4-pack),1,1/2/2019 17:17
142080,USB-C Charging Cable,1,1/12/2019 22:52
142081,AAA Batteries (4-pack),1,1/29/2019 17:13
142082,AAA Batteries (4-pack),1,1/16/2019 22:04
142083,Macbook Pro Laptop,1,1/20/2019 17:46
142084,USB-C Charging Cable,3,1/14/2019 13:57
142085,iPhone,1,1/26/2019 18:52
142085,Lightning Charging Cable,1,1/26/2019 18:52
142086,Lightning Charging Cable,1,1/5/2019 12:11
142087,27in 4K Gaming Monitor,1,1/24/2019 14:52
142088,Google Phone,1,1/12/2019 12:11
142089,USB-C Charging Cable,1,1/15/2019 10:36
142090,Wired Headphones,1,1/6/2019 5:43
142091,AAA Batteries (4-pack),1,1/21/2019 10:13
142092,Bose SoundSport Headphones,1,1/24/2019 11:32
142093,Lightning Charging Cable,1,1/17/2019 15:48
142094,Wired Headphones,1,1/19/2019 18:24
142095,Apple Airpods Headphones,1,1/13/2019 0:41
142096,USB-C Charging Cable,1,1/22/2019 18:00
142097,Lightning Charging Cable,1,1/17/2019 20:58
142098,AA Batteries (4-pack),3,1/26/2019 1:58
142099,AA Batteries (4-pack),2,1/23/2019 14:13
142100,Bose SoundSport Headphones,1,1/5/2019 11:53
142101,iPhone,1,1/22/2019 21:24
142102,AAA Batteries (4-pack),1,1/25/2019 12:15
142103,iPhone,1,1/28/2019 19:12
142104,Apple Airpods Headphones,1,1/19/2019 20:50
142105,ThinkPad Laptop,1,1/31/2019 13:34
142106,27in 4K Gaming Monitor,1,1/4/2019 18:51
142107,Lightning Charging Cable,1,1/6/2019 17:22
142108,LG Dryer,1,1/31/2019 16:01
142109,Macbook Pro Laptop,1,1/8/2019 15:29
142110,USB-C Charging Cable,1,1/24/2019 14:20
142111,Lightning Charging Cable,1,1/23/2019 22:49
142112,20in Monitor,1,1/1/2019 13:51
142112,Bose SoundSport Headphones,1,1/1/2019 13:51
142113,AAA Batteries (4-pack),3,1/10/2019 10:12
142114,Bose SoundSport Headphones,1,1/9/2019 16:21
142115,Apple Airpods Headphones,1,1/11/2019 19:26
142116,AA Batteries (4-pack),1,1/9/2019 18:54
142117,Macbook Pro Laptop,1,1/8/2019 10:58
142118,Bose SoundSport Headphones,1,1/12/2019 15:34
142119,USB-C Charging Cable,1,1/11/2019 9:13
142120,27in 4K Gaming Monitor,1,1/4/2019 4:20
142121,Wired Headphones,1,1/14/2019 0:25
142122,Apple Airpods Headphones,1,1/11/2019 23:06
142123,Lightning Charging Cable,1,1/2/2019 20:45
142124,AA Batteries (4-pack),2,1/28/2019 13:11
142125,Lightning Charging Cable,1,1/26/2019 3:16
142126,AAA Batteries (4-pack),2,1/26/2019 12:05
142127,Wired Headphones,1,1/14/2019 9:20
142128,Google Phone,1,1/20/2019 2:57
142128,Bose SoundSport Headphones,1,1/20/2019 2:57
142128,Wired Headphones,2,1/20/2019 2:57
142129,Apple Airpods Headphones,1,1/31/2019 18:09
142130,Google Phone,1,1/31/2019 16:48
142131,AAA Batteries (4-pack),1,1/20/2019 12:49
142132,USB-C Charging Cable,2,1/6/2019 22:35
142133,USB-C Charging Cable,1,1/30/2019 20:04
142134,Google Phone,1,1/1/2019 9:23
142135,USB-C Charging Cable,1,1/6/2019 10:29
142136,AA Batteries (4-pack),1,1/7/2019 9:58
142137,AAA Batteries (4-pack),1,1/24/2019 6:01
142138,AA Batteries (4-pack),1,1/7/2019 9:03
142139,AA Batteries (4-pack),2,1/17/2019 8:09
142140,Lightning Charging Cable,1,1/24/2019 19:29
142141,Wired Headphones,1,1/29/2019 17:15
142142,Wired Headphones,1,1/22/2019 13:00
142143,USB-C Charging Cable,1,1/3/2019 11:44
142144,Vareebadd Phone,1,1/4/2019 4:31
142144,USB-C Charging Cable,1,1/4/2019 4:31
142145,Apple Airpods Headphones,1,1/18/2019 20:30
142145,USB-C Charging Cable,1,1/18/2019 20:30
142146,AAA Batteries (4-pack),4,1/2/2019 17:39
142147,27in 4K Gaming Monitor,1,1/9/2019 18:39
142148,34in Ultrawide Monitor,1,1/24/2019 2:46
142149,AA Batteries (4-pack),3,1/15/2019 11:45
142150,AA Batteries (4-pack),2,1/26/2019 11:26
142151,AA Batteries (4-pack),3,1/26/2019 17:59
142152,Macbook Pro Laptop,1,1/11/2019 17:31
142153,Wired Headphones,1,1/23/2019 12:53
142154,USB-C Charging Cable,1,1/13/2019 9:51
142155,Apple Airpods Headphones,1,1/31/2019 15:55
142156,34in Ultrawide Monitor,1,1/1/2019 8:16
142157,Macbook Pro Laptop,1,1/8/2019 9:02
142158,Wired Headphones,1,1/15/2019 17:32
142159,Wired Headphones,1,1/26/2019 2:11
142160,Wired Headphones,1,1/1/2019 11:57
142161,Bose SoundSport Headphones,1,1/21/2019 22:43
142162,27in FHD Monitor,1,1/6/2019 10:04
142163,Apple Airpods Headphones,1,1/4/2019 21:54
142164,USB-C Charging Cable,1,1/22/2019 18:21
142165,AA Batteries (4-pack),2,1/17/2019 23:49
142166,USB-C Charging Cable,1,1/24/2019 15:27
142167,USB-C Charging Cable,1,1/24/2019 20:06
142168,Lightning Charging Cable,1,1/21/2019 11:49
142169,AAA Batteries (4-pack),4,1/15/2019 21:39
142170,Wired Headphones,1,1/20/2019 8:31
142171,Wired Headphones,1,1/16/2019 10:11
142172,Apple Airpods Headphones,1,1/24/2019 23:25
142173,iPhone,1,1/10/2019 13:29
142174,Lightning Charging Cable,1,1/10/2019 23:17
142175,AAA Batteries (4-pack),1,1/12/2019 19:45
142176,Apple Airpods Headphones,1,1/12/2019 13:08
142177,Macbook Pro Laptop,1,1/13/2019 14:39
142178,AAA Batteries (4-pack),1,1/1/2019 12:59
142179,ThinkPad Laptop,1,1/19/2019 1:41
142180,USB-C Charging Cable,1,1/30/2019 19:11
142181,27in FHD Monitor,1,1/17/2019 18:30
142182,Wired Headphones,1,1/5/2019 15:56
142183,34in Ultrawide Monitor,1,1/9/2019 12:13
142184,AAA Batteries (4-pack),2,1/23/2019 13:15
142185,Bose SoundSport Headphones,1,1/16/2019 14:02
142186,34in Ultrawide Monitor,1,1/30/2019 18:42
142187,20in Monitor,1,1/30/2019 20:39
142188,USB-C Charging Cable,1,1/25/2019 13:49
142189,USB-C Charging Cable,1,1/8/2019 11:46
142190,34in Ultrawide Monitor,1,1/13/2019 14:58
142191,20in Monitor,1,1/8/2019 15:41
142192,Google Phone,1,1/28/2019 12:39
142192,USB-C Charging Cable,1,1/28/2019 12:39
142193,27in FHD Monitor,1,1/1/2019 9:08
142194,ThinkPad Laptop,1,1/26/2019 17:21
142195,Apple Airpods Headphones,1,1/2/2019 12:38
142196,AA Batteries (4-pack),1,1/27/2019 17:45
142197,AA Batteries (4-pack),1,1/16/2019 14:59
142198,AA Batteries (4-pack),2,1/24/2019 11:54
142199,20in Monitor,1,1/5/2019 10:33
142200,Flatscreen TV,1,1/14/2019 7:58
142201,AAA Batteries (4-pack),1,1/18/2019 10:22
142202,27in FHD Monitor,1,1/23/2019 5:53
142203,Bose SoundSport Headphones,1,1/6/2019 8:31
142204,Bose SoundSport Headphones,1,1/6/2019 11:29
142205,Bose SoundSport Headphones,1,1/14/2019 13:13
142206,Macbook Pro Laptop,1,1/2/2019 9:41
142207,Bose SoundSport Headphones,1,1/9/2019 20:59
142208,Bose SoundSport Headphones,1,1/13/2019 8:49
142209,34in Ultrawide Monitor,1,1/9/2019 14:23
142210,AA Batteries (4-pack),1,1/16/2019 19:33
142211,Wired Headphones,1,1/3/2019 16:01
142212,AA Batteries (4-pack),3,1/18/2019 15:22
142213,Apple Airpods Headphones,1,1/29/2019 23:04
142214,AAA Batteries (4-pack),3,1/23/2019 7:54
142215,Flatscreen TV,1,1/13/2019 6:09
142216,AAA Batteries (4-pack),1,1/14/2019 2:44
142217,Bose SoundSport Headphones,1,1/19/2019 14:18
142218,Wired Headphones,1,1/30/2019 20:01
142219,27in FHD Monitor,1,1/4/2019 20:31
142220,Flatscreen TV,1,1/3/2019 16:03
142221,Flatscreen TV,1,1/12/2019 2:33
142222,AA Batteries (4-pack),1,1/19/2019 19:18
142223,Wired Headphones,1,1/28/2019 16:49
142224,USB-C Charging Cable,1,1/11/2019 20:56
142225,Lightning Charging Cable,1,1/19/2019 9:47
142226,AAA Batteries (4-pack),3,1/22/2019 21:55
142227,Wired Headphones,1,1/31/2019 20:22
142228,Macbook Pro Laptop,1,1/22/2019 11:37
142229,27in FHD Monitor,1,1/4/2019 10:29
142230,Google Phone,1,1/29/2019 12:05
142230,USB-C Charging Cable,1,1/29/2019 12:05
142231,Wired Headphones,2,1/18/2019 5:53
142232,Wired Headphones,2,1/4/2019 23:52
142233,Lightning Charging Cable,1,1/14/2019 13:41
142234,Lightning Charging Cable,1,1/13/2019 10:37
142235,AA Batteries (4-pack),1,1/15/2019 21:15
142236,AAA Batteries (4-pack),1,1/14/2019 10:48
142237,AAA Batteries (4-pack),1,1/8/2019 8:42
142238,AA Batteries (4-pack),2,1/21/2019 19:23
142239,AA Batteries (4-pack),2,1/29/2019 20:42
142240,34in Ultrawide Monitor,1,1/4/2019 19:20
142241,USB-C Charging Cable,1,1/26/2019 19:14
142242,USB-C Charging Cable,1,1/15/2019 18:26
142243,USB-C Charging Cable,1,1/4/2019 9:47
142244,AA Batteries (4-pack),1,1/13/2019 10:39
142245,Macbook Pro Laptop,1,1/15/2019 18:07
142246,Lightning Charging Cable,1,1/29/2019 10:10
142247,Bose SoundSport Headphones,1,1/15/2019 11:15
142248,Wired Headphones,1,1/2/2019 9:32
142249,Lightning Charging Cable,1,1/20/2019 0:07
142250,Lightning Charging Cable,1,1/24/2019 9:32
142251,ThinkPad Laptop,1,1/11/2019 18:42
142252,USB-C Charging Cable,1,1/16/2019 6:49
142253,27in FHD Monitor,1,1/7/2019 19:07
142254,Wired Headphones,1,1/5/2019 14:35
142255,Flatscreen TV,1,1/29/2019 19:57
142256,AAA Batteries (4-pack),1,1/25/2019 13:37
142257,iPhone,1,1/1/2019 12:16
142258,Lightning Charging Cable,1,1/5/2019 23:40
142259,LG Dryer,1,1/20/2019 8:03
Order ID,Product,Quantity Ordered,Order Date
142260,AAA Batteries (4-pack),2,1/19/2019 19:15
142261,iPhone,1,1/23/2019 8:47
142261,Wired Headphones,1,1/23/2019 8:47
142262,USB-C Charging Cable,1,1/9/2019 18:56
142263,Wired Headphones,1,1/6/2019 23:07
142264,LG Dryer,1,1/1/2019 10:27
142265,Wired Headphones,2,1/22/2019 22:17
142266,AA Batteries (4-pack),4,1/16/2019 9:04
142267,AA Batteries (4-pack),1,1/2/2019 22:43
142268,AA Batteries (4-pack),1,1/14/2019 12:13
142269,Wired Headphones,1,1/15/2019 22:46
142270,34in Ultrawide Monitor,1,1/8/2019 12:32
142271,Google Phone,1,1/5/2019 12:40
142272,Google Phone,1,1/20/2019 16:07
142273,34in Ultrawide Monitor,1,1/20/2019 12:08
142274,Flatscreen TV,1,1/30/2019 10:39
142275,Lightning Charging Cable,2,1/19/2019 13:25
142276,Bose SoundSport Headphones,1,1/10/2019 16:46
142277,AAA Batteries (4-pack),1,1/27/2019 17:05
142278,USB-C Charging Cable,1,1/12/2019 15:43
142279,AAA Batteries (4-pack),1,1/28/2019 4:44
142280,Apple Airpods Headphones,1,1/28/2019 18:22
142281,Google Phone,1,1/6/2019 19:37
142282,AA Batteries (4-pack),1,1/6/2019 10:50
142283,Lightning Charging Cable,1,1/6/2019 18:54
142284,AA Batteries (4-pack),1,1/7/2019 13:52
142285,Apple Airpods Headphones,1,1/26/2019 13:42
142286,ThinkPad Laptop,1,1/5/2019 16:01
Order ID,Product,Quantity Ordered,Order Date
142287,Google Phone,1,1/24/2019 19:41
142287,USB-C Charging Cable,1,1/24/2019 19:41
142287,Wired Headphones,1,1/24/2019 19:41
142288,AAA Batteries (4-pack),1,1/14/2019 14:50
142289,27in FHD Monitor,1,1/31/2019 19:21
142290,Apple Airpods Headphones,1,1/1/2019 20:54
142291,27in 4K Gaming Monitor,1,1/3/2019 12:21
142292,AA Batteries (4-pack),2,1/13/2019 22:48
142293,Wired Headphones,1,1/27/2019 14:05
142294,34in Ultrawide Monitor,1,1/1/2019 12:17
142295,27in 4K Gaming Monitor,1,1/28/2019 18:29
142296,Apple Airpods Headphones,1,1/27/2019 18:18
142297,USB-C Charging Cable,1,1/25/2019 12:58
142298,Lightning Charging Cable,1,1/8/2019 18:42
142299,iPhone,1,1/11/2019 12:21
142299,Wired Headphones,1,1/11/2019 12:21
142300,USB-C Charging Cable,1,1/18/2019 22:24
142301,Bose SoundSport Headphones,1,1/23/2019 22:19
142302,Apple Airpods Headphones,1,1/6/2019 12:54
142303,USB-C Charging Cable,1,1/1/2019 16:23
142304,Lightning Charging Cable,1,1/30/2019 17:10
142305,AAA Batteries (4-pack),2,1/23/2019 19:39
142306,Lightning Charging Cable,1,1/27/2019 17:38
142307,27in 4K Gaming Monitor,1,1/9/2019 13:44
142308,Google Phone,1,1/13/2019 14:41
142308,Wired Headphones,1,1/13/2019 14:41
142309,Wired Headphones,1,1/31/2019 10:36
142310,AAA Batteries (4-pack),2,1/17/2019 23:49
142311,Lightning Charging Cable,1,1/14/2019 20:24
142312,AAA Batteries (4-pack),1,1/18/2019 9:11
142313,Wired Headphones,1,1/15/2019 12:31
142314,Macbook Pro Laptop,1,1/20/2019 12:29
142315,Wired Headphones,1,1/21/2019 19:04
142316,Lightning Charging Cable,1,1/17/2019 8:55
142317,Flatscreen TV,1,1/16/2019 11:01
142318,AA Batteries (4-pack),2,1/19/2019 11:13
142319,Bose SoundSport Headphones,1,1/31/2019 10:40
142319,Google Phone,1,1/31/2019 10:40
142320,Google Phone,1,1/11/2019 22:44
142320,iPhone,1,1/11/2019 22:44
142321,USB-C Charging Cable,1,1/1/2019 23:08
142322,27in 4K Gaming Monitor,1,1/22/2019 15:47
142323,Bose SoundSport Headphones,1,1/15/2019 10:13
142324,AAA Batteries (4-pack),1,1/19/2019 18:11
142325,27in FHD Monitor,1,1/26/2019 20:32
142326,AA Batteries (4-pack),3,1/4/2019 17:56
142327,AA Batteries (4-pack),1,1/3/2019 16:48
142328,Lightning Charging Cable,1,1/15/2019 21:10
142329,AAA Batteries (4-pack),1,1/8/2019 18:58
142330,USB-C Charging Cable,3,1/17/2019 6:12
142331,USB-C Charging Cable,1,1/13/2019 18:13
142332,Google Phone,1,1/9/2019 13:59
142333,AAA Batteries (4-pack),1,1/7/2019 11:03
142334,USB-C Charging Cable,1,1/27/2019 19:46
142335,Lightning Charging Cable,1,1/1/2019 22:37
142336,20in Monitor,1,1/28/2019 14:32
142337,AA Batteries (4-pack),1,1/17/2019 13:18
142338,20in Monitor,1,1/24/2019 16:48
142339,Wired Headphones,2,1/10/2019 17:12
142340,Wired Headphones,1,1/7/2019 0:08
142341,Bose SoundSport Headphones,1,1/19/2019 5:19
142342,27in 4K Gaming Monitor,1,1/12/2019 10:44
142343,AA Batteries (4-pack),1,1/16/2019 21:05
142344,27in 4K Gaming Monitor,1,1/2/2019 11:01
142345,AAA Batteries (4-pack),2,1/1/2019 18:11
142346,Wired Headphones,1,1/26/2019 20:17
142347,Google Phone,1,1/10/2019 20:06
142348,Bose SoundSport Headphones,1,1/27/2019 18:15
142349,AA Batteries (4-pack),1,1/2/2019 16:18
142350,iPhone,1,1/1/2019 14:33
142350,Wired Headphones,1,1/1/2019 14:33
142351,Bose SoundSport Headphones,1,1/3/2019 22:16
142352,Wired Headphones,1,1/19/2019 14:52
142353,iPhone,1,1/31/2019 20:29
142354,Macbook Pro Laptop,1,1/27/2019 11:09
142355,iPhone,1,1/15/2019 19:07
142356,Macbook Pro Laptop,1,1/23/2019 12:54
142357,iPhone,1,1/28/2019 10:54
142358,Apple Airpods Headphones,1,1/14/2019 9:10
142359,Wired Headphones,1,1/31/2019 12:47
142360,USB-C Charging Cable,1,1/7/2019 0:31
142361,iPhone,1,1/26/2019 18:14
142362,AAA Batteries (4-pack),1,1/31/2019 20:08
142363,Apple Airpods Headphones,1,1/28/2019 10:06
142364,iPhone,1,1/10/2019 15:33
142365,Bose SoundSport Headphones,1,1/15/2019 11:36
142366,20in Monitor,1,1/13/2019 16:07
142367,Google Phone,1,1/5/2019 21:40
142368,AAA Batteries (4-pack),1,1/12/2019 19:51
142369,27in FHD Monitor,1,1/10/2019 19:22
142370,Wired Headphones,1,1/28/2019 14:06
Order ID,Product,Quantity Ordered,Order Date
142371,USB-C Charging Cable,1,1/31/2019 17:01
142372,AAA Batteries (4-pack),1,1/3/2019 8:01
142373,Google Phone,1,1/22/2019 17:45
142374,AAA Batteries (4-pack),1,1/8/2019 20:21
142375,Flatscreen TV,1,1/24/2019 11:27
142376,27in 4K Gaming Monitor,1,1/3/2019 9:25
142377,USB-C Charging Cable,1,1/4/2019 15:53
142378,Lightning Charging Cable,1,1/10/2019 15:34
142379,Google Phone,1,1/30/2019 21:02
142379,USB-C Charging Cable,1,1/30/2019 21:02
142380,AA Batteries (4-pack),2,1/21/2019 23:22
142381,AAA Batteries (4-pack),2,1/14/2019 22:33
142382,27in FHD Monitor,1,1/7/2019 17:40
142383,Bose SoundSport Headphones,1,1/18/2019 11:06
142384,AAA Batteries (4-pack),1,1/30/2019 19:22
142385,Lightning Charging Cable,1,1/17/2019 20:14
142386,AAA Batteries (4-pack),1,1/18/2019 7:48
142387,34in Ultrawide Monitor,1,1/25/2019 23:50
142388,27in FHD Monitor,1,1/26/2019 23:41
142389,iPhone,1,1/16/2019 20:42
142389,Lightning Charging Cable,1,1/16/2019 20:42
142390,USB-C Charging Cable,1,1/19/2019 15:58
142391,AA Batteries (4-pack),1,1/17/2019 2:34
142392,27in 4K Gaming Monitor,1,1/14/2019 16:55
142393,Wired Headphones,1,1/21/2019 16:31
142394,AAA Batteries (4-pack),1,1/14/2019 12:52
142395,Wired Headphones,1,1/27/2019 9:27
142396,Vareebadd Phone,1,1/9/2019 9:56
142396,USB-C Charging Cable,1,1/9/2019 9:56
142397,AA Batteries (4-pack),1,1/7/2019 9:43
142398,Wired Headphones,1,1/18/2019 21:31
142399,Bose SoundSport Headphones,1,1/11/2019 6:38
142400,Vareebadd Phone,1,1/26/2019 7:00
142401,USB-C Charging Cable,1,1/25/2019 18:59
142402,AAA Batteries (4-pack),1,1/29/2019 15:08
142403,AA Batteries (4-pack),1,1/3/2019 17:57
142404,Lightning Charging Cable,1,1/3/2019 23:01
142405,AA Batteries (4-pack),1,1/9/2019 20:02
142406,Google Phone,1,1/30/2019 15:08
142407,USB-C Charging Cable,1,1/14/2019 14:41
142408,34in Ultrawide Monitor,1,1/17/2019 14:21
142409,Lightning Charging Cable,1,1/29/2019 14:48
142410,USB-C Charging Cable,1,1/19/2019 19:12
142411,Google Phone,1,1/15/2019 12:45
142412,20in Monitor,1,1/25/2019 9:40
142413,27in 4K Gaming Monitor,1,1/30/2019 23:01
142414,AA Batteries (4-pack),2,1/21/2019 13:10
142415,Lightning Charging Cable,2,1/2/2019 12:43
142416,Apple Airpods Headphones,1,1/9/2019 6:10
142417,AA Batteries (4-pack),1,1/5/2019 18:55
142418,ThinkPad Laptop,1,1/24/2019 18:07
142419,Google Phone,1,1/17/2019 10:20
142419,Wired Headphones,2,1/17/2019 10:20
142420,34in Ultrawide Monitor,1,1/30/2019 15:43
142421,iPhone,1,1/6/2019 14:23
142422,AA Batteries (4-pack),2,1/15/2019 11:56
142423,USB-C Charging Cable,1,1/29/2019 19:17
142424,Lightning Charging Cable,1,1/16/2019 8:28
142425,USB-C Charging Cable,1,1/13/2019 3:29
142426,AAA Batteries (4-pack),1,1/9/2019 11:22
142427,27in FHD Monitor,1,1/14/2019 22:33
142428,USB-C Charging Cable,1,1/24/2019 16:41
142429,Apple Airpods Headphones,1,1/10/2019 16:37
142430,Macbook Pro Laptop,1,1/11/2019 16:52
142431,Vareebadd Phone,1,1/10/2019 6:30
142432,34in Ultrawide Monitor,1,1/5/2019 23:33
142433,Wired Headphones,1,1/12/2019 18:41
142434,Wired Headphones,1,1/11/2019 16:06
142435,Macbook Pro Laptop,1,1/5/2019 20:59
142436,AA Batteries (4-pack),1,1/9/2019 13:51
142437,20in Monitor,1,1/21/2019 20:39
142438,Lightning Charging Cable,1,1/27/2019 20:33
142439,Flatscreen TV,1,1/1/2019 9:58
142440,iPhone,1,1/20/2019 23:55
142441,AAA Batteries (4-pack),1,1/17/2019 19:56
142442,34in Ultrawide Monitor,1,1/14/2019 14:40
142443,Bose SoundSport Headphones,1,1/31/2019 12:24
142444,Wired Headphones,1,1/7/2019 12:19
142445,34in Ultrawide Monitor,1,1/9/2019 6:41
142446,Apple Airpods Headphones,1,1/24/2019 20:00
142447,Wired Headphones,1,1/26/2019 13:42
142448,27in FHD Monitor,1,1/8/2019 13:30
142449,iPhone,1,1/26/2019 14:27
142450,34in Ultrawide Monitor,1,1/12/2019 18:55
142451,AAA Batteries (4-pack),1,1/1/2019 6:41
142452,AAA Batteries (4-pack),1,1/28/2019 14:57
142453,Vareebadd Phone,1,1/14/2019 7:41
142453,Bose SoundSport Headphones,1,1/14/2019 7:41
142454,AA Batteries (4-pack),1,1/23/2019 12:17
142455,USB-C Charging Cable,1,1/5/2019 17:22
142456,Flatscreen TV,1,1/28/2019 21:00
142457,Lightning Charging Cable,1,1/10/2019 12:03
142458,Apple Airpods Headphones,1,1/16/2019 14:02
142459,USB-C Charging Cable,1,1/7/2019 6:56
142460,27in 4K Gaming Monitor,1,1/6/2019 21:03
142461,Bose SoundSport Headphones,1,1/18/2019 13:29
142462,Wired Headphones,1,1/29/2019 6:01
142463,Lightning Charging Cable,1,1/6/2019 2:23
142464,Macbook Pro Laptop,1,1/11/2019 20:59
142465,Lightning Charging Cable,1,1/28/2019 9:32
142466,Lightning Charging Cable,1,1/8/2019 18:09
142467,AAA Batteries (4-pack),3,1/30/2019 7:12
142468,Apple Airpods Headphones,1,1/25/2019 7:35
142469,Wired Headphones,1,1/3/2019 9:52
,,,
142470,34in Ultrawide Monitor,1,1/15/2019 18:55
142471,Bose SoundSport Headphones,1,1/19/2019 19:07
142472,AAA Batteries (4-pack),2,1/19/2019 10:03
142473,AA Batteries (4-pack),3,1/29/2019 12:11
142474,USB-C Charging Cable,1,1/2/2019 10:18
142475,AA Batteries (4-pack),1,1/11/2019 14:39
142476,AA Batteries (4-pack),2,1/31/2019 14:10
142477,AA Batteries (4-pack),1,1/29/2019 16:30
142478,Lightning Charging Cable,1,1/6/2019 19:11
142479,ThinkPad Laptop,1,1/21/2019 23:06
142480,AAA Batteries (4-pack),1,1/14/2019 10:54
142481,27in 4K Gaming Monitor,1,1/20/2019 16:11
142482,27in FHD Monitor,1,1/29/2019 12:35
142483,AA Batteries (4-pack),1,1/5/2019 18:54
142484,Wired Headphones,1,1/31/2019 23:29
142485,Bose SoundSport Headphones,1,1/6/2019 6:43
142486,USB-C Charging Cable,1,1/3/2019 11:59
142487,Lightning Charging Cable,1,1/4/2019 13:24
142488,ThinkPad Laptop,1,1/27/2019 18:07
142489,AA Batteries (4-pack),1,1/22/2019 16:53
142490,Wired Headphones,1,1/2/2019 14:24
142491,Lightning Charging Cable,1,1/9/2019 18:23
142492,USB-C Charging Cable,1,1/16/2019 17:55
142493,Wired Headphones,1,1/12/2019 10:42
142494,Bose SoundSport Headphones,1,1/16/2019 9:35
142495,AAA Batteries (4-pack),1,1/17/2019 14:10
142496,USB-C Charging Cable,1,1/4/2019 19:01
142497,AA Batteries (4-pack),1,1/16/2019 14:22
142498,AA Batteries (4-pack),1,1/15/2019 12:45
142499,Lightning Charging Cable,1,1/29/2019 10:21
142500,AAA Batteries (4-pack),1,1/11/2019 18:03
142501,AA Batteries (4-pack),1,1/21/2019 11:09
142502,USB-C Charging Cable,1,1/28/2019 11:14
142503,Apple Airpods Headphones,1,1/22/2019 15:25
142504,Google Phone,1,1/2/2019 15:45
142504,USB-C Charging Cable,2,1/2/2019 15:45
142505,USB-C Charging Cable,1,1/1/2019 14:41
142506,Bose SoundSport Headphones,1,1/23/2019 17:44
142507,AAA Batteries (4-pack),1,1/11/2019 9:01
142508,Google Phone,1,1/10/2019 20:25
142509,USB-C Charging Cable,1,1/11/2019 20:49
142510,27in 4K Gaming Monitor,1,1/3/2019 11:19
142511,Bose SoundSport Headphones,1,1/4/2019 15:09
142512,27in FHD Monitor,1,1/15/2019 10:35
142513,AAA Batteries (4-pack),1,1/19/2019 18:17
142514,Macbook Pro Laptop,1,1/20/2019 21:55
142515,Flatscreen TV,1,1/3/2019 2:56
142516,34in Ultrawide Monitor,1,1/3/2019 17:34
142517,Lightning Charging Cable,1,1/20/2019 23:36
142518,Apple Airpods Headphones,1,1/10/2019 20:18
142519,AAA Batteries (4-pack),1,1/13/2019 23:01
142520,AAA Batteries (4-pack),1,1/22/2019 17:39
142521,20in Monitor,1,1/25/2019 11:58
142522,Wired Headphones,1,1/10/2019 20:06
142523,USB-C Charging Cable,1,1/18/2019 12:22
142524,20in Monitor,1,1/12/2019 20:05
142525,AAA Batteries (4-pack),2,1/1/2019 19:47
142526,Vareebadd Phone,1,1/26/2019 11:11
142527,27in 4K Gaming Monitor,1,1/28/2019 17:07
142528,34in Ultrawide Monitor,1,1/25/2019 19:33
142529,27in 4K Gaming Monitor,1,1/6/2019 19:22
142530,ThinkPad Laptop,1,1/25/2019 15:54
142531,Wired Headphones,1,1/5/2019 16:13
142532,Bose SoundSport Headphones,1,1/19/2019 18:38
142533,AA Batteries (4-pack),1,1/15/2019 13:45
142534,AA Batteries (4-pack),3,1/1/2019 10:11
142535,Wired Headphones,1,1/2/2019 23:01
142536,AA Batteries (4-pack),3,1/22/2019 9:58
142537,USB-C Charging Cable,1,1/28/2019 12:13
142538,USB-C Charging Cable,2,1/4/2019 10:48
142539,Apple Airpods Headphones,1,1/19/2019 14:35
142540,AAA Batteries (4-pack),1,1/21/2019 16:19
142541,20in Monitor,1,1/29/2019 6:25
142542,Vareebadd Phone,1,1/16/2019 13:02
142543,Wired Headphones,1,1/3/2019 17:20
142544,USB-C Charging Cable,1,1/3/2019 20:55
142545,Bose SoundSport Headphones,1,1/4/2019 10:19
142546,27in FHD Monitor,1,1/15/2019 12:25
142547,AA Batteries (4-pack),1,1/20/2019 18:21
142548,AA Batteries (4-pack),2,1/3/2019 18:45
142549,Flatscreen TV,1,1/11/2019 10:19
142550,USB-C Charging Cable,1,1/13/2019 23:09
142551,27in 4K Gaming Monitor,1,1/14/2019 16:40
142552,USB-C Charging Cable,1,1/12/2019 19:42
142553,Wired Headphones,1,1/28/2019 17:26
142554,iPhone,1,1/27/2019 15:27
142555,USB-C Charging Cable,1,1/11/2019 14:00
142556,Apple Airpods Headphones,1,1/6/2019 0:52
142557,USB-C Charging Cable,1,1/2/2019 19:33
142558,Vareebadd Phone,1,1/25/2019 18:00
142559,AAA Batteries (4-pack),3,1/14/2019 8:55
142560,LG Washing Machine,1,1/26/2019 12:27
142561,34in Ultrawide Monitor,1,1/16/2019 18:16
142562,Macbook Pro Laptop,1,1/29/2019 21:45
142563,Macbook Pro Laptop,1,1/25/2019 19:32
142564,AA Batteries (4-pack),1,1/18/2019 19:56
142565,27in FHD Monitor,1,1/2/2019 22:09
142566,Wired Headphones,1,1/18/2019 7:47
142567,USB-C Charging Cable,1,1/21/2019 22:38
142568,27in FHD Monitor,1,1/25/2019 18:32
142569,iPhone,1,1/18/2019 19:58
142569,Lightning Charging Cable,1,1/18/2019 19:58
142570,AAA Batteries (4-pack),2,1/10/2019 18:43
142570,AA Batteries (4-pack),2,1/10/2019 18:43
142571,Lightning Charging Cable,1,1/29/2019 12:12
142572,AA Batteries (4-pack),1,1/2/2019 16:19
142573,27in FHD Monitor,1,1/3/2019 12:48
142574,USB-C Charging Cable,1,1/1/2019 18:17
142575,Google Phone,1,1/7/2019 22:25
142576,AAA Batteries (4-pack),2,1/4/2019 23:46
142577,USB-C Charging Cable,1,1/26/2019 12:26
142578,Bose SoundSport Headphones,1,1/11/2019 2:42
142579,Bose SoundSport Headphones,1,1/6/2019 12:53
142580,ThinkPad Laptop,1,1/14/2019 19:57
142581,USB-C Charging Cable,1,1/7/2019 15:23
142582,Flatscreen TV,1,1/10/2019 15:55
142583,Lightning Charging Cable,2,1/3/2019 1:24
142584,20in Monitor,1,1/2/2019 23:16
142585,Lightning Charging Cable,1,1/13/2019 17:34
142586,Wired Headphones,1,1/9/2019 11:52
142587,iPhone,1,1/25/2019 18:59
142587,Lightning Charging Cable,1,1/25/2019 18:59
142588,AA Batteries (4-pack),1,1/31/2019 16:27
142589,Apple Airpods Headphones,1,1/20/2019 18:40
142590,Wired Headphones,1,1/25/2019 15:14
142591,USB-C Charging Cable,1,1/7/2019 12:47
142592,USB-C Charging Cable,3,1/4/2019 19:22
142593,AAA Batteries (4-pack),2,1/6/2019 15:40
142594,USB-C Charging Cable,1,1/25/2019 17:25
142595,USB-C Charging Cable,1,1/22/2019 17:48
142596,Google Phone,1,1/28/2019 22:30
142597,AA Batteries (4-pack),1,1/15/2019 19:51
142598,Flatscreen TV,1,1/15/2019 19:55
142599,27in 4K Gaming Monitor,1,1/21/2019 18:48
142600,iPhone,1,1/17/2019 17:22
142601,Wired Headphones,1,1/7/2019 10:15
142602,27in 4K Gaming Monitor,1,1/4/2019 19:20
142603,27in FHD Monitor,1,1/11/2019 12:31
142604,Apple Airpods Headphones,1,1/4/2019 9:10
142604,AAA Batteries (4-pack),1,1/4/2019 9:10
142605,AA Batteries (4-pack),1,1/17/2019 15:59
142606,Apple Airpods Headphones,1,1/24/2019 17:38
142607,27in 4K Gaming Monitor,1,1/10/2019 13:44
142608,Apple Airpods Headphones,1,1/7/2019 9:46
142609,Bose SoundSport Headphones,1,1/26/2019 21:47
142610,Apple Airpods Headphones,1,1/26/2019 19:48
142610,iPhone,1,1/26/2019 19:48
142611,AAA Batteries (4-pack),1,1/27/2019 19:16
142612,Google Phone,1,1/13/2019 9:55
142613,AAA Batteries (4-pack),2,1/6/2019 16:29
142614,AAA Batteries (4-pack),1,1/2/2019 7:53
142615,iPhone,1,1/23/2019 13:06
142616,Macbook Pro Laptop,1,1/20/2019 0:15
142617,Macbook Pro Laptop,1,1/15/2019 16:38
142618,USB-C Charging Cable,1,1/3/2019 19:20
142619,34in Ultrawide Monitor,1,1/12/2019 14:09
142620,Lightning Charging Cable,1,1/26/2019 14:13
142621,Bose SoundSport Headphones,1,1/3/2019 11:48
142622,Wired Headphones,1,1/27/2019 16:49
142623,Apple Airpods Headphones,1,1/20/2019 0:24
142624,AA Batteries (4-pack),1,1/8/2019 18:10
142625,Lightning Charging Cable,1,1/26/2019 20:05
142626,AAA Batteries (4-pack),1,1/22/2019 13:22
142627,iPhone,1,1/18/2019 17:57
142628,AAA Batteries (4-pack),2,1/25/2019 14:56
142629,Apple Airpods Headphones,1,1/15/2019 15:28
142630,Wired Headphones,1,1/14/2019 20:50
142631,Bose SoundSport Headphones,1,1/9/2019 12:15
142632,Lightning Charging Cable,1,1/21/2019 0:07
142633,AAA Batteries (4-pack),1,1/17/2019 7:58
142634,Google Phone,1,1/4/2019 9:03
142634,USB-C Charging Cable,1,1/4/2019 9:03
142635,ThinkPad Laptop,1,1/17/2019 12:35
142636,Bose SoundSport Headphones,1,1/10/2019 20:09
142637,Wired Headphones,1,1/2/2019 16:43
142638,USB-C Charging Cable,1,1/29/2019 18:23
142639,AAA Batteries (4-pack),1,1/13/2019 13:09
142639,27in 4K Gaming Monitor,1,1/13/2019 13:09
142640,Lightning Charging Cable,1,1/23/2019 8:05
142641,27in FHD Monitor,1,1/24/2019 16:33
142642,Wired Headphones,1,1/2/2019 13:17
142643,AA Batteries (4-pack),1,1/24/2019 10:07
142644,Wired Headphones,1,1/12/2019 15:06
142645,Lightning Charging Cable,1,1/24/2019 17:21
142646,Lightning Charging Cable,1,1/27/2019 17:36
142647,AA Batteries (4-pack),1,1/29/2019 16:21
142648,Bose SoundSport Headphones,1,1/18/2019 13:53
142649,AA Batteries (4-pack),1,1/19/2019 23:22
142650,34in Ultrawide Monitor,1,1/11/2019 19:16
142651,USB-C Charging Cable,1,1/11/2019 22:12
142651,AA Batteries (4-pack),1,1/11/2019 22:12
,,,
142652,USB-C Charging Cable,1,1/24/2019 17:36
142652,Lightning Charging Cable,1,1/24/2019 17:36
142653,Wired Headphones,1,1/28/2019 0:04
142654,Wired Headphones,1,1/28/2019 15:06
142655,20in Monitor,1,1/16/2019 20:09
142656,USB-C Charging Cable,1,1/30/2019 16:40
142657,Bose SoundSport Headphones,1,1/25/2019 14:13
142658,20in Monitor,1,1/26/2019 23:09
142659,Apple Airpods Headphones,1,1/11/2019 22:39
142660,27in 4K Gaming Monitor,1,1/30/2019 18:01
142661,USB-C Charging Cable,2,1/25/2019 1:49
142662,Wired Headphones,1,1/24/2019 18:55
142663,Lightning Charging Cable,1,1/13/2019 17:50
142664,Apple Airpods Headphones,1,1/7/2019 11:08
142665,Bose SoundSport Headphones,1,1/25/2019 19:58
142666,Macbook Pro Laptop,1,1/14/2019 10:42
142667,USB-C Charging Cable,1,1/3/2019 12:30
142668,AAA Batteries (4-pack),1,1/12/2019 10:11
142669,27in 4K Gaming Monitor,1,1/2/2019 15:16
142670,27in FHD Monitor,1,1/11/2019 12:20
142671,27in FHD Monitor,1,1/18/2019 17:08
142672,iPhone,1,1/13/2019 13:49
142673,Macbook Pro Laptop,1,1/25/2019 7:38
142674,ThinkPad Laptop,1,1/9/2019 9:21
142675,Wired Headphones,1,1/25/2019 20:37
142676,AA Batteries (4-pack),1,1/25/2019 8:24
142677,Google Phone,1,1/27/2019 17:38
142678,USB-C Charging Cable,1,1/29/2019 0:15
142679,Macbook Pro Laptop,1,1/14/2019 1:07
142680,Apple Airpods Headphones,1,1/26/2019 9:46
142681,Wired Headphones,1,1/20/2019 18:56
142682,34in Ultrawide Monitor,1,1/22/2019 20:16
142683,USB-C Charging Cable,1,1/9/2019 8:46
142683,Wired Headphones,1,1/9/2019 8:46
142684,AA Batteries (4-pack),1,1/10/2019 11:31
142685,27in FHD Monitor,1,1/15/2019 9:47
142686,AAA Batteries (4-pack),2,1/26/2019 21:48
142687,USB-C Charging Cable,1,1/15/2019 20:09
142688,USB-C Charging Cable,1,1/3/2019 6:56
142689,USB-C Charging Cable,1,1/15/2019 11:24
142690,AAA Batteries (4-pack),1,1/10/2019 17:22
142691,27in FHD Monitor,1,1/16/2019 20:08
142692,20in Monitor,1,1/11/2019 1:49
142693,Bose SoundSport Headphones,1,1/29/2019 10:47
142694,Apple Airpods Headphones,1,1/2/2019 9:05
142695,Lightning Charging Cable,1,1/24/2019 15:45
142696,Apple Airpods Headphones,1,1/26/2019 0:09
142697,AAA Batteries (4-pack),1,1/20/2019 17:14
142698,Wired Headphones,1,1/19/2019 15:51
142699,Wired Headphones,1,1/21/2019 18:04
142700,USB-C Charging Cable,1,1/20/2019 7:52
142701,LG Dryer,1,1/2/2019 21:32
142702,AA Batteries (4-pack),1,1/21/2019 4:43
142703,Lightning Charging Cable,1,1/31/2019 23:10
142704,Lightning Charging Cable,1,1/7/2019 9:15
142705,Lightning Charging Cable,1,1/25/2019 19:24
142706,27in FHD Monitor,1,1/28/2019 15:25
142707,27in 4K Gaming Monitor,1,1/3/2019 13:31
142708,Lightning Charging Cable,1,1/26/2019 13:07
142709,Macbook Pro Laptop,1,1/20/2019 3:37
142710,Wired Headphones,1,1/11/2019 15:00
142711,Apple Airpods Headphones,1,1/25/2019 22:55
142712,27in FHD Monitor,1,1/22/2019 15:55
142713,USB-C Charging Cable,1,1/6/2019 6:59
142714,LG Washing Machine,1,1/1/2019 13:15
142715,Wired Headphones,1,1/16/2019 16:29
142716,34in Ultrawide Monitor,1,1/28/2019 10:28
142717,Vareebadd Phone,1,1/20/2019 20:24
142718,Wired Headphones,1,1/27/2019 9:44
142719,Bose SoundSport Headphones,1,1/27/2019 23:21
142720,Bose SoundSport Headphones,1,1/15/2019 8:27
142721,27in FHD Monitor,1,1/11/2019 22:53
142722,AA Batteries (4-pack),1,1/8/2019 16:06
142723,27in 4K Gaming Monitor,1,1/31/2019 13:40
142724,Apple Airpods Headphones,1,1/19/2019 22:54
142725,Lightning Charging Cable,1,1/6/2019 5:06
142726,AA Batteries (4-pack),1,1/10/2019 7:28
142727,Macbook Pro Laptop,1,1/12/2019 19:01
142727,AA Batteries (4-pack),2,1/12/2019 19:01
142728,Lightning Charging Cable,1,1/23/2019 8:44
142729,Wired Headphones,1,1/14/2019 13:36
142730,Google Phone,1,1/11/2019 6:16
142730,USB-C Charging Cable,1,1/11/2019 6:16
142731,Lightning Charging Cable,1,1/5/2019 14:50
142732,AA Batteries (4-pack),1,1/21/2019 17:17
142733,AAA Batteries (4-pack),3,1/24/2019 0:44
142734,AA Batteries (4-pack),1,1/10/2019 22:38
142735,USB-C Charging Cable,1,1/2/2019 14:35
142736,Bose SoundSport Headphones,1,1/2/2019 13:11
142737,USB-C Charging Cable,1,1/14/2019 17:05
142738,Macbook Pro Laptop,1,1/6/2019 17:42
142739,AA Batteries (4-pack),1,1/16/2019 23:16
142740,Vareebadd Phone,1,1/26/2019 13:09
142741,Lightning Charging Cable,1,1/11/2019 9:44
142742,USB-C Charging Cable,1,1/19/2019 20:35
142743,Flatscreen TV,1,1/4/2019 5:20
142744,Flatscreen TV,1,1/30/2019 8:46
142745,Bose SoundSport Headphones,1,1/16/2019 16:43
142746,Lightning Charging Cable,2,1/7/2019 5:49
142747,AA Batteries (4-pack),2,1/7/2019 13:15
142748,ThinkPad Laptop,1,1/4/2019 12:39
142749,Wired Headphones,1,1/12/2019 2:07
142750,AAA Batteries (4-pack),1,1/30/2019 13:04
142751,Wired Headphones,1,1/5/2019 21:51
142752,AA Batteries (4-pack),1,1/9/2019 21:19
142753,Bose SoundSport Headphones,1,1/12/2019 23:41
142754,USB-C Charging Cable,1,1/7/2019 10:24
142755,iPhone,1,1/21/2019 14:28
142756,AA Batteries (4-pack),1,1/11/2019 9:37
142757,34in Ultrawide Monitor,1,1/7/2019 10:26
142758,27in 4K Gaming Monitor,1,1/24/2019 18:56
142759,Bose SoundSport Headphones,1,1/21/2019 12:15
142760,Wired Headphones,2,1/28/2019 22:08
142761,AA Batteries (4-pack),1,1/12/2019 9:05
142762,iPhone,1,1/20/2019 8:00
142763,AAA Batteries (4-pack),1,1/23/2019 11:24
142764,AA Batteries (4-pack),3,1/20/2019 20:31
142765,Wired Headphones,1,1/13/2019 15:38
142766,USB-C Charging Cable,1,1/30/2019 22:33
142767,34in Ultrawide Monitor,1,1/25/2019 20:12
142768,Flatscreen TV,1,1/27/2019 13:03
142769,USB-C Charging Cable,1,1/28/2019 13:32
142770,USB-C Charging Cable,1,1/29/2019 1:11
142771,Google Phone,1,1/16/2019 11:16
142772,Vareebadd Phone,1,1/13/2019 16:37
142773,AAA Batteries (4-pack),2,1/20/2019 14:02
142774,iPhone,1,1/20/2019 22:53
142775,27in FHD Monitor,1,1/7/2019 7:00
142776,Wired Headphones,1,1/1/2019 19:15
142777,Wired Headphones,1,1/31/2019 9:22
142778,Macbook Pro Laptop,1,1/4/2019 11:15
142779,AAA Batteries (4-pack),1,1/6/2019 18:02
142780,Wired Headphones,1,1/22/2019 10:29
142781,27in 4K Gaming Monitor,1,1/20/2019 23:38
142782,Lightning Charging Cable,1,1/11/2019 17:31
142783,Flatscreen TV,1,1/11/2019 16:12
142784,AAA Batteries (4-pack),4,1/25/2019 11:27
142785,Bose SoundSport Headphones,1,1/5/2019 14:03
142786,27in FHD Monitor,1,1/7/2019 11:16
142787,Lightning Charging Cable,1,1/16/2019 14:34
142788,Lightning Charging Cable,1,1/11/2019 16:30
142789,AAA Batteries (4-pack),1,1/1/2019 7:35
142790,Bose SoundSport Headphones,1,1/26/2019 18:50
142790,Macbook Pro Laptop,1,1/26/2019 18:50
142791,Bose SoundSport Headphones,1,1/6/2019 21:55
142792,34in Ultrawide Monitor,1,1/16/2019 8:31
142793,AAA Batteries (4-pack),2,1/26/2019 18:11
142794,Wired Headphones,1,1/19/2019 23:04
142795,Wired Headphones,1,1/2/2019 22:06
142796,Macbook Pro Laptop,1,1/14/2019 21:06
142797,AAA Batteries (4-pack),1,1/6/2019 16:19
142798,Wired Headphones,1,1/8/2019 7:27
142799,AAA Batteries (4-pack),1,1/13/2019 9:58
142800,Wired Headphones,1,1/21/2019 0:36
142801,AA Batteries (4-pack),1,1/8/2019 23:01
142802,Wired Headphones,1,1/29/2019 15:33
142803,Wired Headphones,1,1/9/2019 20:21
142804,Vareebadd Phone,1,1/31/2019 21:37
142805,Bose SoundSport Headphones,1,1/30/2019 11:49
142806,AA Batteries (4-pack),1,1/16/2019 4:19
142807,27in 4K Gaming Monitor,1,1/25/2019 17:44
142808,27in FHD Monitor,1,1/11/2019 19:05
142809,Flatscreen TV,1,1/4/2019 13:41
142810,AA Batteries (4-pack),1,1/24/2019 17:38
142811,Lightning Charging Cable,1,1/5/2019 23:11
142812,iPhone,1,1/19/2019 10:43
142812,Lightning Charging Cable,1,1/19/2019 10:43
142813,AAA Batteries (4-pack),2,1/23/2019 22:20
142814,AA Batteries (4-pack),1,1/18/2019 19:20
142815,AA Batteries (4-pack),3,1/20/2019 16:45
142816,ThinkPad Laptop,1,1/27/2019 11:15
142817,ThinkPad Laptop,1,1/30/2019 19:53
142818,AAA Batteries (4-pack),2,1/13/2019 17:16
142819,Wired Headphones,1,1/10/2019 16:31
142820,Apple Airpods Headphones,1,1/8/2019 18:42
142821,USB-C Charging Cable,2,1/16/2019 20:53
142822,Lightning Charging Cable,1,1/1/2019 13:51
142823,Macbook Pro Laptop,1,1/2/2019 15:05
142824,Google Phone,1,1/6/2019 8:45
142824,Wired Headphones,1,1/6/2019 8:45
142825,AAA Batteries (4-pack),3,1/27/2019 0:59
142826,Apple Airpods Headphones,1,1/28/2019 18:55
142827,Apple Airpods Headphones,1,1/9/2019 22:55
142828,AA Batteries (4-pack),1,1/21/2019 0:14
142829,AA Batteries (4-pack),1,1/24/2019 12:32
142830,ThinkPad Laptop,1,1/22/2019 7:40
142831,27in FHD Monitor,1,1/26/2019 19:07
142832,AA Batteries (4-pack),1,1/21/2019 9:01
142833,AAA Batteries (4-pack),1,1/19/2019 19:40
142834,Apple Airpods Headphones,1,1/7/2019 23:48
142835,iPhone,1,1/11/2019 9:00
142835,Wired Headphones,1,1/11/2019 9:00
142836,Google Phone,1,1/30/2019 9:10
142837,iPhone,1,1/19/2019 16:32
142837,Wired Headphones,1,1/19/2019 16:32
142838,AAA Batteries (4-pack),2,1/2/2019 12:28
142839,27in FHD Monitor,1,1/18/2019 9:38
142840,27in 4K Gaming Monitor,1,1/31/2019 10:58
142841,Lightning Charging Cable,1,1/29/2019 9:18
142842,USB-C Charging Cable,1,1/19/2019 19:56
142843,Bose SoundSport Headphones,1,1/14/2019 10:16
142844,27in FHD Monitor,1,1/7/2019 12:29
142845,34in Ultrawide Monitor,1,1/3/2019 17:53
142846,iPhone,1,1/19/2019 21:30
142847,Apple Airpods Headphones,1,1/27/2019 19:58
142848,Lightning Charging Cable,1,1/8/2019 12:05
142849,Apple Airpods Headphones,1,1/30/2019 15:41
,,,
142850,Bose SoundSport Headphones,1,1/9/2019 17:00
142851,Vareebadd Phone,1,1/8/2019 16:38
142852,AAA Batteries (4-pack),1,1/13/2019 21:19
142853,34in Ultrawide Monitor,1,1/20/2019 11:47
142854,USB-C Charging Cable,1,1/16/2019 13:27
142855,Wired Headphones,1,1/14/2019 20:39
142856,Vareebadd Phone,1,1/20/2019 10:56
142857,iPhone,1,1/31/2019 10:39
142858,AAA Batteries (4-pack),1,1/19/2019 9:21
142859,AA Batteries (4-pack),1,1/9/2019 22:25
142860,AAA Batteries (4-pack),1,1/8/2019 14:44
142861,Wired Headphones,1,1/4/2019 23:37
142862,iPhone,1,1/30/2019 9:51
142863,Lightning Charging Cable,1,1/31/2019 21:12
142864,27in FHD Monitor,1,1/17/2019 18:01
142865,Apple Airpods Headphones,1,1/5/2019 17:37
142866,USB-C Charging Cable,1,1/13/2019 20:05
142867,Apple Airpods Headphones,1,1/27/2019 16:07
142868,27in FHD Monitor,1,1/27/2019 8:01
142869,Macbook Pro Laptop,1,1/19/2019 15:40
142870,Bose SoundSport Headphones,1,1/23/2019 8:07
142871,Wired Headphones,2,1/26/2019 15:44
142872,Wired Headphones,1,1/6/2019 16:19
142873,34in Ultrawide Monitor,1,1/29/2019 15:55
142873,Wired Headphones,1,1/29/2019 15:55
142874,AAA Batteries (4-pack),2,1/14/2019 11:37
142875,Apple Airpods Headphones,1,1/9/2019 3:27
142876,LG Dryer,1,1/26/2019 17:11
142877,ThinkPad Laptop,1,1/22/2019 21:30
142878,Apple Airpods Headphones,1,1/17/2019 10:17
142879,Lightning Charging Cable,1,1/7/2019 12:16
142880,Lightning Charging Cable,1,1/29/2019 20:54
142881,20in Monitor,1,1/24/2019 6:20
142882,Bose SoundSport Headphones,1,1/9/2019 11:03
142883,27in 4K Gaming Monitor,1,1/5/2019 12:22
142884,USB-C Charging Cable,3,1/4/2019 22:52
142885,AA Batteries (4-pack),1,1/24/2019 13:13
142886,Google Phone,1,1/24/2019 10:12
142887,Wired Headphones,1,1/25/2019 12:14
142888,USB-C Charging Cable,2,1/31/2019 15:45
142889,Apple Airpods Headphones,1,1/6/2019 1:43
142890,Lightning Charging Cable,1,1/19/2019 15:33
142891,34in Ultrawide Monitor,1,1/30/2019 14:58
142892,34in Ultrawide Monitor,1,1/10/2019 10:22
142893,Lightning Charging Cable,1,1/5/2019 20:07
142894,Flatscreen TV,1,1/31/2019 10:19
142895,Bose SoundSport Headphones,1,1/15/2019 10:57
142896,Lightning Charging Cable,1,1/16/2019 14:20
142897,USB-C Charging Cable,1,1/22/2019 8:09
142898,USB-C Charging Cable,1,1/16/2019 23:52
142899,AAA Batteries (4-pack),1,1/9/2019 15:59
142900,AA Batteries (4-pack),2,1/15/2019 23:43
142901,Bose SoundSport Headphones,1,1/13/2019 11:11
142902,ThinkPad Laptop,1,1/20/2019 11:15
142903,AA Batteries (4-pack),1,1/22/2019 4:34
142904,Wired Headphones,1,1/2/2019 18:22
142905,USB-C Charging Cable,1,1/17/2019 9:46
142906,Bose SoundSport Headphones,1,1/24/2019 13:18
142907,27in 4K Gaming Monitor,1,1/28/2019 14:06
142908,Apple Airpods Headphones,1,1/8/2019 12:08
142909,AAA Batteries (4-pack),1,1/13/2019 11:21
142910,AAA Batteries (4-pack),1,1/1/2019 19:00
142911,USB-C Charging Cable,1,1/22/2019 16:58
142912,20in Monitor,1,1/30/2019 21:27
142913,AA Batteries (4-pack),2,1/12/2019 20:08
142914,iPhone,1,1/1/2019 12:35
142915,Bose SoundSport Headphones,1,1/31/2019 17:42
142916,Wired Headphones,2,1/25/2019 15:32
142917,Lightning Charging Cable,2,1/1/2019 14:45
142918,Macbook Pro Laptop,1,1/8/2019 23:38
142919,AA Batteries (4-pack),1,1/11/2019 17:43
142920,Lightning Charging Cable,1,1/20/2019 16:04
142921,AAA Batteries (4-pack),1,1/24/2019 15:19
142922,27in FHD Monitor,1,1/27/2019 12:48
142923,Lightning Charging Cable,1,1/4/2019 23:17
142924,Macbook Pro Laptop,1,1/31/2019 11:14
142925,iPhone,1,1/26/2019 13:06
142925,Lightning Charging Cable,1,1/26/2019 13:06
142926,Apple Airpods Headphones,1,1/9/2019 11:50
142927,Apple Airpods Headphones,1,1/19/2019 3:08
142928,Wired Headphones,1,1/31/2019 14:35
142929,Lightning Charging Cable,1,1/9/2019 17:04
142930,Bose SoundSport Headphones,1,1/14/2019 12:00
142931,USB-C Charging Cable,1,1/26/2019 0:58
142932,Vareebadd Phone,1,1/11/2019 10:24
142933,ThinkPad Laptop,1,1/30/2019 17:54
142934,Lightning Charging Cable,1,1/31/2019 20:50
142935,AAA Batteries (4-pack),2,1/14/2019 12:57
142936,Bose SoundSport Headphones,1,1/10/2019 18:14
142937,USB-C Charging Cable,1,1/31/2019 21:24
142938,20in Monitor,1,1/31/2019 11:44
142939,LG Washing Machine,1,1/25/2019 12:35
142940,20in Monitor,2,1/12/2019 8:40
142941,AA Batteries (4-pack),1,1/8/2019 22:00
142942,27in FHD Monitor,1,1/25/2019 0:53
142943,Wired Headphones,1,1/16/2019 11:01
142944,Lightning Charging Cable,1,1/10/2019 21:59
142945,Bose SoundSport Headphones,1,1/4/2019 11:16
142946,AAA Batteries (4-pack),1,1/31/2019 12:45
142947,AA Batteries (4-pack),1,1/1/2019 13:31
142948,AAA Batteries (4-pack),1,1/31/2019 15:43
142949,27in FHD Monitor,1,1/4/2019 14:25
142950,AA Batteries (4-pack),1,1/27/2019 10:09
142951,Flatscreen TV,1,1/27/2019 15:20
142952,27in 4K Gaming Monitor,1,1/4/2019 12:20
142953,AAA Batteries (4-pack),1,1/4/2019 14:08
142954,Apple Airpods Headphones,1,1/22/2019 12:48
142955,AA Batteries (4-pack),2,1/6/2019 21:32
142956,Apple Airpods Headphones,1,1/3/2019 8:21
142957,Apple Airpods Headphones,1,1/26/2019 17:26
142958,27in 4K Gaming Monitor,1,1/5/2019 23:46
142959,Apple Airpods Headphones,1,1/17/2019 7:47
142960,AAA Batteries (4-pack),1,1/20/2019 9:52
142961,Apple Airpods Headphones,1,1/27/2019 8:19
142962,USB-C Charging Cable,1,1/11/2019 23:04
142963,Wired Headphones,1,1/14/2019 17:12
142964,20in Monitor,1,1/22/2019 19:19
142965,Google Phone,1,1/5/2019 18:22
142965,USB-C Charging Cable,1,1/5/2019 18:22
142966,Apple Airpods Headphones,1,1/6/2019 12:57
142967,27in 4K Gaming Monitor,1,1/20/2019 19:16
142968,Flatscreen TV,1,1/11/2019 19:10
142969,Apple Airpods Headphones,1,1/13/2019 16:47
142970,USB-C Charging Cable,1,1/20/2019 8:20
142971,Lightning Charging Cable,1,1/27/2019 9:53
142972,Google Phone,1,1/6/2019 18:30
142973,iPhone,1,1/4/2019 15:21
142974,AA Batteries (4-pack),1,1/25/2019 21:55
142975,Lightning Charging Cable,2,1/16/2019 22:39
142976,Bose SoundSport Headphones,1,1/4/2019 9:26
142977,AAA Batteries (4-pack),1,1/13/2019 9:36
142978,Wired Headphones,1,1/18/2019 19:10
142979,Apple Airpods Headphones,1,1/23/2019 14:24
142980,USB-C Charging Cable,1,1/7/2019 12:07
142981,Apple Airpods Headphones,1,1/24/2019 23:26
142982,Lightning Charging Cable,1,1/30/2019 16:23
142983,Bose SoundSport Headphones,1,1/29/2019 18:41
142984,AAA Batteries (4-pack),2,1/7/2019 21:04
142985,Wired Headphones,1,1/19/2019 9:37
142986,AA Batteries (4-pack),2,1/28/2019 20:17
142987,Lightning Charging Cable,1,1/12/2019 17:05
142988,Wired Headphones,1,1/20/2019 16:03
142989,Vareebadd Phone,1,1/10/2019 0:21
142989,USB-C Charging Cable,1,1/10/2019 0:21
142990,USB-C Charging Cable,1,1/30/2019 5:27
142991,AA Batteries (4-pack),2,1/14/2019 15:05
142992,27in 4K Gaming Monitor,1,1/13/2019 19:53
142993,USB-C Charging Cable,1,1/8/2019 5:14
142994,Lightning Charging Cable,1,1/1/2019 19:00
142995,Apple Airpods Headphones,1,1/20/2019 19:16
142996,AAA Batteries (4-pack),1,1/1/2019 21:01
142997,iPhone,1,1/26/2019 1:52
142997,Wired Headphones,1,1/26/2019 1:52
142998,27in FHD Monitor,1,1/7/2019 15:17
142999,AAA Batteries (4-pack),1,1/27/2019 4:22
143000,USB-C Charging Cable,1,1/27/2019 20:47
143001,AAA Batteries (4-pack),5,1/30/2019 10:26
143002,Lightning Charging Cable,1,1/24/2019 11:27
143003,Lightning Charging Cable,1,1/17/2019 10:58
143004,27in 4K Gaming Monitor,1,1/18/2019 17:56
143005,27in 4K Gaming Monitor,1,1/27/2019 17:24
143006,Google Phone,1,1/29/2019 14:17
143006,Bose SoundSport Headphones,1,1/29/2019 14:17
143006,Wired Headphones,1,1/29/2019 14:17
143007,34in Ultrawide Monitor,1,1/3/2019 20:20
143008,Bose SoundSport Headphones,1,1/13/2019 8:27
143009,Wired Headphones,1,1/10/2019 21:34
143010,Wired Headphones,1,1/13/2019 10:41
143011,Bose SoundSport Headphones,1,1/13/2019 9:09
143012,AAA Batteries (4-pack),1,1/30/2019 18:38
143013,Google Phone,1,1/17/2019 22:18
143014,Bose SoundSport Headphones,1,1/13/2019 20:52
143015,AA Batteries (4-pack),1,1/22/2019 15:17
143016,AA Batteries (4-pack),1,1/11/2019 7:55
143017,AA Batteries (4-pack),1,1/20/2019 2:53
143018,Lightning Charging Cable,1,1/3/2019 10:02
143019,Macbook Pro Laptop,1,1/18/2019 12:41
143020,ThinkPad Laptop,1,1/31/2019 17:12
143021,iPhone,1,1/26/2019 9:32
143021,Lightning Charging Cable,1,1/26/2019 9:32
143021,Apple Airpods Headphones,1,1/26/2019 9:32
143022,Google Phone,1,1/27/2019 19:02
143023,USB-C Charging Cable,1,1/21/2019 12:33
143024,Macbook Pro Laptop,1,1/27/2019 12:48
143025,27in FHD Monitor,1,1/20/2019 13:37
143026,USB-C Charging Cable,1,1/8/2019 21:22
143027,27in FHD Monitor,1,1/24/2019 20:27
143028,AAA Batteries (4-pack),2,1/8/2019 14:35
143029,Lightning Charging Cable,1,1/21/2019 19:37
143030,Lightning Charging Cable,1,1/9/2019 15:23
143031,Wired Headphones,1,1/18/2019 16:23
143032,Bose SoundSport Headphones,1,1/8/2019 20:25
143033,AAA Batteries (4-pack),1,1/14/2019 16:50
143034,LG Dryer,1,1/31/2019 9:26
143035,Apple Airpods Headphones,1,1/8/2019 14:47
143036,20in Monitor,1,1/29/2019 9:20
143037,AAA Batteries (4-pack),1,1/18/2019 22:40
Order ID,Product,Quantity Ordered,Order Date
143038,Wired Headphones,1,1/4/2019 12:53
143039,USB-C Charging Cable,1,1/28/2019 7:11
143040,iPhone,1,1/24/2019 21:05
143040,Lightning Charging Cable,1,1/24/2019 21:05
143041,Wired Headphones,1,1/22/2019 14:48
143042,20in Monitor,1,1/7/2019 7:42
143043,AAA Batteries (4-pack),1,1/26/2019 15:07
143044,USB-C Charging Cable,1,1/3/2019 19:19
143045,Lightning Charging Cable,1,1/15/2019 9:25
143046,USB-C Charging Cable,1,1/14/2019 14:42
143047,Wired Headphones,2,1/23/2019 8:08
143048,AAA Batteries (4-pack),1,1/17/2019 16:36
143049,Apple Airpods Headphones,1,1/22/2019 17:39
143050,AAA Batteries (4-pack),1,1/3/2019 16:49
143051,iPhone,1,1/25/2019 19:53
143052,34in Ultrawide Monitor,1,1/19/2019 18:53
143053,AAA Batteries (4-pack),2,1/18/2019 13:24
143054,Bose SoundSport Headphones,1,1/27/2019 14:53
143055,Apple Airpods Headphones,1,1/31/2019 21:53
143056,27in FHD Monitor,1,1/29/2019 22:15
143057,Flatscreen TV,1,1/21/2019 12:35
143058,Google Phone,1,1/17/2019 11:01
143059,USB-C Charging Cable,1,1/15/2019 8:48
143060,Wired Headphones,1,1/21/2019 16:20
143060,AA Batteries (4-pack),3,1/21/2019 16:20
143061,iPhone,1,1/13/2019 20:25
143062,20in Monitor,1,1/26/2019 14:14
143062,USB-C Charging Cable,2,1/26/2019 14:14
143063,USB-C Charging Cable,1,1/17/2019 14:27
143064,USB-C Charging Cable,1,1/15/2019 14:26
143065,Lightning Charging Cable,1,1/19/2019 10:16
143065,Apple Airpods Headphones,1,1/19/2019 10:16
143066,USB-C Charging Cable,1,1/16/2019 23:13
143067,iPhone,1,1/20/2019 9:23
143067,Wired Headphones,1,1/20/2019 9:23
143068,Bose SoundSport Headphones,1,1/25/2019 11:49
143068,Apple Airpods Headphones,1,1/25/2019 11:49
143069,Wired Headphones,1,1/26/2019 21:00
143070,27in FHD Monitor,1,1/22/2019 17:11
143071,AAA Batteries (4-pack),1,1/20/2019 15:41
143072,Lightning Charging Cable,1,1/10/2019 19:15
143073,AAA Batteries (4-pack),1,1/20/2019 14:10
143074,Google Phone,1,1/22/2019 13:49
143074,USB-C Charging Cable,1,1/22/2019 13:49
143075,27in 4K Gaming Monitor,1,1/14/2019 10:25
143076,27in 4K Gaming Monitor,1,1/4/2019 14:04
143077,Wired Headphones,1,1/27/2019 0:40
143078,Lightning Charging Cable,1,1/22/2019 15:49
143079,20in Monitor,1,1/11/2019 12:54
143080,Apple Airpods Headphones,1,1/24/2019 23:06
143081,Wired Headphones,1,1/19/2019 15:42
143082,Lightning Charging Cable,1,1/14/2019 13:04
143083,Lightning Charging Cable,1,1/31/2019 11:26
143084,USB-C Charging Cable,1,1/4/2019 8:07
143085,Flatscreen TV,1,1/24/2019 18:38
143086,AAA Batteries (4-pack),1,1/22/2019 13:08
143087,ThinkPad Laptop,1,1/8/2019 0:04
143088,20in Monitor,1,1/26/2019 8:50
143089,Lightning Charging Cable,1,1/9/2019 11:14
143090,Wired Headphones,1,1/22/2019 1:39
143091,Apple Airpods Headphones,1,1/27/2019 11:40
143092,34in Ultrawide Monitor,1,1/2/2019 9:03
143093,LG Dryer,1,1/10/2019 13:50
143094,27in FHD Monitor,1,1/20/2019 10:04
143095,Lightning Charging Cable,1,1/22/2019 12:09
143095,Apple Airpods Headphones,1,1/22/2019 12:09
143096,LG Washing Machine,1,1/19/2019 18:33
143097,Wired Headphones,2,1/3/2019 8:16
143098,AA Batteries (4-pack),2,1/4/2019 17:29
143099,Wired Headphones,1,1/1/2019 18:34
143100,Apple Airpods Headphones,1,1/13/2019 6:30
143101,USB-C Charging Cable,1,1/22/2019 15:49
143102,27in FHD Monitor,1,1/30/2019 12:10
143103,AA Batteries (4-pack),1,1/7/2019 12:14
143104,Lightning Charging Cable,1,1/23/2019 18:31
143105,Google Phone,1,1/17/2019 13:01
143106,Bose SoundSport Headphones,1,1/16/2019 23:07
143107,Wired Headphones,1,1/16/2019 23:55
143108,20in Monitor,1,1/4/2019 11:37
143109,iPhone,1,1/10/2019 16:46
143110,AAA Batteries (4-pack),2,1/20/2019 9:49
143111,iPhone,1,1/21/2019 20:44
143111,Lightning Charging Cable,1,1/21/2019 20:44
143111,Wired Headphones,1,1/21/2019 20:44
143112,AAA Batteries (4-pack),1,1/10/2019 0:04
143113,Vareebadd Phone,1,1/30/2019 16:46
143114,Bose SoundSport Headphones,1,1/22/2019 17:23
143115,USB-C Charging Cable,1,1/2/2019 0:24
143116,Lightning Charging Cable,1,1/9/2019 21:33
143117,USB-C Charging Cable,1,1/15/2019 10:09
143118,Bose SoundSport Headphones,1,1/21/2019 8:33
143119,AAA Batteries (4-pack),2,1/23/2019 18:37
143120,AAA Batteries (4-pack),1,1/16/2019 12:20
143121,Wired Headphones,1,1/4/2019 20:04
143122,34in Ultrawide Monitor,1,1/17/2019 16:43
143123,Flatscreen TV,1,1/16/2019 8:03
143124,Wired Headphones,1,1/9/2019 8:08
143125,AAA Batteries (4-pack),1,1/15/2019 21:42
143126,AAA Batteries (4-pack),1,1/4/2019 15:11
143127,LG Dryer,1,1/6/2019 23:06
143128,Bose SoundSport Headphones,1,1/29/2019 15:58
143129,27in FHD Monitor,1,1/14/2019 18:54
143130,27in FHD Monitor,1,1/1/2019 14:24
143131,Apple Airpods Headphones,1,1/1/2019 18:07
143132,27in FHD Monitor,1,1/2/2019 22:23
143133,AA Batteries (4-pack),1,1/23/2019 8:00
143134,USB-C Charging Cable,1,1/8/2019 9:59
143135,Wired Headphones,1,1/22/2019 1:21
143136,27in 4K Gaming Monitor,1,1/11/2019 16:00
143137,Lightning Charging Cable,1,1/17/2019 19:57
143138,AA Batteries (4-pack),1,1/29/2019 14:07
143139,AAA Batteries (4-pack),1,1/5/2019 23:13
143140,iPhone,1,1/23/2019 5:46
143141,Apple Airpods Headphones,1,1/27/2019 13:35
143142,Wired Headphones,1,1/13/2019 10:27
143142,ThinkPad Laptop,1,1/13/2019 10:27
143143,LG Dryer,1,1/19/2019 13:44
143143,Flatscreen TV,1,1/19/2019 13:44
143144,27in 4K Gaming Monitor,1,1/4/2019 17:10
143145,AA Batteries (4-pack),1,1/11/2019 23:17
143146,Google Phone,1,1/9/2019 17:01
143146,USB-C Charging Cable,1,1/9/2019 17:01
143147,ThinkPad Laptop,1,1/1/2019 21:28
143148,27in FHD Monitor,1,1/28/2019 16:59
143149,27in FHD Monitor,1,1/25/2019 18:27
143150,Apple Airpods Headphones,1,1/20/2019 12:39
143151,AAA Batteries (4-pack),1,1/25/2019 5:31
143152,27in FHD Monitor,1,1/30/2019 0:32
143153,AA Batteries (4-pack),1,1/28/2019 18:56
143154,Lightning Charging Cable,1,1/19/2019 22:10
143155,27in FHD Monitor,1,1/11/2019 19:31
143156,27in FHD Monitor,1,1/27/2019 22:52
143157,27in FHD Monitor,1,1/29/2019 15:15
143158,USB-C Charging Cable,1,1/20/2019 3:28
143159,AAA Batteries (4-pack),3,1/20/2019 19:15
143160,ThinkPad Laptop,1,1/28/2019 9:07
143161,AA Batteries (4-pack),1,1/2/2019 8:47
143162,Bose SoundSport Headphones,1,1/24/2019 20:33
143163,Bose SoundSport Headphones,1,1/27/2019 14:13
143164,Lightning Charging Cable,1,1/11/2019 0:28
143165,Lightning Charging Cable,1,1/29/2019 17:12
143166,34in Ultrawide Monitor,1,1/8/2019 14:32
143167,34in Ultrawide Monitor,1,1/27/2019 22:19
143168,AAA Batteries (4-pack),1,1/8/2019 18:22
143169,20in Monitor,1,1/28/2019 16:41
143170,Apple Airpods Headphones,1,1/19/2019 17:27
143171,34in Ultrawide Monitor,1,1/16/2019 19:37
143172,USB-C Charging Cable,1,1/2/2019 23:32
143173,27in FHD Monitor,1,1/30/2019 18:51
143174,USB-C Charging Cable,1,1/5/2019 13:15
143175,ThinkPad Laptop,1,1/30/2019 12:38
143176,Wired Headphones,1,1/17/2019 8:52
143177,Wired Headphones,1,1/12/2019 22:01
143178,Wired Headphones,1,1/10/2019 13:13
143179,Wired Headphones,1,1/2/2019 10:25
143180,USB-C Charging Cable,1,1/25/2019 6:26
143181,27in FHD Monitor,1,1/2/2019 23:06
143182,27in FHD Monitor,1,1/3/2019 20:21
143183,Lightning Charging Cable,2,1/3/2019 13:10
143184,Lightning Charging Cable,1,1/3/2019 11:07
143185,Apple Airpods Headphones,1,1/5/2019 18:58
143186,27in 4K Gaming Monitor,1,1/7/2019 0:15
143187,Google Phone,1,1/24/2019 10:44
143188,27in 4K Gaming Monitor,1,1/19/2019 21:41
143189,27in FHD Monitor,1,1/15/2019 16:18
143190,Wired Headphones,1,1/9/2019 21:11
143191,AAA Batteries (4-pack),2,1/17/2019 12:01
143192,AAA Batteries (4-pack),1,1/16/2019 12:37
143193,20in Monitor,1,1/24/2019 7:33
143194,Lightning Charging Cable,1,1/21/2019 21:11
143195,AAA Batteries (4-pack),1,1/19/2019 10:03
143196,Vareebadd Phone,1,1/20/2019 18:45
143197,Bose SoundSport Headphones,1,1/7/2019 10:07
143198,AA Batteries (4-pack),1,1/5/2019 16:40
143199,Bose SoundSport Headphones,1,1/30/2019 7:49
143200,Macbook Pro Laptop,1,1/24/2019 18:55
143201,Google Phone,1,1/9/2019 13:22
143202,ThinkPad Laptop,1,1/1/2019 18:39
143203,Wired Headphones,1,1/19/2019 16:51
143204,AA Batteries (4-pack),2,1/15/2019 15:16
143205,AAA Batteries (4-pack),4,1/24/2019 21:40
143206,AA Batteries (4-pack),1,1/5/2019 7:57
143207,AA Batteries (4-pack),1,1/15/2019 23:54
143208,Wired Headphones,1,1/28/2019 12:10
143209,20in Monitor,1,1/25/2019 22:21
143210,Wired Headphones,1,1/4/2019 10:42
143211,AAA Batteries (4-pack),1,1/5/2019 11:08
143211,Apple Airpods Headphones,1,1/5/2019 11:08
143212,Lightning Charging Cable,1,1/22/2019 19:40
143213,Lightning Charging Cable,1,1/29/2019 5:33
143214,AAA Batteries (4-pack),2,1/3/2019 20:52
143215,AAA Batteries (4-pack),1,1/26/2019 15:32
143216,AAA Batteries (4-pack),1,1/13/2019 7:00
143217,27in 4K Gaming Monitor,1,1/6/2019 17:05
143218,Lightning Charging Cable,1,1/7/2019 12:15
143219,Apple Airpods Headphones,1,1/26/2019 17:31
143220,Bose SoundSport Headphones,1,1/24/2019 22:40
143221,AAA Batteries (4-pack),1,1/25/2019 17:32
143222,AA Batteries (4-pack),1,1/22/2019 9:16
143223,Bose SoundSport Headphones,1,1/16/2019 10:05
143224,AA Batteries (4-pack),1,1/8/2019 17:04
143225,AAA Batteries (4-pack),2,1/27/2019 11:28
143226,iPhone,1,1/5/2019 22:46
143227,USB-C Charging Cable,1,1/8/2019 10:53
143228,USB-C Charging Cable,1,1/4/2019 9:08
143229,USB-C Charging Cable,2,1/19/2019 12:16
143230,USB-C Charging Cable,1,1/28/2019 6:38
143231,USB-C Charging Cable,1,1/19/2019 0:26
143232,USB-C Charging Cable,1,1/23/2019 20:53
143233,27in FHD Monitor,1,1/17/2019 17:16
143234,AAA Batteries (4-pack),1,1/25/2019 13:50
143235,Wired Headphones,1,1/6/2019 4:24
143236,Apple Airpods Headphones,1,1/22/2019 11:13
143237,27in FHD Monitor,1,1/12/2019 13:23
143238,AA Batteries (4-pack),1,1/21/2019 8:56
143239,USB-C Charging Cable,1,1/3/2019 13:02
143240,iPhone,1,1/8/2019 21:04
143241,Wired Headphones,1,1/11/2019 11:39
143242,Bose SoundSport Headphones,1,1/18/2019 10:00
143243,iPhone,1,1/10/2019 19:02
143243,Lightning Charging Cable,1,1/10/2019 19:02
143243,Wired Headphones,1,1/10/2019 19:02
143244,27in 4K Gaming Monitor,1,1/16/2019 11:48
143245,Bose SoundSport Headphones,1,1/30/2019 18:11
143246,Bose SoundSport Headphones,1,1/15/2019 8:48
143247,Bose SoundSport Headphones,1,1/23/2019 18:50
143248,Bose SoundSport Headphones,1,1/20/2019 13:20
143249,ThinkPad Laptop,1,1/28/2019 22:04
143250,AAA Batteries (4-pack),1,1/5/2019 14:29
143251,Bose SoundSport Headphones,1,1/8/2019 19:34
143252,Lightning Charging Cable,1,1/3/2019 17:27
143253,USB-C Charging Cable,1,1/26/2019 13:19
143254,Bose SoundSport Headphones,1,1/5/2019 6:04
143255,USB-C Charging Cable,1,1/28/2019 23:04
143256,Bose SoundSport Headphones,1,1/4/2019 12:23
143257,Apple Airpods Headphones,1,1/16/2019 11:29
143258,USB-C Charging Cable,1,1/29/2019 21:20
143259,Google Phone,1,1/19/2019 13:39
143259,USB-C Charging Cable,1,1/19/2019 13:39
143260,Bose SoundSport Headphones,1,1/24/2019 18:00
143261,27in FHD Monitor,1,1/19/2019 11:39
143262,Bose SoundSport Headphones,1,1/7/2019 19:53
143263,Wired Headphones,2,1/6/2019 18:19
143264,AAA Batteries (4-pack),1,1/20/2019 17:34
143265,Lightning Charging Cable,1,1/12/2019 16:57
143266,Lightning Charging Cable,1,1/9/2019 9:08
143267,27in 4K Gaming Monitor,1,1/17/2019 17:41
143268,27in 4K Gaming Monitor,1,1/7/2019 10:28
143269,20in Monitor,1,1/21/2019 10:35
143270,AAA Batteries (4-pack),2,1/29/2019 11:18
143271,Google Phone,1,1/20/2019 19:00
143271,Wired Headphones,1,1/20/2019 19:00
143272,Macbook Pro Laptop,1,1/14/2019 12:58
143273,USB-C Charging Cable,1,1/3/2019 16:36
143274,iPhone,1,1/21/2019 19:08
143275,Google Phone,1,1/17/2019 0:39
143275,USB-C Charging Cable,2,1/17/2019 0:39
143276,USB-C Charging Cable,1,1/15/2019 23:17
143277,AA Batteries (4-pack),3,1/30/2019 8:33
143278,Wired Headphones,1,1/20/2019 15:08
143279,iPhone,1,1/6/2019 5:37
143280,Lightning Charging Cable,1,1/12/2019 9:48
143281,ThinkPad Laptop,1,1/21/2019 20:15
143282,Apple Airpods Headphones,1,1/26/2019 12:07
143283,AAA Batteries (4-pack),1,1/22/2019 22:58
143284,AAA Batteries (4-pack),1,1/8/2019 15:30
143285,AAA Batteries (4-pack),1,1/11/2019 10:57
143286,Apple Airpods Headphones,1,1/11/2019 1:00
143287,AAA Batteries (4-pack),1,1/12/2019 17:20
143288,Vareebadd Phone,1,1/16/2019 19:06
143289,AA Batteries (4-pack),2,1/3/2019 19:24
143290,Wired Headphones,1,1/11/2019 9:57
143291,Lightning Charging Cable,1,1/27/2019 17:28
143292,Apple Airpods Headphones,1,1/6/2019 23:39
143293,Apple Airpods Headphones,1,1/26/2019 13:47
143294,Wired Headphones,1,1/24/2019 10:16
143295,Google Phone,1,1/12/2019 18:07
143295,USB-C Charging Cable,1,1/12/2019 18:07
143296,Bose SoundSport Headphones,1,1/19/2019 21:40
143297,Flatscreen TV,1,1/27/2019 13:51
143298,USB-C Charging Cable,1,1/5/2019 11:46
143299,27in 4K Gaming Monitor,1,1/8/2019 11:46
143300,Wired Headphones,1,1/22/2019 13:49
143301,USB-C Charging Cable,1,1/16/2019 13:47
143302,AA Batteries (4-pack),2,1/27/2019 13:08
143303,AA Batteries (4-pack),1,1/19/2019 6:33
143304,USB-C Charging Cable,1,1/19/2019 0:39
143305,34in Ultrawide Monitor,1,1/22/2019 15:14
143306,Bose SoundSport Headphones,1,1/18/2019 14:24
143307,AA Batteries (4-pack),1,1/31/2019 23:18
143308,USB-C Charging Cable,1,1/5/2019 5:54
143309,Bose SoundSport Headphones,2,1/8/2019 19:13
143310,USB-C Charging Cable,1,1/13/2019 22:22
143311,USB-C Charging Cable,1,1/18/2019 9:27
143312,AA Batteries (4-pack),1,1/9/2019 21:28
143313,Apple Airpods Headphones,1,1/9/2019 0:39
143314,USB-C Charging Cable,1,1/18/2019 10:13
143315,USB-C Charging Cable,1,1/31/2019 18:30
143316,27in 4K Gaming Monitor,1,1/30/2019 0:34
143317,USB-C Charging Cable,1,1/6/2019 14:11
143318,20in Monitor,1,1/16/2019 13:29
143319,AA Batteries (4-pack),1,1/14/2019 8:23
143320,Wired Headphones,1,1/28/2019 18:51
143321,Apple Airpods Headphones,1,1/12/2019 14:39
143322,Flatscreen TV,1,1/20/2019 22:18
143323,AAA Batteries (4-pack),1,1/23/2019 9:48
143324,AAA Batteries (4-pack),1,1/18/2019 16:09
143325,Apple Airpods Headphones,1,1/26/2019 23:26
143326,Vareebadd Phone,1,1/23/2019 19:37
143326,USB-C Charging Cable,1,1/23/2019 19:37
143327,Lightning Charging Cable,1,1/10/2019 20:29
143328,Wired Headphones,1,1/20/2019 15:12
143329,Google Phone,1,1/16/2019 19:50
143330,Lightning Charging Cable,1,1/24/2019 19:35
143331,Wired Headphones,1,1/25/2019 10:47
143332,Wired Headphones,1,1/19/2019 1:21
143333,USB-C Charging Cable,1,1/21/2019 10:15
143334,USB-C Charging Cable,1,1/23/2019 20:11
143335,Apple Airpods Headphones,1,1/15/2019 9:20
143336,Wired Headphones,1,1/29/2019 9:45
143337,AA Batteries (4-pack),1,1/6/2019 17:25
143338,27in FHD Monitor,1,1/29/2019 11:16
143339,AA Batteries (4-pack),1,1/25/2019 9:15
143340,Lightning Charging Cable,1,1/1/2019 16:46
143341,ThinkPad Laptop,1,1/16/2019 10:35
143342,USB-C Charging Cable,1,1/1/2019 10:06
143343,AAA Batteries (4-pack),1,1/15/2019 12:06
143344,AAA Batteries (4-pack),1,1/17/2019 9:59
143345,Macbook Pro Laptop,1,1/21/2019 0:36
143346,27in FHD Monitor,1,1/3/2019 20:11
143347,Apple Airpods Headphones,1,1/15/2019 12:04
143348,Bose SoundSport Headphones,1,1/24/2019 10:02
143349,AAA Batteries (4-pack),1,1/18/2019 17:53
143350,Lightning Charging Cable,1,1/4/2019 10:14
143351,AA Batteries (4-pack),1,1/17/2019 19:05
143352,27in FHD Monitor,1,1/18/2019 13:14
143353,Wired Headphones,1,1/9/2019 11:36
143354,Lightning Charging Cable,1,1/17/2019 11:07
143355,27in 4K Gaming Monitor,1,1/25/2019 17:02
143356,ThinkPad Laptop,1,1/4/2019 22:38
143357,AAA Batteries (4-pack),1,1/15/2019 15:52
143357,27in 4K Gaming Monitor,1,1/15/2019 15:52
143358,Apple Airpods Headphones,1,1/15/2019 21:27
143359,AA Batteries (4-pack),1,1/22/2019 21:12
143360,Bose SoundSport Headphones,1,1/31/2019 22:36
143361,AA Batteries (4-pack),2,1/26/2019 20:10
143362,Bose SoundSport Headphones,1,1/13/2019 10:48
143363,34in Ultrawide Monitor,1,1/22/2019 11:13
143364,USB-C Charging Cable,1,1/7/2019 19:30
143365,Wired Headphones,1,1/2/2019 11:47
143366,Flatscreen TV,1,1/2/2019 19:10
143367,Wired Headphones,1,1/23/2019 9:49
143368,Apple Airpods Headphones,1,1/11/2019 22:01
143369,20in Monitor,1,1/20/2019 20:18
143370,ThinkPad Laptop,1,1/15/2019 23:39
143371,20in Monitor,1,1/5/2019 12:20
143372,Apple Airpods Headphones,1,1/18/2019 12:10
143373,iPhone,1,1/14/2019 12:12
143374,AA Batteries (4-pack),1,1/19/2019 21:26
143375,Flatscreen TV,1,1/21/2019 15:21
143376,Bose SoundSport Headphones,1,1/2/2019 18:33
143377,AAA Batteries (4-pack),1,1/23/2019 19:15
143378,Bose SoundSport Headphones,1,1/2/2019 14:04
143378,AA Batteries (4-pack),1,1/2/2019 14:04
143379,34in Ultrawide Monitor,1,1/12/2019 19:01
143379,Lightning Charging Cable,1,1/12/2019 19:01
143380,Lightning Charging Cable,1,1/5/2019 8:36
143381,Lightning Charging Cable,1,1/9/2019 3:38
143382,Lightning Charging Cable,1,1/22/2019 13:37
143383,iPhone,1,1/27/2019 21:23
143384,Lightning Charging Cable,1,1/1/2019 17:13
143385,Wired Headphones,1,1/12/2019 13:43
143386,AAA Batteries (4-pack),2,1/5/2019 17:49
143387,Wired Headphones,1,1/8/2019 20:55
143388,Wired Headphones,1,1/14/2019 10:53
143389,Apple Airpods Headphones,1,1/4/2019 11:04
143390,Lightning Charging Cable,2,1/2/2019 15:58
143391,Flatscreen TV,1,1/31/2019 13:34
143392,USB-C Charging Cable,1,1/16/2019 22:57
143393,Apple Airpods Headphones,1,1/14/2019 3:24
143393,USB-C Charging Cable,1,1/14/2019 3:24
143394,Wired Headphones,1,1/1/2019 14:32
143395,27in FHD Monitor,1,1/19/2019 14:28
143396,USB-C Charging Cable,1,1/3/2019 11:54
143397,USB-C Charging Cable,1,1/6/2019 12:47
143398,USB-C Charging Cable,1,1/12/2019 11:30
143399,Vareebadd Phone,1,1/21/2019 13:01
143400,AAA Batteries (4-pack),1,1/16/2019 12:05
143401,USB-C Charging Cable,1,1/6/2019 10:25
143402,USB-C Charging Cable,1,1/8/2019 10:58
143403,LG Washing Machine,1,1/18/2019 14:10
143404,Apple Airpods Headphones,1,1/21/2019 12:15
143405,Lightning Charging Cable,2,1/2/2019 13:50
143406,Lightning Charging Cable,1,1/11/2019 18:01
143407,Apple Airpods Headphones,1,1/9/2019 20:50
143408,Wired Headphones,1,1/2/2019 14:19
143409,Lightning Charging Cable,1,1/15/2019 22:10
143410,iPhone,1,1/2/2019 11:13
143411,iPhone,1,1/23/2019 16:15
143412,USB-C Charging Cable,1,1/1/2019 16:23
143413,Lightning Charging Cable,1,1/3/2019 18:34
143414,Lightning Charging Cable,1,1/4/2019 6:45
143415,AAA Batteries (4-pack),1,1/1/2019 20:28
143416,AAA Batteries (4-pack),7,1/24/2019 19:58
143417,AAA Batteries (4-pack),2,1/31/2019 15:54
143418,Bose SoundSport Headphones,1,1/17/2019 11:24
143419,Lightning Charging Cable,1,1/7/2019 8:56
143420,27in 4K Gaming Monitor,1,1/9/2019 3:54
143421,iPhone,1,1/26/2019 8:37
143422,Wired Headphones,1,1/5/2019 21:52
143423,Apple Airpods Headphones,1,1/19/2019 20:36
143424,Lightning Charging Cable,1,1/19/2019 20:03
143425,Vareebadd Phone,1,1/22/2019 20:10
143426,USB-C Charging Cable,2,1/25/2019 19:04
143427,Apple Airpods Headphones,1,1/14/2019 16:06
143427,ThinkPad Laptop,1,1/14/2019 16:06
143428,AA Batteries (4-pack),3,1/27/2019 14:32
143429,27in FHD Monitor,1,1/12/2019 16:46
143430,34in Ultrawide Monitor,1,1/16/2019 14:24
143431,AA Batteries (4-pack),1,1/25/2019 21:32
143432,iPhone,1,1/6/2019 0:44
143433,Bose SoundSport Headphones,1,1/5/2019 14:40
143434,iPhone,1,1/17/2019 21:00
143435,27in 4K Gaming Monitor,1,1/18/2019 2:05
143436,Google Phone,1,1/21/2019 14:34
143436,USB-C Charging Cable,2,1/21/2019 14:34
143437,27in FHD Monitor,1,1/16/2019 6:43
143438,Apple Airpods Headphones,1,1/21/2019 22:17
143439,Google Phone,1,1/18/2019 13:55
143439,Wired Headphones,1,1/18/2019 13:55
143440,Wired Headphones,1,1/20/2019 17:24
143441,34in Ultrawide Monitor,1,1/8/2019 15:39
143442,Flatscreen TV,1,1/5/2019 13:26
143443,AAA Batteries (4-pack),1,1/29/2019 22:04
143444,Lightning Charging Cable,1,1/11/2019 19:11
143445,AA Batteries (4-pack),1,1/2/2019 17:58
143446,Lightning Charging Cable,1,1/28/2019 8:06
143447,USB-C Charging Cable,1,1/6/2019 21:04
143448,20in Monitor,1,1/9/2019 13:32
143449,ThinkPad Laptop,1,1/27/2019 11:55
143450,Bose SoundSport Headphones,1,1/31/2019 16:16
143451,ThinkPad Laptop,1,1/8/2019 16:27
143452,Lightning Charging Cable,1,1/3/2019 18:27
143453,USB-C Charging Cable,1,1/22/2019 5:54
143454,27in 4K Gaming Monitor,1,1/12/2019 14:24
143455,AAA Batteries (4-pack),1,1/22/2019 21:07
143455,Flatscreen TV,1,1/22/2019 21:07
143456,USB-C Charging Cable,1,1/16/2019 11:15
143457,USB-C Charging Cable,1,1/20/2019 21:31
143458,Wired Headphones,1,1/5/2019 9:27
143459,20in Monitor,1,1/6/2019 21:48
143460,20in Monitor,1,1/21/2019 0:14
143461,ThinkPad Laptop,1,1/20/2019 23:02
143462,Lightning Charging Cable,1,1/19/2019 23:54
143463,USB-C Charging Cable,1,1/13/2019 14:58
143464,USB-C Charging Cable,1,1/7/2019 14:41
143465,AA Batteries (4-pack),1,1/14/2019 19:42
143466,ThinkPad Laptop,1,1/12/2019 20:27
143467,27in FHD Monitor,1,1/11/2019 18:41
143468,27in FHD Monitor,1,1/10/2019 21:26
143469,Wired Headphones,1,1/5/2019 8:57
143470,Wired Headphones,1,1/25/2019 19:01
143471,AA Batteries (4-pack),1,1/11/2019 21:52
143472,27in FHD Monitor,1,1/2/2019 10:15
143473,Wired Headphones,1,1/12/2019 5:38
143474,27in 4K Gaming Monitor,1,1/26/2019 8:33
143475,iPhone,1,1/17/2019 14:39
143476,Apple Airpods Headphones,1,1/19/2019 19:23
143477,27in 4K Gaming Monitor,1,1/4/2019 11:55
143478,AAA Batteries (4-pack),2,1/13/2019 14:05
143479,27in FHD Monitor,1,1/7/2019 17:42
143480,Macbook Pro Laptop,1,1/7/2019 11:25
143481,AA Batteries (4-pack),1,1/27/2019 22:34
143482,USB-C Charging Cable,1,1/24/2019 8:07
143483,Vareebadd Phone,1,1/23/2019 17:32
143484,Lightning Charging Cable,1,1/1/2019 23:07
143485,USB-C Charging Cable,1,1/27/2019 20:26
143486,Lightning Charging Cable,1,1/22/2019 18:39
143487,Wired Headphones,1,1/16/2019 18:03
143488,Google Phone,1,1/10/2019 18:34
143489,Wired Headphones,1,1/24/2019 19:12
143490,Flatscreen TV,1,1/4/2019 8:04
143491,AA Batteries (4-pack),1,1/10/2019 21:48
143492,Apple Airpods Headphones,1,1/7/2019 9:00
143493,USB-C Charging Cable,1,1/30/2019 6:47
143494,AAA Batteries (4-pack),2,1/18/2019 23:24
143495,Apple Airpods Headphones,1,1/14/2019 17:10
143496,Wired Headphones,2,1/3/2019 19:19
143497,Bose SoundSport Headphones,1,1/1/2019 15:39
143498,AA Batteries (4-pack),3,1/1/2019 7:26
143499,AAA Batteries (4-pack),2,1/15/2019 13:30
143500,34in Ultrawide Monitor,1,1/10/2019 17:58
143501,AA Batteries (4-pack),2,1/10/2019 21:16
143502,Apple Airpods Headphones,1,1/6/2019 11:14
143503,27in 4K Gaming Monitor,1,1/15/2019 10:56
143504,USB-C Charging Cable,1,1/10/2019 16:06
143505,AAA Batteries (4-pack),3,1/16/2019 16:45
143506,AA Batteries (4-pack),1,1/1/2019 16:50
143507,Wired Headphones,1,1/2/2019 1:06
143508,USB-C Charging Cable,2,1/2/2019 20:17
143509,USB-C Charging Cable,1,1/11/2019 19:39
143510,Wired Headphones,1,1/24/2019 15:34
143511,USB-C Charging Cable,2,1/2/2019 13:25
143512,27in FHD Monitor,1,1/29/2019 13:05
143513,Wired Headphones,1,1/9/2019 23:02
143514,Flatscreen TV,1,1/11/2019 1:51
143515,AA Batteries (4-pack),1,1/28/2019 15:42
143516,Bose SoundSport Headphones,1,1/11/2019 21:03
143517,AA Batteries (4-pack),2,1/12/2019 18:59
143518,27in FHD Monitor,1,1/15/2019 9:51
143519,AAA Batteries (4-pack),1,1/25/2019 12:27
143520,AAA Batteries (4-pack),1,1/3/2019 18:35
143521,ThinkPad Laptop,1,1/17/2019 19:16
143522,Bose SoundSport Headphones,1,1/4/2019 12:03
143523,AA Batteries (4-pack),1,1/14/2019 5:43
143524,USB-C Charging Cable,1,1/4/2019 7:31
143525,AA Batteries (4-pack),3,1/25/2019 16:22
143526,iPhone,1,1/22/2019 14:04
143526,Wired Headphones,1,1/22/2019 14:04
143527,USB-C Charging Cable,1,1/19/2019 11:47
143528,Lightning Charging Cable,1,1/18/2019 22:12
143529,AA Batteries (4-pack),1,1/17/2019 11:27
143530,USB-C Charging Cable,1,1/17/2019 14:01
143531,Bose SoundSport Headphones,1,1/22/2019 21:09
143532,USB-C Charging Cable,1,1/7/2019 13:16
143533,USB-C Charging Cable,1,1/4/2019 18:15
143534,Apple Airpods Headphones,1,1/21/2019 16:22
143535,Lightning Charging Cable,1,1/12/2019 18:32
143536,27in 4K Gaming Monitor,1,1/13/2019 16:15
143537,Bose SoundSport Headphones,1,1/3/2019 11:19
143538,Apple Airpods Headphones,1,1/30/2019 19:19
143539,Google Phone,1,1/8/2019 0:26
143540,Apple Airpods Headphones,1,1/1/2019 10:49
143541,AA Batteries (4-pack),1,1/19/2019 19:25
143542,AAA Batteries (4-pack),1,1/9/2019 18:44
143543,USB-C Charging Cable,1,1/3/2019 11:57
143544,Bose SoundSport Headphones,1,1/17/2019 14:52
143545,Vareebadd Phone,1,1/24/2019 20:36
143545,Wired Headphones,1,1/24/2019 20:36
143546,AAA Batteries (4-pack),1,1/26/2019 10:19
143547,iPhone,1,1/1/2019 13:36
143548,AA Batteries (4-pack),2,1/9/2019 13:06
143549,AA Batteries (4-pack),1,1/29/2019 20:09
143550,USB-C Charging Cable,1,1/19/2019 17:20
143551,AAA Batteries (4-pack),2,1/16/2019 16:04
143552,34in Ultrawide Monitor,1,1/5/2019 19:14
143553,27in 4K Gaming Monitor,1,1/11/2019 20:33
143554,USB-C Charging Cable,1,1/18/2019 22:31
143555,Lightning Charging Cable,1,1/29/2019 19:58
143556,Vareebadd Phone,1,1/19/2019 14:30
143557,AA Batteries (4-pack),1,1/15/2019 20:33
143558,20in Monitor,1,1/30/2019 20:00
143559,AA Batteries (4-pack),1,1/8/2019 23:52
143560,AA Batteries (4-pack),1,1/24/2019 17:29
143561,Wired Headphones,1,1/13/2019 11:51
143562,AAA Batteries (4-pack),2,1/5/2019 12:21
143563,Lightning Charging Cable,1,1/10/2019 13:06
143564,Apple Airpods Headphones,1,1/4/2019 19:57
143565,Lightning Charging Cable,1,1/24/2019 9:05
143566,34in Ultrawide Monitor,1,1/26/2019 9:08
143567,27in 4K Gaming Monitor,1,1/30/2019 9:22
143568,Apple Airpods Headphones,1,1/27/2019 6:37
143569,Google Phone,1,1/23/2019 0:48
143570,AA Batteries (4-pack),1,1/16/2019 23:46
143571,Google Phone,1,1/12/2019 9:31
Order ID,Product,Quantity Ordered,Order Date
143572,AAA Batteries (4-pack),4,1/5/2019 8:52
143572,USB-C Charging Cable,1,1/5/2019 8:52
143573,Bose SoundSport Headphones,1,1/12/2019 15:08
143574,AAA Batteries (4-pack),1,1/13/2019 2:14
143575,USB-C Charging Cable,1,1/29/2019 2:15
143576,Lightning Charging Cable,1,1/9/2019 17:06
143577,Lightning Charging Cable,1,1/3/2019 16:04
143578,Bose SoundSport Headphones,1,1/18/2019 16:59
143579,Apple Airpods Headphones,1,1/15/2019 13:30
143580,27in 4K Gaming Monitor,1,1/15/2019 15:34
143581,Wired Headphones,1,1/9/2019 17:10
143582,34in Ultrawide Monitor,1,1/30/2019 12:22
143583,Wired Headphones,1,1/25/2019 15:28
143584,Wired Headphones,1,1/24/2019 11:54
143585,Wired Headphones,1,1/8/2019 23:41
143586,27in FHD Monitor,1,1/31/2019 15:21
143587,iPhone,1,1/15/2019 17:48
143588,Lightning Charging Cable,1,1/26/2019 19:24
143589,USB-C Charging Cable,1,1/1/2019 20:13
143590,iPhone,1,1/9/2019 15:18
143590,Lightning Charging Cable,1,1/9/2019 15:18
143591,Wired Headphones,1,1/26/2019 23:06
143592,Flatscreen TV,1,1/2/2019 16:06
143593,AAA Batteries (4-pack),1,1/1/2019 16:52
143594,LG Washing Machine,1,1/8/2019 21:25
143595,Bose SoundSport Headphones,1,1/14/2019 9:25
143596,Apple Airpods Headphones,1,1/15/2019 6:18
143597,Apple Airpods Headphones,1,1/2/2019 12:10
143598,Lightning Charging Cable,1,1/19/2019 12:01
143599,27in 4K Gaming Monitor,1,1/26/2019 10:38
143600,iPhone,1,1/1/2019 14:38
143601,iPhone,1,1/29/2019 19:59
143602,Bose SoundSport Headphones,1,1/16/2019 18:30
143603,Macbook Pro Laptop,1,1/17/2019 12:20
143604,USB-C Charging Cable,1,1/20/2019 17:09
143605,LG Washing Machine,1,1/22/2019 14:37
143606,AAA Batteries (4-pack),1,1/9/2019 14:48
143607,AAA Batteries (4-pack),2,1/3/2019 8:34
143608,34in Ultrawide Monitor,1,1/6/2019 22:14
143609,Apple Airpods Headphones,1,1/25/2019 23:34
143610,27in FHD Monitor,1,1/1/2019 13:58
143611,Macbook Pro Laptop,1,1/20/2019 12:54
143612,LG Washing Machine,1,1/7/2019 17:53
143613,Google Phone,1,1/6/2019 14:47
143614,27in FHD Monitor,1,1/14/2019 19:51
143615,Google Phone,1,1/12/2019 16:25
143616,Flatscreen TV,1,1/14/2019 9:39
143617,Lightning Charging Cable,1,1/8/2019 23:17
143618,AA Batteries (4-pack),1,1/13/2019 12:20
143619,USB-C Charging Cable,2,1/16/2019 12:58
143620,Google Phone,1,1/3/2019 18:55
143621,USB-C Charging Cable,1,1/10/2019 9:39
143622,AA Batteries (4-pack),1,1/25/2019 19:05
143623,USB-C Charging Cable,1,1/19/2019 21:19
143623,27in FHD Monitor,1,1/19/2019 21:19
143624,USB-C Charging Cable,1,1/4/2019 6:17
143625,USB-C Charging Cable,1,1/31/2019 11:34
143626,Apple Airpods Headphones,1,1/10/2019 12:27
143627,AAA Batteries (4-pack),2,1/21/2019 20:48
143628,AA Batteries (4-pack),1,1/20/2019 2:07
143628,27in 4K Gaming Monitor,1,1/20/2019 2:07
143629,Apple Airpods Headphones,1,1/5/2019 18:44
143630,iPhone,1,1/25/2019 22:00
143630,Wired Headphones,1,1/25/2019 22:00
143631,20in Monitor,1,1/22/2019 14:57
143632,Google Phone,1,1/8/2019 8:26
143632,USB-C Charging Cable,1,1/8/2019 8:26
143632,Wired Headphones,1,1/8/2019 8:26
143633,Wired Headphones,1,1/16/2019 15:28
143634,USB-C Charging Cable,1,1/11/2019 0:31
143635,Wired Headphones,1,1/29/2019 11:21
143636,Macbook Pro Laptop,1,1/17/2019 23:30
143637,USB-C Charging Cable,1,1/31/2019 8:57
143638,ThinkPad Laptop,1,1/4/2019 23:51
143639,USB-C Charging Cable,1,1/23/2019 12:39
143640,AA Batteries (4-pack),1,1/31/2019 9:29
143641,USB-C Charging Cable,1,1/18/2019 0:01
143641,20in Monitor,1,1/18/2019 0:01
143642,Wired Headphones,1,1/22/2019 21:48
143643,Lightning Charging Cable,1,1/12/2019 22:44
143644,Bose SoundSport Headphones,1,1/13/2019 11:16
143645,Wired Headphones,1,1/25/2019 18:31
143646,AAA Batteries (4-pack),1,1/6/2019 9:11
143647,Wired Headphones,1,1/23/2019 12:53
143648,AA Batteries (4-pack),1,1/22/2019 19:45
143649,27in FHD Monitor,1,1/4/2019 21:14
143650,Lightning Charging Cable,1,1/31/2019 22:06
143651,ThinkPad Laptop,1,1/7/2019 16:15
143652,AAA Batteries (4-pack),1,1/17/2019 6:22
143653,USB-C Charging Cable,1,1/24/2019 18:39
143654,AA Batteries (4-pack),1,1/25/2019 17:36
143655,20in Monitor,1,1/22/2019 16:39
143656,Lightning Charging Cable,1,1/22/2019 11:39
143657,27in FHD Monitor,1,1/5/2019 14:40
143658,Google Phone,1,1/5/2019 13:46
143658,USB-C Charging Cable,1,1/5/2019 13:46
143659,27in FHD Monitor,1,1/10/2019 18:22
143660,Wired Headphones,2,1/28/2019 20:07
143661,Bose SoundSport Headphones,1,1/4/2019 16:52
143662,Bose SoundSport Headphones,1,1/31/2019 22:55
143663,Bose SoundSport Headphones,1,1/28/2019 10:40
143664,ThinkPad Laptop,1,1/19/2019 15:44
143665,27in 4K Gaming Monitor,1,1/15/2019 0:28
143666,Apple Airpods Headphones,1,1/20/2019 9:22
143666,iPhone,1,1/20/2019 9:22
143667,Bose SoundSport Headphones,1,1/23/2019 12:00
143668,Macbook Pro Laptop,1,1/7/2019 9:50
143669,AA Batteries (4-pack),1,1/24/2019 21:32
143670,Wired Headphones,1,1/19/2019 8:01
143671,AAA Batteries (4-pack),1,1/4/2019 13:01
143672,Wired Headphones,1,1/30/2019 16:13
143673,27in FHD Monitor,1,1/21/2019 10:14
143674,Wired Headphones,2,1/1/2019 12:06
143675,Flatscreen TV,1,1/4/2019 1:32
143676,AA Batteries (4-pack),1,1/24/2019 3:31
143677,Wired Headphones,1,1/14/2019 19:02
143678,Lightning Charging Cable,1,1/28/2019 1:06
143679,iPhone,1,1/10/2019 19:46
143680,34in Ultrawide Monitor,2,1/10/2019 12:35
143681,AA Batteries (4-pack),3,1/3/2019 14:54
143682,AAA Batteries (4-pack),1,1/17/2019 10:40
143683,Vareebadd Phone,1,1/11/2019 12:02
143684,USB-C Charging Cable,1,1/23/2019 5:29
143685,34in Ultrawide Monitor,1,1/4/2019 16:55
143686,Lightning Charging Cable,1,1/23/2019 0:05
143687,Wired Headphones,1,1/7/2019 23:51
143688,USB-C Charging Cable,1,1/18/2019 10:39
143689,Apple Airpods Headphones,1,1/6/2019 15:28
143690,iPhone,1,1/16/2019 12:44
143691,LG Washing Machine,1,1/29/2019 9:30
143692,AAA Batteries (4-pack),1,1/15/2019 10:50
143693,AAA Batteries (4-pack),5,1/7/2019 13:20
143694,iPhone,1,1/3/2019 19:20
143694,Lightning Charging Cable,1,1/3/2019 19:20
143695,Google Phone,1,1/19/2019 23:29
143696,iPhone,1,1/21/2019 21:46
143696,Lightning Charging Cable,1,1/21/2019 21:46
143697,AA Batteries (4-pack),1,1/16/2019 10:12
143698,AAA Batteries (4-pack),2,1/6/2019 21:20
143699,27in 4K Gaming Monitor,1,1/1/2019 10:08
143700,AAA Batteries (4-pack),1,1/27/2019 17:38
143701,27in FHD Monitor,1,1/3/2019 22:54
143702,Wired Headphones,1,1/19/2019 18:18
143703,AAA Batteries (4-pack),2,1/3/2019 19:01
143704,Apple Airpods Headphones,1,1/14/2019 19:30
143705,AA Batteries (4-pack),2,1/25/2019 16:06
143706,Vareebadd Phone,1,1/24/2019 13:00
143707,Flatscreen TV,1,1/31/2019 17:48
143708,Bose SoundSport Headphones,1,1/5/2019 15:24
143709,Lightning Charging Cable,1,1/6/2019 7:39
143710,AA Batteries (4-pack),1,1/30/2019 19:50
143710,Wired Headphones,1,1/30/2019 19:50
143711,USB-C Charging Cable,1,1/13/2019 10:40
143712,Apple Airpods Headphones,1,1/11/2019 19:59
143713,27in FHD Monitor,1,1/12/2019 12:06
143714,Bose SoundSport Headphones,1,1/16/2019 20:32
143715,USB-C Charging Cable,1,1/1/2019 11:16
143716,27in 4K Gaming Monitor,1,1/16/2019 17:07
143717,Wired Headphones,1,1/20/2019 13:53
143718,27in FHD Monitor,1,1/26/2019 13:59
143719,AAA Batteries (4-pack),1,1/24/2019 21:54
143720,ThinkPad Laptop,1,1/23/2019 14:57
143721,27in 4K Gaming Monitor,1,1/28/2019 17:21
143722,Lightning Charging Cable,1,1/28/2019 5:07
143723,Lightning Charging Cable,1,1/10/2019 13:09
143724,USB-C Charging Cable,1,1/5/2019 19:10
143725,Apple Airpods Headphones,1,1/12/2019 16:49
143726,AAA Batteries (4-pack),3,1/8/2019 20:44
143727,27in FHD Monitor,1,1/27/2019 11:38
143728,AAA Batteries (4-pack),1,1/17/2019 19:23
143729,AAA Batteries (4-pack),1,1/24/2019 1:26
143730,27in 4K Gaming Monitor,1,1/12/2019 22:01
143731,Apple Airpods Headphones,1,1/22/2019 15:56
143732,Macbook Pro Laptop,1,1/1/2019 20:04
143733,AA Batteries (4-pack),1,1/11/2019 16:35
143734,AAA Batteries (4-pack),2,1/8/2019 17:51
143735,Wired Headphones,1,1/2/2019 18:25
143736,USB-C Charging Cable,1,1/10/2019 17:56
143737,Wired Headphones,1,1/20/2019 15:10
143738,iPhone,1,1/1/2019 13:29
143738,Lightning Charging Cable,1,1/1/2019 13:29
143739,20in Monitor,1,1/21/2019 9:19
143740,34in Ultrawide Monitor,1,1/11/2019 23:47
143741,Flatscreen TV,1,1/18/2019 19:56
143742,Wired Headphones,2,1/21/2019 20:00
143743,Lightning Charging Cable,1,1/14/2019 20:18
143744,USB-C Charging Cable,2,1/16/2019 11:38
143745,Wired Headphones,1,1/19/2019 21:28
143746,27in 4K Gaming Monitor,1,1/27/2019 18:41
143747,Lightning Charging Cable,1,1/30/2019 17:35
143748,Bose SoundSport Headphones,1,1/20/2019 21:05
143749,Bose SoundSport Headphones,1,1/29/2019 19:51
143750,Wired Headphones,1,1/3/2019 21:00
143751,AAA Batteries (4-pack),1,1/21/2019 9:39
143752,iPhone,1,1/30/2019 12:18
143752,Wired Headphones,1,1/30/2019 12:18
143753,Macbook Pro Laptop,1,1/16/2019 23:13
143754,Apple Airpods Headphones,1,1/10/2019 13:20
143755,Wired Headphones,1,1/1/2019 21:59
143756,Wired Headphones,1,1/28/2019 13:59
143757,USB-C Charging Cable,1,1/10/2019 17:02
143758,Lightning Charging Cable,1,1/4/2019 4:28
143759,ThinkPad Laptop,1,1/12/2019 14:41
143760,USB-C Charging Cable,1,1/19/2019 20:14
143761,USB-C Charging Cable,1,1/26/2019 11:07
143762,LG Washing Machine,1,1/5/2019 23:04
143763,Apple Airpods Headphones,1,1/1/2019 8:44
143764,Bose SoundSport Headphones,1,1/18/2019 13:07
143765,USB-C Charging Cable,1,1/7/2019 14:24
143766,AA Batteries (4-pack),1,1/4/2019 19:02
143767,20in Monitor,1,1/9/2019 20:55
143768,Lightning Charging Cable,1,1/14/2019 10:15
143769,27in FHD Monitor,1,1/15/2019 13:29
143770,AAA Batteries (4-pack),3,1/20/2019 22:24
143771,Bose SoundSport Headphones,1,1/15/2019 12:00
143772,AA Batteries (4-pack),1,1/10/2019 23:10
143773,Lightning Charging Cable,1,1/4/2019 6:20
143774,AAA Batteries (4-pack),1,1/19/2019 16:03
143775,27in FHD Monitor,1,1/20/2019 12:10
143776,Macbook Pro Laptop,1,1/8/2019 9:24
143777,ThinkPad Laptop,1,1/13/2019 20:55
143778,Apple Airpods Headphones,1,1/7/2019 13:42
143779,Wired Headphones,1,1/24/2019 10:46
143780,Flatscreen TV,1,1/5/2019 15:24
143781,iPhone,1,1/2/2019 1:13
143782,Wired Headphones,1,1/23/2019 15:27
143783,Apple Airpods Headphones,1,1/31/2019 17:36
143784,AA Batteries (4-pack),1,1/4/2019 16:32
143785,iPhone,1,1/9/2019 21:14
143786,Apple Airpods Headphones,1,1/20/2019 16:31
143787,Wired Headphones,1,1/27/2019 11:18
143788,USB-C Charging Cable,1,1/21/2019 9:49
143789,AAA Batteries (4-pack),1,1/27/2019 10:45
143790,Macbook Pro Laptop,1,1/8/2019 23:16
143791,AA Batteries (4-pack),2,1/11/2019 9:37
143792,Lightning Charging Cable,1,1/18/2019 19:47
143793,27in FHD Monitor,1,1/28/2019 11:33
143794,Apple Airpods Headphones,1,1/18/2019 9:09
143795,AAA Batteries (4-pack),2,1/8/2019 17:47
143796,Apple Airpods Headphones,1,1/3/2019 12:48
143797,Wired Headphones,1,1/10/2019 21:05
143798,Lightning Charging Cable,1,1/8/2019 23:57
143799,USB-C Charging Cable,1,1/4/2019 11:35
143800,Bose SoundSport Headphones,1,1/2/2019 11:00
143801,Lightning Charging Cable,1,1/5/2019 22:14
143802,27in 4K Gaming Monitor,1,1/8/2019 12:43
143802,iPhone,1,1/8/2019 12:43
143803,Bose SoundSport Headphones,1,1/2/2019 9:04
143804,AAA Batteries (4-pack),1,1/20/2019 22:23
143805,Flatscreen TV,1,1/30/2019 6:56
143806,34in Ultrawide Monitor,1,1/14/2019 12:58
143807,27in 4K Gaming Monitor,1,1/15/2019 0:30
143808,AA Batteries (4-pack),3,1/8/2019 15:13
143809,Apple Airpods Headphones,1,1/27/2019 0:57
143810,AA Batteries (4-pack),2,1/7/2019 18:48
143811,27in 4K Gaming Monitor,1,1/8/2019 16:29
143812,Bose SoundSport Headphones,1,1/25/2019 8:14
143813,AAA Batteries (4-pack),1,1/25/2019 22:36
143814,Apple Airpods Headphones,1,1/8/2019 15:53
143815,Macbook Pro Laptop,1,1/29/2019 15:08
143816,Bose SoundSport Headphones,1,1/16/2019 11:12
143817,USB-C Charging Cable,1,1/9/2019 11:03
143818,USB-C Charging Cable,1,1/24/2019 18:04
143819,USB-C Charging Cable,1,1/22/2019 0:26
143820,Flatscreen TV,1,1/30/2019 10:34
143821,Lightning Charging Cable,1,1/24/2019 7:48
143822,Apple Airpods Headphones,1,1/19/2019 11:17
143823,27in 4K Gaming Monitor,1,1/25/2019 13:23
143824,20in Monitor,1,1/20/2019 18:39
143825,USB-C Charging Cable,1,1/25/2019 18:11
143826,AAA Batteries (4-pack),1,1/9/2019 10:15
143827,ThinkPad Laptop,1,1/20/2019 16:43
143828,Wired Headphones,1,1/19/2019 22:08
143829,27in 4K Gaming Monitor,1,1/18/2019 13:53
143830,Flatscreen TV,1,1/25/2019 14:41
143831,Wired Headphones,1,1/22/2019 12:36
143831,Bose SoundSport Headphones,1,1/22/2019 12:36
143832,ThinkPad Laptop,1,1/11/2019 20:09
143833,USB-C Charging Cable,1,1/25/2019 13:48
143834,Bose SoundSport Headphones,1,1/14/2019 20:01
143835,Lightning Charging Cable,1,1/5/2019 19:13
143836,AAA Batteries (4-pack),1,1/2/2019 10:09
143837,Flatscreen TV,1,1/26/2019 23:14
143838,Bose SoundSport Headphones,1,1/24/2019 20:09
143839,AA Batteries (4-pack),1,1/8/2019 14:24
143840,AA Batteries (4-pack),1,1/10/2019 19:59
143841,27in 4K Gaming Monitor,1,1/18/2019 20:16
143842,AAA Batteries (4-pack),1,1/17/2019 9:05
143843,iPhone,1,1/10/2019 11:04
143844,Bose SoundSport Headphones,1,1/5/2019 14:13
143845,Bose SoundSport Headphones,1,1/14/2019 12:42
143846,Lightning Charging Cable,1,1/29/2019 11:44
143847,ThinkPad Laptop,1,1/17/2019 12:23
143848,Lightning Charging Cable,1,1/16/2019 17:01
143849,iPhone,1,1/8/2019 9:50
143850,AAA Batteries (4-pack),1,1/17/2019 8:31
143851,AA Batteries (4-pack),1,1/9/2019 1:01
143852,AA Batteries (4-pack),1,1/26/2019 16:48
143853,AAA Batteries (4-pack),1,1/15/2019 8:35
143854,USB-C Charging Cable,1,1/27/2019 19:51
143855,ThinkPad Laptop,1,1/5/2019 0:05
143856,27in FHD Monitor,1,1/26/2019 19:14
143857,Lightning Charging Cable,1,1/20/2019 21:11
143857,AAA Batteries (4-pack),1,1/20/2019 21:11
143858,AA Batteries (4-pack),1,1/9/2019 10:20
143859,Apple Airpods Headphones,1,1/3/2019 23:25
143860,Lightning Charging Cable,1,1/14/2019 13:46
143861,Vareebadd Phone,1,1/12/2019 9:18
143862,Apple Airpods Headphones,1,1/5/2019 19:12
143863,Lightning Charging Cable,1,1/1/2019 21:08
143864,Lightning Charging Cable,1,1/6/2019 11:06
143865,iPhone,1,1/26/2019 20:53
143865,Wired Headphones,1,1/26/2019 20:53
143866,27in 4K Gaming Monitor,1,1/8/2019 12:33
143867,USB-C Charging Cable,1,1/7/2019 14:04
143868,Apple Airpods Headphones,1,1/14/2019 12:27
143869,iPhone,1,1/11/2019 16:17
143869,Wired Headphones,1,1/11/2019 16:17
143870,27in FHD Monitor,1,1/22/2019 7:12
143871,AAA Batteries (4-pack),1,1/21/2019 14:36
143872,Lightning Charging Cable,2,1/10/2019 6:47
143873,Flatscreen TV,1,1/23/2019 6:40
143874,Lightning Charging Cable,1,1/30/2019 12:14
143875,USB-C Charging Cable,3,1/22/2019 10:00
143876,Apple Airpods Headphones,1,1/28/2019 22:09
143877,ThinkPad Laptop,1,1/4/2019 20:16
143878,AAA Batteries (4-pack),1,1/8/2019 20:38
143879,USB-C Charging Cable,1,1/28/2019 12:11
143880,ThinkPad Laptop,1,1/2/2019 15:45
143881,Wired Headphones,1,1/25/2019 14:47
143882,27in FHD Monitor,1,1/17/2019 10:26
143883,AA Batteries (4-pack),1,1/7/2019 15:41
143884,AAA Batteries (4-pack),2,1/13/2019 17:27
143885,Bose SoundSport Headphones,1,1/23/2019 20:54
143886,USB-C Charging Cable,1,1/9/2019 17:53
143887,AA Batteries (4-pack),1,1/19/2019 19:58
143888,Macbook Pro Laptop,1,1/17/2019 0:31
143889,27in 4K Gaming Monitor,1,1/25/2019 20:43
143890,USB-C Charging Cable,1,1/28/2019 5:46
143891,Bose SoundSport Headphones,1,1/22/2019 10:27
143892,Wired Headphones,1,1/19/2019 0:55
143893,34in Ultrawide Monitor,1,1/15/2019 5:49
143894,ThinkPad Laptop,1,1/26/2019 18:51
143895,ThinkPad Laptop,1,1/22/2019 12:17
143896,Google Phone,1,1/13/2019 23:00
143897,Google Phone,1,1/1/2019 13:15
143898,34in Ultrawide Monitor,1,1/18/2019 7:51
143899,Lightning Charging Cable,1,1/14/2019 10:52
143900,Apple Airpods Headphones,1,1/22/2019 15:23
143901,Flatscreen TV,1,1/8/2019 17:36
143902,AA Batteries (4-pack),1,1/11/2019 20:54
143903,USB-C Charging Cable,1,1/26/2019 19:37
143904,Macbook Pro Laptop,1,1/14/2019 12:42
143905,Bose SoundSport Headphones,1,1/2/2019 13:46
143906,Google Phone,1,1/30/2019 18:41
143907,AA Batteries (4-pack),1,1/5/2019 14:36
143908,Lightning Charging Cable,1,1/4/2019 0:41
143909,Wired Headphones,1,1/25/2019 11:30
143910,AA Batteries (4-pack),1,1/4/2019 18:21
143911,Apple Airpods Headphones,1,1/29/2019 18:57
143912,AA Batteries (4-pack),2,1/2/2019 16:17
143913,27in 4K Gaming Monitor,1,1/17/2019 11:39
143914,USB-C Charging Cable,1,1/18/2019 0:35
143915,Wired Headphones,1,1/5/2019 11:09
143916,27in FHD Monitor,1,1/15/2019 13:01
143917,Lightning Charging Cable,1,1/17/2019 11:53
143918,AAA Batteries (4-pack),1,1/16/2019 10:49
143919,Wired Headphones,2,1/2/2019 12:50
143920,Flatscreen TV,1,1/11/2019 19:05
143921,Macbook Pro Laptop,1,1/4/2019 13:43
143922,Lightning Charging Cable,1,1/4/2019 13:24
143923,Wired Headphones,1,1/8/2019 22:28
143924,Wired Headphones,1,1/12/2019 0:32
143925,27in FHD Monitor,1,1/7/2019 21:19
143926,Wired Headphones,1,1/24/2019 14:46
143927,Apple Airpods Headphones,1,1/9/2019 17:51
143928,27in FHD Monitor,1,1/28/2019 21:03
143929,34in Ultrawide Monitor,1,1/29/2019 23:20
143930,AAA Batteries (4-pack),1,1/18/2019 18:24
143931,USB-C Charging Cable,1,1/21/2019 12:02
143932,USB-C Charging Cable,1,1/16/2019 20:54
143933,Bose SoundSport Headphones,1,1/6/2019 10:06
143934,iPhone,1,1/12/2019 8:26
143935,Lightning Charging Cable,1,1/7/2019 12:06
143936,Bose SoundSport Headphones,1,1/20/2019 9:28
143937,27in 4K Gaming Monitor,1,1/9/2019 14:52
143938,20in Monitor,1,1/4/2019 22:05
143939,Lightning Charging Cable,1,1/28/2019 13:07
143940,ThinkPad Laptop,1,1/14/2019 18:43
143941,Wired Headphones,1,1/20/2019 20:24
143942,AA Batteries (4-pack),1,1/30/2019 9:42
143943,20in Monitor,1,1/16/2019 18:41
143944,Lightning Charging Cable,1,1/6/2019 18:05
143945,AA Batteries (4-pack),1,1/10/2019 9:26
143946,Wired Headphones,2,1/18/2019 18:15
143947,Flatscreen TV,1,1/17/2019 13:14
143948,Wired Headphones,1,1/6/2019 14:27
143949,USB-C Charging Cable,1,1/18/2019 22:02
143950,AA Batteries (4-pack),1,1/20/2019 12:44
143951,Apple Airpods Headphones,1,1/15/2019 21:45
143952,Wired Headphones,1,1/13/2019 14:11
143953,AA Batteries (4-pack),1,1/26/2019 11:24
143954,Wired Headphones,1,1/5/2019 15:44
143955,AA Batteries (4-pack),1,1/18/2019 10:20
143956,27in 4K Gaming Monitor,1,1/12/2019 12:10
143957,27in FHD Monitor,1,1/14/2019 10:35
143958,AAA Batteries (4-pack),4,1/21/2019 11:56
143959,Google Phone,1,1/19/2019 18:49
143959,USB-C Charging Cable,1,1/19/2019 18:49
143960,AA Batteries (4-pack),1,1/14/2019 0:34
143961,Bose SoundSport Headphones,1,1/17/2019 12:43
143962,27in 4K Gaming Monitor,1,1/19/2019 10:24
143963,34in Ultrawide Monitor,1,1/28/2019 1:06
143964,USB-C Charging Cable,1,1/6/2019 23:33
143965,Apple Airpods Headphones,1,1/21/2019 20:43
143966,iPhone,1,1/18/2019 22:26
143967,USB-C Charging Cable,1,1/11/2019 10:57
143968,iPhone,1,1/29/2019 11:21
143969,27in FHD Monitor,1,1/27/2019 12:23
143970,Apple Airpods Headphones,1,1/7/2019 11:00
143971,Lightning Charging Cable,1,1/10/2019 23:03
143972,USB-C Charging Cable,1,1/31/2019 7:41
143973,AAA Batteries (4-pack),2,1/23/2019 20:21
143974,Lightning Charging Cable,1,1/5/2019 16:46
143975,Google Phone,1,1/21/2019 22:53
143976,Bose SoundSport Headphones,1,1/3/2019 22:53
143977,34in Ultrawide Monitor,1,1/13/2019 14:27
143978,Wired Headphones,1,1/21/2019 23:08
143979,Lightning Charging Cable,2,1/12/2019 12:10
143980,Lightning Charging Cable,1,1/15/2019 22:04
143981,Lightning Charging Cable,1,1/17/2019 19:56
143982,Apple Airpods Headphones,1,1/6/2019 20:01
143983,Bose SoundSport Headphones,1,1/27/2019 22:47
143984,Wired Headphones,1,1/22/2019 14:54
143985,Lightning Charging Cable,1,1/8/2019 16:35
143986,Google Phone,1,1/29/2019 22:06
143986,USB-C Charging Cable,1,1/29/2019 22:06
143987,27in FHD Monitor,1,1/23/2019 20:04
143988,27in 4K Gaming Monitor,1,1/13/2019 19:24
143989,34in Ultrawide Monitor,1,1/13/2019 7:44
143990,Apple Airpods Headphones,1,1/23/2019 20:11
143991,USB-C Charging Cable,1,1/17/2019 21:55
143992,AAA Batteries (4-pack),1,1/13/2019 12:58
143993,27in 4K Gaming Monitor,1,1/25/2019 12:04
143994,ThinkPad Laptop,1,1/19/2019 9:37
143995,USB-C Charging Cable,1,1/16/2019 17:51
143996,Flatscreen TV,1,1/19/2019 15:53
143997,AAA Batteries (4-pack),2,1/8/2019 20:39
143998,iPhone,1,1/24/2019 11:12
143998,Wired Headphones,1,1/24/2019 11:12
143999,AAA Batteries (4-pack),1,1/19/2019 14:19
144000,ThinkPad Laptop,1,1/7/2019 22:08
144001,20in Monitor,1,1/11/2019 11:35
144002,Flatscreen TV,1,1/11/2019 10:24
144003,AAA Batteries (4-pack),1,1/22/2019 6:33
144004,20in Monitor,1,1/19/2019 21:37
144005,AAA Batteries (4-pack),1,1/10/2019 11:02
144006,AA Batteries (4-pack),3,1/17/2019 20:04
144007,Wired Headphones,1,1/22/2019 16:45
144008,AAA Batteries (4-pack),3,1/12/2019 15:58
144009,Apple Airpods Headphones,1,1/27/2019 20:56
144010,27in FHD Monitor,1,1/24/2019 15:31
144011,34in Ultrawide Monitor,1,1/4/2019 9:05
144012,Flatscreen TV,1,1/31/2019 14:59
144013,USB-C Charging Cable,1,1/13/2019 23:05
144014,AA Batteries (4-pack),2,1/11/2019 23:53
144015,27in 4K Gaming Monitor,1,1/3/2019 9:55
144016,AAA Batteries (4-pack),2,1/1/2019 23:12
144017,Lightning Charging Cable,1,1/14/2019 11:28
144018,Apple Airpods Headphones,1,1/9/2019 9:58
144019,20in Monitor,1,1/29/2019 12:26
144020,iPhone,1,1/10/2019 22:35
144021,AAA Batteries (4-pack),1,1/6/2019 6:05
144022,Google Phone,1,1/28/2019 8:33
144023,Wired Headphones,1,1/29/2019 12:10
144024,USB-C Charging Cable,1,1/21/2019 10:52
144025,AA Batteries (4-pack),1,1/21/2019 13:57
144026,AA Batteries (4-pack),1,1/18/2019 18:35
144027,AA Batteries (4-pack),1,1/16/2019 10:20
144028,AA Batteries (4-pack),1,1/18/2019 15:41
144029,Wired Headphones,1,1/15/2019 8:23
144030,iPhone,1,1/17/2019 11:40
144031,Lightning Charging Cable,1,1/3/2019 11:00
144032,Wired Headphones,1,1/17/2019 20:03
144033,AA Batteries (4-pack),1,1/7/2019 19:09
144034,AAA Batteries (4-pack),2,1/12/2019 11:58
144035,Apple Airpods Headphones,1,1/7/2019 23:17
144036,Vareebadd Phone,1,1/24/2019 20:08
144036,USB-C Charging Cable,1,1/24/2019 20:08
144037,iPhone,1,1/3/2019 15:50
144038,iPhone,1,1/23/2019 18:55
144039,AAA Batteries (4-pack),2,1/11/2019 19:41
144040,Macbook Pro Laptop,1,1/23/2019 0:11
144041,AA Batteries (4-pack),1,1/28/2019 5:10
144042,AA Batteries (4-pack),1,1/12/2019 12:16
144043,AAA Batteries (4-pack),1,1/15/2019 12:14
144044,iPhone,1,1/30/2019 21:04
144045,Wired Headphones,1,1/19/2019 7:33
144046,USB-C Charging Cable,1,1/12/2019 10:15
144047,Google Phone,1,1/18/2019 15:21
144047,Bose SoundSport Headphones,1,1/18/2019 15:21
144048,Apple Airpods Headphones,1,1/29/2019 15:03
144049,AA Batteries (4-pack),1,1/20/2019 14:11
144050,Lightning Charging Cable,1,1/10/2019 23:46
144051,Apple Airpods Headphones,1,1/28/2019 23:45
144052,LG Washing Machine,1,1/23/2019 16:08
144053,USB-C Charging Cable,1,1/30/2019 10:30
144054,iPhone,1,1/27/2019 21:27
144055,Lightning Charging Cable,1,1/28/2019 20:17
144055,USB-C Charging Cable,1,1/28/2019 20:17
144056,Lightning Charging Cable,1,1/12/2019 9:57
144057,Apple Airpods Headphones,1,1/20/2019 23:21
144058,27in FHD Monitor,1,1/7/2019 22:33
144058,Lightning Charging Cable,1,1/7/2019 22:33
144059,Lightning Charging Cable,1,1/10/2019 21:58
144060,Wired Headphones,1,1/23/2019 19:05
144061,27in 4K Gaming Monitor,1,1/7/2019 15:41
144062,Apple Airpods Headphones,1,1/2/2019 9:40
144063,iPhone,1,1/2/2019 13:53
144063,Apple Airpods Headphones,1,1/2/2019 13:53
144064,Bose SoundSport Headphones,1,1/17/2019 17:56
144065,Apple Airpods Headphones,1,1/23/2019 9:22
144066,Flatscreen TV,1,1/6/2019 10:36
144066,USB-C Charging Cable,1,1/6/2019 10:36
144067,Lightning Charging Cable,1,1/21/2019 10:26
144068,USB-C Charging Cable,1,1/30/2019 4:39
144069,LG Washing Machine,1,1/24/2019 20:23
144069,Bose SoundSport Headphones,1,1/24/2019 20:23
144070,Wired Headphones,1,1/4/2019 19:43
144071,ThinkPad Laptop,1,1/25/2019 19:17
144072,ThinkPad Laptop,1,1/25/2019 23:43
144073,AA Batteries (4-pack),1,1/17/2019 12:15
144074,Wired Headphones,1,1/20/2019 12:34
144075,AA Batteries (4-pack),2,1/28/2019 18:19
144076,27in 4K Gaming Monitor,1,1/31/2019 19:38
144077,Google Phone,1,1/5/2019 18:11
144078,USB-C Charging Cable,1,1/21/2019 9:46
144079,Lightning Charging Cable,1,1/31/2019 22:33
144080,USB-C Charging Cable,1,1/30/2019 20:45
144081,USB-C Charging Cable,1,1/21/2019 19:22
144082,AA Batteries (4-pack),1,1/15/2019 20:33
144083,Wired Headphones,1,1/8/2019 20:23
144084,AAA Batteries (4-pack),1,1/22/2019 16:13
144085,AAA Batteries (4-pack),2,1/28/2019 8:39
144086,AAA Batteries (4-pack),1,1/12/2019 19:07
144087,USB-C Charging Cable,1,1/27/2019 12:09
144088,USB-C Charging Cable,1,1/15/2019 12:26
144089,27in FHD Monitor,1,1/31/2019 18:51
144090,Bose SoundSport Headphones,1,1/21/2019 13:05
144091,AA Batteries (4-pack),1,1/18/2019 13:29
144092,iPhone,1,1/19/2019 21:07
144093,AAA Batteries (4-pack),1,1/3/2019 16:25
144094,AA Batteries (4-pack),1,1/26/2019 13:24
144095,Flatscreen TV,1,1/25/2019 17:43
144096,Bose SoundSport Headphones,1,1/29/2019 10:16
144097,AA Batteries (4-pack),3,1/14/2019 12:09
144098,Lightning Charging Cable,1,1/11/2019 20:32
144099,27in FHD Monitor,1,1/5/2019 21:20
144100,34in Ultrawide Monitor,1,1/31/2019 15:40
144101,USB-C Charging Cable,1,1/26/2019 17:56
144102,34in Ultrawide Monitor,1,1/16/2019 23:03
144103,LG Washing Machine,1,1/30/2019 16:15
144104,AAA Batteries (4-pack),1,1/21/2019 19:33
144105,AA Batteries (4-pack),1,1/13/2019 13:00
144106,AA Batteries (4-pack),1,1/5/2019 19:36
144107,34in Ultrawide Monitor,1,1/30/2019 1:46
144108,USB-C Charging Cable,2,1/15/2019 10:30
144109,AAA Batteries (4-pack),1,1/13/2019 15:53
144110,Vareebadd Phone,1,1/25/2019 22:48
144111,27in FHD Monitor,1,1/23/2019 22:38
144112,Apple Airpods Headphones,1,1/25/2019 21:28
144113,Flatscreen TV,1,1/7/2019 6:30
144114,iPhone,1,1/2/2019 19:19
144115,Wired Headphones,1,1/18/2019 9:40
144116,Lightning Charging Cable,1,1/18/2019 23:53
144117,Lightning Charging Cable,1,1/13/2019 10:31
144118,27in FHD Monitor,1,1/27/2019 16:14
144119,AA Batteries (4-pack),1,1/2/2019 12:48
144120,AA Batteries (4-pack),2,1/2/2019 8:29
144121,USB-C Charging Cable,1,1/3/2019 10:46
144122,Apple Airpods Headphones,1,1/31/2019 17:14
144123,27in FHD Monitor,1,1/12/2019 15:56
144124,USB-C Charging Cable,2,1/7/2019 9:25
,,,
144125,Lightning Charging Cable,1,1/4/2019 12:44
144126,Wired Headphones,1,1/19/2019 19:04
144127,Google Phone,1,1/2/2019 22:08
144128,AA Batteries (4-pack),1,1/27/2019 13:21
144129,Lightning Charging Cable,1,1/16/2019 21:15
144130,Bose SoundSport Headphones,1,1/27/2019 16:44
144131,AAA Batteries (4-pack),1,1/8/2019 8:51
144132,Wired Headphones,1,1/13/2019 7:22
144133,Lightning Charging Cable,1,1/18/2019 10:09
144134,AA Batteries (4-pack),2,1/27/2019 16:15
144135,27in FHD Monitor,1,1/29/2019 6:22
144136,AA Batteries (4-pack),2,1/26/2019 22:27
144137,Wired Headphones,1,1/5/2019 11:30
144138,Bose SoundSport Headphones,1,1/17/2019 9:57
144139,Flatscreen TV,1,1/20/2019 22:02
144140,Lightning Charging Cable,1,1/20/2019 5:20
144141,Lightning Charging Cable,1,1/15/2019 13:14
144142,Wired Headphones,1,1/23/2019 12:23
144143,Lightning Charging Cable,1,1/1/2019 16:16
144144,Lightning Charging Cable,1,1/12/2019 23:28
144145,AA Batteries (4-pack),1,1/12/2019 21:43
144146,AA Batteries (4-pack),2,1/21/2019 13:14
144147,AAA Batteries (4-pack),1,1/24/2019 13:20
144148,27in FHD Monitor,1,1/24/2019 11:06
144149,Wired Headphones,1,1/2/2019 21:14
144150,Apple Airpods Headphones,1,1/17/2019 16:56
144151,LG Dryer,1,1/15/2019 14:15
144152,AA Batteries (4-pack),1,1/27/2019 11:52
144153,Apple Airpods Headphones,1,1/3/2019 15:29
144154,Wired Headphones,1,1/16/2019 2:36
144155,AAA Batteries (4-pack),6,1/8/2019 11:26
144156,Lightning Charging Cable,1,1/28/2019 9:18
144157,Apple Airpods Headphones,1,1/27/2019 15:07
144158,Vareebadd Phone,1,1/1/2019 18:04
,,,
144159,AA Batteries (4-pack),1,1/1/2019 21:46
144160,AA Batteries (4-pack),3,1/4/2019 22:24
144161,Wired Headphones,1,1/12/2019 9:31
144162,Flatscreen TV,1,1/2/2019 12:05
144163,Lightning Charging Cable,1,1/6/2019 19:02
144164,Bose SoundSport Headphones,1,1/22/2019 11:46
144165,USB-C Charging Cable,1,1/18/2019 8:30
144166,AAA Batteries (4-pack),1,1/9/2019 11:50
144167,USB-C Charging Cable,1,1/14/2019 15:51
144168,Bose SoundSport Headphones,1,1/7/2019 15:27
144169,Lightning Charging Cable,1,1/24/2019 15:48
144170,ThinkPad Laptop,1,1/24/2019 21:33
144171,Lightning Charging Cable,1,1/22/2019 19:52
144172,Lightning Charging Cable,1,1/28/2019 17:40
144173,Wired Headphones,1,1/14/2019 7:33
144174,27in 4K Gaming Monitor,1,1/25/2019 19:12
144175,LG Dryer,1,1/10/2019 9:23
144176,AAA Batteries (4-pack),1,1/14/2019 13:20
144177,27in FHD Monitor,1,1/17/2019 20:20
144178,Apple Airpods Headphones,1,1/16/2019 12:09
144179,34in Ultrawide Monitor,1,1/21/2019 22:12
144180,Apple Airpods Headphones,1,1/21/2019 20:32
144181,USB-C Charging Cable,1,1/22/2019 7:06
144182,AA Batteries (4-pack),1,1/18/2019 19:09
144183,Bose SoundSport Headphones,1,1/16/2019 17:33
144184,Wired Headphones,1,1/12/2019 12:25
144185,AA Batteries (4-pack),1,1/14/2019 22:33
144186,Bose SoundSport Headphones,1,1/25/2019 11:36
144187,Bose SoundSport Headphones,1,1/27/2019 10:36
144188,Bose SoundSport Headphones,1,1/15/2019 1:18
144189,Wired Headphones,1,1/13/2019 19:05
144190,USB-C Charging Cable,1,1/29/2019 18:50
Order ID,Product,Quantity Ordered,Order Date
144191,Bose SoundSport Headphones,1,1/31/2019 11:33
144192,USB-C Charging Cable,1,1/28/2019 12:40
144193,Lightning Charging Cable,1,1/15/2019 11:18
144194,USB-C Charging Cable,1,1/2/2019 20:36
144195,Bose SoundSport Headphones,1,1/15/2019 15:14
144196,27in FHD Monitor,1,1/3/2019 10:50
144197,34in Ultrawide Monitor,1,1/1/2019 18:22
144198,Wired Headphones,2,1/13/2019 20:17
144199,USB-C Charging Cable,1,1/15/2019 11:09
144200,AA Batteries (4-pack),3,1/28/2019 17:17
144201,Wired Headphones,2,1/13/2019 9:53
144202,Lightning Charging Cable,1,1/24/2019 18:22
144203,AA Batteries (4-pack),1,1/23/2019 18:46
144204,Apple Airpods Headphones,1,1/6/2019 11:55
144205,AA Batteries (4-pack),1,1/24/2019 14:32
144206,USB-C Charging Cable,1,1/4/2019 2:43
144207,AA Batteries (4-pack),1,1/14/2019 18:54
144208,AA Batteries (4-pack),1,1/9/2019 20:19
144209,AA Batteries (4-pack),1,1/13/2019 3:04
144210,USB-C Charging Cable,1,1/22/2019 13:30
144211,34in Ultrawide Monitor,1,1/9/2019 21:29
144212,Google Phone,2,1/15/2019 19:48
144213,Wired Headphones,1,1/19/2019 12:22
144214,AAA Batteries (4-pack),2,1/2/2019 13:02
144215,Lightning Charging Cable,1,1/4/2019 22:03
144216,USB-C Charging Cable,1,1/13/2019 17:06
144217,AA Batteries (4-pack),1,1/31/2019 13:50
144218,AA Batteries (4-pack),2,1/18/2019 23:17
144219,27in 4K Gaming Monitor,1,1/26/2019 22:53
144220,34in Ultrawide Monitor,1,1/7/2019 21:20
144221,Apple Airpods Headphones,1,1/8/2019 23:24
144222,Apple Airpods Headphones,1,1/24/2019 23:04
144223,Bose SoundSport Headphones,1,1/7/2019 15:56
144224,USB-C Charging Cable,1,1/15/2019 11:18
144225,Flatscreen TV,1,1/27/2019 7:55
144226,AA Batteries (4-pack),1,1/6/2019 0:19
144227,Macbook Pro Laptop,1,1/1/2019 21:42
144228,AA Batteries (4-pack),1,1/5/2019 22:05
144229,LG Washing Machine,1,1/28/2019 18:32
144230,USB-C Charging Cable,1,1/29/2019 0:29
144231,Wired Headphones,1,1/1/2019 11:48
144232,Macbook Pro Laptop,1,1/9/2019 14:34
144233,27in 4K Gaming Monitor,1,1/30/2019 10:31
144234,27in FHD Monitor,1,1/23/2019 21:04
144235,Bose SoundSport Headphones,1,1/26/2019 9:29
144236,27in FHD Monitor,1,1/15/2019 21:27
144237,Wired Headphones,1,1/20/2019 5:19
144238,34in Ultrawide Monitor,1,1/26/2019 7:45
144239,34in Ultrawide Monitor,1,1/8/2019 19:38
144240,Apple Airpods Headphones,1,1/2/2019 6:10
144241,Lightning Charging Cable,1,1/9/2019 13:20
144242,AA Batteries (4-pack),1,1/24/2019 23:35
144243,Wired Headphones,1,1/5/2019 7:22
144244,27in FHD Monitor,1,1/16/2019 16:58
144245,34in Ultrawide Monitor,1,1/12/2019 21:46
144246,AA Batteries (4-pack),1,1/6/2019 10:00
144247,iPhone,1,1/21/2019 14:03
144248,AA Batteries (4-pack),2,1/30/2019 5:09
144249,AA Batteries (4-pack),1,1/14/2019 9:41
144250,Wired Headphones,1,1/27/2019 21:19
144251,20in Monitor,1,1/11/2019 16:10
144252,Wired Headphones,1,1/1/2019 17:56
144253,AAA Batteries (4-pack),1,1/25/2019 0:06
144254,Wired Headphones,1,1/30/2019 12:24
144255,Bose SoundSport Headphones,1,1/22/2019 22:02
144256,AAA Batteries (4-pack),1,1/11/2019 17:33
144257,Lightning Charging Cable,1,1/26/2019 10:46
144258,Macbook Pro Laptop,1,1/25/2019 21:36
144259,USB-C Charging Cable,1,1/11/2019 18:37
144260,Google Phone,1,1/15/2019 20:20
144261,20in Monitor,1,1/30/2019 16:17
144262,ThinkPad Laptop,1,1/10/2019 15:23
144263,Lightning Charging Cable,1,1/9/2019 20:49
144264,34in Ultrawide Monitor,1,1/16/2019 10:52
144265,20in Monitor,1,1/23/2019 9:55
144266,ThinkPad Laptop,1,1/25/2019 21:39
144267,USB-C Charging Cable,1,1/27/2019 11:33
144268,AAA Batteries (4-pack),1,1/17/2019 9:51
144269,Apple Airpods Headphones,1,1/4/2019 10:42
144270,AA Batteries (4-pack),1,1/20/2019 22:41
144271,iPhone,1,1/28/2019 23:02
144271,Lightning Charging Cable,1,1/28/2019 23:02
144272,AAA Batteries (4-pack),1,1/21/2019 21:42
144273,Lightning Charging Cable,1,1/22/2019 10:01
144274,USB-C Charging Cable,1,1/22/2019 11:04
144275,AAA Batteries (4-pack),3,1/9/2019 0:09
144276,AAA Batteries (4-pack),1,1/6/2019 0:17
144277,27in FHD Monitor,1,1/2/2019 20:50
144278,AAA Batteries (4-pack),3,1/13/2019 20:28
144279,20in Monitor,1,1/7/2019 19:13
144280,20in Monitor,1,1/9/2019 10:10
144281,Flatscreen TV,1,1/28/2019 14:50
144282,Macbook Pro Laptop,1,1/31/2019 16:59
144283,Bose SoundSport Headphones,1,1/10/2019 16:20
144284,AAA Batteries (4-pack),2,1/1/2019 11:09
144285,Wired Headphones,1,1/12/2019 23:06
144286,Lightning Charging Cable,1,1/24/2019 7:09
144287,Wired Headphones,1,1/16/2019 9:45
144288,AAA Batteries (4-pack),2,1/26/2019 21:57
144289,34in Ultrawide Monitor,1,1/21/2019 22:49
144290,34in Ultrawide Monitor,1,1/8/2019 8:59
144291,Apple Airpods Headphones,1,1/4/2019 18:00
144292,Wired Headphones,1,1/11/2019 21:44
144293,AAA Batteries (4-pack),2,1/16/2019 11:41
144294,Google Phone,1,1/13/2019 9:56
144295,USB-C Charging Cable,1,1/15/2019 14:39
144296,Lightning Charging Cable,1,1/16/2019 12:03
144297,Flatscreen TV,1,1/21/2019 14:37
144298,Lightning Charging Cable,1,1/13/2019 12:00
144299,27in 4K Gaming Monitor,1,1/31/2019 19:57
144300,Apple Airpods Headphones,1,1/11/2019 14:22
144301,Flatscreen TV,1,1/1/2019 15:27
144302,USB-C Charging Cable,1,1/13/2019 11:43
144303,iPhone,1,1/26/2019 9:03
144304,USB-C Charging Cable,1,1/22/2019 16:53
144305,USB-C Charging Cable,1,1/1/2019 20:13
144306,Lightning Charging Cable,1,1/15/2019 13:02
144307,USB-C Charging Cable,1,1/9/2019 18:50
144308,Wired Headphones,1,1/28/2019 21:14
144309,27in FHD Monitor,1,1/21/2019 0:56
144310,Wired Headphones,1,1/17/2019 13:53
144311,USB-C Charging Cable,1,1/26/2019 7:40
144312,27in FHD Monitor,1,1/3/2019 20:43
144313,27in 4K Gaming Monitor,1,1/11/2019 8:11
144314,Lightning Charging Cable,1,1/20/2019 11:39
144315,Flatscreen TV,1,1/28/2019 18:33
144316,Lightning Charging Cable,1,1/29/2019 16:05
144317,Wired Headphones,1,1/18/2019 17:08
144318,USB-C Charging Cable,1,1/20/2019 16:46
144319,Wired Headphones,1,1/18/2019 12:40
144320,34in Ultrawide Monitor,1,1/21/2019 14:49
Order ID,Product,Quantity Ordered,Order Date
144321,Apple Airpods Headphones,1,1/19/2019 22:49
144322,Wired Headphones,2,1/23/2019 19:09
144323,Flatscreen TV,1,1/31/2019 12:09
144324,Bose SoundSport Headphones,1,1/14/2019 12:02
144325,AA Batteries (4-pack),1,1/10/2019 18:47
144326,USB-C Charging Cable,1,1/25/2019 12:22
144327,20in Monitor,1,1/15/2019 20:42
144328,Wired Headphones,1,1/23/2019 12:47
144329,27in FHD Monitor,1,1/3/2019 12:07
144330,AA Batteries (4-pack),1,1/11/2019 14:37
144331,Apple Airpods Headphones,1,1/26/2019 14:08
144332,iPhone,1,1/28/2019 18:17
144333,Apple Airpods Headphones,1,1/11/2019 16:39
144334,Lightning Charging Cable,1,1/29/2019 19:09
144335,Apple Airpods Headphones,1,1/10/2019 9:43
144336,Lightning Charging Cable,1,1/20/2019 17:11
144337,Wired Headphones,1,1/3/2019 20:37
144338,Lightning Charging Cable,1,1/20/2019 12:37
144339,iPhone,1,1/21/2019 14:33
144339,Wired Headphones,1,1/21/2019 14:33
144340,Apple Airpods Headphones,1,1/30/2019 21:22
144341,USB-C Charging Cable,1,1/17/2019 9:21
144342,Bose SoundSport Headphones,1,1/27/2019 13:43
144343,Bose SoundSport Headphones,1,1/3/2019 2:29
144344,Google Phone,1,1/25/2019 22:26
144344,USB-C Charging Cable,1,1/25/2019 22:26
144345,Bose SoundSport Headphones,1,1/22/2019 14:50
144346,AA Batteries (4-pack),1,1/1/2019 19:56
144347,Apple Airpods Headphones,1,1/21/2019 12:11
144348,AA Batteries (4-pack),1,1/8/2019 14:54
144349,iPhone,1,1/5/2019 23:48
144350,USB-C Charging Cable,2,1/31/2019 12:15
144351,Apple Airpods Headphones,1,1/19/2019 17:23
144352,AA Batteries (4-pack),1,1/23/2019 17:26
144353,iPhone,1,1/5/2019 4:52
144354,Wired Headphones,1,1/8/2019 13:09
144355,USB-C Charging Cable,1,1/19/2019 6:35
144356,Bose SoundSport Headphones,1,1/19/2019 17:28
144357,27in FHD Monitor,1,1/4/2019 12:55
144358,AAA Batteries (4-pack),1,1/11/2019 11:41
144359,AAA Batteries (4-pack),1,1/19/2019 18:18
144360,27in FHD Monitor,1,1/20/2019 16:58
144361,Bose SoundSport Headphones,1,1/4/2019 6:40
144362,Lightning Charging Cable,1,1/23/2019 0:38
144363,ThinkPad Laptop,1,1/26/2019 12:51
144364,Macbook Pro Laptop,1,1/20/2019 8:31
144365,20in Monitor,1,1/18/2019 10:34
144366,AA Batteries (4-pack),1,1/25/2019 11:25
144367,Wired Headphones,1,1/9/2019 8:15
144368,Apple Airpods Headphones,1,1/1/2019 17:17
144369,Apple Airpods Headphones,1,1/30/2019 11:39
144370,Lightning Charging Cable,2,1/19/2019 19:26
144371,AAA Batteries (4-pack),1,1/12/2019 19:37
144372,USB-C Charging Cable,1,1/13/2019 20:27
144373,AA Batteries (4-pack),1,1/21/2019 12:48
144374,Wired Headphones,1,1/3/2019 8:43
144375,USB-C Charging Cable,1,1/18/2019 1:04
144376,Lightning Charging Cable,1,1/3/2019 13:40
144377,34in Ultrawide Monitor,1,1/30/2019 14:33
144378,Wired Headphones,1,1/29/2019 10:34
144379,Bose SoundSport Headphones,1,1/22/2019 7:05
144380,Bose SoundSport Headphones,1,1/27/2019 20:16
144381,AAA Batteries (4-pack),1,1/4/2019 19:39
144382,27in 4K Gaming Monitor,1,1/19/2019 21:58
144383,AA Batteries (4-pack),1,1/3/2019 7:53
144384,Macbook Pro Laptop,1,1/27/2019 9:25
144385,AA Batteries (4-pack),1,1/14/2019 13:11
144386,Wired Headphones,1,1/30/2019 14:56
144387,Macbook Pro Laptop,1,1/31/2019 19:37
144388,27in FHD Monitor,1,1/24/2019 13:19
144389,AAA Batteries (4-pack),1,1/19/2019 14:39
144390,Wired Headphones,1,1/28/2019 14:51
144391,20in Monitor,1,1/17/2019 7:10
144392,20in Monitor,1,1/23/2019 15:57
144393,Macbook Pro Laptop,1,1/9/2019 22:50
144394,Google Phone,1,1/4/2019 8:49
144394,Wired Headphones,1,1/4/2019 8:49
144395,AA Batteries (4-pack),1,1/9/2019 20:20
144396,AA Batteries (4-pack),1,1/7/2019 22:36
144397,Bose SoundSport Headphones,1,1/20/2019 13:31
144398,34in Ultrawide Monitor,1,1/16/2019 8:32
144399,USB-C Charging Cable,1,1/30/2019 15:46
144400,Apple Airpods Headphones,1,1/24/2019 9:17
144401,AAA Batteries (4-pack),1,1/20/2019 19:09
144402,Wired Headphones,1,1/8/2019 10:56
144403,Lightning Charging Cable,1,1/6/2019 19:56
144404,27in FHD Monitor,1,1/26/2019 19:47
144405,AAA Batteries (4-pack),1,1/28/2019 14:30
144406,Bose SoundSport Headphones,1,1/20/2019 12:04
144407,Wired Headphones,1,1/11/2019 16:05
144408,Lightning Charging Cable,1,1/24/2019 21:03
144409,AA Batteries (4-pack),2,1/7/2019 10:32
144410,Apple Airpods Headphones,1,1/15/2019 8:06
144411,iPhone,1,1/28/2019 8:53
144412,AA Batteries (4-pack),1,1/22/2019 9:12
144413,Vareebadd Phone,1,1/22/2019 15:41
144414,iPhone,1,1/26/2019 22:22
144414,Lightning Charging Cable,1,1/26/2019 22:22
144415,USB-C Charging Cable,1,1/23/2019 13:30
144416,LG Dryer,1,1/21/2019 22:53
144417,Lightning Charging Cable,1,1/31/2019 20:45
144418,iPhone,1,1/10/2019 23:14
144419,USB-C Charging Cable,1,1/19/2019 19:18
144420,AAA Batteries (4-pack),2,1/6/2019 13:12
144421,LG Dryer,1,1/6/2019 16:45
144422,Apple Airpods Headphones,1,1/20/2019 7:02
144423,USB-C Charging Cable,1,1/11/2019 10:28
144424,Lightning Charging Cable,1,1/23/2019 14:19
144425,Lightning Charging Cable,1,1/24/2019 13:20
144426,Bose SoundSport Headphones,1,1/27/2019 20:04
144427,Bose SoundSport Headphones,1,1/8/2019 17:17
144428,Macbook Pro Laptop,1,1/13/2019 2:00
144429,Wired Headphones,1,1/15/2019 11:08
144430,AA Batteries (4-pack),1,1/27/2019 21:08
144431,Google Phone,1,1/17/2019 18:07
144431,Wired Headphones,1,1/17/2019 18:07
144432,Bose SoundSport Headphones,1,1/16/2019 19:47
144433,USB-C Charging Cable,2,1/19/2019 11:19
144434,AA Batteries (4-pack),1,1/8/2019 2:03
144435,Apple Airpods Headphones,1,1/31/2019 11:35
144436,20in Monitor,1,1/10/2019 17:16
144437,Lightning Charging Cable,1,1/21/2019 14:20
144438,Wired Headphones,1,1/2/2019 18:55
144439,AA Batteries (4-pack),2,1/22/2019 10:06
144440,ThinkPad Laptop,1,1/12/2019 23:06
144441,20in Monitor,1,1/23/2019 17:16
144442,Bose SoundSport Headphones,1,1/31/2019 18:02
144443,USB-C Charging Cable,1,1/14/2019 13:39
144444,Apple Airpods Headphones,1,1/2/2019 19:45
144445,Bose SoundSport Headphones,1,1/9/2019 21:25
144446,Apple Airpods Headphones,1,1/1/2019 15:33
144447,Lightning Charging Cable,1,1/7/2019 0:04
144448,AA Batteries (4-pack),2,1/18/2019 17:59
144449,AA Batteries (4-pack),1,1/28/2019 22:37
144450,Lightning Charging Cable,1,1/18/2019 10:03
144450,Macbook Pro Laptop,1,1/18/2019 10:03
144451,Macbook Pro Laptop,1,1/15/2019 11:59
144452,34in Ultrawide Monitor,1,1/13/2019 12:05
144453,Vareebadd Phone,1,1/19/2019 13:09
144454,Apple Airpods Headphones,1,1/31/2019 11:45
144455,AAA Batteries (4-pack),1,1/14/2019 15:25
144456,Bose SoundSport Headphones,1,1/29/2019 12:56
144457,Apple Airpods Headphones,1,1/10/2019 11:48
144458,Lightning Charging Cable,1,1/19/2019 22:41
144459,Wired Headphones,1,1/11/2019 18:30
144460,Apple Airpods Headphones,1,1/1/2019 13:08
144461,Apple Airpods Headphones,1,1/2/2019 13:30
144462,Wired Headphones,1,1/9/2019 9:11
144463,Apple Airpods Headphones,1,1/10/2019 21:33
144464,AAA Batteries (4-pack),1,1/5/2019 1:51
144465,Apple Airpods Headphones,1,1/15/2019 12:49
144466,AAA Batteries (4-pack),2,1/16/2019 23:28
144467,Lightning Charging Cable,1,1/31/2019 12:09
144468,Lightning Charging Cable,1,1/28/2019 0:39
144469,USB-C Charging Cable,1,1/22/2019 18:27
144470,Lightning Charging Cable,1,1/14/2019 22:00
144470,USB-C Charging Cable,1,1/14/2019 22:00
144471,USB-C Charging Cable,1,1/10/2019 14:40
144472,AAA Batteries (4-pack),2,1/20/2019 21:13
144473,Lightning Charging Cable,2,1/16/2019 19:04
144474,Apple Airpods Headphones,1,1/3/2019 11:11
144475,USB-C Charging Cable,1,1/9/2019 18:44
144476,AA Batteries (4-pack),1,1/25/2019 8:02
144477,27in 4K Gaming Monitor,1,1/5/2019 18:40
144478,AA Batteries (4-pack),2,1/18/2019 13:41
144479,Wired Headphones,1,1/30/2019 20:29
144480,AAA Batteries (4-pack),1,1/2/2019 17:09
144481,34in Ultrawide Monitor,1,1/16/2019 8:48
144482,Apple Airpods Headphones,1,1/25/2019 20:40
144483,Lightning Charging Cable,1,1/23/2019 20:11
144484,27in FHD Monitor,1,1/28/2019 9:43
144485,AA Batteries (4-pack),1,1/31/2019 16:30
144486,Bose SoundSport Headphones,1,1/10/2019 7:15
144487,Google Phone,1,1/25/2019 17:46
144488,AAA Batteries (4-pack),1,1/17/2019 18:51
144489,Wired Headphones,1,1/30/2019 9:07
144490,Google Phone,1,1/17/2019 10:42
144490,USB-C Charging Cable,1,1/17/2019 10:42
144491,AA Batteries (4-pack),1,1/9/2019 15:02
144492,20in Monitor,1,1/13/2019 0:37
144493,27in 4K Gaming Monitor,1,1/6/2019 20:32
144494,Wired Headphones,1,1/4/2019 21:39
144495,Lightning Charging Cable,1,1/18/2019 1:44
144496,Apple Airpods Headphones,1,1/12/2019 18:51
144497,USB-C Charging Cable,1,1/20/2019 15:09
144498,Wired Headphones,1,1/25/2019 17:58
144499,Google Phone,1,1/25/2019 11:25
144500,Wired Headphones,1,1/21/2019 11:09
144501,AAA Batteries (4-pack),3,1/9/2019 10:42
144502,Lightning Charging Cable,1,1/9/2019 19:34
144503,iPhone,1,1/15/2019 22:54
144503,Apple Airpods Headphones,1,1/15/2019 22:54
144504,LG Dryer,1,1/23/2019 9:07
144505,Apple Airpods Headphones,1,1/1/2019 10:31
144506,AAA Batteries (4-pack),1,1/12/2019 12:47
144507,27in 4K Gaming Monitor,1,1/8/2019 18:42
144508,Flatscreen TV,1,1/6/2019 11:59
144509,Wired Headphones,1,1/15/2019 11:02
144510,USB-C Charging Cable,1,1/12/2019 18:24
144511,AA Batteries (4-pack),1,1/16/2019 20:02
144512,Wired Headphones,1,1/14/2019 18:28
144513,Bose SoundSport Headphones,1,1/7/2019 17:02
144514,LG Dryer,1,1/8/2019 8:30
144515,Lightning Charging Cable,2,1/11/2019 9:22
144516,Lightning Charging Cable,1,1/7/2019 23:11
144517,AA Batteries (4-pack),2,1/20/2019 22:26
144518,Google Phone,1,1/3/2019 17:41
144518,USB-C Charging Cable,1,1/3/2019 17:41
144519,27in FHD Monitor,1,1/5/2019 22:39
144520,AAA Batteries (4-pack),1,1/16/2019 18:53
144521,Flatscreen TV,1,1/3/2019 18:07
144522,Lightning Charging Cable,1,1/7/2019 22:16
144523,34in Ultrawide Monitor,1,1/22/2019 12:37
144524,AA Batteries (4-pack),1,1/19/2019 13:14
144525,Lightning Charging Cable,1,1/27/2019 14:55
144526,AA Batteries (4-pack),2,1/30/2019 13:13
144527,Lightning Charging Cable,1,1/18/2019 0:02
144528,AA Batteries (4-pack),1,1/28/2019 10:54
144529,Lightning Charging Cable,1,1/25/2019 22:40
144530,iPhone,1,1/7/2019 11:19
144531,27in 4K Gaming Monitor,1,1/9/2019 21:45
144532,AAA Batteries (4-pack),1,1/9/2019 22:04
144533,USB-C Charging Cable,1,1/20/2019 23:25
144534,27in 4K Gaming Monitor,1,1/31/2019 14:12
144535,Apple Airpods Headphones,1,1/9/2019 10:21
144536,Flatscreen TV,1,1/19/2019 16:22
144537,Bose SoundSport Headphones,1,1/1/2019 9:12
144538,iPhone,1,1/16/2019 18:05
144539,AA Batteries (4-pack),2,1/21/2019 15:43
144540,USB-C Charging Cable,2,1/6/2019 22:04
144541,Wired Headphones,1,1/11/2019 16:28
144541,Bose SoundSport Headphones,1,1/11/2019 16:28
144542,Lightning Charging Cable,1,1/22/2019 17:00
144543,Lightning Charging Cable,1,1/3/2019 10:57
144544,Vareebadd Phone,1,1/15/2019 11:38
144544,USB-C Charging Cable,1,1/15/2019 11:38
144545,AAA Batteries (4-pack),2,1/12/2019 21:00
144545,AA Batteries (4-pack),1,1/12/2019 21:00
144546,USB-C Charging Cable,2,1/8/2019 14:56
144547,27in FHD Monitor,1,1/13/2019 22:47
144548,iPhone,1,1/28/2019 11:25
144549,34in Ultrawide Monitor,1,1/26/2019 14:12
144550,Apple Airpods Headphones,1,1/26/2019 14:10
144551,iPhone,1,1/23/2019 6:53
144551,Lightning Charging Cable,2,1/23/2019 6:53
144552,Wired Headphones,1,1/24/2019 17:26
144553,ThinkPad Laptop,1,1/24/2019 13:32
144554,USB-C Charging Cable,1,1/15/2019 13:11
144555,USB-C Charging Cable,2,1/19/2019 9:18
144556,AAA Batteries (4-pack),2,1/19/2019 13:34
144557,USB-C Charging Cable,1,1/12/2019 12:09
144558,Lightning Charging Cable,1,1/28/2019 19:14
144559,AAA Batteries (4-pack),1,1/13/2019 18:35
144560,Macbook Pro Laptop,1,1/9/2019 20:34
144561,Lightning Charging Cable,1,1/21/2019 15:57
144562,AAA Batteries (4-pack),2,1/13/2019 18:08
144563,Wired Headphones,1,1/19/2019 17:22
144564,Wired Headphones,1,1/10/2019 18:34
144565,AAA Batteries (4-pack),1,1/10/2019 16:45
144566,Apple Airpods Headphones,1,1/4/2019 9:58
144567,USB-C Charging Cable,1,1/27/2019 17:47
144568,AAA Batteries (4-pack),1,1/30/2019 14:14
144569,AA Batteries (4-pack),1,1/31/2019 14:36
144570,Wired Headphones,1,1/11/2019 19:21
144571,AAA Batteries (4-pack),1,1/30/2019 14:15
144572,Wired Headphones,1,1/13/2019 14:08
144573,AA Batteries (4-pack),2,1/11/2019 10:45
144574,Lightning Charging Cable,1,1/5/2019 21:05
144575,Lightning Charging Cable,1,1/9/2019 9:28
144576,Lightning Charging Cable,1,1/8/2019 0:23
144577,Bose SoundSport Headphones,1,1/8/2019 5:04
144578,Apple Airpods Headphones,1,1/4/2019 23:42
144579,USB-C Charging Cable,1,1/11/2019 9:45
144580,Bose SoundSport Headphones,1,1/16/2019 15:52
144581,AA Batteries (4-pack),1,1/1/2019 19:20
144582,AA Batteries (4-pack),1,1/2/2019 14:08
144583,AA Batteries (4-pack),1,1/24/2019 19:43
144584,Google Phone,1,1/14/2019 11:04
144584,USB-C Charging Cable,1,1/14/2019 11:04
144585,Lightning Charging Cable,1,1/18/2019 10:37
144586,Vareebadd Phone,1,1/27/2019 19:17
144587,Lightning Charging Cable,1,1/1/2019 18:44
144588,AA Batteries (4-pack),1,1/23/2019 2:18
144589,USB-C Charging Cable,1,1/28/2019 6:59
144590,AAA Batteries (4-pack),2,1/8/2019 17:16
144591,Apple Airpods Headphones,1,1/17/2019 21:26
144592,iPhone,1,1/22/2019 4:53
144592,Lightning Charging Cable,1,1/22/2019 4:53
144593,Bose SoundSport Headphones,1,1/17/2019 12:00
144594,Bose SoundSport Headphones,1,1/12/2019 0:27
144595,27in 4K Gaming Monitor,1,1/26/2019 23:14
144596,34in Ultrawide Monitor,1,1/1/2019 16:05
144597,Flatscreen TV,1,1/4/2019 17:05
144598,Vareebadd Phone,1,1/17/2019 10:54
144599,Apple Airpods Headphones,1,1/12/2019 11:33
144600,iPhone,1,1/3/2019 19:42
144600,Lightning Charging Cable,1,1/3/2019 19:42
144601,AA Batteries (4-pack),2,1/14/2019 21:17
144602,Google Phone,1,1/27/2019 14:54
144602,Wired Headphones,1,1/27/2019 14:54
144603,Google Phone,1,1/29/2019 22:47
144603,USB-C Charging Cable,1,1/29/2019 22:47
144604,AA Batteries (4-pack),2,1/4/2019 15:09
144605,Google Phone,1,1/16/2019 12:37
144606,20in Monitor,1,1/26/2019 20:12
144607,USB-C Charging Cable,1,1/25/2019 18:57
144607,iPhone,1,1/25/2019 18:57
144608,Lightning Charging Cable,1,1/17/2019 10:51
144609,USB-C Charging Cable,1,1/16/2019 23:12
144610,Wired Headphones,1,1/15/2019 17:00
144611,ThinkPad Laptop,1,1/23/2019 0:05
144612,AAA Batteries (4-pack),1,1/27/2019 15:05
144613,Lightning Charging Cable,1,1/8/2019 4:10
144614,27in FHD Monitor,1,1/4/2019 14:52
144615,AAA Batteries (4-pack),1,1/27/2019 20:01
144616,Macbook Pro Laptop,1,1/19/2019 12:08
144617,Apple Airpods Headphones,1,1/23/2019 23:39
144618,27in 4K Gaming Monitor,1,1/15/2019 17:27
144619,Bose SoundSport Headphones,1,1/2/2019 15:02
144620,Wired Headphones,1,1/7/2019 10:04
144621,AA Batteries (4-pack),3,1/17/2019 10:36
144622,AA Batteries (4-pack),1,1/5/2019 10:18
144623,USB-C Charging Cable,1,1/16/2019 17:01
144624,AAA Batteries (4-pack),1,1/15/2019 12:37
144625,Wired Headphones,1,1/28/2019 22:43
144626,Wired Headphones,1,1/10/2019 11:18
144627,Lightning Charging Cable,1,1/30/2019 12:34
144628,Bose SoundSport Headphones,1,1/19/2019 2:42
144629,Macbook Pro Laptop,1,1/2/2019 13:18
144630,AAA Batteries (4-pack),1,1/21/2019 11:06
144631,Lightning Charging Cable,1,1/15/2019 11:58
144632,AA Batteries (4-pack),1,1/5/2019 13:22
144633,AA Batteries (4-pack),1,1/3/2019 12:38
144634,Lightning Charging Cable,1,1/29/2019 8:09
144635,Macbook Pro Laptop,1,1/21/2019 17:17
144636,Wired Headphones,1,1/22/2019 20:05
,,,
144637,iPhone,1,1/30/2019 10:07
144638,34in Ultrawide Monitor,1,1/4/2019 13:12
144639,USB-C Charging Cable,1,1/10/2019 10:04
144640,Vareebadd Phone,1,1/27/2019 18:23
144641,Lightning Charging Cable,2,1/1/2019 14:06
144642,Wired Headphones,1,1/5/2019 19:06
144643,ThinkPad Laptop,1,1/11/2019 12:26
144644,Wired Headphones,1,1/7/2019 8:48
144645,AA Batteries (4-pack),2,1/17/2019 12:42
144646,Bose SoundSport Headphones,1,1/25/2019 13:08
144647,27in 4K Gaming Monitor,1,1/7/2019 9:41
144648,Apple Airpods Headphones,1,1/12/2019 19:52
144649,USB-C Charging Cable,1,1/4/2019 16:27
144650,AA Batteries (4-pack),2,1/8/2019 10:30
144651,AA Batteries (4-pack),1,1/29/2019 17:44
144652,USB-C Charging Cable,1,1/14/2019 16:40
144653,Apple Airpods Headphones,1,1/20/2019 15:32
144654,iPhone,1,1/22/2019 12:41
144655,Google Phone,1,1/11/2019 8:36
144656,Apple Airpods Headphones,1,1/24/2019 21:28
144657,AAA Batteries (4-pack),1,1/6/2019 11:12
144658,Lightning Charging Cable,1,1/7/2019 12:26
144659,USB-C Charging Cable,1,1/19/2019 22:44
144660,USB-C Charging Cable,1,1/1/2019 16:36
144661,AAA Batteries (4-pack),2,1/11/2019 0:35
144662,USB-C Charging Cable,1,1/4/2019 22:02
144663,27in FHD Monitor,1,1/7/2019 19:51
Order ID,Product,Quantity Ordered,Order Date
144664,Bose SoundSport Headphones,1,1/30/2019 21:28
144665,USB-C Charging Cable,1,1/12/2019 11:52
144666,Bose SoundSport Headphones,1,1/8/2019 17:51
144667,Apple Airpods Headphones,1,1/16/2019 20:17
144668,Wired Headphones,1,1/8/2019 13:12
144669,Apple Airpods Headphones,1,1/2/2019 21:06
144670,Lightning Charging Cable,1,1/9/2019 10:23
144671,Flatscreen TV,1,1/18/2019 21:32
144672,Google Phone,1,1/25/2019 17:49
144673,Apple Airpods Headphones,1,1/31/2019 16:00
Order ID,Product,Quantity Ordered,Order Date
144674,34in Ultrawide Monitor,1,1/16/2019 11:37
144675,AA Batteries (4-pack),1,1/3/2019 7:15
144676,iPhone,1,1/16/2019 10:51
144677,27in 4K Gaming Monitor,1,1/30/2019 12:51
144678,20in Monitor,1,1/7/2019 17:52
144679,Google Phone,1,1/1/2019 12:51
144679,USB-C Charging Cable,1,1/1/2019 12:51
144680,AAA Batteries (4-pack),1,1/15/2019 21:21
144681,20in Monitor,1,1/13/2019 12:14
144682,Lightning Charging Cable,1,1/7/2019 14:15
144683,AA Batteries (4-pack),2,1/29/2019 12:10
144684,Wired Headphones,1,1/30/2019 21:05
144685,AA Batteries (4-pack),1,1/23/2019 17:14
144686,27in 4K Gaming Monitor,1,1/20/2019 21:31
144687,AAA Batteries (4-pack),1,1/16/2019 18:37
144688,Flatscreen TV,1,1/17/2019 6:43
144689,AA Batteries (4-pack),5,1/5/2019 10:21
144690,AAA Batteries (4-pack),1,1/11/2019 19:30
144691,USB-C Charging Cable,1,1/28/2019 10:23
144692,Vareebadd Phone,1,1/12/2019 11:13
144692,USB-C Charging Cable,1,1/12/2019 11:13
144693,Bose SoundSport Headphones,1,1/20/2019 23:27
144694,Bose SoundSport Headphones,1,1/2/2019 7:32
144695,27in 4K Gaming Monitor,1,1/19/2019 12:09
144696,AAA Batteries (4-pack),1,1/10/2019 20:22
144697,27in FHD Monitor,1,1/23/2019 9:10
144698,USB-C Charging Cable,1,1/5/2019 0:45
144699,Lightning Charging Cable,1,1/10/2019 13:26
144700,USB-C Charging Cable,1,1/3/2019 18:43
144701,34in Ultrawide Monitor,1,1/24/2019 15:00
144702,27in FHD Monitor,1,1/18/2019 21:04
144703,ThinkPad Laptop,1,1/23/2019 16:27
144704,iPhone,1,1/26/2019 11:23
144704,Wired Headphones,1,1/26/2019 11:23
144705,34in Ultrawide Monitor,1,1/16/2019 11:47
,,,
144706,AAA Batteries (4-pack),1,1/22/2019 14:11
144707,Wired Headphones,1,1/10/2019 21:32
144708,Bose SoundSport Headphones,1,1/28/2019 10:34
144709,Wired Headphones,2,1/13/2019 13:38
144710,Lightning Charging Cable,1,1/6/2019 7:49
144711,Wired Headphones,1,1/28/2019 19:51
144712,USB-C Charging Cable,1,1/7/2019 2:49
144713,Apple Airpods Headphones,1,1/16/2019 11:30
144714,AA Batteries (4-pack),1,1/25/2019 15:03
144715,20in Monitor,1,1/27/2019 20:03
144716,Bose SoundSport Headphones,1,1/17/2019 11:50
144717,AAA Batteries (4-pack),5,1/29/2019 13:39
144718,AA Batteries (4-pack),4,1/12/2019 10:06
144719,Bose SoundSport Headphones,1,1/19/2019 22:36
144720,AA Batteries (4-pack),2,1/7/2019 12:44
144721,USB-C Charging Cable,1,1/17/2019 19:24
144722,34in Ultrawide Monitor,1,1/16/2019 22:50
144723,Bose SoundSport Headphones,1,1/5/2019 10:29
144724,Lightning Charging Cable,1,1/24/2019 20:27
144725,34in Ultrawide Monitor,1,1/11/2019 10:38
144726,27in FHD Monitor,1,1/17/2019 11:12
144727,Wired Headphones,1,1/28/2019 15:41
144728,Lightning Charging Cable,1,1/3/2019 9:58
144729,Apple Airpods Headphones,1,1/27/2019 19:31
144730,27in 4K Gaming Monitor,1,1/9/2019 23:43
144731,AA Batteries (4-pack),1,1/27/2019 8:59
144732,USB-C Charging Cable,2,1/3/2019 18:27
144733,AA Batteries (4-pack),1,1/26/2019 11:28
144734,AAA Batteries (4-pack),1,1/21/2019 5:53
144735,Macbook Pro Laptop,1,1/5/2019 16:15
144736,USB-C Charging Cable,1,1/12/2019 19:17
144737,AA Batteries (4-pack),1,1/21/2019 21:58
144738,20in Monitor,1,1/9/2019 12:38
144739,iPhone,1,1/10/2019 10:08
144739,Lightning Charging Cable,1,1/10/2019 10:08
144740,Macbook Pro Laptop,1,1/30/2019 21:14
144741,ThinkPad Laptop,1,1/28/2019 14:08
144742,AA Batteries (4-pack),3,1/3/2019 11:20
144743,Vareebadd Phone,1,1/9/2019 23:26
144744,Lightning Charging Cable,1,1/10/2019 12:01
144745,USB-C Charging Cable,1,1/3/2019 15:54
144746,Wired Headphones,1,1/7/2019 3:32
144747,Wired Headphones,1,1/3/2019 18:33
144748,AA Batteries (4-pack),1,1/11/2019 11:54
144749,Bose SoundSport Headphones,1,1/27/2019 20:26
144750,Wired Headphones,1,1/19/2019 11:01
144751,USB-C Charging Cable,1,1/24/2019 10:46
144752,27in 4K Gaming Monitor,1,1/1/2019 11:34
144753,AAA Batteries (4-pack),1,1/21/2019 9:28
144754,LG Washing Machine,1,1/25/2019 18:18
144755,Bose SoundSport Headphones,1,1/28/2019 11:51
144756,AA Batteries (4-pack),1,1/11/2019 19:20
144757,iPhone,1,1/12/2019 11:45
144758,Apple Airpods Headphones,1,1/7/2019 23:58
144759,AAA Batteries (4-pack),1,1/26/2019 11:48
144760,Bose SoundSport Headphones,1,1/10/2019 12:41
144760,Wired Headphones,1,1/10/2019 12:41
144761,AA Batteries (4-pack),2,1/29/2019 12:08
144762,iPhone,1,1/12/2019 19:28
144763,Lightning Charging Cable,2,1/17/2019 21:03
144764,Google Phone,1,1/4/2019 11:09
144764,USB-C Charging Cable,1,1/4/2019 11:09
144765,Vareebadd Phone,1,1/4/2019 17:06
144766,AA Batteries (4-pack),1,1/13/2019 19:11
144767,USB-C Charging Cable,1,1/8/2019 11:27
144768,USB-C Charging Cable,1,1/8/2019 23:10
144769,AAA Batteries (4-pack),2,1/18/2019 20:29
144770,AAA Batteries (4-pack),2,1/22/2019 10:37
144771,Wired Headphones,1,1/11/2019 15:24
144772,27in FHD Monitor,1,1/18/2019 14:05
144773,27in 4K Gaming Monitor,1,1/27/2019 11:20
144774,AAA Batteries (4-pack),1,1/15/2019 6:18
144775,Lightning Charging Cable,1,1/15/2019 22:50
144776,AA Batteries (4-pack),1,1/31/2019 16:01
144777,Apple Airpods Headphones,1,1/12/2019 13:52
144778,AAA Batteries (4-pack),2,1/26/2019 13:12
144779,Bose SoundSport Headphones,1,1/16/2019 13:26
144780,AA Batteries (4-pack),3,1/24/2019 10:07
144781,AA Batteries (4-pack),1,1/5/2019 23:13
144782,iPhone,1,1/12/2019 7:34
144783,Wired Headphones,1,1/28/2019 22:01
144784,iPhone,1,1/19/2019 15:46
144784,Wired Headphones,1,1/19/2019 15:46
144785,Google Phone,1,1/27/2019 23:07
144785,USB-C Charging Cable,1,1/27/2019 23:07
144786,Wired Headphones,1,1/25/2019 17:49
144787,AAA Batteries (4-pack),1,1/25/2019 23:12
144788,Apple Airpods Headphones,1,1/22/2019 20:01
144789,20in Monitor,1,1/6/2019 20:12
144790,Wired Headphones,1,1/19/2019 20:15
144791,USB-C Charging Cable,1,1/27/2019 6:37
144792,AA Batteries (4-pack),1,1/14/2019 21:14
144793,Lightning Charging Cable,2,1/16/2019 16:24
144794,AA Batteries (4-pack),2,1/5/2019 16:39
144795,AA Batteries (4-pack),2,1/29/2019 9:59
144796,Lightning Charging Cable,1,1/22/2019 18:33
144797,Apple Airpods Headphones,1,1/29/2019 10:36
144798,Vareebadd Phone,1,1/27/2019 19:37
144799,AAA Batteries (4-pack),1,1/28/2019 11:36
144800,Wired Headphones,1,1/8/2019 12:04
144801,Wired Headphones,1,1/15/2019 10:31
144802,27in FHD Monitor,1,1/16/2019 12:18
144803,Lightning Charging Cable,1,1/8/2019 22:42
144804,iPhone,1,1/1/2019 7:29
144804,Wired Headphones,1,1/1/2019 7:29
144805,27in 4K Gaming Monitor,1,1/2/2019 17:22
144806,AAA Batteries (4-pack),1,1/2/2019 15:35
144807,AAA Batteries (4-pack),1,1/5/2019 20:29
144808,34in Ultrawide Monitor,1,1/13/2019 13:18
144809,AAA Batteries (4-pack),1,1/3/2019 20:00
144810,Google Phone,1,1/5/2019 11:22
144811,Vareebadd Phone,1,1/9/2019 15:29
144812,USB-C Charging Cable,1,1/29/2019 7:38
144813,AAA Batteries (4-pack),1,1/26/2019 19:58
144814,USB-C Charging Cable,1,1/8/2019 0:54
144815,Wired Headphones,1,1/24/2019 14:08
144816,Apple Airpods Headphones,1,1/6/2019 16:41
144817,AAA Batteries (4-pack),2,1/29/2019 12:22
144818,AAA Batteries (4-pack),2,1/5/2019 21:16
144819,iPhone,1,1/18/2019 16:28
144819,Lightning Charging Cable,1,1/18/2019 16:28
144819,Wired Headphones,1,1/18/2019 16:28
144820,AA Batteries (4-pack),1,1/24/2019 8:00
144821,Google Phone,1,1/26/2019 22:04
144821,USB-C Charging Cable,1,1/26/2019 22:04
144822,USB-C Charging Cable,1,1/15/2019 12:04
144823,AA Batteries (4-pack),3,1/23/2019 15:35
144824,20in Monitor,1,1/25/2019 16:52
144825,Apple Airpods Headphones,1,1/6/2019 15:14
144826,Google Phone,1,1/23/2019 15:44
144827,Wired Headphones,1,1/2/2019 14:26
144828,AA Batteries (4-pack),3,1/30/2019 10:27
144829,Apple Airpods Headphones,1,1/2/2019 10:36
144830,27in 4K Gaming Monitor,1,1/10/2019 16:54
144831,iPhone,1,1/9/2019 9:10
144832,Lightning Charging Cable,1,1/30/2019 8:04
144833,Google Phone,1,1/28/2019 11:34
144834,AAA Batteries (4-pack),1,1/28/2019 7:07
144835,AAA Batteries (4-pack),2,1/28/2019 19:33
144836,20in Monitor,1,1/2/2019 15:25
144837,Lightning Charging Cable,1,1/16/2019 12:23
144838,Wired Headphones,1,1/6/2019 22:21
144839,Google Phone,1,1/13/2019 21:22
144840,AA Batteries (4-pack),2,1/26/2019 16:01
144841,Macbook Pro Laptop,1,1/26/2019 18:06
144842,ThinkPad Laptop,1,1/27/2019 17:23
144843,Lightning Charging Cable,2,1/6/2019 18:30
144844,AA Batteries (4-pack),1,1/16/2019 11:59
144845,Apple Airpods Headphones,1,1/9/2019 1:06
144846,Flatscreen TV,1,1/27/2019 18:01
144847,Apple Airpods Headphones,1,1/13/2019 19:50
144848,AAA Batteries (4-pack),2,1/29/2019 18:45
144849,Apple Airpods Headphones,1,1/20/2019 21:23
144850,Google Phone,1,1/2/2019 21:10
144850,USB-C Charging Cable,1,1/2/2019 21:10
144851,Apple Airpods Headphones,2,1/26/2019 6:48
144851,USB-C Charging Cable,1,1/26/2019 6:48
144852,AAA Batteries (4-pack),1,1/27/2019 9:04
144853,Lightning Charging Cable,1,1/6/2019 12:47
144854,Bose SoundSport Headphones,1,1/3/2019 21:00
144855,USB-C Charging Cable,1,1/16/2019 16:23
144856,27in 4K Gaming Monitor,1,1/1/2019 18:53
144857,20in Monitor,1,1/1/2019 14:29
144858,34in Ultrawide Monitor,1,1/1/2019 14:29
144859,AA Batteries (4-pack),1,1/30/2019 21:14
144860,USB-C Charging Cable,1,1/12/2019 15:42
144861,AA Batteries (4-pack),1,1/25/2019 15:32
144861,Lightning Charging Cable,1,1/25/2019 15:32
144862,LG Dryer,1,1/18/2019 20:13
144863,Wired Headphones,1,1/27/2019 19:24
144864,Apple Airpods Headphones,1,1/1/2019 17:05
144865,Lightning Charging Cable,1,1/28/2019 9:23
144866,iPhone,1,1/2/2019 17:58
144866,Lightning Charging Cable,1,1/2/2019 17:58
144867,Flatscreen TV,1,1/16/2019 13:45
144868,AA Batteries (4-pack),1,1/1/2019 18:03
144869,iPhone,1,1/25/2019 15:16
144870,Google Phone,1,1/26/2019 15:10
144871,Flatscreen TV,1,1/13/2019 12:07
144872,Lightning Charging Cable,1,1/27/2019 18:03
144873,USB-C Charging Cable,1,1/15/2019 16:03
144874,USB-C Charging Cable,1,1/26/2019 14:29
144875,USB-C Charging Cable,1,1/28/2019 14:51
144876,Bose SoundSport Headphones,1,1/9/2019 10:31
144877,iPhone,1,1/24/2019 9:35
144878,AAA Batteries (4-pack),2,1/8/2019 17:29
144879,USB-C Charging Cable,1,1/18/2019 12:51
144880,AA Batteries (4-pack),1,1/15/2019 19:59
144881,AA Batteries (4-pack),1,1/21/2019 7:04
144882,AA Batteries (4-pack),1,1/8/2019 18:20
144883,AA Batteries (4-pack),2,1/20/2019 22:35
144884,20in Monitor,1,1/22/2019 19:05
144884,Wired Headphones,1,1/22/2019 19:05
144885,Lightning Charging Cable,1,1/6/2019 18:16
144886,Lightning Charging Cable,2,1/18/2019 14:54
144887,AAA Batteries (4-pack),1,1/5/2019 8:09
144888,USB-C Charging Cable,1,1/14/2019 22:49
144889,AA Batteries (4-pack),4,1/14/2019 18:19
144890,27in FHD Monitor,1,1/7/2019 21:03
144891,Bose SoundSport Headphones,1,1/7/2019 14:11
144892,AAA Batteries (4-pack),3,1/7/2019 0:01
144893,Bose SoundSport Headphones,1,1/21/2019 14:20
144894,Wired Headphones,1,1/27/2019 11:12
144895,Macbook Pro Laptop,1,1/11/2019 17:35
144896,Lightning Charging Cable,1,1/22/2019 22:48
144897,AAA Batteries (4-pack),1,1/12/2019 3:01
144898,27in 4K Gaming Monitor,1,1/18/2019 8:36
144899,Wired Headphones,1,1/11/2019 17:54
144900,AA Batteries (4-pack),1,1/3/2019 5:12
144900,27in 4K Gaming Monitor,1,1/3/2019 5:12
144901,Flatscreen TV,1,1/20/2019 21:22
144902,27in 4K Gaming Monitor,1,1/1/2019 10:23
144903,AAA Batteries (4-pack),2,1/17/2019 8:29
144904,Apple Airpods Headphones,1,1/30/2019 23:58
144905,Google Phone,1,1/20/2019 23:43
144906,Apple Airpods Headphones,1,1/31/2019 11:44
144907,USB-C Charging Cable,2,1/15/2019 13:10
144908,Lightning Charging Cable,1,1/17/2019 15:25
144909,USB-C Charging Cable,1,1/6/2019 10:32
144910,AAA Batteries (4-pack),2,1/12/2019 19:28
144911,USB-C Charging Cable,1,1/29/2019 19:41
144912,27in 4K Gaming Monitor,1,1/11/2019 23:28
144913,Google Phone,1,1/13/2019 20:14
144914,AAA Batteries (4-pack),5,1/31/2019 15:03
144915,Lightning Charging Cable,1,1/29/2019 20:22
144916,USB-C Charging Cable,2,1/11/2019 20:37
144917,Wired Headphones,1,1/11/2019 15:14
144918,USB-C Charging Cable,1,1/17/2019 1:25
144919,Bose SoundSport Headphones,1,1/12/2019 21:02
144920,27in FHD Monitor,1,1/4/2019 19:53
144921,Lightning Charging Cable,1,1/28/2019 11:53
144922,AA Batteries (4-pack),1,1/16/2019 21:14
144923,Wired Headphones,1,1/10/2019 21:38
144924,Apple Airpods Headphones,1,1/19/2019 21:05
144925,Bose SoundSport Headphones,1,1/27/2019 15:14
144926,AAA Batteries (4-pack),1,1/28/2019 10:16
144927,Lightning Charging Cable,1,1/15/2019 10:06
144928,USB-C Charging Cable,1,1/28/2019 19:05
144929,Bose SoundSport Headphones,1,1/17/2019 13:51
144930,iPhone,1,1/6/2019 14:46
144930,Wired Headphones,2,1/6/2019 14:46
144931,27in FHD Monitor,1,1/24/2019 19:51
144932,AA Batteries (4-pack),3,1/20/2019 20:49
144933,Vareebadd Phone,1,1/15/2019 9:44
144934,USB-C Charging Cable,1,1/6/2019 0:48
144935,34in Ultrawide Monitor,1,1/25/2019 22:27
144936,Lightning Charging Cable,2,1/12/2019 12:39
144937,Lightning Charging Cable,1,1/28/2019 5:09
144938,Wired Headphones,1,1/16/2019 17:46
144939,AAA Batteries (4-pack),1,1/28/2019 17:00
144940,AA Batteries (4-pack),1,1/19/2019 7:10
144941,Flatscreen TV,1,1/9/2019 20:43
144942,Vareebadd Phone,1,1/24/2019 15:52
144942,Bose SoundSport Headphones,1,1/24/2019 15:52
144943,Wired Headphones,1,1/18/2019 20:38
144944,Wired Headphones,1,1/25/2019 1:10
144945,Wired Headphones,1,1/10/2019 13:14
144946,ThinkPad Laptop,1,1/25/2019 12:17
144947,AAA Batteries (4-pack),1,1/12/2019 12:57
144948,AAA Batteries (4-pack),1,1/27/2019 8:07
144949,USB-C Charging Cable,1,1/30/2019 19:27
144950,AAA Batteries (4-pack),1,1/15/2019 17:16
144951,AA Batteries (4-pack),1,1/11/2019 16:16
144952,Bose SoundSport Headphones,1,1/12/2019 18:18
144953,Apple Airpods Headphones,1,1/17/2019 17:39
144954,34in Ultrawide Monitor,1,1/3/2019 8:11
144955,iPhone,1,1/23/2019 21:17
144956,Lightning Charging Cable,1,1/4/2019 23:13
144957,LG Washing Machine,1,1/4/2019 22:50
144958,Lightning Charging Cable,1,1/13/2019 6:43
144959,27in FHD Monitor,1,1/6/2019 20:33
144960,USB-C Charging Cable,1,1/8/2019 6:16
144961,AAA Batteries (4-pack),2,1/23/2019 17:15
144962,AA Batteries (4-pack),1,1/31/2019 10:51
144963,Apple Airpods Headphones,1,1/17/2019 17:18
144964,AA Batteries (4-pack),1,1/2/2019 22:25
144965,AAA Batteries (4-pack),1,1/12/2019 11:00
144966,Bose SoundSport Headphones,1,1/6/2019 8:35
144967,Macbook Pro Laptop,1,1/8/2019 21:10
144968,Apple Airpods Headphones,1,1/11/2019 21:51
144969,Wired Headphones,1,1/31/2019 23:24
144970,Bose SoundSport Headphones,1,1/22/2019 9:31
144971,27in FHD Monitor,1,1/2/2019 20:15
144972,USB-C Charging Cable,1,1/5/2019 19:28
144973,Wired Headphones,2,1/3/2019 23:19
144974,Bose SoundSport Headphones,1,1/17/2019 20:11
144975,AAA Batteries (4-pack),1,1/6/2019 12:33
144976,AAA Batteries (4-pack),1,1/8/2019 15:20
144977,USB-C Charging Cable,1,1/24/2019 9:05
144978,USB-C Charging Cable,1,1/3/2019 4:57
144979,AAA Batteries (4-pack),1,1/14/2019 13:06
144980,Lightning Charging Cable,2,1/25/2019 10:17
144981,Flatscreen TV,1,1/2/2019 14:20
144982,Apple Airpods Headphones,1,1/11/2019 8:52
144983,Wired Headphones,1,1/15/2019 0:53
144984,USB-C Charging Cable,1,1/28/2019 12:52
144985,Apple Airpods Headphones,1,1/27/2019 18:45
144986,Apple Airpods Headphones,1,1/28/2019 14:17
144987,AA Batteries (4-pack),1,1/7/2019 14:52
144988,Wired Headphones,1,1/14/2019 19:13
144989,AAA Batteries (4-pack),1,1/31/2019 23:29
144990,34in Ultrawide Monitor,1,1/18/2019 16:50
144991,AAA Batteries (4-pack),2,1/28/2019 5:46
144992,USB-C Charging Cable,1,1/21/2019 19:37
144993,AAA Batteries (4-pack),1,1/20/2019 14:31
144994,ThinkPad Laptop,1,1/1/2019 8:13
144995,34in Ultrawide Monitor,1,1/12/2019 15:32
144996,Wired Headphones,1,1/5/2019 20:44
144997,Wired Headphones,1,1/13/2019 12:32
144998,ThinkPad Laptop,1,1/30/2019 13:20
144999,Google Phone,1,1/18/2019 19:11
145000,AA Batteries (4-pack),2,1/22/2019 14:53
145001,AAA Batteries (4-pack),1,1/22/2019 10:46
145002,Lightning Charging Cable,1,1/11/2019 18:28
145003,USB-C Charging Cable,1,1/29/2019 23:44
145004,Bose SoundSport Headphones,1,1/7/2019 13:06
145005,USB-C Charging Cable,2,1/12/2019 2:52
145006,AA Batteries (4-pack),1,1/3/2019 7:38
145007,AA Batteries (4-pack),1,1/12/2019 10:25
145008,AAA Batteries (4-pack),1,1/31/2019 6:57
145009,AA Batteries (4-pack),1,1/21/2019 20:49
145010,Wired Headphones,1,1/11/2019 13:44
145011,Bose SoundSport Headphones,1,1/22/2019 10:06
145012,Macbook Pro Laptop,1,1/25/2019 23:42
145013,Apple Airpods Headphones,1,1/12/2019 19:15
145014,AAA Batteries (4-pack),2,1/1/2019 13:18
145015,USB-C Charging Cable,1,1/14/2019 13:10
145016,iPhone,1,1/3/2019 16:10
145017,Google Phone,1,1/18/2019 6:02
145018,AAA Batteries (4-pack),1,1/13/2019 17:10
145019,Google Phone,1,1/21/2019 9:08
145019,USB-C Charging Cable,1,1/21/2019 9:08
145019,Wired Headphones,1,1/21/2019 9:08
145020,AA Batteries (4-pack),3,1/26/2019 22:02
145021,27in FHD Monitor,1,1/26/2019 14:56
145022,ThinkPad Laptop,1,1/1/2019 21:11
145023,Google Phone,1,1/28/2019 15:38
145024,Wired Headphones,1,1/28/2019 17:10
145025,AAA Batteries (4-pack),1,1/19/2019 16:35
145026,20in Monitor,1,1/26/2019 6:44
145026,Wired Headphones,1,1/26/2019 6:44
145027,Wired Headphones,1,1/15/2019 22:00
145028,Apple Airpods Headphones,1,1/17/2019 23:09
145029,20in Monitor,1,1/9/2019 15:51
145030,Wired Headphones,2,1/2/2019 18:24
145031,Flatscreen TV,1,1/2/2019 9:40
145032,USB-C Charging Cable,1,1/22/2019 15:38
145033,USB-C Charging Cable,1,1/2/2019 22:12
145034,27in FHD Monitor,1,1/29/2019 10:30
145035,Apple Airpods Headphones,1,1/17/2019 12:00
145036,AAA Batteries (4-pack),3,1/4/2019 15:24
145037,Macbook Pro Laptop,1,1/2/2019 18:15
145038,USB-C Charging Cable,1,1/19/2019 0:52
145039,Google Phone,1,1/2/2019 20:33
145040,27in FHD Monitor,1,1/11/2019 20:25
145041,iPhone,1,1/13/2019 20:05
145041,Lightning Charging Cable,1,1/13/2019 20:05
145042,Apple Airpods Headphones,1,1/31/2019 20:13
145043,Bose SoundSport Headphones,1,1/3/2019 9:49
145044,Lightning Charging Cable,1,1/3/2019 18:59
145045,Wired Headphones,1,1/5/2019 15:06
145046,Lightning Charging Cable,1,1/14/2019 10:02
145047,Lightning Charging Cable,1,1/2/2019 19:49
145048,Flatscreen TV,1,1/15/2019 2:40
145049,AA Batteries (4-pack),2,1/10/2019 15:53
145050,Bose SoundSport Headphones,1,1/28/2019 18:59
145051,27in FHD Monitor,1,1/23/2019 14:36
145052,USB-C Charging Cable,1,1/14/2019 21:19
145053,Bose SoundSport Headphones,1,1/5/2019 19:17
145054,AAA Batteries (4-pack),2,1/12/2019 15:29
145055,Wired Headphones,1,1/7/2019 13:42
145056,27in 4K Gaming Monitor,1,1/31/2019 16:55
145057,Bose SoundSport Headphones,1,1/17/2019 0:07
145058,Wired Headphones,2,1/30/2019 22:08
145059,iPhone,1,1/24/2019 18:44
145059,Lightning Charging Cable,1,1/24/2019 18:44
145059,Wired Headphones,1,1/24/2019 18:44
145060,Bose SoundSport Headphones,1,1/30/2019 22:44
145061,Wired Headphones,2,1/9/2019 20:18
145062,AA Batteries (4-pack),2,1/30/2019 13:48
145063,AA Batteries (4-pack),2,1/19/2019 14:24
145064,Lightning Charging Cable,1,1/7/2019 7:18
145065,Lightning Charging Cable,1,1/14/2019 21:26
145066,Bose SoundSport Headphones,1,1/25/2019 20:13
145067,Macbook Pro Laptop,1,1/29/2019 21:04
145068,27in FHD Monitor,1,1/13/2019 3:05
145069,20in Monitor,1,1/4/2019 22:46
145070,USB-C Charging Cable,1,1/10/2019 23:09
145071,USB-C Charging Cable,1,1/8/2019 23:50
145071,AA Batteries (4-pack),1,1/8/2019 23:50
145072,AAA Batteries (4-pack),1,1/30/2019 22:55
145073,Apple Airpods Headphones,1,1/9/2019 19:35
145074,USB-C Charging Cable,1,1/17/2019 19:24
145075,iPhone,1,1/28/2019 5:52
145076,USB-C Charging Cable,1,1/26/2019 23:26
145077,Wired Headphones,1,1/12/2019 23:03
145078,AA Batteries (4-pack),2,1/14/2019 6:29
145079,AA Batteries (4-pack),2,1/17/2019 19:28
145080,AA Batteries (4-pack),1,1/28/2019 11:39
145081,AA Batteries (4-pack),1,1/21/2019 20:30
145082,AAA Batteries (4-pack),3,1/1/2019 8:48
145083,34in Ultrawide Monitor,1,1/2/2019 21:50
145084,Bose SoundSport Headphones,1,1/3/2019 16:49
145085,iPhone,1,1/16/2019 10:27
145086,Macbook Pro Laptop,1,1/15/2019 11:20
145087,Wired Headphones,1,1/2/2019 11:33
145088,34in Ultrawide Monitor,1,1/20/2019 8:03
145089,AA Batteries (4-pack),1,1/15/2019 17:06
145090,AAA Batteries (4-pack),2,1/4/2019 20:46
145091,ThinkPad Laptop,1,1/10/2019 7:43
145092,Google Phone,1,1/15/2019 18:14
145093,Wired Headphones,1,1/29/2019 20:27
145094,27in FHD Monitor,1,1/30/2019 16:59
145095,USB-C Charging Cable,1,1/30/2019 7:21
145096,USB-C Charging Cable,1,1/5/2019 8:11
145097,Lightning Charging Cable,1,1/28/2019 6:32
145098,34in Ultrawide Monitor,1,1/10/2019 19:47
145099,Apple Airpods Headphones,1,1/11/2019 21:15
145100,USB-C Charging Cable,1,1/4/2019 1:52
145101,Wired Headphones,1,1/30/2019 19:24
145102,Flatscreen TV,1,1/29/2019 14:55
145103,Google Phone,1,1/2/2019 12:59
145104,Macbook Pro Laptop,1,1/11/2019 9:12
145105,Wired Headphones,1,1/30/2019 10:52
145106,20in Monitor,1,1/13/2019 17:04
145107,AA Batteries (4-pack),1,1/22/2019 9:27
145107,LG Dryer,1,1/22/2019 9:27
145108,Wired Headphones,1,1/29/2019 21:22
145109,27in FHD Monitor,1,1/14/2019 10:37
145110,Google Phone,1,1/18/2019 15:14
145111,ThinkPad Laptop,1,1/22/2019 11:54
145112,34in Ultrawide Monitor,1,1/1/2019 16:44
145113,AA Batteries (4-pack),1,1/2/2019 12:52
145114,USB-C Charging Cable,1,1/22/2019 15:36
145115,Lightning Charging Cable,1,1/22/2019 18:51
145116,Lightning Charging Cable,1,1/10/2019 23:50
145117,27in FHD Monitor,1,1/23/2019 16:38
145118,USB-C Charging Cable,1,1/6/2019 22:39
145118,Bose SoundSport Headphones,1,1/6/2019 22:39
145119,USB-C Charging Cable,1,1/24/2019 16:06
145120,AAA Batteries (4-pack),1,1/9/2019 21:42
145121,USB-C Charging Cable,1,1/25/2019 1:10
145122,ThinkPad Laptop,1,1/1/2019 16:26
145123,34in Ultrawide Monitor,1,1/3/2019 20:16
145124,Vareebadd Phone,1,1/4/2019 9:15
145125,Google Phone,1,1/19/2019 17:59
145125,USB-C Charging Cable,1,1/19/2019 17:59
145126,LG Washing Machine,1,1/3/2019 0:06
145127,Wired Headphones,1,1/15/2019 18:59
145128,AA Batteries (4-pack),1,1/27/2019 11:58
145129,27in 4K Gaming Monitor,1,1/5/2019 18:28
145130,34in Ultrawide Monitor,1,1/9/2019 15:42
145131,Lightning Charging Cable,1,1/30/2019 18:39
145132,34in Ultrawide Monitor,1,1/10/2019 15:10
145133,AAA Batteries (4-pack),1,1/21/2019 9:19
145134,27in FHD Monitor,1,1/17/2019 14:41
145135,Bose SoundSport Headphones,1,1/31/2019 23:06
145136,AAA Batteries (4-pack),3,1/15/2019 12:59
145137,AAA Batteries (4-pack),1,1/31/2019 19:39
145138,Wired Headphones,1,1/8/2019 19:36
145139,USB-C Charging Cable,1,1/14/2019 15:34
145140,Vareebadd Phone,1,1/8/2019 12:53
145141,Apple Airpods Headphones,1,1/10/2019 21:53
145141,AAA Batteries (4-pack),1,1/10/2019 21:53
145142,Bose SoundSport Headphones,1,1/10/2019 14:14
145143,Lightning Charging Cable,1,1/6/2019 3:01
145143,Lightning Charging Cable,1,1/6/2019 3:01
145144,AAA Batteries (4-pack),2,1/22/2019 23:18
145145,Google Phone,1,1/10/2019 22:33
145145,Wired Headphones,1,1/10/2019 22:33
145146,iPhone,1,1/9/2019 20:56
145147,Lightning Charging Cable,1,1/28/2019 19:26
145148,34in Ultrawide Monitor,1,1/5/2019 20:33
145149,Lightning Charging Cable,1,1/6/2019 11:06
145150,USB-C Charging Cable,1,1/3/2019 11:42
145151,AA Batteries (4-pack),1,1/21/2019 16:41
145152,27in FHD Monitor,1,1/9/2019 21:03
145153,Wired Headphones,1,1/3/2019 15:57
145154,AA Batteries (4-pack),2,1/26/2019 19:46
145155,Lightning Charging Cable,3,1/9/2019 11:22
145156,AAA Batteries (4-pack),1,1/28/2019 11:55
145157,Apple Airpods Headphones,1,1/19/2019 21:13
145158,LG Washing Machine,1,1/3/2019 21:05
145159,USB-C Charging Cable,1,1/11/2019 8:56
145160,USB-C Charging Cable,1,1/28/2019 18:24
145161,Bose SoundSport Headphones,1,1/13/2019 12:32
145162,AA Batteries (4-pack),2,1/30/2019 15:55
145163,iPhone,1,1/4/2019 10:00
145164,Lightning Charging Cable,1,1/9/2019 19:23
145165,27in FHD Monitor,1,1/1/2019 9:58
145166,Vareebadd Phone,1,1/17/2019 11:04
145166,AAA Batteries (4-pack),1,1/17/2019 11:04
145167,20in Monitor,1,1/15/2019 12:04
145168,Lightning Charging Cable,1,1/9/2019 5:48
145169,iPhone,1,1/7/2019 22:22
145169,Lightning Charging Cable,2,1/7/2019 22:22
145170,Google Phone,1,1/21/2019 13:50
145171,Apple Airpods Headphones,1,1/24/2019 0:14
145172,AAA Batteries (4-pack),1,1/24/2019 10:28
145173,Google Phone,1,1/21/2019 8:28
145174,AA Batteries (4-pack),1,1/16/2019 23:28
145175,Bose SoundSport Headphones,1,1/7/2019 11:16
145176,iPhone,1,1/30/2019 11:03
145177,Lightning Charging Cable,1,1/25/2019 14:04
145178,27in 4K Gaming Monitor,1,1/19/2019 15:55
145179,AAA Batteries (4-pack),1,1/13/2019 0:12
145180,Apple Airpods Headphones,1,1/2/2019 23:04
145181,USB-C Charging Cable,2,1/21/2019 20:11
145182,Bose SoundSport Headphones,1,1/2/2019 10:06
145183,AA Batteries (4-pack),2,1/3/2019 19:59
145184,Apple Airpods Headphones,1,1/18/2019 9:38
145185,Wired Headphones,1,1/13/2019 15:35
145186,AA Batteries (4-pack),1,1/25/2019 23:38
145187,27in FHD Monitor,1,1/26/2019 16:43
145188,iPhone,1,1/30/2019 17:42
145189,USB-C Charging Cable,1,1/1/2019 21:34
145190,Google Phone,1,1/12/2019 8:31
145191,AAA Batteries (4-pack),3,1/28/2019 14:35
145192,Wired Headphones,1,1/24/2019 12:10
145193,AA Batteries (4-pack),1,1/6/2019 1:14
145194,Bose SoundSport Headphones,1,1/8/2019 18:50
145195,LG Dryer,1,1/18/2019 12:23
145196,Wired Headphones,1,1/28/2019 2:22
145197,Wired Headphones,1,1/13/2019 21:14
145198,Lightning Charging Cable,1,1/2/2019 22:55
145199,34in Ultrawide Monitor,1,1/15/2019 8:09
145200,AAA Batteries (4-pack),1,1/12/2019 12:37
145201,Google Phone,1,1/20/2019 20:10
145201,Wired Headphones,1,1/20/2019 20:10
145202,Flatscreen TV,1,1/21/2019 16:30
145203,AA Batteries (4-pack),3,1/6/2019 18:23
145204,Bose SoundSport Headphones,1,1/17/2019 0:32
145205,Vareebadd Phone,1,1/18/2019 9:32
145206,Flatscreen TV,1,1/31/2019 13:43
145207,Lightning Charging Cable,1,1/18/2019 22:44
145208,USB-C Charging Cable,2,1/22/2019 11:36
145209,Macbook Pro Laptop,1,1/10/2019 21:46
145210,AAA Batteries (4-pack),1,1/6/2019 13:12
145211,AAA Batteries (4-pack),4,1/16/2019 9:13
145212,Lightning Charging Cable,1,2/1/2019 0:36
145213,27in FHD Monitor,1,1/17/2019 21:46
145214,USB-C Charging Cable,1,1/27/2019 12:31
145215,AAA Batteries (4-pack),3,1/14/2019 23:50
145216,AA Batteries (4-pack),1,1/30/2019 12:45
145217,34in Ultrawide Monitor,1,1/7/2019 9:17
145218,AA Batteries (4-pack),2,1/27/2019 12:42
145219,ThinkPad Laptop,1,1/17/2019 12:22
145220,Apple Airpods Headphones,1,1/18/2019 19:29
145221,Flatscreen TV,1,1/16/2019 13:57
145221,Apple Airpods Headphones,1,1/16/2019 13:57
145222,Bose SoundSport Headphones,1,1/7/2019 17:26
145223,AAA Batteries (4-pack),2,1/27/2019 9:33
145224,27in 4K Gaming Monitor,1,1/16/2019 16:49
145225,20in Monitor,1,1/28/2019 22:56
145226,AAA Batteries (4-pack),1,1/11/2019 19:32
145227,ThinkPad Laptop,1,1/17/2019 12:54
145228,LG Dryer,1,1/30/2019 13:02
145229,Apple Airpods Headphones,1,1/18/2019 21:58
145230,Wired Headphones,1,1/24/2019 12:15
145231,Vareebadd Phone,1,1/20/2019 21:35
145232,Wired Headphones,1,1/8/2019 18:48
145233,LG Washing Machine,1,1/24/2019 9:14
145234,Lightning Charging Cable,1,1/3/2019 2:00
145235,LG Washing Machine,1,1/9/2019 13:59
145236,27in FHD Monitor,1,1/20/2019 17:48
145237,27in FHD Monitor,1,1/10/2019 12:48
145238,AAA Batteries (4-pack),1,1/7/2019 14:08
145239,Bose SoundSport Headphones,1,1/1/2019 21:56
145240,Apple Airpods Headphones,1,1/31/2019 12:32
145241,27in 4K Gaming Monitor,1,1/9/2019 22:49
145242,Wired Headphones,1,1/31/2019 22:22
145243,Wired Headphones,1,1/26/2019 18:50
145244,Bose SoundSport Headphones,1,1/5/2019 23:27
145245,Wired Headphones,1,1/23/2019 21:57
145246,Apple Airpods Headphones,1,1/13/2019 22:16
145247,AAA Batteries (4-pack),1,1/22/2019 15:36
145248,ThinkPad Laptop,1,1/9/2019 20:11
145249,Apple Airpods Headphones,1,1/16/2019 19:48
145250,AAA Batteries (4-pack),1,1/24/2019 21:31
145251,Flatscreen TV,1,1/24/2019 0:21
145252,Apple Airpods Headphones,1,1/5/2019 16:44
145253,Lightning Charging Cable,1,1/26/2019 11:33
145254,AAA Batteries (4-pack),1,1/6/2019 18:12
145255,Lightning Charging Cable,1,1/4/2019 6:13
145256,iPhone,1,1/2/2019 13:21
145256,Lightning Charging Cable,1,1/2/2019 13:21
145257,Wired Headphones,1,1/5/2019 19:22
145258,AA Batteries (4-pack),1,1/25/2019 1:13
145259,AA Batteries (4-pack),1,1/18/2019 10:09
145260,iPhone,1,1/19/2019 13:38
145261,AA Batteries (4-pack),1,1/7/2019 10:10
145262,AAA Batteries (4-pack),1,1/26/2019 14:04
145263,iPhone,1,1/18/2019 14:02
145264,USB-C Charging Cable,1,1/13/2019 15:29
145265,Lightning Charging Cable,1,1/5/2019 19:53
145266,Lightning Charging Cable,1,1/9/2019 5:58
145267,AA Batteries (4-pack),1,1/22/2019 18:54
145268,Google Phone,1,1/7/2019 10:22
145269,Bose SoundSport Headphones,1,1/28/2019 2:01
145270,Google Phone,1,1/1/2019 7:33
145271,34in Ultrawide Monitor,1,1/23/2019 21:00
145272,Macbook Pro Laptop,1,1/14/2019 23:20
145273,Wired Headphones,1,1/18/2019 22:36
145274,Bose SoundSport Headphones,1,1/6/2019 17:48
145275,Lightning Charging Cable,1,1/13/2019 12:13
145276,27in FHD Monitor,1,1/13/2019 23:50
145277,Bose SoundSport Headphones,1,1/21/2019 0:53
145278,AAA Batteries (4-pack),4,1/5/2019 12:58
145279,Wired Headphones,1,1/16/2019 22:41
145280,Lightning Charging Cable,1,1/16/2019 13:26
145281,USB-C Charging Cable,1,1/8/2019 18:10
145282,Wired Headphones,1,1/16/2019 13:49
145283,Flatscreen TV,1,1/14/2019 10:38
145284,20in Monitor,1,1/5/2019 7:37
145285,USB-C Charging Cable,1,1/22/2019 14:11
145286,27in FHD Monitor,1,1/21/2019 18:48
145287,AA Batteries (4-pack),1,1/16/2019 20:39
145288,Apple Airpods Headphones,1,1/29/2019 12:38
145289,USB-C Charging Cable,1,1/28/2019 18:43
145290,USB-C Charging Cable,1,1/9/2019 1:25
145291,AA Batteries (4-pack),1,1/26/2019 10:08
145292,Wired Headphones,1,1/9/2019 9:18
145293,USB-C Charging Cable,1,1/8/2019 18:13
145294,AA Batteries (4-pack),1,1/15/2019 20:57
145295,Macbook Pro Laptop,1,1/4/2019 14:08
145296,34in Ultrawide Monitor,1,1/3/2019 22:17
145297,AA Batteries (4-pack),1,1/25/2019 19:06
145298,27in FHD Monitor,1,1/29/2019 21:42
145299,Apple Airpods Headphones,1,1/12/2019 20:25
145300,Wired Headphones,1,1/20/2019 7:07
145300,AAA Batteries (4-pack),2,1/20/2019 7:07
145301,Wired Headphones,1,1/27/2019 18:19
145302,Bose SoundSport Headphones,1,1/7/2019 14:14
145303,USB-C Charging Cable,1,1/24/2019 8:50
145304,Bose SoundSport Headphones,1,1/18/2019 10:08
145305,AAA Batteries (4-pack),3,1/5/2019 19:21
145306,Apple Airpods Headphones,1,1/16/2019 5:13
145307,ThinkPad Laptop,1,1/12/2019 10:38
145308,Apple Airpods Headphones,1,1/19/2019 21:44
145309,USB-C Charging Cable,2,1/3/2019 1:02
145310,AAA Batteries (4-pack),1,1/22/2019 21:01
145311,27in 4K Gaming Monitor,1,1/13/2019 10:17
145312,Bose SoundSport Headphones,1,1/14/2019 20:09
145313,20in Monitor,1,1/26/2019 8:50
145314,Apple Airpods Headphones,1,1/27/2019 10:01
145315,AA Batteries (4-pack),1,1/7/2019 15:47
145316,AAA Batteries (4-pack),2,1/12/2019 11:42
145317,AAA Batteries (4-pack),1,1/16/2019 23:56
145318,AAA Batteries (4-pack),3,1/28/2019 1:31
145319,Apple Airpods Headphones,1,1/1/2019 13:05
145320,USB-C Charging Cable,1,1/28/2019 17:36
145321,Apple Airpods Headphones,1,1/30/2019 14:42
145322,Lightning Charging Cable,1,1/5/2019 13:27
145323,AAA Batteries (4-pack),1,1/20/2019 19:17
145324,Vareebadd Phone,1,1/8/2019 12:22
145325,AA Batteries (4-pack),1,1/2/2019 6:41
145326,34in Ultrawide Monitor,1,1/2/2019 23:43
145327,27in FHD Monitor,1,1/7/2019 19:15
145328,27in FHD Monitor,1,1/6/2019 17:49
145329,AA Batteries (4-pack),1,1/17/2019 11:35
145330,Google Phone,1,1/8/2019 14:03
145331,Lightning Charging Cable,1,1/18/2019 19:19
145332,USB-C Charging Cable,1,1/24/2019 11:44
145333,Wired Headphones,1,1/16/2019 13:50
145334,Google Phone,1,1/25/2019 8:26
145335,Macbook Pro Laptop,1,1/11/2019 22:35
145336,Apple Airpods Headphones,1,1/28/2019 11:11
145337,Apple Airpods Headphones,1,1/20/2019 14:24
145338,ThinkPad Laptop,1,1/17/2019 16:56
145339,iPhone,1,1/28/2019 9:06
145340,AA Batteries (4-pack),3,1/2/2019 17:19
145341,iPhone,1,1/9/2019 12:45
145342,AA Batteries (4-pack),2,1/23/2019 10:32
145343,ThinkPad Laptop,1,1/2/2019 9:40
145344,AAA Batteries (4-pack),3,1/16/2019 21:07
145345,Bose SoundSport Headphones,1,1/3/2019 0:14
145346,AA Batteries (4-pack),4,1/23/2019 18:31
145347,AA Batteries (4-pack),1,1/6/2019 15:35
145348,34in Ultrawide Monitor,1,1/8/2019 23:47
145349,AA Batteries (4-pack),1,1/23/2019 17:52
145350,27in FHD Monitor,1,1/14/2019 13:09
145351,AAA Batteries (4-pack),2,1/18/2019 20:18
145352,Wired Headphones,1,1/29/2019 18:56
145353,27in FHD Monitor,1,1/10/2019 0:15
145354,USB-C Charging Cable,2,1/6/2019 14:56
145355,USB-C Charging Cable,1,1/16/2019 18:08
145356,Wired Headphones,1,1/17/2019 10:32
145357,Wired Headphones,1,1/14/2019 13:10
145358,AA Batteries (4-pack),1,1/9/2019 15:29
145359,Wired Headphones,1,1/18/2019 8:55
145360,Wired Headphones,1,1/20/2019 12:00
145361,AA Batteries (4-pack),2,1/3/2019 12:37
145362,Lightning Charging Cable,1,1/15/2019 21:32
145363,Wired Headphones,1,1/10/2019 20:03
145364,AAA Batteries (4-pack),3,1/22/2019 9:18
145364,Bose SoundSport Headphones,1,1/22/2019 9:18
145365,Lightning Charging Cable,2,1/24/2019 18:21
145366,27in 4K Gaming Monitor,1,1/26/2019 17:28
145367,Lightning Charging Cable,1,1/26/2019 10:27
145368,27in FHD Monitor,1,1/24/2019 20:45
145369,AAA Batteries (4-pack),1,1/2/2019 16:55
145369,Flatscreen TV,1,1/2/2019 16:55
145370,AA Batteries (4-pack),1,1/4/2019 19:54
145371,AAA Batteries (4-pack),1,1/3/2019 16:39
145372,AAA Batteries (4-pack),1,2/1/2019 4:02
145373,Lightning Charging Cable,1,1/23/2019 16:18
145374,AAA Batteries (4-pack),6,1/23/2019 2:25
145375,34in Ultrawide Monitor,1,1/15/2019 18:05
145376,34in Ultrawide Monitor,1,1/22/2019 8:41
145377,AAA Batteries (4-pack),1,1/30/2019 16:53
145378,USB-C Charging Cable,1,1/23/2019 19:08
145379,Lightning Charging Cable,1,1/20/2019 13:58
145380,AAA Batteries (4-pack),1,1/21/2019 16:21
145381,AAA Batteries (4-pack),1,1/2/2019 16:56
145382,Lightning Charging Cable,1,1/16/2019 11:10
145383,Macbook Pro Laptop,1,1/9/2019 17:35
145384,Lightning Charging Cable,1,1/4/2019 2:16
145385,USB-C Charging Cable,1,1/2/2019 23:27
145386,34in Ultrawide Monitor,1,1/2/2019 16:29
145387,Wired Headphones,1,1/25/2019 21:52
145388,Google Phone,1,1/14/2019 16:08
145388,USB-C Charging Cable,1,1/14/2019 16:08
145389,AA Batteries (4-pack),1,1/12/2019 13:03
145390,Lightning Charging Cable,1,1/13/2019 11:21
145391,Wired Headphones,1,1/23/2019 19:15
145392,Wired Headphones,1,1/26/2019 17:33
145393,20in Monitor,1,1/6/2019 13:26
145394,AA Batteries (4-pack),1,1/21/2019 17:45
145395,AA Batteries (4-pack),1,1/3/2019 18:36
145396,AAA Batteries (4-pack),1,1/25/2019 11:39
145397,Google Phone,1,1/22/2019 15:29
145398,Vareebadd Phone,1,1/4/2019 14:15
145399,27in FHD Monitor,1,1/20/2019 21:55
145400,iPhone,1,1/14/2019 10:44
145401,Bose SoundSport Headphones,1,1/13/2019 21:47
145402,Vareebadd Phone,1,1/11/2019 14:36
145403,USB-C Charging Cable,1,1/27/2019 11:28
145404,USB-C Charging Cable,1,1/30/2019 23:39
145405,Lightning Charging Cable,1,1/21/2019 8:21
145406,Lightning Charging Cable,1,1/8/2019 10:14
145407,USB-C Charging Cable,1,1/15/2019 19:32
145408,Lightning Charging Cable,1,1/15/2019 14:18
145409,Lightning Charging Cable,1,1/12/2019 16:36
145410,Lightning Charging Cable,1,1/24/2019 15:09
145411,USB-C Charging Cable,1,1/24/2019 17:51
145412,Wired Headphones,1,1/6/2019 10:10
145413,AAA Batteries (4-pack),3,1/23/2019 13:31
145414,USB-C Charging Cable,1,1/21/2019 13:56
145415,20in Monitor,1,1/26/2019 15:07
145416,Lightning Charging Cable,1,1/1/2019 16:59
145417,iPhone,1,1/26/2019 4:45
145418,Wired Headphones,1,1/18/2019 10:24
145419,Apple Airpods Headphones,1,1/18/2019 15:48
145420,ThinkPad Laptop,1,1/2/2019 23:34
145421,27in FHD Monitor,1,1/14/2019 20:09
145422,Apple Airpods Headphones,1,1/2/2019 14:02
145423,AA Batteries (4-pack),1,1/8/2019 14:47
145424,Apple Airpods Headphones,1,1/10/2019 21:14
145425,27in FHD Monitor,1,1/31/2019 12:16
145426,Bose SoundSport Headphones,1,1/30/2019 14:15
145427,USB-C Charging Cable,1,1/19/2019 12:12
145428,USB-C Charging Cable,1,1/23/2019 11:04
145429,27in FHD Monitor,1,1/11/2019 9:52
145430,Vareebadd Phone,1,1/16/2019 21:40
145431,27in FHD Monitor,1,1/22/2019 14:19
145432,AA Batteries (4-pack),2,1/6/2019 17:28
145433,Wired Headphones,1,1/29/2019 16:07
145434,Apple Airpods Headphones,1,1/15/2019 12:44
145435,AA Batteries (4-pack),1,1/18/2019 20:57
145436,Wired Headphones,1,1/21/2019 7:50
145437,LG Washing Machine,1,1/29/2019 9:50
145438,27in 4K Gaming Monitor,1,1/17/2019 11:33
145439,Google Phone,1,1/12/2019 11:06
145440,AA Batteries (4-pack),1,1/26/2019 14:03
145441,iPhone,1,1/11/2019 8:42
145442,AAA Batteries (4-pack),1,1/29/2019 16:56
145443,Apple Airpods Headphones,1,1/9/2019 15:24
145444,Lightning Charging Cable,2,1/25/2019 11:06
145445,Bose SoundSport Headphones,1,1/26/2019 23:08
145445,20in Monitor,1,1/26/2019 23:08
145446,Lightning Charging Cable,1,1/8/2019 20:49
145447,AA Batteries (4-pack),2,1/15/2019 19:06
145448,AA Batteries (4-pack),1,1/2/2019 12:18
145449,iPhone,1,1/28/2019 22:33
145450,AAA Batteries (4-pack),1,1/24/2019 11:10
145451,20in Monitor,1,1/10/2019 22:59
145452,Lightning Charging Cable,1,1/6/2019 9:47
145453,Apple Airpods Headphones,1,1/28/2019 13:31
145454,34in Ultrawide Monitor,1,1/4/2019 11:15
145455,Wired Headphones,1,1/15/2019 15:28
145456,iPhone,1,1/11/2019 11:17
145457,AAA Batteries (4-pack),1,1/31/2019 23:35
145458,USB-C Charging Cable,1,1/8/2019 22:17
145459,Apple Airpods Headphones,1,1/21/2019 10:56
145460,Flatscreen TV,1,1/17/2019 7:24
145461,ThinkPad Laptop,1,1/28/2019 19:19
145462,AA Batteries (4-pack),3,1/9/2019 20:11
145463,AA Batteries (4-pack),1,1/26/2019 20:45
145464,Apple Airpods Headphones,1,1/21/2019 19:13
145465,AAA Batteries (4-pack),1,1/4/2019 13:13
145466,USB-C Charging Cable,1,1/4/2019 9:17
145467,Bose SoundSport Headphones,1,1/11/2019 22:06
145468,20in Monitor,1,1/23/2019 18:30
145469,Macbook Pro Laptop,1,1/29/2019 18:59
145470,Apple Airpods Headphones,1,1/12/2019 12:41
145471,Lightning Charging Cable,1,1/30/2019 13:35
145472,Bose SoundSport Headphones,1,1/13/2019 14:40
145473,AA Batteries (4-pack),2,1/30/2019 19:34
145474,27in FHD Monitor,1,1/20/2019 14:07
145475,Wired Headphones,1,1/1/2019 14:45
145476,AAA Batteries (4-pack),1,1/12/2019 13:22
145477,AAA Batteries (4-pack),2,1/15/2019 20:15
145478,Apple Airpods Headphones,1,1/27/2019 12:30
145479,Bose SoundSport Headphones,1,1/5/2019 11:18
145480,Lightning Charging Cable,1,1/31/2019 16:52
145481,ThinkPad Laptop,1,1/2/2019 17:41
145482,Google Phone,1,1/13/2019 11:14
145483,USB-C Charging Cable,1,1/26/2019 10:07
145484,USB-C Charging Cable,1,1/18/2019 14:27
145485,Apple Airpods Headphones,1,1/2/2019 12:15
145486,Google Phone,1,1/21/2019 12:40
145487,AAA Batteries (4-pack),2,1/2/2019 10:03
145488,Bose SoundSport Headphones,2,1/21/2019 0:10
145489,iPhone,1,1/15/2019 20:09
145490,USB-C Charging Cable,1,1/20/2019 21:29
145491,Google Phone,1,1/11/2019 16:44
145492,AA Batteries (4-pack),2,1/3/2019 18:17
145493,Lightning Charging Cable,1,1/10/2019 17:52
145494,20in Monitor,1,1/23/2019 14:03
145495,AAA Batteries (4-pack),1,1/11/2019 22:39
145496,Bose SoundSport Headphones,1,1/11/2019 15:54
145497,Apple Airpods Headphones,1,1/16/2019 17:53
145498,AA Batteries (4-pack),1,1/11/2019 14:05
145499,USB-C Charging Cable,1,1/21/2019 20:02
145500,Bose SoundSport Headphones,1,1/10/2019 17:04
145501,Lightning Charging Cable,1,1/22/2019 20:03
145502,ThinkPad Laptop,1,1/12/2019 12:46
145503,Lightning Charging Cable,1,1/18/2019 18:06
145504,20in Monitor,1,1/2/2019 20:31
145505,USB-C Charging Cable,1,1/4/2019 22:29
145506,AAA Batteries (4-pack),1,1/4/2019 12:24
145507,USB-C Charging Cable,1,1/9/2019 1:21
145508,AAA Batteries (4-pack),1,1/18/2019 22:30
145509,USB-C Charging Cable,1,1/18/2019 9:24
145510,USB-C Charging Cable,1,1/19/2019 12:25
145511,AA Batteries (4-pack),1,1/20/2019 13:11
145512,USB-C Charging Cable,1,1/6/2019 19:14
145513,AA Batteries (4-pack),1,1/6/2019 1:30
145514,USB-C Charging Cable,1,1/4/2019 8:59
145515,Wired Headphones,1,1/24/2019 23:13
145516,AA Batteries (4-pack),1,1/10/2019 22:12
145517,Apple Airpods Headphones,1,1/30/2019 21:59
145518,USB-C Charging Cable,1,1/2/2019 8:46
145519,34in Ultrawide Monitor,1,1/1/2019 18:57
145520,Macbook Pro Laptop,1,1/17/2019 16:12
145521,iPhone,1,1/31/2019 13:22
145522,34in Ultrawide Monitor,1,1/2/2019 13:54
145523,Wired Headphones,1,1/8/2019 19:00
145524,Flatscreen TV,1,1/11/2019 10:56
145525,Bose SoundSport Headphones,1,1/17/2019 23:19
145526,ThinkPad Laptop,1,1/1/2019 10:16
145527,USB-C Charging Cable,1,1/26/2019 18:51
145528,20in Monitor,1,1/25/2019 11:01
145529,Wired Headphones,1,1/29/2019 9:07
145530,27in FHD Monitor,1,1/31/2019 14:39
145531,AA Batteries (4-pack),1,1/12/2019 16:16
145532,27in FHD Monitor,1,1/11/2019 12:27
145533,AAA Batteries (4-pack),3,1/16/2019 18:54
145534,Lightning Charging Cable,1,1/25/2019 19:57
145535,Wired Headphones,1,1/10/2019 9:01
145536,27in 4K Gaming Monitor,1,1/5/2019 15:51
145537,Lightning Charging Cable,2,1/23/2019 7:36
145538,Lightning Charging Cable,1,1/31/2019 22:25
145539,34in Ultrawide Monitor,1,1/13/2019 15:43
145540,Lightning Charging Cable,2,1/7/2019 18:36
145541,Wired Headphones,1,1/16/2019 19:00
145542,AA Batteries (4-pack),2,1/15/2019 15:37
145543,USB-C Charging Cable,1,1/16/2019 10:34
145544,USB-C Charging Cable,1,1/13/2019 20:15
145545,USB-C Charging Cable,1,1/23/2019 18:56
145546,20in Monitor,1,1/27/2019 10:57
145547,AAA Batteries (4-pack),1,1/26/2019 23:31
145548,iPhone,1,1/4/2019 8:21
145549,Apple Airpods Headphones,1,1/2/2019 9:45
145550,Apple Airpods Headphones,1,1/30/2019 18:53
145551,Bose SoundSport Headphones,1,1/29/2019 21:31
145552,Macbook Pro Laptop,1,1/30/2019 22:01
145553,Lightning Charging Cable,1,1/19/2019 16:32
145554,ThinkPad Laptop,1,1/21/2019 11:58
145555,AA Batteries (4-pack),1,1/9/2019 21:40
145556,20in Monitor,1,1/18/2019 18:59
145557,Lightning Charging Cable,1,1/27/2019 19:58
145558,AAA Batteries (4-pack),1,1/12/2019 15:18
145559,20in Monitor,1,1/23/2019 10:00
145560,AAA Batteries (4-pack),1,1/4/2019 22:17
145561,Lightning Charging Cable,1,1/7/2019 19:37
145562,Bose SoundSport Headphones,1,1/28/2019 0:23
145563,AAA Batteries (4-pack),1,1/15/2019 18:20
145564,Bose SoundSport Headphones,1,1/7/2019 21:49
145565,27in FHD Monitor,1,1/11/2019 13:28
145566,Apple Airpods Headphones,1,1/11/2019 23:45
145567,USB-C Charging Cable,1,1/30/2019 14:21
145568,Bose SoundSport Headphones,1,1/21/2019 14:00
145569,AAA Batteries (4-pack),3,1/4/2019 16:19
145570,AAA Batteries (4-pack),1,1/25/2019 21:22
145571,AA Batteries (4-pack),1,1/23/2019 11:21
145572,Lightning Charging Cable,1,1/2/2019 20:33
145573,Google Phone,1,1/28/2019 14:57
145574,LG Dryer,1,1/19/2019 8:33
145575,AAA Batteries (4-pack),1,1/31/2019 19:33
145576,USB-C Charging Cable,1,1/31/2019 13:14
145577,Apple Airpods Headphones,1,1/6/2019 21:15
145578,Bose SoundSport Headphones,1,1/16/2019 15:01
145579,AAA Batteries (4-pack),2,1/11/2019 12:14
145579,Lightning Charging Cable,1,1/11/2019 12:14
145580,Apple Airpods Headphones,1,1/3/2019 22:41
145581,Vareebadd Phone,1,1/25/2019 16:39
145582,Wired Headphones,1,1/21/2019 14:11
145583,Lightning Charging Cable,1,1/10/2019 18:00
145584,27in FHD Monitor,1,1/18/2019 13:33
145585,Lightning Charging Cable,1,1/15/2019 20:30
145586,USB-C Charging Cable,4,1/25/2019 18:17
145587,USB-C Charging Cable,1,1/9/2019 16:48
145588,Google Phone,1,1/13/2019 7:22
145588,USB-C Charging Cable,1,1/13/2019 7:22
145589,Bose SoundSport Headphones,1,1/14/2019 7:48
145590,Lightning Charging Cable,1,1/18/2019 14:31
145591,Bose SoundSport Headphones,1,1/9/2019 8:24
145592,USB-C Charging Cable,2,1/14/2019 13:03
145593,Apple Airpods Headphones,1,1/16/2019 16:49
145594,AA Batteries (4-pack),1,1/11/2019 20:25
145595,Vareebadd Phone,1,1/4/2019 14:13
145596,iPhone,1,1/3/2019 10:11
145597,Apple Airpods Headphones,1,1/29/2019 23:26
145598,27in FHD Monitor,1,1/9/2019 21:05
145599,Lightning Charging Cable,1,1/15/2019 15:00
145600,Lightning Charging Cable,1,1/11/2019 21:05
145601,AAA Batteries (4-pack),1,1/14/2019 2:54
145602,iPhone,1,1/6/2019 21:25
145602,Lightning Charging Cable,1,1/6/2019 21:25
145603,AAA Batteries (4-pack),1,1/6/2019 18:25
145604,Google Phone,1,1/1/2019 16:16
145605,USB-C Charging Cable,1,1/29/2019 15:18
145606,AA Batteries (4-pack),1,1/16/2019 21:29
145607,Lightning Charging Cable,1,1/21/2019 6:33
145608,Macbook Pro Laptop,1,1/21/2019 18:21
145609,AA Batteries (4-pack),1,1/13/2019 20:01
145610,Wired Headphones,1,1/21/2019 21:42
145611,Lightning Charging Cable,1,1/31/2019 11:08
145612,Wired Headphones,1,1/7/2019 17:56
145613,27in FHD Monitor,1,1/5/2019 20:53
145614,Lightning Charging Cable,1,1/8/2019 18:52
145615,Google Phone,1,1/7/2019 20:30
145616,Google Phone,1,1/25/2019 23:10
145617,iPhone,1,1/26/2019 12:28
145618,Lightning Charging Cable,1,1/16/2019 18:41
145619,Bose SoundSport Headphones,1,1/16/2019 21:26
145620,AA Batteries (4-pack),1,1/3/2019 9:49
145621,USB-C Charging Cable,1,1/10/2019 0:35
145622,34in Ultrawide Monitor,1,1/2/2019 12:54
145623,AA Batteries (4-pack),1,1/28/2019 13:35
145624,Lightning Charging Cable,1,1/16/2019 21:22
145625,Flatscreen TV,1,1/17/2019 13:02
145626,Flatscreen TV,1,1/19/2019 14:19
145627,Wired Headphones,1,1/12/2019 10:30
145628,AAA Batteries (4-pack),1,1/5/2019 21:13
145629,ThinkPad Laptop,1,1/5/2019 9:57
145630,Bose SoundSport Headphones,1,1/6/2019 9:46
145631,AAA Batteries (4-pack),1,1/30/2019 16:47
145632,27in 4K Gaming Monitor,1,1/16/2019 19:51
145633,iPhone,1,1/26/2019 16:10
145634,Wired Headphones,1,1/31/2019 11:33
145635,Lightning Charging Cable,1,1/10/2019 14:43
145636,27in 4K Gaming Monitor,1,1/6/2019 14:55
145637,Wired Headphones,1,1/14/2019 11:48
145638,USB-C Charging Cable,1,1/24/2019 18:43
145639,Bose SoundSport Headphones,1,1/28/2019 20:37
145640,AAA Batteries (4-pack),1,1/27/2019 13:04
145641,Lightning Charging Cable,1,1/21/2019 22:22
145642,AAA Batteries (4-pack),1,1/23/2019 23:08
145643,ThinkPad Laptop,1,1/15/2019 15:53
145644,Wired Headphones,1,1/20/2019 10:25
145645,Apple Airpods Headphones,1,1/27/2019 14:58
145646,Apple Airpods Headphones,1,1/29/2019 8:51
145647,USB-C Charging Cable,1,1/28/2019 15:50
145648,iPhone,1,1/8/2019 14:47
145649,Apple Airpods Headphones,1,1/10/2019 13:03
145650,Apple Airpods Headphones,1,1/7/2019 20:32
145650,USB-C Charging Cable,1,1/7/2019 20:32
145651,27in FHD Monitor,1,1/31/2019 11:41
145652,Google Phone,1,1/3/2019 13:56
145653,Lightning Charging Cable,1,1/20/2019 14:15
145654,Lightning Charging Cable,1,1/9/2019 12:57
145655,USB-C Charging Cable,1,1/31/2019 21:10
145656,ThinkPad Laptop,1,1/7/2019 12:21
145657,Bose SoundSport Headphones,1,1/6/2019 23:07
145658,Wired Headphones,1,1/22/2019 12:09
145659,34in Ultrawide Monitor,1,1/28/2019 18:14
145660,Google Phone,1,1/20/2019 12:19
145660,USB-C Charging Cable,1,1/20/2019 12:19
145660,Bose SoundSport Headphones,1,1/20/2019 12:19
145661,Lightning Charging Cable,1,1/4/2019 21:42
145662,Bose SoundSport Headphones,1,1/10/2019 14:40
145663,AA Batteries (4-pack),1,1/29/2019 19:40
145664,Wired Headphones,1,1/20/2019 11:37
145664,AAA Batteries (4-pack),1,1/20/2019 11:37
145665,AAA Batteries (4-pack),1,1/27/2019 20:32
145666,Apple Airpods Headphones,1,1/5/2019 8:01
145667,iPhone,1,1/9/2019 10:48
145668,27in 4K Gaming Monitor,1,1/28/2019 19:02
145669,Apple Airpods Headphones,1,1/21/2019 10:08
145670,Bose SoundSport Headphones,1,1/11/2019 21:29
145671,AAA Batteries (4-pack),1,1/3/2019 22:04
145672,iPhone,1,1/18/2019 18:19
145672,Lightning Charging Cable,1,1/18/2019 18:19
145673,AA Batteries (4-pack),1,1/26/2019 19:37
145674,AAA Batteries (4-pack),1,1/22/2019 11:00
145675,34in Ultrawide Monitor,1,1/17/2019 18:54
145676,27in FHD Monitor,1,1/17/2019 9:18
145677,USB-C Charging Cable,1,1/21/2019 18:49
145678,AAA Batteries (4-pack),1,1/3/2019 12:20
145679,USB-C Charging Cable,1,1/17/2019 22:50
145680,AAA Batteries (4-pack),1,1/9/2019 14:41
145681,Lightning Charging Cable,1,1/28/2019 18:09
145682,Google Phone,1,1/22/2019 16:29
145683,Lightning Charging Cable,1,1/26/2019 7:38
145684,AA Batteries (4-pack),2,1/17/2019 23:24
145685,27in FHD Monitor,1,1/28/2019 15:19
145686,ThinkPad Laptop,1,1/15/2019 17:55
,,,
145687,iPhone,1,1/18/2019 20:26
145688,Google Phone,1,1/29/2019 21:37
145689,Apple Airpods Headphones,1,1/26/2019 16:43
145690,Apple Airpods Headphones,1,1/26/2019 13:58
145691,AA Batteries (4-pack),1,1/17/2019 0:26
145692,20in Monitor,1,1/7/2019 13:39
145693,27in FHD Monitor,1,1/4/2019 6:54
145694,27in FHD Monitor,1,1/2/2019 12:59
145695,AAA Batteries (4-pack),1,1/15/2019 14:49
145696,Lightning Charging Cable,1,1/13/2019 11:10
145697,AA Batteries (4-pack),1,1/24/2019 18:48
145698,Wired Headphones,1,1/12/2019 10:13
145698,ThinkPad Laptop,1,1/12/2019 10:13
145699,AAA Batteries (4-pack),1,1/13/2019 19:31
145700,USB-C Charging Cable,1,1/30/2019 10:53
145701,Apple Airpods Headphones,1,1/20/2019 18:23
145702,Flatscreen TV,1,1/24/2019 17:16
145703,AA Batteries (4-pack),1,1/15/2019 18:32
145704,iPhone,1,1/21/2019 15:25
145705,Wired Headphones,1,1/31/2019 14:20
145706,Apple Airpods Headphones,1,1/13/2019 5:37
145707,AA Batteries (4-pack),1,1/14/2019 21:15
145708,27in FHD Monitor,1,1/12/2019 12:54
145709,iPhone,1,1/29/2019 2:00
145710,Apple Airpods Headphones,1,1/16/2019 22:37
145711,Bose SoundSport Headphones,1,1/22/2019 9:31
145712,AA Batteries (4-pack),1,1/30/2019 22:07
145713,20in Monitor,1,1/28/2019 19:48
145714,USB-C Charging Cable,1,1/28/2019 15:39
145715,LG Dryer,1,1/15/2019 14:19
145716,Wired Headphones,1,1/30/2019 19:52
145717,USB-C Charging Cable,2,1/12/2019 16:38
145718,Google Phone,1,1/18/2019 8:51
145718,Wired Headphones,1,1/18/2019 8:51
145719,Apple Airpods Headphones,1,1/15/2019 12:57
145720,Wired Headphones,1,1/22/2019 6:21
145721,ThinkPad Laptop,1,1/20/2019 16:31
145722,AAA Batteries (4-pack),2,1/7/2019 11:27
145723,Lightning Charging Cable,1,1/17/2019 17:44
145724,Bose SoundSport Headphones,1,1/22/2019 22:54
145725,Flatscreen TV,1,1/11/2019 19:52
145725,Lightning Charging Cable,1,1/11/2019 19:52
145726,Apple Airpods Headphones,1,1/15/2019 21:07
145727,Lightning Charging Cable,1,1/3/2019 13:31
145728,Lightning Charging Cable,2,1/3/2019 20:11
145729,Wired Headphones,1,1/18/2019 22:23
145730,USB-C Charging Cable,1,1/18/2019 10:49
145731,Macbook Pro Laptop,1,1/29/2019 10:19
145732,AAA Batteries (4-pack),1,1/24/2019 8:39
145733,AAA Batteries (4-pack),1,1/28/2019 12:23
145734,Lightning Charging Cable,1,1/20/2019 11:06
145735,AAA Batteries (4-pack),1,1/5/2019 12:44
145736,Wired Headphones,1,1/29/2019 13:03
145737,Google Phone,1,1/9/2019 1:37
145738,Apple Airpods Headphones,1,1/8/2019 13:50
145739,Wired Headphones,1,1/22/2019 14:23
145740,Apple Airpods Headphones,1,1/25/2019 13:51
145741,Apple Airpods Headphones,1,1/13/2019 18:28
145742,Flatscreen TV,1,1/17/2019 12:10
145743,27in FHD Monitor,1,1/16/2019 18:25
145744,iPhone,1,1/23/2019 17:49
145745,Lightning Charging Cable,1,1/7/2019 8:23
145746,Lightning Charging Cable,1,1/9/2019 14:28
145747,34in Ultrawide Monitor,1,1/28/2019 20:25
145748,Vareebadd Phone,1,1/29/2019 20:57
145749,AAA Batteries (4-pack),1,1/5/2019 4:42
145750,AAA Batteries (4-pack),1,1/29/2019 16:54
145751,34in Ultrawide Monitor,1,1/4/2019 13:32
145752,LG Dryer,1,1/2/2019 19:52
145753,27in FHD Monitor,1,1/3/2019 1:04
145754,AAA Batteries (4-pack),3,1/17/2019 10:26
145755,AA Batteries (4-pack),2,1/10/2019 7:51
145755,Wired Headphones,1,1/10/2019 7:51
145756,Lightning Charging Cable,1,1/30/2019 23:21
145757,27in 4K Gaming Monitor,1,1/27/2019 17:48
145758,Wired Headphones,1,1/22/2019 22:05
145759,Lightning Charging Cable,1,1/8/2019 2:49
145760,Bose SoundSport Headphones,1,1/3/2019 20:54
145761,Bose SoundSport Headphones,1,1/24/2019 16:57
145762,USB-C Charging Cable,1,1/7/2019 18:17
145763,USB-C Charging Cable,1,1/10/2019 11:18
145763,iPhone,1,1/10/2019 11:18
145764,AAA Batteries (4-pack),2,1/22/2019 11:53
145765,LG Dryer,1,1/3/2019 20:35
145766,Lightning Charging Cable,1,1/25/2019 20:27
145767,Macbook Pro Laptop,1,1/2/2019 10:55
145768,27in 4K Gaming Monitor,1,1/8/2019 9:24
145769,Apple Airpods Headphones,1,1/1/2019 10:32
145770,USB-C Charging Cable,3,1/4/2019 12:23
145771,AA Batteries (4-pack),1,1/31/2019 18:44
145772,Lightning Charging Cable,1,1/18/2019 8:56
145773,Lightning Charging Cable,1,1/10/2019 21:56
145774,USB-C Charging Cable,1,1/16/2019 12:51
145775,Lightning Charging Cable,1,1/13/2019 14:11
145776,20in Monitor,1,1/17/2019 8:52
145777,Wired Headphones,1,1/23/2019 21:43
145778,USB-C Charging Cable,1,1/20/2019 11:57
145779,AAA Batteries (4-pack),2,1/22/2019 5:54
145780,iPhone,1,1/22/2019 19:48
145781,Macbook Pro Laptop,1,1/12/2019 15:03
145782,27in 4K Gaming Monitor,1,1/19/2019 8:45
145783,AA Batteries (4-pack),1,1/3/2019 18:39
145784,AA Batteries (4-pack),1,1/7/2019 19:31
145785,USB-C Charging Cable,1,1/29/2019 1:33
145786,USB-C Charging Cable,2,1/9/2019 22:15
145787,Bose SoundSport Headphones,1,1/20/2019 2:05
145788,USB-C Charging Cable,1,1/23/2019 17:54
145789,Lightning Charging Cable,2,1/5/2019 10:16
145790,AA Batteries (4-pack),1,1/24/2019 23:33
145791,AA Batteries (4-pack),5,1/28/2019 10:39
145792,AAA Batteries (4-pack),1,1/20/2019 12:51
145793,27in 4K Gaming Monitor,1,1/26/2019 10:24
145794,20in Monitor,1,1/25/2019 20:19
145795,Macbook Pro Laptop,1,1/28/2019 18:49
145796,Lightning Charging Cable,1,1/10/2019 8:12
145797,Macbook Pro Laptop,1,1/30/2019 18:46
145798,Flatscreen TV,1,1/4/2019 10:33
145799,Apple Airpods Headphones,1,1/20/2019 10:54
145800,34in Ultrawide Monitor,1,1/26/2019 11:41
145801,Lightning Charging Cable,1,1/14/2019 23:41
145802,27in FHD Monitor,1,1/15/2019 21:39
145803,27in FHD Monitor,1,1/9/2019 15:25
145804,Wired Headphones,1,1/14/2019 6:55
145805,AA Batteries (4-pack),1,1/7/2019 14:38
145806,Apple Airpods Headphones,1,1/14/2019 17:10
145807,AAA Batteries (4-pack),3,1/30/2019 13:33
145808,Flatscreen TV,1,1/14/2019 22:00
145809,USB-C Charging Cable,1,1/8/2019 17:46
145810,iPhone,1,1/11/2019 20:21
145810,Lightning Charging Cable,1,1/11/2019 20:21
145811,Apple Airpods Headphones,1,1/21/2019 8:25
145812,AA Batteries (4-pack),3,1/19/2019 8:54
145813,USB-C Charging Cable,1,1/16/2019 19:32
145814,20in Monitor,1,1/2/2019 21:42
145815,34in Ultrawide Monitor,1,1/12/2019 22:10
145816,Apple Airpods Headphones,1,1/21/2019 11:07
145817,AA Batteries (4-pack),1,1/5/2019 19:20
145818,Wired Headphones,1,1/6/2019 10:50
145819,USB-C Charging Cable,1,1/16/2019 14:43
145820,iPhone,1,1/1/2019 18:41
145821,Apple Airpods Headphones,1,1/20/2019 18:13
145822,Macbook Pro Laptop,1,1/10/2019 20:29
145823,Lightning Charging Cable,1,1/8/2019 18:56
145824,Wired Headphones,1,1/24/2019 14:37
145825,Lightning Charging Cable,1,1/30/2019 12:01
145826,Flatscreen TV,1,1/25/2019 20:09
145827,Apple Airpods Headphones,1,1/12/2019 20:46
145828,Lightning Charging Cable,1,1/20/2019 13:42
145829,Lightning Charging Cable,1,1/3/2019 15:26
145830,AA Batteries (4-pack),1,1/25/2019 10:16
145831,ThinkPad Laptop,1,1/19/2019 17:08
145832,Flatscreen TV,1,1/29/2019 9:31
145833,Apple Airpods Headphones,1,1/31/2019 10:30
145834,Bose SoundSport Headphones,1,1/15/2019 18:24
145835,Lightning Charging Cable,1,1/19/2019 21:50
145836,Google Phone,1,1/22/2019 8:50
145837,27in FHD Monitor,1,1/12/2019 16:11
145838,ThinkPad Laptop,1,1/2/2019 11:29
145839,USB-C Charging Cable,1,1/28/2019 7:08
145840,Apple Airpods Headphones,1,1/3/2019 19:51
145841,AA Batteries (4-pack),1,1/29/2019 22:33
145842,Bose SoundSport Headphones,1,1/19/2019 18:49
145843,Wired Headphones,1,1/3/2019 11:30
145844,AA Batteries (4-pack),2,1/10/2019 17:49
145845,AAA Batteries (4-pack),2,1/30/2019 18:37
145846,27in 4K Gaming Monitor,1,1/10/2019 14:53
145847,20in Monitor,1,1/18/2019 19:28
145848,Wired Headphones,2,1/14/2019 15:36
145849,Apple Airpods Headphones,1,1/3/2019 13:14
145850,Wired Headphones,1,1/7/2019 9:24
145851,AAA Batteries (4-pack),2,1/28/2019 16:48
145852,USB-C Charging Cable,1,1/7/2019 17:45
145853,Wired Headphones,1,1/19/2019 18:34
145854,USB-C Charging Cable,2,1/20/2019 6:31
145855,AAA Batteries (4-pack),1,1/20/2019 10:55
145856,USB-C Charging Cable,1,1/20/2019 10:36
145857,Lightning Charging Cable,1,1/3/2019 11:07
145858,Wired Headphones,1,1/4/2019 8:45
145859,Apple Airpods Headphones,1,1/23/2019 20:43
145860,USB-C Charging Cable,1,1/6/2019 9:11
145861,34in Ultrawide Monitor,1,1/14/2019 15:48
145862,Apple Airpods Headphones,1,1/29/2019 8:39
145863,AA Batteries (4-pack),2,1/5/2019 8:09
145864,Lightning Charging Cable,1,1/26/2019 15:56
145865,20in Monitor,1,1/23/2019 11:56
145866,Wired Headphones,1,1/20/2019 19:33
145866,AAA Batteries (4-pack),2,1/20/2019 19:33
145867,ThinkPad Laptop,1,1/17/2019 3:32
145868,Lightning Charging Cable,1,1/17/2019 15:01
145869,Lightning Charging Cable,1,1/21/2019 21:58
145870,Macbook Pro Laptop,1,1/28/2019 18:16
145871,USB-C Charging Cable,1,1/25/2019 9:57
145872,AA Batteries (4-pack),1,1/11/2019 18:54
145873,USB-C Charging Cable,1,1/16/2019 9:57
145873,Bose SoundSport Headphones,1,1/16/2019 9:57
145874,27in 4K Gaming Monitor,1,1/29/2019 1:11
145875,AA Batteries (4-pack),1,1/28/2019 14:21
145876,27in 4K Gaming Monitor,1,1/29/2019 20:56
145877,USB-C Charging Cable,1,1/11/2019 14:07
145878,Macbook Pro Laptop,1,1/1/2019 7:48
145879,Lightning Charging Cable,1,1/5/2019 13:03
145880,AA Batteries (4-pack),1,1/9/2019 20:26
145881,Lightning Charging Cable,1,1/6/2019 8:57
145882,Apple Airpods Headphones,1,1/30/2019 9:36
145883,Lightning Charging Cable,2,1/23/2019 21:27
145884,Wired Headphones,1,1/3/2019 23:19
145885,USB-C Charging Cable,1,1/10/2019 11:35
145886,Wired Headphones,1,1/25/2019 19:21
145887,AAA Batteries (4-pack),1,1/3/2019 14:50
145888,ThinkPad Laptop,1,1/25/2019 19:55
145889,Lightning Charging Cable,1,1/31/2019 7:58
Order ID,Product,Quantity Ordered,Order Date
145890,LG Washing Machine,1,1/28/2019 23:05
145891,AAA Batteries (4-pack),2,1/29/2019 19:24
145892,AA Batteries (4-pack),1,1/17/2019 16:33
145893,Flatscreen TV,1,1/9/2019 16:35
145894,Apple Airpods Headphones,1,1/7/2019 12:43
145895,Bose SoundSport Headphones,1,1/21/2019 0:17
145896,Bose SoundSport Headphones,1,1/4/2019 10:23
145897,Bose SoundSport Headphones,1,1/11/2019 20:06
145898,Wired Headphones,1,1/19/2019 17:32
145899,AAA Batteries (4-pack),1,1/29/2019 15:30
145900,iPhone,1,1/21/2019 15:19
145901,34in Ultrawide Monitor,1,1/10/2019 1:26
145902,Bose SoundSport Headphones,1,1/13/2019 23:49
145903,AA Batteries (4-pack),1,1/23/2019 17:39
145904,Lightning Charging Cable,1,1/16/2019 18:48
145905,AA Batteries (4-pack),1,1/16/2019 20:00
145906,AAA Batteries (4-pack),1,1/13/2019 10:40
145907,ThinkPad Laptop,1,1/4/2019 2:10
145908,Flatscreen TV,1,1/9/2019 10:09
145909,Lightning Charging Cable,1,1/15/2019 14:31
145910,USB-C Charging Cable,1,1/8/2019 23:12
145911,iPhone,1,1/27/2019 10:14
145912,USB-C Charging Cable,1,1/16/2019 22:20
145913,AA Batteries (4-pack),4,1/13/2019 11:22
145914,27in FHD Monitor,1,1/3/2019 10:42
145915,Apple Airpods Headphones,1,1/29/2019 22:58
145916,Lightning Charging Cable,1,1/24/2019 11:47
145917,Wired Headphones,1,1/9/2019 15:55
145918,Flatscreen TV,1,1/30/2019 9:58
145919,Lightning Charging Cable,1,1/7/2019 23:24
145920,USB-C Charging Cable,1,1/18/2019 20:43
145921,AAA Batteries (4-pack),1,1/26/2019 12:02
145922,Google Phone,1,1/6/2019 18:23
145922,USB-C Charging Cable,1,1/6/2019 18:23
145923,Wired Headphones,1,1/14/2019 14:07
145924,AA Batteries (4-pack),1,1/27/2019 14:59
145925,Wired Headphones,1,1/13/2019 20:15
145926,AAA Batteries (4-pack),1,1/10/2019 10:42
145927,Vareebadd Phone,1,1/21/2019 19:02
145927,USB-C Charging Cable,1,1/21/2019 19:02
145927,Wired Headphones,1,1/21/2019 19:02
145928,Lightning Charging Cable,1,1/11/2019 17:19
145929,USB-C Charging Cable,1,1/11/2019 12:03
145930,27in FHD Monitor,1,1/6/2019 21:12
145931,Wired Headphones,1,1/21/2019 11:29
145932,Apple Airpods Headphones,1,1/27/2019 15:24
145933,27in FHD Monitor,1,1/29/2019 16:51
145934,AAA Batteries (4-pack),5,1/11/2019 9:32
145935,27in 4K Gaming Monitor,1,1/26/2019 13:26
145935,AA Batteries (4-pack),1,1/26/2019 13:26
145936,Bose SoundSport Headphones,1,1/3/2019 16:38
145937,AAA Batteries (4-pack),1,1/16/2019 18:18
145938,AAA Batteries (4-pack),1,1/5/2019 8:05
145939,ThinkPad Laptop,1,1/9/2019 22:42
145940,Lightning Charging Cable,1,1/3/2019 20:51
145941,Bose SoundSport Headphones,1,1/29/2019 15:21
145942,Bose SoundSport Headphones,1,1/29/2019 11:19
145943,Bose SoundSport Headphones,1,1/13/2019 11:38
145944,Wired Headphones,1,1/1/2019 21:32
145945,AA Batteries (4-pack),4,1/18/2019 13:18
145946,USB-C Charging Cable,1,1/22/2019 0:14
145947,AA Batteries (4-pack),1,1/6/2019 13:18
145948,USB-C Charging Cable,1,1/24/2019 15:28
145949,20in Monitor,1,1/25/2019 15:05
145950,27in FHD Monitor,1,1/16/2019 23:55
145951,Apple Airpods Headphones,1,1/18/2019 15:22
145952,AA Batteries (4-pack),2,1/13/2019 21:28
145953,Wired Headphones,2,1/30/2019 7:55
145954,Lightning Charging Cable,1,1/10/2019 18:42
145955,Wired Headphones,1,1/7/2019 10:06
145956,34in Ultrawide Monitor,1,1/27/2019 12:44
145957,27in 4K Gaming Monitor,1,1/23/2019 23:05
145958,Apple Airpods Headphones,1,1/6/2019 8:28
145959,Lightning Charging Cable,1,1/27/2019 12:44
145959,Google Phone,1,1/27/2019 12:44
145960,USB-C Charging Cable,1,1/5/2019 12:18
145961,AAA Batteries (4-pack),1,1/9/2019 19:53
145962,Apple Airpods Headphones,1,1/15/2019 12:16
145963,Wired Headphones,1,1/29/2019 13:10
145964,iPhone,1,1/24/2019 16:19
145964,Wired Headphones,1,1/24/2019 16:19
145965,Google Phone,1,1/2/2019 11:12
145966,AAA Batteries (4-pack),1,1/2/2019 18:59
145967,Wired Headphones,1,1/19/2019 21:20
145968,ThinkPad Laptop,1,1/10/2019 18:34
145969,iPhone,1,1/7/2019 23:05
145970,Vareebadd Phone,1,1/17/2019 10:32
145971,USB-C Charging Cable,1,1/15/2019 20:15
145972,Lightning Charging Cable,1,1/22/2019 15:33
145973,27in 4K Gaming Monitor,1,1/16/2019 14:38
145974,Lightning Charging Cable,1,1/10/2019 10:47
145975,Flatscreen TV,1,1/25/2019 11:26
145976,AAA Batteries (4-pack),1,1/7/2019 19:18
145977,34in Ultrawide Monitor,1,1/20/2019 12:54
145978,iPhone,1,1/18/2019 14:29
145979,AA Batteries (4-pack),1,1/18/2019 12:38
145980,34in Ultrawide Monitor,1,1/16/2019 9:11
145981,AA Batteries (4-pack),1,1/26/2019 10:36
145982,27in FHD Monitor,1,1/31/2019 14:04
145983,Bose SoundSport Headphones,1,1/4/2019 11:55
145984,USB-C Charging Cable,1,1/29/2019 16:47
145985,Wired Headphones,1,1/10/2019 10:21
145986,AAA Batteries (4-pack),1,1/24/2019 12:43
145987,AAA Batteries (4-pack),1,1/18/2019 10:38
145988,27in FHD Monitor,1,1/30/2019 8:22
145989,Macbook Pro Laptop,1,1/26/2019 10:40
145990,AAA Batteries (4-pack),1,1/1/2019 9:03
145991,AAA Batteries (4-pack),1,1/15/2019 8:29
145992,Bose SoundSport Headphones,1,1/2/2019 19:54
145993,AA Batteries (4-pack),3,1/2/2019 18:43
145994,Wired Headphones,1,1/29/2019 10:45
145995,iPhone,1,1/23/2019 17:12
145996,Bose SoundSport Headphones,1,1/26/2019 14:29
145997,Lightning Charging Cable,1,1/18/2019 11:24
145998,Bose SoundSport Headphones,1,1/27/2019 9:16
145999,Wired Headphones,1,1/25/2019 8:55
146000,Lightning Charging Cable,1,1/28/2019 9:46
146001,20in Monitor,1,1/22/2019 8:09
146002,AAA Batteries (4-pack),1,1/20/2019 9:07
146003,USB-C Charging Cable,1,1/17/2019 16:57
146003,Wired Headphones,1,1/17/2019 16:57
146004,ThinkPad Laptop,1,1/16/2019 9:36
146005,Bose SoundSport Headphones,1,1/12/2019 23:29
146006,Flatscreen TV,1,1/14/2019 11:11
146006,AA Batteries (4-pack),2,1/14/2019 11:11
146007,USB-C Charging Cable,2,1/28/2019 15:29
146008,Wired Headphones,1,1/9/2019 20:06
146009,Apple Airpods Headphones,1,1/2/2019 16:34
146010,34in Ultrawide Monitor,1,1/8/2019 22:23
146011,AAA Batteries (4-pack),1,1/29/2019 22:02
146012,Wired Headphones,1,1/5/2019 12:30
146013,AAA Batteries (4-pack),3,1/5/2019 19:18
146014,27in 4K Gaming Monitor,1,1/16/2019 21:25
146015,Flatscreen TV,1,1/7/2019 16:32
146016,AAA Batteries (4-pack),1,1/2/2019 21:18
146017,Flatscreen TV,1,1/15/2019 19:09
146018,AA Batteries (4-pack),1,1/25/2019 17:53
146019,Lightning Charging Cable,1,1/4/2019 14:58
146020,Lightning Charging Cable,1,1/28/2019 16:17
146021,Lightning Charging Cable,1,1/10/2019 16:15
146021,AA Batteries (4-pack),1,1/10/2019 16:15
146022,34in Ultrawide Monitor,1,1/1/2019 21:32
146023,Lightning Charging Cable,1,1/20/2019 12:41
146024,AA Batteries (4-pack),1,1/20/2019 21:21
146025,AAA Batteries (4-pack),1,1/21/2019 18:57
146026,Apple Airpods Headphones,1,1/31/2019 0:33
146027,Wired Headphones,1,1/18/2019 9:49
146028,Apple Airpods Headphones,1,1/29/2019 21:45
146029,iPhone,1,1/2/2019 16:27
146029,Apple Airpods Headphones,1,1/2/2019 16:27
146030,27in 4K Gaming Monitor,1,1/9/2019 22:32
146031,AA Batteries (4-pack),5,1/12/2019 21:09
146032,USB-C Charging Cable,1,1/27/2019 8:10
146033,34in Ultrawide Monitor,1,1/12/2019 20:51
146034,AAA Batteries (4-pack),3,1/20/2019 16:15
146035,Lightning Charging Cable,1,1/19/2019 13:30
146036,AA Batteries (4-pack),1,1/4/2019 14:20
146037,Wired Headphones,1,1/2/2019 18:37
146038,Bose SoundSport Headphones,1,1/19/2019 15:53
,,,
146039,34in Ultrawide Monitor,1,1/1/2019 7:24
146040,AAA Batteries (4-pack),1,1/25/2019 21:24
146041,AAA Batteries (4-pack),2,1/7/2019 9:54
146042,Lightning Charging Cable,1,1/13/2019 16:33
146043,Apple Airpods Headphones,1,1/8/2019 12:23
146044,AAA Batteries (4-pack),1,1/10/2019 19:27
146045,Macbook Pro Laptop,1,1/26/2019 11:01
146046,Wired Headphones,1,1/17/2019 12:36
146047,Wired Headphones,1,1/26/2019 14:44
146048,AAA Batteries (4-pack),1,1/31/2019 8:57
146049,AAA Batteries (4-pack),1,1/18/2019 8:18
146050,Lightning Charging Cable,1,1/2/2019 14:04
146051,34in Ultrawide Monitor,1,1/20/2019 7:40
146052,27in FHD Monitor,1,1/26/2019 16:03
146053,Lightning Charging Cable,1,1/5/2019 22:26
146054,Wired Headphones,1,1/26/2019 13:02
146055,USB-C Charging Cable,1,1/9/2019 20:29
146056,Lightning Charging Cable,1,1/1/2019 7:53
146057,20in Monitor,1,1/26/2019 16:54
146058,20in Monitor,1,1/25/2019 16:55
146059,AA Batteries (4-pack),1,1/15/2019 10:25
146060,Wired Headphones,1,1/22/2019 17:45
146061,USB-C Charging Cable,1,1/13/2019 0:27
146062,27in FHD Monitor,1,1/19/2019 12:48
146063,Vareebadd Phone,1,1/29/2019 11:35
146064,USB-C Charging Cable,1,1/7/2019 10:04
146065,Apple Airpods Headphones,1,1/6/2019 20:36
146066,ThinkPad Laptop,1,1/8/2019 14:16
146067,Wired Headphones,1,1/11/2019 21:12
146068,AA Batteries (4-pack),2,1/30/2019 8:14
146069,iPhone,1,1/7/2019 21:02
146070,AAA Batteries (4-pack),1,1/29/2019 17:27
146071,Wired Headphones,1,1/11/2019 9:32
146072,AA Batteries (4-pack),1,1/7/2019 9:06
146073,AA Batteries (4-pack),1,1/6/2019 20:46
146074,USB-C Charging Cable,1,1/2/2019 17:31
146075,Apple Airpods Headphones,1,1/3/2019 19:28
146076,AAA Batteries (4-pack),1,1/22/2019 9:07
146077,iPhone,1,1/21/2019 2:41
146078,Apple Airpods Headphones,1,1/22/2019 16:11
146079,AA Batteries (4-pack),1,1/23/2019 21:22
146080,Google Phone,1,1/16/2019 18:38
146081,iPhone,1,1/3/2019 20:46
146082,Bose SoundSport Headphones,1,1/5/2019 13:06
146083,20in Monitor,1,1/20/2019 14:20
146084,AAA Batteries (4-pack),1,1/29/2019 9:55
146085,iPhone,1,1/1/2019 14:52
146086,iPhone,1,1/13/2019 8:06
146087,USB-C Charging Cable,1,1/7/2019 13:41
146088,AAA Batteries (4-pack),1,1/9/2019 21:05
146089,Apple Airpods Headphones,1,1/10/2019 21:06
146090,Bose SoundSport Headphones,1,1/9/2019 18:41
146091,USB-C Charging Cable,1,1/19/2019 20:59
146092,Flatscreen TV,1,1/16/2019 21:45
146093,ThinkPad Laptop,1,1/10/2019 15:15
146094,Bose SoundSport Headphones,1,1/18/2019 19:51
146095,Macbook Pro Laptop,1,1/7/2019 21:17
146096,27in FHD Monitor,1,1/9/2019 2:09
146097,USB-C Charging Cable,1,1/22/2019 12:50
146098,AA Batteries (4-pack),2,1/16/2019 13:53
146099,Bose SoundSport Headphones,1,1/15/2019 12:22
146100,Wired Headphones,1,1/1/2019 10:02
146101,Wired Headphones,1,1/15/2019 10:58
146102,34in Ultrawide Monitor,1,1/27/2019 10:48
146103,Bose SoundSport Headphones,1,1/8/2019 15:15
146104,AA Batteries (4-pack),1,1/12/2019 5:40
146105,AAA Batteries (4-pack),1,1/22/2019 20:03
146106,Lightning Charging Cable,1,1/8/2019 9:25
146107,AA Batteries (4-pack),1,1/9/2019 16:06
146108,Bose SoundSport Headphones,1,1/9/2019 22:33
146109,USB-C Charging Cable,1,1/22/2019 17:14
146110,Wired Headphones,2,1/25/2019 13:55
146111,AAA Batteries (4-pack),3,1/10/2019 15:36
146112,USB-C Charging Cable,1,1/1/2019 9:36
146113,Lightning Charging Cable,1,1/8/2019 16:31
146114,Apple Airpods Headphones,1,1/22/2019 3:15
146115,Lightning Charging Cable,1,1/15/2019 23:11
146116,Lightning Charging Cable,1,1/2/2019 10:42
146117,Lightning Charging Cable,1,1/2/2019 10:27
146118,USB-C Charging Cable,1,1/13/2019 7:54
146119,27in FHD Monitor,1,1/30/2019 23:13
146120,27in FHD Monitor,1,1/18/2019 1:09
146121,Flatscreen TV,1,1/21/2019 23:40
146122,USB-C Charging Cable,1,1/22/2019 13:31
146123,Wired Headphones,1,1/31/2019 2:25
146124,20in Monitor,1,1/18/2019 23:09
146125,Bose SoundSport Headphones,1,1/3/2019 1:22
146126,Bose SoundSport Headphones,1,1/26/2019 11:19
146127,AAA Batteries (4-pack),1,1/8/2019 11:48
146128,Lightning Charging Cable,1,1/13/2019 20:10
146129,iPhone,1,1/12/2019 11:28
146129,Lightning Charging Cable,1,1/12/2019 11:28
146130,Apple Airpods Headphones,1,1/5/2019 22:35
146131,27in FHD Monitor,1,1/21/2019 3:21
146132,AA Batteries (4-pack),2,1/24/2019 13:42
146133,AAA Batteries (4-pack),3,1/7/2019 10:55
146134,Lightning Charging Cable,1,1/29/2019 7:08
146135,USB-C Charging Cable,1,1/1/2019 20:45
146136,AA Batteries (4-pack),1,1/8/2019 19:49
146137,27in FHD Monitor,1,1/28/2019 1:34
146138,USB-C Charging Cable,1,1/25/2019 10:25
146139,Apple Airpods Headphones,1,1/7/2019 12:42
146140,Apple Airpods Headphones,1,1/31/2019 21:03
146141,USB-C Charging Cable,1,1/26/2019 22:14
146142,AAA Batteries (4-pack),2,1/24/2019 19:42
146143,USB-C Charging Cable,1,1/9/2019 21:45
146144,iPhone,1,1/13/2019 21:21
146145,Lightning Charging Cable,1,1/31/2019 22:51
146146,ThinkPad Laptop,1,1/15/2019 16:00
146147,20in Monitor,1,1/9/2019 13:40
146148,27in 4K Gaming Monitor,1,1/8/2019 15:28
146149,ThinkPad Laptop,1,1/6/2019 8:38
146150,Apple Airpods Headphones,1,1/5/2019 20:14
146151,Google Phone,1,1/29/2019 15:30
146152,Lightning Charging Cable,1,1/16/2019 13:06
146153,Apple Airpods Headphones,1,1/2/2019 0:10
146154,27in 4K Gaming Monitor,1,1/3/2019 5:23
146155,34in Ultrawide Monitor,1,1/29/2019 12:03
146156,20in Monitor,1,1/24/2019 12:23
146157,iPhone,1,1/6/2019 18:30
146157,Lightning Charging Cable,1,1/6/2019 18:30
146158,27in FHD Monitor,1,1/16/2019 19:32
146159,Apple Airpods Headphones,1,1/6/2019 10:29
146160,Bose SoundSport Headphones,1,1/20/2019 18:45
146161,AAA Batteries (4-pack),1,1/7/2019 10:27
146162,Lightning Charging Cable,1,1/11/2019 14:12
146163,Google Phone,1,1/30/2019 19:33
146164,Apple Airpods Headphones,1,1/23/2019 8:58
146165,27in 4K Gaming Monitor,1,1/12/2019 20:43
146166,AAA Batteries (4-pack),1,1/21/2019 19:34
146167,Lightning Charging Cable,1,1/4/2019 10:12
146168,Google Phone,1,1/22/2019 1:01
146169,Apple Airpods Headphones,1,1/17/2019 20:11
146170,iPhone,1,1/30/2019 15:36
146171,AAA Batteries (4-pack),2,1/9/2019 19:21
146172,Bose SoundSport Headphones,1,1/7/2019 15:17
146173,Bose SoundSport Headphones,1,1/15/2019 18:16
146174,Lightning Charging Cable,1,1/30/2019 17:16
146175,27in FHD Monitor,1,1/26/2019 14:13
146176,27in 4K Gaming Monitor,1,1/10/2019 10:58
146177,Lightning Charging Cable,1,1/26/2019 15:41
146178,AAA Batteries (4-pack),1,1/6/2019 11:38
146179,Apple Airpods Headphones,1,1/7/2019 22:48
146180,Wired Headphones,1,1/5/2019 10:19
146181,AA Batteries (4-pack),1,1/28/2019 18:46
146182,Wired Headphones,1,1/14/2019 6:28
146183,AAA Batteries (4-pack),1,1/25/2019 11:51
146184,iPhone,1,1/4/2019 20:00
146185,Wired Headphones,1,1/24/2019 20:32
146186,34in Ultrawide Monitor,1,1/20/2019 9:50
146187,AA Batteries (4-pack),1,1/1/2019 16:45
146188,USB-C Charging Cable,2,1/24/2019 13:21
146189,AAA Batteries (4-pack),1,1/16/2019 9:27
146190,27in 4K Gaming Monitor,1,1/10/2019 18:15
146191,Flatscreen TV,1,1/21/2019 8:26
146192,AA Batteries (4-pack),3,1/13/2019 6:26
146193,Bose SoundSport Headphones,1,1/19/2019 18:57
146194,AA Batteries (4-pack),1,1/29/2019 12:12
146195,Lightning Charging Cable,1,1/15/2019 17:49
146196,AAA Batteries (4-pack),2,1/22/2019 10:48
146197,AAA Batteries (4-pack),1,1/12/2019 19:24
146198,Lightning Charging Cable,1,1/31/2019 16:31
146199,Wired Headphones,1,1/19/2019 19:45
146200,Lightning Charging Cable,1,1/13/2019 18:50
146201,Macbook Pro Laptop,1,1/21/2019 23:10
146202,USB-C Charging Cable,1,1/9/2019 23:11
146203,27in FHD Monitor,1,1/23/2019 1:58
146204,AA Batteries (4-pack),2,1/2/2019 18:16
146205,USB-C Charging Cable,1,1/30/2019 10:22
146206,Wired Headphones,1,1/12/2019 23:12
146207,Lightning Charging Cable,1,1/18/2019 18:55
146208,AA Batteries (4-pack),1,1/15/2019 17:00
146209,Lightning Charging Cable,1,1/25/2019 19:30
146210,Wired Headphones,1,1/24/2019 16:09
146211,USB-C Charging Cable,1,1/10/2019 20:23
146212,AAA Batteries (4-pack),1,1/17/2019 16:51
146213,AA Batteries (4-pack),1,1/18/2019 15:19
146214,Vareebadd Phone,1,1/23/2019 21:41
146215,Flatscreen TV,1,1/26/2019 19:20
146216,USB-C Charging Cable,1,1/16/2019 21:02
146217,Apple Airpods Headphones,1,1/23/2019 10:04
146218,Lightning Charging Cable,1,1/22/2019 11:26
146219,Wired Headphones,1,1/16/2019 19:02
146220,Apple Airpods Headphones,1,1/8/2019 10:35
146221,Lightning Charging Cable,1,1/2/2019 16:24
146222,27in FHD Monitor,1,1/11/2019 17:05
146223,LG Dryer,1,1/15/2019 14:26
146224,Apple Airpods Headphones,1,1/28/2019 14:48
146225,Wired Headphones,1,1/13/2019 11:38
146226,Apple Airpods Headphones,1,1/12/2019 14:29
146227,27in 4K Gaming Monitor,1,1/9/2019 15:27
146228,AAA Batteries (4-pack),7,1/13/2019 17:44
146229,USB-C Charging Cable,1,1/13/2019 22:39
146230,Lightning Charging Cable,1,1/13/2019 5:18
146231,USB-C Charging Cable,1,1/30/2019 10:04
146232,Lightning Charging Cable,1,1/9/2019 21:10
146233,AA Batteries (4-pack),1,1/19/2019 12:17
146234,ThinkPad Laptop,1,1/12/2019 22:10
146235,iPhone,1,1/27/2019 11:25
146235,Lightning Charging Cable,1,1/27/2019 11:25
146236,27in 4K Gaming Monitor,1,1/11/2019 13:31
146237,Lightning Charging Cable,1,1/22/2019 14:46
146238,AAA Batteries (4-pack),1,1/20/2019 9:13
146239,Macbook Pro Laptop,1,1/30/2019 12:56
146240,Lightning Charging Cable,1,1/5/2019 19:39
146241,AA Batteries (4-pack),2,1/29/2019 4:26
146242,AA Batteries (4-pack),1,1/9/2019 19:42
146243,27in FHD Monitor,1,1/1/2019 11:43
146244,AA Batteries (4-pack),1,1/13/2019 13:11
146245,Lightning Charging Cable,1,1/21/2019 23:52
146246,AA Batteries (4-pack),4,1/13/2019 20:00
146247,Macbook Pro Laptop,1,1/11/2019 0:29
146248,Lightning Charging Cable,1,1/22/2019 14:08
146249,AA Batteries (4-pack),1,1/8/2019 10:23
146249,AAA Batteries (4-pack),1,1/8/2019 10:23
146250,AAA Batteries (4-pack),1,1/19/2019 11:20
146251,Macbook Pro Laptop,1,1/23/2019 21:11
146252,AA Batteries (4-pack),2,1/21/2019 14:14
146253,USB-C Charging Cable,1,1/21/2019 18:23
146254,Flatscreen TV,1,1/26/2019 10:32
146255,AA Batteries (4-pack),1,1/16/2019 22:40
146256,AAA Batteries (4-pack),1,1/26/2019 11:52
146257,USB-C Charging Cable,1,1/30/2019 7:19
146257,Google Phone,1,1/30/2019 7:19
146258,27in 4K Gaming Monitor,1,1/8/2019 8:24
146259,Wired Headphones,1,1/30/2019 15:14
146260,Google Phone,1,1/27/2019 16:38
146261,AA Batteries (4-pack),1,1/11/2019 19:08
146262,Wired Headphones,1,1/20/2019 7:48
146263,AA Batteries (4-pack),2,1/10/2019 16:49
146264,Lightning Charging Cable,1,1/26/2019 19:42
146265,USB-C Charging Cable,1,1/12/2019 19:19
146266,27in 4K Gaming Monitor,1,1/7/2019 17:34
146267,AAA Batteries (4-pack),1,1/6/2019 12:44
146268,Google Phone,1,1/24/2019 21:24
146269,20in Monitor,1,1/31/2019 19:22
146270,USB-C Charging Cable,1,1/15/2019 14:28
146271,Wired Headphones,1,1/31/2019 21:42
146272,27in FHD Monitor,1,1/10/2019 11:23
146273,AA Batteries (4-pack),2,1/3/2019 22:49
146274,Lightning Charging Cable,1,1/7/2019 15:40
146275,Google Phone,1,1/31/2019 11:41
146276,AA Batteries (4-pack),1,1/12/2019 7:19
146277,Flatscreen TV,1,1/8/2019 23:54
146277,34in Ultrawide Monitor,1,1/8/2019 23:54
146278,Wired Headphones,1,1/12/2019 15:31
146279,AAA Batteries (4-pack),2,1/21/2019 10:48
146280,Bose SoundSport Headphones,1,1/16/2019 8:28
146281,Lightning Charging Cable,1,1/18/2019 10:20
146282,AA Batteries (4-pack),3,1/7/2019 21:09
146283,Apple Airpods Headphones,1,1/27/2019 1:03
146284,AA Batteries (4-pack),3,1/9/2019 18:21
146285,Bose SoundSport Headphones,1,1/25/2019 19:38
146286,Apple Airpods Headphones,1,1/31/2019 9:59
146287,AAA Batteries (4-pack),2,1/29/2019 19:50
146288,Apple Airpods Headphones,1,1/21/2019 14:33
146289,20in Monitor,1,1/27/2019 20:18
146290,Macbook Pro Laptop,1,1/4/2019 20:18
146291,iPhone,1,1/11/2019 12:47
146292,Apple Airpods Headphones,1,1/6/2019 17:57
146293,27in FHD Monitor,1,1/15/2019 18:18
146294,AA Batteries (4-pack),1,1/25/2019 8:02
146295,Lightning Charging Cable,1,1/22/2019 12:50
146296,AAA Batteries (4-pack),1,1/10/2019 9:43
146297,AA Batteries (4-pack),1,1/9/2019 11:13
146298,USB-C Charging Cable,1,1/22/2019 20:52
146299,USB-C Charging Cable,1,1/28/2019 0:52
146299,Wired Headphones,1,1/28/2019 0:52
146300,AA Batteries (4-pack),2,1/21/2019 9:24
146301,27in FHD Monitor,1,1/20/2019 17:07
146302,27in 4K Gaming Monitor,1,1/26/2019 15:12
146303,Wired Headphones,1,1/14/2019 10:37
146304,AAA Batteries (4-pack),1,1/26/2019 22:34
146305,Lightning Charging Cable,1,1/1/2019 18:25
146306,Bose SoundSport Headphones,1,1/22/2019 6:37
146307,ThinkPad Laptop,1,1/2/2019 14:00
146308,34in Ultrawide Monitor,1,1/17/2019 21:54
146309,Lightning Charging Cable,1,1/11/2019 20:22
146310,Lightning Charging Cable,1,1/4/2019 20:10
146311,Bose SoundSport Headphones,1,1/18/2019 9:45
146312,USB-C Charging Cable,1,1/29/2019 19:44
146313,34in Ultrawide Monitor,1,1/12/2019 21:29
146314,Bose SoundSport Headphones,1,1/12/2019 20:17
146315,Lightning Charging Cable,2,1/28/2019 14:21
146316,34in Ultrawide Monitor,1,1/19/2019 14:57
146317,27in 4K Gaming Monitor,1,1/5/2019 14:06
146318,Lightning Charging Cable,1,1/7/2019 12:03
146319,Apple Airpods Headphones,1,1/23/2019 18:28
146320,AAA Batteries (4-pack),1,1/5/2019 18:15
146321,Bose SoundSport Headphones,1,1/27/2019 20:44
146322,Wired Headphones,2,1/14/2019 13:15
146323,Apple Airpods Headphones,1,1/12/2019 11:13
146324,USB-C Charging Cable,1,1/26/2019 17:12
146325,20in Monitor,1,1/9/2019 21:06
146326,AAA Batteries (4-pack),1,1/12/2019 13:08
146327,27in FHD Monitor,1,1/4/2019 12:45
146328,AAA Batteries (4-pack),2,1/17/2019 20:34
146329,AAA Batteries (4-pack),1,1/6/2019 18:23
146330,ThinkPad Laptop,1,1/27/2019 19:50
146331,Lightning Charging Cable,1,1/25/2019 15:26
146332,AA Batteries (4-pack),2,1/7/2019 21:20
146333,USB-C Charging Cable,1,1/7/2019 15:25
146334,Bose SoundSport Headphones,1,1/10/2019 17:45
146335,Macbook Pro Laptop,1,1/23/2019 8:37
146336,AAA Batteries (4-pack),2,1/25/2019 13:40
146337,Wired Headphones,2,1/22/2019 20:19
146338,34in Ultrawide Monitor,1,1/23/2019 11:49
146339,AAA Batteries (4-pack),3,1/11/2019 1:25
146340,Lightning Charging Cable,1,1/26/2019 22:08
146341,USB-C Charging Cable,1,1/29/2019 15:23
146342,Lightning Charging Cable,1,1/24/2019 12:34
146343,AA Batteries (4-pack),1,1/30/2019 9:16
146344,USB-C Charging Cable,1,1/28/2019 23:58
146345,Macbook Pro Laptop,1,1/8/2019 11:52
146346,Bose SoundSport Headphones,1,1/11/2019 10:14
146347,AA Batteries (4-pack),1,1/13/2019 18:47
146348,AAA Batteries (4-pack),2,1/27/2019 20:05
146349,AA Batteries (4-pack),1,1/20/2019 10:04
146350,27in 4K Gaming Monitor,1,1/22/2019 10:16
146351,Wired Headphones,1,1/30/2019 10:55
146352,27in 4K Gaming Monitor,1,1/22/2019 16:56
146353,Lightning Charging Cable,1,1/18/2019 10:41
146354,Lightning Charging Cable,1,1/24/2019 20:42
146355,AAA Batteries (4-pack),1,1/21/2019 17:32
146356,AAA Batteries (4-pack),1,1/2/2019 15:22
146357,Wired Headphones,1,1/6/2019 14:24
146358,Macbook Pro Laptop,1,1/22/2019 1:12
146359,Lightning Charging Cable,1,1/4/2019 13:18
146360,AAA Batteries (4-pack),4,1/4/2019 18:37
146361,USB-C Charging Cable,1,1/31/2019 18:01
146362,Bose SoundSport Headphones,1,1/31/2019 9:17
146363,AAA Batteries (4-pack),1,1/19/2019 21:22
146364,AAA Batteries (4-pack),1,1/1/2019 15:32
146365,USB-C Charging Cable,1,1/19/2019 12:10
146366,USB-C Charging Cable,1,1/14/2019 10:12
146367,20in Monitor,1,1/27/2019 19:46
146368,Lightning Charging Cable,1,1/10/2019 20:20
146369,34in Ultrawide Monitor,1,1/14/2019 14:42
146370,Lightning Charging Cable,1,1/30/2019 20:11
146371,AA Batteries (4-pack),1,1/24/2019 19:57
146372,27in 4K Gaming Monitor,1,1/3/2019 10:24
146373,ThinkPad Laptop,1,1/22/2019 8:25
146374,AAA Batteries (4-pack),2,1/8/2019 10:30
146375,USB-C Charging Cable,1,1/25/2019 16:58
146376,Flatscreen TV,1,1/10/2019 14:23
146377,AAA Batteries (4-pack),2,1/23/2019 9:25
146378,Apple Airpods Headphones,1,1/10/2019 1:54
146379,Lightning Charging Cable,1,1/2/2019 11:38
146380,AAA Batteries (4-pack),2,1/1/2019 23:18
146381,Apple Airpods Headphones,1,1/30/2019 12:09
146382,USB-C Charging Cable,1,1/17/2019 18:50
146383,iPhone,1,1/26/2019 17:20
146384,AA Batteries (4-pack),1,1/24/2019 10:59
146385,27in FHD Monitor,1,1/28/2019 11:48
146385,Bose SoundSport Headphones,1,1/28/2019 11:48
146386,USB-C Charging Cable,1,1/6/2019 13:33
146387,Lightning Charging Cable,1,1/24/2019 13:20
146388,Bose SoundSport Headphones,1,1/1/2019 19:16
146389,LG Washing Machine,1,1/11/2019 13:18
146390,AAA Batteries (4-pack),2,1/5/2019 11:15
146391,Apple Airpods Headphones,1,1/5/2019 20:29
146392,ThinkPad Laptop,1,1/23/2019 21:34
146393,USB-C Charging Cable,1,1/25/2019 13:25
146394,AA Batteries (4-pack),1,1/15/2019 12:51
146395,Wired Headphones,1,1/31/2019 20:43
146396,Bose SoundSport Headphones,1,1/6/2019 10:35
146397,27in FHD Monitor,1,1/2/2019 21:59
146397,AAA Batteries (4-pack),1,1/2/2019 21:59
146398,Google Phone,1,1/26/2019 18:29
146399,Bose SoundSport Headphones,1,1/30/2019 14:12
146400,34in Ultrawide Monitor,1,1/24/2019 12:13
146401,34in Ultrawide Monitor,1,1/18/2019 13:55
146402,Macbook Pro Laptop,1,1/15/2019 18:13
146403,AA Batteries (4-pack),1,1/1/2019 22:11
146404,Lightning Charging Cable,1,1/25/2019 23:39
146405,AAA Batteries (4-pack),2,1/8/2019 14:49
146406,Lightning Charging Cable,1,1/26/2019 18:05
146407,LG Dryer,1,1/4/2019 11:44
146407,AA Batteries (4-pack),2,1/4/2019 11:44
146408,Apple Airpods Headphones,1,1/27/2019 2:43
146409,Apple Airpods Headphones,1,1/24/2019 11:07
146410,AAA Batteries (4-pack),1,1/22/2019 13:18
146411,iPhone,1,1/13/2019 14:22
146412,Apple Airpods Headphones,1,1/10/2019 16:14
146413,Lightning Charging Cable,1,1/19/2019 18:28
146414,Bose SoundSport Headphones,1,1/19/2019 23:16
146415,27in 4K Gaming Monitor,1,1/5/2019 19:16
146416,AAA Batteries (4-pack),1,1/5/2019 9:53
146417,USB-C Charging Cable,1,1/18/2019 16:17
146418,Macbook Pro Laptop,1,1/31/2019 19:31
146419,Wired Headphones,1,1/31/2019 13:27
146420,Wired Headphones,1,1/15/2019 15:21
146421,AA Batteries (4-pack),2,1/24/2019 20:09
146422,Apple Airpods Headphones,1,1/22/2019 12:42
146423,AA Batteries (4-pack),1,1/6/2019 19:39
146424,27in FHD Monitor,1,1/17/2019 12:02
146425,AAA Batteries (4-pack),2,1/5/2019 13:58
146426,Bose SoundSport Headphones,1,1/9/2019 19:30
146427,Wired Headphones,1,1/6/2019 23:23
146428,Google Phone,1,1/15/2019 11:48
146429,USB-C Charging Cable,1,1/18/2019 13:45
146430,Bose SoundSport Headphones,1,1/29/2019 4:03
146431,Lightning Charging Cable,1,1/1/2019 12:39
146432,Lightning Charging Cable,1,1/4/2019 11:45
146433,Wired Headphones,1,1/28/2019 12:52
146434,USB-C Charging Cable,1,1/9/2019 13:02
146435,Google Phone,1,1/29/2019 20:38
146436,20in Monitor,1,1/18/2019 10:30
146437,20in Monitor,1,1/17/2019 23:05
146438,27in FHD Monitor,1,1/26/2019 3:30
146439,20in Monitor,1,1/20/2019 11:27
146440,USB-C Charging Cable,1,1/28/2019 17:33
146441,20in Monitor,1,1/18/2019 9:15
146442,USB-C Charging Cable,1,2/1/2019 1:48
146443,Flatscreen TV,1,1/15/2019 17:19
146444,AA Batteries (4-pack),1,1/3/2019 16:49
146445,Bose SoundSport Headphones,1,1/17/2019 7:14
146446,Wired Headphones,3,1/1/2019 18:20
146447,Wired Headphones,1,1/10/2019 13:26
146448,AAA Batteries (4-pack),1,1/10/2019 17:07
146449,AAA Batteries (4-pack),1,1/14/2019 13:23
146450,27in FHD Monitor,1,1/13/2019 20:36
146451,USB-C Charging Cable,1,1/5/2019 18:59
146452,Lightning Charging Cable,1,1/25/2019 18:18
146453,34in Ultrawide Monitor,1,1/26/2019 17:43
146454,Apple Airpods Headphones,1,1/11/2019 11:36
146455,Apple Airpods Headphones,1,1/10/2019 15:32
146456,Macbook Pro Laptop,1,1/11/2019 13:28
146457,Apple Airpods Headphones,1,1/8/2019 22:13
146458,AA Batteries (4-pack),1,1/19/2019 9:12
146459,Lightning Charging Cable,2,1/1/2019 9:21
146460,Lightning Charging Cable,1,1/19/2019 19:23
146461,iPhone,1,1/7/2019 8:06
146461,Wired Headphones,1,1/7/2019 8:06
146462,AA Batteries (4-pack),1,1/15/2019 14:52
146463,Lightning Charging Cable,1,1/8/2019 19:08
146464,AA Batteries (4-pack),2,1/5/2019 23:40
146465,AAA Batteries (4-pack),1,1/27/2019 19:56
146466,Lightning Charging Cable,1,1/28/2019 10:54
146467,Macbook Pro Laptop,1,1/25/2019 14:16
146468,Bose SoundSport Headphones,1,1/23/2019 18:55
146469,AA Batteries (4-pack),2,1/2/2019 21:45
146470,Bose SoundSport Headphones,1,1/17/2019 11:29
146471,USB-C Charging Cable,1,1/1/2019 18:29
146471,Wired Headphones,1,1/1/2019 18:29
146472,Vareebadd Phone,1,1/12/2019 0:48
146472,USB-C Charging Cable,1,1/12/2019 0:48
146473,Lightning Charging Cable,1,1/8/2019 15:34
146474,AAA Batteries (4-pack),1,1/2/2019 11:04
146475,AA Batteries (4-pack),1,1/12/2019 21:56
146476,AAA Batteries (4-pack),1,1/16/2019 19:53
146477,AA Batteries (4-pack),1,1/7/2019 16:54
146478,Wired Headphones,1,1/24/2019 8:02
146479,AA Batteries (4-pack),3,1/2/2019 20:35
146480,Wired Headphones,1,1/19/2019 0:32
146481,27in FHD Monitor,1,1/28/2019 21:07
146482,Lightning Charging Cable,1,1/27/2019 17:07
146483,Macbook Pro Laptop,1,1/6/2019 12:28
146484,AA Batteries (4-pack),3,1/9/2019 11:34
146485,27in FHD Monitor,1,1/22/2019 10:06
146486,Vareebadd Phone,1,1/4/2019 14:05
146487,Wired Headphones,1,1/28/2019 4:17
146488,USB-C Charging Cable,1,1/25/2019 18:25
146489,AA Batteries (4-pack),1,1/13/2019 15:16
146490,Bose SoundSport Headphones,1,1/22/2019 11:34
146490,Lightning Charging Cable,1,1/22/2019 11:34
146491,Flatscreen TV,1,1/20/2019 22:15
146492,20in Monitor,1,1/14/2019 19:45
146493,Lightning Charging Cable,1,1/22/2019 1:01
146494,20in Monitor,1,1/11/2019 12:38
146495,Wired Headphones,3,1/18/2019 10:17
146496,27in FHD Monitor,1,1/5/2019 18:40
146497,AA Batteries (4-pack),1,1/5/2019 13:59
146498,USB-C Charging Cable,1,1/26/2019 14:03
146499,Flatscreen TV,1,1/19/2019 17:31
146500,AA Batteries (4-pack),1,1/24/2019 17:49
146501,USB-C Charging Cable,1,1/22/2019 11:03
146502,Bose SoundSport Headphones,1,1/16/2019 22:25
146503,AAA Batteries (4-pack),1,1/5/2019 10:59
146504,USB-C Charging Cable,1,1/28/2019 21:36
146505,AAA Batteries (4-pack),1,1/24/2019 19:04
146506,AAA Batteries (4-pack),1,1/12/2019 23:06
146507,AAA Batteries (4-pack),2,1/20/2019 12:32
146508,Wired Headphones,1,1/29/2019 23:04
146509,AAA Batteries (4-pack),1,1/17/2019 23:46
146510,Google Phone,1,1/1/2019 23:07
146511,USB-C Charging Cable,1,1/5/2019 12:48
146512,USB-C Charging Cable,1,1/3/2019 15:29
146513,Bose SoundSport Headphones,1,1/22/2019 12:32
146514,Bose SoundSport Headphones,1,1/26/2019 16:32
146515,Macbook Pro Laptop,1,1/7/2019 21:32
146516,Apple Airpods Headphones,1,1/14/2019 15:24
146517,Wired Headphones,1,1/8/2019 21:41
146518,USB-C Charging Cable,2,1/10/2019 18:44
146519,Apple Airpods Headphones,1,1/16/2019 14:24
146520,AA Batteries (4-pack),1,1/22/2019 16:54
146521,AA Batteries (4-pack),1,1/2/2019 14:17
146522,Apple Airpods Headphones,1,1/24/2019 6:41
146523,Apple Airpods Headphones,1,1/23/2019 14:10
146523,Flatscreen TV,1,1/23/2019 14:10
146524,Apple Airpods Headphones,1,1/27/2019 13:34
146525,Macbook Pro Laptop,1,1/26/2019 21:49
146526,34in Ultrawide Monitor,1,1/12/2019 17:15
146527,AAA Batteries (4-pack),1,1/15/2019 18:55
146528,27in FHD Monitor,1,1/3/2019 11:26
146529,AAA Batteries (4-pack),1,1/6/2019 17:49
146530,Google Phone,1,1/25/2019 20:35
146530,USB-C Charging Cable,1,1/25/2019 20:35
,,,
146531,Macbook Pro Laptop,1,1/9/2019 10:11
146532,Apple Airpods Headphones,1,1/28/2019 3:06
146533,Apple Airpods Headphones,1,1/13/2019 14:28
146534,Macbook Pro Laptop,1,1/28/2019 22:05
146535,20in Monitor,1,1/4/2019 21:36
146536,AAA Batteries (4-pack),3,1/7/2019 17:53
146537,27in FHD Monitor,1,1/14/2019 7:45
146538,AAA Batteries (4-pack),1,1/4/2019 20:05
146539,Lightning Charging Cable,1,1/25/2019 18:21
146540,AA Batteries (4-pack),1,1/30/2019 19:27
146541,AA Batteries (4-pack),1,1/29/2019 15:55
146542,AA Batteries (4-pack),1,1/20/2019 20:07
146543,Wired Headphones,1,1/11/2019 13:15
146544,27in FHD Monitor,1,1/9/2019 20:58
146545,AA Batteries (4-pack),1,1/9/2019 9:40
146546,Lightning Charging Cable,1,1/19/2019 19:36
146547,USB-C Charging Cable,1,1/7/2019 16:42
146548,AAA Batteries (4-pack),1,1/21/2019 19:37
146549,AA Batteries (4-pack),1,1/1/2019 11:21
146550,20in Monitor,1,1/4/2019 11:26
146551,USB-C Charging Cable,1,1/15/2019 17:14
146552,Apple Airpods Headphones,1,1/4/2019 0:05
Order ID,Product,Quantity Ordered,Order Date
146553,ThinkPad Laptop,1,1/20/2019 14:44
146554,Lightning Charging Cable,1,1/11/2019 14:25
146555,34in Ultrawide Monitor,1,1/21/2019 12:46
146556,AAA Batteries (4-pack),3,1/8/2019 14:20
146557,iPhone,1,1/28/2019 14:56
146558,AA Batteries (4-pack),1,1/11/2019 22:08
146559,Vareebadd Phone,1,1/20/2019 16:42
146560,Apple Airpods Headphones,1,1/8/2019 1:05
146561,Lightning Charging Cable,1,1/28/2019 15:04
146562,20in Monitor,1,1/23/2019 19:08
146563,AAA Batteries (4-pack),1,1/6/2019 23:47
146564,USB-C Charging Cable,1,1/2/2019 1:22
146565,Wired Headphones,1,1/20/2019 19:49
,,,
146566,Wired Headphones,1,1/8/2019 17:01
146567,Vareebadd Phone,1,1/28/2019 19:28
146568,AA Batteries (4-pack),1,1/26/2019 8:55
146569,AAA Batteries (4-pack),1,1/12/2019 21:34
146570,AAA Batteries (4-pack),1,1/13/2019 10:33
146571,Lightning Charging Cable,1,1/28/2019 10:46
146572,Wired Headphones,1,1/14/2019 21:29
146573,USB-C Charging Cable,2,1/3/2019 18:57
146574,Lightning Charging Cable,2,1/17/2019 18:38
146575,20in Monitor,1,1/3/2019 21:49
146576,AA Batteries (4-pack),1,1/16/2019 9:02
146577,Lightning Charging Cable,1,1/23/2019 9:50
146578,ThinkPad Laptop,1,1/5/2019 17:13
146579,AA Batteries (4-pack),2,1/24/2019 16:35
146580,Macbook Pro Laptop,1,1/4/2019 1:10
146581,34in Ultrawide Monitor,1,1/24/2019 12:08
146582,27in 4K Gaming Monitor,1,1/10/2019 21:48
146583,USB-C Charging Cable,1,1/7/2019 16:02
146584,AAA Batteries (4-pack),1,1/2/2019 19:37
146585,AA Batteries (4-pack),1,1/4/2019 16:49
146586,Google Phone,1,1/24/2019 23:48
146587,27in FHD Monitor,1,1/27/2019 23:20
146588,AA Batteries (4-pack),1,1/4/2019 19:47
146589,Wired Headphones,1,1/26/2019 11:34
146590,AA Batteries (4-pack),3,1/1/2019 12:09
146591,Apple Airpods Headphones,1,1/3/2019 20:12
146592,AA Batteries (4-pack),2,1/17/2019 1:30
146593,Flatscreen TV,1,1/26/2019 19:24
146594,AAA Batteries (4-pack),1,1/20/2019 7:50
146595,Lightning Charging Cable,1,1/31/2019 13:25
146596,ThinkPad Laptop,1,1/3/2019 21:50
146597,USB-C Charging Cable,1,1/14/2019 9:35
146598,Flatscreen TV,1,1/11/2019 9:13
146599,AAA Batteries (4-pack),1,1/9/2019 15:10
146600,27in FHD Monitor,1,1/16/2019 15:41
146601,USB-C Charging Cable,1,1/22/2019 11:26
146602,Apple Airpods Headphones,1,1/17/2019 14:15
146603,Lightning Charging Cable,1,1/12/2019 11:41
146604,Wired Headphones,1,1/13/2019 14:28
146605,USB-C Charging Cable,1,1/22/2019 11:24
146606,AAA Batteries (4-pack),1,1/16/2019 15:16
146607,Apple Airpods Headphones,1,1/9/2019 22:39
146608,27in 4K Gaming Monitor,1,1/25/2019 11:27
146609,27in FHD Monitor,1,1/31/2019 11:37
146610,AA Batteries (4-pack),1,1/10/2019 18:59
146611,Bose SoundSport Headphones,1,1/16/2019 12:55
146612,AAA Batteries (4-pack),2,1/2/2019 23:58
146613,USB-C Charging Cable,1,1/31/2019 13:04
146614,27in FHD Monitor,1,1/22/2019 5:07
146615,Lightning Charging Cable,1,1/23/2019 19:33
146616,Macbook Pro Laptop,1,1/29/2019 11:10
146617,AAA Batteries (4-pack),1,1/5/2019 16:03
146618,AA Batteries (4-pack),2,1/23/2019 15:38
146619,Lightning Charging Cable,1,1/22/2019 16:55
146620,AAA Batteries (4-pack),2,1/8/2019 22:00
146621,AA Batteries (4-pack),1,1/26/2019 13:10
146622,34in Ultrawide Monitor,1,1/17/2019 0:31
146623,34in Ultrawide Monitor,1,1/18/2019 22:56
146624,USB-C Charging Cable,1,1/7/2019 19:21
146625,Vareebadd Phone,1,1/12/2019 10:16
146626,Macbook Pro Laptop,1,1/16/2019 23:56
146627,AAA Batteries (4-pack),1,1/21/2019 21:02
146628,27in 4K Gaming Monitor,1,1/26/2019 16:30
146629,Bose SoundSport Headphones,1,1/25/2019 13:19
146630,AA Batteries (4-pack),2,1/30/2019 21:22
146631,Apple Airpods Headphones,1,1/28/2019 11:14
146632,AA Batteries (4-pack),1,1/6/2019 13:55
146633,Lightning Charging Cable,1,1/30/2019 18:51
146634,USB-C Charging Cable,1,1/24/2019 21:16
146635,Lightning Charging Cable,1,1/5/2019 22:21
146636,USB-C Charging Cable,1,1/4/2019 23:28
146637,iPhone,1,1/23/2019 19:36
146638,Lightning Charging Cable,1,1/28/2019 20:22
146638,Apple Airpods Headphones,1,1/28/2019 20:22
146639,Lightning Charging Cable,1,1/13/2019 11:45
146640,AA Batteries (4-pack),1,1/19/2019 13:06
146641,Apple Airpods Headphones,1,1/10/2019 11:51
146642,27in FHD Monitor,1,1/15/2019 10:40
146643,Lightning Charging Cable,2,1/26/2019 11:50
146644,AA Batteries (4-pack),1,1/25/2019 13:10
146645,Lightning Charging Cable,1,1/25/2019 17:36
146646,AAA Batteries (4-pack),1,1/3/2019 15:49
146647,20in Monitor,1,1/3/2019 11:40
146648,Apple Airpods Headphones,1,1/30/2019 21:58
146649,Apple Airpods Headphones,1,1/16/2019 18:42
146650,iPhone,1,1/23/2019 10:31
146651,Wired Headphones,1,1/8/2019 19:15
146652,AAA Batteries (4-pack),1,1/31/2019 21:21
146653,Wired Headphones,1,1/12/2019 18:25
146654,USB-C Charging Cable,1,1/6/2019 22:59
146655,27in FHD Monitor,1,1/26/2019 10:28
146656,AAA Batteries (4-pack),2,1/25/2019 9:38
146657,27in FHD Monitor,1,1/18/2019 17:57
146658,Wired Headphones,1,1/25/2019 18:26
146659,Wired Headphones,1,1/23/2019 17:59
146660,AA Batteries (4-pack),1,1/7/2019 19:48
146661,Lightning Charging Cable,1,1/18/2019 18:04
146662,AA Batteries (4-pack),1,1/12/2019 0:39
146663,34in Ultrawide Monitor,1,1/31/2019 10:53
146664,USB-C Charging Cable,1,1/28/2019 19:23
146665,20in Monitor,1,1/22/2019 13:24
146666,Macbook Pro Laptop,1,1/28/2019 0:34
146667,34in Ultrawide Monitor,1,1/25/2019 20:34
146668,Bose SoundSport Headphones,1,1/21/2019 23:28
146669,Wired Headphones,1,1/26/2019 19:11
146670,USB-C Charging Cable,1,1/7/2019 12:15
146671,Google Phone,1,1/14/2019 12:56
146672,27in FHD Monitor,1,1/2/2019 16:26
146673,Lightning Charging Cable,1,1/21/2019 11:48
146674,Apple Airpods Headphones,1,1/4/2019 7:29
146675,Apple Airpods Headphones,1,1/3/2019 13:12
146676,Lightning Charging Cable,1,1/16/2019 16:43
146677,Apple Airpods Headphones,1,1/16/2019 9:57
146678,USB-C Charging Cable,2,1/3/2019 23:55
146679,USB-C Charging Cable,1,1/29/2019 21:19
146680,Bose SoundSport Headphones,1,1/16/2019 2:11
146681,AA Batteries (4-pack),1,1/7/2019 20:13
146682,AA Batteries (4-pack),1,1/29/2019 20:32
146683,Bose SoundSport Headphones,1,1/22/2019 1:34
146684,AA Batteries (4-pack),1,1/31/2019 20:56
146685,USB-C Charging Cable,1,1/20/2019 12:00
146686,20in Monitor,1,1/11/2019 10:42
146687,AA Batteries (4-pack),1,1/8/2019 0:53
146688,iPhone,1,1/14/2019 20:40
146689,20in Monitor,1,1/28/2019 5:26
146690,Google Phone,1,1/12/2019 7:16
146691,Flatscreen TV,1,1/16/2019 20:30
146692,Google Phone,1,1/28/2019 10:04
146693,USB-C Charging Cable,1,1/27/2019 18:45
146694,USB-C Charging Cable,1,1/20/2019 15:06
146695,iPhone,1,1/9/2019 19:31
146696,34in Ultrawide Monitor,1,1/14/2019 23:45
146697,Lightning Charging Cable,1,1/16/2019 18:26
146698,Bose SoundSport Headphones,1,1/20/2019 9:41
146699,34in Ultrawide Monitor,1,1/18/2019 21:13
146700,USB-C Charging Cable,1,1/30/2019 9:07
146701,iPhone,1,1/24/2019 20:34
146702,USB-C Charging Cable,1,1/13/2019 15:44
146703,USB-C Charging Cable,2,1/1/2019 18:31
146704,Lightning Charging Cable,2,1/13/2019 17:26
146705,Macbook Pro Laptop,1,1/15/2019 10:46
146706,Bose SoundSport Headphones,1,1/30/2019 13:38
146707,Apple Airpods Headphones,1,1/15/2019 10:44
146708,Macbook Pro Laptop,1,1/24/2019 14:02
146709,Google Phone,1,1/12/2019 13:35
146710,AA Batteries (4-pack),1,1/11/2019 9:11
146711,Apple Airpods Headphones,1,1/19/2019 18:35
146712,Macbook Pro Laptop,1,1/29/2019 18:32
146713,34in Ultrawide Monitor,1,1/14/2019 9:34
146714,AAA Batteries (4-pack),1,1/11/2019 19:01
146714,Bose SoundSport Headphones,1,1/11/2019 19:01
146715,Lightning Charging Cable,1,1/7/2019 18:08
146716,USB-C Charging Cable,1,1/11/2019 19:32
146717,Macbook Pro Laptop,1,1/23/2019 8:00
146718,Apple Airpods Headphones,1,1/10/2019 15:58
146719,Wired Headphones,1,1/4/2019 23:58
146720,Vareebadd Phone,1,1/18/2019 10:19
146721,USB-C Charging Cable,1,1/8/2019 10:14
146722,Lightning Charging Cable,1,1/27/2019 2:08
146723,ThinkPad Laptop,1,1/14/2019 22:42
146724,Macbook Pro Laptop,1,1/11/2019 7:45
146725,Flatscreen TV,1,1/31/2019 12:55
146726,AA Batteries (4-pack),1,1/29/2019 13:33
146727,AAA Batteries (4-pack),1,1/6/2019 17:25
146728,Lightning Charging Cable,1,1/9/2019 11:08
146729,Apple Airpods Headphones,1,1/16/2019 20:42
146730,34in Ultrawide Monitor,1,1/31/2019 16:53
146731,Bose SoundSport Headphones,1,1/10/2019 22:07
146732,AAA Batteries (4-pack),1,1/8/2019 16:21
146733,AA Batteries (4-pack),1,1/28/2019 20:14
146734,Apple Airpods Headphones,1,1/29/2019 6:16
146735,Lightning Charging Cable,2,1/28/2019 21:07
146736,USB-C Charging Cable,1,1/6/2019 17:58
146737,USB-C Charging Cable,2,1/31/2019 19:44
146738,27in FHD Monitor,1,1/18/2019 15:06
146739,AA Batteries (4-pack),1,1/7/2019 13:15
146740,Google Phone,1,1/24/2019 11:39
146741,Lightning Charging Cable,1,1/12/2019 20:57
146742,AA Batteries (4-pack),1,1/3/2019 12:25
146743,iPhone,1,1/29/2019 12:02
146744,Wired Headphones,1,1/10/2019 6:33
146745,AA Batteries (4-pack),1,1/2/2019 14:01
146746,Vareebadd Phone,1,1/7/2019 15:52
146747,Lightning Charging Cable,1,1/20/2019 12:29
146748,AA Batteries (4-pack),1,1/22/2019 10:28
146749,USB-C Charging Cable,1,1/2/2019 15:55
146750,Wired Headphones,1,1/12/2019 9:00
146751,Lightning Charging Cable,1,1/15/2019 1:05
146752,USB-C Charging Cable,1,1/10/2019 15:07
146753,Bose SoundSport Headphones,1,1/13/2019 14:20
146754,AA Batteries (4-pack),1,1/5/2019 14:33
146755,USB-C Charging Cable,1,1/12/2019 19:02
146756,Apple Airpods Headphones,1,1/15/2019 9:05
146757,34in Ultrawide Monitor,1,1/3/2019 16:03
146758,Google Phone,1,1/2/2019 15:06
146758,USB-C Charging Cable,1,1/2/2019 15:06
146759,ThinkPad Laptop,1,1/25/2019 16:06
146760,Wired Headphones,1,1/7/2019 10:31
146761,Wired Headphones,1,1/20/2019 11:40
146762,Macbook Pro Laptop,1,1/19/2019 23:59
146763,AA Batteries (4-pack),2,1/3/2019 11:56
146764,AA Batteries (4-pack),1,1/15/2019 13:42
146765,Google Phone,1,1/21/2019 11:23
146765,Google Phone,1,1/21/2019 11:23
146766,Apple Airpods Headphones,1,1/4/2019 16:48
146767,Macbook Pro Laptop,1,1/22/2019 7:25
146768,Lightning Charging Cable,1,1/17/2019 11:22
146769,AAA Batteries (4-pack),1,1/17/2019 17:27
146770,Bose SoundSport Headphones,1,1/11/2019 13:12
146771,AAA Batteries (4-pack),2,1/7/2019 21:37
146772,20in Monitor,1,1/13/2019 15:14
146773,AAA Batteries (4-pack),1,1/15/2019 13:37
146774,Lightning Charging Cable,1,1/18/2019 21:45
146775,Lightning Charging Cable,1,1/1/2019 17:40
146776,AA Batteries (4-pack),1,1/30/2019 0:04
146777,Bose SoundSport Headphones,1,1/29/2019 17:12
146778,Apple Airpods Headphones,1,1/13/2019 2:15
146779,USB-C Charging Cable,1,1/7/2019 9:59
146780,iPhone,1,1/17/2019 20:00
146781,AAA Batteries (4-pack),1,1/23/2019 10:27
146782,34in Ultrawide Monitor,1,1/8/2019 20:25
146783,Wired Headphones,1,1/26/2019 13:07
146784,USB-C Charging Cable,1,1/5/2019 6:47
146785,AAA Batteries (4-pack),1,1/30/2019 19:08
146786,20in Monitor,1,1/6/2019 20:53
146787,Apple Airpods Headphones,1,1/16/2019 10:08
146788,USB-C Charging Cable,1,1/18/2019 16:13
146789,Apple Airpods Headphones,1,1/15/2019 10:24
146790,Lightning Charging Cable,1,1/15/2019 15:49
146791,Macbook Pro Laptop,1,1/3/2019 12:45
146792,Google Phone,1,1/28/2019 6:03
146793,AAA Batteries (4-pack),1,1/10/2019 17:28
146794,Apple Airpods Headphones,1,1/28/2019 16:02
146795,Wired Headphones,1,1/20/2019 9:20
146796,USB-C Charging Cable,1,1/23/2019 5:43
146797,Wired Headphones,1,1/21/2019 11:20
146798,Bose SoundSport Headphones,1,1/6/2019 15:55
146799,Wired Headphones,1,1/20/2019 19:14
146800,AA Batteries (4-pack),1,1/12/2019 15:10
146801,USB-C Charging Cable,2,1/11/2019 13:44
146802,Bose SoundSport Headphones,1,1/10/2019 19:57
146803,AAA Batteries (4-pack),1,1/16/2019 13:25
146804,27in FHD Monitor,1,1/4/2019 9:30
146805,USB-C Charging Cable,1,1/26/2019 1:39
146806,34in Ultrawide Monitor,1,1/25/2019 8:22
146807,ThinkPad Laptop,1,1/15/2019 20:11
146808,AA Batteries (4-pack),1,1/18/2019 20:18
146809,USB-C Charging Cable,1,1/23/2019 12:51
146810,Lightning Charging Cable,1,1/31/2019 19:49
146811,Lightning Charging Cable,1,1/22/2019 0:42
146812,ThinkPad Laptop,1,1/16/2019 8:20
146813,AA Batteries (4-pack),2,1/24/2019 10:21
146814,AAA Batteries (4-pack),2,1/13/2019 22:12
146815,Flatscreen TV,1,1/29/2019 20:11
146816,Google Phone,1,1/18/2019 20:06
146816,Wired Headphones,1,1/18/2019 20:06
146817,USB-C Charging Cable,1,1/9/2019 11:14
146818,Wired Headphones,1,1/14/2019 14:02
146819,USB-C Charging Cable,1,1/20/2019 14:33
146820,USB-C Charging Cable,1,1/20/2019 14:53
146821,Flatscreen TV,1,1/27/2019 19:35
146822,Bose SoundSport Headphones,1,1/10/2019 9:58
146823,USB-C Charging Cable,1,1/6/2019 10:25
146824,AA Batteries (4-pack),1,1/17/2019 18:32
146825,Vareebadd Phone,1,1/18/2019 11:04
146826,AA Batteries (4-pack),1,1/19/2019 13:35
146827,34in Ultrawide Monitor,1,1/6/2019 15:23
146828,Bose SoundSport Headphones,1,1/30/2019 15:56
146829,AA Batteries (4-pack),1,1/4/2019 19:30
146830,iPhone,1,1/28/2019 0:25
146831,27in 4K Gaming Monitor,1,1/27/2019 23:06
146832,Apple Airpods Headphones,1,1/19/2019 16:04
146833,Apple Airpods Headphones,1,1/1/2019 23:42
146834,Google Phone,1,1/30/2019 15:47
146834,Wired Headphones,1,1/30/2019 15:47
146835,Wired Headphones,1,1/22/2019 15:19
146836,ThinkPad Laptop,1,1/21/2019 22:23
146837,ThinkPad Laptop,1,1/15/2019 9:20
146838,AAA Batteries (4-pack),3,1/2/2019 11:30
146839,Wired Headphones,1,1/10/2019 12:19
146840,USB-C Charging Cable,1,1/3/2019 12:36
146841,Wired Headphones,1,1/5/2019 11:28
146842,Google Phone,1,1/11/2019 8:51
146843,Google Phone,1,1/27/2019 12:26
146844,Flatscreen TV,1,1/1/2019 11:55
146845,USB-C Charging Cable,2,1/1/2019 20:22
146846,20in Monitor,1,1/17/2019 19:13
146847,Lightning Charging Cable,1,1/4/2019 0:55
146848,USB-C Charging Cable,1,1/4/2019 0:42
146849,USB-C Charging Cable,1,1/15/2019 5:58
146850,Wired Headphones,1,1/13/2019 15:02
146851,AAA Batteries (4-pack),1,1/10/2019 23:00
146852,AAA Batteries (4-pack),1,1/3/2019 13:12
146853,AAA Batteries (4-pack),2,1/20/2019 16:27
146854,34in Ultrawide Monitor,1,1/22/2019 6:29
146855,Lightning Charging Cable,1,1/9/2019 16:32
146855,Apple Airpods Headphones,1,1/9/2019 16:32
146856,27in FHD Monitor,1,1/22/2019 19:12
146857,Flatscreen TV,1,1/1/2019 12:35
146858,27in FHD Monitor,1,1/26/2019 19:24
146859,USB-C Charging Cable,1,1/9/2019 14:00
146860,Bose SoundSport Headphones,1,1/26/2019 18:43
146861,iPhone,1,1/26/2019 12:32
146861,Apple Airpods Headphones,1,1/26/2019 12:32
146862,AA Batteries (4-pack),2,1/22/2019 17:40
146863,Macbook Pro Laptop,1,1/25/2019 17:20
146864,Lightning Charging Cable,1,1/27/2019 12:57
146865,Lightning Charging Cable,1,1/20/2019 12:38
146866,USB-C Charging Cable,1,1/21/2019 1:01
146867,AA Batteries (4-pack),1,1/6/2019 21:30
146868,27in FHD Monitor,1,1/4/2019 17:11
146869,AA Batteries (4-pack),1,1/24/2019 21:06
146870,Wired Headphones,1,1/26/2019 9:06
146871,iPhone,1,1/14/2019 15:52
146871,Apple Airpods Headphones,1,1/14/2019 15:52
146872,iPhone,1,1/31/2019 23:21
146872,Apple Airpods Headphones,1,1/31/2019 23:21
146873,AAA Batteries (4-pack),1,1/28/2019 21:13
146874,iPhone,1,1/27/2019 11:04
146875,AAA Batteries (4-pack),1,1/4/2019 11:07
146876,iPhone,1,1/16/2019 12:01
146876,Apple Airpods Headphones,1,1/16/2019 12:01
146877,34in Ultrawide Monitor,1,1/13/2019 11:02
146878,Google Phone,1,1/24/2019 15:21
146879,Flatscreen TV,1,1/28/2019 8:03
146880,Flatscreen TV,1,1/11/2019 21:04
146881,Flatscreen TV,1,1/21/2019 14:48
146882,20in Monitor,1,1/4/2019 19:28
146883,Apple Airpods Headphones,1,1/29/2019 15:33
146884,Bose SoundSport Headphones,1,1/5/2019 16:02
146885,ThinkPad Laptop,1,1/31/2019 0:28
146886,Google Phone,1,1/19/2019 12:02
146887,Apple Airpods Headphones,1,1/11/2019 10:12
146888,AA Batteries (4-pack),1,1/24/2019 15:58
146889,Bose SoundSport Headphones,1,1/6/2019 13:23
146890,USB-C Charging Cable,1,1/8/2019 19:51
146891,Macbook Pro Laptop,1,1/7/2019 20:05
146892,27in FHD Monitor,1,1/16/2019 21:52
146893,USB-C Charging Cable,2,1/13/2019 12:31
146894,Google Phone,1,1/29/2019 14:54
146895,USB-C Charging Cable,3,1/25/2019 20:31
146896,34in Ultrawide Monitor,1,1/13/2019 15:38
146897,AA Batteries (4-pack),1,1/22/2019 16:05
146898,27in 4K Gaming Monitor,1,1/23/2019 15:47
146899,Macbook Pro Laptop,1,1/1/2019 11:31
146900,Apple Airpods Headphones,1,1/10/2019 16:23
146901,27in FHD Monitor,1,1/11/2019 14:50
146902,27in 4K Gaming Monitor,1,1/17/2019 12:45
146903,Bose SoundSport Headphones,1,1/12/2019 0:20
146904,AA Batteries (4-pack),1,1/5/2019 20:51
146905,Wired Headphones,1,1/10/2019 13:26
146906,AAA Batteries (4-pack),1,1/3/2019 13:01
146907,Lightning Charging Cable,1,1/10/2019 21:03
146908,AAA Batteries (4-pack),1,1/1/2019 18:09
146909,AA Batteries (4-pack),1,1/17/2019 18:20
146910,Lightning Charging Cable,1,1/1/2019 16:11
146911,USB-C Charging Cable,1,1/4/2019 15:49
146912,AA Batteries (4-pack),1,1/1/2019 23:48
146913,Lightning Charging Cable,1,1/1/2019 19:17
146914,USB-C Charging Cable,2,1/27/2019 11:53
146915,Wired Headphones,1,1/1/2019 21:23
146916,USB-C Charging Cable,1,1/26/2019 12:17
146917,27in 4K Gaming Monitor,1,1/30/2019 16:38
146918,USB-C Charging Cable,1,1/15/2019 15:51
146919,27in 4K Gaming Monitor,1,1/11/2019 14:09
146920,AA Batteries (4-pack),1,1/23/2019 10:35
146921,Apple Airpods Headphones,1,1/10/2019 6:04
146922,USB-C Charging Cable,1,1/2/2019 23:42
146923,Wired Headphones,1,1/29/2019 15:39
146924,Apple Airpods Headphones,1,1/6/2019 18:49
146925,Flatscreen TV,1,1/12/2019 21:35
146926,iPhone,1,1/30/2019 15:47
146927,AAA Batteries (4-pack),1,1/19/2019 17:30
146928,Lightning Charging Cable,1,1/10/2019 12:57
146929,Lightning Charging Cable,2,1/15/2019 16:50
146930,Wired Headphones,1,1/18/2019 11:53
146931,Bose SoundSport Headphones,1,1/9/2019 19:12
146932,AAA Batteries (4-pack),1,1/22/2019 0:07
146933,Wired Headphones,1,1/2/2019 15:21
146934,USB-C Charging Cable,2,1/17/2019 12:48
146935,27in 4K Gaming Monitor,1,1/18/2019 0:10
146936,Lightning Charging Cable,1,1/5/2019 11:36
146937,USB-C Charging Cable,1,1/22/2019 19:10
146938,Wired Headphones,1,1/12/2019 9:54
146939,Bose SoundSport Headphones,1,1/11/2019 22:05
146940,20in Monitor,1,1/28/2019 20:52
146941,Wired Headphones,1,1/17/2019 13:45
146942,Apple Airpods Headphones,1,1/11/2019 9:20
146943,Vareebadd Phone,1,1/21/2019 11:03
146944,Google Phone,1,1/15/2019 20:24
146945,27in 4K Gaming Monitor,1,1/19/2019 21:44
146946,iPhone,1,1/25/2019 9:46
146946,Wired Headphones,1,1/25/2019 9:46
146947,Wired Headphones,1,1/25/2019 21:51
146948,AAA Batteries (4-pack),2,1/12/2019 14:43
146949,34in Ultrawide Monitor,1,1/13/2019 22:31
146950,27in FHD Monitor,1,1/19/2019 11:09
146951,Google Phone,1,1/19/2019 15:56
146952,27in FHD Monitor,1,1/13/2019 22:19
146952,27in 4K Gaming Monitor,1,1/13/2019 22:19
146953,20in Monitor,1,1/12/2019 12:47
146954,27in FHD Monitor,1,1/19/2019 17:20
146955,AA Batteries (4-pack),1,1/1/2019 18:51
146956,Apple Airpods Headphones,1,1/30/2019 9:02
146957,AAA Batteries (4-pack),2,1/21/2019 11:30
146958,Apple Airpods Headphones,1,1/22/2019 16:44
146959,Google Phone,1,1/4/2019 10:33
146959,Wired Headphones,1,1/4/2019 10:33
146960,Wired Headphones,1,1/18/2019 18:17
146961,Wired Headphones,1,1/22/2019 10:49
146962,34in Ultrawide Monitor,1,1/22/2019 16:07
146963,AAA Batteries (4-pack),1,1/19/2019 13:50
146964,34in Ultrawide Monitor,1,1/30/2019 8:19
146965,USB-C Charging Cable,1,1/26/2019 17:56
146966,AA Batteries (4-pack),1,1/8/2019 21:12
146967,AA Batteries (4-pack),3,1/26/2019 18:53
146968,AA Batteries (4-pack),1,1/19/2019 19:31
146969,AA Batteries (4-pack),1,1/28/2019 17:43
146970,ThinkPad Laptop,1,1/17/2019 21:54
146971,USB-C Charging Cable,1,1/14/2019 8:50
146972,AA Batteries (4-pack),1,1/29/2019 11:37
146973,Wired Headphones,1,1/9/2019 22:08
146974,Flatscreen TV,1,1/12/2019 13:28
146975,Bose SoundSport Headphones,1,1/8/2019 21:31
146975,Wired Headphones,1,1/8/2019 21:31
146976,Flatscreen TV,1,1/23/2019 19:42
146977,Lightning Charging Cable,1,1/28/2019 15:08
146978,AA Batteries (4-pack),1,1/19/2019 17:11
146979,USB-C Charging Cable,1,1/23/2019 0:54
146980,20in Monitor,1,1/26/2019 13:55
146981,Wired Headphones,1,1/3/2019 6:18
146982,Google Phone,1,1/15/2019 18:52
146982,USB-C Charging Cable,1,1/15/2019 18:52
146983,USB-C Charging Cable,1,1/11/2019 8:34
146984,Apple Airpods Headphones,1,1/21/2019 8:44
146985,AAA Batteries (4-pack),1,1/4/2019 14:02
146986,27in FHD Monitor,1,1/7/2019 12:06
146987,Google Phone,1,1/10/2019 17:19
146988,27in 4K Gaming Monitor,1,1/12/2019 22:24
146989,USB-C Charging Cable,1,1/1/2019 21:52
146990,iPhone,1,1/21/2019 15:45
146991,Wired Headphones,1,1/27/2019 12:58
146992,Apple Airpods Headphones,1,1/12/2019 14:58
146993,Bose SoundSport Headphones,1,1/29/2019 23:13
146994,USB-C Charging Cable,1,1/3/2019 20:32
146995,AA Batteries (4-pack),1,1/26/2019 16:18
146996,Wired Headphones,1,1/19/2019 19:57
146997,iPhone,1,1/23/2019 18:03
,,,
146998,Wired Headphones,1,1/20/2019 21:10
146999,AAA Batteries (4-pack),1,1/24/2019 23:28
147000,USB-C Charging Cable,1,1/17/2019 18:57
147001,Lightning Charging Cable,1,1/31/2019 15:34
147002,34in Ultrawide Monitor,1,1/19/2019 8:29
147002,AA Batteries (4-pack),3,1/19/2019 8:29
147003,27in FHD Monitor,1,1/19/2019 20:52
147004,Lightning Charging Cable,1,1/11/2019 8:54
147005,USB-C Charging Cable,2,1/2/2019 17:46
147006,AAA Batteries (4-pack),1,1/10/2019 11:59
147007,LG Dryer,1,1/7/2019 16:49
147008,AAA Batteries (4-pack),1,1/16/2019 16:03
147009,USB-C Charging Cable,1,1/8/2019 20:00
147010,Wired Headphones,2,1/5/2019 13:50
147011,Apple Airpods Headphones,1,1/12/2019 1:21
147012,Vareebadd Phone,1,1/23/2019 0:48
147013,AAA Batteries (4-pack),1,1/1/2019 11:07
147014,AAA Batteries (4-pack),2,1/15/2019 20:48
147015,Vareebadd Phone,1,1/27/2019 21:41
147016,AAA Batteries (4-pack),1,1/25/2019 16:26
147017,Flatscreen TV,1,1/31/2019 23:08
147017,Wired Headphones,1,1/31/2019 23:08
147018,Wired Headphones,2,1/31/2019 20:00
147019,Bose SoundSport Headphones,1,1/1/2019 22:51
147020,Flatscreen TV,1,1/22/2019 21:41
147021,AAA Batteries (4-pack),1,1/22/2019 9:19
147022,Lightning Charging Cable,3,1/27/2019 0:12
147023,Apple Airpods Headphones,1,1/21/2019 19:34
147024,27in 4K Gaming Monitor,1,1/5/2019 20:44
147025,27in FHD Monitor,1,1/27/2019 9:19
147026,ThinkPad Laptop,1,1/4/2019 13:04
147027,Bose SoundSport Headphones,1,1/4/2019 13:55
147028,ThinkPad Laptop,1,1/6/2019 13:30
147029,Google Phone,1,1/10/2019 17:03
147030,Apple Airpods Headphones,1,1/14/2019 5:29
147031,27in FHD Monitor,1,1/22/2019 17:24
147031,AAA Batteries (4-pack),1,1/22/2019 17:24
147032,Wired Headphones,1,1/14/2019 20:35
147032,Lightning Charging Cable,1,1/14/2019 20:35
147033,USB-C Charging Cable,2,1/24/2019 13:45
147034,AAA Batteries (4-pack),2,1/9/2019 0:17
147035,34in Ultrawide Monitor,1,1/21/2019 22:15
147036,Bose SoundSport Headphones,1,1/27/2019 19:15
147037,AA Batteries (4-pack),2,1/10/2019 23:02
147038,AAA Batteries (4-pack),1,1/24/2019 18:25
147039,Lightning Charging Cable,1,1/13/2019 20:52
147040,Lightning Charging Cable,1,1/30/2019 22:24
147041,USB-C Charging Cable,1,1/29/2019 7:57
147042,AAA Batteries (4-pack),1,1/22/2019 9:31
147043,Wired Headphones,1,1/28/2019 6:56
147044,20in Monitor,1,1/24/2019 13:58
147045,Flatscreen TV,1,1/1/2019 14:20
147046,AAA Batteries (4-pack),1,1/12/2019 16:12
147047,AA Batteries (4-pack),1,1/7/2019 14:01
147048,Lightning Charging Cable,1,1/18/2019 14:12
147049,Wired Headphones,1,1/24/2019 8:37
147050,Bose SoundSport Headphones,1,1/17/2019 11:28
147051,Bose SoundSport Headphones,1,1/30/2019 14:32
147052,Wired Headphones,1,1/7/2019 15:30
147053,Bose SoundSport Headphones,1,1/2/2019 9:54
147054,Apple Airpods Headphones,1,1/16/2019 7:58
147055,Bose SoundSport Headphones,1,1/2/2019 14:06
147056,LG Dryer,1,1/14/2019 23:13
147057,AAA Batteries (4-pack),1,1/27/2019 17:37
147058,Wired Headphones,1,1/27/2019 0:48
147059,AAA Batteries (4-pack),1,1/22/2019 15:36
147060,Vareebadd Phone,1,1/13/2019 7:02
147061,27in 4K Gaming Monitor,1,1/10/2019 18:44
147062,Lightning Charging Cable,1,1/24/2019 17:28
147063,Flatscreen TV,1,1/26/2019 21:28
147064,USB-C Charging Cable,1,1/14/2019 17:02
147065,Bose SoundSport Headphones,1,1/20/2019 18:35
147066,Wired Headphones,1,1/13/2019 23:02
147067,AA Batteries (4-pack),1,1/23/2019 17:10
147068,Lightning Charging Cable,1,1/30/2019 19:53
147069,Google Phone,1,1/18/2019 18:50
147070,USB-C Charging Cable,1,1/10/2019 9:23
147071,Macbook Pro Laptop,1,1/30/2019 19:03
147072,Bose SoundSport Headphones,1,1/7/2019 6:07
147073,Flatscreen TV,1,1/19/2019 11:21
147074,USB-C Charging Cable,1,1/23/2019 19:42
147075,34in Ultrawide Monitor,1,1/11/2019 11:45
147076,AAA Batteries (4-pack),1,1/9/2019 21:54
147077,AAA Batteries (4-pack),1,1/19/2019 0:18
147078,Bose SoundSport Headphones,1,1/13/2019 16:19
147079,Google Phone,1,1/29/2019 11:06
147080,Macbook Pro Laptop,1,1/25/2019 10:10
147081,Lightning Charging Cable,1,1/21/2019 15:36
147082,Lightning Charging Cable,1,1/28/2019 0:52
147083,iPhone,1,1/8/2019 13:16
147083,Apple Airpods Headphones,1,1/8/2019 13:16
147084,iPhone,1,1/16/2019 11:44
147085,Macbook Pro Laptop,1,1/23/2019 7:44
147086,Lightning Charging Cable,1,1/28/2019 13:36
147087,USB-C Charging Cable,1,1/12/2019 19:08
147088,Wired Headphones,1,1/28/2019 18:14
147089,Google Phone,1,1/28/2019 11:19
147090,AA Batteries (4-pack),3,1/30/2019 18:26
147091,Flatscreen TV,1,1/21/2019 9:03
147092,Wired Headphones,2,1/8/2019 12:53
147093,USB-C Charging Cable,1,1/24/2019 13:27
147094,Flatscreen TV,1,1/5/2019 0:58
147095,AAA Batteries (4-pack),2,1/1/2019 14:17
147096,iPhone,1,1/25/2019 21:28
147096,Wired Headphones,1,1/25/2019 21:28
147097,Bose SoundSport Headphones,1,1/26/2019 16:31
147098,Flatscreen TV,1,1/20/2019 21:51
147099,USB-C Charging Cable,1,1/27/2019 9:44
147100,Apple Airpods Headphones,1,1/28/2019 10:39
147101,Wired Headphones,3,1/26/2019 10:08
147102,Lightning Charging Cable,1,1/1/2019 16:59
147103,Lightning Charging Cable,1,1/28/2019 6:41
147104,34in Ultrawide Monitor,1,1/25/2019 9:51
147105,ThinkPad Laptop,1,1/2/2019 15:47
147106,AA Batteries (4-pack),2,1/28/2019 17:20
147107,Wired Headphones,1,1/19/2019 21:51
147108,AA Batteries (4-pack),2,1/31/2019 15:39
147109,Apple Airpods Headphones,1,1/11/2019 11:21
147110,iPhone,1,1/3/2019 19:50
147111,Wired Headphones,1,1/5/2019 21:40
147112,27in 4K Gaming Monitor,1,1/31/2019 16:43
147113,34in Ultrawide Monitor,1,1/11/2019 18:10
147114,iPhone,1,1/7/2019 22:29
147114,Lightning Charging Cable,1,1/7/2019 22:29
147115,Apple Airpods Headphones,1,1/5/2019 15:17
147116,Lightning Charging Cable,1,1/26/2019 15:53
147117,Lightning Charging Cable,1,1/28/2019 13:21
147118,USB-C Charging Cable,2,1/27/2019 9:36
147119,Lightning Charging Cable,1,1/25/2019 8:28
147120,AAA Batteries (4-pack),1,1/27/2019 21:51
147121,Lightning Charging Cable,1,1/20/2019 13:48
147122,Apple Airpods Headphones,1,1/28/2019 16:30
147123,Apple Airpods Headphones,1,1/22/2019 11:29
147124,USB-C Charging Cable,1,1/10/2019 20:10
147125,Lightning Charging Cable,1,1/28/2019 10:48
147126,AAA Batteries (4-pack),2,1/15/2019 15:02
147127,USB-C Charging Cable,1,1/14/2019 13:04
147128,Google Phone,1,1/21/2019 16:03
147128,Wired Headphones,1,1/21/2019 16:03
147129,Lightning Charging Cable,1,1/20/2019 18:31
147130,27in FHD Monitor,1,1/30/2019 21:26
147131,Google Phone,1,1/12/2019 10:00
147131,Wired Headphones,1,1/12/2019 10:00
147132,AA Batteries (4-pack),2,1/19/2019 12:54
147133,AAA Batteries (4-pack),1,1/1/2019 19:30
147134,Bose SoundSport Headphones,1,1/13/2019 20:45
147135,27in 4K Gaming Monitor,1,1/28/2019 21:31
147136,Wired Headphones,1,1/13/2019 22:28
147137,AA Batteries (4-pack),1,1/25/2019 9:08
147138,Bose SoundSport Headphones,1,1/14/2019 11:19
147139,Wired Headphones,1,1/15/2019 18:38
147139,Apple Airpods Headphones,2,1/15/2019 18:38
147140,USB-C Charging Cable,1,1/8/2019 12:54
147141,AA Batteries (4-pack),1,1/10/2019 9:26
147142,USB-C Charging Cable,1,1/7/2019 21:46
147143,Lightning Charging Cable,3,1/10/2019 10:42
147144,Lightning Charging Cable,1,1/21/2019 11:18
147145,USB-C Charging Cable,1,1/4/2019 19:49
147146,AAA Batteries (4-pack),1,1/7/2019 18:19
147147,27in 4K Gaming Monitor,1,1/9/2019 16:08
147148,AA Batteries (4-pack),3,1/27/2019 0:53
147149,Macbook Pro Laptop,1,1/20/2019 14:47
147150,iPhone,1,1/13/2019 12:46
147151,27in FHD Monitor,1,1/2/2019 22:08
147152,AAA Batteries (4-pack),1,1/16/2019 8:57
147153,34in Ultrawide Monitor,1,1/5/2019 18:51
147154,Flatscreen TV,1,1/5/2019 22:27
147155,Apple Airpods Headphones,1,1/12/2019 19:44
147156,AAA Batteries (4-pack),1,1/16/2019 10:29
147157,Apple Airpods Headphones,1,1/22/2019 10:32
147158,Wired Headphones,1,1/19/2019 14:55
147159,ThinkPad Laptop,1,1/16/2019 15:28
147160,AA Batteries (4-pack),1,1/27/2019 19:43
147161,27in 4K Gaming Monitor,1,1/3/2019 23:55
147162,Lightning Charging Cable,1,1/29/2019 21:29
147163,USB-C Charging Cable,2,1/29/2019 15:08
147164,USB-C Charging Cable,1,1/3/2019 11:14
147165,AAA Batteries (4-pack),2,1/30/2019 15:09
147166,27in FHD Monitor,1,1/30/2019 15:30
147167,Wired Headphones,1,1/5/2019 21:27
147168,Lightning Charging Cable,1,1/21/2019 9:41
147169,Bose SoundSport Headphones,1,1/15/2019 20:32
147170,Flatscreen TV,1,1/24/2019 11:24
147171,AA Batteries (4-pack),1,1/13/2019 18:35
147172,Lightning Charging Cable,1,1/9/2019 10:16
147173,AA Batteries (4-pack),1,1/27/2019 17:47
147174,USB-C Charging Cable,1,1/4/2019 10:46
147175,AAA Batteries (4-pack),2,1/14/2019 17:36
147176,20in Monitor,1,1/7/2019 8:51
147177,Apple Airpods Headphones,1,1/13/2019 16:32
147178,Apple Airpods Headphones,1,1/20/2019 21:35
147179,Lightning Charging Cable,1,1/25/2019 7:45
147179,AA Batteries (4-pack),2,1/25/2019 7:45
147180,AA Batteries (4-pack),1,1/27/2019 10:38
147181,USB-C Charging Cable,1,1/2/2019 14:40
147182,AAA Batteries (4-pack),1,1/7/2019 3:41
147183,Apple Airpods Headphones,1,1/28/2019 21:18
147184,AAA Batteries (4-pack),1,1/8/2019 22:29
147185,iPhone,1,1/18/2019 14:53
147186,Apple Airpods Headphones,1,1/23/2019 6:02
147187,AAA Batteries (4-pack),3,1/26/2019 13:44
147188,34in Ultrawide Monitor,1,1/15/2019 15:52
147189,AA Batteries (4-pack),1,1/11/2019 8:52
147190,AA Batteries (4-pack),1,1/31/2019 18:23
147191,Lightning Charging Cable,1,1/4/2019 10:40
147191,Google Phone,1,1/4/2019 10:40
147192,USB-C Charging Cable,1,1/15/2019 15:37
147193,USB-C Charging Cable,1,1/5/2019 21:36
147194,Lightning Charging Cable,1,1/18/2019 21:57
147195,AA Batteries (4-pack),1,1/29/2019 20:23
147196,AAA Batteries (4-pack),5,1/25/2019 10:53
147197,34in Ultrawide Monitor,1,1/11/2019 8:18
147198,Google Phone,1,1/1/2019 14:12
147198,USB-C Charging Cable,1,1/1/2019 14:12
147199,AAA Batteries (4-pack),4,1/23/2019 14:48
147200,Lightning Charging Cable,1,1/24/2019 12:19
147201,iPhone,1,1/2/2019 13:37
147202,USB-C Charging Cable,1,1/23/2019 9:58
147203,Bose SoundSport Headphones,1,1/24/2019 18:24
147204,Apple Airpods Headphones,1,1/18/2019 15:32
147205,34in Ultrawide Monitor,1,1/30/2019 7:56
147206,AA Batteries (4-pack),1,1/2/2019 15:14
147207,ThinkPad Laptop,1,1/6/2019 11:02
147208,34in Ultrawide Monitor,1,1/11/2019 18:19
147209,Wired Headphones,1,1/5/2019 20:25
147210,34in Ultrawide Monitor,1,1/11/2019 11:38
147211,Wired Headphones,1,1/7/2019 16:30
147212,Bose SoundSport Headphones,1,1/30/2019 12:21
147213,27in FHD Monitor,1,1/1/2019 23:17
147214,AAA Batteries (4-pack),2,1/24/2019 13:26
147215,AA Batteries (4-pack),1,1/18/2019 22:03
147216,USB-C Charging Cable,1,1/9/2019 21:24
147216,20in Monitor,1,1/9/2019 21:24
147217,27in FHD Monitor,1,1/13/2019 13:02
147218,Lightning Charging Cable,1,1/13/2019 20:03
147219,USB-C Charging Cable,1,1/9/2019 11:40
147220,Wired Headphones,1,1/1/2019 14:30
147221,Wired Headphones,1,1/27/2019 11:08
147222,AA Batteries (4-pack),1,1/6/2019 8:52
147223,USB-C Charging Cable,1,1/8/2019 15:30
147224,AAA Batteries (4-pack),1,1/10/2019 18:39
147225,AAA Batteries (4-pack),2,1/12/2019 15:14
147226,Apple Airpods Headphones,1,1/5/2019 9:50
147227,Apple Airpods Headphones,1,1/26/2019 23:14
147228,27in FHD Monitor,1,1/19/2019 20:16
147229,USB-C Charging Cable,1,1/12/2019 14:20
147230,Bose SoundSport Headphones,1,1/5/2019 16:00
147231,Lightning Charging Cable,1,1/24/2019 21:02
147232,Flatscreen TV,1,1/27/2019 20:11
147233,27in FHD Monitor,1,1/20/2019 2:39
147234,Apple Airpods Headphones,1,1/15/2019 15:52
147235,AAA Batteries (4-pack),1,1/31/2019 8:40
147236,AAA Batteries (4-pack),4,1/29/2019 20:28
147237,AA Batteries (4-pack),2,1/30/2019 1:06
147238,Wired Headphones,1,1/19/2019 17:01
147239,USB-C Charging Cable,1,1/30/2019 20:32
147240,Wired Headphones,1,1/22/2019 20:25
147241,Google Phone,1,1/9/2019 21:30
147241,USB-C Charging Cable,1,1/9/2019 21:30
147242,Wired Headphones,1,1/22/2019 17:03
147243,Google Phone,1,1/6/2019 18:34
147244,ThinkPad Laptop,1,1/4/2019 9:20
147245,Flatscreen TV,1,1/14/2019 12:33
147246,AAA Batteries (4-pack),3,1/29/2019 18:49
147247,Google Phone,1,1/24/2019 22:43
147247,USB-C Charging Cable,1,1/24/2019 22:43
147248,Flatscreen TV,1,1/14/2019 12:35
147249,34in Ultrawide Monitor,1,1/19/2019 11:33
147250,ThinkPad Laptop,1,1/5/2019 18:15
147251,27in 4K Gaming Monitor,1,1/2/2019 10:22
147252,USB-C Charging Cable,1,1/10/2019 8:37
147252,27in 4K Gaming Monitor,1,1/10/2019 8:37
147253,AA Batteries (4-pack),1,1/6/2019 16:01
147254,Macbook Pro Laptop,1,1/30/2019 15:07
147255,USB-C Charging Cable,2,1/31/2019 12:43
147256,AA Batteries (4-pack),1,1/27/2019 19:23
147257,Lightning Charging Cable,1,1/8/2019 12:26
147258,iPhone,1,1/13/2019 7:44
147259,AAA Batteries (4-pack),1,1/24/2019 21:32
147260,Wired Headphones,1,1/26/2019 19:15
147261,USB-C Charging Cable,1,1/17/2019 11:53
147262,USB-C Charging Cable,1,1/18/2019 16:29
147263,AA Batteries (4-pack),1,1/4/2019 14:00
147264,Wired Headphones,1,1/11/2019 17:39
147265,iPhone,1,1/25/2019 6:22
147266,AA Batteries (4-pack),1,1/14/2019 17:43
147267,Apple Airpods Headphones,1,1/4/2019 14:11
147268,Wired Headphones,1,1/1/2019 3:07
147269,AAA Batteries (4-pack),3,1/3/2019 16:27
147270,Lightning Charging Cable,1,1/19/2019 17:29
147271,AAA Batteries (4-pack),4,1/14/2019 22:44
147271,USB-C Charging Cable,2,1/14/2019 22:44
147272,USB-C Charging Cable,2,1/19/2019 20:07
147273,iPhone,1,1/3/2019 19:52
147274,Lightning Charging Cable,2,1/14/2019 16:38
147275,AA Batteries (4-pack),1,1/21/2019 19:54
147276,Lightning Charging Cable,1,1/20/2019 14:36
147277,AAA Batteries (4-pack),2,1/10/2019 15:34
147278,34in Ultrawide Monitor,1,1/27/2019 17:28
147279,Lightning Charging Cable,1,1/18/2019 10:21
147280,AAA Batteries (4-pack),1,1/9/2019 20:07
147281,Wired Headphones,1,1/29/2019 22:34
147282,AAA Batteries (4-pack),4,1/29/2019 0:06
147283,Flatscreen TV,1,1/29/2019 21:09
147284,AAA Batteries (4-pack),1,1/30/2019 11:41
147285,USB-C Charging Cable,2,1/30/2019 20:08
147286,Bose SoundSport Headphones,1,1/21/2019 19:24
147287,iPhone,1,1/6/2019 13:32
147288,27in 4K Gaming Monitor,1,1/28/2019 1:56
147289,iPhone,1,1/12/2019 18:47
147290,AAA Batteries (4-pack),1,1/9/2019 20:25
147291,Lightning Charging Cable,2,1/2/2019 16:35
147292,Flatscreen TV,1,1/15/2019 12:20
147293,AAA Batteries (4-pack),1,1/6/2019 22:04
147294,AA Batteries (4-pack),1,1/22/2019 11:00
147295,27in FHD Monitor,1,1/19/2019 19:31
147296,20in Monitor,1,1/3/2019 9:06
147297,AAA Batteries (4-pack),2,1/2/2019 7:47
147298,AA Batteries (4-pack),1,1/3/2019 0:09
147299,Bose SoundSport Headphones,1,1/2/2019 8:25
147300,AA Batteries (4-pack),2,1/24/2019 11:38
147301,Apple Airpods Headphones,1,1/10/2019 21:56
147302,AAA Batteries (4-pack),1,1/21/2019 12:16
147303,Wired Headphones,2,1/5/2019 9:26
147304,20in Monitor,1,1/11/2019 21:08
147305,Wired Headphones,1,1/5/2019 20:21
147306,Lightning Charging Cable,1,1/5/2019 22:46
147307,AAA Batteries (4-pack),1,1/12/2019 21:12
147308,USB-C Charging Cable,1,1/1/2019 11:36
147309,Macbook Pro Laptop,1,2/1/2019 1:01
147310,USB-C Charging Cable,1,1/27/2019 18:56
147311,Wired Headphones,1,1/16/2019 16:09
147312,AA Batteries (4-pack),1,1/18/2019 19:57
147313,27in 4K Gaming Monitor,1,1/2/2019 23:36
147314,Bose SoundSport Headphones,1,1/20/2019 12:57
147315,AAA Batteries (4-pack),1,1/17/2019 11:23
147316,AAA Batteries (4-pack),1,1/22/2019 15:48
147317,Apple Airpods Headphones,1,1/14/2019 12:36
147318,Google Phone,1,1/10/2019 18:47
147319,USB-C Charging Cable,1,1/22/2019 19:22
147320,USB-C Charging Cable,1,1/15/2019 6:30
147321,USB-C Charging Cable,1,1/12/2019 15:46
147322,Wired Headphones,1,1/30/2019 13:34
147323,AA Batteries (4-pack),1,1/5/2019 9:30
147324,27in FHD Monitor,1,1/31/2019 11:07
147325,USB-C Charging Cable,1,1/26/2019 10:02
147326,Lightning Charging Cable,1,1/28/2019 18:39
147327,USB-C Charging Cable,1,1/27/2019 6:38
147328,Bose SoundSport Headphones,1,1/10/2019 10:20
147329,Wired Headphones,1,1/11/2019 17:16
147330,AAA Batteries (4-pack),1,1/28/2019 14:14
147331,Lightning Charging Cable,1,1/8/2019 18:20
147332,Apple Airpods Headphones,1,1/29/2019 14:48
147333,Bose SoundSport Headphones,1,1/21/2019 19:28
147334,27in FHD Monitor,1,1/6/2019 10:42
147335,34in Ultrawide Monitor,1,1/5/2019 13:42
147336,Lightning Charging Cable,1,1/18/2019 15:14
147337,Wired Headphones,2,1/22/2019 23:44
147338,USB-C Charging Cable,1,1/15/2019 18:39
147339,USB-C Charging Cable,2,1/12/2019 9:44
147340,27in FHD Monitor,1,1/18/2019 19:55
147341,USB-C Charging Cable,1,1/25/2019 13:27
147342,AAA Batteries (4-pack),1,1/21/2019 15:43
147343,Apple Airpods Headphones,1,1/3/2019 10:44
147344,Lightning Charging Cable,1,1/15/2019 8:09
147345,20in Monitor,1,1/4/2019 14:42
147346,Wired Headphones,1,1/28/2019 10:31
147347,27in 4K Gaming Monitor,1,1/20/2019 22:28
147348,AA Batteries (4-pack),1,1/20/2019 8:26
147349,USB-C Charging Cable,1,1/14/2019 20:54
147350,AA Batteries (4-pack),1,1/11/2019 21:22
147351,Bose SoundSport Headphones,1,1/24/2019 23:26
147352,AA Batteries (4-pack),1,1/21/2019 19:57
147353,AA Batteries (4-pack),1,1/24/2019 18:57
147354,Lightning Charging Cable,1,1/15/2019 9:28
147355,USB-C Charging Cable,1,1/21/2019 21:27
147356,Lightning Charging Cable,1,1/16/2019 14:29
147357,AA Batteries (4-pack),1,1/17/2019 18:18
147358,Lightning Charging Cable,1,1/7/2019 16:44
147359,AA Batteries (4-pack),1,1/27/2019 18:37
147360,AAA Batteries (4-pack),1,1/13/2019 19:03
147361,AAA Batteries (4-pack),1,1/3/2019 14:56
147362,Bose SoundSport Headphones,1,1/26/2019 17:17
147363,Apple Airpods Headphones,1,1/22/2019 19:47
147364,iPhone,1,1/21/2019 18:40
147364,Wired Headphones,1,1/21/2019 18:40
147365,Google Phone,1,1/22/2019 13:16
147366,Wired Headphones,1,1/7/2019 22:15
147366,AA Batteries (4-pack),2,1/7/2019 22:15
147367,Google Phone,1,1/10/2019 19:41
147367,Wired Headphones,1,1/10/2019 19:41
147368,Lightning Charging Cable,1,1/17/2019 20:31
147369,27in 4K Gaming Monitor,1,1/8/2019 12:08
147370,AAA Batteries (4-pack),1,1/15/2019 6:11
147371,34in Ultrawide Monitor,1,1/11/2019 8:30
147372,Apple Airpods Headphones,1,1/30/2019 17:05
147373,27in 4K Gaming Monitor,1,1/18/2019 10:49
147374,AA Batteries (4-pack),1,1/14/2019 14:47
147375,AAA Batteries (4-pack),1,1/6/2019 9:00
147376,27in 4K Gaming Monitor,1,1/25/2019 19:39
147377,iPhone,1,1/19/2019 21:00
147378,Bose SoundSport Headphones,1,1/24/2019 13:05
147379,USB-C Charging Cable,1,1/17/2019 22:09
147380,Apple Airpods Headphones,1,1/19/2019 11:56
147381,Apple Airpods Headphones,1,1/27/2019 10:49
147382,LG Dryer,1,1/13/2019 10:58
147383,Lightning Charging Cable,1,1/14/2019 15:43
147384,AA Batteries (4-pack),1,1/24/2019 20:42
147385,Apple Airpods Headphones,1,1/20/2019 20:09
147386,USB-C Charging Cable,1,1/1/2019 11:44
147387,USB-C Charging Cable,1,1/24/2019 21:07
147388,AA Batteries (4-pack),1,1/20/2019 12:55
147389,Flatscreen TV,1,1/25/2019 12:22
147390,AA Batteries (4-pack),1,1/29/2019 12:01
147391,27in 4K Gaming Monitor,1,1/26/2019 18:00
147392,USB-C Charging Cable,1,1/8/2019 14:25
147393,USB-C Charging Cable,1,1/11/2019 18:58
147394,Wired Headphones,1,1/30/2019 18:13
147395,AA Batteries (4-pack),1,1/29/2019 16:33
147396,Lightning Charging Cable,3,1/16/2019 10:17
147397,Wired Headphones,1,1/14/2019 21:11
147398,Macbook Pro Laptop,1,1/21/2019 12:22
147399,Apple Airpods Headphones,1,1/3/2019 21:20
147400,27in 4K Gaming Monitor,1,1/21/2019 14:25
147401,Google Phone,1,1/20/2019 16:08
147402,Wired Headphones,1,1/4/2019 18:10
147403,Apple Airpods Headphones,1,1/8/2019 12:06
147404,ThinkPad Laptop,1,1/23/2019 10:04
147405,AA Batteries (4-pack),1,1/16/2019 8:43
147406,Bose SoundSport Headphones,1,1/24/2019 11:14
147407,Apple Airpods Headphones,1,1/29/2019 8:19
147408,Google Phone,1,1/22/2019 22:40
147409,AAA Batteries (4-pack),1,1/15/2019 18:08
147410,27in 4K Gaming Monitor,1,1/11/2019 0:29
147411,LG Washing Machine,1,1/7/2019 14:24
147412,AA Batteries (4-pack),2,1/2/2019 11:14
147413,Bose SoundSport Headphones,1,1/13/2019 11:27
147414,Lightning Charging Cable,1,1/1/2019 23:27
147415,Bose SoundSport Headphones,1,1/10/2019 14:42
147416,AA Batteries (4-pack),2,1/12/2019 19:36
147417,Bose SoundSport Headphones,1,1/20/2019 1:45
147418,ThinkPad Laptop,1,1/2/2019 14:04
147419,Google Phone,1,1/14/2019 10:43
147420,27in 4K Gaming Monitor,1,1/29/2019 11:35
147421,Wired Headphones,1,1/5/2019 13:13
147422,USB-C Charging Cable,1,1/25/2019 22:21
147423,AAA Batteries (4-pack),1,1/13/2019 12:32
,,,
147424,AAA Batteries (4-pack),1,1/1/2019 13:30
Order ID,Product,Quantity Ordered,Order Date
147425,iPhone,1,1/26/2019 19:47
147425,Lightning Charging Cable,1,1/26/2019 19:47
147426,Bose SoundSport Headphones,1,1/20/2019 16:09
147427,USB-C Charging Cable,1,1/20/2019 19:58
147428,Wired Headphones,1,1/14/2019 12:15
147429,Vareebadd Phone,1,1/13/2019 15:52
147430,Lightning Charging Cable,1,1/28/2019 11:38
147431,Apple Airpods Headphones,1,1/28/2019 23:22
147432,Wired Headphones,1,1/30/2019 17:58
147433,AAA Batteries (4-pack),1,1/13/2019 12:21
,,,
147434,Wired Headphones,1,1/13/2019 14:39
147435,Wired Headphones,2,1/1/2019 14:48
147436,Google Phone,1,1/4/2019 8:38
147437,Flatscreen TV,1,1/26/2019 19:12
147438,AAA Batteries (4-pack),1,1/18/2019 15:05
147439,Vareebadd Phone,1,1/3/2019 19:06
147439,USB-C Charging Cable,1,1/3/2019 19:06
147440,AAA Batteries (4-pack),1,1/18/2019 9:58
147441,USB-C Charging Cable,1,1/19/2019 14:24
147442,Bose SoundSport Headphones,1,1/13/2019 5:26
147443,AAA Batteries (4-pack),1,1/25/2019 10:17
147444,Vareebadd Phone,1,1/1/2019 22:37
147444,USB-C Charging Cable,1,1/1/2019 22:37
147445,Wired Headphones,1,1/21/2019 10:51
147446,Wired Headphones,1,1/18/2019 18:02
147447,AA Batteries (4-pack),1,1/21/2019 19:00
147448,Lightning Charging Cable,1,1/5/2019 11:49
147449,27in FHD Monitor,1,1/8/2019 12:21
147450,Apple Airpods Headphones,1,1/13/2019 12:04
147451,Google Phone,1,1/1/2019 12:57
147451,Wired Headphones,1,1/1/2019 12:57
147452,AAA Batteries (4-pack),1,1/12/2019 22:19
147453,AAA Batteries (4-pack),2,1/6/2019 23:09
147454,Lightning Charging Cable,1,1/2/2019 14:57
147455,ThinkPad Laptop,1,1/28/2019 18:54
147456,34in Ultrawide Monitor,1,1/27/2019 19:05
147457,Flatscreen TV,1,1/28/2019 18:22
147458,AAA Batteries (4-pack),1,1/10/2019 9:53
147459,Apple Airpods Headphones,1,1/8/2019 10:28
147460,Apple Airpods Headphones,1,1/25/2019 9:38
147461,AAA Batteries (4-pack),2,1/2/2019 13:40
147462,USB-C Charging Cable,1,1/1/2019 14:07
147463,Vareebadd Phone,1,1/30/2019 18:54
147463,USB-C Charging Cable,1,1/30/2019 18:54
147464,iPhone,1,1/29/2019 18:44
147464,Lightning Charging Cable,1,1/29/2019 18:44
147465,ThinkPad Laptop,1,1/2/2019 18:11
147466,Wired Headphones,1,1/29/2019 19:59
147467,AA Batteries (4-pack),1,1/17/2019 19:30
147468,Lightning Charging Cable,1,1/29/2019 11:22
147469,AAA Batteries (4-pack),1,1/11/2019 18:14
147470,27in 4K Gaming Monitor,1,1/3/2019 8:29
147471,Wired Headphones,1,1/31/2019 12:28
147472,iPhone,1,1/5/2019 9:19
147473,27in FHD Monitor,1,1/4/2019 6:47
147474,Wired Headphones,1,1/1/2019 23:48
147475,Apple Airpods Headphones,1,1/22/2019 21:10
147476,AAA Batteries (4-pack),1,1/18/2019 11:44
147477,USB-C Charging Cable,1,1/6/2019 18:43
147478,AAA Batteries (4-pack),1,1/3/2019 22:20
147478,27in FHD Monitor,1,1/3/2019 22:20
147479,AA Batteries (4-pack),2,1/24/2019 17:02
147480,Lightning Charging Cable,1,1/10/2019 14:44
147481,AAA Batteries (4-pack),2,1/26/2019 4:37
147482,AA Batteries (4-pack),1,1/19/2019 19:12
147483,AAA Batteries (4-pack),1,1/3/2019 14:07
147484,Apple Airpods Headphones,1,1/2/2019 17:28
147485,Google Phone,1,1/21/2019 11:49
147486,34in Ultrawide Monitor,1,1/22/2019 17:07
147487,Apple Airpods Headphones,1,1/2/2019 13:59
147488,iPhone,1,1/27/2019 9:48
147489,USB-C Charging Cable,1,1/30/2019 17:50
147490,USB-C Charging Cable,1,1/6/2019 16:27
147491,USB-C Charging Cable,1,1/21/2019 18:07
147492,USB-C Charging Cable,1,1/24/2019 7:45
147493,Wired Headphones,1,1/5/2019 17:38
147494,Apple Airpods Headphones,1,1/29/2019 22:11
147495,Wired Headphones,1,1/8/2019 21:34
147496,AAA Batteries (4-pack),3,1/19/2019 15:14
147497,27in FHD Monitor,1,1/16/2019 12:08
147498,AA Batteries (4-pack),1,1/17/2019 22:04
147499,20in Monitor,1,1/9/2019 19:28
147500,Bose SoundSport Headphones,2,1/6/2019 12:55
147501,Wired Headphones,1,1/2/2019 19:32
147502,iPhone,1,1/24/2019 13:09
147503,Apple Airpods Headphones,1,1/31/2019 2:36
147504,USB-C Charging Cable,1,1/25/2019 11:39
147505,Lightning Charging Cable,1,1/4/2019 13:19
147506,AA Batteries (4-pack),1,1/15/2019 11:55
147507,Wired Headphones,1,1/5/2019 19:19
147508,Lightning Charging Cable,2,1/23/2019 10:33
147509,AAA Batteries (4-pack),1,1/2/2019 12:46
147510,27in 4K Gaming Monitor,1,1/11/2019 20:37
147511,AA Batteries (4-pack),2,1/7/2019 11:20
147512,Lightning Charging Cable,1,1/12/2019 0:28
147513,AA Batteries (4-pack),1,1/19/2019 21:22
147514,USB-C Charging Cable,1,1/22/2019 16:40
147515,Wired Headphones,1,1/13/2019 18:48
147516,Macbook Pro Laptop,1,1/20/2019 8:56
147517,AAA Batteries (4-pack),3,1/3/2019 19:07
147518,USB-C Charging Cable,1,1/26/2019 8:43
147519,AAA Batteries (4-pack),2,1/1/2019 9:18
147520,Vareebadd Phone,1,1/9/2019 22:19
147521,Apple Airpods Headphones,1,1/29/2019 17:25
147522,Lightning Charging Cable,1,1/30/2019 20:36
147523,Google Phone,1,1/19/2019 0:11
147523,USB-C Charging Cable,1,1/19/2019 0:11
147523,Wired Headphones,1,1/19/2019 0:11
147524,AAA Batteries (4-pack),1,1/7/2019 11:18
147525,Lightning Charging Cable,1,1/29/2019 12:07
147526,AA Batteries (4-pack),1,1/27/2019 6:14
147527,Bose SoundSport Headphones,1,1/20/2019 14:52
147528,Wired Headphones,1,1/20/2019 2:01
147529,AA Batteries (4-pack),2,1/8/2019 19:07
147530,Apple Airpods Headphones,1,1/12/2019 22:51
147531,AAA Batteries (4-pack),3,1/14/2019 2:20
147532,Apple Airpods Headphones,1,1/10/2019 20:55
147532,Flatscreen TV,1,1/10/2019 20:55
147533,Lightning Charging Cable,2,1/5/2019 14:41
147534,AA Batteries (4-pack),1,1/16/2019 1:51
147535,Google Phone,1,1/5/2019 4:11
147535,Wired Headphones,1,1/5/2019 4:11
147536,Flatscreen TV,1,1/17/2019 8:37
147537,Macbook Pro Laptop,1,1/17/2019 23:57
147538,20in Monitor,1,1/11/2019 16:22
147539,AA Batteries (4-pack),1,1/4/2019 16:52
147540,Bose SoundSport Headphones,1,1/26/2019 3:06
147541,Wired Headphones,2,1/3/2019 8:29
147542,Apple Airpods Headphones,1,1/2/2019 14:17
147543,AA Batteries (4-pack),2,1/21/2019 19:36
147544,Wired Headphones,1,1/24/2019 19:51
147545,AAA Batteries (4-pack),2,1/7/2019 14:42
147546,ThinkPad Laptop,1,1/26/2019 18:24
147547,AA Batteries (4-pack),1,1/6/2019 19:06
147548,AAA Batteries (4-pack),1,1/8/2019 9:05
147549,Bose SoundSport Headphones,1,1/4/2019 8:37
147550,USB-C Charging Cable,1,1/4/2019 19:25
147551,Apple Airpods Headphones,1,1/10/2019 9:43
147552,AA Batteries (4-pack),1,1/28/2019 8:52
147553,Flatscreen TV,1,1/10/2019 18:17
147554,Apple Airpods Headphones,1,1/15/2019 12:20
147555,USB-C Charging Cable,1,1/11/2019 16:50
147556,27in 4K Gaming Monitor,1,1/2/2019 8:05
147557,Apple Airpods Headphones,1,1/13/2019 17:54
147558,AAA Batteries (4-pack),1,1/27/2019 12:28
147559,AA Batteries (4-pack),1,1/8/2019 19:57
147560,AA Batteries (4-pack),1,1/19/2019 22:38
147561,Lightning Charging Cable,1,1/25/2019 19:03
147562,AAA Batteries (4-pack),1,1/6/2019 9:25
147563,34in Ultrawide Monitor,1,1/4/2019 15:41
147564,USB-C Charging Cable,1,1/22/2019 16:16
147565,Macbook Pro Laptop,1,1/11/2019 16:13
147566,AA Batteries (4-pack),2,1/20/2019 18:33
147567,AAA Batteries (4-pack),2,1/24/2019 11:56
147568,Apple Airpods Headphones,1,1/14/2019 3:33
147569,AAA Batteries (4-pack),1,1/24/2019 9:23
147570,Apple Airpods Headphones,1,1/15/2019 10:06
147571,Google Phone,1,1/27/2019 10:12
147571,USB-C Charging Cable,1,1/27/2019 10:12
147572,Apple Airpods Headphones,1,1/28/2019 21:58
147573,34in Ultrawide Monitor,1,1/4/2019 10:25
147574,Google Phone,1,1/1/2019 11:10
147575,ThinkPad Laptop,1,1/26/2019 10:16
147576,Apple Airpods Headphones,1,1/20/2019 21:56
147577,iPhone,1,1/17/2019 20:02
147578,Apple Airpods Headphones,1,1/29/2019 13:42
147579,27in FHD Monitor,1,1/2/2019 17:11
147580,USB-C Charging Cable,1,1/26/2019 11:33
147581,Wired Headphones,1,1/6/2019 11:19
147582,Apple Airpods Headphones,1,1/21/2019 18:38
147583,Apple Airpods Headphones,1,1/7/2019 20:33
147584,AAA Batteries (4-pack),1,1/10/2019 12:09
147585,20in Monitor,1,1/25/2019 18:38
147586,Lightning Charging Cable,1,1/15/2019 18:58
147587,27in 4K Gaming Monitor,1,1/7/2019 21:34
147588,Macbook Pro Laptop,1,1/4/2019 0:30
147589,ThinkPad Laptop,1,1/2/2019 12:14
147590,AA Batteries (4-pack),1,1/21/2019 15:52
147591,27in 4K Gaming Monitor,1,1/23/2019 13:05
147592,iPhone,1,1/1/2019 17:30
147593,Flatscreen TV,1,1/15/2019 12:17
147594,Lightning Charging Cable,1,1/4/2019 21:19
147595,Lightning Charging Cable,1,1/24/2019 20:32
147596,Google Phone,1,1/7/2019 23:34
147597,Lightning Charging Cable,1,1/22/2019 23:47
147598,27in FHD Monitor,1,1/4/2019 18:31
147599,AA Batteries (4-pack),1,1/10/2019 23:08
147600,Wired Headphones,1,1/7/2019 10:57
147601,AA Batteries (4-pack),1,1/23/2019 19:54
147602,iPhone,1,1/25/2019 21:13
147603,AA Batteries (4-pack),1,1/19/2019 11:41
147604,Google Phone,1,1/24/2019 0:16
147605,AA Batteries (4-pack),1,1/20/2019 16:26
147606,27in 4K Gaming Monitor,1,1/8/2019 7:05
147607,AA Batteries (4-pack),1,1/17/2019 15:56
147608,Wired Headphones,1,1/10/2019 16:06
147609,USB-C Charging Cable,1,1/19/2019 11:22
147610,Bose SoundSport Headphones,1,1/16/2019 9:58
147611,LG Dryer,1,1/23/2019 20:05
147612,LG Washing Machine,1,1/8/2019 17:38
147613,AA Batteries (4-pack),2,1/29/2019 15:29
147614,Apple Airpods Headphones,1,1/13/2019 9:51
147615,Apple Airpods Headphones,1,1/23/2019 17:09
147616,AAA Batteries (4-pack),1,1/7/2019 21:53
147617,USB-C Charging Cable,2,1/24/2019 10:09
147618,Flatscreen TV,1,1/12/2019 16:37
147619,AA Batteries (4-pack),1,1/1/2019 17:57
147620,Flatscreen TV,1,1/16/2019 16:01
147621,Wired Headphones,1,1/11/2019 22:09
147622,34in Ultrawide Monitor,1,1/10/2019 15:32
147623,27in FHD Monitor,1,1/16/2019 12:58
147624,iPhone,1,1/5/2019 12:56
147625,20in Monitor,1,1/20/2019 17:39
147626,AA Batteries (4-pack),1,1/6/2019 19:58
147627,iPhone,1,1/27/2019 18:43
147628,USB-C Charging Cable,2,1/25/2019 13:18
147629,USB-C Charging Cable,1,1/18/2019 12:46
147630,Lightning Charging Cable,1,1/23/2019 13:24
147631,Google Phone,1,1/1/2019 19:07
147632,Wired Headphones,1,1/31/2019 12:57
147633,34in Ultrawide Monitor,1,1/18/2019 13:25
147634,AA Batteries (4-pack),1,1/15/2019 21:07
147635,AA Batteries (4-pack),1,1/17/2019 17:58
147636,LG Dryer,1,1/15/2019 9:35
147637,34in Ultrawide Monitor,1,1/3/2019 8:40
147638,ThinkPad Laptop,1,1/17/2019 17:34
147639,34in Ultrawide Monitor,1,1/4/2019 22:22
147640,Macbook Pro Laptop,1,1/24/2019 16:44
147641,Lightning Charging Cable,1,1/4/2019 12:07
147642,34in Ultrawide Monitor,1,1/20/2019 12:15
147643,Lightning Charging Cable,3,1/31/2019 19:39
147644,Lightning Charging Cable,1,1/11/2019 13:01
147645,iPhone,1,1/30/2019 22:55
147645,Apple Airpods Headphones,1,1/30/2019 22:55
147645,Wired Headphones,1,1/30/2019 22:55
147646,34in Ultrawide Monitor,1,1/5/2019 11:29
147647,USB-C Charging Cable,1,1/18/2019 8:50
147648,USB-C Charging Cable,1,1/5/2019 7:46
147649,AA Batteries (4-pack),1,1/24/2019 22:15
147650,Apple Airpods Headphones,1,1/17/2019 14:10
147651,AAA Batteries (4-pack),1,1/11/2019 20:58
147652,USB-C Charging Cable,1,1/12/2019 0:16
147653,Apple Airpods Headphones,1,1/8/2019 11:16
147654,USB-C Charging Cable,1,1/10/2019 7:34
147655,AA Batteries (4-pack),3,1/23/2019 16:01
147656,AA Batteries (4-pack),1,1/25/2019 15:04
147657,ThinkPad Laptop,1,1/12/2019 19:30
147658,Lightning Charging Cable,1,1/17/2019 23:47
147659,Lightning Charging Cable,1,1/19/2019 13:24
147660,AAA Batteries (4-pack),3,1/26/2019 11:42
147661,Apple Airpods Headphones,1,1/3/2019 21:54
147662,Wired Headphones,1,1/5/2019 23:16
147663,Lightning Charging Cable,1,2/1/2019 0:33
147664,AAA Batteries (4-pack),4,1/27/2019 18:11
147664,34in Ultrawide Monitor,1,1/27/2019 18:11
147665,USB-C Charging Cable,2,1/13/2019 20:46
147666,Vareebadd Phone,1,1/19/2019 21:27
147667,Apple Airpods Headphones,1,1/29/2019 14:07
147668,AAA Batteries (4-pack),1,1/18/2019 13:45
147669,Apple Airpods Headphones,1,1/31/2019 15:48
147670,Lightning Charging Cable,1,1/4/2019 9:04
147671,Macbook Pro Laptop,1,1/13/2019 13:07
147672,ThinkPad Laptop,1,1/11/2019 9:00
147673,27in FHD Monitor,1,1/2/2019 23:53
147674,USB-C Charging Cable,1,1/26/2019 14:04
147675,Apple Airpods Headphones,1,1/26/2019 19:50
147676,AAA Batteries (4-pack),1,1/13/2019 22:50
147677,ThinkPad Laptop,1,1/6/2019 22:47
147678,Lightning Charging Cable,1,1/3/2019 11:29
147679,Lightning Charging Cable,1,1/31/2019 14:45
147680,Lightning Charging Cable,2,1/31/2019 18:08
147681,20in Monitor,1,1/5/2019 14:38
147682,LG Washing Machine,1,1/6/2019 11:12
147683,Macbook Pro Laptop,1,1/9/2019 1:25
147684,Lightning Charging Cable,1,1/3/2019 11:09
147685,AAA Batteries (4-pack),4,1/1/2019 17:04
147686,USB-C Charging Cable,1,1/20/2019 18:15
147687,Apple Airpods Headphones,1,1/15/2019 13:08
147688,Vareebadd Phone,1,1/17/2019 18:10
147688,USB-C Charging Cable,2,1/17/2019 18:10
147689,AA Batteries (4-pack),1,1/1/2019 18:09
147690,Apple Airpods Headphones,1,1/12/2019 18:45
147691,USB-C Charging Cable,1,1/26/2019 19:19
147692,Wired Headphones,1,1/5/2019 14:01
147693,27in FHD Monitor,1,1/24/2019 9:01
147694,Lightning Charging Cable,1,1/24/2019 10:10
147695,Wired Headphones,1,1/5/2019 16:57
147696,Lightning Charging Cable,1,1/22/2019 19:18
147697,Lightning Charging Cable,2,1/25/2019 9:28
147698,Apple Airpods Headphones,1,1/25/2019 0:39
147699,Google Phone,1,1/24/2019 15:54
147700,AA Batteries (4-pack),1,1/22/2019 18:09
147701,AA Batteries (4-pack),2,1/18/2019 14:51
147702,Bose SoundSport Headphones,1,1/19/2019 20:46
147703,Wired Headphones,1,1/20/2019 21:50
147704,AAA Batteries (4-pack),1,1/5/2019 10:17
147705,iPhone,1,1/31/2019 11:38
147706,USB-C Charging Cable,1,1/27/2019 10:44
147707,Wired Headphones,1,1/4/2019 16:50
147707,Wired Headphones,1,1/4/2019 16:50
147708,27in FHD Monitor,1,1/11/2019 14:32
147709,LG Washing Machine,1,1/1/2019 20:29
147710,Lightning Charging Cable,1,1/9/2019 15:10
147711,AA Batteries (4-pack),1,1/31/2019 14:19
147712,AAA Batteries (4-pack),5,1/12/2019 0:22
147713,Bose SoundSport Headphones,1,1/23/2019 22:11
147714,USB-C Charging Cable,1,1/25/2019 9:14
147715,Lightning Charging Cable,1,1/21/2019 6:46
147716,AA Batteries (4-pack),2,1/22/2019 13:45
147717,Wired Headphones,1,1/17/2019 12:11
147718,Lightning Charging Cable,1,1/31/2019 14:37
147719,AA Batteries (4-pack),2,1/21/2019 11:27
147720,27in 4K Gaming Monitor,1,1/23/2019 8:11
147721,20in Monitor,1,1/11/2019 16:25
147722,AAA Batteries (4-pack),2,1/3/2019 18:25
147723,AAA Batteries (4-pack),1,1/23/2019 10:07
147724,Wired Headphones,1,1/27/2019 14:25
147725,Macbook Pro Laptop,1,1/3/2019 19:32
147726,34in Ultrawide Monitor,1,1/1/2019 18:56
147727,Apple Airpods Headphones,1,1/28/2019 22:11
147728,AAA Batteries (4-pack),1,1/30/2019 11:23
147729,Wired Headphones,1,1/24/2019 12:09
147730,AAA Batteries (4-pack),3,1/24/2019 13:14
147731,Apple Airpods Headphones,1,1/14/2019 22:07
147732,Wired Headphones,1,1/28/2019 11:28
147733,Apple Airpods Headphones,1,1/14/2019 13:54
147734,Wired Headphones,1,1/15/2019 8:19
147735,Bose SoundSport Headphones,1,1/18/2019 15:43
147736,Lightning Charging Cable,1,1/3/2019 11:29
147737,AAA Batteries (4-pack),1,1/11/2019 19:59
147738,Macbook Pro Laptop,1,1/6/2019 20:13
147739,USB-C Charging Cable,1,1/5/2019 18:39
147740,AA Batteries (4-pack),1,1/30/2019 21:43
147741,AAA Batteries (4-pack),1,1/30/2019 13:37
147742,USB-C Charging Cable,1,1/25/2019 6:57
147743,ThinkPad Laptop,1,1/8/2019 19:13
147744,Bose SoundSport Headphones,1,1/1/2019 17:55
147745,Lightning Charging Cable,1,1/4/2019 13:31
147746,27in FHD Monitor,1,1/30/2019 13:32
147747,AA Batteries (4-pack),2,1/31/2019 10:18
147748,Lightning Charging Cable,1,1/14/2019 20:00
147749,AA Batteries (4-pack),1,1/22/2019 12:21
147750,34in Ultrawide Monitor,1,1/26/2019 12:18
147751,Wired Headphones,1,1/30/2019 18:34
147752,Apple Airpods Headphones,1,1/18/2019 19:48
147753,Vareebadd Phone,1,1/20/2019 16:57
147754,Wired Headphones,1,1/26/2019 17:41
147755,USB-C Charging Cable,1,1/20/2019 16:03
147756,Lightning Charging Cable,1,1/22/2019 16:57
147757,Wired Headphones,1,1/30/2019 5:11
147758,USB-C Charging Cable,1,1/1/2019 9:48
147759,Lightning Charging Cable,1,1/17/2019 9:04
147760,Apple Airpods Headphones,1,1/16/2019 13:16
147761,Lightning Charging Cable,2,1/3/2019 3:45
147762,USB-C Charging Cable,1,1/30/2019 10:18
147763,AAA Batteries (4-pack),1,1/1/2019 14:55
147764,Flatscreen TV,1,1/29/2019 14:52
147765,AAA Batteries (4-pack),1,1/28/2019 21:04
147766,Wired Headphones,1,1/15/2019 14:39
147767,Vareebadd Phone,1,1/15/2019 20:08
147768,Bose SoundSport Headphones,1,1/26/2019 17:43
147769,Bose SoundSport Headphones,1,1/16/2019 0:18
147770,Wired Headphones,1,1/13/2019 16:51
147771,Flatscreen TV,1,1/29/2019 23:30
147772,27in FHD Monitor,1,1/12/2019 16:37
147773,AAA Batteries (4-pack),1,1/31/2019 15:05
147774,Lightning Charging Cable,1,1/29/2019 21:01
147775,AAA Batteries (4-pack),1,1/6/2019 13:29
147776,Bose SoundSport Headphones,1,1/11/2019 15:06
147777,AA Batteries (4-pack),4,1/16/2019 18:30
147778,AA Batteries (4-pack),1,1/11/2019 21:28
147779,Wired Headphones,1,1/20/2019 17:48
147780,Wired Headphones,1,1/25/2019 13:12
147781,Bose SoundSport Headphones,1,1/14/2019 12:28
147782,AAA Batteries (4-pack),1,1/9/2019 11:45
147783,Bose SoundSport Headphones,1,1/2/2019 8:08
147784,AAA Batteries (4-pack),1,1/12/2019 16:20
147785,USB-C Charging Cable,1,1/26/2019 16:26
147786,Vareebadd Phone,1,1/20/2019 9:11
147786,USB-C Charging Cable,1,1/20/2019 9:11
147786,Wired Headphones,1,1/20/2019 9:11
147787,27in FHD Monitor,1,1/20/2019 2:24
147788,AAA Batteries (4-pack),2,1/12/2019 21:09
147789,USB-C Charging Cable,1,1/10/2019 13:21
147790,Wired Headphones,1,1/8/2019 8:44
147791,USB-C Charging Cable,1,1/18/2019 19:00
147792,USB-C Charging Cable,1,1/18/2019 23:58
147793,Wired Headphones,1,1/7/2019 17:09
147794,Google Phone,1,1/29/2019 13:02
147794,USB-C Charging Cable,1,1/29/2019 13:02
147795,Wired Headphones,1,1/3/2019 22:34
147796,AAA Batteries (4-pack),1,1/7/2019 21:26
147797,Bose SoundSport Headphones,1,1/5/2019 14:12
147798,Wired Headphones,1,1/10/2019 12:22
147799,AA Batteries (4-pack),1,1/16/2019 14:13
147800,USB-C Charging Cable,1,1/29/2019 16:22
147801,20in Monitor,1,1/24/2019 17:05
147802,AA Batteries (4-pack),1,1/3/2019 23:27
147803,27in FHD Monitor,1,1/5/2019 10:51
147804,Wired Headphones,1,1/24/2019 21:16
147805,Flatscreen TV,1,1/21/2019 15:32
147806,USB-C Charging Cable,1,1/4/2019 6:28
147807,27in 4K Gaming Monitor,1,1/12/2019 8:56
147808,Macbook Pro Laptop,1,1/19/2019 13:19
147809,Lightning Charging Cable,1,1/11/2019 13:21
147810,Google Phone,1,1/31/2019 16:12
147811,Google Phone,1,1/7/2019 10:07
147812,Apple Airpods Headphones,1,1/13/2019 17:55
147813,Lightning Charging Cable,1,1/7/2019 12:58
147814,Apple Airpods Headphones,1,1/25/2019 12:26
147815,27in 4K Gaming Monitor,1,1/4/2019 1:32
147816,Google Phone,1,1/11/2019 8:19
147816,USB-C Charging Cable,1,1/11/2019 8:19
147816,Bose SoundSport Headphones,1,1/11/2019 8:19
147817,AAA Batteries (4-pack),1,1/30/2019 0:06
147818,Wired Headphones,1,1/5/2019 19:56
147819,iPhone,1,1/23/2019 13:10
147820,USB-C Charging Cable,1,1/14/2019 18:14
147821,20in Monitor,1,1/23/2019 18:42
147822,Wired Headphones,1,1/23/2019 18:02
147823,Google Phone,1,1/2/2019 16:15
147824,Google Phone,1,1/27/2019 23:33
147825,Wired Headphones,1,1/13/2019 14:31
147826,AAA Batteries (4-pack),2,1/26/2019 21:08
147827,27in FHD Monitor,1,1/24/2019 12:17
147828,iPhone,1,1/12/2019 22:16
147829,Wired Headphones,1,1/10/2019 15:38
147830,AA Batteries (4-pack),3,1/30/2019 18:31
147831,Google Phone,1,1/11/2019 6:52
147831,USB-C Charging Cable,1,1/11/2019 6:52
147831,AA Batteries (4-pack),1,1/11/2019 6:52
147832,AAA Batteries (4-pack),2,1/23/2019 16:47
147833,AA Batteries (4-pack),1,1/16/2019 15:51
147834,Macbook Pro Laptop,1,1/4/2019 20:38
147835,Lightning Charging Cable,1,1/25/2019 15:29
147836,USB-C Charging Cable,1,1/11/2019 12:49
147837,27in 4K Gaming Monitor,1,1/24/2019 20:13
147838,Wired Headphones,1,1/6/2019 19:45
147839,34in Ultrawide Monitor,1,1/7/2019 9:40
147840,Lightning Charging Cable,1,1/8/2019 23:47
147841,AAA Batteries (4-pack),2,1/21/2019 23:42
147842,USB-C Charging Cable,1,1/20/2019 16:34
147843,Flatscreen TV,1,1/24/2019 11:12
147844,AA Batteries (4-pack),1,1/13/2019 15:56
147845,Apple Airpods Headphones,1,1/6/2019 18:52
147846,AA Batteries (4-pack),1,1/25/2019 13:00
147847,34in Ultrawide Monitor,1,1/21/2019 18:56
147848,Macbook Pro Laptop,1,1/15/2019 20:44
147849,iPhone,1,1/30/2019 11:26
147850,Bose SoundSport Headphones,1,1/2/2019 15:38
147851,ThinkPad Laptop,1,1/10/2019 10:56
147852,AAA Batteries (4-pack),1,1/27/2019 13:51
147853,AAA Batteries (4-pack),1,1/7/2019 10:49
147854,Apple Airpods Headphones,1,1/10/2019 9:33
147855,Wired Headphones,1,1/23/2019 12:27
147856,Wired Headphones,1,1/20/2019 8:55
147857,Bose SoundSport Headphones,1,1/18/2019 19:00
147858,Wired Headphones,1,1/18/2019 19:56
147859,AA Batteries (4-pack),3,1/26/2019 14:14
147860,27in 4K Gaming Monitor,1,1/30/2019 10:58
147861,Wired Headphones,1,1/9/2019 21:01
147862,AAA Batteries (4-pack),2,1/18/2019 21:21
147863,Wired Headphones,1,1/6/2019 20:43
147864,Wired Headphones,1,1/2/2019 21:33
147865,20in Monitor,1,1/14/2019 11:00
147866,AAA Batteries (4-pack),1,1/14/2019 13:20
147867,Wired Headphones,2,1/12/2019 9:04
147868,USB-C Charging Cable,1,1/18/2019 13:53
147869,AAA Batteries (4-pack),1,1/2/2019 17:07
147870,ThinkPad Laptop,1,1/31/2019 22:06
147871,AAA Batteries (4-pack),2,1/6/2019 1:58
147872,iPhone,1,1/13/2019 15:37
147872,Lightning Charging Cable,1,1/13/2019 15:37
147873,USB-C Charging Cable,1,1/28/2019 8:48
147874,34in Ultrawide Monitor,1,1/18/2019 1:59
147875,iPhone,1,1/3/2019 9:31
147876,Wired Headphones,1,1/6/2019 9:32
147877,AAA Batteries (4-pack),1,1/31/2019 0:54
147878,AA Batteries (4-pack),1,1/26/2019 21:30
147879,Bose SoundSport Headphones,1,1/26/2019 8:36
147880,Vareebadd Phone,1,1/26/2019 14:06
147881,ThinkPad Laptop,1,1/20/2019 21:34
147882,34in Ultrawide Monitor,1,1/7/2019 11:05
147883,Lightning Charging Cable,1,1/11/2019 20:26
147884,Macbook Pro Laptop,1,1/22/2019 10:13
147885,Lightning Charging Cable,1,1/11/2019 23:18
147886,27in FHD Monitor,1,1/18/2019 20:57
147887,27in FHD Monitor,1,1/2/2019 16:39
147888,Google Phone,1,1/5/2019 16:07
147889,Apple Airpods Headphones,1,1/27/2019 22:48
147890,AA Batteries (4-pack),2,1/19/2019 15:03
147891,AAA Batteries (4-pack),1,1/12/2019 17:27
147892,AAA Batteries (4-pack),2,1/14/2019 17:06
147893,27in 4K Gaming Monitor,1,1/2/2019 20:46
147894,Lightning Charging Cable,1,1/29/2019 18:44
147895,Flatscreen TV,1,1/19/2019 13:27
147896,AA Batteries (4-pack),1,1/8/2019 23:17
147897,Wired Headphones,1,1/26/2019 16:40
147898,USB-C Charging Cable,1,1/11/2019 13:36
147899,USB-C Charging Cable,1,1/28/2019 15:19
147900,USB-C Charging Cable,1,1/26/2019 18:38
147901,Wired Headphones,1,1/1/2019 22:45
147902,USB-C Charging Cable,1,1/8/2019 21:10
147903,Wired Headphones,1,1/14/2019 19:02
147904,Lightning Charging Cable,1,1/12/2019 17:14
147905,Lightning Charging Cable,1,1/16/2019 21:56
147906,Apple Airpods Headphones,1,1/24/2019 11:20
147907,Flatscreen TV,1,1/11/2019 14:00
147908,AA Batteries (4-pack),2,1/10/2019 20:16
147909,Apple Airpods Headphones,1,1/18/2019 20:00
147910,AA Batteries (4-pack),2,1/19/2019 10:30
147911,iPhone,1,1/23/2019 22:57
147911,Lightning Charging Cable,1,1/23/2019 22:57
147912,Apple Airpods Headphones,1,1/7/2019 9:28
147913,AAA Batteries (4-pack),2,1/16/2019 20:49
147914,USB-C Charging Cable,1,1/10/2019 9:43
147915,AA Batteries (4-pack),1,1/10/2019 18:45
147916,AA Batteries (4-pack),1,1/22/2019 20:22
147917,Wired Headphones,1,1/19/2019 14:22
147918,Bose SoundSport Headphones,1,1/30/2019 4:25
147919,AAA Batteries (4-pack),1,1/27/2019 19:43
147920,AA Batteries (4-pack),1,1/3/2019 11:51
147921,USB-C Charging Cable,1,1/23/2019 9:16
147922,Apple Airpods Headphones,1,1/2/2019 21:16
147923,27in FHD Monitor,1,1/7/2019 13:23
147924,Bose SoundSport Headphones,1,1/14/2019 10:01
147925,Apple Airpods Headphones,1,1/17/2019 17:57
147926,Lightning Charging Cable,1,1/11/2019 9:58
147927,ThinkPad Laptop,1,1/11/2019 1:36
147928,Lightning Charging Cable,1,1/18/2019 22:42
147929,Vareebadd Phone,1,1/21/2019 18:01
147930,Wired Headphones,1,1/28/2019 17:21
147931,Bose SoundSport Headphones,1,1/12/2019 14:28
147932,Macbook Pro Laptop,1,1/1/2019 12:59
147933,USB-C Charging Cable,2,1/12/2019 16:45
147934,Lightning Charging Cable,1,1/10/2019 9:07
147935,AAA Batteries (4-pack),2,1/9/2019 4:29
147936,AAA Batteries (4-pack),1,1/29/2019 11:01
147937,Wired Headphones,1,1/30/2019 11:27
147938,27in FHD Monitor,1,1/8/2019 0:15
147939,USB-C Charging Cable,1,1/11/2019 14:08
147940,27in FHD Monitor,1,1/17/2019 8:11
147941,Macbook Pro Laptop,1,1/24/2019 22:16
147942,AA Batteries (4-pack),1,1/27/2019 10:15
147943,Apple Airpods Headphones,1,1/20/2019 18:13
147943,Macbook Pro Laptop,1,1/20/2019 18:13
147944,Apple Airpods Headphones,1,1/19/2019 4:22
147945,Lightning Charging Cable,1,1/26/2019 19:24
147946,AAA Batteries (4-pack),1,1/11/2019 19:41
147947,iPhone,1,1/7/2019 14:46
147948,AA Batteries (4-pack),2,1/8/2019 23:50
147949,27in FHD Monitor,1,1/27/2019 20:17
147950,Apple Airpods Headphones,1,1/12/2019 15:47
147951,Lightning Charging Cable,1,1/31/2019 17:02
147952,Macbook Pro Laptop,1,1/29/2019 9:55
147953,Wired Headphones,1,1/21/2019 15:35
147954,Apple Airpods Headphones,1,1/3/2019 13:37
147955,AAA Batteries (4-pack),1,1/20/2019 16:52
147956,AAA Batteries (4-pack),2,1/19/2019 20:25
147957,USB-C Charging Cable,1,1/24/2019 11:25
147958,Lightning Charging Cable,1,1/16/2019 20:45
147959,Apple Airpods Headphones,1,1/22/2019 20:19
147960,AA Batteries (4-pack),1,1/8/2019 18:43
147961,27in 4K Gaming Monitor,1,1/18/2019 11:53
147962,AA Batteries (4-pack),1,1/22/2019 17:19
147963,Flatscreen TV,1,1/1/2019 11:00
147964,AA Batteries (4-pack),1,1/21/2019 21:00
147965,Lightning Charging Cable,1,1/19/2019 17:12
147966,Apple Airpods Headphones,1,1/17/2019 11:44
147967,Bose SoundSport Headphones,1,1/16/2019 17:41
147968,Flatscreen TV,1,1/7/2019 15:39
147969,Wired Headphones,1,1/23/2019 7:32
147970,Apple Airpods Headphones,1,1/16/2019 12:27
147971,Bose SoundSport Headphones,1,1/18/2019 13:41
147972,Wired Headphones,1,1/17/2019 9:26
147973,Apple Airpods Headphones,1,1/21/2019 11:41
147974,AAA Batteries (4-pack),1,1/5/2019 7:45
147975,LG Washing Machine,1,1/7/2019 21:30
147976,27in FHD Monitor,1,1/20/2019 23:04
147977,20in Monitor,1,1/6/2019 14:52
147978,27in 4K Gaming Monitor,1,1/2/2019 15:11
147979,Bose SoundSport Headphones,1,1/3/2019 22:50
147980,34in Ultrawide Monitor,1,1/1/2019 15:41
147981,Apple Airpods Headphones,1,1/24/2019 18:26
147982,Flatscreen TV,1,1/26/2019 2:02
147983,Apple Airpods Headphones,1,1/11/2019 11:58
147984,USB-C Charging Cable,1,1/13/2019 8:02
147985,27in FHD Monitor,1,1/23/2019 15:38
147986,Apple Airpods Headphones,1,1/25/2019 11:25
147987,AA Batteries (4-pack),1,1/5/2019 9:53
147988,Apple Airpods Headphones,1,1/17/2019 19:24
147989,Google Phone,1,1/22/2019 19:01
147989,USB-C Charging Cable,1,1/22/2019 19:01
147990,iPhone,1,1/31/2019 23:22
147991,Wired Headphones,1,1/22/2019 19:41
147992,Flatscreen TV,1,1/21/2019 18:31
147993,Bose SoundSport Headphones,1,1/11/2019 21:20
147994,27in 4K Gaming Monitor,1,1/16/2019 9:08
147995,AA Batteries (4-pack),1,1/29/2019 11:02
147996,Vareebadd Phone,1,1/6/2019 16:57
147997,Macbook Pro Laptop,1,1/21/2019 12:42
147998,Google Phone,1,1/20/2019 13:30
147999,iPhone,1,1/7/2019 21:19
148000,AA Batteries (4-pack),1,1/19/2019 13:14
148001,Lightning Charging Cable,1,1/28/2019 20:19
148002,USB-C Charging Cable,1,1/6/2019 12:02
148003,AAA Batteries (4-pack),1,1/30/2019 15:14
148004,20in Monitor,1,1/22/2019 12:50
148005,27in 4K Gaming Monitor,1,1/31/2019 16:27
148006,iPhone,1,1/5/2019 18:51
148007,USB-C Charging Cable,1,1/20/2019 5:12
148008,Wired Headphones,2,1/16/2019 11:03
148009,27in FHD Monitor,1,1/5/2019 9:39
148010,AAA Batteries (4-pack),1,1/30/2019 1:00
148011,USB-C Charging Cable,1,1/5/2019 14:17
148012,Wired Headphones,1,1/23/2019 9:46
148013,Wired Headphones,1,1/4/2019 21:19
148014,AA Batteries (4-pack),1,1/7/2019 12:41
148015,Apple Airpods Headphones,1,1/22/2019 19:53
148016,AAA Batteries (4-pack),1,1/1/2019 19:03
148017,ThinkPad Laptop,1,1/7/2019 14:01
148018,Macbook Pro Laptop,1,1/23/2019 18:19
148019,Wired Headphones,1,1/17/2019 17:35
148020,34in Ultrawide Monitor,1,1/5/2019 20:44
148021,USB-C Charging Cable,2,1/2/2019 1:08
148022,Lightning Charging Cable,1,1/13/2019 7:56
148023,USB-C Charging Cable,1,1/3/2019 18:24
148024,AAA Batteries (4-pack),1,1/12/2019 1:00
148025,AA Batteries (4-pack),2,1/26/2019 16:43
148026,Apple Airpods Headphones,1,1/4/2019 13:13
148027,USB-C Charging Cable,1,1/26/2019 20:40
148028,iPhone,1,1/15/2019 18:56
148028,Lightning Charging Cable,1,1/15/2019 18:56
148029,iPhone,1,1/25/2019 12:33
148029,Lightning Charging Cable,1,1/25/2019 12:33
148030,AA Batteries (4-pack),1,1/26/2019 17:00
148031,27in 4K Gaming Monitor,1,1/14/2019 8:36
148032,AA Batteries (4-pack),1,1/16/2019 23:52
148033,Lightning Charging Cable,1,1/6/2019 11:58
148034,AA Batteries (4-pack),1,1/25/2019 13:55
148035,Apple Airpods Headphones,1,1/28/2019 17:23
148036,27in FHD Monitor,1,1/23/2019 10:55
148037,27in FHD Monitor,1,1/4/2019 15:48
148038,iPhone,1,1/6/2019 10:51
148039,27in FHD Monitor,1,1/9/2019 21:08
148040,27in FHD Monitor,1,1/11/2019 11:36
148041,USB-C Charging Cable,1,1/1/2019 3:40
148042,USB-C Charging Cable,1,1/26/2019 8:10
148043,34in Ultrawide Monitor,1,1/1/2019 20:39
148044,Wired Headphones,1,1/11/2019 12:30
148045,USB-C Charging Cable,1,1/17/2019 11:47
148046,Macbook Pro Laptop,1,1/13/2019 23:32
148047,AAA Batteries (4-pack),1,1/7/2019 15:42
148048,USB-C Charging Cable,1,1/26/2019 18:16
148049,Flatscreen TV,1,1/17/2019 20:45
148050,Flatscreen TV,1,1/22/2019 12:15
148051,AAA Batteries (4-pack),1,1/14/2019 0:50
148052,Flatscreen TV,1,1/24/2019 19:36
148053,AAA Batteries (4-pack),1,1/6/2019 10:37
148054,USB-C Charging Cable,1,1/20/2019 14:39
148055,AA Batteries (4-pack),3,1/18/2019 8:12
148056,USB-C Charging Cable,1,1/27/2019 16:28
148057,Lightning Charging Cable,1,1/23/2019 16:24
148058,AAA Batteries (4-pack),1,1/17/2019 17:32
148059,USB-C Charging Cable,1,1/15/2019 16:24
148060,AAA Batteries (4-pack),1,1/1/2019 10:40
148061,USB-C Charging Cable,1,1/25/2019 22:09
148062,Google Phone,1,1/24/2019 6:44
148063,Apple Airpods Headphones,1,1/6/2019 11:41
148064,AAA Batteries (4-pack),1,1/16/2019 17:02
148065,AAA Batteries (4-pack),2,1/26/2019 0:27
148066,Apple Airpods Headphones,1,1/13/2019 16:53
148067,iPhone,1,1/2/2019 7:58
148067,Lightning Charging Cable,1,1/2/2019 7:58
148068,AA Batteries (4-pack),1,1/29/2019 20:09
148069,27in 4K Gaming Monitor,1,1/14/2019 6:41
148070,USB-C Charging Cable,1,1/20/2019 20:17
148071,20in Monitor,1,1/9/2019 18:19
148072,Flatscreen TV,1,1/1/2019 12:00
148073,34in Ultrawide Monitor,1,1/7/2019 11:52
148073,USB-C Charging Cable,1,1/7/2019 11:52
148074,Google Phone,1,1/1/2019 11:25
148074,USB-C Charging Cable,1,1/1/2019 11:25
148075,34in Ultrawide Monitor,1,1/3/2019 8:26
148076,27in 4K Gaming Monitor,1,1/19/2019 12:44
148077,Apple Airpods Headphones,1,1/30/2019 20:28
148078,Bose SoundSport Headphones,1,1/26/2019 20:47
148079,Bose SoundSport Headphones,1,1/9/2019 17:46
148080,Wired Headphones,1,1/24/2019 17:17
148081,Lightning Charging Cable,1,1/19/2019 9:38
148082,Flatscreen TV,1,1/3/2019 22:24
148083,Wired Headphones,1,1/1/2019 17:19
148084,27in 4K Gaming Monitor,1,1/24/2019 19:05
148085,USB-C Charging Cable,1,1/1/2019 14:31
148086,AA Batteries (4-pack),1,1/24/2019 6:52
148087,AA Batteries (4-pack),1,1/28/2019 12:23
148088,Wired Headphones,1,1/1/2019 7:37
148089,34in Ultrawide Monitor,1,1/31/2019 11:26
148090,USB-C Charging Cable,1,1/18/2019 14:07
148091,iPhone,1,1/2/2019 18:20
148092,AAA Batteries (4-pack),1,1/18/2019 3:27
148093,iPhone,1,1/30/2019 15:11
148094,Lightning Charging Cable,1,1/22/2019 12:15
148095,AAA Batteries (4-pack),1,1/30/2019 19:27
148096,Lightning Charging Cable,1,1/29/2019 20:18
148097,LG Washing Machine,1,1/18/2019 18:39
148098,AA Batteries (4-pack),2,1/20/2019 11:06
148099,27in 4K Gaming Monitor,1,1/17/2019 22:44
148100,Wired Headphones,1,1/2/2019 13:54
148101,Wired Headphones,1,1/26/2019 23:33
148102,Lightning Charging Cable,1,1/5/2019 19:32
148103,Lightning Charging Cable,1,1/24/2019 23:26
148104,Bose SoundSport Headphones,1,1/19/2019 0:09
148105,AAA Batteries (4-pack),2,1/25/2019 10:40
148106,Apple Airpods Headphones,1,1/11/2019 8:20
148107,Bose SoundSport Headphones,1,1/20/2019 4:42
148108,Apple Airpods Headphones,1,1/7/2019 22:23
148109,AAA Batteries (4-pack),1,1/18/2019 22:31
148110,USB-C Charging Cable,1,1/22/2019 8:48
148111,Bose SoundSport Headphones,1,1/6/2019 11:00
148112,Flatscreen TV,1,1/17/2019 19:38
148113,Wired Headphones,1,1/2/2019 9:20
148114,AAA Batteries (4-pack),2,1/24/2019 20:21
148115,Macbook Pro Laptop,1,1/4/2019 19:20
148116,27in FHD Monitor,1,1/18/2019 18:45
148117,Bose SoundSport Headphones,1,1/2/2019 13:12
148118,27in FHD Monitor,1,1/5/2019 21:26
148119,27in FHD Monitor,1,1/28/2019 6:35
148120,Lightning Charging Cable,1,1/29/2019 21:03
148121,AA Batteries (4-pack),4,1/26/2019 16:18
148122,Wired Headphones,2,1/25/2019 22:11
148123,AAA Batteries (4-pack),1,1/25/2019 15:58
148124,AA Batteries (4-pack),1,1/17/2019 12:40
148125,27in 4K Gaming Monitor,1,1/29/2019 23:21
148126,USB-C Charging Cable,3,1/21/2019 21:03
148127,34in Ultrawide Monitor,1,1/17/2019 10:29
148128,iPhone,1,1/25/2019 12:14
148129,Lightning Charging Cable,1,1/20/2019 11:11
148130,AAA Batteries (4-pack),3,1/1/2019 17:36
148131,Wired Headphones,1,1/28/2019 20:45
148132,AAA Batteries (4-pack),1,1/17/2019 18:30
148133,34in Ultrawide Monitor,1,1/1/2019 14:23
148134,USB-C Charging Cable,1,1/5/2019 18:10
148135,AA Batteries (4-pack),2,1/14/2019 11:51
148136,Bose SoundSport Headphones,1,1/13/2019 0:49
148137,Macbook Pro Laptop,1,1/29/2019 8:11
148138,Lightning Charging Cable,1,1/13/2019 17:07
148139,USB-C Charging Cable,1,1/10/2019 15:35
148140,USB-C Charging Cable,1,1/23/2019 18:39
148141,Flatscreen TV,1,1/6/2019 10:29
148142,Lightning Charging Cable,1,1/4/2019 13:41
148143,AA Batteries (4-pack),1,1/11/2019 16:13
148144,USB-C Charging Cable,1,1/20/2019 14:04
148145,AAA Batteries (4-pack),1,1/15/2019 0:30
148146,LG Washing Machine,1,1/30/2019 21:44
148147,AAA Batteries (4-pack),2,1/18/2019 0:10
148148,Lightning Charging Cable,1,1/11/2019 6:11
148149,USB-C Charging Cable,1,1/18/2019 20:46
148150,USB-C Charging Cable,1,1/10/2019 11:18
148151,Macbook Pro Laptop,1,1/23/2019 11:06
148152,AA Batteries (4-pack),1,1/24/2019 14:17
148153,AA Batteries (4-pack),1,1/26/2019 11:23
148154,AA Batteries (4-pack),1,1/31/2019 2:32
148154,Lightning Charging Cable,1,1/31/2019 2:32
148155,Apple Airpods Headphones,1,1/20/2019 18:58
148156,AA Batteries (4-pack),3,1/20/2019 6:15
148157,Bose SoundSport Headphones,1,1/12/2019 18:41
148158,AA Batteries (4-pack),1,1/19/2019 14:48
148159,AA Batteries (4-pack),1,1/4/2019 16:39
148160,Vareebadd Phone,1,1/2/2019 7:22
148161,Apple Airpods Headphones,1,1/5/2019 0:18
148162,Apple Airpods Headphones,1,1/13/2019 9:44
148163,Vareebadd Phone,1,1/18/2019 7:44
148164,27in FHD Monitor,1,1/23/2019 16:44
148165,Macbook Pro Laptop,1,1/3/2019 9:52
148166,AAA Batteries (4-pack),1,1/10/2019 21:58
148167,Lightning Charging Cable,1,1/22/2019 16:41
148168,Macbook Pro Laptop,1,1/16/2019 21:44
148169,AA Batteries (4-pack),1,1/25/2019 18:42
148170,Wired Headphones,1,1/3/2019 19:10
148171,ThinkPad Laptop,1,1/11/2019 21:08
148172,Apple Airpods Headphones,1,1/14/2019 10:52
148173,AA Batteries (4-pack),1,1/14/2019 12:49
148174,AAA Batteries (4-pack),2,1/10/2019 22:17
148175,Google Phone,1,1/6/2019 13:27
148175,USB-C Charging Cable,1,1/6/2019 13:27
148176,27in FHD Monitor,1,1/29/2019 14:22
148177,Wired Headphones,1,1/3/2019 22:38
148178,Google Phone,1,1/17/2019 10:08
148179,USB-C Charging Cable,1,1/18/2019 22:50
148180,Apple Airpods Headphones,1,1/19/2019 8:38
148181,Macbook Pro Laptop,1,1/4/2019 2:11
148182,Lightning Charging Cable,1,1/22/2019 20:26
148183,AAA Batteries (4-pack),1,1/30/2019 5:53
148184,Wired Headphones,1,1/8/2019 12:43
148185,Macbook Pro Laptop,1,1/31/2019 19:18
148186,Google Phone,1,1/2/2019 6:53
148187,Bose SoundSport Headphones,1,1/14/2019 15:07
148188,AAA Batteries (4-pack),1,1/10/2019 8:23
148189,USB-C Charging Cable,1,1/24/2019 9:51
148190,ThinkPad Laptop,1,1/10/2019 15:11
148191,AA Batteries (4-pack),1,1/15/2019 15:25
148192,Apple Airpods Headphones,1,1/24/2019 15:44
148193,34in Ultrawide Monitor,1,1/4/2019 18:33
148194,27in 4K Gaming Monitor,1,1/30/2019 12:56
148195,27in 4K Gaming Monitor,1,1/3/2019 14:29
148196,Wired Headphones,1,1/2/2019 19:05
148197,Lightning Charging Cable,1,1/9/2019 1:14
148198,AAA Batteries (4-pack),1,1/24/2019 21:29
148199,USB-C Charging Cable,1,1/15/2019 20:55
148200,27in 4K Gaming Monitor,1,1/23/2019 16:43
148201,AAA Batteries (4-pack),2,1/17/2019 21:51
148202,Apple Airpods Headphones,1,1/23/2019 9:53
148203,AA Batteries (4-pack),1,1/31/2019 13:28
148204,AA Batteries (4-pack),1,1/28/2019 22:23
148205,Bose SoundSport Headphones,1,1/10/2019 23:25
148206,Lightning Charging Cable,1,1/12/2019 11:30
148207,Lightning Charging Cable,1,1/26/2019 13:35
148208,Apple Airpods Headphones,1,1/8/2019 20:23
148209,Vareebadd Phone,1,1/31/2019 23:35
148209,USB-C Charging Cable,1,1/31/2019 23:35
148210,Bose SoundSport Headphones,1,1/13/2019 7:20
148211,Wired Headphones,1,1/31/2019 12:31
148212,27in FHD Monitor,1,1/18/2019 13:48
148213,Lightning Charging Cable,1,1/22/2019 12:32
148214,Google Phone,1,1/17/2019 9:33
148215,iPhone,1,1/2/2019 11:30
148216,Wired Headphones,2,1/8/2019 14:20
148217,Apple Airpods Headphones,1,1/27/2019 16:44
148218,Macbook Pro Laptop,1,1/21/2019 16:02
148219,USB-C Charging Cable,1,1/15/2019 19:42
148220,Lightning Charging Cable,1,1/30/2019 23:56
148221,Bose SoundSport Headphones,1,1/3/2019 8:22
148222,Apple Airpods Headphones,1,1/22/2019 8:16
148223,USB-C Charging Cable,1,1/12/2019 11:17
148224,Bose SoundSport Headphones,1,1/30/2019 13:23
148225,Google Phone,1,1/25/2019 14:30
148226,Apple Airpods Headphones,1,1/31/2019 13:33
148227,Wired Headphones,1,1/4/2019 17:11
148228,34in Ultrawide Monitor,1,1/26/2019 17:50
148229,Apple Airpods Headphones,1,1/3/2019 18:22
148230,USB-C Charging Cable,1,1/9/2019 4:34
148231,iPhone,1,1/15/2019 20:43
148232,Bose SoundSport Headphones,1,1/21/2019 12:42
148233,AA Batteries (4-pack),1,1/8/2019 17:59
148234,Wired Headphones,1,1/21/2019 18:16
148235,AAA Batteries (4-pack),1,1/23/2019 21:37
148236,Bose SoundSport Headphones,1,1/30/2019 19:06
148237,ThinkPad Laptop,1,1/14/2019 7:10
148238,AAA Batteries (4-pack),1,1/15/2019 14:49
148239,Macbook Pro Laptop,1,1/15/2019 21:20
148240,AAA Batteries (4-pack),1,1/20/2019 10:14
148241,Apple Airpods Headphones,1,1/17/2019 16:24
148242,AA Batteries (4-pack),1,1/13/2019 18:38
148243,AA Batteries (4-pack),1,1/18/2019 22:56
148244,Bose SoundSport Headphones,1,1/6/2019 11:06
148245,AA Batteries (4-pack),2,1/5/2019 20:26
148246,AA Batteries (4-pack),1,1/1/2019 22:29
148247,AA Batteries (4-pack),1,1/28/2019 19:28
148248,34in Ultrawide Monitor,1,1/26/2019 12:09
148249,34in Ultrawide Monitor,1,1/29/2019 13:28
148250,Bose SoundSport Headphones,1,1/16/2019 18:09
148251,27in FHD Monitor,1,1/24/2019 19:33
148252,Wired Headphones,1,1/5/2019 23:57
148253,USB-C Charging Cable,1,1/11/2019 16:12
148254,Google Phone,1,1/22/2019 11:59
148254,USB-C Charging Cable,1,1/22/2019 11:59
148255,Lightning Charging Cable,1,1/18/2019 22:23
148256,AA Batteries (4-pack),1,1/31/2019 16:30
148257,Lightning Charging Cable,1,1/10/2019 16:59
148258,Google Phone,1,1/21/2019 16:25
148259,AAA Batteries (4-pack),1,1/24/2019 16:41
148260,27in FHD Monitor,1,1/6/2019 16:45
148261,AAA Batteries (4-pack),1,1/24/2019 10:21
148262,USB-C Charging Cable,1,1/30/2019 20:59
148263,AAA Batteries (4-pack),1,1/14/2019 18:43
148264,AAA Batteries (4-pack),1,1/2/2019 16:46
148265,Bose SoundSport Headphones,1,1/13/2019 13:16
148266,Apple Airpods Headphones,1,1/24/2019 15:12
148267,Lightning Charging Cable,1,1/24/2019 7:25
148268,34in Ultrawide Monitor,1,1/28/2019 21:20
148269,Apple Airpods Headphones,1,1/10/2019 21:14
148270,Lightning Charging Cable,1,1/31/2019 11:06
148271,AAA Batteries (4-pack),1,1/7/2019 12:04
148272,LG Washing Machine,1,1/13/2019 12:43
148273,34in Ultrawide Monitor,1,1/15/2019 13:57
148274,Lightning Charging Cable,1,1/13/2019 22:41
148275,Lightning Charging Cable,1,1/2/2019 12:12
148275,20in Monitor,1,1/2/2019 12:12
148276,Google Phone,1,1/23/2019 10:15
148277,Lightning Charging Cable,1,1/22/2019 16:00
148278,AAA Batteries (4-pack),2,1/18/2019 12:36
148279,Apple Airpods Headphones,1,1/29/2019 11:31
148280,USB-C Charging Cable,1,1/17/2019 12:59
148281,ThinkPad Laptop,1,1/26/2019 20:38
148282,Google Phone,1,1/13/2019 11:52
148283,Wired Headphones,1,1/9/2019 18:48
148284,Lightning Charging Cable,1,1/8/2019 8:27
148285,AA Batteries (4-pack),2,1/21/2019 8:11
148286,34in Ultrawide Monitor,1,1/17/2019 18:41
148287,Lightning Charging Cable,1,1/1/2019 13:47
148288,AAA Batteries (4-pack),1,1/13/2019 19:49
148289,Wired Headphones,1,1/13/2019 12:25
148290,Apple Airpods Headphones,1,1/13/2019 9:45
148291,27in 4K Gaming Monitor,1,1/21/2019 18:29
148292,Wired Headphones,1,1/10/2019 18:51
148293,27in FHD Monitor,1,1/12/2019 22:22
148294,Apple Airpods Headphones,1,1/12/2019 12:35
148295,AA Batteries (4-pack),1,1/13/2019 16:33
148296,iPhone,1,1/8/2019 9:54
148296,Lightning Charging Cable,1,1/8/2019 9:54
148297,USB-C Charging Cable,1,1/9/2019 19:52
148298,27in FHD Monitor,1,1/5/2019 12:37
148299,Bose SoundSport Headphones,1,1/14/2019 19:43
148300,AAA Batteries (4-pack),4,1/10/2019 15:40
148301,AA Batteries (4-pack),2,1/27/2019 22:37
148302,Wired Headphones,1,1/19/2019 13:27
148303,Wired Headphones,1,1/11/2019 20:01
148304,Lightning Charging Cable,1,1/10/2019 21:38
148305,Wired Headphones,1,1/20/2019 15:55
148306,Lightning Charging Cable,1,1/14/2019 20:09
148307,Bose SoundSport Headphones,1,1/18/2019 21:06
148308,LG Washing Machine,1,1/2/2019 20:18
148309,34in Ultrawide Monitor,1,1/29/2019 14:54
148310,Bose SoundSport Headphones,1,1/12/2019 12:53
148311,27in FHD Monitor,1,1/25/2019 9:12
148312,Wired Headphones,1,1/12/2019 19:58
148313,USB-C Charging Cable,1,1/27/2019 21:49
148314,Flatscreen TV,1,1/4/2019 13:51
148315,USB-C Charging Cable,1,1/7/2019 20:57
148316,Lightning Charging Cable,1,1/17/2019 15:05
148317,iPhone,1,1/10/2019 21:45
148318,Lightning Charging Cable,1,1/30/2019 7:21
148319,USB-C Charging Cable,1,1/18/2019 13:57
148320,27in FHD Monitor,1,1/5/2019 10:13
148321,AA Batteries (4-pack),1,1/15/2019 8:11
148322,Wired Headphones,1,1/9/2019 14:24
148323,USB-C Charging Cable,1,1/10/2019 19:46
148324,Apple Airpods Headphones,1,1/27/2019 22:42
148324,iPhone,1,1/27/2019 22:42
148325,Apple Airpods Headphones,1,1/20/2019 18:06
148326,Apple Airpods Headphones,1,1/19/2019 12:00
148327,Bose SoundSport Headphones,1,1/15/2019 18:39
148328,Apple Airpods Headphones,1,1/24/2019 22:40
148329,USB-C Charging Cable,1,1/19/2019 20:38
148330,AA Batteries (4-pack),1,1/7/2019 19:49
148331,Wired Headphones,1,1/15/2019 11:44
148332,Lightning Charging Cable,1,1/3/2019 18:04
148333,27in FHD Monitor,1,1/29/2019 21:52
148334,Google Phone,1,1/3/2019 15:30
148335,iPhone,1,1/31/2019 16:48
148336,AAA Batteries (4-pack),2,1/24/2019 9:09
148337,Apple Airpods Headphones,1,1/2/2019 21:37
148338,Wired Headphones,1,1/31/2019 20:22
148339,27in FHD Monitor,1,1/9/2019 17:14
148340,Bose SoundSport Headphones,1,1/8/2019 21:42
148341,Wired Headphones,1,1/20/2019 18:32
148342,Apple Airpods Headphones,1,1/18/2019 13:14
148343,Flatscreen TV,1,1/4/2019 12:33
148344,iPhone,1,1/30/2019 12:31
148345,AAA Batteries (4-pack),1,1/9/2019 15:53
148346,USB-C Charging Cable,1,1/30/2019 20:27
148347,Wired Headphones,1,1/27/2019 23:55
148348,AAA Batteries (4-pack),1,1/6/2019 14:20
148349,AAA Batteries (4-pack),1,1/16/2019 14:39
148350,USB-C Charging Cable,1,1/8/2019 10:04
148351,Wired Headphones,1,1/12/2019 16:04
148352,AA Batteries (4-pack),1,1/11/2019 21:40
148353,Apple Airpods Headphones,1,1/7/2019 19:05
148354,34in Ultrawide Monitor,1,1/19/2019 13:56
148355,Bose SoundSport Headphones,1,1/13/2019 18:43
148356,AAA Batteries (4-pack),1,1/1/2019 15:27
148357,AA Batteries (4-pack),1,1/19/2019 10:40
148358,USB-C Charging Cable,1,1/27/2019 9:08
148359,ThinkPad Laptop,1,1/30/2019 23:57
148360,USB-C Charging Cable,1,1/18/2019 13:09
148361,Bose SoundSport Headphones,1,1/12/2019 10:15
148362,27in FHD Monitor,1,1/8/2019 20:26
148363,27in FHD Monitor,1,1/9/2019 20:49
148364,Lightning Charging Cable,1,1/23/2019 9:32
148365,iPhone,1,1/2/2019 16:01
148366,Lightning Charging Cable,1,1/27/2019 11:15
148367,34in Ultrawide Monitor,1,1/16/2019 11:45
148368,USB-C Charging Cable,1,1/16/2019 1:56
148369,iPhone,1,1/10/2019 20:27
148369,Lightning Charging Cable,1,1/10/2019 20:27
148370,iPhone,1,1/27/2019 18:13
148371,Lightning Charging Cable,1,1/2/2019 13:20
148372,Wired Headphones,1,1/21/2019 15:13
148373,Wired Headphones,1,1/27/2019 14:59
148374,iPhone,1,1/20/2019 15:31
148375,AAA Batteries (4-pack),1,1/4/2019 18:54
148376,USB-C Charging Cable,1,1/20/2019 17:27
148377,Apple Airpods Headphones,1,1/16/2019 12:36
148378,Apple Airpods Headphones,1,1/26/2019 17:56
148379,USB-C Charging Cable,1,1/12/2019 0:30
148380,ThinkPad Laptop,1,1/25/2019 17:04
148381,AA Batteries (4-pack),1,1/15/2019 9:50
148382,20in Monitor,1,1/13/2019 15:31
148383,Wired Headphones,1,1/19/2019 20:39
148384,USB-C Charging Cable,1,1/26/2019 16:09
148385,AAA Batteries (4-pack),1,1/6/2019 9:42
148386,Vareebadd Phone,1,1/11/2019 21:11
148387,Bose SoundSport Headphones,1,1/7/2019 21:12
148388,iPhone,1,1/20/2019 18:55
148389,USB-C Charging Cable,1,1/8/2019 11:20
148390,27in FHD Monitor,1,1/13/2019 20:59
148391,AA Batteries (4-pack),1,1/5/2019 11:30
148392,USB-C Charging Cable,1,1/21/2019 17:10
148393,Macbook Pro Laptop,1,1/3/2019 11:32
148394,Apple Airpods Headphones,1,1/18/2019 14:43
148395,Bose SoundSport Headphones,1,1/8/2019 8:46
148396,Lightning Charging Cable,1,1/22/2019 21:07
148397,Apple Airpods Headphones,1,1/2/2019 14:29
148398,Lightning Charging Cable,1,1/28/2019 20:18
148399,Bose SoundSport Headphones,1,1/23/2019 11:04
148400,iPhone,1,1/31/2019 13:44
148400,Lightning Charging Cable,1,1/31/2019 13:44
148401,AAA Batteries (4-pack),2,1/4/2019 17:39
148402,Lightning Charging Cable,1,1/29/2019 22:08
148403,Apple Airpods Headphones,1,1/9/2019 13:22
148404,Wired Headphones,1,1/15/2019 9:29
148405,Bose SoundSport Headphones,1,1/17/2019 8:02
148406,Wired Headphones,2,1/28/2019 14:00
148407,Lightning Charging Cable,1,1/20/2019 8:40
148408,AA Batteries (4-pack),1,1/3/2019 19:24
148409,Lightning Charging Cable,2,1/24/2019 10:51
148410,AAA Batteries (4-pack),1,1/22/2019 19:05
148411,Wired Headphones,1,1/12/2019 19:54
148412,iPhone,1,1/14/2019 18:05
148413,AA Batteries (4-pack),1,1/22/2019 12:42
148414,AA Batteries (4-pack),1,1/29/2019 6:23
148415,AA Batteries (4-pack),1,1/9/2019 19:05
148416,iPhone,1,1/2/2019 11:43
148417,AAA Batteries (4-pack),1,1/24/2019 17:58
148418,34in Ultrawide Monitor,1,1/26/2019 13:50
Order ID,Product,Quantity Ordered,Order Date
148419,Wired Headphones,1,1/17/2019 20:05
148420,USB-C Charging Cable,1,1/17/2019 5:30
148421,Bose SoundSport Headphones,1,1/8/2019 12:28
148422,Wired Headphones,2,1/22/2019 16:24
148423,USB-C Charging Cable,1,1/1/2019 14:51
148424,AA Batteries (4-pack),1,1/9/2019 12:14
148425,Wired Headphones,1,1/3/2019 10:41
148426,AA Batteries (4-pack),1,1/12/2019 13:51
148427,AA Batteries (4-pack),1,1/14/2019 16:46
148428,27in 4K Gaming Monitor,1,1/18/2019 17:35
148429,AA Batteries (4-pack),1,1/26/2019 17:42
148430,AAA Batteries (4-pack),3,1/13/2019 14:55
148431,Lightning Charging Cable,1,1/18/2019 9:01
148432,Wired Headphones,1,1/6/2019 1:45
148433,USB-C Charging Cable,1,1/24/2019 12:42
148434,Wired Headphones,1,1/14/2019 0:03
148435,USB-C Charging Cable,1,1/15/2019 8:45
148436,USB-C Charging Cable,1,1/14/2019 10:46
148437,AAA Batteries (4-pack),3,1/6/2019 19:30
148438,34in Ultrawide Monitor,1,1/10/2019 20:10
148439,AA Batteries (4-pack),1,1/23/2019 2:28
148440,USB-C Charging Cable,1,1/28/2019 19:27
148441,Google Phone,1,1/3/2019 11:13
148442,AA Batteries (4-pack),2,1/1/2019 17:45
148443,AA Batteries (4-pack),1,1/31/2019 14:42
148444,USB-C Charging Cable,1,1/30/2019 13:00
148445,Wired Headphones,1,1/1/2019 22:46
148446,USB-C Charging Cable,1,1/28/2019 18:16
148447,AAA Batteries (4-pack),1,1/1/2019 19:16
148448,ThinkPad Laptop,1,1/11/2019 23:54
148449,Lightning Charging Cable,1,1/14/2019 12:02
148450,iPhone,1,1/1/2019 12:02
148450,Lightning Charging Cable,1,1/1/2019 12:02
148451,Flatscreen TV,1,1/28/2019 10:24
148452,Bose SoundSport Headphones,1,1/28/2019 7:27
148453,Lightning Charging Cable,1,1/20/2019 21:39
148454,34in Ultrawide Monitor,1,1/21/2019 15:40
148455,AA Batteries (4-pack),1,1/17/2019 21:50
148456,AAA Batteries (4-pack),2,1/19/2019 1:01
148457,Flatscreen TV,1,1/11/2019 12:40
148458,ThinkPad Laptop,1,1/14/2019 13:35
148459,USB-C Charging Cable,2,1/27/2019 17:51
148460,USB-C Charging Cable,1,1/4/2019 15:17
148461,Apple Airpods Headphones,1,1/14/2019 13:28
148462,AA Batteries (4-pack),1,1/16/2019 22:03
148463,AA Batteries (4-pack),1,1/27/2019 21:50
148464,ThinkPad Laptop,1,1/16/2019 20:51
148465,USB-C Charging Cable,1,1/28/2019 20:21
148466,Apple Airpods Headphones,1,1/21/2019 12:58
148467,Apple Airpods Headphones,1,1/4/2019 13:14
148468,27in FHD Monitor,1,1/5/2019 0:07
148469,Lightning Charging Cable,1,1/7/2019 18:45
148470,USB-C Charging Cable,1,1/8/2019 23:59
148471,AA Batteries (4-pack),1,1/20/2019 23:00
148472,Lightning Charging Cable,1,1/29/2019 10:36
148473,USB-C Charging Cable,1,1/14/2019 22:57
148474,Lightning Charging Cable,1,1/16/2019 12:32
148475,USB-C Charging Cable,1,1/19/2019 22:35
148476,Wired Headphones,1,1/21/2019 22:11
148477,27in 4K Gaming Monitor,1,1/13/2019 4:12
148478,AA Batteries (4-pack),3,1/9/2019 16:02
148479,Lightning Charging Cable,3,1/25/2019 20:03
148480,iPhone,1,1/21/2019 17:35
148481,AAA Batteries (4-pack),1,1/15/2019 12:38
148482,Lightning Charging Cable,1,1/14/2019 13:51
148483,Lightning Charging Cable,1,1/6/2019 14:05
148484,Wired Headphones,1,1/14/2019 22:08
148485,27in 4K Gaming Monitor,1,1/5/2019 18:35
148486,USB-C Charging Cable,1,1/7/2019 12:05
148487,34in Ultrawide Monitor,1,1/12/2019 12:11
148488,27in 4K Gaming Monitor,1,1/27/2019 13:56
148489,AA Batteries (4-pack),2,1/30/2019 21:32
148490,AA Batteries (4-pack),3,1/21/2019 16:13
148491,USB-C Charging Cable,1,1/15/2019 18:36
148492,Apple Airpods Headphones,1,1/8/2019 0:00
148493,Google Phone,1,1/19/2019 21:36
148494,Wired Headphones,1,1/2/2019 21:53
148495,USB-C Charging Cable,1,1/23/2019 12:57
148496,20in Monitor,1,1/21/2019 9:25
148497,AAA Batteries (4-pack),1,1/4/2019 13:27
148498,iPhone,1,1/19/2019 11:16
148499,Apple Airpods Headphones,1,1/19/2019 14:46
148500,AA Batteries (4-pack),1,1/17/2019 18:59
148501,Lightning Charging Cable,1,1/3/2019 11:12
148502,Wired Headphones,1,1/21/2019 11:56
148503,AAA Batteries (4-pack),2,1/19/2019 6:55
148504,Apple Airpods Headphones,1,1/12/2019 23:19
148505,Lightning Charging Cable,1,1/28/2019 18:57
148506,USB-C Charging Cable,1,1/28/2019 21:30
148507,Apple Airpods Headphones,1,1/28/2019 12:41
148508,Wired Headphones,1,1/15/2019 8:32
148509,AA Batteries (4-pack),1,1/20/2019 23:33
148510,AAA Batteries (4-pack),1,1/7/2019 21:31
148511,USB-C Charging Cable,1,1/3/2019 6:53
148512,Wired Headphones,1,1/20/2019 11:09
148513,Lightning Charging Cable,1,1/11/2019 5:32
148514,Bose SoundSport Headphones,1,1/28/2019 10:28
148515,USB-C Charging Cable,1,1/5/2019 14:36
148516,27in 4K Gaming Monitor,1,1/23/2019 11:50
148517,Apple Airpods Headphones,1,1/29/2019 17:46
148518,USB-C Charging Cable,1,1/4/2019 19:02
148519,AA Batteries (4-pack),2,1/11/2019 15:24
148520,AAA Batteries (4-pack),1,1/4/2019 11:22
148521,Lightning Charging Cable,1,1/2/2019 20:29
148522,AA Batteries (4-pack),2,1/3/2019 10:00
148522,Bose SoundSport Headphones,1,1/3/2019 10:00
148523,Apple Airpods Headphones,1,1/10/2019 19:53
148524,Wired Headphones,1,1/22/2019 15:53
148525,27in 4K Gaming Monitor,1,1/14/2019 17:57
148526,Lightning Charging Cable,1,1/7/2019 12:40
148527,Apple Airpods Headphones,1,1/19/2019 18:06
148528,Bose SoundSport Headphones,1,1/18/2019 23:47
148529,AAA Batteries (4-pack),1,1/11/2019 10:39
148530,Apple Airpods Headphones,1,1/24/2019 11:39
148531,AAA Batteries (4-pack),1,1/5/2019 15:55
148532,Apple Airpods Headphones,1,1/27/2019 13:53
148533,iPhone,1,1/13/2019 9:25
148534,27in 4K Gaming Monitor,1,1/16/2019 10:19
148535,Wired Headphones,1,1/29/2019 12:21
148536,iPhone,1,1/22/2019 10:43
148537,USB-C Charging Cable,1,1/11/2019 19:26
148538,AAA Batteries (4-pack),1,1/11/2019 11:06
148539,Lightning Charging Cable,2,1/3/2019 13:58
148540,Wired Headphones,1,1/4/2019 8:34
148541,AAA Batteries (4-pack),1,1/3/2019 12:39
148542,Wired Headphones,1,1/8/2019 19:09
148543,Lightning Charging Cable,1,1/5/2019 17:30
148544,AAA Batteries (4-pack),2,1/8/2019 12:49
148545,USB-C Charging Cable,1,1/6/2019 20:36
Order ID,Product,Quantity Ordered,Order Date
148546,20in Monitor,1,1/27/2019 15:03
148547,AA Batteries (4-pack),1,1/7/2019 20:36
148548,Apple Airpods Headphones,1,1/13/2019 15:09
148549,Bose SoundSport Headphones,1,1/25/2019 10:53
148550,USB-C Charging Cable,1,1/14/2019 18:36
148550,AA Batteries (4-pack),1,1/14/2019 18:36
148551,34in Ultrawide Monitor,1,1/27/2019 9:00
148552,AAA Batteries (4-pack),1,1/22/2019 15:57
148553,Wired Headphones,1,1/9/2019 14:45
148554,ThinkPad Laptop,1,1/11/2019 7:41
148555,AAA Batteries (4-pack),2,1/4/2019 16:54
148556,AAA Batteries (4-pack),1,1/7/2019 21:46
148557,AA Batteries (4-pack),1,1/7/2019 21:16
148558,34in Ultrawide Monitor,1,1/20/2019 15:24
148559,Apple Airpods Headphones,1,1/23/2019 7:44
148560,AAA Batteries (4-pack),1,1/10/2019 21:46
148561,Wired Headphones,1,1/19/2019 14:35
148562,AA Batteries (4-pack),1,1/13/2019 9:48
148563,Wired Headphones,1,1/14/2019 18:44
148564,AAA Batteries (4-pack),2,1/14/2019 20:58
148565,27in FHD Monitor,1,1/16/2019 10:59
148566,AAA Batteries (4-pack),2,1/9/2019 15:33
148567,ThinkPad Laptop,1,1/19/2019 15:09
148568,AAA Batteries (4-pack),1,1/30/2019 17:35
148569,Bose SoundSport Headphones,1,1/8/2019 13:59
148570,Apple Airpods Headphones,1,1/30/2019 15:40
148571,Lightning Charging Cable,1,1/5/2019 22:12
148572,Google Phone,1,1/28/2019 10:55
148573,Vareebadd Phone,1,1/20/2019 20:28
148574,20in Monitor,1,1/10/2019 23:18
148575,Lightning Charging Cable,1,1/7/2019 11:27
148576,AAA Batteries (4-pack),1,1/17/2019 13:51
148577,AA Batteries (4-pack),1,1/17/2019 23:37
148578,27in 4K Gaming Monitor,1,1/14/2019 20:55
148579,AAA Batteries (4-pack),1,1/3/2019 10:42
148580,27in FHD Monitor,1,1/2/2019 13:07
148581,Apple Airpods Headphones,1,1/27/2019 18:17
148582,AA Batteries (4-pack),1,1/13/2019 3:01
148583,iPhone,1,1/23/2019 11:15
148584,Bose SoundSport Headphones,1,1/7/2019 12:21
148585,Apple Airpods Headphones,1,1/29/2019 21:48
148586,Bose SoundSport Headphones,1,1/7/2019 18:37
148587,AAA Batteries (4-pack),1,1/25/2019 19:41
148588,Wired Headphones,2,1/4/2019 7:59
148589,Wired Headphones,1,1/7/2019 13:15
148590,Lightning Charging Cable,1,1/6/2019 18:03
148591,AA Batteries (4-pack),1,1/10/2019 8:40
148592,Lightning Charging Cable,2,1/28/2019 14:05
148593,AAA Batteries (4-pack),1,1/13/2019 16:55
148594,AAA Batteries (4-pack),1,1/25/2019 18:27
148594,Apple Airpods Headphones,1,1/25/2019 18:27
148595,USB-C Charging Cable,1,1/29/2019 21:12
148596,34in Ultrawide Monitor,1,1/28/2019 16:37
148597,AAA Batteries (4-pack),1,1/18/2019 20:48
148598,USB-C Charging Cable,1,1/19/2019 12:59
148599,iPhone,1,1/11/2019 15:22
148600,Bose SoundSport Headphones,1,1/1/2019 18:02
148601,27in 4K Gaming Monitor,1,1/22/2019 12:15
148602,Apple Airpods Headphones,1,1/14/2019 20:35
148603,Macbook Pro Laptop,1,1/13/2019 9:58
148604,iPhone,1,1/20/2019 12:01
148605,Google Phone,1,1/25/2019 12:51
148606,AAA Batteries (4-pack),1,1/7/2019 13:34
148607,USB-C Charging Cable,1,1/11/2019 17:25
148608,USB-C Charging Cable,1,1/9/2019 23:19
148609,34in Ultrawide Monitor,1,1/6/2019 12:32
148610,Apple Airpods Headphones,1,1/24/2019 4:08
148611,Wired Headphones,1,1/20/2019 10:39
148612,AA Batteries (4-pack),1,1/18/2019 6:24
148613,Apple Airpods Headphones,1,1/5/2019 9:56
148614,USB-C Charging Cable,2,1/13/2019 18:43
148615,USB-C Charging Cable,1,1/26/2019 15:18
148616,Apple Airpods Headphones,1,1/6/2019 19:09
148617,AAA Batteries (4-pack),1,1/4/2019 21:21
148618,Apple Airpods Headphones,1,1/19/2019 15:21
148619,USB-C Charging Cable,1,1/29/2019 17:32
148620,AAA Batteries (4-pack),2,1/4/2019 10:11
148621,Apple Airpods Headphones,1,1/8/2019 23:37
148622,USB-C Charging Cable,1,1/8/2019 17:31
148623,Lightning Charging Cable,1,1/13/2019 16:45
148624,Apple Airpods Headphones,1,1/30/2019 8:57
148625,AA Batteries (4-pack),1,1/14/2019 12:28
148626,Wired Headphones,1,1/8/2019 10:45
148627,34in Ultrawide Monitor,1,1/12/2019 23:01
148628,USB-C Charging Cable,1,1/13/2019 13:05
148629,Wired Headphones,1,1/15/2019 18:59
148630,Apple Airpods Headphones,1,1/23/2019 18:32
148631,Apple Airpods Headphones,1,1/21/2019 0:05
148632,Lightning Charging Cable,1,1/5/2019 14:01
148633,USB-C Charging Cable,1,1/27/2019 11:50
148634,Apple Airpods Headphones,1,1/24/2019 21:40
148635,34in Ultrawide Monitor,1,1/26/2019 19:17
148636,ThinkPad Laptop,1,1/30/2019 7:23
148637,USB-C Charging Cable,1,1/11/2019 0:12
148638,AAA Batteries (4-pack),1,1/8/2019 21:04
148639,AA Batteries (4-pack),1,1/1/2019 21:51
148640,Macbook Pro Laptop,1,1/11/2019 16:05
148641,Apple Airpods Headphones,1,1/10/2019 10:22
148642,Bose SoundSport Headphones,1,1/5/2019 17:11
148643,Lightning Charging Cable,1,1/18/2019 9:38
148644,AA Batteries (4-pack),1,1/15/2019 5:20
148645,Bose SoundSport Headphones,1,1/14/2019 13:02
148646,Wired Headphones,1,1/17/2019 19:13
148647,Flatscreen TV,1,1/9/2019 8:50
148648,Apple Airpods Headphones,1,1/26/2019 16:01
148649,USB-C Charging Cable,1,1/24/2019 11:13
148650,AAA Batteries (4-pack),1,1/15/2019 21:20
148651,27in FHD Monitor,1,1/9/2019 9:45
148652,USB-C Charging Cable,1,1/16/2019 0:08
148653,AAA Batteries (4-pack),3,1/5/2019 10:57
148654,Apple Airpods Headphones,1,1/30/2019 9:25
148655,Wired Headphones,1,1/9/2019 10:27
148656,Macbook Pro Laptop,1,1/4/2019 11:46
148657,AA Batteries (4-pack),1,1/20/2019 22:40
148658,USB-C Charging Cable,1,1/1/2019 15:30
148659,27in FHD Monitor,1,1/18/2019 10:23
148660,Wired Headphones,1,1/7/2019 15:04
148661,Apple Airpods Headphones,1,1/27/2019 12:25
148662,Wired Headphones,1,1/14/2019 13:40
148663,AAA Batteries (4-pack),1,1/15/2019 17:18
148663,USB-C Charging Cable,1,1/15/2019 17:18
148664,AAA Batteries (4-pack),5,1/28/2019 17:01
148665,AA Batteries (4-pack),1,1/3/2019 21:38
148666,Apple Airpods Headphones,1,1/12/2019 14:20
148666,Vareebadd Phone,1,1/12/2019 14:20
148667,Lightning Charging Cable,1,1/24/2019 17:54
148668,AAA Batteries (4-pack),1,1/3/2019 20:18
148669,Wired Headphones,1,1/8/2019 21:04
148670,AAA Batteries (4-pack),1,1/4/2019 7:45
148671,Lightning Charging Cable,1,1/25/2019 19:32
148672,27in 4K Gaming Monitor,1,1/7/2019 14:25
148673,ThinkPad Laptop,1,1/15/2019 9:26
148674,AAA Batteries (4-pack),1,1/3/2019 19:58
148675,Bose SoundSport Headphones,1,1/12/2019 12:12
148676,Wired Headphones,1,1/2/2019 0:34
148677,Lightning Charging Cable,2,1/19/2019 9:18
148678,AAA Batteries (4-pack),1,1/19/2019 21:16
148679,Lightning Charging Cable,1,1/26/2019 17:38
148680,Lightning Charging Cable,1,1/10/2019 11:54
148681,34in Ultrawide Monitor,1,1/24/2019 19:14
148682,34in Ultrawide Monitor,1,1/21/2019 1:20
148683,AAA Batteries (4-pack),1,1/22/2019 16:00
148684,27in 4K Gaming Monitor,1,1/3/2019 13:14
148685,AA Batteries (4-pack),1,1/29/2019 21:06
148686,AAA Batteries (4-pack),1,1/12/2019 18:12
148687,USB-C Charging Cable,1,1/22/2019 20:49
148688,AAA Batteries (4-pack),3,1/5/2019 13:23
148689,Bose SoundSport Headphones,1,1/27/2019 14:27
148690,Wired Headphones,1,1/12/2019 21:53
148691,Lightning Charging Cable,1,1/16/2019 19:13
148692,27in FHD Monitor,1,1/24/2019 13:35
148693,AAA Batteries (4-pack),2,1/28/2019 13:11
148694,AA Batteries (4-pack),1,1/26/2019 19:39
148695,AAA Batteries (4-pack),1,1/18/2019 23:52
148696,USB-C Charging Cable,2,1/30/2019 11:08
148696,ThinkPad Laptop,1,1/30/2019 11:08
148697,iPhone,1,1/23/2019 14:28
148697,Lightning Charging Cable,1,1/23/2019 14:28
148698,USB-C Charging Cable,1,1/28/2019 16:41
148699,USB-C Charging Cable,1,1/16/2019 16:45
148700,Lightning Charging Cable,1,1/31/2019 21:38
148701,USB-C Charging Cable,1,1/6/2019 16:02
148702,AAA Batteries (4-pack),1,1/18/2019 13:53
148703,Bose SoundSport Headphones,1,1/7/2019 15:15
148704,USB-C Charging Cable,1,1/26/2019 14:03
148705,Macbook Pro Laptop,1,1/1/2019 17:52
148706,27in FHD Monitor,1,1/20/2019 14:47
148707,Apple Airpods Headphones,1,1/5/2019 8:35
148708,USB-C Charging Cable,1,1/11/2019 21:22
148709,27in 4K Gaming Monitor,1,1/31/2019 9:09
148710,Wired Headphones,1,1/7/2019 1:24
148711,34in Ultrawide Monitor,1,1/29/2019 20:25
148712,Wired Headphones,1,1/11/2019 18:19
148713,ThinkPad Laptop,1,1/24/2019 23:55
148714,Wired Headphones,1,1/20/2019 11:36
148715,20in Monitor,1,1/7/2019 0:04
148716,AA Batteries (4-pack),2,1/22/2019 19:23
148717,AA Batteries (4-pack),2,1/4/2019 21:17
148718,AA Batteries (4-pack),4,1/24/2019 10:46
148719,Wired Headphones,1,1/23/2019 16:11
,,,
148720,USB-C Charging Cable,1,1/10/2019 18:34
148721,Google Phone,1,1/4/2019 15:01
148722,Lightning Charging Cable,2,1/14/2019 10:17
148723,Macbook Pro Laptop,1,1/11/2019 21:57
148724,Bose SoundSport Headphones,1,1/9/2019 20:38
148725,Lightning Charging Cable,1,1/21/2019 11:13
148726,34in Ultrawide Monitor,1,1/16/2019 9:35
148727,Wired Headphones,1,1/4/2019 21:37
148728,27in FHD Monitor,1,1/26/2019 0:30
148729,AAA Batteries (4-pack),1,1/27/2019 20:56
148730,Wired Headphones,1,1/13/2019 13:05
148731,Apple Airpods Headphones,1,1/23/2019 15:16
148732,Bose SoundSport Headphones,1,1/22/2019 13:43
148733,USB-C Charging Cable,1,1/8/2019 5:19
148734,Apple Airpods Headphones,1,1/31/2019 18:20
148735,27in FHD Monitor,1,1/16/2019 20:50
148736,27in FHD Monitor,1,1/23/2019 22:28
148737,Apple Airpods Headphones,1,1/14/2019 20:01
148738,Bose SoundSport Headphones,1,1/16/2019 13:56
148739,Wired Headphones,1,1/2/2019 2:24
148740,20in Monitor,1,1/16/2019 19:06
148741,Macbook Pro Laptop,1,1/5/2019 9:45
148742,Bose SoundSport Headphones,1,1/20/2019 16:37
148743,Lightning Charging Cable,1,1/27/2019 14:47
148744,AAA Batteries (4-pack),3,1/26/2019 19:40
148745,USB-C Charging Cable,1,1/16/2019 16:07
148746,Wired Headphones,1,1/24/2019 15:37
148747,USB-C Charging Cable,1,1/2/2019 17:12
148748,Lightning Charging Cable,1,1/2/2019 10:24
148749,Google Phone,1,1/9/2019 13:47
148750,Wired Headphones,1,1/8/2019 20:00
148751,Apple Airpods Headphones,1,1/6/2019 21:06
148752,Apple Airpods Headphones,1,1/27/2019 10:54
148753,Wired Headphones,1,1/6/2019 12:07
148754,AA Batteries (4-pack),1,1/12/2019 19:11
148755,AAA Batteries (4-pack),1,1/14/2019 14:46
148756,USB-C Charging Cable,1,1/24/2019 15:30
148757,AA Batteries (4-pack),1,1/1/2019 14:26
148758,Apple Airpods Headphones,1,1/12/2019 15:48
148759,Google Phone,1,1/28/2019 12:31
148760,iPhone,1,1/28/2019 21:51
148760,Wired Headphones,1,1/28/2019 21:51
148761,ThinkPad Laptop,1,1/3/2019 6:48
148762,Bose SoundSport Headphones,1,1/19/2019 15:20
148763,USB-C Charging Cable,1,1/10/2019 13:50
148764,Wired Headphones,1,1/18/2019 15:24
148765,27in FHD Monitor,1,1/21/2019 18:33
148766,Wired Headphones,1,1/5/2019 15:13
148767,Lightning Charging Cable,1,1/1/2019 16:09
148768,20in Monitor,1,1/18/2019 16:14
148769,Lightning Charging Cable,1,1/5/2019 11:03
148770,Bose SoundSport Headphones,1,1/28/2019 12:25
148771,Apple Airpods Headphones,1,1/7/2019 21:41
148772,AA Batteries (4-pack),1,1/9/2019 17:11
148773,27in 4K Gaming Monitor,1,1/21/2019 22:38
148774,USB-C Charging Cable,1,1/20/2019 20:20
148775,USB-C Charging Cable,1,1/30/2019 19:27
148776,USB-C Charging Cable,1,1/18/2019 9:07
148777,Wired Headphones,1,1/2/2019 20:09
148778,Google Phone,1,1/10/2019 17:13
148779,AAA Batteries (4-pack),2,1/22/2019 15:01
148780,Apple Airpods Headphones,1,1/13/2019 21:53
148781,AAA Batteries (4-pack),1,1/24/2019 20:40
148782,LG Dryer,1,1/21/2019 15:23
148783,iPhone,1,1/10/2019 2:02
148784,34in Ultrawide Monitor,1,1/19/2019 20:08
148785,Lightning Charging Cable,1,1/28/2019 11:27
148786,iPhone,1,1/19/2019 23:41
148787,ThinkPad Laptop,1,1/22/2019 20:18
148788,Wired Headphones,1,1/5/2019 20:45
148789,Wired Headphones,1,1/27/2019 20:00
148790,27in 4K Gaming Monitor,1,1/27/2019 14:02
148791,AAA Batteries (4-pack),1,1/28/2019 20:16
148792,Lightning Charging Cable,1,1/3/2019 7:54
148793,AAA Batteries (4-pack),3,1/13/2019 19:06
148794,AAA Batteries (4-pack),1,1/29/2019 14:58
148795,Google Phone,1,1/8/2019 11:06
148796,Wired Headphones,1,1/31/2019 16:13
148797,LG Washing Machine,1,1/18/2019 21:44
148798,AA Batteries (4-pack),1,1/2/2019 13:46
148799,Apple Airpods Headphones,1,1/13/2019 10:35
148800,Wired Headphones,1,1/12/2019 14:04
148801,Apple Airpods Headphones,1,1/17/2019 11:57
148802,Flatscreen TV,1,1/31/2019 12:56
148803,Macbook Pro Laptop,1,1/23/2019 18:25
148804,Wired Headphones,1,1/19/2019 10:49
148805,20in Monitor,1,1/13/2019 14:14
148806,Flatscreen TV,1,1/15/2019 19:14
148807,Google Phone,1,1/9/2019 9:27
148808,USB-C Charging Cable,2,1/9/2019 17:44
148809,iPhone,1,1/27/2019 21:11
148810,AA Batteries (4-pack),1,1/28/2019 20:46
148811,USB-C Charging Cable,1,1/2/2019 17:53
148812,Lightning Charging Cable,1,1/31/2019 18:27
148813,Wired Headphones,1,1/4/2019 8:34
148814,USB-C Charging Cable,1,1/16/2019 22:35
148815,Lightning Charging Cable,1,1/5/2019 14:49
148815,AAA Batteries (4-pack),4,1/5/2019 14:49
148816,Google Phone,1,1/5/2019 10:39
148817,Lightning Charging Cable,1,1/20/2019 10:00
148818,iPhone,1,1/23/2019 7:51
148819,AA Batteries (4-pack),1,1/6/2019 15:37
148820,USB-C Charging Cable,1,1/26/2019 9:29
148820,Wired Headphones,1,1/26/2019 9:29
148821,Apple Airpods Headphones,1,1/31/2019 16:38
148822,USB-C Charging Cable,1,1/25/2019 20:07
148823,USB-C Charging Cable,1,1/20/2019 16:33
148824,USB-C Charging Cable,1,1/23/2019 7:22
148825,AA Batteries (4-pack),2,1/10/2019 19:26
148826,AAA Batteries (4-pack),1,1/13/2019 17:40
148827,AA Batteries (4-pack),1,1/20/2019 12:44
148828,USB-C Charging Cable,1,1/3/2019 14:15
148829,Bose SoundSport Headphones,1,1/1/2019 15:25
148830,34in Ultrawide Monitor,1,1/17/2019 23:45
148831,AA Batteries (4-pack),2,1/12/2019 12:49
148832,34in Ultrawide Monitor,1,1/22/2019 12:09
148833,Wired Headphones,1,1/28/2019 23:34
148834,USB-C Charging Cable,1,1/3/2019 18:51
148835,AA Batteries (4-pack),2,1/19/2019 9:55
148836,Macbook Pro Laptop,1,1/27/2019 20:41
148837,USB-C Charging Cable,1,1/6/2019 12:09
148838,20in Monitor,1,1/3/2019 19:09
148839,27in FHD Monitor,1,1/6/2019 19:23
148840,Flatscreen TV,1,1/30/2019 0:45
148841,AAA Batteries (4-pack),1,1/10/2019 14:43
148842,Bose SoundSport Headphones,1,1/23/2019 12:56
148843,Wired Headphones,1,1/10/2019 12:55
148844,iPhone,1,1/11/2019 17:16
148845,Apple Airpods Headphones,1,1/13/2019 23:21
148846,Wired Headphones,1,1/3/2019 12:55
148847,USB-C Charging Cable,1,1/11/2019 21:18
148848,34in Ultrawide Monitor,1,1/7/2019 12:51
148849,34in Ultrawide Monitor,1,1/15/2019 21:45
148850,Wired Headphones,1,1/18/2019 13:16
148851,Apple Airpods Headphones,1,1/29/2019 7:48
148852,Wired Headphones,1,1/5/2019 4:14
148853,Apple Airpods Headphones,1,1/4/2019 23:05
148854,Apple Airpods Headphones,1,1/1/2019 18:31
148855,Lightning Charging Cable,1,1/23/2019 19:19
148856,Bose SoundSport Headphones,1,1/3/2019 1:23
148857,Apple Airpods Headphones,1,1/19/2019 10:17
148858,AAA Batteries (4-pack),4,1/28/2019 23:09
148859,Wired Headphones,1,1/13/2019 22:24
148860,Wired Headphones,1,1/24/2019 23:31
148861,iPhone,1,1/20/2019 0:52
148861,Lightning Charging Cable,1,1/20/2019 0:52
148862,AA Batteries (4-pack),1,1/22/2019 16:50
148863,Flatscreen TV,1,1/25/2019 23:54
148864,Bose SoundSport Headphones,1,1/24/2019 22:39
148865,AA Batteries (4-pack),1,1/3/2019 16:46
148866,AAA Batteries (4-pack),2,1/1/2019 13:25
148867,USB-C Charging Cable,1,1/20/2019 13:42
148868,Apple Airpods Headphones,1,1/25/2019 20:00
148869,Wired Headphones,1,1/27/2019 7:20
148870,Apple Airpods Headphones,1,1/4/2019 19:20
148871,USB-C Charging Cable,1,1/15/2019 20:13
148872,27in FHD Monitor,1,1/19/2019 10:44
148873,Wired Headphones,1,1/14/2019 17:58
148874,Wired Headphones,1,1/20/2019 10:25
148875,USB-C Charging Cable,1,1/3/2019 11:20
148876,AAA Batteries (4-pack),1,1/22/2019 21:44
148877,Apple Airpods Headphones,1,1/30/2019 9:30
148878,Wired Headphones,1,1/8/2019 12:53
148879,Flatscreen TV,1,1/10/2019 19:50
148880,AA Batteries (4-pack),1,1/25/2019 21:05
148881,AAA Batteries (4-pack),3,1/6/2019 22:10
148882,Apple Airpods Headphones,1,1/31/2019 12:28
148883,AAA Batteries (4-pack),1,1/23/2019 15:33
148884,AAA Batteries (4-pack),1,1/6/2019 8:23
148885,Apple Airpods Headphones,1,1/19/2019 5:11
148886,Wired Headphones,1,1/13/2019 10:31
148887,Apple Airpods Headphones,1,1/7/2019 8:08
148888,Apple Airpods Headphones,1,1/23/2019 18:59
148889,34in Ultrawide Monitor,1,1/4/2019 18:02
148890,Lightning Charging Cable,1,1/10/2019 9:13
148891,Apple Airpods Headphones,1,1/28/2019 12:19
148892,AA Batteries (4-pack),2,1/16/2019 18:13
148893,AAA Batteries (4-pack),1,1/18/2019 22:05
148894,USB-C Charging Cable,1,1/23/2019 11:04
148895,27in 4K Gaming Monitor,1,1/27/2019 20:15
148896,Macbook Pro Laptop,1,1/31/2019 17:58
148896,Bose SoundSport Headphones,1,1/31/2019 17:58
148897,AA Batteries (4-pack),1,1/22/2019 23:20
148898,USB-C Charging Cable,1,1/24/2019 20:37
148899,AAA Batteries (4-pack),1,1/5/2019 23:01
148900,AA Batteries (4-pack),2,1/19/2019 12:40
148901,AAA Batteries (4-pack),1,1/13/2019 19:39
148902,AAA Batteries (4-pack),2,1/16/2019 6:37
148903,27in FHD Monitor,1,1/26/2019 17:27
148904,iPhone,1,1/24/2019 14:53
148905,USB-C Charging Cable,1,1/7/2019 11:39
148906,USB-C Charging Cable,1,1/30/2019 10:22
148907,Flatscreen TV,1,1/23/2019 20:47
148908,Bose SoundSport Headphones,1,1/25/2019 22:00
148909,Flatscreen TV,1,1/19/2019 13:32
148910,Flatscreen TV,1,1/7/2019 19:42
148911,20in Monitor,1,1/30/2019 13:27
148912,Vareebadd Phone,1,1/30/2019 19:15
148912,USB-C Charging Cable,2,1/30/2019 19:15
148912,Wired Headphones,1,1/30/2019 19:15
148913,USB-C Charging Cable,1,1/23/2019 0:29
148914,Apple Airpods Headphones,1,1/19/2019 12:04
148915,Bose SoundSport Headphones,1,1/31/2019 10:25
148916,AAA Batteries (4-pack),1,1/13/2019 18:05
148917,34in Ultrawide Monitor,1,1/2/2019 21:43
148918,AA Batteries (4-pack),1,1/12/2019 22:47
148919,Lightning Charging Cable,1,1/26/2019 18:54
148920,Apple Airpods Headphones,1,1/29/2019 12:48
148921,Flatscreen TV,1,1/12/2019 0:20
148922,Lightning Charging Cable,1,1/11/2019 21:44
148923,27in FHD Monitor,1,1/27/2019 8:59
148924,Lightning Charging Cable,2,1/14/2019 15:56
148925,Bose SoundSport Headphones,1,1/21/2019 11:18
148926,Macbook Pro Laptop,1,1/28/2019 17:28
148927,27in FHD Monitor,1,1/6/2019 21:32
148928,Apple Airpods Headphones,1,1/5/2019 12:01
148929,20in Monitor,1,1/15/2019 21:56
148930,USB-C Charging Cable,1,1/9/2019 9:49
148931,USB-C Charging Cable,1,1/28/2019 15:22
148932,iPhone,1,1/2/2019 17:30
148932,Wired Headphones,1,1/2/2019 17:30
148933,AAA Batteries (4-pack),1,1/14/2019 23:20
148933,Wired Headphones,1,1/14/2019 23:20
148934,AA Batteries (4-pack),1,1/13/2019 11:59
148935,Apple Airpods Headphones,1,1/29/2019 8:12
148936,Macbook Pro Laptop,1,1/24/2019 16:56
148937,Bose SoundSport Headphones,1,1/7/2019 19:30
148938,34in Ultrawide Monitor,1,1/10/2019 20:37
148939,Bose SoundSport Headphones,1,1/7/2019 20:52
148940,USB-C Charging Cable,1,1/25/2019 13:39
148941,Bose SoundSport Headphones,1,1/22/2019 10:40
148942,Lightning Charging Cable,1,1/31/2019 17:01
148943,Bose SoundSport Headphones,1,1/6/2019 22:39
148944,iPhone,1,1/7/2019 15:01
148944,Lightning Charging Cable,1,1/7/2019 15:01
148945,Google Phone,1,1/15/2019 14:51
148946,Flatscreen TV,1,1/6/2019 1:51
148947,AAA Batteries (4-pack),1,1/23/2019 7:31
148948,iPhone,1,1/1/2019 20:53
148948,Lightning Charging Cable,2,1/1/2019 20:53
148949,Lightning Charging Cable,1,1/26/2019 10:05
148950,Wired Headphones,1,1/8/2019 18:50
148951,AA Batteries (4-pack),1,1/30/2019 21:48
148952,27in FHD Monitor,1,1/17/2019 21:17
148953,USB-C Charging Cable,1,1/31/2019 9:48
148954,Apple Airpods Headphones,1,1/23/2019 9:36
148955,Lightning Charging Cable,1,1/13/2019 20:02
148956,USB-C Charging Cable,1,1/16/2019 21:28
148957,Wired Headphones,2,1/25/2019 19:31
148958,AAA Batteries (4-pack),3,1/26/2019 13:02
148959,Vareebadd Phone,1,1/27/2019 17:03
148960,Google Phone,1,1/26/2019 20:10
148960,USB-C Charging Cable,1,1/26/2019 20:10
148961,AA Batteries (4-pack),1,1/26/2019 0:04
148962,ThinkPad Laptop,1,1/10/2019 16:04
148963,AAA Batteries (4-pack),1,1/2/2019 17:39
148964,iPhone,1,1/2/2019 17:04
148965,Lightning Charging Cable,1,1/26/2019 19:44
148966,AA Batteries (4-pack),1,1/27/2019 17:15
148967,Bose SoundSport Headphones,1,1/23/2019 9:36
148968,AA Batteries (4-pack),1,1/12/2019 13:39
148969,Macbook Pro Laptop,1,1/16/2019 11:09
148970,27in FHD Monitor,1,1/7/2019 17:08
148971,Bose SoundSport Headphones,1,1/22/2019 23:20
148971,27in 4K Gaming Monitor,1,1/22/2019 23:20
148972,AAA Batteries (4-pack),1,1/17/2019 20:59
148973,AAA Batteries (4-pack),2,1/24/2019 12:26
148974,27in FHD Monitor,1,1/22/2019 10:09
148975,ThinkPad Laptop,1,1/10/2019 10:43
148976,ThinkPad Laptop,1,1/7/2019 13:36
148977,AA Batteries (4-pack),1,1/7/2019 12:35
148978,USB-C Charging Cable,1,1/1/2019 10:12
148979,Wired Headphones,1,1/10/2019 7:43
148980,AAA Batteries (4-pack),1,1/17/2019 14:55
148981,Lightning Charging Cable,1,1/18/2019 21:23
148982,AAA Batteries (4-pack),1,1/29/2019 22:50
148983,Flatscreen TV,1,1/10/2019 5:02
148984,USB-C Charging Cable,1,1/8/2019 17:36
148984,USB-C Charging Cable,1,1/8/2019 17:36
148985,Apple Airpods Headphones,1,1/31/2019 16:28
148986,Lightning Charging Cable,1,1/15/2019 22:56
148987,AA Batteries (4-pack),1,2/1/2019 2:16
148988,LG Washing Machine,1,1/20/2019 9:14
148989,Wired Headphones,1,1/30/2019 16:36
148990,Wired Headphones,1,1/13/2019 8:57
148991,Lightning Charging Cable,3,1/29/2019 5:49
148992,Wired Headphones,1,1/29/2019 18:02
148993,Apple Airpods Headphones,1,1/15/2019 13:22
148994,27in FHD Monitor,1,1/25/2019 10:42
148995,Wired Headphones,1,1/28/2019 10:39
148996,AAA Batteries (4-pack),1,1/29/2019 20:09
148997,ThinkPad Laptop,1,1/25/2019 20:30
148998,AA Batteries (4-pack),1,1/27/2019 8:22
148999,Apple Airpods Headphones,1,1/25/2019 17:23
149000,USB-C Charging Cable,2,1/4/2019 21:28
149001,ThinkPad Laptop,1,1/1/2019 18:49
149002,USB-C Charging Cable,1,1/7/2019 17:10
149003,Lightning Charging Cable,1,1/16/2019 0:59
149004,USB-C Charging Cable,1,1/25/2019 12:21
149005,Lightning Charging Cable,1,1/4/2019 20:13
149006,ThinkPad Laptop,1,1/19/2019 12:14
149007,AA Batteries (4-pack),1,1/5/2019 12:40
149008,AAA Batteries (4-pack),1,1/11/2019 21:04
149009,AAA Batteries (4-pack),1,1/15/2019 15:35
149010,AA Batteries (4-pack),1,1/29/2019 13:03
149011,27in 4K Gaming Monitor,1,1/21/2019 21:41
149012,USB-C Charging Cable,1,1/25/2019 9:00
149013,Wired Headphones,1,1/16/2019 21:20
149014,AAA Batteries (4-pack),1,1/5/2019 21:30
149015,USB-C Charging Cable,1,1/25/2019 16:34
149016,Wired Headphones,1,1/5/2019 7:56
149017,Wired Headphones,1,1/7/2019 20:08
149018,AA Batteries (4-pack),1,1/29/2019 14:23
149019,Macbook Pro Laptop,1,1/13/2019 8:45
149020,AA Batteries (4-pack),1,1/16/2019 12:09
149021,Lightning Charging Cable,1,1/4/2019 13:08
149022,Bose SoundSport Headphones,1,1/10/2019 16:48
149023,AAA Batteries (4-pack),1,1/18/2019 20:21
149024,USB-C Charging Cable,1,1/2/2019 9:57
149025,Lightning Charging Cable,1,1/19/2019 16:21
149026,Wired Headphones,2,1/20/2019 22:31
149027,AAA Batteries (4-pack),1,1/24/2019 19:59
149028,Lightning Charging Cable,1,1/29/2019 11:58
149029,Bose SoundSport Headphones,1,1/4/2019 0:29
149030,27in 4K Gaming Monitor,1,1/27/2019 16:24
149031,Bose SoundSport Headphones,1,1/30/2019 21:18
149032,Apple Airpods Headphones,1,1/11/2019 11:11
149033,Wired Headphones,1,1/18/2019 22:17
149034,AAA Batteries (4-pack),1,1/10/2019 18:50
149035,Lightning Charging Cable,1,1/13/2019 13:45
149036,AA Batteries (4-pack),1,1/24/2019 8:39
149036,Flatscreen TV,1,1/24/2019 8:39
149037,34in Ultrawide Monitor,1,1/18/2019 10:41
149038,AA Batteries (4-pack),1,1/18/2019 12:13
149039,Google Phone,1,1/9/2019 16:27
149040,AA Batteries (4-pack),1,1/26/2019 17:16
149041,USB-C Charging Cable,1,1/29/2019 15:42
149042,27in 4K Gaming Monitor,1,1/6/2019 11:42
149043,AA Batteries (4-pack),1,1/30/2019 11:30
149044,27in 4K Gaming Monitor,1,1/24/2019 11:26
149044,Lightning Charging Cable,1,1/24/2019 11:26
149045,20in Monitor,1,1/21/2019 22:04
149046,Bose SoundSport Headphones,1,1/24/2019 21:36
149047,Lightning Charging Cable,1,1/11/2019 11:16
149048,Wired Headphones,1,1/24/2019 1:40
149049,Bose SoundSport Headphones,1,1/18/2019 22:47
149050,Google Phone,1,1/23/2019 0:03
149051,USB-C Charging Cable,1,1/21/2019 17:40
149052,Apple Airpods Headphones,1,1/14/2019 8:48
149053,ThinkPad Laptop,1,1/8/2019 8:46
149054,AAA Batteries (4-pack),2,1/18/2019 18:53
149055,Wired Headphones,1,1/7/2019 11:26
149056,27in 4K Gaming Monitor,1,1/11/2019 16:46
149057,Lightning Charging Cable,1,1/3/2019 10:16
149058,Wired Headphones,1,1/28/2019 11:25
149059,Lightning Charging Cable,1,1/19/2019 11:55
149060,USB-C Charging Cable,1,1/7/2019 8:27
149061,20in Monitor,1,1/21/2019 8:23
149062,Google Phone,1,1/5/2019 19:22
149063,34in Ultrawide Monitor,1,1/26/2019 13:39
149064,USB-C Charging Cable,1,1/4/2019 20:15
149065,Apple Airpods Headphones,1,1/3/2019 15:33
149066,iPhone,1,1/4/2019 11:09
149067,USB-C Charging Cable,1,1/21/2019 10:02
149068,Wired Headphones,1,1/11/2019 7:30
149069,Apple Airpods Headphones,1,1/20/2019 9:17
149070,Google Phone,1,1/17/2019 10:27
149071,Macbook Pro Laptop,1,1/13/2019 10:53
149072,Macbook Pro Laptop,1,1/7/2019 13:51
149073,USB-C Charging Cable,1,1/13/2019 20:20
149074,AA Batteries (4-pack),1,1/28/2019 12:19
149075,27in FHD Monitor,1,1/20/2019 19:28
149076,AA Batteries (4-pack),1,1/8/2019 19:39
149077,Apple Airpods Headphones,1,1/10/2019 14:29
149078,AAA Batteries (4-pack),2,1/29/2019 15:26
149079,34in Ultrawide Monitor,1,1/22/2019 13:33
149080,Wired Headphones,1,1/29/2019 9:35
149081,AA Batteries (4-pack),1,1/30/2019 11:54
149081,Apple Airpods Headphones,1,1/30/2019 11:54
149082,Apple Airpods Headphones,1,1/9/2019 17:02
149083,Vareebadd Phone,1,1/27/2019 13:09
149084,27in 4K Gaming Monitor,1,1/17/2019 18:20
149085,Bose SoundSport Headphones,1,1/28/2019 21:09
149086,AA Batteries (4-pack),4,1/13/2019 7:29
149087,AAA Batteries (4-pack),2,1/16/2019 22:02
149088,AAA Batteries (4-pack),1,1/27/2019 22:25
149089,Bose SoundSport Headphones,1,1/24/2019 10:54
149090,USB-C Charging Cable,1,1/15/2019 20:42
149091,Apple Airpods Headphones,1,1/2/2019 22:36
149092,USB-C Charging Cable,1,1/20/2019 7:44
149093,Macbook Pro Laptop,1,1/9/2019 21:03
149094,Vareebadd Phone,1,1/2/2019 23:06
149095,27in FHD Monitor,1,1/22/2019 14:08
149096,AA Batteries (4-pack),1,1/8/2019 20:59
149097,USB-C Charging Cable,1,1/13/2019 12:12
149098,Lightning Charging Cable,1,1/18/2019 19:41
149099,Apple Airpods Headphones,1,1/12/2019 14:50
149100,USB-C Charging Cable,1,1/22/2019 13:18
149101,34in Ultrawide Monitor,1,1/29/2019 20:27
,,,
149102,USB-C Charging Cable,1,1/6/2019 22:48
,,,
149103,Apple Airpods Headphones,1,1/8/2019 7:55
149104,USB-C Charging Cable,1,1/17/2019 18:15
149105,Bose SoundSport Headphones,1,1/20/2019 17:54
149106,ThinkPad Laptop,1,1/3/2019 9:59
149107,iPhone,1,1/5/2019 19:45
149108,Google Phone,1,1/28/2019 13:11
149109,iPhone,1,1/19/2019 11:38
149110,Bose SoundSport Headphones,1,1/14/2019 21:32
149111,AAA Batteries (4-pack),1,1/29/2019 22:54
149112,AA Batteries (4-pack),3,1/21/2019 14:50
149113,Macbook Pro Laptop,1,1/8/2019 8:39
149114,AAA Batteries (4-pack),1,1/7/2019 17:43
149115,USB-C Charging Cable,2,1/21/2019 17:34
Order ID,Product,Quantity Ordered,Order Date
149116,USB-C Charging Cable,1,1/20/2019 11:58
149117,USB-C Charging Cable,1,1/17/2019 20:09
149118,Wired Headphones,1,1/16/2019 19:53
149119,AA Batteries (4-pack),1,1/16/2019 20:31
149120,20in Monitor,1,1/23/2019 9:29
149121,AAA Batteries (4-pack),2,1/23/2019 22:13
149122,Lightning Charging Cable,1,1/4/2019 8:22
149123,34in Ultrawide Monitor,1,1/22/2019 16:07
149124,AAA Batteries (4-pack),2,1/12/2019 17:33
149125,Google Phone,1,1/10/2019 20:58
149125,Bose SoundSport Headphones,1,1/10/2019 20:58
149126,20in Monitor,1,1/9/2019 21:50
149127,AA Batteries (4-pack),1,1/26/2019 12:25
149128,AAA Batteries (4-pack),2,1/26/2019 17:33
149129,20in Monitor,1,1/21/2019 18:18
149130,Flatscreen TV,1,1/21/2019 12:58
149131,Wired Headphones,2,1/30/2019 15:31
149132,AA Batteries (4-pack),1,1/26/2019 17:06
149133,AAA Batteries (4-pack),3,1/2/2019 15:04
149134,Vareebadd Phone,1,1/14/2019 16:43
149134,USB-C Charging Cable,1,1/14/2019 16:43
149134,Wired Headphones,1,1/14/2019 16:43
149135,AA Batteries (4-pack),1,1/27/2019 14:07
149136,34in Ultrawide Monitor,1,1/24/2019 16:36
149137,AA Batteries (4-pack),2,1/30/2019 21:23
149138,AAA Batteries (4-pack),1,1/28/2019 17:55
149139,ThinkPad Laptop,1,1/27/2019 8:41
149140,AA Batteries (4-pack),1,1/19/2019 18:19
149141,Bose SoundSport Headphones,1,1/13/2019 1:25
149142,Flatscreen TV,1,1/25/2019 18:43
149143,USB-C Charging Cable,1,1/5/2019 13:27
149144,Apple Airpods Headphones,1,1/12/2019 19:46
149145,USB-C Charging Cable,1,1/22/2019 14:51
149146,LG Washing Machine,1,1/26/2019 14:44
149147,27in 4K Gaming Monitor,1,1/16/2019 15:55
149148,Flatscreen TV,1,1/5/2019 22:05
149149,Lightning Charging Cable,1,1/12/2019 12:30
149149,Lightning Charging Cable,1,1/12/2019 12:30
149150,iPhone,1,1/21/2019 11:54
149151,ThinkPad Laptop,1,1/5/2019 13:57
149152,ThinkPad Laptop,1,1/28/2019 18:44
149153,AAA Batteries (4-pack),1,1/18/2019 22:22
149154,Wired Headphones,1,1/20/2019 0:18
149155,AAA Batteries (4-pack),1,1/26/2019 22:19
149156,AA Batteries (4-pack),1,1/6/2019 1:50
149157,AAA Batteries (4-pack),2,1/9/2019 21:43
149158,AAA Batteries (4-pack),1,1/28/2019 15:50
149159,USB-C Charging Cable,1,1/25/2019 14:43
149160,27in FHD Monitor,1,1/26/2019 19:45
149161,USB-C Charging Cable,1,1/13/2019 21:30
149162,USB-C Charging Cable,1,1/10/2019 13:25
149163,Lightning Charging Cable,1,1/1/2019 15:25
149164,iPhone,1,1/21/2019 17:29
149165,ThinkPad Laptop,1,1/11/2019 23:09
149166,Lightning Charging Cable,1,1/30/2019 21:45
149167,AAA Batteries (4-pack),1,1/21/2019 15:04
149168,AA Batteries (4-pack),1,1/27/2019 19:20
149169,USB-C Charging Cable,1,1/14/2019 9:06
149170,27in 4K Gaming Monitor,1,1/7/2019 19:18
149171,USB-C Charging Cable,1,1/6/2019 14:42
149172,Bose SoundSport Headphones,1,1/11/2019 11:17
149173,27in FHD Monitor,1,1/2/2019 14:54
149174,Apple Airpods Headphones,1,1/29/2019 20:46
149175,Apple Airpods Headphones,1,1/21/2019 8:25
149176,Bose SoundSport Headphones,1,1/6/2019 11:31
149177,USB-C Charging Cable,1,1/6/2019 15:07
149178,AA Batteries (4-pack),1,1/4/2019 0:57
149179,USB-C Charging Cable,1,1/17/2019 21:44
149180,USB-C Charging Cable,1,1/3/2019 14:55
149181,ThinkPad Laptop,1,1/6/2019 13:22
149182,27in FHD Monitor,1,1/30/2019 18:25
149183,Google Phone,1,1/16/2019 9:02
149184,Bose SoundSport Headphones,1,1/28/2019 21:40
149185,AA Batteries (4-pack),1,1/21/2019 10:30
149186,Bose SoundSport Headphones,1,1/15/2019 16:34
149187,Lightning Charging Cable,1,1/22/2019 11:14
149188,Bose SoundSport Headphones,1,1/25/2019 13:15
149189,27in 4K Gaming Monitor,1,1/5/2019 19:10
149190,27in FHD Monitor,1,1/10/2019 12:36
149191,Google Phone,1,1/31/2019 16:00
149192,USB-C Charging Cable,1,1/28/2019 14:30
149193,27in FHD Monitor,1,1/29/2019 16:25
149194,Wired Headphones,1,1/20/2019 18:03
149195,USB-C Charging Cable,2,1/26/2019 17:07
149196,Vareebadd Phone,1,1/15/2019 15:41
149197,Lightning Charging Cable,1,1/21/2019 13:30
149198,AAA Batteries (4-pack),2,1/13/2019 23:14
149199,iPhone,1,1/7/2019 10:34
149200,Wired Headphones,1,1/5/2019 9:13
149201,20in Monitor,1,1/3/2019 8:15
149202,Lightning Charging Cable,1,1/24/2019 16:31
149203,Wired Headphones,1,1/21/2019 9:05
149204,Apple Airpods Headphones,1,1/17/2019 9:29
149205,AAA Batteries (4-pack),1,1/22/2019 19:35
149206,27in 4K Gaming Monitor,1,1/19/2019 18:09
149207,Lightning Charging Cable,1,1/17/2019 11:05
149208,iPhone,1,1/22/2019 19:07
149209,AAA Batteries (4-pack),1,1/11/2019 14:25
149210,Apple Airpods Headphones,1,1/4/2019 13:21
149211,Vareebadd Phone,1,1/8/2019 13:15
149212,Wired Headphones,1,1/3/2019 19:10
149213,AAA Batteries (4-pack),1,1/12/2019 12:45
149214,27in FHD Monitor,1,1/8/2019 13:34
149215,27in FHD Monitor,1,1/28/2019 12:14
149216,AA Batteries (4-pack),1,1/2/2019 10:52
149217,Apple Airpods Headphones,1,1/17/2019 20:40
149218,Lightning Charging Cable,1,1/24/2019 16:46
149219,Lightning Charging Cable,1,1/10/2019 18:18
149220,AA Batteries (4-pack),3,1/10/2019 11:43
149221,Apple Airpods Headphones,1,1/9/2019 15:53
149222,AA Batteries (4-pack),1,1/27/2019 19:10
149223,LG Dryer,1,1/10/2019 14:32
149224,Lightning Charging Cable,1,1/25/2019 13:55
149225,Flatscreen TV,1,1/12/2019 9:55
149226,27in FHD Monitor,1,1/7/2019 1:34
149227,Wired Headphones,1,1/5/2019 12:38
149228,27in FHD Monitor,1,1/26/2019 17:57
149229,AAA Batteries (4-pack),1,1/3/2019 20:09
149230,AA Batteries (4-pack),1,1/24/2019 12:49
149231,Lightning Charging Cable,1,1/13/2019 21:48
149232,AAA Batteries (4-pack),1,1/14/2019 0:30
149233,27in 4K Gaming Monitor,1,1/11/2019 22:22
149234,Lightning Charging Cable,1,1/25/2019 20:04
149235,34in Ultrawide Monitor,1,1/9/2019 19:28
149236,AA Batteries (4-pack),2,1/27/2019 13:41
149237,AAA Batteries (4-pack),2,1/31/2019 16:14
149238,Lightning Charging Cable,1,1/5/2019 17:05
149239,AAA Batteries (4-pack),2,1/18/2019 22:21
149240,iPhone,1,1/26/2019 23:12
149241,AA Batteries (4-pack),3,1/28/2019 12:52
149242,Apple Airpods Headphones,1,1/18/2019 7:45
149243,Apple Airpods Headphones,1,1/21/2019 14:26
149244,Lightning Charging Cable,1,1/27/2019 11:59
149245,USB-C Charging Cable,3,1/13/2019 9:01
149246,AAA Batteries (4-pack),1,1/3/2019 14:08
149247,AA Batteries (4-pack),1,1/3/2019 10:43
149248,AAA Batteries (4-pack),1,1/2/2019 18:45
149249,Wired Headphones,2,1/20/2019 9:39
149250,34in Ultrawide Monitor,1,1/11/2019 22:53
149251,iPhone,1,1/13/2019 23:46
149252,Apple Airpods Headphones,1,1/17/2019 8:34
149253,Macbook Pro Laptop,1,1/2/2019 22:37
149254,Lightning Charging Cable,1,1/23/2019 21:42
149255,Apple Airpods Headphones,1,1/17/2019 23:33
149256,27in 4K Gaming Monitor,1,1/29/2019 10:10
149257,20in Monitor,1,1/30/2019 22:52
149258,USB-C Charging Cable,1,1/27/2019 21:50
149259,Apple Airpods Headphones,1,1/8/2019 13:25
149260,AAA Batteries (4-pack),1,1/31/2019 21:20
149261,iPhone,1,1/26/2019 11:18
149262,USB-C Charging Cable,1,1/23/2019 19:03
149263,Google Phone,1,1/3/2019 12:17
149263,USB-C Charging Cable,1,1/3/2019 12:17
149264,AAA Batteries (4-pack),1,1/3/2019 12:50
149265,Wired Headphones,1,1/17/2019 8:11
149266,AA Batteries (4-pack),1,1/13/2019 10:40
149267,Wired Headphones,1,1/12/2019 3:14
149268,Macbook Pro Laptop,1,1/11/2019 15:45
149269,34in Ultrawide Monitor,1,1/18/2019 14:32
149270,USB-C Charging Cable,1,1/24/2019 11:46
149271,AA Batteries (4-pack),1,1/19/2019 18:44
149272,Bose SoundSport Headphones,1,1/12/2019 12:46
149273,USB-C Charging Cable,1,1/12/2019 20:35
149274,27in 4K Gaming Monitor,1,1/14/2019 22:35
149275,AAA Batteries (4-pack),1,1/25/2019 21:51
149276,Lightning Charging Cable,1,1/16/2019 12:56
149277,USB-C Charging Cable,1,1/24/2019 12:06
149278,AA Batteries (4-pack),1,1/31/2019 14:16
149279,Wired Headphones,1,1/27/2019 11:00
149280,Wired Headphones,1,1/27/2019 17:28
149281,Apple Airpods Headphones,1,1/10/2019 20:24
149282,USB-C Charging Cable,1,1/15/2019 17:55
149283,Lightning Charging Cable,1,1/8/2019 10:22
149284,Lightning Charging Cable,1,1/28/2019 15:48
149285,AA Batteries (4-pack),2,1/24/2019 16:01
149286,Apple Airpods Headphones,1,1/1/2019 21:40
149287,USB-C Charging Cable,1,1/8/2019 11:25
149288,Wired Headphones,1,1/31/2019 19:59
149289,27in 4K Gaming Monitor,1,1/11/2019 8:52
149290,USB-C Charging Cable,1,1/10/2019 7:43
149291,34in Ultrawide Monitor,1,1/21/2019 11:41
149292,27in FHD Monitor,1,1/20/2019 22:21
149293,Apple Airpods Headphones,1,1/25/2019 23:12
149294,Bose SoundSport Headphones,1,1/30/2019 11:29
149295,27in 4K Gaming Monitor,1,1/9/2019 21:58
149296,AA Batteries (4-pack),2,1/10/2019 20:24
149297,Macbook Pro Laptop,1,1/29/2019 16:58
149298,Bose SoundSport Headphones,1,1/1/2019 13:14
149299,USB-C Charging Cable,1,1/2/2019 16:44
149300,Wired Headphones,1,1/3/2019 11:57
149301,AAA Batteries (4-pack),2,1/15/2019 13:16
149302,Apple Airpods Headphones,1,1/18/2019 11:25
149303,AA Batteries (4-pack),5,1/18/2019 12:12
149304,USB-C Charging Cable,1,1/5/2019 14:46
149305,20in Monitor,1,1/10/2019 16:02
149306,27in 4K Gaming Monitor,1,1/9/2019 0:10
149307,AAA Batteries (4-pack),1,1/13/2019 12:12
149308,Apple Airpods Headphones,1,1/2/2019 23:07
149308,Apple Airpods Headphones,1,1/2/2019 23:07
149309,Wired Headphones,1,1/26/2019 12:42
149310,27in FHD Monitor,1,1/29/2019 16:21
149311,Lightning Charging Cable,1,1/27/2019 19:22
149312,Wired Headphones,1,1/9/2019 10:48
149313,Lightning Charging Cable,1,1/9/2019 16:51
149314,Lightning Charging Cable,1,1/6/2019 15:43
149315,Lightning Charging Cable,1,1/16/2019 19:19
149316,USB-C Charging Cable,1,1/12/2019 21:16
149317,USB-C Charging Cable,1,1/16/2019 10:46
149318,AA Batteries (4-pack),2,1/6/2019 13:17
149319,34in Ultrawide Monitor,1,1/9/2019 23:08
149320,USB-C Charging Cable,1,1/8/2019 22:31
149321,27in 4K Gaming Monitor,1,1/12/2019 11:03
149322,Bose SoundSport Headphones,1,1/16/2019 9:32
149323,Apple Airpods Headphones,1,1/4/2019 10:45
149324,USB-C Charging Cable,2,1/6/2019 20:13
149325,AA Batteries (4-pack),1,1/10/2019 22:33
149326,AA Batteries (4-pack),1,1/17/2019 11:17
149327,27in FHD Monitor,1,1/27/2019 14:50
149327,Apple Airpods Headphones,1,1/27/2019 14:50
149328,34in Ultrawide Monitor,1,1/3/2019 19:02
149329,Bose SoundSport Headphones,1,1/15/2019 22:21
149330,Vareebadd Phone,1,1/6/2019 8:26
149331,Lightning Charging Cable,1,1/23/2019 21:07
149332,Apple Airpods Headphones,1,1/1/2019 18:30
149333,Wired Headphones,1,1/17/2019 9:40
149334,27in FHD Monitor,1,1/14/2019 19:32
149335,Macbook Pro Laptop,1,1/22/2019 14:50
149336,Vareebadd Phone,1,1/29/2019 10:29
149336,USB-C Charging Cable,1,1/29/2019 10:29
149337,Apple Airpods Headphones,1,1/23/2019 21:46
149338,AA Batteries (4-pack),1,1/28/2019 23:36
149339,Wired Headphones,1,1/24/2019 18:33
149340,27in 4K Gaming Monitor,1,1/2/2019 22:21
149341,iPhone,1,1/28/2019 21:48
149342,AA Batteries (4-pack),1,1/15/2019 9:56
149343,Apple Airpods Headphones,1,1/1/2019 4:56
149344,Lightning Charging Cable,1,1/21/2019 21:23
149345,iPhone,1,1/11/2019 12:43
149346,USB-C Charging Cable,1,1/18/2019 17:39
149347,Wired Headphones,1,1/20/2019 17:05
149348,AA Batteries (4-pack),2,1/31/2019 21:25
149349,Bose SoundSport Headphones,1,1/10/2019 9:59
149350,USB-C Charging Cable,2,1/1/2019 6:03
149351,Lightning Charging Cable,1,1/23/2019 13:59
149352,Lightning Charging Cable,1,1/12/2019 13:17
149353,USB-C Charging Cable,1,1/4/2019 5:31
149354,Lightning Charging Cable,1,1/10/2019 14:34
149355,AA Batteries (4-pack),1,1/26/2019 9:31
149356,34in Ultrawide Monitor,1,1/7/2019 10:46
149357,AAA Batteries (4-pack),1,1/10/2019 17:03
149358,iPhone,1,1/9/2019 14:17
149359,AAA Batteries (4-pack),1,1/30/2019 13:47
149360,USB-C Charging Cable,1,1/9/2019 7:29
149361,Apple Airpods Headphones,1,1/15/2019 17:55
149362,AAA Batteries (4-pack),2,1/12/2019 9:05
149363,27in FHD Monitor,1,1/28/2019 15:02
149364,AA Batteries (4-pack),2,1/23/2019 16:28
149365,Apple Airpods Headphones,1,1/9/2019 16:52
149366,Google Phone,1,1/20/2019 18:17
149367,Lightning Charging Cable,2,1/19/2019 16:31
149368,AAA Batteries (4-pack),1,1/1/2019 23:42
149369,Lightning Charging Cable,1,1/17/2019 19:30
149370,AAA Batteries (4-pack),1,1/24/2019 16:05
149371,27in 4K Gaming Monitor,1,1/18/2019 14:18
149372,AAA Batteries (4-pack),1,1/2/2019 8:43
149373,AA Batteries (4-pack),1,1/11/2019 17:49
149374,34in Ultrawide Monitor,1,1/24/2019 15:25
149375,iPhone,1,1/21/2019 22:13
149375,Lightning Charging Cable,1,1/21/2019 22:13
149376,USB-C Charging Cable,1,1/28/2019 13:26
149377,Lightning Charging Cable,1,1/15/2019 11:54
149378,AA Batteries (4-pack),2,1/1/2019 9:38
149379,Wired Headphones,1,1/19/2019 12:38
149380,Flatscreen TV,1,1/12/2019 12:56
149381,Google Phone,1,1/29/2019 9:28
149382,AAA Batteries (4-pack),2,1/31/2019 19:32
149383,ThinkPad Laptop,1,1/28/2019 9:37
149384,AA Batteries (4-pack),1,1/5/2019 10:17
149385,Wired Headphones,1,1/20/2019 12:23
149386,USB-C Charging Cable,1,1/1/2019 22:36
149387,Apple Airpods Headphones,1,1/26/2019 9:36
149388,USB-C Charging Cable,1,1/15/2019 20:25
149389,ThinkPad Laptop,1,1/31/2019 19:12
149390,20in Monitor,1,1/16/2019 18:06
149391,34in Ultrawide Monitor,1,1/15/2019 12:34
149391,Apple Airpods Headphones,1,1/15/2019 12:34
149392,20in Monitor,1,1/5/2019 8:16
149393,iPhone,1,1/13/2019 18:17
149394,Apple Airpods Headphones,1,1/31/2019 17:03
149395,Lightning Charging Cable,1,1/17/2019 12:10
149396,Wired Headphones,1,1/22/2019 6:13
149397,Vareebadd Phone,1,1/5/2019 20:52
149398,Lightning Charging Cable,1,1/10/2019 19:27
149399,Wired Headphones,1,1/14/2019 19:55
149400,Bose SoundSport Headphones,1,1/27/2019 13:05
149401,Lightning Charging Cable,1,1/5/2019 9:44
149402,AAA Batteries (4-pack),1,1/16/2019 20:04
149403,AA Batteries (4-pack),1,1/2/2019 10:57
149404,AAA Batteries (4-pack),1,1/29/2019 20:08
149405,34in Ultrawide Monitor,1,1/31/2019 19:17
149406,Google Phone,1,1/4/2019 10:34
149407,AAA Batteries (4-pack),1,1/14/2019 21:33
149408,AA Batteries (4-pack),3,1/20/2019 21:17
149409,AAA Batteries (4-pack),1,1/29/2019 9:35
149410,Lightning Charging Cable,1,1/22/2019 0:50
149411,27in FHD Monitor,1,1/14/2019 1:20
149412,Wired Headphones,1,1/11/2019 14:56
149413,Flatscreen TV,1,1/14/2019 1:32
149414,AA Batteries (4-pack),1,1/15/2019 20:02
149415,AAA Batteries (4-pack),1,1/5/2019 9:56
149416,Lightning Charging Cable,1,1/22/2019 19:48
149417,Lightning Charging Cable,1,1/2/2019 22:50
149418,34in Ultrawide Monitor,1,1/15/2019 10:52
149419,Lightning Charging Cable,1,1/30/2019 10:15
149420,Apple Airpods Headphones,1,1/9/2019 13:50
149421,Wired Headphones,1,1/1/2019 8:31
149422,Apple Airpods Headphones,1,1/31/2019 5:43
149423,USB-C Charging Cable,1,1/19/2019 8:54
149424,iPhone,1,1/28/2019 14:56
149425,AA Batteries (4-pack),1,1/28/2019 18:23
149426,Apple Airpods Headphones,1,1/16/2019 15:47
149427,AA Batteries (4-pack),1,1/28/2019 15:46
149428,27in FHD Monitor,1,1/29/2019 14:18
149429,Wired Headphones,1,1/20/2019 15:44
,,,
149430,Google Phone,1,1/17/2019 20:12
149431,Macbook Pro Laptop,1,1/27/2019 19:15
149432,AAA Batteries (4-pack),2,1/20/2019 8:57
149433,AA Batteries (4-pack),1,1/11/2019 11:54
149434,34in Ultrawide Monitor,1,1/14/2019 15:04
149435,USB-C Charging Cable,1,1/18/2019 18:55
149436,Lightning Charging Cable,1,1/11/2019 18:12
149437,Apple Airpods Headphones,1,1/5/2019 19:01
149438,Wired Headphones,1,1/24/2019 12:30
149439,AAA Batteries (4-pack),2,1/26/2019 22:29
149440,Wired Headphones,1,1/15/2019 13:52
149441,AA Batteries (4-pack),1,1/21/2019 11:49
149442,USB-C Charging Cable,1,1/27/2019 22:15
149443,AA Batteries (4-pack),1,1/15/2019 1:06
149444,Wired Headphones,1,1/12/2019 23:09
149445,ThinkPad Laptop,1,1/31/2019 19:17
149446,Lightning Charging Cable,1,1/8/2019 9:02
149447,AA Batteries (4-pack),1,1/27/2019 18:15
149448,Wired Headphones,1,1/9/2019 8:52
149449,ThinkPad Laptop,1,1/11/2019 12:08
149450,Wired Headphones,1,1/23/2019 20:12
149451,27in FHD Monitor,1,1/8/2019 15:32
149452,Wired Headphones,1,1/27/2019 12:28
149453,34in Ultrawide Monitor,1,1/21/2019 13:51
149454,AAA Batteries (4-pack),2,1/10/2019 10:09
149454,Wired Headphones,2,1/10/2019 10:09
,,,
149455,AAA Batteries (4-pack),1,1/17/2019 13:51
149456,34in Ultrawide Monitor,1,1/20/2019 14:43
149457,Wired Headphones,1,1/27/2019 22:46
149458,Wired Headphones,2,1/13/2019 14:13
149459,AA Batteries (4-pack),3,1/26/2019 14:17
149460,AA Batteries (4-pack),2,1/18/2019 22:02
149461,AA Batteries (4-pack),1,1/25/2019 13:13
149462,Apple Airpods Headphones,1,1/16/2019 13:23
149463,20in Monitor,1,1/15/2019 15:04
149464,27in 4K Gaming Monitor,1,1/2/2019 12:13
149465,Wired Headphones,1,1/28/2019 11:27
149466,Lightning Charging Cable,1,1/17/2019 21:34
149467,USB-C Charging Cable,1,1/27/2019 11:50
149468,ThinkPad Laptop,1,1/4/2019 17:41
149469,Wired Headphones,1,1/13/2019 17:34
149470,USB-C Charging Cable,1,1/30/2019 9:08
149471,20in Monitor,1,1/22/2019 14:47
149472,USB-C Charging Cable,2,1/19/2019 20:34
149473,27in 4K Gaming Monitor,1,1/15/2019 14:29
149474,Wired Headphones,1,1/18/2019 12:27
149475,34in Ultrawide Monitor,1,1/22/2019 8:51
149476,iPhone,1,1/29/2019 22:43
149476,Lightning Charging Cable,1,1/29/2019 22:43
149477,Wired Headphones,1,1/3/2019 23:21
149478,20in Monitor,1,1/15/2019 20:26
149479,Wired Headphones,2,1/29/2019 10:22
149480,AAA Batteries (4-pack),1,1/4/2019 11:12
149481,USB-C Charging Cable,1,1/6/2019 18:25
149482,AAA Batteries (4-pack),2,1/21/2019 18:00
149482,Lightning Charging Cable,1,1/21/2019 18:00
149483,27in FHD Monitor,1,1/4/2019 14:31
149484,27in 4K Gaming Monitor,1,1/28/2019 16:49
149485,34in Ultrawide Monitor,1,1/13/2019 0:40
149486,Vareebadd Phone,1,1/9/2019 23:04
149487,AAA Batteries (4-pack),2,1/22/2019 20:30
149488,USB-C Charging Cable,1,1/19/2019 18:51
149489,USB-C Charging Cable,1,1/2/2019 18:31
149490,Lightning Charging Cable,1,1/2/2019 12:59
149491,USB-C Charging Cable,1,1/22/2019 16:49
149492,AA Batteries (4-pack),1,1/1/2019 12:11
149493,27in FHD Monitor,1,1/23/2019 15:10
149494,Lightning Charging Cable,1,1/12/2019 15:40
149495,Lightning Charging Cable,1,1/5/2019 11:19
149496,Lightning Charging Cable,1,1/6/2019 13:27
149497,Wired Headphones,1,1/4/2019 15:59
149498,Wired Headphones,1,1/14/2019 20:48
149499,Vareebadd Phone,2,1/28/2019 16:55
149499,USB-C Charging Cable,1,1/28/2019 16:55
149499,Wired Headphones,1,1/28/2019 16:55
149500,iPhone,1,1/31/2019 19:27
149500,Lightning Charging Cable,1,1/31/2019 19:27
149501,AAA Batteries (4-pack),4,1/17/2019 15:34
149502,USB-C Charging Cable,1,1/18/2019 18:31
149503,Apple Airpods Headphones,1,1/13/2019 19:47
149504,iPhone,1,1/9/2019 15:34
149505,Google Phone,1,1/14/2019 10:06
149506,Apple Airpods Headphones,1,1/9/2019 19:05
149507,Bose SoundSport Headphones,1,1/10/2019 21:36
149508,LG Washing Machine,1,1/15/2019 15:47
149509,ThinkPad Laptop,1,1/1/2019 14:04
149510,AA Batteries (4-pack),1,1/15/2019 19:16
149511,AA Batteries (4-pack),1,1/5/2019 18:55
149512,USB-C Charging Cable,1,1/2/2019 20:28
149513,USB-C Charging Cable,1,1/30/2019 12:35
149514,Apple Airpods Headphones,1,1/8/2019 6:59
149515,USB-C Charging Cable,1,1/14/2019 21:19
149515,USB-C Charging Cable,1,1/14/2019 21:19
149516,34in Ultrawide Monitor,1,1/23/2019 11:02
149517,AA Batteries (4-pack),1,1/8/2019 22:28
149518,AA Batteries (4-pack),1,1/20/2019 21:50
149518,ThinkPad Laptop,1,1/20/2019 21:50
149519,Google Phone,1,1/18/2019 19:28
149520,Apple Airpods Headphones,1,1/13/2019 0:07
149521,Apple Airpods Headphones,1,1/30/2019 16:20
149522,Lightning Charging Cable,1,1/27/2019 16:59
149523,Flatscreen TV,1,1/30/2019 17:00
149524,AA Batteries (4-pack),1,1/1/2019 12:28
149525,Wired Headphones,2,1/13/2019 7:59
149526,AAA Batteries (4-pack),1,1/30/2019 15:57
149527,27in FHD Monitor,1,1/8/2019 16:49
149528,AA Batteries (4-pack),1,1/22/2019 21:27
149529,USB-C Charging Cable,1,1/9/2019 17:18
149530,ThinkPad Laptop,1,1/9/2019 16:11
149531,AAA Batteries (4-pack),3,1/30/2019 5:35
149532,34in Ultrawide Monitor,1,1/27/2019 12:08
149533,AA Batteries (4-pack),1,1/18/2019 22:45
149534,Bose SoundSport Headphones,1,1/17/2019 20:05
149535,AA Batteries (4-pack),2,1/13/2019 13:38
149536,Lightning Charging Cable,1,1/2/2019 17:00
149537,Wired Headphones,1,1/14/2019 0:46
149538,USB-C Charging Cable,2,1/4/2019 22:16
149539,Lightning Charging Cable,1,1/4/2019 18:15
149540,Lightning Charging Cable,1,1/9/2019 11:27
149541,Lightning Charging Cable,1,1/3/2019 21:20
149542,USB-C Charging Cable,2,1/23/2019 12:52
149543,Lightning Charging Cable,1,1/15/2019 17:28
149544,Apple Airpods Headphones,1,1/29/2019 23:21
149545,Lightning Charging Cable,2,1/26/2019 22:50
149546,AA Batteries (4-pack),1,1/1/2019 17:57
149546,Bose SoundSport Headphones,1,1/1/2019 17:57
149547,AAA Batteries (4-pack),1,1/29/2019 15:05
149548,27in FHD Monitor,1,1/13/2019 13:35
149549,Bose SoundSport Headphones,1,1/25/2019 19:46
149550,AAA Batteries (4-pack),2,1/20/2019 12:46
149551,USB-C Charging Cable,1,1/6/2019 15:19
149552,20in Monitor,1,1/10/2019 12:14
149553,USB-C Charging Cable,1,1/20/2019 19:07
149554,AA Batteries (4-pack),2,1/21/2019 22:52
149555,27in FHD Monitor,1,1/11/2019 23:46
149556,AAA Batteries (4-pack),1,1/22/2019 15:13
149557,USB-C Charging Cable,1,1/15/2019 16:37
149558,34in Ultrawide Monitor,1,1/30/2019 23:07
149559,Apple Airpods Headphones,1,1/24/2019 13:05
149560,USB-C Charging Cable,1,1/6/2019 18:18
149561,Google Phone,1,1/24/2019 20:12
149561,Wired Headphones,2,1/24/2019 20:12
149562,AA Batteries (4-pack),1,1/5/2019 23:22
149563,USB-C Charging Cable,1,1/5/2019 11:12
149564,Macbook Pro Laptop,1,1/1/2019 18:39
149565,AAA Batteries (4-pack),2,1/29/2019 13:51
149566,27in FHD Monitor,1,1/6/2019 10:22
149567,Lightning Charging Cable,1,1/19/2019 19:12
149568,AAA Batteries (4-pack),2,1/30/2019 18:47
149569,Google Phone,1,1/29/2019 15:48
149570,Macbook Pro Laptop,1,1/26/2019 8:30
149571,20in Monitor,1,1/2/2019 15:08
149572,Flatscreen TV,1,1/31/2019 14:45
149573,AA Batteries (4-pack),1,1/29/2019 21:23
149574,Bose SoundSport Headphones,1,1/8/2019 14:06
149575,Lightning Charging Cable,1,1/18/2019 13:46
149576,Bose SoundSport Headphones,1,1/12/2019 20:56
149577,AAA Batteries (4-pack),3,1/9/2019 15:43
149578,Wired Headphones,1,1/16/2019 20:59
149579,Macbook Pro Laptop,1,1/1/2019 10:09
149580,Wired Headphones,1,1/29/2019 13:51
149581,Bose SoundSport Headphones,1,1/28/2019 16:45
149582,iPhone,1,1/18/2019 19:12
149583,Wired Headphones,1,1/9/2019 7:23
149584,AA Batteries (4-pack),1,1/12/2019 10:50
149585,ThinkPad Laptop,1,1/20/2019 18:09
149586,USB-C Charging Cable,1,1/1/2019 7:47
149587,Apple Airpods Headphones,1,1/16/2019 11:16
149588,Lightning Charging Cable,1,1/9/2019 9:09
149589,USB-C Charging Cable,1,1/28/2019 21:12
149590,USB-C Charging Cable,1,1/11/2019 11:03
149591,Wired Headphones,1,1/9/2019 14:26
149592,USB-C Charging Cable,1,1/27/2019 9:41
149593,Lightning Charging Cable,2,1/7/2019 15:11
149594,27in 4K Gaming Monitor,1,1/12/2019 20:54
149595,USB-C Charging Cable,1,1/16/2019 13:12
149596,Lightning Charging Cable,1,1/26/2019 13:05
149597,AA Batteries (4-pack),3,1/23/2019 20:32
149598,AAA Batteries (4-pack),1,1/24/2019 14:28
149599,USB-C Charging Cable,1,1/25/2019 9:00
149600,AAA Batteries (4-pack),1,1/29/2019 12:04
149601,AAA Batteries (4-pack),2,1/14/2019 21:27
149602,34in Ultrawide Monitor,1,1/22/2019 11:32
149603,Lightning Charging Cable,1,1/20/2019 14:30
149604,Vareebadd Phone,1,1/4/2019 11:40
149604,Wired Headphones,1,1/4/2019 11:40
149605,AA Batteries (4-pack),1,1/25/2019 19:52
149606,iPhone,1,1/25/2019 15:08
149606,Lightning Charging Cable,1,1/25/2019 15:08
149607,USB-C Charging Cable,1,1/4/2019 16:38
149608,AA Batteries (4-pack),1,1/24/2019 19:40
149609,AAA Batteries (4-pack),6,1/19/2019 22:14
149610,AAA Batteries (4-pack),1,1/13/2019 12:15
149611,ThinkPad Laptop,2,1/31/2019 17:47
149612,Wired Headphones,1,1/22/2019 23:17
149613,AA Batteries (4-pack),1,1/30/2019 14:55
149614,Lightning Charging Cable,1,1/26/2019 14:29
149615,27in FHD Monitor,1,1/25/2019 17:18
149616,Google Phone,1,1/2/2019 9:17
149616,USB-C Charging Cable,1,1/2/2019 9:17
149617,Google Phone,1,1/6/2019 11:23
149618,Apple Airpods Headphones,1,1/29/2019 19:58
149619,Bose SoundSport Headphones,1,1/21/2019 20:04
149620,Lightning Charging Cable,1,1/1/2019 6:34
149621,Bose SoundSport Headphones,1,1/20/2019 15:37
149622,Bose SoundSport Headphones,1,1/26/2019 15:58
149623,AA Batteries (4-pack),1,1/9/2019 19:00
149624,Lightning Charging Cable,1,1/15/2019 14:33
149625,AA Batteries (4-pack),1,1/14/2019 15:29
149626,AA Batteries (4-pack),1,1/17/2019 13:39
149627,AA Batteries (4-pack),1,1/30/2019 15:24
149628,Bose SoundSport Headphones,1,1/26/2019 9:20
149629,AA Batteries (4-pack),1,1/28/2019 13:11
149630,Wired Headphones,1,1/4/2019 15:16
149631,USB-C Charging Cable,1,1/1/2019 20:33
149632,USB-C Charging Cable,1,1/14/2019 15:21
149632,Bose SoundSport Headphones,1,1/14/2019 15:21
149633,AA Batteries (4-pack),1,1/16/2019 21:59
149634,Apple Airpods Headphones,1,1/12/2019 9:30
149635,27in 4K Gaming Monitor,1,1/27/2019 22:50
149636,27in FHD Monitor,1,1/25/2019 12:26
149637,Bose SoundSport Headphones,1,1/23/2019 13:34
149638,USB-C Charging Cable,1,1/4/2019 11:51
149639,Lightning Charging Cable,1,1/10/2019 9:15
149640,Lightning Charging Cable,1,1/20/2019 16:07
149641,USB-C Charging Cable,1,1/9/2019 13:45
149642,AAA Batteries (4-pack),2,1/13/2019 22:51
149643,iPhone,1,1/31/2019 11:29
149644,AAA Batteries (4-pack),1,1/22/2019 10:37
149645,AA Batteries (4-pack),1,1/26/2019 8:10
149646,USB-C Charging Cable,1,1/13/2019 18:33
149647,Lightning Charging Cable,1,1/2/2019 15:32
149648,AAA Batteries (4-pack),1,1/29/2019 8:53
149649,ThinkPad Laptop,1,1/31/2019 9:21
149650,Wired Headphones,1,1/31/2019 18:45
149651,Macbook Pro Laptop,1,1/19/2019 13:20
149652,AAA Batteries (4-pack),2,1/5/2019 13:28
149653,Vareebadd Phone,1,1/16/2019 13:56
149654,AA Batteries (4-pack),1,1/5/2019 21:55
149655,Lightning Charging Cable,1,1/25/2019 12:28
149656,Lightning Charging Cable,1,1/28/2019 19:05
149657,Bose SoundSport Headphones,1,1/10/2019 9:03
149658,34in Ultrawide Monitor,1,1/30/2019 18:46
149659,AA Batteries (4-pack),1,1/21/2019 19:47
149660,27in FHD Monitor,1,1/6/2019 16:06
149661,AA Batteries (4-pack),3,1/13/2019 13:59
149662,Apple Airpods Headphones,1,1/27/2019 8:51
149663,AAA Batteries (4-pack),1,1/22/2019 14:05
149664,Apple Airpods Headphones,1,1/2/2019 12:06
149665,USB-C Charging Cable,1,1/3/2019 18:28
149666,Wired Headphones,1,1/11/2019 19:21
149667,Apple Airpods Headphones,1,1/2/2019 15:36
149668,USB-C Charging Cable,1,1/24/2019 13:17
149669,Apple Airpods Headphones,1,1/18/2019 20:45
149670,27in FHD Monitor,1,1/24/2019 10:52
149671,iPhone,1,1/22/2019 2:07
149672,Macbook Pro Laptop,1,1/20/2019 0:15
149673,Bose SoundSport Headphones,1,1/22/2019 15:09
149674,Apple Airpods Headphones,1,1/4/2019 23:28
149675,Lightning Charging Cable,1,1/13/2019 10:21
149676,Flatscreen TV,1,1/1/2019 17:53
149677,AA Batteries (4-pack),1,1/19/2019 18:01
149678,27in FHD Monitor,1,1/22/2019 15:19
149679,Wired Headphones,1,1/2/2019 17:12
149680,Wired Headphones,1,1/14/2019 15:21
149681,AA Batteries (4-pack),2,1/28/2019 8:07
149682,AAA Batteries (4-pack),1,1/19/2019 11:05
149683,Flatscreen TV,1,1/14/2019 7:56
149684,USB-C Charging Cable,1,1/22/2019 18:30
149685,Wired Headphones,1,1/24/2019 16:35
149686,Wired Headphones,1,1/7/2019 12:03
149687,AAA Batteries (4-pack),3,1/21/2019 17:19
149688,Apple Airpods Headphones,1,1/12/2019 22:58
149689,Apple Airpods Headphones,1,1/6/2019 21:35
149690,Lightning Charging Cable,2,1/27/2019 18:04
149691,AAA Batteries (4-pack),1,1/11/2019 19:29
149692,AA Batteries (4-pack),1,1/30/2019 11:00
149693,USB-C Charging Cable,1,1/20/2019 19:48
149694,AAA Batteries (4-pack),2,1/25/2019 11:26
149695,Lightning Charging Cable,1,1/7/2019 0:03
149696,27in 4K Gaming Monitor,1,1/15/2019 12:51
149697,27in FHD Monitor,1,1/19/2019 23:24
149698,Flatscreen TV,1,1/19/2019 18:54
149699,Apple Airpods Headphones,1,1/5/2019 20:24
149700,Lightning Charging Cable,1,1/6/2019 23:24
149701,AAA Batteries (4-pack),1,1/22/2019 7:14
149702,27in 4K Gaming Monitor,1,1/20/2019 13:36
149703,AAA Batteries (4-pack),1,1/31/2019 14:25
149704,Lightning Charging Cable,1,1/9/2019 14:00
149705,Google Phone,1,1/18/2019 21:02
149706,AAA Batteries (4-pack),1,1/11/2019 22:15
149707,Lightning Charging Cable,1,1/17/2019 12:43
149708,Wired Headphones,1,1/24/2019 19:27
149709,Apple Airpods Headphones,1,1/14/2019 6:53
149710,27in 4K Gaming Monitor,1,1/31/2019 18:10
149711,ThinkPad Laptop,1,1/22/2019 9:45
149712,Bose SoundSport Headphones,1,1/28/2019 21:15
149713,34in Ultrawide Monitor,1,1/26/2019 16:40
149714,34in Ultrawide Monitor,1,1/13/2019 14:48
149715,Apple Airpods Headphones,1,1/26/2019 10:54
149716,AA Batteries (4-pack),1,1/30/2019 10:32
149717,Apple Airpods Headphones,1,1/5/2019 8:52
149718,Macbook Pro Laptop,1,1/26/2019 11:18
149719,AA Batteries (4-pack),1,1/12/2019 10:09
149719,Google Phone,1,1/12/2019 10:09
149720,AAA Batteries (4-pack),2,1/21/2019 23:56
149721,USB-C Charging Cable,1,1/9/2019 22:22
149722,Bose SoundSport Headphones,1,1/3/2019 11:46
149723,Wired Headphones,2,1/9/2019 15:27
149724,27in 4K Gaming Monitor,1,1/6/2019 19:25
149725,AAA Batteries (4-pack),1,1/13/2019 12:08
149726,AAA Batteries (4-pack),1,1/17/2019 17:13
149727,Lightning Charging Cable,1,1/31/2019 18:34
149728,Bose SoundSport Headphones,1,1/31/2019 15:53
149729,AAA Batteries (4-pack),1,1/29/2019 20:13
149730,Wired Headphones,1,1/12/2019 19:16
149731,AA Batteries (4-pack),2,1/11/2019 12:33
149731,Apple Airpods Headphones,1,1/11/2019 12:33
149732,iPhone,1,1/29/2019 20:02
149733,LG Dryer,1,1/21/2019 20:16
149734,Bose SoundSport Headphones,1,1/12/2019 16:55
149735,AAA Batteries (4-pack),1,1/20/2019 16:29
149736,AA Batteries (4-pack),2,1/6/2019 6:00
149737,Bose SoundSport Headphones,1,1/13/2019 10:43
149738,USB-C Charging Cable,1,1/11/2019 11:22
149738,USB-C Charging Cable,1,1/11/2019 11:22
149739,27in FHD Monitor,1,1/18/2019 17:45
149740,AAA Batteries (4-pack),3,1/8/2019 21:26
149741,AA Batteries (4-pack),1,1/9/2019 19:29
149742,AAA Batteries (4-pack),4,1/9/2019 19:28
149743,Wired Headphones,1,1/5/2019 11:33
149744,AAA Batteries (4-pack),1,1/28/2019 17:20
149745,Bose SoundSport Headphones,1,1/28/2019 9:31
149746,Wired Headphones,2,1/5/2019 23:28
149747,27in FHD Monitor,1,1/26/2019 7:29
149748,27in FHD Monitor,1,1/23/2019 16:14
149749,Lightning Charging Cable,1,1/16/2019 17:59
149750,AAA Batteries (4-pack),2,1/28/2019 20:57
149751,Wired Headphones,1,1/13/2019 0:16
149752,Flatscreen TV,1,1/30/2019 13:02
149753,Wired Headphones,1,1/7/2019 22:00
149754,iPhone,1,1/14/2019 9:24
149755,Apple Airpods Headphones,1,1/16/2019 21:23
149756,27in FHD Monitor,1,1/9/2019 19:12
149757,Google Phone,1,1/17/2019 20:08
149758,AA Batteries (4-pack),1,1/20/2019 9:07
149759,Apple Airpods Headphones,1,1/28/2019 9:31
149760,USB-C Charging Cable,1,1/24/2019 12:16
149761,AAA Batteries (4-pack),1,1/16/2019 13:22
149762,AA Batteries (4-pack),1,1/8/2019 10:59
149763,Bose SoundSport Headphones,1,1/5/2019 18:16
149764,20in Monitor,1,1/25/2019 7:28
149765,Lightning Charging Cable,1,1/5/2019 17:36
149766,Apple Airpods Headphones,1,1/8/2019 21:38
149767,AA Batteries (4-pack),3,1/25/2019 11:10
149768,Apple Airpods Headphones,1,1/19/2019 23:22
149769,AAA Batteries (4-pack),3,1/31/2019 11:00
149770,27in FHD Monitor,1,1/10/2019 1:29
149771,Macbook Pro Laptop,1,1/18/2019 15:42
149772,AAA Batteries (4-pack),1,1/15/2019 12:16
149773,Wired Headphones,1,1/18/2019 22:07
149773,27in FHD Monitor,1,1/18/2019 22:07
149774,AAA Batteries (4-pack),1,1/6/2019 11:47
149775,AA Batteries (4-pack),1,1/20/2019 1:21
149776,Lightning Charging Cable,1,1/4/2019 15:46
149777,Lightning Charging Cable,1,1/29/2019 13:42
149778,Wired Headphones,1,1/15/2019 10:51
149779,27in FHD Monitor,1,1/17/2019 11:40
149780,Lightning Charging Cable,1,1/23/2019 10:55
149781,27in 4K Gaming Monitor,1,1/2/2019 14:42
149782,27in 4K Gaming Monitor,1,1/30/2019 7:17
149783,USB-C Charging Cable,1,1/1/2019 11:36
149784,Apple Airpods Headphones,1,1/5/2019 21:27
149785,Lightning Charging Cable,1,1/25/2019 11:41
149786,LG Washing Machine,1,1/31/2019 12:01
149787,Lightning Charging Cable,1,1/9/2019 0:07
149788,Flatscreen TV,1,1/28/2019 0:52
149789,34in Ultrawide Monitor,1,1/13/2019 15:33
149790,Google Phone,1,1/8/2019 12:33
149791,AA Batteries (4-pack),1,1/30/2019 5:07
149792,Bose SoundSport Headphones,1,1/19/2019 20:35
149793,Lightning Charging Cable,2,1/1/2019 16:53
149794,Bose SoundSport Headphones,1,1/5/2019 14:24
149795,Flatscreen TV,1,1/20/2019 21:02
149796,Bose SoundSport Headphones,1,1/19/2019 10:32
149797,Apple Airpods Headphones,1,1/10/2019 19:23
149798,Bose SoundSport Headphones,1,1/23/2019 11:19
149799,Lightning Charging Cable,2,1/8/2019 11:21
149800,Bose SoundSport Headphones,1,1/25/2019 21:01
149801,Vareebadd Phone,1,1/21/2019 16:37
149802,USB-C Charging Cable,1,1/20/2019 23:04
149803,27in FHD Monitor,1,1/11/2019 10:11
149804,AA Batteries (4-pack),1,1/26/2019 12:29
149805,Macbook Pro Laptop,1,1/13/2019 14:59
149806,Apple Airpods Headphones,1,1/15/2019 12:52
149807,AAA Batteries (4-pack),1,1/6/2019 10:23
149808,AA Batteries (4-pack),1,1/3/2019 9:46
149809,Lightning Charging Cable,1,1/9/2019 10:00
149810,Bose SoundSport Headphones,1,1/22/2019 22:23
149811,USB-C Charging Cable,1,1/29/2019 10:38
149812,Lightning Charging Cable,1,1/6/2019 11:36
149812,Flatscreen TV,1,1/6/2019 11:36
149813,USB-C Charging Cable,2,1/11/2019 8:43
149814,iPhone,1,1/4/2019 10:44
149815,34in Ultrawide Monitor,1,1/14/2019 21:09
149816,AAA Batteries (4-pack),1,1/29/2019 16:06
149817,34in Ultrawide Monitor,1,1/14/2019 18:29
149818,34in Ultrawide Monitor,1,1/8/2019 21:18
149819,Bose SoundSport Headphones,1,1/24/2019 12:00
149820,Wired Headphones,1,1/25/2019 23:07
149821,Apple Airpods Headphones,1,1/28/2019 18:23
149822,Flatscreen TV,1,1/7/2019 19:28
149823,AA Batteries (4-pack),2,1/7/2019 16:33
149824,AA Batteries (4-pack),2,1/9/2019 16:31
149825,USB-C Charging Cable,1,1/23/2019 17:23
149826,AAA Batteries (4-pack),2,1/12/2019 10:59
149827,27in FHD Monitor,1,1/31/2019 13:19
149828,AA Batteries (4-pack),1,1/13/2019 1:49
149829,Lightning Charging Cable,1,1/26/2019 12:27
149830,Bose SoundSport Headphones,1,1/26/2019 11:42
149831,Wired Headphones,1,1/8/2019 17:33
149832,LG Dryer,1,1/10/2019 19:59
149833,34in Ultrawide Monitor,1,1/9/2019 0:29
149834,USB-C Charging Cable,1,1/10/2019 13:28
149835,USB-C Charging Cable,1,1/6/2019 16:10
149836,Bose SoundSport Headphones,1,1/27/2019 22:28
149837,Apple Airpods Headphones,1,1/4/2019 8:16
149838,27in 4K Gaming Monitor,1,1/22/2019 9:31
149839,27in FHD Monitor,1,1/3/2019 13:40
149840,34in Ultrawide Monitor,1,1/20/2019 15:01
149841,AA Batteries (4-pack),1,1/24/2019 12:03
149842,iPhone,1,1/13/2019 9:25
149843,Macbook Pro Laptop,1,1/22/2019 13:50
149844,USB-C Charging Cable,1,1/11/2019 15:49
149845,USB-C Charging Cable,1,1/26/2019 7:14
149846,34in Ultrawide Monitor,1,1/7/2019 14:36
149847,ThinkPad Laptop,1,1/28/2019 22:27
149848,Lightning Charging Cable,1,1/17/2019 13:43
149849,Apple Airpods Headphones,1,1/20/2019 17:48
149850,iPhone,1,1/13/2019 19:21
149851,20in Monitor,1,1/13/2019 6:12
149852,AAA Batteries (4-pack),1,1/18/2019 2:58
149853,Lightning Charging Cable,1,1/24/2019 17:54
149854,Google Phone,1,1/29/2019 6:36
149855,Wired Headphones,1,1/10/2019 22:22
149856,AA Batteries (4-pack),2,1/18/2019 16:37
149857,iPhone,1,1/7/2019 10:59
149857,Apple Airpods Headphones,1,1/7/2019 10:59
149858,AAA Batteries (4-pack),1,1/25/2019 13:54
149859,Lightning Charging Cable,1,1/9/2019 22:43
149860,Apple Airpods Headphones,1,1/19/2019 11:26
149861,34in Ultrawide Monitor,1,1/19/2019 10:56
149862,Bose SoundSport Headphones,1,1/23/2019 20:32
149863,Lightning Charging Cable,1,1/26/2019 18:39
149864,Flatscreen TV,1,1/16/2019 15:29
149865,Lightning Charging Cable,1,1/11/2019 3:22
149866,AA Batteries (4-pack),2,1/2/2019 7:57
149867,USB-C Charging Cable,1,1/5/2019 16:49
149868,USB-C Charging Cable,1,1/1/2019 20:23
149869,Wired Headphones,1,1/28/2019 13:30
149870,AA Batteries (4-pack),1,1/7/2019 8:30
149871,27in 4K Gaming Monitor,1,1/9/2019 18:26
149872,Wired Headphones,2,1/27/2019 18:32
149873,Wired Headphones,1,1/23/2019 8:34
149874,Macbook Pro Laptop,1,1/29/2019 20:05
149875,Bose SoundSport Headphones,1,1/7/2019 23:10
149876,Bose SoundSport Headphones,1,1/14/2019 0:09
149877,USB-C Charging Cable,1,1/3/2019 12:35
149878,AAA Batteries (4-pack),1,1/21/2019 10:43
149879,AAA Batteries (4-pack),1,1/15/2019 11:44
149880,AAA Batteries (4-pack),1,1/18/2019 4:54
149881,AAA Batteries (4-pack),1,1/22/2019 16:07
149882,Wired Headphones,1,1/17/2019 11:04
149883,AAA Batteries (4-pack),2,1/30/2019 4:03
149884,Apple Airpods Headphones,1,1/7/2019 8:38
149885,Apple Airpods Headphones,1,1/8/2019 8:04
149886,iPhone,1,1/11/2019 16:57
149887,Macbook Pro Laptop,1,1/27/2019 18:17
149888,Macbook Pro Laptop,1,1/26/2019 11:12
149889,Apple Airpods Headphones,1,1/18/2019 22:13
149890,Bose SoundSport Headphones,1,1/25/2019 10:59
149891,Apple Airpods Headphones,1,1/15/2019 17:36
149892,AA Batteries (4-pack),1,1/17/2019 8:53
149893,Apple Airpods Headphones,1,1/8/2019 12:59
149894,Google Phone,1,1/24/2019 14:45
149894,USB-C Charging Cable,1,1/24/2019 14:45
149895,Bose SoundSport Headphones,1,1/25/2019 18:26
149896,Flatscreen TV,1,1/17/2019 23:20
149897,AAA Batteries (4-pack),1,1/21/2019 9:24
149898,USB-C Charging Cable,1,1/6/2019 18:48
149899,USB-C Charging Cable,1,1/17/2019 11:00
149900,iPhone,1,1/3/2019 9:56
149901,Bose SoundSport Headphones,1,1/3/2019 14:34
149902,iPhone,1,1/22/2019 16:52
149902,Lightning Charging Cable,1,1/22/2019 16:52
149903,USB-C Charging Cable,1,1/27/2019 9:01
149904,AA Batteries (4-pack),1,1/11/2019 8:53
149905,Bose SoundSport Headphones,1,1/21/2019 21:18
149906,USB-C Charging Cable,1,1/19/2019 4:43
149906,iPhone,1,1/19/2019 4:43
149907,Google Phone,1,1/31/2019 11:01
149908,AAA Batteries (4-pack),4,1/9/2019 19:27
149909,27in 4K Gaming Monitor,1,1/26/2019 11:14
149910,Wired Headphones,1,1/22/2019 18:52
149911,Bose SoundSport Headphones,1,1/4/2019 21:33
149912,Wired Headphones,1,1/1/2019 13:10
149913,Bose SoundSport Headphones,1,1/6/2019 11:04
149914,iPhone,1,1/24/2019 20:13
149915,AA Batteries (4-pack),1,1/31/2019 16:17
149916,Lightning Charging Cable,1,1/2/2019 16:45
149917,AA Batteries (4-pack),1,1/6/2019 21:27
149918,Apple Airpods Headphones,1,1/26/2019 18:15
149919,AA Batteries (4-pack),2,1/31/2019 22:05
149920,20in Monitor,1,1/11/2019 15:56
149921,AA Batteries (4-pack),1,1/14/2019 10:04
149922,Bose SoundSport Headphones,1,1/23/2019 19:33
149923,Lightning Charging Cable,1,1/10/2019 18:45
149924,27in 4K Gaming Monitor,1,1/7/2019 16:04
149925,AAA Batteries (4-pack),2,1/26/2019 17:28
149926,iPhone,1,1/1/2019 9:33
149927,20in Monitor,1,1/29/2019 10:32
149928,AAA Batteries (4-pack),2,1/20/2019 7:50
149929,27in 4K Gaming Monitor,1,1/1/2019 10:02
149930,27in FHD Monitor,1,1/15/2019 8:26
149931,iPhone,1,1/16/2019 15:24
149931,USB-C Charging Cable,1,1/16/2019 15:24
149932,Bose SoundSport Headphones,1,1/12/2019 7:58
149933,LG Dryer,1,1/2/2019 11:31
149934,Apple Airpods Headphones,1,1/30/2019 22:01
149935,Lightning Charging Cable,1,1/7/2019 13:13
149936,Google Phone,1,1/20/2019 13:13
149936,USB-C Charging Cable,1,1/20/2019 13:13
149936,Bose SoundSport Headphones,1,1/20/2019 13:13
149937,AAA Batteries (4-pack),2,1/31/2019 11:19
149938,USB-C Charging Cable,1,1/6/2019 21:39
149939,AA Batteries (4-pack),1,1/29/2019 13:46
149940,Lightning Charging Cable,1,1/1/2019 16:31
149941,Wired Headphones,2,1/26/2019 9:59
149942,Macbook Pro Laptop,1,1/5/2019 8:13
149943,AAA Batteries (4-pack),1,1/25/2019 2:30
149944,20in Monitor,1,1/7/2019 21:34
149945,AAA Batteries (4-pack),2,1/15/2019 20:40
149946,AA Batteries (4-pack),1,1/17/2019 16:24
149947,Apple Airpods Headphones,1,1/31/2019 17:37
149948,Bose SoundSport Headphones,1,1/9/2019 0:05
149949,USB-C Charging Cable,1,1/15/2019 13:40
,,,
149950,Apple Airpods Headphones,1,1/25/2019 12:49
149951,USB-C Charging Cable,1,1/25/2019 11:34
149952,20in Monitor,1,1/6/2019 18:10
149953,USB-C Charging Cable,2,1/17/2019 11:41
149954,Vareebadd Phone,1,1/22/2019 16:27
149954,USB-C Charging Cable,1,1/22/2019 16:27
149955,AAA Batteries (4-pack),2,1/25/2019 16:24
149956,Flatscreen TV,1,1/21/2019 13:16
149957,AA Batteries (4-pack),1,1/16/2019 7:57
149958,Flatscreen TV,1,1/13/2019 23:28
149959,Apple Airpods Headphones,1,1/10/2019 19:08
149960,USB-C Charging Cable,1,1/15/2019 18:31
149961,USB-C Charging Cable,1,1/28/2019 20:28
149962,27in 4K Gaming Monitor,1,1/10/2019 20:19
149962,USB-C Charging Cable,1,1/10/2019 20:19
149963,27in 4K Gaming Monitor,1,1/5/2019 20:49
149964,AAA Batteries (4-pack),1,1/1/2019 5:53
149965,27in FHD Monitor,1,1/24/2019 10:27
149966,Lightning Charging Cable,1,1/25/2019 13:33
149967,USB-C Charging Cable,1,1/7/2019 17:00
149968,AA Batteries (4-pack),1,1/19/2019 8:11
149969,USB-C Charging Cable,1,1/13/2019 11:04
149970,27in FHD Monitor,1,1/6/2019 7:29
149971,iPhone,1,1/27/2019 18:40
149972,AA Batteries (4-pack),4,1/22/2019 12:23
149973,AAA Batteries (4-pack),1,1/21/2019 17:15
149974,Apple Airpods Headphones,1,1/21/2019 22:37
149975,Bose SoundSport Headphones,1,1/10/2019 9:21
149976,20in Monitor,1,1/27/2019 12:50
149977,Bose SoundSport Headphones,1,1/25/2019 18:19
149978,AAA Batteries (4-pack),1,1/31/2019 13:58
149979,Bose SoundSport Headphones,1,1/11/2019 9:15
149980,Apple Airpods Headphones,1,1/17/2019 13:52
149981,LG Dryer,1,1/4/2019 21:30
149982,AA Batteries (4-pack),1,1/14/2019 12:06
149983,Macbook Pro Laptop,1,1/22/2019 12:31
149984,AA Batteries (4-pack),4,1/5/2019 23:34
149985,iPhone,1,1/23/2019 14:33
149985,Lightning Charging Cable,1,1/23/2019 14:33
149986,Google Phone,1,1/6/2019 15:42
149986,Wired Headphones,1,1/6/2019 15:42
149987,Lightning Charging Cable,1,1/9/2019 12:04
149988,iPhone,1,1/3/2019 9:49
149989,Apple Airpods Headphones,1,1/29/2019 22:21
149990,Bose SoundSport Headphones,1,1/14/2019 16:42
149991,Wired Headphones,1,1/10/2019 10:19
149992,iPhone,1,1/6/2019 20:03
149993,Google Phone,1,1/24/2019 10:58
149994,AAA Batteries (4-pack),1,1/17/2019 10:01
149995,ThinkPad Laptop,1,1/6/2019 0:26
149996,34in Ultrawide Monitor,1,1/1/2019 11:35
149997,LG Washing Machine,1,1/3/2019 16:25
149998,Flatscreen TV,1,1/26/2019 23:30
149999,AA Batteries (4-pack),1,1/19/2019 0:27
150000,27in 4K Gaming Monitor,1,1/25/2019 22:03
150001,Apple Airpods Headphones,1,1/26/2019 16:26
150002,Google Phone,1,1/24/2019 9:38
150003,Lightning Charging Cable,1,1/27/2019 5:03
150004,27in FHD Monitor,1,1/27/2019 21:06
150005,Lightning Charging Cable,1,1/27/2019 20:50
150006,20in Monitor,1,1/24/2019 17:15
150007,Lightning Charging Cable,1,1/7/2019 20:17
150008,Lightning Charging Cable,1,1/30/2019 9:28
150009,Wired Headphones,1,1/27/2019 9:16
150010,27in FHD Monitor,1,1/16/2019 14:45
150011,Lightning Charging Cable,1,1/29/2019 11:39
150012,Lightning Charging Cable,1,1/24/2019 15:56
150013,27in FHD Monitor,1,1/10/2019 20:45
150014,USB-C Charging Cable,1,1/10/2019 14:25
150015,AAA Batteries (4-pack),1,1/15/2019 13:08
150016,AA Batteries (4-pack),1,1/12/2019 10:45
150017,Wired Headphones,1,1/23/2019 20:54
150018,Wired Headphones,1,1/9/2019 5:21
150019,Wired Headphones,1,1/16/2019 14:20
150020,Flatscreen TV,1,1/20/2019 11:21
150021,Bose SoundSport Headphones,1,1/22/2019 20:53
150022,Wired Headphones,1,1/20/2019 16:23
150023,AAA Batteries (4-pack),2,1/1/2019 19:11
150024,Bose SoundSport Headphones,1,1/16/2019 12:36
150025,27in 4K Gaming Monitor,1,1/16/2019 18:40
150026,ThinkPad Laptop,1,1/25/2019 14:46
150027,27in 4K Gaming Monitor,1,1/7/2019 11:20
150028,USB-C Charging Cable,1,1/21/2019 13:32
150029,27in FHD Monitor,1,1/3/2019 4:34
150029,Wired Headphones,1,1/3/2019 4:34
150030,Bose SoundSport Headphones,1,1/21/2019 17:52
150031,Apple Airpods Headphones,1,1/4/2019 10:54
150032,AAA Batteries (4-pack),1,1/5/2019 19:26
150033,Lightning Charging Cable,1,1/27/2019 18:56
150034,Google Phone,1,1/17/2019 21:54
150034,USB-C Charging Cable,2,1/17/2019 21:54
150034,Wired Headphones,1,1/17/2019 21:54
150035,Vareebadd Phone,1,1/6/2019 19:47
150036,Apple Airpods Headphones,1,1/12/2019 18:21
150037,27in FHD Monitor,1,1/29/2019 17:04
150038,20in Monitor,1,1/1/2019 12:50
150039,Apple Airpods Headphones,1,1/8/2019 8:13
150040,Bose SoundSport Headphones,1,1/3/2019 15:23
150041,Apple Airpods Headphones,1,1/4/2019 11:16
150042,Bose SoundSport Headphones,1,1/25/2019 20:34
150043,AA Batteries (4-pack),2,1/16/2019 9:54
150044,Bose SoundSport Headphones,1,1/26/2019 18:29
150045,Wired Headphones,1,1/16/2019 19:49
150046,AAA Batteries (4-pack),1,1/29/2019 12:46
150047,AA Batteries (4-pack),1,1/7/2019 9:51
150048,27in 4K Gaming Monitor,1,1/10/2019 21:56
150049,AAA Batteries (4-pack),1,1/25/2019 16:25
150050,AA Batteries (4-pack),2,1/2/2019 11:15
150051,Lightning Charging Cable,1,1/7/2019 16:23
150051,Bose SoundSport Headphones,1,1/7/2019 16:23
150052,AAA Batteries (4-pack),2,1/11/2019 12:29
150053,Flatscreen TV,1,1/2/2019 16:38
150054,AAA Batteries (4-pack),2,1/27/2019 18:31
150055,27in FHD Monitor,1,1/31/2019 22:03
150056,Wired Headphones,2,1/18/2019 23:16
150057,iPhone,1,1/26/2019 14:58
150057,Lightning Charging Cable,1,1/26/2019 14:58
150058,20in Monitor,1,1/10/2019 6:27
150059,Wired Headphones,1,1/11/2019 19:56
150060,Macbook Pro Laptop,1,1/20/2019 10:37
150061,Apple Airpods Headphones,1,1/17/2019 15:23
150062,Bose SoundSport Headphones,1,1/30/2019 17:14
150063,Macbook Pro Laptop,1,1/22/2019 2:29
150064,Apple Airpods Headphones,1,1/3/2019 15:27
150065,AA Batteries (4-pack),2,1/4/2019 9:21
150066,Wired Headphones,1,1/7/2019 12:46
150067,AAA Batteries (4-pack),1,1/8/2019 12:09
150068,AAA Batteries (4-pack),1,1/10/2019 8:55
150069,20in Monitor,1,1/18/2019 19:42
150070,Apple Airpods Headphones,1,1/5/2019 0:09
150071,USB-C Charging Cable,1,1/16/2019 6:07
150072,27in 4K Gaming Monitor,1,1/17/2019 17:29
150073,AAA Batteries (4-pack),1,1/31/2019 16:49
150074,AAA Batteries (4-pack),1,1/16/2019 10:35
150075,AA Batteries (4-pack),1,1/23/2019 16:39
150076,USB-C Charging Cable,1,1/29/2019 9:09
150077,LG Dryer,1,1/6/2019 21:27
150078,ThinkPad Laptop,1,1/19/2019 10:50
150079,Wired Headphones,1,1/30/2019 19:21
150080,Apple Airpods Headphones,1,1/8/2019 9:32
150081,Apple Airpods Headphones,1,1/16/2019 21:49
150082,ThinkPad Laptop,1,1/7/2019 7:30
150083,Wired Headphones,1,1/26/2019 15:10
150084,iPhone,1,1/18/2019 17:28
150084,Apple Airpods Headphones,1,1/18/2019 17:28
150085,AA Batteries (4-pack),1,1/21/2019 14:23
150086,Wired Headphones,1,1/27/2019 23:47
150087,Macbook Pro Laptop,1,1/1/2019 17:02
150088,34in Ultrawide Monitor,1,1/1/2019 16:35
150089,Bose SoundSport Headphones,1,1/8/2019 9:47
150090,ThinkPad Laptop,1,1/21/2019 20:29
150091,AA Batteries (4-pack),1,1/28/2019 18:17
150092,iPhone,1,1/7/2019 9:05
150093,Flatscreen TV,1,1/24/2019 9:09
150094,ThinkPad Laptop,1,1/27/2019 10:32
150095,AAA Batteries (4-pack),1,1/7/2019 1:32
150096,USB-C Charging Cable,1,1/13/2019 20:22
150097,AAA Batteries (4-pack),1,1/17/2019 20:15
150098,Apple Airpods Headphones,1,1/29/2019 7:54
150099,Lightning Charging Cable,1,1/17/2019 18:57
150100,Lightning Charging Cable,1,1/27/2019 16:18
150101,USB-C Charging Cable,1,1/28/2019 16:06
150102,Wired Headphones,1,1/4/2019 16:44
150103,AA Batteries (4-pack),2,1/6/2019 19:29
150104,USB-C Charging Cable,1,1/26/2019 15:45
150105,AAA Batteries (4-pack),1,1/5/2019 12:56
Order ID,Product,Quantity Ordered,Order Date
150106,AA Batteries (4-pack),1,1/24/2019 11:59
150107,Wired Headphones,1,1/6/2019 17:56
150108,34in Ultrawide Monitor,1,1/6/2019 13:39
150109,AA Batteries (4-pack),1,1/6/2019 16:08
150110,Apple Airpods Headphones,1,1/29/2019 17:35
150111,Wired Headphones,1,1/28/2019 21:17
150112,Lightning Charging Cable,2,1/5/2019 6:58
150113,Wired Headphones,1,1/20/2019 13:14
150114,AA Batteries (4-pack),1,1/21/2019 16:28
150115,AA Batteries (4-pack),1,1/6/2019 16:15
150116,Apple Airpods Headphones,1,1/6/2019 0:12
150117,27in FHD Monitor,1,1/6/2019 13:09
150118,AA Batteries (4-pack),1,1/7/2019 0:31
150119,AA Batteries (4-pack),1,1/18/2019 16:39
150120,Wired Headphones,1,1/30/2019 12:06
150121,AAA Batteries (4-pack),1,1/30/2019 18:50
150122,AA Batteries (4-pack),1,1/20/2019 1:14
150123,USB-C Charging Cable,1,1/23/2019 15:08
150124,Apple Airpods Headphones,1,1/8/2019 16:53
150125,20in Monitor,1,1/10/2019 13:50
150126,Lightning Charging Cable,1,1/28/2019 18:27
150127,USB-C Charging Cable,1,1/3/2019 22:56
150128,Bose SoundSport Headphones,1,1/10/2019 16:40
150129,34in Ultrawide Monitor,1,1/11/2019 8:50
150130,ThinkPad Laptop,1,1/11/2019 10:31
150131,Bose SoundSport Headphones,1,1/6/2019 16:52
150132,Wired Headphones,1,1/25/2019 20:16
150133,USB-C Charging Cable,1,1/18/2019 6:28
150134,Lightning Charging Cable,1,1/24/2019 17:00
150135,Bose SoundSport Headphones,1,1/12/2019 8:31
150136,USB-C Charging Cable,1,1/9/2019 21:46
150137,USB-C Charging Cable,1,1/12/2019 17:46
150138,Lightning Charging Cable,1,1/25/2019 13:50
150139,27in FHD Monitor,1,1/15/2019 6:55
150140,Apple Airpods Headphones,1,1/27/2019 16:17
150141,27in 4K Gaming Monitor,1,1/24/2019 17:27
150142,Macbook Pro Laptop,1,1/8/2019 8:03
150143,AA Batteries (4-pack),4,1/17/2019 12:37
150144,AA Batteries (4-pack),2,1/10/2019 12:23
150145,USB-C Charging Cable,1,1/30/2019 13:13
150146,iPhone,1,1/14/2019 9:18
150147,20in Monitor,1,1/2/2019 1:07
150148,AA Batteries (4-pack),2,1/2/2019 18:02
150149,USB-C Charging Cable,1,1/31/2019 22:24
150150,USB-C Charging Cable,2,1/21/2019 16:43
150151,Apple Airpods Headphones,1,1/23/2019 12:37
150152,Lightning Charging Cable,1,1/2/2019 22:48
150153,Lightning Charging Cable,1,1/10/2019 23:42
150154,USB-C Charging Cable,1,1/21/2019 21:56
150155,USB-C Charging Cable,1,1/27/2019 15:24
150156,Apple Airpods Headphones,1,1/11/2019 10:10
150157,USB-C Charging Cable,1,1/24/2019 1:08
150158,Apple Airpods Headphones,1,1/2/2019 15:28
150159,Wired Headphones,1,1/31/2019 12:00
150160,27in FHD Monitor,1,1/24/2019 13:44
150161,Lightning Charging Cable,1,1/22/2019 14:30
150162,ThinkPad Laptop,1,1/5/2019 20:20
150163,Lightning Charging Cable,1,1/30/2019 15:45
150164,Wired Headphones,1,1/27/2019 0:19
150165,AAA Batteries (4-pack),1,1/22/2019 21:14
150166,AA Batteries (4-pack),1,1/2/2019 5:32
150167,Lightning Charging Cable,2,1/6/2019 19:35
150168,AA Batteries (4-pack),1,1/23/2019 15:25
150169,Bose SoundSport Headphones,1,1/29/2019 16:10
150170,AA Batteries (4-pack),1,1/6/2019 9:48
150171,Lightning Charging Cable,1,1/17/2019 13:24
150172,USB-C Charging Cable,1,1/28/2019 22:55
150173,Google Phone,1,1/18/2019 9:16
150174,Apple Airpods Headphones,1,1/31/2019 17:42
150175,34in Ultrawide Monitor,1,1/1/2019 16:44
150176,AAA Batteries (4-pack),1,1/20/2019 16:40
150177,Lightning Charging Cable,1,1/29/2019 12:03
150178,34in Ultrawide Monitor,1,1/30/2019 21:17
150179,AAA Batteries (4-pack),2,1/24/2019 22:02
150180,AAA Batteries (4-pack),1,1/29/2019 20:07
150181,Google Phone,1,1/6/2019 7:09
150182,27in 4K Gaming Monitor,1,1/13/2019 3:32
150183,USB-C Charging Cable,2,1/9/2019 20:24
150184,AA Batteries (4-pack),2,1/5/2019 12:34
150185,AAA Batteries (4-pack),1,1/17/2019 11:47
150185,USB-C Charging Cable,1,1/17/2019 11:47
150186,27in 4K Gaming Monitor,1,1/8/2019 11:05
150187,USB-C Charging Cable,1,1/4/2019 11:26
150188,AAA Batteries (4-pack),1,1/31/2019 1:37
150189,Lightning Charging Cable,1,1/10/2019 19:29
150190,Bose SoundSport Headphones,1,1/14/2019 17:29
150191,AA Batteries (4-pack),1,1/31/2019 10:31
150192,Vareebadd Phone,1,1/15/2019 15:24
150193,27in 4K Gaming Monitor,1,1/14/2019 18:05
150194,Lightning Charging Cable,1,1/31/2019 22:04
150195,Apple Airpods Headphones,1,1/4/2019 2:42
150196,AA Batteries (4-pack),1,1/26/2019 9:55
150197,Macbook Pro Laptop,1,1/31/2019 12:54
150198,Bose SoundSport Headphones,1,1/5/2019 21:29
150199,27in 4K Gaming Monitor,1,1/27/2019 13:23
150200,Wired Headphones,1,1/25/2019 6:23
150201,27in 4K Gaming Monitor,1,1/13/2019 18:11
150202,Google Phone,1,1/8/2019 15:32
150202,USB-C Charging Cable,1,1/8/2019 15:32
150202,Wired Headphones,1,1/8/2019 15:32
150203,Apple Airpods Headphones,1,1/23/2019 17:48
150204,27in FHD Monitor,1,1/9/2019 19:34
150205,AAA Batteries (4-pack),1,1/30/2019 23:48
150206,Google Phone,1,1/13/2019 18:55
150207,AA Batteries (4-pack),1,1/5/2019 14:31
150208,Bose SoundSport Headphones,1,1/1/2019 15:28
150209,Lightning Charging Cable,1,1/23/2019 23:33
150209,USB-C Charging Cable,1,1/23/2019 23:33
150210,USB-C Charging Cable,1,1/29/2019 15:15
150211,27in FHD Monitor,1,1/19/2019 0:11
150212,AA Batteries (4-pack),2,1/30/2019 0:21
150213,USB-C Charging Cable,2,1/3/2019 0:40
150214,Wired Headphones,1,1/12/2019 23:53
150215,Apple Airpods Headphones,1,1/3/2019 20:42
150216,Wired Headphones,1,1/21/2019 9:20
150216,Wired Headphones,1,1/21/2019 9:20
150217,Wired Headphones,1,1/31/2019 1:37
150218,Bose SoundSport Headphones,1,1/9/2019 12:38
150219,AAA Batteries (4-pack),1,1/26/2019 18:50
150220,AAA Batteries (4-pack),1,1/9/2019 10:14
150221,Bose SoundSport Headphones,1,1/28/2019 10:26
150222,Lightning Charging Cable,1,1/11/2019 19:21
150223,Bose SoundSport Headphones,1,1/14/2019 15:47
150224,20in Monitor,1,1/28/2019 10:05
150225,Bose SoundSport Headphones,1,1/27/2019 19:39
150226,20in Monitor,1,1/2/2019 13:20
150227,Wired Headphones,1,1/26/2019 14:46
150228,34in Ultrawide Monitor,1,1/24/2019 19:31
150229,Bose SoundSport Headphones,1,1/7/2019 10:10
150230,34in Ultrawide Monitor,1,1/1/2019 18:55
150231,iPhone,1,1/29/2019 17:20
150231,Wired Headphones,1,1/29/2019 17:20
150232,iPhone,1,1/31/2019 9:04
150232,Lightning Charging Cable,1,1/31/2019 9:04
150233,Lightning Charging Cable,1,1/29/2019 9:10
150234,Apple Airpods Headphones,1,1/24/2019 19:19
150235,AAA Batteries (4-pack),1,1/7/2019 19:33
150236,Lightning Charging Cable,1,1/1/2019 13:21
150237,Lightning Charging Cable,1,1/20/2019 12:11
150238,27in FHD Monitor,1,1/13/2019 11:03
150239,USB-C Charging Cable,1,1/18/2019 20:01
150240,Bose SoundSport Headphones,1,1/13/2019 8:22
150241,iPhone,1,1/20/2019 7:09
150242,AAA Batteries (4-pack),2,1/19/2019 9:39
150243,USB-C Charging Cable,1,1/8/2019 11:05
150244,AAA Batteries (4-pack),1,1/23/2019 18:20
150245,Google Phone,1,1/20/2019 18:29
150246,USB-C Charging Cable,1,1/4/2019 13:35
150247,27in FHD Monitor,1,1/22/2019 12:41
150248,Bose SoundSport Headphones,1,1/11/2019 20:06
150249,iPhone,1,1/29/2019 15:29
150250,20in Monitor,1,1/16/2019 13:51
150251,34in Ultrawide Monitor,1,1/11/2019 23:39
150252,34in Ultrawide Monitor,1,1/31/2019 14:50
150253,Bose SoundSport Headphones,1,1/3/2019 21:16
150254,Lightning Charging Cable,1,1/29/2019 11:08
150255,Bose SoundSport Headphones,1,1/9/2019 22:10
150256,ThinkPad Laptop,1,1/15/2019 9:41
150257,27in 4K Gaming Monitor,1,1/14/2019 18:59
150258,20in Monitor,1,1/24/2019 13:35
150259,Wired Headphones,1,1/24/2019 19:38
150260,iPhone,1,1/24/2019 20:49
150261,Google Phone,1,1/14/2019 19:42
150262,Wired Headphones,1,1/31/2019 8:48
150263,Flatscreen TV,1,1/18/2019 17:16
150264,27in 4K Gaming Monitor,1,1/26/2019 17:43
150265,AAA Batteries (4-pack),1,1/26/2019 7:01
150266,AA Batteries (4-pack),1,1/20/2019 20:30
150267,AAA Batteries (4-pack),1,1/20/2019 9:27
150268,Wired Headphones,1,1/3/2019 13:49
150269,USB-C Charging Cable,1,1/31/2019 18:18
150270,AA Batteries (4-pack),1,1/21/2019 21:39
150271,Apple Airpods Headphones,1,1/29/2019 17:55
150272,Lightning Charging Cable,1,1/13/2019 15:56
150273,AA Batteries (4-pack),2,1/5/2019 18:15
150274,27in 4K Gaming Monitor,1,1/26/2019 18:49
150275,34in Ultrawide Monitor,1,1/9/2019 21:01
150276,34in Ultrawide Monitor,1,1/7/2019 12:33
150277,Lightning Charging Cable,1,1/20/2019 17:20
150278,Google Phone,1,1/6/2019 12:02
150279,AA Batteries (4-pack),3,1/5/2019 15:57
150280,ThinkPad Laptop,1,1/20/2019 8:09
150281,AA Batteries (4-pack),1,1/9/2019 4:17
150282,Lightning Charging Cable,1,1/23/2019 17:11
150283,Lightning Charging Cable,1,1/21/2019 9:03
150284,AAA Batteries (4-pack),1,1/3/2019 8:21
150285,Apple Airpods Headphones,1,1/30/2019 14:35
150286,Macbook Pro Laptop,1,1/22/2019 19:24
150287,iPhone,1,1/7/2019 16:18
150287,Lightning Charging Cable,1,1/7/2019 16:18
150288,Vareebadd Phone,1,1/11/2019 13:09
150289,AA Batteries (4-pack),1,1/7/2019 6:52
150290,Wired Headphones,1,1/26/2019 21:29
150291,Bose SoundSport Headphones,1,1/10/2019 21:27
150292,Macbook Pro Laptop,1,1/31/2019 21:22
150293,Wired Headphones,1,1/18/2019 19:43
150294,27in FHD Monitor,1,1/31/2019 4:18
150295,27in FHD Monitor,1,1/14/2019 17:32
150296,Flatscreen TV,1,1/4/2019 12:22
150297,USB-C Charging Cable,1,1/31/2019 13:09
150298,USB-C Charging Cable,1,1/30/2019 17:55
150299,AA Batteries (4-pack),3,1/25/2019 14:44
150300,AA Batteries (4-pack),1,1/21/2019 9:25
150301,27in FHD Monitor,1,1/6/2019 21:52
150302,AAA Batteries (4-pack),1,1/26/2019 22:42
150303,iPhone,1,1/15/2019 18:33
150303,Lightning Charging Cable,1,1/15/2019 18:33
150304,27in FHD Monitor,1,1/17/2019 4:02
150305,Bose SoundSport Headphones,1,1/10/2019 23:34
150306,Apple Airpods Headphones,1,1/26/2019 16:35
150307,USB-C Charging Cable,1,1/24/2019 18:40
150308,AA Batteries (4-pack),2,1/19/2019 16:05
150309,Bose SoundSport Headphones,1,1/31/2019 11:55
150310,Lightning Charging Cable,1,1/29/2019 19:16
150311,Flatscreen TV,1,1/1/2019 14:25
150312,34in Ultrawide Monitor,1,1/23/2019 10:01
150313,Flatscreen TV,1,1/25/2019 20:15
150314,Macbook Pro Laptop,1,1/27/2019 9:52
150315,Bose SoundSport Headphones,1,1/16/2019 12:22
150316,AA Batteries (4-pack),2,1/16/2019 16:57
150317,27in 4K Gaming Monitor,1,1/31/2019 22:27
150318,AAA Batteries (4-pack),1,1/10/2019 20:03
150319,Google Phone,1,1/2/2019 9:16
150320,Wired Headphones,1,1/23/2019 13:25
150321,iPhone,1,1/13/2019 21:24
150322,Lightning Charging Cable,1,1/23/2019 16:58
150323,Google Phone,1,1/15/2019 23:31
150323,USB-C Charging Cable,1,1/15/2019 23:31
150323,Apple Airpods Headphones,1,1/15/2019 23:31
150324,Apple Airpods Headphones,1,1/2/2019 21:19
150325,Macbook Pro Laptop,1,1/29/2019 12:50
150326,Apple Airpods Headphones,1,1/3/2019 13:49
150327,AA Batteries (4-pack),1,1/31/2019 8:42
150328,34in Ultrawide Monitor,1,1/10/2019 21:24
150329,USB-C Charging Cable,1,1/30/2019 19:29
150330,AAA Batteries (4-pack),1,1/15/2019 10:05
150331,Bose SoundSport Headphones,1,1/15/2019 20:57
150332,Lightning Charging Cable,2,1/31/2019 13:21
150333,Lightning Charging Cable,1,1/20/2019 19:27
150334,Lightning Charging Cable,1,1/6/2019 19:52
150335,iPhone,1,1/1/2019 14:32
150335,Apple Airpods Headphones,1,1/1/2019 14:32
150336,USB-C Charging Cable,1,1/19/2019 14:08
150337,Wired Headphones,1,1/20/2019 18:39
150338,Flatscreen TV,1,1/4/2019 5:19
150339,AA Batteries (4-pack),2,1/13/2019 23:38
150340,Lightning Charging Cable,1,1/19/2019 17:48
150341,Apple Airpods Headphones,1,1/26/2019 11:00
150342,Lightning Charging Cable,1,1/14/2019 19:23
150343,ThinkPad Laptop,1,1/29/2019 14:24
150344,Apple Airpods Headphones,1,1/27/2019 21:55
150345,Bose SoundSport Headphones,1,1/21/2019 23:40
150346,Lightning Charging Cable,2,1/16/2019 19:41
150347,27in FHD Monitor,1,1/31/2019 10:06
150348,AAA Batteries (4-pack),1,1/3/2019 13:33
150349,iPhone,1,1/21/2019 22:21
150350,AAA Batteries (4-pack),1,1/13/2019 17:45
150351,AAA Batteries (4-pack),1,1/26/2019 22:22
150352,AAA Batteries (4-pack),2,1/29/2019 15:35
150353,Flatscreen TV,1,1/22/2019 11:31
150354,Apple Airpods Headphones,1,1/30/2019 12:55
150355,USB-C Charging Cable,1,1/28/2019 21:57
150356,Lightning Charging Cable,1,1/3/2019 9:03
150357,Bose SoundSport Headphones,1,1/18/2019 10:12
150358,LG Washing Machine,1,1/22/2019 13:18
150359,Macbook Pro Laptop,1,1/13/2019 22:28
150360,AAA Batteries (4-pack),1,1/13/2019 23:59
150361,iPhone,1,1/30/2019 6:41
150362,Apple Airpods Headphones,1,1/31/2019 7:18
150363,AAA Batteries (4-pack),1,1/5/2019 17:34
150364,Apple Airpods Headphones,1,1/6/2019 22:32
150365,Apple Airpods Headphones,1,1/16/2019 12:35
150366,AA Batteries (4-pack),1,1/19/2019 12:26
150367,Lightning Charging Cable,1,1/1/2019 8:25
150368,Google Phone,1,1/24/2019 22:32
150369,Wired Headphones,1,1/25/2019 1:14
150370,iPhone,1,1/21/2019 21:34
150371,34in Ultrawide Monitor,1,1/5/2019 19:12
150372,AAA Batteries (4-pack),3,1/14/2019 10:24
150373,AAA Batteries (4-pack),1,1/29/2019 20:44
150374,Lightning Charging Cable,1,1/31/2019 13:48
150375,AAA Batteries (4-pack),1,1/11/2019 11:03
150376,AA Batteries (4-pack),1,1/29/2019 22:23
150377,AA Batteries (4-pack),1,1/19/2019 15:15
150378,Google Phone,1,1/17/2019 10:20
150379,Wired Headphones,1,1/27/2019 11:25
150380,USB-C Charging Cable,2,1/19/2019 11:00
150381,Wired Headphones,1,1/22/2019 10:04
150382,Lightning Charging Cable,1,1/8/2019 12:58
150383,Bose SoundSport Headphones,1,1/30/2019 10:54
150384,AAA Batteries (4-pack),1,1/23/2019 20:12
150385,Google Phone,1,1/7/2019 21:10
150386,Apple Airpods Headphones,1,1/19/2019 16:56
150387,Lightning Charging Cable,1,1/5/2019 19:41
150388,Bose SoundSport Headphones,1,1/31/2019 12:08
150389,USB-C Charging Cable,1,1/28/2019 17:54
150390,Vareebadd Phone,1,1/15/2019 17:45
150391,USB-C Charging Cable,1,1/23/2019 19:17
150392,USB-C Charging Cable,1,1/5/2019 9:55
150393,Lightning Charging Cable,1,1/1/2019 9:37
150394,AAA Batteries (4-pack),1,1/1/2019 9:08
150395,AAA Batteries (4-pack),1,1/29/2019 21:12
150396,Apple Airpods Headphones,1,1/17/2019 13:00
150397,AAA Batteries (4-pack),1,1/16/2019 12:48
150398,Wired Headphones,1,1/9/2019 8:37
150399,Bose SoundSport Headphones,1,1/25/2019 23:16
150400,USB-C Charging Cable,1,1/27/2019 11:00
150401,AAA Batteries (4-pack),1,1/30/2019 19:44
150402,AAA Batteries (4-pack),1,1/26/2019 10:33
150403,Apple Airpods Headphones,1,1/30/2019 9:48
150404,Vareebadd Phone,1,1/15/2019 22:46
150405,Bose SoundSport Headphones,1,1/11/2019 22:40
150406,ThinkPad Laptop,1,1/20/2019 6:55
150407,Lightning Charging Cable,1,1/20/2019 7:25
150408,AAA Batteries (4-pack),1,1/23/2019 12:28
150409,Vareebadd Phone,1,1/10/2019 2:38
150410,Lightning Charging Cable,1,1/12/2019 9:41
150411,Bose SoundSport Headphones,1,1/20/2019 17:26
150412,27in FHD Monitor,1,1/21/2019 10:17
,,,
150413,Apple Airpods Headphones,1,1/17/2019 13:33
150414,Wired Headphones,1,1/5/2019 14:03
150415,34in Ultrawide Monitor,1,1/28/2019 10:38
150416,USB-C Charging Cable,1,1/5/2019 20:36
150417,Wired Headphones,3,1/23/2019 22:08
150418,Apple Airpods Headphones,1,1/31/2019 19:13
150419,Bose SoundSport Headphones,1,1/13/2019 13:47
150420,AAA Batteries (4-pack),1,1/22/2019 9:56
150421,Flatscreen TV,1,1/31/2019 20:06
150422,iPhone,1,1/21/2019 16:31
150423,AA Batteries (4-pack),1,1/29/2019 0:52
150424,Wired Headphones,1,1/28/2019 9:48
150425,ThinkPad Laptop,1,1/31/2019 19:42
150426,LG Washing Machine,1,1/29/2019 19:31
150427,AAA Batteries (4-pack),2,1/28/2019 12:16
150428,27in 4K Gaming Monitor,1,1/22/2019 15:30
150429,Macbook Pro Laptop,1,1/15/2019 19:54
150430,34in Ultrawide Monitor,1,1/21/2019 12:17
150431,USB-C Charging Cable,1,1/24/2019 2:24
150432,AA Batteries (4-pack),1,1/18/2019 18:19
150433,Flatscreen TV,1,1/18/2019 22:27
150433,Google Phone,1,1/18/2019 22:27
150434,USB-C Charging Cable,1,1/30/2019 15:41
150435,AAA Batteries (4-pack),1,1/22/2019 15:23
150436,AAA Batteries (4-pack),1,1/3/2019 22:18
150437,AAA Batteries (4-pack),1,1/24/2019 17:59
150438,USB-C Charging Cable,1,1/19/2019 18:40
150439,Wired Headphones,3,1/27/2019 20:08
150440,AAA Batteries (4-pack),1,1/10/2019 19:19
150441,Bose SoundSport Headphones,1,1/10/2019 16:33
150442,Wired Headphones,1,1/11/2019 11:47
150443,Bose SoundSport Headphones,1,1/4/2019 20:32
,,,
150444,AAA Batteries (4-pack),1,1/17/2019 20:39
150445,USB-C Charging Cable,1,1/11/2019 13:56
150446,USB-C Charging Cable,1,1/16/2019 22:36
150447,Wired Headphones,1,1/9/2019 18:13
150448,Wired Headphones,1,1/21/2019 11:11
150449,34in Ultrawide Monitor,1,1/26/2019 20:05
150450,Lightning Charging Cable,1,1/17/2019 20:27
150451,AAA Batteries (4-pack),2,1/16/2019 21:40
150452,USB-C Charging Cable,1,1/27/2019 9:09
150453,AAA Batteries (4-pack),1,1/10/2019 22:07
150454,USB-C Charging Cable,1,1/11/2019 15:42
150455,27in 4K Gaming Monitor,1,1/18/2019 13:29
150456,Lightning Charging Cable,1,1/30/2019 23:54
150457,Wired Headphones,1,1/13/2019 10:23
150458,27in 4K Gaming Monitor,1,1/25/2019 10:01
150459,Google Phone,1,1/22/2019 19:58
150460,34in Ultrawide Monitor,1,1/6/2019 0:46
150461,Google Phone,1,1/4/2019 19:45
150462,Bose SoundSport Headphones,1,1/2/2019 10:32
150463,20in Monitor,1,1/14/2019 20:02
150464,AA Batteries (4-pack),1,1/5/2019 11:24
150465,AA Batteries (4-pack),1,1/10/2019 22:31
150466,27in FHD Monitor,1,1/15/2019 14:26
150467,Wired Headphones,1,1/5/2019 15:48
150468,Apple Airpods Headphones,1,1/28/2019 2:44
150469,Apple Airpods Headphones,1,1/12/2019 12:44
150470,AAA Batteries (4-pack),1,1/12/2019 15:27
150471,Wired Headphones,1,1/12/2019 8:30
150472,Apple Airpods Headphones,1,1/7/2019 22:30
150473,Wired Headphones,1,1/10/2019 9:09
150474,Bose SoundSport Headphones,1,1/19/2019 18:23
150475,Wired Headphones,1,1/18/2019 11:08
150476,AAA Batteries (4-pack),2,1/21/2019 8:53
150477,27in 4K Gaming Monitor,1,1/26/2019 5:41
150478,ThinkPad Laptop,1,1/30/2019 20:05
150479,AA Batteries (4-pack),4,1/15/2019 2:06
150480,Macbook Pro Laptop,1,1/27/2019 16:00
150481,Flatscreen TV,1,1/15/2019 20:22
150482,USB-C Charging Cable,1,1/24/2019 11:15
150483,Vareebadd Phone,1,1/25/2019 10:48
150484,Lightning Charging Cable,1,1/26/2019 22:04
150485,Wired Headphones,1,1/29/2019 16:32
150486,iPhone,1,1/26/2019 15:52
150487,Apple Airpods Headphones,1,1/18/2019 2:57
150488,Flatscreen TV,1,1/22/2019 20:41
150489,AA Batteries (4-pack),2,1/8/2019 9:49
150490,Lightning Charging Cable,1,1/3/2019 17:20
150491,Lightning Charging Cable,1,1/26/2019 2:26
150492,Wired Headphones,1,1/3/2019 21:54
150493,Lightning Charging Cable,1,1/8/2019 15:10
150494,AAA Batteries (4-pack),1,1/5/2019 21:27
150495,Bose SoundSport Headphones,1,1/15/2019 9:33
150496,Bose SoundSport Headphones,1,1/28/2019 20:32
150497,20in Monitor,1,1/26/2019 19:09
150498,27in FHD Monitor,1,1/10/2019 22:58
150499,ThinkPad Laptop,1,1/21/2019 14:31
150500,AAA Batteries (4-pack),2,1/15/2019 14:21
150501,Google Phone,1,1/13/2019 16:43
